{"type": "FeatureCollection", "features": [{"type": "Feature", "geometry": {"type": "Polygon", "coordinates": [[[100.5279, 13.7743], [100.528, 13.7742], [100.5284, 13.774], [100.5287, 13.7738], [100.5288, 13.7737], [100.5291, 13.7735], [100.5294, 13.7732], [100.53, 13.7728], [100.5303, 13.7727], [100.5304, 13.7726], [100.5304, 13.7726], [100.5305, 13.7725], [100.5307, 13.7723], [100.531, 13.7721], [100.5313, 13.7719], [100.5315, 13.7717], [100.5317, 13.7716], [100.5323, 13.7712], [100.5324, 13.7711], [100.5325, 13.7711], [100.5327, 13.7709], [100.533, 13.7707], [100.5333, 13.7705], [100.5334, 13.7704], [100.5334, 13.7704], [100.5334, 13.7703], [100.5335, 13.7703], [100.5335, 13.7702], [100.5336, 13.7701], [100.5339, 13.77], [100.5341, 13.7699], [100.5342, 13.7698], [100.5343, 13.7697], [100.5347, 13.7693], [100.535, 13.769], [100.5355, 13.7686], [100.5358, 13.7684], [100.5362, 13.7683], [100.5363, 13.7682], [100.5363, 13.7682], [100.5365, 13.768], [100.5365, 13.7679], [100.5367, 13.7677], [100.5367, 13.7677], [100.5369, 13.7676], [100.537, 13.7676], [100.5371, 13.7675], [100.5371, 13.7675], [100.5372, 13.7674], [100.5374, 13.7672], [100.5375, 13.767], [100.5375, 13.767], [100.5376, 13.767], [100.5377, 13.7669], [100.538, 13.7668], [100.5381, 13.7666], [100.5384, 13.7665], [100.5386, 13.7663], [100.5389, 13.7661], [100.5393, 13.7658], [100.5396, 13.7656], [100.5397, 13.7655], [100.5398, 13.7655], [100.54, 13.7654], [100.5406, 13.7651], [100.541, 13.7647], [100.5414, 13.7641], [100.5415, 13.764], [100.5423, 13.7637], [100.5424, 13.7637], [100.5425, 13.7636], [100.5425, 13.7636], [100.5426, 13.7635], [100.5426, 13.7635], [100.5428, 13.7633], [100.5428, 13.7633], [100.5429, 13.7632], [100.5429, 13.7631], [100.5429, 13.7631], [100.5429, 13.763], [100.543, 13.763], [100.543, 13.763], [100.543, 13.7629], [100.5432, 13.7628], [100.5432, 13.7628], [100.5433, 13.7628], [100.5434, 13.7627], [100.5435, 13.7627], [100.5441, 13.7629], [100.5447, 13.763], [100.5458, 13.7634], [100.5469, 13.7637], [100.5486, 13.7639], [100.5487, 13.7642], [100.5491, 13.7648], [100.5493, 13.7653], [100.5495, 13.7658], [100.5497, 13.7661], [100.55, 13.7664], [100.5502, 13.7668], [100.5504, 13.7674], [100.5508, 13.768], [100.551, 13.7684], [100.5512, 13.7688], [100.5515, 13.7694], [100.5518, 13.77], [100.5521, 13.7704], [100.5523, 13.7709], [100.5526, 13.7714], [100.5529, 13.7719], [100.5534, 13.7727], [100.5538, 13.7733], [100.5541, 13.7739], [100.5545, 13.7746], [100.5548, 13.7751], [100.5551, 13.7757], [100.5553, 13.7761], [100.5557, 13.7768], [100.5559, 13.7773], [100.5562, 13.7778], [100.5564, 13.7781], [100.5566, 13.7786], [100.557, 13.7792], [100.5572, 13.7796], [100.5574, 13.78], [100.5576, 13.7804], [100.5578, 13.7808], [100.5581, 13.7813], [100.5584, 13.7818], [100.5588, 13.7825], [100.5592, 13.7832], [100.5594, 13.7837], [100.5597, 13.7842], [100.5601, 13.7848], [100.5602, 13.785], [100.5603, 13.7852], [100.5604, 13.7855], [100.5609, 13.7864], [100.5612, 13.7869], [100.5615, 13.7875], [100.5616, 13.7878], [100.5616, 13.7879], [100.5617, 13.7881], [100.5617, 13.7881], [100.5617, 13.7882], [100.5619, 13.7887], [100.562, 13.7892], [100.562, 13.7897], [100.5621, 13.7901], [100.5621, 13.7905], [100.562, 13.7909], [100.562, 13.7913], [100.5619, 13.7919], [100.5619, 13.7925], [100.5619, 13.7927], [100.5618, 13.7932], [100.5618, 13.7934], [100.5617, 13.794], [100.5617, 13.7945], [100.5616, 13.795], [100.5615, 13.795], [100.5614, 13.795], [100.561, 13.7951], [100.5609, 13.7951], [100.5607, 13.7951], [100.5604, 13.7951], [100.56, 13.7951], [100.5598, 13.7951], [100.5597, 13.7952], [100.5596, 13.7952], [100.5595, 13.7952], [100.5593, 13.7953], [100.5592, 13.7953], [100.5591, 13.7953], [100.559, 13.7954], [100.5589, 13.7954], [100.5588, 13.7954], [100.5588, 13.7953], [100.5587, 13.7953], [100.5585, 13.7954], [100.5583, 13.7954], [100.5582, 13.7954], [100.5581, 13.7954], [100.5579, 13.7954], [100.5577, 13.7953], [100.5576, 13.7953], [100.5575, 13.7953], [100.5571, 13.7953], [100.5568, 13.7954], [100.5566, 13.7954], [100.5564, 13.7955], [100.5562, 13.7955], [100.5559, 13.7956], [100.5558, 13.7956], [100.5557, 13.7956], [100.5556, 13.7956], [100.5554, 13.7955], [100.5554, 13.7955], [100.5553, 13.7955], [100.5552, 13.7955], [100.555, 13.7956], [100.5548, 13.7957], [100.5548, 13.7957], [100.5547, 13.7957], [100.5543, 13.7956], [100.5542, 13.7957], [100.5541, 13.7957], [100.554, 13.7957], [100.5538, 13.7958], [100.5537, 13.7958], [100.5537, 13.7959], [100.5536, 13.7959], [100.5535, 13.7959], [100.5533, 13.7959], [100.5532, 13.7959], [100.5529, 13.7959], [100.5525, 13.7959], [100.5524, 13.796], [100.552, 13.796], [100.5518, 13.796], [100.5516, 13.796], [100.5515, 13.7961], [100.5514, 13.7961], [100.5513, 13.7961], [100.5512, 13.7961], [100.5512, 13.7961], [100.551, 13.7961], [100.5509, 13.7961], [100.5509, 13.796], [100.5508, 13.7961], [100.5507, 13.7961], [100.5506, 13.7961], [100.5504, 13.7962], [100.5503, 13.7962], [100.5502, 13.7962], [100.5501, 13.7962], [100.5501, 13.7962], [100.55, 13.7963], [100.5499, 13.7963], [100.5498, 13.7963], [100.5498, 13.7964], [100.5498, 13.7964], [100.5497, 13.7964], [100.5496, 13.7964], [100.5494, 13.7965], [100.5493, 13.7965], [100.5487, 13.7966], [100.5476, 13.7967], [100.5474, 13.7967], [100.547, 13.7967], [100.5464, 13.7968], [100.5461, 13.7968], [100.5459, 13.7969], [100.5455, 13.7969], [100.5452, 13.7969], [100.5451, 13.7969], [100.5449, 13.797], [100.5448, 13.797], [100.5446, 13.797], [100.5445, 13.797], [100.5443, 13.797], [100.5441, 13.7971], [100.5438, 13.7971], [100.5431, 13.7972], [100.5429, 13.7972], [100.5427, 13.7972], [100.5422, 13.7973], [100.5421, 13.7973], [100.5418, 13.7973], [100.5415, 13.7974], [100.5412, 13.7974], [100.5407, 13.7975], [100.5401, 13.7975], [100.5395, 13.7976], [100.5389, 13.7977], [100.5386, 13.7977], [100.5382, 13.7977], [100.538, 13.7978], [100.5379, 13.7978], [100.5377, 13.7978], [100.5375, 13.7979], [100.5375, 13.7979], [100.5374, 13.7979], [100.5374, 13.7979], [100.5373, 13.7979], [100.5371, 13.7972], [100.5369, 13.7966], [100.5365, 13.7956], [100.5362, 13.7948], [100.536, 13.7942], [100.5357, 13.7935], [100.5354, 13.7928], [100.5351, 13.7922], [100.5349, 13.7915], [100.5346, 13.7908], [100.5344, 13.7903], [100.5341, 13.7897], [100.5338, 13.7889], [100.5334, 13.7879], [100.5331, 13.7872], [100.5328, 13.7866], [100.5325, 13.7858], [100.5324, 13.7854], [100.5323, 13.7852], [100.532, 13.7846], [100.5314, 13.7829], [100.5306, 13.781], [100.5295, 13.7784], [100.528, 13.7747], [100.5279, 13.7743]]]}, "properties": {"DISTRICT_N": "พญาไท", "CODE": 1014, "AREA_BMA": 9.59500027}}, {"type": "Feature", "geometry": {"type": "Polygon", "coordinates": [[[100.5369, 13.7294], [100.5367, 13.7295], [100.5366, 13.7295], [100.5358, 13.7299], [100.535, 13.7302], [100.5344, 13.7304], [100.5339, 13.7307], [100.5339, 13.7307], [100.5336, 13.7308], [100.5329, 13.7311], [100.5322, 13.7314], [100.5314, 13.7317], [100.5308, 13.7319], [100.5299, 13.7323], [100.5293, 13.7326], [100.529, 13.7327], [100.5287, 13.7328], [100.5277, 13.7332], [100.5271, 13.7335], [100.5266, 13.7337], [100.5259, 13.734], [100.5251, 13.7343], [100.5241, 13.7347], [100.5231, 13.7351], [100.5222, 13.7355], [100.5216, 13.7357], [100.5216, 13.7357], [100.5211, 13.7359], [100.5204, 13.7362], [100.5196, 13.7365], [100.5191, 13.7367], [100.5189, 13.7368], [100.5177, 13.7373], [100.5166, 13.7378], [100.5157, 13.7381], [100.5157, 13.7379], [100.5158, 13.737], [100.5158, 13.7368], [100.5159, 13.7365], [100.5159, 13.7358], [100.5159, 13.7351], [100.5159, 13.7346], [100.5158, 13.7339], [100.5157, 13.7331], [100.5155, 13.7325], [100.5154, 13.7322], [100.5153, 13.7321], [100.5152, 13.7316], [100.5149, 13.7313], [100.5145, 13.7308], [100.5139, 13.7302], [100.5136, 13.7299], [100.5123, 13.7289], [100.5127, 13.7268], [100.5128, 13.7249], [100.5127, 13.7226], [100.5122, 13.7198], [100.5121, 13.7194], [100.5137, 13.719], [100.5145, 13.7188], [100.515, 13.7186], [100.5151, 13.7186], [100.5154, 13.7185], [100.5162, 13.7183], [100.5168, 13.7181], [100.5169, 13.7181], [100.517, 13.7181], [100.5172, 13.7181], [100.5173, 13.7181], [100.5175, 13.7182], [100.5177, 13.7182], [100.5182, 13.7184], [100.5186, 13.7185], [100.5189, 13.7186], [100.5195, 13.7187], [100.5199, 13.7188], [100.5202, 13.7189], [100.5206, 13.7191], [100.5209, 13.7191], [100.5213, 13.7193], [100.5216, 13.7193], [100.5224, 13.7196], [100.5227, 13.7197], [100.5231, 13.7198], [100.5235, 13.7199], [100.5242, 13.7201], [100.5247, 13.7203], [100.5254, 13.7205], [100.5256, 13.7205], [100.526, 13.7206], [100.5265, 13.7208], [100.527, 13.7209], [100.5271, 13.7209], [100.5277, 13.7211], [100.528, 13.7212], [100.5283, 13.7213], [100.5291, 13.7215], [100.5296, 13.7217], [100.5303, 13.7219], [100.5303, 13.7219], [100.5309, 13.7221], [100.5315, 13.7223], [100.5322, 13.7224], [100.5328, 13.7226], [100.5334, 13.7228], [100.534, 13.723], [100.5344, 13.7231], [100.5354, 13.7234], [100.5367, 13.7238], [100.5377, 13.724], [100.5385, 13.7243], [100.5389, 13.7244], [100.5395, 13.7246], [100.5401, 13.7247], [100.5406, 13.7249], [100.5415, 13.7252], [100.5424, 13.7254], [100.5431, 13.7257], [100.5433, 13.7257], [100.5437, 13.7258], [100.5445, 13.7261], [100.5448, 13.7262], [100.5444, 13.7263], [100.543, 13.7269], [100.5419, 13.7273], [100.5406, 13.7279], [100.5394, 13.7284], [100.5386, 13.7287], [100.5376, 13.7291], [100.5369, 13.7294]]]}, "properties": {"DISTRICT_N": "บางรัก", "CODE": 1004, "AREA_BMA": 5.53599977}}, {"type": "Feature", "geometry": {"type": "Polygon", "coordinates": [[[100.4567, 13.7757], [100.4566, 13.7757], [100.4566, 13.7756], [100.4565, 13.7756], [100.4564, 13.7753], [100.4562, 13.7751], [100.4561, 13.7749], [100.456, 13.7746], [100.4557, 13.7742], [100.4554, 13.7737], [100.455, 13.7731], [100.4548, 13.7727], [100.4547, 13.7726], [100.4547, 13.7724], [100.4546, 13.7721], [100.4546, 13.772], [100.4545, 13.7717], [100.4545, 13.7717], [100.4544, 13.7716], [100.4544, 13.7715], [100.4543, 13.7712], [100.4543, 13.7711], [100.4543, 13.771], [100.4543, 13.7709], [100.4543, 13.7708], [100.4543, 13.7703], [100.4542, 13.7703], [100.4541, 13.7702], [100.454, 13.7701], [100.4539, 13.7698], [100.454, 13.7696], [100.454, 13.7695], [100.454, 13.7694], [100.4539, 13.7693], [100.4539, 13.7692], [100.4539, 13.7691], [100.4539, 13.7691], [100.4537, 13.7689], [100.4537, 13.7685], [100.4537, 13.7683], [100.4536, 13.768], [100.4536, 13.7678], [100.4535, 13.7672], [100.4535, 13.767], [100.4535, 13.7668], [100.4535, 13.7665], [100.4536, 13.7662], [100.4536, 13.7658], [100.4537, 13.7651], [100.4538, 13.7646], [100.4538, 13.7645], [100.4538, 13.7644], [100.4538, 13.7642], [100.4539, 13.7637], [100.454, 13.7633], [100.4541, 13.7631], [100.4542, 13.7629], [100.4543, 13.7627], [100.4545, 13.7625], [100.4547, 13.7622], [100.455, 13.7619], [100.4552, 13.7617], [100.4554, 13.7615], [100.4556, 13.7614], [100.4561, 13.7609], [100.4569, 13.76], [100.457, 13.7598], [100.4573, 13.7596], [100.4575, 13.7593], [100.4578, 13.7588], [100.458, 13.7585], [100.4584, 13.7578], [100.4586, 13.7575], [100.4589, 13.757], [100.4592, 13.7565], [100.4595, 13.756], [100.4596, 13.7559], [100.4599, 13.7554], [100.4601, 13.7549], [100.4602, 13.7548], [100.4603, 13.7545], [100.4606, 13.754], [100.4608, 13.7536], [100.4611, 13.7532], [100.4614, 13.7527], [100.4615, 13.7526], [100.4616, 13.7523], [100.4617, 13.7521], [100.4618, 13.7518], [100.462, 13.7513], [100.4621, 13.7507], [100.4622, 13.7504], [100.4622, 13.7503], [100.4624, 13.7495], [100.4624, 13.7493], [100.4624, 13.749], [100.4624, 13.7486], [100.4624, 13.7483], [100.4623, 13.7477], [100.4623, 13.7472], [100.4622, 13.7466], [100.4622, 13.7461], [100.4622, 13.7457], [100.4622, 13.7449], [100.4622, 13.7445], [100.4622, 13.7443], [100.4625, 13.7443], [100.4628, 13.7442], [100.4632, 13.7441], [100.4635, 13.7439], [100.4637, 13.7437], [100.464, 13.7435], [100.4643, 13.7433], [100.4646, 13.7433], [100.4653, 13.7433], [100.4656, 13.7433], [100.4658, 13.7432], [100.466, 13.7431], [100.4664, 13.743], [100.4669, 13.7429], [100.4677, 13.743], [100.4684, 13.743], [100.4692, 13.743], [100.4698, 13.7431], [100.4705, 13.7431], [100.4706, 13.7431], [100.4713, 13.7432], [100.4717, 13.7433], [100.4725, 13.7434], [100.4732, 13.7436], [100.4737, 13.7436], [100.4742, 13.7437], [100.4745, 13.7439], [100.4747, 13.744], [100.4751, 13.7442], [100.4752, 13.7444], [100.4753, 13.7445], [100.4754, 13.7446], [100.4755, 13.7446], [100.4758, 13.7445], [100.4762, 13.7443], [100.4768, 13.7441], [100.477, 13.744], [100.4771, 13.7441], [100.4772, 13.7444], [100.4773, 13.7446], [100.4776, 13.7453], [100.4778, 13.7456], [100.4779, 13.746], [100.478, 13.7462], [100.4781, 13.7463], [100.4783, 13.7463], [100.4785, 13.7462], [100.4788, 13.7461], [100.4792, 13.7459], [100.4796, 13.7459], [100.4807, 13.7459], [100.4817, 13.746], [100.4824, 13.7461], [100.4829, 13.7462], [100.4833, 13.7464], [100.484, 13.7467], [100.4843, 13.7468], [100.4848, 13.747], [100.4852, 13.7471], [100.4856, 13.7473], [100.4864, 13.7475], [100.4872, 13.7478], [100.4882, 13.7482], [100.4881, 13.7484], [100.4878, 13.75], [100.4876, 13.7508], [100.4875, 13.7523], [100.4877, 13.7556], [100.488, 13.7567], [100.4882, 13.7577], [100.4886, 13.7587], [100.4892, 13.7598], [100.4896, 13.7603], [100.4904, 13.7615], [100.4909, 13.7619], [100.491, 13.762], [100.4904, 13.7628], [100.4903, 13.7629], [100.4902, 13.763], [100.49, 13.7633], [100.4899, 13.7634], [100.4899, 13.7635], [100.49, 13.7635], [100.49, 13.7636], [100.49, 13.7637], [100.4895, 13.7643], [100.489, 13.765], [100.4884, 13.7658], [100.4877, 13.7666], [100.4872, 13.7673], [100.4868, 13.7678], [100.4865, 13.7683], [100.4855, 13.7692], [100.4853, 13.7695], [100.4847, 13.7703], [100.4843, 13.7708], [100.4837, 13.7716], [100.4832, 13.7721], [100.4826, 13.7728], [100.4821, 13.7733], [100.482, 13.7735], [100.4817, 13.7738], [100.4814, 13.7742], [100.4807, 13.775], [100.4804, 13.7753], [100.4799, 13.7758], [100.4795, 13.7762], [100.4792, 13.7765], [100.4792, 13.7765], [100.4789, 13.7769], [100.4785, 13.7773], [100.4782, 13.7775], [100.4775, 13.7782], [100.4771, 13.7787], [100.4767, 13.7792], [100.4763, 13.7796], [100.4759, 13.78], [100.4754, 13.7805], [100.4754, 13.7806], [100.4751, 13.7809], [100.4749, 13.7811], [100.4746, 13.7814], [100.4746, 13.7814], [100.4744, 13.7817], [100.4741, 13.782], [100.4739, 13.7822], [100.4738, 13.7823], [100.4738, 13.7823], [100.4736, 13.7825], [100.4733, 13.7828], [100.4731, 13.783], [100.4731, 13.783], [100.4728, 13.7833], [100.4728, 13.7833], [100.4726, 13.7836], [100.4725, 13.7836], [100.4725, 13.7837], [100.4722, 13.784], [100.472, 13.7842], [100.4718, 13.7844], [100.4717, 13.7845], [100.4713, 13.7849], [100.4713, 13.785], [100.471, 13.7853], [100.4709, 13.7853], [100.4707, 13.7856], [100.4704, 13.7859], [100.4703, 13.786], [100.4696, 13.7867], [100.4694, 13.7869], [100.4693, 13.7871], [100.4691, 13.7872], [100.469, 13.7874], [100.4689, 13.7874], [100.4688, 13.7875], [100.4686, 13.7876], [100.4686, 13.7876], [100.4685, 13.7877], [100.4684, 13.7877], [100.4679, 13.7878], [100.4672, 13.7876], [100.4664, 13.7873], [100.4661, 13.7872], [100.4661, 13.7872], [100.466, 13.7866], [100.466, 13.7863], [100.4661, 13.7856], [100.4662, 13.7849], [100.4665, 13.7827], [100.4666, 13.7818], [100.4667, 13.7814], [100.4669, 13.7809], [100.4673, 13.78], [100.4676, 13.7797], [100.4674, 13.7795], [100.4672, 13.7793], [100.4671, 13.7793], [100.4667, 13.7791], [100.4667, 13.779], [100.4666, 13.7789], [100.4665, 13.7789], [100.4664, 13.7788], [100.4662, 13.7788], [100.4658, 13.7787], [100.4656, 13.7787], [100.4653, 13.7787], [100.4652, 13.7787], [100.4649, 13.7787], [100.4642, 13.7788], [100.4639, 13.7789], [100.4636, 13.779], [100.4635, 13.7791], [100.4634, 13.7791], [100.4632, 13.7792], [100.4629, 13.7792], [100.4626, 13.7792], [100.4623, 13.7792], [100.4621, 13.7791], [100.4618, 13.7791], [100.4614, 13.779], [100.4611, 13.779], [100.4607, 13.7788], [100.4606, 13.7787], [100.4599, 13.7785], [100.4596, 13.7783], [100.4596, 13.7783], [100.4595, 13.7783], [100.4593, 13.7782], [100.4593, 13.7782], [100.4592, 13.7781], [100.459, 13.778], [100.4589, 13.7779], [100.4585, 13.7777], [100.4579, 13.7773], [100.4577, 13.7774], [100.4577, 13.7773], [100.4574, 13.7771], [100.4574, 13.777], [100.4574, 13.7769], [100.4573, 13.7767], [100.4568, 13.7761], [100.4568, 13.7761], [100.4569, 13.776], [100.4568, 13.7759], [100.4568, 13.7758], [100.4567, 13.7757]]]}, "properties": {"DISTRICT_N": "บางกอกน้อย", "CODE": 1020, "AREA_BMA": 11.94400024}}, {"type": "Feature", "geometry": {"type": "Polygon", "coordinates": [[[100.4998, 13.6867], [100.5023, 13.686], [100.5033, 13.6859], [100.5045, 13.6859], [100.5063, 13.6857], [100.508, 13.6854], [100.5095, 13.685], [100.5113, 13.6846], [100.5128, 13.6842], [100.5157, 13.6831], [100.5171, 13.6824], [100.5172, 13.6823], [100.5174, 13.6827], [100.5182, 13.684], [100.5184, 13.6845], [100.5184, 13.6846], [100.5184, 13.6846], [100.5184, 13.6846], [100.5184, 13.6847], [100.5185, 13.6847], [100.5185, 13.6847], [100.5185, 13.6847], [100.5185, 13.6847], [100.5185, 13.6847], [100.5185, 13.6848], [100.5185, 13.6848], [100.5185, 13.6848], [100.5185, 13.6848], [100.5184, 13.6848], [100.5184, 13.6848], [100.5184, 13.6848], [100.5184, 13.6848], [100.5184, 13.6848], [100.5184, 13.6848], [100.5184, 13.6849], [100.5184, 13.6849], [100.5185, 13.6849], [100.5185, 13.6849], [100.5185, 13.6849], [100.5185, 13.6849], [100.5185, 13.6848], [100.5185, 13.6848], [100.5185, 13.6848], [100.5185, 13.6848], [100.5185, 13.6848], [100.5186, 13.6848], [100.5186, 13.6848], [100.5186, 13.6848], [100.5186, 13.6848], [100.5186, 13.6848], [100.5186, 13.6848], [100.5186, 13.6848], [100.5186, 13.6849], [100.5186, 13.6849], [100.5186, 13.6849], [100.5186, 13.6849], [100.5186, 13.6849], [100.5186, 13.6849], [100.5186, 13.685], [100.5187, 13.685], [100.5189, 13.6853], [100.519, 13.6854], [100.5191, 13.6855], [100.5192, 13.6856], [100.5193, 13.6856], [100.5193, 13.6857], [100.5193, 13.6857], [100.5194, 13.6857], [100.52, 13.6861], [100.5209, 13.687], [100.522, 13.6883], [100.5236, 13.6897], [100.5253, 13.6914], [100.5263, 13.6924], [100.5287, 13.6948], [100.5309, 13.6975], [100.5317, 13.6982], [100.5318, 13.6982], [100.5318, 13.6983], [100.5317, 13.6986], [100.5316, 13.6986], [100.5315, 13.699], [100.5315, 13.699], [100.5312, 13.6998], [100.5312, 13.6998], [100.531, 13.7001], [100.531, 13.7002], [100.5308, 13.7006], [100.5308, 13.7007], [100.5302, 13.7022], [100.5302, 13.7023], [100.5301, 13.7024], [100.5301, 13.7025], [100.53, 13.7026], [100.5299, 13.7026], [100.5299, 13.7025], [100.5298, 13.7025], [100.5298, 13.7025], [100.5295, 13.7023], [100.5292, 13.7022], [100.5289, 13.702], [100.5284, 13.7018], [100.5278, 13.7015], [100.5276, 13.7014], [100.5272, 13.7012], [100.527, 13.7011], [100.527, 13.7011], [100.527, 13.7011], [100.527, 13.7011], [100.5269, 13.7011], [100.5269, 13.7011], [100.5266, 13.7014], [100.5263, 13.7018], [100.5262, 13.7016], [100.5259, 13.7013], [100.5257, 13.7011], [100.5257, 13.7011], [100.5257, 13.7011], [100.5251, 13.7011], [100.5251, 13.701], [100.5249, 13.7009], [100.5243, 13.7013], [100.5237, 13.7019], [100.5236, 13.7019], [100.5234, 13.7021], [100.5231, 13.7023], [100.523, 13.7023], [100.5229, 13.7025], [100.5228, 13.7025], [100.5228, 13.7026], [100.5226, 13.7027], [100.5226, 13.7027], [100.5225, 13.7027], [100.5224, 13.7029], [100.5224, 13.7029], [100.5222, 13.703], [100.5222, 13.703], [100.522, 13.7032], [100.5219, 13.7032], [100.5215, 13.7035], [100.5214, 13.7035], [100.5214, 13.7036], [100.5212, 13.7037], [100.5212, 13.7037], [100.521, 13.7039], [100.5207, 13.7041], [100.5207, 13.7041], [100.5206, 13.7041], [100.5206, 13.7041], [100.52, 13.7036], [100.5199, 13.7034], [100.5199, 13.7034], [100.5197, 13.7032], [100.5194, 13.7034], [100.5194, 13.7034], [100.5192, 13.7035], [100.5192, 13.7035], [100.5189, 13.7036], [100.5189, 13.7037], [100.5186, 13.7038], [100.5186, 13.7038], [100.5178, 13.704], [100.5168, 13.7043], [100.5167, 13.7043], [100.5167, 13.7043], [100.5162, 13.7045], [100.5162, 13.7045], [100.5158, 13.7046], [100.5153, 13.7047], [100.5152, 13.7047], [100.5152, 13.7047], [100.5151, 13.7048], [100.5148, 13.7048], [100.5147, 13.7049], [100.5147, 13.7049], [100.5153, 13.7059], [100.5154, 13.7063], [100.5155, 13.7064], [100.5155, 13.7064], [100.5155, 13.7065], [100.5156, 13.7066], [100.5156, 13.7066], [100.5157, 13.7067], [100.5158, 13.7069], [100.5158, 13.7069], [100.5158, 13.707], [100.5159, 13.7072], [100.5164, 13.7084], [100.5167, 13.7091], [100.5169, 13.7096], [100.5169, 13.7096], [100.5168, 13.7097], [100.5168, 13.7097], [100.5166, 13.7097], [100.5166, 13.7097], [100.5164, 13.7098], [100.5163, 13.7098], [100.5163, 13.7098], [100.5161, 13.7098], [100.516, 13.7099], [100.5159, 13.7099], [100.5158, 13.7099], [100.5157, 13.7099], [100.5157, 13.7099], [100.5156, 13.7099], [100.5156, 13.71], [100.5155, 13.71], [100.5155, 13.71], [100.5151, 13.71], [100.5148, 13.7101], [100.5146, 13.7101], [100.5144, 13.7102], [100.5144, 13.7102], [100.5143, 13.7102], [100.5143, 13.7102], [100.5142, 13.7102], [100.5142, 13.7102], [100.5141, 13.7102], [100.514, 13.7102], [100.5139, 13.7103], [100.5138, 13.7103], [100.5135, 13.7103], [100.5134, 13.7104], [100.5133, 13.7104], [100.5131, 13.7104], [100.5129, 13.7105], [100.5126, 13.7106], [100.5125, 13.7106], [100.5124, 13.7106], [100.5122, 13.7106], [100.5122, 13.7106], [100.5121, 13.7107], [100.512, 13.7107], [100.512, 13.7107], [100.5118, 13.7107], [100.5115, 13.7109], [100.5113, 13.7109], [100.5113, 13.7109], [100.5112, 13.7109], [100.5111, 13.7109], [100.511, 13.711], [100.5109, 13.711], [100.5108, 13.711], [100.5107, 13.711], [100.5105, 13.7111], [100.5104, 13.7111], [100.5103, 13.7111], [100.5101, 13.7112], [100.5099, 13.7112], [100.5099, 13.7112], [100.5098, 13.7113], [100.5097, 13.7113], [100.5097, 13.7113], [100.5095, 13.7114], [100.5094, 13.7114], [100.5092, 13.7115], [100.5089, 13.7117], [100.508, 13.7122], [100.507, 13.7109], [100.5045, 13.7086], [100.5018, 13.7066], [100.4988, 13.705], [100.4985, 13.7048], [100.4978, 13.7044], [100.4945, 13.7027], [100.4925, 13.701], [100.4907, 13.6988], [100.4901, 13.6967], [100.4899, 13.6952], [100.4899, 13.6951], [100.49, 13.6942], [100.4906, 13.693], [100.4916, 13.6916], [100.4924, 13.6907], [100.4942, 13.6893], [100.4955, 13.6885], [100.4979, 13.6874], [100.4994, 13.6868], [100.4998, 13.6867]]]}, "properties": {"DISTRICT_N": "บางคอแหลม", "CODE": 1031, "AREA_BMA": 10.92099953}}, {"type": "Feature", "geometry": {"type": "Polygon", "coordinates": [[[100.5372, 13.8216], [100.5376, 13.8216], [100.5387, 13.8215], [100.5394, 13.8214], [100.5398, 13.8214], [100.5402, 13.8214], [100.5404, 13.8213], [100.541, 13.8213], [100.5418, 13.8212], [100.5422, 13.8211], [100.5425, 13.8211], [100.5427, 13.821], [100.5429, 13.8209], [100.543, 13.8209], [100.543, 13.8208], [100.5432, 13.8207], [100.5435, 13.8206], [100.5437, 13.8204], [100.5439, 13.8203], [100.5439, 13.8202], [100.544, 13.8202], [100.5442, 13.8199], [100.5443, 13.8197], [100.5445, 13.8195], [100.5447, 13.8191], [100.5448, 13.8188], [100.5449, 13.8186], [100.5449, 13.8184], [100.545, 13.8182], [100.545, 13.8179], [100.5449, 13.8176], [100.5448, 13.8174], [100.5447, 13.8171], [100.5445, 13.8163], [100.5443, 13.8158], [100.5441, 13.8155], [100.544, 13.8151], [100.5439, 13.8148], [100.5438, 13.8146], [100.5438, 13.8145], [100.5437, 13.8141], [100.5436, 13.8138], [100.5435, 13.8134], [100.5435, 13.8131], [100.5434, 13.8127], [100.5433, 13.8125], [100.5432, 13.8124], [100.5432, 13.8122], [100.5431, 13.812], [100.543, 13.8117], [100.5428, 13.8114], [100.5427, 13.811], [100.5426, 13.8109], [100.5424, 13.8105], [100.5423, 13.8101], [100.5421, 13.8096], [100.542, 13.8093], [100.5419, 13.8092], [100.5418, 13.8089], [100.5416, 13.8085], [100.5413, 13.8078], [100.5411, 13.8072], [100.5408, 13.8064], [100.5405, 13.8058], [100.5402, 13.805], [100.5399, 13.8042], [100.5396, 13.8033], [100.5393, 13.8027], [100.5391, 13.8021], [100.5388, 13.8015], [100.5385, 13.8007], [100.5383, 13.8002], [100.5379, 13.7992], [100.5378, 13.7989], [100.5377, 13.7987], [100.5377, 13.7985], [100.5375, 13.798], [100.5374, 13.7979], [100.5375, 13.7979], [100.5375, 13.7979], [100.5377, 13.7978], [100.5379, 13.7978], [100.538, 13.7978], [100.5382, 13.7977], [100.5386, 13.7977], [100.5389, 13.7977], [100.5395, 13.7976], [100.5401, 13.7975], [100.5407, 13.7975], [100.5412, 13.7974], [100.5415, 13.7974], [100.5418, 13.7973], [100.5421, 13.7973], [100.5422, 13.7973], [100.5427, 13.7972], [100.5429, 13.7972], [100.5431, 13.7972], [100.5438, 13.7971], [100.5441, 13.7971], [100.5443, 13.797], [100.5445, 13.797], [100.5446, 13.797], [100.5448, 13.797], [100.5449, 13.797], [100.5451, 13.7969], [100.5452, 13.7969], [100.5455, 13.7969], [100.5459, 13.7969], [100.5461, 13.7968], [100.5464, 13.7968], [100.547, 13.7967], [100.5474, 13.7967], [100.5476, 13.7967], [100.5487, 13.7966], [100.5493, 13.7965], [100.5494, 13.7965], [100.5496, 13.7964], [100.5497, 13.7964], [100.5498, 13.7964], [100.5498, 13.7964], [100.5498, 13.7963], [100.5499, 13.7963], [100.55, 13.7963], [100.5501, 13.7962], [100.5501, 13.7962], [100.5502, 13.7962], [100.5503, 13.7962], [100.5504, 13.7962], [100.5506, 13.7961], [100.5507, 13.7961], [100.5508, 13.7961], [100.5509, 13.796], [100.5509, 13.7961], [100.551, 13.7961], [100.5512, 13.7961], [100.5512, 13.7961], [100.5513, 13.7961], [100.5514, 13.7961], [100.5515, 13.7961], [100.5516, 13.796], [100.5518, 13.796], [100.552, 13.796], [100.5524, 13.796], [100.5525, 13.7959], [100.5529, 13.7959], [100.5532, 13.7959], [100.5533, 13.7959], [100.5535, 13.7959], [100.5536, 13.7959], [100.5537, 13.7959], [100.5537, 13.7958], [100.5538, 13.7958], [100.554, 13.7957], [100.5541, 13.7957], [100.5542, 13.7957], [100.5543, 13.7956], [100.5547, 13.7957], [100.5548, 13.7957], [100.5548, 13.7957], [100.555, 13.7956], [100.5552, 13.7955], [100.5553, 13.7955], [100.5554, 13.7955], [100.5554, 13.7955], [100.5556, 13.7956], [100.5557, 13.7956], [100.5558, 13.7956], [100.5559, 13.7956], [100.5562, 13.7955], [100.5564, 13.7955], [100.5566, 13.7954], [100.5568, 13.7954], [100.5571, 13.7953], [100.5575, 13.7953], [100.5576, 13.7953], [100.5577, 13.7953], [100.5579, 13.7954], [100.5581, 13.7954], [100.5582, 13.7954], [100.5583, 13.7954], [100.5585, 13.7954], [100.5587, 13.7953], [100.5588, 13.7953], [100.5588, 13.7954], [100.5589, 13.7954], [100.559, 13.7954], [100.5591, 13.7953], [100.5592, 13.7953], [100.5593, 13.7953], [100.5595, 13.7952], [100.5596, 13.7952], [100.5597, 13.7952], [100.5598, 13.7951], [100.56, 13.7951], [100.5604, 13.7951], [100.5607, 13.7951], [100.5609, 13.7951], [100.561, 13.7951], [100.5614, 13.795], [100.5615, 13.795], [100.5616, 13.795], [100.5618, 13.7949], [100.562, 13.7949], [100.5621, 13.7949], [100.5622, 13.7949], [100.5623, 13.7949], [100.5623, 13.7949], [100.5623, 13.7949], [100.5623, 13.7949], [100.5623, 13.7949], [100.5624, 13.7949], [100.5624, 13.7949], [100.5625, 13.7949], [100.5625, 13.7949], [100.5626, 13.7949], [100.5629, 13.7949], [100.563, 13.7949], [100.563, 13.7949], [100.5631, 13.7949], [100.5631, 13.7949], [100.5631, 13.7949], [100.5631, 13.7949], [100.5632, 13.7949], [100.5633, 13.7949], [100.5633, 13.7949], [100.5634, 13.7949], [100.5634, 13.7949], [100.5634, 13.7948], [100.5634, 13.7948], [100.5634, 13.7948], [100.5635, 13.7948], [100.5635, 13.7948], [100.5635, 13.7948], [100.5635, 13.7948], [100.5636, 13.7948], [100.5636, 13.7948], [100.5637, 13.7948], [100.5637, 13.7948], [100.5638, 13.7948], [100.5638, 13.7948], [100.5638, 13.7948], [100.5639, 13.7948], [100.5639, 13.7948], [100.5639, 13.7948], [100.5639, 13.7948], [100.564, 13.7948], [100.564, 13.7948], [100.564, 13.7948], [100.564, 13.7948], [100.5641, 13.7948], [100.5641, 13.7948], [100.5643, 13.7948], [100.5643, 13.7948], [100.5644, 13.7948], [100.5644, 13.7947], [100.5645, 13.7947], [100.5646, 13.7947], [100.5647, 13.7947], [100.5647, 13.7947], [100.5647, 13.7947], [100.5647, 13.7947], [100.5648, 13.7947], [100.5648, 13.7947], [100.5648, 13.7947], [100.5649, 13.7947], [100.5649, 13.7947], [100.565, 13.7947], [100.5651, 13.7947], [100.5653, 13.7947], [100.5654, 13.7947], [100.5655, 13.7947], [100.5656, 13.7946], [100.5657, 13.7946], [100.5657, 13.7946], [100.5657, 13.7946], [100.5658, 13.7946], [100.5658, 13.7946], [100.5659, 13.7946], [100.5659, 13.7946], [100.5659, 13.7946], [100.566, 13.7946], [100.566, 13.7946], [100.566, 13.7946], [100.566, 13.7946], [100.5661, 13.7946], [100.5661, 13.7946], [100.5662, 13.7946], [100.5663, 13.7946], [100.5664, 13.7946], [100.5665, 13.7947], [100.5667, 13.7948], [100.5669, 13.7949], [100.567, 13.7949], [100.567, 13.7951], [100.567, 13.7955], [100.567, 13.7957], [100.567, 13.796], [100.567, 13.7962], [100.567, 13.7964], [100.567, 13.7965], [100.567, 13.7966], [100.567, 13.7968], [100.567, 13.7969], [100.567, 13.797], [100.5671, 13.7973], [100.5671, 13.7974], [100.5671, 13.7976], [100.5671, 13.7978], [100.5671, 13.798], [100.5672, 13.7982], [100.5672, 13.7984], [100.5672, 13.7986], [100.5672, 13.7987], [100.5672, 13.7987], [100.5673, 13.7988], [100.5673, 13.7989], [100.5674, 13.7993], [100.5675, 13.7993], [100.5677, 13.7993], [100.5678, 13.7993], [100.5679, 13.7993], [100.568, 13.7993], [100.5682, 13.7993], [100.5685, 13.7993], [100.5687, 13.7993], [100.569, 13.7993], [100.5692, 13.7994], [100.5694, 13.7994], [100.5696, 13.7994], [100.5699, 13.7994], [100.57, 13.7995], [100.5701, 13.7995], [100.5703, 13.7995], [100.5704, 13.7995], [100.5706, 13.7996], [100.5707, 13.7996], [100.5708, 13.7996], [100.5709, 13.7996], [100.5712, 13.7997], [100.5713, 13.7997], [100.5714, 13.7997], [100.5716, 13.7997], [100.5718, 13.7997], [100.5719, 13.7997], [100.572, 13.7997], [100.572, 13.7997], [100.5721, 13.7997], [100.5722, 13.7998], [100.5723, 13.7999], [100.5724, 13.8], [100.5725, 13.8], [100.5726, 13.8], [100.5726, 13.8001], [100.5727, 13.8001], [100.5728, 13.8001], [100.5728, 13.8001], [100.5729, 13.8002], [100.573, 13.8002], [100.5732, 13.8002], [100.5733, 13.8002], [100.5734, 13.8002], [100.5735, 13.8003], [100.5736, 13.8003], [100.5736, 13.8003], [100.5737, 13.8003], [100.5737, 13.8003], [100.5739, 13.8004], [100.574, 13.8006], [100.5742, 13.8007], [100.5743, 13.8008], [100.5743, 13.8009], [100.5745, 13.801], [100.5745, 13.801], [100.5749, 13.8011], [100.5749, 13.8011], [100.5753, 13.8013], [100.5754, 13.8013], [100.5754, 13.8014], [100.5754, 13.8014], [100.5755, 13.8014], [100.5756, 13.8014], [100.5759, 13.8014], [100.5761, 13.8014], [100.5762, 13.8014], [100.5763, 13.8014], [100.5764, 13.8013], [100.5766, 13.8013], [100.5767, 13.8012], [100.5768, 13.8012], [100.5769, 13.8012], [100.577, 13.8012], [100.577, 13.8012], [100.5773, 13.8013], [100.5774, 13.8013], [100.5775, 13.8013], [100.5776, 13.8014], [100.5776, 13.8014], [100.5779, 13.8015], [100.5781, 13.8015], [100.5783, 13.8016], [100.5784, 13.8016], [100.5786, 13.8016], [100.5787, 13.8016], [100.5787, 13.8017], [100.5788, 13.8017], [100.5789, 13.8017], [100.5789, 13.8017], [100.5791, 13.8017], [100.5793, 13.8018], [100.5796, 13.8018], [100.5797, 13.8018], [100.5798, 13.8019], [100.5799, 13.8019], [100.5801, 13.8019], [100.5803, 13.8019], [100.5804, 13.8018], [100.5804, 13.8019], [100.5806, 13.8019], [100.5806, 13.802], [100.581, 13.8022], [100.5811, 13.8023], [100.5812, 13.8024], [100.5813, 13.8025], [100.5815, 13.8026], [100.5816, 13.8027], [100.5817, 13.8027], [100.5819, 13.8028], [100.582, 13.8028], [100.5824, 13.8028], [100.5826, 13.8029], [100.583, 13.8029], [100.5832, 13.8029], [100.5833, 13.8029], [100.5837, 13.8029], [100.5837, 13.8028], [100.5839, 13.8028], [100.5842, 13.8028], [100.5846, 13.8028], [100.5847, 13.8028], [100.5848, 13.8028], [100.5852, 13.8029], [100.5856, 13.8029], [100.586, 13.8029], [100.5866, 13.803], [100.5872, 13.803], [100.5873, 13.803], [100.5874, 13.803], [100.5877, 13.8031], [100.5879, 13.8031], [100.588, 13.8031], [100.588, 13.8031], [100.5882, 13.8031], [100.5883, 13.803], [100.5883, 13.803], [100.5884, 13.8032], [100.5885, 13.8035], [100.5886, 13.804], [100.5887, 13.8041], [100.5887, 13.8043], [100.5887, 13.8047], [100.5887, 13.8053], [100.5887, 13.8062], [100.5888, 13.8066], [100.5887, 13.8066], [100.5887, 13.8067], [100.5888, 13.8069], [100.5888, 13.8075], [100.5888, 13.8076], [100.5888, 13.8078], [100.5887, 13.8079], [100.5887, 13.808], [100.5888, 13.8083], [100.5888, 13.8084], [100.5889, 13.8089], [100.5889, 13.8093], [100.589, 13.8098], [100.5891, 13.8102], [100.5891, 13.8104], [100.5891, 13.8105], [100.5891, 13.8105], [100.589, 13.8106], [100.5889, 13.8112], [100.5888, 13.8112], [100.5887, 13.8114], [100.5886, 13.8117], [100.5885, 13.8119], [100.5885, 13.8121], [100.5885, 13.8122], [100.5885, 13.8125], [100.5885, 13.8126], [100.5886, 13.8128], [100.5887, 13.8129], [100.5887, 13.813], [100.5887, 13.8131], [100.5888, 13.8135], [100.5889, 13.8138], [100.5889, 13.814], [100.5889, 13.8141], [100.5889, 13.8142], [100.5889, 13.8144], [100.5889, 13.8148], [100.5889, 13.8149], [100.5889, 13.815], [100.5889, 13.8151], [100.589, 13.8154], [100.5891, 13.8155], [100.5891, 13.8156], [100.5892, 13.816], [100.5893, 13.8164], [100.5893, 13.8166], [100.5893, 13.8169], [100.5893, 13.8174], [100.5893, 13.8175], [100.5894, 13.8175], [100.5894, 13.8176], [100.5894, 13.8176], [100.5894, 13.8178], [100.5893, 13.8182], [100.5893, 13.8184], [100.5893, 13.8185], [100.5892, 13.8185], [100.5891, 13.8189], [100.5891, 13.8192], [100.5891, 13.8194], [100.5891, 13.8194], [100.5891, 13.8196], [100.5891, 13.8197], [100.5891, 13.8199], [100.5891, 13.8205], [100.5891, 13.8207], [100.5891, 13.8209], [100.589, 13.821], [100.589, 13.821], [100.5891, 13.8211], [100.5891, 13.8211], [100.5891, 13.8212], [100.5891, 13.8214], [100.5891, 13.8215], [100.5891, 13.8216], [100.5891, 13.8216], [100.5891, 13.8217], [100.5891, 13.8218], [100.5891, 13.8219], [100.5891, 13.8222], [100.5891, 13.8228], [100.5891, 13.8229], [100.589, 13.823], [100.589, 13.8233], [100.5889, 13.8235], [100.5889, 13.8237], [100.5889, 13.8238], [100.5888, 13.8241], [100.5889, 13.8244], [100.589, 13.8248], [100.5891, 13.8252], [100.5891, 13.8253], [100.5891, 13.8253], [100.5891, 13.8254], [100.5892, 13.8256], [100.5892, 13.8256], [100.5892, 13.8256], [100.5892, 13.8257], [100.5893, 13.8261], [100.5894, 13.8267], [100.5894, 13.8267], [100.5895, 13.8269], [100.5895, 13.827], [100.5895, 13.8272], [100.5895, 13.8276], [100.5896, 13.828], [100.5896, 13.8281], [100.5896, 13.8284], [100.5897, 13.8289], [100.5898, 13.8293], [100.5898, 13.8297], [100.5899, 13.83], [100.5899, 13.83], [100.5899, 13.8303], [100.5898, 13.8306], [100.5897, 13.8308], [100.5897, 13.8309], [100.5897, 13.831], [100.5897, 13.8312], [100.5897, 13.8314], [100.5897, 13.8317], [100.5897, 13.8318], [100.5898, 13.832], [100.5899, 13.8324], [100.59, 13.8328], [100.59, 13.8332], [100.5901, 13.8333], [100.5901, 13.8334], [100.5901, 13.8334], [100.5901, 13.8335], [100.5901, 13.8337], [100.5903, 13.834], [100.5903, 13.8342], [100.5904, 13.8344], [100.5905, 13.8346], [100.5907, 13.8351], [100.5907, 13.8354], [100.5908, 13.8356], [100.5909, 13.8359], [100.5909, 13.8362], [100.5909, 13.8362], [100.5909, 13.8365], [100.591, 13.8367], [100.591, 13.8368], [100.591, 13.8368], [100.591, 13.8368], [100.591, 13.8368], [100.5911, 13.837], [100.5911, 13.8371], [100.5911, 13.8373], [100.5911, 13.8373], [100.5911, 13.8374], [100.5911, 13.8375], [100.5911, 13.8375], [100.5911, 13.8376], [100.5911, 13.8379], [100.5911, 13.8381], [100.5911, 13.8383], [100.591, 13.8383], [100.591, 13.8385], [100.591, 13.8386], [100.591, 13.8387], [100.591, 13.8388], [100.5909, 13.8389], [100.5909, 13.8391], [100.5909, 13.8393], [100.5908, 13.8395], [100.5907, 13.8397], [100.5907, 13.84], [100.5906, 13.8403], [100.5905, 13.8407], [100.5904, 13.8409], [100.5903, 13.8412], [100.5902, 13.8417], [100.5901, 13.8423], [100.59, 13.8429], [100.59, 13.8433], [100.5899, 13.8438], [100.5899, 13.8439], [100.5898, 13.8442], [100.5897, 13.8444], [100.5896, 13.8446], [100.5895, 13.8447], [100.5895, 13.8449], [100.5894, 13.8451], [100.5894, 13.8452], [100.5893, 13.8453], [100.5892, 13.8455], [100.5892, 13.8456], [100.5892, 13.8456], [100.5891, 13.8458], [100.5891, 13.8458], [100.5891, 13.8459], [100.589, 13.8459], [100.589, 13.8459], [100.589, 13.8459], [100.589, 13.8459], [100.589, 13.8459], [100.589, 13.8459], [100.589, 13.8459], [100.589, 13.846], [100.589, 13.846], [100.5889, 13.846], [100.5889, 13.8461], [100.5889, 13.8461], [100.5889, 13.8462], [100.5889, 13.8462], [100.5889, 13.8462], [100.5889, 13.8462], [100.5889, 13.8462], [100.5889, 13.8463], [100.5889, 13.8463], [100.5889, 13.8463], [100.5889, 13.8464], [100.5889, 13.8464], [100.5888, 13.8464], [100.5888, 13.8465], [100.5888, 13.8465], [100.5888, 13.8466], [100.5888, 13.8467], [100.5888, 13.8469], [100.5887, 13.8475], [100.5886, 13.8477], [100.5886, 13.8481], [100.5886, 13.8483], [100.5885, 13.8485], [100.5884, 13.8493], [100.5883, 13.8497], [100.5882, 13.8502], [100.5881, 13.8506], [100.588, 13.851], [100.5879, 13.8512], [100.5878, 13.8516], [100.5878, 13.8518], [100.5877, 13.8522], [100.5876, 13.8525], [100.5876, 13.8527], [100.5876, 13.8529], [100.5876, 13.8532], [100.5876, 13.8535], [100.5876, 13.854], [100.5876, 13.8543], [100.5875, 13.855], [100.5876, 13.8554], [100.5876, 13.8556], [100.5876, 13.8559], [100.5876, 13.8561], [100.5876, 13.8563], [100.5875, 13.8565], [100.5875, 13.8566], [100.5875, 13.8567], [100.5874, 13.8569], [100.5874, 13.8571], [100.5873, 13.8572], [100.5873, 13.8573], [100.5872, 13.8574], [100.5872, 13.8574], [100.5871, 13.8576], [100.587, 13.8576], [100.587, 13.8577], [100.587, 13.8578], [100.5869, 13.8579], [100.5869, 13.858], [100.5869, 13.858], [100.5868, 13.8581], [100.5868, 13.8581], [100.5868, 13.8582], [100.5868, 13.8583], [100.5868, 13.8583], [100.5868, 13.8584], [100.5868, 13.8584], [100.5866, 13.8585], [100.5866, 13.8585], [100.5866, 13.8587], [100.5866, 13.8587], [100.5866, 13.8587], [100.5865, 13.8587], [100.5865, 13.8587], [100.5865, 13.8587], [100.5865, 13.8588], [100.5866, 13.8588], [100.5866, 13.8588], [100.5866, 13.8588], [100.5866, 13.8588], [100.5865, 13.8589], [100.5864, 13.8589], [100.5863, 13.8589], [100.5862, 13.8589], [100.5861, 13.8588], [100.5861, 13.8588], [100.5859, 13.8587], [100.5859, 13.8586], [100.5858, 13.8585], [100.5857, 13.8585], [100.5856, 13.8585], [100.5855, 13.8584], [100.5855, 13.8584], [100.5854, 13.8584], [100.5852, 13.8584], [100.5851, 13.8584], [100.585, 13.8584], [100.5849, 13.8584], [100.5847, 13.8583], [100.5846, 13.8583], [100.5844, 13.8583], [100.5843, 13.8583], [100.5841, 13.8583], [100.584, 13.8583], [100.584, 13.8582], [100.5838, 13.8582], [100.5838, 13.8582], [100.5838, 13.8582], [100.5837, 13.8581], [100.5837, 13.8581], [100.5836, 13.858], [100.5836, 13.858], [100.5836, 13.858], [100.5835, 13.858], [100.5835, 13.8579], [100.5835, 13.8579], [100.5834, 13.8579], [100.5834, 13.8579], [100.5833, 13.8579], [100.5832, 13.8579], [100.5832, 13.8579], [100.5831, 13.8579], [100.5831, 13.8579], [100.583, 13.8579], [100.5829, 13.8579], [100.5829, 13.8579], [100.5827, 13.8579], [100.5825, 13.8579], [100.5824, 13.8579], [100.5822, 13.8579], [100.582, 13.8579], [100.5818, 13.8579], [100.5817, 13.858], [100.5817, 13.858], [100.5816, 13.858], [100.5814, 13.8579], [100.5812, 13.8579], [100.5811, 13.8579], [100.5809, 13.8579], [100.5808, 13.8579], [100.5808, 13.8578], [100.5806, 13.8578], [100.5805, 13.8578], [100.5805, 13.8578], [100.5804, 13.8578], [100.5802, 13.8578], [100.5802, 13.8578], [100.58, 13.8578], [100.58, 13.8578], [100.5798, 13.8577], [100.5796, 13.8577], [100.5794, 13.8577], [100.5794, 13.8577], [100.5794, 13.8577], [100.5794, 13.8577], [100.5794, 13.8577], [100.5794, 13.8577], [100.5793, 13.8577], [100.5792, 13.8577], [100.5792, 13.8577], [100.5792, 13.8577], [100.579, 13.8577], [100.5788, 13.8576], [100.5788, 13.8576], [100.5787, 13.8576], [100.5787, 13.8576], [100.5786, 13.8576], [100.5785, 13.8576], [100.5783, 13.8576], [100.5783, 13.8576], [100.5782, 13.8576], [100.5781, 13.8575], [100.578, 13.8575], [100.5778, 13.8575], [100.5774, 13.8575], [100.5772, 13.8575], [100.5771, 13.8575], [100.5769, 13.8575], [100.5767, 13.8575], [100.5766, 13.8575], [100.5762, 13.8574], [100.576, 13.8574], [100.5759, 13.8574], [100.5758, 13.8574], [100.5757, 13.8574], [100.5756, 13.8573], [100.5755, 13.8573], [100.5755, 13.8573], [100.5755, 13.8573], [100.5755, 13.8573], [100.5755, 13.8573], [100.5755, 13.8573], [100.5755, 13.8573], [100.5754, 13.8573], [100.5754, 13.8573], [100.5754, 13.8572], [100.5754, 13.8572], [100.5754, 13.8572], [100.5754, 13.8572], [100.5753, 13.8572], [100.5753, 13.8572], [100.5753, 13.8572], [100.5753, 13.8572], [100.5753, 13.8572], [100.5752, 13.8572], [100.5752, 13.8572], [100.5752, 13.8572], [100.5751, 13.8572], [100.5751, 13.8572], [100.5751, 13.8572], [100.5751, 13.8572], [100.575, 13.8572], [100.575, 13.8572], [100.575, 13.8572], [100.5749, 13.8571], [100.5748, 13.8571], [100.5747, 13.8571], [100.5747, 13.8571], [100.5747, 13.8571], [100.5746, 13.857], [100.5746, 13.857], [100.5745, 13.857], [100.5745, 13.857], [100.5745, 13.857], [100.5745, 13.857], [100.5744, 13.857], [100.5743, 13.857], [100.5742, 13.857], [100.5741, 13.857], [100.5741, 13.857], [100.574, 13.857], [100.5739, 13.857], [100.5738, 13.857], [100.5738, 13.857], [100.5737, 13.857], [100.5736, 13.857], [100.5736, 13.857], [100.5736, 13.857], [100.5736, 13.857], [100.5736, 13.857], [100.5735, 13.857], [100.5735, 13.857], [100.5734, 13.857], [100.5734, 13.857], [100.5733, 13.8569], [100.5732, 13.8569], [100.5732, 13.8569], [100.5731, 13.8569], [100.5731, 13.8569], [100.5731, 13.8569], [100.5731, 13.8568], [100.573, 13.8568], [100.573, 13.8568], [100.5729, 13.8568], [100.5729, 13.8568], [100.5728, 13.8567], [100.5728, 13.8567], [100.5727, 13.8567], [100.5727, 13.8567], [100.5727, 13.8567], [100.5726, 13.8567], [100.5726, 13.8566], [100.5725, 13.8566], [100.5725, 13.8566], [100.5724, 13.8566], [100.5723, 13.8566], [100.5722, 13.8566], [100.5721, 13.8566], [100.572, 13.8566], [100.5719, 13.8565], [100.5719, 13.8565], [100.5717, 13.8565], [100.5716, 13.8565], [100.5716, 13.8565], [100.5715, 13.8565], [100.5715, 13.8565], [100.5714, 13.8565], [100.5714, 13.8565], [100.5714, 13.8565], [100.5713, 13.8565], [100.5713, 13.8565], [100.5713, 13.8565], [100.5712, 13.8565], [100.5712, 13.8564], [100.5711, 13.8564], [100.5711, 13.8564], [100.571, 13.8564], [100.5709, 13.8564], [100.5708, 13.8564], [100.5707, 13.8564], [100.5706, 13.8564], [100.5705, 13.8564], [100.5705, 13.8564], [100.5704, 13.8564], [100.5703, 13.8564], [100.5702, 13.8564], [100.5701, 13.8564], [100.57, 13.8564], [100.5698, 13.8564], [100.5697, 13.8564], [100.5696, 13.8564], [100.5695, 13.8564], [100.5695, 13.8564], [100.5694, 13.8564], [100.5693, 13.8564], [100.5692, 13.8564], [100.5692, 13.8564], [100.5692, 13.8564], [100.569, 13.8564], [100.5688, 13.8564], [100.5688, 13.8564], [100.5687, 13.8563], [100.5687, 13.8563], [100.5687, 13.8563], [100.5686, 13.8563], [100.5686, 13.8563], [100.5685, 13.8563], [100.5685, 13.8563], [100.5684, 13.8563], [100.5684, 13.8563], [100.5683, 13.8563], [100.5683, 13.8562], [100.5682, 13.8562], [100.5681, 13.8562], [100.5681, 13.8562], [100.568, 13.8562], [100.5679, 13.8562], [100.5678, 13.8562], [100.5678, 13.8562], [100.5677, 13.8562], [100.5677, 13.8562], [100.5677, 13.8561], [100.5676, 13.8561], [100.5676, 13.8561], [100.5676, 13.8561], [100.5675, 13.8561], [100.5675, 13.8561], [100.5675, 13.8561], [100.5675, 13.8561], [100.5674, 13.8561], [100.5674, 13.8561], [100.5674, 13.8561], [100.5673, 13.856], [100.5673, 13.856], [100.5673, 13.856], [100.5673, 13.856], [100.5672, 13.856], [100.5672, 13.856], [100.5672, 13.856], [100.5671, 13.856], [100.5671, 13.856], [100.5671, 13.856], [100.567, 13.856], [100.567, 13.856], [100.5669, 13.856], [100.5669, 13.8559], [100.5667, 13.8559], [100.5667, 13.8559], [100.5667, 13.8559], [100.5667, 13.8559], [100.5667, 13.8559], [100.5666, 13.8559], [100.5666, 13.856], [100.5663, 13.8558], [100.5662, 13.8558], [100.5661, 13.8558], [100.566, 13.8558], [100.5658, 13.8558], [100.5657, 13.8558], [100.5656, 13.8558], [100.5656, 13.8558], [100.5656, 13.8558], [100.5656, 13.8558], [100.5656, 13.8558], [100.5656, 13.8558], [100.5656, 13.8558], [100.5656, 13.8559], [100.5656, 13.8559], [100.5655, 13.8558], [100.5655, 13.8558], [100.5655, 13.8558], [100.5655, 13.8556], [100.5654, 13.8555], [100.5653, 13.8554], [100.5653, 13.8554], [100.5652, 13.8554], [100.5651, 13.8555], [100.5651, 13.8555], [100.565, 13.8555], [100.565, 13.8555], [100.5649, 13.8555], [100.5649, 13.8555], [100.5647, 13.8554], [100.5645, 13.8554], [100.5642, 13.8553], [100.5641, 13.8553], [100.5641, 13.8553], [100.564, 13.8553], [100.564, 13.8553], [100.5639, 13.8553], [100.5639, 13.8553], [100.5638, 13.8552], [100.5638, 13.8552], [100.5637, 13.8552], [100.5636, 13.8552], [100.5635, 13.8552], [100.5634, 13.8552], [100.5632, 13.8551], [100.5631, 13.8551], [100.563, 13.8551], [100.5629, 13.8551], [100.5628, 13.8551], [100.5626, 13.8551], [100.5623, 13.855], [100.562, 13.855], [100.5618, 13.8549], [100.5616, 13.8549], [100.5614, 13.8548], [100.5611, 13.8547], [100.5607, 13.8547], [100.5605, 13.8546], [100.5604, 13.8546], [100.5602, 13.8546], [100.5601, 13.8545], [100.5599, 13.8545], [100.5599, 13.8545], [100.5598, 13.8545], [100.5597, 13.8544], [100.5595, 13.8544], [100.5593, 13.8544], [100.5591, 13.8543], [100.5589, 13.8543], [100.5588, 13.8543], [100.5587, 13.8543], [100.5585, 13.8542], [100.5584, 13.8542], [100.5582, 13.8542], [100.558, 13.8541], [100.5579, 13.8541], [100.5578, 13.8541], [100.5577, 13.8541], [100.5575, 13.854], [100.5571, 13.8539], [100.5569, 13.8538], [100.5567, 13.8537], [100.5564, 13.8536], [100.5563, 13.8536], [100.5562, 13.8535], [100.5561, 13.8535], [100.5559, 13.8535], [100.5559, 13.8535], [100.5558, 13.8534], [100.5555, 13.8533], [100.5551, 13.8532], [100.555, 13.8531], [100.5549, 13.8531], [100.5546, 13.853], [100.5545, 13.853], [100.5544, 13.853], [100.5542, 13.8529], [100.554, 13.8529], [100.5539, 13.8528], [100.5537, 13.8528], [100.5535, 13.8527], [100.5533, 13.8527], [100.5532, 13.8527], [100.5531, 13.8526], [100.5529, 13.8526], [100.5529, 13.8526], [100.5528, 13.8526], [100.5527, 13.8526], [100.5523, 13.8524], [100.5523, 13.8523], [100.5522, 13.8523], [100.5521, 13.8523], [100.5519, 13.8523], [100.5517, 13.8522], [100.5516, 13.8522], [100.5514, 13.8521], [100.5512, 13.8521], [100.5509, 13.852], [100.5507, 13.852], [100.5505, 13.8519], [100.55, 13.8517], [100.5494, 13.8515], [100.5491, 13.8514], [100.5489, 13.8513], [100.5488, 13.8513], [100.5488, 13.8513], [100.5487, 13.8513], [100.5487, 13.8513], [100.5486, 13.8512], [100.5485, 13.8512], [100.5484, 13.8512], [100.5483, 13.8511], [100.5482, 13.8511], [100.5481, 13.8511], [100.548, 13.8511], [100.5479, 13.851], [100.5478, 13.851], [100.5477, 13.8509], [100.5474, 13.8508], [100.5471, 13.8507], [100.5468, 13.8506], [100.5462, 13.8504], [100.5461, 13.8504], [100.546, 13.8504], [100.5459, 13.8503], [100.5458, 13.8503], [100.5457, 13.8503], [100.5456, 13.8502], [100.5454, 13.8502], [100.5453, 13.8501], [100.5453, 13.8501], [100.5452, 13.8501], [100.5451, 13.8501], [100.5449, 13.85], [100.5447, 13.85], [100.5445, 13.85], [100.5443, 13.8499], [100.5442, 13.8499], [100.5439, 13.8498], [100.5437, 13.8497], [100.5437, 13.8497], [100.5437, 13.8496], [100.5436, 13.8492], [100.5435, 13.8487], [100.5434, 13.8482], [100.5432, 13.8477], [100.5431, 13.8472], [100.543, 13.8466], [100.5429, 13.8461], [100.5428, 13.8458], [100.5427, 13.8455], [100.5426, 13.8451], [100.5426, 13.8448], [100.5425, 13.8444], [100.5424, 13.844], [100.5423, 13.8439], [100.5423, 13.8435], [100.5422, 13.8432], [100.5421, 13.8428], [100.542, 13.8425], [100.5419, 13.8422], [100.5419, 13.8418], [100.5418, 13.8415], [100.5416, 13.8409], [100.5415, 13.8404], [100.5414, 13.84], [100.5413, 13.8395], [100.5412, 13.8389], [100.541, 13.8383], [100.5409, 13.8377], [100.5408, 13.8376], [100.5408, 13.8373], [100.5406, 13.8368], [100.5405, 13.8361], [100.5404, 13.8356], [100.5403, 13.8352], [100.5401, 13.8346], [100.5401, 13.8343], [100.5399, 13.8339], [100.5399, 13.8334], [100.5398, 13.8331], [100.5397, 13.8325], [100.5396, 13.8323], [100.5395, 13.8319], [100.5394, 13.8313], [100.5392, 13.8307], [100.5392, 13.8304], [100.5391, 13.83], [100.539, 13.8297], [100.5388, 13.829], [100.5387, 13.8284], [100.5386, 13.8278], [100.5385, 13.8274], [100.5384, 13.827], [100.5384, 13.827], [100.5383, 13.8266], [100.5382, 13.8263], [100.538, 13.8254], [100.5376, 13.8236], [100.5372, 13.822], [100.5372, 13.8216]]]}, "properties": {"DISTRICT_N": "จตุจักร", "CODE": 1030, "AREA_BMA": 32.90800095}}, {"type": "Feature", "geometry": {"type": "Polygon", "coordinates": [[[100.5907, 13.8354], [100.5907, 13.8351], [100.5905, 13.8346], [100.5904, 13.8344], [100.5903, 13.8342], [100.5903, 13.834], [100.5901, 13.8337], [100.5901, 13.8335], [100.5901, 13.8334], [100.5901, 13.8334], [100.5901, 13.8333], [100.59, 13.8332], [100.59, 13.8328], [100.5899, 13.8324], [100.5898, 13.832], [100.5897, 13.8318], [100.5897, 13.8317], [100.5897, 13.8314], [100.5897, 13.8312], [100.5897, 13.831], [100.5897, 13.8309], [100.5897, 13.8308], [100.5898, 13.8306], [100.5899, 13.8303], [100.5899, 13.83], [100.5899, 13.83], [100.5898, 13.8297], [100.5898, 13.8293], [100.5897, 13.8289], [100.5896, 13.8284], [100.5896, 13.8281], [100.5896, 13.828], [100.5895, 13.8276], [100.5895, 13.8272], [100.5895, 13.827], [100.5895, 13.8269], [100.5894, 13.8267], [100.5894, 13.8267], [100.5893, 13.8261], [100.5892, 13.8257], [100.5892, 13.8256], [100.5892, 13.8256], [100.5892, 13.8256], [100.5891, 13.8254], [100.5891, 13.8253], [100.5891, 13.8253], [100.5891, 13.8252], [100.589, 13.8248], [100.5889, 13.8244], [100.5888, 13.8241], [100.5889, 13.8238], [100.5889, 13.8237], [100.5889, 13.8235], [100.589, 13.8233], [100.589, 13.823], [100.5891, 13.8229], [100.5891, 13.8228], [100.5891, 13.8222], [100.5891, 13.8219], [100.5891, 13.8218], [100.5891, 13.8217], [100.5891, 13.8216], [100.5891, 13.8216], [100.5891, 13.8215], [100.5891, 13.8214], [100.5891, 13.8212], [100.5891, 13.8211], [100.5891, 13.8211], [100.589, 13.821], [100.589, 13.821], [100.5891, 13.8209], [100.5891, 13.8207], [100.5891, 13.8205], [100.5891, 13.8199], [100.5891, 13.8197], [100.5891, 13.8196], [100.5891, 13.8194], [100.5891, 13.8194], [100.5891, 13.8192], [100.5891, 13.8189], [100.5892, 13.8185], [100.5893, 13.8185], [100.5893, 13.8184], [100.5893, 13.8182], [100.5894, 13.8178], [100.5894, 13.8176], [100.5894, 13.8176], [100.5894, 13.8175], [100.5893, 13.8175], [100.5893, 13.8174], [100.5893, 13.8169], [100.5893, 13.8166], [100.5893, 13.8164], [100.5892, 13.816], [100.5891, 13.8156], [100.5891, 13.8155], [100.589, 13.8154], [100.5889, 13.8151], [100.5889, 13.815], [100.5889, 13.8149], [100.5889, 13.8148], [100.5889, 13.8144], [100.5889, 13.8142], [100.5889, 13.8141], [100.5889, 13.814], [100.5889, 13.8138], [100.5888, 13.8135], [100.5887, 13.8131], [100.5887, 13.813], [100.5887, 13.8129], [100.5886, 13.8128], [100.5885, 13.8126], [100.5885, 13.8125], [100.5885, 13.8122], [100.5885, 13.8121], [100.5885, 13.8119], [100.5886, 13.8117], [100.5887, 13.8114], [100.5888, 13.8112], [100.5889, 13.8112], [100.589, 13.8106], [100.5891, 13.8105], [100.5891, 13.8105], [100.5891, 13.8104], [100.5891, 13.8102], [100.589, 13.8098], [100.5889, 13.8093], [100.5889, 13.8089], [100.5888, 13.8084], [100.5888, 13.8083], [100.5887, 13.808], [100.5887, 13.8079], [100.5888, 13.8078], [100.5888, 13.8076], [100.5888, 13.8075], [100.5888, 13.8069], [100.5887, 13.8067], [100.5887, 13.8066], [100.5888, 13.8066], [100.5887, 13.8062], [100.5887, 13.8053], [100.5887, 13.8047], [100.5887, 13.8043], [100.5887, 13.8041], [100.5886, 13.804], [100.5885, 13.8035], [100.5884, 13.8032], [100.5883, 13.803], [100.5883, 13.803], [100.5883, 13.8029], [100.5883, 13.8028], [100.5883, 13.8028], [100.5884, 13.8028], [100.5884, 13.8028], [100.5885, 13.8028], [100.5887, 13.8028], [100.5892, 13.8028], [100.5895, 13.8028], [100.5898, 13.8028], [100.5901, 13.8028], [100.5903, 13.8028], [100.5903, 13.8028], [100.5904, 13.8028], [100.5904, 13.8028], [100.5906, 13.8027], [100.5909, 13.8027], [100.5912, 13.8026], [100.5916, 13.8026], [100.5917, 13.8025], [100.5919, 13.8025], [100.5923, 13.8024], [100.5929, 13.8022], [100.5934, 13.8021], [100.5938, 13.802], [100.5945, 13.8018], [100.5952, 13.8015], [100.5958, 13.8014], [100.5963, 13.8013], [100.5964, 13.8012], [100.5963, 13.8009], [100.5962, 13.8004], [100.596, 13.7998], [100.5959, 13.7993], [100.5959, 13.7993], [100.596, 13.7993], [100.596, 13.7993], [100.5966, 13.7991], [100.597, 13.799], [100.5971, 13.799], [100.5972, 13.799], [100.5972, 13.7989], [100.5972, 13.7989], [100.5972, 13.7988], [100.5972, 13.7984], [100.5972, 13.7984], [100.5972, 13.7984], [100.5972, 13.7983], [100.5972, 13.7983], [100.5979, 13.7976], [100.5994, 13.7963], [100.5995, 13.7962], [100.5995, 13.7962], [100.5996, 13.7961], [100.5997, 13.7961], [100.6003, 13.796], [100.6006, 13.7959], [100.6009, 13.7958], [100.6017, 13.7957], [100.6019, 13.7957], [100.6031, 13.7955], [100.6031, 13.7955], [100.6037, 13.7954], [100.6041, 13.7953], [100.6047, 13.7952], [100.6048, 13.7952], [100.6051, 13.7952], [100.6054, 13.7952], [100.6055, 13.7951], [100.6056, 13.7951], [100.6056, 13.7951], [100.6058, 13.7952], [100.6061, 13.7952], [100.6061, 13.7953], [100.6062, 13.7953], [100.6063, 13.7953], [100.6063, 13.7953], [100.6065, 13.7953], [100.6066, 13.7953], [100.6068, 13.7953], [100.6069, 13.7953], [100.6071, 13.7953], [100.6073, 13.7953], [100.6074, 13.7953], [100.6077, 13.7953], [100.608, 13.7952], [100.608, 13.7952], [100.6083, 13.7952], [100.6086, 13.7951], [100.6089, 13.7951], [100.6092, 13.7951], [100.6094, 13.795], [100.6095, 13.795], [100.6097, 13.795], [100.61, 13.795], [100.61, 13.795], [100.6102, 13.7949], [100.6104, 13.7949], [100.6107, 13.7949], [100.6109, 13.7949], [100.6109, 13.7949], [100.6111, 13.7949], [100.6113, 13.7949], [100.6113, 13.7949], [100.6115, 13.7949], [100.6117, 13.7949], [100.6117, 13.7949], [100.6121, 13.7949], [100.613, 13.7949], [100.6132, 13.7953], [100.6135, 13.796], [100.6136, 13.7963], [100.6137, 13.7966], [100.6138, 13.7968], [100.6139, 13.797], [100.6143, 13.7979], [100.6143, 13.798], [100.6145, 13.7985], [100.615, 13.7995], [100.6151, 13.7997], [100.6152, 13.8], [100.6154, 13.8005], [100.6158, 13.8013], [100.616, 13.8018], [100.616, 13.8019], [100.6163, 13.8023], [100.6164, 13.8027], [100.6165, 13.8028], [100.6167, 13.8033], [100.617, 13.8039], [100.6172, 13.8043], [100.6173, 13.8047], [100.6175, 13.8051], [100.6177, 13.8056], [100.6179, 13.806], [100.6181, 13.8064], [100.6182, 13.8065], [100.6182, 13.8066], [100.6183, 13.8068], [100.6184, 13.807], [100.6185, 13.8073], [100.6186, 13.8075], [100.619, 13.8084], [100.6195, 13.8094], [100.6196, 13.8095], [100.6199, 13.81], [100.6202, 13.8106], [100.6206, 13.8114], [100.6208, 13.8117], [100.6208, 13.8117], [100.6209, 13.8119], [100.6213, 13.8125], [100.6214, 13.8126], [100.6214, 13.8127], [100.6214, 13.8127], [100.6215, 13.8129], [100.6219, 13.8135], [100.6221, 13.8137], [100.6224, 13.8143], [100.6228, 13.8149], [100.623, 13.8153], [100.6232, 13.8155], [100.6235, 13.816], [100.6235, 13.8161], [100.6236, 13.8162], [100.6236, 13.8162], [100.6241, 13.8169], [100.6243, 13.8171], [100.6244, 13.8172], [100.6244, 13.8173], [100.6246, 13.8175], [100.6249, 13.818], [100.625, 13.8183], [100.6251, 13.8185], [100.6252, 13.8187], [100.6253, 13.819], [100.6254, 13.8191], [100.6255, 13.8194], [100.6256, 13.8198], [100.6258, 13.8202], [100.6265, 13.8214], [100.6266, 13.8217], [100.6267, 13.8217], [100.6267, 13.8218], [100.6267, 13.8219], [100.6271, 13.8224], [100.6275, 13.8231], [100.6279, 13.8239], [100.6283, 13.8248], [100.6285, 13.8253], [100.6286, 13.8257], [100.6289, 13.8263], [100.6292, 13.8271], [100.6294, 13.8277], [100.6295, 13.828], [100.6296, 13.8286], [100.6298, 13.8294], [100.6299, 13.8297], [100.6299, 13.8297], [100.6299, 13.8298], [100.6299, 13.8299], [100.63, 13.83], [100.6301, 13.8306], [100.6303, 13.8311], [100.6303, 13.8312], [100.6304, 13.8314], [100.6305, 13.8317], [100.6308, 13.8325], [100.6309, 13.8328], [100.6311, 13.8332], [100.6312, 13.8335], [100.6313, 13.8337], [100.6314, 13.8339], [100.6315, 13.834], [100.6315, 13.8341], [100.6316, 13.8342], [100.6316, 13.8342], [100.6317, 13.8344], [100.6319, 13.8348], [100.6321, 13.8351], [100.6325, 13.8357], [100.6329, 13.8364], [100.6331, 13.8367], [100.6333, 13.8371], [100.6334, 13.8373], [100.6335, 13.8374], [100.6336, 13.8376], [100.6337, 13.8378], [100.6339, 13.8381], [100.6341, 13.8384], [100.6344, 13.8389], [100.6345, 13.8392], [100.6347, 13.8396], [100.6348, 13.8397], [100.6349, 13.84], [100.6351, 13.8404], [100.6353, 13.8411], [100.6354, 13.8413], [100.6355, 13.8416], [100.6357, 13.842], [100.6357, 13.842], [100.6359, 13.8423], [100.6362, 13.8429], [100.6364, 13.8432], [100.6365, 13.8435], [100.6366, 13.8435], [100.6366, 13.8437], [100.6368, 13.8439], [100.6369, 13.8441], [100.6369, 13.8441], [100.6372, 13.8446], [100.6372, 13.8446], [100.6372, 13.8448], [100.6371, 13.8447], [100.637, 13.8446], [100.6369, 13.8445], [100.6369, 13.8445], [100.6364, 13.8442], [100.6363, 13.8441], [100.636, 13.8439], [100.636, 13.8438], [100.6355, 13.8436], [100.6341, 13.843], [100.6334, 13.8427], [100.6331, 13.8426], [100.6331, 13.8426], [100.633, 13.8426], [100.633, 13.8425], [100.633, 13.8425], [100.6329, 13.8425], [100.6327, 13.8426], [100.6325, 13.8426], [100.6322, 13.8426], [100.6318, 13.8426], [100.6313, 13.8427], [100.6309, 13.8427], [100.6305, 13.8427], [100.6298, 13.8427], [100.6293, 13.8426], [100.6288, 13.8426], [100.6286, 13.8427], [100.6285, 13.843], [100.6282, 13.8433], [100.6281, 13.8433], [100.6281, 13.8433], [100.6281, 13.8434], [100.6281, 13.8434], [100.6277, 13.8436], [100.6273, 13.8438], [100.6269, 13.844], [100.6268, 13.8441], [100.6266, 13.8442], [100.6263, 13.8444], [100.6258, 13.8446], [100.625, 13.845], [100.6243, 13.8454], [100.6241, 13.8455], [100.624, 13.8456], [100.6239, 13.8457], [100.6237, 13.8457], [100.6235, 13.8458], [100.6234, 13.8459], [100.6234, 13.846], [100.6232, 13.8461], [100.6231, 13.8463], [100.6229, 13.8465], [100.6227, 13.8466], [100.6226, 13.8467], [100.6224, 13.8468], [100.6222, 13.8469], [100.622, 13.847], [100.622, 13.847], [100.622, 13.847], [100.622, 13.847], [100.6218, 13.8471], [100.6217, 13.8471], [100.6216, 13.8473], [100.6213, 13.8475], [100.6212, 13.8477], [100.6211, 13.8478], [100.621, 13.8478], [100.621, 13.8479], [100.621, 13.8479], [100.6208, 13.848], [100.6207, 13.8481], [100.6205, 13.8482], [100.6202, 13.8483], [100.6201, 13.8483], [100.6201, 13.8483], [100.62, 13.8483], [100.6198, 13.8484], [100.6197, 13.8484], [100.6194, 13.8485], [100.6191, 13.8485], [100.619, 13.8485], [100.6189, 13.8485], [100.6188, 13.8485], [100.6187, 13.8485], [100.6187, 13.8485], [100.6186, 13.8485], [100.6184, 13.8486], [100.6183, 13.8486], [100.6182, 13.8486], [100.618, 13.8486], [100.6178, 13.8487], [100.6178, 13.8487], [100.6178, 13.8487], [100.6173, 13.8487], [100.6171, 13.8487], [100.6168, 13.8488], [100.6168, 13.8488], [100.6168, 13.8488], [100.6167, 13.8488], [100.6165, 13.8488], [100.6163, 13.8488], [100.6162, 13.8488], [100.6159, 13.8489], [100.6157, 13.8489], [100.6154, 13.8489], [100.6146, 13.849], [100.6145, 13.849], [100.6145, 13.849], [100.6143, 13.8491], [100.6141, 13.8491], [100.6141, 13.8491], [100.614, 13.8491], [100.6139, 13.8491], [100.6138, 13.8491], [100.6138, 13.8491], [100.6136, 13.8491], [100.6136, 13.8491], [100.6135, 13.8491], [100.6133, 13.8491], [100.6132, 13.8491], [100.613, 13.8491], [100.6129, 13.8491], [100.6128, 13.8491], [100.6126, 13.8491], [100.6125, 13.8491], [100.6123, 13.8491], [100.6121, 13.8491], [100.612, 13.8491], [100.612, 13.8491], [100.6119, 13.8491], [100.6119, 13.8491], [100.6117, 13.8491], [100.6116, 13.8491], [100.6115, 13.8491], [100.6114, 13.8491], [100.6113, 13.8491], [100.6112, 13.8491], [100.6112, 13.8491], [100.6112, 13.8491], [100.6111, 13.8491], [100.611, 13.8491], [100.611, 13.8491], [100.6108, 13.8491], [100.6107, 13.8491], [100.6107, 13.8491], [100.6106, 13.8491], [100.6105, 13.8491], [100.6102, 13.8491], [100.6101, 13.8491], [100.61, 13.8491], [100.6099, 13.8491], [100.6099, 13.8491], [100.6098, 13.8491], [100.6094, 13.8491], [100.6093, 13.8491], [100.6092, 13.8491], [100.6092, 13.8491], [100.6091, 13.8491], [100.609, 13.8491], [100.6089, 13.8491], [100.6089, 13.8491], [100.6088, 13.8491], [100.6088, 13.8491], [100.6086, 13.8491], [100.6085, 13.8491], [100.6084, 13.8491], [100.6084, 13.8492], [100.6083, 13.8492], [100.6082, 13.8492], [100.608, 13.8492], [100.6079, 13.8492], [100.6077, 13.8492], [100.6076, 13.8492], [100.6076, 13.8492], [100.6074, 13.8492], [100.6073, 13.8493], [100.6071, 13.8493], [100.6069, 13.8493], [100.6068, 13.8493], [100.6067, 13.8492], [100.6066, 13.8492], [100.6064, 13.8491], [100.6063, 13.849], [100.6061, 13.849], [100.606, 13.849], [100.6059, 13.8489], [100.6058, 13.8488], [100.6056, 13.8487], [100.6052, 13.8486], [100.6048, 13.8484], [100.6046, 13.8482], [100.6043, 13.8481], [100.604, 13.8479], [100.6038, 13.8477], [100.6036, 13.8476], [100.6034, 13.8475], [100.6033, 13.8475], [100.6033, 13.8475], [100.6032, 13.8474], [100.6032, 13.8474], [100.6031, 13.8473], [100.6031, 13.8473], [100.6031, 13.8473], [100.603, 13.8472], [100.6029, 13.8471], [100.6029, 13.8471], [100.6028, 13.8471], [100.6027, 13.8471], [100.6027, 13.8471], [100.6026, 13.847], [100.6024, 13.8468], [100.6022, 13.8468], [100.602, 13.8467], [100.6019, 13.8467], [100.6018, 13.8467], [100.6017, 13.8467], [100.6016, 13.8467], [100.6014, 13.8466], [100.6013, 13.8466], [100.6012, 13.8466], [100.6011, 13.8466], [100.601, 13.8466], [100.6009, 13.8466], [100.6008, 13.8466], [100.6007, 13.8466], [100.6006, 13.8466], [100.6005, 13.8466], [100.6003, 13.8466], [100.6003, 13.8466], [100.6, 13.8465], [100.6, 13.8465], [100.5999, 13.8465], [100.5998, 13.8465], [100.5998, 13.8464], [100.5997, 13.8464], [100.5996, 13.8464], [100.5995, 13.8464], [100.5993, 13.8464], [100.5991, 13.8464], [100.599, 13.8464], [100.599, 13.8463], [100.5989, 13.8463], [100.5989, 13.8463], [100.5988, 13.8463], [100.5987, 13.8463], [100.5986, 13.8463], [100.5984, 13.8463], [100.5983, 13.8462], [100.5981, 13.8462], [100.598, 13.8462], [100.598, 13.8462], [100.598, 13.8462], [100.5979, 13.8462], [100.5978, 13.8462], [100.5978, 13.8462], [100.5978, 13.8462], [100.5977, 13.8461], [100.5977, 13.8461], [100.5976, 13.8461], [100.5976, 13.8461], [100.5975, 13.8461], [100.5974, 13.8461], [100.5974, 13.846], [100.5973, 13.846], [100.5973, 13.846], [100.5972, 13.8459], [100.5971, 13.8459], [100.5969, 13.8458], [100.5968, 13.8458], [100.5967, 13.8458], [100.5967, 13.8458], [100.5965, 13.8458], [100.5964, 13.8457], [100.5963, 13.8457], [100.5962, 13.8457], [100.5962, 13.8457], [100.5961, 13.8457], [100.596, 13.8457], [100.596, 13.8457], [100.5959, 13.8457], [100.5958, 13.8457], [100.5956, 13.8457], [100.5955, 13.8457], [100.5954, 13.8456], [100.5954, 13.8456], [100.5953, 13.8456], [100.5952, 13.8456], [100.5951, 13.8456], [100.5951, 13.8455], [100.595, 13.8455], [100.5949, 13.8455], [100.5947, 13.8454], [100.5946, 13.8454], [100.5942, 13.8453], [100.5941, 13.8453], [100.594, 13.8453], [100.5938, 13.8452], [100.5936, 13.8452], [100.5935, 13.8452], [100.5934, 13.8451], [100.5934, 13.8451], [100.5933, 13.845], [100.5932, 13.845], [100.593, 13.845], [100.593, 13.845], [100.5929, 13.8449], [100.5928, 13.8449], [100.5927, 13.8449], [100.5926, 13.8448], [100.5926, 13.8448], [100.5925, 13.8448], [100.5925, 13.8447], [100.5924, 13.8447], [100.5923, 13.8447], [100.5922, 13.8446], [100.5921, 13.8446], [100.5919, 13.8445], [100.5918, 13.8445], [100.5918, 13.8445], [100.5917, 13.8444], [100.5917, 13.8444], [100.5916, 13.8444], [100.5915, 13.8443], [100.5914, 13.8443], [100.5913, 13.8443], [100.5912, 13.8442], [100.5911, 13.8442], [100.5908, 13.8441], [100.5904, 13.844], [100.5902, 13.844], [100.5899, 13.8439], [100.5899, 13.8438], [100.59, 13.8433], [100.59, 13.8429], [100.5901, 13.8423], [100.5902, 13.8417], [100.5903, 13.8412], [100.5904, 13.8409], [100.5905, 13.8407], [100.5906, 13.8403], [100.5907, 13.84], [100.5907, 13.8397], [100.5908, 13.8395], [100.5909, 13.8393], [100.5909, 13.8391], [100.5909, 13.8389], [100.591, 13.8388], [100.591, 13.8387], [100.591, 13.8386], [100.591, 13.8385], [100.591, 13.8383], [100.5911, 13.8383], [100.5911, 13.8381], [100.5911, 13.8379], [100.5911, 13.8376], [100.5911, 13.8375], [100.5911, 13.8375], [100.5911, 13.8374], [100.5911, 13.8373], [100.5911, 13.8373], [100.5911, 13.8371], [100.5911, 13.837], [100.591, 13.8368], [100.591, 13.8368], [100.591, 13.8368], [100.591, 13.8368], [100.591, 13.8367], [100.5909, 13.8365], [100.5909, 13.8362], [100.5909, 13.8362], [100.5909, 13.8359], [100.5908, 13.8356], [100.5907, 13.8354]]]}, "properties": {"DISTRICT_N": "ลาดพร้าว", "CODE": 1038, "AREA_BMA": 21.55699921}}, {"type": "Feature", "geometry": {"type": "Polygon", "coordinates": [[[100.5376, 13.7073], [100.5379, 13.7067], [100.5382, 13.7061], [100.5386, 13.7054], [100.5391, 13.7044], [100.5392, 13.7045], [100.5393, 13.7045], [100.5393, 13.7046], [100.5394, 13.7046], [100.5396, 13.7048], [100.5397, 13.7048], [100.5397, 13.7048], [100.5399, 13.705], [100.54, 13.705], [100.5404, 13.7053], [100.5407, 13.7055], [100.5408, 13.7056], [100.5411, 13.7058], [100.5416, 13.7061], [100.5421, 13.7064], [100.5422, 13.7064], [100.5422, 13.7064], [100.5426, 13.7065], [100.5426, 13.7066], [100.5429, 13.7067], [100.5436, 13.707], [100.5434, 13.7075], [100.5433, 13.7075], [100.5428, 13.7085], [100.5428, 13.7086], [100.5423, 13.7095], [100.5422, 13.7098], [100.542, 13.7101], [100.5419, 13.7103], [100.5419, 13.7103], [100.5417, 13.7106], [100.5422, 13.7109], [100.5442, 13.7122], [100.5443, 13.7123], [100.5443, 13.7123], [100.5444, 13.7124], [100.5453, 13.7139], [100.5453, 13.7139], [100.5456, 13.7143], [100.5458, 13.7145], [100.5458, 13.7146], [100.5463, 13.7154], [100.5463, 13.7154], [100.547, 13.7164], [100.547, 13.7164], [100.5476, 13.7173], [100.5479, 13.7177], [100.5479, 13.7177], [100.5482, 13.7182], [100.5483, 13.7183], [100.5488, 13.719], [100.549, 13.7193], [100.5492, 13.7192], [100.5494, 13.719], [100.5495, 13.7189], [100.5498, 13.7188], [100.5501, 13.7187], [100.5501, 13.7187], [100.5507, 13.7185], [100.5513, 13.7183], [100.5515, 13.7182], [100.5516, 13.7182], [100.5519, 13.7181], [100.552, 13.718], [100.5521, 13.7181], [100.5521, 13.7181], [100.5525, 13.7181], [100.5525, 13.7181], [100.5525, 13.7181], [100.5526, 13.7173], [100.5527, 13.7173], [100.5527, 13.7169], [100.5529, 13.7163], [100.5537, 13.7166], [100.5537, 13.7166], [100.5536, 13.7173], [100.5535, 13.7179], [100.5534, 13.7184], [100.5533, 13.7189], [100.5532, 13.7201], [100.553, 13.7216], [100.5529, 13.7227], [100.5525, 13.7229], [100.5521, 13.7231], [100.5519, 13.7232], [100.5518, 13.7232], [100.5514, 13.7234], [100.551, 13.7235], [100.5507, 13.7237], [100.5504, 13.7238], [100.55, 13.724], [100.5497, 13.7241], [100.5493, 13.7243], [100.5487, 13.7245], [100.5484, 13.7246], [100.5479, 13.7248], [100.5477, 13.7249], [100.5474, 13.725], [100.5471, 13.7252], [100.5469, 13.7252], [100.5467, 13.7253], [100.5464, 13.7255], [100.5462, 13.7255], [100.546, 13.7256], [100.5458, 13.7257], [100.5455, 13.7258], [100.5453, 13.7259], [100.5451, 13.726], [100.5449, 13.7261], [100.5448, 13.7262], [100.5445, 13.7261], [100.5437, 13.7258], [100.5433, 13.7257], [100.5431, 13.7257], [100.5424, 13.7254], [100.5415, 13.7252], [100.5406, 13.7249], [100.5401, 13.7247], [100.5395, 13.7246], [100.5389, 13.7244], [100.5385, 13.7243], [100.5377, 13.724], [100.5367, 13.7238], [100.5354, 13.7234], [100.5344, 13.7231], [100.534, 13.723], [100.5334, 13.7228], [100.5328, 13.7226], [100.5322, 13.7224], [100.5315, 13.7223], [100.5309, 13.7221], [100.5303, 13.7219], [100.5303, 13.7219], [100.5296, 13.7217], [100.5291, 13.7215], [100.5283, 13.7213], [100.528, 13.7212], [100.5277, 13.7211], [100.5271, 13.7209], [100.527, 13.7209], [100.5265, 13.7208], [100.526, 13.7206], [100.5256, 13.7205], [100.5254, 13.7205], [100.5247, 13.7203], [100.5242, 13.7201], [100.5235, 13.7199], [100.5231, 13.7198], [100.5227, 13.7197], [100.5224, 13.7196], [100.5216, 13.7193], [100.5213, 13.7193], [100.5209, 13.7191], [100.5206, 13.7191], [100.5202, 13.7189], [100.5199, 13.7188], [100.5195, 13.7187], [100.5189, 13.7186], [100.5186, 13.7185], [100.5182, 13.7184], [100.5177, 13.7182], [100.5175, 13.7182], [100.5173, 13.7181], [100.5172, 13.7181], [100.517, 13.7181], [100.5169, 13.7181], [100.5168, 13.7181], [100.5162, 13.7183], [100.5154, 13.7185], [100.5151, 13.7186], [100.515, 13.7186], [100.5145, 13.7188], [100.5137, 13.719], [100.5121, 13.7194], [100.5119, 13.7189], [100.5114, 13.7175], [100.5114, 13.7175], [100.5113, 13.7173], [100.5112, 13.7171], [100.5111, 13.7167], [100.5108, 13.7162], [100.5106, 13.7159], [100.5104, 13.7155], [100.5101, 13.7151], [100.5097, 13.7145], [100.5093, 13.7138], [100.508, 13.7122], [100.5089, 13.7117], [100.5092, 13.7115], [100.5094, 13.7114], [100.5095, 13.7114], [100.5097, 13.7113], [100.5097, 13.7113], [100.5098, 13.7113], [100.5099, 13.7112], [100.5099, 13.7112], [100.5101, 13.7112], [100.5103, 13.7111], [100.5104, 13.7111], [100.5105, 13.7111], [100.5107, 13.711], [100.5108, 13.711], [100.5109, 13.711], [100.511, 13.711], [100.5111, 13.7109], [100.5112, 13.7109], [100.5113, 13.7109], [100.5113, 13.7109], [100.5115, 13.7109], [100.5118, 13.7107], [100.512, 13.7107], [100.512, 13.7107], [100.5121, 13.7107], [100.5122, 13.7106], [100.5122, 13.7106], [100.5124, 13.7106], [100.5125, 13.7106], [100.5126, 13.7106], [100.5129, 13.7105], [100.5131, 13.7104], [100.5133, 13.7104], [100.5134, 13.7104], [100.5135, 13.7103], [100.5138, 13.7103], [100.5139, 13.7103], [100.514, 13.7102], [100.5141, 13.7102], [100.5142, 13.7102], [100.5142, 13.7102], [100.5143, 13.7102], [100.5143, 13.7102], [100.5144, 13.7102], [100.5144, 13.7102], [100.5146, 13.7101], [100.5148, 13.7101], [100.5151, 13.71], [100.5155, 13.71], [100.5155, 13.71], [100.5156, 13.71], [100.5156, 13.7099], [100.5157, 13.7099], [100.5157, 13.7099], [100.5158, 13.7099], [100.5159, 13.7099], [100.516, 13.7099], [100.5161, 13.7098], [100.5163, 13.7098], [100.5163, 13.7098], [100.5164, 13.7098], [100.5166, 13.7097], [100.5166, 13.7097], [100.5168, 13.7097], [100.5168, 13.7097], [100.5169, 13.7096], [100.5169, 13.7096], [100.5167, 13.7091], [100.5164, 13.7084], [100.5159, 13.7072], [100.5158, 13.707], [100.5158, 13.7069], [100.5158, 13.7069], [100.5157, 13.7067], [100.5156, 13.7066], [100.5156, 13.7066], [100.5155, 13.7065], [100.5155, 13.7064], [100.5155, 13.7064], [100.5154, 13.7063], [100.5153, 13.7059], [100.5147, 13.7049], [100.5147, 13.7049], [100.5148, 13.7048], [100.5151, 13.7048], [100.5152, 13.7047], [100.5152, 13.7047], [100.5153, 13.7047], [100.5158, 13.7046], [100.5162, 13.7045], [100.5162, 13.7045], [100.5167, 13.7043], [100.5167, 13.7043], [100.5168, 13.7043], [100.5178, 13.704], [100.5186, 13.7038], [100.5186, 13.7038], [100.5189, 13.7037], [100.5189, 13.7036], [100.5192, 13.7035], [100.5192, 13.7035], [100.5194, 13.7034], [100.5194, 13.7034], [100.5197, 13.7032], [100.5199, 13.7034], [100.5199, 13.7034], [100.52, 13.7036], [100.5206, 13.7041], [100.5206, 13.7041], [100.5207, 13.7041], [100.5207, 13.7041], [100.521, 13.7039], [100.5212, 13.7037], [100.5212, 13.7037], [100.5214, 13.7036], [100.5214, 13.7035], [100.5215, 13.7035], [100.5219, 13.7032], [100.522, 13.7032], [100.5222, 13.703], [100.5222, 13.703], [100.5224, 13.7029], [100.5224, 13.7029], [100.5225, 13.7027], [100.5226, 13.7027], [100.5226, 13.7027], [100.5228, 13.7026], [100.5228, 13.7025], [100.5229, 13.7025], [100.523, 13.7023], [100.5231, 13.7023], [100.5234, 13.7021], [100.5236, 13.7019], [100.5237, 13.7019], [100.5243, 13.7013], [100.5249, 13.7009], [100.5251, 13.701], [100.5251, 13.7011], [100.5257, 13.7011], [100.5257, 13.7011], [100.5257, 13.7011], [100.5259, 13.7013], [100.5262, 13.7016], [100.5263, 13.7018], [100.5266, 13.7014], [100.5269, 13.7011], [100.5269, 13.7011], [100.527, 13.7011], [100.527, 13.7011], [100.527, 13.7011], [100.527, 13.7011], [100.5272, 13.7012], [100.5276, 13.7014], [100.5278, 13.7015], [100.5284, 13.7018], [100.5289, 13.702], [100.5292, 13.7022], [100.5295, 13.7023], [100.5298, 13.7025], [100.5298, 13.7025], [100.5299, 13.7025], [100.5299, 13.7026], [100.5299, 13.7027], [100.5298, 13.7028], [100.5297, 13.7031], [100.5297, 13.7031], [100.5297, 13.7031], [100.5297, 13.7032], [100.5295, 13.7036], [100.5295, 13.7036], [100.5294, 13.7037], [100.5294, 13.7038], [100.5293, 13.7042], [100.5293, 13.7042], [100.529, 13.705], [100.529, 13.705], [100.529, 13.705], [100.5289, 13.705], [100.5288, 13.7053], [100.5288, 13.7053], [100.5287, 13.7057], [100.5286, 13.7058], [100.5286, 13.7058], [100.5286, 13.7058], [100.5287, 13.706], [100.5287, 13.706], [100.529, 13.7059], [100.5291, 13.7059], [100.5298, 13.7058], [100.5304, 13.7057], [100.5305, 13.7056], [100.5307, 13.7056], [100.5309, 13.7056], [100.5311, 13.7056], [100.5313, 13.7056], [100.5314, 13.7055], [100.5318, 13.7055], [100.5319, 13.7055], [100.5322, 13.7055], [100.5324, 13.7055], [100.533, 13.7055], [100.533, 13.7055], [100.5335, 13.7055], [100.5337, 13.7055], [100.5338, 13.7055], [100.534, 13.7056], [100.5343, 13.7056], [100.5345, 13.7057], [100.5345, 13.7057], [100.5346, 13.7057], [100.5351, 13.7058], [100.5352, 13.7059], [100.5353, 13.7059], [100.5358, 13.7062], [100.5364, 13.7066], [100.5364, 13.7066], [100.5367, 13.7068], [100.5371, 13.707], [100.5376, 13.7073]]]}, "properties": {"DISTRICT_N": "สาทร", "CODE": 1028, "AREA_BMA": 9.32600021}}, {"type": "Feature", "geometry": {"type": "Polygon", "coordinates": [[[100.5082, 13.7891], [100.5102, 13.791], [100.5117, 13.7926], [100.5128, 13.7939], [100.5143, 13.7957], [100.5151, 13.7969], [100.5154, 13.7976], [100.5165, 13.8004], [100.5166, 13.8006], [100.5171, 13.8022], [100.5174, 13.8039], [100.5175, 13.8054], [100.5177, 13.8079], [100.5177, 13.8085], [100.5176, 13.8092], [100.5174, 13.8097], [100.5171, 13.8107], [100.5167, 13.8115], [100.5165, 13.812], [100.5163, 13.8123], [100.5161, 13.8126], [100.5156, 13.813], [100.5153, 13.8133], [100.5151, 13.8131], [100.5149, 13.8129], [100.5145, 13.8125], [100.5139, 13.812], [100.5126, 13.8108], [100.5119, 13.8102], [100.5103, 13.8088], [100.5094, 13.808], [100.5092, 13.8078], [100.5086, 13.8072], [100.5083, 13.807], [100.508, 13.8067], [100.5078, 13.8065], [100.5076, 13.8063], [100.5074, 13.8061], [100.5071, 13.8058], [100.5068, 13.8055], [100.5063, 13.8051], [100.5059, 13.8048], [100.5056, 13.8044], [100.5052, 13.8042], [100.5049, 13.8038], [100.5046, 13.8036], [100.5044, 13.8034], [100.5043, 13.8033], [100.5041, 13.8031], [100.5036, 13.8027], [100.5035, 13.8026], [100.5033, 13.8023], [100.503, 13.8021], [100.5027, 13.8019], [100.5025, 13.8017], [100.5024, 13.8016], [100.5023, 13.8015], [100.5019, 13.8012], [100.5016, 13.801], [100.5013, 13.8008], [100.5011, 13.8007], [100.5009, 13.8006], [100.5007, 13.8005], [100.5005, 13.8004], [100.5003, 13.8003], [100.5, 13.8002], [100.4995, 13.8], [100.4986, 13.7997], [100.498, 13.7995], [100.4976, 13.7993], [100.4974, 13.7993], [100.4972, 13.7992], [100.4969, 13.7991], [100.4963, 13.7988], [100.4957, 13.7986], [100.4948, 13.7983], [100.4943, 13.7981], [100.4937, 13.7979], [100.4929, 13.7976], [100.4916, 13.7971], [100.4907, 13.7968], [100.4899, 13.7965], [100.4887, 13.7961], [100.4881, 13.7959], [100.4869, 13.7954], [100.4858, 13.7951], [100.4845, 13.7946], [100.4831, 13.7941], [100.4825, 13.7939], [100.4819, 13.7936], [100.4816, 13.7935], [100.4804, 13.7931], [100.4797, 13.7928], [100.479, 13.7926], [100.4771, 13.7919], [100.4766, 13.7917], [100.4761, 13.7915], [100.4755, 13.7914], [100.4753, 13.7913], [100.475, 13.7912], [100.4747, 13.791], [100.4744, 13.7909], [100.4743, 13.7909], [100.4741, 13.7908], [100.474, 13.7908], [100.4735, 13.7906], [100.4731, 13.7905], [100.4729, 13.7904], [100.4725, 13.7903], [100.472, 13.7902], [100.4716, 13.7901], [100.471, 13.7899], [100.4705, 13.7898], [100.4701, 13.7897], [100.4697, 13.7896], [100.4694, 13.7896], [100.4686, 13.7894], [100.4683, 13.7893], [100.4675, 13.7891], [100.467, 13.789], [100.4664, 13.7889], [100.4662, 13.7888], [100.4662, 13.7884], [100.4661, 13.7873], [100.4661, 13.7872], [100.4664, 13.7873], [100.4672, 13.7876], [100.4679, 13.7878], [100.4684, 13.7877], [100.4685, 13.7877], [100.4686, 13.7876], [100.4686, 13.7876], [100.4688, 13.7875], [100.4689, 13.7874], [100.469, 13.7874], [100.4691, 13.7872], [100.4693, 13.7871], [100.4694, 13.7869], [100.4696, 13.7867], [100.4703, 13.786], [100.4704, 13.7859], [100.4707, 13.7856], [100.4709, 13.7853], [100.471, 13.7853], [100.4713, 13.785], [100.4713, 13.7849], [100.4717, 13.7845], [100.4718, 13.7844], [100.472, 13.7842], [100.4722, 13.784], [100.4725, 13.7837], [100.4725, 13.7836], [100.4726, 13.7836], [100.4728, 13.7833], [100.4728, 13.7833], [100.4731, 13.783], [100.4731, 13.783], [100.4733, 13.7828], [100.4736, 13.7825], [100.4738, 13.7823], [100.4738, 13.7823], [100.4739, 13.7822], [100.4741, 13.782], [100.4744, 13.7817], [100.4746, 13.7814], [100.4746, 13.7814], [100.4749, 13.7811], [100.4751, 13.7809], [100.4754, 13.7806], [100.4754, 13.7805], [100.4759, 13.78], [100.4763, 13.7796], [100.4767, 13.7792], [100.4771, 13.7787], [100.4775, 13.7782], [100.4782, 13.7775], [100.4785, 13.7773], [100.4789, 13.7769], [100.4792, 13.7765], [100.4792, 13.7765], [100.4795, 13.7762], [100.4799, 13.7758], [100.4804, 13.7753], [100.4807, 13.775], [100.4814, 13.7742], [100.4817, 13.7738], [100.482, 13.7735], [100.4821, 13.7733], [100.4826, 13.7728], [100.4832, 13.7721], [100.4837, 13.7716], [100.4843, 13.7708], [100.4847, 13.7703], [100.4853, 13.7695], [100.4855, 13.7692], [100.4865, 13.7683], [100.4868, 13.7678], [100.4872, 13.7673], [100.4877, 13.7666], [100.4884, 13.7658], [100.489, 13.765], [100.4895, 13.7643], [100.49, 13.7637], [100.49, 13.7636], [100.49, 13.7635], [100.4899, 13.7635], [100.4899, 13.7634], [100.49, 13.7633], [100.4902, 13.763], [100.4903, 13.7629], [100.4904, 13.7628], [100.491, 13.762], [100.492, 13.7629], [100.4925, 13.7633], [100.4931, 13.7638], [100.4942, 13.765], [100.4947, 13.7655], [100.4958, 13.7668], [100.4962, 13.7674], [100.4976, 13.7695], [100.4982, 13.7708], [100.4991, 13.7725], [100.4998, 13.774], [100.5009, 13.7772], [100.5019, 13.7798], [100.5025, 13.781], [100.5025, 13.781], [100.503, 13.7825], [100.5037, 13.7838], [100.5042, 13.7846], [100.5048, 13.7854], [100.5056, 13.7863], [100.5065, 13.7873], [100.5082, 13.7891]]]}, "properties": {"DISTRICT_N": "บางพลัด", "CODE": 1025, "AREA_BMA": 11.35999966}}, {"type": "Feature", "geometry": {"type": "Polygon", "coordinates": [[[100.5041, 13.7477], [100.5042, 13.7481], [100.5044, 13.749], [100.5046, 13.7499], [100.5048, 13.7507], [100.505, 13.7514], [100.5051, 13.7519], [100.5052, 13.7524], [100.5053, 13.7524], [100.5053, 13.7527], [100.5054, 13.7532], [100.5055, 13.7534], [100.5055, 13.7537], [100.5056, 13.7541], [100.5057, 13.7543], [100.5059, 13.7551], [100.506, 13.7555], [100.506, 13.7556], [100.506, 13.7557], [100.5057, 13.7562], [100.506, 13.7564], [100.5061, 13.7566], [100.5068, 13.7582], [100.5075, 13.7596], [100.5077, 13.76], [100.508, 13.7608], [100.5094, 13.7636], [100.5093, 13.7638], [100.5077, 13.7655], [100.5062, 13.767], [100.5048, 13.7687], [100.5045, 13.769], [100.5039, 13.7697], [100.5038, 13.7698], [100.503, 13.7704], [100.5022, 13.7711], [100.5018, 13.7714], [100.5012, 13.7718], [100.4996, 13.7724], [100.4991, 13.7725], [100.4982, 13.7708], [100.4976, 13.7695], [100.4962, 13.7674], [100.4958, 13.7668], [100.4947, 13.7655], [100.4942, 13.765], [100.4931, 13.7638], [100.4925, 13.7633], [100.492, 13.7629], [100.491, 13.762], [100.4909, 13.7619], [100.4904, 13.7615], [100.4896, 13.7603], [100.4892, 13.7598], [100.4886, 13.7587], [100.4882, 13.7577], [100.488, 13.7567], [100.4877, 13.7556], [100.4875, 13.7523], [100.4876, 13.7508], [100.4878, 13.75], [100.4881, 13.7484], [100.4882, 13.7482], [100.4888, 13.7468], [100.4896, 13.7453], [100.491, 13.7435], [100.492, 13.7424], [100.4923, 13.7421], [100.4931, 13.7413], [100.4937, 13.7409], [100.4941, 13.7406], [100.4949, 13.7402], [100.4962, 13.7397], [100.4975, 13.7393], [100.4976, 13.7393], [100.4998, 13.7387], [100.5002, 13.7398], [100.5004, 13.7403], [100.5006, 13.7408], [100.5007, 13.7412], [100.5008, 13.7414], [100.5011, 13.7419], [100.5015, 13.7424], [100.5018, 13.7429], [100.5024, 13.7437], [100.5027, 13.7442], [100.5031, 13.7446], [100.5032, 13.7449], [100.5035, 13.7452], [100.5035, 13.7455], [100.5037, 13.7459], [100.5038, 13.7465], [100.5039, 13.7468], [100.5039, 13.7468], [100.5041, 13.7477]]]}, "properties": {"DISTRICT_N": "พระนคร", "CODE": 1001, "AREA_BMA": 5.53599977}}, {"type": "Feature", "geometry": {"type": "Polygon", "coordinates": [[[100.5066, 13.7369], [100.5076, 13.7364], [100.5083, 13.736], [100.509, 13.7356], [100.5098, 13.7347], [100.5101, 13.7343], [100.5106, 13.7338], [100.511, 13.733], [100.5114, 13.732], [100.5119, 13.7309], [100.5122, 13.7295], [100.5123, 13.7289], [100.5136, 13.7299], [100.5139, 13.7302], [100.5145, 13.7308], [100.5149, 13.7313], [100.5152, 13.7316], [100.5153, 13.7321], [100.5154, 13.7322], [100.5155, 13.7325], [100.5157, 13.7331], [100.5158, 13.7339], [100.5159, 13.7346], [100.5159, 13.7351], [100.5159, 13.7358], [100.5159, 13.7365], [100.5158, 13.7368], [100.5158, 13.737], [100.5157, 13.7379], [100.5157, 13.738], [100.5155, 13.738], [100.5154, 13.7381], [100.5153, 13.7381], [100.5152, 13.7382], [100.5151, 13.7382], [100.5149, 13.7384], [100.5142, 13.7389], [100.5138, 13.7393], [100.5132, 13.7397], [100.513, 13.7399], [100.5127, 13.7401], [100.5126, 13.7402], [100.5124, 13.7404], [100.5122, 13.7405], [100.5122, 13.7405], [100.5118, 13.7408], [100.5107, 13.7417], [100.5104, 13.7419], [100.5104, 13.7419], [100.5099, 13.7423], [100.5093, 13.7428], [100.5089, 13.743], [100.5082, 13.7436], [100.5076, 13.7441], [100.5065, 13.7449], [100.506, 13.7453], [100.5057, 13.7456], [100.5057, 13.7456], [100.5048, 13.7463], [100.5044, 13.7466], [100.5043, 13.7467], [100.5041, 13.7467], [100.5039, 13.7468], [100.5038, 13.7465], [100.5037, 13.7459], [100.5035, 13.7455], [100.5035, 13.7452], [100.5032, 13.7449], [100.5031, 13.7448], [100.5031, 13.7446], [100.5027, 13.7442], [100.5024, 13.7437], [100.5018, 13.7429], [100.5015, 13.7424], [100.5011, 13.7419], [100.5008, 13.7414], [100.5007, 13.7412], [100.5006, 13.7408], [100.5004, 13.7403], [100.5002, 13.7398], [100.4998, 13.7387], [100.5, 13.7386], [100.5027, 13.738], [100.5041, 13.7376], [100.5055, 13.7373], [100.5063, 13.737], [100.5066, 13.7369]]]}, "properties": {"DISTRICT_N": "สัมพันธวงศ์", "CODE": 1013, "AREA_BMA": 1.41600001}}, {"type": "Feature", "geometry": {"type": "Polygon", "coordinates": [[[100.5366, 13.7295], [100.5367, 13.7295], [100.5369, 13.7294], [100.5376, 13.7291], [100.5386, 13.7287], [100.5394, 13.7284], [100.5406, 13.7279], [100.5419, 13.7273], [100.543, 13.7269], [100.5444, 13.7263], [100.5448, 13.7262], [100.5449, 13.7261], [100.5451, 13.726], [100.5453, 13.7259], [100.5455, 13.7258], [100.5458, 13.7257], [100.546, 13.7256], [100.5462, 13.7255], [100.5464, 13.7255], [100.5467, 13.7253], [100.5469, 13.7252], [100.5471, 13.7252], [100.5474, 13.725], [100.5477, 13.7249], [100.5479, 13.7248], [100.5484, 13.7246], [100.5487, 13.7245], [100.5493, 13.7243], [100.5497, 13.7241], [100.55, 13.724], [100.5504, 13.7238], [100.5507, 13.7237], [100.551, 13.7235], [100.5514, 13.7234], [100.5518, 13.7232], [100.5519, 13.7232], [100.5521, 13.7231], [100.5525, 13.7229], [100.5529, 13.7227], [100.5529, 13.723], [100.5528, 13.7241], [100.5526, 13.7259], [100.5525, 13.7264], [100.5525, 13.7269], [100.5524, 13.7277], [100.5517, 13.7337], [100.5516, 13.7352], [100.5512, 13.7387], [100.5511, 13.7399], [100.551, 13.7406], [100.5509, 13.7412], [100.5508, 13.7417], [100.5508, 13.7424], [100.5507, 13.7429], [100.5507, 13.7431], [100.5505, 13.7448], [100.5504, 13.745], [100.5504, 13.7451], [100.5504, 13.7451], [100.5504, 13.7453], [100.5503, 13.7459], [100.5502, 13.7471], [100.5501, 13.7479], [100.55, 13.7484], [100.55, 13.7485], [100.5495, 13.7485], [100.549, 13.7485], [100.5486, 13.7485], [100.5483, 13.7485], [100.5475, 13.7485], [100.5474, 13.7485], [100.5471, 13.7486], [100.5469, 13.7486], [100.5468, 13.7486], [100.5468, 13.7486], [100.5468, 13.7486], [100.5467, 13.7486], [100.5465, 13.7486], [100.5464, 13.7487], [100.5464, 13.7487], [100.5463, 13.7487], [100.5463, 13.7487], [100.5462, 13.7487], [100.5462, 13.7487], [100.5462, 13.7487], [100.5462, 13.7487], [100.5462, 13.7487], [100.5461, 13.7487], [100.5461, 13.7487], [100.5461, 13.7486], [100.546, 13.7486], [100.5459, 13.7486], [100.5458, 13.7487], [100.5453, 13.7487], [100.5449, 13.7487], [100.5446, 13.7488], [100.5442, 13.7488], [100.5441, 13.7488], [100.5439, 13.7488], [100.5436, 13.7489], [100.5435, 13.7489], [100.5434, 13.7489], [100.5432, 13.7489], [100.5428, 13.7491], [100.5426, 13.7491], [100.5425, 13.7491], [100.5424, 13.7491], [100.5422, 13.7492], [100.5421, 13.7493], [100.542, 13.7493], [100.542, 13.7493], [100.5418, 13.7493], [100.5416, 13.7493], [100.5412, 13.7494], [100.541, 13.7494], [100.5408, 13.7495], [100.5406, 13.7495], [100.5405, 13.7495], [100.5404, 13.7495], [100.5403, 13.7495], [100.5402, 13.7495], [100.5401, 13.7494], [100.5401, 13.7494], [100.54, 13.7494], [100.5398, 13.7495], [100.5396, 13.7495], [100.5395, 13.7495], [100.5394, 13.7496], [100.5393, 13.7496], [100.5393, 13.7496], [100.5391, 13.7496], [100.539, 13.7496], [100.5389, 13.7496], [100.5387, 13.7496], [100.5386, 13.7496], [100.5385, 13.7496], [100.5383, 13.7496], [100.5379, 13.7497], [100.5374, 13.7497], [100.5369, 13.7497], [100.5367, 13.7497], [100.5363, 13.7497], [100.5361, 13.7496], [100.536, 13.7496], [100.536, 13.7496], [100.5357, 13.7495], [100.5356, 13.7495], [100.5355, 13.7494], [100.5355, 13.7494], [100.535, 13.7493], [100.5347, 13.7493], [100.5344, 13.7492], [100.5341, 13.7492], [100.5338, 13.7492], [100.5334, 13.7491], [100.5333, 13.7491], [100.533, 13.7491], [100.5326, 13.7491], [100.532, 13.7492], [100.5315, 13.7492], [100.5312, 13.7493], [100.5311, 13.7493], [100.5309, 13.7493], [100.5303, 13.7493], [100.53, 13.7493], [100.5299, 13.7493], [100.5296, 13.7493], [100.5293, 13.7494], [100.5291, 13.7494], [100.5285, 13.7495], [100.5284, 13.7496], [100.5282, 13.7496], [100.5279, 13.7496], [100.5278, 13.7496], [100.5278, 13.7496], [100.5277, 13.7497], [100.5276, 13.7497], [100.5275, 13.7497], [100.5273, 13.7496], [100.5272, 13.7496], [100.5271, 13.7496], [100.5268, 13.7496], [100.5266, 13.7495], [100.5265, 13.7495], [100.526, 13.7494], [100.5255, 13.7493], [100.5254, 13.7493], [100.5253, 13.7493], [100.5253, 13.7493], [100.5252, 13.7493], [100.5251, 13.7494], [100.525, 13.7494], [100.5248, 13.7496], [100.5245, 13.7498], [100.5244, 13.7499], [100.524, 13.7502], [100.5235, 13.7504], [100.5234, 13.7505], [100.5233, 13.7506], [100.5231, 13.7507], [100.5221, 13.7512], [100.5212, 13.7517], [100.5208, 13.752], [100.5205, 13.7522], [100.5203, 13.7523], [100.5202, 13.7524], [100.5198, 13.7525], [100.5197, 13.7525], [100.5197, 13.7525], [100.5196, 13.7526], [100.5194, 13.7526], [100.5191, 13.7527], [100.5191, 13.7526], [100.5187, 13.7527], [100.5182, 13.7528], [100.5177, 13.753], [100.5173, 13.7531], [100.5173, 13.7528], [100.5173, 13.7521], [100.5173, 13.7514], [100.5171, 13.7502], [100.517, 13.7493], [100.5169, 13.749], [100.5168, 13.7485], [100.5167, 13.7478], [100.5164, 13.7459], [100.5163, 13.7456], [100.5161, 13.7444], [100.5159, 13.7426], [100.5158, 13.7412], [100.5157, 13.7409], [100.5157, 13.7401], [100.5157, 13.7387], [100.5157, 13.7381], [100.5166, 13.7378], [100.5177, 13.7373], [100.5189, 13.7368], [100.5191, 13.7367], [100.5196, 13.7365], [100.5204, 13.7362], [100.5211, 13.7359], [100.5216, 13.7357], [100.5216, 13.7357], [100.5222, 13.7355], [100.5231, 13.7351], [100.5241, 13.7347], [100.5251, 13.7343], [100.5259, 13.734], [100.5266, 13.7337], [100.5271, 13.7335], [100.5277, 13.7332], [100.5287, 13.7328], [100.529, 13.7327], [100.5293, 13.7326], [100.5299, 13.7323], [100.5308, 13.7319], [100.5314, 13.7317], [100.5322, 13.7314], [100.5329, 13.7311], [100.5336, 13.7308], [100.5339, 13.7307], [100.5339, 13.7307], [100.5344, 13.7304], [100.535, 13.7302], [100.5358, 13.7299], [100.5366, 13.7295]]]}, "properties": {"DISTRICT_N": "ปทุมวัน", "CODE": 1007, "AREA_BMA": 8.36900043}}, {"type": "Feature", "geometry": {"type": "Polygon", "coordinates": [[[100.6244, 13.8173], [100.6245, 13.8173], [100.6245, 13.8174], [100.6248, 13.8174], [100.6248, 13.8174], [100.6249, 13.8174], [100.6251, 13.8175], [100.6253, 13.8175], [100.6254, 13.8175], [100.6255, 13.8175], [100.6255, 13.8175], [100.6256, 13.8178], [100.6256, 13.8179], [100.6256, 13.818], [100.6256, 13.8181], [100.6256, 13.8182], [100.6257, 13.8182], [100.6257, 13.8185], [100.6258, 13.8186], [100.6258, 13.8188], [100.6258, 13.8188], [100.6259, 13.8192], [100.6259, 13.8193], [100.6262, 13.8193], [100.6264, 13.8193], [100.6265, 13.8193], [100.6267, 13.8193], [100.6269, 13.8193], [100.6271, 13.8193], [100.6273, 13.8193], [100.6276, 13.8193], [100.6279, 13.8193], [100.628, 13.8193], [100.6282, 13.8194], [100.6283, 13.8194], [100.6284, 13.8194], [100.6285, 13.8194], [100.6285, 13.8194], [100.6286, 13.8194], [100.6288, 13.8194], [100.6289, 13.8194], [100.629, 13.8194], [100.6291, 13.8194], [100.6292, 13.8194], [100.6296, 13.8193], [100.6298, 13.8193], [100.6301, 13.8193], [100.6302, 13.8193], [100.6303, 13.8193], [100.6306, 13.8193], [100.6307, 13.8193], [100.631, 13.8192], [100.6313, 13.8192], [100.6313, 13.8192], [100.6313, 13.8191], [100.6313, 13.8191], [100.6313, 13.819], [100.6313, 13.8188], [100.6313, 13.8187], [100.6313, 13.8186], [100.6312, 13.8184], [100.6312, 13.8181], [100.6312, 13.8179], [100.6311, 13.8175], [100.6311, 13.8174], [100.6311, 13.8173], [100.6311, 13.8173], [100.6311, 13.8172], [100.6311, 13.8172], [100.6311, 13.8172], [100.6311, 13.8169], [100.631, 13.8166], [100.631, 13.8162], [100.631, 13.8159], [100.631, 13.8154], [100.631, 13.8154], [100.6311, 13.8153], [100.6311, 13.8153], [100.6312, 13.8153], [100.6312, 13.8153], [100.6313, 13.8153], [100.6315, 13.8154], [100.6316, 13.8154], [100.6317, 13.8153], [100.6318, 13.8153], [100.6318, 13.8153], [100.6318, 13.8153], [100.6319, 13.815], [100.632, 13.8148], [100.6321, 13.8145], [100.6322, 13.8141], [100.6323, 13.8137], [100.6324, 13.8136], [100.6324, 13.8133], [100.6325, 13.8131], [100.6325, 13.813], [100.6326, 13.8127], [100.6328, 13.8123], [100.6328, 13.8122], [100.6328, 13.8122], [100.633, 13.812], [100.6331, 13.8119], [100.6333, 13.8116], [100.6334, 13.8114], [100.6335, 13.8113], [100.6336, 13.8112], [100.6336, 13.8111], [100.6336, 13.8111], [100.6336, 13.811], [100.6336, 13.811], [100.6336, 13.8109], [100.6335, 13.8109], [100.6335, 13.8109], [100.6335, 13.8108], [100.6335, 13.8108], [100.6335, 13.8107], [100.6336, 13.8106], [100.6336, 13.8105], [100.6338, 13.8102], [100.6338, 13.8101], [100.6338, 13.81], [100.6339, 13.8099], [100.6341, 13.8096], [100.6341, 13.8095], [100.6342, 13.8094], [100.6342, 13.8093], [100.6343, 13.8092], [100.6344, 13.8091], [100.6345, 13.809], [100.6348, 13.8087], [100.6349, 13.8086], [100.635, 13.8084], [100.6352, 13.8083], [100.6355, 13.808], [100.6357, 13.8079], [100.6358, 13.8078], [100.6361, 13.8076], [100.6362, 13.8075], [100.6363, 13.8074], [100.6365, 13.8073], [100.6366, 13.8072], [100.6366, 13.8071], [100.6367, 13.807], [100.6369, 13.8068], [100.6372, 13.8064], [100.6373, 13.8062], [100.6375, 13.806], [100.6376, 13.8059], [100.6376, 13.8058], [100.6377, 13.8057], [100.6378, 13.8056], [100.6378, 13.8055], [100.6378, 13.8055], [100.6379, 13.8054], [100.6381, 13.8052], [100.6382, 13.805], [100.6384, 13.8048], [100.6385, 13.8047], [100.6386, 13.8046], [100.6386, 13.8046], [100.6388, 13.8045], [100.6389, 13.8045], [100.639, 13.8044], [100.6392, 13.8044], [100.6392, 13.8043], [100.6393, 13.8039], [100.6394, 13.8037], [100.6394, 13.8032], [100.6395, 13.8027], [100.6395, 13.8022], [100.6395, 13.8017], [100.6396, 13.8011], [100.6397, 13.8006], [100.6399, 13.7999], [100.64, 13.7997], [100.64, 13.7995], [100.6401, 13.7991], [100.6401, 13.7987], [100.6402, 13.7984], [100.6402, 13.798], [100.6402, 13.7975], [100.6402, 13.797], [100.6402, 13.7966], [100.6402, 13.7963], [100.6402, 13.7962], [100.6402, 13.7962], [100.6402, 13.7962], [100.6402, 13.7961], [100.6401, 13.7959], [100.6401, 13.7957], [100.64, 13.7956], [100.64, 13.7954], [100.64, 13.7952], [100.64, 13.7951], [100.6401, 13.7948], [100.6401, 13.7947], [100.6401, 13.7947], [100.6401, 13.7946], [100.6402, 13.7944], [100.6402, 13.794], [100.6403, 13.7938], [100.6403, 13.7935], [100.6404, 13.7931], [100.6405, 13.7926], [100.6405, 13.7922], [100.6406, 13.7918], [100.6406, 13.7918], [100.6406, 13.7918], [100.6406, 13.7917], [100.6407, 13.7915], [100.6408, 13.7914], [100.6411, 13.7911], [100.6411, 13.7911], [100.6412, 13.791], [100.6413, 13.7909], [100.6414, 13.7907], [100.6415, 13.7906], [100.6415, 13.7905], [100.6416, 13.7905], [100.6416, 13.7904], [100.6416, 13.7903], [100.6417, 13.7902], [100.6417, 13.79], [100.6418, 13.7898], [100.6418, 13.7897], [100.6418, 13.7897], [100.6419, 13.7894], [100.6419, 13.7894], [100.6419, 13.7894], [100.6419, 13.7893], [100.642, 13.7893], [100.642, 13.7891], [100.6421, 13.7888], [100.6423, 13.7884], [100.6424, 13.7882], [100.6425, 13.7879], [100.6426, 13.7878], [100.6426, 13.7877], [100.6426, 13.7877], [100.6426, 13.7875], [100.6427, 13.7875], [100.6427, 13.7873], [100.6427, 13.7871], [100.6427, 13.787], [100.6428, 13.7869], [100.643, 13.7869], [100.6432, 13.7869], [100.6434, 13.7869], [100.6435, 13.7869], [100.6436, 13.7868], [100.6437, 13.7868], [100.6439, 13.7867], [100.6441, 13.7865], [100.6442, 13.7865], [100.6443, 13.7864], [100.6443, 13.7864], [100.6445, 13.7863], [100.6447, 13.7862], [100.6449, 13.7861], [100.645, 13.786], [100.6455, 13.7858], [100.6457, 13.7857], [100.646, 13.7857], [100.6461, 13.7856], [100.6462, 13.7856], [100.6465, 13.7856], [100.6465, 13.7856], [100.6466, 13.7856], [100.6468, 13.7855], [100.647, 13.7854], [100.6472, 13.7853], [100.6476, 13.785], [100.6479, 13.7848], [100.6481, 13.7848], [100.6481, 13.7848], [100.6482, 13.7847], [100.648, 13.7845], [100.6479, 13.7844], [100.6477, 13.784], [100.6477, 13.784], [100.648, 13.7837], [100.6483, 13.7833], [100.6489, 13.7827], [100.6489, 13.7826], [100.6491, 13.7824], [100.6493, 13.7821], [100.6498, 13.7815], [100.65, 13.7811], [100.6504, 13.7806], [100.6509, 13.78], [100.6511, 13.7796], [100.6513, 13.7792], [100.6516, 13.7788], [100.6518, 13.7784], [100.6522, 13.7778], [100.6524, 13.7774], [100.6527, 13.777], [100.6528, 13.7766], [100.6529, 13.7764], [100.6531, 13.7759], [100.6532, 13.7756], [100.6534, 13.7752], [100.6535, 13.7748], [100.6536, 13.7743], [100.6536, 13.7741], [100.6537, 13.774], [100.6537, 13.774], [100.6537, 13.7738], [100.6538, 13.7738], [100.6539, 13.7737], [100.6539, 13.7736], [100.654, 13.7735], [100.6541, 13.7734], [100.6543, 13.7733], [100.6546, 13.773], [100.6546, 13.7729], [100.6548, 13.7727], [100.6551, 13.7723], [100.6553, 13.7721], [100.6553, 13.772], [100.6554, 13.7718], [100.656, 13.7709], [100.6562, 13.7707], [100.6562, 13.7707], [100.6564, 13.7708], [100.6568, 13.771], [100.6568, 13.771], [100.6569, 13.7711], [100.6574, 13.7714], [100.6578, 13.7716], [100.6578, 13.7717], [100.6578, 13.7717], [100.6578, 13.7717], [100.6582, 13.7719], [100.6585, 13.7721], [100.6587, 13.7722], [100.6588, 13.7722], [100.6588, 13.7722], [100.6588, 13.7722], [100.6592, 13.7724], [100.6595, 13.7726], [100.6596, 13.7726], [100.6596, 13.7726], [100.6601, 13.7729], [100.6607, 13.7732], [100.6611, 13.7734], [100.6611, 13.7735], [100.6613, 13.7736], [100.6615, 13.7737], [100.6618, 13.7738], [100.6621, 13.774], [100.6625, 13.7742], [100.6626, 13.7742], [100.6626, 13.7743], [100.663, 13.7745], [100.6632, 13.7746], [100.6635, 13.7748], [100.6643, 13.7753], [100.6645, 13.7754], [100.6646, 13.7754], [100.6647, 13.7754], [100.6647, 13.7754], [100.6648, 13.7755], [100.665, 13.7756], [100.6652, 13.7758], [100.6655, 13.7759], [100.6659, 13.7761], [100.6665, 13.7765], [100.6666, 13.7765], [100.6669, 13.7767], [100.667, 13.7767], [100.667, 13.7768], [100.6674, 13.777], [100.6677, 13.7772], [100.6682, 13.7775], [100.6683, 13.7775], [100.6688, 13.7778], [100.6693, 13.7781], [100.6698, 13.7783], [100.6707, 13.7788], [100.6711, 13.779], [100.6714, 13.7792], [100.6715, 13.7793], [100.6716, 13.7793], [100.6719, 13.7795], [100.6723, 13.7797], [100.6728, 13.7799], [100.6733, 13.7802], [100.6733, 13.7802], [100.6735, 13.7804], [100.6737, 13.7805], [100.6743, 13.7808], [100.6746, 13.7809], [100.6751, 13.7811], [100.6751, 13.7812], [100.6751, 13.7812], [100.6751, 13.7812], [100.6751, 13.7813], [100.6751, 13.7813], [100.6751, 13.7813], [100.6751, 13.7813], [100.675, 13.7814], [100.675, 13.7815], [100.675, 13.7816], [100.6749, 13.7816], [100.6748, 13.7819], [100.6748, 13.7819], [100.6748, 13.782], [100.6748, 13.782], [100.6747, 13.7821], [100.6746, 13.7821], [100.6746, 13.7822], [100.6745, 13.7823], [100.6744, 13.7825], [100.6743, 13.7828], [100.6741, 13.783], [100.674, 13.7832], [100.674, 13.7833], [100.674, 13.7833], [100.674, 13.7835], [100.6739, 13.7835], [100.6739, 13.7836], [100.6738, 13.7837], [100.6738, 13.7837], [100.6742, 13.7841], [100.6742, 13.7841], [100.6743, 13.7843], [100.6743, 13.7843], [100.6744, 13.7844], [100.6746, 13.7845], [100.6747, 13.7847], [100.6749, 13.7849], [100.6749, 13.7849], [100.675, 13.785], [100.6753, 13.7853], [100.6753, 13.7853], [100.6753, 13.7853], [100.6755, 13.7856], [100.6759, 13.7859], [100.6759, 13.7859], [100.676, 13.7861], [100.6762, 13.7863], [100.6762, 13.7863], [100.6766, 13.7866], [100.6766, 13.7867], [100.6764, 13.7872], [100.6761, 13.7875], [100.6759, 13.7878], [100.6757, 13.7881], [100.6756, 13.7882], [100.6754, 13.7884], [100.6754, 13.7887], [100.6753, 13.7889], [100.6752, 13.7889], [100.6752, 13.789], [100.6751, 13.789], [100.675, 13.7892], [100.6749, 13.7896], [100.6747, 13.7899], [100.6746, 13.7902], [100.6745, 13.7904], [100.6745, 13.7907], [100.6744, 13.7909], [100.6744, 13.7912], [100.6743, 13.7916], [100.6743, 13.7919], [100.6742, 13.7921], [100.6742, 13.7924], [100.6742, 13.7927], [100.6742, 13.7929], [100.6741, 13.7931], [100.674, 13.7933], [100.674, 13.7936], [100.6739, 13.7938], [100.6738, 13.7942], [100.6738, 13.7944], [100.6738, 13.7946], [100.6737, 13.7948], [100.6737, 13.795], [100.6737, 13.7953], [100.6737, 13.7955], [100.6737, 13.7957], [100.6737, 13.7958], [100.6736, 13.796], [100.6736, 13.7962], [100.6735, 13.7963], [100.6734, 13.7964], [100.6733, 13.7966], [100.6733, 13.7969], [100.6732, 13.7971], [100.6731, 13.7973], [100.6729, 13.7975], [100.6729, 13.7976], [100.6728, 13.798], [100.6727, 13.7982], [100.6726, 13.7983], [100.6725, 13.7985], [100.6723, 13.7986], [100.6723, 13.7988], [100.672, 13.7991], [100.6718, 13.7995], [100.6715, 13.7999], [100.6714, 13.8], [100.6713, 13.8001], [100.6712, 13.8002], [100.671, 13.8004], [100.6709, 13.8007], [100.6707, 13.801], [100.6706, 13.8012], [100.6704, 13.8014], [100.6704, 13.8015], [100.6703, 13.8017], [100.6702, 13.8018], [100.6702, 13.8019], [100.6701, 13.802], [100.67, 13.8022], [100.6698, 13.8026], [100.6697, 13.8027], [100.6697, 13.8028], [100.6696, 13.803], [100.6696, 13.8032], [100.6695, 13.8033], [100.6695, 13.8035], [100.6694, 13.8037], [100.6694, 13.8039], [100.6693, 13.804], [100.6693, 13.8041], [100.6692, 13.8042], [100.6692, 13.8044], [100.6691, 13.8046], [100.669, 13.8048], [100.669, 13.8049], [100.6689, 13.8051], [100.6688, 13.8053], [100.6688, 13.8054], [100.6687, 13.8055], [100.6687, 13.8056], [100.6687, 13.8056], [100.6686, 13.8056], [100.6686, 13.8056], [100.6685, 13.8056], [100.6683, 13.8055], [100.6679, 13.8054], [100.6677, 13.8053], [100.6674, 13.8052], [100.6672, 13.8052], [100.667, 13.8052], [100.6668, 13.8051], [100.6667, 13.8051], [100.6664, 13.8056], [100.6663, 13.8059], [100.6662, 13.8061], [100.666, 13.8064], [100.6659, 13.8067], [100.6658, 13.8069], [100.6657, 13.8071], [100.6656, 13.8074], [100.6654, 13.8077], [100.6653, 13.8079], [100.6652, 13.8081], [100.6649, 13.8084], [100.6649, 13.8084], [100.6648, 13.8087], [100.6644, 13.8094], [100.6642, 13.8099], [100.6641, 13.81], [100.6641, 13.81], [100.664, 13.81], [100.6639, 13.81], [100.6636, 13.8099], [100.6636, 13.8098], [100.6635, 13.8098], [100.6635, 13.8098], [100.6634, 13.8098], [100.6634, 13.8098], [100.6633, 13.8098], [100.6632, 13.8098], [100.6632, 13.8098], [100.6631, 13.8098], [100.6631, 13.8098], [100.6631, 13.8098], [100.663, 13.8099], [100.663, 13.8099], [100.663, 13.81], [100.6629, 13.81], [100.6629, 13.8105], [100.6629, 13.8106], [100.6629, 13.8106], [100.6629, 13.8107], [100.6629, 13.8108], [100.6629, 13.8108], [100.6629, 13.8109], [100.6629, 13.8109], [100.6629, 13.8109], [100.6629, 13.811], [100.663, 13.811], [100.663, 13.8111], [100.663, 13.8112], [100.663, 13.8112], [100.663, 13.8113], [100.663, 13.8114], [100.663, 13.8114], [100.6631, 13.8115], [100.6631, 13.8116], [100.6631, 13.8118], [100.6631, 13.8119], [100.6631, 13.8119], [100.6631, 13.812], [100.6631, 13.812], [100.6631, 13.8121], [100.6631, 13.8121], [100.6631, 13.8122], [100.6631, 13.8122], [100.6631, 13.8122], [100.663, 13.8123], [100.663, 13.8123], [100.663, 13.8124], [100.663, 13.8124], [100.663, 13.8126], [100.663, 13.8126], [100.663, 13.8127], [100.6629, 13.8128], [100.6629, 13.813], [100.6629, 13.813], [100.6629, 13.8131], [100.6629, 13.8131], [100.6629, 13.8131], [100.6629, 13.8131], [100.6629, 13.8131], [100.6629, 13.8132], [100.6628, 13.8132], [100.6628, 13.8132], [100.6628, 13.8133], [100.6628, 13.8133], [100.6628, 13.8133], [100.6628, 13.8134], [100.6628, 13.8135], [100.6628, 13.8135], [100.6627, 13.8136], [100.6627, 13.8137], [100.6626, 13.8138], [100.6626, 13.814], [100.6623, 13.8144], [100.6623, 13.8145], [100.6622, 13.8147], [100.6621, 13.815], [100.6619, 13.8154], [100.6619, 13.8154], [100.6619, 13.8154], [100.6619, 13.8155], [100.6619, 13.8155], [100.6619, 13.8155], [100.6618, 13.8155], [100.6618, 13.8156], [100.6618, 13.8156], [100.6618, 13.8156], [100.6618, 13.8156], [100.6617, 13.8156], [100.6617, 13.8157], [100.6617, 13.8157], [100.6617, 13.8158], [100.6616, 13.8158], [100.6616, 13.8158], [100.6616, 13.8159], [100.6616, 13.816], [100.6616, 13.816], [100.6616, 13.8161], [100.6615, 13.8161], [100.6615, 13.8162], [100.6615, 13.8163], [100.6615, 13.8163], [100.6615, 13.8164], [100.6615, 13.8165], [100.6614, 13.8166], [100.6614, 13.8167], [100.6614, 13.8168], [100.6613, 13.8169], [100.6613, 13.817], [100.6613, 13.8171], [100.6612, 13.8172], [100.6612, 13.8172], [100.6612, 13.8173], [100.6612, 13.8174], [100.6612, 13.8175], [100.6611, 13.8176], [100.6611, 13.8178], [100.6611, 13.8178], [100.661, 13.8179], [100.661, 13.818], [100.661, 13.818], [100.661, 13.8181], [100.661, 13.8182], [100.661, 13.8183], [100.6608, 13.8191], [100.6608, 13.8191], [100.6608, 13.8192], [100.6608, 13.8192], [100.6608, 13.8193], [100.6608, 13.8194], [100.6608, 13.8199], [100.6608, 13.8201], [100.6608, 13.8202], [100.6608, 13.8202], [100.6608, 13.8202], [100.6608, 13.8203], [100.6609, 13.8203], [100.6609, 13.8203], [100.6609, 13.8203], [100.6609, 13.8203], [100.6609, 13.8203], [100.6609, 13.8204], [100.6609, 13.8204], [100.6609, 13.8204], [100.6609, 13.8204], [100.6609, 13.8205], [100.6609, 13.8207], [100.6609, 13.821], [100.6609, 13.8211], [100.6609, 13.8211], [100.6609, 13.8212], [100.6608, 13.8213], [100.6608, 13.8215], [100.6608, 13.8215], [100.6608, 13.8216], [100.6608, 13.8217], [100.6608, 13.8217], [100.6608, 13.8218], [100.6608, 13.8219], [100.6607, 13.8219], [100.6606, 13.8221], [100.6606, 13.8221], [100.6606, 13.8222], [100.6605, 13.8225], [100.6604, 13.8227], [100.6604, 13.8229], [100.6603, 13.8235], [100.6602, 13.8238], [100.6602, 13.8241], [100.6602, 13.8244], [100.6602, 13.8245], [100.6602, 13.8246], [100.6604, 13.8248], [100.6606, 13.8249], [100.6607, 13.825], [100.6608, 13.8251], [100.6609, 13.8252], [100.6609, 13.8252], [100.661, 13.8252], [100.661, 13.8252], [100.6611, 13.8253], [100.6611, 13.8253], [100.6612, 13.8253], [100.6612, 13.8253], [100.6612, 13.8253], [100.6613, 13.8254], [100.6613, 13.8254], [100.6613, 13.8255], [100.6613, 13.8255], [100.6613, 13.8255], [100.6613, 13.8256], [100.6613, 13.8257], [100.6613, 13.8257], [100.6613, 13.8258], [100.6613, 13.8258], [100.6613, 13.8259], [100.6613, 13.826], [100.6613, 13.826], [100.6613, 13.8261], [100.6613, 13.8261], [100.6613, 13.8265], [100.6614, 13.8265], [100.6614, 13.8266], [100.6614, 13.8267], [100.6614, 13.8268], [100.6614, 13.8268], [100.6614, 13.827], [100.6614, 13.8271], [100.6614, 13.8271], [100.6614, 13.8272], [100.6615, 13.8273], [100.6615, 13.8275], [100.6615, 13.8275], [100.6615, 13.8282], [100.6615, 13.8283], [100.6615, 13.8284], [100.6615, 13.8285], [100.6615, 13.8285], [100.6615, 13.8286], [100.6615, 13.8287], [100.6615, 13.8289], [100.6616, 13.829], [100.6616, 13.829], [100.6616, 13.8291], [100.6616, 13.8291], [100.6616, 13.8293], [100.6616, 13.8293], [100.6615, 13.8294], [100.6616, 13.8294], [100.6616, 13.8296], [100.6616, 13.8303], [100.6616, 13.8305], [100.6616, 13.8307], [100.6609, 13.8307], [100.6603, 13.8307], [100.6584, 13.8305], [100.6583, 13.8308], [100.6583, 13.8314], [100.6582, 13.8314], [100.6581, 13.8319], [100.658, 13.8323], [100.658, 13.8327], [100.6579, 13.833], [100.6578, 13.8336], [100.6576, 13.8347], [100.6575, 13.8348], [100.6575, 13.8351], [100.6574, 13.8355], [100.6574, 13.8356], [100.6573, 13.8356], [100.6573, 13.8356], [100.6573, 13.8356], [100.6554, 13.8354], [100.6552, 13.8354], [100.655, 13.8354], [100.6549, 13.8354], [100.6546, 13.8354], [100.6544, 13.8353], [100.6543, 13.8354], [100.6542, 13.8354], [100.6541, 13.8354], [100.654, 13.8354], [100.6539, 13.8353], [100.6538, 13.8352], [100.6536, 13.8351], [100.6535, 13.8351], [100.6535, 13.8351], [100.6533, 13.835], [100.6524, 13.8348], [100.6517, 13.8346], [100.6508, 13.8344], [100.65, 13.8342], [100.6492, 13.834], [100.6487, 13.8338], [100.6487, 13.8338], [100.6487, 13.8338], [100.6487, 13.8339], [100.6487, 13.8349], [100.6487, 13.8356], [100.6487, 13.8364], [100.6486, 13.837], [100.6486, 13.8375], [100.6486, 13.8377], [100.6486, 13.8378], [100.6485, 13.839], [100.6485, 13.839], [100.6485, 13.8391], [100.6485, 13.8393], [100.6485, 13.8393], [100.6485, 13.8394], [100.6484, 13.8401], [100.6484, 13.8401], [100.6484, 13.8403], [100.6484, 13.8403], [100.6482, 13.8409], [100.648, 13.8419], [100.6479, 13.8428], [100.6478, 13.8436], [100.6477, 13.8442], [100.6486, 13.8444], [100.6502, 13.8448], [100.6501, 13.8451], [100.6499, 13.8452], [100.6497, 13.8453], [100.6495, 13.8454], [100.6493, 13.8455], [100.6471, 13.8467], [100.646, 13.8473], [100.6459, 13.8474], [100.6459, 13.8474], [100.6453, 13.8473], [100.6433, 13.847], [100.6429, 13.8469], [100.6422, 13.8469], [100.6419, 13.8468], [100.6416, 13.8468], [100.6414, 13.8468], [100.6409, 13.8467], [100.6408, 13.8467], [100.6407, 13.8466], [100.6404, 13.8465], [100.6401, 13.8464], [100.6399, 13.8464], [100.6397, 13.8463], [100.6395, 13.8462], [100.6393, 13.8462], [100.6391, 13.8461], [100.639, 13.846], [100.6387, 13.8458], [100.6385, 13.8457], [100.6373, 13.8448], [100.6372, 13.8448], [100.6372, 13.8446], [100.6372, 13.8446], [100.6369, 13.8441], [100.6369, 13.8441], [100.6368, 13.8439], [100.6366, 13.8437], [100.6366, 13.8435], [100.6365, 13.8435], [100.6364, 13.8432], [100.6362, 13.8429], [100.6359, 13.8423], [100.6357, 13.842], [100.6357, 13.842], [100.6355, 13.8416], [100.6354, 13.8413], [100.6353, 13.8411], [100.6351, 13.8404], [100.6349, 13.84], [100.6348, 13.8397], [100.6347, 13.8396], [100.6345, 13.8392], [100.6344, 13.8389], [100.6341, 13.8384], [100.6339, 13.8381], [100.6337, 13.8378], [100.6336, 13.8376], [100.6335, 13.8374], [100.6334, 13.8373], [100.6333, 13.8371], [100.6331, 13.8367], [100.6329, 13.8364], [100.6325, 13.8357], [100.6321, 13.8351], [100.6319, 13.8348], [100.6317, 13.8344], [100.6316, 13.8342], [100.6316, 13.8342], [100.6315, 13.8341], [100.6315, 13.834], [100.6314, 13.8339], [100.6313, 13.8337], [100.6312, 13.8335], [100.6311, 13.8332], [100.6309, 13.8328], [100.6308, 13.8325], [100.6305, 13.8317], [100.6304, 13.8314], [100.6303, 13.8312], [100.6303, 13.8311], [100.6301, 13.8306], [100.63, 13.83], [100.6299, 13.8299], [100.6299, 13.8298], [100.6299, 13.8297], [100.6299, 13.8297], [100.6298, 13.8294], [100.6296, 13.8286], [100.6295, 13.828], [100.6294, 13.8277], [100.6292, 13.8271], [100.6289, 13.8263], [100.6286, 13.8257], [100.6285, 13.8253], [100.6283, 13.8248], [100.6279, 13.8239], [100.6275, 13.8231], [100.6271, 13.8224], [100.6267, 13.8219], [100.6267, 13.8218], [100.6267, 13.8217], [100.6266, 13.8217], [100.6265, 13.8214], [100.6258, 13.8202], [100.6256, 13.8198], [100.6255, 13.8194], [100.6254, 13.8191], [100.6253, 13.819], [100.6252, 13.8187], [100.6251, 13.8185], [100.625, 13.8183], [100.6249, 13.818], [100.6246, 13.8175], [100.6244, 13.8173]]]}, "properties": {"DISTRICT_N": "บึงกุ่ม", "CODE": 1027, "AREA_BMA": 24.31100082}}, {"type": "Feature", "geometry": {"type": "Polygon", "coordinates": [[[100.5172, 13.6823], [100.5182, 13.6817], [100.5209, 13.6797], [100.5228, 13.6782], [100.5269, 13.6747], [100.5284, 13.6734], [100.5323, 13.6709], [100.5366, 13.6694], [100.5394, 13.6692], [100.5421, 13.6695], [100.5449, 13.6706], [100.5467, 13.6717], [100.549, 13.674], [100.5501, 13.6759], [100.5507, 13.677], [100.5519, 13.6804], [100.5525, 13.6843], [100.5528, 13.6889], [100.5525, 13.6915], [100.5523, 13.6928], [100.5519, 13.6948], [100.5517, 13.6957], [100.5514, 13.6971], [100.5516, 13.7004], [100.5518, 13.7016], [100.5521, 13.7024], [100.5525, 13.7033], [100.5532, 13.7042], [100.5539, 13.7049], [100.5549, 13.7056], [100.5544, 13.7096], [100.5544, 13.7096], [100.5544, 13.7097], [100.5544, 13.71], [100.5544, 13.7102], [100.5543, 13.7103], [100.5543, 13.7106], [100.5543, 13.7107], [100.5543, 13.7113], [100.5542, 13.7119], [100.5542, 13.7122], [100.5541, 13.7131], [100.5541, 13.7132], [100.5537, 13.7166], [100.5529, 13.7163], [100.5527, 13.7169], [100.5527, 13.7173], [100.5526, 13.7173], [100.5525, 13.7181], [100.5525, 13.7181], [100.5525, 13.7181], [100.5521, 13.7181], [100.5521, 13.7181], [100.552, 13.718], [100.5519, 13.7181], [100.5516, 13.7182], [100.5515, 13.7182], [100.5513, 13.7183], [100.5507, 13.7185], [100.5501, 13.7187], [100.5501, 13.7187], [100.5498, 13.7188], [100.5495, 13.7189], [100.5494, 13.719], [100.5492, 13.7192], [100.549, 13.7193], [100.5488, 13.719], [100.5483, 13.7183], [100.5482, 13.7182], [100.5479, 13.7177], [100.5479, 13.7177], [100.5476, 13.7173], [100.547, 13.7164], [100.547, 13.7164], [100.5463, 13.7154], [100.5463, 13.7154], [100.5458, 13.7146], [100.5458, 13.7145], [100.5456, 13.7143], [100.5453, 13.7139], [100.5453, 13.7139], [100.5444, 13.7124], [100.5443, 13.7123], [100.5443, 13.7123], [100.5442, 13.7122], [100.5422, 13.7109], [100.5417, 13.7106], [100.5419, 13.7103], [100.5419, 13.7103], [100.542, 13.7101], [100.5422, 13.7098], [100.5423, 13.7095], [100.5428, 13.7086], [100.5428, 13.7085], [100.5433, 13.7075], [100.5434, 13.7075], [100.5436, 13.707], [100.5429, 13.7067], [100.5426, 13.7066], [100.5426, 13.7065], [100.5422, 13.7064], [100.5422, 13.7064], [100.5421, 13.7064], [100.5416, 13.7061], [100.5411, 13.7058], [100.5408, 13.7056], [100.5407, 13.7055], [100.5404, 13.7053], [100.54, 13.705], [100.5399, 13.705], [100.5397, 13.7048], [100.5397, 13.7048], [100.5396, 13.7048], [100.5394, 13.7046], [100.5393, 13.7046], [100.5393, 13.7045], [100.5392, 13.7045], [100.5391, 13.7044], [100.5386, 13.7054], [100.5382, 13.7061], [100.5379, 13.7067], [100.5376, 13.7073], [100.5371, 13.707], [100.5367, 13.7068], [100.5364, 13.7066], [100.5364, 13.7066], [100.5358, 13.7062], [100.5353, 13.7059], [100.5352, 13.7059], [100.5351, 13.7058], [100.5346, 13.7057], [100.5345, 13.7057], [100.5345, 13.7057], [100.5343, 13.7056], [100.534, 13.7056], [100.5338, 13.7055], [100.5337, 13.7055], [100.5335, 13.7055], [100.533, 13.7055], [100.533, 13.7055], [100.5324, 13.7055], [100.5322, 13.7055], [100.5319, 13.7055], [100.5318, 13.7055], [100.5314, 13.7055], [100.5313, 13.7056], [100.5311, 13.7056], [100.5309, 13.7056], [100.5307, 13.7056], [100.5305, 13.7056], [100.5304, 13.7057], [100.5298, 13.7058], [100.5291, 13.7059], [100.529, 13.7059], [100.5287, 13.706], [100.5287, 13.706], [100.5286, 13.7058], [100.5286, 13.7058], [100.5286, 13.7058], [100.5287, 13.7057], [100.5288, 13.7053], [100.5288, 13.7053], [100.5289, 13.705], [100.529, 13.705], [100.529, 13.705], [100.529, 13.705], [100.5293, 13.7042], [100.5293, 13.7042], [100.5294, 13.7038], [100.5294, 13.7037], [100.5295, 13.7036], [100.5295, 13.7036], [100.5297, 13.7032], [100.5297, 13.7031], [100.5297, 13.7031], [100.5297, 13.7031], [100.5298, 13.7028], [100.5299, 13.7027], [100.5299, 13.7026], [100.53, 13.7026], [100.5301, 13.7025], [100.5301, 13.7024], [100.5302, 13.7023], [100.5302, 13.7022], [100.5308, 13.7007], [100.5308, 13.7006], [100.531, 13.7002], [100.531, 13.7001], [100.5312, 13.6998], [100.5312, 13.6998], [100.5315, 13.699], [100.5315, 13.699], [100.5316, 13.6986], [100.5317, 13.6986], [100.5318, 13.6983], [100.5318, 13.6982], [100.5317, 13.6982], [100.5309, 13.6975], [100.5287, 13.6948], [100.5263, 13.6924], [100.5253, 13.6914], [100.5236, 13.6897], [100.522, 13.6883], [100.5209, 13.687], [100.52, 13.6861], [100.5194, 13.6857], [100.5193, 13.6857], [100.5193, 13.6857], [100.5193, 13.6856], [100.5192, 13.6856], [100.5191, 13.6855], [100.519, 13.6854], [100.5189, 13.6853], [100.5187, 13.685], [100.5186, 13.685], [100.5186, 13.6849], [100.5186, 13.6849], [100.5186, 13.6849], [100.5186, 13.6849], [100.5186, 13.6849], [100.5186, 13.6849], [100.5186, 13.6848], [100.5186, 13.6848], [100.5186, 13.6848], [100.5186, 13.6848], [100.5186, 13.6848], [100.5186, 13.6848], [100.5186, 13.6848], [100.5185, 13.6848], [100.5185, 13.6848], [100.5185, 13.6848], [100.5185, 13.6848], [100.5185, 13.6848], [100.5185, 13.6849], [100.5185, 13.6849], [100.5185, 13.6849], [100.5185, 13.6849], [100.5184, 13.6849], [100.5184, 13.6849], [100.5184, 13.6848], [100.5184, 13.6848], [100.5184, 13.6848], [100.5184, 13.6848], [100.5184, 13.6848], [100.5184, 13.6848], [100.5185, 13.6848], [100.5185, 13.6848], [100.5185, 13.6848], [100.5185, 13.6848], [100.5185, 13.6847], [100.5185, 13.6847], [100.5185, 13.6847], [100.5185, 13.6847], [100.5185, 13.6847], [100.5184, 13.6847], [100.5184, 13.6846], [100.5184, 13.6846], [100.5184, 13.6846], [100.5184, 13.6845], [100.5182, 13.684], [100.5174, 13.6827], [100.5172, 13.6823]]]}, "properties": {"DISTRICT_N": "ยานนาวา", "CODE": 1012, "AREA_BMA": 16.66200066}}, {"type": "Feature", "geometry": {"type": "Polygon", "coordinates": [[[100.512, 13.761], [100.5128, 13.7603], [100.5133, 13.7598], [100.5138, 13.7592], [100.5146, 13.7585], [100.5157, 13.7575], [100.5159, 13.7573], [100.5162, 13.7569], [100.5164, 13.7567], [100.5166, 13.7563], [100.5169, 13.7554], [100.5172, 13.7549], [100.5172, 13.7548], [100.5173, 13.7545], [100.5173, 13.7543], [100.5173, 13.7533], [100.5173, 13.7531], [100.5177, 13.753], [100.5182, 13.7528], [100.5187, 13.7527], [100.5191, 13.7526], [100.5191, 13.7527], [100.5195, 13.7537], [100.5206, 13.7564], [100.5209, 13.7571], [100.5209, 13.7573], [100.5231, 13.7627], [100.5242, 13.7654], [100.5261, 13.7699], [100.5278, 13.7743], [100.5279, 13.7743], [100.528, 13.7747], [100.5295, 13.7784], [100.5306, 13.781], [100.5314, 13.7829], [100.532, 13.7846], [100.5323, 13.7852], [100.5324, 13.7854], [100.5325, 13.7858], [100.5328, 13.7866], [100.5331, 13.7872], [100.5334, 13.7879], [100.5338, 13.7889], [100.5341, 13.7897], [100.5344, 13.7903], [100.5346, 13.7908], [100.5349, 13.7915], [100.5351, 13.7922], [100.5354, 13.7928], [100.5357, 13.7935], [100.536, 13.7942], [100.5362, 13.7948], [100.5365, 13.7956], [100.5369, 13.7966], [100.5371, 13.7972], [100.5373, 13.7979], [100.5373, 13.7979], [100.5371, 13.7979], [100.5368, 13.798], [100.5358, 13.7986], [100.5354, 13.7988], [100.535, 13.7989], [100.5348, 13.799], [100.5346, 13.7992], [100.534, 13.7994], [100.5334, 13.7997], [100.5333, 13.7998], [100.5332, 13.7998], [100.5323, 13.7982], [100.5322, 13.7982], [100.5317, 13.7983], [100.5314, 13.7983], [100.5311, 13.7983], [100.5306, 13.7984], [100.5299, 13.7986], [100.5295, 13.7987], [100.5292, 13.7988], [100.5289, 13.7988], [100.5286, 13.7988], [100.5281, 13.7988], [100.5278, 13.7987], [100.5275, 13.7986], [100.5273, 13.7986], [100.527, 13.7986], [100.5267, 13.7986], [100.5264, 13.7988], [100.5261, 13.799], [100.5258, 13.7991], [100.5256, 13.7992], [100.5252, 13.7991], [100.525, 13.7992], [100.5245, 13.7993], [100.524, 13.7995], [100.5237, 13.7996], [100.5231, 13.7997], [100.5226, 13.7998], [100.5221, 13.7999], [100.5217, 13.7999], [100.5211, 13.7998], [100.5207, 13.7999], [100.5201, 13.7999], [100.5197, 13.8], [100.5195, 13.8001], [100.5191, 13.8001], [100.5188, 13.8001], [100.5184, 13.8001], [100.5181, 13.8001], [100.5178, 13.8002], [100.5173, 13.8003], [100.5166, 13.8006], [100.5165, 13.8004], [100.5154, 13.7976], [100.5151, 13.7969], [100.5143, 13.7957], [100.5128, 13.7939], [100.5117, 13.7926], [100.5102, 13.791], [100.5082, 13.7891], [100.5065, 13.7873], [100.5056, 13.7863], [100.5048, 13.7854], [100.5042, 13.7846], [100.5037, 13.7838], [100.503, 13.7825], [100.5025, 13.781], [100.5025, 13.781], [100.5019, 13.7798], [100.5009, 13.7772], [100.4998, 13.774], [100.4991, 13.7725], [100.4996, 13.7724], [100.5012, 13.7718], [100.5018, 13.7714], [100.5022, 13.7711], [100.503, 13.7704], [100.5038, 13.7698], [100.5039, 13.7697], [100.5045, 13.769], [100.5048, 13.7687], [100.5062, 13.767], [100.5077, 13.7655], [100.5093, 13.7638], [100.5094, 13.7636], [100.51, 13.763], [100.5103, 13.7628], [100.5109, 13.7622], [100.5115, 13.7615], [100.512, 13.761]]]}, "properties": {"DISTRICT_N": "ดุสิต", "CODE": 1002, "AREA_BMA": 10.66499996}}, {"type": "Feature", "geometry": {"type": "Polygon", "coordinates": [[[100.659, 13.7378], [100.6593, 13.7378], [100.6597, 13.7378], [100.66, 13.7377], [100.66, 13.7377], [100.6606, 13.7377], [100.6606, 13.7377], [100.6618, 13.7376], [100.6618, 13.7376], [100.6625, 13.7376], [100.6625, 13.7376], [100.6627, 13.7376], [100.6627, 13.7376], [100.6634, 13.7375], [100.6649, 13.7374], [100.6653, 13.7374], [100.6653, 13.7374], [100.6659, 13.7373], [100.6667, 13.7373], [100.6687, 13.737], [100.6698, 13.7368], [100.6699, 13.7368], [100.6703, 13.7367], [100.6721, 13.7365], [100.6722, 13.7365], [100.6725, 13.7364], [100.6742, 13.7361], [100.6748, 13.7361], [100.6748, 13.7361], [100.6753, 13.736], [100.676, 13.7359], [100.676, 13.7359], [100.6765, 13.7358], [100.6765, 13.7358], [100.6767, 13.7358], [100.678, 13.7356], [100.6794, 13.7355], [100.6795, 13.7355], [100.6797, 13.7355], [100.681, 13.7353], [100.6817, 13.7352], [100.6817, 13.7352], [100.6822, 13.7352], [100.6832, 13.735], [100.6875, 13.7346], [100.6884, 13.7345], [100.6901, 13.7343], [100.6909, 13.7342], [100.6909, 13.7342], [100.6913, 13.7342], [100.6919, 13.7341], [100.6919, 13.7341], [100.693, 13.734], [100.6944, 13.7338], [100.6953, 13.7337], [100.6953, 13.7337], [100.6957, 13.7337], [100.6958, 13.7337], [100.7078, 13.7325], [100.7084, 13.7324], [100.7084, 13.7325], [100.7084, 13.7326], [100.7084, 13.7329], [100.7084, 13.7333], [100.7084, 13.7335], [100.7084, 13.7337], [100.7085, 13.7339], [100.7085, 13.7341], [100.7085, 13.7344], [100.7085, 13.7348], [100.7086, 13.7351], [100.7086, 13.7353], [100.7086, 13.7356], [100.7086, 13.7358], [100.7086, 13.7359], [100.7086, 13.736], [100.7086, 13.7361], [100.7086, 13.7361], [100.7086, 13.7362], [100.7086, 13.7364], [100.7086, 13.7365], [100.7086, 13.7366], [100.7087, 13.7368], [100.7087, 13.7369], [100.7087, 13.737], [100.7087, 13.7372], [100.7087, 13.7374], [100.7087, 13.7375], [100.7087, 13.7377], [100.7087, 13.7378], [100.7087, 13.738], [100.7087, 13.7381], [100.7087, 13.7381], [100.7088, 13.7382], [100.7088, 13.7383], [100.7088, 13.7385], [100.7088, 13.7385], [100.7089, 13.7386], [100.7089, 13.7386], [100.7088, 13.7387], [100.7088, 13.7387], [100.7088, 13.7389], [100.7088, 13.7391], [100.7088, 13.7392], [100.7088, 13.7394], [100.7088, 13.7395], [100.7088, 13.7397], [100.7088, 13.74], [100.7088, 13.7401], [100.7088, 13.7403], [100.7089, 13.7405], [100.7089, 13.7406], [100.7089, 13.7407], [100.7089, 13.741], [100.7089, 13.7411], [100.7089, 13.7412], [100.7089, 13.7412], [100.7089, 13.7414], [100.7089, 13.7416], [100.709, 13.7418], [100.709, 13.7419], [100.709, 13.742], [100.709, 13.7421], [100.709, 13.7423], [100.709, 13.7423], [100.709, 13.7424], [100.709, 13.7425], [100.709, 13.7426], [100.709, 13.7427], [100.709, 13.7427], [100.709, 13.7429], [100.709, 13.743], [100.709, 13.7431], [100.709, 13.7432], [100.709, 13.7434], [100.709, 13.7435], [100.709, 13.7436], [100.709, 13.7436], [100.7091, 13.7437], [100.7091, 13.7437], [100.7091, 13.7438], [100.7091, 13.7438], [100.7091, 13.7439], [100.7091, 13.744], [100.7091, 13.7441], [100.7091, 13.7442], [100.7091, 13.7442], [100.7091, 13.7443], [100.7091, 13.7445], [100.7091, 13.7446], [100.7091, 13.7448], [100.7092, 13.745], [100.7092, 13.7451], [100.7092, 13.7453], [100.7092, 13.7454], [100.7092, 13.7455], [100.7092, 13.7457], [100.7092, 13.7458], [100.7092, 13.746], [100.7092, 13.7462], [100.7092, 13.7464], [100.7092, 13.7465], [100.7092, 13.7466], [100.7092, 13.7468], [100.7092, 13.7469], [100.7092, 13.7471], [100.7092, 13.7472], [100.7092, 13.7473], [100.7092, 13.7474], [100.7092, 13.7475], [100.7092, 13.7476], [100.7092, 13.7476], [100.7092, 13.7477], [100.7092, 13.7477], [100.7092, 13.7478], [100.7092, 13.7478], [100.7092, 13.7479], [100.7092, 13.748], [100.7092, 13.7482], [100.7092, 13.7483], [100.7093, 13.7483], [100.7093, 13.7484], [100.7093, 13.7486], [100.7093, 13.7487], [100.7093, 13.7488], [100.7093, 13.7488], [100.7093, 13.7489], [100.7093, 13.749], [100.7093, 13.7491], [100.7093, 13.7492], [100.7093, 13.7493], [100.7093, 13.7494], [100.7093, 13.7495], [100.7094, 13.7497], [100.7094, 13.7498], [100.7094, 13.7499], [100.7094, 13.7501], [100.7094, 13.7503], [100.7094, 13.7505], [100.7094, 13.7506], [100.7094, 13.7508], [100.7094, 13.7509], [100.7094, 13.751], [100.7095, 13.7511], [100.7095, 13.7514], [100.7095, 13.7516], [100.7095, 13.7519], [100.7095, 13.7523], [100.7095, 13.7526], [100.7096, 13.753], [100.7096, 13.7532], [100.7096, 13.7536], [100.7096, 13.7539], [100.7096, 13.7542], [100.7096, 13.7542], [100.7097, 13.7545], [100.7097, 13.7547], [100.7097, 13.7551], [100.7097, 13.7552], [100.7097, 13.7555], [100.7097, 13.7558], [100.7097, 13.7561], [100.7098, 13.7564], [100.7098, 13.7565], [100.7097, 13.7565], [100.7097, 13.7565], [100.7095, 13.7565], [100.7093, 13.7564], [100.7092, 13.7564], [100.709, 13.7564], [100.7088, 13.7564], [100.7086, 13.7564], [100.7085, 13.7564], [100.7084, 13.7564], [100.7084, 13.7564], [100.7083, 13.7564], [100.7082, 13.7564], [100.7082, 13.7564], [100.7081, 13.7564], [100.708, 13.7564], [100.7079, 13.7564], [100.7078, 13.7564], [100.7077, 13.7565], [100.7074, 13.7565], [100.7073, 13.7565], [100.7073, 13.7565], [100.7073, 13.7565], [100.7072, 13.7566], [100.7071, 13.7566], [100.7071, 13.7566], [100.707, 13.7566], [100.7069, 13.7567], [100.7069, 13.7567], [100.7068, 13.7567], [100.7067, 13.7567], [100.7066, 13.7567], [100.7066, 13.7567], [100.7066, 13.7569], [100.7067, 13.757], [100.7067, 13.7572], [100.7067, 13.7573], [100.7068, 13.7573], [100.7068, 13.7574], [100.7069, 13.7576], [100.7069, 13.7577], [100.7071, 13.7579], [100.7072, 13.758], [100.7072, 13.7581], [100.7073, 13.7582], [100.7074, 13.7584], [100.7075, 13.7585], [100.7076, 13.7587], [100.7078, 13.7589], [100.7079, 13.7591], [100.708, 13.7592], [100.7081, 13.7593], [100.7081, 13.7594], [100.7082, 13.7594], [100.7083, 13.7596], [100.7084, 13.7598], [100.7085, 13.76], [100.7086, 13.7601], [100.7087, 13.7603], [100.7088, 13.7605], [100.7089, 13.7606], [100.7089, 13.7607], [100.709, 13.7608], [100.7091, 13.7609], [100.7092, 13.7611], [100.7093, 13.7613], [100.7095, 13.7614], [100.7095, 13.7615], [100.7096, 13.7616], [100.7097, 13.7617], [100.7098, 13.7618], [100.7099, 13.7618], [100.7099, 13.7618], [100.71, 13.7619], [100.71, 13.7619], [100.71, 13.762], [100.7104, 13.7624], [100.7104, 13.7624], [100.7105, 13.7625], [100.7105, 13.7626], [100.7107, 13.7629], [100.7109, 13.7633], [100.711, 13.7634], [100.7111, 13.7636], [100.7114, 13.764], [100.7116, 13.7642], [100.7117, 13.7643], [100.7117, 13.7643], [100.7118, 13.7644], [100.7118, 13.7644], [100.7119, 13.7645], [100.7119, 13.7645], [100.712, 13.7646], [100.7122, 13.7648], [100.7122, 13.7648], [100.7122, 13.7649], [100.7123, 13.765], [100.7125, 13.7651], [100.7125, 13.7653], [100.7126, 13.7654], [100.7127, 13.7656], [100.7127, 13.7657], [100.7128, 13.7658], [100.7128, 13.7659], [100.7128, 13.7659], [100.7128, 13.766], [100.7129, 13.7661], [100.7129, 13.7661], [100.7129, 13.7661], [100.7129, 13.7662], [100.7129, 13.7662], [100.7129, 13.7663], [100.713, 13.7664], [100.7131, 13.7666], [100.7131, 13.7668], [100.7132, 13.7669], [100.7133, 13.767], [100.7134, 13.7671], [100.7135, 13.7674], [100.7136, 13.7676], [100.7139, 13.768], [100.7141, 13.7684], [100.7145, 13.7691], [100.7147, 13.7694], [100.7149, 13.7696], [100.715, 13.7698], [100.7151, 13.77], [100.7153, 13.7703], [100.7154, 13.7704], [100.7156, 13.7708], [100.7158, 13.7712], [100.716, 13.7715], [100.7161, 13.7717], [100.7162, 13.7719], [100.7162, 13.772], [100.7162, 13.7721], [100.7163, 13.7724], [100.7163, 13.7724], [100.7163, 13.7724], [100.7163, 13.7726], [100.7164, 13.7726], [100.7164, 13.7728], [100.7164, 13.7729], [100.7164, 13.7737], [100.7164, 13.7742], [100.7165, 13.7751], [100.7165, 13.7753], [100.7165, 13.7754], [100.7165, 13.7758], [100.7166, 13.7765], [100.7166, 13.7768], [100.7167, 13.7771], [100.7167, 13.7772], [100.7167, 13.7772], [100.7166, 13.7774], [100.7166, 13.7775], [100.7165, 13.7776], [100.7164, 13.778], [100.7164, 13.7781], [100.7164, 13.7782], [100.7163, 13.7782], [100.7162, 13.7784], [100.716, 13.779], [100.7158, 13.7796], [100.7157, 13.7797], [100.7157, 13.7797], [100.7156, 13.7798], [100.7156, 13.7798], [100.7156, 13.7798], [100.7156, 13.7799], [100.7156, 13.78], [100.7155, 13.78], [100.7155, 13.7801], [100.7155, 13.7801], [100.7155, 13.7802], [100.7155, 13.7803], [100.7155, 13.7804], [100.7155, 13.7805], [100.7155, 13.7805], [100.7155, 13.7806], [100.7155, 13.7806], [100.7154, 13.7807], [100.7154, 13.7807], [100.7154, 13.7808], [100.7154, 13.7808], [100.7154, 13.7809], [100.7154, 13.7809], [100.7154, 13.7809], [100.7154, 13.7809], [100.7154, 13.781], [100.7154, 13.781], [100.7154, 13.7811], [100.7154, 13.7811], [100.7154, 13.7811], [100.7154, 13.7812], [100.7154, 13.7813], [100.7154, 13.7814], [100.7154, 13.7815], [100.7154, 13.7816], [100.7154, 13.7816], [100.7153, 13.7819], [100.7152, 13.7819], [100.7152, 13.782], [100.7152, 13.7822], [100.7151, 13.7823], [100.7151, 13.7824], [100.7151, 13.7824], [100.715, 13.7825], [100.715, 13.7826], [100.715, 13.7827], [100.7149, 13.7828], [100.7149, 13.7829], [100.7147, 13.7833], [100.7145, 13.7836], [100.7143, 13.784], [100.714, 13.7845], [100.7136, 13.7852], [100.7131, 13.7861], [100.7127, 13.7868], [100.7123, 13.7876], [100.7123, 13.7876], [100.7118, 13.7884], [100.7112, 13.7894], [100.7109, 13.79], [100.7109, 13.7901], [100.7107, 13.7903], [100.7107, 13.7903], [100.7106, 13.7905], [100.7105, 13.7907], [100.7105, 13.7908], [100.7104, 13.791], [100.7104, 13.791], [100.7102, 13.7912], [100.71, 13.7916], [100.7097, 13.7921], [100.7094, 13.7925], [100.7093, 13.7929], [100.7092, 13.7929], [100.7091, 13.7931], [100.709, 13.7934], [100.7089, 13.7936], [100.7087, 13.7939], [100.7085, 13.7942], [100.7084, 13.7944], [100.7083, 13.7946], [100.7082, 13.7947], [100.7081, 13.7949], [100.708, 13.7951], [100.7079, 13.7952], [100.7078, 13.7953], [100.7078, 13.7954], [100.7077, 13.7955], [100.7076, 13.7958], [100.7075, 13.7959], [100.7072, 13.7965], [100.7069, 13.7971], [100.7064, 13.7978], [100.7062, 13.7983], [100.7056, 13.798], [100.7051, 13.7977], [100.705, 13.7977], [100.7049, 13.7977], [100.7048, 13.7976], [100.7048, 13.7975], [100.7046, 13.7975], [100.7043, 13.7973], [100.7042, 13.7972], [100.7041, 13.7972], [100.7039, 13.797], [100.7038, 13.797], [100.7036, 13.7969], [100.7036, 13.7968], [100.7035, 13.7968], [100.7033, 13.7967], [100.7033, 13.7967], [100.7031, 13.7966], [100.7031, 13.7966], [100.703, 13.7966], [100.7029, 13.7965], [100.7026, 13.7964], [100.7023, 13.7962], [100.7021, 13.7961], [100.702, 13.796], [100.7019, 13.796], [100.7019, 13.7959], [100.7018, 13.7959], [100.7018, 13.7959], [100.7015, 13.7958], [100.7011, 13.7956], [100.7007, 13.7954], [100.7007, 13.7954], [100.7006, 13.7953], [100.7006, 13.7953], [100.7006, 13.7953], [100.7006, 13.7952], [100.6998, 13.7948], [100.6994, 13.7946], [100.6994, 13.7945], [100.6989, 13.7943], [100.6983, 13.7939], [100.6975, 13.7935], [100.6971, 13.7933], [100.6965, 13.7929], [100.6962, 13.7928], [100.6962, 13.7928], [100.6961, 13.7927], [100.6958, 13.7926], [100.6955, 13.7924], [100.6953, 13.7924], [100.6953, 13.7923], [100.6951, 13.7922], [100.6948, 13.7921], [100.6944, 13.7918], [100.6936, 13.7914], [100.6931, 13.791], [100.6923, 13.7906], [100.6923, 13.7906], [100.6917, 13.7903], [100.6908, 13.7898], [100.69, 13.7893], [100.6897, 13.7892], [100.6896, 13.789], [100.689, 13.7887], [100.6886, 13.7885], [100.6884, 13.7884], [100.6883, 13.7884], [100.6883, 13.7884], [100.6883, 13.7884], [100.6882, 13.7883], [100.6878, 13.7881], [100.6876, 13.788], [100.6875, 13.7879], [100.6872, 13.7878], [100.6869, 13.7876], [100.6865, 13.7874], [100.6855, 13.7869], [100.685, 13.7866], [100.6848, 13.7865], [100.6847, 13.7864], [100.6844, 13.7863], [100.6836, 13.7858], [100.6834, 13.7858], [100.6831, 13.7856], [100.6825, 13.7853], [100.6821, 13.7851], [100.6821, 13.7851], [100.682, 13.785], [100.6817, 13.7848], [100.6814, 13.7846], [100.6812, 13.7845], [100.6807, 13.7842], [100.6806, 13.7842], [100.6804, 13.7841], [100.6801, 13.7839], [100.6799, 13.7838], [100.6798, 13.7837], [100.6795, 13.7836], [100.6792, 13.7834], [100.6789, 13.7832], [100.6785, 13.7831], [100.6785, 13.783], [100.6782, 13.7829], [100.6777, 13.7826], [100.6772, 13.7823], [100.6767, 13.782], [100.6766, 13.7819], [100.6764, 13.7818], [100.6762, 13.7817], [100.6758, 13.7815], [100.6753, 13.7813], [100.6751, 13.7812], [100.6751, 13.7812], [100.6751, 13.7811], [100.6746, 13.7809], [100.6743, 13.7808], [100.6737, 13.7805], [100.6735, 13.7804], [100.6733, 13.7802], [100.6733, 13.7802], [100.6728, 13.7799], [100.6723, 13.7797], [100.6719, 13.7795], [100.6716, 13.7793], [100.6715, 13.7793], [100.6714, 13.7792], [100.6711, 13.779], [100.6707, 13.7788], [100.6698, 13.7783], [100.6693, 13.7781], [100.6688, 13.7778], [100.6683, 13.7775], [100.6682, 13.7775], [100.6677, 13.7772], [100.6674, 13.777], [100.667, 13.7768], [100.667, 13.7767], [100.6669, 13.7767], [100.6666, 13.7765], [100.6665, 13.7765], [100.6659, 13.7761], [100.6655, 13.7759], [100.6652, 13.7758], [100.665, 13.7756], [100.6648, 13.7755], [100.6647, 13.7754], [100.6647, 13.7754], [100.6648, 13.7751], [100.6648, 13.775], [100.6648, 13.775], [100.6649, 13.7749], [100.6649, 13.7748], [100.665, 13.7747], [100.665, 13.7747], [100.6651, 13.7745], [100.6652, 13.7743], [100.6653, 13.774], [100.6653, 13.7739], [100.6654, 13.7738], [100.6654, 13.7738], [100.6655, 13.7736], [100.6657, 13.7733], [100.6659, 13.7729], [100.666, 13.7727], [100.666, 13.7726], [100.6662, 13.7722], [100.6663, 13.772], [100.6664, 13.7718], [100.6666, 13.7715], [100.6669, 13.7707], [100.6671, 13.7704], [100.6676, 13.7693], [100.6678, 13.7688], [100.668, 13.7685], [100.6682, 13.7682], [100.6683, 13.7679], [100.6685, 13.7674], [100.6687, 13.767], [100.6687, 13.7669], [100.6688, 13.7666], [100.6689, 13.7664], [100.6689, 13.7663], [100.6689, 13.7663], [100.6689, 13.7659], [100.6689, 13.7658], [100.669, 13.7654], [100.669, 13.7653], [100.669, 13.7652], [100.6691, 13.7649], [100.6691, 13.7647], [100.6692, 13.7645], [100.6692, 13.7641], [100.6693, 13.7639], [100.6692, 13.7637], [100.6693, 13.7636], [100.6693, 13.7633], [100.6694, 13.7632], [100.6694, 13.763], [100.6694, 13.7629], [100.6694, 13.7627], [100.6694, 13.7627], [100.6694, 13.7627], [100.6694, 13.7626], [100.6694, 13.7624], [100.6694, 13.7623], [100.6694, 13.7621], [100.6694, 13.762], [100.6694, 13.7619], [100.6694, 13.7618], [100.6694, 13.7617], [100.6694, 13.7616], [100.6694, 13.7616], [100.6694, 13.7611], [100.6694, 13.7609], [100.6695, 13.7607], [100.6695, 13.7604], [100.6695, 13.7603], [100.6695, 13.7602], [100.6695, 13.7601], [100.6695, 13.7599], [100.6695, 13.7599], [100.6695, 13.7597], [100.6696, 13.7591], [100.6696, 13.7588], [100.6696, 13.7585], [100.6696, 13.7577], [100.6696, 13.7573], [100.6696, 13.757], [100.6696, 13.7565], [100.6696, 13.7564], [100.6697, 13.7562], [100.6698, 13.7561], [100.6699, 13.7561], [100.6702, 13.7559], [100.6704, 13.7558], [100.6706, 13.7557], [100.6713, 13.7553], [100.6714, 13.7553], [100.6721, 13.7549], [100.6723, 13.7549], [100.6724, 13.7548], [100.6728, 13.7546], [100.673, 13.7546], [100.6733, 13.7545], [100.6735, 13.7544], [100.6739, 13.7542], [100.6749, 13.7537], [100.6751, 13.7536], [100.6753, 13.7535], [100.6761, 13.7532], [100.677, 13.7529], [100.6783, 13.7523], [100.6789, 13.7521], [100.6789, 13.7521], [100.6789, 13.7521], [100.6789, 13.752], [100.6789, 13.752], [100.6789, 13.7519], [100.6789, 13.7519], [100.6787, 13.7515], [100.6786, 13.7514], [100.6785, 13.7511], [100.6783, 13.7509], [100.6782, 13.7507], [100.6781, 13.7504], [100.678, 13.7503], [100.678, 13.7502], [100.6779, 13.7501], [100.6778, 13.7498], [100.6777, 13.7496], [100.6776, 13.7494], [100.6774, 13.7492], [100.6773, 13.7492], [100.6766, 13.7489], [100.6765, 13.7489], [100.6764, 13.7488], [100.6761, 13.7488], [100.6759, 13.7487], [100.6758, 13.7487], [100.6755, 13.7486], [100.6755, 13.7486], [100.675, 13.7486], [100.6749, 13.7486], [100.6746, 13.7487], [100.6743, 13.7488], [100.6742, 13.7489], [100.6738, 13.749], [100.6737, 13.7491], [100.6733, 13.7493], [100.6732, 13.7493], [100.6728, 13.7495], [100.6726, 13.7495], [100.6726, 13.7495], [100.6726, 13.7495], [100.6724, 13.7495], [100.6722, 13.7494], [100.672, 13.7493], [100.6719, 13.7492], [100.6718, 13.7492], [100.6711, 13.7486], [100.671, 13.7485], [100.6709, 13.7483], [100.6708, 13.7481], [100.6706, 13.748], [100.6704, 13.7478], [100.6703, 13.7478], [100.6702, 13.7478], [100.67, 13.7478], [100.6695, 13.7478], [100.6692, 13.7478], [100.6689, 13.7478], [100.6687, 13.7478], [100.6684, 13.7477], [100.6682, 13.7477], [100.6681, 13.7477], [100.6679, 13.7476], [100.6679, 13.7475], [100.6677, 13.7475], [100.6674, 13.7474], [100.6671, 13.7473], [100.6668, 13.7472], [100.6664, 13.7471], [100.6663, 13.747], [100.6662, 13.7469], [100.6661, 13.7468], [100.6659, 13.7467], [100.6659, 13.7466], [100.6658, 13.7465], [100.6657, 13.7463], [100.6655, 13.7462], [100.6655, 13.7461], [100.6654, 13.746], [100.6654, 13.7459], [100.6653, 13.7459], [100.6653, 13.7458], [100.6653, 13.7457], [100.6653, 13.7456], [100.6652, 13.7454], [100.6651, 13.7453], [100.6651, 13.7451], [100.6651, 13.745], [100.6651, 13.745], [100.665, 13.7449], [100.665, 13.7448], [100.6649, 13.7446], [100.6649, 13.7445], [100.6649, 13.7444], [100.6648, 13.7443], [100.6648, 13.7441], [100.6647, 13.7439], [100.6646, 13.7438], [100.6646, 13.7438], [100.6646, 13.7437], [100.6646, 13.7436], [100.6646, 13.7435], [100.6646, 13.7434], [100.6645, 13.7433], [100.6645, 13.7433], [100.6645, 13.7432], [100.6645, 13.7432], [100.6645, 13.7431], [100.6644, 13.7431], [100.6642, 13.743], [100.6642, 13.743], [100.6641, 13.7429], [100.664, 13.7429], [100.6639, 13.7429], [100.6638, 13.7429], [100.6637, 13.7429], [100.6636, 13.7429], [100.6635, 13.7428], [100.6634, 13.7428], [100.6634, 13.7427], [100.6632, 13.7425], [100.6631, 13.7424], [100.663, 13.7422], [100.663, 13.742], [100.663, 13.7417], [100.6631, 13.7415], [100.6632, 13.7414], [100.6634, 13.7411], [100.6634, 13.741], [100.6634, 13.7408], [100.6634, 13.7407], [100.6634, 13.7405], [100.6634, 13.7404], [100.6634, 13.7403], [100.6634, 13.7402], [100.6633, 13.7402], [100.6633, 13.7401], [100.6632, 13.7402], [100.6632, 13.7401], [100.6631, 13.7401], [100.6629, 13.7401], [100.6628, 13.7401], [100.6627, 13.7401], [100.6625, 13.74], [100.6624, 13.7399], [100.6624, 13.7399], [100.6623, 13.7398], [100.6622, 13.7397], [100.6622, 13.7397], [100.6621, 13.7396], [100.662, 13.7396], [100.6618, 13.7396], [100.6614, 13.7394], [100.6612, 13.7393], [100.6611, 13.7392], [100.661, 13.7392], [100.661, 13.7392], [100.661, 13.7392], [100.6602, 13.7389], [100.6602, 13.7389], [100.6595, 13.7386], [100.6594, 13.7386], [100.6593, 13.7385], [100.6591, 13.7383], [100.6592, 13.7383], [100.6592, 13.7383], [100.6592, 13.7382], [100.6591, 13.7381], [100.659, 13.7379], [100.659, 13.7378]]]}, "properties": {"DISTRICT_N": "สะพานสูง", "CODE": 1044, "AREA_BMA": 28.12400055}}, {"type": "Feature", "geometry": {"type": "Polygon", "coordinates": [[[100.5434, 13.7627], [100.5434, 13.7627], [100.5435, 13.7626], [100.5437, 13.7625], [100.5438, 13.7625], [100.544, 13.7624], [100.5441, 13.7622], [100.5446, 13.7619], [100.5447, 13.7618], [100.5449, 13.7617], [100.545, 13.7616], [100.545, 13.7616], [100.5451, 13.7615], [100.5452, 13.7615], [100.5452, 13.7615], [100.5453, 13.7615], [100.5454, 13.7614], [100.5455, 13.7614], [100.5455, 13.7613], [100.5456, 13.7613], [100.5456, 13.7612], [100.5457, 13.7612], [100.5457, 13.7611], [100.5457, 13.761], [100.5458, 13.7608], [100.5459, 13.7608], [100.5459, 13.7607], [100.546, 13.7606], [100.5461, 13.7605], [100.5461, 13.7605], [100.5461, 13.7605], [100.5462, 13.7604], [100.5463, 13.7604], [100.5465, 13.7604], [100.5467, 13.7604], [100.5469, 13.7605], [100.5469, 13.7605], [100.547, 13.7605], [100.5471, 13.7605], [100.5471, 13.7605], [100.5473, 13.7604], [100.5473, 13.7603], [100.5473, 13.7602], [100.5473, 13.7601], [100.5473, 13.7599], [100.5474, 13.7599], [100.5474, 13.7598], [100.5475, 13.7598], [100.5475, 13.7598], [100.5476, 13.7597], [100.5477, 13.7597], [100.5478, 13.7597], [100.5479, 13.7597], [100.548, 13.7597], [100.548, 13.7597], [100.5481, 13.7597], [100.5482, 13.7596], [100.5483, 13.7595], [100.5484, 13.7595], [100.5484, 13.7594], [100.5485, 13.7594], [100.5486, 13.7594], [100.5487, 13.7594], [100.5488, 13.7593], [100.5488, 13.7593], [100.549, 13.7593], [100.549, 13.7592], [100.5491, 13.7592], [100.5492, 13.7592], [100.5494, 13.7591], [100.5495, 13.759], [100.5496, 13.759], [100.5497, 13.759], [100.5498, 13.7589], [100.55, 13.7589], [100.5501, 13.7588], [100.5502, 13.7588], [100.5503, 13.7587], [100.5504, 13.7587], [100.5506, 13.7586], [100.5506, 13.7585], [100.5507, 13.7584], [100.5508, 13.7583], [100.5509, 13.7582], [100.5509, 13.7581], [100.551, 13.758], [100.5511, 13.758], [100.5511, 13.7579], [100.5512, 13.7578], [100.5513, 13.7577], [100.5514, 13.7576], [100.5515, 13.7575], [100.5515, 13.7574], [100.5516, 13.7573], [100.5516, 13.7572], [100.5517, 13.757], [100.5517, 13.757], [100.5518, 13.7569], [100.5519, 13.7568], [100.5519, 13.7568], [100.552, 13.7567], [100.5521, 13.7566], [100.5521, 13.7566], [100.5522, 13.7565], [100.5524, 13.7561], [100.5524, 13.756], [100.5525, 13.756], [100.5525, 13.756], [100.5525, 13.756], [100.5526, 13.756], [100.5528, 13.756], [100.553, 13.756], [100.5531, 13.756], [100.5532, 13.756], [100.5532, 13.756], [100.5533, 13.756], [100.5534, 13.7559], [100.5535, 13.7559], [100.5537, 13.7559], [100.5538, 13.7559], [100.5538, 13.7559], [100.5539, 13.756], [100.554, 13.7561], [100.5541, 13.7561], [100.5542, 13.7561], [100.5543, 13.7561], [100.5544, 13.7561], [100.5545, 13.7561], [100.5546, 13.7561], [100.5547, 13.7561], [100.5547, 13.7561], [100.5547, 13.7561], [100.5547, 13.7561], [100.5549, 13.756], [100.5549, 13.756], [100.5549, 13.756], [100.555, 13.756], [100.555, 13.756], [100.5551, 13.756], [100.5551, 13.756], [100.5552, 13.756], [100.5553, 13.756], [100.5554, 13.756], [100.5555, 13.756], [100.5556, 13.756], [100.5557, 13.756], [100.5557, 13.756], [100.5558, 13.756], [100.5558, 13.756], [100.5559, 13.756], [100.5559, 13.756], [100.556, 13.756], [100.5561, 13.756], [100.5562, 13.756], [100.5562, 13.756], [100.5563, 13.756], [100.5563, 13.7559], [100.5564, 13.7559], [100.5564, 13.7559], [100.5565, 13.7559], [100.5566, 13.7559], [100.5566, 13.7558], [100.5567, 13.7558], [100.5567, 13.7558], [100.5568, 13.7558], [100.5568, 13.7558], [100.5569, 13.7558], [100.557, 13.7558], [100.5571, 13.7558], [100.5571, 13.7558], [100.5572, 13.7558], [100.5573, 13.7558], [100.5574, 13.7558], [100.5574, 13.7558], [100.5575, 13.7558], [100.5575, 13.7558], [100.5576, 13.7558], [100.5577, 13.7558], [100.5579, 13.7558], [100.558, 13.7558], [100.5583, 13.7558], [100.5584, 13.7558], [100.5586, 13.7558], [100.5588, 13.7558], [100.5588, 13.7558], [100.559, 13.7558], [100.5592, 13.7557], [100.5593, 13.7557], [100.5594, 13.7557], [100.5595, 13.7557], [100.5596, 13.7557], [100.5598, 13.7557], [100.5599, 13.7556], [100.56, 13.7556], [100.5603, 13.7556], [100.5604, 13.7556], [100.5605, 13.7556], [100.5606, 13.7556], [100.5608, 13.7556], [100.561, 13.7556], [100.5612, 13.7556], [100.5613, 13.7556], [100.5616, 13.7555], [100.5617, 13.7555], [100.5619, 13.7555], [100.5621, 13.7555], [100.5622, 13.7555], [100.5624, 13.7555], [100.5625, 13.7554], [100.5626, 13.7554], [100.5629, 13.7554], [100.563, 13.7554], [100.5634, 13.7554], [100.5636, 13.7554], [100.5638, 13.7553], [100.5639, 13.7553], [100.564, 13.7553], [100.5641, 13.7553], [100.5643, 13.7552], [100.5647, 13.7552], [100.5649, 13.7551], [100.565, 13.7556], [100.5653, 13.7564], [100.5653, 13.7567], [100.5655, 13.7577], [100.5656, 13.7577], [100.5656, 13.7578], [100.5656, 13.7578], [100.5659, 13.759], [100.5659, 13.7593], [100.5659, 13.7593], [100.566, 13.7593], [100.566, 13.7596], [100.5661, 13.7598], [100.5661, 13.7599], [100.5662, 13.7601], [100.5663, 13.7604], [100.5665, 13.7606], [100.5666, 13.7609], [100.5666, 13.7609], [100.5667, 13.7611], [100.5668, 13.7613], [100.5669, 13.7614], [100.5672, 13.7619], [100.5673, 13.762], [100.5674, 13.762], [100.5675, 13.7623], [100.5676, 13.7624], [100.5679, 13.7627], [100.5679, 13.7628], [100.5682, 13.7631], [100.5684, 13.7634], [100.5686, 13.7637], [100.5689, 13.764], [100.569, 13.7642], [100.5691, 13.7643], [100.5692, 13.7644], [100.5695, 13.7648], [100.5697, 13.765], [100.5698, 13.7652], [100.5698, 13.7652], [100.57, 13.7655], [100.5703, 13.7658], [100.5704, 13.7659], [100.5704, 13.766], [100.5707, 13.7663], [100.5709, 13.7667], [100.571, 13.7668], [100.5711, 13.7668], [100.5712, 13.767], [100.5714, 13.7673], [100.5718, 13.7678], [100.572, 13.7681], [100.5723, 13.7684], [100.5725, 13.7687], [100.5725, 13.7688], [100.5726, 13.7689], [100.5727, 13.7691], [100.573, 13.7696], [100.5731, 13.7698], [100.5732, 13.7702], [100.5733, 13.7704], [100.5733, 13.7706], [100.5734, 13.7708], [100.5734, 13.771], [100.5735, 13.7713], [100.5735, 13.7716], [100.5735, 13.772], [100.5735, 13.7721], [100.5735, 13.7722], [100.5735, 13.7724], [100.5735, 13.7725], [100.5735, 13.7726], [100.5735, 13.7727], [100.5736, 13.773], [100.5736, 13.7733], [100.5736, 13.7737], [100.5736, 13.774], [100.5736, 13.7742], [100.5736, 13.7746], [100.5737, 13.7749], [100.5737, 13.7751], [100.5737, 13.7752], [100.5737, 13.7754], [100.5737, 13.7758], [100.5737, 13.7759], [100.5737, 13.7761], [100.5737, 13.7763], [100.5737, 13.7766], [100.5738, 13.7769], [100.5738, 13.7773], [100.5738, 13.7776], [100.5738, 13.7779], [100.5738, 13.7784], [100.5738, 13.7786], [100.5738, 13.7789], [100.5739, 13.7789], [100.5739, 13.7793], [100.5739, 13.7793], [100.5739, 13.7793], [100.5739, 13.7797], [100.5739, 13.7797], [100.5739, 13.7801], [100.5739, 13.7802], [100.5739, 13.7803], [100.5739, 13.7805], [100.5739, 13.7811], [100.5739, 13.7811], [100.5739, 13.7812], [100.574, 13.7815], [100.574, 13.7815], [100.574, 13.7818], [100.574, 13.7818], [100.574, 13.7819], [100.574, 13.7823], [100.574, 13.7826], [100.574, 13.783], [100.574, 13.7831], [100.574, 13.7831], [100.574, 13.7832], [100.5741, 13.7836], [100.5741, 13.7839], [100.5741, 13.7843], [100.5741, 13.7844], [100.5741, 13.7845], [100.5741, 13.7847], [100.5741, 13.7849], [100.5741, 13.7856], [100.5742, 13.7857], [100.5742, 13.7871], [100.5742, 13.7874], [100.5742, 13.7875], [100.5743, 13.7881], [100.5743, 13.7889], [100.5743, 13.7894], [100.5744, 13.7894], [100.5744, 13.7896], [100.5744, 13.7897], [100.5744, 13.7898], [100.5744, 13.7901], [100.5744, 13.791], [100.5745, 13.7914], [100.5745, 13.7915], [100.5745, 13.7922], [100.5745, 13.7926], [100.5745, 13.7929], [100.5746, 13.7933], [100.5746, 13.7939], [100.5746, 13.7946], [100.5746, 13.7951], [100.5747, 13.7957], [100.5747, 13.7962], [100.5747, 13.7965], [100.5747, 13.7968], [100.5747, 13.7971], [100.5747, 13.7972], [100.5748, 13.7979], [100.5748, 13.7979], [100.5748, 13.7986], [100.5748, 13.7988], [100.5748, 13.7991], [100.5748, 13.7996], [100.5749, 13.7998], [100.5749, 13.8003], [100.5749, 13.8004], [100.5749, 13.8009], [100.5749, 13.801], [100.5749, 13.8011], [100.5745, 13.801], [100.5745, 13.801], [100.5743, 13.8009], [100.5743, 13.8008], [100.5742, 13.8007], [100.574, 13.8006], [100.5739, 13.8004], [100.5737, 13.8003], [100.5737, 13.8003], [100.5736, 13.8003], [100.5736, 13.8003], [100.5735, 13.8003], [100.5734, 13.8002], [100.5733, 13.8002], [100.5732, 13.8002], [100.573, 13.8002], [100.5729, 13.8002], [100.5728, 13.8001], [100.5728, 13.8001], [100.5727, 13.8001], [100.5726, 13.8001], [100.5726, 13.8], [100.5725, 13.8], [100.5724, 13.8], [100.5723, 13.7999], [100.5722, 13.7998], [100.5721, 13.7997], [100.572, 13.7997], [100.572, 13.7997], [100.5719, 13.7997], [100.5718, 13.7997], [100.5716, 13.7997], [100.5714, 13.7997], [100.5713, 13.7997], [100.5712, 13.7997], [100.5709, 13.7996], [100.5708, 13.7996], [100.5707, 13.7996], [100.5706, 13.7996], [100.5704, 13.7995], [100.5703, 13.7995], [100.5701, 13.7995], [100.57, 13.7995], [100.5699, 13.7994], [100.5696, 13.7994], [100.5694, 13.7994], [100.5692, 13.7994], [100.569, 13.7993], [100.5687, 13.7993], [100.5685, 13.7993], [100.5682, 13.7993], [100.568, 13.7993], [100.5679, 13.7993], [100.5678, 13.7993], [100.5677, 13.7993], [100.5675, 13.7993], [100.5674, 13.7993], [100.5673, 13.7989], [100.5673, 13.7988], [100.5672, 13.7987], [100.5672, 13.7987], [100.5672, 13.7986], [100.5672, 13.7984], [100.5672, 13.7982], [100.5671, 13.798], [100.5671, 13.7978], [100.5671, 13.7976], [100.5671, 13.7974], [100.5671, 13.7973], [100.567, 13.797], [100.567, 13.7969], [100.567, 13.7968], [100.567, 13.7966], [100.567, 13.7965], [100.567, 13.7964], [100.567, 13.7962], [100.567, 13.796], [100.567, 13.7957], [100.567, 13.7955], [100.567, 13.7951], [100.567, 13.7949], [100.5669, 13.7949], [100.5667, 13.7948], [100.5665, 13.7947], [100.5664, 13.7946], [100.5663, 13.7946], [100.5662, 13.7946], [100.5661, 13.7946], [100.5661, 13.7946], [100.566, 13.7946], [100.566, 13.7946], [100.566, 13.7946], [100.566, 13.7946], [100.5659, 13.7946], [100.5659, 13.7946], [100.5659, 13.7946], [100.5658, 13.7946], [100.5658, 13.7946], [100.5657, 13.7946], [100.5657, 13.7946], [100.5657, 13.7946], [100.5656, 13.7946], [100.5655, 13.7947], [100.5654, 13.7947], [100.5653, 13.7947], [100.5651, 13.7947], [100.565, 13.7947], [100.5649, 13.7947], [100.5649, 13.7947], [100.5648, 13.7947], [100.5648, 13.7947], [100.5648, 13.7947], [100.5647, 13.7947], [100.5647, 13.7947], [100.5647, 13.7947], [100.5647, 13.7947], [100.5646, 13.7947], [100.5645, 13.7947], [100.5644, 13.7947], [100.5644, 13.7948], [100.5643, 13.7948], [100.5643, 13.7948], [100.5641, 13.7948], [100.5641, 13.7948], [100.564, 13.7948], [100.564, 13.7948], [100.564, 13.7948], [100.564, 13.7948], [100.5639, 13.7948], [100.5639, 13.7948], [100.5639, 13.7948], [100.5639, 13.7948], [100.5638, 13.7948], [100.5638, 13.7948], [100.5638, 13.7948], [100.5637, 13.7948], [100.5637, 13.7948], [100.5636, 13.7948], [100.5636, 13.7948], [100.5635, 13.7948], [100.5635, 13.7948], [100.5635, 13.7948], [100.5635, 13.7948], [100.5634, 13.7948], [100.5634, 13.7948], [100.5634, 13.7948], [100.5634, 13.7949], [100.5634, 13.7949], [100.5633, 13.7949], [100.5633, 13.7949], [100.5632, 13.7949], [100.5631, 13.7949], [100.5631, 13.7949], [100.5631, 13.7949], [100.5631, 13.7949], [100.563, 13.7949], [100.563, 13.7949], [100.5629, 13.7949], [100.5626, 13.7949], [100.5625, 13.7949], [100.5625, 13.7949], [100.5624, 13.7949], [100.5624, 13.7949], [100.5623, 13.7949], [100.5623, 13.7949], [100.5623, 13.7949], [100.5623, 13.7949], [100.5623, 13.7949], [100.5622, 13.7949], [100.5621, 13.7949], [100.562, 13.7949], [100.5618, 13.7949], [100.5616, 13.795], [100.5617, 13.7945], [100.5617, 13.794], [100.5618, 13.7934], [100.5618, 13.7932], [100.5619, 13.7927], [100.5619, 13.7925], [100.5619, 13.7919], [100.562, 13.7913], [100.562, 13.7909], [100.5621, 13.7905], [100.5621, 13.7901], [100.562, 13.7897], [100.562, 13.7892], [100.5619, 13.7887], [100.5617, 13.7882], [100.5617, 13.7881], [100.5617, 13.7881], [100.5616, 13.7879], [100.5616, 13.7878], [100.5615, 13.7875], [100.5612, 13.7869], [100.5609, 13.7864], [100.5604, 13.7855], [100.5603, 13.7852], [100.5602, 13.785], [100.5601, 13.7848], [100.5597, 13.7842], [100.5594, 13.7837], [100.5592, 13.7832], [100.5588, 13.7825], [100.5584, 13.7818], [100.5581, 13.7813], [100.5578, 13.7808], [100.5576, 13.7804], [100.5574, 13.78], [100.5572, 13.7796], [100.557, 13.7792], [100.5566, 13.7786], [100.5564, 13.7781], [100.5562, 13.7778], [100.5559, 13.7773], [100.5557, 13.7768], [100.5553, 13.7761], [100.5551, 13.7757], [100.5548, 13.7751], [100.5545, 13.7746], [100.5541, 13.7739], [100.5538, 13.7733], [100.5534, 13.7727], [100.5529, 13.7719], [100.5526, 13.7714], [100.5523, 13.7709], [100.5521, 13.7704], [100.5518, 13.77], [100.5515, 13.7694], [100.5512, 13.7688], [100.551, 13.7684], [100.5508, 13.768], [100.5504, 13.7674], [100.5502, 13.7668], [100.55, 13.7664], [100.5497, 13.7661], [100.5495, 13.7658], [100.5493, 13.7653], [100.5491, 13.7648], [100.5487, 13.7642], [100.5486, 13.7639], [100.5469, 13.7637], [100.5458, 13.7634], [100.5447, 13.763], [100.5441, 13.7629], [100.5435, 13.7627], [100.5434, 13.7627]]]}, "properties": {"DISTRICT_N": "ดินแดง", "CODE": 1026, "AREA_BMA": 8.35400009}}, {"type": "Feature", "geometry": {"type": "Polygon", "coordinates": [[[100.5981, 13.7412], [100.5981, 13.7412], [100.5981, 13.7411], [100.5982, 13.741], [100.5982, 13.741], [100.5983, 13.741], [100.5987, 13.7408], [100.5988, 13.7408], [100.5988, 13.7408], [100.5989, 13.7407], [100.5989, 13.7406], [100.5989, 13.7405], [100.5988, 13.7403], [100.5986, 13.7396], [100.5985, 13.7393], [100.5984, 13.739], [100.5984, 13.7389], [100.5984, 13.7387], [100.5983, 13.7386], [100.5983, 13.7386], [100.5984, 13.7385], [100.5984, 13.7384], [100.5984, 13.7384], [100.5985, 13.7383], [100.5985, 13.7383], [100.5985, 13.7383], [100.5988, 13.7382], [100.599, 13.7382], [100.5994, 13.7381], [100.5997, 13.7381], [100.5999, 13.7381], [100.6, 13.7381], [100.6002, 13.7382], [100.6005, 13.7382], [100.6006, 13.7382], [100.6008, 13.7382], [100.6009, 13.7382], [100.601, 13.7382], [100.6011, 13.7382], [100.6013, 13.7381], [100.6016, 13.7381], [100.6018, 13.738], [100.6021, 13.738], [100.6024, 13.738], [100.6025, 13.738], [100.6025, 13.738], [100.6025, 13.738], [100.6025, 13.7381], [100.6026, 13.7381], [100.6026, 13.7381], [100.6026, 13.7381], [100.6035, 13.7379], [100.6037, 13.7378], [100.6039, 13.7378], [100.6046, 13.7378], [100.6048, 13.7377], [100.6049, 13.7377], [100.605, 13.7377], [100.6049, 13.7375], [100.6048, 13.737], [100.6047, 13.7361], [100.6046, 13.7355], [100.6046, 13.7351], [100.6045, 13.7347], [100.6045, 13.7345], [100.6046, 13.7344], [100.6046, 13.7343], [100.6046, 13.7341], [100.6046, 13.7336], [100.6046, 13.7336], [100.6046, 13.7336], [100.6046, 13.7336], [100.6047, 13.7336], [100.6047, 13.7335], [100.6047, 13.7334], [100.6046, 13.7332], [100.6046, 13.7321], [100.6046, 13.7317], [100.6047, 13.7316], [100.6047, 13.7316], [100.6047, 13.7315], [100.6047, 13.7315], [100.6047, 13.7313], [100.6048, 13.7298], [100.6049, 13.7293], [100.6049, 13.7288], [100.605, 13.7282], [100.605, 13.7281], [100.6051, 13.7279], [100.6052, 13.7277], [100.6053, 13.7271], [100.6054, 13.7268], [100.6054, 13.7266], [100.6054, 13.7265], [100.6054, 13.7262], [100.6054, 13.7258], [100.6054, 13.7254], [100.6054, 13.7251], [100.6054, 13.7248], [100.6055, 13.7243], [100.6055, 13.7241], [100.6055, 13.7238], [100.6055, 13.7236], [100.6055, 13.7235], [100.6056, 13.7233], [100.6056, 13.7228], [100.6057, 13.7226], [100.6057, 13.7224], [100.6057, 13.7223], [100.6058, 13.7221], [100.6058, 13.7221], [100.6058, 13.722], [100.6059, 13.7219], [100.6059, 13.7218], [100.6059, 13.7216], [100.6059, 13.7215], [100.6059, 13.7215], [100.6059, 13.7214], [100.6059, 13.7214], [100.6059, 13.7213], [100.6059, 13.7212], [100.6059, 13.7212], [100.6059, 13.721], [100.6059, 13.7209], [100.6058, 13.7208], [100.6057, 13.7206], [100.6056, 13.7205], [100.6055, 13.7205], [100.6054, 13.7203], [100.6053, 13.7203], [100.6053, 13.7202], [100.6053, 13.7201], [100.6053, 13.7201], [100.6053, 13.7201], [100.6053, 13.72], [100.6054, 13.72], [100.6055, 13.72], [100.6057, 13.7199], [100.6057, 13.7199], [100.6059, 13.7198], [100.606, 13.7198], [100.6061, 13.7198], [100.6062, 13.7197], [100.6063, 13.7196], [100.6063, 13.7196], [100.6064, 13.7195], [100.6066, 13.7193], [100.6066, 13.7192], [100.6067, 13.7192], [100.6067, 13.7191], [100.6068, 13.7191], [100.6068, 13.719], [100.6068, 13.719], [100.6068, 13.7189], [100.6068, 13.7189], [100.6068, 13.7189], [100.6068, 13.7188], [100.6068, 13.7187], [100.6066, 13.7186], [100.6066, 13.7185], [100.6065, 13.7185], [100.6064, 13.7184], [100.6063, 13.7184], [100.6063, 13.7184], [100.6062, 13.7183], [100.6062, 13.7183], [100.6062, 13.7183], [100.6062, 13.7182], [100.6062, 13.7181], [100.6063, 13.7178], [100.6064, 13.7177], [100.6064, 13.7177], [100.6064, 13.7177], [100.6064, 13.7177], [100.6064, 13.7176], [100.6064, 13.7176], [100.6064, 13.7175], [100.6064, 13.7174], [100.6065, 13.7172], [100.6066, 13.7169], [100.6066, 13.7165], [100.6067, 13.7165], [100.6067, 13.7165], [100.6067, 13.7165], [100.6068, 13.7165], [100.6068, 13.7163], [100.6068, 13.7163], [100.6068, 13.7163], [100.6067, 13.7162], [100.6067, 13.7161], [100.6066, 13.7158], [100.6066, 13.7157], [100.6065, 13.7151], [100.6061, 13.7147], [100.6058, 13.7143], [100.6057, 13.7141], [100.6055, 13.714], [100.6054, 13.7139], [100.6053, 13.7139], [100.6051, 13.7139], [100.6047, 13.7139], [100.6043, 13.7139], [100.6035, 13.7137], [100.6031, 13.7136], [100.6027, 13.7135], [100.6025, 13.7134], [100.6023, 13.7133], [100.6023, 13.7133], [100.6022, 13.7131], [100.602, 13.7129], [100.6019, 13.7126], [100.6019, 13.7124], [100.6019, 13.7122], [100.6019, 13.712], [100.602, 13.7119], [100.6021, 13.7119], [100.6022, 13.712], [100.6023, 13.712], [100.6023, 13.712], [100.6024, 13.7121], [100.6025, 13.7121], [100.6026, 13.7121], [100.6026, 13.7121], [100.6027, 13.712], [100.6027, 13.7119], [100.6027, 13.7118], [100.6028, 13.7117], [100.6029, 13.7116], [100.6029, 13.7116], [100.603, 13.7114], [100.6031, 13.7111], [100.6032, 13.711], [100.6032, 13.7108], [100.6032, 13.7108], [100.6033, 13.7106], [100.6035, 13.7103], [100.6035, 13.7103], [100.6035, 13.7102], [100.6036, 13.71], [100.6036, 13.7099], [100.6036, 13.7098], [100.6037, 13.7096], [100.6037, 13.7095], [100.6039, 13.7094], [100.6041, 13.7092], [100.6041, 13.7092], [100.6042, 13.709], [100.6043, 13.7087], [100.6043, 13.7087], [100.6043, 13.7086], [100.6045, 13.7086], [100.6045, 13.7085], [100.6046, 13.7084], [100.6046, 13.7084], [100.6047, 13.7083], [100.6047, 13.7081], [100.6048, 13.708], [100.6048, 13.7079], [100.6048, 13.7077], [100.6048, 13.7077], [100.6049, 13.7077], [100.6049, 13.7076], [100.6051, 13.7076], [100.6052, 13.7076], [100.6052, 13.7076], [100.6052, 13.7075], [100.6052, 13.7074], [100.6052, 13.7074], [100.6052, 13.7072], [100.6052, 13.7072], [100.6052, 13.7071], [100.6052, 13.7071], [100.6054, 13.7071], [100.6054, 13.7071], [100.6055, 13.707], [100.6055, 13.707], [100.6056, 13.7069], [100.6057, 13.7066], [100.6058, 13.7065], [100.6058, 13.7065], [100.606, 13.7062], [100.606, 13.7061], [100.6061, 13.7061], [100.6062, 13.706], [100.6062, 13.7059], [100.6063, 13.7059], [100.6063, 13.7058], [100.6063, 13.7058], [100.6063, 13.7057], [100.6062, 13.7057], [100.6062, 13.7056], [100.6063, 13.7056], [100.6063, 13.7055], [100.6064, 13.7053], [100.6066, 13.7054], [100.6067, 13.7054], [100.607, 13.7055], [100.6074, 13.7056], [100.6078, 13.7057], [100.6081, 13.7058], [100.6083, 13.7058], [100.6085, 13.7059], [100.6087, 13.7059], [100.6089, 13.7059], [100.6091, 13.7059], [100.6092, 13.7059], [100.6093, 13.7059], [100.6094, 13.7059], [100.6096, 13.7058], [100.6097, 13.7058], [100.6099, 13.7058], [100.61, 13.7058], [100.6102, 13.7058], [100.6107, 13.7059], [100.6108, 13.7059], [100.6109, 13.7059], [100.611, 13.706], [100.6111, 13.706], [100.6112, 13.706], [100.6114, 13.7061], [100.6118, 13.7062], [100.6121, 13.7062], [100.6124, 13.7062], [100.6128, 13.7063], [100.6133, 13.7063], [100.6137, 13.7063], [100.6139, 13.7063], [100.6139, 13.7063], [100.6142, 13.7064], [100.6148, 13.7065], [100.6153, 13.7066], [100.6158, 13.7068], [100.6159, 13.7068], [100.616, 13.7069], [100.616, 13.7068], [100.616, 13.7067], [100.616, 13.7065], [100.616, 13.7061], [100.616, 13.706], [100.6161, 13.7056], [100.6162, 13.7052], [100.6162, 13.7047], [100.6163, 13.7042], [100.6163, 13.7041], [100.6165, 13.7041], [100.6165, 13.7041], [100.6167, 13.7041], [100.6169, 13.7041], [100.6174, 13.7042], [100.6179, 13.7042], [100.618, 13.7042], [100.6181, 13.7042], [100.6182, 13.7043], [100.6188, 13.7044], [100.6192, 13.7044], [100.6194, 13.7044], [100.6199, 13.7045], [100.6202, 13.7046], [100.6209, 13.7048], [100.6214, 13.7048], [100.6218, 13.7049], [100.6223, 13.7049], [100.6224, 13.7049], [100.6224, 13.7047], [100.6224, 13.7043], [100.6224, 13.7041], [100.6225, 13.7038], [100.6225, 13.7038], [100.6225, 13.7037], [100.6226, 13.7037], [100.6226, 13.7036], [100.6227, 13.7036], [100.6227, 13.7036], [100.6228, 13.7036], [100.6229, 13.7035], [100.623, 13.7035], [100.6231, 13.7034], [100.6231, 13.7033], [100.6232, 13.7033], [100.6232, 13.7032], [100.6232, 13.7032], [100.6232, 13.7031], [100.6237, 13.7031], [100.6251, 13.7031], [100.6252, 13.7031], [100.6252, 13.703], [100.6252, 13.703], [100.6257, 13.703], [100.6261, 13.703], [100.6261, 13.703], [100.6264, 13.703], [100.6264, 13.7029], [100.6265, 13.7028], [100.6265, 13.7028], [100.6271, 13.7028], [100.6272, 13.7028], [100.6272, 13.7029], [100.6272, 13.7031], [100.6281, 13.7031], [100.6287, 13.7031], [100.6287, 13.7031], [100.6288, 13.7031], [100.629, 13.7031], [100.6298, 13.7032], [100.63, 13.7033], [100.63, 13.7033], [100.6305, 13.7033], [100.6306, 13.7032], [100.6306, 13.7032], [100.6307, 13.7026], [100.6309, 13.7026], [100.6314, 13.7027], [100.6318, 13.7028], [100.6322, 13.7029], [100.6329, 13.7031], [100.6331, 13.7027], [100.6332, 13.7025], [100.6333, 13.7022], [100.6334, 13.702], [100.6336, 13.7018], [100.6337, 13.7016], [100.6337, 13.7015], [100.6339, 13.7012], [100.6339, 13.701], [100.634, 13.7009], [100.634, 13.7008], [100.6344, 13.7009], [100.6356, 13.7011], [100.6367, 13.7014], [100.6376, 13.7016], [100.639, 13.702], [100.6405, 13.7023], [100.6414, 13.7025], [100.6417, 13.7026], [100.6422, 13.7026], [100.6423, 13.7026], [100.6423, 13.7026], [100.6424, 13.7026], [100.6425, 13.7025], [100.6425, 13.7025], [100.6428, 13.7026], [100.6433, 13.7026], [100.6435, 13.7026], [100.6436, 13.7026], [100.6438, 13.7026], [100.644, 13.7026], [100.6442, 13.7026], [100.6445, 13.7026], [100.6446, 13.7025], [100.6446, 13.7025], [100.6453, 13.7026], [100.6457, 13.7026], [100.646, 13.7026], [100.6465, 13.7027], [100.6467, 13.7027], [100.6468, 13.7027], [100.647, 13.7027], [100.6473, 13.7029], [100.6474, 13.7029], [100.6479, 13.7031], [100.648, 13.7031], [100.6482, 13.7031], [100.6483, 13.7032], [100.6484, 13.7032], [100.6487, 13.7031], [100.6489, 13.7031], [100.6493, 13.7032], [100.6496, 13.7033], [100.6499, 13.7033], [100.6502, 13.7033], [100.6505, 13.7031], [100.6507, 13.703], [100.6509, 13.7029], [100.6509, 13.7032], [100.6508, 13.7037], [100.6507, 13.7039], [100.6505, 13.7042], [100.6503, 13.7046], [100.6502, 13.7047], [100.6502, 13.705], [100.6502, 13.7053], [100.6501, 13.7055], [100.6501, 13.7058], [100.6501, 13.7059], [100.65, 13.7062], [100.6499, 13.7063], [100.6498, 13.7064], [100.6496, 13.7067], [100.6495, 13.7068], [100.6493, 13.707], [100.6493, 13.707], [100.6492, 13.7072], [100.6492, 13.7073], [100.6492, 13.7074], [100.6492, 13.7076], [100.6493, 13.7078], [100.6494, 13.7081], [100.6495, 13.7083], [100.6496, 13.7086], [100.6496, 13.7087], [100.6497, 13.7089], [100.6497, 13.7091], [100.6497, 13.7092], [100.6497, 13.7093], [100.6497, 13.7095], [100.6497, 13.7098], [100.6497, 13.7102], [100.6497, 13.7104], [100.6498, 13.7107], [100.6498, 13.7112], [100.6499, 13.7113], [100.65, 13.7115], [100.6501, 13.7118], [100.6502, 13.7122], [100.6503, 13.7125], [100.6503, 13.7127], [100.6504, 13.713], [100.6508, 13.7134], [100.651, 13.7137], [100.6511, 13.7137], [100.6511, 13.7138], [100.6511, 13.7138], [100.6511, 13.7138], [100.6512, 13.7138], [100.6513, 13.7139], [100.6513, 13.7139], [100.6513, 13.7139], [100.6512, 13.7139], [100.6511, 13.7139], [100.651, 13.714], [100.6508, 13.7142], [100.6507, 13.7143], [100.6507, 13.7147], [100.6509, 13.715], [100.6511, 13.7154], [100.6511, 13.7156], [100.6512, 13.7161], [100.6513, 13.7163], [100.6514, 13.7167], [100.6514, 13.7168], [100.6514, 13.7168], [100.6514, 13.7169], [100.6514, 13.7171], [100.6515, 13.7174], [100.6515, 13.7175], [100.6515, 13.7178], [100.6515, 13.718], [100.6515, 13.7182], [100.6509, 13.7181], [100.6503, 13.7179], [100.6492, 13.7176], [100.6487, 13.7175], [100.6486, 13.7175], [100.6484, 13.7175], [100.6479, 13.7173], [100.6479, 13.7175], [100.648, 13.718], [100.6481, 13.7182], [100.6482, 13.7189], [100.6484, 13.7198], [100.6486, 13.7202], [100.6486, 13.7204], [100.6487, 13.7208], [100.6488, 13.721], [100.6488, 13.7211], [100.649, 13.7216], [100.6491, 13.7224], [100.6492, 13.723], [100.6493, 13.724], [100.6493, 13.7241], [100.6494, 13.7246], [100.6494, 13.7249], [100.6495, 13.7257], [100.6495, 13.7261], [100.6495, 13.7265], [100.6496, 13.727], [100.6496, 13.7275], [100.6497, 13.7281], [100.6497, 13.7283], [100.6497, 13.7284], [100.6497, 13.7284], [100.6496, 13.7285], [100.6496, 13.7285], [100.6495, 13.7286], [100.6495, 13.7286], [100.6495, 13.7287], [100.6496, 13.7287], [100.6498, 13.7288], [100.65, 13.7289], [100.65, 13.7289], [100.6504, 13.729], [100.6507, 13.7291], [100.6509, 13.7292], [100.6514, 13.7293], [100.6516, 13.7294], [100.6518, 13.7295], [100.6518, 13.7295], [100.6518, 13.7296], [100.6519, 13.7299], [100.6519, 13.7303], [100.6519, 13.7307], [100.6519, 13.7309], [100.6519, 13.7309], [100.6519, 13.731], [100.6519, 13.7311], [100.652, 13.7311], [100.652, 13.7312], [100.6525, 13.7318], [100.6525, 13.7319], [100.6529, 13.7322], [100.6531, 13.7326], [100.6532, 13.7328], [100.6534, 13.7332], [100.6535, 13.7334], [100.6539, 13.7338], [100.6541, 13.7339], [100.6545, 13.734], [100.6549, 13.7341], [100.6552, 13.7341], [100.6557, 13.7344], [100.6558, 13.7345], [100.6561, 13.7351], [100.6563, 13.7355], [100.6563, 13.7357], [100.6565, 13.736], [100.6566, 13.7364], [100.6566, 13.7365], [100.6566, 13.7366], [100.6567, 13.7367], [100.6569, 13.7367], [100.6571, 13.7366], [100.6575, 13.7366], [100.6579, 13.7365], [100.6582, 13.7365], [100.6582, 13.7365], [100.6582, 13.7366], [100.6583, 13.7367], [100.6586, 13.7372], [100.6589, 13.7376], [100.659, 13.7378], [100.659, 13.7379], [100.6591, 13.7381], [100.6592, 13.7382], [100.6592, 13.7383], [100.6592, 13.7383], [100.6591, 13.7383], [100.659, 13.7383], [100.6588, 13.7384], [100.6586, 13.7384], [100.6558, 13.7394], [100.6539, 13.74], [100.6512, 13.7409], [100.6512, 13.7409], [100.6511, 13.7409], [100.6508, 13.741], [100.6506, 13.7411], [100.6504, 13.7411], [100.6501, 13.7413], [100.6498, 13.7413], [100.6496, 13.7414], [100.6493, 13.7415], [100.6492, 13.7415], [100.6489, 13.7416], [100.6487, 13.7418], [100.6486, 13.7418], [100.6484, 13.7419], [100.6482, 13.742], [100.648, 13.7421], [100.6478, 13.7423], [100.6475, 13.7425], [100.6474, 13.7426], [100.6474, 13.7426], [100.6474, 13.7426], [100.6475, 13.7426], [100.6475, 13.7426], [100.6475, 13.7427], [100.6476, 13.7427], [100.6478, 13.7427], [100.6478, 13.7427], [100.648, 13.7428], [100.648, 13.7428], [100.6481, 13.7428], [100.6482, 13.743], [100.6483, 13.743], [100.6484, 13.7431], [100.6484, 13.7432], [100.6484, 13.7432], [100.6484, 13.7433], [100.6484, 13.7433], [100.6484, 13.7433], [100.6485, 13.7433], [100.6485, 13.7433], [100.6485, 13.7434], [100.6485, 13.7435], [100.6485, 13.7437], [100.6485, 13.7441], [100.6485, 13.7441], [100.6485, 13.7441], [100.6484, 13.7442], [100.6483, 13.7443], [100.6482, 13.7443], [100.6481, 13.7445], [100.648, 13.7446], [100.6479, 13.7446], [100.6477, 13.7447], [100.6476, 13.7448], [100.6475, 13.7449], [100.6471, 13.7452], [100.6469, 13.7453], [100.6468, 13.7454], [100.6468, 13.7454], [100.6467, 13.7455], [100.6466, 13.7455], [100.6465, 13.7456], [100.6464, 13.7457], [100.6462, 13.7459], [100.6462, 13.7459], [100.6461, 13.746], [100.6459, 13.7462], [100.6458, 13.7462], [100.6457, 13.7463], [100.6456, 13.7464], [100.6456, 13.7464], [100.6455, 13.7465], [100.6454, 13.7465], [100.6453, 13.7465], [100.6453, 13.7465], [100.6452, 13.7466], [100.6451, 13.7466], [100.6449, 13.7466], [100.6447, 13.7466], [100.6446, 13.7465], [100.6445, 13.7465], [100.6444, 13.7465], [100.6443, 13.7465], [100.6441, 13.7465], [100.6439, 13.7465], [100.6438, 13.7465], [100.6438, 13.7465], [100.6437, 13.7466], [100.6437, 13.7466], [100.6436, 13.7466], [100.6436, 13.7466], [100.6435, 13.7466], [100.6434, 13.7466], [100.6433, 13.7467], [100.6432, 13.7467], [100.6431, 13.7467], [100.643, 13.7468], [100.6429, 13.7468], [100.6428, 13.7469], [100.6427, 13.7469], [100.6425, 13.747], [100.6424, 13.7471], [100.6423, 13.7471], [100.6422, 13.7472], [100.6422, 13.7472], [100.6421, 13.7472], [100.6421, 13.7472], [100.642, 13.7473], [100.6419, 13.7473], [100.6419, 13.7473], [100.6418, 13.7473], [100.6418, 13.7474], [100.6413, 13.7476], [100.6412, 13.7477], [100.641, 13.7478], [100.641, 13.7478], [100.6408, 13.7479], [100.6407, 13.7479], [100.6407, 13.748], [100.6406, 13.748], [100.6403, 13.7483], [100.6402, 13.7484], [100.64, 13.7486], [100.64, 13.7486], [100.6399, 13.7487], [100.6398, 13.7488], [100.6396, 13.7489], [100.6395, 13.7489], [100.6394, 13.749], [100.6394, 13.7491], [100.6393, 13.7491], [100.6392, 13.7491], [100.6391, 13.7492], [100.6389, 13.7493], [100.6389, 13.7493], [100.6388, 13.7493], [100.6388, 13.7493], [100.6387, 13.7494], [100.6387, 13.7494], [100.6386, 13.7494], [100.6386, 13.7494], [100.6385, 13.7494], [100.6384, 13.7495], [100.6382, 13.7495], [100.638, 13.7495], [100.6378, 13.7496], [100.6377, 13.7496], [100.6375, 13.7496], [100.6372, 13.7496], [100.6371, 13.7496], [100.6371, 13.7496], [100.637, 13.7496], [100.637, 13.7497], [100.6368, 13.7497], [100.6367, 13.7498], [100.6366, 13.7498], [100.6366, 13.7498], [100.6363, 13.75], [100.6362, 13.75], [100.6361, 13.75], [100.636, 13.7501], [100.636, 13.7501], [100.6359, 13.7501], [100.6358, 13.7501], [100.6358, 13.7501], [100.6357, 13.7501], [100.6356, 13.7501], [100.6355, 13.7501], [100.6354, 13.75], [100.6353, 13.75], [100.635, 13.7499], [100.6349, 13.7499], [100.6348, 13.7498], [100.6346, 13.7498], [100.6346, 13.7498], [100.6346, 13.7498], [100.6345, 13.7498], [100.6345, 13.7498], [100.6345, 13.7498], [100.6345, 13.7497], [100.6344, 13.7497], [100.6343, 13.7497], [100.634, 13.7496], [100.6339, 13.7496], [100.6339, 13.7496], [100.6339, 13.7496], [100.6338, 13.7496], [100.6338, 13.7495], [100.6338, 13.7495], [100.6337, 13.7495], [100.6335, 13.7495], [100.6335, 13.7495], [100.6335, 13.7495], [100.6335, 13.7495], [100.6334, 13.7495], [100.6333, 13.7494], [100.6332, 13.7494], [100.6331, 13.7494], [100.633, 13.7494], [100.633, 13.7494], [100.633, 13.7493], [100.6329, 13.7493], [100.6327, 13.7492], [100.6326, 13.7492], [100.6325, 13.7492], [100.6324, 13.7492], [100.6322, 13.7491], [100.6321, 13.7491], [100.6319, 13.749], [100.6318, 13.749], [100.6318, 13.749], [100.6317, 13.749], [100.6316, 13.7489], [100.6315, 13.7489], [100.6315, 13.7489], [100.6314, 13.7488], [100.6313, 13.7488], [100.6313, 13.7488], [100.6312, 13.7488], [100.6312, 13.7488], [100.6311, 13.7487], [100.631, 13.7487], [100.6309, 13.7487], [100.6306, 13.7486], [100.6304, 13.7486], [100.6302, 13.7485], [100.63, 13.7485], [100.6299, 13.7485], [100.6299, 13.7485], [100.6299, 13.7485], [100.6298, 13.7485], [100.6297, 13.7484], [100.6295, 13.7484], [100.6292, 13.7483], [100.6291, 13.7483], [100.6291, 13.7483], [100.6287, 13.7482], [100.6287, 13.7482], [100.6287, 13.7482], [100.6285, 13.7481], [100.6285, 13.7481], [100.6284, 13.7481], [100.6283, 13.748], [100.6282, 13.748], [100.6281, 13.748], [100.628, 13.748], [100.628, 13.748], [100.6279, 13.748], [100.6279, 13.7479], [100.6277, 13.7479], [100.6276, 13.7479], [100.6276, 13.7479], [100.6275, 13.7479], [100.6274, 13.7478], [100.6273, 13.7478], [100.6271, 13.7478], [100.627, 13.7477], [100.627, 13.7477], [100.6269, 13.7477], [100.6269, 13.7477], [100.6268, 13.7477], [100.6267, 13.7477], [100.6266, 13.7476], [100.6266, 13.7476], [100.6266, 13.7476], [100.6264, 13.7476], [100.6263, 13.7476], [100.6261, 13.7475], [100.6261, 13.7475], [100.6259, 13.7475], [100.6254, 13.7474], [100.6252, 13.7474], [100.6251, 13.7474], [100.6249, 13.7473], [100.6248, 13.7473], [100.6245, 13.7472], [100.6242, 13.7471], [100.6241, 13.747], [100.624, 13.747], [100.6239, 13.747], [100.6239, 13.747], [100.6239, 13.747], [100.6238, 13.747], [100.6237, 13.7469], [100.6236, 13.7469], [100.6234, 13.7469], [100.6232, 13.7468], [100.6227, 13.7466], [100.6224, 13.7466], [100.6222, 13.7465], [100.622, 13.7465], [100.6217, 13.7464], [100.6213, 13.7463], [100.621, 13.7463], [100.6207, 13.7462], [100.6205, 13.7461], [100.6204, 13.7461], [100.6203, 13.7461], [100.6202, 13.7461], [100.6201, 13.7461], [100.62, 13.7461], [100.6199, 13.746], [100.6198, 13.746], [100.6196, 13.746], [100.6195, 13.7459], [100.6193, 13.7459], [100.6192, 13.7458], [100.6189, 13.7457], [100.6188, 13.7457], [100.6187, 13.7457], [100.6187, 13.7457], [100.6187, 13.7457], [100.6187, 13.7457], [100.6185, 13.7456], [100.6184, 13.7456], [100.6181, 13.7455], [100.6178, 13.7454], [100.6177, 13.7454], [100.6176, 13.7454], [100.6175, 13.7454], [100.6173, 13.7453], [100.6172, 13.7453], [100.617, 13.7453], [100.6168, 13.7452], [100.6165, 13.7451], [100.6163, 13.745], [100.616, 13.745], [100.6158, 13.7449], [100.6156, 13.7448], [100.6155, 13.7448], [100.6154, 13.7448], [100.6152, 13.7447], [100.6151, 13.7447], [100.615, 13.7446], [100.6148, 13.7446], [100.6147, 13.7445], [100.6145, 13.7445], [100.6144, 13.7445], [100.6142, 13.7444], [100.6141, 13.7444], [100.614, 13.7444], [100.6139, 13.7444], [100.6132, 13.7443], [100.6125, 13.7441], [100.6122, 13.744], [100.6118, 13.7439], [100.6111, 13.7438], [100.6106, 13.7438], [100.6104, 13.7438], [100.6104, 13.7439], [100.6099, 13.7441], [100.6091, 13.7444], [100.6088, 13.7445], [100.6082, 13.7447], [100.6075, 13.745], [100.6072, 13.7452], [100.6067, 13.7454], [100.6063, 13.7457], [100.6061, 13.7458], [100.6059, 13.7459], [100.6054, 13.746], [100.6051, 13.7462], [100.6045, 13.7466], [100.604, 13.7468], [100.6036, 13.7469], [100.6033, 13.747], [100.6031, 13.7472], [100.6029, 13.7472], [100.6024, 13.7475], [100.6023, 13.7475], [100.6023, 13.7475], [100.6022, 13.7476], [100.6016, 13.7478], [100.6012, 13.748], [100.6012, 13.748], [100.6011, 13.7479], [100.601, 13.7478], [100.6008, 13.7476], [100.6006, 13.7474], [100.6004, 13.7473], [100.6003, 13.7472], [100.6002, 13.747], [100.6, 13.7464], [100.5999, 13.7461], [100.5998, 13.7457], [100.5997, 13.7453], [100.5995, 13.7447], [100.5993, 13.7441], [100.5991, 13.7437], [100.5991, 13.7437], [100.5993, 13.7437], [100.5993, 13.7437], [100.5992, 13.7436], [100.5991, 13.7435], [100.5991, 13.7435], [100.599, 13.7435], [100.599, 13.7434], [100.5988, 13.743], [100.5987, 13.7427], [100.5986, 13.7422], [100.5983, 13.7417], [100.5982, 13.7415], [100.5981, 13.7413], [100.5981, 13.7412]]]}, "properties": {"DISTRICT_N": "สวนหลวง", "CODE": 1034, "AREA_BMA": 23.6779995}}, {"type": "Feature", "geometry": {"type": "Polygon", "coordinates": [[[100.4068, 13.6764], [100.4068, 13.6764], [100.407, 13.6765], [100.4075, 13.6767], [100.408, 13.6769], [100.4084, 13.6771], [100.4087, 13.6773], [100.4094, 13.6777], [100.4097, 13.6778], [100.4102, 13.6781], [100.4105, 13.6783], [100.4108, 13.6784], [100.4111, 13.6786], [100.4115, 13.6788], [100.4115, 13.6788], [100.4121, 13.6791], [100.4125, 13.6793], [100.4129, 13.6795], [100.4131, 13.6797], [100.4134, 13.6798], [100.4137, 13.6799], [100.4138, 13.68], [100.4141, 13.6801], [100.4148, 13.6805], [100.4151, 13.6806], [100.4155, 13.6808], [100.4161, 13.6812], [100.4164, 13.6813], [100.417, 13.6816], [100.4175, 13.6818], [100.418, 13.6821], [100.4186, 13.6824], [100.4191, 13.6827], [100.4193, 13.6828], [100.4195, 13.6829], [100.4197, 13.683], [100.42, 13.6831], [100.4203, 13.6833], [100.4207, 13.6835], [100.4213, 13.6839], [100.4217, 13.6841], [100.4222, 13.6843], [100.4223, 13.6844], [100.4225, 13.6845], [100.4225, 13.6846], [100.4228, 13.6848], [100.4231, 13.6849], [100.4234, 13.6851], [100.4236, 13.6853], [100.4238, 13.6854], [100.424, 13.6854], [100.4242, 13.6855], [100.4243, 13.6856], [100.4245, 13.6857], [100.4246, 13.6857], [100.4247, 13.6858], [100.4248, 13.6858], [100.4248, 13.6859], [100.4251, 13.6861], [100.4253, 13.6862], [100.4256, 13.6864], [100.4257, 13.6864], [100.4257, 13.6865], [100.4258, 13.6865], [100.426, 13.6866], [100.4262, 13.6867], [100.4264, 13.6869], [100.4266, 13.687], [100.4268, 13.6871], [100.427, 13.6872], [100.4271, 13.6873], [100.4272, 13.6874], [100.4275, 13.6875], [100.4276, 13.6876], [100.4277, 13.6876], [100.4277, 13.6877], [100.4278, 13.6877], [100.4278, 13.6877], [100.4278, 13.6877], [100.4278, 13.6877], [100.4278, 13.6879], [100.4278, 13.6882], [100.4277, 13.6883], [100.4277, 13.6884], [100.4277, 13.6886], [100.4277, 13.6889], [100.4276, 13.6892], [100.4276, 13.6895], [100.4275, 13.6897], [100.4275, 13.69], [100.4275, 13.6901], [100.4274, 13.6903], [100.4274, 13.6904], [100.4273, 13.6905], [100.4273, 13.6906], [100.4273, 13.6906], [100.4272, 13.6907], [100.4272, 13.6908], [100.4272, 13.6909], [100.4272, 13.6909], [100.4272, 13.6912], [100.4271, 13.6914], [100.4271, 13.6918], [100.427, 13.692], [100.427, 13.6922], [100.427, 13.6923], [100.4269, 13.6925], [100.4269, 13.6925], [100.4269, 13.6926], [100.4269, 13.693], [100.4268, 13.6933], [100.4268, 13.6937], [100.4268, 13.6939], [100.4268, 13.6939], [100.4268, 13.694], [100.4268, 13.694], [100.4268, 13.694], [100.4267, 13.6943], [100.4267, 13.6944], [100.4267, 13.6945], [100.4267, 13.6949], [100.4266, 13.6954], [100.4266, 13.6955], [100.4266, 13.6955], [100.4266, 13.6955], [100.4266, 13.696], [100.4266, 13.6962], [100.4266, 13.6968], [100.4266, 13.6972], [100.4266, 13.6974], [100.4265, 13.6976], [100.4265, 13.6978], [100.4265, 13.6981], [100.4266, 13.6984], [100.4266, 13.6985], [100.4266, 13.6986], [100.4266, 13.6988], [100.4266, 13.6989], [100.4266, 13.699], [100.4267, 13.6991], [100.4267, 13.6993], [100.4267, 13.6996], [100.4266, 13.6999], [100.4266, 13.6999], [100.4266, 13.6999], [100.4266, 13.7004], [100.4266, 13.7007], [100.4266, 13.7009], [100.4265, 13.7015], [100.4265, 13.702], [100.4265, 13.7021], [100.4265, 13.7021], [100.4265, 13.7022], [100.4265, 13.7022], [100.4265, 13.7024], [100.4265, 13.7024], [100.4265, 13.7025], [100.4265, 13.7026], [100.4265, 13.7028], [100.4264, 13.7031], [100.4264, 13.7033], [100.4264, 13.7034], [100.4264, 13.7035], [100.4264, 13.7036], [100.4264, 13.7037], [100.4264, 13.7038], [100.4264, 13.7039], [100.4264, 13.7039], [100.4264, 13.704], [100.4264, 13.7041], [100.4264, 13.7043], [100.4264, 13.7046], [100.4264, 13.7047], [100.4264, 13.7047], [100.4263, 13.7053], [100.4263, 13.7055], [100.4263, 13.7056], [100.4263, 13.7056], [100.4263, 13.7057], [100.4263, 13.7062], [100.4263, 13.7067], [100.4262, 13.7069], [100.4262, 13.7071], [100.4262, 13.7072], [100.4262, 13.7073], [100.4262, 13.7074], [100.4261, 13.7083], [100.4261, 13.709], [100.4261, 13.7099], [100.4261, 13.7104], [100.4261, 13.7107], [100.426, 13.7108], [100.426, 13.7109], [100.426, 13.7112], [100.4259, 13.712], [100.4259, 13.7121], [100.4259, 13.7121], [100.4259, 13.7122], [100.4259, 13.7122], [100.4259, 13.7124], [100.4259, 13.7124], [100.4259, 13.7124], [100.4258, 13.7141], [100.4258, 13.7152], [100.4258, 13.7152], [100.4257, 13.716], [100.4257, 13.7171], [100.4256, 13.7181], [100.4256, 13.7185], [100.4255, 13.7204], [100.4254, 13.7212], [100.4254, 13.7221], [100.4253, 13.723], [100.4253, 13.7231], [100.4253, 13.7232], [100.4253, 13.7234], [100.4253, 13.7244], [100.4252, 13.7256], [100.4251, 13.7263], [100.4251, 13.7264], [100.4251, 13.7264], [100.4251, 13.7266], [100.4251, 13.7266], [100.4251, 13.7268], [100.4251, 13.727], [100.4251, 13.7271], [100.4251, 13.7273], [100.425, 13.7284], [100.425, 13.7291], [100.425, 13.7291], [100.4249, 13.7305], [100.4249, 13.7314], [100.4248, 13.732], [100.4248, 13.7321], [100.4248, 13.7322], [100.4247, 13.7321], [100.4245, 13.7321], [100.4241, 13.732], [100.424, 13.732], [100.4239, 13.732], [100.4234, 13.7319], [100.4226, 13.7317], [100.4222, 13.7317], [100.4219, 13.7316], [100.4215, 13.7316], [100.4212, 13.7315], [100.4209, 13.7315], [100.4206, 13.7315], [100.4203, 13.7314], [100.4202, 13.7314], [100.4202, 13.7314], [100.4201, 13.7314], [100.4198, 13.7314], [100.4197, 13.7314], [100.4195, 13.7313], [100.419, 13.7313], [100.4186, 13.7313], [100.4184, 13.7313], [100.4183, 13.7313], [100.4183, 13.7314], [100.4182, 13.732], [100.4182, 13.732], [100.4182, 13.732], [100.4182, 13.7321], [100.4182, 13.7322], [100.4181, 13.7323], [100.4181, 13.7323], [100.418, 13.7329], [100.4179, 13.7332], [100.4179, 13.7333], [100.4178, 13.7335], [100.4178, 13.7335], [100.4178, 13.7338], [100.4177, 13.7339], [100.4177, 13.7339], [100.4177, 13.7339], [100.4176, 13.7344], [100.4175, 13.7347], [100.4175, 13.735], [100.4174, 13.7351], [100.4174, 13.7353], [100.4172, 13.7354], [100.4171, 13.7355], [100.4168, 13.7356], [100.4163, 13.7357], [100.4157, 13.7358], [100.4155, 13.7358], [100.4155, 13.736], [100.4156, 13.7362], [100.4156, 13.7363], [100.4156, 13.7364], [100.4156, 13.7365], [100.4157, 13.7367], [100.4157, 13.7369], [100.4157, 13.7371], [100.4158, 13.7374], [100.4158, 13.7374], [100.4158, 13.7375], [100.4158, 13.7377], [100.4159, 13.7379], [100.4159, 13.738], [100.4159, 13.7381], [100.4159, 13.7382], [100.416, 13.7383], [100.416, 13.7383], [100.4159, 13.7383], [100.4158, 13.7383], [100.4156, 13.7384], [100.4155, 13.7384], [100.4153, 13.7385], [100.415, 13.7386], [100.415, 13.7386], [100.4147, 13.7387], [100.4146, 13.7388], [100.4145, 13.7388], [100.4144, 13.7388], [100.4144, 13.7388], [100.4144, 13.7391], [100.4143, 13.7393], [100.4143, 13.7396], [100.4142, 13.7399], [100.4142, 13.7402], [100.4142, 13.7405], [100.4141, 13.7407], [100.4141, 13.7409], [100.414, 13.7411], [100.414, 13.7413], [100.414, 13.7414], [100.4139, 13.7417], [100.4139, 13.7423], [100.4138, 13.7425], [100.4138, 13.7429], [100.4138, 13.7432], [100.4137, 13.7435], [100.4137, 13.7436], [100.4137, 13.7438], [100.4136, 13.7441], [100.4136, 13.7444], [100.4136, 13.7451], [100.4135, 13.7454], [100.4135, 13.746], [100.4135, 13.7463], [100.4135, 13.7464], [100.4135, 13.7467], [100.4134, 13.7469], [100.4134, 13.747], [100.4134, 13.7471], [100.4134, 13.7472], [100.4134, 13.7472], [100.4134, 13.7473], [100.4134, 13.7474], [100.4134, 13.7475], [100.4133, 13.7476], [100.4133, 13.7477], [100.4133, 13.7478], [100.4134, 13.7478], [100.4134, 13.7478], [100.4134, 13.7479], [100.4133, 13.7479], [100.4131, 13.748], [100.4129, 13.748], [100.4126, 13.7481], [100.4121, 13.7482], [100.4118, 13.7483], [100.4115, 13.7484], [100.4113, 13.7484], [100.4111, 13.7485], [100.4108, 13.7485], [100.4105, 13.7486], [100.4104, 13.7486], [100.4103, 13.7486], [100.4103, 13.7486], [100.4102, 13.7487], [100.4101, 13.7487], [100.4098, 13.7487], [100.4096, 13.7488], [100.4093, 13.7489], [100.409, 13.7489], [100.4088, 13.749], [100.4087, 13.749], [100.4085, 13.749], [100.4083, 13.7491], [100.4081, 13.7491], [100.4079, 13.7492], [100.4078, 13.7492], [100.4076, 13.7492], [100.4073, 13.7492], [100.4072, 13.7493], [100.4071, 13.7493], [100.4068, 13.7493], [100.4065, 13.7494], [100.4061, 13.7495], [100.406, 13.7495], [100.4059, 13.7495], [100.4058, 13.7495], [100.4056, 13.7495], [100.4055, 13.7496], [100.4053, 13.7496], [100.405, 13.7497], [100.4049, 13.7497], [100.4046, 13.7497], [100.4045, 13.7498], [100.4044, 13.7498], [100.4039, 13.7499], [100.4038, 13.7499], [100.4037, 13.7499], [100.4036, 13.7499], [100.4035, 13.7499], [100.4035, 13.7499], [100.4034, 13.75], [100.4034, 13.7499], [100.4034, 13.75], [100.4033, 13.75], [100.4032, 13.75], [100.403, 13.7501], [100.4028, 13.7501], [100.4026, 13.7502], [100.4024, 13.7502], [100.4023, 13.7502], [100.4023, 13.7503], [100.4022, 13.7503], [100.4022, 13.7503], [100.4021, 13.7503], [100.4021, 13.7503], [100.402, 13.7503], [100.4019, 13.7503], [100.4019, 13.7503], [100.4018, 13.7503], [100.4018, 13.7503], [100.4017, 13.7504], [100.4017, 13.7504], [100.4016, 13.7504], [100.4015, 13.7504], [100.4013, 13.7504], [100.4012, 13.7504], [100.4012, 13.7504], [100.4011, 13.7505], [100.401, 13.7505], [100.4009, 13.7505], [100.4008, 13.7505], [100.4008, 13.7505], [100.4007, 13.7505], [100.4006, 13.7505], [100.4005, 13.7505], [100.4005, 13.7505], [100.4003, 13.7505], [100.4003, 13.7506], [100.4002, 13.7506], [100.4001, 13.7506], [100.4, 13.7506], [100.3999, 13.7506], [100.3999, 13.7506], [100.3999, 13.7506], [100.3998, 13.7506], [100.3998, 13.7507], [100.3997, 13.7507], [100.3996, 13.7507], [100.3996, 13.7507], [100.3995, 13.7507], [100.3995, 13.7507], [100.3994, 13.7507], [100.3994, 13.7507], [100.3993, 13.7507], [100.3993, 13.7507], [100.3993, 13.7507], [100.3992, 13.7507], [100.3991, 13.7507], [100.3991, 13.7507], [100.3991, 13.7508], [100.399, 13.7508], [100.399, 13.7508], [100.399, 13.7508], [100.399, 13.7508], [100.3989, 13.7508], [100.3989, 13.7509], [100.3989, 13.7509], [100.3988, 13.7509], [100.3988, 13.7509], [100.3988, 13.7509], [100.3987, 13.7509], [100.3987, 13.7509], [100.3987, 13.7508], [100.3987, 13.7508], [100.3986, 13.7508], [100.3985, 13.7508], [100.3984, 13.7508], [100.3984, 13.7508], [100.3983, 13.7508], [100.3983, 13.7509], [100.3983, 13.7509], [100.3982, 13.7509], [100.3982, 13.7509], [100.3982, 13.7509], [100.3981, 13.7509], [100.398, 13.7509], [100.398, 13.7509], [100.3979, 13.7509], [100.3978, 13.7509], [100.3977, 13.7509], [100.3977, 13.751], [100.3976, 13.751], [100.3976, 13.751], [100.3975, 13.751], [100.3975, 13.751], [100.3973, 13.751], [100.3972, 13.7511], [100.3971, 13.7511], [100.397, 13.7511], [100.3969, 13.7511], [100.3969, 13.7511], [100.3968, 13.7511], [100.3968, 13.7511], [100.3968, 13.7511], [100.3967, 13.7511], [100.3967, 13.7511], [100.3966, 13.7511], [100.3966, 13.7511], [100.3966, 13.7511], [100.3964, 13.7511], [100.3964, 13.7511], [100.3963, 13.7512], [100.3963, 13.7512], [100.3962, 13.7512], [100.3962, 13.7512], [100.3961, 13.7512], [100.3961, 13.7512], [100.396, 13.7512], [100.3959, 13.7512], [100.3958, 13.7512], [100.3957, 13.7512], [100.3956, 13.7512], [100.3955, 13.7512], [100.3955, 13.7512], [100.3955, 13.7513], [100.3954, 13.7513], [100.3953, 13.7513], [100.3952, 13.7513], [100.3952, 13.7513], [100.3951, 13.7513], [100.395, 13.7513], [100.3948, 13.7513], [100.3947, 13.7513], [100.3946, 13.7513], [100.3944, 13.7514], [100.3944, 13.7514], [100.3943, 13.7514], [100.3943, 13.7514], [100.3941, 13.7514], [100.394, 13.7514], [100.3939, 13.7514], [100.3939, 13.7514], [100.3938, 13.7514], [100.3937, 13.7515], [100.3934, 13.7515], [100.3933, 13.7515], [100.3932, 13.7515], [100.3932, 13.7515], [100.3931, 13.7516], [100.393, 13.7516], [100.393, 13.7516], [100.3929, 13.7516], [100.3929, 13.7516], [100.3928, 13.7516], [100.3928, 13.7516], [100.3928, 13.7516], [100.3927, 13.7516], [100.3926, 13.7516], [100.3926, 13.7516], [100.3925, 13.7517], [100.3923, 13.7517], [100.3922, 13.7517], [100.3921, 13.7517], [100.3919, 13.7517], [100.3918, 13.7517], [100.3917, 13.7517], [100.3916, 13.7518], [100.3916, 13.7518], [100.3915, 13.7518], [100.3914, 13.7518], [100.3913, 13.7518], [100.3912, 13.7518], [100.3912, 13.7518], [100.3911, 13.7518], [100.3911, 13.7518], [100.3911, 13.7518], [100.391, 13.7518], [100.391, 13.7519], [100.3909, 13.7519], [100.3909, 13.7519], [100.3908, 13.7519], [100.3908, 13.7519], [100.3907, 13.7519], [100.3906, 13.7519], [100.3903, 13.752], [100.3903, 13.752], [100.3901, 13.752], [100.3901, 13.752], [100.3901, 13.752], [100.39, 13.752], [100.39, 13.7521], [100.3899, 13.7521], [100.3898, 13.7521], [100.3897, 13.7521], [100.3897, 13.7521], [100.3896, 13.752], [100.3896, 13.752], [100.3895, 13.7521], [100.3894, 13.7521], [100.3893, 13.7521], [100.3893, 13.7521], [100.389, 13.7521], [100.3889, 13.7521], [100.3888, 13.7521], [100.3887, 13.7521], [100.3886, 13.7522], [100.3885, 13.7522], [100.3884, 13.7522], [100.3883, 13.7522], [100.3882, 13.7522], [100.388, 13.7522], [100.3879, 13.7522], [100.3878, 13.7522], [100.3877, 13.7523], [100.3877, 13.7523], [100.3875, 13.7523], [100.3875, 13.7523], [100.3874, 13.7523], [100.3873, 13.7523], [100.3872, 13.7523], [100.3872, 13.7523], [100.3871, 13.7523], [100.387, 13.7523], [100.3869, 13.7523], [100.3869, 13.7524], [100.3868, 13.7524], [100.3868, 13.7524], [100.3867, 13.7524], [100.3867, 13.7524], [100.3867, 13.7524], [100.3866, 13.7524], [100.3866, 13.7524], [100.3865, 13.7524], [100.3864, 13.7524], [100.3864, 13.7524], [100.3863, 13.7525], [100.3862, 13.7525], [100.3862, 13.7525], [100.3861, 13.7525], [100.3861, 13.7525], [100.3859, 13.7525], [100.3858, 13.7525], [100.3857, 13.7525], [100.3857, 13.7525], [100.3857, 13.7525], [100.3856, 13.7525], [100.3856, 13.7525], [100.3855, 13.7525], [100.3854, 13.7525], [100.3853, 13.7525], [100.3853, 13.7525], [100.3852, 13.7525], [100.3852, 13.7525], [100.3851, 13.7526], [100.385, 13.7526], [100.3849, 13.7526], [100.3848, 13.7526], [100.3848, 13.7526], [100.3848, 13.7526], [100.3847, 13.7526], [100.3847, 13.7526], [100.3846, 13.7526], [100.3845, 13.7526], [100.3845, 13.7526], [100.3844, 13.7526], [100.3843, 13.7526], [100.3842, 13.7527], [100.3841, 13.7527], [100.384, 13.7527], [100.3839, 13.7527], [100.3837, 13.7527], [100.3837, 13.7527], [100.3836, 13.7527], [100.3835, 13.7527], [100.3835, 13.7527], [100.3835, 13.7527], [100.3834, 13.7527], [100.3833, 13.7528], [100.3833, 13.7528], [100.3831, 13.7528], [100.383, 13.7528], [100.383, 13.7528], [100.3829, 13.7528], [100.3828, 13.7528], [100.3827, 13.7528], [100.3826, 13.7528], [100.3826, 13.7529], [100.3826, 13.7529], [100.3825, 13.7529], [100.3825, 13.7529], [100.3824, 13.7529], [100.3823, 13.7529], [100.3822, 13.7529], [100.3822, 13.7529], [100.3821, 13.7529], [100.3821, 13.7529], [100.3821, 13.7529], [100.382, 13.7529], [100.382, 13.7529], [100.3819, 13.7529], [100.3819, 13.7529], [100.3818, 13.7529], [100.3818, 13.7529], [100.3816, 13.753], [100.3815, 13.753], [100.3815, 13.753], [100.3814, 13.753], [100.3813, 13.753], [100.3813, 13.753], [100.3813, 13.753], [100.3812, 13.753], [100.3812, 13.753], [100.3811, 13.753], [100.381, 13.753], [100.3809, 13.7531], [100.3807, 13.7531], [100.3806, 13.7531], [100.3806, 13.7531], [100.3805, 13.7531], [100.3805, 13.7531], [100.3804, 13.7531], [100.3803, 13.7531], [100.3802, 13.7531], [100.3801, 13.7531], [100.38, 13.7532], [100.3799, 13.7532], [100.3799, 13.7532], [100.3799, 13.7532], [100.3798, 13.7532], [100.3797, 13.7532], [100.3797, 13.7532], [100.3796, 13.7532], [100.3795, 13.7532], [100.3794, 13.7532], [100.3793, 13.7533], [100.3792, 13.7533], [100.379, 13.7533], [100.3789, 13.7533], [100.3789, 13.7533], [100.3788, 13.7532], [100.3788, 13.7532], [100.3787, 13.7532], [100.3785, 13.7533], [100.3783, 13.7533], [100.3782, 13.7533], [100.3781, 13.7533], [100.378, 13.7534], [100.3779, 13.7534], [100.3779, 13.7534], [100.3778, 13.7534], [100.3778, 13.7534], [100.3777, 13.7534], [100.3776, 13.7534], [100.3776, 13.7534], [100.3776, 13.7534], [100.3775, 13.7534], [100.3775, 13.7534], [100.3774, 13.7534], [100.3774, 13.7534], [100.3774, 13.7534], [100.3773, 13.7534], [100.3773, 13.7534], [100.3772, 13.7534], [100.3772, 13.7534], [100.3772, 13.7534], [100.3771, 13.7534], [100.3771, 13.7534], [100.3771, 13.7534], [100.3768, 13.7534], [100.3768, 13.7534], [100.3765, 13.7534], [100.3764, 13.7534], [100.3761, 13.7535], [100.3757, 13.7535], [100.3755, 13.7535], [100.3754, 13.7535], [100.3753, 13.7535], [100.3752, 13.7535], [100.3751, 13.7535], [100.3749, 13.7535], [100.3748, 13.7535], [100.3747, 13.7535], [100.3746, 13.7536], [100.3744, 13.7536], [100.3743, 13.7536], [100.3742, 13.7536], [100.3741, 13.7536], [100.374, 13.7536], [100.3739, 13.7536], [100.3739, 13.7536], [100.3738, 13.7536], [100.3738, 13.7536], [100.3737, 13.7536], [100.3737, 13.7536], [100.3736, 13.7536], [100.3736, 13.7536], [100.3735, 13.7536], [100.3735, 13.7536], [100.3735, 13.7536], [100.3734, 13.7536], [100.3734, 13.7536], [100.3734, 13.7536], [100.3733, 13.7536], [100.3732, 13.7536], [100.3731, 13.7536], [100.373, 13.7536], [100.3729, 13.7536], [100.3729, 13.7536], [100.3728, 13.7537], [100.3728, 13.7537], [100.3728, 13.7536], [100.3727, 13.7536], [100.3726, 13.7536], [100.3725, 13.7536], [100.3724, 13.7537], [100.3724, 13.7537], [100.3723, 13.7537], [100.3722, 13.7537], [100.3721, 13.7537], [100.3719, 13.7537], [100.3717, 13.7537], [100.3715, 13.7537], [100.3715, 13.7537], [100.3712, 13.7537], [100.3711, 13.7537], [100.3711, 13.7537], [100.371, 13.7537], [100.3707, 13.7537], [100.3703, 13.7537], [100.3703, 13.7537], [100.3702, 13.7537], [100.3702, 13.7537], [100.3701, 13.7537], [100.3701, 13.7538], [100.37, 13.7538], [100.37, 13.7538], [100.37, 13.7538], [100.37, 13.7538], [100.3699, 13.7538], [100.3699, 13.7538], [100.3699, 13.7538], [100.3699, 13.7538], [100.3699, 13.7538], [100.3697, 13.7538], [100.3697, 13.7538], [100.3697, 13.7538], [100.3696, 13.7538], [100.3696, 13.7538], [100.3696, 13.7538], [100.3696, 13.7538], [100.3695, 13.7538], [100.3695, 13.7538], [100.3694, 13.7538], [100.3694, 13.7538], [100.3694, 13.7538], [100.3693, 13.7538], [100.3693, 13.7538], [100.3692, 13.7538], [100.3691, 13.7538], [100.3691, 13.7538], [100.369, 13.7538], [100.369, 13.7538], [100.369, 13.7538], [100.3689, 13.7538], [100.3689, 13.7538], [100.3689, 13.7538], [100.3688, 13.7538], [100.3688, 13.7538], [100.3688, 13.7538], [100.3687, 13.7538], [100.3687, 13.7538], [100.3687, 13.7538], [100.3686, 13.7538], [100.3686, 13.7538], [100.3686, 13.7538], [100.3686, 13.7539], [100.3685, 13.7539], [100.3685, 13.7539], [100.3685, 13.7539], [100.3685, 13.7539], [100.3684, 13.7538], [100.3684, 13.7538], [100.3684, 13.7539], [100.3683, 13.7539], [100.3683, 13.7539], [100.3682, 13.7539], [100.3682, 13.7539], [100.3681, 13.7539], [100.368, 13.7539], [100.3678, 13.7539], [100.3676, 13.7539], [100.3673, 13.7539], [100.3672, 13.7539], [100.3671, 13.7539], [100.367, 13.7539], [100.3669, 13.7539], [100.3668, 13.7539], [100.3665, 13.7539], [100.3663, 13.7539], [100.3662, 13.7539], [100.3661, 13.7539], [100.3661, 13.7539], [100.366, 13.7539], [100.3659, 13.7539], [100.3657, 13.7539], [100.3657, 13.7539], [100.3655, 13.7539], [100.3654, 13.7539], [100.3653, 13.7539], [100.3653, 13.7539], [100.3652, 13.7539], [100.3652, 13.7539], [100.3652, 13.7539], [100.3651, 13.7539], [100.3651, 13.7539], [100.365, 13.7539], [100.3649, 13.7539], [100.3648, 13.7539], [100.3647, 13.7539], [100.3646, 13.7539], [100.3646, 13.7539], [100.3644, 13.7539], [100.3642, 13.7539], [100.3641, 13.7539], [100.364, 13.7539], [100.3639, 13.7539], [100.3638, 13.7539], [100.3638, 13.7539], [100.3638, 13.7539], [100.3638, 13.7539], [100.3637, 13.7539], [100.3637, 13.7539], [100.3636, 13.7539], [100.3636, 13.7539], [100.3636, 13.7539], [100.3636, 13.7539], [100.3635, 13.7539], [100.3634, 13.7539], [100.3633, 13.7539], [100.3633, 13.7539], [100.3632, 13.7539], [100.3631, 13.7539], [100.363, 13.7539], [100.363, 13.7539], [100.363, 13.7539], [100.3629, 13.7539], [100.3629, 13.7539], [100.3628, 13.7539], [100.3628, 13.7539], [100.3627, 13.7538], [100.3626, 13.7538], [100.3626, 13.7538], [100.3625, 13.7538], [100.3625, 13.7538], [100.3624, 13.7538], [100.3622, 13.7538], [100.362, 13.7537], [100.3616, 13.7537], [100.3616, 13.7537], [100.3615, 13.7536], [100.3613, 13.7536], [100.3612, 13.7536], [100.361, 13.7536], [100.3609, 13.7535], [100.3607, 13.7535], [100.3606, 13.7535], [100.3605, 13.7535], [100.3604, 13.7535], [100.3604, 13.7534], [100.3603, 13.7534], [100.3601, 13.7534], [100.36, 13.7534], [100.3599, 13.7534], [100.3599, 13.7534], [100.3598, 13.7534], [100.3597, 13.7533], [100.3595, 13.7533], [100.3593, 13.7533], [100.3592, 13.7532], [100.3591, 13.7532], [100.3589, 13.7532], [100.3588, 13.7532], [100.3587, 13.7532], [100.3585, 13.7531], [100.3585, 13.7531], [100.3585, 13.7531], [100.3584, 13.7531], [100.3584, 13.7531], [100.3583, 13.7531], [100.3583, 13.7531], [100.3583, 13.7531], [100.3583, 13.7531], [100.3581, 13.7531], [100.3579, 13.753], [100.3577, 13.753], [100.3576, 13.753], [100.3575, 13.753], [100.3575, 13.753], [100.3574, 13.7529], [100.3572, 13.7529], [100.3572, 13.7529], [100.3571, 13.7529], [100.357, 13.7529], [100.3568, 13.7529], [100.3567, 13.7528], [100.3566, 13.7528], [100.3566, 13.7528], [100.3565, 13.7528], [100.3562, 13.7527], [100.356, 13.7527], [100.3558, 13.7527], [100.3557, 13.7526], [100.3553, 13.7526], [100.355, 13.7525], [100.3546, 13.7524], [100.3542, 13.7524], [100.3539, 13.7523], [100.3536, 13.7523], [100.3535, 13.7523], [100.3535, 13.7523], [100.3532, 13.7522], [100.3531, 13.7522], [100.353, 13.7522], [100.3529, 13.7522], [100.3527, 13.7521], [100.3527, 13.752], [100.3527, 13.752], [100.3527, 13.752], [100.3527, 13.752], [100.3527, 13.7519], [100.3527, 13.7519], [100.3527, 13.7519], [100.3528, 13.7519], [100.3528, 13.7518], [100.3528, 13.7518], [100.3528, 13.7517], [100.3529, 13.7517], [100.3529, 13.7516], [100.3529, 13.7516], [100.3529, 13.7516], [100.3529, 13.7515], [100.353, 13.7515], [100.353, 13.7515], [100.353, 13.7514], [100.353, 13.7514], [100.353, 13.7513], [100.3531, 13.7513], [100.3531, 13.7512], [100.3531, 13.7512], [100.3531, 13.7512], [100.3531, 13.7511], [100.3531, 13.7511], [100.3531, 13.7511], [100.3532, 13.7511], [100.3532, 13.751], [100.3532, 13.751], [100.3532, 13.751], [100.3533, 13.7509], [100.3533, 13.7508], [100.3533, 13.7508], [100.3533, 13.7508], [100.3533, 13.7508], [100.3534, 13.7507], [100.3534, 13.7507], [100.3534, 13.7506], [100.3535, 13.7505], [100.3535, 13.7504], [100.3535, 13.7503], [100.3536, 13.7503], [100.3536, 13.7502], [100.3536, 13.7501], [100.3536, 13.7501], [100.3536, 13.75], [100.3537, 13.75], [100.3537, 13.75], [100.3537, 13.7499], [100.3537, 13.7499], [100.3538, 13.7498], [100.3538, 13.7498], [100.3538, 13.7498], [100.3538, 13.7497], [100.3538, 13.7497], [100.3538, 13.7497], [100.3538, 13.7496], [100.3538, 13.7496], [100.3538, 13.7496], [100.3538, 13.7495], [100.3539, 13.7495], [100.3539, 13.7494], [100.354, 13.7494], [100.354, 13.7493], [100.354, 13.7493], [100.354, 13.7492], [100.3541, 13.7491], [100.3541, 13.7491], [100.3541, 13.7491], [100.3541, 13.749], [100.3541, 13.749], [100.3541, 13.749], [100.3542, 13.7489], [100.3542, 13.7488], [100.3542, 13.7488], [100.3542, 13.7488], [100.3542, 13.7488], [100.3543, 13.7487], [100.3543, 13.7486], [100.3544, 13.7485], [100.3544, 13.7484], [100.3545, 13.7482], [100.3545, 13.7481], [100.3546, 13.748], [100.3546, 13.748], [100.3546, 13.748], [100.3546, 13.7479], [100.3547, 13.7479], [100.3547, 13.7479], [100.3547, 13.7478], [100.3548, 13.7477], [100.3548, 13.7476], [100.3548, 13.7475], [100.3549, 13.7475], [100.3549, 13.7474], [100.3549, 13.7474], [100.3549, 13.7474], [100.3549, 13.7473], [100.3549, 13.7473], [100.355, 13.7473], [100.355, 13.7472], [100.355, 13.7472], [100.355, 13.7471], [100.3551, 13.747], [100.3551, 13.7469], [100.3552, 13.7469], [100.3552, 13.7468], [100.3552, 13.7468], [100.3553, 13.7467], [100.3553, 13.7466], [100.3553, 13.7465], [100.3554, 13.7465], [100.3554, 13.7465], [100.3554, 13.7464], [100.3555, 13.7464], [100.3555, 13.7463], [100.3555, 13.7463], [100.3555, 13.7463], [100.3555, 13.7462], [100.3555, 13.7462], [100.3555, 13.7461], [100.3556, 13.746], [100.3556, 13.7459], [100.3556, 13.7459], [100.3557, 13.7458], [100.3557, 13.7458], [100.3557, 13.7458], [100.3557, 13.7457], [100.3557, 13.7456], [100.3558, 13.7456], [100.3558, 13.7455], [100.3558, 13.7455], [100.3558, 13.7454], [100.3558, 13.7454], [100.3559, 13.7454], [100.3559, 13.7454], [100.3559, 13.7453], [100.3559, 13.7452], [100.356, 13.7451], [100.356, 13.745], [100.3561, 13.745], [100.3561, 13.7449], [100.3561, 13.7449], [100.3561, 13.7448], [100.3562, 13.7448], [100.3562, 13.7447], [100.3562, 13.7447], [100.3562, 13.7446], [100.3563, 13.7446], [100.3563, 13.7444], [100.3564, 13.7443], [100.3564, 13.7443], [100.3564, 13.7442], [100.3565, 13.7442], [100.3565, 13.7442], [100.3565, 13.7442], [100.3565, 13.7441], [100.3565, 13.7441], [100.3565, 13.7441], [100.3566, 13.744], [100.3566, 13.744], [100.3566, 13.744], [100.3566, 13.7439], [100.3566, 13.7439], [100.3566, 13.7439], [100.3566, 13.7438], [100.3567, 13.7438], [100.3567, 13.7438], [100.3567, 13.7437], [100.3567, 13.7437], [100.3568, 13.7437], [100.3568, 13.7436], [100.3568, 13.7436], [100.3568, 13.7435], [100.3568, 13.7435], [100.3568, 13.7435], [100.3568, 13.7434], [100.3568, 13.7434], [100.3569, 13.7433], [100.3569, 13.7433], [100.3569, 13.7432], [100.3569, 13.7432], [100.3569, 13.7432], [100.357, 13.7431], [100.357, 13.7431], [100.357, 13.7431], [100.357, 13.743], [100.357, 13.743], [100.3571, 13.7429], [100.3571, 13.7428], [100.3571, 13.7428], [100.3571, 13.7427], [100.3571, 13.7427], [100.3572, 13.7427], [100.3572, 13.7426], [100.3572, 13.7426], [100.3572, 13.7425], [100.3573, 13.7425], [100.3573, 13.7424], [100.3573, 13.7424], [100.3573, 13.7424], [100.3573, 13.7424], [100.3573, 13.7424], [100.3573, 13.7423], [100.3574, 13.7423], [100.3574, 13.7422], [100.3574, 13.7421], [100.3574, 13.7421], [100.3575, 13.7421], [100.3575, 13.742], [100.3575, 13.742], [100.3575, 13.7419], [100.3575, 13.7419], [100.3576, 13.7418], [100.3576, 13.7418], [100.3576, 13.7418], [100.3576, 13.7417], [100.3577, 13.7417], [100.3577, 13.7416], [100.3577, 13.7415], [100.3577, 13.7415], [100.3578, 13.7415], [100.3578, 13.7414], [100.3578, 13.7414], [100.3578, 13.7414], [100.3578, 13.7413], [100.3579, 13.7413], [100.3579, 13.7413], [100.3579, 13.7413], [100.3579, 13.7412], [100.358, 13.7412], [100.358, 13.7411], [100.358, 13.7411], [100.358, 13.741], [100.358, 13.741], [100.358, 13.741], [100.3581, 13.7409], [100.3581, 13.7409], [100.3581, 13.7409], [100.3581, 13.7409], [100.3581, 13.7408], [100.3581, 13.7408], [100.3581, 13.7408], [100.3581, 13.7407], [100.3582, 13.7407], [100.3582, 13.7407], [100.3582, 13.7406], [100.3582, 13.7406], [100.3582, 13.7406], [100.3582, 13.7405], [100.3583, 13.7405], [100.3583, 13.7404], [100.3583, 13.7403], [100.3583, 13.7403], [100.3584, 13.7402], [100.3584, 13.7402], [100.3584, 13.7402], [100.3584, 13.7401], [100.3584, 13.7401], [100.3584, 13.74], [100.3585, 13.74], [100.3585, 13.74], [100.3585, 13.7399], [100.3585, 13.7399], [100.3585, 13.7398], [100.3586, 13.7397], [100.3586, 13.7396], [100.3586, 13.7396], [100.3586, 13.7396], [100.3586, 13.7396], [100.3587, 13.7395], [100.3587, 13.7395], [100.3587, 13.7394], [100.3587, 13.7394], [100.3588, 13.7393], [100.3588, 13.7393], [100.3588, 13.7393], [100.3588, 13.7392], [100.3589, 13.7392], [100.3589, 13.7391], [100.3589, 13.7391], [100.3589, 13.739], [100.359, 13.739], [100.359, 13.7389], [100.359, 13.7389], [100.3591, 13.7387], [100.3591, 13.7386], [100.3592, 13.7385], [100.3592, 13.7384], [100.3593, 13.7382], [100.3593, 13.7381], [100.3594, 13.7381], [100.3594, 13.738], [100.3594, 13.738], [100.3594, 13.738], [100.3594, 13.738], [100.3594, 13.7379], [100.3595, 13.7378], [100.3595, 13.7378], [100.3595, 13.7378], [100.3595, 13.7377], [100.3595, 13.7377], [100.3595, 13.7377], [100.3595, 13.7377], [100.3596, 13.7377], [100.3596, 13.7377], [100.3596, 13.7376], [100.3596, 13.7376], [100.3596, 13.7376], [100.3596, 13.7376], [100.3596, 13.7375], [100.3596, 13.7375], [100.3596, 13.7375], [100.3596, 13.7375], [100.3596, 13.7374], [100.3597, 13.7372], [100.3598, 13.7372], [100.3598, 13.7371], [100.3598, 13.737], [100.3599, 13.737], [100.3599, 13.7369], [100.3599, 13.7369], [100.3599, 13.7368], [100.36, 13.7368], [100.36, 13.7368], [100.36, 13.7368], [100.36, 13.7367], [100.36, 13.7367], [100.3602, 13.7364], [100.3602, 13.7364], [100.3603, 13.7363], [100.3603, 13.7362], [100.3603, 13.7362], [100.3603, 13.7361], [100.3604, 13.736], [100.3604, 13.736], [100.3604, 13.736], [100.3604, 13.7359], [100.3604, 13.7358], [100.3605, 13.7357], [100.3605, 13.7356], [100.3605, 13.7356], [100.3605, 13.7356], [100.3605, 13.7356], [100.3605, 13.7355], [100.3606, 13.7355], [100.3607, 13.7353], [100.3608, 13.735], [100.3608, 13.735], [100.3609, 13.7349], [100.3609, 13.7349], [100.3609, 13.7348], [100.3609, 13.7348], [100.361, 13.7348], [100.361, 13.7348], [100.361, 13.7348], [100.361, 13.7346], [100.3611, 13.7345], [100.3611, 13.7344], [100.3612, 13.7344], [100.3612, 13.7343], [100.3612, 13.7342], [100.3612, 13.7341], [100.3613, 13.7341], [100.3613, 13.734], [100.3613, 13.734], [100.3613, 13.7339], [100.3613, 13.7339], [100.3613, 13.7338], [100.3613, 13.7338], [100.3614, 13.7338], [100.3614, 13.7337], [100.3614, 13.7337], [100.3614, 13.7337], [100.3615, 13.7336], [100.3615, 13.7335], [100.3615, 13.7335], [100.3615, 13.7335], [100.3616, 13.7334], [100.3616, 13.7334], [100.3617, 13.7331], [100.3619, 13.7327], [100.3619, 13.7327], [100.3619, 13.7326], [100.362, 13.7325], [100.362, 13.7324], [100.3621, 13.7322], [100.3622, 13.7322], [100.3622, 13.732], [100.3623, 13.7319], [100.3624, 13.7317], [100.3625, 13.7315], [100.3626, 13.7313], [100.3627, 13.7311], [100.3628, 13.7308], [100.3633, 13.7298], [100.3633, 13.7298], [100.3636, 13.7291], [100.3637, 13.729], [100.3638, 13.7288], [100.3638, 13.7287], [100.3639, 13.7286], [100.3639, 13.7285], [100.364, 13.7284], [100.3641, 13.7283], [100.3641, 13.7282], [100.3642, 13.728], [100.3643, 13.7277], [100.3645, 13.7274], [100.3647, 13.7268], [100.3648, 13.7268], [100.3648, 13.7266], [100.3648, 13.7266], [100.3649, 13.7265], [100.3649, 13.7265], [100.3649, 13.7264], [100.3649, 13.7264], [100.3649, 13.7264], [100.365, 13.7264], [100.365, 13.7263], [100.365, 13.7262], [100.365, 13.7261], [100.365, 13.7261], [100.3652, 13.7258], [100.3653, 13.7256], [100.3654, 13.7255], [100.3654, 13.7253], [100.3655, 13.7252], [100.3655, 13.725], [100.3656, 13.7249], [100.3656, 13.7248], [100.3657, 13.7247], [100.3657, 13.7247], [100.3657, 13.7246], [100.3658, 13.7244], [100.3658, 13.7243], [100.3659, 13.7241], [100.366, 13.7241], [100.3661, 13.7238], [100.3662, 13.7237], [100.3663, 13.7235], [100.3664, 13.7233], [100.3665, 13.7232], [100.3665, 13.7232], [100.3665, 13.7231], [100.3665, 13.723], [100.3665, 13.723], [100.3665, 13.7229], [100.3666, 13.7228], [100.3666, 13.7227], [100.3667, 13.7226], [100.3667, 13.7226], [100.3668, 13.7225], [100.3668, 13.7224], [100.3668, 13.7224], [100.3668, 13.7224], [100.3669, 13.7224], [100.3669, 13.7223], [100.3669, 13.7223], [100.3669, 13.7222], [100.3669, 13.7222], [100.3669, 13.7222], [100.3669, 13.7221], [100.367, 13.722], [100.367, 13.7219], [100.3671, 13.7218], [100.3672, 13.7216], [100.3672, 13.7215], [100.3673, 13.7214], [100.3673, 13.7213], [100.3674, 13.721], [100.3675, 13.7208], [100.3676, 13.7206], [100.3676, 13.7206], [100.3677, 13.7205], [100.3677, 13.7205], [100.3677, 13.7204], [100.3678, 13.7203], [100.3678, 13.7202], [100.3678, 13.7202], [100.3678, 13.7201], [100.3679, 13.7201], [100.3679, 13.72], [100.3679, 13.72], [100.368, 13.7199], [100.368, 13.7199], [100.368, 13.7199], [100.368, 13.7198], [100.368, 13.7198], [100.3681, 13.7197], [100.3681, 13.7197], [100.3681, 13.7197], [100.3682, 13.7195], [100.3682, 13.7193], [100.3683, 13.7193], [100.3683, 13.7192], [100.3683, 13.7191], [100.3684, 13.7191], [100.3684, 13.719], [100.3684, 13.7189], [100.3685, 13.7189], [100.3685, 13.7189], [100.3685, 13.7189], [100.3686, 13.7189], [100.3686, 13.7189], [100.3686, 13.7189], [100.3685, 13.7189], [100.3685, 13.7188], [100.3685, 13.7188], [100.3685, 13.7188], [100.3685, 13.7188], [100.3685, 13.7188], [100.3685, 13.7187], [100.3687, 13.7184], [100.3687, 13.7182], [100.369, 13.7177], [100.3695, 13.7166], [100.3699, 13.7156], [100.3703, 13.7149], [100.3708, 13.7138], [100.3709, 13.7137], [100.3709, 13.7137], [100.371, 13.7136], [100.371, 13.7136], [100.371, 13.7135], [100.3711, 13.7133], [100.3711, 13.7132], [100.3711, 13.7132], [100.3711, 13.7131], [100.3711, 13.7131], [100.3711, 13.7131], [100.3712, 13.713], [100.3713, 13.7129], [100.3713, 13.7128], [100.3714, 13.7127], [100.3714, 13.7126], [100.3715, 13.7125], [100.3715, 13.7125], [100.3715, 13.7124], [100.3716, 13.7123], [100.3716, 13.7123], [100.3716, 13.7122], [100.3717, 13.7121], [100.3717, 13.712], [100.3718, 13.7119], [100.3718, 13.7118], [100.3719, 13.7117], [100.3719, 13.7116], [100.3719, 13.7116], [100.3719, 13.7116], [100.3719, 13.7115], [100.372, 13.7115], [100.372, 13.7115], [100.372, 13.7114], [100.372, 13.7114], [100.372, 13.7114], [100.372, 13.7114], [100.3721, 13.7114], [100.3721, 13.7113], [100.3721, 13.7113], [100.3721, 13.7113], [100.3721, 13.7113], [100.3721, 13.7112], [100.3721, 13.7112], [100.3721, 13.7111], [100.3721, 13.711], [100.3723, 13.7105], [100.3727, 13.7098], [100.3731, 13.709], [100.3735, 13.7082], [100.3735, 13.7081], [100.374, 13.7077], [100.374, 13.7075], [100.374, 13.7074], [100.374, 13.7074], [100.374, 13.7073], [100.374, 13.7073], [100.374, 13.7072], [100.3741, 13.707], [100.3743, 13.7066], [100.3746, 13.7061], [100.3747, 13.7059], [100.3749, 13.7054], [100.3749, 13.7054], [100.375, 13.7053], [100.375, 13.7051], [100.3751, 13.7049], [100.3752, 13.7049], [100.3752, 13.7048], [100.3753, 13.7046], [100.3754, 13.7043], [100.3755, 13.7042], [100.3755, 13.7042], [100.3756, 13.7039], [100.3757, 13.7038], [100.3757, 13.7038], [100.3757, 13.7038], [100.3759, 13.7034], [100.376, 13.7031], [100.3761, 13.7029], [100.3761, 13.7028], [100.3763, 13.7024], [100.3765, 13.7021], [100.3765, 13.702], [100.3765, 13.702], [100.3767, 13.7017], [100.3768, 13.7014], [100.3769, 13.7013], [100.3771, 13.7008], [100.3772, 13.7006], [100.3772, 13.7005], [100.3772, 13.7005], [100.3772, 13.7005], [100.3773, 13.7004], [100.3774, 13.7001], [100.3775, 13.6999], [100.3776, 13.6998], [100.3777, 13.6996], [100.3778, 13.6992], [100.3778, 13.6992], [100.3779, 13.6991], [100.378, 13.699], [100.378, 13.6989], [100.3781, 13.6987], [100.3782, 13.6985], [100.3782, 13.6985], [100.3783, 13.6983], [100.3783, 13.6983], [100.3783, 13.6983], [100.3783, 13.6983], [100.3784, 13.6979], [100.3785, 13.6979], [100.3785, 13.6979], [100.3786, 13.6976], [100.3787, 13.6974], [100.3788, 13.6971], [100.3789, 13.6969], [100.379, 13.6968], [100.3791, 13.6966], [100.3792, 13.6964], [100.3793, 13.6961], [100.3794, 13.6959], [100.3795, 13.6958], [100.3795, 13.6957], [100.3796, 13.6956], [100.3796, 13.6956], [100.3796, 13.6955], [100.3797, 13.6953], [100.3798, 13.6951], [100.38, 13.6947], [100.38, 13.6946], [100.38, 13.6946], [100.3801, 13.6944], [100.3802, 13.6943], [100.3802, 13.6942], [100.3803, 13.6939], [100.3804, 13.6939], [100.3804, 13.6937], [100.3805, 13.6935], [100.3806, 13.6933], [100.3807, 13.6932], [100.3807, 13.6931], [100.3808, 13.693], [100.3809, 13.6928], [100.3809, 13.6927], [100.3809, 13.6927], [100.381, 13.6925], [100.381, 13.6925], [100.3811, 13.6924], [100.3811, 13.6924], [100.3813, 13.692], [100.3813, 13.6918], [100.3814, 13.6917], [100.3814, 13.6917], [100.3814, 13.6916], [100.3815, 13.6915], [100.3815, 13.6915], [100.3815, 13.6914], [100.3816, 13.6912], [100.3816, 13.691], [100.3816, 13.6908], [100.3817, 13.6905], [100.3818, 13.6902], [100.3818, 13.6898], [100.3819, 13.6895], [100.3819, 13.6893], [100.382, 13.6893], [100.382, 13.6892], [100.382, 13.6891], [100.382, 13.689], [100.3821, 13.6888], [100.3822, 13.6888], [100.3822, 13.6888], [100.3823, 13.6886], [100.3823, 13.6885], [100.3823, 13.6885], [100.3823, 13.6884], [100.3823, 13.6883], [100.3824, 13.688], [100.3824, 13.6878], [100.3825, 13.6875], [100.3825, 13.6872], [100.3826, 13.6869], [100.3826, 13.6868], [100.3826, 13.6867], [100.3827, 13.6864], [100.3827, 13.6862], [100.3827, 13.6861], [100.3827, 13.6859], [100.3827, 13.6858], [100.3827, 13.6856], [100.3828, 13.6853], [100.3828, 13.685], [100.3828, 13.6846], [100.3828, 13.6843], [100.3828, 13.6842], [100.3828, 13.6841], [100.3829, 13.6839], [100.3829, 13.6838], [100.383, 13.6833], [100.383, 13.683], [100.3831, 13.6828], [100.3831, 13.6828], [100.3831, 13.6827], [100.3832, 13.6823], [100.3833, 13.682], [100.3833, 13.682], [100.3833, 13.6819], [100.3833, 13.6818], [100.3833, 13.6818], [100.3834, 13.6815], [100.3834, 13.6813], [100.3834, 13.6813], [100.3835, 13.6812], [100.3835, 13.6809], [100.3835, 13.6809], [100.3836, 13.6806], [100.3836, 13.6804], [100.3836, 13.6804], [100.3837, 13.6803], [100.3837, 13.68], [100.3837, 13.68], [100.3838, 13.6797], [100.3838, 13.6797], [100.3838, 13.6797], [100.3839, 13.6794], [100.384, 13.6791], [100.384, 13.679], [100.3841, 13.6789], [100.3841, 13.6788], [100.3842, 13.6787], [100.3843, 13.6784], [100.3843, 13.6783], [100.3844, 13.678], [100.3846, 13.6776], [100.3846, 13.6776], [100.3846, 13.6775], [100.3847, 13.6772], [100.3848, 13.677], [100.3849, 13.6768], [100.3851, 13.6764], [100.3852, 13.676], [100.3852, 13.6759], [100.3852, 13.6759], [100.3853, 13.6759], [100.3853, 13.6759], [100.3853, 13.6757], [100.3853, 13.6757], [100.3852, 13.6755], [100.3852, 13.6753], [100.3852, 13.6751], [100.3851, 13.6747], [100.3851, 13.6742], [100.385, 13.674], [100.385, 13.6738], [100.3849, 13.6735], [100.3849, 13.6732], [100.3849, 13.6731], [100.3849, 13.6731], [100.3848, 13.6727], [100.3848, 13.6725], [100.3848, 13.6723], [100.3848, 13.6721], [100.3848, 13.672], [100.3848, 13.6714], [100.3848, 13.6714], [100.3849, 13.6713], [100.385, 13.6713], [100.385, 13.6713], [100.3851, 13.6713], [100.3852, 13.6712], [100.3853, 13.6712], [100.3854, 13.6711], [100.3854, 13.6711], [100.3856, 13.6711], [100.3858, 13.671], [100.3859, 13.671], [100.3861, 13.6709], [100.3862, 13.6709], [100.3864, 13.6709], [100.3866, 13.6708], [100.3867, 13.6708], [100.3868, 13.6707], [100.3869, 13.6707], [100.387, 13.6706], [100.3871, 13.6706], [100.3872, 13.6705], [100.3873, 13.6705], [100.3874, 13.6704], [100.3875, 13.6703], [100.3875, 13.6703], [100.3875, 13.6702], [100.3876, 13.6701], [100.3876, 13.67], [100.3876, 13.6699], [100.3877, 13.6698], [100.3877, 13.6697], [100.3877, 13.6697], [100.3878, 13.6696], [100.3878, 13.6695], [100.3878, 13.6694], [100.3879, 13.6694], [100.3878, 13.6693], [100.3878, 13.6693], [100.3878, 13.6693], [100.3877, 13.6693], [100.3877, 13.6692], [100.3877, 13.6692], [100.3877, 13.6691], [100.3877, 13.6691], [100.3878, 13.6691], [100.3878, 13.669], [100.3879, 13.669], [100.3879, 13.669], [100.388, 13.669], [100.388, 13.6689], [100.388, 13.6689], [100.388, 13.6689], [100.3881, 13.6688], [100.3881, 13.6686], [100.3882, 13.6684], [100.3883, 13.6682], [100.3883, 13.6681], [100.3883, 13.668], [100.3883, 13.668], [100.3883, 13.668], [100.3884, 13.668], [100.3885, 13.668], [100.3885, 13.668], [100.3886, 13.668], [100.3887, 13.6681], [100.3889, 13.6681], [100.3891, 13.6682], [100.3891, 13.6682], [100.3893, 13.6683], [100.3894, 13.6683], [100.3895, 13.6684], [100.3896, 13.6684], [100.3898, 13.6685], [100.3899, 13.6685], [100.39, 13.6685], [100.3901, 13.6685], [100.3902, 13.6686], [100.3903, 13.6686], [100.3904, 13.6686], [100.3905, 13.6686], [100.3906, 13.6687], [100.3907, 13.6687], [100.3908, 13.6687], [100.3909, 13.6687], [100.3911, 13.6687], [100.3912, 13.6687], [100.3913, 13.6687], [100.3915, 13.6687], [100.3916, 13.6688], [100.3918, 13.6688], [100.3919, 13.6688], [100.392, 13.6688], [100.3921, 13.6688], [100.3922, 13.6688], [100.3923, 13.6688], [100.3924, 13.6689], [100.3924, 13.6689], [100.3925, 13.669], [100.3926, 13.669], [100.3926, 13.669], [100.3927, 13.669], [100.3928, 13.669], [100.3929, 13.6691], [100.393, 13.6691], [100.3932, 13.6692], [100.3933, 13.6693], [100.3934, 13.6693], [100.3935, 13.6693], [100.3937, 13.6694], [100.3938, 13.6695], [100.3939, 13.6696], [100.394, 13.6696], [100.3941, 13.6697], [100.3942, 13.6699], [100.3943, 13.67], [100.3944, 13.67], [100.3944, 13.67], [100.3945, 13.6701], [100.3945, 13.6701], [100.3946, 13.6701], [100.3947, 13.6702], [100.3948, 13.6703], [100.3948, 13.6703], [100.3949, 13.6704], [100.3949, 13.6704], [100.3949, 13.6704], [100.395, 13.6704], [100.3951, 13.6705], [100.3953, 13.6706], [100.3954, 13.6706], [100.3961, 13.671], [100.3962, 13.671], [100.3973, 13.6715], [100.3975, 13.6716], [100.3977, 13.6718], [100.3979, 13.6719], [100.3981, 13.672], [100.3982, 13.672], [100.3983, 13.6721], [100.3985, 13.6722], [100.4001, 13.673], [100.4009, 13.6734], [100.4018, 13.6738], [100.4025, 13.6741], [100.4033, 13.6746], [100.4041, 13.675], [100.4041, 13.675], [100.4045, 13.6752], [100.4053, 13.6756], [100.4054, 13.6757], [100.4055, 13.6757], [100.4057, 13.6758], [100.4058, 13.6758], [100.4058, 13.6758], [100.4059, 13.6759], [100.406, 13.6759], [100.4061, 13.676], [100.4061, 13.676], [100.4068, 13.6764]]]}, "properties": {"DISTRICT_N": "บางแค", "CODE": 1040, "AREA_BMA": 44.45600128}}, {"type": "Feature", "geometry": {"type": "Polygon", "coordinates": [[[100.4878, 13.736], [100.4879, 13.736], [100.4879, 13.736], [100.4879, 13.7361], [100.488, 13.7362], [100.488, 13.7363], [100.4881, 13.7364], [100.4882, 13.7366], [100.4881, 13.7366], [100.4881, 13.7366], [100.4881, 13.7367], [100.4882, 13.7367], [100.4883, 13.7368], [100.4882, 13.7369], [100.4882, 13.7369], [100.4883, 13.737], [100.4883, 13.7371], [100.4883, 13.7372], [100.4884, 13.7372], [100.4884, 13.7374], [100.4884, 13.7374], [100.4884, 13.7374], [100.4885, 13.7375], [100.4885, 13.7375], [100.4885, 13.7377], [100.4886, 13.7378], [100.4886, 13.7378], [100.4886, 13.7379], [100.4886, 13.7379], [100.4886, 13.738], [100.4886, 13.7381], [100.4887, 13.7382], [100.4887, 13.7383], [100.4888, 13.7384], [100.4889, 13.7385], [100.4889, 13.7386], [100.489, 13.7387], [100.489, 13.7389], [100.4891, 13.7389], [100.4891, 13.739], [100.4892, 13.7391], [100.4892, 13.7392], [100.4893, 13.7394], [100.4894, 13.7395], [100.4895, 13.7396], [100.4896, 13.7397], [100.4897, 13.7399], [100.4898, 13.74], [100.4899, 13.74], [100.4899, 13.7401], [100.4899, 13.7402], [100.4899, 13.7402], [100.4899, 13.7403], [100.4899, 13.7403], [100.4902, 13.7405], [100.4903, 13.7406], [100.4906, 13.7409], [100.4909, 13.7412], [100.492, 13.7424], [100.491, 13.7435], [100.4896, 13.7453], [100.4888, 13.7468], [100.4882, 13.7482], [100.4872, 13.7478], [100.4864, 13.7475], [100.4856, 13.7473], [100.4852, 13.7471], [100.4848, 13.747], [100.4843, 13.7468], [100.484, 13.7467], [100.4833, 13.7464], [100.4829, 13.7462], [100.4824, 13.7461], [100.4817, 13.746], [100.4807, 13.7459], [100.4802, 13.7459], [100.4796, 13.7459], [100.4792, 13.7459], [100.4788, 13.7461], [100.4785, 13.7462], [100.4783, 13.7463], [100.4781, 13.7463], [100.478, 13.7462], [100.4779, 13.746], [100.4778, 13.7456], [100.4776, 13.7453], [100.4773, 13.7446], [100.4772, 13.7444], [100.4771, 13.7441], [100.477, 13.744], [100.4768, 13.7441], [100.4762, 13.7443], [100.4758, 13.7445], [100.4755, 13.7446], [100.4754, 13.7446], [100.4753, 13.7445], [100.4752, 13.7444], [100.4751, 13.7442], [100.4747, 13.744], [100.4745, 13.7439], [100.4742, 13.7437], [100.4737, 13.7436], [100.4732, 13.7436], [100.4725, 13.7434], [100.4717, 13.7433], [100.4713, 13.7432], [100.4706, 13.7431], [100.4705, 13.7431], [100.4698, 13.7431], [100.4692, 13.743], [100.4684, 13.743], [100.4677, 13.743], [100.4669, 13.7429], [100.4664, 13.743], [100.466, 13.7431], [100.4658, 13.7432], [100.4656, 13.7433], [100.4653, 13.7433], [100.4646, 13.7433], [100.4643, 13.7433], [100.464, 13.7435], [100.4637, 13.7437], [100.4635, 13.7439], [100.4632, 13.7441], [100.4628, 13.7442], [100.4625, 13.7443], [100.4621, 13.7444], [100.462, 13.7443], [100.462, 13.7443], [100.462, 13.7442], [100.462, 13.7441], [100.4618, 13.7436], [100.4617, 13.7432], [100.4617, 13.7427], [100.4616, 13.7422], [100.4616, 13.7417], [100.4616, 13.7414], [100.4616, 13.7413], [100.4617, 13.7409], [100.4617, 13.7404], [100.4617, 13.7402], [100.4617, 13.7402], [100.4617, 13.7402], [100.4616, 13.74], [100.4616, 13.74], [100.4616, 13.74], [100.4616, 13.7399], [100.4616, 13.7398], [100.4616, 13.7397], [100.4616, 13.7396], [100.4616, 13.7396], [100.4616, 13.7396], [100.4616, 13.7396], [100.4616, 13.7396], [100.4616, 13.7395], [100.4616, 13.7395], [100.4616, 13.7395], [100.4616, 13.7395], [100.4616, 13.7395], [100.4616, 13.7394], [100.4616, 13.7394], [100.4616, 13.7394], [100.4616, 13.7393], [100.4616, 13.7393], [100.4616, 13.7392], [100.4616, 13.7391], [100.4617, 13.7388], [100.4617, 13.7386], [100.4617, 13.7384], [100.4617, 13.7383], [100.4617, 13.7383], [100.4617, 13.7383], [100.4617, 13.7382], [100.4617, 13.7382], [100.4618, 13.7382], [100.4618, 13.7381], [100.4618, 13.7381], [100.4618, 13.738], [100.4618, 13.7378], [100.4619, 13.7377], [100.4619, 13.7376], [100.4619, 13.7374], [100.4619, 13.7373], [100.4619, 13.7372], [100.4619, 13.7372], [100.4619, 13.7371], [100.462, 13.7371], [100.462, 13.737], [100.462, 13.737], [100.462, 13.737], [100.462, 13.7369], [100.462, 13.7369], [100.4621, 13.7368], [100.4621, 13.7368], [100.4621, 13.7367], [100.4621, 13.7366], [100.4621, 13.7366], [100.4621, 13.7364], [100.4621, 13.7364], [100.4622, 13.7364], [100.4622, 13.7363], [100.4622, 13.7363], [100.4622, 13.7363], [100.4622, 13.7362], [100.4622, 13.7362], [100.4622, 13.7361], [100.4622, 13.7361], [100.4622, 13.7361], [100.4622, 13.736], [100.4622, 13.736], [100.4622, 13.7359], [100.4622, 13.7359], [100.4622, 13.7358], [100.4622, 13.7358], [100.4622, 13.7357], [100.4622, 13.7357], [100.4622, 13.7357], [100.4622, 13.7356], [100.4622, 13.7353], [100.4622, 13.7351], [100.4622, 13.7351], [100.4622, 13.7351], [100.4622, 13.735], [100.4622, 13.735], [100.4622, 13.735], [100.4622, 13.735], [100.4622, 13.735], [100.4622, 13.735], [100.4622, 13.7349], [100.4622, 13.7349], [100.4622, 13.7348], [100.4623, 13.7347], [100.4623, 13.7347], [100.4624, 13.7346], [100.4624, 13.7346], [100.4625, 13.7345], [100.4625, 13.7345], [100.4625, 13.7344], [100.4625, 13.7344], [100.4626, 13.7343], [100.4626, 13.7342], [100.4626, 13.7342], [100.4626, 13.7341], [100.4626, 13.7341], [100.4627, 13.734], [100.4627, 13.7339], [100.4627, 13.7338], [100.4627, 13.7338], [100.4628, 13.7337], [100.4628, 13.7336], [100.4628, 13.7335], [100.4628, 13.7334], [100.4627, 13.7334], [100.4627, 13.7333], [100.4628, 13.7333], [100.4628, 13.7333], [100.4627, 13.7332], [100.4627, 13.7332], [100.4627, 13.7332], [100.4626, 13.7332], [100.4626, 13.7332], [100.4626, 13.7331], [100.4627, 13.7331], [100.4627, 13.733], [100.4627, 13.733], [100.4627, 13.733], [100.4628, 13.733], [100.4628, 13.733], [100.4629, 13.733], [100.4629, 13.733], [100.4629, 13.733], [100.4629, 13.7329], [100.4629, 13.7329], [100.4629, 13.7329], [100.4629, 13.7329], [100.4629, 13.7328], [100.4629, 13.7328], [100.4628, 13.7328], [100.4628, 13.7328], [100.4628, 13.7328], [100.4627, 13.7328], [100.4628, 13.7327], [100.4628, 13.7326], [100.4628, 13.7326], [100.4628, 13.7326], [100.4628, 13.7325], [100.4628, 13.7325], [100.4628, 13.7324], [100.4629, 13.7323], [100.4629, 13.7323], [100.4629, 13.7322], [100.463, 13.7322], [100.463, 13.7322], [100.4631, 13.7319], [100.4632, 13.7318], [100.4632, 13.7318], [100.4632, 13.7318], [100.4633, 13.7317], [100.4635, 13.7313], [100.4635, 13.7313], [100.4635, 13.7313], [100.4635, 13.7313], [100.4635, 13.7313], [100.4635, 13.7313], [100.4636, 13.7312], [100.4636, 13.7312], [100.4636, 13.7311], [100.4636, 13.7311], [100.4636, 13.7311], [100.4637, 13.731], [100.4637, 13.7309], [100.4638, 13.7309], [100.4638, 13.7308], [100.4638, 13.7308], [100.4638, 13.7308], [100.4639, 13.7307], [100.4639, 13.7306], [100.4641, 13.7302], [100.4642, 13.7301], [100.4643, 13.7299], [100.4645, 13.7296], [100.4646, 13.7294], [100.4647, 13.7293], [100.4647, 13.7292], [100.4648, 13.7291], [100.4648, 13.7291], [100.4648, 13.729], [100.4648, 13.729], [100.4649, 13.7289], [100.465, 13.7287], [100.4651, 13.7285], [100.4653, 13.7281], [100.4655, 13.7277], [100.4656, 13.7276], [100.4658, 13.7274], [100.4659, 13.7272], [100.4659, 13.7272], [100.4659, 13.7271], [100.4659, 13.7271], [100.466, 13.7271], [100.466, 13.727], [100.4661, 13.727], [100.4661, 13.727], [100.4662, 13.7268], [100.4663, 13.7268], [100.4663, 13.7267], [100.4663, 13.7267], [100.4663, 13.7266], [100.4663, 13.7266], [100.4663, 13.7265], [100.4663, 13.7265], [100.4663, 13.7265], [100.4664, 13.7264], [100.4664, 13.7264], [100.4665, 13.7263], [100.4665, 13.7263], [100.4665, 13.7263], [100.4665, 13.7262], [100.4665, 13.7262], [100.4665, 13.7262], [100.4666, 13.7261], [100.4666, 13.726], [100.4667, 13.7259], [100.4668, 13.7258], [100.4673, 13.7252], [100.4673, 13.7251], [100.4674, 13.725], [100.4676, 13.7248], [100.4679, 13.7246], [100.468, 13.7245], [100.468, 13.7245], [100.468, 13.7245], [100.4681, 13.7244], [100.4681, 13.7244], [100.4683, 13.7244], [100.4683, 13.7243], [100.4685, 13.7242], [100.4687, 13.7241], [100.4689, 13.7239], [100.4693, 13.7237], [100.4695, 13.7237], [100.4695, 13.7236], [100.4703, 13.7232], [100.4708, 13.7229], [100.471, 13.7228], [100.4712, 13.7227], [100.4713, 13.7227], [100.4714, 13.7227], [100.4714, 13.7226], [100.4715, 13.7227], [100.4715, 13.7227], [100.4716, 13.7226], [100.4716, 13.7225], [100.4717, 13.7224], [100.4717, 13.7224], [100.4717, 13.7225], [100.4717, 13.7225], [100.4718, 13.7225], [100.4718, 13.7225], [100.4718, 13.7225], [100.4719, 13.7225], [100.4719, 13.7225], [100.4719, 13.7225], [100.4719, 13.7225], [100.4719, 13.7225], [100.472, 13.7225], [100.472, 13.7225], [100.472, 13.7225], [100.4721, 13.7225], [100.4722, 13.7225], [100.4725, 13.7224], [100.4726, 13.7224], [100.4727, 13.7224], [100.4728, 13.7224], [100.4728, 13.7224], [100.4729, 13.7224], [100.473, 13.7224], [100.4731, 13.7223], [100.4731, 13.7223], [100.4733, 13.7223], [100.4734, 13.7223], [100.4736, 13.7223], [100.4741, 13.7223], [100.4742, 13.7223], [100.4745, 13.7223], [100.4747, 13.7222], [100.4749, 13.7222], [100.4751, 13.7222], [100.4754, 13.7222], [100.4758, 13.7222], [100.476, 13.7222], [100.4762, 13.7222], [100.4765, 13.7222], [100.4765, 13.7222], [100.4765, 13.7223], [100.4767, 13.7223], [100.4772, 13.7223], [100.4773, 13.7224], [100.4774, 13.7224], [100.4775, 13.7224], [100.4776, 13.7224], [100.4777, 13.7224], [100.4782, 13.7225], [100.4783, 13.7225], [100.4785, 13.7225], [100.4786, 13.7225], [100.4786, 13.7225], [100.4787, 13.7226], [100.4788, 13.7226], [100.4789, 13.7226], [100.479, 13.7226], [100.479, 13.7227], [100.4791, 13.7227], [100.4792, 13.7227], [100.4793, 13.7227], [100.4794, 13.7227], [100.4795, 13.7227], [100.4796, 13.7227], [100.4796, 13.7227], [100.4797, 13.7228], [100.4798, 13.7228], [100.4799, 13.7229], [100.4799, 13.7229], [100.4801, 13.723], [100.4802, 13.723], [100.4804, 13.723], [100.4806, 13.7231], [100.4809, 13.7232], [100.481, 13.7232], [100.4812, 13.7233], [100.4814, 13.7234], [100.4816, 13.7234], [100.4816, 13.7235], [100.4817, 13.7235], [100.4818, 13.7235], [100.4818, 13.7235], [100.4819, 13.7236], [100.4819, 13.7236], [100.4821, 13.7237], [100.4823, 13.7237], [100.4825, 13.7238], [100.4826, 13.7239], [100.4827, 13.7239], [100.4828, 13.7239], [100.4828, 13.7239], [100.4832, 13.7241], [100.4833, 13.7241], [100.4834, 13.7241], [100.4835, 13.7241], [100.4836, 13.7242], [100.4837, 13.7242], [100.4839, 13.7243], [100.4839, 13.7244], [100.484, 13.7245], [100.4841, 13.7245], [100.4842, 13.7245], [100.4843, 13.7246], [100.4845, 13.7246], [100.4845, 13.7247], [100.4845, 13.7248], [100.4846, 13.7248], [100.4846, 13.7249], [100.4846, 13.725], [100.4847, 13.725], [100.4847, 13.7253], [100.4847, 13.7254], [100.4848, 13.7255], [100.4848, 13.7255], [100.4848, 13.7256], [100.4849, 13.7256], [100.4849, 13.7256], [100.4849, 13.7257], [100.485, 13.726], [100.4851, 13.7261], [100.4852, 13.7263], [100.4852, 13.7264], [100.4853, 13.7266], [100.4854, 13.7267], [100.4854, 13.7268], [100.4854, 13.7269], [100.4855, 13.7269], [100.4855, 13.727], [100.4856, 13.7271], [100.4857, 13.7274], [100.4858, 13.7276], [100.4858, 13.7278], [100.4858, 13.728], [100.4859, 13.728], [100.486, 13.7282], [100.4859, 13.7283], [100.486, 13.7285], [100.4859, 13.7286], [100.486, 13.7287], [100.486, 13.7289], [100.486, 13.7291], [100.486, 13.7292], [100.486, 13.7293], [100.486, 13.7294], [100.4861, 13.7295], [100.4861, 13.7296], [100.4861, 13.7297], [100.4861, 13.7298], [100.4862, 13.7299], [100.4861, 13.73], [100.4862, 13.73], [100.4863, 13.73], [100.4863, 13.7302], [100.4863, 13.7303], [100.4863, 13.7303], [100.4863, 13.7304], [100.4863, 13.7306], [100.4863, 13.7306], [100.4863, 13.7307], [100.4863, 13.7308], [100.4863, 13.7308], [100.4863, 13.7309], [100.4863, 13.731], [100.4863, 13.7311], [100.4863, 13.7312], [100.4863, 13.7313], [100.4863, 13.7314], [100.4864, 13.7315], [100.4864, 13.7315], [100.4864, 13.7316], [100.4864, 13.7317], [100.4864, 13.7317], [100.4864, 13.7319], [100.4864, 13.7321], [100.4865, 13.7323], [100.4865, 13.7324], [100.4866, 13.7324], [100.4866, 13.7325], [100.4866, 13.7327], [100.4866, 13.7327], [100.4867, 13.7327], [100.4867, 13.7328], [100.4867, 13.7329], [100.4866, 13.7329], [100.4866, 13.7329], [100.4867, 13.733], [100.4867, 13.7331], [100.4867, 13.7332], [100.4867, 13.7333], [100.4868, 13.7333], [100.4868, 13.7335], [100.4868, 13.7336], [100.4869, 13.7336], [100.4869, 13.7337], [100.4871, 13.734], [100.4871, 13.7341], [100.4871, 13.7342], [100.4872, 13.7342], [100.4872, 13.7343], [100.4872, 13.7344], [100.4872, 13.7344], [100.4873, 13.7345], [100.4873, 13.7345], [100.4873, 13.7346], [100.4872, 13.7347], [100.4872, 13.7347], [100.4873, 13.7348], [100.4873, 13.7349], [100.4873, 13.735], [100.4873, 13.7351], [100.4874, 13.7351], [100.4874, 13.7352], [100.4874, 13.7353], [100.4875, 13.7354], [100.4876, 13.7354], [100.4876, 13.7356], [100.4877, 13.7356], [100.4877, 13.7357], [100.4877, 13.7358], [100.4878, 13.7359], [100.4878, 13.736]]]}, "properties": {"DISTRICT_N": "บางกอกใหญ่", "CODE": 1016, "AREA_BMA": 6.17999983}}, {"type": "Feature", "geometry": {"type": "Polygon", "coordinates": [[[100.6459, 13.8474], [100.6459, 13.8474], [100.646, 13.8473], [100.6471, 13.8467], [100.6493, 13.8455], [100.6495, 13.8454], [100.6497, 13.8453], [100.6499, 13.8452], [100.6501, 13.8451], [100.6502, 13.8448], [100.6486, 13.8444], [100.6477, 13.8442], [100.6478, 13.8436], [100.6479, 13.8428], [100.648, 13.8419], [100.6482, 13.8409], [100.6484, 13.8403], [100.6484, 13.8403], [100.6484, 13.8401], [100.6484, 13.8401], [100.6485, 13.8394], [100.6485, 13.8393], [100.6485, 13.8393], [100.6485, 13.8391], [100.6485, 13.839], [100.6485, 13.839], [100.6486, 13.8378], [100.6486, 13.8377], [100.6486, 13.8375], [100.6486, 13.837], [100.6487, 13.8364], [100.6487, 13.8356], [100.6487, 13.8349], [100.6487, 13.8339], [100.6487, 13.8338], [100.6487, 13.8338], [100.6487, 13.8338], [100.6492, 13.834], [100.65, 13.8342], [100.6508, 13.8344], [100.6517, 13.8346], [100.6524, 13.8348], [100.6533, 13.835], [100.6535, 13.8351], [100.6535, 13.8351], [100.6536, 13.8351], [100.6538, 13.8352], [100.6539, 13.8353], [100.654, 13.8354], [100.6541, 13.8354], [100.6542, 13.8354], [100.6543, 13.8354], [100.6544, 13.8353], [100.6546, 13.8354], [100.6549, 13.8354], [100.655, 13.8354], [100.6552, 13.8354], [100.6554, 13.8354], [100.6573, 13.8356], [100.6573, 13.8356], [100.6573, 13.8356], [100.6574, 13.8356], [100.6574, 13.8355], [100.6575, 13.8351], [100.6575, 13.8348], [100.6576, 13.8347], [100.6578, 13.8336], [100.6579, 13.833], [100.658, 13.8327], [100.658, 13.8323], [100.6581, 13.8319], [100.6582, 13.8314], [100.6583, 13.8314], [100.6583, 13.8308], [100.6584, 13.8305], [100.6603, 13.8307], [100.6609, 13.8307], [100.6616, 13.8307], [100.6616, 13.8305], [100.6616, 13.8303], [100.6616, 13.8296], [100.6616, 13.8294], [100.6615, 13.8294], [100.6616, 13.8293], [100.6616, 13.8293], [100.6616, 13.8291], [100.6616, 13.8291], [100.6616, 13.829], [100.6616, 13.829], [100.6615, 13.8289], [100.6615, 13.8287], [100.6615, 13.8286], [100.6615, 13.8285], [100.6615, 13.8285], [100.6615, 13.8284], [100.6615, 13.8283], [100.6615, 13.8282], [100.6615, 13.8275], [100.6615, 13.8275], [100.6615, 13.8273], [100.6614, 13.8272], [100.6614, 13.8271], [100.6614, 13.8271], [100.6614, 13.827], [100.6614, 13.8268], [100.6614, 13.8268], [100.6614, 13.8267], [100.6614, 13.8266], [100.6614, 13.8265], [100.6613, 13.8265], [100.6613, 13.8261], [100.6613, 13.8261], [100.6613, 13.826], [100.6613, 13.826], [100.6613, 13.8259], [100.6613, 13.8258], [100.6613, 13.8258], [100.6613, 13.8257], [100.6613, 13.8257], [100.6613, 13.8256], [100.6613, 13.8255], [100.6613, 13.8255], [100.6613, 13.8255], [100.6613, 13.8254], [100.6613, 13.8254], [100.6612, 13.8253], [100.6612, 13.8253], [100.6612, 13.8253], [100.6611, 13.8253], [100.6611, 13.8253], [100.661, 13.8252], [100.661, 13.8252], [100.6609, 13.8252], [100.6609, 13.8252], [100.6608, 13.8251], [100.6607, 13.825], [100.6606, 13.8249], [100.6604, 13.8248], [100.6602, 13.8246], [100.6602, 13.8245], [100.6602, 13.8244], [100.6602, 13.8241], [100.6602, 13.8238], [100.6603, 13.8235], [100.6604, 13.8229], [100.6604, 13.8227], [100.6605, 13.8225], [100.6606, 13.8222], [100.6606, 13.8221], [100.6606, 13.8221], [100.6607, 13.8219], [100.6608, 13.8219], [100.6608, 13.8218], [100.6608, 13.8217], [100.6608, 13.8217], [100.6608, 13.8216], [100.6608, 13.8215], [100.6608, 13.8215], [100.6608, 13.8213], [100.6609, 13.8212], [100.6609, 13.8211], [100.6609, 13.8211], [100.6609, 13.821], [100.6609, 13.8207], [100.6609, 13.8205], [100.6609, 13.8204], [100.6609, 13.8204], [100.6609, 13.8204], [100.6609, 13.8204], [100.6609, 13.8203], [100.6609, 13.8203], [100.6609, 13.8203], [100.6609, 13.8203], [100.6609, 13.8203], [100.6608, 13.8203], [100.6608, 13.8202], [100.6608, 13.8202], [100.6608, 13.8202], [100.6608, 13.8201], [100.6608, 13.8199], [100.6608, 13.8194], [100.6608, 13.8193], [100.6608, 13.8192], [100.6608, 13.8192], [100.6608, 13.8191], [100.6608, 13.8191], [100.661, 13.8183], [100.661, 13.8182], [100.661, 13.8181], [100.661, 13.818], [100.661, 13.818], [100.661, 13.8179], [100.6611, 13.8178], [100.6611, 13.8178], [100.6611, 13.8176], [100.6612, 13.8175], [100.6612, 13.8174], [100.6612, 13.8173], [100.6612, 13.8172], [100.6612, 13.8172], [100.6613, 13.8171], [100.6613, 13.817], [100.6613, 13.8169], [100.6614, 13.8168], [100.6614, 13.8167], [100.6614, 13.8166], [100.6615, 13.8165], [100.6615, 13.8164], [100.6615, 13.8163], [100.6615, 13.8163], [100.6615, 13.8162], [100.6615, 13.8161], [100.6616, 13.8161], [100.6616, 13.816], [100.6616, 13.816], [100.6616, 13.8159], [100.6616, 13.8158], [100.6616, 13.8158], [100.6617, 13.8158], [100.6617, 13.8157], [100.6617, 13.8157], [100.6617, 13.8156], [100.6618, 13.8156], [100.6618, 13.8156], [100.6618, 13.8156], [100.6618, 13.8156], [100.6618, 13.8155], [100.6619, 13.8155], [100.6619, 13.8155], [100.6619, 13.8155], [100.6619, 13.8154], [100.6619, 13.8154], [100.6619, 13.8154], [100.6621, 13.815], [100.6622, 13.8147], [100.6623, 13.8145], [100.6623, 13.8144], [100.6626, 13.814], [100.6626, 13.8138], [100.6627, 13.8137], [100.6627, 13.8136], [100.6628, 13.8135], [100.6628, 13.8135], [100.6628, 13.8134], [100.6628, 13.8133], [100.6628, 13.8133], [100.6628, 13.8133], [100.6628, 13.8132], [100.6628, 13.8132], [100.6629, 13.8132], [100.6629, 13.8131], [100.6629, 13.8131], [100.6629, 13.8131], [100.6629, 13.8131], [100.6629, 13.8131], [100.6629, 13.813], [100.6629, 13.813], [100.6629, 13.8128], [100.663, 13.8127], [100.663, 13.8126], [100.663, 13.8126], [100.663, 13.8124], [100.663, 13.8124], [100.663, 13.8123], [100.663, 13.8123], [100.6631, 13.8122], [100.6631, 13.8122], [100.6631, 13.8122], [100.6631, 13.8121], [100.6631, 13.8121], [100.6631, 13.812], [100.6631, 13.812], [100.6631, 13.8119], [100.6631, 13.8119], [100.6631, 13.8118], [100.6631, 13.8116], [100.6631, 13.8115], [100.663, 13.8114], [100.663, 13.8114], [100.663, 13.8113], [100.663, 13.8112], [100.663, 13.8112], [100.663, 13.8111], [100.663, 13.811], [100.6629, 13.811], [100.6629, 13.8109], [100.6629, 13.8109], [100.6629, 13.8109], [100.6629, 13.8108], [100.6629, 13.8108], [100.6629, 13.8107], [100.6629, 13.8106], [100.6629, 13.8106], [100.6629, 13.8105], [100.6629, 13.81], [100.663, 13.81], [100.663, 13.8099], [100.663, 13.8099], [100.6631, 13.8098], [100.6631, 13.8098], [100.6631, 13.8098], [100.6632, 13.8098], [100.6632, 13.8098], [100.6633, 13.8098], [100.6634, 13.8098], [100.6634, 13.8098], [100.6635, 13.8098], [100.6635, 13.8098], [100.6636, 13.8098], [100.6636, 13.8099], [100.6639, 13.81], [100.664, 13.81], [100.6641, 13.81], [100.6641, 13.81], [100.6642, 13.8099], [100.6644, 13.8094], [100.6648, 13.8087], [100.6649, 13.8084], [100.6649, 13.8084], [100.6652, 13.8081], [100.6653, 13.8079], [100.6654, 13.8077], [100.6656, 13.8074], [100.6657, 13.8071], [100.6658, 13.8069], [100.6659, 13.8067], [100.666, 13.8064], [100.6662, 13.8061], [100.6663, 13.8059], [100.6664, 13.8056], [100.6667, 13.8051], [100.6668, 13.8051], [100.667, 13.8052], [100.6672, 13.8052], [100.6674, 13.8052], [100.6677, 13.8053], [100.6679, 13.8054], [100.6683, 13.8055], [100.6685, 13.8056], [100.6686, 13.8056], [100.6686, 13.8056], [100.6687, 13.8056], [100.6687, 13.8056], [100.6687, 13.8055], [100.6688, 13.8054], [100.6688, 13.8053], [100.6689, 13.8051], [100.669, 13.8049], [100.669, 13.8048], [100.6691, 13.8046], [100.6692, 13.8044], [100.6692, 13.8042], [100.6693, 13.8041], [100.6693, 13.804], [100.6694, 13.8039], [100.6694, 13.8037], [100.6695, 13.8035], [100.6695, 13.8033], [100.6696, 13.8032], [100.6696, 13.803], [100.6697, 13.8028], [100.6697, 13.8027], [100.6698, 13.8026], [100.67, 13.8022], [100.6701, 13.802], [100.6702, 13.8019], [100.6702, 13.8018], [100.6703, 13.8017], [100.6704, 13.8015], [100.6704, 13.8014], [100.6706, 13.8012], [100.6707, 13.801], [100.6709, 13.8007], [100.671, 13.8004], [100.6712, 13.8002], [100.6713, 13.8001], [100.6714, 13.8], [100.6715, 13.7999], [100.6718, 13.7995], [100.672, 13.7991], [100.6723, 13.7988], [100.6723, 13.7986], [100.6725, 13.7985], [100.6726, 13.7983], [100.6727, 13.7982], [100.6728, 13.798], [100.6729, 13.7976], [100.6729, 13.7975], [100.6731, 13.7973], [100.6732, 13.7971], [100.6733, 13.7969], [100.6733, 13.7966], [100.6734, 13.7964], [100.6735, 13.7963], [100.6736, 13.7962], [100.6736, 13.796], [100.6737, 13.7958], [100.6737, 13.7957], [100.6737, 13.7955], [100.6737, 13.7953], [100.6737, 13.795], [100.6737, 13.7948], [100.6738, 13.7946], [100.6738, 13.7944], [100.6738, 13.7942], [100.6739, 13.7938], [100.674, 13.7936], [100.674, 13.7933], [100.6741, 13.7931], [100.6742, 13.7929], [100.6742, 13.7927], [100.6742, 13.7924], [100.6742, 13.7921], [100.6743, 13.7919], [100.6743, 13.7916], [100.6744, 13.7912], [100.6744, 13.7909], [100.6745, 13.7907], [100.6745, 13.7904], [100.6746, 13.7902], [100.6747, 13.7899], [100.6749, 13.7896], [100.675, 13.7892], [100.6751, 13.789], [100.6752, 13.789], [100.6752, 13.7889], [100.6753, 13.7889], [100.6754, 13.7887], [100.6754, 13.7884], [100.6756, 13.7882], [100.6757, 13.7881], [100.6759, 13.7878], [100.6761, 13.7875], [100.6764, 13.7872], [100.6766, 13.7867], [100.6766, 13.7866], [100.6762, 13.7863], [100.6762, 13.7863], [100.676, 13.7861], [100.6759, 13.7859], [100.6759, 13.7859], [100.6755, 13.7856], [100.6753, 13.7853], [100.6753, 13.7853], [100.6753, 13.7853], [100.675, 13.785], [100.6749, 13.7849], [100.6749, 13.7849], [100.6747, 13.7847], [100.6746, 13.7845], [100.6744, 13.7844], [100.6743, 13.7843], [100.6743, 13.7843], [100.6742, 13.7841], [100.6742, 13.7841], [100.6738, 13.7837], [100.6738, 13.7837], [100.6739, 13.7836], [100.6739, 13.7835], [100.674, 13.7835], [100.674, 13.7833], [100.674, 13.7833], [100.674, 13.7832], [100.6741, 13.783], [100.6743, 13.7828], [100.6744, 13.7825], [100.6745, 13.7823], [100.6746, 13.7822], [100.6746, 13.7821], [100.6747, 13.7821], [100.6748, 13.782], [100.6748, 13.782], [100.6748, 13.7819], [100.6748, 13.7819], [100.6749, 13.7816], [100.675, 13.7816], [100.675, 13.7815], [100.675, 13.7814], [100.6751, 13.7813], [100.6751, 13.7813], [100.6751, 13.7813], [100.6751, 13.7813], [100.6751, 13.7812], [100.6751, 13.7812], [100.6751, 13.7812], [100.6751, 13.7812], [100.6753, 13.7813], [100.6758, 13.7815], [100.6762, 13.7817], [100.6764, 13.7818], [100.6766, 13.7819], [100.6767, 13.782], [100.6772, 13.7823], [100.6777, 13.7826], [100.6782, 13.7829], [100.6785, 13.783], [100.6785, 13.7831], [100.6789, 13.7832], [100.6792, 13.7834], [100.6795, 13.7836], [100.6798, 13.7837], [100.6799, 13.7838], [100.6801, 13.7839], [100.6804, 13.7841], [100.6806, 13.7842], [100.6807, 13.7842], [100.6812, 13.7845], [100.6814, 13.7846], [100.6817, 13.7848], [100.682, 13.785], [100.6821, 13.7851], [100.6821, 13.7851], [100.6825, 13.7853], [100.6831, 13.7856], [100.6834, 13.7858], [100.6836, 13.7858], [100.6844, 13.7863], [100.6847, 13.7864], [100.6848, 13.7865], [100.685, 13.7866], [100.6855, 13.7869], [100.6865, 13.7874], [100.6869, 13.7876], [100.6872, 13.7878], [100.6875, 13.7879], [100.6876, 13.788], [100.6878, 13.7881], [100.6882, 13.7883], [100.6883, 13.7884], [100.6883, 13.7884], [100.6883, 13.7884], [100.6884, 13.7884], [100.6886, 13.7885], [100.689, 13.7887], [100.6896, 13.789], [100.6897, 13.7892], [100.69, 13.7893], [100.6908, 13.7898], [100.6917, 13.7903], [100.6923, 13.7906], [100.6923, 13.7906], [100.6931, 13.791], [100.6936, 13.7914], [100.6944, 13.7918], [100.6948, 13.7921], [100.6951, 13.7922], [100.6953, 13.7923], [100.6953, 13.7924], [100.6955, 13.7924], [100.6958, 13.7926], [100.6961, 13.7927], [100.6962, 13.7928], [100.6962, 13.7928], [100.6965, 13.7929], [100.6971, 13.7933], [100.6975, 13.7935], [100.6983, 13.7939], [100.6989, 13.7943], [100.6994, 13.7945], [100.6994, 13.7946], [100.6998, 13.7948], [100.7006, 13.7952], [100.7006, 13.7953], [100.7006, 13.7953], [100.7006, 13.7953], [100.7007, 13.7954], [100.7007, 13.7954], [100.7011, 13.7956], [100.7015, 13.7958], [100.7018, 13.7959], [100.7018, 13.7959], [100.7019, 13.7959], [100.7019, 13.796], [100.702, 13.796], [100.7021, 13.7961], [100.7023, 13.7962], [100.7026, 13.7964], [100.7029, 13.7965], [100.703, 13.7966], [100.7031, 13.7966], [100.7031, 13.7966], [100.7033, 13.7967], [100.7033, 13.7967], [100.7035, 13.7968], [100.7036, 13.7968], [100.7036, 13.7969], [100.7038, 13.797], [100.7039, 13.797], [100.7041, 13.7972], [100.7042, 13.7972], [100.7043, 13.7973], [100.7046, 13.7975], [100.7048, 13.7975], [100.7048, 13.7976], [100.7049, 13.7977], [100.7049, 13.7977], [100.7047, 13.798], [100.7038, 13.7995], [100.7037, 13.7997], [100.7034, 13.8002], [100.703, 13.8009], [100.7025, 13.8016], [100.7022, 13.802], [100.7019, 13.8027], [100.7018, 13.8028], [100.7016, 13.8031], [100.7015, 13.8031], [100.7015, 13.8031], [100.7015, 13.8031], [100.7013, 13.8034], [100.701, 13.8038], [100.7007, 13.8042], [100.7006, 13.8044], [100.7005, 13.8045], [100.7005, 13.8046], [100.7005, 13.8046], [100.7006, 13.8047], [100.7006, 13.8047], [100.7008, 13.8049], [100.701, 13.8051], [100.7013, 13.8055], [100.7013, 13.8056], [100.7014, 13.8057], [100.7015, 13.8059], [100.7019, 13.8066], [100.7019, 13.8067], [100.702, 13.8069], [100.702, 13.8069], [100.7021, 13.8076], [100.7021, 13.8077], [100.7021, 13.8081], [100.7021, 13.8082], [100.7021, 13.8083], [100.702, 13.8084], [100.702, 13.8086], [100.7019, 13.8088], [100.7019, 13.809], [100.7018, 13.8091], [100.7018, 13.8092], [100.7017, 13.8093], [100.7016, 13.8094], [100.7014, 13.8096], [100.7013, 13.8097], [100.701, 13.8099], [100.7007, 13.81], [100.7007, 13.8101], [100.7006, 13.8101], [100.7006, 13.8101], [100.7005, 13.8101], [100.7001, 13.8103], [100.7, 13.8104], [100.7, 13.8104], [100.7, 13.8105], [100.6999, 13.8105], [100.6999, 13.8105], [100.6999, 13.8105], [100.6998, 13.8106], [100.6998, 13.8105], [100.6997, 13.8105], [100.6996, 13.8106], [100.6994, 13.8108], [100.6993, 13.8109], [100.6991, 13.811], [100.699, 13.8111], [100.699, 13.8111], [100.699, 13.8111], [100.699, 13.8111], [100.6989, 13.8112], [100.6988, 13.8112], [100.6988, 13.8112], [100.6988, 13.8113], [100.6987, 13.8114], [100.6987, 13.8114], [100.6986, 13.8114], [100.6986, 13.8114], [100.6986, 13.8114], [100.6985, 13.8115], [100.6984, 13.8116], [100.6983, 13.8117], [100.6982, 13.8118], [100.6981, 13.8118], [100.6981, 13.8119], [100.698, 13.8119], [100.698, 13.812], [100.6979, 13.8122], [100.6978, 13.8123], [100.6978, 13.8123], [100.6977, 13.8125], [100.6976, 13.8126], [100.6975, 13.8127], [100.6975, 13.8129], [100.6975, 13.8129], [100.6973, 13.8133], [100.6972, 13.8134], [100.697, 13.814], [100.6969, 13.8147], [100.6968, 13.815], [100.6968, 13.815], [100.6968, 13.8151], [100.6968, 13.8153], [100.6968, 13.8154], [100.6968, 13.8155], [100.6967, 13.8155], [100.6967, 13.8156], [100.6967, 13.8157], [100.6967, 13.8157], [100.6967, 13.8159], [100.6966, 13.8164], [100.6966, 13.8166], [100.6966, 13.8168], [100.6966, 13.8169], [100.6966, 13.8171], [100.6966, 13.8175], [100.6966, 13.8177], [100.6966, 13.8179], [100.6966, 13.8179], [100.6967, 13.8181], [100.6968, 13.8187], [100.6969, 13.8192], [100.6969, 13.8193], [100.6969, 13.8195], [100.6969, 13.8195], [100.6969, 13.8198], [100.697, 13.8202], [100.697, 13.8203], [100.697, 13.8203], [100.6968, 13.8204], [100.6968, 13.8205], [100.6968, 13.8205], [100.6968, 13.8205], [100.6968, 13.8205], [100.6967, 13.8205], [100.6963, 13.8207], [100.696, 13.821], [100.6958, 13.8212], [100.6957, 13.8213], [100.6957, 13.8214], [100.6957, 13.8214], [100.6956, 13.8214], [100.6956, 13.8215], [100.6956, 13.8216], [100.6955, 13.8217], [100.6955, 13.8218], [100.6954, 13.822], [100.6954, 13.8222], [100.6954, 13.8223], [100.6954, 13.8224], [100.6954, 13.8224], [100.6954, 13.8224], [100.6954, 13.823], [100.6954, 13.8232], [100.6954, 13.8232], [100.6954, 13.8233], [100.6954, 13.8236], [100.6954, 13.8237], [100.6954, 13.8238], [100.6953, 13.8241], [100.6952, 13.8242], [100.6951, 13.8243], [100.6951, 13.8243], [100.6949, 13.8246], [100.6949, 13.8246], [100.6948, 13.8248], [100.6948, 13.8248], [100.6947, 13.8249], [100.6946, 13.825], [100.6946, 13.8251], [100.6944, 13.8255], [100.6943, 13.8257], [100.6942, 13.8259], [100.6941, 13.8262], [100.6939, 13.8266], [100.6937, 13.827], [100.6936, 13.8272], [100.6931, 13.8281], [100.6927, 13.8286], [100.6924, 13.8292], [100.6923, 13.8294], [100.6922, 13.8295], [100.6922, 13.8297], [100.6921, 13.8298], [100.692, 13.8299], [100.6919, 13.8301], [100.6919, 13.8302], [100.6918, 13.8302], [100.6918, 13.8303], [100.6918, 13.8303], [100.6917, 13.8303], [100.6916, 13.8305], [100.6915, 13.8305], [100.6914, 13.8306], [100.6913, 13.8306], [100.6911, 13.8307], [100.691, 13.8309], [100.6908, 13.831], [100.6908, 13.8311], [100.6908, 13.8311], [100.6908, 13.8312], [100.6908, 13.8313], [100.6908, 13.8315], [100.6908, 13.8316], [100.6908, 13.8317], [100.6908, 13.8318], [100.6907, 13.832], [100.6907, 13.8321], [100.6906, 13.8322], [100.6904, 13.8326], [100.6903, 13.8327], [100.6902, 13.8328], [100.6902, 13.8328], [100.6902, 13.8329], [100.6901, 13.833], [100.6901, 13.833], [100.6901, 13.833], [100.6899, 13.8331], [100.6896, 13.8333], [100.6892, 13.8336], [100.6889, 13.8339], [100.6888, 13.834], [100.6886, 13.8341], [100.6883, 13.8344], [100.6881, 13.8345], [100.688, 13.8346], [100.6879, 13.8347], [100.6879, 13.8348], [100.6879, 13.8348], [100.6879, 13.8349], [100.6879, 13.835], [100.6879, 13.8351], [100.688, 13.8353], [100.6881, 13.8355], [100.6882, 13.8356], [100.6883, 13.8358], [100.6883, 13.8358], [100.6883, 13.8359], [100.6883, 13.836], [100.6883, 13.836], [100.6883, 13.8361], [100.6883, 13.8362], [100.6882, 13.8363], [100.6881, 13.8367], [100.6881, 13.8371], [100.688, 13.8372], [100.688, 13.8373], [100.688, 13.8374], [100.688, 13.8375], [100.6879, 13.8378], [100.6879, 13.8379], [100.6879, 13.838], [100.6878, 13.8383], [100.6878, 13.8384], [100.6878, 13.8384], [100.6878, 13.8385], [100.6878, 13.8385], [100.6877, 13.8386], [100.6877, 13.8386], [100.6876, 13.8388], [100.6875, 13.839], [100.6874, 13.8392], [100.6873, 13.8393], [100.6872, 13.8394], [100.6871, 13.8396], [100.687, 13.8399], [100.6869, 13.8402], [100.6868, 13.8405], [100.6867, 13.8406], [100.6867, 13.8408], [100.6866, 13.8409], [100.6866, 13.8411], [100.6865, 13.8412], [100.6864, 13.8415], [100.6864, 13.8418], [100.6864, 13.8422], [100.6863, 13.8424], [100.6863, 13.8427], [100.6863, 13.8428], [100.6862, 13.843], [100.6862, 13.8434], [100.6861, 13.8436], [100.6861, 13.8437], [100.6861, 13.8437], [100.686, 13.8439], [100.6859, 13.8441], [100.6859, 13.8443], [100.6858, 13.8445], [100.6857, 13.8448], [100.6856, 13.8451], [100.6855, 13.8452], [100.6855, 13.8453], [100.6854, 13.8454], [100.6852, 13.8457], [100.6851, 13.8459], [100.6849, 13.8461], [100.6849, 13.8462], [100.6846, 13.8465], [100.6845, 13.8468], [100.6844, 13.8469], [100.6843, 13.847], [100.6843, 13.8471], [100.6841, 13.8474], [100.684, 13.8476], [100.6839, 13.8478], [100.6839, 13.8479], [100.6839, 13.848], [100.6839, 13.848], [100.6839, 13.8481], [100.6838, 13.8481], [100.6838, 13.8482], [100.6837, 13.8482], [100.6836, 13.8483], [100.6835, 13.8484], [100.6834, 13.8485], [100.6833, 13.8486], [100.6831, 13.8487], [100.6829, 13.8488], [100.6827, 13.8489], [100.6825, 13.849], [100.6823, 13.8492], [100.6821, 13.8493], [100.6821, 13.8493], [100.6819, 13.8493], [100.6818, 13.8494], [100.6817, 13.8495], [100.6816, 13.8495], [100.6815, 13.8495], [100.6813, 13.8496], [100.6811, 13.8497], [100.6809, 13.8498], [100.6808, 13.8498], [100.6808, 13.8499], [100.6807, 13.8499], [100.6807, 13.85], [100.6806, 13.85], [100.6805, 13.8501], [100.6804, 13.8502], [100.6803, 13.8502], [100.6801, 13.8502], [100.68, 13.8503], [100.6799, 13.8503], [100.6798, 13.8503], [100.6796, 13.8504], [100.6795, 13.8504], [100.6794, 13.8504], [100.6793, 13.8504], [100.6792, 13.8504], [100.6792, 13.8504], [100.6791, 13.8504], [100.679, 13.8504], [100.679, 13.8504], [100.6788, 13.8505], [100.6787, 13.8505], [100.6786, 13.8506], [100.6785, 13.8506], [100.6784, 13.8507], [100.6783, 13.8507], [100.6782, 13.8508], [100.678, 13.851], [100.6778, 13.8511], [100.6776, 13.8513], [100.6774, 13.8514], [100.6773, 13.8514], [100.6772, 13.8515], [100.6772, 13.8515], [100.6771, 13.8515], [100.6768, 13.8516], [100.6766, 13.8517], [100.6764, 13.8517], [100.6762, 13.8518], [100.676, 13.8518], [100.6758, 13.8518], [100.6756, 13.8519], [100.6753, 13.8519], [100.6749, 13.852], [100.6747, 13.852], [100.6745, 13.8521], [100.6744, 13.8521], [100.674, 13.8522], [100.6739, 13.8522], [100.6737, 13.8522], [100.6736, 13.8522], [100.6734, 13.8523], [100.6733, 13.8523], [100.6732, 13.8523], [100.6727, 13.8523], [100.6724, 13.8523], [100.672, 13.8523], [100.6714, 13.8524], [100.6711, 13.8525], [100.671, 13.8525], [100.671, 13.8525], [100.6709, 13.8525], [100.6709, 13.8526], [100.6709, 13.8526], [100.6708, 13.8528], [100.6708, 13.853], [100.6707, 13.8531], [100.6707, 13.8531], [100.6707, 13.8533], [100.6707, 13.8534], [100.6707, 13.8534], [100.6708, 13.8535], [100.6708, 13.8535], [100.6708, 13.8536], [100.6709, 13.8536], [100.671, 13.8537], [100.6711, 13.8537], [100.6712, 13.8537], [100.6713, 13.8538], [100.6714, 13.8538], [100.6715, 13.8539], [100.6717, 13.854], [100.6724, 13.8544], [100.6727, 13.8545], [100.6731, 13.8547], [100.6736, 13.8549], [100.6742, 13.8553], [100.6745, 13.8555], [100.6746, 13.8556], [100.6746, 13.8556], [100.6746, 13.8557], [100.6747, 13.8557], [100.6747, 13.8557], [100.6748, 13.8558], [100.6748, 13.8558], [100.6749, 13.8558], [100.6749, 13.8559], [100.6753, 13.8562], [100.6754, 13.8564], [100.6751, 13.8566], [100.6751, 13.8566], [100.6749, 13.8566], [100.6747, 13.8566], [100.6746, 13.8567], [100.6745, 13.8567], [100.6744, 13.8567], [100.6743, 13.8568], [100.6738, 13.8569], [100.6736, 13.8569], [100.6735, 13.857], [100.6735, 13.857], [100.6733, 13.857], [100.673, 13.8571], [100.6729, 13.8571], [100.6728, 13.8571], [100.6728, 13.8571], [100.6727, 13.8571], [100.6726, 13.8571], [100.6725, 13.8571], [100.6723, 13.8572], [100.6722, 13.8572], [100.6721, 13.8572], [100.672, 13.8572], [100.6719, 13.8572], [100.6716, 13.8571], [100.6715, 13.8571], [100.6712, 13.8571], [100.6708, 13.857], [100.6706, 13.857], [100.6704, 13.857], [100.6703, 13.857], [100.6701, 13.8569], [100.67, 13.8569], [100.6699, 13.8569], [100.6699, 13.8569], [100.6698, 13.8569], [100.6698, 13.857], [100.6697, 13.857], [100.6695, 13.8569], [100.6693, 13.8569], [100.669, 13.8568], [100.6688, 13.8568], [100.6687, 13.8567], [100.6684, 13.8567], [100.6682, 13.8566], [100.6681, 13.8566], [100.6679, 13.8565], [100.6677, 13.8565], [100.6676, 13.8564], [100.6674, 13.8564], [100.6673, 13.8563], [100.6672, 13.8563], [100.6671, 13.8562], [100.6669, 13.8561], [100.6667, 13.856], [100.6665, 13.8559], [100.6663, 13.8558], [100.6662, 13.8557], [100.666, 13.8557], [100.6656, 13.8554], [100.6654, 13.8552], [100.6652, 13.8551], [100.6651, 13.855], [100.6649, 13.8548], [100.6648, 13.8547], [100.6647, 13.8547], [100.6647, 13.8546], [100.6647, 13.8546], [100.6647, 13.8547], [100.6646, 13.8547], [100.6642, 13.855], [100.664, 13.8552], [100.6639, 13.8552], [100.6639, 13.8552], [100.6638, 13.8554], [100.6637, 13.8555], [100.6636, 13.8556], [100.6635, 13.8557], [100.6635, 13.8557], [100.6633, 13.8559], [100.6632, 13.856], [100.663, 13.8561], [100.663, 13.856], [100.663, 13.856], [100.663, 13.8559], [100.6629, 13.8558], [100.6629, 13.8557], [100.6628, 13.8556], [100.6628, 13.8554], [100.6627, 13.8553], [100.6627, 13.8552], [100.6626, 13.8551], [100.6626, 13.855], [100.6625, 13.8549], [100.6625, 13.8548], [100.6624, 13.8546], [100.6623, 13.8545], [100.6623, 13.8545], [100.6622, 13.8545], [100.6622, 13.8544], [100.6622, 13.8544], [100.6622, 13.8543], [100.6621, 13.8542], [100.662, 13.8539], [100.6619, 13.8537], [100.6617, 13.8535], [100.6617, 13.8534], [100.6616, 13.8532], [100.6615, 13.8531], [100.6613, 13.8527], [100.6612, 13.8526], [100.6612, 13.8526], [100.6611, 13.8525], [100.6611, 13.8526], [100.661, 13.8526], [100.6609, 13.8526], [100.6608, 13.8525], [100.6607, 13.8525], [100.6606, 13.8525], [100.6604, 13.8525], [100.6601, 13.8525], [100.6598, 13.8524], [100.6597, 13.8524], [100.6596, 13.8524], [100.6595, 13.8524], [100.6593, 13.8524], [100.6592, 13.8524], [100.659, 13.8524], [100.659, 13.8524], [100.659, 13.8524], [100.6589, 13.8524], [100.6589, 13.8523], [100.6588, 13.8523], [100.6587, 13.8523], [100.6586, 13.8523], [100.6583, 13.8524], [100.6583, 13.8523], [100.6583, 13.8523], [100.6582, 13.8522], [100.6581, 13.8518], [100.6581, 13.8517], [100.6581, 13.8516], [100.6581, 13.8515], [100.6581, 13.8514], [100.6581, 13.8513], [100.6581, 13.8512], [100.6582, 13.851], [100.6582, 13.8509], [100.6582, 13.8508], [100.6582, 13.8505], [100.6582, 13.8504], [100.6582, 13.8503], [100.6582, 13.85], [100.6583, 13.8497], [100.6584, 13.8495], [100.6585, 13.8492], [100.6586, 13.849], [100.6587, 13.8488], [100.6588, 13.8486], [100.6589, 13.8485], [100.6589, 13.8485], [100.6589, 13.8485], [100.6589, 13.8484], [100.6588, 13.8482], [100.6587, 13.8479], [100.6586, 13.8478], [100.6586, 13.8478], [100.6586, 13.8478], [100.6585, 13.8478], [100.6584, 13.8478], [100.6582, 13.8478], [100.6581, 13.8478], [100.658, 13.8478], [100.6579, 13.8477], [100.6578, 13.8477], [100.6577, 13.8477], [100.6573, 13.8478], [100.6571, 13.8478], [100.657, 13.8479], [100.6569, 13.8479], [100.6568, 13.848], [100.6568, 13.848], [100.6567, 13.848], [100.6567, 13.848], [100.6566, 13.8479], [100.6564, 13.8479], [100.6562, 13.8478], [100.6561, 13.8477], [100.6561, 13.8477], [100.6561, 13.8477], [100.656, 13.8476], [100.6558, 13.8476], [100.6556, 13.8475], [100.6554, 13.8474], [100.6546, 13.8473], [100.6542, 13.8471], [100.6535, 13.847], [100.6532, 13.8469], [100.6531, 13.8469], [100.6529, 13.8469], [100.6528, 13.8469], [100.6527, 13.8469], [100.6525, 13.8469], [100.6524, 13.847], [100.6522, 13.847], [100.6521, 13.847], [100.6519, 13.8469], [100.6513, 13.8468], [100.6511, 13.8467], [100.6508, 13.8467], [100.6506, 13.8466], [100.6503, 13.8465], [100.6502, 13.8465], [100.6499, 13.8464], [100.6496, 13.8464], [100.6493, 13.8464], [100.6491, 13.8463], [100.6489, 13.8463], [100.6488, 13.8463], [100.6488, 13.8463], [100.6487, 13.8463], [100.6486, 13.8464], [100.6481, 13.8466], [100.6481, 13.8466], [100.648, 13.8467], [100.648, 13.8467], [100.648, 13.8468], [100.648, 13.847], [100.6481, 13.8471], [100.6481, 13.8472], [100.6481, 13.8474], [100.6481, 13.8475], [100.6481, 13.8475], [100.648, 13.8475], [100.648, 13.8476], [100.6478, 13.8476], [100.6475, 13.8475], [100.6469, 13.8475], [100.6466, 13.8474], [100.6466, 13.8474], [100.6463, 13.8474], [100.6462, 13.8474], [100.6459, 13.8474]]]}, "properties": {"DISTRICT_N": "คันนายาว", "CODE": 1043, "AREA_BMA": 25.97999954}}, {"type": "Feature", "geometry": {"type": "Polygon", "coordinates": [[[100.5041, 13.7376], [100.5027, 13.738], [100.5, 13.7386], [100.4998, 13.7387], [100.4976, 13.7393], [100.4973, 13.7383], [100.497, 13.7374], [100.4969, 13.7373], [100.4969, 13.7368], [100.4969, 13.7366], [100.4968, 13.7364], [100.4965, 13.7358], [100.4965, 13.7357], [100.4962, 13.7348], [100.4961, 13.7346], [100.4961, 13.7346], [100.496, 13.7343], [100.4959, 13.734], [100.4959, 13.7339], [100.4959, 13.7339], [100.4954, 13.7324], [100.4949, 13.7311], [100.4949, 13.731], [100.4948, 13.7309], [100.4948, 13.7307], [100.4948, 13.7306], [100.4947, 13.7305], [100.4945, 13.73], [100.4943, 13.7292], [100.4941, 13.7287], [100.4941, 13.7286], [100.494, 13.7285], [100.4935, 13.727], [100.4935, 13.727], [100.4935, 13.727], [100.4935, 13.727], [100.4936, 13.727], [100.4936, 13.7269], [100.4936, 13.7269], [100.4937, 13.7269], [100.4937, 13.7268], [100.4937, 13.7268], [100.4938, 13.7268], [100.4938, 13.7267], [100.4938, 13.7267], [100.4938, 13.7267], [100.4938, 13.7266], [100.4939, 13.7266], [100.4939, 13.7265], [100.4939, 13.7264], [100.4939, 13.7264], [100.4939, 13.7263], [100.4939, 13.7262], [100.4939, 13.7262], [100.4939, 13.7261], [100.4939, 13.7261], [100.4939, 13.7261], [100.4939, 13.726], [100.4939, 13.726], [100.4939, 13.7259], [100.4938, 13.7259], [100.4938, 13.7258], [100.4938, 13.7258], [100.4938, 13.7258], [100.4937, 13.7257], [100.4937, 13.7257], [100.4937, 13.7257], [100.4936, 13.7257], [100.4936, 13.7256], [100.4936, 13.7256], [100.4935, 13.7256], [100.4935, 13.7256], [100.4934, 13.7255], [100.4934, 13.7255], [100.4934, 13.7255], [100.4933, 13.7255], [100.4933, 13.7255], [100.4932, 13.7255], [100.4932, 13.7255], [100.4931, 13.7255], [100.4931, 13.7255], [100.493, 13.7254], [100.4928, 13.725], [100.4928, 13.7248], [100.4927, 13.7247], [100.4926, 13.7242], [100.4924, 13.7238], [100.4923, 13.7234], [100.4922, 13.7232], [100.4922, 13.7231], [100.4923, 13.723], [100.4924, 13.7228], [100.4925, 13.7226], [100.4925, 13.7225], [100.4925, 13.7224], [100.4926, 13.7221], [100.4927, 13.7219], [100.4928, 13.7218], [100.4928, 13.7213], [100.4929, 13.7211], [100.4929, 13.721], [100.493, 13.7208], [100.493, 13.7206], [100.493, 13.7205], [100.493, 13.7203], [100.493, 13.7201], [100.4931, 13.7196], [100.4931, 13.7193], [100.4932, 13.7188], [100.4932, 13.7186], [100.4932, 13.7182], [100.4932, 13.7181], [100.4932, 13.718], [100.4932, 13.7179], [100.4932, 13.7177], [100.4931, 13.7173], [100.4931, 13.7172], [100.4931, 13.7171], [100.4931, 13.7167], [100.4931, 13.7166], [100.4931, 13.7166], [100.4931, 13.7166], [100.4931, 13.7165], [100.4931, 13.7165], [100.4931, 13.7165], [100.4931, 13.7163], [100.4931, 13.7157], [100.4931, 13.7157], [100.4931, 13.7156], [100.493, 13.715], [100.493, 13.7143], [100.493, 13.7138], [100.4931, 13.7137], [100.4931, 13.7135], [100.4931, 13.7131], [100.4931, 13.713], [100.4931, 13.7129], [100.4932, 13.7129], [100.4932, 13.7129], [100.4932, 13.7128], [100.4933, 13.7126], [100.4934, 13.7124], [100.4937, 13.712], [100.494, 13.7116], [100.4943, 13.7112], [100.4945, 13.7108], [100.4947, 13.7105], [100.4948, 13.7104], [100.4949, 13.7103], [100.4953, 13.71], [100.4955, 13.7099], [100.4956, 13.7098], [100.4957, 13.7097], [100.4957, 13.7095], [100.4958, 13.7094], [100.4959, 13.7089], [100.4959, 13.7089], [100.496, 13.7088], [100.4961, 13.7087], [100.4962, 13.7086], [100.4963, 13.7084], [100.4964, 13.7083], [100.4966, 13.708], [100.497, 13.7075], [100.4972, 13.7071], [100.4973, 13.707], [100.4975, 13.7067], [100.4988, 13.705], [100.5018, 13.7066], [100.5045, 13.7086], [100.507, 13.7109], [100.508, 13.7122], [100.5093, 13.7138], [100.5097, 13.7145], [100.5101, 13.7151], [100.5104, 13.7155], [100.5106, 13.7159], [100.5108, 13.7162], [100.5111, 13.7167], [100.5112, 13.7171], [100.5113, 13.7173], [100.5114, 13.7175], [100.5114, 13.7175], [100.5119, 13.7189], [100.5121, 13.7194], [100.5122, 13.7198], [100.5127, 13.7226], [100.5128, 13.7249], [100.5127, 13.7268], [100.5123, 13.7289], [100.5122, 13.7295], [100.5119, 13.7309], [100.5114, 13.732], [100.511, 13.733], [100.5106, 13.7338], [100.5098, 13.7347], [100.509, 13.7356], [100.5083, 13.736], [100.5076, 13.7364], [100.5063, 13.737], [100.5055, 13.7373], [100.5041, 13.7376]]]}, "properties": {"DISTRICT_N": "คลองสาน", "CODE": 1018, "AREA_BMA": 6.05100012}}, {"type": "Feature", "geometry": {"type": "Polygon", "coordinates": [[[100.5169, 13.749], [100.517, 13.7493], [100.5171, 13.7502], [100.5173, 13.7514], [100.5173, 13.7521], [100.5173, 13.7528], [100.5173, 13.7531], [100.5173, 13.7533], [100.5173, 13.7543], [100.5173, 13.7545], [100.5172, 13.7548], [100.5172, 13.7549], [100.5169, 13.7554], [100.5166, 13.7563], [100.5164, 13.7567], [100.5162, 13.7569], [100.5159, 13.7573], [100.5157, 13.7575], [100.5146, 13.7585], [100.5138, 13.7592], [100.5133, 13.7598], [100.5128, 13.7603], [100.512, 13.761], [100.5115, 13.7615], [100.5109, 13.7622], [100.5103, 13.7628], [100.51, 13.763], [100.5094, 13.7636], [100.508, 13.7608], [100.5077, 13.76], [100.5075, 13.7596], [100.5068, 13.7582], [100.5061, 13.7566], [100.506, 13.7564], [100.5057, 13.7562], [100.506, 13.7557], [100.506, 13.7556], [100.506, 13.7555], [100.5059, 13.7551], [100.5057, 13.7543], [100.5056, 13.7541], [100.5055, 13.7537], [100.5055, 13.7534], [100.5054, 13.7532], [100.5053, 13.7527], [100.5053, 13.7524], [100.5052, 13.7524], [100.5051, 13.7519], [100.505, 13.7514], [100.5048, 13.7507], [100.5046, 13.7499], [100.5044, 13.749], [100.5042, 13.7481], [100.5041, 13.7477], [100.5039, 13.7468], [100.5039, 13.7468], [100.5041, 13.7467], [100.5043, 13.7467], [100.5044, 13.7466], [100.5048, 13.7463], [100.5057, 13.7456], [100.5057, 13.7456], [100.506, 13.7453], [100.5065, 13.7449], [100.5076, 13.7441], [100.5082, 13.7436], [100.5089, 13.743], [100.5093, 13.7428], [100.5099, 13.7423], [100.5104, 13.7419], [100.5104, 13.7419], [100.5107, 13.7417], [100.5118, 13.7408], [100.5122, 13.7405], [100.5124, 13.7404], [100.5126, 13.7402], [100.5127, 13.7401], [100.513, 13.7399], [100.5132, 13.7397], [100.5138, 13.7393], [100.5142, 13.7389], [100.5149, 13.7384], [100.5151, 13.7382], [100.5152, 13.7382], [100.5153, 13.7381], [100.5154, 13.7381], [100.5155, 13.738], [100.5157, 13.738], [100.5157, 13.7379], [100.5157, 13.7381], [100.5157, 13.7387], [100.5157, 13.7401], [100.5157, 13.7409], [100.5158, 13.7412], [100.5159, 13.7426], [100.5161, 13.7444], [100.5163, 13.7456], [100.5164, 13.7459], [100.5167, 13.7478], [100.5168, 13.7485], [100.5169, 13.749]]]}, "properties": {"DISTRICT_N": "ป้อมปราบศัตรูพ่าย", "CODE": 1008, "AREA_BMA": 1.93099999}}, {"type": "Feature", "geometry": {"type": "Polygon", "coordinates": [[[100.6725, 13.7364], [100.6722, 13.7365], [100.6721, 13.7365], [100.6703, 13.7367], [100.6699, 13.7368], [100.6698, 13.7368], [100.6687, 13.737], [100.6667, 13.7373], [100.6659, 13.7373], [100.6653, 13.7374], [100.6653, 13.7374], [100.6649, 13.7374], [100.6634, 13.7375], [100.6627, 13.7376], [100.6627, 13.7376], [100.6625, 13.7376], [100.6625, 13.7376], [100.6618, 13.7376], [100.6618, 13.7376], [100.6606, 13.7377], [100.6606, 13.7377], [100.66, 13.7377], [100.66, 13.7377], [100.6597, 13.7378], [100.6593, 13.7378], [100.659, 13.7378], [100.6589, 13.7376], [100.6586, 13.7372], [100.6583, 13.7367], [100.6582, 13.7366], [100.6582, 13.7365], [100.6582, 13.7365], [100.6579, 13.7365], [100.6575, 13.7366], [100.6571, 13.7366], [100.6569, 13.7367], [100.6567, 13.7367], [100.6566, 13.7366], [100.6566, 13.7365], [100.6566, 13.7364], [100.6565, 13.736], [100.6563, 13.7357], [100.6563, 13.7355], [100.6561, 13.7351], [100.6558, 13.7345], [100.6557, 13.7344], [100.6552, 13.7341], [100.6549, 13.7341], [100.6545, 13.734], [100.6541, 13.7339], [100.6539, 13.7338], [100.6535, 13.7334], [100.6534, 13.7332], [100.6532, 13.7328], [100.6531, 13.7326], [100.6529, 13.7322], [100.6525, 13.7319], [100.6525, 13.7318], [100.652, 13.7312], [100.652, 13.7311], [100.6519, 13.7311], [100.6519, 13.731], [100.6519, 13.7309], [100.6519, 13.7309], [100.6519, 13.7307], [100.6519, 13.7303], [100.6519, 13.7299], [100.6518, 13.7296], [100.6518, 13.7295], [100.6518, 13.7295], [100.6516, 13.7294], [100.6514, 13.7293], [100.6509, 13.7292], [100.6507, 13.7291], [100.6504, 13.729], [100.65, 13.7289], [100.65, 13.7289], [100.6498, 13.7288], [100.6496, 13.7287], [100.6495, 13.7287], [100.6495, 13.7286], [100.6495, 13.7286], [100.6496, 13.7285], [100.6496, 13.7285], [100.6497, 13.7284], [100.6497, 13.7284], [100.6497, 13.7283], [100.6497, 13.7281], [100.6496, 13.7275], [100.6496, 13.727], [100.6495, 13.7265], [100.6495, 13.7261], [100.6495, 13.7257], [100.6494, 13.7249], [100.6494, 13.7246], [100.6493, 13.7241], [100.6493, 13.724], [100.6492, 13.723], [100.6491, 13.7224], [100.649, 13.7216], [100.6488, 13.7211], [100.6488, 13.721], [100.6487, 13.7208], [100.6486, 13.7204], [100.6486, 13.7202], [100.6484, 13.7198], [100.6482, 13.7189], [100.6481, 13.7182], [100.648, 13.718], [100.6479, 13.7175], [100.6479, 13.7173], [100.6484, 13.7175], [100.6486, 13.7175], [100.6487, 13.7175], [100.6492, 13.7176], [100.6503, 13.7179], [100.6509, 13.7181], [100.6515, 13.7182], [100.6515, 13.718], [100.6515, 13.7178], [100.6515, 13.7175], [100.6515, 13.7174], [100.6514, 13.7171], [100.6514, 13.7169], [100.6514, 13.7168], [100.6514, 13.7168], [100.6514, 13.7167], [100.6513, 13.7163], [100.6512, 13.7161], [100.6511, 13.7156], [100.6511, 13.7154], [100.6509, 13.715], [100.6507, 13.7147], [100.6507, 13.7143], [100.6508, 13.7142], [100.651, 13.714], [100.6511, 13.7139], [100.6512, 13.7139], [100.6513, 13.7139], [100.6513, 13.7139], [100.6513, 13.7139], [100.6512, 13.7138], [100.6511, 13.7138], [100.6511, 13.7138], [100.6511, 13.7138], [100.6511, 13.7137], [100.651, 13.7137], [100.6508, 13.7134], [100.6504, 13.713], [100.6503, 13.7127], [100.6503, 13.7125], [100.6502, 13.7122], [100.6501, 13.7118], [100.65, 13.7115], [100.6499, 13.7113], [100.6498, 13.7112], [100.6498, 13.7107], [100.6497, 13.7104], [100.6497, 13.7102], [100.6497, 13.7098], [100.6497, 13.7095], [100.6497, 13.7093], [100.6497, 13.7092], [100.6497, 13.7091], [100.6497, 13.7089], [100.6496, 13.7087], [100.6496, 13.7086], [100.6495, 13.7083], [100.6494, 13.7081], [100.6493, 13.7078], [100.6492, 13.7076], [100.6492, 13.7074], [100.6492, 13.7073], [100.6492, 13.7072], [100.6493, 13.707], [100.6493, 13.707], [100.6495, 13.7068], [100.6496, 13.7067], [100.6498, 13.7064], [100.6499, 13.7063], [100.65, 13.7062], [100.6501, 13.7059], [100.6501, 13.7058], [100.6501, 13.7055], [100.6502, 13.7053], [100.6502, 13.705], [100.6502, 13.7047], [100.6503, 13.7046], [100.6505, 13.7042], [100.6507, 13.7039], [100.6508, 13.7037], [100.6509, 13.7032], [100.6509, 13.7029], [100.6507, 13.703], [100.6505, 13.7031], [100.6502, 13.7033], [100.6499, 13.7033], [100.6496, 13.7033], [100.6493, 13.7032], [100.6489, 13.7031], [100.6487, 13.7031], [100.6484, 13.7032], [100.6483, 13.7032], [100.6482, 13.7031], [100.648, 13.7031], [100.6479, 13.7031], [100.6474, 13.7029], [100.6473, 13.7029], [100.647, 13.7027], [100.6468, 13.7027], [100.6467, 13.7027], [100.6465, 13.7027], [100.646, 13.7026], [100.6457, 13.7026], [100.6453, 13.7026], [100.6446, 13.7025], [100.6446, 13.7025], [100.6445, 13.7026], [100.6442, 13.7026], [100.644, 13.7026], [100.6438, 13.7026], [100.6436, 13.7026], [100.6435, 13.7026], [100.6433, 13.7026], [100.6428, 13.7026], [100.6425, 13.7025], [100.6425, 13.7025], [100.6424, 13.7026], [100.6423, 13.7026], [100.6423, 13.7026], [100.6422, 13.7026], [100.6417, 13.7026], [100.6414, 13.7025], [100.6405, 13.7023], [100.639, 13.702], [100.6376, 13.7016], [100.6367, 13.7014], [100.6356, 13.7011], [100.6344, 13.7009], [100.634, 13.7008], [100.6341, 13.7007], [100.6341, 13.7006], [100.6341, 13.7006], [100.6341, 13.7006], [100.6342, 13.7005], [100.6342, 13.7004], [100.6344, 13.7002], [100.6344, 13.7], [100.6346, 13.6998], [100.6347, 13.6995], [100.6348, 13.6993], [100.6349, 13.6992], [100.635, 13.6989], [100.6351, 13.6987], [100.6352, 13.6986], [100.6352, 13.6985], [100.6353, 13.6985], [100.6354, 13.6983], [100.6355, 13.6982], [100.6356, 13.6979], [100.6358, 13.6976], [100.636, 13.6972], [100.6362, 13.6968], [100.6364, 13.6966], [100.6365, 13.6963], [100.6365, 13.6963], [100.6366, 13.6961], [100.6368, 13.6959], [100.6368, 13.6958], [100.637, 13.6956], [100.637, 13.6955], [100.6371, 13.6953], [100.6371, 13.6952], [100.6371, 13.695], [100.6371, 13.6948], [100.6372, 13.6944], [100.6372, 13.6941], [100.6372, 13.6941], [100.6372, 13.6939], [100.6373, 13.6936], [100.6373, 13.6934], [100.6374, 13.693], [100.6374, 13.693], [100.6374, 13.6929], [100.6375, 13.6929], [100.6375, 13.6929], [100.6375, 13.6928], [100.6375, 13.6928], [100.6375, 13.6927], [100.6375, 13.6927], [100.6375, 13.6927], [100.6375, 13.6926], [100.6375, 13.6925], [100.6375, 13.6924], [100.6376, 13.6924], [100.6376, 13.6923], [100.6376, 13.6923], [100.6376, 13.6922], [100.6376, 13.6918], [100.6376, 13.6918], [100.6376, 13.6917], [100.6376, 13.6917], [100.6377, 13.6915], [100.6377, 13.6914], [100.6377, 13.6913], [100.6377, 13.6913], [100.6377, 13.6913], [100.6377, 13.6911], [100.6377, 13.691], [100.6377, 13.691], [100.6377, 13.6909], [100.6378, 13.6909], [100.6378, 13.6907], [100.6378, 13.6904], [100.6379, 13.69], [100.6379, 13.6897], [100.638, 13.6897], [100.638, 13.6896], [100.638, 13.6896], [100.638, 13.6895], [100.638, 13.6895], [100.6381, 13.6894], [100.6381, 13.6894], [100.6381, 13.6893], [100.6381, 13.6892], [100.6381, 13.6892], [100.6381, 13.689], [100.6381, 13.6888], [100.6381, 13.6888], [100.6382, 13.6887], [100.6382, 13.6886], [100.6382, 13.6886], [100.6382, 13.6885], [100.6382, 13.6882], [100.6383, 13.6878], [100.6384, 13.6873], [100.6385, 13.6868], [100.6386, 13.6864], [100.6386, 13.6859], [100.6387, 13.6856], [100.6387, 13.6855], [100.6387, 13.6855], [100.6387, 13.6855], [100.6387, 13.6854], [100.6387, 13.6854], [100.6387, 13.6854], [100.6387, 13.6853], [100.6387, 13.6852], [100.6387, 13.6852], [100.6387, 13.6851], [100.6387, 13.6851], [100.6387, 13.6851], [100.6387, 13.6851], [100.6388, 13.685], [100.6388, 13.685], [100.6388, 13.6849], [100.6388, 13.6849], [100.6389, 13.6847], [100.6389, 13.6846], [100.6389, 13.6846], [100.639, 13.6841], [100.6391, 13.684], [100.6391, 13.6839], [100.6391, 13.6836], [100.6391, 13.6834], [100.6391, 13.6832], [100.6392, 13.6829], [100.6392, 13.6828], [100.6393, 13.6824], [100.6394, 13.6822], [100.6394, 13.682], [100.6394, 13.6816], [100.6394, 13.6814], [100.6395, 13.6811], [100.6395, 13.6809], [100.6395, 13.6808], [100.6395, 13.6807], [100.6395, 13.6807], [100.6395, 13.6806], [100.6395, 13.6806], [100.6395, 13.6805], [100.6396, 13.6804], [100.6396, 13.6803], [100.6396, 13.6803], [100.6396, 13.6803], [100.6396, 13.6803], [100.6396, 13.6802], [100.6396, 13.6802], [100.6396, 13.6802], [100.6397, 13.6802], [100.6397, 13.6801], [100.6397, 13.6801], [100.6397, 13.6799], [100.6398, 13.6798], [100.6398, 13.6798], [100.6398, 13.6797], [100.6398, 13.6797], [100.6398, 13.6796], [100.6398, 13.6796], [100.6398, 13.6795], [100.6399, 13.6795], [100.6399, 13.6794], [100.6399, 13.6794], [100.6399, 13.6793], [100.6399, 13.6793], [100.6399, 13.6792], [100.64, 13.6791], [100.64, 13.6791], [100.64, 13.6789], [100.64, 13.6789], [100.64, 13.6788], [100.6401, 13.6787], [100.6401, 13.6786], [100.6401, 13.6784], [100.6401, 13.6783], [100.6402, 13.678], [100.6402, 13.6779], [100.6403, 13.6775], [100.6404, 13.6773], [100.6404, 13.677], [100.6405, 13.6768], [100.6405, 13.6766], [100.6406, 13.6763], [100.6408, 13.676], [100.6409, 13.6758], [100.6412, 13.6753], [100.6415, 13.6749], [100.6416, 13.6748], [100.6416, 13.6747], [100.6416, 13.6747], [100.6416, 13.6747], [100.6417, 13.6746], [100.6417, 13.6746], [100.6417, 13.6746], [100.6418, 13.6745], [100.6421, 13.674], [100.6421, 13.6739], [100.6422, 13.6738], [100.6422, 13.6738], [100.6422, 13.6737], [100.6423, 13.6736], [100.6423, 13.6735], [100.6423, 13.6735], [100.6423, 13.6734], [100.6423, 13.6734], [100.6424, 13.6734], [100.6424, 13.6733], [100.6426, 13.6731], [100.6427, 13.6729], [100.6427, 13.6729], [100.6427, 13.6729], [100.6428, 13.6728], [100.6428, 13.6728], [100.6428, 13.6728], [100.6429, 13.6727], [100.643, 13.6726], [100.643, 13.6725], [100.643, 13.6724], [100.6431, 13.6724], [100.6431, 13.6724], [100.6431, 13.6723], [100.6431, 13.6722], [100.6432, 13.6722], [100.6432, 13.6722], [100.6433, 13.6721], [100.6433, 13.6721], [100.6434, 13.6719], [100.6434, 13.6719], [100.6435, 13.6718], [100.6436, 13.6716], [100.6436, 13.6716], [100.6437, 13.6715], [100.6437, 13.6715], [100.6438, 13.6714], [100.6438, 13.6713], [100.6438, 13.6713], [100.6439, 13.6712], [100.6439, 13.6712], [100.644, 13.6712], [100.644, 13.6712], [100.6442, 13.6709], [100.6443, 13.6708], [100.6443, 13.6708], [100.6444, 13.6707], [100.6445, 13.6707], [100.6445, 13.6706], [100.6446, 13.6706], [100.6446, 13.6705], [100.6446, 13.6705], [100.6446, 13.6705], [100.6446, 13.6704], [100.6447, 13.6703], [100.6447, 13.6702], [100.6447, 13.6702], [100.6447, 13.6702], [100.6447, 13.6701], [100.6447, 13.6701], [100.6448, 13.67], [100.6449, 13.6699], [100.645, 13.6698], [100.6453, 13.6695], [100.6453, 13.6695], [100.6455, 13.6694], [100.6457, 13.6693], [100.6459, 13.6693], [100.6459, 13.6693], [100.6461, 13.6692], [100.6463, 13.6692], [100.6467, 13.6691], [100.647, 13.6691], [100.6473, 13.6691], [100.6473, 13.669], [100.6474, 13.669], [100.6477, 13.669], [100.6479, 13.669], [100.6481, 13.669], [100.6486, 13.6691], [100.6499, 13.6692], [100.6516, 13.6692], [100.653, 13.6692], [100.6534, 13.6691], [100.6538, 13.6689], [100.6539, 13.6691], [100.6539, 13.6692], [100.654, 13.6695], [100.654, 13.6696], [100.6541, 13.6698], [100.6542, 13.6699], [100.6543, 13.6701], [100.6544, 13.6703], [100.6546, 13.6706], [100.6547, 13.6709], [100.6549, 13.6711], [100.655, 13.6714], [100.6552, 13.6718], [100.6554, 13.6722], [100.6554, 13.6723], [100.6554, 13.6723], [100.6555, 13.6723], [100.6556, 13.6722], [100.6561, 13.6721], [100.6568, 13.6718], [100.657, 13.6717], [100.6573, 13.6716], [100.6574, 13.6716], [100.6574, 13.6716], [100.6576, 13.6715], [100.6578, 13.6714], [100.658, 13.6712], [100.6581, 13.6711], [100.6584, 13.671], [100.6586, 13.6709], [100.6587, 13.6707], [100.6589, 13.6707], [100.6591, 13.6706], [100.6592, 13.6705], [100.6594, 13.6703], [100.6597, 13.6701], [100.6598, 13.6701], [100.6599, 13.6701], [100.6599, 13.6701], [100.66, 13.6702], [100.6603, 13.6706], [100.6605, 13.671], [100.6606, 13.6711], [100.6607, 13.6713], [100.6608, 13.6714], [100.6609, 13.6715], [100.661, 13.6716], [100.6611, 13.6717], [100.6612, 13.6717], [100.6612, 13.6717], [100.6614, 13.6715], [100.6616, 13.6714], [100.6617, 13.6713], [100.6618, 13.6713], [100.6618, 13.6713], [100.662, 13.6713], [100.6621, 13.6713], [100.6622, 13.6713], [100.6622, 13.6713], [100.6623, 13.6712], [100.6625, 13.671], [100.6627, 13.6709], [100.6629, 13.6706], [100.663, 13.6706], [100.6631, 13.6704], [100.6632, 13.6704], [100.6635, 13.6702], [100.6637, 13.6701], [100.664, 13.6699], [100.6644, 13.6697], [100.6645, 13.6696], [100.6647, 13.6695], [100.6651, 13.6692], [100.6654, 13.669], [100.6657, 13.6688], [100.6659, 13.6686], [100.6663, 13.6684], [100.6665, 13.6683], [100.6667, 13.6682], [100.6668, 13.6682], [100.6668, 13.6681], [100.6668, 13.668], [100.6666, 13.6676], [100.6664, 13.6671], [100.6669, 13.667], [100.6674, 13.6668], [100.6683, 13.6664], [100.6693, 13.666], [100.67, 13.6657], [100.6705, 13.6655], [100.6707, 13.6655], [100.6712, 13.6653], [100.6716, 13.6652], [100.6719, 13.6651], [100.6721, 13.665], [100.6722, 13.6649], [100.6722, 13.6649], [100.6722, 13.6648], [100.6722, 13.6646], [100.6722, 13.6645], [100.6723, 13.6645], [100.6725, 13.6644], [100.6727, 13.6643], [100.6731, 13.6642], [100.6732, 13.6641], [100.6735, 13.664], [100.6738, 13.664], [100.674, 13.6639], [100.6743, 13.6639], [100.6744, 13.6638], [100.6749, 13.6636], [100.6751, 13.6636], [100.6753, 13.6635], [100.6754, 13.6635], [100.6757, 13.6634], [100.6757, 13.6634], [100.6759, 13.6633], [100.6759, 13.6632], [100.6761, 13.663], [100.6762, 13.6629], [100.6764, 13.6627], [100.6766, 13.6624], [100.6768, 13.6623], [100.677, 13.6621], [100.6774, 13.6619], [100.6778, 13.6617], [100.6782, 13.6615], [100.6785, 13.6613], [100.6788, 13.6612], [100.6791, 13.6611], [100.6793, 13.6611], [100.6796, 13.661], [100.68, 13.6609], [100.6804, 13.6607], [100.6812, 13.6605], [100.6823, 13.6601], [100.6827, 13.66], [100.6828, 13.66], [100.6829, 13.6599], [100.6829, 13.6599], [100.683, 13.6599], [100.6832, 13.6598], [100.6834, 13.6598], [100.6837, 13.6597], [100.6839, 13.6596], [100.6842, 13.6595], [100.6844, 13.6594], [100.6847, 13.6593], [100.6849, 13.6593], [100.6852, 13.6592], [100.6854, 13.6591], [100.6855, 13.6591], [100.6859, 13.659], [100.6862, 13.6589], [100.6866, 13.6588], [100.6869, 13.6586], [100.6871, 13.6586], [100.6873, 13.6585], [100.6875, 13.6584], [100.6879, 13.6583], [100.6881, 13.6583], [100.6883, 13.6582], [100.6885, 13.6582], [100.6888, 13.6581], [100.689, 13.6581], [100.6893, 13.658], [100.6898, 13.6579], [100.6901, 13.6579], [100.6906, 13.6578], [100.691, 13.6577], [100.6914, 13.6576], [100.6916, 13.6576], [100.6918, 13.6575], [100.6921, 13.6575], [100.6923, 13.6574], [100.6926, 13.6574], [100.6927, 13.6573], [100.6929, 13.6573], [100.6931, 13.6573], [100.6933, 13.6572], [100.6982, 13.6562], [100.6983, 13.6565], [100.6983, 13.657], [100.6984, 13.6573], [100.6984, 13.6576], [100.6984, 13.658], [100.6984, 13.6582], [100.6985, 13.6583], [100.6985, 13.6585], [100.6985, 13.6588], [100.6986, 13.6591], [100.6986, 13.6594], [100.6987, 13.66], [100.6987, 13.6602], [100.6988, 13.6604], [100.6988, 13.6606], [100.6989, 13.6609], [100.699, 13.6612], [100.6991, 13.6616], [100.6991, 13.6618], [100.6992, 13.662], [100.6992, 13.6621], [100.6992, 13.6623], [100.6993, 13.6625], [100.6993, 13.6627], [100.6994, 13.6628], [100.6995, 13.6633], [100.6996, 13.6634], [100.6996, 13.6635], [100.6996, 13.6636], [100.6997, 13.6639], [100.6999, 13.6642], [100.7, 13.6644], [100.7001, 13.6646], [100.7002, 13.6648], [100.7003, 13.6649], [100.7004, 13.6651], [100.7006, 13.6654], [100.7007, 13.6656], [100.7008, 13.6658], [100.7009, 13.666], [100.701, 13.6661], [100.7011, 13.6664], [100.7012, 13.6666], [100.7013, 13.6668], [100.7014, 13.667], [100.7016, 13.6673], [100.7017, 13.6675], [100.7018, 13.6678], [100.7019, 13.6679], [100.702, 13.6681], [100.7022, 13.6684], [100.7023, 13.6686], [100.7024, 13.6689], [100.7026, 13.6691], [100.7028, 13.6695], [100.7029, 13.6697], [100.7031, 13.67], [100.7032, 13.6702], [100.7034, 13.6704], [100.7035, 13.6707], [100.7036, 13.6707], [100.7037, 13.6709], [100.7038, 13.6711], [100.7038, 13.6712], [100.7039, 13.6713], [100.704, 13.6715], [100.704, 13.6715], [100.704, 13.6716], [100.7041, 13.6718], [100.7041, 13.6718], [100.7041, 13.6719], [100.7042, 13.672], [100.7043, 13.6722], [100.7044, 13.6724], [100.7045, 13.6725], [100.7045, 13.6726], [100.7046, 13.6728], [100.7047, 13.673], [100.7047, 13.6731], [100.7047, 13.6732], [100.7048, 13.6735], [100.705, 13.6739], [100.7051, 13.6741], [100.7051, 13.6743], [100.7051, 13.6743], [100.7051, 13.6744], [100.7051, 13.6744], [100.7051, 13.6745], [100.7051, 13.6745], [100.7051, 13.6745], [100.705, 13.6746], [100.7049, 13.6746], [100.7048, 13.6746], [100.7047, 13.6747], [100.7047, 13.6747], [100.7047, 13.6747], [100.7046, 13.6748], [100.7046, 13.6748], [100.7046, 13.6749], [100.7046, 13.675], [100.7047, 13.6751], [100.7048, 13.6757], [100.7049, 13.6762], [100.705, 13.6767], [100.7051, 13.6772], [100.7052, 13.6776], [100.7053, 13.6777], [100.7053, 13.6778], [100.7053, 13.6779], [100.7053, 13.678], [100.7054, 13.6783], [100.7054, 13.6785], [100.7055, 13.6786], [100.7055, 13.6788], [100.7055, 13.6788], [100.7055, 13.6788], [100.7056, 13.6788], [100.7057, 13.6788], [100.706, 13.6787], [100.7063, 13.6786], [100.7064, 13.6786], [100.7064, 13.6786], [100.7064, 13.6787], [100.7064, 13.6788], [100.7065, 13.6792], [100.7065, 13.6794], [100.7066, 13.68], [100.7066, 13.6804], [100.7066, 13.6807], [100.7067, 13.681], [100.7067, 13.6814], [100.7068, 13.6818], [100.7068, 13.6822], [100.7069, 13.6825], [100.7069, 13.6827], [100.707, 13.683], [100.707, 13.6833], [100.7071, 13.6838], [100.7071, 13.6838], [100.7071, 13.684], [100.7072, 13.6842], [100.7072, 13.6843], [100.7072, 13.6845], [100.7073, 13.6846], [100.7073, 13.6847], [100.7073, 13.6848], [100.7073, 13.6849], [100.7074, 13.6851], [100.7075, 13.6852], [100.7075, 13.6853], [100.7076, 13.6855], [100.7078, 13.6858], [100.7078, 13.6859], [100.7079, 13.6861], [100.7079, 13.6863], [100.708, 13.6864], [100.708, 13.6865], [100.7081, 13.6866], [100.7081, 13.6867], [100.7082, 13.6869], [100.7083, 13.687], [100.7083, 13.6871], [100.7083, 13.6871], [100.7084, 13.6872], [100.7084, 13.6874], [100.7085, 13.6875], [100.7085, 13.6876], [100.7085, 13.6876], [100.7085, 13.6877], [100.7086, 13.6878], [100.7086, 13.6879], [100.7087, 13.6879], [100.7087, 13.6881], [100.7088, 13.6882], [100.7088, 13.6883], [100.7089, 13.6884], [100.7089, 13.6885], [100.709, 13.6886], [100.709, 13.6889], [100.7091, 13.689], [100.7091, 13.6891], [100.7091, 13.6891], [100.7092, 13.6893], [100.7092, 13.6894], [100.7093, 13.6895], [100.7094, 13.6897], [100.7094, 13.6897], [100.7094, 13.6898], [100.7094, 13.69], [100.7095, 13.6901], [100.7095, 13.6902], [100.7096, 13.6903], [100.7096, 13.6905], [100.7097, 13.6908], [100.7098, 13.691], [100.7098, 13.6911], [100.7098, 13.6913], [100.7098, 13.6914], [100.7098, 13.6916], [100.7098, 13.6918], [100.7099, 13.6919], [100.7099, 13.6921], [100.7099, 13.6922], [100.7099, 13.6924], [100.71, 13.6925], [100.71, 13.6926], [100.71, 13.6928], [100.71, 13.6928], [100.71, 13.6929], [100.71, 13.6931], [100.71, 13.6932], [100.71, 13.6933], [100.71, 13.6935], [100.7101, 13.6936], [100.7101, 13.6937], [100.7101, 13.6942], [100.7102, 13.6949], [100.7102, 13.695], [100.7102, 13.6951], [100.7101, 13.6951], [100.7098, 13.6952], [100.7098, 13.6952], [100.7102, 13.6971], [100.7106, 13.6993], [100.7109, 13.7008], [100.711, 13.7011], [100.711, 13.7012], [100.7112, 13.7012], [100.7119, 13.7012], [100.7123, 13.7012], [100.7123, 13.7013], [100.7123, 13.7014], [100.7123, 13.7015], [100.7122, 13.7023], [100.7121, 13.7031], [100.712, 13.704], [100.7119, 13.7043], [100.7118, 13.7048], [100.7117, 13.7052], [100.7116, 13.7057], [100.7116, 13.706], [100.7115, 13.7062], [100.7115, 13.7067], [100.7115, 13.7069], [100.7114, 13.7074], [100.7113, 13.7076], [100.7113, 13.708], [100.7113, 13.7083], [100.7112, 13.7087], [100.7111, 13.709], [100.711, 13.7094], [100.711, 13.7096], [100.7109, 13.7102], [100.7109, 13.7105], [100.7109, 13.7109], [100.7109, 13.7111], [100.7108, 13.7114], [100.7108, 13.7116], [100.7108, 13.7117], [100.7107, 13.7121], [100.7106, 13.7123], [100.7105, 13.7129], [100.7105, 13.7131], [100.7104, 13.7137], [100.7103, 13.7144], [100.7102, 13.7152], [100.7101, 13.7155], [100.7101, 13.7158], [100.71, 13.716], [100.71, 13.7162], [100.71, 13.7165], [100.71, 13.7166], [100.7099, 13.7168], [100.7099, 13.717], [100.7099, 13.7172], [100.7098, 13.7175], [100.7098, 13.7176], [100.7098, 13.7176], [100.7098, 13.7177], [100.7098, 13.7181], [100.7097, 13.7184], [100.7097, 13.7187], [100.7096, 13.7193], [100.7095, 13.72], [100.7095, 13.7205], [100.7094, 13.7209], [100.7093, 13.7217], [100.7092, 13.7224], [100.7091, 13.7231], [100.709, 13.7235], [100.709, 13.7238], [100.709, 13.7238], [100.7089, 13.7241], [100.7089, 13.7241], [100.7089, 13.7242], [100.7089, 13.7246], [100.7089, 13.725], [100.7088, 13.7253], [100.7088, 13.7255], [100.7088, 13.7259], [100.7087, 13.7265], [100.7087, 13.7268], [100.7086, 13.7274], [100.7086, 13.7276], [100.7085, 13.728], [100.7085, 13.7283], [100.7085, 13.7285], [100.7085, 13.7288], [100.7085, 13.7289], [100.7085, 13.729], [100.7084, 13.7293], [100.7084, 13.7297], [100.7084, 13.7298], [100.7084, 13.73], [100.7084, 13.7301], [100.7084, 13.7305], [100.7084, 13.7307], [100.7084, 13.7308], [100.7084, 13.731], [100.7083, 13.7311], [100.7083, 13.7312], [100.7083, 13.7312], [100.7083, 13.7313], [100.7083, 13.7313], [100.7083, 13.7313], [100.7083, 13.7314], [100.7083, 13.7316], [100.7083, 13.7318], [100.7083, 13.7319], [100.7083, 13.7321], [100.7084, 13.7324], [100.7084, 13.7324], [100.7078, 13.7325], [100.6958, 13.7337], [100.6957, 13.7337], [100.6953, 13.7337], [100.6953, 13.7337], [100.6944, 13.7338], [100.693, 13.734], [100.6919, 13.7341], [100.6919, 13.7341], [100.6913, 13.7342], [100.6909, 13.7342], [100.6909, 13.7342], [100.6901, 13.7343], [100.6884, 13.7345], [100.6875, 13.7346], [100.6832, 13.735], [100.6822, 13.7352], [100.6817, 13.7352], [100.6817, 13.7352], [100.681, 13.7353], [100.6797, 13.7355], [100.6795, 13.7355], [100.6794, 13.7355], [100.678, 13.7356], [100.6767, 13.7358], [100.6765, 13.7358], [100.6765, 13.7358], [100.676, 13.7359], [100.676, 13.7359], [100.6753, 13.736], [100.6748, 13.7361], [100.6748, 13.7361], [100.6742, 13.7361], [100.6725, 13.7364]]]}, "properties": {"DISTRICT_N": "ประเวศ", "CODE": 1032, "AREA_BMA": 52.49000168}}, {"type": "Feature", "geometry": {"type": "Polygon", "coordinates": [[[100.4413, 13.7087], [100.4427, 13.7084], [100.4437, 13.708], [100.4444, 13.7077], [100.4456, 13.7073], [100.448, 13.7061], [100.4495, 13.7054], [100.4496, 13.7055], [100.4497, 13.7055], [100.4499, 13.7056], [100.45, 13.7058], [100.4502, 13.7061], [100.4503, 13.7063], [100.4505, 13.7066], [100.4506, 13.7069], [100.451, 13.7074], [100.4514, 13.7081], [100.4516, 13.7085], [100.4519, 13.7088], [100.4522, 13.7092], [100.4522, 13.7092], [100.4522, 13.7093], [100.4523, 13.7095], [100.4525, 13.7097], [100.4527, 13.71], [100.4528, 13.7101], [100.4528, 13.7101], [100.453, 13.71], [100.4532, 13.7099], [100.4534, 13.7097], [100.4536, 13.7097], [100.4537, 13.7096], [100.454, 13.7095], [100.4541, 13.7093], [100.4542, 13.7093], [100.4544, 13.7092], [100.4547, 13.7091], [100.4549, 13.7089], [100.4551, 13.7088], [100.4554, 13.7087], [100.4558, 13.7084], [100.4558, 13.7084], [100.4558, 13.7084], [100.4559, 13.7085], [100.4559, 13.7085], [100.4558, 13.7087], [100.4557, 13.7095], [100.4555, 13.7104], [100.4555, 13.7105], [100.4554, 13.7111], [100.4553, 13.7113], [100.4553, 13.7116], [100.4552, 13.712], [100.4553, 13.712], [100.4553, 13.712], [100.4556, 13.712], [100.4558, 13.712], [100.4559, 13.712], [100.4562, 13.7121], [100.4565, 13.7122], [100.4571, 13.7122], [100.4576, 13.7123], [100.4578, 13.7124], [100.4582, 13.7125], [100.4588, 13.7127], [100.4595, 13.7129], [100.4598, 13.713], [100.4599, 13.7131], [100.46, 13.7131], [100.46, 13.7132], [100.46, 13.7133], [100.46, 13.7135], [100.4605, 13.7136], [100.4611, 13.7137], [100.4616, 13.7138], [100.4624, 13.7139], [100.4627, 13.7139], [100.463, 13.714], [100.4633, 13.7141], [100.4634, 13.7141], [100.4634, 13.7141], [100.4634, 13.7142], [100.4633, 13.7145], [100.4632, 13.715], [100.4632, 13.7152], [100.4631, 13.7155], [100.4631, 13.7158], [100.463, 13.7159], [100.463, 13.7162], [100.463, 13.7162], [100.463, 13.7163], [100.4629, 13.7166], [100.4629, 13.7168], [100.4628, 13.717], [100.4628, 13.7172], [100.4628, 13.7174], [100.4628, 13.7175], [100.4628, 13.7176], [100.4628, 13.7177], [100.4628, 13.7178], [100.4628, 13.7179], [100.4628, 13.7179], [100.4629, 13.7179], [100.463, 13.7178], [100.463, 13.7178], [100.4632, 13.7177], [100.4638, 13.7176], [100.4644, 13.7174], [100.4649, 13.7173], [100.4651, 13.7172], [100.4654, 13.7171], [100.4657, 13.717], [100.4659, 13.7169], [100.4661, 13.7168], [100.4663, 13.7168], [100.4668, 13.7166], [100.4671, 13.7165], [100.4673, 13.7164], [100.4675, 13.7164], [100.4683, 13.7161], [100.4685, 13.716], [100.4688, 13.7159], [100.4692, 13.7159], [100.4692, 13.716], [100.4692, 13.7163], [100.4691, 13.7164], [100.4691, 13.7165], [100.4691, 13.7166], [100.4691, 13.717], [100.4691, 13.7174], [100.4691, 13.7175], [100.4692, 13.7177], [100.4692, 13.7178], [100.4693, 13.718], [100.4694, 13.7181], [100.4694, 13.7182], [100.4696, 13.7185], [100.4697, 13.7186], [100.4697, 13.7186], [100.4698, 13.7186], [100.4698, 13.7186], [100.4698, 13.7186], [100.4698, 13.7187], [100.4698, 13.7187], [100.4698, 13.7187], [100.4698, 13.7188], [100.4699, 13.7188], [100.4699, 13.7188], [100.4699, 13.7189], [100.4699, 13.7189], [100.47, 13.7189], [100.4701, 13.7191], [100.4701, 13.7191], [100.4701, 13.7191], [100.4701, 13.7191], [100.4701, 13.7191], [100.4701, 13.7191], [100.4702, 13.7191], [100.4702, 13.7191], [100.4702, 13.7192], [100.4702, 13.7192], [100.4703, 13.7193], [100.4703, 13.7193], [100.4703, 13.7193], [100.4704, 13.7193], [100.4704, 13.7194], [100.4705, 13.7195], [100.4705, 13.7196], [100.4705, 13.7196], [100.4705, 13.7196], [100.4706, 13.7196], [100.4706, 13.7196], [100.4706, 13.7196], [100.4706, 13.7196], [100.4705, 13.7196], [100.4706, 13.7197], [100.4706, 13.7199], [100.4707, 13.72], [100.4707, 13.72], [100.4707, 13.72], [100.4708, 13.72], [100.4708, 13.72], [100.4709, 13.7202], [100.471, 13.7204], [100.4712, 13.7206], [100.4713, 13.7207], [100.4714, 13.7209], [100.4715, 13.7211], [100.4716, 13.7212], [100.4716, 13.7213], [100.4716, 13.7215], [100.4716, 13.7216], [100.4716, 13.7217], [100.4716, 13.7217], [100.4716, 13.7218], [100.4716, 13.722], [100.4716, 13.7223], [100.4717, 13.7223], [100.4717, 13.7224], [100.4716, 13.7225], [100.4716, 13.7226], [100.4715, 13.7227], [100.4715, 13.7227], [100.4714, 13.7226], [100.4714, 13.7227], [100.4713, 13.7227], [100.4712, 13.7227], [100.471, 13.7228], [100.4708, 13.7229], [100.4703, 13.7232], [100.4695, 13.7236], [100.4695, 13.7237], [100.4693, 13.7237], [100.4689, 13.7239], [100.4687, 13.7241], [100.4685, 13.7242], [100.4683, 13.7243], [100.4683, 13.7244], [100.4681, 13.7244], [100.4681, 13.7244], [100.468, 13.7245], [100.468, 13.7245], [100.468, 13.7245], [100.4679, 13.7246], [100.4676, 13.7248], [100.4674, 13.725], [100.4673, 13.7251], [100.4673, 13.7252], [100.4668, 13.7258], [100.4667, 13.7259], [100.4666, 13.726], [100.4666, 13.7261], [100.4665, 13.7262], [100.4665, 13.7262], [100.4665, 13.7262], [100.4665, 13.7263], [100.4665, 13.7263], [100.4665, 13.7263], [100.4664, 13.7264], [100.4664, 13.7264], [100.4663, 13.7265], [100.4663, 13.7265], [100.4663, 13.7265], [100.4663, 13.7266], [100.4663, 13.7266], [100.4663, 13.7267], [100.4663, 13.7267], [100.4663, 13.7268], [100.4662, 13.7268], [100.4661, 13.727], [100.4661, 13.727], [100.466, 13.727], [100.466, 13.7271], [100.4659, 13.7271], [100.4659, 13.7271], [100.4659, 13.7272], [100.4659, 13.7272], [100.4658, 13.7274], [100.4656, 13.7276], [100.4655, 13.7277], [100.4653, 13.7281], [100.4651, 13.7285], [100.465, 13.7287], [100.4649, 13.7289], [100.4648, 13.729], [100.4648, 13.729], [100.4648, 13.7291], [100.4648, 13.7291], [100.4647, 13.7292], [100.4647, 13.7293], [100.4646, 13.7294], [100.4645, 13.7296], [100.4643, 13.7299], [100.4642, 13.7301], [100.4641, 13.7302], [100.4639, 13.7306], [100.4639, 13.7307], [100.4638, 13.7308], [100.4638, 13.7308], [100.4638, 13.7308], [100.4638, 13.7309], [100.4637, 13.7309], [100.4637, 13.731], [100.4636, 13.7311], [100.4636, 13.7311], [100.4636, 13.7311], [100.4636, 13.7312], [100.4636, 13.7312], [100.4635, 13.7313], [100.4635, 13.7313], [100.4635, 13.7313], [100.4635, 13.7313], [100.4635, 13.7313], [100.4635, 13.7313], [100.4633, 13.7317], [100.4632, 13.7318], [100.4632, 13.7318], [100.4632, 13.7318], [100.4631, 13.7319], [100.463, 13.7322], [100.463, 13.7322], [100.4629, 13.7322], [100.4629, 13.7323], [100.4629, 13.7323], [100.4628, 13.7324], [100.4628, 13.7325], [100.4628, 13.7325], [100.4628, 13.7326], [100.4628, 13.7326], [100.4628, 13.7326], [100.4628, 13.7327], [100.4627, 13.7328], [100.4628, 13.7328], [100.4628, 13.7328], [100.4628, 13.7328], [100.4629, 13.7328], [100.4629, 13.7328], [100.4629, 13.7329], [100.4629, 13.7329], [100.4629, 13.7329], [100.4629, 13.7329], [100.4629, 13.733], [100.4629, 13.733], [100.4629, 13.733], [100.4628, 13.733], [100.4628, 13.733], [100.4627, 13.733], [100.4627, 13.733], [100.4627, 13.733], [100.4627, 13.7331], [100.4626, 13.7331], [100.4626, 13.7332], [100.4626, 13.7332], [100.4627, 13.7332], [100.4627, 13.7332], [100.4627, 13.7332], [100.4628, 13.7333], [100.4628, 13.7333], [100.4627, 13.7333], [100.4627, 13.7334], [100.4628, 13.7334], [100.4628, 13.7335], [100.4628, 13.7336], [100.4628, 13.7337], [100.4627, 13.7338], [100.4627, 13.7338], [100.4627, 13.7339], [100.4627, 13.734], [100.4626, 13.7341], [100.4626, 13.7341], [100.4626, 13.7342], [100.4626, 13.7342], [100.4626, 13.7343], [100.4625, 13.7344], [100.4625, 13.7344], [100.4625, 13.7345], [100.4625, 13.7345], [100.4624, 13.7346], [100.4624, 13.7346], [100.4623, 13.7347], [100.4623, 13.7347], [100.4622, 13.7348], [100.4622, 13.7349], [100.4622, 13.7349], [100.4622, 13.735], [100.4622, 13.735], [100.4622, 13.735], [100.4622, 13.735], [100.4622, 13.735], [100.4622, 13.735], [100.4622, 13.7351], [100.4622, 13.7351], [100.4622, 13.7351], [100.4622, 13.7353], [100.4622, 13.7356], [100.4622, 13.7357], [100.4622, 13.7357], [100.4622, 13.7357], [100.4622, 13.7358], [100.4622, 13.7358], [100.4622, 13.7359], [100.4622, 13.7359], [100.4622, 13.736], [100.4622, 13.736], [100.4622, 13.7361], [100.4622, 13.7361], [100.4622, 13.7361], [100.4622, 13.7362], [100.4622, 13.7362], [100.4622, 13.7363], [100.4622, 13.7363], [100.4622, 13.7363], [100.4622, 13.7364], [100.4621, 13.7364], [100.4621, 13.7364], [100.4621, 13.7366], [100.4621, 13.7366], [100.4621, 13.7367], [100.4621, 13.7368], [100.4621, 13.7368], [100.462, 13.7369], [100.462, 13.7369], [100.462, 13.737], [100.462, 13.737], [100.462, 13.737], [100.462, 13.7371], [100.4619, 13.7371], [100.4619, 13.7372], [100.4619, 13.7372], [100.4619, 13.7373], [100.4619, 13.7374], [100.4619, 13.7376], [100.4619, 13.7377], [100.4618, 13.7378], [100.4618, 13.738], [100.4618, 13.7381], [100.4618, 13.7381], [100.4618, 13.7382], [100.4617, 13.7382], [100.4617, 13.7382], [100.4617, 13.7383], [100.4617, 13.7383], [100.4617, 13.7383], [100.4617, 13.7384], [100.4617, 13.7386], [100.4617, 13.7388], [100.4616, 13.7391], [100.4616, 13.7392], [100.4616, 13.7393], [100.4616, 13.7393], [100.4616, 13.7394], [100.4616, 13.7394], [100.4616, 13.7394], [100.4616, 13.7395], [100.4616, 13.7395], [100.4616, 13.7395], [100.4616, 13.7395], [100.4616, 13.7395], [100.4616, 13.7396], [100.4616, 13.7396], [100.4616, 13.7396], [100.4616, 13.7396], [100.4616, 13.7396], [100.4616, 13.7397], [100.4616, 13.7398], [100.4616, 13.7399], [100.4616, 13.74], [100.4616, 13.74], [100.4616, 13.74], [100.4617, 13.7402], [100.4617, 13.7402], [100.4617, 13.7402], [100.4617, 13.7404], [100.4617, 13.7409], [100.4616, 13.7413], [100.4616, 13.7414], [100.4616, 13.7417], [100.4616, 13.7422], [100.4617, 13.7427], [100.4617, 13.7432], [100.4618, 13.7436], [100.462, 13.7441], [100.462, 13.7442], [100.462, 13.7443], [100.462, 13.7443], [100.4621, 13.7444], [100.4622, 13.7443], [100.4622, 13.7445], [100.4621, 13.7445], [100.4617, 13.7444], [100.4613, 13.7443], [100.4607, 13.7442], [100.4605, 13.7441], [100.4602, 13.744], [100.46, 13.7439], [100.46, 13.7439], [100.46, 13.7439], [100.4599, 13.7439], [100.4599, 13.7439], [100.4599, 13.7439], [100.4598, 13.7439], [100.4598, 13.7439], [100.4598, 13.7438], [100.4598, 13.7438], [100.4598, 13.7438], [100.4598, 13.7438], [100.4597, 13.7437], [100.4596, 13.7437], [100.4594, 13.7437], [100.4592, 13.7437], [100.4588, 13.7437], [100.4587, 13.7437], [100.4586, 13.7437], [100.4586, 13.7437], [100.4586, 13.7437], [100.4585, 13.7437], [100.4583, 13.7439], [100.4582, 13.7439], [100.4581, 13.7439], [100.458, 13.744], [100.458, 13.744], [100.4577, 13.744], [100.4577, 13.744], [100.4576, 13.7441], [100.4575, 13.7441], [100.4574, 13.7441], [100.4572, 13.744], [100.4571, 13.744], [100.4571, 13.744], [100.457, 13.744], [100.457, 13.7439], [100.4568, 13.7438], [100.4568, 13.7437], [100.4567, 13.7436], [100.4567, 13.7435], [100.4566, 13.7435], [100.4568, 13.7432], [100.4569, 13.7431], [100.4569, 13.743], [100.4569, 13.743], [100.4569, 13.7429], [100.4568, 13.7428], [100.4568, 13.7427], [100.4567, 13.7426], [100.4566, 13.7425], [100.4565, 13.7424], [100.4564, 13.7422], [100.4563, 13.7422], [100.4562, 13.7421], [100.4562, 13.7421], [100.4561, 13.7421], [100.4561, 13.7421], [100.456, 13.7421], [100.4558, 13.7421], [100.4556, 13.742], [100.4554, 13.742], [100.4554, 13.742], [100.4553, 13.742], [100.4553, 13.7421], [100.4552, 13.7423], [100.4551, 13.7424], [100.455, 13.7425], [100.455, 13.7425], [100.4549, 13.7426], [100.4549, 13.7426], [100.4548, 13.7426], [100.4547, 13.7426], [100.4546, 13.7426], [100.4545, 13.7426], [100.4544, 13.7426], [100.4544, 13.7426], [100.4543, 13.7425], [100.4543, 13.7425], [100.4541, 13.7421], [100.454, 13.7421], [100.454, 13.7421], [100.4538, 13.742], [100.4535, 13.742], [100.4535, 13.742], [100.4534, 13.7421], [100.4533, 13.742], [100.4533, 13.742], [100.4532, 13.742], [100.4532, 13.742], [100.4531, 13.742], [100.4531, 13.7419], [100.4531, 13.7419], [100.4531, 13.7418], [100.4531, 13.7418], [100.4531, 13.7417], [100.4531, 13.7417], [100.4531, 13.7417], [100.4526, 13.7414], [100.4524, 13.7412], [100.4523, 13.7411], [100.4522, 13.7411], [100.4521, 13.7411], [100.452, 13.7411], [100.4516, 13.7411], [100.4512, 13.7412], [100.451, 13.7412], [100.4509, 13.7412], [100.4509, 13.7412], [100.4507, 13.7412], [100.4507, 13.7412], [100.4507, 13.7412], [100.4506, 13.7412], [100.4506, 13.7412], [100.4502, 13.7409], [100.4502, 13.7408], [100.4501, 13.7407], [100.45, 13.7405], [100.45, 13.7405], [100.4499, 13.7405], [100.4499, 13.7405], [100.4499, 13.7405], [100.4499, 13.7405], [100.4498, 13.7405], [100.4498, 13.7405], [100.4498, 13.7405], [100.4497, 13.7406], [100.4496, 13.7406], [100.4495, 13.7407], [100.4493, 13.7408], [100.4492, 13.7409], [100.4491, 13.7409], [100.449, 13.7409], [100.4489, 13.7409], [100.4484, 13.7406], [100.4484, 13.7405], [100.4484, 13.7405], [100.4484, 13.7405], [100.4483, 13.7405], [100.4481, 13.7404], [100.4479, 13.7404], [100.4478, 13.7404], [100.4477, 13.7404], [100.4476, 13.7404], [100.4475, 13.7404], [100.4475, 13.7404], [100.4474, 13.7404], [100.4472, 13.7405], [100.447, 13.7405], [100.4469, 13.7406], [100.4466, 13.7407], [100.4463, 13.7407], [100.4462, 13.7408], [100.4461, 13.7408], [100.4457, 13.7407], [100.4455, 13.7407], [100.4455, 13.7407], [100.4454, 13.7407], [100.4453, 13.7407], [100.4452, 13.7407], [100.4452, 13.7406], [100.4451, 13.7407], [100.445, 13.7407], [100.4448, 13.7406], [100.4447, 13.7406], [100.4446, 13.7407], [100.4442, 13.7406], [100.4439, 13.7406], [100.4439, 13.7405], [100.4439, 13.7405], [100.4437, 13.7404], [100.4434, 13.7403], [100.4432, 13.7402], [100.4431, 13.7402], [100.4431, 13.7402], [100.443, 13.7402], [100.4427, 13.7403], [100.4425, 13.7403], [100.4423, 13.7404], [100.4422, 13.7404], [100.4419, 13.7404], [100.4417, 13.7404], [100.4414, 13.7404], [100.4412, 13.7404], [100.4411, 13.7404], [100.4409, 13.7405], [100.4408, 13.7405], [100.4407, 13.7405], [100.4406, 13.7405], [100.4406, 13.7405], [100.4405, 13.7405], [100.4402, 13.7403], [100.44, 13.7403], [100.4399, 13.7402], [100.4398, 13.7402], [100.4396, 13.7401], [100.4395, 13.7401], [100.4393, 13.7401], [100.4392, 13.74], [100.4389, 13.74], [100.4386, 13.7401], [100.4383, 13.7401], [100.4379, 13.7401], [100.4377, 13.74], [100.4375, 13.74], [100.4372, 13.74], [100.4369, 13.74], [100.4366, 13.74], [100.4362, 13.7401], [100.4359, 13.7401], [100.4355, 13.7401], [100.4353, 13.7401], [100.4351, 13.7401], [100.4349, 13.7401], [100.4347, 13.7402], [100.4346, 13.7402], [100.4343, 13.7402], [100.4341, 13.7403], [100.4337, 13.7403], [100.4335, 13.7403], [100.4334, 13.7403], [100.4331, 13.7403], [100.4328, 13.7403], [100.4325, 13.7403], [100.4325, 13.7404], [100.4324, 13.7404], [100.4323, 13.7405], [100.4323, 13.7405], [100.4322, 13.7405], [100.4321, 13.7406], [100.4319, 13.741], [100.4318, 13.7411], [100.4317, 13.7413], [100.4316, 13.7414], [100.4316, 13.7415], [100.4316, 13.7415], [100.4316, 13.7415], [100.4316, 13.7415], [100.4316, 13.7416], [100.4316, 13.7416], [100.4315, 13.7417], [100.4315, 13.7417], [100.4315, 13.7417], [100.4315, 13.7417], [100.4315, 13.7418], [100.4314, 13.7418], [100.4314, 13.7418], [100.4313, 13.7419], [100.4313, 13.742], [100.4313, 13.742], [100.4313, 13.742], [100.4313, 13.742], [100.4313, 13.7421], [100.4313, 13.7421], [100.4313, 13.7421], [100.4312, 13.7421], [100.4312, 13.7421], [100.4312, 13.7422], [100.4311, 13.7422], [100.4311, 13.7422], [100.4311, 13.7422], [100.4311, 13.7422], [100.4311, 13.7422], [100.431, 13.7423], [100.4309, 13.7423], [100.4309, 13.7423], [100.4306, 13.7424], [100.4306, 13.7424], [100.4305, 13.7424], [100.4304, 13.7424], [100.4304, 13.7424], [100.4304, 13.7424], [100.4303, 13.7424], [100.4303, 13.7424], [100.4303, 13.7424], [100.4303, 13.7424], [100.4302, 13.7424], [100.4299, 13.7423], [100.4297, 13.7423], [100.4292, 13.7423], [100.4292, 13.7423], [100.4289, 13.7423], [100.4286, 13.7424], [100.4281, 13.7423], [100.4276, 13.7424], [100.4273, 13.7424], [100.4272, 13.7425], [100.4271, 13.7425], [100.4271, 13.7425], [100.4271, 13.7425], [100.4271, 13.7425], [100.4271, 13.7425], [100.4271, 13.7425], [100.427, 13.7425], [100.427, 13.7425], [100.427, 13.7425], [100.427, 13.7425], [100.427, 13.7426], [100.4269, 13.7426], [100.4269, 13.7425], [100.4269, 13.7425], [100.4268, 13.7425], [100.4267, 13.7426], [100.4265, 13.7427], [100.4262, 13.7427], [100.4259, 13.7428], [100.4257, 13.7428], [100.4256, 13.7429], [100.4255, 13.7429], [100.4253, 13.7431], [100.4252, 13.7432], [100.4252, 13.7433], [100.4251, 13.7434], [100.4251, 13.7434], [100.425, 13.7434], [100.4249, 13.7435], [100.4248, 13.7435], [100.4247, 13.7435], [100.4245, 13.7435], [100.4244, 13.7436], [100.424, 13.7436], [100.4238, 13.7436], [100.4234, 13.7437], [100.4228, 13.7439], [100.4227, 13.7439], [100.4225, 13.744], [100.4221, 13.7441], [100.4219, 13.7441], [100.4218, 13.7441], [100.4217, 13.7441], [100.4217, 13.7442], [100.4215, 13.7442], [100.4213, 13.7443], [100.4212, 13.7443], [100.4211, 13.7444], [100.421, 13.7445], [100.4207, 13.7447], [100.4206, 13.7448], [100.4204, 13.7449], [100.4203, 13.745], [100.4203, 13.7451], [100.4203, 13.7451], [100.4203, 13.7451], [100.4202, 13.7452], [100.4202, 13.7452], [100.4202, 13.7452], [100.4202, 13.7452], [100.4202, 13.7452], [100.4201, 13.7453], [100.42, 13.7454], [100.4198, 13.7455], [100.4197, 13.7456], [100.4194, 13.7458], [100.4193, 13.7458], [100.4191, 13.7459], [100.4188, 13.746], [100.4185, 13.7462], [100.4184, 13.7463], [100.4184, 13.7463], [100.4183, 13.7463], [100.4183, 13.7463], [100.4183, 13.7463], [100.4182, 13.7464], [100.418, 13.7466], [100.4177, 13.7467], [100.4174, 13.7469], [100.4174, 13.7469], [100.4172, 13.747], [100.4169, 13.7471], [100.4168, 13.7472], [100.4168, 13.7472], [100.4168, 13.7472], [100.4166, 13.7473], [100.4165, 13.7473], [100.4164, 13.7474], [100.4163, 13.7474], [100.4161, 13.7474], [100.4157, 13.7475], [100.4155, 13.7475], [100.4152, 13.7476], [100.4151, 13.7476], [100.415, 13.7476], [100.415, 13.7476], [100.4149, 13.7476], [100.4149, 13.7476], [100.4149, 13.7476], [100.4148, 13.7476], [100.4148, 13.7476], [100.4147, 13.7476], [100.4147, 13.7476], [100.4141, 13.7478], [100.4139, 13.7478], [100.4139, 13.7478], [100.4138, 13.7478], [100.4134, 13.7479], [100.4134, 13.7479], [100.4134, 13.7478], [100.4134, 13.7478], [100.4133, 13.7478], [100.4133, 13.7477], [100.4133, 13.7476], [100.4134, 13.7475], [100.4134, 13.7474], [100.4134, 13.7473], [100.4134, 13.7472], [100.4134, 13.7472], [100.4134, 13.7471], [100.4134, 13.747], [100.4134, 13.7469], [100.4135, 13.7467], [100.4135, 13.7464], [100.4135, 13.7463], [100.4135, 13.746], [100.4135, 13.7454], [100.4136, 13.7451], [100.4136, 13.7444], [100.4136, 13.7441], [100.4137, 13.7438], [100.4137, 13.7436], [100.4137, 13.7435], [100.4138, 13.7432], [100.4138, 13.7429], [100.4138, 13.7425], [100.4139, 13.7423], [100.4139, 13.7417], [100.414, 13.7414], [100.414, 13.7413], [100.414, 13.7411], [100.4141, 13.7409], [100.4141, 13.7407], [100.4142, 13.7405], [100.4142, 13.7402], [100.4142, 13.7399], [100.4143, 13.7396], [100.4143, 13.7393], [100.4144, 13.7391], [100.4144, 13.7388], [100.4144, 13.7388], [100.4145, 13.7388], [100.4146, 13.7388], [100.4147, 13.7387], [100.415, 13.7386], [100.415, 13.7386], [100.4153, 13.7385], [100.4155, 13.7384], [100.4156, 13.7384], [100.4158, 13.7383], [100.4159, 13.7383], [100.416, 13.7383], [100.416, 13.7383], [100.4159, 13.7382], [100.4159, 13.7381], [100.4159, 13.738], [100.4159, 13.7379], [100.4158, 13.7377], [100.4158, 13.7375], [100.4158, 13.7374], [100.4158, 13.7374], [100.4157, 13.7371], [100.4157, 13.7369], [100.4157, 13.7367], [100.4156, 13.7365], [100.4156, 13.7364], [100.4156, 13.7363], [100.4156, 13.7362], [100.4155, 13.736], [100.4155, 13.7358], [100.4157, 13.7358], [100.4163, 13.7357], [100.4168, 13.7356], [100.4171, 13.7355], [100.4172, 13.7354], [100.4174, 13.7353], [100.4174, 13.7351], [100.4175, 13.735], [100.4175, 13.7347], [100.4176, 13.7344], [100.4177, 13.7339], [100.4177, 13.7339], [100.4177, 13.7339], [100.4178, 13.7338], [100.4178, 13.7335], [100.4178, 13.7335], [100.4179, 13.7333], [100.4179, 13.7332], [100.418, 13.7329], [100.4181, 13.7323], [100.4181, 13.7323], [100.4182, 13.7322], [100.4182, 13.7321], [100.4182, 13.732], [100.4182, 13.732], [100.4182, 13.732], [100.4183, 13.7314], [100.4183, 13.7313], [100.4184, 13.7313], [100.4186, 13.7313], [100.419, 13.7313], [100.4195, 13.7313], [100.4197, 13.7314], [100.4198, 13.7314], [100.4201, 13.7314], [100.4202, 13.7314], [100.4202, 13.7314], [100.4203, 13.7314], [100.4206, 13.7315], [100.4209, 13.7315], [100.4212, 13.7315], [100.4215, 13.7316], [100.4219, 13.7316], [100.4222, 13.7317], [100.4226, 13.7317], [100.4234, 13.7319], [100.4239, 13.732], [100.424, 13.732], [100.4241, 13.732], [100.4245, 13.7321], [100.4247, 13.7321], [100.4248, 13.7322], [100.4248, 13.7321], [100.4248, 13.732], [100.4249, 13.7314], [100.4249, 13.7305], [100.425, 13.7291], [100.425, 13.7291], [100.425, 13.7284], [100.4251, 13.7273], [100.4251, 13.7271], [100.4251, 13.727], [100.4251, 13.7268], [100.4251, 13.7266], [100.4251, 13.7266], [100.4251, 13.7264], [100.4251, 13.7264], [100.4251, 13.7263], [100.4252, 13.7256], [100.4253, 13.7244], [100.4253, 13.7234], [100.4253, 13.7232], [100.4253, 13.7231], [100.4253, 13.723], [100.4254, 13.7221], [100.4254, 13.7212], [100.4255, 13.7204], [100.4256, 13.7185], [100.4256, 13.7181], [100.4257, 13.7171], [100.4257, 13.716], [100.4258, 13.7152], [100.4258, 13.7152], [100.4258, 13.7141], [100.4259, 13.7124], [100.4259, 13.7124], [100.4259, 13.7124], [100.4259, 13.7122], [100.4259, 13.7122], [100.4259, 13.7121], [100.4259, 13.7121], [100.4259, 13.712], [100.426, 13.7112], [100.426, 13.7109], [100.426, 13.7108], [100.4261, 13.7107], [100.4261, 13.7104], [100.4261, 13.7099], [100.4261, 13.709], [100.4261, 13.7083], [100.4262, 13.7074], [100.4262, 13.7073], [100.4262, 13.7072], [100.4262, 13.7071], [100.4262, 13.7069], [100.4263, 13.7067], [100.4263, 13.7062], [100.4263, 13.7057], [100.4263, 13.7056], [100.4263, 13.7056], [100.4263, 13.7055], [100.4263, 13.7053], [100.4264, 13.7047], [100.4264, 13.7047], [100.4264, 13.7046], [100.4264, 13.7043], [100.4264, 13.7041], [100.4264, 13.704], [100.4264, 13.7039], [100.4264, 13.7039], [100.4264, 13.7038], [100.4264, 13.7037], [100.4264, 13.7036], [100.4264, 13.7035], [100.4264, 13.7034], [100.4264, 13.7033], [100.4264, 13.7031], [100.4265, 13.7028], [100.4265, 13.7026], [100.4265, 13.7025], [100.4265, 13.7024], [100.4265, 13.7024], [100.4265, 13.7022], [100.4265, 13.7022], [100.4265, 13.7021], [100.4265, 13.7021], [100.4265, 13.702], [100.4265, 13.7015], [100.4266, 13.7009], [100.4266, 13.7007], [100.4266, 13.7004], [100.4266, 13.6999], [100.4266, 13.6999], [100.4266, 13.6999], [100.4267, 13.6996], [100.4267, 13.6993], [100.4267, 13.6991], [100.4266, 13.699], [100.4266, 13.6989], [100.4266, 13.6988], [100.4266, 13.6986], [100.4266, 13.6985], [100.4266, 13.6984], [100.4265, 13.6981], [100.4265, 13.6978], [100.4265, 13.6976], [100.4266, 13.6974], [100.4266, 13.6972], [100.4266, 13.6968], [100.4266, 13.6962], [100.4266, 13.696], [100.4266, 13.6955], [100.4266, 13.6955], [100.4266, 13.6955], [100.4266, 13.6954], [100.4267, 13.6949], [100.4267, 13.6945], [100.4267, 13.6944], [100.4267, 13.6943], [100.4268, 13.694], [100.4268, 13.694], [100.4268, 13.694], [100.4268, 13.6939], [100.4268, 13.6939], [100.4268, 13.6937], [100.4268, 13.6933], [100.4269, 13.693], [100.4269, 13.6926], [100.4269, 13.6925], [100.4269, 13.6925], [100.427, 13.6923], [100.427, 13.6922], [100.427, 13.692], [100.4271, 13.6918], [100.4271, 13.6914], [100.4272, 13.6912], [100.4272, 13.6909], [100.4272, 13.6909], [100.4272, 13.6908], [100.4272, 13.6907], [100.4273, 13.6906], [100.4273, 13.6906], [100.4273, 13.6905], [100.4274, 13.6904], [100.4274, 13.6903], [100.4275, 13.6901], [100.4275, 13.69], [100.4275, 13.6897], [100.4276, 13.6895], [100.4276, 13.6892], [100.4277, 13.6889], [100.4277, 13.6886], [100.4277, 13.6884], [100.4277, 13.6883], [100.4278, 13.6882], [100.4278, 13.6879], [100.4278, 13.6877], [100.4278, 13.6877], [100.4278, 13.6877], [100.4278, 13.6877], [100.4278, 13.6877], [100.428, 13.6878], [100.4284, 13.6879], [100.4288, 13.6882], [100.4293, 13.6884], [100.4297, 13.6887], [100.4302, 13.689], [100.4307, 13.6894], [100.4308, 13.6895], [100.4309, 13.6895], [100.431, 13.6895], [100.4311, 13.6895], [100.4311, 13.6896], [100.4315, 13.6898], [100.4316, 13.6899], [100.4318, 13.69], [100.4319, 13.6901], [100.432, 13.6901], [100.4321, 13.6902], [100.4321, 13.6902], [100.4322, 13.6903], [100.4323, 13.6903], [100.4325, 13.6904], [100.4326, 13.6905], [100.4327, 13.6906], [100.4328, 13.6906], [100.4328, 13.6907], [100.4329, 13.6907], [100.433, 13.6908], [100.4331, 13.6908], [100.4331, 13.6908], [100.4331, 13.6909], [100.4332, 13.6909], [100.4332, 13.691], [100.4333, 13.691], [100.4335, 13.6911], [100.4335, 13.6911], [100.4336, 13.6912], [100.4337, 13.6912], [100.4338, 13.6913], [100.434, 13.6914], [100.4341, 13.6914], [100.4342, 13.6914], [100.4342, 13.6915], [100.4345, 13.6916], [100.4348, 13.6919], [100.4352, 13.6922], [100.4362, 13.6928], [100.4368, 13.6933], [100.4371, 13.6935], [100.4373, 13.6936], [100.4374, 13.6936], [100.4375, 13.6936], [100.4376, 13.6936], [100.4376, 13.6937], [100.4377, 13.6937], [100.4377, 13.6937], [100.4377, 13.6937], [100.4376, 13.6939], [100.4374, 13.6942], [100.4371, 13.6946], [100.4369, 13.695], [100.4366, 13.6954], [100.4364, 13.6958], [100.4362, 13.6961], [100.436, 13.6965], [100.4359, 13.6967], [100.4358, 13.6969], [100.4357, 13.6972], [100.4353, 13.6978], [100.435, 13.6983], [100.4349, 13.6986], [100.4348, 13.6987], [100.4348, 13.6988], [100.4347, 13.6988], [100.4347, 13.699], [100.4347, 13.699], [100.4346, 13.699], [100.4346, 13.6991], [100.4345, 13.6991], [100.4345, 13.6992], [100.4345, 13.6992], [100.4345, 13.6992], [100.4343, 13.6994], [100.4341, 13.6998], [100.4342, 13.6999], [100.4343, 13.7003], [100.4344, 13.7009], [100.4346, 13.7011], [100.4347, 13.7015], [100.4348, 13.7017], [100.4348, 13.7018], [100.4352, 13.7024], [100.4356, 13.7033], [100.4357, 13.7034], [100.4363, 13.7044], [100.4365, 13.7047], [100.4366, 13.7049], [100.4366, 13.7049], [100.4364, 13.705], [100.4364, 13.705], [100.4364, 13.705], [100.4365, 13.7053], [100.4367, 13.7058], [100.4379, 13.7086], [100.4379, 13.7086], [100.4379, 13.7087], [100.438, 13.7088], [100.4381, 13.709], [100.4381, 13.7091], [100.4382, 13.7091], [100.4384, 13.7096], [100.4387, 13.7095], [100.4388, 13.7095], [100.4392, 13.7094], [100.4393, 13.7094], [100.4395, 13.7093], [100.4396, 13.7093], [100.4398, 13.7092], [100.4398, 13.7092], [100.4399, 13.7092], [100.44, 13.7092], [100.4402, 13.7091], [100.4403, 13.7091], [100.4413, 13.7087]]]}, "properties": {"DISTRICT_N": "ภาษีเจริญ", "CODE": 1022, "AREA_BMA": 17.83399963}}, {"type": "Feature", "geometry": {"type": "Polygon", "coordinates": [[[100.6531, 13.8864], [100.6531, 13.8864], [100.6532, 13.8862], [100.6533, 13.8861], [100.6536, 13.8859], [100.6537, 13.8858], [100.6539, 13.8857], [100.6539, 13.8856], [100.654, 13.8856], [100.6542, 13.8855], [100.6543, 13.8855], [100.6546, 13.8856], [100.6552, 13.8856], [100.6553, 13.8856], [100.6553, 13.8856], [100.6553, 13.8855], [100.6553, 13.8855], [100.6554, 13.8855], [100.6554, 13.8854], [100.6554, 13.8853], [100.6554, 13.8851], [100.6554, 13.8849], [100.6554, 13.8847], [100.6555, 13.8845], [100.6555, 13.8842], [100.6556, 13.8836], [100.6557, 13.8834], [100.6557, 13.8832], [100.6557, 13.8832], [100.6557, 13.8831], [100.6557, 13.8829], [100.6557, 13.8828], [100.6558, 13.8823], [100.656, 13.8818], [100.656, 13.8817], [100.656, 13.8817], [100.6561, 13.8816], [100.6563, 13.8813], [100.6567, 13.8809], [100.6568, 13.8808], [100.6572, 13.8806], [100.6574, 13.8804], [100.6575, 13.8803], [100.6577, 13.8802], [100.6583, 13.88], [100.659, 13.8797], [100.6596, 13.8795], [100.6598, 13.8794], [100.6606, 13.8791], [100.6617, 13.8788], [100.6619, 13.8787], [100.6619, 13.8787], [100.6621, 13.8788], [100.6625, 13.8788], [100.663, 13.879], [100.6634, 13.879], [100.6635, 13.8791], [100.6639, 13.8793], [100.6641, 13.8795], [100.6643, 13.8796], [100.6643, 13.8796], [100.6646, 13.8799], [100.6647, 13.8803], [100.6647, 13.8803], [100.6647, 13.8804], [100.6647, 13.8808], [100.6647, 13.881], [100.6647, 13.881], [100.6647, 13.8811], [100.6648, 13.8811], [100.6648, 13.8811], [100.6648, 13.8811], [100.6655, 13.881], [100.6656, 13.8809], [100.6657, 13.8809], [100.6658, 13.8809], [100.6661, 13.8807], [100.6663, 13.8806], [100.6665, 13.8804], [100.6668, 13.8803], [100.667, 13.8803], [100.6673, 13.8803], [100.6675, 13.8804], [100.6678, 13.8804], [100.6682, 13.8804], [100.6683, 13.8804], [100.6685, 13.8804], [100.6688, 13.8805], [100.6688, 13.8806], [100.6688, 13.8806], [100.6689, 13.8807], [100.6689, 13.8807], [100.669, 13.8809], [100.6691, 13.881], [100.6691, 13.8811], [100.6692, 13.8811], [100.6692, 13.8811], [100.6693, 13.8811], [100.6694, 13.8811], [100.6695, 13.8811], [100.6698, 13.881], [100.6699, 13.881], [100.6705, 13.8807], [100.6711, 13.8804], [100.6716, 13.8801], [100.6723, 13.8798], [100.6724, 13.8797], [100.6725, 13.8797], [100.6725, 13.8797], [100.6725, 13.8797], [100.6726, 13.8797], [100.6726, 13.8797], [100.6726, 13.8798], [100.6727, 13.88], [100.6728, 13.8803], [100.673, 13.8806], [100.673, 13.8807], [100.6731, 13.8808], [100.6732, 13.8809], [100.6733, 13.8811], [100.6734, 13.8811], [100.6734, 13.8811], [100.6735, 13.8811], [100.6736, 13.8811], [100.6736, 13.8811], [100.6737, 13.8811], [100.6738, 13.8811], [100.6739, 13.881], [100.6744, 13.8802], [100.6745, 13.88], [100.6746, 13.8799], [100.6749, 13.8798], [100.6752, 13.8796], [100.6754, 13.8795], [100.6754, 13.8794], [100.6755, 13.8794], [100.6756, 13.8793], [100.6757, 13.8791], [100.6758, 13.8791], [100.6759, 13.8791], [100.6759, 13.8791], [100.676, 13.8791], [100.6761, 13.8791], [100.6762, 13.8792], [100.6765, 13.8793], [100.6766, 13.8793], [100.677, 13.8794], [100.6778, 13.8795], [100.6779, 13.8796], [100.678, 13.8796], [100.6781, 13.8795], [100.6782, 13.8795], [100.6783, 13.8795], [100.6783, 13.8795], [100.6787, 13.8795], [100.6794, 13.8795], [100.6798, 13.8795], [100.6802, 13.8795], [100.681, 13.8797], [100.6811, 13.8797], [100.6812, 13.8797], [100.6812, 13.8797], [100.6813, 13.8796], [100.6813, 13.8796], [100.6813, 13.8796], [100.6814, 13.8796], [100.6814, 13.8795], [100.6814, 13.8794], [100.6814, 13.8792], [100.6814, 13.8791], [100.6815, 13.8788], [100.6817, 13.878], [100.6817, 13.8779], [100.6817, 13.8778], [100.6819, 13.8775], [100.6821, 13.8773], [100.6823, 13.8772], [100.6824, 13.8771], [100.6828, 13.8765], [100.683, 13.8762], [100.6834, 13.8758], [100.6835, 13.8758], [100.6836, 13.8757], [100.6836, 13.8755], [100.6836, 13.8753], [100.6837, 13.8751], [100.6837, 13.8751], [100.6837, 13.875], [100.6837, 13.8749], [100.6838, 13.8748], [100.6838, 13.8747], [100.6839, 13.8746], [100.6839, 13.8746], [100.6839, 13.8746], [100.6839, 13.8746], [100.684, 13.8745], [100.684, 13.8745], [100.6841, 13.8744], [100.6841, 13.8743], [100.6842, 13.8743], [100.6842, 13.8742], [100.6842, 13.8742], [100.6842, 13.8742], [100.6842, 13.8742], [100.6845, 13.8741], [100.6845, 13.8741], [100.6845, 13.8743], [100.6846, 13.8745], [100.6846, 13.8746], [100.6846, 13.8746], [100.6847, 13.8747], [100.6847, 13.8747], [100.6847, 13.8748], [100.6847, 13.8748], [100.6847, 13.8749], [100.6848, 13.8749], [100.6848, 13.8749], [100.6849, 13.875], [100.6849, 13.8751], [100.685, 13.8752], [100.6851, 13.8752], [100.6851, 13.8753], [100.6852, 13.8753], [100.6852, 13.8753], [100.6853, 13.8754], [100.6853, 13.8754], [100.6853, 13.8754], [100.6854, 13.8755], [100.6854, 13.8755], [100.6855, 13.8756], [100.6856, 13.8756], [100.6858, 13.8758], [100.6859, 13.8758], [100.6859, 13.8758], [100.6859, 13.8759], [100.686, 13.8759], [100.686, 13.8759], [100.6861, 13.876], [100.6862, 13.8762], [100.6863, 13.8762], [100.6863, 13.8762], [100.6863, 13.8763], [100.6863, 13.8763], [100.6864, 13.8763], [100.6864, 13.8764], [100.6864, 13.8764], [100.6865, 13.8766], [100.6866, 13.8767], [100.6866, 13.8767], [100.6867, 13.8768], [100.6867, 13.8769], [100.6868, 13.8769], [100.6868, 13.877], [100.6868, 13.8771], [100.6868, 13.8771], [100.6868, 13.8771], [100.6869, 13.8772], [100.6869, 13.8772], [100.6869, 13.8772], [100.6869, 13.8773], [100.687, 13.8773], [100.687, 13.8774], [100.687, 13.8774], [100.6871, 13.8775], [100.6871, 13.8776], [100.6871, 13.8776], [100.6872, 13.8777], [100.6872, 13.8777], [100.6873, 13.8778], [100.6873, 13.8779], [100.6874, 13.8779], [100.6874, 13.878], [100.6875, 13.8781], [100.6876, 13.8781], [100.6876, 13.8782], [100.6876, 13.8782], [100.6877, 13.8782], [100.6877, 13.8783], [100.6878, 13.8783], [100.6878, 13.8784], [100.6879, 13.8784], [100.6879, 13.8784], [100.6879, 13.8785], [100.6881, 13.8786], [100.6882, 13.8787], [100.6883, 13.8788], [100.6883, 13.8788], [100.6885, 13.8789], [100.6886, 13.879], [100.6887, 13.8791], [100.6887, 13.8791], [100.6888, 13.8791], [100.6888, 13.8792], [100.6888, 13.8792], [100.6889, 13.8792], [100.689, 13.8792], [100.6891, 13.8793], [100.6893, 13.8793], [100.6893, 13.8794], [100.6894, 13.8794], [100.6894, 13.8794], [100.6895, 13.8794], [100.6896, 13.8794], [100.6897, 13.8795], [100.6897, 13.8795], [100.6897, 13.8795], [100.6898, 13.8796], [100.6898, 13.8796], [100.6898, 13.8797], [100.6899, 13.8797], [100.6899, 13.8798], [100.6899, 13.8798], [100.6899, 13.8799], [100.6899, 13.8799], [100.6899, 13.88], [100.6899, 13.8801], [100.6899, 13.8804], [100.6899, 13.8804], [100.6899, 13.8805], [100.6897, 13.8807], [100.6897, 13.8808], [100.6897, 13.8808], [100.6897, 13.8809], [100.6896, 13.881], [100.6896, 13.881], [100.6896, 13.881], [100.6896, 13.8811], [100.6895, 13.8812], [100.6894, 13.8815], [100.6894, 13.8815], [100.6894, 13.8816], [100.6894, 13.8816], [100.6894, 13.8816], [100.6894, 13.8817], [100.6894, 13.8817], [100.6894, 13.8818], [100.6894, 13.8819], [100.6894, 13.882], [100.6894, 13.882], [100.6894, 13.8821], [100.6894, 13.8821], [100.6894, 13.8822], [100.6894, 13.8823], [100.6895, 13.8824], [100.6895, 13.8824], [100.6895, 13.8825], [100.6895, 13.8825], [100.6895, 13.8826], [100.6895, 13.8828], [100.6895, 13.8829], [100.6896, 13.8832], [100.6896, 13.8833], [100.6896, 13.8834], [100.6897, 13.8834], [100.6897, 13.8835], [100.6897, 13.8835], [100.6897, 13.8836], [100.6897, 13.8837], [100.6898, 13.8838], [100.6898, 13.8839], [100.6899, 13.884], [100.6899, 13.8842], [100.6899, 13.8843], [100.69, 13.8843], [100.69, 13.8844], [100.69, 13.8845], [100.6901, 13.8847], [100.6901, 13.8848], [100.6902, 13.885], [100.6902, 13.885], [100.6902, 13.8851], [100.6903, 13.8851], [100.6903, 13.8852], [100.6904, 13.8853], [100.6904, 13.8854], [100.6905, 13.8854], [100.6905, 13.8854], [100.6906, 13.8855], [100.6907, 13.8856], [100.6907, 13.8856], [100.6908, 13.8857], [100.6909, 13.8857], [100.691, 13.8858], [100.691, 13.8858], [100.691, 13.8859], [100.691, 13.8859], [100.6911, 13.8859], [100.6912, 13.886], [100.6912, 13.886], [100.6913, 13.886], [100.6913, 13.8861], [100.6915, 13.8862], [100.6919, 13.8865], [100.6919, 13.8865], [100.692, 13.8865], [100.692, 13.8866], [100.692, 13.8866], [100.692, 13.8867], [100.692, 13.8867], [100.692, 13.8868], [100.692, 13.8868], [100.692, 13.8868], [100.6919, 13.8868], [100.6919, 13.8869], [100.6918, 13.8869], [100.6917, 13.887], [100.6916, 13.887], [100.6916, 13.887], [100.6915, 13.8871], [100.6915, 13.8871], [100.6915, 13.8871], [100.6914, 13.8872], [100.6914, 13.8872], [100.6914, 13.8872], [100.6914, 13.8872], [100.6914, 13.8872], [100.6914, 13.8873], [100.6914, 13.8873], [100.6914, 13.8873], [100.6913, 13.8874], [100.6913, 13.8874], [100.6913, 13.8874], [100.6913, 13.8875], [100.6913, 13.8876], [100.6913, 13.8877], [100.6913, 13.8882], [100.6913, 13.8883], [100.6913, 13.8884], [100.6913, 13.8885], [100.6913, 13.8885], [100.6913, 13.8885], [100.6913, 13.8886], [100.6913, 13.8887], [100.6913, 13.8887], [100.6913, 13.8888], [100.6913, 13.8888], [100.6913, 13.8888], [100.6913, 13.8889], [100.6913, 13.8889], [100.6913, 13.8889], [100.6913, 13.889], [100.6913, 13.889], [100.6913, 13.889], [100.6913, 13.8891], [100.6913, 13.8894], [100.6914, 13.8897], [100.6914, 13.8899], [100.6914, 13.8904], [100.6914, 13.8907], [100.6914, 13.8908], [100.6914, 13.8908], [100.6915, 13.8916], [100.6918, 13.8928], [100.6918, 13.8933], [100.6919, 13.8935], [100.6919, 13.8939], [100.6919, 13.8942], [100.6919, 13.8945], [100.6919, 13.8949], [100.6921, 13.8955], [100.6921, 13.8958], [100.6922, 13.896], [100.6922, 13.8963], [100.6922, 13.8967], [100.6923, 13.8969], [100.6923, 13.8971], [100.6923, 13.8971], [100.6923, 13.8976], [100.6923, 13.8977], [100.6923, 13.8978], [100.6923, 13.8978], [100.6923, 13.8979], [100.6922, 13.8981], [100.6922, 13.8982], [100.6922, 13.8982], [100.6921, 13.8983], [100.6921, 13.8984], [100.6921, 13.8985], [100.6921, 13.8985], [100.692, 13.8986], [100.6919, 13.8988], [100.6918, 13.899], [100.6917, 13.8991], [100.6914, 13.8994], [100.6913, 13.8996], [100.6911, 13.8997], [100.6911, 13.8998], [100.6909, 13.9], [100.6908, 13.9001], [100.6908, 13.9001], [100.6906, 13.9003], [100.6905, 13.9004], [100.6905, 13.9006], [100.6905, 13.9008], [100.6904, 13.9009], [100.6905, 13.901], [100.6905, 13.901], [100.6904, 13.9011], [100.6904, 13.9011], [100.6904, 13.9011], [100.6904, 13.9011], [100.6904, 13.9012], [100.6904, 13.9012], [100.6904, 13.9013], [100.6904, 13.9013], [100.6902, 13.9017], [100.6901, 13.9019], [100.6901, 13.9021], [100.69, 13.9022], [100.69, 13.9022], [100.69, 13.9022], [100.69, 13.9022], [100.69, 13.9023], [100.6899, 13.9024], [100.6898, 13.9027], [100.6897, 13.903], [100.6895, 13.9033], [100.6895, 13.9034], [100.6894, 13.9035], [100.6894, 13.9035], [100.6892, 13.9038], [100.6891, 13.9038], [100.6891, 13.9039], [100.689, 13.904], [100.6887, 13.9044], [100.6884, 13.9048], [100.6882, 13.905], [100.6882, 13.9051], [100.6881, 13.9052], [100.6881, 13.9054], [100.688, 13.9055], [100.6879, 13.9056], [100.6879, 13.9057], [100.6878, 13.9059], [100.6877, 13.9062], [100.6876, 13.9063], [100.6876, 13.9063], [100.6876, 13.9064], [100.6876, 13.9064], [100.6876, 13.9065], [100.6875, 13.9067], [100.6873, 13.9071], [100.6871, 13.9077], [100.687, 13.9079], [100.687, 13.9082], [100.687, 13.9084], [100.6871, 13.9087], [100.6871, 13.9088], [100.6871, 13.909], [100.6871, 13.9091], [100.6871, 13.9092], [100.687, 13.9093], [100.6869, 13.9094], [100.6868, 13.9095], [100.6868, 13.9095], [100.6867, 13.9095], [100.6865, 13.9097], [100.6863, 13.9099], [100.6862, 13.91], [100.6861, 13.9101], [100.6859, 13.9103], [100.6857, 13.9104], [100.6854, 13.9105], [100.6852, 13.9106], [100.6848, 13.9108], [100.6845, 13.911], [100.6843, 13.911], [100.6843, 13.9111], [100.6842, 13.9111], [100.6841, 13.9111], [100.684, 13.9112], [100.6839, 13.9112], [100.6837, 13.9113], [100.6837, 13.9114], [100.6836, 13.9115], [100.6836, 13.9115], [100.6836, 13.9116], [100.6837, 13.9117], [100.6837, 13.9118], [100.6837, 13.9118], [100.6837, 13.9119], [100.6837, 13.912], [100.6837, 13.912], [100.6837, 13.9121], [100.6838, 13.9122], [100.6838, 13.9123], [100.6838, 13.9125], [100.6838, 13.9126], [100.6838, 13.9128], [100.6838, 13.913], [100.6838, 13.9131], [100.6838, 13.9131], [100.6838, 13.9132], [100.6837, 13.9133], [100.6837, 13.9134], [100.6838, 13.9135], [100.6838, 13.9135], [100.684, 13.9137], [100.6841, 13.9139], [100.6842, 13.914], [100.6843, 13.914], [100.6845, 13.9141], [100.6847, 13.9141], [100.6848, 13.9142], [100.685, 13.9143], [100.6853, 13.9145], [100.6856, 13.9147], [100.686, 13.915], [100.6861, 13.9152], [100.6863, 13.9154], [100.6865, 13.9157], [100.6865, 13.9157], [100.6866, 13.9158], [100.6866, 13.9158], [100.6868, 13.916], [100.6868, 13.9161], [100.6869, 13.9161], [100.687, 13.9164], [100.6872, 13.9167], [100.6873, 13.9168], [100.6873, 13.9168], [100.6873, 13.9169], [100.6874, 13.917], [100.6875, 13.917], [100.6875, 13.9171], [100.6876, 13.9171], [100.6876, 13.9172], [100.6876, 13.9174], [100.6876, 13.9176], [100.6875, 13.9179], [100.6875, 13.9181], [100.6874, 13.9184], [100.6873, 13.9187], [100.6873, 13.9189], [100.6873, 13.9194], [100.6872, 13.9196], [100.6872, 13.9197], [100.6872, 13.9197], [100.6872, 13.9198], [100.6872, 13.9203], [100.6872, 13.9205], [100.6873, 13.9211], [100.6873, 13.9213], [100.6874, 13.9215], [100.6874, 13.9216], [100.6877, 13.9222], [100.6879, 13.9227], [100.688, 13.9231], [100.6881, 13.9232], [100.6885, 13.9237], [100.6886, 13.924], [100.6887, 13.9247], [100.6887, 13.9249], [100.6889, 13.9252], [100.689, 13.9254], [100.6892, 13.9256], [100.6894, 13.9256], [100.6894, 13.9259], [100.6894, 13.9264], [100.6894, 13.9268], [100.6895, 13.9271], [100.6895, 13.9273], [100.6895, 13.9277], [100.6897, 13.9283], [100.6897, 13.9286], [100.6898, 13.9293], [100.6899, 13.9296], [100.6899, 13.9302], [100.6898, 13.9306], [100.6899, 13.9308], [100.6897, 13.931], [100.6892, 13.931], [100.6886, 13.931], [100.6879, 13.931], [100.6875, 13.931], [100.6867, 13.931], [100.6863, 13.931], [100.6854, 13.9309], [100.6846, 13.9309], [100.6826, 13.9309], [100.6807, 13.9308], [100.679, 13.9307], [100.6774, 13.9307], [100.6762, 13.9306], [100.6751, 13.9306], [100.6738, 13.9306], [100.6726, 13.9305], [100.6713, 13.9305], [100.6704, 13.9305], [100.6697, 13.9305], [100.6689, 13.9304], [100.6677, 13.9303], [100.6669, 13.9303], [100.6659, 13.9303], [100.665, 13.9303], [100.6641, 13.9303], [100.6637, 13.9303], [100.6632, 13.9304], [100.6625, 13.9304], [100.6621, 13.9304], [100.6615, 13.9305], [100.661, 13.9305], [100.6606, 13.9306], [100.6598, 13.9305], [100.6592, 13.9305], [100.6587, 13.9306], [100.6581, 13.9306], [100.6576, 13.9306], [100.6567, 13.9307], [100.6561, 13.9307], [100.6556, 13.9307], [100.6548, 13.9308], [100.6536, 13.9308], [100.6527, 13.9308], [100.6519, 13.9308], [100.6511, 13.9309], [100.6507, 13.9309], [100.6499, 13.931], [100.6495, 13.9309], [100.6493, 13.9309], [100.6489, 13.931], [100.648, 13.931], [100.6475, 13.931], [100.6467, 13.9311], [100.6463, 13.9311], [100.6455, 13.9311], [100.6449, 13.9311], [100.6443, 13.9311], [100.6438, 13.9312], [100.6434, 13.9312], [100.643, 13.9312], [100.6427, 13.9312], [100.6424, 13.9312], [100.6419, 13.9313], [100.6415, 13.9313], [100.6413, 13.9313], [100.641, 13.9314], [100.6407, 13.9315], [100.6404, 13.9316], [100.6403, 13.9316], [100.6401, 13.9318], [100.6399, 13.932], [100.6398, 13.9321], [100.6396, 13.9322], [100.6396, 13.9324], [100.6395, 13.9326], [100.6395, 13.9331], [100.6396, 13.9334], [100.6396, 13.9338], [100.6396, 13.9341], [100.6396, 13.9344], [100.6396, 13.9345], [100.6397, 13.9348], [100.6397, 13.9352], [100.6397, 13.9355], [100.6397, 13.9357], [100.6397, 13.9359], [100.6397, 13.9362], [100.6397, 13.9365], [100.6397, 13.9368], [100.6398, 13.9372], [100.6398, 13.9374], [100.6398, 13.9376], [100.6389, 13.9376], [100.638, 13.9376], [100.6352, 13.9377], [100.6315, 13.9379], [100.6265, 13.9382], [100.6255, 13.9382], [100.6255, 13.9388], [100.6255, 13.9396], [100.6255, 13.9409], [100.6254, 13.9415], [100.6254, 13.9429], [100.6254, 13.9445], [100.6253, 13.9454], [100.6253, 13.9466], [100.6254, 13.9476], [100.6253, 13.948], [100.6252, 13.9483], [100.6251, 13.9484], [100.6251, 13.9487], [100.6241, 13.9494], [100.6237, 13.9496], [100.6235, 13.9497], [100.6234, 13.9498], [100.6227, 13.9501], [100.6225, 13.9502], [100.6229, 13.9481], [100.6229, 13.948], [100.6231, 13.9471], [100.6231, 13.947], [100.6232, 13.9462], [100.6232, 13.9462], [100.6234, 13.9454], [100.6234, 13.9453], [100.6236, 13.9444], [100.6236, 13.9443], [100.6238, 13.9427], [100.6239, 13.9427], [100.624, 13.9418], [100.6242, 13.9408], [100.6242, 13.9408], [100.6243, 13.9403], [100.6243, 13.94], [100.6244, 13.9399], [100.6244, 13.9395], [100.6245, 13.9394], [100.6246, 13.9383], [100.6246, 13.9382], [100.6247, 13.9377], [100.6249, 13.9368], [100.6249, 13.9368], [100.6251, 13.9359], [100.6253, 13.9346], [100.6253, 13.9345], [100.6257, 13.9324], [100.6261, 13.93], [100.6261, 13.93], [100.6263, 13.9292], [100.6263, 13.9289], [100.6263, 13.9289], [100.6264, 13.9282], [100.6266, 13.9276], [100.6266, 13.9275], [100.6267, 13.9271], [100.6267, 13.9268], [100.6267, 13.9265], [100.6266, 13.9263], [100.6266, 13.926], [100.6265, 13.9259], [100.6264, 13.9256], [100.6263, 13.9254], [100.6258, 13.9245], [100.6255, 13.9242], [100.6255, 13.9241], [100.6251, 13.9235], [100.6251, 13.9234], [100.6248, 13.9229], [100.6245, 13.9223], [100.6237, 13.9211], [100.6232, 13.9202], [100.6227, 13.9194], [100.6226, 13.9192], [100.6221, 13.9183], [100.6218, 13.9178], [100.621, 13.9164], [100.6205, 13.9157], [100.6205, 13.9156], [100.6202, 13.915], [100.6193, 13.9136], [100.619, 13.9131], [100.619, 13.913], [100.6185, 13.9122], [100.6184, 13.9121], [100.618, 13.9115], [100.618, 13.9114], [100.6176, 13.9107], [100.617, 13.9098], [100.617, 13.9097], [100.6159, 13.9078], [100.6158, 13.9078], [100.6152, 13.9067], [100.6152, 13.9067], [100.615, 13.9064], [100.6146, 13.9056], [100.6139, 13.9045], [100.6134, 13.9035], [100.6133, 13.9035], [100.6133, 13.9034], [100.6127, 13.9025], [100.6123, 13.9018], [100.6123, 13.9018], [100.6123, 13.9017], [100.6117, 13.9007], [100.6116, 13.9005], [100.6115, 13.9005], [100.6113, 13.9], [100.6112, 13.8998], [100.6111, 13.8998], [100.6108, 13.8992], [100.6108, 13.8991], [100.6107, 13.8991], [100.6104, 13.8986], [100.6103, 13.8984], [100.6102, 13.8984], [100.61, 13.8979], [100.6099, 13.8977], [100.6087, 13.8957], [100.6087, 13.8956], [100.6089, 13.8954], [100.6089, 13.8953], [100.6091, 13.8951], [100.6092, 13.895], [100.6094, 13.8948], [100.6096, 13.8945], [100.61, 13.8941], [100.6102, 13.8939], [100.6103, 13.8937], [100.6105, 13.8934], [100.6107, 13.8931], [100.6109, 13.8928], [100.611, 13.8927], [100.6111, 13.8927], [100.6112, 13.8926], [100.6112, 13.8926], [100.6113, 13.8925], [100.6113, 13.8925], [100.6113, 13.8924], [100.6113, 13.8923], [100.6113, 13.8923], [100.6112, 13.8922], [100.6112, 13.8922], [100.6112, 13.8921], [100.6111, 13.892], [100.6108, 13.8917], [100.6102, 13.8911], [100.6101, 13.8909], [100.6099, 13.8906], [100.6098, 13.8905], [100.6095, 13.8898], [100.6094, 13.8897], [100.6091, 13.8893], [100.609, 13.8891], [100.6089, 13.8889], [100.6089, 13.8888], [100.6088, 13.8887], [100.6088, 13.8886], [100.6088, 13.8885], [100.6088, 13.8885], [100.6088, 13.8884], [100.6088, 13.8883], [100.609, 13.8882], [100.609, 13.8881], [100.6092, 13.8879], [100.6094, 13.8877], [100.6096, 13.8876], [100.6098, 13.8874], [100.6103, 13.8871], [100.6107, 13.8869], [100.6107, 13.8868], [100.6108, 13.8868], [100.6108, 13.8869], [100.6108, 13.8869], [100.6109, 13.8869], [100.6109, 13.8869], [100.6109, 13.8869], [100.6109, 13.8868], [100.6109, 13.8868], [100.6109, 13.8868], [100.6109, 13.8867], [100.6109, 13.8867], [100.611, 13.8867], [100.611, 13.8866], [100.6113, 13.8866], [100.6115, 13.8865], [100.6123, 13.8862], [100.6127, 13.8861], [100.613, 13.886], [100.613, 13.886], [100.6131, 13.8859], [100.6131, 13.8859], [100.6132, 13.8859], [100.6133, 13.8859], [100.6134, 13.8859], [100.6134, 13.8859], [100.6136, 13.8859], [100.6136, 13.886], [100.6137, 13.886], [100.6138, 13.8859], [100.614, 13.8859], [100.6142, 13.8859], [100.6146, 13.8859], [100.6149, 13.8859], [100.615, 13.8858], [100.6153, 13.8858], [100.6156, 13.8857], [100.6157, 13.8857], [100.6158, 13.8857], [100.6158, 13.8857], [100.6159, 13.8856], [100.6162, 13.8856], [100.6163, 13.8855], [100.6163, 13.8855], [100.6164, 13.8855], [100.6167, 13.8853], [100.6168, 13.8852], [100.6169, 13.8852], [100.6171, 13.8851], [100.6171, 13.8851], [100.6172, 13.885], [100.6174, 13.8849], [100.6175, 13.885], [100.6175, 13.885], [100.6175, 13.885], [100.6175, 13.885], [100.6175, 13.885], [100.6176, 13.885], [100.6176, 13.885], [100.6176, 13.885], [100.6176, 13.885], [100.6176, 13.885], [100.6177, 13.885], [100.6177, 13.885], [100.6177, 13.885], [100.6178, 13.885], [100.6178, 13.885], [100.6178, 13.8849], [100.6178, 13.8849], [100.6178, 13.8849], [100.6179, 13.8849], [100.6179, 13.8849], [100.6179, 13.8849], [100.6179, 13.8849], [100.6179, 13.8849], [100.6179, 13.8849], [100.618, 13.8849], [100.618, 13.8849], [100.618, 13.8848], [100.618, 13.8848], [100.6181, 13.8848], [100.6181, 13.8848], [100.6181, 13.8848], [100.6181, 13.8848], [100.6182, 13.8847], [100.6182, 13.8847], [100.6182, 13.8847], [100.6182, 13.8847], [100.6182, 13.8846], [100.6182, 13.8846], [100.6185, 13.8845], [100.6189, 13.8843], [100.6189, 13.8843], [100.619, 13.8843], [100.6191, 13.8843], [100.6192, 13.8842], [100.6193, 13.8842], [100.6194, 13.8842], [100.6194, 13.8842], [100.6195, 13.8842], [100.6195, 13.8842], [100.6196, 13.8842], [100.6197, 13.8841], [100.6197, 13.8841], [100.6197, 13.8841], [100.6198, 13.8841], [100.6198, 13.8841], [100.6198, 13.8841], [100.62, 13.8841], [100.6202, 13.884], [100.6205, 13.8839], [100.6208, 13.8839], [100.6211, 13.8838], [100.6212, 13.8837], [100.6214, 13.8837], [100.6216, 13.8836], [100.6218, 13.8836], [100.622, 13.8835], [100.6222, 13.8835], [100.6223, 13.8834], [100.6223, 13.8834], [100.6224, 13.8834], [100.6225, 13.8834], [100.6225, 13.8833], [100.6226, 13.8833], [100.6227, 13.8833], [100.6227, 13.8832], [100.6228, 13.8831], [100.6229, 13.8831], [100.6229, 13.883], [100.623, 13.883], [100.623, 13.883], [100.6232, 13.8829], [100.6232, 13.8829], [100.6233, 13.883], [100.6233, 13.883], [100.6235, 13.8829], [100.6238, 13.8829], [100.6239, 13.8829], [100.6241, 13.8829], [100.6242, 13.8829], [100.6243, 13.883], [100.6245, 13.883], [100.6245, 13.883], [100.6245, 13.883], [100.6246, 13.8832], [100.6247, 13.8833], [100.6247, 13.8833], [100.6253, 13.8833], [100.6254, 13.8833], [100.6254, 13.8834], [100.6254, 13.8836], [100.6254, 13.8841], [100.6255, 13.8841], [100.6256, 13.8841], [100.6263, 13.8841], [100.6267, 13.8841], [100.6267, 13.8841], [100.6268, 13.8841], [100.627, 13.8842], [100.627, 13.8842], [100.6272, 13.8843], [100.6275, 13.8845], [100.6278, 13.8847], [100.628, 13.8848], [100.6281, 13.8848], [100.6283, 13.8849], [100.6284, 13.8849], [100.6287, 13.8851], [100.629, 13.8852], [100.6293, 13.8854], [100.6294, 13.8854], [100.6295, 13.8855], [100.6296, 13.8855], [100.6297, 13.8855], [100.6303, 13.8855], [100.6313, 13.8856], [100.6317, 13.8857], [100.632, 13.8857], [100.6322, 13.8858], [100.6322, 13.8858], [100.6324, 13.8858], [100.6325, 13.8858], [100.6326, 13.8858], [100.6326, 13.8858], [100.6327, 13.8857], [100.6331, 13.8855], [100.6331, 13.8855], [100.6333, 13.8854], [100.6337, 13.8852], [100.6337, 13.8851], [100.6338, 13.8851], [100.6338, 13.8851], [100.634, 13.8851], [100.6343, 13.8852], [100.6345, 13.8852], [100.6349, 13.8853], [100.6353, 13.8854], [100.6355, 13.8854], [100.6356, 13.8854], [100.6359, 13.8854], [100.6361, 13.8854], [100.6362, 13.8855], [100.6366, 13.8855], [100.6367, 13.8855], [100.6368, 13.8855], [100.6368, 13.8855], [100.6369, 13.8855], [100.637, 13.8855], [100.6371, 13.8855], [100.6372, 13.8856], [100.6375, 13.8857], [100.6379, 13.8858], [100.638, 13.8859], [100.6381, 13.8859], [100.6385, 13.886], [100.6386, 13.8861], [100.6387, 13.8861], [100.6388, 13.8861], [100.6392, 13.8864], [100.6397, 13.8866], [100.6398, 13.8867], [100.6399, 13.8867], [100.64, 13.8867], [100.6401, 13.8867], [100.6402, 13.8867], [100.6402, 13.8867], [100.6404, 13.8867], [100.6406, 13.8866], [100.6407, 13.8866], [100.6408, 13.8865], [100.6409, 13.8864], [100.6409, 13.8864], [100.6409, 13.8864], [100.6409, 13.8863], [100.6409, 13.8863], [100.6411, 13.8862], [100.6413, 13.8861], [100.6414, 13.886], [100.6414, 13.886], [100.6415, 13.886], [100.6416, 13.886], [100.6418, 13.8859], [100.642, 13.8859], [100.6423, 13.8859], [100.6425, 13.8858], [100.6427, 13.8858], [100.6428, 13.8857], [100.6429, 13.8857], [100.6429, 13.8857], [100.6429, 13.8857], [100.643, 13.8856], [100.643, 13.8856], [100.643, 13.8855], [100.643, 13.8854], [100.643, 13.8852], [100.6431, 13.8847], [100.6431, 13.8842], [100.6431, 13.8838], [100.6431, 13.8833], [100.6431, 13.8832], [100.6431, 13.8832], [100.6431, 13.8832], [100.6436, 13.883], [100.6439, 13.8828], [100.6439, 13.8828], [100.6441, 13.8827], [100.6441, 13.8827], [100.6442, 13.8827], [100.6442, 13.8827], [100.6442, 13.8827], [100.6442, 13.8827], [100.6443, 13.8827], [100.6443, 13.8827], [100.6444, 13.8828], [100.6445, 13.8828], [100.6446, 13.8828], [100.6448, 13.8828], [100.6449, 13.8828], [100.6453, 13.8828], [100.6456, 13.8828], [100.646, 13.8828], [100.6463, 13.8828], [100.6467, 13.8828], [100.6496, 13.8829], [100.6506, 13.8828], [100.6509, 13.8829], [100.6511, 13.8829], [100.6513, 13.8829], [100.6515, 13.8829], [100.6517, 13.8829], [100.6519, 13.8828], [100.6521, 13.8828], [100.6524, 13.8828], [100.6525, 13.8828], [100.6525, 13.8829], [100.6526, 13.883], [100.6526, 13.8831], [100.6527, 13.8832], [100.6527, 13.8836], [100.6526, 13.8839], [100.6526, 13.8843], [100.6526, 13.8845], [100.6526, 13.8848], [100.6526, 13.8851], [100.6526, 13.8852], [100.6526, 13.8853], [100.6527, 13.8854], [100.6527, 13.8855], [100.6528, 13.8856], [100.6529, 13.8857], [100.6529, 13.8858], [100.653, 13.8862], [100.6531, 13.8863], [100.6531, 13.8864]]]}, "properties": {"DISTRICT_N": "สายไหม", "CODE": 1042, "AREA_BMA": 44.61500168}}, {"type": "Feature", "geometry": {"type": "Polygon", "coordinates": [[[100.5634, 13.8552], [100.5635, 13.8552], [100.5636, 13.8552], [100.5637, 13.8552], [100.5638, 13.8552], [100.5638, 13.8552], [100.5639, 13.8553], [100.5639, 13.8553], [100.564, 13.8553], [100.564, 13.8553], [100.5641, 13.8553], [100.5641, 13.8553], [100.5642, 13.8553], [100.5645, 13.8554], [100.5647, 13.8554], [100.5649, 13.8555], [100.5649, 13.8555], [100.565, 13.8555], [100.565, 13.8555], [100.5651, 13.8555], [100.5651, 13.8555], [100.5652, 13.8554], [100.5653, 13.8554], [100.5653, 13.8554], [100.5654, 13.8555], [100.5655, 13.8556], [100.5655, 13.8558], [100.5655, 13.8558], [100.5655, 13.8558], [100.5656, 13.8559], [100.5656, 13.8559], [100.5656, 13.8558], [100.5656, 13.8558], [100.5656, 13.8558], [100.5656, 13.8558], [100.5656, 13.8558], [100.5656, 13.8558], [100.5656, 13.8558], [100.5657, 13.8558], [100.5658, 13.8558], [100.566, 13.8558], [100.5661, 13.8558], [100.5662, 13.8558], [100.5663, 13.8558], [100.5666, 13.856], [100.5666, 13.8559], [100.5667, 13.8559], [100.5667, 13.8559], [100.5667, 13.8559], [100.5667, 13.8559], [100.5667, 13.8559], [100.5669, 13.8559], [100.5669, 13.856], [100.567, 13.856], [100.567, 13.856], [100.5671, 13.856], [100.5671, 13.856], [100.5671, 13.856], [100.5672, 13.856], [100.5672, 13.856], [100.5672, 13.856], [100.5673, 13.856], [100.5673, 13.856], [100.5673, 13.856], [100.5673, 13.856], [100.5674, 13.8561], [100.5674, 13.8561], [100.5674, 13.8561], [100.5675, 13.8561], [100.5675, 13.8561], [100.5675, 13.8561], [100.5675, 13.8561], [100.5676, 13.8561], [100.5676, 13.8561], [100.5676, 13.8561], [100.5677, 13.8561], [100.5677, 13.8562], [100.5677, 13.8562], [100.5678, 13.8562], [100.5678, 13.8562], [100.5679, 13.8562], [100.568, 13.8562], [100.5681, 13.8562], [100.5681, 13.8562], [100.5682, 13.8562], [100.5683, 13.8562], [100.5683, 13.8563], [100.5684, 13.8563], [100.5684, 13.8563], [100.5685, 13.8563], [100.5685, 13.8563], [100.5686, 13.8563], [100.5686, 13.8563], [100.5687, 13.8563], [100.5687, 13.8563], [100.5687, 13.8563], [100.5688, 13.8564], [100.5688, 13.8564], [100.569, 13.8564], [100.5692, 13.8564], [100.5692, 13.8564], [100.5692, 13.8564], [100.5693, 13.8564], [100.5694, 13.8564], [100.5695, 13.8564], [100.5695, 13.8564], [100.5696, 13.8564], [100.5697, 13.8564], [100.5698, 13.8564], [100.57, 13.8564], [100.5701, 13.8564], [100.5702, 13.8564], [100.5703, 13.8564], [100.5704, 13.8564], [100.5705, 13.8564], [100.5705, 13.8564], [100.5706, 13.8564], [100.5707, 13.8564], [100.5708, 13.8564], [100.5709, 13.8564], [100.571, 13.8564], [100.5711, 13.8564], [100.5711, 13.8564], [100.5712, 13.8564], [100.5712, 13.8565], [100.5713, 13.8565], [100.5713, 13.8565], [100.5713, 13.8565], [100.5714, 13.8565], [100.5714, 13.8565], [100.5714, 13.8565], [100.5715, 13.8565], [100.5715, 13.8565], [100.5716, 13.8565], [100.5716, 13.8565], [100.5717, 13.8565], [100.5719, 13.8565], [100.5719, 13.8565], [100.572, 13.8566], [100.5721, 13.8566], [100.5722, 13.8566], [100.5723, 13.8566], [100.5724, 13.8566], [100.5725, 13.8566], [100.5725, 13.8566], [100.5726, 13.8566], [100.5726, 13.8567], [100.5727, 13.8567], [100.5727, 13.8567], [100.5727, 13.8567], [100.5728, 13.8567], [100.5728, 13.8567], [100.5729, 13.8568], [100.5729, 13.8568], [100.573, 13.8568], [100.573, 13.8568], [100.5731, 13.8568], [100.5731, 13.8569], [100.5731, 13.8569], [100.5731, 13.8569], [100.5732, 13.8569], [100.5732, 13.8569], [100.5733, 13.8569], [100.5734, 13.857], [100.5734, 13.857], [100.5735, 13.857], [100.5735, 13.857], [100.5736, 13.857], [100.5736, 13.857], [100.5736, 13.857], [100.5736, 13.857], [100.5736, 13.857], [100.5737, 13.857], [100.5738, 13.857], [100.5738, 13.857], [100.5739, 13.857], [100.574, 13.857], [100.5741, 13.857], [100.5741, 13.857], [100.5742, 13.857], [100.5743, 13.857], [100.5744, 13.857], [100.5745, 13.857], [100.5745, 13.857], [100.5745, 13.857], [100.5745, 13.857], [100.5746, 13.857], [100.5746, 13.857], [100.5747, 13.8571], [100.5747, 13.8571], [100.5747, 13.8571], [100.5748, 13.8571], [100.5749, 13.8571], [100.575, 13.8572], [100.575, 13.8572], [100.575, 13.8572], [100.5751, 13.8572], [100.5751, 13.8572], [100.5751, 13.8572], [100.5751, 13.8572], [100.5752, 13.8572], [100.5752, 13.8572], [100.5752, 13.8572], [100.5753, 13.8572], [100.5753, 13.8572], [100.5753, 13.8572], [100.5753, 13.8572], [100.5753, 13.8572], [100.5754, 13.8572], [100.5754, 13.8572], [100.5754, 13.8572], [100.5754, 13.8572], [100.5754, 13.8573], [100.5754, 13.8573], [100.5755, 13.8573], [100.5755, 13.8573], [100.5755, 13.8573], [100.5755, 13.8573], [100.5755, 13.8573], [100.5755, 13.8573], [100.5755, 13.8573], [100.5756, 13.8573], [100.5757, 13.8574], [100.5758, 13.8574], [100.5759, 13.8574], [100.576, 13.8574], [100.5762, 13.8574], [100.5766, 13.8575], [100.5767, 13.8575], [100.5769, 13.8575], [100.5771, 13.8575], [100.5772, 13.8575], [100.5774, 13.8575], [100.5778, 13.8575], [100.578, 13.8575], [100.5781, 13.8575], [100.5782, 13.8576], [100.5783, 13.8576], [100.5783, 13.8576], [100.5785, 13.8576], [100.5786, 13.8576], [100.5787, 13.8576], [100.5787, 13.8576], [100.5788, 13.8576], [100.5788, 13.8576], [100.579, 13.8577], [100.5792, 13.8577], [100.5792, 13.8577], [100.5792, 13.8577], [100.5793, 13.8577], [100.5794, 13.8577], [100.5794, 13.8577], [100.5794, 13.8577], [100.5794, 13.8577], [100.5794, 13.8577], [100.5794, 13.8577], [100.5796, 13.8577], [100.5798, 13.8577], [100.58, 13.8578], [100.58, 13.8578], [100.5802, 13.8578], [100.5802, 13.8578], [100.5804, 13.8578], [100.5805, 13.8578], [100.5805, 13.8578], [100.5806, 13.8578], [100.5808, 13.8578], [100.5808, 13.8579], [100.5809, 13.8579], [100.5811, 13.8579], [100.5812, 13.8579], [100.5814, 13.8579], [100.5816, 13.858], [100.5817, 13.858], [100.5817, 13.858], [100.5818, 13.8579], [100.582, 13.8579], [100.5822, 13.8579], [100.5824, 13.8579], [100.5825, 13.8579], [100.5827, 13.8579], [100.5829, 13.8579], [100.5829, 13.8579], [100.583, 13.8579], [100.5831, 13.8579], [100.5831, 13.8579], [100.5832, 13.8579], [100.5832, 13.8579], [100.5833, 13.8579], [100.5834, 13.8579], [100.5834, 13.8579], [100.5835, 13.8579], [100.5835, 13.8579], [100.5835, 13.858], [100.5836, 13.858], [100.5836, 13.858], [100.5836, 13.858], [100.5837, 13.8581], [100.5837, 13.8581], [100.5838, 13.8582], [100.5838, 13.8582], [100.5838, 13.8582], [100.584, 13.8582], [100.584, 13.8583], [100.5841, 13.8583], [100.5843, 13.8583], [100.5844, 13.8583], [100.5846, 13.8583], [100.5847, 13.8583], [100.5849, 13.8584], [100.585, 13.8584], [100.5851, 13.8584], [100.5852, 13.8584], [100.5854, 13.8584], [100.5855, 13.8584], [100.5855, 13.8584], [100.5856, 13.8585], [100.5857, 13.8585], [100.5858, 13.8585], [100.5859, 13.8586], [100.5859, 13.8587], [100.5861, 13.8588], [100.5861, 13.8588], [100.5862, 13.8589], [100.5863, 13.8589], [100.5864, 13.8589], [100.5865, 13.8589], [100.5866, 13.8588], [100.5866, 13.8589], [100.5866, 13.859], [100.5866, 13.8597], [100.5867, 13.8607], [100.5867, 13.8611], [100.5868, 13.8617], [100.5868, 13.8619], [100.5869, 13.8622], [100.5868, 13.8623], [100.5868, 13.8624], [100.5869, 13.8632], [100.5869, 13.8638], [100.587, 13.8641], [100.587, 13.8648], [100.587, 13.8653], [100.5871, 13.8657], [100.5872, 13.8663], [100.5872, 13.8667], [100.5872, 13.8669], [100.5873, 13.8675], [100.5873, 13.8678], [100.5873, 13.868], [100.5873, 13.8681], [100.5873, 13.8682], [100.5873, 13.8685], [100.5873, 13.8689], [100.5873, 13.8691], [100.5874, 13.8693], [100.5874, 13.8697], [100.5874, 13.8698], [100.5874, 13.87], [100.5874, 13.8703], [100.5874, 13.8707], [100.5875, 13.8711], [100.5875, 13.8714], [100.5876, 13.8719], [100.5876, 13.8719], [100.5877, 13.8723], [100.5877, 13.8724], [100.5877, 13.8728], [100.5877, 13.873], [100.5877, 13.8734], [100.5877, 13.8737], [100.5877, 13.874], [100.5878, 13.8744], [100.5878, 13.8747], [100.5878, 13.8751], [100.5878, 13.8753], [100.5878, 13.8755], [100.5879, 13.8762], [100.5879, 13.8766], [100.5879, 13.877], [100.5879, 13.8773], [100.5879, 13.8777], [100.588, 13.8785], [100.588, 13.8788], [100.5881, 13.8792], [100.5882, 13.8795], [100.5882, 13.8797], [100.5883, 13.8798], [100.5884, 13.88], [100.5886, 13.8805], [100.5889, 13.8809], [100.5892, 13.8813], [100.5898, 13.8821], [100.5903, 13.8826], [100.591, 13.8833], [100.5914, 13.8837], [100.5921, 13.8846], [100.5922, 13.8847], [100.5927, 13.8852], [100.5932, 13.8858], [100.5936, 13.8863], [100.5941, 13.8868], [100.5947, 13.8874], [100.5947, 13.8875], [100.5948, 13.8876], [100.5944, 13.8877], [100.5944, 13.8878], [100.5944, 13.8878], [100.5943, 13.8878], [100.5942, 13.8878], [100.5942, 13.8879], [100.5941, 13.8879], [100.594, 13.8879], [100.5939, 13.888], [100.5938, 13.888], [100.5938, 13.888], [100.5937, 13.8881], [100.5936, 13.8881], [100.5936, 13.8881], [100.5935, 13.8881], [100.5934, 13.8882], [100.5934, 13.8882], [100.5933, 13.8882], [100.5933, 13.8882], [100.5932, 13.8882], [100.5932, 13.8883], [100.5931, 13.8883], [100.593, 13.8883], [100.593, 13.8883], [100.5929, 13.8883], [100.5929, 13.8884], [100.5928, 13.8884], [100.5928, 13.8884], [100.5927, 13.8884], [100.5927, 13.8884], [100.5926, 13.8885], [100.5926, 13.8885], [100.5925, 13.8885], [100.5924, 13.8885], [100.5924, 13.8885], [100.5923, 13.8886], [100.5923, 13.8886], [100.5922, 13.8886], [100.5922, 13.8886], [100.5921, 13.8886], [100.5921, 13.8887], [100.592, 13.8887], [100.592, 13.8887], [100.5919, 13.8887], [100.5919, 13.8887], [100.5919, 13.8887], [100.5918, 13.8887], [100.5918, 13.8887], [100.5918, 13.8888], [100.5918, 13.8888], [100.5918, 13.8888], [100.5917, 13.8888], [100.5917, 13.8888], [100.5916, 13.8888], [100.5916, 13.8888], [100.5915, 13.8888], [100.5915, 13.8889], [100.5915, 13.8889], [100.5914, 13.8889], [100.5914, 13.8889], [100.5913, 13.8889], [100.5913, 13.8889], [100.5912, 13.8889], [100.5912, 13.889], [100.5911, 13.889], [100.5911, 13.889], [100.5911, 13.889], [100.5911, 13.889], [100.591, 13.889], [100.591, 13.889], [100.5909, 13.889], [100.5909, 13.889], [100.5909, 13.8891], [100.5908, 13.8891], [100.5908, 13.8891], [100.5907, 13.8891], [100.5907, 13.8891], [100.5906, 13.8891], [100.5906, 13.8892], [100.5905, 13.8892], [100.5905, 13.8892], [100.5904, 13.8892], [100.5904, 13.8892], [100.5903, 13.8892], [100.5903, 13.8892], [100.5903, 13.8893], [100.5902, 13.8893], [100.5902, 13.8893], [100.5901, 13.8893], [100.5901, 13.8893], [100.59, 13.8893], [100.5899, 13.8893], [100.5898, 13.8894], [100.5897, 13.8894], [100.5896, 13.8894], [100.5895, 13.8894], [100.5894, 13.8894], [100.5893, 13.8894], [100.5892, 13.8894], [100.5891, 13.8895], [100.5891, 13.8895], [100.589, 13.8895], [100.589, 13.8895], [100.5889, 13.8895], [100.5889, 13.8895], [100.5888, 13.8895], [100.5888, 13.8895], [100.5888, 13.8895], [100.5888, 13.8895], [100.5888, 13.8895], [100.5888, 13.8895], [100.5887, 13.8895], [100.5887, 13.8895], [100.5887, 13.8895], [100.5887, 13.8895], [100.5887, 13.8895], [100.5886, 13.8895], [100.5886, 13.8895], [100.5886, 13.8895], [100.5885, 13.8894], [100.5885, 13.8894], [100.5885, 13.8894], [100.5885, 13.8894], [100.5885, 13.8894], [100.5884, 13.8894], [100.5884, 13.8894], [100.5884, 13.8894], [100.5884, 13.8894], [100.5883, 13.8893], [100.5881, 13.8893], [100.5879, 13.8893], [100.5878, 13.8894], [100.5878, 13.8894], [100.5874, 13.8896], [100.5872, 13.8896], [100.5871, 13.8897], [100.5869, 13.8899], [100.5868, 13.89], [100.5868, 13.89], [100.5866, 13.89], [100.5862, 13.8901], [100.5857, 13.8902], [100.5855, 13.8902], [100.5854, 13.8902], [100.5853, 13.8902], [100.5851, 13.8903], [100.5848, 13.8903], [100.5846, 13.8904], [100.5846, 13.8904], [100.5845, 13.8904], [100.5845, 13.8904], [100.5845, 13.8904], [100.5845, 13.8904], [100.5845, 13.8904], [100.5845, 13.8904], [100.5844, 13.8904], [100.5844, 13.8904], [100.5843, 13.8904], [100.5841, 13.8905], [100.5841, 13.8905], [100.584, 13.8905], [100.5839, 13.8905], [100.5838, 13.8905], [100.5837, 13.8906], [100.5836, 13.8906], [100.5836, 13.8906], [100.5835, 13.8906], [100.5835, 13.8906], [100.5834, 13.8906], [100.5834, 13.8906], [100.5833, 13.8906], [100.5833, 13.8906], [100.5832, 13.8906], [100.5832, 13.8906], [100.5831, 13.8906], [100.5831, 13.8906], [100.583, 13.8906], [100.583, 13.8906], [100.5829, 13.8906], [100.5827, 13.8906], [100.5827, 13.8907], [100.5827, 13.8907], [100.5827, 13.8907], [100.5827, 13.8907], [100.5827, 13.8907], [100.5827, 13.8907], [100.5828, 13.8908], [100.5828, 13.8908], [100.5828, 13.8908], [100.5828, 13.8908], [100.5828, 13.8908], [100.5828, 13.8909], [100.5828, 13.8909], [100.5829, 13.8909], [100.5829, 13.891], [100.5829, 13.891], [100.5829, 13.891], [100.5829, 13.891], [100.583, 13.8911], [100.583, 13.8911], [100.583, 13.8911], [100.583, 13.8912], [100.5831, 13.8912], [100.5831, 13.8913], [100.5832, 13.8914], [100.5832, 13.8915], [100.5832, 13.8916], [100.5833, 13.8917], [100.5833, 13.8917], [100.5833, 13.8918], [100.5834, 13.8918], [100.5834, 13.8919], [100.5834, 13.8919], [100.5835, 13.892], [100.5835, 13.8921], [100.5835, 13.8921], [100.5835, 13.8922], [100.5836, 13.8922], [100.5836, 13.8923], [100.5836, 13.8923], [100.5837, 13.8924], [100.5837, 13.8924], [100.5837, 13.8925], [100.5838, 13.8925], [100.5838, 13.8926], [100.5838, 13.8926], [100.5838, 13.8927], [100.5839, 13.8927], [100.5839, 13.8928], [100.5839, 13.8928], [100.5839, 13.8929], [100.584, 13.8929], [100.584, 13.893], [100.584, 13.893], [100.584, 13.893], [100.584, 13.893], [100.584, 13.8931], [100.584, 13.8931], [100.584, 13.8931], [100.584, 13.8931], [100.5841, 13.8931], [100.5841, 13.8931], [100.5841, 13.8931], [100.5841, 13.8932], [100.5841, 13.8932], [100.5841, 13.8932], [100.5842, 13.8933], [100.5842, 13.8933], [100.5842, 13.8933], [100.5842, 13.8934], [100.5843, 13.8934], [100.5843, 13.8935], [100.5843, 13.8935], [100.5843, 13.8936], [100.5844, 13.8936], [100.5844, 13.8937], [100.5844, 13.8937], [100.5845, 13.8938], [100.5845, 13.8938], [100.5845, 13.8939], [100.5845, 13.8939], [100.5846, 13.894], [100.5846, 13.894], [100.5846, 13.8941], [100.5846, 13.8941], [100.5847, 13.8942], [100.5847, 13.8942], [100.5847, 13.8942], [100.5847, 13.8943], [100.5847, 13.8943], [100.5847, 13.8943], [100.5847, 13.8943], [100.5847, 13.8944], [100.5848, 13.8944], [100.5848, 13.8945], [100.5848, 13.8945], [100.5848, 13.8945], [100.5848, 13.8946], [100.5848, 13.8946], [100.5848, 13.8946], [100.5848, 13.8946], [100.5848, 13.8946], [100.5848, 13.8947], [100.5849, 13.8947], [100.5849, 13.8947], [100.5849, 13.8947], [100.5849, 13.8948], [100.585, 13.8948], [100.585, 13.8949], [100.585, 13.895], [100.5851, 13.895], [100.5851, 13.8951], [100.5851, 13.8952], [100.5852, 13.8952], [100.5852, 13.8953], [100.5852, 13.8953], [100.5853, 13.8954], [100.5853, 13.8955], [100.5854, 13.8956], [100.5854, 13.8957], [100.5855, 13.8957], [100.5855, 13.8958], [100.5856, 13.8959], [100.5856, 13.8959], [100.5856, 13.896], [100.5856, 13.896], [100.5856, 13.896], [100.5856, 13.896], [100.5856, 13.896], [100.5856, 13.8961], [100.5856, 13.8961], [100.5857, 13.8961], [100.5857, 13.8961], [100.5857, 13.8961], [100.5857, 13.8961], [100.5857, 13.8961], [100.5857, 13.8961], [100.5857, 13.8961], [100.5857, 13.8962], [100.5857, 13.8962], [100.5857, 13.8962], [100.5857, 13.8962], [100.5857, 13.8962], [100.5857, 13.8962], [100.5857, 13.8962], [100.5858, 13.8962], [100.5858, 13.8962], [100.5858, 13.8962], [100.5858, 13.8962], [100.5858, 13.8962], [100.5858, 13.8963], [100.5858, 13.8963], [100.5858, 13.8963], [100.5858, 13.8963], [100.5858, 13.8963], [100.5858, 13.8963], [100.5858, 13.8964], [100.5859, 13.8964], [100.5859, 13.8964], [100.5859, 13.8964], [100.5859, 13.8964], [100.5859, 13.8965], [100.5859, 13.8965], [100.5859, 13.8965], [100.586, 13.8966], [100.586, 13.8966], [100.586, 13.8967], [100.5861, 13.8968], [100.5861, 13.8968], [100.5861, 13.8969], [100.5862, 13.897], [100.5862, 13.897], [100.5862, 13.8971], [100.5862, 13.8971], [100.5863, 13.8972], [100.5863, 13.8972], [100.5863, 13.8973], [100.5863, 13.8973], [100.5864, 13.8973], [100.5864, 13.8974], [100.5864, 13.8974], [100.5864, 13.8975], [100.5865, 13.8975], [100.5865, 13.8976], [100.5866, 13.8977], [100.5866, 13.8977], [100.5866, 13.8978], [100.5867, 13.8979], [100.5868, 13.8981], [100.5869, 13.8982], [100.5869, 13.8982], [100.5869, 13.8983], [100.5869, 13.8983], [100.5872, 13.8988], [100.5873, 13.899], [100.5873, 13.8991], [100.5874, 13.8991], [100.5874, 13.8991], [100.5874, 13.8992], [100.5875, 13.8993], [100.5873, 13.8994], [100.5871, 13.8995], [100.5869, 13.8996], [100.5867, 13.8998], [100.5864, 13.8999], [100.5861, 13.9001], [100.5859, 13.9002], [100.5855, 13.9004], [100.5849, 13.9007], [100.5848, 13.9008], [100.5844, 13.901], [100.5842, 13.9011], [100.5839, 13.9013], [100.5837, 13.9014], [100.5835, 13.9015], [100.5832, 13.9017], [100.5831, 13.9017], [100.583, 13.9018], [100.5828, 13.9019], [100.5827, 13.9019], [100.5825, 13.902], [100.5825, 13.902], [100.5824, 13.9021], [100.5824, 13.9021], [100.5823, 13.9022], [100.5822, 13.9022], [100.5821, 13.9022], [100.582, 13.9023], [100.5819, 13.9024], [100.5818, 13.9024], [100.5817, 13.9025], [100.5816, 13.9025], [100.5815, 13.9026], [100.5813, 13.9027], [100.5812, 13.9027], [100.5812, 13.9028], [100.5811, 13.9028], [100.581, 13.9028], [100.581, 13.9028], [100.5809, 13.9029], [100.5808, 13.9029], [100.5808, 13.9029], [100.5807, 13.903], [100.5806, 13.9031], [100.5805, 13.9031], [100.5804, 13.9032], [100.5803, 13.9032], [100.5802, 13.9033], [100.5801, 13.9033], [100.5799, 13.9035], [100.5797, 13.9036], [100.5795, 13.9037], [100.5794, 13.9038], [100.5793, 13.9039], [100.5791, 13.9039], [100.5788, 13.904], [100.5783, 13.9041], [100.5772, 13.9045], [100.5768, 13.9047], [100.5764, 13.9048], [100.5759, 13.9049], [100.5756, 13.905], [100.5754, 13.905], [100.575, 13.9052], [100.5747, 13.9053], [100.5742, 13.9056], [100.574, 13.9057], [100.5738, 13.9058], [100.5736, 13.9059], [100.5734, 13.906], [100.573, 13.9063], [100.5728, 13.9063], [100.5727, 13.9064], [100.5724, 13.9066], [100.5722, 13.9067], [100.5721, 13.9068], [100.5718, 13.9069], [100.5716, 13.907], [100.5713, 13.9072], [100.5711, 13.9073], [100.5709, 13.9075], [100.5706, 13.9076], [100.5703, 13.9078], [100.57, 13.908], [100.5696, 13.9083], [100.5691, 13.9085], [100.5688, 13.9087], [100.5685, 13.9089], [100.5682, 13.9091], [100.568, 13.9092], [100.5677, 13.9095], [100.5676, 13.9097], [100.5673, 13.9099], [100.5669, 13.9103], [100.5665, 13.9107], [100.5662, 13.9111], [100.5659, 13.9113], [100.5656, 13.9115], [100.5655, 13.9116], [100.5652, 13.9118], [100.565, 13.9119], [100.565, 13.912], [100.565, 13.912], [100.5647, 13.9122], [100.5644, 13.9124], [100.5642, 13.9126], [100.564, 13.9127], [100.5639, 13.9128], [100.5636, 13.913], [100.5634, 13.9131], [100.5632, 13.9133], [100.563, 13.9133], [100.5626, 13.9135], [100.562, 13.9136], [100.5615, 13.9138], [100.5611, 13.9139], [100.5605, 13.9141], [100.5596, 13.9142], [100.5589, 13.9144], [100.5587, 13.9138], [100.5583, 13.9122], [100.5581, 13.9109], [100.5577, 13.9094], [100.5575, 13.9085], [100.5572, 13.9072], [100.5569, 13.9062], [100.5567, 13.9049], [100.5565, 13.9042], [100.5563, 13.9035], [100.5561, 13.9026], [100.5558, 13.9015], [100.5556, 13.9004], [100.555, 13.8981], [100.5544, 13.8956], [100.5537, 13.8927], [100.5532, 13.8905], [100.5532, 13.8903], [100.5532, 13.8902], [100.5531, 13.8897], [100.553, 13.8894], [100.5528, 13.8888], [100.5527, 13.8882], [100.5525, 13.8872], [100.5523, 13.8866], [100.5522, 13.8861], [100.5521, 13.8856], [100.552, 13.8853], [100.5519, 13.8851], [100.5519, 13.8849], [100.5518, 13.8845], [100.5519, 13.8844], [100.5518, 13.8842], [100.5518, 13.884], [100.5516, 13.8834], [100.551, 13.8808], [100.5504, 13.8781], [100.5502, 13.8775], [100.5499, 13.8759], [100.5498, 13.8755], [100.5495, 13.8745], [100.5493, 13.8735], [100.5491, 13.8727], [100.5488, 13.8716], [100.5487, 13.8708], [100.5485, 13.87], [100.5483, 13.8692], [100.5481, 13.8684], [100.5478, 13.867], [100.5476, 13.8661], [100.5474, 13.8654], [100.5471, 13.8643], [100.5468, 13.8628], [100.5464, 13.8613], [100.546, 13.8596], [100.5456, 13.8578], [100.5453, 13.8564], [100.545, 13.8551], [100.5448, 13.8542], [100.5447, 13.8539], [100.5445, 13.8529], [100.5438, 13.8502], [100.5437, 13.8497], [100.5439, 13.8498], [100.5442, 13.8499], [100.5443, 13.8499], [100.5445, 13.85], [100.5447, 13.85], [100.5449, 13.85], [100.5451, 13.8501], [100.5452, 13.8501], [100.5453, 13.8501], [100.5453, 13.8501], [100.5454, 13.8502], [100.5456, 13.8502], [100.5457, 13.8503], [100.5458, 13.8503], [100.5459, 13.8503], [100.546, 13.8504], [100.5461, 13.8504], [100.5462, 13.8504], [100.5468, 13.8506], [100.5471, 13.8507], [100.5474, 13.8508], [100.5477, 13.8509], [100.5478, 13.851], [100.5479, 13.851], [100.548, 13.8511], [100.5481, 13.8511], [100.5482, 13.8511], [100.5483, 13.8511], [100.5484, 13.8512], [100.5485, 13.8512], [100.5486, 13.8512], [100.5487, 13.8513], [100.5487, 13.8513], [100.5488, 13.8513], [100.5488, 13.8513], [100.5489, 13.8513], [100.5491, 13.8514], [100.5494, 13.8515], [100.55, 13.8517], [100.5505, 13.8519], [100.5507, 13.852], [100.5509, 13.852], [100.5512, 13.8521], [100.5514, 13.8521], [100.5516, 13.8522], [100.5517, 13.8522], [100.5519, 13.8523], [100.5521, 13.8523], [100.5522, 13.8523], [100.5523, 13.8523], [100.5523, 13.8524], [100.5527, 13.8526], [100.5528, 13.8526], [100.5529, 13.8526], [100.5529, 13.8526], [100.5531, 13.8526], [100.5532, 13.8527], [100.5533, 13.8527], [100.5535, 13.8527], [100.5537, 13.8528], [100.5539, 13.8528], [100.554, 13.8529], [100.5542, 13.8529], [100.5544, 13.853], [100.5545, 13.853], [100.5546, 13.853], [100.5549, 13.8531], [100.555, 13.8531], [100.5551, 13.8532], [100.5555, 13.8533], [100.5558, 13.8534], [100.5559, 13.8535], [100.5559, 13.8535], [100.5561, 13.8535], [100.5562, 13.8535], [100.5563, 13.8536], [100.5564, 13.8536], [100.5567, 13.8537], [100.5569, 13.8538], [100.5571, 13.8539], [100.5575, 13.854], [100.5577, 13.8541], [100.5578, 13.8541], [100.5579, 13.8541], [100.558, 13.8541], [100.5582, 13.8542], [100.5584, 13.8542], [100.5585, 13.8542], [100.5587, 13.8543], [100.5588, 13.8543], [100.5589, 13.8543], [100.5591, 13.8543], [100.5593, 13.8544], [100.5595, 13.8544], [100.5597, 13.8544], [100.5598, 13.8545], [100.5599, 13.8545], [100.5599, 13.8545], [100.5601, 13.8545], [100.5602, 13.8546], [100.5604, 13.8546], [100.5605, 13.8546], [100.5607, 13.8547], [100.5611, 13.8547], [100.5614, 13.8548], [100.5616, 13.8549], [100.5618, 13.8549], [100.562, 13.855], [100.5623, 13.855], [100.5626, 13.8551], [100.5628, 13.8551], [100.5629, 13.8551], [100.563, 13.8551], [100.5631, 13.8551], [100.5632, 13.8551], [100.5634, 13.8552]]]}, "properties": {"DISTRICT_N": "หลักสี่", "CODE": 1041, "AREA_BMA": 22.8409996}}, {"type": "Feature", "geometry": {"type": "Polygon", "coordinates": [[[100.619, 13.8485], [100.6191, 13.8485], [100.6194, 13.8485], [100.6197, 13.8484], [100.6198, 13.8484], [100.62, 13.8483], [100.6201, 13.8483], [100.6201, 13.8483], [100.6202, 13.8483], [100.6205, 13.8482], [100.6207, 13.8481], [100.6208, 13.848], [100.621, 13.8479], [100.621, 13.8479], [100.621, 13.8478], [100.6211, 13.8478], [100.6212, 13.8477], [100.6213, 13.8475], [100.6216, 13.8473], [100.6217, 13.8471], [100.6218, 13.8471], [100.622, 13.847], [100.622, 13.847], [100.622, 13.847], [100.622, 13.847], [100.6222, 13.8469], [100.6224, 13.8468], [100.6226, 13.8467], [100.6227, 13.8466], [100.6229, 13.8465], [100.6231, 13.8463], [100.6232, 13.8461], [100.6234, 13.846], [100.6234, 13.8459], [100.6235, 13.8458], [100.6237, 13.8457], [100.6239, 13.8457], [100.624, 13.8456], [100.6241, 13.8455], [100.6243, 13.8454], [100.625, 13.845], [100.6258, 13.8446], [100.6263, 13.8444], [100.6266, 13.8442], [100.6268, 13.8441], [100.6269, 13.844], [100.6273, 13.8438], [100.6277, 13.8436], [100.6281, 13.8434], [100.6281, 13.8434], [100.6281, 13.8433], [100.6281, 13.8433], [100.6282, 13.8433], [100.6285, 13.843], [100.6286, 13.8427], [100.6288, 13.8426], [100.6293, 13.8426], [100.6298, 13.8427], [100.6305, 13.8427], [100.6309, 13.8427], [100.6313, 13.8427], [100.6318, 13.8426], [100.6322, 13.8426], [100.6325, 13.8426], [100.6327, 13.8426], [100.6329, 13.8425], [100.633, 13.8425], [100.633, 13.8425], [100.633, 13.8426], [100.6331, 13.8426], [100.6331, 13.8426], [100.6334, 13.8427], [100.6341, 13.843], [100.6355, 13.8436], [100.636, 13.8438], [100.636, 13.8439], [100.6363, 13.8441], [100.6364, 13.8442], [100.6369, 13.8445], [100.6369, 13.8445], [100.637, 13.8446], [100.6371, 13.8447], [100.6372, 13.8448], [100.6373, 13.8448], [100.6385, 13.8457], [100.6387, 13.8458], [100.639, 13.846], [100.6391, 13.8461], [100.6393, 13.8462], [100.6395, 13.8462], [100.6397, 13.8463], [100.6399, 13.8464], [100.6401, 13.8464], [100.6404, 13.8465], [100.6407, 13.8466], [100.6408, 13.8467], [100.6409, 13.8467], [100.6414, 13.8468], [100.6416, 13.8468], [100.6419, 13.8468], [100.6422, 13.8469], [100.6429, 13.8469], [100.6433, 13.847], [100.6453, 13.8473], [100.6459, 13.8474], [100.6462, 13.8474], [100.6463, 13.8474], [100.6466, 13.8474], [100.6466, 13.8474], [100.6469, 13.8475], [100.6475, 13.8475], [100.6478, 13.8476], [100.648, 13.8476], [100.648, 13.8475], [100.6481, 13.8475], [100.6481, 13.8475], [100.6481, 13.8474], [100.6481, 13.8472], [100.6481, 13.8471], [100.648, 13.847], [100.648, 13.8468], [100.648, 13.8467], [100.648, 13.8467], [100.6481, 13.8466], [100.6481, 13.8466], [100.6486, 13.8464], [100.6487, 13.8463], [100.6488, 13.8463], [100.6488, 13.8463], [100.6489, 13.8463], [100.6491, 13.8463], [100.6493, 13.8464], [100.6496, 13.8464], [100.6499, 13.8464], [100.6502, 13.8465], [100.6503, 13.8465], [100.6506, 13.8466], [100.6508, 13.8467], [100.6511, 13.8467], [100.6513, 13.8468], [100.6519, 13.8469], [100.6521, 13.847], [100.6522, 13.847], [100.6524, 13.847], [100.6525, 13.8469], [100.6527, 13.8469], [100.6528, 13.8469], [100.6529, 13.8469], [100.6531, 13.8469], [100.6532, 13.8469], [100.6535, 13.847], [100.6542, 13.8471], [100.6546, 13.8473], [100.6554, 13.8474], [100.6556, 13.8475], [100.6558, 13.8476], [100.656, 13.8476], [100.6561, 13.8477], [100.6561, 13.8477], [100.6561, 13.8477], [100.6562, 13.8478], [100.6564, 13.8479], [100.6566, 13.8479], [100.6567, 13.848], [100.6567, 13.848], [100.6568, 13.848], [100.6568, 13.848], [100.6569, 13.8479], [100.657, 13.8479], [100.6571, 13.8478], [100.6573, 13.8478], [100.6577, 13.8477], [100.6578, 13.8477], [100.6579, 13.8477], [100.658, 13.8478], [100.6581, 13.8478], [100.6582, 13.8478], [100.6584, 13.8478], [100.6585, 13.8478], [100.6586, 13.8478], [100.6586, 13.8478], [100.6586, 13.8478], [100.6587, 13.8479], [100.6588, 13.8482], [100.6589, 13.8484], [100.6589, 13.8485], [100.6589, 13.8485], [100.6589, 13.8485], [100.6588, 13.8486], [100.6587, 13.8488], [100.6586, 13.849], [100.6585, 13.8492], [100.6584, 13.8495], [100.6583, 13.8497], [100.6582, 13.85], [100.6582, 13.8503], [100.6582, 13.8504], [100.6582, 13.8505], [100.6582, 13.8508], [100.6582, 13.8509], [100.6582, 13.851], [100.6581, 13.8512], [100.6581, 13.8513], [100.6581, 13.8514], [100.6581, 13.8515], [100.6581, 13.8516], [100.6581, 13.8517], [100.6581, 13.8518], [100.6582, 13.8522], [100.6583, 13.8523], [100.6583, 13.8523], [100.6583, 13.8524], [100.6586, 13.8523], [100.6587, 13.8523], [100.6588, 13.8523], [100.6589, 13.8523], [100.6589, 13.8524], [100.659, 13.8524], [100.659, 13.8524], [100.659, 13.8524], [100.6592, 13.8524], [100.6593, 13.8524], [100.6595, 13.8524], [100.6596, 13.8524], [100.6597, 13.8524], [100.6598, 13.8524], [100.6601, 13.8525], [100.6604, 13.8525], [100.6606, 13.8525], [100.6607, 13.8525], [100.6608, 13.8525], [100.6609, 13.8526], [100.661, 13.8526], [100.6611, 13.8526], [100.6611, 13.8525], [100.6612, 13.8526], [100.6612, 13.8526], [100.6613, 13.8527], [100.6615, 13.8531], [100.6616, 13.8532], [100.6617, 13.8534], [100.6617, 13.8535], [100.6619, 13.8537], [100.662, 13.8539], [100.6621, 13.8542], [100.6622, 13.8543], [100.6622, 13.8544], [100.6622, 13.8544], [100.6622, 13.8545], [100.6623, 13.8545], [100.6623, 13.8545], [100.6624, 13.8546], [100.6625, 13.8548], [100.6625, 13.8549], [100.6626, 13.855], [100.6626, 13.8551], [100.6627, 13.8552], [100.6627, 13.8553], [100.6628, 13.8554], [100.6628, 13.8556], [100.6629, 13.8557], [100.6629, 13.8558], [100.663, 13.8559], [100.663, 13.856], [100.663, 13.856], [100.663, 13.8561], [100.6632, 13.856], [100.6633, 13.8559], [100.6635, 13.8557], [100.6635, 13.8557], [100.6636, 13.8556], [100.6637, 13.8555], [100.6638, 13.8554], [100.6639, 13.8552], [100.6639, 13.8552], [100.664, 13.8552], [100.6642, 13.855], [100.6646, 13.8547], [100.6647, 13.8547], [100.6647, 13.8546], [100.6647, 13.8546], [100.6647, 13.8547], [100.6648, 13.8547], [100.6649, 13.8548], [100.6651, 13.855], [100.6652, 13.8551], [100.6654, 13.8552], [100.6656, 13.8554], [100.666, 13.8557], [100.6662, 13.8557], [100.6663, 13.8558], [100.6665, 13.8559], [100.6667, 13.856], [100.6669, 13.8561], [100.6671, 13.8562], [100.6672, 13.8563], [100.6673, 13.8563], [100.6674, 13.8564], [100.6676, 13.8564], [100.6677, 13.8565], [100.6679, 13.8565], [100.6681, 13.8566], [100.6682, 13.8566], [100.6684, 13.8567], [100.6687, 13.8567], [100.6688, 13.8568], [100.669, 13.8568], [100.6693, 13.8569], [100.6695, 13.8569], [100.6697, 13.857], [100.6698, 13.857], [100.6698, 13.8569], [100.6699, 13.8569], [100.6699, 13.8569], [100.67, 13.8569], [100.6701, 13.8569], [100.6703, 13.857], [100.6704, 13.857], [100.6706, 13.857], [100.6708, 13.857], [100.6712, 13.8571], [100.6715, 13.8571], [100.6716, 13.8571], [100.6719, 13.8572], [100.672, 13.8572], [100.6721, 13.8572], [100.6722, 13.8572], [100.6723, 13.8572], [100.6725, 13.8571], [100.6726, 13.8571], [100.6727, 13.8571], [100.6728, 13.8571], [100.6728, 13.8571], [100.6729, 13.8571], [100.673, 13.8571], [100.6733, 13.857], [100.6735, 13.857], [100.6735, 13.857], [100.6736, 13.8569], [100.6738, 13.8569], [100.6743, 13.8568], [100.6744, 13.8567], [100.6745, 13.8567], [100.6746, 13.8567], [100.6747, 13.8566], [100.6749, 13.8566], [100.6751, 13.8566], [100.6751, 13.8566], [100.6754, 13.8564], [100.6755, 13.8565], [100.6756, 13.8565], [100.6756, 13.8566], [100.6757, 13.8566], [100.6757, 13.8567], [100.6758, 13.8568], [100.6759, 13.8569], [100.6759, 13.857], [100.6761, 13.8571], [100.6762, 13.8573], [100.6763, 13.8574], [100.6764, 13.8574], [100.6765, 13.8575], [100.6768, 13.8576], [100.677, 13.8577], [100.6771, 13.8578], [100.6772, 13.8578], [100.6773, 13.8579], [100.6774, 13.8579], [100.678, 13.8581], [100.6791, 13.8583], [100.6794, 13.8584], [100.6796, 13.8584], [100.68, 13.8585], [100.6802, 13.8586], [100.6803, 13.8586], [100.6804, 13.8586], [100.6804, 13.8588], [100.6804, 13.8588], [100.6804, 13.8588], [100.6806, 13.859], [100.6809, 13.8596], [100.6811, 13.8598], [100.6811, 13.8599], [100.6812, 13.86], [100.6813, 13.8601], [100.6814, 13.8601], [100.6815, 13.8602], [100.6816, 13.8603], [100.6817, 13.8604], [100.6818, 13.8604], [100.6819, 13.8605], [100.682, 13.8605], [100.682, 13.8606], [100.6821, 13.8607], [100.6822, 13.8608], [100.6824, 13.861], [100.6828, 13.8616], [100.6832, 13.8622], [100.6833, 13.8625], [100.6834, 13.8626], [100.6834, 13.8627], [100.6835, 13.8631], [100.6835, 13.8632], [100.6835, 13.8633], [100.6836, 13.8636], [100.6836, 13.8636], [100.6836, 13.8637], [100.6836, 13.8639], [100.6836, 13.8641], [100.6837, 13.8642], [100.6837, 13.8644], [100.6837, 13.8645], [100.6837, 13.8647], [100.6838, 13.8648], [100.6838, 13.8649], [100.6839, 13.8654], [100.6839, 13.8657], [100.6839, 13.8658], [100.684, 13.8659], [100.6841, 13.8663], [100.6841, 13.8664], [100.6841, 13.8665], [100.6843, 13.8667], [100.6844, 13.8669], [100.6846, 13.8673], [100.6848, 13.8676], [100.6849, 13.8676], [100.685, 13.8678], [100.6852, 13.8682], [100.6853, 13.8684], [100.6853, 13.8685], [100.6854, 13.8685], [100.6854, 13.8686], [100.6855, 13.8687], [100.6856, 13.8689], [100.6857, 13.8692], [100.6858, 13.8692], [100.6858, 13.8693], [100.6857, 13.8694], [100.6857, 13.8697], [100.6856, 13.8699], [100.6856, 13.87], [100.6855, 13.8703], [100.6854, 13.8705], [100.6854, 13.8707], [100.6853, 13.8708], [100.6852, 13.8711], [100.685, 13.8715], [100.6849, 13.872], [100.6848, 13.8723], [100.6847, 13.8727], [100.6846, 13.8732], [100.6845, 13.8735], [100.6845, 13.8737], [100.6845, 13.8739], [100.6845, 13.8741], [100.6842, 13.8742], [100.6842, 13.8742], [100.6842, 13.8742], [100.6842, 13.8742], [100.6842, 13.8743], [100.6841, 13.8743], [100.6841, 13.8744], [100.684, 13.8745], [100.684, 13.8745], [100.6839, 13.8746], [100.6839, 13.8746], [100.6839, 13.8746], [100.6839, 13.8746], [100.6838, 13.8747], [100.6838, 13.8748], [100.6837, 13.8749], [100.6837, 13.875], [100.6837, 13.8751], [100.6837, 13.8751], [100.6836, 13.8753], [100.6836, 13.8755], [100.6836, 13.8757], [100.6835, 13.8758], [100.6834, 13.8758], [100.683, 13.8762], [100.6828, 13.8765], [100.6824, 13.8771], [100.6823, 13.8772], [100.6821, 13.8773], [100.6819, 13.8775], [100.6817, 13.8778], [100.6817, 13.8779], [100.6817, 13.878], [100.6815, 13.8788], [100.6814, 13.8791], [100.6814, 13.8792], [100.6814, 13.8794], [100.6814, 13.8795], [100.6814, 13.8796], [100.6813, 13.8796], [100.6813, 13.8796], [100.6813, 13.8796], [100.6812, 13.8797], [100.6812, 13.8797], [100.6811, 13.8797], [100.681, 13.8797], [100.6802, 13.8795], [100.6798, 13.8795], [100.6794, 13.8795], [100.6787, 13.8795], [100.6783, 13.8795], [100.6783, 13.8795], [100.6782, 13.8795], [100.6781, 13.8795], [100.678, 13.8796], [100.6779, 13.8796], [100.6778, 13.8795], [100.677, 13.8794], [100.6766, 13.8793], [100.6765, 13.8793], [100.6762, 13.8792], [100.6761, 13.8791], [100.676, 13.8791], [100.6759, 13.8791], [100.6759, 13.8791], [100.6758, 13.8791], [100.6757, 13.8791], [100.6756, 13.8793], [100.6755, 13.8794], [100.6754, 13.8794], [100.6754, 13.8795], [100.6752, 13.8796], [100.6749, 13.8798], [100.6746, 13.8799], [100.6745, 13.88], [100.6744, 13.8802], [100.6739, 13.881], [100.6738, 13.8811], [100.6737, 13.8811], [100.6736, 13.8811], [100.6736, 13.8811], [100.6735, 13.8811], [100.6734, 13.8811], [100.6734, 13.8811], [100.6733, 13.8811], [100.6732, 13.8809], [100.6731, 13.8808], [100.673, 13.8807], [100.673, 13.8806], [100.6728, 13.8803], [100.6727, 13.88], [100.6726, 13.8798], [100.6726, 13.8797], [100.6726, 13.8797], [100.6725, 13.8797], [100.6725, 13.8797], [100.6725, 13.8797], [100.6724, 13.8797], [100.6723, 13.8798], [100.6716, 13.8801], [100.6711, 13.8804], [100.6705, 13.8807], [100.6699, 13.881], [100.6698, 13.881], [100.6695, 13.8811], [100.6694, 13.8811], [100.6693, 13.8811], [100.6692, 13.8811], [100.6692, 13.8811], [100.6691, 13.8811], [100.6691, 13.881], [100.669, 13.8809], [100.6689, 13.8807], [100.6689, 13.8807], [100.6688, 13.8806], [100.6688, 13.8806], [100.6688, 13.8805], [100.6685, 13.8804], [100.6683, 13.8804], [100.6682, 13.8804], [100.6678, 13.8804], [100.6675, 13.8804], [100.6673, 13.8803], [100.667, 13.8803], [100.6668, 13.8803], [100.6665, 13.8804], [100.6663, 13.8806], [100.6661, 13.8807], [100.6658, 13.8809], [100.6657, 13.8809], [100.6656, 13.8809], [100.6655, 13.881], [100.6648, 13.8811], [100.6648, 13.8811], [100.6648, 13.8811], [100.6647, 13.8811], [100.6647, 13.881], [100.6647, 13.881], [100.6647, 13.8808], [100.6647, 13.8804], [100.6647, 13.8803], [100.6647, 13.8803], [100.6646, 13.8799], [100.6643, 13.8796], [100.6643, 13.8796], [100.6641, 13.8795], [100.6639, 13.8793], [100.6635, 13.8791], [100.6634, 13.879], [100.663, 13.879], [100.6625, 13.8788], [100.6621, 13.8788], [100.6619, 13.8787], [100.6619, 13.8787], [100.6617, 13.8788], [100.6606, 13.8791], [100.6598, 13.8794], [100.6596, 13.8795], [100.659, 13.8797], [100.6583, 13.88], [100.6577, 13.8802], [100.6575, 13.8803], [100.6574, 13.8804], [100.6572, 13.8806], [100.6568, 13.8808], [100.6567, 13.8809], [100.6563, 13.8813], [100.6561, 13.8816], [100.656, 13.8817], [100.656, 13.8817], [100.656, 13.8818], [100.6558, 13.8823], [100.6557, 13.8828], [100.6557, 13.8829], [100.6557, 13.8831], [100.6557, 13.8832], [100.6557, 13.8832], [100.6557, 13.8834], [100.6556, 13.8836], [100.6555, 13.8842], [100.6555, 13.8845], [100.6554, 13.8847], [100.6554, 13.8849], [100.6554, 13.8851], [100.6554, 13.8853], [100.6554, 13.8854], [100.6554, 13.8855], [100.6553, 13.8855], [100.6553, 13.8855], [100.6553, 13.8856], [100.6553, 13.8856], [100.6552, 13.8856], [100.6546, 13.8856], [100.6543, 13.8855], [100.6542, 13.8855], [100.654, 13.8856], [100.6539, 13.8856], [100.6539, 13.8857], [100.6537, 13.8858], [100.6536, 13.8859], [100.6533, 13.8861], [100.6532, 13.8862], [100.6531, 13.8864], [100.6531, 13.8864], [100.6531, 13.8863], [100.653, 13.8862], [100.6529, 13.8858], [100.6529, 13.8857], [100.6528, 13.8856], [100.6527, 13.8855], [100.6527, 13.8854], [100.6526, 13.8853], [100.6526, 13.8852], [100.6526, 13.8851], [100.6526, 13.8848], [100.6526, 13.8845], [100.6526, 13.8843], [100.6526, 13.8839], [100.6527, 13.8836], [100.6527, 13.8832], [100.6526, 13.8831], [100.6526, 13.883], [100.6525, 13.8829], [100.6525, 13.8828], [100.6524, 13.8828], [100.6521, 13.8828], [100.6519, 13.8828], [100.6517, 13.8829], [100.6515, 13.8829], [100.6513, 13.8829], [100.6511, 13.8829], [100.6509, 13.8829], [100.6506, 13.8828], [100.6496, 13.8829], [100.6467, 13.8828], [100.6463, 13.8828], [100.646, 13.8828], [100.6456, 13.8828], [100.6453, 13.8828], [100.6449, 13.8828], [100.6448, 13.8828], [100.6446, 13.8828], [100.6445, 13.8828], [100.6444, 13.8828], [100.6443, 13.8827], [100.6443, 13.8827], [100.6442, 13.8827], [100.6442, 13.8827], [100.6442, 13.8827], [100.6442, 13.8827], [100.6441, 13.8827], [100.6441, 13.8827], [100.6439, 13.8828], [100.6439, 13.8828], [100.6436, 13.883], [100.6431, 13.8832], [100.6431, 13.8832], [100.6431, 13.8832], [100.6431, 13.8833], [100.6431, 13.8838], [100.6431, 13.8842], [100.6431, 13.8847], [100.643, 13.8852], [100.643, 13.8854], [100.643, 13.8855], [100.643, 13.8856], [100.643, 13.8856], [100.6429, 13.8857], [100.6429, 13.8857], [100.6429, 13.8857], [100.6428, 13.8857], [100.6427, 13.8858], [100.6425, 13.8858], [100.6423, 13.8859], [100.642, 13.8859], [100.6418, 13.8859], [100.6416, 13.886], [100.6415, 13.886], [100.6414, 13.886], [100.6414, 13.886], [100.6413, 13.8861], [100.6411, 13.8862], [100.6409, 13.8863], [100.6409, 13.8863], [100.6409, 13.8864], [100.6409, 13.8864], [100.6409, 13.8864], [100.6408, 13.8865], [100.6407, 13.8866], [100.6406, 13.8866], [100.6404, 13.8867], [100.6402, 13.8867], [100.6402, 13.8867], [100.6401, 13.8867], [100.64, 13.8867], [100.6399, 13.8867], [100.6398, 13.8867], [100.6397, 13.8866], [100.6392, 13.8864], [100.6388, 13.8861], [100.6387, 13.8861], [100.6386, 13.8861], [100.6385, 13.886], [100.6381, 13.8859], [100.638, 13.8859], [100.6379, 13.8858], [100.6375, 13.8857], [100.6372, 13.8856], [100.6371, 13.8855], [100.637, 13.8855], [100.6369, 13.8855], [100.6368, 13.8855], [100.6368, 13.8855], [100.6367, 13.8855], [100.6366, 13.8855], [100.6362, 13.8855], [100.6361, 13.8854], [100.6359, 13.8854], [100.6356, 13.8854], [100.6355, 13.8854], [100.6353, 13.8854], [100.6349, 13.8853], [100.6345, 13.8852], [100.6343, 13.8852], [100.634, 13.8851], [100.6338, 13.8851], [100.6338, 13.8851], [100.6337, 13.8851], [100.6337, 13.8852], [100.6333, 13.8854], [100.6331, 13.8855], [100.6331, 13.8855], [100.6327, 13.8857], [100.6326, 13.8858], [100.6326, 13.8858], [100.6325, 13.8858], [100.6324, 13.8858], [100.6322, 13.8858], [100.6322, 13.8858], [100.632, 13.8857], [100.6317, 13.8857], [100.6313, 13.8856], [100.6303, 13.8855], [100.6297, 13.8855], [100.6296, 13.8855], [100.6295, 13.8855], [100.6294, 13.8854], [100.6293, 13.8854], [100.629, 13.8852], [100.6287, 13.8851], [100.6284, 13.8849], [100.6283, 13.8849], [100.6281, 13.8848], [100.628, 13.8848], [100.6278, 13.8847], [100.6275, 13.8845], [100.6272, 13.8843], [100.627, 13.8842], [100.627, 13.8842], [100.6268, 13.8841], [100.6267, 13.8841], [100.6267, 13.8841], [100.6263, 13.8841], [100.6256, 13.8841], [100.6255, 13.8841], [100.6254, 13.8841], [100.6254, 13.8836], [100.6254, 13.8834], [100.6254, 13.8833], [100.6253, 13.8833], [100.6247, 13.8833], [100.6247, 13.8833], [100.6246, 13.8832], [100.6245, 13.883], [100.6245, 13.883], [100.6245, 13.883], [100.6243, 13.883], [100.6242, 13.8829], [100.6241, 13.8829], [100.6239, 13.8829], [100.6238, 13.8829], [100.6235, 13.8829], [100.6233, 13.883], [100.6233, 13.883], [100.6232, 13.8829], [100.6232, 13.8829], [100.623, 13.883], [100.623, 13.883], [100.6229, 13.883], [100.6229, 13.8831], [100.6228, 13.8831], [100.6227, 13.8832], [100.6227, 13.8833], [100.6226, 13.8833], [100.6225, 13.8833], [100.6225, 13.8834], [100.6224, 13.8834], [100.6223, 13.8834], [100.6223, 13.8834], [100.6222, 13.8835], [100.622, 13.8835], [100.6218, 13.8836], [100.6216, 13.8836], [100.6214, 13.8837], [100.6212, 13.8837], [100.6211, 13.8838], [100.6208, 13.8839], [100.6205, 13.8839], [100.6202, 13.884], [100.62, 13.8841], [100.6198, 13.8841], [100.6198, 13.8841], [100.6198, 13.8841], [100.6197, 13.8841], [100.6197, 13.8841], [100.6197, 13.8841], [100.6196, 13.8842], [100.6195, 13.8842], [100.6195, 13.8842], [100.6194, 13.8842], [100.6194, 13.8842], [100.6193, 13.8842], [100.6192, 13.8842], [100.6191, 13.8843], [100.619, 13.8843], [100.6189, 13.8843], [100.6189, 13.8843], [100.6185, 13.8845], [100.6182, 13.8846], [100.6182, 13.8846], [100.6182, 13.8847], [100.6182, 13.8847], [100.6182, 13.8847], [100.6182, 13.8847], [100.6181, 13.8848], [100.6181, 13.8848], [100.6181, 13.8848], [100.6181, 13.8848], [100.618, 13.8848], [100.618, 13.8848], [100.618, 13.8849], [100.618, 13.8849], [100.6179, 13.8849], [100.6179, 13.8849], [100.6179, 13.8849], [100.6179, 13.8849], [100.6179, 13.8849], [100.6179, 13.8849], [100.6178, 13.8849], [100.6178, 13.8849], [100.6178, 13.8849], [100.6178, 13.885], [100.6178, 13.885], [100.6177, 13.885], [100.6177, 13.885], [100.6177, 13.885], [100.6176, 13.885], [100.6176, 13.885], [100.6176, 13.885], [100.6176, 13.885], [100.6176, 13.885], [100.6175, 13.885], [100.6175, 13.885], [100.6175, 13.885], [100.6175, 13.885], [100.6175, 13.885], [100.6174, 13.8849], [100.6172, 13.885], [100.6171, 13.8851], [100.6171, 13.8851], [100.6169, 13.8852], [100.6168, 13.8852], [100.6167, 13.8853], [100.6164, 13.8855], [100.6163, 13.8855], [100.6163, 13.8855], [100.6162, 13.8856], [100.6159, 13.8856], [100.6158, 13.8857], [100.6158, 13.8857], [100.6157, 13.8857], [100.6156, 13.8857], [100.6153, 13.8858], [100.615, 13.8858], [100.6149, 13.8859], [100.6146, 13.8859], [100.6142, 13.8859], [100.614, 13.8859], [100.6138, 13.8859], [100.6137, 13.886], [100.6136, 13.886], [100.6136, 13.8859], [100.6134, 13.8859], [100.6134, 13.8859], [100.6133, 13.8859], [100.6132, 13.8859], [100.6131, 13.8859], [100.6131, 13.8859], [100.613, 13.886], [100.613, 13.886], [100.6127, 13.8861], [100.6123, 13.8862], [100.6115, 13.8865], [100.6113, 13.8866], [100.611, 13.8866], [100.611, 13.8867], [100.6109, 13.8867], [100.6109, 13.8867], [100.6109, 13.8868], [100.6109, 13.8868], [100.6109, 13.8868], [100.6109, 13.8869], [100.6109, 13.8869], [100.6109, 13.8869], [100.6108, 13.8869], [100.6108, 13.8869], [100.6108, 13.8868], [100.6107, 13.8868], [100.6107, 13.8869], [100.6103, 13.8871], [100.6098, 13.8874], [100.6096, 13.8876], [100.6094, 13.8877], [100.6092, 13.8879], [100.609, 13.8881], [100.609, 13.8882], [100.6088, 13.8883], [100.6088, 13.8884], [100.6088, 13.8885], [100.6088, 13.8885], [100.6088, 13.8886], [100.6088, 13.8887], [100.6089, 13.8888], [100.6089, 13.8889], [100.609, 13.8891], [100.6091, 13.8893], [100.6094, 13.8897], [100.6095, 13.8898], [100.6098, 13.8905], [100.6099, 13.8906], [100.6101, 13.8909], [100.6102, 13.8911], [100.6108, 13.8917], [100.6111, 13.892], [100.6112, 13.8921], [100.6112, 13.8922], [100.6112, 13.8922], [100.6113, 13.8923], [100.6113, 13.8923], [100.6113, 13.8924], [100.6113, 13.8925], [100.6113, 13.8925], [100.6112, 13.8926], [100.6112, 13.8926], [100.6111, 13.8927], [100.611, 13.8927], [100.6109, 13.8928], [100.6107, 13.8931], [100.6105, 13.8934], [100.6103, 13.8937], [100.6102, 13.8939], [100.61, 13.8941], [100.6096, 13.8945], [100.6094, 13.8948], [100.6092, 13.895], [100.6091, 13.8951], [100.6089, 13.8953], [100.6089, 13.8954], [100.6087, 13.8956], [100.6087, 13.8957], [100.6099, 13.8977], [100.61, 13.8979], [100.6102, 13.8984], [100.6103, 13.8984], [100.6104, 13.8986], [100.6107, 13.8991], [100.6108, 13.8991], [100.6108, 13.8992], [100.6111, 13.8998], [100.6112, 13.8998], [100.611, 13.8997], [100.6106, 13.8995], [100.6098, 13.8989], [100.6092, 13.8986], [100.6085, 13.8981], [100.6081, 13.8979], [100.6079, 13.8977], [100.6074, 13.8974], [100.6072, 13.8973], [100.6072, 13.8972], [100.6071, 13.8971], [100.6071, 13.8971], [100.6071, 13.8971], [100.6071, 13.8971], [100.6071, 13.8971], [100.607, 13.8971], [100.607, 13.8971], [100.607, 13.8971], [100.607, 13.8971], [100.607, 13.897], [100.607, 13.897], [100.607, 13.897], [100.607, 13.897], [100.6069, 13.8969], [100.6069, 13.8969], [100.6069, 13.8968], [100.6068, 13.8968], [100.6068, 13.8968], [100.6068, 13.8967], [100.6068, 13.8967], [100.6067, 13.8966], [100.6067, 13.8966], [100.6067, 13.8965], [100.6066, 13.8965], [100.6066, 13.8964], [100.6066, 13.8964], [100.6065, 13.8964], [100.6065, 13.8963], [100.6065, 13.8963], [100.6064, 13.8962], [100.6064, 13.8962], [100.6064, 13.8961], [100.6063, 13.8961], [100.6063, 13.896], [100.6062, 13.896], [100.6062, 13.8959], [100.6062, 13.8959], [100.6061, 13.8958], [100.6061, 13.8958], [100.606, 13.8957], [100.606, 13.8957], [100.6059, 13.8956], [100.6059, 13.8956], [100.6059, 13.8955], [100.6058, 13.8955], [100.6058, 13.8955], [100.6058, 13.8954], [100.6057, 13.8954], [100.6057, 13.8954], [100.6056, 13.8954], [100.6056, 13.8953], [100.6055, 13.8953], [100.6055, 13.8953], [100.6054, 13.8952], [100.6053, 13.8952], [100.6052, 13.8951], [100.6052, 13.8951], [100.6051, 13.895], [100.605, 13.895], [100.6049, 13.8949], [100.6048, 13.8949], [100.6048, 13.8948], [100.6047, 13.8948], [100.6047, 13.8948], [100.6046, 13.8947], [100.6046, 13.8947], [100.6045, 13.8947], [100.6045, 13.8947], [100.6044, 13.8946], [100.6044, 13.8946], [100.6043, 13.8946], [100.6043, 13.8945], [100.6042, 13.8945], [100.6042, 13.8945], [100.6042, 13.8945], [100.6041, 13.8944], [100.604, 13.8944], [100.604, 13.8943], [100.6039, 13.8943], [100.6039, 13.8943], [100.6038, 13.8942], [100.6038, 13.8942], [100.6037, 13.8941], [100.6037, 13.8941], [100.6036, 13.8941], [100.6036, 13.894], [100.6035, 13.894], [100.6035, 13.894], [100.6034, 13.8939], [100.6034, 13.8939], [100.6034, 13.8939], [100.6033, 13.8938], [100.6033, 13.8938], [100.6032, 13.8938], [100.6032, 13.8937], [100.6031, 13.8937], [100.6031, 13.8937], [100.6031, 13.8936], [100.603, 13.8936], [100.603, 13.8936], [100.6029, 13.8936], [100.6029, 13.8935], [100.6029, 13.8935], [100.6028, 13.8935], [100.6028, 13.8935], [100.6028, 13.8934], [100.6028, 13.8934], [100.6028, 13.8934], [100.6027, 13.8934], [100.6027, 13.8934], [100.6027, 13.8933], [100.6026, 13.8933], [100.6026, 13.8933], [100.6025, 13.8933], [100.6025, 13.8932], [100.6024, 13.8932], [100.6023, 13.8931], [100.6022, 13.8931], [100.6021, 13.893], [100.602, 13.8929], [100.6019, 13.8929], [100.6018, 13.8928], [100.6017, 13.8928], [100.6017, 13.8927], [100.6016, 13.8927], [100.6015, 13.8927], [100.6015, 13.8926], [100.6014, 13.8926], [100.6013, 13.8925], [100.6013, 13.8925], [100.6012, 13.8924], [100.6011, 13.8924], [100.6011, 13.8924], [100.601, 13.8923], [100.6009, 13.8923], [100.6009, 13.8922], [100.6008, 13.8922], [100.6008, 13.8922], [100.6007, 13.8921], [100.6006, 13.8921], [100.6006, 13.892], [100.6005, 13.892], [100.6004, 13.8919], [100.6004, 13.8919], [100.6003, 13.8919], [100.6003, 13.8918], [100.6002, 13.8918], [100.6001, 13.8917], [100.6001, 13.8917], [100.6, 13.8916], [100.5999, 13.8916], [100.5999, 13.8915], [100.5998, 13.8915], [100.5998, 13.8914], [100.5997, 13.8914], [100.5996, 13.8914], [100.5996, 13.8913], [100.5996, 13.8913], [100.5995, 13.8913], [100.5995, 13.8912], [100.5994, 13.8912], [100.5994, 13.8912], [100.5994, 13.8912], [100.5993, 13.8912], [100.5993, 13.8911], [100.5992, 13.8911], [100.5992, 13.8911], [100.5992, 13.8911], [100.5991, 13.8911], [100.5991, 13.891], [100.5991, 13.891], [100.599, 13.891], [100.5989, 13.8909], [100.5989, 13.8909], [100.5988, 13.8908], [100.5987, 13.8908], [100.5986, 13.8907], [100.5985, 13.8907], [100.5985, 13.8906], [100.5984, 13.8906], [100.5984, 13.8906], [100.5983, 13.8905], [100.5983, 13.8905], [100.5982, 13.8905], [100.5982, 13.8904], [100.5982, 13.8904], [100.5982, 13.8904], [100.5981, 13.8904], [100.5981, 13.8904], [100.5981, 13.8903], [100.5981, 13.8903], [100.598, 13.8903], [100.598, 13.8903], [100.598, 13.8903], [100.598, 13.8903], [100.598, 13.8902], [100.598, 13.8902], [100.5979, 13.8902], [100.5979, 13.8902], [100.5979, 13.8902], [100.5978, 13.8901], [100.5978, 13.8901], [100.5978, 13.8901], [100.5977, 13.8901], [100.5977, 13.8901], [100.5977, 13.8901], [100.5976, 13.89], [100.5976, 13.89], [100.5976, 13.89], [100.5975, 13.89], [100.5975, 13.8899], [100.5974, 13.8899], [100.5973, 13.8899], [100.5973, 13.8898], [100.5972, 13.8898], [100.5971, 13.8897], [100.5971, 13.8897], [100.597, 13.8897], [100.597, 13.8896], [100.597, 13.8896], [100.5969, 13.8896], [100.5969, 13.8896], [100.5969, 13.8896], [100.5969, 13.8895], [100.5968, 13.8895], [100.5968, 13.8895], [100.5968, 13.8895], [100.5968, 13.8895], [100.5968, 13.8894], [100.5968, 13.8894], [100.5967, 13.8894], [100.5967, 13.8894], [100.5967, 13.8894], [100.5967, 13.8894], [100.5967, 13.8894], [100.5966, 13.8893], [100.5966, 13.8893], [100.5966, 13.8893], [100.5966, 13.8893], [100.5966, 13.8893], [100.5965, 13.8892], [100.5965, 13.8892], [100.5965, 13.8892], [100.5965, 13.8892], [100.5965, 13.8892], [100.5964, 13.8892], [100.5964, 13.8891], [100.5964, 13.8891], [100.5964, 13.8891], [100.5964, 13.8891], [100.5964, 13.8891], [100.5963, 13.8891], [100.5963, 13.8891], [100.5963, 13.889], [100.5963, 13.889], [100.5962, 13.889], [100.5962, 13.8889], [100.5961, 13.8888], [100.596, 13.8887], [100.5959, 13.8887], [100.5959, 13.8886], [100.5958, 13.8885], [100.5957, 13.8885], [100.5956, 13.8884], [100.5956, 13.8883], [100.5955, 13.8883], [100.5955, 13.8882], [100.5954, 13.8882], [100.5954, 13.8882], [100.5953, 13.8881], [100.5953, 13.8881], [100.5952, 13.888], [100.5952, 13.888], [100.5951, 13.8879], [100.5951, 13.8879], [100.5951, 13.8879], [100.595, 13.8878], [100.5949, 13.8877], [100.5949, 13.8877], [100.5948, 13.8876], [100.5947, 13.8875], [100.5947, 13.8874], [100.5941, 13.8868], [100.5936, 13.8863], [100.5932, 13.8858], [100.5927, 13.8852], [100.5922, 13.8847], [100.5921, 13.8846], [100.5914, 13.8837], [100.591, 13.8833], [100.5903, 13.8826], [100.5898, 13.8821], [100.5892, 13.8813], [100.5889, 13.8809], [100.5886, 13.8805], [100.5884, 13.88], [100.5883, 13.8798], [100.5882, 13.8797], [100.5882, 13.8795], [100.5881, 13.8792], [100.588, 13.8788], [100.588, 13.8785], [100.5879, 13.8777], [100.5879, 13.8773], [100.5879, 13.877], [100.5879, 13.8766], [100.5879, 13.8762], [100.5878, 13.8755], [100.5878, 13.8753], [100.5878, 13.8751], [100.5878, 13.8747], [100.5878, 13.8744], [100.5877, 13.874], [100.5877, 13.8737], [100.5877, 13.8734], [100.5877, 13.873], [100.5877, 13.8728], [100.5877, 13.8724], [100.5877, 13.8723], [100.5876, 13.8719], [100.5876, 13.8719], [100.5875, 13.8714], [100.5875, 13.8711], [100.5874, 13.8707], [100.5874, 13.8703], [100.5874, 13.87], [100.5874, 13.8698], [100.5874, 13.8697], [100.5874, 13.8693], [100.5873, 13.8691], [100.5873, 13.8689], [100.5873, 13.8685], [100.5873, 13.8682], [100.5873, 13.8681], [100.5873, 13.868], [100.5873, 13.8678], [100.5873, 13.8675], [100.5872, 13.8669], [100.5872, 13.8667], [100.5872, 13.8663], [100.5871, 13.8657], [100.587, 13.8653], [100.587, 13.8648], [100.587, 13.8641], [100.5869, 13.8638], [100.5869, 13.8632], [100.5868, 13.8624], [100.5868, 13.8623], [100.5869, 13.8622], [100.5868, 13.8619], [100.5868, 13.8617], [100.5867, 13.8611], [100.5867, 13.8607], [100.5866, 13.8597], [100.5866, 13.859], [100.5866, 13.8589], [100.5866, 13.8588], [100.5866, 13.8588], [100.5866, 13.8588], [100.5866, 13.8588], [100.5865, 13.8588], [100.5865, 13.8587], [100.5865, 13.8587], [100.5865, 13.8587], [100.5866, 13.8587], [100.5866, 13.8587], [100.5866, 13.8587], [100.5866, 13.8585], [100.5866, 13.8585], [100.5868, 13.8584], [100.5868, 13.8584], [100.5868, 13.8583], [100.5868, 13.8583], [100.5868, 13.8582], [100.5868, 13.8581], [100.5868, 13.8581], [100.5869, 13.858], [100.5869, 13.858], [100.5869, 13.8579], [100.587, 13.8578], [100.587, 13.8577], [100.587, 13.8576], [100.5871, 13.8576], [100.5872, 13.8574], [100.5872, 13.8574], [100.5873, 13.8573], [100.5873, 13.8572], [100.5874, 13.8571], [100.5874, 13.8569], [100.5875, 13.8567], [100.5875, 13.8566], [100.5875, 13.8565], [100.5876, 13.8563], [100.5876, 13.8561], [100.5876, 13.8559], [100.5876, 13.8556], [100.5876, 13.8554], [100.5875, 13.855], [100.5876, 13.8543], [100.5876, 13.854], [100.5876, 13.8535], [100.5876, 13.8532], [100.5876, 13.8529], [100.5876, 13.8527], [100.5876, 13.8525], [100.5877, 13.8522], [100.5878, 13.8518], [100.5878, 13.8516], [100.5879, 13.8512], [100.588, 13.851], [100.5881, 13.8506], [100.5882, 13.8502], [100.5883, 13.8497], [100.5884, 13.8493], [100.5885, 13.8485], [100.5886, 13.8483], [100.5886, 13.8481], [100.5886, 13.8477], [100.5887, 13.8475], [100.5888, 13.8469], [100.5888, 13.8467], [100.5888, 13.8466], [100.5888, 13.8465], [100.5888, 13.8465], [100.5888, 13.8464], [100.5889, 13.8464], [100.5889, 13.8464], [100.5889, 13.8463], [100.5889, 13.8463], [100.5889, 13.8463], [100.5889, 13.8462], [100.5889, 13.8462], [100.5889, 13.8462], [100.5889, 13.8462], [100.5889, 13.8462], [100.5889, 13.8461], [100.5889, 13.8461], [100.5889, 13.846], [100.589, 13.846], [100.589, 13.846], [100.589, 13.8459], [100.589, 13.8459], [100.589, 13.8459], [100.589, 13.8459], [100.589, 13.8459], [100.589, 13.8459], [100.589, 13.8459], [100.5891, 13.8459], [100.5891, 13.8458], [100.5891, 13.8458], [100.5892, 13.8456], [100.5892, 13.8456], [100.5892, 13.8455], [100.5893, 13.8453], [100.5894, 13.8452], [100.5894, 13.8451], [100.5895, 13.8449], [100.5895, 13.8447], [100.5896, 13.8446], [100.5897, 13.8444], [100.5898, 13.8442], [100.5899, 13.8439], [100.5902, 13.844], [100.5904, 13.844], [100.5908, 13.8441], [100.5911, 13.8442], [100.5912, 13.8442], [100.5913, 13.8443], [100.5914, 13.8443], [100.5915, 13.8443], [100.5916, 13.8444], [100.5917, 13.8444], [100.5917, 13.8444], [100.5918, 13.8445], [100.5918, 13.8445], [100.5919, 13.8445], [100.5921, 13.8446], [100.5922, 13.8446], [100.5923, 13.8447], [100.5924, 13.8447], [100.5925, 13.8447], [100.5925, 13.8448], [100.5926, 13.8448], [100.5926, 13.8448], [100.5927, 13.8449], [100.5928, 13.8449], [100.5929, 13.8449], [100.593, 13.845], [100.593, 13.845], [100.5932, 13.845], [100.5933, 13.845], [100.5934, 13.8451], [100.5934, 13.8451], [100.5935, 13.8452], [100.5936, 13.8452], [100.5938, 13.8452], [100.594, 13.8453], [100.5941, 13.8453], [100.5942, 13.8453], [100.5946, 13.8454], [100.5947, 13.8454], [100.5949, 13.8455], [100.595, 13.8455], [100.5951, 13.8455], [100.5951, 13.8456], [100.5952, 13.8456], [100.5953, 13.8456], [100.5954, 13.8456], [100.5954, 13.8456], [100.5955, 13.8457], [100.5956, 13.8457], [100.5958, 13.8457], [100.5959, 13.8457], [100.596, 13.8457], [100.596, 13.8457], [100.5961, 13.8457], [100.5962, 13.8457], [100.5962, 13.8457], [100.5963, 13.8457], [100.5964, 13.8457], [100.5965, 13.8458], [100.5967, 13.8458], [100.5967, 13.8458], [100.5968, 13.8458], [100.5969, 13.8458], [100.5971, 13.8459], [100.5972, 13.8459], [100.5973, 13.846], [100.5973, 13.846], [100.5974, 13.846], [100.5974, 13.8461], [100.5975, 13.8461], [100.5976, 13.8461], [100.5976, 13.8461], [100.5977, 13.8461], [100.5977, 13.8461], [100.5978, 13.8462], [100.5978, 13.8462], [100.5978, 13.8462], [100.5979, 13.8462], [100.598, 13.8462], [100.598, 13.8462], [100.598, 13.8462], [100.5981, 13.8462], [100.5983, 13.8462], [100.5984, 13.8463], [100.5986, 13.8463], [100.5987, 13.8463], [100.5988, 13.8463], [100.5989, 13.8463], [100.5989, 13.8463], [100.599, 13.8463], [100.599, 13.8464], [100.5991, 13.8464], [100.5993, 13.8464], [100.5995, 13.8464], [100.5996, 13.8464], [100.5997, 13.8464], [100.5998, 13.8464], [100.5998, 13.8465], [100.5999, 13.8465], [100.6, 13.8465], [100.6, 13.8465], [100.6003, 13.8466], [100.6003, 13.8466], [100.6005, 13.8466], [100.6006, 13.8466], [100.6007, 13.8466], [100.6008, 13.8466], [100.6009, 13.8466], [100.601, 13.8466], [100.6011, 13.8466], [100.6012, 13.8466], [100.6013, 13.8466], [100.6014, 13.8466], [100.6016, 13.8467], [100.6017, 13.8467], [100.6018, 13.8467], [100.6019, 13.8467], [100.602, 13.8467], [100.6022, 13.8468], [100.6024, 13.8468], [100.6026, 13.847], [100.6027, 13.8471], [100.6027, 13.8471], [100.6028, 13.8471], [100.6029, 13.8471], [100.6029, 13.8471], [100.603, 13.8472], [100.6031, 13.8473], [100.6031, 13.8473], [100.6031, 13.8473], [100.6032, 13.8474], [100.6032, 13.8474], [100.6033, 13.8475], [100.6033, 13.8475], [100.6034, 13.8475], [100.6036, 13.8476], [100.6038, 13.8477], [100.604, 13.8479], [100.6043, 13.8481], [100.6046, 13.8482], [100.6048, 13.8484], [100.6052, 13.8486], [100.6056, 13.8487], [100.6058, 13.8488], [100.6059, 13.8489], [100.606, 13.849], [100.6061, 13.849], [100.6063, 13.849], [100.6064, 13.8491], [100.6066, 13.8492], [100.6067, 13.8492], [100.6068, 13.8493], [100.6069, 13.8493], [100.6071, 13.8493], [100.6073, 13.8493], [100.6074, 13.8492], [100.6076, 13.8492], [100.6076, 13.8492], [100.6077, 13.8492], [100.6079, 13.8492], [100.608, 13.8492], [100.6082, 13.8492], [100.6083, 13.8492], [100.6084, 13.8492], [100.6084, 13.8491], [100.6085, 13.8491], [100.6086, 13.8491], [100.6088, 13.8491], [100.6088, 13.8491], [100.6089, 13.8491], [100.6089, 13.8491], [100.609, 13.8491], [100.6091, 13.8491], [100.6092, 13.8491], [100.6092, 13.8491], [100.6093, 13.8491], [100.6094, 13.8491], [100.6098, 13.8491], [100.6099, 13.8491], [100.6099, 13.8491], [100.61, 13.8491], [100.6101, 13.8491], [100.6102, 13.8491], [100.6105, 13.8491], [100.6106, 13.8491], [100.6107, 13.8491], [100.6107, 13.8491], [100.6108, 13.8491], [100.611, 13.8491], [100.611, 13.8491], [100.6111, 13.8491], [100.6112, 13.8491], [100.6112, 13.8491], [100.6112, 13.8491], [100.6113, 13.8491], [100.6114, 13.8491], [100.6115, 13.8491], [100.6116, 13.8491], [100.6117, 13.8491], [100.6119, 13.8491], [100.6119, 13.8491], [100.612, 13.8491], [100.612, 13.8491], [100.6121, 13.8491], [100.6123, 13.8491], [100.6125, 13.8491], [100.6126, 13.8491], [100.6128, 13.8491], [100.6129, 13.8491], [100.613, 13.8491], [100.6132, 13.8491], [100.6133, 13.8491], [100.6135, 13.8491], [100.6136, 13.8491], [100.6136, 13.8491], [100.6138, 13.8491], [100.6138, 13.8491], [100.6139, 13.8491], [100.614, 13.8491], [100.6141, 13.8491], [100.6141, 13.8491], [100.6143, 13.8491], [100.6145, 13.849], [100.6145, 13.849], [100.6146, 13.849], [100.6154, 13.8489], [100.6157, 13.8489], [100.6159, 13.8489], [100.6162, 13.8488], [100.6163, 13.8488], [100.6165, 13.8488], [100.6167, 13.8488], [100.6168, 13.8488], [100.6168, 13.8488], [100.6168, 13.8488], [100.6171, 13.8487], [100.6173, 13.8487], [100.6178, 13.8487], [100.6178, 13.8487], [100.6178, 13.8487], [100.618, 13.8486], [100.6182, 13.8486], [100.6183, 13.8486], [100.6184, 13.8486], [100.6186, 13.8485], [100.6187, 13.8485], [100.6187, 13.8485], [100.6188, 13.8485], [100.6189, 13.8485], [100.619, 13.8485]]]}, "properties": {"DISTRICT_N": "บางเขน", "CODE": 1005, "AREA_BMA": 42.1230011}}, {"type": "Feature", "geometry": {"type": "Polygon", "coordinates": [[[100.541, 13.7494], [100.5412, 13.7494], [100.5416, 13.7493], [100.5418, 13.7493], [100.542, 13.7493], [100.542, 13.7493], [100.5421, 13.7493], [100.5422, 13.7492], [100.5424, 13.7491], [100.5425, 13.7491], [100.5426, 13.7491], [100.5428, 13.7491], [100.5432, 13.7489], [100.5434, 13.7489], [100.5435, 13.7489], [100.5436, 13.7489], [100.5439, 13.7488], [100.5441, 13.7488], [100.5442, 13.7488], [100.5446, 13.7488], [100.5449, 13.7487], [100.5453, 13.7487], [100.5458, 13.7487], [100.5459, 13.7486], [100.546, 13.7486], [100.5461, 13.7486], [100.5461, 13.7487], [100.5461, 13.7487], [100.5462, 13.7487], [100.5462, 13.7487], [100.5462, 13.7487], [100.5462, 13.7487], [100.5462, 13.7487], [100.5463, 13.7487], [100.5463, 13.7487], [100.5464, 13.7487], [100.5464, 13.7487], [100.5465, 13.7486], [100.5467, 13.7486], [100.5468, 13.7486], [100.5468, 13.7486], [100.5468, 13.7486], [100.5469, 13.7486], [100.5471, 13.7486], [100.5474, 13.7485], [100.5475, 13.7485], [100.5483, 13.7485], [100.5486, 13.7485], [100.549, 13.7485], [100.5495, 13.7485], [100.55, 13.7485], [100.5501, 13.7485], [100.5503, 13.7484], [100.5504, 13.7484], [100.5507, 13.7484], [100.5509, 13.7484], [100.5512, 13.7484], [100.5513, 13.7484], [100.5513, 13.7484], [100.5514, 13.7484], [100.5517, 13.7484], [100.5519, 13.7484], [100.5523, 13.7484], [100.5525, 13.7484], [100.5529, 13.7484], [100.5534, 13.7483], [100.5538, 13.7483], [100.5544, 13.7483], [100.5547, 13.7483], [100.555, 13.7483], [100.5558, 13.7483], [100.5563, 13.7484], [100.5569, 13.7483], [100.5575, 13.7484], [100.558, 13.7485], [100.5583, 13.7485], [100.5585, 13.7485], [100.5589, 13.7485], [100.5602, 13.7484], [100.5606, 13.7483], [100.5608, 13.7483], [100.5613, 13.7482], [100.5623, 13.748], [100.5628, 13.7479], [100.5631, 13.7479], [100.5632, 13.7479], [100.5633, 13.7483], [100.5634, 13.7486], [100.5636, 13.7492], [100.5638, 13.7502], [100.5641, 13.7516], [100.5641, 13.7517], [100.5641, 13.7517], [100.5643, 13.7524], [100.5643, 13.7525], [100.5643, 13.7525], [100.5644, 13.7527], [100.5644, 13.7528], [100.5645, 13.7532], [100.5645, 13.7533], [100.5646, 13.7539], [100.5646, 13.7539], [100.5647, 13.7543], [100.5647, 13.7543], [100.5648, 13.7546], [100.5648, 13.7547], [100.5648, 13.7548], [100.5649, 13.7551], [100.5649, 13.7551], [100.5647, 13.7552], [100.5643, 13.7552], [100.5641, 13.7553], [100.564, 13.7553], [100.5639, 13.7553], [100.5638, 13.7553], [100.5636, 13.7554], [100.5634, 13.7554], [100.563, 13.7554], [100.5629, 13.7554], [100.5626, 13.7554], [100.5625, 13.7554], [100.5624, 13.7555], [100.5622, 13.7555], [100.5621, 13.7555], [100.5619, 13.7555], [100.5617, 13.7555], [100.5616, 13.7555], [100.5613, 13.7556], [100.5612, 13.7556], [100.561, 13.7556], [100.5608, 13.7556], [100.5606, 13.7556], [100.5605, 13.7556], [100.5604, 13.7556], [100.5603, 13.7556], [100.56, 13.7556], [100.5599, 13.7556], [100.5598, 13.7557], [100.5596, 13.7557], [100.5595, 13.7557], [100.5594, 13.7557], [100.5593, 13.7557], [100.5592, 13.7557], [100.559, 13.7558], [100.5588, 13.7558], [100.5588, 13.7558], [100.5586, 13.7558], [100.5584, 13.7558], [100.5583, 13.7558], [100.558, 13.7558], [100.5579, 13.7558], [100.5577, 13.7558], [100.5576, 13.7558], [100.5575, 13.7558], [100.5575, 13.7558], [100.5574, 13.7558], [100.5574, 13.7558], [100.5573, 13.7558], [100.5572, 13.7558], [100.5571, 13.7558], [100.5571, 13.7558], [100.557, 13.7558], [100.5569, 13.7558], [100.5568, 13.7558], [100.5568, 13.7558], [100.5567, 13.7558], [100.5567, 13.7558], [100.5566, 13.7558], [100.5566, 13.7559], [100.5565, 13.7559], [100.5564, 13.7559], [100.5564, 13.7559], [100.5563, 13.7559], [100.5563, 13.756], [100.5562, 13.756], [100.5562, 13.756], [100.5561, 13.756], [100.556, 13.756], [100.5559, 13.756], [100.5559, 13.756], [100.5558, 13.756], [100.5558, 13.756], [100.5557, 13.756], [100.5557, 13.756], [100.5556, 13.756], [100.5555, 13.756], [100.5554, 13.756], [100.5553, 13.756], [100.5552, 13.756], [100.5551, 13.756], [100.5551, 13.756], [100.555, 13.756], [100.555, 13.756], [100.5549, 13.756], [100.5549, 13.756], [100.5549, 13.756], [100.5547, 13.7561], [100.5547, 13.7561], [100.5547, 13.7561], [100.5547, 13.7561], [100.5546, 13.7561], [100.5545, 13.7561], [100.5544, 13.7561], [100.5543, 13.7561], [100.5542, 13.7561], [100.5541, 13.7561], [100.554, 13.7561], [100.5539, 13.756], [100.5538, 13.7559], [100.5538, 13.7559], [100.5537, 13.7559], [100.5535, 13.7559], [100.5534, 13.7559], [100.5533, 13.756], [100.5532, 13.756], [100.5532, 13.756], [100.5531, 13.756], [100.553, 13.756], [100.5528, 13.756], [100.5526, 13.756], [100.5525, 13.756], [100.5525, 13.756], [100.5525, 13.756], [100.5524, 13.756], [100.5524, 13.7561], [100.5522, 13.7565], [100.5521, 13.7566], [100.5521, 13.7566], [100.552, 13.7567], [100.5519, 13.7568], [100.5519, 13.7568], [100.5518, 13.7569], [100.5517, 13.757], [100.5517, 13.757], [100.5516, 13.7572], [100.5516, 13.7573], [100.5515, 13.7574], [100.5515, 13.7575], [100.5514, 13.7576], [100.5513, 13.7577], [100.5512, 13.7578], [100.5511, 13.7579], [100.5511, 13.758], [100.551, 13.758], [100.5509, 13.7581], [100.5509, 13.7582], [100.5508, 13.7583], [100.5507, 13.7584], [100.5506, 13.7585], [100.5506, 13.7586], [100.5504, 13.7587], [100.5503, 13.7587], [100.5502, 13.7588], [100.5501, 13.7588], [100.55, 13.7589], [100.5498, 13.7589], [100.5497, 13.759], [100.5496, 13.759], [100.5495, 13.759], [100.5494, 13.7591], [100.5492, 13.7592], [100.5491, 13.7592], [100.549, 13.7592], [100.549, 13.7593], [100.5488, 13.7593], [100.5488, 13.7593], [100.5487, 13.7594], [100.5486, 13.7594], [100.5485, 13.7594], [100.5484, 13.7594], [100.5484, 13.7595], [100.5483, 13.7595], [100.5482, 13.7596], [100.5481, 13.7597], [100.548, 13.7597], [100.548, 13.7597], [100.5479, 13.7597], [100.5478, 13.7597], [100.5477, 13.7597], [100.5476, 13.7597], [100.5475, 13.7598], [100.5475, 13.7598], [100.5474, 13.7598], [100.5474, 13.7599], [100.5473, 13.7599], [100.5473, 13.7601], [100.5473, 13.7602], [100.5473, 13.7603], [100.5473, 13.7604], [100.5471, 13.7605], [100.5471, 13.7605], [100.547, 13.7605], [100.5469, 13.7605], [100.5469, 13.7605], [100.5467, 13.7604], [100.5465, 13.7604], [100.5463, 13.7604], [100.5462, 13.7604], [100.5461, 13.7605], [100.5461, 13.7605], [100.5461, 13.7605], [100.546, 13.7606], [100.5459, 13.7607], [100.5459, 13.7608], [100.5458, 13.7608], [100.5457, 13.761], [100.5457, 13.7611], [100.5457, 13.7612], [100.5456, 13.7612], [100.5456, 13.7613], [100.5455, 13.7613], [100.5455, 13.7614], [100.5454, 13.7614], [100.5453, 13.7615], [100.5452, 13.7615], [100.5452, 13.7615], [100.5451, 13.7615], [100.545, 13.7616], [100.545, 13.7616], [100.5449, 13.7617], [100.5447, 13.7618], [100.5446, 13.7619], [100.5441, 13.7622], [100.544, 13.7624], [100.5438, 13.7625], [100.5437, 13.7625], [100.5435, 13.7626], [100.5434, 13.7627], [100.5434, 13.7627], [100.5433, 13.7628], [100.5432, 13.7628], [100.5432, 13.7628], [100.543, 13.7629], [100.543, 13.763], [100.543, 13.763], [100.5429, 13.763], [100.5429, 13.7631], [100.5429, 13.7631], [100.5429, 13.7632], [100.5428, 13.7633], [100.5428, 13.7633], [100.5426, 13.7635], [100.5426, 13.7635], [100.5425, 13.7636], [100.5425, 13.7636], [100.5424, 13.7637], [100.5423, 13.7637], [100.5415, 13.764], [100.5414, 13.7641], [100.541, 13.7647], [100.5406, 13.7651], [100.54, 13.7654], [100.5398, 13.7655], [100.5397, 13.7655], [100.5396, 13.7656], [100.5393, 13.7658], [100.5389, 13.7661], [100.5386, 13.7663], [100.5384, 13.7665], [100.5381, 13.7666], [100.538, 13.7668], [100.5377, 13.7669], [100.5376, 13.767], [100.5375, 13.767], [100.5375, 13.767], [100.5374, 13.7672], [100.5372, 13.7674], [100.5371, 13.7675], [100.5371, 13.7675], [100.537, 13.7676], [100.5369, 13.7676], [100.5367, 13.7677], [100.5367, 13.7677], [100.5365, 13.7679], [100.5365, 13.768], [100.5363, 13.7682], [100.5363, 13.7682], [100.5362, 13.7683], [100.5358, 13.7684], [100.5355, 13.7686], [100.535, 13.769], [100.5347, 13.7693], [100.5343, 13.7697], [100.5342, 13.7698], [100.5341, 13.7699], [100.5339, 13.77], [100.5336, 13.7701], [100.5335, 13.7702], [100.5335, 13.7703], [100.5334, 13.7703], [100.5334, 13.7704], [100.5334, 13.7704], [100.5333, 13.7705], [100.533, 13.7707], [100.5327, 13.7709], [100.5325, 13.7711], [100.5324, 13.7711], [100.5323, 13.7712], [100.5317, 13.7716], [100.5315, 13.7717], [100.5313, 13.7719], [100.531, 13.7721], [100.5307, 13.7723], [100.5305, 13.7725], [100.5304, 13.7726], [100.5304, 13.7726], [100.5303, 13.7727], [100.53, 13.7728], [100.5294, 13.7732], [100.5291, 13.7735], [100.5288, 13.7737], [100.5287, 13.7738], [100.5284, 13.774], [100.528, 13.7742], [100.5279, 13.7743], [100.5278, 13.7743], [100.5261, 13.7699], [100.5242, 13.7654], [100.5231, 13.7627], [100.5209, 13.7573], [100.5209, 13.7571], [100.5206, 13.7564], [100.5195, 13.7537], [100.5191, 13.7527], [100.5194, 13.7526], [100.5196, 13.7526], [100.5197, 13.7525], [100.5197, 13.7525], [100.5198, 13.7525], [100.5202, 13.7524], [100.5203, 13.7523], [100.5205, 13.7522], [100.5208, 13.752], [100.5212, 13.7517], [100.5221, 13.7512], [100.5231, 13.7507], [100.5233, 13.7506], [100.5234, 13.7505], [100.5235, 13.7504], [100.524, 13.7502], [100.5244, 13.7499], [100.5245, 13.7498], [100.5248, 13.7496], [100.525, 13.7494], [100.5251, 13.7494], [100.5252, 13.7493], [100.5253, 13.7493], [100.5253, 13.7493], [100.5254, 13.7493], [100.5255, 13.7493], [100.526, 13.7494], [100.5265, 13.7495], [100.5266, 13.7495], [100.5268, 13.7496], [100.5271, 13.7496], [100.5272, 13.7496], [100.5273, 13.7496], [100.5275, 13.7497], [100.5276, 13.7497], [100.5277, 13.7497], [100.5278, 13.7496], [100.5278, 13.7496], [100.5279, 13.7496], [100.5282, 13.7496], [100.5284, 13.7496], [100.5285, 13.7495], [100.5291, 13.7494], [100.5293, 13.7494], [100.5296, 13.7493], [100.5299, 13.7493], [100.53, 13.7493], [100.5303, 13.7493], [100.5309, 13.7493], [100.5311, 13.7493], [100.5312, 13.7493], [100.5315, 13.7492], [100.532, 13.7492], [100.5326, 13.7491], [100.533, 13.7491], [100.5333, 13.7491], [100.5334, 13.7491], [100.5338, 13.7492], [100.5341, 13.7492], [100.5344, 13.7492], [100.5347, 13.7493], [100.535, 13.7493], [100.5355, 13.7494], [100.5355, 13.7494], [100.5356, 13.7495], [100.5357, 13.7495], [100.536, 13.7496], [100.536, 13.7496], [100.5361, 13.7496], [100.5363, 13.7497], [100.5367, 13.7497], [100.5369, 13.7497], [100.5374, 13.7497], [100.5379, 13.7497], [100.5383, 13.7496], [100.5385, 13.7496], [100.5386, 13.7496], [100.5387, 13.7496], [100.5389, 13.7496], [100.539, 13.7496], [100.5391, 13.7496], [100.5393, 13.7496], [100.5393, 13.7496], [100.5394, 13.7496], [100.5395, 13.7495], [100.5396, 13.7495], [100.5398, 13.7495], [100.54, 13.7494], [100.5401, 13.7494], [100.5401, 13.7494], [100.5402, 13.7495], [100.5403, 13.7495], [100.5404, 13.7495], [100.5405, 13.7495], [100.5406, 13.7495], [100.5408, 13.7495], [100.541, 13.7494]]]}, "properties": {"DISTRICT_N": "ราชเทวี", "CODE": 1037, "AREA_BMA": 7.12599993}}, {"type": "Feature", "geometry": {"type": "Polygon", "coordinates": [[[100.5823, 13.6978], [100.5837, 13.6965], [100.5843, 13.6961], [100.5856, 13.6968], [100.59, 13.699], [100.5928, 13.7004], [100.5929, 13.7004], [100.5978, 13.7029], [100.5981, 13.703], [100.5998, 13.7039], [100.5999, 13.7039], [100.6002, 13.7041], [100.6006, 13.7042], [100.6008, 13.7043], [100.6014, 13.7046], [100.6016, 13.7047], [100.6015, 13.7051], [100.6011, 13.7058], [100.6008, 13.7063], [100.6006, 13.7068], [100.6006, 13.7069], [100.6003, 13.7074], [100.6001, 13.7078], [100.6, 13.708], [100.5997, 13.7086], [100.5996, 13.7089], [100.5995, 13.709], [100.5994, 13.7092], [100.5993, 13.7093], [100.5992, 13.7095], [100.5991, 13.7096], [100.599, 13.7097], [100.5987, 13.71], [100.5985, 13.7102], [100.5983, 13.7103], [100.598, 13.7106], [100.5976, 13.7108], [100.5973, 13.711], [100.5971, 13.7111], [100.5969, 13.7113], [100.5958, 13.7121], [100.5951, 13.7126], [100.5943, 13.7131], [100.5942, 13.7133], [100.5935, 13.7137], [100.5929, 13.7142], [100.5923, 13.7146], [100.5914, 13.7152], [100.5899, 13.7163], [100.5897, 13.7165], [100.5889, 13.7171], [100.5887, 13.7172], [100.5883, 13.7175], [100.5882, 13.7175], [100.5881, 13.7176], [100.5875, 13.7181], [100.5868, 13.7186], [100.5861, 13.7191], [100.5856, 13.7194], [100.5851, 13.7198], [100.5845, 13.7201], [100.5845, 13.7202], [100.5838, 13.7206], [100.5832, 13.7211], [100.583, 13.7212], [100.583, 13.7212], [100.5828, 13.7214], [100.5823, 13.7217], [100.5817, 13.7221], [100.5813, 13.7224], [100.5813, 13.7225], [100.5811, 13.7225], [100.5805, 13.723], [100.5803, 13.7232], [100.5802, 13.7232], [100.5799, 13.7234], [100.5795, 13.7237], [100.5794, 13.7238], [100.5794, 13.7238], [100.5791, 13.724], [100.5786, 13.7243], [100.5786, 13.7243], [100.5786, 13.7243], [100.5785, 13.7244], [100.5785, 13.7244], [100.5781, 13.7247], [100.5777, 13.725], [100.5777, 13.725], [100.5776, 13.725], [100.5774, 13.7252], [100.5772, 13.7254], [100.5771, 13.7254], [100.5767, 13.7257], [100.5765, 13.7258], [100.5765, 13.7258], [100.5762, 13.7261], [100.5756, 13.7265], [100.5755, 13.7265], [100.5755, 13.7265], [100.5748, 13.727], [100.5743, 13.7274], [100.5743, 13.7274], [100.5736, 13.7278], [100.5728, 13.7284], [100.5727, 13.7285], [100.5718, 13.7291], [100.5717, 13.7292], [100.5713, 13.7295], [100.5705, 13.7301], [100.5704, 13.7301], [100.5702, 13.7302], [100.5702, 13.7303], [100.5691, 13.7311], [100.5687, 13.7313], [100.5686, 13.7314], [100.5681, 13.7317], [100.5681, 13.7318], [100.5677, 13.732], [100.5676, 13.7321], [100.5671, 13.7325], [100.567, 13.7325], [100.5666, 13.7328], [100.5661, 13.7331], [100.5661, 13.7332], [100.5657, 13.7334], [100.5653, 13.7337], [100.5651, 13.7338], [100.5651, 13.7338], [100.5647, 13.7341], [100.5642, 13.7345], [100.5641, 13.7345], [100.5636, 13.7349], [100.5634, 13.735], [100.5634, 13.7351], [100.5628, 13.7354], [100.5627, 13.7356], [100.5626, 13.7356], [100.5624, 13.7358], [100.5622, 13.7359], [100.5619, 13.7362], [100.5616, 13.7364], [100.5612, 13.7366], [100.5611, 13.7367], [100.561, 13.7368], [100.5604, 13.7372], [100.5603, 13.7372], [100.56, 13.7374], [100.5599, 13.7376], [100.5598, 13.7376], [100.5597, 13.7377], [100.5596, 13.7377], [100.5591, 13.7381], [100.559, 13.7381], [100.5589, 13.7382], [100.5576, 13.7392], [100.5573, 13.7394], [100.5572, 13.7394], [100.5568, 13.7397], [100.5568, 13.7397], [100.5565, 13.7399], [100.5565, 13.7399], [100.5565, 13.7399], [100.5562, 13.7401], [100.5561, 13.7401], [100.5559, 13.7404], [100.5558, 13.7404], [100.5557, 13.7404], [100.5555, 13.7406], [100.5555, 13.7406], [100.555, 13.741], [100.5549, 13.7411], [100.5549, 13.7411], [100.5546, 13.7413], [100.5544, 13.7415], [100.5542, 13.7416], [100.5541, 13.7416], [100.5541, 13.7416], [100.554, 13.7417], [100.5536, 13.7419], [100.5536, 13.7419], [100.5534, 13.742], [100.5534, 13.7421], [100.5532, 13.7422], [100.5531, 13.7422], [100.5528, 13.7423], [100.5527, 13.7424], [100.5525, 13.7424], [100.5523, 13.7425], [100.5522, 13.7425], [100.5519, 13.7426], [100.5518, 13.7426], [100.5517, 13.7427], [100.5516, 13.7427], [100.5515, 13.7427], [100.5515, 13.7427], [100.551, 13.7428], [100.5509, 13.7428], [100.5509, 13.7428], [100.5507, 13.7429], [100.5508, 13.7424], [100.5508, 13.7417], [100.5509, 13.7412], [100.551, 13.7406], [100.5511, 13.7399], [100.5512, 13.7387], [100.5516, 13.7352], [100.5517, 13.7337], [100.5524, 13.7277], [100.5525, 13.7269], [100.5525, 13.7264], [100.5526, 13.7259], [100.5528, 13.7241], [100.5529, 13.723], [100.5529, 13.7227], [100.553, 13.7216], [100.5532, 13.7201], [100.5533, 13.7189], [100.5534, 13.7184], [100.5535, 13.7179], [100.5536, 13.7173], [100.5537, 13.7166], [100.5537, 13.7166], [100.5541, 13.7132], [100.5541, 13.7131], [100.5542, 13.7122], [100.5542, 13.7119], [100.5543, 13.7113], [100.5543, 13.7107], [100.5543, 13.7106], [100.5543, 13.7103], [100.5544, 13.7102], [100.5544, 13.71], [100.5544, 13.7097], [100.5544, 13.7096], [100.5544, 13.7096], [100.5549, 13.7056], [100.5572, 13.7063], [100.5581, 13.7064], [100.5599, 13.7065], [100.5613, 13.7063], [100.5639, 13.7057], [100.5702, 13.7035], [100.5747, 13.7018], [100.5801, 13.6994], [100.5817, 13.6984], [100.5823, 13.6978]]]}, "properties": {"DISTRICT_N": "คลองเตย", "CODE": 1033, "AREA_BMA": 12.99400043}}, {"type": "Feature", "geometry": {"type": "Polygon", "coordinates": [[[100.5845, 13.7201], [100.5851, 13.7198], [100.5856, 13.7194], [100.5861, 13.7191], [100.5868, 13.7186], [100.5875, 13.7181], [100.5881, 13.7176], [100.5882, 13.7175], [100.5883, 13.7175], [100.5887, 13.7172], [100.5889, 13.7171], [100.5897, 13.7165], [100.5899, 13.7163], [100.5914, 13.7152], [100.5923, 13.7146], [100.5929, 13.7142], [100.5935, 13.7137], [100.5942, 13.7133], [100.5943, 13.7131], [100.5951, 13.7126], [100.5958, 13.7121], [100.5969, 13.7113], [100.5971, 13.7111], [100.5973, 13.711], [100.5976, 13.7108], [100.598, 13.7106], [100.5983, 13.7103], [100.5985, 13.7102], [100.5987, 13.71], [100.599, 13.7097], [100.5991, 13.7096], [100.5992, 13.7095], [100.5993, 13.7093], [100.5994, 13.7092], [100.5995, 13.709], [100.5996, 13.7089], [100.5997, 13.7086], [100.6, 13.708], [100.6001, 13.7078], [100.6003, 13.7074], [100.6006, 13.7069], [100.6006, 13.7068], [100.6008, 13.7063], [100.6011, 13.7058], [100.6015, 13.7051], [100.6016, 13.7047], [100.6017, 13.7047], [100.6018, 13.7047], [100.602, 13.7048], [100.6025, 13.705], [100.6027, 13.7052], [100.6029, 13.7052], [100.6029, 13.7052], [100.603, 13.7053], [100.6031, 13.7054], [100.6032, 13.7054], [100.6033, 13.7054], [100.6034, 13.7055], [100.6036, 13.7055], [100.6038, 13.7057], [100.604, 13.7057], [100.604, 13.7058], [100.605, 13.7062], [100.6052, 13.7062], [100.6057, 13.7065], [100.6058, 13.7065], [100.6057, 13.7066], [100.6056, 13.7069], [100.6055, 13.707], [100.6055, 13.707], [100.6054, 13.7071], [100.6054, 13.7071], [100.6052, 13.7071], [100.6052, 13.7071], [100.6052, 13.7072], [100.6052, 13.7072], [100.6052, 13.7074], [100.6052, 13.7074], [100.6052, 13.7075], [100.6052, 13.7076], [100.6052, 13.7076], [100.6051, 13.7076], [100.6049, 13.7076], [100.6049, 13.7077], [100.6048, 13.7077], [100.6048, 13.7077], [100.6048, 13.7079], [100.6048, 13.708], [100.6047, 13.7081], [100.6047, 13.7083], [100.6046, 13.7084], [100.6046, 13.7084], [100.6045, 13.7085], [100.6045, 13.7086], [100.6043, 13.7086], [100.6043, 13.7087], [100.6043, 13.7087], [100.6042, 13.709], [100.6041, 13.7092], [100.6041, 13.7092], [100.6039, 13.7094], [100.6037, 13.7095], [100.6037, 13.7096], [100.6036, 13.7098], [100.6036, 13.7099], [100.6036, 13.71], [100.6035, 13.7102], [100.6035, 13.7103], [100.6035, 13.7103], [100.6033, 13.7106], [100.6032, 13.7108], [100.6032, 13.7108], [100.6032, 13.711], [100.6031, 13.7111], [100.603, 13.7114], [100.6029, 13.7116], [100.6029, 13.7116], [100.6028, 13.7117], [100.6027, 13.7118], [100.6027, 13.7119], [100.6027, 13.712], [100.6026, 13.7121], [100.6026, 13.7121], [100.6025, 13.7121], [100.6024, 13.7121], [100.6023, 13.712], [100.6023, 13.712], [100.6022, 13.712], [100.6021, 13.7119], [100.602, 13.7119], [100.6019, 13.712], [100.6019, 13.7122], [100.6019, 13.7124], [100.6019, 13.7126], [100.602, 13.7129], [100.6022, 13.7131], [100.6023, 13.7133], [100.6023, 13.7133], [100.6025, 13.7134], [100.6027, 13.7135], [100.6031, 13.7136], [100.6035, 13.7137], [100.6043, 13.7139], [100.6047, 13.7139], [100.6051, 13.7139], [100.6053, 13.7139], [100.6054, 13.7139], [100.6055, 13.714], [100.6057, 13.7141], [100.6058, 13.7143], [100.6061, 13.7147], [100.6065, 13.7151], [100.6066, 13.7157], [100.6066, 13.7158], [100.6067, 13.7161], [100.6067, 13.7162], [100.6068, 13.7163], [100.6068, 13.7163], [100.6068, 13.7163], [100.6068, 13.7165], [100.6067, 13.7165], [100.6067, 13.7165], [100.6067, 13.7165], [100.6066, 13.7165], [100.6066, 13.7169], [100.6065, 13.7172], [100.6064, 13.7174], [100.6064, 13.7175], [100.6064, 13.7176], [100.6064, 13.7176], [100.6064, 13.7177], [100.6064, 13.7177], [100.6064, 13.7177], [100.6064, 13.7177], [100.6063, 13.7178], [100.6062, 13.7181], [100.6062, 13.7182], [100.6062, 13.7183], [100.6062, 13.7183], [100.6062, 13.7183], [100.6063, 13.7184], [100.6063, 13.7184], [100.6064, 13.7184], [100.6065, 13.7185], [100.6066, 13.7185], [100.6066, 13.7186], [100.6068, 13.7187], [100.6068, 13.7188], [100.6068, 13.7189], [100.6068, 13.7189], [100.6068, 13.7189], [100.6068, 13.719], [100.6068, 13.719], [100.6068, 13.7191], [100.6067, 13.7191], [100.6067, 13.7192], [100.6066, 13.7192], [100.6066, 13.7193], [100.6064, 13.7195], [100.6063, 13.7196], [100.6063, 13.7196], [100.6062, 13.7197], [100.6061, 13.7198], [100.606, 13.7198], [100.6059, 13.7198], [100.6057, 13.7199], [100.6057, 13.7199], [100.6055, 13.72], [100.6054, 13.72], [100.6053, 13.72], [100.6053, 13.7201], [100.6053, 13.7201], [100.6053, 13.7201], [100.6053, 13.7202], [100.6053, 13.7203], [100.6054, 13.7203], [100.6055, 13.7205], [100.6056, 13.7205], [100.6057, 13.7206], [100.6058, 13.7208], [100.6059, 13.7209], [100.6059, 13.721], [100.6059, 13.7212], [100.6059, 13.7212], [100.6059, 13.7213], [100.6059, 13.7214], [100.6059, 13.7214], [100.6059, 13.7215], [100.6059, 13.7215], [100.6059, 13.7216], [100.6059, 13.7218], [100.6059, 13.7219], [100.6058, 13.722], [100.6058, 13.7221], [100.6058, 13.7221], [100.6057, 13.7223], [100.6057, 13.7224], [100.6057, 13.7226], [100.6056, 13.7228], [100.6056, 13.7233], [100.6055, 13.7235], [100.6055, 13.7236], [100.6055, 13.7238], [100.6055, 13.7241], [100.6055, 13.7243], [100.6054, 13.7248], [100.6054, 13.7251], [100.6054, 13.7254], [100.6054, 13.7258], [100.6054, 13.7262], [100.6054, 13.7265], [100.6054, 13.7266], [100.6054, 13.7268], [100.6053, 13.7271], [100.6052, 13.7277], [100.6051, 13.7279], [100.605, 13.7281], [100.605, 13.7282], [100.6049, 13.7288], [100.6049, 13.7293], [100.6048, 13.7298], [100.6047, 13.7313], [100.6047, 13.7315], [100.6047, 13.7315], [100.6047, 13.7316], [100.6047, 13.7316], [100.6046, 13.7317], [100.6046, 13.7321], [100.6046, 13.7332], [100.6047, 13.7334], [100.6047, 13.7335], [100.6047, 13.7336], [100.6046, 13.7336], [100.6046, 13.7336], [100.6046, 13.7336], [100.6046, 13.7336], [100.6046, 13.7341], [100.6046, 13.7343], [100.6046, 13.7344], [100.6045, 13.7345], [100.6045, 13.7347], [100.6046, 13.7351], [100.6046, 13.7355], [100.6047, 13.7361], [100.6048, 13.737], [100.6049, 13.7375], [100.605, 13.7377], [100.6049, 13.7377], [100.6048, 13.7377], [100.6046, 13.7378], [100.6039, 13.7378], [100.6037, 13.7378], [100.6035, 13.7379], [100.6026, 13.7381], [100.6026, 13.7381], [100.6026, 13.7381], [100.6025, 13.7381], [100.6025, 13.738], [100.6025, 13.738], [100.6025, 13.738], [100.6024, 13.738], [100.6021, 13.738], [100.6018, 13.738], [100.6016, 13.7381], [100.6013, 13.7381], [100.6011, 13.7382], [100.601, 13.7382], [100.6009, 13.7382], [100.6008, 13.7382], [100.6006, 13.7382], [100.6005, 13.7382], [100.6002, 13.7382], [100.6, 13.7381], [100.5999, 13.7381], [100.5997, 13.7381], [100.5994, 13.7381], [100.599, 13.7382], [100.5988, 13.7382], [100.5985, 13.7383], [100.5985, 13.7383], [100.5985, 13.7383], [100.5984, 13.7384], [100.5984, 13.7384], [100.5984, 13.7385], [100.5983, 13.7386], [100.5983, 13.7386], [100.5984, 13.7387], [100.5984, 13.7389], [100.5984, 13.739], [100.5985, 13.7393], [100.5986, 13.7396], [100.5988, 13.7403], [100.5989, 13.7405], [100.5989, 13.7406], [100.5989, 13.7407], [100.5988, 13.7408], [100.5988, 13.7408], [100.5987, 13.7408], [100.5983, 13.741], [100.5982, 13.741], [100.5982, 13.741], [100.5976, 13.7412], [100.5973, 13.7412], [100.597, 13.7412], [100.5967, 13.7412], [100.5967, 13.7412], [100.5967, 13.7412], [100.5966, 13.7412], [100.596, 13.7413], [100.5952, 13.7415], [100.5948, 13.7416], [100.5937, 13.7418], [100.5928, 13.7419], [100.5923, 13.742], [100.5917, 13.7421], [100.5906, 13.7423], [100.5898, 13.7425], [100.5895, 13.7425], [100.5888, 13.7427], [100.5878, 13.7429], [100.5877, 13.7429], [100.5867, 13.7431], [100.586, 13.7432], [100.5857, 13.7433], [100.5853, 13.7433], [100.5849, 13.7434], [100.5846, 13.7435], [100.5844, 13.7435], [100.5835, 13.7438], [100.582, 13.7441], [100.5806, 13.7446], [100.5802, 13.7446], [100.5801, 13.7446], [100.5801, 13.7446], [100.5798, 13.7447], [100.5798, 13.7447], [100.5797, 13.7447], [100.5797, 13.7447], [100.5797, 13.7447], [100.5796, 13.7447], [100.5796, 13.7448], [100.5795, 13.7448], [100.5793, 13.7448], [100.5792, 13.7448], [100.5791, 13.7448], [100.579, 13.7448], [100.5789, 13.7449], [100.5788, 13.7449], [100.5787, 13.7449], [100.5786, 13.7449], [100.5784, 13.745], [100.5781, 13.745], [100.578, 13.7451], [100.5777, 13.7451], [100.5772, 13.7452], [100.5765, 13.7454], [100.5759, 13.7455], [100.5754, 13.7456], [100.5751, 13.7456], [100.5749, 13.7456], [100.5747, 13.7457], [100.5746, 13.7457], [100.5743, 13.7457], [100.5739, 13.7458], [100.5737, 13.7459], [100.5732, 13.7461], [100.573, 13.7461], [100.5729, 13.7461], [100.5726, 13.7462], [100.5723, 13.7463], [100.5721, 13.7463], [100.5719, 13.7463], [100.5716, 13.7464], [100.5714, 13.7464], [100.571, 13.7464], [100.5708, 13.7465], [100.5707, 13.7465], [100.5706, 13.7465], [100.5706, 13.7466], [100.5705, 13.7466], [100.5705, 13.7465], [100.5703, 13.7466], [100.5702, 13.7466], [100.5698, 13.7467], [100.5695, 13.7467], [100.5693, 13.7468], [100.5691, 13.7468], [100.5691, 13.7468], [100.569, 13.7468], [100.569, 13.7468], [100.5689, 13.7468], [100.5689, 13.7468], [100.5689, 13.7469], [100.5688, 13.7469], [100.5688, 13.7468], [100.5685, 13.7469], [100.5682, 13.7469], [100.5678, 13.747], [100.5675, 13.747], [100.5673, 13.7471], [100.5669, 13.7472], [100.5666, 13.7472], [100.5664, 13.7473], [100.566, 13.7474], [100.5657, 13.7475], [100.5656, 13.7475], [100.5654, 13.7476], [100.5651, 13.7476], [100.5648, 13.7477], [100.5647, 13.7477], [100.5645, 13.7477], [100.5645, 13.7477], [100.5643, 13.7477], [100.5639, 13.7478], [100.5638, 13.7478], [100.5636, 13.7478], [100.5633, 13.7478], [100.5632, 13.7479], [100.5631, 13.7479], [100.5628, 13.7479], [100.5623, 13.748], [100.5613, 13.7482], [100.5608, 13.7483], [100.5606, 13.7483], [100.5602, 13.7484], [100.5589, 13.7485], [100.5585, 13.7485], [100.5583, 13.7485], [100.558, 13.7485], [100.5575, 13.7484], [100.5569, 13.7483], [100.5563, 13.7484], [100.5558, 13.7483], [100.555, 13.7483], [100.5547, 13.7483], [100.5544, 13.7483], [100.5538, 13.7483], [100.5534, 13.7483], [100.5529, 13.7484], [100.5525, 13.7484], [100.5523, 13.7484], [100.5519, 13.7484], [100.5517, 13.7484], [100.5514, 13.7484], [100.5513, 13.7484], [100.5513, 13.7484], [100.5512, 13.7484], [100.5509, 13.7484], [100.5507, 13.7484], [100.5504, 13.7484], [100.5503, 13.7484], [100.5501, 13.7485], [100.55, 13.7485], [100.55, 13.7484], [100.5501, 13.7479], [100.5502, 13.7471], [100.5503, 13.7459], [100.5504, 13.7453], [100.5504, 13.7451], [100.5504, 13.7451], [100.5504, 13.745], [100.5505, 13.7448], [100.5507, 13.7431], [100.5507, 13.7429], [100.5509, 13.7428], [100.5509, 13.7428], [100.551, 13.7428], [100.5515, 13.7427], [100.5515, 13.7427], [100.5516, 13.7427], [100.5517, 13.7427], [100.5518, 13.7426], [100.5519, 13.7426], [100.5522, 13.7425], [100.5523, 13.7425], [100.5525, 13.7424], [100.5527, 13.7424], [100.5528, 13.7423], [100.5531, 13.7422], [100.5532, 13.7422], [100.5534, 13.7421], [100.5534, 13.742], [100.5536, 13.7419], [100.5536, 13.7419], [100.554, 13.7417], [100.5541, 13.7416], [100.5541, 13.7416], [100.5542, 13.7416], [100.5544, 13.7415], [100.5546, 13.7413], [100.5549, 13.7411], [100.5549, 13.7411], [100.555, 13.741], [100.5555, 13.7406], [100.5555, 13.7406], [100.5557, 13.7404], [100.5558, 13.7404], [100.5559, 13.7404], [100.5561, 13.7401], [100.5562, 13.7401], [100.5565, 13.7399], [100.5565, 13.7399], [100.5565, 13.7399], [100.5568, 13.7397], [100.5568, 13.7397], [100.5572, 13.7394], [100.5573, 13.7394], [100.5576, 13.7392], [100.5589, 13.7382], [100.559, 13.7381], [100.5591, 13.7381], [100.5596, 13.7377], [100.5597, 13.7377], [100.5598, 13.7376], [100.5599, 13.7376], [100.56, 13.7374], [100.5603, 13.7372], [100.5604, 13.7372], [100.561, 13.7368], [100.5611, 13.7367], [100.5612, 13.7366], [100.5616, 13.7364], [100.5619, 13.7362], [100.5622, 13.7359], [100.5624, 13.7358], [100.5626, 13.7356], [100.5627, 13.7356], [100.5628, 13.7354], [100.5634, 13.7351], [100.5634, 13.735], [100.5636, 13.7349], [100.5641, 13.7345], [100.5642, 13.7345], [100.5647, 13.7341], [100.5651, 13.7338], [100.5651, 13.7338], [100.5657, 13.7334], [100.5661, 13.7332], [100.5661, 13.7331], [100.5666, 13.7328], [100.567, 13.7325], [100.5671, 13.7325], [100.5676, 13.7321], [100.5677, 13.732], [100.5681, 13.7318], [100.5681, 13.7317], [100.5686, 13.7314], [100.5687, 13.7313], [100.5691, 13.7311], [100.5702, 13.7303], [100.5702, 13.7302], [100.5704, 13.7301], [100.5705, 13.7301], [100.5713, 13.7295], [100.5717, 13.7292], [100.5718, 13.7291], [100.5727, 13.7285], [100.5728, 13.7284], [100.5736, 13.7278], [100.5743, 13.7274], [100.5743, 13.7274], [100.5748, 13.727], [100.5755, 13.7265], [100.5755, 13.7265], [100.5756, 13.7265], [100.5762, 13.7261], [100.5765, 13.7258], [100.5765, 13.7258], [100.5767, 13.7257], [100.5771, 13.7254], [100.5772, 13.7254], [100.5774, 13.7252], [100.5776, 13.725], [100.5777, 13.725], [100.5777, 13.725], [100.5781, 13.7247], [100.5785, 13.7244], [100.5785, 13.7244], [100.5786, 13.7243], [100.5786, 13.7243], [100.5786, 13.7243], [100.5791, 13.724], [100.5794, 13.7238], [100.5794, 13.7238], [100.5795, 13.7237], [100.5799, 13.7234], [100.5802, 13.7232], [100.5803, 13.7232], [100.5805, 13.723], [100.5811, 13.7225], [100.5813, 13.7225], [100.5813, 13.7224], [100.5817, 13.7221], [100.5823, 13.7217], [100.5828, 13.7214], [100.583, 13.7212], [100.583, 13.7212], [100.5832, 13.7211], [100.5838, 13.7206], [100.5845, 13.7202], [100.5845, 13.7201]]]}, "properties": {"DISTRICT_N": "วัฒนา", "CODE": 1039, "AREA_BMA": 12.56499958}}, {"type": "Feature", "geometry": {"type": "Polygon", "coordinates": [[[100.3306, 13.7729], [100.3306, 13.7722], [100.3304, 13.7706], [100.3304, 13.7701], [100.3304, 13.7698], [100.3303, 13.7691], [100.3302, 13.7687], [100.3301, 13.7682], [100.33, 13.7672], [100.33, 13.7669], [100.3301, 13.7657], [100.3302, 13.7644], [100.3302, 13.7638], [100.3299, 13.7614], [100.3316, 13.7613], [100.3318, 13.7606], [100.3319, 13.7602], [100.3331, 13.7602], [100.333, 13.7592], [100.3329, 13.7576], [100.3328, 13.7554], [100.334, 13.7553], [100.3341, 13.7552], [100.3341, 13.7544], [100.3344, 13.7533], [100.335, 13.7534], [100.3352, 13.7535], [100.3353, 13.7534], [100.3354, 13.7535], [100.3354, 13.7534], [100.3355, 13.7533], [100.3355, 13.7527], [100.3355, 13.7522], [100.3356, 13.7512], [100.3356, 13.75], [100.3356, 13.7489], [100.3355, 13.748], [100.3356, 13.7478], [100.3356, 13.7474], [100.3356, 13.7471], [100.3357, 13.7466], [100.336, 13.7458], [100.3358, 13.7456], [100.3353, 13.7455], [100.3355, 13.7445], [100.3358, 13.7428], [100.3361, 13.7417], [100.3357, 13.7416], [100.3361, 13.7405], [100.3363, 13.7405], [100.3363, 13.74], [100.3363, 13.7397], [100.3366, 13.7383], [100.3368, 13.7372], [100.3371, 13.7371], [100.3373, 13.7371], [100.3374, 13.7364], [100.3374, 13.7362], [100.3374, 13.7361], [100.3375, 13.7361], [100.3381, 13.7362], [100.3383, 13.7362], [100.3387, 13.7363], [100.3389, 13.7364], [100.339, 13.7364], [100.339, 13.7364], [100.3391, 13.7364], [100.3393, 13.7365], [100.3397, 13.7365], [100.3398, 13.7366], [100.3403, 13.7366], [100.3418, 13.7367], [100.3425, 13.7367], [100.3429, 13.7368], [100.3435, 13.7368], [100.3436, 13.7368], [100.3438, 13.7368], [100.344, 13.7369], [100.3441, 13.7369], [100.3445, 13.7369], [100.3449, 13.7369], [100.3451, 13.7369], [100.3454, 13.7369], [100.3458, 13.7369], [100.346, 13.737], [100.3462, 13.737], [100.3463, 13.737], [100.3464, 13.737], [100.3469, 13.737], [100.3471, 13.737], [100.3473, 13.737], [100.3475, 13.737], [100.3477, 13.737], [100.3479, 13.7371], [100.3481, 13.7371], [100.3483, 13.7371], [100.3485, 13.7371], [100.3492, 13.7372], [100.3498, 13.7372], [100.3505, 13.7373], [100.351, 13.7373], [100.351, 13.7373], [100.3511, 13.7373], [100.3511, 13.7373], [100.3512, 13.7373], [100.3513, 13.7373], [100.3514, 13.7373], [100.3516, 13.7373], [100.352, 13.7373], [100.3523, 13.7374], [100.3524, 13.7374], [100.3526, 13.7374], [100.3526, 13.7374], [100.3528, 13.7374], [100.353, 13.7375], [100.3531, 13.7374], [100.3532, 13.7374], [100.3533, 13.7374], [100.3534, 13.7374], [100.3535, 13.7374], [100.3536, 13.7374], [100.3536, 13.7374], [100.3537, 13.7375], [100.3537, 13.7375], [100.3538, 13.7375], [100.3539, 13.7375], [100.3539, 13.7375], [100.354, 13.7376], [100.3541, 13.7376], [100.3542, 13.7376], [100.3548, 13.7376], [100.355, 13.7376], [100.3556, 13.7376], [100.3559, 13.7377], [100.356, 13.7377], [100.3562, 13.7377], [100.3565, 13.7377], [100.3567, 13.7377], [100.3571, 13.7378], [100.3573, 13.7378], [100.3576, 13.7378], [100.358, 13.7379], [100.3583, 13.7379], [100.3586, 13.7379], [100.3588, 13.7379], [100.359, 13.7379], [100.3591, 13.738], [100.3591, 13.738], [100.3591, 13.738], [100.3593, 13.738], [100.3594, 13.7379], [100.3594, 13.738], [100.3594, 13.738], [100.3594, 13.738], [100.3594, 13.738], [100.3594, 13.7381], [100.3593, 13.7381], [100.3593, 13.7382], [100.3592, 13.7384], [100.3592, 13.7385], [100.3591, 13.7386], [100.3591, 13.7387], [100.359, 13.7389], [100.359, 13.7389], [100.359, 13.739], [100.3589, 13.739], [100.3589, 13.7391], [100.3589, 13.7391], [100.3589, 13.7392], [100.3588, 13.7392], [100.3588, 13.7393], [100.3588, 13.7393], [100.3588, 13.7393], [100.3587, 13.7394], [100.3587, 13.7394], [100.3587, 13.7395], [100.3587, 13.7395], [100.3586, 13.7396], [100.3586, 13.7396], [100.3586, 13.7396], [100.3586, 13.7396], [100.3586, 13.7397], [100.3585, 13.7398], [100.3585, 13.7399], [100.3585, 13.7399], [100.3585, 13.74], [100.3585, 13.74], [100.3584, 13.74], [100.3584, 13.7401], [100.3584, 13.7401], [100.3584, 13.7402], [100.3584, 13.7402], [100.3584, 13.7402], [100.3583, 13.7403], [100.3583, 13.7403], [100.3583, 13.7404], [100.3583, 13.7405], [100.3582, 13.7405], [100.3582, 13.7406], [100.3582, 13.7406], [100.3582, 13.7406], [100.3582, 13.7407], [100.3582, 13.7407], [100.3581, 13.7407], [100.3581, 13.7408], [100.3581, 13.7408], [100.3581, 13.7408], [100.3581, 13.7409], [100.3581, 13.7409], [100.3581, 13.7409], [100.3581, 13.7409], [100.358, 13.741], [100.358, 13.741], [100.358, 13.741], [100.358, 13.7411], [100.358, 13.7411], [100.358, 13.7412], [100.3579, 13.7412], [100.3579, 13.7413], [100.3579, 13.7413], [100.3579, 13.7413], [100.3578, 13.7413], [100.3578, 13.7414], [100.3578, 13.7414], [100.3578, 13.7414], [100.3578, 13.7415], [100.3577, 13.7415], [100.3577, 13.7415], [100.3577, 13.7416], [100.3577, 13.7417], [100.3576, 13.7417], [100.3576, 13.7418], [100.3576, 13.7418], [100.3576, 13.7418], [100.3575, 13.7419], [100.3575, 13.7419], [100.3575, 13.742], [100.3575, 13.742], [100.3575, 13.7421], [100.3574, 13.7421], [100.3574, 13.7421], [100.3574, 13.7422], [100.3574, 13.7423], [100.3573, 13.7423], [100.3573, 13.7424], [100.3573, 13.7424], [100.3573, 13.7424], [100.3573, 13.7424], [100.3573, 13.7424], [100.3573, 13.7425], [100.3572, 13.7425], [100.3572, 13.7426], [100.3572, 13.7426], [100.3572, 13.7427], [100.3571, 13.7427], [100.3571, 13.7427], [100.3571, 13.7428], [100.3571, 13.7428], [100.3571, 13.7429], [100.357, 13.743], [100.357, 13.743], [100.357, 13.7431], [100.357, 13.7431], [100.357, 13.7431], [100.3569, 13.7432], [100.3569, 13.7432], [100.3569, 13.7432], [100.3569, 13.7433], [100.3569, 13.7433], [100.3568, 13.7434], [100.3568, 13.7434], [100.3568, 13.7435], [100.3568, 13.7435], [100.3568, 13.7435], [100.3568, 13.7436], [100.3568, 13.7436], [100.3568, 13.7437], [100.3567, 13.7437], [100.3567, 13.7437], [100.3567, 13.7438], [100.3567, 13.7438], [100.3566, 13.7438], [100.3566, 13.7439], [100.3566, 13.7439], [100.3566, 13.7439], [100.3566, 13.744], [100.3566, 13.744], [100.3566, 13.744], [100.3565, 13.7441], [100.3565, 13.7441], [100.3565, 13.7441], [100.3565, 13.7442], [100.3565, 13.7442], [100.3565, 13.7442], [100.3564, 13.7442], [100.3564, 13.7443], [100.3564, 13.7443], [100.3563, 13.7444], [100.3563, 13.7446], [100.3562, 13.7446], [100.3562, 13.7447], [100.3562, 13.7447], [100.3562, 13.7448], [100.3561, 13.7448], [100.3561, 13.7449], [100.3561, 13.7449], [100.3561, 13.745], [100.356, 13.745], [100.356, 13.7451], [100.3559, 13.7452], [100.3559, 13.7453], [100.3559, 13.7454], [100.3559, 13.7454], [100.3558, 13.7454], [100.3558, 13.7454], [100.3558, 13.7455], [100.3558, 13.7455], [100.3558, 13.7456], [100.3557, 13.7456], [100.3557, 13.7457], [100.3557, 13.7458], [100.3557, 13.7458], [100.3557, 13.7458], [100.3556, 13.7459], [100.3556, 13.7459], [100.3556, 13.746], [100.3555, 13.7461], [100.3555, 13.7462], [100.3555, 13.7462], [100.3555, 13.7463], [100.3555, 13.7463], [100.3555, 13.7463], [100.3555, 13.7464], [100.3554, 13.7464], [100.3554, 13.7465], [100.3554, 13.7465], [100.3553, 13.7465], [100.3553, 13.7466], [100.3553, 13.7467], [100.3552, 13.7468], [100.3552, 13.7468], [100.3552, 13.7469], [100.3551, 13.7469], [100.3551, 13.747], [100.355, 13.7471], [100.355, 13.7472], [100.355, 13.7472], [100.355, 13.7473], [100.3549, 13.7473], [100.3549, 13.7473], [100.3549, 13.7474], [100.3549, 13.7474], [100.3549, 13.7474], [100.3549, 13.7475], [100.3548, 13.7475], [100.3548, 13.7476], [100.3548, 13.7477], [100.3547, 13.7478], [100.3547, 13.7479], [100.3547, 13.7479], [100.3546, 13.7479], [100.3546, 13.748], [100.3546, 13.748], [100.3546, 13.748], [100.3545, 13.7481], [100.3545, 13.7482], [100.3544, 13.7484], [100.3544, 13.7485], [100.3543, 13.7486], [100.3543, 13.7487], [100.3542, 13.7488], [100.3542, 13.7488], [100.3542, 13.7488], [100.3542, 13.7488], [100.3542, 13.7489], [100.3541, 13.749], [100.3541, 13.749], [100.3541, 13.749], [100.3541, 13.7491], [100.3541, 13.7491], [100.3541, 13.7491], [100.354, 13.7492], [100.354, 13.7493], [100.354, 13.7493], [100.354, 13.7494], [100.3539, 13.7494], [100.3539, 13.7495], [100.3538, 13.7495], [100.3538, 13.7496], [100.3538, 13.7496], [100.3538, 13.7496], [100.3538, 13.7497], [100.3538, 13.7497], [100.3538, 13.7497], [100.3538, 13.7498], [100.3538, 13.7498], [100.3538, 13.7498], [100.3537, 13.7499], [100.3537, 13.7499], [100.3537, 13.75], [100.3537, 13.75], [100.3536, 13.75], [100.3536, 13.7501], [100.3536, 13.7501], [100.3536, 13.7502], [100.3536, 13.7503], [100.3535, 13.7503], [100.3535, 13.7504], [100.3535, 13.7505], [100.3534, 13.7506], [100.3534, 13.7507], [100.3534, 13.7507], [100.3533, 13.7508], [100.3533, 13.7508], [100.3533, 13.7508], [100.3533, 13.7508], [100.3533, 13.7509], [100.3532, 13.751], [100.3532, 13.751], [100.3532, 13.751], [100.3532, 13.7511], [100.3531, 13.7511], [100.3531, 13.7511], [100.3531, 13.7511], [100.3531, 13.7512], [100.3531, 13.7512], [100.3531, 13.7512], [100.3531, 13.7513], [100.353, 13.7513], [100.353, 13.7514], [100.353, 13.7514], [100.353, 13.7515], [100.353, 13.7515], [100.3529, 13.7515], [100.3529, 13.7516], [100.3529, 13.7516], [100.3529, 13.7516], [100.3529, 13.7517], [100.3528, 13.7517], [100.3528, 13.7518], [100.3528, 13.7518], [100.3528, 13.7519], [100.3527, 13.7519], [100.3527, 13.7519], [100.3527, 13.7519], [100.3527, 13.752], [100.3527, 13.752], [100.3527, 13.752], [100.3527, 13.752], [100.3527, 13.7521], [100.3529, 13.7522], [100.353, 13.7522], [100.3531, 13.7522], [100.3532, 13.7522], [100.3535, 13.7523], [100.3535, 13.7523], [100.3536, 13.7523], [100.3539, 13.7523], [100.3542, 13.7524], [100.3546, 13.7524], [100.355, 13.7525], [100.3553, 13.7526], [100.3557, 13.7526], [100.3558, 13.7527], [100.356, 13.7527], [100.3562, 13.7527], [100.3565, 13.7528], [100.3566, 13.7528], [100.3566, 13.7528], [100.3567, 13.7528], [100.3568, 13.7529], [100.357, 13.7529], [100.3571, 13.7529], [100.3572, 13.7529], [100.3572, 13.7529], [100.3574, 13.7529], [100.3575, 13.753], [100.3575, 13.753], [100.3576, 13.753], [100.3577, 13.753], [100.3579, 13.753], [100.3581, 13.7531], [100.3583, 13.7531], [100.3583, 13.7531], [100.3583, 13.7531], [100.3583, 13.7531], [100.3584, 13.7531], [100.3584, 13.7531], [100.3585, 13.7531], [100.3585, 13.7531], [100.3585, 13.7531], [100.3587, 13.7532], [100.3588, 13.7532], [100.3589, 13.7532], [100.3591, 13.7532], [100.3592, 13.7532], [100.3593, 13.7533], [100.3595, 13.7533], [100.3597, 13.7533], [100.3598, 13.7534], [100.3599, 13.7534], [100.3599, 13.7534], [100.36, 13.7534], [100.3601, 13.7534], [100.3603, 13.7534], [100.3604, 13.7534], [100.3604, 13.7535], [100.3605, 13.7535], [100.3606, 13.7535], [100.3607, 13.7535], [100.3609, 13.7535], [100.361, 13.7536], [100.3612, 13.7536], [100.3613, 13.7536], [100.3615, 13.7536], [100.3616, 13.7537], [100.3616, 13.7537], [100.362, 13.7537], [100.3622, 13.7538], [100.3624, 13.7538], [100.3625, 13.7538], [100.3625, 13.7538], [100.3626, 13.7538], [100.3626, 13.7538], [100.3627, 13.7538], [100.3628, 13.7539], [100.3628, 13.7539], [100.3629, 13.7539], [100.3629, 13.7539], [100.363, 13.7539], [100.363, 13.7539], [100.363, 13.7539], [100.3631, 13.7539], [100.3632, 13.7539], [100.3633, 13.7539], [100.3633, 13.7539], [100.3634, 13.7539], [100.3635, 13.7539], [100.3636, 13.7539], [100.3636, 13.7539], [100.3636, 13.7539], [100.3636, 13.7539], [100.3637, 13.7539], [100.3637, 13.7539], [100.3638, 13.7539], [100.3638, 13.7539], [100.3638, 13.7539], [100.3638, 13.7539], [100.3639, 13.7539], [100.364, 13.7539], [100.3641, 13.7539], [100.3642, 13.7539], [100.3644, 13.7539], [100.3646, 13.7539], [100.3646, 13.7539], [100.3647, 13.7539], [100.3648, 13.7539], [100.3649, 13.7539], [100.365, 13.7539], [100.3651, 13.7539], [100.3651, 13.7539], [100.3652, 13.7539], [100.3652, 13.7539], [100.3652, 13.7539], [100.3653, 13.7539], [100.3653, 13.7539], [100.3654, 13.7539], [100.3655, 13.7539], [100.3657, 13.7539], [100.3657, 13.7539], [100.3659, 13.7539], [100.366, 13.7539], [100.3661, 13.7539], [100.3661, 13.7539], [100.3662, 13.7539], [100.3663, 13.7539], [100.3665, 13.7539], [100.3668, 13.7539], [100.3669, 13.7539], [100.367, 13.7539], [100.3671, 13.7539], [100.3672, 13.7539], [100.3673, 13.7539], [100.3676, 13.7539], [100.3678, 13.7539], [100.368, 13.7539], [100.3681, 13.7539], [100.3682, 13.7539], [100.3682, 13.7539], [100.3683, 13.7539], [100.3683, 13.7539], [100.3684, 13.7539], [100.3684, 13.7538], [100.3684, 13.7538], [100.3685, 13.7539], [100.3685, 13.7539], [100.3685, 13.7539], [100.3685, 13.7539], [100.3686, 13.7539], [100.3686, 13.7538], [100.3686, 13.7538], [100.3686, 13.7538], [100.3687, 13.7538], [100.3687, 13.7538], [100.3687, 13.7538], [100.3688, 13.7538], [100.3688, 13.7538], [100.3688, 13.7538], [100.3689, 13.7538], [100.3689, 13.7538], [100.3689, 13.7538], [100.369, 13.7538], [100.369, 13.7538], [100.369, 13.7538], [100.3691, 13.7538], [100.3691, 13.7538], [100.3692, 13.7538], [100.3693, 13.7538], [100.3693, 13.7538], [100.3694, 13.7538], [100.3694, 13.7538], [100.3694, 13.7538], [100.3695, 13.7538], [100.3695, 13.7538], [100.3696, 13.7538], [100.3696, 13.7538], [100.3696, 13.7538], [100.3696, 13.7538], [100.3697, 13.7538], [100.3697, 13.7538], [100.3697, 13.7538], [100.3699, 13.7538], [100.3699, 13.7538], [100.3699, 13.7538], [100.3699, 13.7538], [100.3699, 13.7538], [100.37, 13.7538], [100.37, 13.7538], [100.37, 13.7538], [100.37, 13.7538], [100.3701, 13.7538], [100.3701, 13.7537], [100.3702, 13.7537], [100.3702, 13.7537], [100.3703, 13.7537], [100.3703, 13.7537], [100.3707, 13.7537], [100.371, 13.7537], [100.3711, 13.7537], [100.3711, 13.7537], [100.3712, 13.7537], [100.3715, 13.7537], [100.3715, 13.7537], [100.3717, 13.7537], [100.3719, 13.7537], [100.3721, 13.7537], [100.3722, 13.7537], [100.3723, 13.7537], [100.3724, 13.7537], [100.3724, 13.7537], [100.3725, 13.7536], [100.3726, 13.7536], [100.3727, 13.7536], [100.3728, 13.7536], [100.3728, 13.7537], [100.3728, 13.7537], [100.3729, 13.7536], [100.3729, 13.7536], [100.373, 13.7536], [100.3731, 13.7536], [100.3732, 13.7536], [100.3733, 13.7536], [100.3734, 13.7536], [100.3734, 13.7536], [100.3734, 13.7536], [100.3735, 13.7536], [100.3735, 13.7536], [100.3735, 13.7536], [100.3736, 13.7536], [100.3736, 13.7536], [100.3737, 13.7536], [100.3737, 13.7536], [100.3738, 13.7536], [100.3738, 13.7536], [100.3739, 13.7536], [100.3739, 13.7536], [100.374, 13.7536], [100.3741, 13.7536], [100.3742, 13.7536], [100.3743, 13.7536], [100.3744, 13.7536], [100.3746, 13.7536], [100.3747, 13.7535], [100.3748, 13.7535], [100.3749, 13.7535], [100.3751, 13.7535], [100.3752, 13.7535], [100.3753, 13.7535], [100.3754, 13.7535], [100.3755, 13.7535], [100.3757, 13.7535], [100.3761, 13.7535], [100.3764, 13.7534], [100.3765, 13.7534], [100.3768, 13.7534], [100.3768, 13.7534], [100.3771, 13.7534], [100.3771, 13.7534], [100.3771, 13.7534], [100.3772, 13.7534], [100.3772, 13.7534], [100.3772, 13.7534], [100.3773, 13.7534], [100.3773, 13.7534], [100.3774, 13.7534], [100.3774, 13.7534], [100.3774, 13.7534], [100.3775, 13.7534], [100.3775, 13.7534], [100.3776, 13.7534], [100.3776, 13.7534], [100.3776, 13.7534], [100.3777, 13.7534], [100.3778, 13.7534], [100.3778, 13.7534], [100.3779, 13.7534], [100.3779, 13.7534], [100.378, 13.7534], [100.3781, 13.7533], [100.3782, 13.7533], [100.3783, 13.7533], [100.3785, 13.7533], [100.3787, 13.7532], [100.3788, 13.7532], [100.3788, 13.7532], [100.3789, 13.7533], [100.3789, 13.7533], [100.379, 13.7533], [100.3792, 13.7533], [100.3793, 13.7533], [100.3794, 13.7532], [100.3795, 13.7532], [100.3796, 13.7532], [100.3797, 13.7532], [100.3797, 13.7532], [100.3798, 13.7532], [100.3799, 13.7532], [100.3799, 13.7532], [100.3799, 13.7532], [100.38, 13.7532], [100.3801, 13.7531], [100.3802, 13.7531], [100.3803, 13.7531], [100.3804, 13.7531], [100.3805, 13.7531], [100.3805, 13.7531], [100.3806, 13.7531], [100.3806, 13.7531], [100.3807, 13.7531], [100.3809, 13.7531], [100.381, 13.753], [100.3811, 13.753], [100.3812, 13.753], [100.3812, 13.753], [100.3813, 13.753], [100.3813, 13.753], [100.3813, 13.753], [100.3814, 13.753], [100.3815, 13.753], [100.3815, 13.753], [100.3816, 13.753], [100.3818, 13.7529], [100.3818, 13.7529], [100.3819, 13.7529], [100.3819, 13.7529], [100.382, 13.7529], [100.382, 13.7529], [100.3821, 13.7529], [100.3821, 13.7529], [100.3821, 13.7529], [100.3822, 13.7529], [100.3822, 13.7529], [100.3823, 13.7529], [100.3824, 13.7529], [100.3825, 13.7529], [100.3825, 13.7529], [100.3826, 13.7529], [100.3826, 13.7529], [100.3826, 13.7528], [100.3827, 13.7528], [100.3828, 13.7528], [100.3829, 13.7528], [100.383, 13.7528], [100.383, 13.7528], [100.3831, 13.7528], [100.3833, 13.7528], [100.3833, 13.7528], [100.3834, 13.7527], [100.3835, 13.7527], [100.3835, 13.7527], [100.3835, 13.7527], [100.3836, 13.7527], [100.3837, 13.7527], [100.3837, 13.7527], [100.3839, 13.7527], [100.384, 13.7527], [100.3841, 13.7527], [100.3842, 13.7527], [100.3843, 13.7526], [100.3844, 13.7526], [100.3845, 13.7526], [100.3845, 13.7526], [100.3846, 13.7526], [100.3847, 13.7526], [100.3847, 13.7526], [100.3848, 13.7526], [100.3848, 13.7526], [100.3848, 13.7526], [100.3849, 13.7526], [100.385, 13.7526], [100.3851, 13.7526], [100.3852, 13.7525], [100.3852, 13.7525], [100.3853, 13.7525], [100.3853, 13.7525], [100.3854, 13.7525], [100.3855, 13.7525], [100.3856, 13.7525], [100.3856, 13.7525], [100.3857, 13.7525], [100.3857, 13.7525], [100.3857, 13.7525], [100.3858, 13.7525], [100.3859, 13.7525], [100.3861, 13.7525], [100.3861, 13.7525], [100.3862, 13.7525], [100.3862, 13.7525], [100.3863, 13.7525], [100.3864, 13.7524], [100.3864, 13.7524], [100.3865, 13.7524], [100.3866, 13.7524], [100.3866, 13.7524], [100.3867, 13.7524], [100.3867, 13.7524], [100.3867, 13.7524], [100.3868, 13.7524], [100.3868, 13.7524], [100.3869, 13.7524], [100.3869, 13.7523], [100.387, 13.7523], [100.3871, 13.7523], [100.3872, 13.7523], [100.3872, 13.7523], [100.3873, 13.7523], [100.3874, 13.7523], [100.3875, 13.7523], [100.3875, 13.7523], [100.3877, 13.7523], [100.3877, 13.7523], [100.3878, 13.7522], [100.3879, 13.7522], [100.388, 13.7522], [100.3882, 13.7522], [100.3883, 13.7522], [100.3884, 13.7522], [100.3885, 13.7522], [100.3886, 13.7522], [100.3887, 13.7521], [100.3888, 13.7521], [100.3889, 13.7521], [100.389, 13.7521], [100.3893, 13.7521], [100.3893, 13.7521], [100.3894, 13.7521], [100.3895, 13.7521], [100.3896, 13.752], [100.3896, 13.752], [100.3897, 13.7521], [100.3897, 13.7521], [100.3898, 13.7521], [100.3899, 13.7521], [100.39, 13.7521], [100.39, 13.752], [100.3901, 13.752], [100.3901, 13.752], [100.3901, 13.752], [100.3903, 13.752], [100.3903, 13.752], [100.3906, 13.7519], [100.3907, 13.7519], [100.3908, 13.7519], [100.3908, 13.7519], [100.3909, 13.7519], [100.3909, 13.7519], [100.391, 13.7519], [100.391, 13.7518], [100.3911, 13.7518], [100.3911, 13.7518], [100.3911, 13.7518], [100.3912, 13.7518], [100.3912, 13.7518], [100.3913, 13.7518], [100.3914, 13.7518], [100.3915, 13.7518], [100.3916, 13.7518], [100.3916, 13.7518], [100.3917, 13.7517], [100.3918, 13.7517], [100.3919, 13.7517], [100.3921, 13.7517], [100.3922, 13.7517], [100.3923, 13.7517], [100.3925, 13.7517], [100.3926, 13.7516], [100.3926, 13.7516], [100.3927, 13.7516], [100.3928, 13.7516], [100.3928, 13.7516], [100.3928, 13.7516], [100.3929, 13.7516], [100.3929, 13.7516], [100.393, 13.7516], [100.393, 13.7516], [100.3931, 13.7516], [100.3932, 13.7515], [100.3932, 13.7515], [100.3933, 13.7515], [100.3934, 13.7515], [100.3937, 13.7515], [100.3938, 13.7514], [100.3939, 13.7514], [100.3939, 13.7514], [100.394, 13.7514], [100.3941, 13.7514], [100.3943, 13.7514], [100.3943, 13.7514], [100.3944, 13.7514], [100.3944, 13.7514], [100.3946, 13.7513], [100.3947, 13.7513], [100.3948, 13.7513], [100.395, 13.7513], [100.3951, 13.7513], [100.3952, 13.7513], [100.3952, 13.7513], [100.3953, 13.7513], [100.3954, 13.7513], [100.3955, 13.7513], [100.3955, 13.7512], [100.3955, 13.7512], [100.3956, 13.7512], [100.3957, 13.7512], [100.3958, 13.7512], [100.3959, 13.7512], [100.396, 13.7512], [100.3961, 13.7512], [100.3961, 13.7512], [100.3962, 13.7512], [100.3962, 13.7512], [100.3963, 13.7512], [100.3963, 13.7512], [100.3964, 13.7511], [100.3964, 13.7511], [100.3966, 13.7511], [100.3966, 13.7511], [100.3966, 13.7511], [100.3967, 13.7511], [100.3967, 13.7511], [100.3968, 13.7511], [100.3968, 13.7511], [100.3968, 13.7511], [100.3969, 13.7511], [100.3969, 13.7511], [100.397, 13.7511], [100.3971, 13.7511], [100.3972, 13.7511], [100.3973, 13.751], [100.3975, 13.751], [100.3975, 13.751], [100.3976, 13.751], [100.3976, 13.751], [100.3977, 13.751], [100.3977, 13.7509], [100.3978, 13.7509], [100.3979, 13.7509], [100.398, 13.7509], [100.398, 13.7509], [100.3981, 13.7509], [100.3982, 13.7509], [100.3982, 13.7509], [100.3982, 13.7509], [100.3983, 13.7509], [100.3983, 13.7509], [100.3983, 13.7508], [100.3984, 13.7508], [100.3984, 13.7508], [100.3985, 13.7508], [100.3986, 13.7508], [100.3987, 13.7508], [100.3987, 13.7508], [100.3987, 13.7509], [100.3987, 13.7509], [100.3988, 13.7509], [100.3988, 13.7509], [100.3988, 13.7509], [100.3989, 13.7509], [100.3989, 13.7509], [100.3989, 13.7508], [100.399, 13.7508], [100.399, 13.7508], [100.399, 13.7508], [100.399, 13.7508], [100.3991, 13.7508], [100.3991, 13.7507], [100.3991, 13.7507], [100.3992, 13.7507], [100.3993, 13.7507], [100.3993, 13.7507], [100.3993, 13.7507], [100.3994, 13.7507], [100.3994, 13.7507], [100.3995, 13.7507], [100.3995, 13.7507], [100.3996, 13.7507], [100.3996, 13.7507], [100.3997, 13.7507], [100.3998, 13.7507], [100.3998, 13.7506], [100.3999, 13.7506], [100.3999, 13.7506], [100.3999, 13.7506], [100.4, 13.7506], [100.4001, 13.7506], [100.4002, 13.7506], [100.4003, 13.7506], [100.4003, 13.7505], [100.4005, 13.7505], [100.4005, 13.7505], [100.4006, 13.7505], [100.4007, 13.7505], [100.4008, 13.7505], [100.4008, 13.7505], [100.4009, 13.7505], [100.401, 13.7505], [100.4011, 13.7505], [100.4012, 13.7504], [100.4012, 13.7504], [100.4013, 13.7504], [100.4015, 13.7504], [100.4016, 13.7504], [100.4017, 13.7504], [100.4017, 13.7504], [100.4018, 13.7503], [100.4018, 13.7503], [100.4019, 13.7503], [100.4019, 13.7503], [100.402, 13.7503], [100.4021, 13.7503], [100.4021, 13.7503], [100.4022, 13.7503], [100.4022, 13.7503], [100.4023, 13.7503], [100.4023, 13.7502], [100.4024, 13.7502], [100.4026, 13.7502], [100.4028, 13.7501], [100.403, 13.7501], [100.4032, 13.75], [100.4033, 13.75], [100.4034, 13.75], [100.4034, 13.7499], [100.4034, 13.75], [100.4035, 13.7499], [100.4035, 13.7499], [100.4036, 13.7499], [100.4037, 13.7499], [100.4038, 13.7499], [100.4039, 13.7499], [100.4044, 13.7498], [100.4045, 13.7498], [100.4046, 13.7497], [100.4049, 13.7497], [100.405, 13.7497], [100.4053, 13.7496], [100.4055, 13.7496], [100.4056, 13.7495], [100.4058, 13.7495], [100.4059, 13.7495], [100.406, 13.7495], [100.406, 13.75], [100.4061, 13.7502], [100.4061, 13.7504], [100.4061, 13.7506], [100.4061, 13.7508], [100.4062, 13.7525], [100.4061, 13.7539], [100.4061, 13.7542], [100.4061, 13.7546], [100.4061, 13.755], [100.4061, 13.7551], [100.4062, 13.7552], [100.4062, 13.7559], [100.4066, 13.7588], [100.4066, 13.7594], [100.4067, 13.7594], [100.4067, 13.7601], [100.4069, 13.7613], [100.4069, 13.7613], [100.4071, 13.7633], [100.4071, 13.7634], [100.4072, 13.7642], [100.4073, 13.7647], [100.4073, 13.7647], [100.4074, 13.7657], [100.4076, 13.7675], [100.4077, 13.768], [100.4078, 13.769], [100.4079, 13.7698], [100.4081, 13.7715], [100.4084, 13.7739], [100.4084, 13.7739], [100.4085, 13.7748], [100.4085, 13.7749], [100.4089, 13.778], [100.4092, 13.7805], [100.4099, 13.7869], [100.41, 13.7888], [100.4102, 13.7909], [100.4102, 13.791], [100.4103, 13.7917], [100.4104, 13.7931], [100.4104, 13.7932], [100.4106, 13.7956], [100.4106, 13.7958], [100.4106, 13.7959], [100.4108, 13.7982], [100.4108, 13.7982], [100.4108, 13.7984], [100.4109, 13.7991], [100.4109, 13.7991], [100.4111, 13.8013], [100.4109, 13.8013], [100.4109, 13.8013], [100.41, 13.8013], [100.4091, 13.8013], [100.4087, 13.8013], [100.4079, 13.8014], [100.407, 13.8015], [100.4062, 13.8015], [100.4055, 13.8015], [100.4045, 13.8015], [100.4039, 13.8016], [100.4029, 13.8016], [100.4014, 13.8017], [100.3999, 13.8017], [100.3991, 13.8018], [100.3978, 13.8018], [100.3971, 13.8019], [100.396, 13.8019], [100.395, 13.8019], [100.3944, 13.802], [100.3938, 13.802], [100.3931, 13.802], [100.3927, 13.802], [100.3921, 13.802], [100.3918, 13.802], [100.3916, 13.802], [100.3912, 13.8021], [100.3908, 13.8021], [100.3904, 13.8021], [100.39, 13.8021], [100.3892, 13.8021], [100.3887, 13.8022], [100.3881, 13.8022], [100.3874, 13.8022], [100.3861, 13.8022], [100.3854, 13.8023], [100.385, 13.8023], [100.3839, 13.8024], [100.3833, 13.8023], [100.383, 13.8023], [100.3824, 13.8024], [100.3813, 13.8024], [100.3805, 13.8024], [100.3803, 13.8024], [100.3788, 13.8025], [100.3774, 13.8025], [100.3764, 13.8025], [100.3746, 13.8025], [100.3739, 13.8026], [100.3736, 13.8026], [100.3727, 13.8027], [100.372, 13.8027], [100.3715, 13.8027], [100.3714, 13.8027], [100.3712, 13.8027], [100.3708, 13.8027], [100.3704, 13.8027], [100.37, 13.8027], [100.3696, 13.8027], [100.369, 13.8027], [100.3678, 13.8027], [100.3669, 13.8027], [100.3666, 13.8027], [100.3662, 13.8028], [100.3657, 13.8028], [100.3644, 13.8028], [100.3638, 13.8028], [100.3632, 13.8028], [100.3628, 13.8029], [100.3615, 13.8029], [100.3604, 13.803], [100.3594, 13.803], [100.3581, 13.8031], [100.3571, 13.8031], [100.3558, 13.8032], [100.3541, 13.8032], [100.353, 13.8032], [100.3528, 13.8032], [100.3526, 13.8032], [100.3522, 13.8032], [100.3519, 13.8032], [100.3517, 13.8032], [100.3514, 13.8033], [100.3512, 13.8033], [100.3509, 13.8033], [100.3503, 13.8033], [100.3496, 13.8033], [100.349, 13.8033], [100.3486, 13.8033], [100.348, 13.8034], [100.3477, 13.8034], [100.3476, 13.8034], [100.3474, 13.8034], [100.3471, 13.8034], [100.3467, 13.8034], [100.346, 13.8034], [100.3451, 13.8034], [100.3441, 13.8035], [100.3431, 13.8035], [100.3429, 13.8035], [100.3425, 13.8035], [100.3415, 13.8036], [100.3408, 13.8036], [100.3405, 13.8036], [100.3399, 13.8037], [100.3395, 13.8037], [100.3389, 13.8037], [100.3378, 13.8037], [100.3368, 13.8037], [100.3366, 13.8038], [100.3358, 13.8037], [100.3345, 13.8038], [100.3339, 13.8038], [100.333, 13.8039], [100.3319, 13.8039], [100.3315, 13.8039], [100.331, 13.804], [100.3304, 13.804], [100.3297, 13.804], [100.3293, 13.8041], [100.329, 13.8041], [100.3284, 13.8041], [100.328, 13.8041], [100.3279, 13.804], [100.3279, 13.8039], [100.3281, 13.8033], [100.3285, 13.8027], [100.3287, 13.8024], [100.3288, 13.802], [100.3292, 13.8013], [100.3294, 13.8008], [100.3293, 13.8007], [100.3297, 13.7999], [100.3307, 13.7978], [100.3311, 13.7939], [100.3312, 13.7931], [100.3318, 13.7907], [100.3324, 13.7881], [100.3335, 13.7843], [100.3335, 13.7842], [100.3335, 13.7839], [100.3335, 13.7839], [100.3336, 13.7834], [100.3332, 13.7832], [100.3333, 13.7828], [100.3333, 13.7821], [100.3332, 13.7821], [100.3332, 13.7817], [100.3332, 13.7814], [100.3331, 13.7813], [100.3331, 13.7813], [100.3324, 13.7813], [100.3325, 13.7801], [100.3326, 13.7801], [100.3325, 13.7797], [100.3323, 13.7792], [100.3319, 13.7784], [100.3318, 13.7783], [100.3315, 13.7776], [100.3311, 13.7766], [100.3308, 13.7755], [100.3306, 13.7732], [100.3306, 13.7729]]]}, "properties": {"DISTRICT_N": "ทวีวัฒนา", "CODE": 1048, "AREA_BMA": 50.21900177}}, {"type": "Feature", "geometry": {"type": "Polygon", "coordinates": [[[100.3321, 13.6908], [100.3321, 13.6907], [100.3321, 13.6905], [100.3322, 13.6903], [100.3322, 13.6902], [100.3322, 13.6901], [100.3322, 13.6899], [100.3322, 13.6898], [100.3323, 13.6897], [100.3323, 13.6895], [100.3323, 13.6894], [100.3323, 13.6892], [100.3323, 13.689], [100.3324, 13.6888], [100.3324, 13.6887], [100.3324, 13.6885], [100.3324, 13.6884], [100.3324, 13.6884], [100.3325, 13.6882], [100.3325, 13.688], [100.3326, 13.6876], [100.3326, 13.6875], [100.3327, 13.6874], [100.3327, 13.6872], [100.3328, 13.687], [100.3329, 13.6869], [100.3329, 13.6867], [100.333, 13.6866], [100.333, 13.6865], [100.333, 13.6864], [100.3331, 13.6862], [100.3332, 13.6859], [100.3332, 13.6857], [100.3333, 13.6855], [100.3334, 13.6853], [100.3334, 13.6851], [100.3334, 13.685], [100.3335, 13.6848], [100.3335, 13.6847], [100.3336, 13.6846], [100.3336, 13.6845], [100.3337, 13.6844], [100.3337, 13.6843], [100.3337, 13.6842], [100.3339, 13.6835], [100.3337, 13.6827], [100.3336, 13.6822], [100.3335, 13.6816], [100.3335, 13.6815], [100.3336, 13.6814], [100.3336, 13.6813], [100.3336, 13.6813], [100.3337, 13.6811], [100.3338, 13.6809], [100.3339, 13.6807], [100.3341, 13.6805], [100.3342, 13.6803], [100.3343, 13.6801], [100.3344, 13.68], [100.3345, 13.6798], [100.3346, 13.6796], [100.3348, 13.6793], [100.3349, 13.6792], [100.3349, 13.6791], [100.335, 13.679], [100.3351, 13.6789], [100.3352, 13.6787], [100.3352, 13.6786], [100.3353, 13.6785], [100.3353, 13.6784], [100.3354, 13.6782], [100.3355, 13.6781], [100.3356, 13.678], [100.3357, 13.6779], [100.3358, 13.6777], [100.3358, 13.6776], [100.3359, 13.6775], [100.3359, 13.6773], [100.336, 13.6772], [100.336, 13.6771], [100.336, 13.677], [100.3361, 13.6769], [100.3361, 13.6769], [100.3361, 13.677], [100.3369, 13.6771], [100.3376, 13.6774], [100.3377, 13.6769], [100.3378, 13.6766], [100.3379, 13.6763], [100.338, 13.6758], [100.3381, 13.6754], [100.3382, 13.6751], [100.3382, 13.6749], [100.3383, 13.6744], [100.3384, 13.674], [100.3384, 13.6734], [100.3385, 13.6731], [100.3385, 13.6727], [100.3385, 13.6726], [100.3385, 13.6724], [100.3385, 13.6721], [100.3386, 13.6716], [100.3386, 13.6715], [100.3386, 13.6714], [100.3387, 13.6709], [100.3387, 13.6703], [100.3388, 13.6698], [100.3388, 13.6696], [100.339, 13.6692], [100.3391, 13.6688], [100.3392, 13.6685], [100.3393, 13.6683], [100.3393, 13.6681], [100.3393, 13.6679], [100.3393, 13.6678], [100.3393, 13.6677], [100.3394, 13.6676], [100.3397, 13.6673], [100.3399, 13.6671], [100.34, 13.6669], [100.3401, 13.6667], [100.3402, 13.6665], [100.3402, 13.6662], [100.3402, 13.666], [100.3401, 13.6656], [100.3401, 13.6653], [100.3402, 13.665], [100.3403, 13.6647], [100.3403, 13.6644], [100.3404, 13.6643], [100.3405, 13.664], [100.3405, 13.6638], [100.3406, 13.6637], [100.3406, 13.6636], [100.3407, 13.6634], [100.3407, 13.6632], [100.3408, 13.663], [100.3408, 13.6628], [100.3409, 13.6627], [100.3409, 13.6625], [100.3411, 13.6621], [100.3411, 13.6619], [100.3412, 13.6617], [100.3413, 13.6613], [100.3413, 13.661], [100.3413, 13.6608], [100.3413, 13.6607], [100.3411, 13.6604], [100.3411, 13.6602], [100.341, 13.6599], [100.341, 13.6596], [100.341, 13.6592], [100.3409, 13.6591], [100.3409, 13.6588], [100.3407, 13.6587], [100.3406, 13.6585], [100.3403, 13.6583], [100.34, 13.6581], [100.3399, 13.658], [100.3398, 13.6578], [100.3398, 13.6576], [100.3397, 13.6574], [100.3396, 13.6569], [100.3395, 13.6566], [100.3395, 13.6564], [100.3394, 13.656], [100.3394, 13.6557], [100.3394, 13.6554], [100.3394, 13.6552], [100.3394, 13.655], [100.3397, 13.655], [100.3399, 13.655], [100.3399, 13.655], [100.3403, 13.655], [100.3404, 13.655], [100.3408, 13.655], [100.3412, 13.655], [100.3417, 13.6549], [100.3419, 13.6549], [100.3421, 13.6549], [100.3424, 13.6549], [100.3427, 13.6549], [100.3431, 13.6548], [100.3435, 13.6548], [100.3439, 13.6547], [100.3443, 13.6547], [100.3446, 13.6547], [100.3447, 13.6547], [100.3448, 13.6547], [100.345, 13.6547], [100.3451, 13.6547], [100.3451, 13.6547], [100.3453, 13.6547], [100.3455, 13.6548], [100.3456, 13.6548], [100.3457, 13.6549], [100.3461, 13.6551], [100.3464, 13.6552], [100.3466, 13.6553], [100.347, 13.6554], [100.3472, 13.6554], [100.3474, 13.6554], [100.3474, 13.6554], [100.3475, 13.6553], [100.3476, 13.6552], [100.3476, 13.6552], [100.3476, 13.6551], [100.3476, 13.6551], [100.3477, 13.6549], [100.3478, 13.6548], [100.3478, 13.6548], [100.3478, 13.6548], [100.3479, 13.6548], [100.3481, 13.6548], [100.3482, 13.6547], [100.3484, 13.6548], [100.3486, 13.6548], [100.349, 13.6549], [100.3492, 13.655], [100.3493, 13.6551], [100.3494, 13.6551], [100.3497, 13.6553], [100.3501, 13.6557], [100.3506, 13.6561], [100.3508, 13.6562], [100.3512, 13.6564], [100.3513, 13.6565], [100.3514, 13.6566], [100.3514, 13.6566], [100.3514, 13.6566], [100.3513, 13.6566], [100.3512, 13.6568], [100.3512, 13.6571], [100.3511, 13.6574], [100.3511, 13.6574], [100.3511, 13.6575], [100.3511, 13.6575], [100.3512, 13.6575], [100.3514, 13.6576], [100.3516, 13.6576], [100.352, 13.6577], [100.3524, 13.6579], [100.3526, 13.658], [100.3527, 13.658], [100.3529, 13.6581], [100.353, 13.6582], [100.353, 13.6582], [100.3532, 13.6583], [100.3533, 13.6584], [100.3534, 13.6584], [100.3535, 13.6585], [100.3541, 13.6587], [100.3542, 13.6587], [100.3543, 13.6587], [100.3543, 13.6588], [100.3547, 13.659], [100.355, 13.6592], [100.3552, 13.6593], [100.3554, 13.6594], [100.3555, 13.6595], [100.3556, 13.6595], [100.3556, 13.6595], [100.3557, 13.6596], [100.3561, 13.6597], [100.3563, 13.6598], [100.3566, 13.6599], [100.3566, 13.6599], [100.3566, 13.6599], [100.3566, 13.66], [100.3567, 13.6605], [100.3568, 13.6609], [100.3569, 13.6611], [100.357, 13.6614], [100.3571, 13.6615], [100.3571, 13.6616], [100.3571, 13.6617], [100.3572, 13.6617], [100.3572, 13.6617], [100.3573, 13.6617], [100.3573, 13.6617], [100.3576, 13.6616], [100.3581, 13.6615], [100.3586, 13.6614], [100.3591, 13.6613], [100.3594, 13.6612], [100.3595, 13.6612], [100.3597, 13.6612], [100.3602, 13.6613], [100.3605, 13.6613], [100.3607, 13.6613], [100.3609, 13.6613], [100.361, 13.6613], [100.361, 13.6613], [100.361, 13.6614], [100.3611, 13.6617], [100.3611, 13.6617], [100.3611, 13.6618], [100.3611, 13.6618], [100.3612, 13.6619], [100.3619, 13.6622], [100.3627, 13.6625], [100.363, 13.6626], [100.3633, 13.6627], [100.3637, 13.6629], [100.3642, 13.6631], [100.3648, 13.6634], [100.3656, 13.6637], [100.3658, 13.6638], [100.3659, 13.6639], [100.366, 13.664], [100.3664, 13.6642], [100.367, 13.6644], [100.3675, 13.6646], [100.3676, 13.6646], [100.3677, 13.6647], [100.3678, 13.6648], [100.3682, 13.6649], [100.3685, 13.6651], [100.3689, 13.6652], [100.3692, 13.6654], [100.3697, 13.6656], [100.3701, 13.6658], [100.3704, 13.6659], [100.3707, 13.6661], [100.371, 13.6662], [100.3714, 13.6664], [100.3716, 13.6665], [100.3718, 13.6666], [100.372, 13.6666], [100.3722, 13.6667], [100.3723, 13.6668], [100.3724, 13.6668], [100.3725, 13.6669], [100.3727, 13.6669], [100.3728, 13.667], [100.373, 13.667], [100.3731, 13.6671], [100.3732, 13.6671], [100.3733, 13.6672], [100.3734, 13.6673], [100.3735, 13.6673], [100.3736, 13.6673], [100.3736, 13.6673], [100.3737, 13.6674], [100.3738, 13.6674], [100.3739, 13.6674], [100.374, 13.6675], [100.3741, 13.6676], [100.3743, 13.6676], [100.3744, 13.6677], [100.3745, 13.6677], [100.3746, 13.6678], [100.3747, 13.6678], [100.3748, 13.6678], [100.3749, 13.6679], [100.375, 13.6679], [100.3751, 13.668], [100.3752, 13.6681], [100.3753, 13.6681], [100.3754, 13.6681], [100.3755, 13.6682], [100.3756, 13.6682], [100.3757, 13.6683], [100.3757, 13.6683], [100.3758, 13.6683], [100.3759, 13.6684], [100.376, 13.6684], [100.3761, 13.6684], [100.3761, 13.6685], [100.3762, 13.6685], [100.3762, 13.6685], [100.3763, 13.6685], [100.3763, 13.6685], [100.3764, 13.6686], [100.3765, 13.6686], [100.3765, 13.6686], [100.3765, 13.6686], [100.3766, 13.6687], [100.3766, 13.6687], [100.3767, 13.6687], [100.3767, 13.6688], [100.3767, 13.6688], [100.3768, 13.6688], [100.3769, 13.6688], [100.3769, 13.6688], [100.377, 13.6688], [100.377, 13.6688], [100.377, 13.6688], [100.3771, 13.6688], [100.3771, 13.6689], [100.3772, 13.6689], [100.3773, 13.6689], [100.3773, 13.6689], [100.3774, 13.6689], [100.3774, 13.6689], [100.3774, 13.669], [100.3774, 13.669], [100.3775, 13.669], [100.3775, 13.669], [100.3776, 13.669], [100.3776, 13.6691], [100.3777, 13.6691], [100.3777, 13.6691], [100.3777, 13.6691], [100.3778, 13.6692], [100.3778, 13.6692], [100.3779, 13.6692], [100.378, 13.6693], [100.3781, 13.6693], [100.3782, 13.6694], [100.3783, 13.6694], [100.3784, 13.6694], [100.3784, 13.6695], [100.3785, 13.6695], [100.3786, 13.6695], [100.3786, 13.6696], [100.3787, 13.6696], [100.3788, 13.6696], [100.3789, 13.6696], [100.379, 13.6697], [100.3791, 13.6697], [100.3791, 13.6697], [100.3792, 13.6697], [100.3793, 13.6697], [100.3793, 13.6698], [100.3795, 13.6699], [100.3796, 13.6699], [100.3796, 13.67], [100.3798, 13.67], [100.3798, 13.67], [100.3799, 13.6701], [100.3799, 13.6701], [100.38, 13.6701], [100.3801, 13.6702], [100.3802, 13.6702], [100.3803, 13.6703], [100.3805, 13.6703], [100.3805, 13.6703], [100.3807, 13.6704], [100.3807, 13.6704], [100.3808, 13.6705], [100.381, 13.6706], [100.3811, 13.6706], [100.3811, 13.6707], [100.3812, 13.6707], [100.3813, 13.6707], [100.3814, 13.6708], [100.3816, 13.6708], [100.3818, 13.6709], [100.3819, 13.671], [100.382, 13.671], [100.3821, 13.6711], [100.3822, 13.6711], [100.3822, 13.6711], [100.3823, 13.6712], [100.3824, 13.6712], [100.3825, 13.6713], [100.3826, 13.6713], [100.3827, 13.6713], [100.3827, 13.6713], [100.3828, 13.6714], [100.3828, 13.6714], [100.3829, 13.6715], [100.383, 13.6715], [100.3831, 13.6715], [100.3831, 13.6715], [100.3832, 13.6716], [100.3832, 13.6716], [100.3833, 13.6717], [100.3833, 13.6717], [100.3834, 13.6717], [100.3834, 13.6717], [100.3835, 13.6717], [100.3836, 13.6716], [100.3837, 13.6716], [100.3837, 13.6716], [100.3838, 13.6716], [100.3839, 13.6716], [100.3839, 13.6716], [100.384, 13.6716], [100.384, 13.6716], [100.3841, 13.6716], [100.3842, 13.6715], [100.3842, 13.6715], [100.3843, 13.6715], [100.3843, 13.6715], [100.3844, 13.6715], [100.3846, 13.6714], [100.3847, 13.6714], [100.3848, 13.6714], [100.3848, 13.6714], [100.3848, 13.672], [100.3848, 13.6721], [100.3848, 13.6723], [100.3848, 13.6725], [100.3848, 13.6727], [100.3849, 13.6731], [100.3849, 13.6731], [100.3849, 13.6732], [100.3849, 13.6735], [100.385, 13.6738], [100.385, 13.674], [100.3851, 13.6742], [100.3851, 13.6747], [100.3852, 13.6751], [100.3852, 13.6753], [100.3852, 13.6755], [100.3853, 13.6757], [100.3853, 13.6757], [100.3853, 13.6759], [100.3853, 13.6759], [100.3852, 13.6759], [100.3852, 13.6759], [100.3852, 13.676], [100.3851, 13.6764], [100.3849, 13.6768], [100.3848, 13.677], [100.3847, 13.6772], [100.3846, 13.6775], [100.3846, 13.6776], [100.3846, 13.6776], [100.3844, 13.678], [100.3843, 13.6783], [100.3843, 13.6784], [100.3842, 13.6787], [100.3841, 13.6788], [100.3841, 13.6789], [100.384, 13.679], [100.384, 13.6791], [100.3839, 13.6794], [100.3838, 13.6797], [100.3838, 13.6797], [100.3838, 13.6797], [100.3837, 13.68], [100.3837, 13.68], [100.3837, 13.6803], [100.3836, 13.6804], [100.3836, 13.6804], [100.3836, 13.6806], [100.3835, 13.6809], [100.3835, 13.6809], [100.3835, 13.6812], [100.3834, 13.6813], [100.3834, 13.6813], [100.3834, 13.6815], [100.3833, 13.6818], [100.3833, 13.6818], [100.3833, 13.6819], [100.3833, 13.682], [100.3833, 13.682], [100.3832, 13.6823], [100.3831, 13.6827], [100.3831, 13.6828], [100.3831, 13.6828], [100.383, 13.683], [100.383, 13.6833], [100.3829, 13.6838], [100.3829, 13.6839], [100.3828, 13.6841], [100.3828, 13.6842], [100.3828, 13.6843], [100.3828, 13.6846], [100.3828, 13.685], [100.3828, 13.6853], [100.3827, 13.6856], [100.3827, 13.6858], [100.3827, 13.6859], [100.3827, 13.6861], [100.3827, 13.6862], [100.3827, 13.6864], [100.3826, 13.6867], [100.3826, 13.6868], [100.3826, 13.6869], [100.3825, 13.6872], [100.3825, 13.6875], [100.3824, 13.6878], [100.3824, 13.688], [100.3823, 13.6883], [100.3823, 13.6884], [100.3823, 13.6885], [100.3823, 13.6885], [100.3823, 13.6886], [100.3822, 13.6888], [100.3822, 13.6888], [100.3821, 13.6888], [100.382, 13.689], [100.382, 13.6891], [100.382, 13.6892], [100.382, 13.6893], [100.3819, 13.6893], [100.3819, 13.6895], [100.3818, 13.6898], [100.3818, 13.6902], [100.3817, 13.6905], [100.3816, 13.6908], [100.3816, 13.691], [100.3816, 13.6912], [100.3815, 13.6914], [100.3815, 13.6915], [100.3815, 13.6915], [100.3814, 13.6916], [100.3814, 13.6917], [100.3814, 13.6917], [100.3813, 13.6918], [100.3813, 13.692], [100.3811, 13.6924], [100.3811, 13.6924], [100.381, 13.6925], [100.381, 13.6925], [100.3809, 13.6927], [100.3809, 13.6927], [100.3809, 13.6928], [100.3808, 13.693], [100.3807, 13.6931], [100.3807, 13.6932], [100.3806, 13.6933], [100.3805, 13.6935], [100.3804, 13.6937], [100.3804, 13.6939], [100.3803, 13.6939], [100.3802, 13.6942], [100.3802, 13.6943], [100.3801, 13.6944], [100.38, 13.6946], [100.38, 13.6946], [100.38, 13.6947], [100.3798, 13.6951], [100.3797, 13.6953], [100.3796, 13.6955], [100.3796, 13.6956], [100.3796, 13.6956], [100.3795, 13.6957], [100.3795, 13.6958], [100.3794, 13.6959], [100.3793, 13.6961], [100.3792, 13.6964], [100.3791, 13.6966], [100.379, 13.6968], [100.3789, 13.6969], [100.3788, 13.6971], [100.3787, 13.6974], [100.3786, 13.6976], [100.3785, 13.6979], [100.3785, 13.6979], [100.3784, 13.6979], [100.3783, 13.6983], [100.3783, 13.6983], [100.3783, 13.6983], [100.3783, 13.6983], [100.3782, 13.6985], [100.3782, 13.6985], [100.3781, 13.6987], [100.378, 13.6989], [100.378, 13.699], [100.3779, 13.6991], [100.3778, 13.6992], [100.3778, 13.6992], [100.3777, 13.6996], [100.3776, 13.6998], [100.3775, 13.6999], [100.3774, 13.7001], [100.3773, 13.7004], [100.3772, 13.7005], [100.3772, 13.7005], [100.3772, 13.7005], [100.3772, 13.7006], [100.3771, 13.7008], [100.3769, 13.7013], [100.3768, 13.7014], [100.3767, 13.7017], [100.3765, 13.702], [100.3765, 13.702], [100.3765, 13.7021], [100.3763, 13.7024], [100.3761, 13.7028], [100.3761, 13.7029], [100.376, 13.7031], [100.3759, 13.7034], [100.3757, 13.7038], [100.3757, 13.7038], [100.3757, 13.7038], [100.3756, 13.7039], [100.3755, 13.7042], [100.3755, 13.7042], [100.3754, 13.7043], [100.3753, 13.7046], [100.3752, 13.7048], [100.3752, 13.7049], [100.3751, 13.7049], [100.375, 13.7051], [100.375, 13.7053], [100.3749, 13.7054], [100.3749, 13.7054], [100.3747, 13.7059], [100.3746, 13.7061], [100.3743, 13.7066], [100.3741, 13.707], [100.374, 13.7072], [100.374, 13.7073], [100.374, 13.7073], [100.374, 13.7074], [100.374, 13.7074], [100.374, 13.7075], [100.374, 13.7077], [100.3735, 13.7081], [100.3735, 13.7082], [100.3731, 13.709], [100.3727, 13.7098], [100.3723, 13.7105], [100.3721, 13.711], [100.3721, 13.7111], [100.3721, 13.7112], [100.3721, 13.7112], [100.3721, 13.7113], [100.3721, 13.7113], [100.3721, 13.7113], [100.3721, 13.7113], [100.3721, 13.7114], [100.372, 13.7114], [100.372, 13.7114], [100.372, 13.7114], [100.372, 13.7114], [100.372, 13.7115], [100.372, 13.7115], [100.3719, 13.7115], [100.3719, 13.7116], [100.3719, 13.7116], [100.3719, 13.7116], [100.3719, 13.7117], [100.3718, 13.7118], [100.3718, 13.7119], [100.3717, 13.712], [100.3717, 13.7121], [100.3716, 13.7122], [100.3716, 13.7123], [100.3716, 13.7123], [100.3715, 13.7124], [100.3715, 13.7125], [100.3715, 13.7125], [100.3714, 13.7126], [100.3714, 13.7127], [100.3713, 13.7128], [100.3713, 13.7129], [100.3712, 13.713], [100.3711, 13.7131], [100.3711, 13.7131], [100.3711, 13.7131], [100.3711, 13.7132], [100.3711, 13.7132], [100.3711, 13.7133], [100.371, 13.7135], [100.371, 13.7136], [100.371, 13.7136], [100.3709, 13.7137], [100.3709, 13.7137], [100.3708, 13.7138], [100.3703, 13.7149], [100.3699, 13.7156], [100.3695, 13.7166], [100.369, 13.7177], [100.3687, 13.7182], [100.3687, 13.7184], [100.3685, 13.7187], [100.3685, 13.7188], [100.3685, 13.7188], [100.3685, 13.7188], [100.3685, 13.7188], [100.3685, 13.7188], [100.3685, 13.7189], [100.3686, 13.7189], [100.3686, 13.7189], [100.3686, 13.7189], [100.3685, 13.7189], [100.3685, 13.7189], [100.3685, 13.7189], [100.3684, 13.7189], [100.3684, 13.719], [100.3684, 13.7191], [100.3683, 13.7191], [100.3683, 13.7192], [100.3683, 13.7193], [100.3682, 13.7193], [100.3682, 13.7195], [100.3681, 13.7197], [100.3681, 13.7197], [100.3681, 13.7197], [100.368, 13.7198], [100.368, 13.7198], [100.368, 13.7199], [100.368, 13.7199], [100.368, 13.7199], [100.3679, 13.72], [100.3679, 13.72], [100.3679, 13.7201], [100.3678, 13.7201], [100.3678, 13.7202], [100.3678, 13.7202], [100.3678, 13.7203], [100.3677, 13.7204], [100.3677, 13.7205], [100.3677, 13.7205], [100.3676, 13.7206], [100.3676, 13.7206], [100.3675, 13.7208], [100.3674, 13.721], [100.3673, 13.7213], [100.3673, 13.7214], [100.3672, 13.7215], [100.3672, 13.7216], [100.3671, 13.7218], [100.367, 13.7219], [100.367, 13.722], [100.3669, 13.7221], [100.3669, 13.7222], [100.3669, 13.7222], [100.3669, 13.7222], [100.3669, 13.7223], [100.3669, 13.7223], [100.3669, 13.7224], [100.3668, 13.7224], [100.3668, 13.7224], [100.3668, 13.7224], [100.3668, 13.7225], [100.3667, 13.7226], [100.3667, 13.7226], [100.3666, 13.7227], [100.3666, 13.7228], [100.3665, 13.7229], [100.3665, 13.723], [100.3665, 13.723], [100.3665, 13.7231], [100.3665, 13.7232], [100.3665, 13.7232], [100.3664, 13.7233], [100.3663, 13.7235], [100.3662, 13.7237], [100.3661, 13.7238], [100.366, 13.7241], [100.3659, 13.7241], [100.3658, 13.7243], [100.3658, 13.7244], [100.3657, 13.7246], [100.3657, 13.7247], [100.3657, 13.7247], [100.3656, 13.7248], [100.3656, 13.7249], [100.3655, 13.725], [100.3655, 13.7252], [100.3654, 13.7253], [100.3654, 13.7255], [100.3653, 13.7256], [100.3652, 13.7258], [100.365, 13.7261], [100.365, 13.7261], [100.365, 13.7262], [100.365, 13.7263], [100.365, 13.7264], [100.3649, 13.7264], [100.3649, 13.7264], [100.3649, 13.7264], [100.3649, 13.7265], [100.3649, 13.7265], [100.3648, 13.7266], [100.3648, 13.7266], [100.3648, 13.7268], [100.3647, 13.7268], [100.3645, 13.7274], [100.3643, 13.7277], [100.3642, 13.728], [100.3641, 13.7282], [100.3641, 13.7283], [100.364, 13.7284], [100.3639, 13.7285], [100.3639, 13.7286], [100.3638, 13.7287], [100.3638, 13.7288], [100.3637, 13.729], [100.3636, 13.7291], [100.3633, 13.7298], [100.3633, 13.7298], [100.3628, 13.7308], [100.3627, 13.7311], [100.3626, 13.7313], [100.3625, 13.7315], [100.3624, 13.7317], [100.3623, 13.7319], [100.3622, 13.732], [100.3622, 13.7322], [100.3621, 13.7322], [100.362, 13.7324], [100.362, 13.7325], [100.3619, 13.7326], [100.3619, 13.7327], [100.3619, 13.7327], [100.3617, 13.7331], [100.3616, 13.7334], [100.3616, 13.7334], [100.3615, 13.7335], [100.3615, 13.7335], [100.3615, 13.7335], [100.3615, 13.7336], [100.3614, 13.7337], [100.3614, 13.7337], [100.3614, 13.7337], [100.3614, 13.7338], [100.3613, 13.7338], [100.3613, 13.7338], [100.3613, 13.7339], [100.3613, 13.7339], [100.3613, 13.734], [100.3613, 13.734], [100.3613, 13.7341], [100.3612, 13.7341], [100.3612, 13.7342], [100.3612, 13.7343], [100.3612, 13.7344], [100.3611, 13.7344], [100.3611, 13.7345], [100.361, 13.7346], [100.361, 13.7348], [100.361, 13.7348], [100.361, 13.7348], [100.3609, 13.7348], [100.3609, 13.7348], [100.3609, 13.7349], [100.3609, 13.7349], [100.3608, 13.735], [100.3608, 13.735], [100.3607, 13.7353], [100.3606, 13.7355], [100.3605, 13.7355], [100.3605, 13.7356], [100.3605, 13.7356], [100.3605, 13.7356], [100.3605, 13.7356], [100.3605, 13.7357], [100.3604, 13.7358], [100.3604, 13.7359], [100.3604, 13.736], [100.3604, 13.736], [100.3604, 13.736], [100.3603, 13.7361], [100.3603, 13.7362], [100.3603, 13.7362], [100.3603, 13.7363], [100.3602, 13.7364], [100.3602, 13.7364], [100.36, 13.7367], [100.36, 13.7367], [100.36, 13.7368], [100.36, 13.7368], [100.36, 13.7368], [100.3599, 13.7368], [100.3599, 13.7369], [100.3599, 13.7369], [100.3599, 13.737], [100.3598, 13.737], [100.3598, 13.7371], [100.3598, 13.7372], [100.3597, 13.7372], [100.3596, 13.7374], [100.3596, 13.7375], [100.3596, 13.7375], [100.3596, 13.7375], [100.3596, 13.7375], [100.3596, 13.7376], [100.3596, 13.7376], [100.3596, 13.7376], [100.3596, 13.7376], [100.3596, 13.7377], [100.3596, 13.7377], [100.3595, 13.7377], [100.3595, 13.7377], [100.3595, 13.7377], [100.3595, 13.7377], [100.3595, 13.7378], [100.3595, 13.7378], [100.3595, 13.7378], [100.3594, 13.7379], [100.3593, 13.738], [100.3591, 13.738], [100.3591, 13.738], [100.3591, 13.738], [100.359, 13.7379], [100.3588, 13.7379], [100.3586, 13.7379], [100.3583, 13.7379], [100.358, 13.7379], [100.3576, 13.7378], [100.3573, 13.7378], [100.3571, 13.7378], [100.3567, 13.7377], [100.3565, 13.7377], [100.3562, 13.7377], [100.356, 13.7377], [100.3559, 13.7377], [100.3556, 13.7376], [100.355, 13.7376], [100.3548, 13.7376], [100.3542, 13.7376], [100.3541, 13.7376], [100.354, 13.7376], [100.3539, 13.7375], [100.3539, 13.7375], [100.3538, 13.7375], [100.3537, 13.7375], [100.3537, 13.7375], [100.3536, 13.7374], [100.3536, 13.7374], [100.3535, 13.7374], [100.3534, 13.7374], [100.3533, 13.7374], [100.3532, 13.7374], [100.3531, 13.7374], [100.353, 13.7375], [100.3528, 13.7374], [100.3526, 13.7374], [100.3526, 13.7374], [100.3524, 13.7374], [100.3523, 13.7374], [100.352, 13.7373], [100.3516, 13.7373], [100.3514, 13.7373], [100.3513, 13.7373], [100.3512, 13.7373], [100.3511, 13.7373], [100.3511, 13.7373], [100.351, 13.7373], [100.351, 13.7373], [100.3505, 13.7373], [100.3498, 13.7372], [100.3492, 13.7372], [100.3485, 13.7371], [100.3483, 13.7371], [100.3481, 13.7371], [100.3479, 13.7371], [100.3477, 13.737], [100.3475, 13.737], [100.3473, 13.737], [100.3471, 13.737], [100.3469, 13.737], [100.3464, 13.737], [100.3463, 13.737], [100.3462, 13.737], [100.346, 13.737], [100.3458, 13.7369], [100.3454, 13.7369], [100.3451, 13.7369], [100.3449, 13.7369], [100.3445, 13.7369], [100.3441, 13.7369], [100.344, 13.7369], [100.3438, 13.7368], [100.3436, 13.7368], [100.3435, 13.7368], [100.3429, 13.7368], [100.3425, 13.7367], [100.3418, 13.7367], [100.3403, 13.7366], [100.3398, 13.7366], [100.3397, 13.7365], [100.3393, 13.7365], [100.3391, 13.7364], [100.339, 13.7364], [100.339, 13.7364], [100.3389, 13.7364], [100.3387, 13.7363], [100.3383, 13.7362], [100.3381, 13.7362], [100.3375, 13.7361], [100.3374, 13.7361], [100.3374, 13.7358], [100.3373, 13.7352], [100.3373, 13.7349], [100.3374, 13.7345], [100.3374, 13.7339], [100.3375, 13.7328], [100.3369, 13.7326], [100.3356, 13.7324], [100.3349, 13.7322], [100.3349, 13.7321], [100.3353, 13.7313], [100.3355, 13.7307], [100.3349, 13.7304], [100.3354, 13.7293], [100.3357, 13.7287], [100.336, 13.7281], [100.336, 13.7279], [100.3359, 13.7279], [100.336, 13.7276], [100.3361, 13.7274], [100.3362, 13.7271], [100.3365, 13.7266], [100.3362, 13.7266], [100.3362, 13.7258], [100.3362, 13.725], [100.3363, 13.7243], [100.3363, 13.7241], [100.3363, 13.7239], [100.3363, 13.7235], [100.3364, 13.723], [100.3357, 13.723], [100.336, 13.7223], [100.336, 13.7223], [100.3346, 13.7217], [100.3329, 13.7212], [100.3331, 13.7208], [100.3335, 13.7201], [100.334, 13.7194], [100.3345, 13.7186], [100.3348, 13.7184], [100.335, 13.7183], [100.3353, 13.7181], [100.3361, 13.7172], [100.3366, 13.7168], [100.3368, 13.7167], [100.3367, 13.7165], [100.3362, 13.7157], [100.336, 13.7155], [100.3364, 13.7152], [100.3375, 13.7148], [100.338, 13.7141], [100.3381, 13.714], [100.3384, 13.7133], [100.3388, 13.7128], [100.3373, 13.7119], [100.3365, 13.7112], [100.3353, 13.7108], [100.3351, 13.7112], [100.3341, 13.7131], [100.3323, 13.7125], [100.3329, 13.7115], [100.3331, 13.711], [100.3331, 13.7106], [100.3332, 13.7101], [100.3334, 13.7097], [100.3334, 13.7092], [100.3335, 13.7086], [100.3335, 13.7084], [100.3333, 13.7077], [100.3331, 13.7071], [100.3329, 13.7067], [100.3323, 13.7057], [100.3317, 13.7047], [100.3309, 13.7041], [100.3301, 13.7032], [100.3302, 13.7024], [100.3303, 13.7017], [100.3302, 13.7002], [100.3304, 13.6996], [100.3307, 13.6989], [100.3311, 13.6979], [100.3313, 13.6974], [100.3313, 13.6972], [100.3313, 13.697], [100.3314, 13.6968], [100.3314, 13.6964], [100.3315, 13.696], [100.3315, 13.6958], [100.3315, 13.6957], [100.3315, 13.6953], [100.3316, 13.695], [100.3316, 13.6948], [100.3316, 13.6946], [100.3316, 13.6944], [100.3316, 13.6942], [100.3317, 13.694], [100.3317, 13.6937], [100.3318, 13.6935], [100.3318, 13.6934], [100.3318, 13.6933], [100.3319, 13.693], [100.3319, 13.6929], [100.332, 13.6928], [100.3321, 13.6927], [100.3321, 13.6927], [100.3321, 13.6927], [100.3321, 13.6926], [100.3321, 13.6925], [100.3321, 13.6923], [100.3321, 13.6921], [100.332, 13.6918], [100.332, 13.6917], [100.332, 13.6916], [100.332, 13.6915], [100.332, 13.6914], [100.332, 13.6913], [100.332, 13.6912], [100.332, 13.6911], [100.332, 13.691], [100.3321, 13.6908], [100.3321, 13.6908]]]}, "properties": {"DISTRICT_N": "หนองแขม", "CODE": 1023, "AREA_BMA": 35.82500076}}, {"type": "Feature", "geometry": {"type": "Polygon", "coordinates": [[[100.8288, 13.702], [100.8297, 13.7017], [100.8369, 13.6989], [100.8405, 13.6975], [100.8406, 13.6974], [100.8466, 13.695], [100.8557, 13.6913], [100.8594, 13.6897], [100.8595, 13.6901], [100.8595, 13.6904], [100.8596, 13.6907], [100.8597, 13.691], [100.8597, 13.6913], [100.8598, 13.6916], [100.8598, 13.6918], [100.8599, 13.6923], [100.86, 13.6926], [100.8603, 13.6941], [100.8603, 13.6943], [100.8604, 13.6949], [100.8606, 13.696], [100.8609, 13.6971], [100.8596, 13.6977], [100.8573, 13.6986], [100.8563, 13.6991], [100.8562, 13.6991], [100.8562, 13.6991], [100.8562, 13.6991], [100.8561, 13.6991], [100.8561, 13.6992], [100.856, 13.6992], [100.8559, 13.6991], [100.8558, 13.6992], [100.8557, 13.6992], [100.8556, 13.6993], [100.8556, 13.6993], [100.8556, 13.6993], [100.8554, 13.6994], [100.8553, 13.6994], [100.8554, 13.6996], [100.8554, 13.6997], [100.8556, 13.7001], [100.8558, 13.7002], [100.8558, 13.7003], [100.8558, 13.7004], [100.8559, 13.7004], [100.8559, 13.7005], [100.856, 13.7006], [100.856, 13.7006], [100.856, 13.7007], [100.856, 13.7007], [100.856, 13.7007], [100.8561, 13.7008], [100.8561, 13.7008], [100.8561, 13.7008], [100.8561, 13.7009], [100.8561, 13.7009], [100.8562, 13.701], [100.8563, 13.7011], [100.8563, 13.7011], [100.8583, 13.7042], [100.8597, 13.7065], [100.8603, 13.7075], [100.8617, 13.7099], [100.8625, 13.7113], [100.8632, 13.7124], [100.8637, 13.7132], [100.8643, 13.7142], [100.8649, 13.7151], [100.8653, 13.7159], [100.8658, 13.7167], [100.8665, 13.7178], [100.8668, 13.7182], [100.8671, 13.7187], [100.8675, 13.7195], [100.8676, 13.7196], [100.8676, 13.7197], [100.8677, 13.7197], [100.8677, 13.7198], [100.8678, 13.7198], [100.8678, 13.7199], [100.8683, 13.7206], [100.8687, 13.7213], [100.8688, 13.7215], [100.869, 13.7217], [100.869, 13.7218], [100.8692, 13.722], [100.8693, 13.7222], [100.8695, 13.7226], [100.8699, 13.7231], [100.8701, 13.7233], [100.8702, 13.7236], [100.8704, 13.724], [100.8706, 13.7242], [100.8706, 13.7242], [100.8707, 13.7243], [100.8707, 13.7243], [100.8708, 13.7244], [100.8709, 13.7247], [100.8712, 13.7251], [100.8714, 13.7254], [100.8714, 13.7255], [100.8714, 13.7255], [100.8715, 13.7256], [100.8717, 13.7259], [100.8718, 13.7262], [100.8719, 13.7264], [100.872, 13.7266], [100.8721, 13.7267], [100.8722, 13.7268], [100.8724, 13.7272], [100.8727, 13.7277], [100.8727, 13.7278], [100.873, 13.7282], [100.8731, 13.7284], [100.8733, 13.7287], [100.8735, 13.7289], [100.8737, 13.7293], [100.8739, 13.7297], [100.8745, 13.7307], [100.8747, 13.7311], [100.8748, 13.7313], [100.8751, 13.7317], [100.8753, 13.732], [100.8757, 13.7326], [100.8759, 13.7328], [100.876, 13.733], [100.8763, 13.7335], [100.8766, 13.734], [100.8768, 13.7342], [100.8772, 13.7349], [100.8774, 13.7353], [100.8779, 13.7361], [100.8785, 13.7369], [100.8789, 13.7376], [100.8789, 13.7376], [100.8789, 13.7377], [100.8789, 13.7377], [100.879, 13.7378], [100.879, 13.7378], [100.879, 13.7378], [100.8785, 13.7379], [100.8784, 13.7379], [100.8783, 13.7379], [100.8781, 13.738], [100.878, 13.738], [100.8779, 13.738], [100.8778, 13.738], [100.8777, 13.738], [100.8776, 13.738], [100.8775, 13.738], [100.8774, 13.738], [100.8773, 13.738], [100.8772, 13.738], [100.8771, 13.7381], [100.8767, 13.7382], [100.8765, 13.7382], [100.8764, 13.7383], [100.8764, 13.7383], [100.8763, 13.7383], [100.8762, 13.7383], [100.8761, 13.7383], [100.876, 13.7384], [100.8758, 13.7384], [100.8758, 13.7384], [100.8757, 13.7384], [100.8757, 13.7385], [100.8754, 13.7386], [100.875, 13.7388], [100.875, 13.7389], [100.8749, 13.739], [100.8749, 13.739], [100.8747, 13.7392], [100.8746, 13.7394], [100.8744, 13.7396], [100.8741, 13.7401], [100.874, 13.7404], [100.8739, 13.7405], [100.8739, 13.7406], [100.8738, 13.7408], [100.8737, 13.7411], [100.8737, 13.7411], [100.8737, 13.7413], [100.8736, 13.7415], [100.8736, 13.7416], [100.8735, 13.7418], [100.8733, 13.7421], [100.8733, 13.7422], [100.8726, 13.7441], [100.8726, 13.7442], [100.8725, 13.7442], [100.8724, 13.7444], [100.8722, 13.7446], [100.8721, 13.7447], [100.872, 13.7448], [100.8719, 13.745], [100.8718, 13.7451], [100.8717, 13.7452], [100.8715, 13.7454], [100.8714, 13.7455], [100.8713, 13.7456], [100.8712, 13.7456], [100.8711, 13.7458], [100.8711, 13.7458], [100.871, 13.7459], [100.871, 13.746], [100.8709, 13.746], [100.8707, 13.7463], [100.8706, 13.7464], [100.8704, 13.7467], [100.8703, 13.7469], [100.8702, 13.7469], [100.87, 13.7471], [100.8699, 13.7473], [100.8698, 13.7474], [100.8698, 13.7474], [100.8698, 13.7474], [100.8697, 13.7475], [100.8697, 13.7475], [100.8697, 13.7475], [100.8697, 13.7476], [100.8696, 13.7476], [100.8696, 13.7477], [100.8696, 13.7477], [100.8695, 13.7477], [100.8695, 13.7478], [100.8695, 13.7478], [100.8694, 13.7479], [100.8693, 13.748], [100.8693, 13.7481], [100.8692, 13.7483], [100.8691, 13.7484], [100.8691, 13.7484], [100.869, 13.7485], [100.8689, 13.7487], [100.8689, 13.7487], [100.8687, 13.749], [100.8684, 13.7494], [100.8683, 13.7495], [100.8683, 13.7495], [100.8682, 13.7497], [100.8681, 13.7498], [100.8681, 13.7498], [100.8681, 13.7499], [100.868, 13.7499], [100.868, 13.75], [100.868, 13.75], [100.868, 13.75], [100.868, 13.7501], [100.8679, 13.7501], [100.8679, 13.7501], [100.8679, 13.7502], [100.8679, 13.7502], [100.8679, 13.7503], [100.8676, 13.7507], [100.8675, 13.751], [100.8674, 13.7511], [100.8674, 13.7511], [100.8674, 13.7512], [100.8673, 13.7513], [100.8673, 13.7514], [100.8672, 13.7515], [100.8672, 13.7516], [100.8672, 13.7516], [100.8672, 13.7517], [100.8672, 13.7517], [100.8671, 13.7517], [100.8669, 13.7521], [100.8669, 13.7521], [100.8668, 13.7523], [100.8667, 13.7526], [100.8666, 13.7528], [100.8665, 13.7531], [100.8665, 13.7533], [100.8665, 13.7533], [100.8665, 13.7536], [100.8664, 13.7538], [100.8664, 13.7541], [100.8664, 13.7547], [100.8663, 13.755], [100.8663, 13.7553], [100.8663, 13.7554], [100.8663, 13.7554], [100.8663, 13.7555], [100.8663, 13.7556], [100.8663, 13.7556], [100.8663, 13.7557], [100.8664, 13.756], [100.8664, 13.7561], [100.8664, 13.7562], [100.8664, 13.7562], [100.8664, 13.7563], [100.8664, 13.7563], [100.8664, 13.7564], [100.8665, 13.7565], [100.8665, 13.7566], [100.8665, 13.7568], [100.8665, 13.757], [100.8666, 13.7572], [100.8666, 13.7573], [100.8666, 13.7574], [100.8666, 13.7575], [100.8666, 13.7575], [100.8666, 13.7578], [100.8666, 13.7578], [100.8666, 13.7579], [100.8666, 13.7581], [100.8666, 13.7583], [100.8666, 13.7584], [100.8665, 13.7586], [100.8664, 13.7588], [100.8664, 13.7589], [100.8663, 13.7591], [100.8662, 13.7593], [100.8662, 13.7594], [100.8661, 13.7595], [100.8661, 13.7595], [100.866, 13.7596], [100.866, 13.7597], [100.8659, 13.7599], [100.8659, 13.7599], [100.8659, 13.76], [100.8658, 13.76], [100.8658, 13.7602], [100.8658, 13.7602], [100.8658, 13.7603], [100.8658, 13.7603], [100.8658, 13.7604], [100.8658, 13.7605], [100.8657, 13.7606], [100.8657, 13.7607], [100.8657, 13.7608], [100.8657, 13.761], [100.8657, 13.7612], [100.8657, 13.7614], [100.8656, 13.7615], [100.8656, 13.7616], [100.8656, 13.7617], [100.8656, 13.7618], [100.8655, 13.762], [100.8654, 13.7621], [100.8654, 13.7621], [100.8654, 13.7622], [100.8653, 13.7623], [100.8653, 13.7624], [100.8653, 13.7625], [100.8652, 13.7626], [100.8651, 13.7628], [100.865, 13.763], [100.865, 13.7631], [100.865, 13.7633], [100.8649, 13.7633], [100.8649, 13.7634], [100.8649, 13.7635], [100.8649, 13.7635], [100.8649, 13.7636], [100.8649, 13.7637], [100.8649, 13.7638], [100.8649, 13.7638], [100.8649, 13.7639], [100.8649, 13.764], [100.8649, 13.7641], [100.8649, 13.7642], [100.8649, 13.7644], [100.8649, 13.7645], [100.8649, 13.7645], [100.8648, 13.7646], [100.8648, 13.7647], [100.8648, 13.7648], [100.8647, 13.7649], [100.8647, 13.7649], [100.8647, 13.765], [100.8647, 13.765], [100.8646, 13.7652], [100.8646, 13.7652], [100.8646, 13.7653], [100.8646, 13.7653], [100.8645, 13.7655], [100.8645, 13.7656], [100.8644, 13.7657], [100.8644, 13.7657], [100.8644, 13.7658], [100.8643, 13.7659], [100.8643, 13.766], [100.8643, 13.766], [100.8642, 13.7662], [100.8642, 13.7663], [100.8641, 13.7665], [100.8641, 13.7666], [100.864, 13.7667], [100.864, 13.7667], [100.864, 13.7668], [100.8639, 13.7669], [100.8638, 13.7671], [100.8638, 13.7673], [100.8637, 13.7675], [100.8636, 13.7676], [100.8636, 13.7677], [100.8634, 13.7678], [100.8633, 13.7679], [100.8632, 13.768], [100.863, 13.7682], [100.8629, 13.7683], [100.8627, 13.7686], [100.8626, 13.7687], [100.8624, 13.7689], [100.8623, 13.769], [100.8622, 13.7691], [100.8622, 13.7692], [100.8621, 13.7692], [100.8621, 13.7692], [100.8621, 13.7692], [100.8621, 13.7693], [100.862, 13.7694], [100.862, 13.7694], [100.8619, 13.7695], [100.8619, 13.7695], [100.8619, 13.7696], [100.8618, 13.7696], [100.8618, 13.7697], [100.8617, 13.7697], [100.8616, 13.7697], [100.8616, 13.7697], [100.8616, 13.7698], [100.8615, 13.7698], [100.8615, 13.7699], [100.8615, 13.7699], [100.8614, 13.7699], [100.8613, 13.77], [100.8612, 13.7701], [100.8611, 13.7701], [100.8611, 13.7702], [100.861, 13.7702], [100.8609, 13.7703], [100.8609, 13.7703], [100.8609, 13.7703], [100.8607, 13.7704], [100.8606, 13.7704], [100.8605, 13.7704], [100.8605, 13.7704], [100.8604, 13.7704], [100.8604, 13.7704], [100.8604, 13.7704], [100.8603, 13.7704], [100.8603, 13.7704], [100.8602, 13.7703], [100.8602, 13.7704], [100.8601, 13.7704], [100.8601, 13.7704], [100.8601, 13.7704], [100.8601, 13.7704], [100.86, 13.7704], [100.86, 13.7704], [100.86, 13.7704], [100.8599, 13.7704], [100.8599, 13.7705], [100.8599, 13.7705], [100.8599, 13.7705], [100.8599, 13.7704], [100.8599, 13.7704], [100.8599, 13.7704], [100.8599, 13.7703], [100.8598, 13.7703], [100.8598, 13.7704], [100.8598, 13.7704], [100.8598, 13.7704], [100.8596, 13.7704], [100.8596, 13.7704], [100.8596, 13.7704], [100.8595, 13.7704], [100.8595, 13.7703], [100.8596, 13.7703], [100.8595, 13.7703], [100.8595, 13.7703], [100.8594, 13.7703], [100.8594, 13.7703], [100.8593, 13.7703], [100.8593, 13.7703], [100.8593, 13.7703], [100.8593, 13.7703], [100.8593, 13.7704], [100.8593, 13.7704], [100.8593, 13.7704], [100.8592, 13.7704], [100.8592, 13.7704], [100.8592, 13.7704], [100.8592, 13.7704], [100.8592, 13.7703], [100.8591, 13.7703], [100.859, 13.7703], [100.859, 13.7703], [100.859, 13.7704], [100.859, 13.7704], [100.859, 13.7704], [100.8589, 13.7704], [100.8589, 13.7704], [100.8589, 13.7704], [100.8589, 13.7703], [100.8588, 13.7703], [100.8588, 13.7704], [100.8588, 13.7704], [100.8588, 13.7703], [100.8587, 13.7703], [100.8587, 13.7703], [100.8586, 13.7703], [100.8586, 13.7703], [100.8586, 13.7703], [100.8586, 13.7703], [100.8585, 13.7703], [100.8585, 13.7704], [100.8585, 13.7704], [100.8585, 13.7704], [100.8584, 13.7704], [100.8584, 13.7704], [100.8584, 13.7704], [100.8584, 13.7703], [100.8584, 13.7704], [100.8583, 13.7704], [100.8583, 13.7704], [100.8583, 13.7704], [100.8582, 13.7704], [100.8581, 13.7704], [100.8581, 13.7704], [100.858, 13.7704], [100.858, 13.7704], [100.858, 13.7704], [100.8579, 13.7704], [100.8578, 13.7704], [100.8577, 13.7705], [100.8575, 13.7706], [100.8574, 13.7706], [100.8573, 13.7707], [100.8573, 13.7706], [100.8573, 13.7707], [100.8572, 13.7707], [100.8572, 13.7707], [100.8572, 13.7707], [100.8571, 13.7708], [100.8571, 13.7708], [100.8571, 13.7708], [100.857, 13.7708], [100.8568, 13.7709], [100.8567, 13.7709], [100.8565, 13.771], [100.8563, 13.771], [100.8559, 13.7711], [100.8556, 13.7711], [100.8554, 13.7711], [100.8551, 13.7711], [100.8549, 13.7711], [100.8548, 13.7711], [100.8547, 13.7711], [100.8545, 13.7711], [100.8542, 13.7711], [100.8538, 13.7711], [100.8534, 13.7711], [100.8533, 13.7711], [100.8532, 13.7711], [100.853, 13.7711], [100.8528, 13.7711], [100.8526, 13.7711], [100.8525, 13.771], [100.8524, 13.771], [100.8523, 13.771], [100.852, 13.771], [100.8519, 13.771], [100.8517, 13.771], [100.8515, 13.771], [100.8514, 13.771], [100.8512, 13.771], [100.851, 13.771], [100.8508, 13.771], [100.8505, 13.771], [100.8504, 13.771], [100.85, 13.771], [100.8496, 13.771], [100.8488, 13.771], [100.8484, 13.771], [100.8483, 13.771], [100.8482, 13.771], [100.8481, 13.7709], [100.8478, 13.7709], [100.8474, 13.7709], [100.847, 13.7708], [100.8465, 13.7708], [100.8462, 13.7708], [100.8461, 13.7708], [100.8458, 13.7708], [100.8455, 13.7708], [100.8452, 13.7709], [100.8448, 13.7709], [100.8446, 13.771], [100.8443, 13.771], [100.8439, 13.7711], [100.8436, 13.771], [100.8435, 13.771], [100.8434, 13.771], [100.8433, 13.771], [100.8431, 13.771], [100.8429, 13.771], [100.8427, 13.771], [100.8425, 13.771], [100.8423, 13.771], [100.8419, 13.7709], [100.8418, 13.7709], [100.8417, 13.7708], [100.8416, 13.7708], [100.8415, 13.7708], [100.8414, 13.7708], [100.8412, 13.7707], [100.8412, 13.7707], [100.8411, 13.7707], [100.841, 13.7706], [100.8409, 13.7706], [100.8407, 13.7705], [100.8406, 13.7704], [100.8404, 13.7703], [100.8402, 13.7703], [100.8401, 13.7702], [100.8398, 13.7701], [100.8396, 13.7699], [100.8394, 13.7697], [100.8392, 13.7694], [100.8389, 13.7691], [100.8387, 13.769], [100.8386, 13.7689], [100.8386, 13.7689], [100.8385, 13.7688], [100.8383, 13.7686], [100.8383, 13.7684], [100.8381, 13.7683], [100.8381, 13.7683], [100.838, 13.7681], [100.8379, 13.7679], [100.8376, 13.7677], [100.8374, 13.7676], [100.8373, 13.7676], [100.8368, 13.7677], [100.8367, 13.7677], [100.8363, 13.7677], [100.8359, 13.7678], [100.8357, 13.7678], [100.8355, 13.7679], [100.8351, 13.7679], [100.8348, 13.768], [100.8346, 13.768], [100.8346, 13.768], [100.8343, 13.768], [100.8343, 13.768], [100.8342, 13.768], [100.8339, 13.7679], [100.8334, 13.7678], [100.8333, 13.7678], [100.8332, 13.7677], [100.8332, 13.7677], [100.8332, 13.7677], [100.833, 13.7676], [100.8329, 13.7676], [100.8327, 13.7676], [100.8325, 13.7675], [100.8324, 13.7675], [100.8323, 13.7675], [100.8322, 13.7675], [100.8321, 13.7677], [100.832, 13.7678], [100.8319, 13.7678], [100.8319, 13.7679], [100.8318, 13.768], [100.8316, 13.7682], [100.8315, 13.7683], [100.8315, 13.7684], [100.8314, 13.7685], [100.8314, 13.7686], [100.8313, 13.7687], [100.8312, 13.7688], [100.831, 13.769], [100.8307, 13.7692], [100.8305, 13.7694], [100.8303, 13.7696], [100.8301, 13.7698], [100.83, 13.7702], [100.8299, 13.7704], [100.8299, 13.7705], [100.8299, 13.7706], [100.8298, 13.7707], [100.8298, 13.7707], [100.8297, 13.7709], [100.8296, 13.771], [100.8296, 13.7712], [100.8295, 13.7714], [100.8295, 13.7715], [100.8294, 13.7716], [100.8294, 13.7717], [100.8294, 13.7717], [100.8294, 13.7718], [100.8294, 13.7719], [100.8293, 13.7721], [100.8291, 13.7723], [100.8288, 13.7725], [100.8287, 13.7726], [100.8285, 13.7727], [100.8285, 13.7728], [100.8283, 13.7729], [100.8282, 13.773], [100.828, 13.7733], [100.8278, 13.7736], [100.8276, 13.7738], [100.8275, 13.7739], [100.8272, 13.7742], [100.827, 13.7744], [100.8269, 13.7746], [100.8267, 13.7748], [100.8266, 13.7749], [100.8265, 13.775], [100.8264, 13.7751], [100.8263, 13.7751], [100.8261, 13.7753], [100.8259, 13.7754], [100.8259, 13.7755], [100.8258, 13.7755], [100.8257, 13.7756], [100.8254, 13.7758], [100.8252, 13.776], [100.8251, 13.7761], [100.8248, 13.7763], [100.8248, 13.7764], [100.8246, 13.7765], [100.8245, 13.7766], [100.8242, 13.7769], [100.824, 13.777], [100.8237, 13.7771], [100.8236, 13.7772], [100.8235, 13.7773], [100.8234, 13.7773], [100.8233, 13.7774], [100.8231, 13.7775], [100.8231, 13.7775], [100.823, 13.7776], [100.8229, 13.7776], [100.8229, 13.7776], [100.8228, 13.7777], [100.8228, 13.7777], [100.8228, 13.7778], [100.8228, 13.7778], [100.8228, 13.778], [100.8228, 13.7781], [100.8229, 13.7783], [100.8229, 13.7784], [100.8229, 13.7785], [100.8229, 13.7787], [100.8229, 13.7788], [100.8229, 13.7789], [100.8229, 13.7792], [100.8229, 13.7793], [100.8229, 13.7793], [100.823, 13.7794], [100.823, 13.7794], [100.823, 13.7795], [100.823, 13.7795], [100.823, 13.7797], [100.8229, 13.7798], [100.8228, 13.7798], [100.8227, 13.7799], [100.8226, 13.78], [100.8224, 13.7801], [100.8222, 13.7802], [100.8217, 13.7806], [100.8214, 13.7808], [100.8211, 13.7809], [100.8206, 13.7812], [100.8202, 13.7815], [100.8198, 13.7818], [100.8197, 13.7818], [100.8196, 13.7819], [100.8192, 13.782], [100.8188, 13.7821], [100.8185, 13.7822], [100.8182, 13.7823], [100.8179, 13.7824], [100.8177, 13.7824], [100.8176, 13.7824], [100.8174, 13.7825], [100.8169, 13.7826], [100.8166, 13.7827], [100.8163, 13.7828], [100.816, 13.7829], [100.8157, 13.783], [100.8154, 13.7831], [100.8153, 13.7833], [100.8152, 13.7833], [100.8151, 13.7836], [100.815, 13.7838], [100.8149, 13.7839], [100.8148, 13.7841], [100.8147, 13.7842], [100.8147, 13.7842], [100.8146, 13.7842], [100.8145, 13.7842], [100.8145, 13.7842], [100.8144, 13.7842], [100.8144, 13.7842], [100.8143, 13.7841], [100.8142, 13.7841], [100.8141, 13.7839], [100.814, 13.7839], [100.8137, 13.7835], [100.8137, 13.7834], [100.8136, 13.7833], [100.8134, 13.783], [100.8134, 13.7829], [100.8133, 13.7828], [100.8131, 13.7827], [100.8127, 13.7826], [100.8123, 13.7824], [100.812, 13.7823], [100.8117, 13.7822], [100.8115, 13.7822], [100.8112, 13.7821], [100.811, 13.7821], [100.8106, 13.7819], [100.8102, 13.7818], [100.8099, 13.7818], [100.8095, 13.7818], [100.8094, 13.7817], [100.8089, 13.7817], [100.8084, 13.7816], [100.8081, 13.7817], [100.8076, 13.7817], [100.8074, 13.7816], [100.8073, 13.7817], [100.8071, 13.7817], [100.8069, 13.7817], [100.8069, 13.7817], [100.8068, 13.7818], [100.8065, 13.7817], [100.8061, 13.7817], [100.8055, 13.7817], [100.805, 13.7817], [100.8047, 13.7817], [100.8044, 13.7818], [100.8041, 13.7818], [100.8038, 13.7818], [100.8033, 13.7817], [100.8028, 13.7817], [100.8023, 13.7816], [100.8019, 13.7816], [100.8015, 13.7816], [100.8012, 13.7816], [100.801, 13.7816], [100.8009, 13.7817], [100.8007, 13.7817], [100.8006, 13.7817], [100.8004, 13.7818], [100.8, 13.7819], [100.7997, 13.7819], [100.7995, 13.7819], [100.7995, 13.7819], [100.7993, 13.782], [100.7991, 13.7821], [100.7989, 13.7821], [100.7987, 13.7822], [100.7986, 13.7822], [100.7985, 13.7822], [100.7984, 13.7823], [100.7983, 13.7823], [100.7982, 13.7824], [100.798, 13.7824], [100.7978, 13.7825], [100.7977, 13.7825], [100.7975, 13.7825], [100.7974, 13.7825], [100.7972, 13.7826], [100.7971, 13.7826], [100.797, 13.7826], [100.7967, 13.7827], [100.7964, 13.7827], [100.796, 13.7829], [100.7957, 13.783], [100.7956, 13.783], [100.7954, 13.7832], [100.7952, 13.7833], [100.7951, 13.7833], [100.7949, 13.7834], [100.7948, 13.7834], [100.7947, 13.7835], [100.7943, 13.7837], [100.794, 13.7838], [100.7939, 13.7839], [100.7939, 13.7839], [100.7938, 13.7839], [100.7938, 13.784], [100.7937, 13.7841], [100.7936, 13.7843], [100.7936, 13.7843], [100.7936, 13.7845], [100.7936, 13.7846], [100.7936, 13.7846], [100.7936, 13.7847], [100.7936, 13.7847], [100.7936, 13.7848], [100.7937, 13.7849], [100.7938, 13.7851], [100.7939, 13.7854], [100.7941, 13.7856], [100.7941, 13.7857], [100.7941, 13.7857], [100.7942, 13.7857], [100.7942, 13.7858], [100.7943, 13.786], [100.7946, 13.7863], [100.7947, 13.7865], [100.7951, 13.7869], [100.7952, 13.7871], [100.7955, 13.7874], [100.7956, 13.7876], [100.7956, 13.7877], [100.7957, 13.7878], [100.7958, 13.788], [100.7959, 13.7883], [100.796, 13.7884], [100.796, 13.7885], [100.7961, 13.7889], [100.7962, 13.7891], [100.7962, 13.7893], [100.7962, 13.7896], [100.7962, 13.7897], [100.7962, 13.7898], [100.7962, 13.7898], [100.7962, 13.7899], [100.7962, 13.79], [100.7962, 13.7901], [100.7962, 13.7901], [100.7962, 13.7902], [100.7962, 13.7903], [100.7963, 13.7905], [100.7963, 13.7906], [100.7963, 13.7906], [100.7964, 13.7909], [100.7964, 13.7909], [100.7964, 13.791], [100.7964, 13.7911], [100.7964, 13.7911], [100.7964, 13.7912], [100.7964, 13.7912], [100.7964, 13.7913], [100.7963, 13.7915], [100.7963, 13.7917], [100.7963, 13.7918], [100.7962, 13.792], [100.7961, 13.7921], [100.7961, 13.7921], [100.7961, 13.7921], [100.7961, 13.7922], [100.796, 13.7923], [100.7957, 13.7928], [100.7956, 13.7929], [100.7955, 13.7931], [100.7954, 13.7933], [100.7954, 13.7935], [100.7953, 13.7936], [100.7953, 13.7937], [100.7952, 13.7938], [100.7951, 13.7939], [100.7951, 13.7939], [100.795, 13.794], [100.7949, 13.7941], [100.7948, 13.7941], [100.7948, 13.7942], [100.7947, 13.7942], [100.7942, 13.7945], [100.7942, 13.7945], [100.7935, 13.7949], [100.7934, 13.795], [100.7933, 13.795], [100.7929, 13.7953], [100.7924, 13.7956], [100.7922, 13.7957], [100.7919, 13.7959], [100.7918, 13.796], [100.7917, 13.7961], [100.7917, 13.7961], [100.7915, 13.7964], [100.7914, 13.7965], [100.791, 13.7971], [100.7909, 13.7973], [100.7906, 13.7977], [100.7904, 13.7979], [100.7901, 13.7984], [100.7898, 13.7988], [100.7895, 13.7991], [100.7893, 13.7994], [100.789, 13.7998], [100.7889, 13.7999], [100.7887, 13.8001], [100.7886, 13.8003], [100.7884, 13.8005], [100.7884, 13.8005], [100.7883, 13.8004], [100.7883, 13.8003], [100.7882, 13.8002], [100.7877, 13.8001], [100.7876, 13.8], [100.7865, 13.7997], [100.7862, 13.7996], [100.786, 13.7996], [100.7855, 13.7994], [100.7853, 13.7994], [100.7851, 13.7994], [100.7845, 13.7992], [100.7842, 13.7992], [100.7841, 13.7992], [100.784, 13.7992], [100.7838, 13.7991], [100.7835, 13.7991], [100.7834, 13.799], [100.7829, 13.7989], [100.7826, 13.7989], [100.7825, 13.7988], [100.7825, 13.7988], [100.7824, 13.7988], [100.7824, 13.7988], [100.7824, 13.7988], [100.7823, 13.7987], [100.782, 13.7985], [100.7819, 13.7985], [100.7819, 13.7984], [100.7818, 13.7984], [100.7817, 13.7984], [100.7816, 13.7983], [100.7813, 13.7981], [100.7811, 13.7981], [100.781, 13.798], [100.7827, 13.7817], [100.7826, 13.7817], [100.7824, 13.7818], [100.7822, 13.7819], [100.7815, 13.782], [100.7811, 13.7821], [100.7809, 13.7822], [100.7806, 13.7822], [100.7804, 13.7822], [100.7802, 13.7822], [100.78, 13.7823], [100.7798, 13.7823], [100.779, 13.7823], [100.7788, 13.7824], [100.7786, 13.7824], [100.7785, 13.7824], [100.7784, 13.7824], [100.7782, 13.7824], [100.7779, 13.7824], [100.7777, 13.7825], [100.7776, 13.7825], [100.7775, 13.7826], [100.7774, 13.7827], [100.7772, 13.7827], [100.7769, 13.7829], [100.7769, 13.783], [100.7768, 13.7831], [100.7767, 13.7832], [100.7766, 13.7832], [100.7766, 13.7832], [100.7764, 13.7831], [100.7762, 13.7831], [100.776, 13.7831], [100.7755, 13.783], [100.7752, 13.7829], [100.7749, 13.7829], [100.7745, 13.7828], [100.7741, 13.7828], [100.7739, 13.7827], [100.7739, 13.7827], [100.7736, 13.7827], [100.7733, 13.7826], [100.773, 13.7826], [100.7727, 13.7825], [100.7725, 13.7826], [100.7722, 13.7826], [100.7721, 13.7826], [100.772, 13.7826], [100.7719, 13.7826], [100.7719, 13.7826], [100.7717, 13.7826], [100.7716, 13.7826], [100.7712, 13.7826], [100.7707, 13.7826], [100.7705, 13.7826], [100.7702, 13.7826], [100.7699, 13.7825], [100.7696, 13.7825], [100.7694, 13.7825], [100.7693, 13.7825], [100.7693, 13.7824], [100.7692, 13.7824], [100.769, 13.7824], [100.7689, 13.7824], [100.7687, 13.7824], [100.7685, 13.7824], [100.7685, 13.7822], [100.7685, 13.782], [100.7685, 13.782], [100.7684, 13.782], [100.7684, 13.782], [100.7682, 13.782], [100.7678, 13.782], [100.7677, 13.782], [100.7677, 13.782], [100.7676, 13.7819], [100.7676, 13.7818], [100.7676, 13.7817], [100.7676, 13.7816], [100.7676, 13.7816], [100.7675, 13.7816], [100.7671, 13.7816], [100.7658, 13.7817], [100.765, 13.7817], [100.7648, 13.7817], [100.7648, 13.7817], [100.7648, 13.7816], [100.7647, 13.7811], [100.7646, 13.781], [100.7645, 13.7809], [100.7643, 13.7808], [100.7641, 13.7807], [100.764, 13.7806], [100.7639, 13.7805], [100.7639, 13.7804], [100.7637, 13.7801], [100.7636, 13.78], [100.7636, 13.78], [100.7635, 13.78], [100.7634, 13.78], [100.7633, 13.78], [100.7633, 13.7799], [100.7632, 13.7799], [100.7631, 13.7797], [100.763, 13.7796], [100.7629, 13.7796], [100.7629, 13.7795], [100.7629, 13.7794], [100.7627, 13.7793], [100.7626, 13.7792], [100.7624, 13.7791], [100.7623, 13.779], [100.7622, 13.7789], [100.7621, 13.7789], [100.7621, 13.7788], [100.7619, 13.7786], [100.7617, 13.7784], [100.7614, 13.7781], [100.7613, 13.7779], [100.7612, 13.7778], [100.761, 13.7776], [100.7608, 13.7774], [100.7608, 13.7774], [100.7608, 13.7773], [100.7609, 13.7773], [100.7609, 13.7772], [100.7608, 13.7772], [100.7608, 13.777], [100.7608, 13.7769], [100.7608, 13.7768], [100.7609, 13.7767], [100.7609, 13.7766], [100.7608, 13.7765], [100.7607, 13.7764], [100.7607, 13.7764], [100.7607, 13.7763], [100.7606, 13.7763], [100.7605, 13.7761], [100.7604, 13.7761], [100.7603, 13.776], [100.7602, 13.7759], [100.7602, 13.7758], [100.7601, 13.7758], [100.7601, 13.7758], [100.76, 13.7758], [100.7599, 13.7758], [100.7599, 13.7758], [100.7598, 13.7758], [100.7597, 13.7758], [100.7595, 13.7757], [100.7595, 13.7757], [100.7594, 13.7757], [100.7592, 13.7757], [100.7591, 13.7757], [100.7588, 13.7757], [100.7587, 13.7757], [100.7586, 13.7757], [100.7585, 13.7758], [100.7583, 13.7758], [100.7581, 13.7759], [100.758, 13.7759], [100.7579, 13.7759], [100.7578, 13.776], [100.7577, 13.776], [100.7576, 13.7761], [100.7575, 13.7762], [100.7575, 13.7762], [100.7575, 13.7763], [100.7575, 13.7764], [100.7575, 13.7764], [100.7575, 13.7764], [100.7574, 13.7765], [100.7574, 13.7765], [100.7573, 13.7765], [100.7573, 13.7765], [100.7572, 13.7766], [100.7571, 13.7766], [100.757, 13.7766], [100.757, 13.7766], [100.7569, 13.7767], [100.7567, 13.7768], [100.7567, 13.7769], [100.7566, 13.7769], [100.7565, 13.777], [100.7564, 13.7771], [100.7563, 13.7771], [100.7563, 13.7771], [100.7563, 13.7772], [100.7562, 13.7772], [100.7561, 13.7772], [100.7561, 13.7773], [100.756, 13.7774], [100.7559, 13.7774], [100.7558, 13.7775], [100.7558, 13.7775], [100.7557, 13.7776], [100.7556, 13.7776], [100.7556, 13.7776], [100.7555, 13.7777], [100.7554, 13.7777], [100.7554, 13.7778], [100.7553, 13.7778], [100.7553, 13.7778], [100.7552, 13.7778], [100.7552, 13.7778], [100.7551, 13.7778], [100.7551, 13.7778], [100.755, 13.7778], [100.755, 13.7778], [100.7549, 13.7778], [100.7548, 13.7778], [100.7548, 13.7778], [100.7548, 13.7779], [100.7548, 13.7779], [100.7548, 13.7779], [100.7548, 13.7779], [100.7548, 13.7779], [100.7548, 13.778], [100.7548, 13.778], [100.7547, 13.778], [100.7547, 13.7779], [100.7547, 13.7779], [100.7547, 13.7779], [100.7547, 13.7779], [100.7547, 13.7779], [100.7547, 13.7779], [100.7547, 13.7778], [100.7546, 13.7779], [100.7545, 13.7779], [100.7545, 13.7779], [100.7544, 13.7779], [100.7543, 13.7779], [100.7543, 13.7779], [100.7543, 13.7779], [100.7542, 13.7779], [100.7542, 13.7779], [100.7542, 13.778], [100.7542, 13.778], [100.7541, 13.778], [100.7541, 13.778], [100.7541, 13.7779], [100.7541, 13.7779], [100.7541, 13.7779], [100.754, 13.7779], [100.754, 13.7779], [100.754, 13.7779], [100.7539, 13.7779], [100.7539, 13.7779], [100.7534, 13.7779], [100.7525, 13.7779], [100.7509, 13.7779], [100.7485, 13.7779], [100.7465, 13.7779], [100.7465, 13.7777], [100.7465, 13.7768], [100.7465, 13.7767], [100.7465, 13.7766], [100.7464, 13.7755], [100.7464, 13.7753], [100.7464, 13.7753], [100.7464, 13.775], [100.7464, 13.775], [100.7464, 13.7746], [100.7464, 13.774], [100.7464, 13.7739], [100.7464, 13.7735], [100.7463, 13.7735], [100.7461, 13.7735], [100.7458, 13.7735], [100.7456, 13.7735], [100.7454, 13.7735], [100.745, 13.7735], [100.7449, 13.7735], [100.7448, 13.7735], [100.7447, 13.7735], [100.7447, 13.7735], [100.7443, 13.7735], [100.7437, 13.7734], [100.7433, 13.7734], [100.7425, 13.7733], [100.7418, 13.7733], [100.7412, 13.7733], [100.7403, 13.7732], [100.7398, 13.7732], [100.739, 13.7732], [100.7389, 13.7733], [100.7389, 13.7736], [100.7389, 13.7737], [100.7389, 13.7737], [100.7389, 13.7738], [100.739, 13.7738], [100.739, 13.7738], [100.739, 13.7739], [100.739, 13.7739], [100.739, 13.7739], [100.739, 13.7741], [100.739, 13.7748], [100.7389, 13.7753], [100.7389, 13.7758], [100.7389, 13.7762], [100.7389, 13.7764], [100.7389, 13.7764], [100.7389, 13.7764], [100.7389, 13.7765], [100.7389, 13.7765], [100.7389, 13.7765], [100.7389, 13.7767], [100.7389, 13.7772], [100.7389, 13.7774], [100.7388, 13.7774], [100.7388, 13.7774], [100.7387, 13.7774], [100.7386, 13.7774], [100.7382, 13.7773], [100.738, 13.7772], [100.738, 13.7772], [100.738, 13.7772], [100.7379, 13.7772], [100.7379, 13.7772], [100.7378, 13.7771], [100.7377, 13.7771], [100.7374, 13.7768], [100.7371, 13.7765], [100.7369, 13.7764], [100.7364, 13.7761], [100.7363, 13.776], [100.7359, 13.7759], [100.7356, 13.7757], [100.735, 13.7754], [100.7345, 13.7752], [100.7342, 13.775], [100.7341, 13.775], [100.734, 13.7749], [100.734, 13.7749], [100.7337, 13.7748], [100.7336, 13.7748], [100.7336, 13.7748], [100.7335, 13.7748], [100.7332, 13.7748], [100.733, 13.7749], [100.7324, 13.7749], [100.7319, 13.775], [100.7314, 13.7751], [100.7311, 13.7752], [100.7305, 13.7753], [100.7305, 13.7753], [100.7303, 13.7754], [100.7299, 13.7754], [100.7294, 13.7754], [100.7292, 13.7754], [100.7292, 13.7754], [100.7292, 13.7754], [100.729, 13.7755], [100.7288, 13.7755], [100.7286, 13.7756], [100.7285, 13.7756], [100.7283, 13.7756], [100.7283, 13.7756], [100.7282, 13.7756], [100.7282, 13.7756], [100.7281, 13.7757], [100.728, 13.7757], [100.7277, 13.7757], [100.7273, 13.7757], [100.7272, 13.7758], [100.727, 13.7758], [100.7268, 13.7759], [100.7267, 13.7759], [100.7267, 13.776], [100.7267, 13.776], [100.7266, 13.776], [100.7266, 13.776], [100.7263, 13.776], [100.7259, 13.776], [100.7258, 13.776], [100.7258, 13.776], [100.7257, 13.776], [100.7257, 13.776], [100.7255, 13.7761], [100.7251, 13.7762], [100.7249, 13.7762], [100.7246, 13.7763], [100.7243, 13.7764], [100.724, 13.7766], [100.7238, 13.7767], [100.7236, 13.7768], [100.7235, 13.7768], [100.7233, 13.7769], [100.7231, 13.777], [100.7228, 13.7771], [100.7226, 13.7772], [100.7223, 13.7775], [100.7219, 13.7777], [100.7213, 13.778], [100.7209, 13.7782], [100.7207, 13.7783], [100.7207, 13.7783], [100.7207, 13.7783], [100.7206, 13.7783], [100.7203, 13.7783], [100.7199, 13.7782], [100.7197, 13.7782], [100.7196, 13.7782], [100.7191, 13.7782], [100.7187, 13.7781], [100.7182, 13.7781], [100.7181, 13.7781], [100.7171, 13.7781], [100.7169, 13.7781], [100.7164, 13.7781], [100.7164, 13.7781], [100.7164, 13.778], [100.7165, 13.7776], [100.7166, 13.7775], [100.7166, 13.7774], [100.7167, 13.7772], [100.7167, 13.7772], [100.7167, 13.7771], [100.7166, 13.7768], [100.7166, 13.7765], [100.7165, 13.7758], [100.7165, 13.7754], [100.7165, 13.7753], [100.7165, 13.7751], [100.7164, 13.7742], [100.7164, 13.7737], [100.7164, 13.7729], [100.7164, 13.7728], [100.7164, 13.7726], [100.7163, 13.7726], [100.7163, 13.7724], [100.7163, 13.7724], [100.7163, 13.7724], [100.7162, 13.7721], [100.7162, 13.772], [100.7162, 13.7719], [100.7161, 13.7717], [100.716, 13.7715], [100.7158, 13.7712], [100.7156, 13.7708], [100.7154, 13.7704], [100.7153, 13.7703], [100.7151, 13.77], [100.715, 13.7698], [100.7149, 13.7696], [100.7147, 13.7694], [100.7145, 13.7691], [100.7141, 13.7684], [100.7139, 13.768], [100.7136, 13.7676], [100.7135, 13.7674], [100.7134, 13.7671], [100.7133, 13.767], [100.7132, 13.7669], [100.7131, 13.7668], [100.7131, 13.7666], [100.713, 13.7664], [100.7129, 13.7663], [100.7129, 13.7662], [100.7129, 13.7662], [100.7129, 13.7661], [100.7129, 13.7661], [100.7129, 13.7661], [100.7128, 13.766], [100.7128, 13.7659], [100.7128, 13.7659], [100.7128, 13.7658], [100.7127, 13.7657], [100.7127, 13.7656], [100.7126, 13.7654], [100.7125, 13.7653], [100.7125, 13.7651], [100.7123, 13.765], [100.7122, 13.7649], [100.7122, 13.7648], [100.7122, 13.7648], [100.712, 13.7646], [100.7119, 13.7645], [100.7119, 13.7645], [100.7118, 13.7644], [100.7118, 13.7644], [100.7117, 13.7643], [100.7117, 13.7643], [100.7116, 13.7642], [100.7114, 13.764], [100.7111, 13.7636], [100.711, 13.7634], [100.7109, 13.7633], [100.7107, 13.7629], [100.7105, 13.7626], [100.7105, 13.7625], [100.7104, 13.7624], [100.7104, 13.7624], [100.71, 13.762], [100.71, 13.7619], [100.71, 13.7619], [100.7099, 13.7618], [100.7099, 13.7618], [100.7098, 13.7618], [100.7097, 13.7617], [100.7096, 13.7616], [100.7095, 13.7615], [100.7095, 13.7614], [100.7093, 13.7613], [100.7092, 13.7611], [100.7091, 13.7609], [100.709, 13.7608], [100.7089, 13.7607], [100.7089, 13.7606], [100.7088, 13.7605], [100.7087, 13.7603], [100.7086, 13.7601], [100.7085, 13.76], [100.7084, 13.7598], [100.7083, 13.7596], [100.7082, 13.7594], [100.7081, 13.7594], [100.7081, 13.7593], [100.708, 13.7592], [100.7079, 13.7591], [100.7078, 13.7589], [100.7076, 13.7587], [100.7075, 13.7585], [100.7074, 13.7584], [100.7073, 13.7582], [100.7072, 13.7581], [100.7072, 13.758], [100.7071, 13.7579], [100.7069, 13.7577], [100.7069, 13.7576], [100.7068, 13.7574], [100.7068, 13.7573], [100.7067, 13.7573], [100.7067, 13.7572], [100.7067, 13.757], [100.7066, 13.7569], [100.7066, 13.7567], [100.7066, 13.7567], [100.7067, 13.7567], [100.7068, 13.7567], [100.7069, 13.7567], [100.7069, 13.7567], [100.707, 13.7566], [100.7071, 13.7566], [100.7071, 13.7566], [100.7072, 13.7566], [100.7073, 13.7565], [100.7073, 13.7565], [100.7073, 13.7565], [100.7074, 13.7565], [100.7077, 13.7565], [100.7078, 13.7564], [100.7079, 13.7564], [100.708, 13.7564], [100.7081, 13.7564], [100.7082, 13.7564], [100.7082, 13.7564], [100.7083, 13.7564], [100.7084, 13.7564], [100.7084, 13.7564], [100.7085, 13.7564], [100.7086, 13.7564], [100.7088, 13.7564], [100.709, 13.7564], [100.7092, 13.7564], [100.7093, 13.7564], [100.7095, 13.7565], [100.7097, 13.7565], [100.7097, 13.7565], [100.7098, 13.7565], [100.7098, 13.7564], [100.7097, 13.7561], [100.7097, 13.7558], [100.7097, 13.7555], [100.7097, 13.7552], [100.7097, 13.7551], [100.7097, 13.7547], [100.7097, 13.7545], [100.7096, 13.7542], [100.7096, 13.7542], [100.7096, 13.7539], [100.7096, 13.7536], [100.7096, 13.7532], [100.7096, 13.753], [100.7095, 13.7526], [100.7095, 13.7523], [100.7095, 13.7519], [100.7095, 13.7516], [100.7095, 13.7514], [100.7095, 13.7511], [100.7094, 13.751], [100.7094, 13.7509], [100.7094, 13.7508], [100.7094, 13.7506], [100.7094, 13.7505], [100.7094, 13.7503], [100.7094, 13.7501], [100.7094, 13.7499], [100.7094, 13.7498], [100.7094, 13.7497], [100.7093, 13.7495], [100.7093, 13.7494], [100.7093, 13.7493], [100.7093, 13.7492], [100.7093, 13.7491], [100.7093, 13.749], [100.7093, 13.7489], [100.7093, 13.7488], [100.7093, 13.7488], [100.7093, 13.7487], [100.7093, 13.7486], [100.7093, 13.7484], [100.7093, 13.7483], [100.7092, 13.7483], [100.7092, 13.7482], [100.7092, 13.748], [100.7092, 13.7479], [100.7092, 13.7478], [100.7092, 13.7478], [100.7092, 13.7477], [100.7092, 13.7477], [100.7092, 13.7476], [100.7092, 13.7476], [100.7092, 13.7475], [100.7092, 13.7474], [100.7092, 13.7473], [100.7092, 13.7472], [100.7092, 13.7471], [100.7092, 13.7469], [100.7092, 13.7468], [100.7092, 13.7466], [100.7092, 13.7465], [100.7092, 13.7464], [100.7092, 13.7462], [100.7092, 13.746], [100.7092, 13.7458], [100.7092, 13.7457], [100.7092, 13.7455], [100.7092, 13.7454], [100.7092, 13.7453], [100.7092, 13.7451], [100.7092, 13.745], [100.7091, 13.7448], [100.7091, 13.7446], [100.7091, 13.7445], [100.7091, 13.7443], [100.7091, 13.7442], [100.7091, 13.7442], [100.7091, 13.7441], [100.7091, 13.744], [100.7091, 13.7439], [100.7091, 13.7438], [100.7091, 13.7438], [100.7091, 13.7437], [100.7091, 13.7437], [100.709, 13.7436], [100.709, 13.7436], [100.709, 13.7435], [100.709, 13.7434], [100.709, 13.7432], [100.709, 13.7431], [100.709, 13.743], [100.709, 13.7429], [100.709, 13.7427], [100.709, 13.7427], [100.709, 13.7426], [100.709, 13.7425], [100.709, 13.7424], [100.709, 13.7423], [100.709, 13.7423], [100.709, 13.7421], [100.709, 13.742], [100.709, 13.7419], [100.709, 13.7418], [100.7089, 13.7416], [100.7089, 13.7414], [100.7089, 13.7412], [100.7089, 13.7412], [100.7089, 13.7411], [100.7089, 13.741], [100.7089, 13.7407], [100.7089, 13.7406], [100.7089, 13.7405], [100.7088, 13.7403], [100.7088, 13.7401], [100.7088, 13.74], [100.7088, 13.7397], [100.7088, 13.7395], [100.7088, 13.7394], [100.7088, 13.7392], [100.7088, 13.7391], [100.7088, 13.7389], [100.7088, 13.7387], [100.7088, 13.7387], [100.7089, 13.7386], [100.7089, 13.7386], [100.7088, 13.7385], [100.7088, 13.7385], [100.7088, 13.7383], [100.7088, 13.7382], [100.7087, 13.7381], [100.7087, 13.7381], [100.7087, 13.738], [100.7087, 13.7378], [100.7087, 13.7377], [100.7087, 13.7375], [100.7087, 13.7374], [100.7087, 13.7372], [100.7087, 13.737], [100.7087, 13.7369], [100.7087, 13.7368], [100.7086, 13.7366], [100.7086, 13.7365], [100.7086, 13.7364], [100.7086, 13.7362], [100.7086, 13.7361], [100.7086, 13.7361], [100.7086, 13.736], [100.7086, 13.7359], [100.7086, 13.7358], [100.7086, 13.7356], [100.7086, 13.7353], [100.7086, 13.7351], [100.7085, 13.7348], [100.7085, 13.7344], [100.7085, 13.7341], [100.7085, 13.7339], [100.7084, 13.7337], [100.7084, 13.7335], [100.7084, 13.7333], [100.7084, 13.7329], [100.7084, 13.7326], [100.7084, 13.7325], [100.7084, 13.7324], [100.7084, 13.7324], [100.7083, 13.7321], [100.7083, 13.7319], [100.7083, 13.7318], [100.7083, 13.7316], [100.7083, 13.7314], [100.7083, 13.7313], [100.7083, 13.7313], [100.7083, 13.7313], [100.7083, 13.7312], [100.7083, 13.7312], [100.7083, 13.7311], [100.7084, 13.731], [100.7084, 13.7308], [100.7084, 13.7307], [100.7084, 13.7305], [100.7084, 13.7301], [100.7084, 13.73], [100.7084, 13.7298], [100.7084, 13.7297], [100.7084, 13.7293], [100.7085, 13.729], [100.7085, 13.7289], [100.7085, 13.7288], [100.7085, 13.7285], [100.7085, 13.7283], [100.7085, 13.728], [100.7086, 13.7276], [100.7086, 13.7274], [100.7087, 13.7268], [100.7087, 13.7265], [100.7088, 13.7259], [100.7088, 13.7255], [100.7088, 13.7253], [100.7089, 13.725], [100.7089, 13.7246], [100.7089, 13.7242], [100.7089, 13.7241], [100.7089, 13.7241], [100.709, 13.7238], [100.709, 13.7238], [100.709, 13.7235], [100.7091, 13.7231], [100.7092, 13.7224], [100.7093, 13.7217], [100.7094, 13.7209], [100.7095, 13.7205], [100.7095, 13.72], [100.7096, 13.7193], [100.7097, 13.7187], [100.7097, 13.7184], [100.7098, 13.7181], [100.7098, 13.7177], [100.7099, 13.7168], [100.7121, 13.7168], [100.7161, 13.7168], [100.7163, 13.7183], [100.7302, 13.7185], [100.7303, 13.718], [100.7307, 13.7168], [100.731, 13.7168], [100.7312, 13.7168], [100.7364, 13.7168], [100.7366, 13.7168], [100.7367, 13.7168], [100.7408, 13.7169], [100.7505, 13.7168], [100.7519, 13.7162], [100.7522, 13.7162], [100.7528, 13.7167], [100.7533, 13.7169], [100.7608, 13.7169], [100.7698, 13.7169], [100.775, 13.7168], [100.7752, 13.7168], [100.7815, 13.7169], [100.7879, 13.7169], [100.7885, 13.7168], [100.7904, 13.7162], [100.7942, 13.7148], [100.7978, 13.7134], [100.798, 13.7133], [100.7982, 13.7132], [100.7985, 13.7131], [100.7994, 13.7128], [100.8052, 13.7108], [100.8055, 13.7107], [100.8065, 13.7104], [100.8111, 13.7086], [100.8113, 13.7085], [100.8115, 13.7084], [100.8117, 13.7084], [100.813, 13.708], [100.8151, 13.7071], [100.8152, 13.707], [100.8153, 13.707], [100.8208, 13.705], [100.821, 13.7049], [100.8211, 13.7049], [100.8239, 13.7039], [100.8268, 13.7028], [100.8269, 13.7027], [100.827, 13.7027], [100.8288, 13.702]]]}, "properties": {"DISTRICT_N": "ลาดกระบัง", "CODE": 1011, "AREA_BMA": 123.85900116}}, {"type": "Feature", "geometry": {"type": "Polygon", "coordinates": [[[100.908, 13.8966], [100.9081, 13.8967], [100.9081, 13.8968], [100.9081, 13.8969], [100.9081, 13.897], [100.9081, 13.8971], [100.9081, 13.8971], [100.9082, 13.8972], [100.9082, 13.8973], [100.9082, 13.8974], [100.9082, 13.8974], [100.9082, 13.8975], [100.9082, 13.8976], [100.9082, 13.8977], [100.9082, 13.8977], [100.9082, 13.898], [100.9082, 13.898], [100.9082, 13.898], [100.9082, 13.8981], [100.9083, 13.8981], [100.9083, 13.8982], [100.9083, 13.8983], [100.9083, 13.8983], [100.9083, 13.8984], [100.9083, 13.8985], [100.9083, 13.8987], [100.9084, 13.8988], [100.9084, 13.8992], [100.9084, 13.8993], [100.9084, 13.8994], [100.9084, 13.8995], [100.9084, 13.8996], [100.9084, 13.8997], [100.9084, 13.8997], [100.9084, 13.8999], [100.9084, 13.9], [100.9084, 13.9001], [100.9085, 13.9003], [100.9085, 13.9006], [100.9085, 13.9007], [100.9085, 13.9008], [100.9086, 13.901], [100.9086, 13.9011], [100.9086, 13.9012], [100.9086, 13.9013], [100.9086, 13.9014], [100.9086, 13.9017], [100.9086, 13.9019], [100.9086, 13.902], [100.9091, 13.9056], [100.9091, 13.9064], [100.9092, 13.9069], [100.9093, 13.907], [100.9093, 13.9071], [100.9093, 13.9071], [100.9093, 13.9072], [100.9093, 13.9074], [100.9095, 13.9084], [100.9095, 13.9086], [100.9095, 13.9091], [100.9096, 13.9096], [100.9096, 13.9099], [100.9096, 13.91], [100.9096, 13.9101], [100.9097, 13.9105], [100.9098, 13.9112], [100.9098, 13.9113], [100.9104, 13.9159], [100.9107, 13.9181], [100.9107, 13.9183], [100.9107, 13.9184], [100.9107, 13.9186], [100.9107, 13.9188], [100.9108, 13.919], [100.9108, 13.919], [100.9108, 13.9191], [100.9108, 13.9192], [100.9108, 13.9194], [100.9109, 13.9195], [100.9109, 13.9197], [100.9109, 13.9202], [100.911, 13.9204], [100.911, 13.9205], [100.911, 13.9206], [100.911, 13.9208], [100.911, 13.9209], [100.9111, 13.9212], [100.9111, 13.9214], [100.9112, 13.9217], [100.9112, 13.922], [100.9112, 13.9223], [100.9113, 13.9223], [100.9113, 13.9227], [100.9113, 13.9231], [100.9113, 13.9233], [100.9114, 13.9235], [100.9114, 13.9237], [100.9114, 13.9238], [100.9114, 13.9239], [100.9115, 13.9242], [100.9115, 13.9245], [100.9115, 13.9248], [100.9116, 13.9249], [100.9116, 13.9252], [100.9116, 13.9254], [100.9117, 13.9255], [100.9117, 13.9255], [100.9117, 13.9256], [100.9117, 13.9256], [100.9117, 13.9257], [100.9117, 13.926], [100.9117, 13.9262], [100.9118, 13.9265], [100.9118, 13.9268], [100.9118, 13.9269], [100.9119, 13.9271], [100.9119, 13.9273], [100.9119, 13.9276], [100.9119, 13.9278], [100.912, 13.9282], [100.912, 13.9286], [100.912, 13.9288], [100.9121, 13.929], [100.9121, 13.9292], [100.9121, 13.9296], [100.9122, 13.9298], [100.9122, 13.93], [100.9122, 13.9303], [100.9123, 13.9308], [100.9123, 13.9309], [100.9123, 13.9311], [100.9124, 13.9313], [100.9124, 13.9315], [100.9124, 13.9319], [100.9125, 13.9321], [100.9125, 13.9323], [100.9125, 13.9326], [100.9126, 13.9327], [100.9126, 13.9329], [100.9126, 13.9331], [100.9126, 13.9334], [100.9127, 13.9335], [100.9127, 13.9337], [100.9127, 13.934], [100.9127, 13.9341], [100.9127, 13.9342], [100.9127, 13.9343], [100.9128, 13.9344], [100.9128, 13.9345], [100.9128, 13.9346], [100.9128, 13.9348], [100.9128, 13.935], [100.9129, 13.9353], [100.9129, 13.9355], [100.9129, 13.9356], [100.9129, 13.9357], [100.913, 13.9359], [100.913, 13.9361], [100.913, 13.9363], [100.913, 13.9365], [100.913, 13.9366], [100.913, 13.9367], [100.9131, 13.9368], [100.9131, 13.9372], [100.9131, 13.9373], [100.9132, 13.9377], [100.9132, 13.938], [100.9133, 13.9381], [100.9132, 13.9383], [100.9133, 13.9385], [100.9133, 13.9385], [100.9133, 13.9386], [100.9133, 13.9387], [100.9133, 13.9387], [100.9133, 13.9389], [100.9134, 13.939], [100.9134, 13.9392], [100.9134, 13.9395], [100.9134, 13.9397], [100.9134, 13.94], [100.9135, 13.9401], [100.9135, 13.9402], [100.9135, 13.9404], [100.9135, 13.9404], [100.9135, 13.9405], [100.9135, 13.9406], [100.9135, 13.9407], [100.9136, 13.941], [100.9136, 13.9411], [100.9136, 13.9412], [100.9137, 13.9415], [100.9137, 13.9418], [100.9137, 13.9421], [100.9138, 13.9427], [100.9139, 13.943], [100.914, 13.9436], [100.914, 13.944], [100.914, 13.9444], [100.9141, 13.9447], [100.9141, 13.945], [100.9142, 13.9451], [100.9142, 13.9456], [100.9142, 13.9457], [100.9143, 13.9459], [100.9143, 13.946], [100.9026, 13.9446], [100.8964, 13.9437], [100.8914, 13.9431], [100.8893, 13.9427], [100.8888, 13.9426], [100.8874, 13.9425], [100.8872, 13.9425], [100.8856, 13.9424], [100.8825, 13.9423], [100.8746, 13.9413], [100.8623, 13.9397], [100.8494, 13.938], [100.8443, 13.9373], [100.8441, 13.9372], [100.836, 13.9363], [100.8359, 13.9363], [100.8189, 13.9344], [100.8188, 13.9344], [100.8059, 13.9332], [100.7925, 13.9314], [100.7925, 13.9312], [100.7925, 13.9308], [100.7925, 13.9307], [100.7925, 13.9306], [100.7926, 13.9306], [100.7926, 13.9305], [100.7926, 13.9303], [100.7926, 13.93], [100.7926, 13.9297], [100.7926, 13.9296], [100.7926, 13.9294], [100.7926, 13.9294], [100.7926, 13.9293], [100.7925, 13.9292], [100.7925, 13.9291], [100.7925, 13.9289], [100.7925, 13.9288], [100.7926, 13.9287], [100.7925, 13.9285], [100.7926, 13.9283], [100.7926, 13.9281], [100.7926, 13.928], [100.7926, 13.9279], [100.7926, 13.9277], [100.7926, 13.9275], [100.7926, 13.9274], [100.7926, 13.9273], [100.7926, 13.9272], [100.7926, 13.9271], [100.7926, 13.9271], [100.7926, 13.927], [100.7926, 13.9269], [100.7926, 13.9267], [100.7926, 13.9267], [100.7925, 13.9265], [100.7925, 13.9264], [100.7925, 13.9262], [100.7925, 13.9259], [100.7925, 13.9257], [100.7925, 13.9254], [100.7925, 13.9252], [100.7925, 13.925], [100.7925, 13.9248], [100.7925, 13.9247], [100.7925, 13.9243], [100.7925, 13.924], [100.7925, 13.9238], [100.7925, 13.9235], [100.7925, 13.9234], [100.7925, 13.9232], [100.7925, 13.9231], [100.7925, 13.9228], [100.7925, 13.9225], [100.7924, 13.9224], [100.7925, 13.922], [100.7925, 13.9219], [100.7925, 13.9218], [100.7925, 13.9217], [100.7925, 13.9216], [100.7925, 13.9216], [100.7925, 13.9214], [100.7925, 13.9213], [100.7925, 13.9212], [100.7925, 13.9211], [100.7925, 13.9209], [100.7925, 13.9208], [100.7925, 13.9207], [100.7925, 13.9205], [100.7925, 13.9204], [100.7925, 13.9203], [100.7925, 13.9202], [100.7925, 13.92], [100.7925, 13.92], [100.7925, 13.9197], [100.7925, 13.9196], [100.7925, 13.9195], [100.7925, 13.9194], [100.7925, 13.9193], [100.7925, 13.9192], [100.7925, 13.9191], [100.7925, 13.919], [100.7925, 13.919], [100.7924, 13.9189], [100.7924, 13.9187], [100.7924, 13.9186], [100.7924, 13.9184], [100.7924, 13.9183], [100.7924, 13.9182], [100.7924, 13.9181], [100.7924, 13.918], [100.7924, 13.9178], [100.7924, 13.9177], [100.7924, 13.9176], [100.7925, 13.9175], [100.7925, 13.9173], [100.7924, 13.9172], [100.7924, 13.9171], [100.7924, 13.917], [100.7924, 13.9168], [100.7924, 13.9167], [100.7924, 13.9166], [100.7924, 13.9165], [100.7924, 13.9164], [100.7925, 13.9163], [100.7925, 13.9162], [100.7925, 13.9161], [100.7925, 13.9159], [100.7925, 13.9159], [100.7924, 13.9157], [100.7924, 13.9156], [100.7924, 13.9154], [100.7924, 13.9153], [100.7925, 13.9152], [100.7924, 13.9152], [100.7924, 13.915], [100.7925, 13.9149], [100.7925, 13.9148], [100.7924, 13.9147], [100.7924, 13.9147], [100.7924, 13.9145], [100.7924, 13.9144], [100.7924, 13.9143], [100.7924, 13.9141], [100.7924, 13.9139], [100.7924, 13.9137], [100.7924, 13.9136], [100.7924, 13.9135], [100.7924, 13.9134], [100.7924, 13.9133], [100.7924, 13.9132], [100.7924, 13.9131], [100.7924, 13.913], [100.7924, 13.9129], [100.7924, 13.9128], [100.7924, 13.9127], [100.7924, 13.9126], [100.7924, 13.9125], [100.7924, 13.9123], [100.7924, 13.9122], [100.7924, 13.9121], [100.7924, 13.912], [100.7924, 13.912], [100.7924, 13.9119], [100.7924, 13.9118], [100.7924, 13.9118], [100.7924, 13.9116], [100.7924, 13.9116], [100.7924, 13.9115], [100.7924, 13.9114], [100.7924, 13.9113], [100.7924, 13.9112], [100.7924, 13.9111], [100.7924, 13.911], [100.7924, 13.9109], [100.7923, 13.9108], [100.7923, 13.9107], [100.7923, 13.9107], [100.7923, 13.9106], [100.7923, 13.9105], [100.7923, 13.9104], [100.7923, 13.9103], [100.7923, 13.9102], [100.7923, 13.9101], [100.7923, 13.91], [100.7923, 13.9099], [100.7923, 13.9098], [100.7923, 13.9097], [100.7923, 13.9096], [100.7923, 13.9095], [100.7923, 13.9095], [100.7923, 13.9094], [100.7923, 13.9093], [100.7923, 13.9093], [100.7923, 13.9092], [100.7923, 13.9092], [100.7923, 13.9091], [100.7923, 13.909], [100.7923, 13.9089], [100.7923, 13.9089], [100.7923, 13.9088], [100.7923, 13.9087], [100.7923, 13.9086], [100.7923, 13.9086], [100.7923, 13.9085], [100.7923, 13.9084], [100.7923, 13.9083], [100.7923, 13.9082], [100.7923, 13.9081], [100.7923, 13.908], [100.7923, 13.908], [100.7923, 13.9078], [100.7923, 13.9077], [100.7923, 13.9076], [100.7923, 13.9075], [100.7923, 13.9073], [100.7923, 13.9072], [100.7923, 13.907], [100.7923, 13.907], [100.7923, 13.9069], [100.7923, 13.9067], [100.7923, 13.9067], [100.7923, 13.9066], [100.7923, 13.9064], [100.7923, 13.9063], [100.7923, 13.9062], [100.7923, 13.9062], [100.7923, 13.9061], [100.7923, 13.906], [100.7923, 13.9059], [100.7923, 13.9058], [100.7923, 13.9057], [100.7923, 13.9055], [100.7923, 13.9054], [100.7923, 13.9053], [100.7923, 13.9053], [100.7923, 13.9052], [100.7923, 13.9051], [100.7923, 13.9049], [100.7923, 13.9048], [100.7923, 13.9047], [100.7923, 13.9046], [100.7923, 13.9046], [100.7923, 13.9045], [100.7923, 13.9044], [100.7923, 13.9043], [100.7923, 13.9042], [100.7923, 13.9041], [100.7923, 13.904], [100.7923, 13.9039], [100.7923, 13.9038], [100.7923, 13.9037], [100.7923, 13.9036], [100.7923, 13.9035], [100.7923, 13.9034], [100.7923, 13.9034], [100.7923, 13.9031], [100.7923, 13.9029], [100.7923, 13.9029], [100.7923, 13.9028], [100.7923, 13.9028], [100.7923, 13.9027], [100.7923, 13.9026], [100.7923, 13.9026], [100.7923, 13.9025], [100.7923, 13.9024], [100.7923, 13.9023], [100.7923, 13.9023], [100.7923, 13.9022], [100.7923, 13.9021], [100.7923, 13.9021], [100.7923, 13.902], [100.7923, 13.9019], [100.7923, 13.9019], [100.7923, 13.9017], [100.7923, 13.9016], [100.7924, 13.9014], [100.7924, 13.9012], [100.7924, 13.901], [100.7924, 13.9009], [100.7923, 13.9008], [100.7923, 13.9007], [100.7923, 13.9007], [100.7923, 13.9006], [100.7923, 13.9005], [100.7923, 13.9004], [100.7923, 13.9004], [100.7923, 13.9003], [100.7922, 13.9002], [100.7922, 13.9001], [100.7922, 13.9], [100.7922, 13.8999], [100.7922, 13.8999], [100.7922, 13.8998], [100.7922, 13.8997], [100.7923, 13.8996], [100.7923, 13.8994], [100.7923, 13.8992], [100.7923, 13.8991], [100.7923, 13.899], [100.7923, 13.8989], [100.7923, 13.8988], [100.7923, 13.8987], [100.7923, 13.8986], [100.7922, 13.8985], [100.7922, 13.8984], [100.7922, 13.8983], [100.7922, 13.8982], [100.7922, 13.8981], [100.7922, 13.898], [100.7922, 13.8979], [100.7923, 13.8978], [100.7922, 13.8977], [100.7922, 13.8977], [100.7922, 13.8976], [100.7922, 13.8976], [100.7922, 13.8974], [100.7923, 13.8974], [100.7923, 13.8973], [100.7923, 13.8973], [100.7924, 13.8972], [100.7924, 13.8972], [100.7926, 13.8972], [100.7927, 13.8972], [100.7927, 13.8972], [100.7928, 13.8972], [100.7928, 13.8972], [100.7928, 13.8971], [100.7929, 13.8969], [100.7929, 13.8967], [100.7929, 13.8966], [100.7929, 13.8965], [100.7929, 13.8964], [100.7929, 13.8961], [100.7928, 13.896], [100.7928, 13.896], [100.7928, 13.8959], [100.7929, 13.8955], [100.7929, 13.8953], [100.7928, 13.8952], [100.7928, 13.8951], [100.7928, 13.8951], [100.7928, 13.8951], [100.7928, 13.895], [100.7928, 13.895], [100.7928, 13.895], [100.7928, 13.8949], [100.7928, 13.8947], [100.7928, 13.8946], [100.7928, 13.8945], [100.7928, 13.8945], [100.7928, 13.8944], [100.7928, 13.8943], [100.7928, 13.8943], [100.7928, 13.8943], [100.7928, 13.8943], [100.7928, 13.8943], [100.7928, 13.8942], [100.7928, 13.8942], [100.7928, 13.8942], [100.7928, 13.8941], [100.7928, 13.8941], [100.7928, 13.894], [100.7929, 13.8939], [100.7929, 13.8939], [100.7928, 13.8938], [100.7926, 13.8938], [100.7924, 13.8938], [100.7923, 13.8938], [100.7923, 13.8938], [100.7922, 13.8938], [100.7922, 13.8938], [100.7923, 13.8937], [100.7923, 13.8935], [100.7923, 13.8934], [100.7924, 13.8932], [100.7924, 13.8931], [100.7925, 13.893], [100.7926, 13.8928], [100.7927, 13.8926], [100.7929, 13.8925], [100.7932, 13.8922], [100.7934, 13.892], [100.7935, 13.8919], [100.7937, 13.8918], [100.7941, 13.8916], [100.7942, 13.8915], [100.7943, 13.8914], [100.7944, 13.8914], [100.7945, 13.8913], [100.7945, 13.8913], [100.7948, 13.8912], [100.7954, 13.8909], [100.7955, 13.8908], [100.7956, 13.8908], [100.7957, 13.8907], [100.7958, 13.8907], [100.7958, 13.8906], [100.7959, 13.8905], [100.7959, 13.8905], [100.7959, 13.8904], [100.7958, 13.8903], [100.7958, 13.8902], [100.7958, 13.8901], [100.7957, 13.89], [100.7956, 13.8899], [100.7956, 13.8897], [100.7956, 13.8897], [100.7955, 13.8896], [100.7953, 13.8894], [100.7952, 13.8893], [100.7951, 13.8892], [100.7951, 13.8891], [100.7951, 13.8891], [100.795, 13.889], [100.795, 13.8889], [100.7949, 13.8888], [100.7949, 13.8887], [100.7949, 13.8886], [100.7949, 13.8884], [100.7948, 13.8881], [100.7948, 13.8879], [100.7948, 13.8878], [100.7948, 13.8875], [100.7948, 13.8874], [100.7948, 13.8874], [100.7948, 13.8873], [100.7947, 13.8872], [100.7947, 13.8872], [100.7947, 13.8871], [100.7946, 13.887], [100.7945, 13.8869], [100.7944, 13.8867], [100.7943, 13.8865], [100.7942, 13.8864], [100.7941, 13.8863], [100.794, 13.8862], [100.794, 13.8862], [100.7939, 13.8861], [100.7938, 13.8861], [100.7938, 13.8861], [100.7937, 13.886], [100.7936, 13.886], [100.7934, 13.886], [100.7932, 13.886], [100.7932, 13.8859], [100.7931, 13.8859], [100.793, 13.8859], [100.7929, 13.8858], [100.7928, 13.8858], [100.7928, 13.8857], [100.7928, 13.8857], [100.7927, 13.8857], [100.7927, 13.8855], [100.7927, 13.8854], [100.7926, 13.8852], [100.7926, 13.8851], [100.7926, 13.885], [100.7926, 13.8849], [100.7926, 13.8849], [100.7926, 13.8848], [100.7926, 13.8847], [100.7925, 13.8845], [100.7925, 13.8844], [100.7925, 13.8844], [100.7925, 13.8843], [100.7925, 13.8843], [100.7925, 13.8842], [100.7924, 13.8841], [100.7924, 13.884], [100.7924, 13.8839], [100.7923, 13.8839], [100.7923, 13.8839], [100.7922, 13.8838], [100.7921, 13.8837], [100.792, 13.8836], [100.7919, 13.8834], [100.7918, 13.8833], [100.7917, 13.8832], [100.7917, 13.8831], [100.7916, 13.8829], [100.7914, 13.8827], [100.7913, 13.8826], [100.7912, 13.8825], [100.7912, 13.8824], [100.7911, 13.8822], [100.791, 13.8821], [100.7909, 13.8819], [100.7909, 13.8819], [100.7908, 13.8818], [100.7907, 13.8817], [100.7906, 13.8817], [100.7905, 13.8815], [100.7903, 13.8814], [100.7902, 13.8813], [100.7901, 13.8812], [100.7901, 13.8812], [100.79, 13.8812], [100.79, 13.8812], [100.7899, 13.8811], [100.7899, 13.8811], [100.7898, 13.8811], [100.7897, 13.8811], [100.7895, 13.881], [100.7893, 13.881], [100.7893, 13.881], [100.7892, 13.881], [100.7891, 13.8809], [100.7891, 13.8809], [100.789, 13.8808], [100.789, 13.8808], [100.7889, 13.8807], [100.7889, 13.8807], [100.7888, 13.8806], [100.7887, 13.8805], [100.7887, 13.8805], [100.7887, 13.8804], [100.7886, 13.8804], [100.7886, 13.8803], [100.7885, 13.8803], [100.7884, 13.8802], [100.7883, 13.8802], [100.7883, 13.8802], [100.7883, 13.8802], [100.788, 13.8798], [100.788, 13.8796], [100.7878, 13.8792], [100.7878, 13.879], [100.7878, 13.8788], [100.7879, 13.8785], [100.7879, 13.8783], [100.788, 13.8781], [100.788, 13.878], [100.788, 13.878], [100.7881, 13.8779], [100.7881, 13.8779], [100.7881, 13.8778], [100.7881, 13.8778], [100.7881, 13.8777], [100.7881, 13.8777], [100.7882, 13.8776], [100.7882, 13.8776], [100.7882, 13.8775], [100.7882, 13.8774], [100.7883, 13.8773], [100.7883, 13.8773], [100.7883, 13.8772], [100.7883, 13.8772], [100.7883, 13.8771], [100.7883, 13.8771], [100.7883, 13.8771], [100.7884, 13.8771], [100.7884, 13.877], [100.7884, 13.877], [100.7884, 13.877], [100.7884, 13.877], [100.7884, 13.8769], [100.7884, 13.8769], [100.7884, 13.8768], [100.7885, 13.8768], [100.7885, 13.8768], [100.7885, 13.8767], [100.7885, 13.8766], [100.7885, 13.8766], [100.7886, 13.8765], [100.7886, 13.8764], [100.7886, 13.8763], [100.7886, 13.8763], [100.7886, 13.8763], [100.7886, 13.8763], [100.7887, 13.8762], [100.7887, 13.8762], [100.7887, 13.8761], [100.7887, 13.876], [100.7887, 13.876], [100.7888, 13.876], [100.7888, 13.8759], [100.7888, 13.8758], [100.7888, 13.8757], [100.7889, 13.8756], [100.7889, 13.8756], [100.7889, 13.8755], [100.7889, 13.8755], [100.7889, 13.8755], [100.7889, 13.8754], [100.789, 13.8754], [100.789, 13.8753], [100.789, 13.8753], [100.789, 13.8752], [100.789, 13.8751], [100.7891, 13.8751], [100.7891, 13.875], [100.7891, 13.875], [100.7891, 13.8749], [100.7892, 13.8748], [100.7892, 13.8748], [100.7892, 13.8747], [100.7893, 13.8746], [100.7894, 13.8743], [100.7894, 13.8742], [100.7894, 13.8741], [100.7895, 13.8739], [100.7895, 13.8739], [100.7895, 13.8738], [100.7896, 13.8738], [100.7896, 13.8736], [100.7896, 13.8735], [100.7897, 13.8735], [100.7897, 13.8734], [100.7897, 13.8733], [100.7897, 13.8733], [100.7897, 13.8733], [100.7898, 13.8732], [100.7898, 13.8732], [100.7898, 13.8731], [100.7898, 13.8731], [100.7898, 13.8731], [100.7898, 13.873], [100.7898, 13.873], [100.7899, 13.873], [100.7899, 13.8729], [100.7899, 13.8728], [100.7899, 13.8727], [100.79, 13.8726], [100.7901, 13.8724], [100.7901, 13.8722], [100.7902, 13.872], [100.7903, 13.8719], [100.7903, 13.8717], [100.7903, 13.8716], [100.7904, 13.8714], [100.7905, 13.8712], [100.7906, 13.871], [100.7906, 13.8708], [100.7908, 13.8704], [100.7909, 13.8701], [100.791, 13.8698], [100.7911, 13.8696], [100.7911, 13.8694], [100.7912, 13.8693], [100.7912, 13.8692], [100.7912, 13.8692], [100.7912, 13.8691], [100.7913, 13.869], [100.7913, 13.8689], [100.7914, 13.8688], [100.7914, 13.8686], [100.7915, 13.8684], [100.7916, 13.8682], [100.7917, 13.8679], [100.7918, 13.8675], [100.7919, 13.8674], [100.792, 13.8671], [100.7921, 13.8668], [100.7923, 13.8662], [100.7925, 13.8657], [100.7926, 13.8653], [100.7928, 13.8647], [100.793, 13.8641], [100.7932, 13.8638], [100.7933, 13.8635], [100.7933, 13.8635], [100.7933, 13.8634], [100.7933, 13.8633], [100.7933, 13.8632], [100.7934, 13.8631], [100.7934, 13.863], [100.7935, 13.8629], [100.7936, 13.8626], [100.7938, 13.862], [100.7941, 13.8613], [100.7944, 13.8607], [100.7945, 13.8603], [100.7948, 13.8598], [100.7949, 13.8595], [100.7952, 13.8588], [100.7954, 13.8583], [100.7955, 13.8581], [100.7955, 13.858], [100.7956, 13.8578], [100.7958, 13.8574], [100.7962, 13.8566], [100.7964, 13.856], [100.7968, 13.8553], [100.7971, 13.8546], [100.7973, 13.8541], [100.7974, 13.8538], [100.7977, 13.8532], [100.7978, 13.8531], [100.7978, 13.853], [100.7979, 13.8529], [100.798, 13.8526], [100.7981, 13.8523], [100.7982, 13.8523], [100.7982, 13.8521], [100.7983, 13.852], [100.7983, 13.8519], [100.7984, 13.8518], [100.7986, 13.8512], [100.7987, 13.851], [100.7988, 13.8508], [100.7988, 13.8507], [100.7989, 13.8506], [100.799, 13.8504], [100.7991, 13.8503], [100.7993, 13.8499], [100.7993, 13.8497], [100.7993, 13.8496], [100.7994, 13.8495], [100.7994, 13.8495], [100.7993, 13.8494], [100.7992, 13.8494], [100.799, 13.8493], [100.7991, 13.8491], [100.7992, 13.849], [100.7992, 13.8489], [100.7992, 13.8488], [100.7993, 13.8487], [100.7994, 13.8486], [100.7994, 13.8485], [100.7994, 13.8485], [100.7994, 13.8483], [100.7995, 13.8482], [100.7995, 13.8479], [100.7996, 13.8476], [100.7997, 13.8472], [100.7999, 13.8468], [100.8001, 13.8465], [100.8003, 13.8461], [100.8005, 13.8457], [100.8007, 13.8453], [100.801, 13.8446], [100.8012, 13.8441], [100.8014, 13.8435], [100.8017, 13.8427], [100.8018, 13.8426], [100.802, 13.8428], [100.8021, 13.8429], [100.8023, 13.8431], [100.8024, 13.8432], [100.8027, 13.8434], [100.8029, 13.8435], [100.8032, 13.8437], [100.8036, 13.8439], [100.8037, 13.8439], [100.8044, 13.844], [100.8048, 13.8441], [100.8048, 13.8442], [100.8051, 13.8442], [100.8057, 13.8444], [100.8058, 13.8444], [100.8059, 13.8443], [100.806, 13.8443], [100.806, 13.8443], [100.8061, 13.8444], [100.8061, 13.8444], [100.8062, 13.8444], [100.8063, 13.8444], [100.8064, 13.8444], [100.8065, 13.8442], [100.8066, 13.8439], [100.8066, 13.8437], [100.8067, 13.8434], [100.8067, 13.8432], [100.8068, 13.8429], [100.8068, 13.8426], [100.8069, 13.8424], [100.8069, 13.8422], [100.8069, 13.842], [100.8071, 13.8415], [100.8073, 13.841], [100.8073, 13.8407], [100.8074, 13.8406], [100.8075, 13.8403], [100.8075, 13.8402], [100.8076, 13.8399], [100.8077, 13.8397], [100.8077, 13.8395], [100.8078, 13.8393], [100.8078, 13.8393], [100.8078, 13.8391], [100.8078, 13.8389], [100.8079, 13.8386], [100.8079, 13.8385], [100.8079, 13.8383], [100.8079, 13.8382], [100.8079, 13.8381], [100.808, 13.838], [100.808, 13.8379], [100.808, 13.8377], [100.808, 13.8374], [100.808, 13.837], [100.808, 13.8369], [100.808, 13.8368], [100.8079, 13.8365], [100.8079, 13.8363], [100.8079, 13.8363], [100.8078, 13.8362], [100.8078, 13.8361], [100.8077, 13.836], [100.8077, 13.8358], [100.8076, 13.8357], [100.8075, 13.8354], [100.8074, 13.8353], [100.8074, 13.8351], [100.8073, 13.8349], [100.8073, 13.8347], [100.8072, 13.8346], [100.8071, 13.8344], [100.8071, 13.8343], [100.807, 13.8341], [100.807, 13.834], [100.8069, 13.8338], [100.8069, 13.8337], [100.8068, 13.8335], [100.8068, 13.8334], [100.8068, 13.8333], [100.8068, 13.833], [100.8068, 13.8329], [100.8068, 13.8328], [100.8068, 13.8327], [100.8067, 13.8326], [100.8066, 13.8323], [100.8066, 13.8321], [100.8065, 13.8318], [100.8064, 13.8316], [100.8064, 13.8315], [100.8063, 13.8312], [100.8062, 13.831], [100.8061, 13.8308], [100.8061, 13.8306], [100.806, 13.8304], [100.806, 13.8302], [100.8059, 13.83], [100.8059, 13.8299], [100.8059, 13.8298], [100.8058, 13.8297], [100.8058, 13.8296], [100.8058, 13.8293], [100.8058, 13.8292], [100.8058, 13.829], [100.8058, 13.8288], [100.8058, 13.8287], [100.8058, 13.8285], [100.8058, 13.8284], [100.8058, 13.8281], [100.8057, 13.8277], [100.8056, 13.8274], [100.8056, 13.8272], [100.8057, 13.827], [100.8057, 13.8268], [100.8057, 13.8267], [100.8058, 13.8263], [100.8058, 13.8262], [100.8058, 13.8261], [100.8056, 13.826], [100.8054, 13.8259], [100.8051, 13.8259], [100.8044, 13.8259], [100.8041, 13.8259], [100.804, 13.8259], [100.8039, 13.8259], [100.8038, 13.8258], [100.8038, 13.8255], [100.8037, 13.8254], [100.8037, 13.8252], [100.8036, 13.825], [100.8035, 13.8248], [100.8034, 13.8245], [100.8033, 13.8243], [100.8031, 13.824], [100.803, 13.8239], [100.8029, 13.8237], [100.8028, 13.8235], [100.8026, 13.823], [100.8025, 13.8228], [100.8024, 13.8227], [100.8024, 13.8226], [100.8023, 13.8225], [100.8023, 13.8223], [100.8022, 13.8222], [100.8022, 13.822], [100.8021, 13.8219], [100.8021, 13.8217], [100.802, 13.8215], [100.8018, 13.8213], [100.8016, 13.821], [100.8016, 13.8208], [100.8015, 13.8206], [100.8014, 13.8203], [100.8013, 13.8199], [100.8012, 13.8196], [100.8012, 13.8193], [100.8011, 13.8187], [100.8011, 13.8183], [100.801, 13.8179], [100.8009, 13.8176], [100.8009, 13.8174], [100.8009, 13.8173], [100.8009, 13.8171], [100.8011, 13.8168], [100.8013, 13.8165], [100.8014, 13.8163], [100.8014, 13.8162], [100.8014, 13.816], [100.8014, 13.8157], [100.8013, 13.8154], [100.8013, 13.815], [100.8014, 13.8146], [100.8015, 13.8143], [100.8015, 13.814], [100.8015, 13.8139], [100.8015, 13.8137], [100.8015, 13.8133], [100.8015, 13.8133], [100.8015, 13.813], [100.8015, 13.8126], [100.8014, 13.8118], [100.8014, 13.8114], [100.8014, 13.8111], [100.8015, 13.8102], [100.8016, 13.8097], [100.8017, 13.8094], [100.8019, 13.8092], [100.802, 13.8091], [100.8021, 13.809], [100.8023, 13.8087], [100.8025, 13.8086], [100.8028, 13.8083], [100.8029, 13.8082], [100.8032, 13.8081], [100.8033, 13.808], [100.8035, 13.8079], [100.8036, 13.8079], [100.8037, 13.8079], [100.8038, 13.8079], [100.804, 13.8079], [100.8043, 13.808], [100.8047, 13.808], [100.8048, 13.808], [100.805, 13.808], [100.8053, 13.808], [100.8055, 13.8081], [100.8056, 13.8081], [100.8058, 13.8081], [100.806, 13.8082], [100.8063, 13.8083], [100.8065, 13.8083], [100.8066, 13.8083], [100.8068, 13.8083], [100.807, 13.8083], [100.8071, 13.8083], [100.8073, 13.8082], [100.8074, 13.8082], [100.8074, 13.8082], [100.8074, 13.8081], [100.8075, 13.8081], [100.8077, 13.8079], [100.8077, 13.8079], [100.8073, 13.8074], [100.8071, 13.8072], [100.8069, 13.8069], [100.8065, 13.8065], [100.8061, 13.8061], [100.806, 13.806], [100.8055, 13.8053], [100.805, 13.8048], [100.8045, 13.8042], [100.8044, 13.804], [100.8043, 13.804], [100.8042, 13.8039], [100.8041, 13.8039], [100.804, 13.8038], [100.8038, 13.8035], [100.8035, 13.8033], [100.8031, 13.8029], [100.8026, 13.8025], [100.8024, 13.8023], [100.8023, 13.8022], [100.8019, 13.802], [100.8012, 13.8014], [100.8008, 13.8012], [100.8008, 13.8011], [100.8005, 13.8009], [100.8001, 13.8007], [100.8, 13.8006], [100.7998, 13.8005], [100.7996, 13.8004], [100.7994, 13.8002], [100.7992, 13.7999], [100.799, 13.7997], [100.7988, 13.7995], [100.7987, 13.7994], [100.7984, 13.7992], [100.798, 13.7988], [100.7978, 13.7986], [100.7978, 13.7986], [100.7975, 13.7982], [100.7974, 13.798], [100.7971, 13.7976], [100.7965, 13.7964], [100.7958, 13.7953], [100.7955, 13.7948], [100.7954, 13.7946], [100.7954, 13.7945], [100.7952, 13.7942], [100.7951, 13.794], [100.7951, 13.7939], [100.7951, 13.7939], [100.7952, 13.7938], [100.7953, 13.7937], [100.7953, 13.7936], [100.7954, 13.7935], [100.7954, 13.7933], [100.7955, 13.7931], [100.7956, 13.7929], [100.7957, 13.7928], [100.796, 13.7923], [100.7961, 13.7922], [100.7961, 13.7921], [100.7961, 13.7921], [100.7961, 13.7921], [100.7962, 13.792], [100.7963, 13.7918], [100.7963, 13.7917], [100.7963, 13.7915], [100.7964, 13.7913], [100.7964, 13.7912], [100.7964, 13.7912], [100.7964, 13.7911], [100.7964, 13.7911], [100.7964, 13.791], [100.7964, 13.7909], [100.7964, 13.7909], [100.7963, 13.7906], [100.7963, 13.7906], [100.7963, 13.7905], [100.7962, 13.7903], [100.7962, 13.7902], [100.7962, 13.7901], [100.7962, 13.7901], [100.7962, 13.79], [100.7962, 13.7899], [100.7962, 13.7898], [100.7962, 13.7898], [100.7962, 13.7897], [100.7962, 13.7896], [100.7962, 13.7893], [100.7962, 13.7891], [100.7961, 13.7889], [100.796, 13.7885], [100.796, 13.7884], [100.7959, 13.7883], [100.7958, 13.788], [100.7957, 13.7878], [100.7956, 13.7877], [100.7956, 13.7876], [100.7955, 13.7874], [100.7952, 13.7871], [100.7951, 13.7869], [100.7947, 13.7865], [100.7946, 13.7863], [100.7943, 13.786], [100.7942, 13.7858], [100.7942, 13.7857], [100.7941, 13.7857], [100.7941, 13.7857], [100.7941, 13.7856], [100.7939, 13.7854], [100.7938, 13.7851], [100.7937, 13.7849], [100.7936, 13.7848], [100.7936, 13.7847], [100.7936, 13.7847], [100.7936, 13.7846], [100.7936, 13.7846], [100.7936, 13.7845], [100.7936, 13.7843], [100.7936, 13.7843], [100.7937, 13.7841], [100.7938, 13.784], [100.7938, 13.7839], [100.7939, 13.7839], [100.7939, 13.7839], [100.794, 13.7838], [100.7943, 13.7837], [100.7947, 13.7835], [100.7948, 13.7834], [100.7949, 13.7834], [100.7951, 13.7833], [100.7952, 13.7833], [100.7954, 13.7832], [100.7956, 13.783], [100.7957, 13.783], [100.796, 13.7829], [100.7964, 13.7827], [100.7967, 13.7827], [100.797, 13.7826], [100.7971, 13.7826], [100.7972, 13.7826], [100.7974, 13.7825], [100.7975, 13.7825], [100.7977, 13.7825], [100.7978, 13.7825], [100.798, 13.7824], [100.7982, 13.7824], [100.7983, 13.7823], [100.7984, 13.7823], [100.7985, 13.7822], [100.7986, 13.7822], [100.7987, 13.7822], [100.7989, 13.7821], [100.7991, 13.7821], [100.7993, 13.782], [100.7995, 13.7819], [100.7995, 13.7819], [100.7997, 13.7819], [100.8, 13.7819], [100.8004, 13.7818], [100.8006, 13.7817], [100.8007, 13.7817], [100.8009, 13.7817], [100.801, 13.7816], [100.8012, 13.7816], [100.8015, 13.7816], [100.8019, 13.7816], [100.8023, 13.7816], [100.8028, 13.7817], [100.8033, 13.7817], [100.8038, 13.7818], [100.8041, 13.7818], [100.8044, 13.7818], [100.8047, 13.7817], [100.805, 13.7817], [100.8055, 13.7817], [100.8061, 13.7817], [100.8065, 13.7817], [100.8068, 13.7818], [100.8069, 13.7817], [100.8069, 13.7817], [100.8071, 13.7817], [100.8073, 13.7817], [100.8074, 13.7816], [100.8076, 13.7817], [100.8081, 13.7817], [100.8084, 13.7816], [100.8089, 13.7817], [100.8094, 13.7817], [100.8095, 13.7818], [100.8099, 13.7818], [100.8102, 13.7818], [100.8106, 13.7819], [100.811, 13.7821], [100.8112, 13.7821], [100.8115, 13.7822], [100.8117, 13.7822], [100.812, 13.7823], [100.8123, 13.7824], [100.8127, 13.7826], [100.8131, 13.7827], [100.8133, 13.7828], [100.8134, 13.7829], [100.8134, 13.783], [100.8136, 13.7833], [100.8137, 13.7834], [100.8137, 13.7835], [100.814, 13.7839], [100.8141, 13.7839], [100.8142, 13.7841], [100.8143, 13.7841], [100.8144, 13.7842], [100.8144, 13.7842], [100.8145, 13.7842], [100.8145, 13.7842], [100.8146, 13.7842], [100.8147, 13.7842], [100.8147, 13.7842], [100.8148, 13.7841], [100.8149, 13.7839], [100.815, 13.7838], [100.8151, 13.7836], [100.8152, 13.7833], [100.8153, 13.7833], [100.8154, 13.7831], [100.8157, 13.783], [100.816, 13.7829], [100.8163, 13.7828], [100.8166, 13.7827], [100.8169, 13.7826], [100.8174, 13.7825], [100.8176, 13.7824], [100.8177, 13.7824], [100.8179, 13.7824], [100.8182, 13.7823], [100.8185, 13.7822], [100.8188, 13.7821], [100.8192, 13.782], [100.8196, 13.7819], [100.8197, 13.7818], [100.8198, 13.7818], [100.8202, 13.7815], [100.8206, 13.7812], [100.8211, 13.7809], [100.8214, 13.7808], [100.8217, 13.7806], [100.8222, 13.7802], [100.8224, 13.7801], [100.8226, 13.78], [100.8227, 13.7799], [100.8228, 13.7798], [100.8229, 13.7798], [100.823, 13.7797], [100.823, 13.7795], [100.823, 13.7795], [100.823, 13.7794], [100.823, 13.7794], [100.8229, 13.7793], [100.8229, 13.7793], [100.8229, 13.7792], [100.8229, 13.7789], [100.8229, 13.7788], [100.8229, 13.7787], [100.8229, 13.7785], [100.8229, 13.7784], [100.8229, 13.7783], [100.8228, 13.7781], [100.8228, 13.778], [100.8228, 13.7778], [100.8228, 13.7778], [100.8228, 13.7777], [100.8228, 13.7777], [100.8229, 13.7776], [100.8229, 13.7776], [100.823, 13.7776], [100.8231, 13.7775], [100.8231, 13.7775], [100.8233, 13.7774], [100.8234, 13.7773], [100.8235, 13.7773], [100.8236, 13.7772], [100.8237, 13.7771], [100.824, 13.777], [100.8242, 13.7769], [100.8245, 13.7766], [100.8246, 13.7765], [100.8248, 13.7764], [100.8248, 13.7763], [100.8251, 13.7761], [100.8252, 13.776], [100.8254, 13.7758], [100.8257, 13.7756], [100.8258, 13.7755], [100.8259, 13.7755], [100.8259, 13.7754], [100.8261, 13.7753], [100.8263, 13.7751], [100.8264, 13.7751], [100.8265, 13.775], [100.8266, 13.7749], [100.8267, 13.7748], [100.8269, 13.7746], [100.827, 13.7744], [100.8272, 13.7742], [100.8275, 13.7739], [100.8276, 13.7738], [100.8278, 13.7736], [100.828, 13.7733], [100.8282, 13.773], [100.8283, 13.7729], [100.8285, 13.7728], [100.8285, 13.7727], [100.8287, 13.7726], [100.8288, 13.7725], [100.8291, 13.7723], [100.8293, 13.7721], [100.8294, 13.7719], [100.8294, 13.7718], [100.8294, 13.7717], [100.8294, 13.7717], [100.8294, 13.7716], [100.8295, 13.7715], [100.8295, 13.7714], [100.8296, 13.7712], [100.8296, 13.771], [100.8297, 13.7709], [100.8298, 13.7707], [100.8298, 13.7707], [100.8299, 13.7706], [100.8299, 13.7705], [100.8299, 13.7704], [100.83, 13.7702], [100.8301, 13.7698], [100.8303, 13.7696], [100.8305, 13.7694], [100.8307, 13.7692], [100.831, 13.769], [100.8312, 13.7688], [100.8313, 13.7687], [100.8314, 13.7686], [100.8314, 13.7685], [100.8315, 13.7684], [100.8315, 13.7683], [100.8316, 13.7682], [100.8318, 13.768], [100.8319, 13.7679], [100.8319, 13.7678], [100.832, 13.7678], [100.8321, 13.7677], [100.8322, 13.7675], [100.8323, 13.7675], [100.8324, 13.7675], [100.8325, 13.7675], [100.8327, 13.7676], [100.8329, 13.7676], [100.833, 13.7676], [100.8332, 13.7677], [100.8332, 13.7677], [100.8332, 13.7677], [100.8333, 13.7678], [100.8334, 13.7678], [100.8339, 13.7679], [100.8342, 13.768], [100.8343, 13.768], [100.8343, 13.768], [100.8346, 13.768], [100.8346, 13.768], [100.8348, 13.768], [100.8351, 13.7679], [100.8355, 13.7679], [100.8357, 13.7678], [100.8359, 13.7678], [100.8363, 13.7677], [100.8367, 13.7677], [100.8368, 13.7677], [100.8373, 13.7676], [100.8374, 13.7676], [100.8376, 13.7677], [100.8379, 13.7679], [100.838, 13.7681], [100.8381, 13.7683], [100.8381, 13.7683], [100.8383, 13.7684], [100.8383, 13.7686], [100.8385, 13.7688], [100.8386, 13.7689], [100.8386, 13.7689], [100.8387, 13.769], [100.8389, 13.7691], [100.8392, 13.7694], [100.8394, 13.7697], [100.8396, 13.7699], [100.8398, 13.7701], [100.8401, 13.7702], [100.8402, 13.7703], [100.8404, 13.7703], [100.8406, 13.7704], [100.8407, 13.7705], [100.8409, 13.7706], [100.841, 13.7706], [100.8411, 13.7707], [100.8412, 13.7707], [100.8412, 13.7707], [100.8414, 13.7708], [100.8415, 13.7708], [100.8416, 13.7708], [100.8417, 13.7708], [100.8418, 13.7709], [100.8419, 13.7709], [100.8423, 13.771], [100.8425, 13.771], [100.8427, 13.771], [100.8429, 13.771], [100.8431, 13.771], [100.8433, 13.771], [100.8434, 13.771], [100.8435, 13.771], [100.8436, 13.771], [100.8439, 13.7711], [100.8443, 13.771], [100.8446, 13.771], [100.8448, 13.7709], [100.8452, 13.7709], [100.8455, 13.7708], [100.8458, 13.7708], [100.8461, 13.7708], [100.8462, 13.7708], [100.8465, 13.7708], [100.847, 13.7708], [100.8474, 13.7709], [100.8478, 13.7709], [100.8481, 13.7709], [100.8482, 13.771], [100.8483, 13.771], [100.8484, 13.771], [100.8488, 13.771], [100.8496, 13.771], [100.85, 13.771], [100.8504, 13.771], [100.8505, 13.771], [100.8508, 13.771], [100.851, 13.771], [100.8512, 13.771], [100.8514, 13.771], [100.8515, 13.771], [100.8517, 13.771], [100.8519, 13.771], [100.852, 13.771], [100.8523, 13.771], [100.8524, 13.771], [100.8525, 13.771], [100.8526, 13.7711], [100.8528, 13.7711], [100.853, 13.7711], [100.8532, 13.7711], [100.8533, 13.7711], [100.8534, 13.7711], [100.8538, 13.7711], [100.8542, 13.7711], [100.8545, 13.7711], [100.8547, 13.7711], [100.8548, 13.7711], [100.8549, 13.7711], [100.8551, 13.7711], [100.8554, 13.7711], [100.8556, 13.7711], [100.8559, 13.7711], [100.8563, 13.771], [100.8565, 13.771], [100.8567, 13.7709], [100.8568, 13.7709], [100.857, 13.7708], [100.8571, 13.7708], [100.8571, 13.7708], [100.8571, 13.7708], [100.8572, 13.7707], [100.8572, 13.7707], [100.8572, 13.7707], [100.8573, 13.7707], [100.8573, 13.7706], [100.8573, 13.7707], [100.8574, 13.7706], [100.8575, 13.7706], [100.8577, 13.7705], [100.8578, 13.7704], [100.8579, 13.7704], [100.858, 13.7704], [100.858, 13.7704], [100.858, 13.7704], [100.8581, 13.7704], [100.8581, 13.7704], [100.8582, 13.7704], [100.8583, 13.7704], [100.8583, 13.7704], [100.8583, 13.7704], [100.8584, 13.7704], [100.8584, 13.7703], [100.8584, 13.7704], [100.8584, 13.7704], [100.8584, 13.7704], [100.8585, 13.7704], [100.8585, 13.7704], [100.8585, 13.7704], [100.8585, 13.7703], [100.8586, 13.7703], [100.8586, 13.7703], [100.8586, 13.7703], [100.8586, 13.7703], [100.8587, 13.7703], [100.8587, 13.7703], [100.8588, 13.7703], [100.8588, 13.7704], [100.8588, 13.7704], [100.8588, 13.7703], [100.8589, 13.7703], [100.8589, 13.7704], [100.8589, 13.7704], [100.8589, 13.7704], [100.859, 13.7704], [100.859, 13.7704], [100.859, 13.7704], [100.859, 13.7703], [100.859, 13.7703], [100.8591, 13.7703], [100.8592, 13.7703], [100.8592, 13.7704], [100.8592, 13.7704], [100.8592, 13.7704], [100.8592, 13.7704], [100.8593, 13.7704], [100.8593, 13.7704], [100.8593, 13.7704], [100.8593, 13.7703], [100.8593, 13.7703], [100.8593, 13.7703], [100.8593, 13.7703], [100.8594, 13.7703], [100.8594, 13.7703], [100.8595, 13.7703], [100.8595, 13.7703], [100.8596, 13.7703], [100.8595, 13.7703], [100.8595, 13.7704], [100.8596, 13.7704], [100.8596, 13.7704], [100.8596, 13.7704], [100.8598, 13.7704], [100.8598, 13.7704], [100.8598, 13.7704], [100.8598, 13.7703], [100.8599, 13.7703], [100.8599, 13.7704], [100.8599, 13.7704], [100.8599, 13.7704], [100.8599, 13.7705], [100.8599, 13.7705], [100.8599, 13.7705], [100.8599, 13.7704], [100.86, 13.7704], [100.86, 13.7704], [100.86, 13.7704], [100.8601, 13.7704], [100.8601, 13.7704], [100.8601, 13.7704], [100.8601, 13.7704], [100.8602, 13.7704], [100.8602, 13.7703], [100.8603, 13.7704], [100.8603, 13.7704], [100.8604, 13.7704], [100.8604, 13.7704], [100.8604, 13.7704], [100.8605, 13.7704], [100.8605, 13.7704], [100.8606, 13.7704], [100.8607, 13.7704], [100.8609, 13.7703], [100.8609, 13.7703], [100.8609, 13.7703], [100.861, 13.7702], [100.8611, 13.7702], [100.8611, 13.7701], [100.8612, 13.7701], [100.8613, 13.77], [100.8614, 13.7699], [100.8615, 13.7699], [100.8615, 13.7699], [100.8615, 13.7698], [100.8616, 13.7698], [100.8616, 13.7697], [100.8616, 13.7697], [100.8617, 13.7697], [100.8618, 13.7697], [100.8618, 13.7696], [100.8619, 13.7696], [100.8619, 13.7695], [100.8619, 13.7695], [100.862, 13.7694], [100.862, 13.7694], [100.8621, 13.7693], [100.8621, 13.7692], [100.8621, 13.7692], [100.8621, 13.7692], [100.8622, 13.7692], [100.8622, 13.7691], [100.8623, 13.769], [100.8624, 13.7689], [100.8626, 13.7687], [100.8627, 13.7686], [100.8629, 13.7683], [100.863, 13.7682], [100.8632, 13.768], [100.8633, 13.7679], [100.8634, 13.7678], [100.8636, 13.7677], [100.8636, 13.7676], [100.8637, 13.7675], [100.8638, 13.7673], [100.8638, 13.7671], [100.8639, 13.7669], [100.864, 13.7668], [100.864, 13.7667], [100.864, 13.7667], [100.8641, 13.7666], [100.8641, 13.7665], [100.8642, 13.7663], [100.8642, 13.7662], [100.8643, 13.766], [100.8643, 13.766], [100.8643, 13.7659], [100.8644, 13.7658], [100.8644, 13.7657], [100.8644, 13.7657], [100.8645, 13.7656], [100.8645, 13.7655], [100.8646, 13.7653], [100.8646, 13.7653], [100.8646, 13.7652], [100.8646, 13.7652], [100.8647, 13.765], [100.8647, 13.765], [100.8647, 13.7649], [100.8647, 13.7649], [100.8648, 13.7648], [100.8648, 13.7647], [100.8648, 13.7646], [100.8649, 13.7645], [100.8649, 13.7645], [100.8649, 13.7644], [100.8649, 13.7642], [100.8649, 13.7641], [100.8649, 13.764], [100.8649, 13.7639], [100.8649, 13.7638], [100.8649, 13.7638], [100.8649, 13.7637], [100.8649, 13.7636], [100.8649, 13.7635], [100.8649, 13.7635], [100.8649, 13.7634], [100.8649, 13.7633], [100.865, 13.7633], [100.865, 13.7631], [100.865, 13.763], [100.8651, 13.7628], [100.8652, 13.7626], [100.8653, 13.7625], [100.8653, 13.7624], [100.8653, 13.7623], [100.8654, 13.7622], [100.8654, 13.7621], [100.8654, 13.7621], [100.8655, 13.762], [100.8656, 13.7618], [100.8656, 13.7617], [100.8656, 13.7616], [100.8656, 13.7615], [100.8657, 13.7614], [100.8657, 13.7612], [100.8657, 13.761], [100.8657, 13.7608], [100.8657, 13.7607], [100.8657, 13.7606], [100.8658, 13.7605], [100.8658, 13.7604], [100.8658, 13.7603], [100.8658, 13.7603], [100.8658, 13.7602], [100.8658, 13.7602], [100.8658, 13.76], [100.8659, 13.76], [100.8659, 13.7599], [100.8659, 13.7599], [100.866, 13.7597], [100.866, 13.7596], [100.8661, 13.7595], [100.8661, 13.7595], [100.8662, 13.7594], [100.8662, 13.7593], [100.8663, 13.7591], [100.8664, 13.7589], [100.8664, 13.7588], [100.8665, 13.7586], [100.8666, 13.7584], [100.8666, 13.7583], [100.8666, 13.7581], [100.8666, 13.7579], [100.8666, 13.7578], [100.8666, 13.7578], [100.8666, 13.7575], [100.8666, 13.7575], [100.8666, 13.7574], [100.8666, 13.7573], [100.8666, 13.7572], [100.8665, 13.757], [100.8665, 13.7568], [100.8665, 13.7566], [100.8665, 13.7565], [100.8664, 13.7564], [100.8664, 13.7563], [100.8664, 13.7563], [100.8664, 13.7562], [100.8664, 13.7562], [100.8664, 13.7561], [100.8664, 13.756], [100.8663, 13.7557], [100.8663, 13.7556], [100.8663, 13.7556], [100.8663, 13.7555], [100.8663, 13.7554], [100.8663, 13.7554], [100.8663, 13.7553], [100.8663, 13.755], [100.8664, 13.7547], [100.8664, 13.7541], [100.8664, 13.7538], [100.8665, 13.7536], [100.8665, 13.7533], [100.8665, 13.7533], [100.8665, 13.7531], [100.8666, 13.7528], [100.8667, 13.7526], [100.8668, 13.7523], [100.8669, 13.7521], [100.8669, 13.7521], [100.8671, 13.7517], [100.8672, 13.7517], [100.8672, 13.7517], [100.8672, 13.7516], [100.8672, 13.7516], [100.8672, 13.7515], [100.8673, 13.7514], [100.8673, 13.7513], [100.8674, 13.7512], [100.8674, 13.7511], [100.8674, 13.7511], [100.8675, 13.751], [100.8676, 13.7507], [100.8679, 13.7503], [100.8679, 13.7502], [100.8679, 13.7502], [100.8679, 13.7501], [100.8679, 13.7501], [100.868, 13.7501], [100.868, 13.75], [100.868, 13.75], [100.868, 13.75], [100.868, 13.7499], [100.8681, 13.7499], [100.8681, 13.7498], [100.8681, 13.7498], [100.8682, 13.7497], [100.8683, 13.7495], [100.8683, 13.7495], [100.8684, 13.7494], [100.8687, 13.749], [100.8689, 13.7487], [100.8689, 13.7487], [100.869, 13.7485], [100.8691, 13.7484], [100.8691, 13.7484], [100.8692, 13.7483], [100.8693, 13.7481], [100.8693, 13.748], [100.8694, 13.7479], [100.8695, 13.7478], [100.8695, 13.7478], [100.8695, 13.7477], [100.8696, 13.7477], [100.8696, 13.7477], [100.8696, 13.7476], [100.8697, 13.7476], [100.8697, 13.7475], [100.8697, 13.7475], [100.8697, 13.7475], [100.8698, 13.7474], [100.8698, 13.7474], [100.8698, 13.7474], [100.8699, 13.7473], [100.87, 13.7471], [100.8702, 13.7469], [100.8703, 13.7469], [100.8704, 13.7467], [100.8706, 13.7464], [100.8707, 13.7463], [100.8709, 13.746], [100.871, 13.746], [100.871, 13.7459], [100.8711, 13.7458], [100.8711, 13.7458], [100.8712, 13.7456], [100.8713, 13.7456], [100.8714, 13.7455], [100.8715, 13.7454], [100.8717, 13.7452], [100.8718, 13.7451], [100.8719, 13.745], [100.872, 13.7448], [100.8721, 13.7447], [100.8722, 13.7446], [100.8724, 13.7444], [100.8725, 13.7442], [100.8726, 13.7442], [100.8726, 13.7441], [100.8733, 13.7422], [100.8733, 13.7421], [100.8735, 13.7418], [100.8736, 13.7416], [100.8736, 13.7415], [100.8737, 13.7413], [100.8737, 13.7411], [100.8737, 13.7411], [100.8738, 13.7408], [100.8739, 13.7406], [100.8739, 13.7405], [100.874, 13.7404], [100.8741, 13.7401], [100.8744, 13.7396], [100.8746, 13.7394], [100.8747, 13.7392], [100.8749, 13.739], [100.8749, 13.739], [100.875, 13.7389], [100.875, 13.7388], [100.8754, 13.7386], [100.8757, 13.7385], [100.8757, 13.7384], [100.8758, 13.7384], [100.8758, 13.7384], [100.876, 13.7384], [100.8761, 13.7383], [100.8762, 13.7383], [100.8763, 13.7383], [100.8764, 13.7383], [100.8764, 13.7383], [100.8765, 13.7382], [100.8767, 13.7382], [100.8771, 13.7381], [100.8772, 13.738], [100.8773, 13.738], [100.8774, 13.738], [100.8775, 13.738], [100.8776, 13.738], [100.8777, 13.738], [100.8778, 13.738], [100.8779, 13.738], [100.878, 13.738], [100.8781, 13.738], [100.8783, 13.7379], [100.8784, 13.7379], [100.8785, 13.7379], [100.879, 13.7378], [100.879, 13.7379], [100.8791, 13.7379], [100.8791, 13.738], [100.8792, 13.7381], [100.8792, 13.7382], [100.8793, 13.7383], [100.8794, 13.7384], [100.8794, 13.7384], [100.8798, 13.7389], [100.88, 13.7393], [100.8801, 13.7394], [100.8801, 13.7394], [100.8801, 13.7395], [100.8801, 13.7395], [100.8801, 13.7395], [100.8802, 13.7396], [100.8802, 13.7396], [100.8804, 13.7399], [100.8804, 13.7399], [100.8805, 13.74], [100.8805, 13.74], [100.8805, 13.7401], [100.8805, 13.7401], [100.8806, 13.7402], [100.8806, 13.7402], [100.8806, 13.7403], [100.8806, 13.7403], [100.8807, 13.7403], [100.8807, 13.7403], [100.8807, 13.7404], [100.8807, 13.7404], [100.8807, 13.7404], [100.8807, 13.7404], [100.8807, 13.7405], [100.8807, 13.7405], [100.8808, 13.7405], [100.8808, 13.7405], [100.8809, 13.7407], [100.8809, 13.7408], [100.8809, 13.7408], [100.8809, 13.7408], [100.881, 13.7408], [100.881, 13.7408], [100.881, 13.7409], [100.881, 13.7409], [100.881, 13.7409], [100.8811, 13.741], [100.8811, 13.741], [100.8811, 13.741], [100.8811, 13.741], [100.8811, 13.7411], [100.8811, 13.7411], [100.8811, 13.7412], [100.8812, 13.7412], [100.8812, 13.7412], [100.8813, 13.7414], [100.8814, 13.7417], [100.8815, 13.7418], [100.8816, 13.742], [100.8816, 13.742], [100.8818, 13.7421], [100.882, 13.7425], [100.882, 13.7426], [100.8821, 13.7426], [100.8821, 13.7427], [100.8822, 13.7427], [100.8822, 13.7428], [100.8822, 13.7428], [100.8822, 13.7429], [100.8822, 13.7429], [100.8822, 13.7429], [100.8823, 13.7429], [100.8823, 13.7429], [100.8823, 13.7429], [100.8823, 13.743], [100.8824, 13.7431], [100.8824, 13.7431], [100.8825, 13.7432], [100.8825, 13.7433], [100.8826, 13.7434], [100.8826, 13.7434], [100.8827, 13.7435], [100.8827, 13.7436], [100.8828, 13.7437], [100.8828, 13.7437], [100.8829, 13.7438], [100.8829, 13.7438], [100.8829, 13.7439], [100.8829, 13.7439], [100.8829, 13.7439], [100.883, 13.7439], [100.883, 13.744], [100.883, 13.744], [100.883, 13.7441], [100.883, 13.7441], [100.8831, 13.7441], [100.8831, 13.7441], [100.8831, 13.7441], [100.8831, 13.7442], [100.8831, 13.7442], [100.8832, 13.7442], [100.8832, 13.7443], [100.8832, 13.7443], [100.8832, 13.7443], [100.8832, 13.7443], [100.8832, 13.7443], [100.8833, 13.7444], [100.8833, 13.7444], [100.8833, 13.7444], [100.8833, 13.7445], [100.8834, 13.7445], [100.8834, 13.7445], [100.8834, 13.7446], [100.8834, 13.7446], [100.8835, 13.7446], [100.8835, 13.7446], [100.8835, 13.7447], [100.8835, 13.7447], [100.8836, 13.7447], [100.8836, 13.7447], [100.8836, 13.7447], [100.8836, 13.7447], [100.8837, 13.7448], [100.8837, 13.7448], [100.8837, 13.7448], [100.8837, 13.7449], [100.8836, 13.7449], [100.8837, 13.7449], [100.8837, 13.745], [100.8837, 13.745], [100.8837, 13.745], [100.8837, 13.745], [100.8838, 13.7451], [100.8838, 13.7452], [100.8838, 13.7452], [100.8838, 13.7452], [100.8839, 13.7453], [100.8839, 13.7454], [100.8839, 13.7454], [100.884, 13.7454], [100.884, 13.7455], [100.884, 13.7455], [100.884, 13.7455], [100.884, 13.7456], [100.8841, 13.7456], [100.8841, 13.7457], [100.8841, 13.7457], [100.8841, 13.7457], [100.8842, 13.7458], [100.8842, 13.7459], [100.8842, 13.7459], [100.8842, 13.7459], [100.8842, 13.7459], [100.8843, 13.746], [100.8843, 13.746], [100.8844, 13.7461], [100.8844, 13.7462], [100.8844, 13.7462], [100.8844, 13.7462], [100.8844, 13.7462], [100.8846, 13.7464], [100.8846, 13.7466], [100.8847, 13.7467], [100.8848, 13.7468], [100.8848, 13.7468], [100.8848, 13.7468], [100.8848, 13.7468], [100.8849, 13.7468], [100.8849, 13.7468], [100.8849, 13.7468], [100.8849, 13.7468], [100.8849, 13.7469], [100.8849, 13.7469], [100.885, 13.747], [100.885, 13.747], [100.885, 13.747], [100.885, 13.7471], [100.885, 13.7471], [100.885, 13.7472], [100.8851, 13.7472], [100.8851, 13.7473], [100.8852, 13.7474], [100.8852, 13.7474], [100.8852, 13.7474], [100.8852, 13.7475], [100.8852, 13.7475], [100.8852, 13.7475], [100.8852, 13.7475], [100.8853, 13.7476], [100.8853, 13.7476], [100.8853, 13.7476], [100.8853, 13.7477], [100.8853, 13.7477], [100.8853, 13.7477], [100.8854, 13.7477], [100.8854, 13.7477], [100.8854, 13.7477], [100.8854, 13.7477], [100.8854, 13.7477], [100.8854, 13.7477], [100.8855, 13.7478], [100.8855, 13.7478], [100.8855, 13.7479], [100.8855, 13.7479], [100.8856, 13.7479], [100.8856, 13.7479], [100.8856, 13.748], [100.8856, 13.748], [100.8856, 13.748], [100.8856, 13.7482], [100.8856, 13.7482], [100.8857, 13.7482], [100.8857, 13.7483], [100.8857, 13.7483], [100.8858, 13.7484], [100.8858, 13.7484], [100.8858, 13.7484], [100.8858, 13.7485], [100.8859, 13.7485], [100.8859, 13.7485], [100.8859, 13.7486], [100.8859, 13.7486], [100.886, 13.7487], [100.886, 13.7487], [100.886, 13.7487], [100.8861, 13.7488], [100.8861, 13.7488], [100.8861, 13.7488], [100.8861, 13.7488], [100.8861, 13.7488], [100.8862, 13.7489], [100.8862, 13.7489], [100.8862, 13.7489], [100.8862, 13.749], [100.8862, 13.749], [100.8862, 13.7491], [100.8862, 13.7491], [100.8862, 13.7491], [100.8862, 13.7492], [100.8862, 13.7492], [100.8863, 13.7493], [100.8863, 13.7493], [100.8863, 13.7494], [100.8864, 13.7494], [100.8864, 13.7495], [100.8864, 13.7495], [100.8864, 13.7495], [100.8865, 13.7496], [100.8865, 13.7497], [100.8865, 13.7497], [100.8865, 13.7498], [100.8866, 13.7498], [100.8866, 13.7498], [100.8866, 13.7499], [100.8867, 13.7499], [100.8867, 13.7499], [100.8867, 13.7499], [100.8867, 13.75], [100.8867, 13.75], [100.8868, 13.7501], [100.8868, 13.7501], [100.8869, 13.7504], [100.887, 13.7505], [100.887, 13.7505], [100.8871, 13.7506], [100.8871, 13.7507], [100.8872, 13.7507], [100.8872, 13.7508], [100.8872, 13.7509], [100.8873, 13.7509], [100.8873, 13.751], [100.8873, 13.751], [100.8874, 13.7511], [100.8874, 13.7511], [100.8874, 13.7511], [100.8874, 13.7511], [100.8875, 13.7512], [100.8876, 13.7514], [100.8876, 13.7515], [100.8876, 13.7515], [100.8877, 13.7515], [100.8877, 13.7515], [100.8877, 13.7515], [100.8877, 13.7516], [100.8877, 13.7516], [100.8878, 13.7517], [100.8879, 13.7518], [100.8879, 13.7519], [100.8879, 13.7519], [100.888, 13.752], [100.888, 13.752], [100.888, 13.752], [100.8881, 13.7521], [100.8881, 13.7521], [100.8881, 13.7522], [100.8882, 13.7522], [100.8882, 13.7523], [100.8882, 13.7523], [100.8882, 13.7524], [100.8882, 13.7524], [100.8883, 13.7524], [100.8883, 13.7525], [100.8883, 13.7525], [100.8884, 13.7525], [100.8884, 13.7525], [100.8884, 13.7526], [100.8884, 13.7526], [100.8884, 13.7526], [100.8884, 13.7527], [100.8885, 13.7527], [100.8885, 13.7527], [100.8885, 13.7528], [100.8885, 13.7528], [100.8885, 13.7528], [100.8885, 13.7529], [100.8886, 13.7529], [100.8886, 13.753], [100.8886, 13.753], [100.8887, 13.7531], [100.8887, 13.7531], [100.8887, 13.7531], [100.8888, 13.7532], [100.8888, 13.7532], [100.8888, 13.7533], [100.8888, 13.7533], [100.8889, 13.7533], [100.8889, 13.7534], [100.8889, 13.7534], [100.8889, 13.7534], [100.8889, 13.7535], [100.889, 13.7535], [100.889, 13.7535], [100.889, 13.7536], [100.8891, 13.7536], [100.8891, 13.7537], [100.8891, 13.7537], [100.8891, 13.7537], [100.8891, 13.7537], [100.8892, 13.7538], [100.8892, 13.7538], [100.8892, 13.7539], [100.8892, 13.7539], [100.8893, 13.754], [100.8893, 13.754], [100.8893, 13.7541], [100.8893, 13.7541], [100.8894, 13.7541], [100.8894, 13.7542], [100.8894, 13.7542], [100.8894, 13.7543], [100.8895, 13.7543], [100.8895, 13.7543], [100.8895, 13.7544], [100.8896, 13.7544], [100.8896, 13.7545], [100.8896, 13.7545], [100.8897, 13.7546], [100.8897, 13.7546], [100.8897, 13.7547], [100.8898, 13.7547], [100.8898, 13.7547], [100.8898, 13.7547], [100.8898, 13.7548], [100.8899, 13.7548], [100.8899, 13.7549], [100.8899, 13.7549], [100.8899, 13.7549], [100.8899, 13.755], [100.8899, 13.755], [100.89, 13.7551], [100.8901, 13.7553], [100.8902, 13.7555], [100.8903, 13.7555], [100.8903, 13.7555], [100.8903, 13.7556], [100.8903, 13.7557], [100.8903, 13.7557], [100.8904, 13.7558], [100.8904, 13.7558], [100.8905, 13.7559], [100.8906, 13.7561], [100.8907, 13.7562], [100.8907, 13.7562], [100.8907, 13.7562], [100.8907, 13.7563], [100.8908, 13.7564], [100.8908, 13.7564], [100.8908, 13.7565], [100.8909, 13.7565], [100.8909, 13.7565], [100.8909, 13.7566], [100.8909, 13.7566], [100.891, 13.7567], [100.891, 13.7568], [100.891, 13.7568], [100.8911, 13.7568], [100.8911, 13.7569], [100.8911, 13.757], [100.8911, 13.757], [100.8912, 13.757], [100.8912, 13.7572], [100.8912, 13.7572], [100.8913, 13.7572], [100.8913, 13.7572], [100.8913, 13.7573], [100.8913, 13.7573], [100.8913, 13.7573], [100.8913, 13.7573], [100.8913, 13.7574], [100.8913, 13.7574], [100.8914, 13.7574], [100.8914, 13.7574], [100.8914, 13.7575], [100.8915, 13.7576], [100.8916, 13.7577], [100.8916, 13.7578], [100.8917, 13.7579], [100.8917, 13.758], [100.8917, 13.758], [100.8917, 13.7581], [100.8918, 13.7582], [100.8918, 13.7582], [100.8919, 13.7583], [100.8919, 13.7584], [100.8919, 13.7585], [100.8919, 13.7585], [100.892, 13.7585], [100.892, 13.7586], [100.8921, 13.7586], [100.8921, 13.7587], [100.8922, 13.7589], [100.8922, 13.759], [100.8923, 13.7591], [100.8924, 13.7592], [100.8924, 13.7593], [100.8925, 13.7595], [100.8926, 13.7596], [100.8927, 13.7598], [100.8929, 13.7601], [100.8929, 13.7602], [100.8931, 13.7605], [100.8932, 13.7606], [100.8932, 13.7606], [100.8932, 13.7607], [100.8932, 13.7608], [100.8933, 13.7608], [100.8934, 13.7609], [100.8934, 13.761], [100.8935, 13.7612], [100.8935, 13.7613], [100.8936, 13.7614], [100.8937, 13.7615], [100.8937, 13.7615], [100.8938, 13.7617], [100.8939, 13.7618], [100.894, 13.7619], [100.894, 13.762], [100.8941, 13.7621], [100.8942, 13.7624], [100.8943, 13.7625], [100.8943, 13.7626], [100.8943, 13.7627], [100.8944, 13.7629], [100.8945, 13.763], [100.8946, 13.7632], [100.8946, 13.7632], [100.8947, 13.7633], [100.8947, 13.7633], [100.8947, 13.7634], [100.8947, 13.7634], [100.8947, 13.7634], [100.8947, 13.7634], [100.8947, 13.7634], [100.8948, 13.7635], [100.8948, 13.7636], [100.895, 13.7638], [100.895, 13.7638], [100.895, 13.7639], [100.895, 13.7639], [100.895, 13.7639], [100.895, 13.764], [100.8952, 13.7642], [100.8953, 13.7643], [100.8954, 13.7645], [100.8955, 13.7647], [100.8956, 13.7647], [100.8956, 13.7648], [100.8956, 13.7649], [100.8957, 13.7651], [100.8958, 13.7652], [100.8959, 13.7653], [100.8959, 13.7654], [100.8959, 13.7654], [100.8959, 13.7655], [100.896, 13.7657], [100.8961, 13.7659], [100.8962, 13.766], [100.8963, 13.7661], [100.8963, 13.7662], [100.8963, 13.7662], [100.8964, 13.7663], [100.8965, 13.7666], [100.8966, 13.7667], [100.8967, 13.7668], [100.8968, 13.7669], [100.8969, 13.7671], [100.8969, 13.7672], [100.897, 13.7673], [100.897, 13.7674], [100.8971, 13.7675], [100.8971, 13.7675], [100.8972, 13.7677], [100.8973, 13.768], [100.8975, 13.7682], [100.8975, 13.7684], [100.8977, 13.7685], [100.8978, 13.7687], [100.8979, 13.7689], [100.898, 13.7691], [100.8981, 13.7691], [100.8981, 13.7691], [100.8981, 13.7691], [100.8981, 13.769], [100.8982, 13.769], [100.8982, 13.7691], [100.8982, 13.7691], [100.8982, 13.7691], [100.8982, 13.7692], [100.8981, 13.7692], [100.8981, 13.7692], [100.8981, 13.7693], [100.8981, 13.7693], [100.8982, 13.7693], [100.8983, 13.7693], [100.8983, 13.7693], [100.8983, 13.7694], [100.8982, 13.7694], [100.8982, 13.7695], [100.8983, 13.7696], [100.8984, 13.7697], [100.8984, 13.7698], [100.8985, 13.77], [100.8985, 13.7701], [100.8985, 13.7701], [100.8986, 13.7703], [100.8987, 13.7705], [100.8987, 13.7706], [100.8988, 13.7706], [100.8989, 13.7708], [100.8989, 13.7709], [100.899, 13.771], [100.8991, 13.7711], [100.8991, 13.7712], [100.8992, 13.7712], [100.8993, 13.7714], [100.8993, 13.7716], [100.8995, 13.7718], [100.8996, 13.772], [100.8997, 13.7721], [100.8998, 13.7722], [100.8997, 13.7722], [100.8997, 13.7723], [100.8997, 13.7723], [100.8998, 13.7725], [100.9, 13.7727], [100.9, 13.7729], [100.9002, 13.7732], [100.9003, 13.7733], [100.9004, 13.7734], [100.9004, 13.7736], [100.9005, 13.7737], [100.9007, 13.774], [100.9008, 13.7742], [100.9008, 13.7743], [100.9009, 13.7744], [100.901, 13.7745], [100.901, 13.7746], [100.9011, 13.7748], [100.9011, 13.7748], [100.9012, 13.775], [100.9013, 13.7751], [100.9013, 13.7751], [100.9014, 13.7752], [100.9014, 13.7753], [100.9015, 13.7753], [100.9015, 13.7753], [100.9015, 13.7754], [100.9015, 13.7754], [100.9015, 13.7755], [100.9015, 13.7755], [100.9016, 13.7755], [100.9016, 13.7756], [100.9016, 13.7756], [100.9016, 13.7757], [100.9017, 13.7758], [100.9018, 13.7759], [100.9018, 13.7759], [100.9019, 13.776], [100.9019, 13.776], [100.9019, 13.7761], [100.9019, 13.7762], [100.902, 13.7762], [100.902, 13.7763], [100.9021, 13.7764], [100.9021, 13.7765], [100.9021, 13.7765], [100.9021, 13.7766], [100.9022, 13.7766], [100.9023, 13.7766], [100.9023, 13.7767], [100.9023, 13.7767], [100.9023, 13.7768], [100.9023, 13.7768], [100.9023, 13.7768], [100.9024, 13.7769], [100.9024, 13.7769], [100.9024, 13.7769], [100.9024, 13.7769], [100.9024, 13.777], [100.9024, 13.777], [100.9025, 13.777], [100.9025, 13.7771], [100.9025, 13.7771], [100.9025, 13.7771], [100.9025, 13.7771], [100.9025, 13.7772], [100.9026, 13.7772], [100.9026, 13.7773], [100.9026, 13.7774], [100.9027, 13.7775], [100.9027, 13.7775], [100.9027, 13.7776], [100.9028, 13.7777], [100.9028, 13.7777], [100.9029, 13.7778], [100.9029, 13.7779], [100.903, 13.778], [100.9031, 13.7782], [100.9031, 13.7782], [100.9032, 13.7782], [100.9032, 13.7783], [100.9032, 13.7784], [100.9032, 13.7784], [100.9033, 13.7784], [100.9033, 13.7784], [100.9033, 13.7784], [100.9033, 13.7784], [100.9033, 13.7785], [100.9033, 13.7785], [100.9033, 13.7785], [100.9033, 13.7786], [100.9033, 13.7786], [100.9033, 13.7786], [100.9033, 13.7787], [100.9033, 13.7787], [100.9034, 13.7788], [100.9034, 13.7789], [100.9034, 13.7789], [100.9035, 13.779], [100.9035, 13.7791], [100.9035, 13.7791], [100.9035, 13.7791], [100.9036, 13.7792], [100.9036, 13.7792], [100.9036, 13.7792], [100.9037, 13.7793], [100.9037, 13.7794], [100.9037, 13.7794], [100.9037, 13.7794], [100.9038, 13.7795], [100.9038, 13.7795], [100.9038, 13.7795], [100.9038, 13.7796], [100.9039, 13.7796], [100.9039, 13.7796], [100.9039, 13.7796], [100.9039, 13.7796], [100.9039, 13.7797], [100.9039, 13.7798], [100.9039, 13.7798], [100.904, 13.7799], [100.904, 13.78], [100.9041, 13.78], [100.9041, 13.7801], [100.9041, 13.7801], [100.9041, 13.7802], [100.9042, 13.7803], [100.9042, 13.7803], [100.9042, 13.7803], [100.9043, 13.7804], [100.9043, 13.7805], [100.9043, 13.7805], [100.9043, 13.7806], [100.9044, 13.7806], [100.9044, 13.7807], [100.9045, 13.7809], [100.9046, 13.7809], [100.9047, 13.781], [100.9048, 13.7812], [100.9049, 13.7814], [100.9049, 13.7816], [100.905, 13.7818], [100.9052, 13.782], [100.9053, 13.7822], [100.9054, 13.7824], [100.9055, 13.7826], [100.9055, 13.7827], [100.9055, 13.7827], [100.9056, 13.7827], [100.9056, 13.7827], [100.9056, 13.7828], [100.9056, 13.7828], [100.9056, 13.7828], [100.9056, 13.7828], [100.9057, 13.7829], [100.9057, 13.7829], [100.9057, 13.7829], [100.9058, 13.7829], [100.9058, 13.783], [100.9058, 13.783], [100.9058, 13.783], [100.9058, 13.783], [100.9058, 13.7831], [100.9058, 13.7831], [100.9058, 13.7831], [100.9058, 13.7832], [100.9059, 13.7832], [100.9059, 13.7832], [100.9059, 13.7833], [100.9059, 13.7833], [100.9059, 13.7833], [100.9059, 13.7833], [100.9059, 13.7833], [100.9059, 13.7834], [100.9059, 13.7834], [100.906, 13.7834], [100.906, 13.7834], [100.906, 13.7835], [100.906, 13.7835], [100.906, 13.7835], [100.906, 13.7835], [100.906, 13.7836], [100.9061, 13.7836], [100.9061, 13.7836], [100.9061, 13.7836], [100.9061, 13.7837], [100.9061, 13.7837], [100.9062, 13.7838], [100.9062, 13.7838], [100.9062, 13.7838], [100.9062, 13.7838], [100.9063, 13.7838], [100.9063, 13.7839], [100.9063, 13.7839], [100.9063, 13.7839], [100.9063, 13.7839], [100.9063, 13.784], [100.9063, 13.784], [100.9063, 13.784], [100.9063, 13.7841], [100.9064, 13.7841], [100.9064, 13.7841], [100.9064, 13.7841], [100.9064, 13.7842], [100.9064, 13.7842], [100.9064, 13.7842], [100.9065, 13.7842], [100.9065, 13.7843], [100.9065, 13.7843], [100.9065, 13.7843], [100.9066, 13.7843], [100.9066, 13.7844], [100.9066, 13.7844], [100.9066, 13.7845], [100.9066, 13.7845], [100.9066, 13.7845], [100.9066, 13.7846], [100.9066, 13.7846], [100.9067, 13.7846], [100.9067, 13.7846], [100.9067, 13.7847], [100.9067, 13.7847], [100.9068, 13.7848], [100.9068, 13.7848], [100.9068, 13.7848], [100.9068, 13.7848], [100.9068, 13.7849], [100.9068, 13.7849], [100.9068, 13.7849], [100.9068, 13.7849], [100.9069, 13.785], [100.9069, 13.785], [100.9069, 13.7851], [100.9069, 13.7851], [100.9069, 13.7851], [100.9069, 13.7851], [100.9069, 13.7852], [100.907, 13.7852], [100.907, 13.7852], [100.907, 13.7852], [100.907, 13.7853], [100.907, 13.7853], [100.907, 13.7853], [100.907, 13.7853], [100.907, 13.7854], [100.9071, 13.7856], [100.9072, 13.7856], [100.9072, 13.7856], [100.9072, 13.7856], [100.9072, 13.7857], [100.9072, 13.7857], [100.9073, 13.7857], [100.9073, 13.7857], [100.9073, 13.7858], [100.9073, 13.7858], [100.9073, 13.7858], [100.9074, 13.7859], [100.9074, 13.7859], [100.9074, 13.7859], [100.9074, 13.786], [100.9074, 13.786], [100.9074, 13.786], [100.9074, 13.786], [100.9074, 13.7861], [100.9074, 13.7861], [100.9074, 13.7861], [100.9074, 13.7862], [100.9075, 13.7862], [100.9075, 13.7862], [100.9075, 13.7863], [100.9075, 13.7863], [100.9075, 13.7863], [100.9075, 13.7864], [100.9076, 13.7864], [100.9076, 13.7864], [100.9076, 13.7865], [100.9076, 13.7865], [100.9077, 13.7866], [100.9077, 13.7866], [100.9077, 13.7866], [100.9077, 13.7867], [100.9077, 13.7867], [100.9077, 13.7867], [100.9078, 13.7868], [100.9078, 13.7868], [100.9078, 13.7869], [100.9078, 13.7869], [100.9078, 13.7869], [100.9078, 13.7869], [100.9078, 13.7869], [100.9079, 13.7869], [100.9079, 13.7869], [100.9079, 13.787], [100.9079, 13.787], [100.9079, 13.787], [100.9079, 13.787], [100.9079, 13.787], [100.9079, 13.787], [100.9079, 13.787], [100.9079, 13.787], [100.9079, 13.7871], [100.908, 13.7871], [100.908, 13.7871], [100.908, 13.7871], [100.908, 13.7871], [100.908, 13.7872], [100.908, 13.7872], [100.908, 13.7872], [100.908, 13.7873], [100.9081, 13.7873], [100.9081, 13.7873], [100.9081, 13.7873], [100.9081, 13.7874], [100.9081, 13.7874], [100.9082, 13.7875], [100.9082, 13.7875], [100.9082, 13.7875], [100.9082, 13.7875], [100.9082, 13.7875], [100.9082, 13.7875], [100.9082, 13.7875], [100.9082, 13.7876], [100.9083, 13.7877], [100.9084, 13.7878], [100.9084, 13.7878], [100.9084, 13.7878], [100.9084, 13.7879], [100.9084, 13.7879], [100.9084, 13.7879], [100.9085, 13.7879], [100.9085, 13.788], [100.9085, 13.788], [100.9085, 13.788], [100.9085, 13.788], [100.9085, 13.7881], [100.9085, 13.7881], [100.9085, 13.7881], [100.9086, 13.7881], [100.9086, 13.7883], [100.9087, 13.7884], [100.9088, 13.7885], [100.9088, 13.7885], [100.9088, 13.7885], [100.9088, 13.7885], [100.9088, 13.7885], [100.9089, 13.7885], [100.9089, 13.7885], [100.9089, 13.7886], [100.9089, 13.7886], [100.9089, 13.7886], [100.9089, 13.7886], [100.9089, 13.7887], [100.9089, 13.7887], [100.9089, 13.7887], [100.909, 13.7888], [100.909, 13.7888], [100.909, 13.7889], [100.9091, 13.789], [100.9092, 13.7891], [100.9092, 13.7892], [100.9092, 13.7892], [100.9093, 13.7893], [100.9093, 13.7893], [100.9093, 13.7893], [100.9093, 13.7893], [100.9093, 13.7894], [100.9094, 13.7894], [100.9094, 13.7895], [100.9094, 13.7895], [100.9094, 13.7895], [100.9094, 13.7896], [100.9095, 13.7896], [100.9095, 13.7896], [100.9095, 13.7897], [100.9095, 13.7897], [100.9096, 13.7897], [100.9096, 13.7898], [100.9096, 13.7898], [100.9096, 13.7898], [100.9096, 13.7898], [100.9096, 13.7899], [100.9096, 13.7899], [100.9096, 13.7899], [100.9096, 13.7899], [100.9096, 13.79], [100.9097, 13.79], [100.9097, 13.7901], [100.9097, 13.7901], [100.9097, 13.7902], [100.9098, 13.7902], [100.9098, 13.7902], [100.9098, 13.7902], [100.9098, 13.7903], [100.9098, 13.7903], [100.9099, 13.7903], [100.9099, 13.7904], [100.9099, 13.7904], [100.91, 13.7904], [100.91, 13.7905], [100.9101, 13.7905], [100.9101, 13.7906], [100.9102, 13.7906], [100.9102, 13.7906], [100.9103, 13.7907], [100.9103, 13.7907], [100.9104, 13.7908], [100.9104, 13.7908], [100.9105, 13.7908], [100.9105, 13.7908], [100.9106, 13.7909], [100.9106, 13.7909], [100.9107, 13.7909], [100.9107, 13.7909], [100.9107, 13.791], [100.9108, 13.791], [100.9108, 13.791], [100.9109, 13.7911], [100.9109, 13.7911], [100.911, 13.7911], [100.911, 13.7911], [100.9111, 13.7912], [100.9111, 13.7912], [100.9111, 13.7912], [100.9111, 13.7912], [100.9111, 13.7912], [100.9112, 13.7912], [100.9112, 13.7912], [100.9112, 13.7912], [100.9113, 13.7913], [100.9113, 13.7913], [100.9114, 13.7914], [100.9115, 13.7914], [100.9115, 13.7915], [100.9116, 13.7915], [100.9116, 13.7915], [100.9116, 13.7915], [100.9116, 13.7915], [100.9116, 13.7915], [100.9116, 13.7915], [100.9117, 13.7915], [100.9117, 13.7915], [100.9117, 13.7915], [100.9117, 13.7915], [100.9118, 13.7916], [100.9118, 13.7916], [100.9118, 13.7916], [100.9118, 13.7916], [100.9119, 13.7916], [100.9119, 13.7916], [100.912, 13.7917], [100.912, 13.7917], [100.9121, 13.7917], [100.9121, 13.7917], [100.9121, 13.7917], [100.9122, 13.7918], [100.9122, 13.7918], [100.9123, 13.7918], [100.9123, 13.7919], [100.9124, 13.7919], [100.9125, 13.7919], [100.9126, 13.792], [100.9127, 13.7921], [100.9128, 13.7921], [100.9128, 13.7921], [100.9129, 13.7922], [100.9129, 13.7922], [100.9129, 13.7922], [100.913, 13.7923], [100.913, 13.7923], [100.9131, 13.7923], [100.9131, 13.7923], [100.9131, 13.7923], [100.9131, 13.7923], [100.9131, 13.7923], [100.9132, 13.7924], [100.9132, 13.7924], [100.9132, 13.7924], [100.9132, 13.7924], [100.9132, 13.7924], [100.9133, 13.7924], [100.9133, 13.7924], [100.9133, 13.7924], [100.9133, 13.7924], [100.9134, 13.7924], [100.9134, 13.7925], [100.9134, 13.7925], [100.9134, 13.7925], [100.9135, 13.7925], [100.9135, 13.7925], [100.9135, 13.7925], [100.9136, 13.7925], [100.9136, 13.7926], [100.9136, 13.7926], [100.9136, 13.7926], [100.9136, 13.7926], [100.9137, 13.7926], [100.9137, 13.7926], [100.9137, 13.7926], [100.9138, 13.7927], [100.9138, 13.7927], [100.9138, 13.7927], [100.9139, 13.7927], [100.9139, 13.7927], [100.9139, 13.7928], [100.9139, 13.7928], [100.914, 13.7928], [100.914, 13.7928], [100.914, 13.7929], [100.914, 13.7929], [100.9141, 13.7929], [100.9141, 13.7929], [100.9141, 13.7929], [100.9142, 13.7929], [100.9142, 13.793], [100.9142, 13.793], [100.9143, 13.793], [100.9143, 13.793], [100.9144, 13.7931], [100.9144, 13.7931], [100.9144, 13.7931], [100.9144, 13.7931], [100.9145, 13.7931], [100.9145, 13.7931], [100.9145, 13.7932], [100.9145, 13.7932], [100.9146, 13.7932], [100.9147, 13.7932], [100.9147, 13.7933], [100.9148, 13.7933], [100.9148, 13.7933], [100.9148, 13.7934], [100.9149, 13.7934], [100.9149, 13.7934], [100.9149, 13.7934], [100.9149, 13.7934], [100.915, 13.7934], [100.915, 13.7934], [100.915, 13.7934], [100.9151, 13.7934], [100.9151, 13.7934], [100.9151, 13.7934], [100.9151, 13.7935], [100.9152, 13.7935], [100.9152, 13.7935], [100.9152, 13.7935], [100.9153, 13.7935], [100.9153, 13.7935], [100.9153, 13.7935], [100.9153, 13.7935], [100.9154, 13.7936], [100.9155, 13.7936], [100.9155, 13.7937], [100.9156, 13.7937], [100.9156, 13.7937], [100.9157, 13.7937], [100.9157, 13.7937], [100.9157, 13.7938], [100.9158, 13.7938], [100.9158, 13.7938], [100.9158, 13.7938], [100.9158, 13.7938], [100.9158, 13.7938], [100.9159, 13.7939], [100.916, 13.7939], [100.916, 13.7939], [100.916, 13.7939], [100.916, 13.7939], [100.9161, 13.7939], [100.9161, 13.7939], [100.9161, 13.7939], [100.9162, 13.794], [100.9162, 13.794], [100.9162, 13.794], [100.9162, 13.794], [100.9162, 13.794], [100.9163, 13.7941], [100.9163, 13.7941], [100.9164, 13.7942], [100.9164, 13.7942], [100.9165, 13.7942], [100.9165, 13.7942], [100.9165, 13.7942], [100.9166, 13.7943], [100.9166, 13.7943], [100.9166, 13.7943], [100.9166, 13.7943], [100.9167, 13.7943], [100.9167, 13.7944], [100.9168, 13.7944], [100.9168, 13.7944], [100.9169, 13.7944], [100.9169, 13.7944], [100.917, 13.7945], [100.917, 13.7945], [100.917, 13.7945], [100.917, 13.7945], [100.9171, 13.7945], [100.9171, 13.7945], [100.9172, 13.7945], [100.9172, 13.7945], [100.9172, 13.7946], [100.9172, 13.7946], [100.9172, 13.7946], [100.9173, 13.7946], [100.9173, 13.7946], [100.9173, 13.7946], [100.9173, 13.7947], [100.9174, 13.7947], [100.9174, 13.7947], [100.9174, 13.7948], [100.9175, 13.7948], [100.9175, 13.7948], [100.9176, 13.7948], [100.9176, 13.7949], [100.9177, 13.7949], [100.9178, 13.7949], [100.9178, 13.795], [100.9178, 13.795], [100.9179, 13.795], [100.9179, 13.795], [100.918, 13.7951], [100.9181, 13.7951], [100.9181, 13.7951], [100.9182, 13.7952], [100.9183, 13.7952], [100.9183, 13.7953], [100.9184, 13.7953], [100.9185, 13.7953], [100.9185, 13.7954], [100.9185, 13.7954], [100.9186, 13.7955], [100.9186, 13.7955], [100.9186, 13.7955], [100.9187, 13.7955], [100.9187, 13.7955], [100.9188, 13.7956], [100.9188, 13.7956], [100.9189, 13.7956], [100.9189, 13.7956], [100.919, 13.7957], [100.919, 13.7957], [100.919, 13.7957], [100.919, 13.7957], [100.9191, 13.7958], [100.9191, 13.7958], [100.9192, 13.7958], [100.9192, 13.7958], [100.9193, 13.7958], [100.9193, 13.7959], [100.9194, 13.7959], [100.9194, 13.7959], [100.9195, 13.7959], [100.9195, 13.796], [100.9196, 13.796], [100.9196, 13.796], [100.9196, 13.7961], [100.9196, 13.7961], [100.9197, 13.7961], [100.9197, 13.7961], [100.9198, 13.7961], [100.9198, 13.7961], [100.9198, 13.7962], [100.9199, 13.7962], [100.9199, 13.7962], [100.9199, 13.7962], [100.92, 13.7962], [100.92, 13.7962], [100.92, 13.7963], [100.92, 13.7963], [100.9201, 13.7963], [100.9201, 13.7963], [100.9201, 13.7963], [100.9202, 13.7964], [100.9202, 13.7964], [100.9202, 13.7964], [100.9202, 13.7964], [100.9203, 13.7964], [100.9203, 13.7964], [100.9203, 13.7965], [100.9204, 13.7965], [100.9204, 13.7965], [100.9205, 13.7965], [100.9205, 13.7966], [100.9205, 13.7966], [100.9206, 13.7966], [100.9206, 13.7966], [100.9206, 13.7966], [100.9206, 13.7967], [100.9206, 13.7967], [100.9206, 13.7967], [100.9207, 13.7967], [100.9207, 13.7967], [100.9207, 13.7967], [100.9207, 13.7968], [100.9207, 13.7968], [100.9207, 13.7968], [100.9208, 13.7968], [100.9208, 13.7968], [100.9208, 13.7968], [100.9208, 13.7968], [100.9209, 13.7968], [100.9209, 13.7968], [100.921, 13.7969], [100.921, 13.7969], [100.921, 13.7969], [100.9211, 13.797], [100.9211, 13.797], [100.9212, 13.797], [100.9212, 13.797], [100.9212, 13.7971], [100.9212, 13.7971], [100.9213, 13.7971], [100.9213, 13.7971], [100.9213, 13.7971], [100.9213, 13.7971], [100.9214, 13.7971], [100.9214, 13.7971], [100.9214, 13.7971], [100.9215, 13.7972], [100.9215, 13.7972], [100.9216, 13.7972], [100.9216, 13.7972], [100.9217, 13.7973], [100.9218, 13.7973], [100.9218, 13.7974], [100.9219, 13.7974], [100.9219, 13.7974], [100.9219, 13.7975], [100.922, 13.7975], [100.922, 13.7975], [100.9221, 13.7975], [100.9221, 13.7976], [100.9222, 13.7976], [100.9222, 13.7977], [100.9223, 13.7977], [100.9223, 13.7977], [100.9224, 13.7977], [100.9224, 13.7977], [100.9225, 13.7978], [100.9226, 13.7978], [100.9226, 13.7979], [100.9227, 13.7979], [100.9227, 13.7979], [100.9228, 13.798], [100.9228, 13.798], [100.9229, 13.798], [100.9229, 13.798], [100.923, 13.798], [100.923, 13.7981], [100.923, 13.7981], [100.923, 13.7981], [100.9231, 13.7981], [100.9231, 13.7982], [100.9231, 13.7982], [100.9232, 13.7982], [100.9232, 13.7982], [100.9233, 13.7983], [100.9233, 13.7983], [100.9234, 13.7983], [100.9234, 13.7983], [100.9235, 13.7984], [100.9235, 13.7984], [100.9235, 13.7984], [100.9236, 13.7984], [100.9236, 13.7984], [100.9236, 13.7985], [100.9236, 13.7985], [100.9236, 13.7985], [100.9237, 13.7985], [100.9237, 13.7985], [100.9238, 13.7986], [100.9239, 13.7986], [100.924, 13.7987], [100.924, 13.7987], [100.9241, 13.7988], [100.9241, 13.7988], [100.9241, 13.7988], [100.9242, 13.7988], [100.9242, 13.7988], [100.9242, 13.7988], [100.9242, 13.7989], [100.9243, 13.7989], [100.9243, 13.7989], [100.9243, 13.7989], [100.9244, 13.7989], [100.9244, 13.7989], [100.9244, 13.7989], [100.9244, 13.7989], [100.9245, 13.799], [100.9245, 13.799], [100.9246, 13.799], [100.9246, 13.7991], [100.9247, 13.7991], [100.9247, 13.7992], [100.9247, 13.7992], [100.9248, 13.7992], [100.9248, 13.7992], [100.9249, 13.7993], [100.9249, 13.7993], [100.9249, 13.7993], [100.9249, 13.7993], [100.925, 13.7993], [100.925, 13.7993], [100.925, 13.7993], [100.9251, 13.7994], [100.9251, 13.7994], [100.9252, 13.7994], [100.9252, 13.7994], [100.9252, 13.7994], [100.9253, 13.7995], [100.9253, 13.7995], [100.9253, 13.7995], [100.9254, 13.7995], [100.9254, 13.7996], [100.9255, 13.7996], [100.9255, 13.7996], [100.9255, 13.7996], [100.9256, 13.7997], [100.9256, 13.7997], [100.9257, 13.7997], [100.9257, 13.7997], [100.9257, 13.7997], [100.9257, 13.7998], [100.9258, 13.7998], [100.9258, 13.7998], [100.9258, 13.7998], [100.9258, 13.7998], [100.9258, 13.7998], [100.926, 13.7999], [100.9261, 13.7999], [100.9261, 13.7999], [100.9262, 13.7999], [100.9262, 13.7999], [100.9262, 13.7999], [100.9262, 13.7999], [100.9263, 13.8], [100.9263, 13.8], [100.9263, 13.8], [100.9263, 13.8], [100.9263, 13.8], [100.9264, 13.8], [100.9264, 13.8], [100.9264, 13.8], [100.9264, 13.8001], [100.9264, 13.8001], [100.9264, 13.8001], [100.9266, 13.8002], [100.9273, 13.8006], [100.9273, 13.8006], [100.9274, 13.8006], [100.9274, 13.8007], [100.9274, 13.8006], [100.9275, 13.8006], [100.9275, 13.8006], [100.9275, 13.8006], [100.9276, 13.8007], [100.9276, 13.8007], [100.9277, 13.8007], [100.9277, 13.8008], [100.9278, 13.8008], [100.9279, 13.8008], [100.9279, 13.8008], [100.928, 13.8008], [100.928, 13.8009], [100.9281, 13.8009], [100.9281, 13.801], [100.9281, 13.801], [100.9282, 13.801], [100.9282, 13.801], [100.9282, 13.801], [100.9282, 13.8011], [100.9283, 13.8011], [100.9283, 13.8011], [100.9283, 13.8011], [100.9283, 13.8011], [100.9284, 13.8011], [100.9284, 13.8012], [100.9284, 13.8012], [100.9284, 13.8012], [100.9285, 13.8012], [100.9285, 13.8012], [100.9286, 13.8013], [100.9287, 13.8015], [100.9288, 13.8016], [100.9289, 13.8016], [100.9289, 13.8017], [100.9289, 13.8017], [100.9289, 13.8017], [100.9289, 13.8016], [100.9289, 13.8017], [100.929, 13.8017], [100.929, 13.8017], [100.9291, 13.8019], [100.9291, 13.8019], [100.9292, 13.802], [100.9292, 13.802], [100.9292, 13.802], [100.9292, 13.8021], [100.9292, 13.8021], [100.9293, 13.8022], [100.9293, 13.8022], [100.9294, 13.8024], [100.9294, 13.8025], [100.9294, 13.8025], [100.9294, 13.8025], [100.9294, 13.8025], [100.9294, 13.8025], [100.9295, 13.8026], [100.9295, 13.8026], [100.9295, 13.8026], [100.9295, 13.8026], [100.9295, 13.8026], [100.9296, 13.8027], [100.9297, 13.8028], [100.9297, 13.8029], [100.9297, 13.803], [100.9298, 13.803], [100.9298, 13.803], [100.9299, 13.803], [100.9299, 13.8031], [100.93, 13.8031], [100.9303, 13.8035], [100.9305, 13.8039], [100.931, 13.8045], [100.9313, 13.805], [100.9316, 13.8054], [100.9319, 13.8058], [100.9321, 13.8061], [100.9323, 13.8063], [100.9324, 13.8064], [100.9324, 13.8065], [100.9328, 13.807], [100.9333, 13.8076], [100.9335, 13.8079], [100.9338, 13.8083], [100.9339, 13.8084], [100.9339, 13.8084], [100.934, 13.8084], [100.934, 13.8084], [100.934, 13.8085], [100.9342, 13.8088], [100.9344, 13.8091], [100.9348, 13.8095], [100.9351, 13.8099], [100.9353, 13.8101], [100.9356, 13.8105], [100.9357, 13.8107], [100.9359, 13.8109], [100.936, 13.811], [100.936, 13.8111], [100.936, 13.8111], [100.936, 13.8111], [100.9361, 13.8112], [100.9361, 13.8112], [100.9361, 13.8112], [100.9361, 13.8112], [100.9361, 13.8112], [100.9362, 13.8113], [100.9362, 13.8114], [100.9362, 13.8114], [100.9363, 13.8114], [100.9363, 13.8115], [100.9363, 13.8115], [100.9364, 13.8116], [100.9365, 13.8117], [100.9365, 13.8117], [100.9365, 13.8117], [100.9365, 13.8117], [100.9365, 13.8118], [100.9365, 13.8118], [100.9366, 13.8118], [100.9366, 13.8118], [100.9366, 13.8119], [100.9367, 13.812], [100.9368, 13.8121], [100.9368, 13.8121], [100.9368, 13.8122], [100.9368, 13.8122], [100.9369, 13.8122], [100.9369, 13.8123], [100.9369, 13.8123], [100.9369, 13.8123], [100.9369, 13.8123], [100.9369, 13.8124], [100.937, 13.8125], [100.937, 13.8125], [100.9371, 13.8125], [100.9371, 13.8125], [100.9372, 13.8126], [100.9372, 13.8126], [100.9372, 13.8127], [100.9373, 13.8128], [100.9375, 13.813], [100.9376, 13.8131], [100.9378, 13.8134], [100.9381, 13.8137], [100.9382, 13.8139], [100.9383, 13.8139], [100.9384, 13.814], [100.9385, 13.8142], [100.9386, 13.8142], [100.9386, 13.8144], [100.9386, 13.8144], [100.9383, 13.8146], [100.938, 13.8149], [100.9377, 13.8152], [100.9373, 13.8155], [100.937, 13.8157], [100.9368, 13.8159], [100.9366, 13.816], [100.9365, 13.8161], [100.9363, 13.8162], [100.9362, 13.8163], [100.9362, 13.8163], [100.9361, 13.8164], [100.936, 13.8164], [100.9359, 13.8165], [100.9358, 13.8165], [100.9358, 13.8166], [100.9357, 13.8167], [100.9356, 13.8167], [100.9355, 13.8168], [100.9351, 13.8171], [100.9348, 13.8174], [100.9341, 13.818], [100.9339, 13.8181], [100.9337, 13.8183], [100.9334, 13.8184], [100.9331, 13.8187], [100.933, 13.8188], [100.9328, 13.8189], [100.9326, 13.819], [100.9325, 13.8191], [100.9324, 13.8192], [100.9322, 13.8193], [100.932, 13.8195], [100.9315, 13.8199], [100.931, 13.8203], [100.9306, 13.8206], [100.9302, 13.821], [100.9297, 13.8213], [100.9294, 13.8215], [100.9292, 13.8216], [100.9291, 13.8217], [100.9289, 13.8218], [100.9287, 13.8221], [100.9285, 13.8222], [100.9283, 13.8223], [100.9281, 13.8225], [100.928, 13.8226], [100.9278, 13.8227], [100.9278, 13.8228], [100.9276, 13.8229], [100.9275, 13.823], [100.9274, 13.8231], [100.9272, 13.8233], [100.927, 13.8234], [100.9269, 13.8235], [100.9268, 13.8236], [100.9266, 13.8237], [100.9259, 13.8242], [100.9256, 13.8244], [100.9253, 13.8247], [100.9244, 13.8254], [100.9243, 13.8254], [100.9243, 13.8255], [100.9235, 13.8261], [100.9226, 13.8268], [100.9219, 13.8273], [100.9215, 13.8277], [100.9212, 13.8278], [100.9211, 13.828], [100.9209, 13.8281], [100.9202, 13.8286], [100.92, 13.8287], [100.9199, 13.8288], [100.9198, 13.8289], [100.9198, 13.829], [100.9197, 13.829], [100.9195, 13.8291], [100.9194, 13.8292], [100.9192, 13.8294], [100.9191, 13.8295], [100.919, 13.8296], [100.9189, 13.8297], [100.9187, 13.8298], [100.9187, 13.8298], [100.9186, 13.8299], [100.9185, 13.8299], [100.9182, 13.8302], [100.918, 13.8303], [100.918, 13.8304], [100.9179, 13.8304], [100.9179, 13.8304], [100.9178, 13.8304], [100.9174, 13.8308], [100.9174, 13.8308], [100.9174, 13.8309], [100.9173, 13.8309], [100.9172, 13.8309], [100.9171, 13.831], [100.9169, 13.8313], [100.9168, 13.8314], [100.9167, 13.8314], [100.9166, 13.8315], [100.9166, 13.8315], [100.9165, 13.8316], [100.9165, 13.8316], [100.9164, 13.8316], [100.9163, 13.8317], [100.9163, 13.8317], [100.916, 13.8318], [100.9159, 13.832], [100.9158, 13.8321], [100.9157, 13.8322], [100.9156, 13.8322], [100.9155, 13.8323], [100.9154, 13.8324], [100.915, 13.8327], [100.9146, 13.833], [100.9143, 13.8332], [100.9142, 13.8333], [100.9138, 13.8336], [100.9134, 13.834], [100.9131, 13.8342], [100.9127, 13.8345], [100.9122, 13.8349], [100.9121, 13.835], [100.9118, 13.8351], [100.9116, 13.8353], [100.9112, 13.8355], [100.9111, 13.8357], [100.911, 13.8357], [100.9108, 13.8359], [100.9106, 13.8361], [100.9104, 13.8363], [100.9102, 13.8364], [100.9101, 13.8365], [100.9099, 13.8366], [100.9097, 13.8368], [100.9095, 13.837], [100.9094, 13.837], [100.9093, 13.837], [100.9092, 13.8371], [100.9091, 13.8372], [100.9089, 13.8373], [100.9088, 13.8374], [100.9085, 13.8376], [100.9084, 13.8377], [100.9083, 13.8378], [100.9081, 13.8379], [100.9079, 13.8381], [100.9079, 13.8382], [100.9079, 13.8382], [100.908, 13.8384], [100.9081, 13.8385], [100.9081, 13.8386], [100.9082, 13.8387], [100.9082, 13.8388], [100.9082, 13.8388], [100.9083, 13.8388], [100.9082, 13.8389], [100.9083, 13.839], [100.9083, 13.8391], [100.9083, 13.8392], [100.9084, 13.8393], [100.9084, 13.8393], [100.9084, 13.8394], [100.9084, 13.8394], [100.9085, 13.8395], [100.9085, 13.8396], [100.9086, 13.8398], [100.9086, 13.8399], [100.9087, 13.8401], [100.9089, 13.8406], [100.909, 13.8409], [100.909, 13.841], [100.9091, 13.8412], [100.9091, 13.8413], [100.9092, 13.8413], [100.9092, 13.8413], [100.9092, 13.8414], [100.9092, 13.8414], [100.9093, 13.8415], [100.9094, 13.8416], [100.9094, 13.8417], [100.9096, 13.8419], [100.9096, 13.842], [100.9097, 13.8421], [100.9097, 13.8422], [100.9099, 13.8424], [100.9099, 13.8425], [100.9102, 13.8429], [100.9103, 13.843], [100.9105, 13.8432], [100.9106, 13.8434], [100.9107, 13.8435], [100.9111, 13.8439], [100.9112, 13.844], [100.9112, 13.8441], [100.9113, 13.8442], [100.9114, 13.8443], [100.9118, 13.8448], [100.9118, 13.8448], [100.9119, 13.8449], [100.9119, 13.845], [100.912, 13.8452], [100.912, 13.8453], [100.9121, 13.8455], [100.9122, 13.8457], [100.9122, 13.8458], [100.9123, 13.8458], [100.9123, 13.8458], [100.9124, 13.846], [100.9125, 13.8461], [100.9126, 13.8463], [100.9127, 13.8466], [100.9128, 13.8467], [100.9129, 13.8469], [100.9128, 13.8469], [100.9125, 13.847], [100.9124, 13.847], [100.9123, 13.8469], [100.9123, 13.8469], [100.9122, 13.847], [100.9118, 13.847], [100.9117, 13.8471], [100.9115, 13.8471], [100.9114, 13.8471], [100.9113, 13.8471], [100.9112, 13.8472], [100.911, 13.8472], [100.9109, 13.8472], [100.9106, 13.8473], [100.9104, 13.8474], [100.9103, 13.8474], [100.9101, 13.8474], [100.91, 13.8474], [100.9099, 13.8474], [100.9098, 13.8475], [100.9097, 13.8475], [100.9095, 13.8475], [100.9094, 13.8475], [100.9092, 13.8475], [100.9092, 13.8476], [100.9091, 13.8476], [100.909, 13.8476], [100.9089, 13.8476], [100.9087, 13.8477], [100.9085, 13.8477], [100.9082, 13.8478], [100.908, 13.8478], [100.9079, 13.8478], [100.9077, 13.8479], [100.9076, 13.8479], [100.9075, 13.8479], [100.9074, 13.8479], [100.9071, 13.848], [100.9068, 13.848], [100.9066, 13.8481], [100.9064, 13.8481], [100.9063, 13.8482], [100.9062, 13.8482], [100.9061, 13.8482], [100.9059, 13.8482], [100.9058, 13.8482], [100.9057, 13.8482], [100.9056, 13.8483], [100.9054, 13.8483], [100.9052, 13.8483], [100.9048, 13.8484], [100.9045, 13.8484], [100.9041, 13.8485], [100.9039, 13.8486], [100.9037, 13.8486], [100.9034, 13.8486], [100.9032, 13.8487], [100.9028, 13.8488], [100.9024, 13.8489], [100.9023, 13.8489], [100.9023, 13.849], [100.9024, 13.8492], [100.9025, 13.8493], [100.9025, 13.8495], [100.9026, 13.8498], [100.9026, 13.8501], [100.9026, 13.8504], [100.9028, 13.8509], [100.9028, 13.8509], [100.9028, 13.8509], [100.9028, 13.8509], [100.9027, 13.851], [100.9027, 13.851], [100.9027, 13.851], [100.9027, 13.8511], [100.9028, 13.8511], [100.9028, 13.8511], [100.9028, 13.8512], [100.9028, 13.8512], [100.9029, 13.8512], [100.9029, 13.8512], [100.9029, 13.8513], [100.9029, 13.8514], [100.9029, 13.8516], [100.9029, 13.8516], [100.903, 13.8517], [100.903, 13.8519], [100.903, 13.852], [100.903, 13.8522], [100.9031, 13.8525], [100.9032, 13.8529], [100.9033, 13.8531], [100.9034, 13.8536], [100.9035, 13.854], [100.9035, 13.8543], [100.9036, 13.8546], [100.9036, 13.8549], [100.9038, 13.8554], [100.9038, 13.8554], [100.9039, 13.8558], [100.9039, 13.8558], [100.904, 13.856], [100.9042, 13.8568], [100.9044, 13.8575], [100.9045, 13.8581], [100.9046, 13.8586], [100.9047, 13.8587], [100.9047, 13.8588], [100.9048, 13.8588], [100.9048, 13.8588], [100.9049, 13.8589], [100.905, 13.8589], [100.9052, 13.8589], [100.9053, 13.8589], [100.9053, 13.8589], [100.9054, 13.859], [100.9055, 13.859], [100.9056, 13.8592], [100.9056, 13.8593], [100.9057, 13.8594], [100.9058, 13.8596], [100.9059, 13.8598], [100.9059, 13.8599], [100.9059, 13.8599], [100.906, 13.86], [100.906, 13.86], [100.9061, 13.86], [100.9062, 13.8601], [100.9062, 13.8602], [100.9063, 13.8602], [100.9063, 13.8603], [100.9064, 13.8604], [100.9064, 13.8604], [100.9064, 13.8605], [100.9064, 13.8611], [100.9064, 13.8613], [100.9064, 13.8613], [100.9064, 13.8614], [100.9064, 13.8614], [100.9064, 13.8615], [100.9064, 13.8615], [100.9064, 13.8616], [100.9064, 13.8617], [100.9064, 13.8617], [100.9064, 13.8618], [100.9064, 13.8618], [100.9064, 13.862], [100.9064, 13.8622], [100.9064, 13.8624], [100.9064, 13.863], [100.9064, 13.8632], [100.9064, 13.8636], [100.9064, 13.8638], [100.9064, 13.8641], [100.9065, 13.8643], [100.9065, 13.8648], [100.9065, 13.8649], [100.9065, 13.8652], [100.9065, 13.8653], [100.9065, 13.8658], [100.9065, 13.8662], [100.9064, 13.8665], [100.9064, 13.8668], [100.9064, 13.8669], [100.9064, 13.8671], [100.9063, 13.8675], [100.9063, 13.8678], [100.9063, 13.8682], [100.9063, 13.8685], [100.9063, 13.8689], [100.9063, 13.8692], [100.9063, 13.8696], [100.9063, 13.8702], [100.9063, 13.8704], [100.9063, 13.8707], [100.9063, 13.8709], [100.9063, 13.8709], [100.9064, 13.871], [100.9064, 13.8711], [100.9064, 13.8712], [100.9064, 13.8714], [100.9063, 13.8716], [100.9063, 13.8718], [100.9063, 13.8719], [100.9063, 13.8721], [100.9063, 13.8722], [100.9063, 13.8723], [100.9063, 13.8725], [100.9063, 13.873], [100.9063, 13.873], [100.9064, 13.8732], [100.9064, 13.8734], [100.9064, 13.8734], [100.9064, 13.8735], [100.9064, 13.8738], [100.9064, 13.8741], [100.9064, 13.8745], [100.9064, 13.8747], [100.9064, 13.8751], [100.9064, 13.8754], [100.9064, 13.8758], [100.9064, 13.8762], [100.9065, 13.8765], [100.9065, 13.8769], [100.9065, 13.8771], [100.9066, 13.8781], [100.9066, 13.8785], [100.9066, 13.8787], [100.9066, 13.8788], [100.9066, 13.8789], [100.9065, 13.8789], [100.9065, 13.879], [100.9065, 13.8792], [100.9065, 13.8793], [100.9065, 13.8793], [100.9065, 13.8794], [100.9065, 13.8794], [100.9066, 13.8795], [100.9066, 13.8795], [100.9065, 13.8795], [100.9066, 13.8796], [100.9066, 13.8798], [100.9065, 13.8798], [100.9065, 13.8799], [100.9065, 13.88], [100.9065, 13.88], [100.9065, 13.88], [100.9065, 13.8801], [100.9065, 13.8801], [100.9065, 13.8802], [100.9065, 13.8802], [100.9065, 13.8803], [100.9066, 13.8804], [100.9066, 13.8805], [100.9066, 13.8806], [100.9066, 13.8807], [100.9066, 13.8807], [100.9066, 13.8808], [100.9066, 13.8809], [100.9066, 13.881], [100.9066, 13.8811], [100.9066, 13.8812], [100.9066, 13.8813], [100.9066, 13.8815], [100.9066, 13.8816], [100.9067, 13.8818], [100.9067, 13.8819], [100.9067, 13.8821], [100.9067, 13.8824], [100.9067, 13.8827], [100.9067, 13.8828], [100.9067, 13.883], [100.9067, 13.883], [100.9067, 13.8831], [100.9067, 13.8832], [100.9067, 13.8833], [100.9067, 13.8834], [100.9068, 13.8835], [100.9068, 13.8836], [100.9068, 13.8837], [100.9068, 13.8838], [100.9068, 13.8839], [100.9068, 13.884], [100.9068, 13.8841], [100.9068, 13.8843], [100.9068, 13.8844], [100.9069, 13.8845], [100.9069, 13.8847], [100.9069, 13.8848], [100.9069, 13.8848], [100.9069, 13.8849], [100.9069, 13.8851], [100.907, 13.8853], [100.907, 13.8855], [100.907, 13.8856], [100.907, 13.8858], [100.907, 13.8858], [100.907, 13.8859], [100.907, 13.886], [100.907, 13.886], [100.907, 13.886], [100.907, 13.886], [100.907, 13.8861], [100.9071, 13.8861], [100.9071, 13.8862], [100.9071, 13.8863], [100.9071, 13.8865], [100.9071, 13.8866], [100.9071, 13.8868], [100.9072, 13.8869], [100.9072, 13.887], [100.9072, 13.8871], [100.9072, 13.8872], [100.9072, 13.8875], [100.9072, 13.8877], [100.9072, 13.8879], [100.9073, 13.8881], [100.9073, 13.8882], [100.9073, 13.8884], [100.9073, 13.8885], [100.9074, 13.8885], [100.9074, 13.8886], [100.9074, 13.8887], [100.9074, 13.8888], [100.9074, 13.8889], [100.9074, 13.889], [100.9074, 13.8891], [100.9074, 13.8893], [100.9074, 13.8895], [100.9074, 13.8896], [100.9074, 13.8897], [100.9074, 13.8899], [100.9075, 13.8901], [100.9075, 13.8901], [100.9075, 13.8902], [100.9075, 13.8903], [100.9075, 13.8903], [100.9075, 13.8904], [100.9075, 13.8904], [100.9075, 13.8906], [100.9076, 13.8906], [100.9076, 13.8907], [100.9076, 13.8908], [100.9076, 13.8908], [100.9076, 13.891], [100.9076, 13.8911], [100.9076, 13.8911], [100.9076, 13.8912], [100.9076, 13.8912], [100.9076, 13.8913], [100.9076, 13.8913], [100.9076, 13.8914], [100.9076, 13.8915], [100.9076, 13.8916], [100.9076, 13.8917], [100.9076, 13.8918], [100.9076, 13.8918], [100.9076, 13.8919], [100.9076, 13.8919], [100.9077, 13.892], [100.9077, 13.8921], [100.9077, 13.8922], [100.9077, 13.8923], [100.9077, 13.8924], [100.9077, 13.8926], [100.9077, 13.8928], [100.9078, 13.893], [100.9078, 13.8932], [100.9078, 13.8933], [100.9078, 13.8934], [100.9078, 13.8936], [100.9079, 13.8938], [100.9079, 13.8938], [100.9079, 13.8939], [100.9079, 13.894], [100.9079, 13.8942], [100.9079, 13.8943], [100.9079, 13.8944], [100.9079, 13.8945], [100.9079, 13.8945], [100.9079, 13.8945], [100.9079, 13.8946], [100.9079, 13.8947], [100.9079, 13.8947], [100.9079, 13.8948], [100.9079, 13.8949], [100.9079, 13.8949], [100.908, 13.895], [100.908, 13.8951], [100.908, 13.8951], [100.908, 13.8952], [100.908, 13.8952], [100.908, 13.8953], [100.908, 13.8953], [100.908, 13.8954], [100.908, 13.8954], [100.908, 13.8955], [100.908, 13.8955], [100.908, 13.8955], [100.908, 13.8956], [100.908, 13.8956], [100.908, 13.8957], [100.908, 13.8957], [100.9081, 13.8959], [100.9081, 13.8961], [100.908, 13.8962], [100.908, 13.8962], [100.908, 13.8962], [100.908, 13.8963], [100.9081, 13.8963], [100.9081, 13.8964], [100.908, 13.8965], [100.908, 13.8966]]]}, "properties": {"DISTRICT_N": "หนองจอก", "CODE": 1003, "AREA_BMA": 236.26100159}}, {"type": "Feature", "geometry": {"type": "Polygon", "coordinates": [[[100.6562, 13.7707], [100.656, 13.7709], [100.6554, 13.7718], [100.6553, 13.772], [100.6553, 13.7721], [100.6551, 13.7723], [100.6548, 13.7727], [100.6546, 13.7729], [100.6546, 13.773], [100.6543, 13.7733], [100.6541, 13.7734], [100.654, 13.7735], [100.6539, 13.7736], [100.6539, 13.7737], [100.6538, 13.7738], [100.6537, 13.7738], [100.6537, 13.774], [100.6537, 13.774], [100.6536, 13.7741], [100.6536, 13.7743], [100.6535, 13.7748], [100.6534, 13.7752], [100.6532, 13.7756], [100.6531, 13.7759], [100.6529, 13.7764], [100.6528, 13.7766], [100.6527, 13.777], [100.6524, 13.7774], [100.6522, 13.7778], [100.6518, 13.7784], [100.6516, 13.7788], [100.6513, 13.7792], [100.6511, 13.7796], [100.6509, 13.78], [100.6504, 13.7806], [100.65, 13.7811], [100.6498, 13.7815], [100.6493, 13.7821], [100.6491, 13.7824], [100.6489, 13.7826], [100.6489, 13.7827], [100.6483, 13.7833], [100.648, 13.7837], [100.6477, 13.784], [100.6477, 13.784], [100.6479, 13.7844], [100.648, 13.7845], [100.6482, 13.7847], [100.6481, 13.7848], [100.6481, 13.7848], [100.6479, 13.7848], [100.6476, 13.785], [100.6472, 13.7853], [100.647, 13.7854], [100.6468, 13.7855], [100.6466, 13.7856], [100.6465, 13.7856], [100.6465, 13.7856], [100.6462, 13.7856], [100.6461, 13.7856], [100.646, 13.7857], [100.6457, 13.7857], [100.6455, 13.7858], [100.645, 13.786], [100.6449, 13.7861], [100.6447, 13.7862], [100.6445, 13.7863], [100.6443, 13.7864], [100.6443, 13.7864], [100.6442, 13.7865], [100.6441, 13.7865], [100.6439, 13.7867], [100.6437, 13.7868], [100.6436, 13.7868], [100.6435, 13.7869], [100.6434, 13.7869], [100.6432, 13.7869], [100.643, 13.7869], [100.6428, 13.7869], [100.6427, 13.787], [100.6427, 13.7871], [100.6427, 13.7873], [100.6427, 13.7875], [100.6426, 13.7875], [100.6426, 13.7877], [100.6426, 13.7877], [100.6426, 13.7878], [100.6425, 13.7879], [100.6424, 13.7882], [100.6423, 13.7884], [100.6421, 13.7888], [100.642, 13.7891], [100.642, 13.7893], [100.6419, 13.7893], [100.6419, 13.7894], [100.6419, 13.7894], [100.6419, 13.7894], [100.6418, 13.7897], [100.6418, 13.7897], [100.6418, 13.7898], [100.6417, 13.79], [100.6417, 13.7902], [100.6416, 13.7903], [100.6416, 13.7904], [100.6416, 13.7905], [100.6415, 13.7905], [100.6415, 13.7906], [100.6414, 13.7907], [100.6413, 13.7909], [100.6412, 13.791], [100.6411, 13.7911], [100.6411, 13.7911], [100.6408, 13.7914], [100.6407, 13.7915], [100.6406, 13.7917], [100.6406, 13.7918], [100.6406, 13.7918], [100.6406, 13.7918], [100.6405, 13.7922], [100.6405, 13.7926], [100.6404, 13.7931], [100.6403, 13.7935], [100.6403, 13.7938], [100.6402, 13.794], [100.6402, 13.7944], [100.6401, 13.7946], [100.6401, 13.7947], [100.6401, 13.7947], [100.6401, 13.7948], [100.64, 13.7951], [100.64, 13.7952], [100.64, 13.7954], [100.64, 13.7956], [100.6401, 13.7957], [100.6401, 13.7959], [100.6402, 13.7961], [100.6402, 13.7962], [100.6402, 13.7962], [100.6402, 13.7962], [100.6402, 13.7963], [100.6402, 13.7966], [100.6402, 13.797], [100.6402, 13.7975], [100.6402, 13.798], [100.6402, 13.7984], [100.6401, 13.7987], [100.6401, 13.7991], [100.64, 13.7995], [100.64, 13.7997], [100.6399, 13.7999], [100.6397, 13.8006], [100.6396, 13.8011], [100.6395, 13.8017], [100.6395, 13.8022], [100.6395, 13.8027], [100.6394, 13.8032], [100.6394, 13.8037], [100.6393, 13.8039], [100.6392, 13.8043], [100.6392, 13.8044], [100.639, 13.8044], [100.6389, 13.8045], [100.6388, 13.8045], [100.6386, 13.8046], [100.6386, 13.8046], [100.6385, 13.8047], [100.6384, 13.8048], [100.6382, 13.805], [100.6381, 13.8052], [100.6379, 13.8054], [100.6378, 13.8055], [100.6378, 13.8055], [100.6378, 13.8056], [100.6377, 13.8057], [100.6376, 13.8058], [100.6376, 13.8059], [100.6375, 13.806], [100.6373, 13.8062], [100.6372, 13.8064], [100.6369, 13.8068], [100.6367, 13.807], [100.6366, 13.8071], [100.6366, 13.8072], [100.6365, 13.8073], [100.6363, 13.8074], [100.6362, 13.8075], [100.6361, 13.8076], [100.6358, 13.8078], [100.6357, 13.8079], [100.6355, 13.808], [100.6352, 13.8083], [100.635, 13.8084], [100.6349, 13.8086], [100.6348, 13.8087], [100.6345, 13.809], [100.6344, 13.8091], [100.6343, 13.8092], [100.6342, 13.8093], [100.6342, 13.8094], [100.6341, 13.8095], [100.6341, 13.8096], [100.6339, 13.8099], [100.6338, 13.81], [100.6338, 13.8101], [100.6338, 13.8102], [100.6336, 13.8105], [100.6336, 13.8106], [100.6335, 13.8107], [100.6335, 13.8108], [100.6335, 13.8108], [100.6335, 13.8109], [100.6335, 13.8109], [100.6336, 13.8109], [100.6336, 13.811], [100.6336, 13.811], [100.6336, 13.8111], [100.6336, 13.8111], [100.6336, 13.8112], [100.6335, 13.8113], [100.6334, 13.8114], [100.6333, 13.8116], [100.6331, 13.8119], [100.633, 13.812], [100.6328, 13.8122], [100.6328, 13.8122], [100.6328, 13.8123], [100.6326, 13.8127], [100.6325, 13.813], [100.6325, 13.8131], [100.6324, 13.8133], [100.6324, 13.8136], [100.6323, 13.8137], [100.6322, 13.8141], [100.6321, 13.8145], [100.632, 13.8148], [100.6319, 13.815], [100.6318, 13.8153], [100.6318, 13.8153], [100.6318, 13.8153], [100.6317, 13.8153], [100.6316, 13.8154], [100.6315, 13.8154], [100.6313, 13.8153], [100.6312, 13.8153], [100.6312, 13.8153], [100.6311, 13.8153], [100.6311, 13.8153], [100.631, 13.8154], [100.631, 13.8154], [100.631, 13.8159], [100.631, 13.8162], [100.631, 13.8166], [100.6311, 13.8169], [100.6311, 13.8172], [100.6311, 13.8172], [100.6311, 13.8172], [100.6311, 13.8173], [100.6311, 13.8173], [100.6311, 13.8174], [100.6311, 13.8175], [100.6312, 13.8179], [100.6312, 13.8181], [100.6312, 13.8184], [100.6313, 13.8186], [100.6313, 13.8187], [100.6313, 13.8188], [100.6313, 13.819], [100.6313, 13.8191], [100.6313, 13.8191], [100.6313, 13.8192], [100.6313, 13.8192], [100.631, 13.8192], [100.6307, 13.8193], [100.6306, 13.8193], [100.6303, 13.8193], [100.6302, 13.8193], [100.6301, 13.8193], [100.6298, 13.8193], [100.6296, 13.8193], [100.6292, 13.8194], [100.6291, 13.8194], [100.629, 13.8194], [100.6289, 13.8194], [100.6288, 13.8194], [100.6286, 13.8194], [100.6285, 13.8194], [100.6285, 13.8194], [100.6284, 13.8194], [100.6283, 13.8194], [100.6282, 13.8194], [100.628, 13.8193], [100.6279, 13.8193], [100.6276, 13.8193], [100.6273, 13.8193], [100.6271, 13.8193], [100.6269, 13.8193], [100.6267, 13.8193], [100.6265, 13.8193], [100.6264, 13.8193], [100.6262, 13.8193], [100.6259, 13.8193], [100.6259, 13.8192], [100.6258, 13.8188], [100.6258, 13.8188], [100.6258, 13.8186], [100.6257, 13.8185], [100.6257, 13.8182], [100.6256, 13.8182], [100.6256, 13.8181], [100.6256, 13.818], [100.6256, 13.8179], [100.6256, 13.8178], [100.6255, 13.8175], [100.6255, 13.8175], [100.6254, 13.8175], [100.6253, 13.8175], [100.6251, 13.8175], [100.6249, 13.8174], [100.6248, 13.8174], [100.6248, 13.8174], [100.6245, 13.8174], [100.6245, 13.8173], [100.6244, 13.8173], [100.6244, 13.8172], [100.6243, 13.8171], [100.6241, 13.8169], [100.6236, 13.8162], [100.6236, 13.8162], [100.6235, 13.8161], [100.6235, 13.816], [100.6232, 13.8155], [100.623, 13.8153], [100.6228, 13.8149], [100.6224, 13.8143], [100.6221, 13.8137], [100.6219, 13.8135], [100.6215, 13.8129], [100.6214, 13.8127], [100.6214, 13.8127], [100.6214, 13.8126], [100.6213, 13.8125], [100.6209, 13.8119], [100.6208, 13.8117], [100.6208, 13.8117], [100.6206, 13.8114], [100.6202, 13.8106], [100.6199, 13.81], [100.6196, 13.8095], [100.6195, 13.8094], [100.619, 13.8084], [100.6186, 13.8075], [100.6185, 13.8073], [100.6184, 13.807], [100.6183, 13.8068], [100.6182, 13.8066], [100.6182, 13.8065], [100.6181, 13.8064], [100.6179, 13.806], [100.6177, 13.8056], [100.6175, 13.8051], [100.6173, 13.8047], [100.6172, 13.8043], [100.617, 13.8039], [100.6167, 13.8033], [100.6165, 13.8028], [100.6164, 13.8027], [100.6163, 13.8023], [100.616, 13.8019], [100.616, 13.8018], [100.6158, 13.8013], [100.6154, 13.8005], [100.6152, 13.8], [100.6151, 13.7997], [100.6151, 13.7997], [100.6153, 13.7996], [100.6155, 13.7996], [100.6156, 13.7995], [100.6158, 13.7994], [100.6162, 13.7993], [100.6166, 13.7994], [100.6173, 13.7994], [100.6177, 13.7994], [100.6185, 13.7995], [100.6192, 13.7995], [100.6197, 13.7995], [100.6198, 13.7996], [100.6202, 13.7996], [100.6206, 13.7997], [100.6214, 13.7998], [100.6218, 13.7998], [100.6226, 13.7999], [100.6228, 13.8], [100.6231, 13.8001], [100.6235, 13.8002], [100.6237, 13.8002], [100.6237, 13.8001], [100.6238, 13.7995], [100.6239, 13.799], [100.624, 13.7986], [100.6241, 13.7982], [100.6241, 13.7977], [100.6242, 13.7973], [100.6242, 13.797], [100.6243, 13.7969], [100.6243, 13.7968], [100.6243, 13.7968], [100.6243, 13.7967], [100.6244, 13.7964], [100.6245, 13.7963], [100.6245, 13.7962], [100.6245, 13.7959], [100.6245, 13.7959], [100.6245, 13.7958], [100.6245, 13.7958], [100.6245, 13.7958], [100.6245, 13.7958], [100.6245, 13.7958], [100.6245, 13.7957], [100.6246, 13.7955], [100.6246, 13.7954], [100.6246, 13.7953], [100.6247, 13.7953], [100.6247, 13.7953], [100.6247, 13.7952], [100.6247, 13.7951], [100.6247, 13.795], [100.6247, 13.7948], [100.6248, 13.7943], [100.6249, 13.7938], [100.625, 13.7933], [100.625, 13.793], [100.6251, 13.7927], [100.6252, 13.7923], [100.6252, 13.7918], [100.6253, 13.7915], [100.6254, 13.7908], [100.6255, 13.7903], [100.6256, 13.7896], [100.6257, 13.789], [100.6258, 13.7886], [100.6258, 13.7885], [100.6259, 13.7881], [100.6261, 13.7881], [100.6263, 13.7882], [100.6264, 13.7882], [100.6265, 13.7882], [100.6268, 13.7883], [100.6271, 13.7883], [100.6275, 13.7884], [100.628, 13.7885], [100.6282, 13.7885], [100.6283, 13.7886], [100.6284, 13.7886], [100.6284, 13.7886], [100.6284, 13.7886], [100.6285, 13.7886], [100.6286, 13.7886], [100.6287, 13.7887], [100.6291, 13.7887], [100.6291, 13.7885], [100.6293, 13.788], [100.6293, 13.7877], [100.6294, 13.7875], [100.6295, 13.7872], [100.6295, 13.787], [100.6298, 13.7864], [100.6299, 13.7861], [100.6299, 13.7861], [100.6299, 13.786], [100.63, 13.7857], [100.6302, 13.7852], [100.6304, 13.7848], [100.6305, 13.7846], [100.6306, 13.7844], [100.6306, 13.7842], [100.6306, 13.7841], [100.6306, 13.784], [100.6306, 13.784], [100.6306, 13.7838], [100.6306, 13.7832], [100.6306, 13.7832], [100.6305, 13.7827], [100.6305, 13.7825], [100.6305, 13.7824], [100.6305, 13.7823], [100.6305, 13.7821], [100.6305, 13.7821], [100.6304, 13.7816], [100.6304, 13.7815], [100.6304, 13.7815], [100.6304, 13.7808], [100.6303, 13.7805], [100.6303, 13.7803], [100.6303, 13.7803], [100.6302, 13.7801], [100.6302, 13.7797], [100.6302, 13.7796], [100.6302, 13.7796], [100.6301, 13.7793], [100.6301, 13.7792], [100.6301, 13.7791], [100.63, 13.7789], [100.63, 13.7788], [100.63, 13.7787], [100.6299, 13.7784], [100.6299, 13.7784], [100.6299, 13.7781], [100.6298, 13.778], [100.6298, 13.778], [100.6298, 13.7776], [100.6298, 13.7776], [100.6297, 13.7774], [100.6297, 13.7772], [100.6297, 13.7771], [100.6296, 13.7768], [100.6296, 13.7767], [100.6296, 13.7766], [100.6295, 13.7764], [100.6295, 13.7763], [100.6295, 13.7761], [100.6294, 13.776], [100.6294, 13.7758], [100.6294, 13.7757], [100.6294, 13.7755], [100.6293, 13.7755], [100.6293, 13.7754], [100.6293, 13.7752], [100.6292, 13.7751], [100.6282, 13.7757], [100.6283, 13.7752], [100.6284, 13.775], [100.6286, 13.774], [100.6286, 13.7739], [100.6286, 13.7738], [100.6287, 13.7736], [100.6288, 13.7732], [100.6288, 13.773], [100.6289, 13.7729], [100.6289, 13.7726], [100.6289, 13.7724], [100.6289, 13.7721], [100.6288, 13.772], [100.6289, 13.7718], [100.6289, 13.7717], [100.629, 13.7713], [100.629, 13.7711], [100.6291, 13.7709], [100.6291, 13.7704], [100.6292, 13.7701], [100.6293, 13.77], [100.6293, 13.7697], [100.6294, 13.7695], [100.6294, 13.7692], [100.6295, 13.7686], [100.6295, 13.7686], [100.6296, 13.7683], [100.6296, 13.7681], [100.6297, 13.7677], [100.6298, 13.7674], [100.6298, 13.7672], [100.6299, 13.7669], [100.6299, 13.7666], [100.63, 13.7661], [100.6301, 13.7658], [100.6301, 13.7655], [100.6301, 13.7654], [100.6301, 13.7652], [100.6302, 13.765], [100.6302, 13.7649], [100.6302, 13.7646], [100.6303, 13.7643], [100.6303, 13.7641], [100.6304, 13.7638], [100.6304, 13.7636], [100.6304, 13.7635], [100.6304, 13.7632], [100.6303, 13.7632], [100.6299, 13.7631], [100.6294, 13.763], [100.6292, 13.763], [100.6291, 13.763], [100.6289, 13.763], [100.6287, 13.763], [100.6283, 13.763], [100.628, 13.763], [100.6279, 13.763], [100.6278, 13.763], [100.6277, 13.763], [100.6277, 13.763], [100.6276, 13.763], [100.6274, 13.763], [100.6272, 13.763], [100.6271, 13.7629], [100.6271, 13.7629], [100.627, 13.7629], [100.6269, 13.7629], [100.6268, 13.7628], [100.6266, 13.7628], [100.6265, 13.7628], [100.6263, 13.7628], [100.6262, 13.7628], [100.6261, 13.7627], [100.626, 13.7627], [100.626, 13.7627], [100.6258, 13.7627], [100.6257, 13.7627], [100.6256, 13.7627], [100.6255, 13.7627], [100.6255, 13.7627], [100.6255, 13.7629], [100.6255, 13.7629], [100.6254, 13.7629], [100.6253, 13.7629], [100.6253, 13.7629], [100.6252, 13.7628], [100.6252, 13.7627], [100.6251, 13.7627], [100.625, 13.7627], [100.625, 13.7626], [100.6249, 13.7626], [100.6247, 13.7626], [100.6245, 13.7626], [100.6241, 13.7625], [100.6239, 13.7625], [100.6236, 13.7625], [100.6233, 13.7624], [100.6232, 13.7624], [100.6231, 13.7624], [100.623, 13.7624], [100.6228, 13.7624], [100.6226, 13.7624], [100.6224, 13.7624], [100.6223, 13.7623], [100.6221, 13.7623], [100.6219, 13.7623], [100.6217, 13.7623], [100.6214, 13.7623], [100.6213, 13.7622], [100.6211, 13.7622], [100.6209, 13.7622], [100.6208, 13.7622], [100.6207, 13.7622], [100.6204, 13.7621], [100.6203, 13.7621], [100.6203, 13.762], [100.6202, 13.762], [100.6196, 13.7619], [100.6196, 13.7619], [100.6195, 13.7619], [100.6195, 13.7619], [100.6195, 13.7619], [100.6194, 13.7619], [100.6193, 13.7619], [100.6193, 13.7618], [100.6192, 13.7618], [100.6191, 13.7618], [100.6189, 13.7618], [100.6186, 13.7618], [100.6184, 13.7617], [100.6179, 13.7617], [100.6176, 13.7617], [100.6172, 13.7617], [100.6171, 13.7617], [100.6168, 13.7616], [100.6167, 13.7617], [100.6164, 13.7616], [100.6161, 13.7615], [100.616, 13.7614], [100.6159, 13.7614], [100.6155, 13.7613], [100.6153, 13.7612], [100.6152, 13.7612], [100.6151, 13.7612], [100.6147, 13.761], [100.6145, 13.7609], [100.6143, 13.7607], [100.614, 13.7606], [100.614, 13.7606], [100.614, 13.7606], [100.6139, 13.7604], [100.6138, 13.7603], [100.6138, 13.7603], [100.6136, 13.7601], [100.6134, 13.7599], [100.6133, 13.7598], [100.6132, 13.7596], [100.613, 13.7595], [100.613, 13.7594], [100.6128, 13.7592], [100.6125, 13.7589], [100.6123, 13.7587], [100.612, 13.7585], [100.6118, 13.7583], [100.6116, 13.7581], [100.6115, 13.758], [100.6114, 13.7579], [100.6113, 13.7578], [100.6111, 13.7576], [100.6109, 13.7574], [100.6107, 13.7573], [100.6107, 13.7573], [100.6105, 13.7571], [100.6104, 13.7571], [100.6104, 13.7571], [100.6103, 13.757], [100.6099, 13.7567], [100.6095, 13.7563], [100.6093, 13.7561], [100.6091, 13.7559], [100.6089, 13.7557], [100.6087, 13.7554], [100.6087, 13.7554], [100.6085, 13.7552], [100.6083, 13.755], [100.6083, 13.755], [100.6081, 13.7548], [100.6076, 13.7544], [100.6073, 13.7542], [100.6072, 13.7541], [100.6069, 13.7538], [100.6064, 13.7534], [100.6061, 13.753], [100.6056, 13.7527], [100.6053, 13.7523], [100.6045, 13.7516], [100.6043, 13.7514], [100.6041, 13.7512], [100.6041, 13.7512], [100.6038, 13.751], [100.6038, 13.7509], [100.6035, 13.7507], [100.603, 13.7502], [100.6027, 13.7498], [100.6024, 13.7496], [100.602, 13.7491], [100.6016, 13.7487], [100.6011, 13.7483], [100.601, 13.7481], [100.6012, 13.748], [100.6012, 13.748], [100.6016, 13.7478], [100.6022, 13.7476], [100.6023, 13.7475], [100.6023, 13.7475], [100.6024, 13.7475], [100.6029, 13.7472], [100.6031, 13.7472], [100.6033, 13.747], [100.6036, 13.7469], [100.604, 13.7468], [100.6045, 13.7466], [100.6051, 13.7462], [100.6054, 13.746], [100.6059, 13.7459], [100.6061, 13.7458], [100.6063, 13.7457], [100.6067, 13.7454], [100.6072, 13.7452], [100.6075, 13.745], [100.6082, 13.7447], [100.6088, 13.7445], [100.6091, 13.7444], [100.6099, 13.7441], [100.6104, 13.7439], [100.6104, 13.7438], [100.6106, 13.7438], [100.6111, 13.7438], [100.6118, 13.7439], [100.6122, 13.744], [100.6125, 13.7441], [100.6132, 13.7443], [100.6139, 13.7444], [100.614, 13.7444], [100.6141, 13.7444], [100.6142, 13.7444], [100.6144, 13.7445], [100.6145, 13.7445], [100.6147, 13.7445], [100.6148, 13.7446], [100.615, 13.7446], [100.6151, 13.7447], [100.6152, 13.7447], [100.6154, 13.7448], [100.6155, 13.7448], [100.6156, 13.7448], [100.6158, 13.7449], [100.616, 13.745], [100.6163, 13.745], [100.6165, 13.7451], [100.6168, 13.7452], [100.617, 13.7453], [100.6172, 13.7453], [100.6173, 13.7453], [100.6175, 13.7454], [100.6176, 13.7454], [100.6177, 13.7454], [100.6178, 13.7454], [100.6181, 13.7455], [100.6184, 13.7456], [100.6185, 13.7456], [100.6187, 13.7457], [100.6187, 13.7457], [100.6187, 13.7457], [100.6187, 13.7457], [100.6188, 13.7457], [100.6189, 13.7457], [100.6192, 13.7458], [100.6193, 13.7459], [100.6195, 13.7459], [100.6196, 13.746], [100.6198, 13.746], [100.6199, 13.746], [100.62, 13.7461], [100.6201, 13.7461], [100.6202, 13.7461], [100.6203, 13.7461], [100.6204, 13.7461], [100.6205, 13.7461], [100.6207, 13.7462], [100.621, 13.7463], [100.6213, 13.7463], [100.6217, 13.7464], [100.622, 13.7465], [100.6222, 13.7465], [100.6224, 13.7466], [100.6227, 13.7466], [100.6232, 13.7468], [100.6234, 13.7469], [100.6236, 13.7469], [100.6237, 13.7469], [100.6238, 13.747], [100.6239, 13.747], [100.6239, 13.747], [100.6239, 13.747], [100.624, 13.747], [100.6241, 13.747], [100.6242, 13.7471], [100.6245, 13.7472], [100.6248, 13.7473], [100.6249, 13.7473], [100.6251, 13.7474], [100.6252, 13.7474], [100.6254, 13.7474], [100.6259, 13.7475], [100.6261, 13.7475], [100.6261, 13.7475], [100.6263, 13.7476], [100.6264, 13.7476], [100.6266, 13.7476], [100.6266, 13.7476], [100.6266, 13.7476], [100.6267, 13.7477], [100.6268, 13.7477], [100.6269, 13.7477], [100.6269, 13.7477], [100.627, 13.7477], [100.627, 13.7477], [100.6271, 13.7478], [100.6273, 13.7478], [100.6274, 13.7478], [100.6275, 13.7479], [100.6276, 13.7479], [100.6276, 13.7479], [100.6277, 13.7479], [100.6279, 13.7479], [100.6279, 13.748], [100.628, 13.748], [100.628, 13.748], [100.6281, 13.748], [100.6282, 13.748], [100.6283, 13.748], [100.6284, 13.7481], [100.6285, 13.7481], [100.6285, 13.7481], [100.6287, 13.7482], [100.6287, 13.7482], [100.6287, 13.7482], [100.6291, 13.7483], [100.6291, 13.7483], [100.6292, 13.7483], [100.6295, 13.7484], [100.6297, 13.7484], [100.6298, 13.7485], [100.6299, 13.7485], [100.6299, 13.7485], [100.6299, 13.7485], [100.63, 13.7485], [100.6302, 13.7485], [100.6304, 13.7486], [100.6306, 13.7486], [100.6309, 13.7487], [100.631, 13.7487], [100.6311, 13.7487], [100.6312, 13.7488], [100.6312, 13.7488], [100.6313, 13.7488], [100.6313, 13.7488], [100.6314, 13.7488], [100.6315, 13.7489], [100.6315, 13.7489], [100.6316, 13.7489], [100.6317, 13.749], [100.6318, 13.749], [100.6318, 13.749], [100.6319, 13.749], [100.6321, 13.7491], [100.6322, 13.7491], [100.6324, 13.7492], [100.6325, 13.7492], [100.6326, 13.7492], [100.6327, 13.7492], [100.6329, 13.7493], [100.633, 13.7493], [100.633, 13.7494], [100.633, 13.7494], [100.6331, 13.7494], [100.6332, 13.7494], [100.6333, 13.7494], [100.6334, 13.7495], [100.6335, 13.7495], [100.6335, 13.7495], [100.6335, 13.7495], [100.6335, 13.7495], [100.6337, 13.7495], [100.6338, 13.7495], [100.6338, 13.7495], [100.6338, 13.7496], [100.6339, 13.7496], [100.6339, 13.7496], [100.6339, 13.7496], [100.634, 13.7496], [100.6343, 13.7497], [100.6344, 13.7497], [100.6345, 13.7497], [100.6345, 13.7498], [100.6345, 13.7498], [100.6345, 13.7498], [100.6346, 13.7498], [100.6346, 13.7498], [100.6346, 13.7498], [100.6348, 13.7498], [100.6349, 13.7499], [100.635, 13.7499], [100.6353, 13.75], [100.6354, 13.75], [100.6355, 13.7501], [100.6356, 13.7501], [100.6357, 13.7501], [100.6358, 13.7501], [100.6358, 13.7501], [100.6359, 13.7501], [100.636, 13.7501], [100.636, 13.7501], [100.6361, 13.75], [100.6362, 13.75], [100.6363, 13.75], [100.6366, 13.7498], [100.6366, 13.7498], [100.6367, 13.7498], [100.6368, 13.7497], [100.637, 13.7497], [100.637, 13.7496], [100.6371, 13.7496], [100.6371, 13.7496], [100.6372, 13.7496], [100.6375, 13.7496], [100.6377, 13.7496], [100.6378, 13.7496], [100.638, 13.7495], [100.6382, 13.7495], [100.6384, 13.7495], [100.6385, 13.7494], [100.6386, 13.7494], [100.6386, 13.7494], [100.6387, 13.7494], [100.6387, 13.7494], [100.6388, 13.7493], [100.6388, 13.7493], [100.6389, 13.7493], [100.6389, 13.7493], [100.6391, 13.7492], [100.6392, 13.7491], [100.6393, 13.7491], [100.6394, 13.7491], [100.6394, 13.749], [100.6395, 13.7489], [100.6396, 13.7489], [100.6398, 13.7488], [100.6399, 13.7487], [100.64, 13.7486], [100.64, 13.7486], [100.6402, 13.7484], [100.6403, 13.7483], [100.6406, 13.748], [100.6407, 13.748], [100.6407, 13.7479], [100.6408, 13.7479], [100.641, 13.7478], [100.641, 13.7478], [100.6412, 13.7477], [100.6413, 13.7476], [100.6418, 13.7474], [100.6418, 13.7473], [100.6419, 13.7473], [100.6419, 13.7473], [100.642, 13.7473], [100.6421, 13.7472], [100.6421, 13.7472], [100.6422, 13.7472], [100.6422, 13.7472], [100.6423, 13.7471], [100.6424, 13.7471], [100.6425, 13.747], [100.6427, 13.7469], [100.6428, 13.7469], [100.6429, 13.7468], [100.643, 13.7468], [100.6431, 13.7467], [100.6432, 13.7467], [100.6433, 13.7467], [100.6434, 13.7466], [100.6435, 13.7466], [100.6436, 13.7466], [100.6436, 13.7466], [100.6437, 13.7466], [100.6437, 13.7466], [100.6438, 13.7465], [100.6438, 13.7465], [100.6439, 13.7465], [100.6441, 13.7465], [100.6443, 13.7465], [100.6444, 13.7465], [100.6445, 13.7465], [100.6446, 13.7465], [100.6447, 13.7466], [100.6449, 13.7466], [100.6451, 13.7466], [100.6452, 13.7466], [100.6453, 13.7465], [100.6453, 13.7465], [100.6454, 13.7465], [100.6455, 13.7465], [100.6456, 13.7464], [100.6456, 13.7464], [100.6457, 13.7463], [100.6458, 13.7462], [100.6459, 13.7462], [100.6461, 13.746], [100.6462, 13.7459], [100.6462, 13.7459], [100.6464, 13.7457], [100.6465, 13.7456], [100.6466, 13.7455], [100.6467, 13.7455], [100.6468, 13.7454], [100.6468, 13.7454], [100.6469, 13.7453], [100.6471, 13.7452], [100.6475, 13.7449], [100.6476, 13.7448], [100.6477, 13.7447], [100.6479, 13.7446], [100.648, 13.7446], [100.6481, 13.7445], [100.6482, 13.7443], [100.6483, 13.7443], [100.6484, 13.7442], [100.6485, 13.7441], [100.6485, 13.7441], [100.6485, 13.7441], [100.6485, 13.7437], [100.6485, 13.7435], [100.6485, 13.7434], [100.6485, 13.7433], [100.6485, 13.7433], [100.6484, 13.7433], [100.6484, 13.7433], [100.6484, 13.7433], [100.6484, 13.7432], [100.6484, 13.7432], [100.6484, 13.7431], [100.6483, 13.743], [100.6482, 13.743], [100.6481, 13.7428], [100.648, 13.7428], [100.648, 13.7428], [100.6478, 13.7427], [100.6478, 13.7427], [100.6476, 13.7427], [100.6475, 13.7427], [100.6475, 13.7426], [100.6475, 13.7426], [100.6474, 13.7426], [100.6474, 13.7426], [100.6474, 13.7426], [100.6475, 13.7425], [100.6478, 13.7423], [100.648, 13.7421], [100.6482, 13.742], [100.6484, 13.7419], [100.6486, 13.7418], [100.6487, 13.7418], [100.6489, 13.7416], [100.6492, 13.7415], [100.6493, 13.7415], [100.6496, 13.7414], [100.6498, 13.7413], [100.6501, 13.7413], [100.6504, 13.7411], [100.6506, 13.7411], [100.6508, 13.741], [100.6511, 13.7409], [100.6512, 13.7409], [100.6512, 13.7409], [100.6539, 13.74], [100.6558, 13.7394], [100.6586, 13.7384], [100.6588, 13.7384], [100.659, 13.7383], [100.6591, 13.7383], [100.6593, 13.7385], [100.6594, 13.7386], [100.6595, 13.7386], [100.6602, 13.7389], [100.6602, 13.7389], [100.661, 13.7392], [100.661, 13.7392], [100.661, 13.7392], [100.6611, 13.7392], [100.6612, 13.7393], [100.6614, 13.7394], [100.6618, 13.7396], [100.662, 13.7396], [100.6621, 13.7396], [100.6622, 13.7397], [100.6622, 13.7397], [100.6623, 13.7398], [100.6624, 13.7399], [100.6624, 13.7399], [100.6625, 13.74], [100.6627, 13.7401], [100.6628, 13.7401], [100.6629, 13.7401], [100.6631, 13.7401], [100.6632, 13.7401], [100.6632, 13.7402], [100.6633, 13.7401], [100.6633, 13.7402], [100.6634, 13.7402], [100.6634, 13.7403], [100.6634, 13.7404], [100.6634, 13.7405], [100.6634, 13.7407], [100.6634, 13.7408], [100.6634, 13.741], [100.6634, 13.7411], [100.6632, 13.7414], [100.6631, 13.7415], [100.663, 13.7417], [100.663, 13.742], [100.663, 13.7422], [100.6631, 13.7424], [100.6632, 13.7425], [100.6634, 13.7427], [100.6634, 13.7428], [100.6635, 13.7428], [100.6636, 13.7429], [100.6637, 13.7429], [100.6638, 13.7429], [100.6639, 13.7429], [100.664, 13.7429], [100.6641, 13.7429], [100.6642, 13.743], [100.6642, 13.743], [100.6644, 13.7431], [100.6645, 13.7431], [100.6645, 13.7432], [100.6645, 13.7432], [100.6645, 13.7433], [100.6645, 13.7433], [100.6646, 13.7434], [100.6646, 13.7435], [100.6646, 13.7436], [100.6646, 13.7437], [100.6646, 13.7438], [100.6646, 13.7438], [100.6647, 13.7439], [100.6648, 13.7441], [100.6648, 13.7443], [100.6649, 13.7444], [100.6649, 13.7445], [100.6649, 13.7446], [100.665, 13.7448], [100.665, 13.7449], [100.6651, 13.745], [100.6651, 13.745], [100.6651, 13.7451], [100.6651, 13.7453], [100.6652, 13.7454], [100.6653, 13.7456], [100.6653, 13.7457], [100.6653, 13.7458], [100.6653, 13.7459], [100.6654, 13.7459], [100.6654, 13.746], [100.6655, 13.7461], [100.6655, 13.7462], [100.6657, 13.7463], [100.6658, 13.7465], [100.6659, 13.7466], [100.6659, 13.7467], [100.6661, 13.7468], [100.6662, 13.7469], [100.6663, 13.747], [100.6664, 13.7471], [100.6668, 13.7472], [100.6671, 13.7473], [100.6674, 13.7474], [100.6677, 13.7475], [100.6679, 13.7475], [100.6679, 13.7476], [100.6681, 13.7477], [100.6682, 13.7477], [100.6684, 13.7477], [100.6687, 13.7478], [100.6689, 13.7478], [100.6692, 13.7478], [100.6695, 13.7478], [100.67, 13.7478], [100.6702, 13.7478], [100.6703, 13.7478], [100.6704, 13.7478], [100.6706, 13.748], [100.6708, 13.7481], [100.6709, 13.7483], [100.671, 13.7485], [100.6711, 13.7486], [100.6718, 13.7492], [100.6719, 13.7492], [100.672, 13.7493], [100.6722, 13.7494], [100.6724, 13.7495], [100.6726, 13.7495], [100.6726, 13.7495], [100.6726, 13.7495], [100.6728, 13.7495], [100.6732, 13.7493], [100.6733, 13.7493], [100.6737, 13.7491], [100.6738, 13.749], [100.6742, 13.7489], [100.6743, 13.7488], [100.6746, 13.7487], [100.6749, 13.7486], [100.675, 13.7486], [100.6755, 13.7486], [100.6755, 13.7486], [100.6758, 13.7487], [100.6759, 13.7487], [100.6761, 13.7488], [100.6764, 13.7488], [100.6765, 13.7489], [100.6766, 13.7489], [100.6773, 13.7492], [100.6774, 13.7492], [100.6776, 13.7494], [100.6777, 13.7496], [100.6778, 13.7498], [100.6779, 13.7501], [100.678, 13.7502], [100.678, 13.7503], [100.6781, 13.7504], [100.6782, 13.7507], [100.6783, 13.7509], [100.6785, 13.7511], [100.6786, 13.7514], [100.6787, 13.7515], [100.6789, 13.7519], [100.6789, 13.7519], [100.6789, 13.752], [100.6789, 13.752], [100.6789, 13.7521], [100.6789, 13.7521], [100.6789, 13.7521], [100.6783, 13.7523], [100.677, 13.7529], [100.6761, 13.7532], [100.6753, 13.7535], [100.6751, 13.7536], [100.6749, 13.7537], [100.6739, 13.7542], [100.6735, 13.7544], [100.6733, 13.7545], [100.673, 13.7546], [100.6728, 13.7546], [100.6724, 13.7548], [100.6723, 13.7549], [100.6721, 13.7549], [100.6714, 13.7553], [100.6713, 13.7553], [100.6706, 13.7557], [100.6704, 13.7558], [100.6702, 13.7559], [100.6699, 13.7561], [100.6698, 13.7561], [100.6697, 13.7562], [100.6696, 13.7564], [100.6696, 13.7565], [100.6696, 13.757], [100.6696, 13.7573], [100.6696, 13.7577], [100.6696, 13.7585], [100.6696, 13.7588], [100.6696, 13.7591], [100.6695, 13.7597], [100.6695, 13.7599], [100.6695, 13.7599], [100.6695, 13.7601], [100.6695, 13.7602], [100.6695, 13.7603], [100.6695, 13.7604], [100.6695, 13.7607], [100.6694, 13.7609], [100.6694, 13.7611], [100.6694, 13.7616], [100.6694, 13.7616], [100.6694, 13.7617], [100.6694, 13.7618], [100.6694, 13.7619], [100.6694, 13.762], [100.6694, 13.7621], [100.6694, 13.7623], [100.6694, 13.7624], [100.6694, 13.7626], [100.6694, 13.7627], [100.6694, 13.7627], [100.6694, 13.7627], [100.6694, 13.7629], [100.6694, 13.763], [100.6694, 13.7632], [100.6693, 13.7633], [100.6693, 13.7636], [100.6692, 13.7637], [100.6693, 13.7639], [100.6692, 13.7641], [100.6692, 13.7645], [100.6691, 13.7647], [100.6691, 13.7649], [100.669, 13.7652], [100.669, 13.7653], [100.669, 13.7654], [100.6689, 13.7658], [100.6689, 13.7659], [100.6689, 13.7663], [100.6689, 13.7663], [100.6689, 13.7664], [100.6688, 13.7666], [100.6687, 13.7669], [100.6687, 13.767], [100.6685, 13.7674], [100.6683, 13.7679], [100.6682, 13.7682], [100.668, 13.7685], [100.6678, 13.7688], [100.6676, 13.7693], [100.6671, 13.7704], [100.6669, 13.7707], [100.6666, 13.7715], [100.6664, 13.7718], [100.6663, 13.772], [100.6662, 13.7722], [100.666, 13.7726], [100.666, 13.7727], [100.6659, 13.7729], [100.6657, 13.7733], [100.6655, 13.7736], [100.6654, 13.7738], [100.6654, 13.7738], [100.6653, 13.7739], [100.6653, 13.774], [100.6652, 13.7743], [100.6651, 13.7745], [100.665, 13.7747], [100.665, 13.7747], [100.6649, 13.7748], [100.6649, 13.7749], [100.6648, 13.775], [100.6648, 13.775], [100.6648, 13.7751], [100.6647, 13.7754], [100.6646, 13.7754], [100.6645, 13.7754], [100.6643, 13.7753], [100.6635, 13.7748], [100.6632, 13.7746], [100.663, 13.7745], [100.6626, 13.7743], [100.6626, 13.7742], [100.6625, 13.7742], [100.6621, 13.774], [100.6618, 13.7738], [100.6615, 13.7737], [100.6613, 13.7736], [100.6611, 13.7735], [100.6611, 13.7734], [100.6607, 13.7732], [100.6601, 13.7729], [100.6596, 13.7726], [100.6596, 13.7726], [100.6595, 13.7726], [100.6592, 13.7724], [100.6588, 13.7722], [100.6588, 13.7722], [100.6588, 13.7722], [100.6587, 13.7722], [100.6585, 13.7721], [100.6582, 13.7719], [100.6578, 13.7717], [100.6578, 13.7717], [100.6578, 13.7717], [100.6578, 13.7716], [100.6574, 13.7714], [100.6569, 13.7711], [100.6568, 13.771], [100.6568, 13.771], [100.6564, 13.7708], [100.6562, 13.7707], [100.6562, 13.7707]]]}, "properties": {"DISTRICT_N": "บางกะปิ", "CODE": 1006, "AREA_BMA": 28.52300072}}, {"type": "Feature", "geometry": {"type": "Polygon", "coordinates": [[[100.4677, 13.7117], [100.4677, 13.7117], [100.4678, 13.7116], [100.4679, 13.7116], [100.468, 13.7115], [100.4682, 13.7114], [100.4683, 13.7114], [100.4686, 13.7113], [100.4688, 13.7112], [100.4692, 13.7111], [100.4695, 13.7109], [100.4698, 13.7108], [100.4701, 13.7107], [100.4702, 13.7106], [100.4704, 13.7106], [100.4704, 13.7105], [100.4705, 13.7105], [100.4706, 13.7105], [100.4706, 13.7104], [100.4707, 13.7104], [100.4707, 13.7105], [100.4707, 13.7105], [100.4707, 13.7105], [100.4707, 13.7106], [100.4707, 13.7106], [100.4708, 13.7106], [100.4708, 13.7106], [100.4708, 13.7106], [100.4709, 13.7106], [100.4709, 13.7106], [100.471, 13.7105], [100.4713, 13.7104], [100.4715, 13.7104], [100.4715, 13.7103], [100.4716, 13.7103], [100.4716, 13.7103], [100.4717, 13.7103], [100.4717, 13.7103], [100.4718, 13.7102], [100.4718, 13.7102], [100.4719, 13.7102], [100.4719, 13.7103], [100.4719, 13.7104], [100.472, 13.7104], [100.472, 13.7104], [100.4722, 13.7104], [100.4725, 13.7105], [100.4726, 13.7105], [100.4727, 13.7105], [100.4728, 13.7105], [100.473, 13.7105], [100.4733, 13.7106], [100.4736, 13.7106], [100.4736, 13.7106], [100.4737, 13.7107], [100.4737, 13.7107], [100.4738, 13.7107], [100.474, 13.7107], [100.4741, 13.7107], [100.4742, 13.7107], [100.4743, 13.7108], [100.4744, 13.7108], [100.4747, 13.7108], [100.4748, 13.7108], [100.475, 13.7108], [100.4752, 13.7109], [100.4754, 13.7109], [100.4754, 13.7109], [100.4755, 13.7109], [100.4755, 13.7109], [100.4755, 13.7109], [100.4756, 13.7109], [100.4756, 13.711], [100.4757, 13.711], [100.4757, 13.711], [100.4759, 13.7111], [100.4762, 13.7111], [100.4762, 13.7111], [100.4762, 13.7111], [100.4763, 13.7111], [100.4763, 13.7111], [100.4763, 13.7111], [100.4764, 13.7112], [100.4764, 13.711], [100.4765, 13.7109], [100.4765, 13.7106], [100.4766, 13.7105], [100.4766, 13.7105], [100.4766, 13.7104], [100.4766, 13.7102], [100.4766, 13.7101], [100.4767, 13.71], [100.4767, 13.71], [100.4767, 13.71], [100.4768, 13.7096], [100.4769, 13.7095], [100.4769, 13.7095], [100.4769, 13.7095], [100.477, 13.7093], [100.477, 13.7091], [100.477, 13.709], [100.477, 13.7089], [100.477, 13.7088], [100.477, 13.7087], [100.477, 13.7086], [100.477, 13.7085], [100.477, 13.7085], [100.4771, 13.7082], [100.4771, 13.7081], [100.4772, 13.7078], [100.4773, 13.7075], [100.4774, 13.707], [100.4774, 13.7068], [100.4776, 13.7063], [100.4776, 13.7062], [100.4776, 13.7061], [100.4776, 13.706], [100.4777, 13.7057], [100.4777, 13.7056], [100.4778, 13.7054], [100.4778, 13.7052], [100.4778, 13.705], [100.4779, 13.7049], [100.4779, 13.7048], [100.4779, 13.7047], [100.4779, 13.7046], [100.478, 13.7044], [100.4781, 13.7043], [100.4781, 13.7043], [100.4781, 13.704], [100.4782, 13.7038], [100.4782, 13.7035], [100.4783, 13.7033], [100.4783, 13.7032], [100.4783, 13.7031], [100.4783, 13.703], [100.4784, 13.7028], [100.4784, 13.7027], [100.4784, 13.7025], [100.4785, 13.7024], [100.4785, 13.7023], [100.4786, 13.7023], [100.4786, 13.7022], [100.4786, 13.702], [100.4787, 13.7018], [100.4787, 13.7017], [100.4787, 13.7016], [100.4787, 13.7015], [100.4787, 13.7014], [100.4787, 13.7014], [100.4787, 13.7014], [100.4787, 13.7014], [100.4787, 13.7013], [100.4787, 13.7013], [100.4788, 13.7011], [100.4789, 13.7008], [100.4789, 13.7008], [100.4789, 13.7007], [100.4789, 13.7005], [100.479, 13.7002], [100.479, 13.6999], [100.4791, 13.6995], [100.4792, 13.6991], [100.4793, 13.699], [100.4793, 13.6989], [100.4793, 13.6988], [100.4793, 13.6987], [100.4793, 13.6986], [100.4793, 13.6986], [100.4794, 13.6984], [100.4794, 13.6984], [100.4794, 13.6982], [100.4794, 13.698], [100.4795, 13.698], [100.4795, 13.6979], [100.4795, 13.6979], [100.4795, 13.6979], [100.4796, 13.6978], [100.4797, 13.6977], [100.4797, 13.6977], [100.4798, 13.6976], [100.4798, 13.6976], [100.4799, 13.6975], [100.4799, 13.6975], [100.4799, 13.6974], [100.48, 13.6971], [100.4801, 13.6969], [100.4802, 13.6968], [100.4802, 13.6967], [100.4802, 13.6966], [100.4802, 13.6965], [100.4803, 13.6965], [100.4803, 13.6964], [100.4804, 13.6964], [100.4804, 13.6964], [100.4805, 13.6963], [100.4806, 13.6962], [100.4807, 13.6961], [100.4808, 13.6961], [100.4808, 13.6961], [100.4809, 13.6959], [100.4809, 13.6959], [100.481, 13.6959], [100.481, 13.6959], [100.481, 13.6959], [100.4813, 13.6958], [100.4816, 13.6957], [100.4818, 13.6956], [100.482, 13.6956], [100.4821, 13.6955], [100.4822, 13.6955], [100.4823, 13.6954], [100.4826, 13.6953], [100.4826, 13.6953], [100.4826, 13.6953], [100.4826, 13.6952], [100.4826, 13.6952], [100.4826, 13.6952], [100.4826, 13.6952], [100.4826, 13.6952], [100.4826, 13.6951], [100.4826, 13.695], [100.4826, 13.695], [100.4825, 13.6949], [100.4825, 13.6948], [100.4826, 13.6948], [100.4826, 13.6947], [100.4826, 13.6948], [100.4827, 13.6948], [100.4828, 13.6948], [100.483, 13.6948], [100.4831, 13.6949], [100.4832, 13.6949], [100.4833, 13.695], [100.4834, 13.695], [100.4836, 13.695], [100.4837, 13.695], [100.484, 13.695], [100.4842, 13.695], [100.4843, 13.695], [100.4844, 13.6949], [100.4845, 13.6949], [100.4847, 13.6949], [100.4848, 13.6949], [100.4849, 13.6949], [100.485, 13.6949], [100.485, 13.695], [100.485, 13.695], [100.4851, 13.6951], [100.4852, 13.6951], [100.4852, 13.6951], [100.4853, 13.695], [100.4853, 13.695], [100.4855, 13.695], [100.4858, 13.695], [100.486, 13.6951], [100.4862, 13.6951], [100.4862, 13.6951], [100.4863, 13.6951], [100.4864, 13.6951], [100.4866, 13.6951], [100.4868, 13.6951], [100.4869, 13.6951], [100.4871, 13.6951], [100.4871, 13.6951], [100.4876, 13.6949], [100.4878, 13.6949], [100.4879, 13.6949], [100.4879, 13.6949], [100.488, 13.6949], [100.4881, 13.695], [100.4882, 13.695], [100.4882, 13.6951], [100.4882, 13.6951], [100.4883, 13.6952], [100.4884, 13.6952], [100.4885, 13.6952], [100.4886, 13.6952], [100.4887, 13.6953], [100.489, 13.6952], [100.4896, 13.6953], [100.4899, 13.6952], [100.4901, 13.6967], [100.4907, 13.6988], [100.4925, 13.701], [100.4945, 13.7027], [100.4978, 13.7044], [100.4985, 13.7048], [100.4988, 13.705], [100.4975, 13.7067], [100.4973, 13.707], [100.4972, 13.7071], [100.497, 13.7075], [100.4966, 13.708], [100.4964, 13.7083], [100.4963, 13.7084], [100.4962, 13.7086], [100.4961, 13.7087], [100.496, 13.7088], [100.4959, 13.7089], [100.4959, 13.7089], [100.4958, 13.7094], [100.4957, 13.7095], [100.4957, 13.7097], [100.4956, 13.7098], [100.4955, 13.7099], [100.4953, 13.71], [100.4949, 13.7103], [100.4948, 13.7104], [100.4947, 13.7105], [100.4945, 13.7108], [100.4943, 13.7112], [100.494, 13.7116], [100.4937, 13.712], [100.4934, 13.7124], [100.4933, 13.7126], [100.4932, 13.7128], [100.4932, 13.7129], [100.4932, 13.7129], [100.4931, 13.7129], [100.4931, 13.713], [100.4931, 13.7131], [100.4931, 13.7135], [100.4931, 13.7137], [100.493, 13.7138], [100.493, 13.7143], [100.493, 13.715], [100.4931, 13.7156], [100.4931, 13.7157], [100.4931, 13.7157], [100.4931, 13.7163], [100.4931, 13.7165], [100.4931, 13.7165], [100.4931, 13.7165], [100.4931, 13.7166], [100.4931, 13.7166], [100.4931, 13.7166], [100.4931, 13.7167], [100.4931, 13.7171], [100.4931, 13.7172], [100.4931, 13.7173], [100.4932, 13.7177], [100.4932, 13.7179], [100.4932, 13.718], [100.4932, 13.7181], [100.4932, 13.7182], [100.4932, 13.7186], [100.4932, 13.7188], [100.4931, 13.7193], [100.4931, 13.7196], [100.493, 13.7201], [100.493, 13.7203], [100.493, 13.7205], [100.493, 13.7206], [100.493, 13.7208], [100.4929, 13.721], [100.4929, 13.7211], [100.4928, 13.7213], [100.4928, 13.7218], [100.4927, 13.7219], [100.4926, 13.7221], [100.4925, 13.7224], [100.4925, 13.7225], [100.4925, 13.7226], [100.4924, 13.7228], [100.4923, 13.723], [100.4922, 13.7231], [100.4922, 13.7232], [100.4923, 13.7234], [100.4924, 13.7238], [100.4926, 13.7242], [100.4927, 13.7247], [100.4928, 13.7248], [100.4928, 13.725], [100.493, 13.7254], [100.4931, 13.7255], [100.4931, 13.7255], [100.4932, 13.7255], [100.4932, 13.7255], [100.4933, 13.7255], [100.4933, 13.7255], [100.4934, 13.7255], [100.4934, 13.7255], [100.4934, 13.7255], [100.4935, 13.7256], [100.4935, 13.7256], [100.4936, 13.7256], [100.4936, 13.7256], [100.4936, 13.7257], [100.4937, 13.7257], [100.4937, 13.7257], [100.4937, 13.7257], [100.4938, 13.7258], [100.4938, 13.7258], [100.4938, 13.7258], [100.4938, 13.7259], [100.4939, 13.7259], [100.4939, 13.726], [100.4939, 13.726], [100.4939, 13.7261], [100.4939, 13.7261], [100.4939, 13.7261], [100.4939, 13.7262], [100.4939, 13.7262], [100.4939, 13.7263], [100.4939, 13.7264], [100.4939, 13.7264], [100.4939, 13.7265], [100.4939, 13.7266], [100.4938, 13.7266], [100.4938, 13.7267], [100.4938, 13.7267], [100.4938, 13.7267], [100.4938, 13.7268], [100.4937, 13.7268], [100.4937, 13.7268], [100.4937, 13.7269], [100.4936, 13.7269], [100.4936, 13.7269], [100.4936, 13.727], [100.4935, 13.727], [100.4935, 13.727], [100.4935, 13.727], [100.4935, 13.727], [100.494, 13.7285], [100.4941, 13.7286], [100.4941, 13.7287], [100.4943, 13.7292], [100.4945, 13.73], [100.4947, 13.7305], [100.4948, 13.7306], [100.4948, 13.7307], [100.4948, 13.7309], [100.4949, 13.731], [100.4949, 13.7311], [100.4954, 13.7324], [100.4959, 13.7339], [100.4959, 13.7339], [100.4959, 13.734], [100.496, 13.7343], [100.4961, 13.7346], [100.4961, 13.7346], [100.4962, 13.7348], [100.4965, 13.7357], [100.4965, 13.7358], [100.4968, 13.7364], [100.4969, 13.7366], [100.4969, 13.7368], [100.4969, 13.7373], [100.497, 13.7374], [100.4973, 13.7383], [100.4976, 13.7393], [100.4975, 13.7393], [100.4962, 13.7397], [100.4949, 13.7402], [100.4941, 13.7406], [100.4937, 13.7409], [100.4931, 13.7413], [100.4923, 13.7421], [100.492, 13.7424], [100.4909, 13.7412], [100.4906, 13.7409], [100.4903, 13.7406], [100.4902, 13.7405], [100.4899, 13.7403], [100.4899, 13.7403], [100.4899, 13.7402], [100.4899, 13.7402], [100.4899, 13.7401], [100.4899, 13.74], [100.4898, 13.74], [100.4897, 13.7399], [100.4896, 13.7397], [100.4895, 13.7396], [100.4894, 13.7395], [100.4893, 13.7394], [100.4892, 13.7392], [100.4892, 13.7391], [100.4891, 13.739], [100.4891, 13.7389], [100.489, 13.7389], [100.489, 13.7387], [100.4889, 13.7386], [100.4889, 13.7385], [100.4888, 13.7384], [100.4887, 13.7383], [100.4887, 13.7382], [100.4886, 13.7381], [100.4886, 13.738], [100.4886, 13.7379], [100.4886, 13.7379], [100.4886, 13.7378], [100.4886, 13.7378], [100.4885, 13.7377], [100.4885, 13.7375], [100.4885, 13.7375], [100.4884, 13.7374], [100.4884, 13.7374], [100.4884, 13.7374], [100.4884, 13.7372], [100.4883, 13.7372], [100.4883, 13.7371], [100.4883, 13.737], [100.4882, 13.7369], [100.4882, 13.7369], [100.4883, 13.7368], [100.4882, 13.7367], [100.4881, 13.7367], [100.4881, 13.7366], [100.4881, 13.7366], [100.4882, 13.7366], [100.4881, 13.7364], [100.488, 13.7363], [100.488, 13.7362], [100.4879, 13.7361], [100.4879, 13.736], [100.4879, 13.736], [100.4878, 13.736], [100.4878, 13.7359], [100.4877, 13.7358], [100.4877, 13.7357], [100.4877, 13.7356], [100.4876, 13.7356], [100.4876, 13.7354], [100.4875, 13.7354], [100.4874, 13.7353], [100.4874, 13.7352], [100.4874, 13.7351], [100.4873, 13.7351], [100.4873, 13.735], [100.4873, 13.7349], [100.4873, 13.7348], [100.4872, 13.7347], [100.4872, 13.7347], [100.4873, 13.7346], [100.4873, 13.7345], [100.4873, 13.7345], [100.4872, 13.7344], [100.4872, 13.7344], [100.4872, 13.7343], [100.4872, 13.7342], [100.4871, 13.7342], [100.4871, 13.7341], [100.4871, 13.734], [100.4869, 13.7337], [100.4869, 13.7336], [100.4868, 13.7336], [100.4868, 13.7335], [100.4868, 13.7333], [100.4867, 13.7333], [100.4867, 13.7332], [100.4867, 13.7331], [100.4867, 13.733], [100.4866, 13.7329], [100.4866, 13.7329], [100.4867, 13.7329], [100.4867, 13.7328], [100.4867, 13.7327], [100.4866, 13.7327], [100.4866, 13.7327], [100.4866, 13.7325], [100.4866, 13.7324], [100.4865, 13.7324], [100.4865, 13.7323], [100.4864, 13.7321], [100.4864, 13.7319], [100.4864, 13.7317], [100.4864, 13.7317], [100.4864, 13.7316], [100.4864, 13.7315], [100.4864, 13.7315], [100.4863, 13.7314], [100.4863, 13.7313], [100.4863, 13.7312], [100.4863, 13.7311], [100.4863, 13.731], [100.4863, 13.7309], [100.4863, 13.7308], [100.4863, 13.7308], [100.4863, 13.7307], [100.4863, 13.7306], [100.4863, 13.7306], [100.4863, 13.7304], [100.4863, 13.7303], [100.4863, 13.7303], [100.4863, 13.7302], [100.4863, 13.73], [100.4862, 13.73], [100.4861, 13.73], [100.4862, 13.7299], [100.4861, 13.7298], [100.4861, 13.7297], [100.4861, 13.7296], [100.4861, 13.7295], [100.486, 13.7294], [100.486, 13.7293], [100.486, 13.7292], [100.486, 13.7291], [100.486, 13.7289], [100.486, 13.7287], [100.4859, 13.7286], [100.486, 13.7285], [100.4859, 13.7283], [100.486, 13.7282], [100.4859, 13.728], [100.4858, 13.728], [100.4858, 13.7278], [100.4858, 13.7276], [100.4857, 13.7274], [100.4856, 13.7271], [100.4855, 13.727], [100.4855, 13.7269], [100.4854, 13.7269], [100.4854, 13.7268], [100.4854, 13.7267], [100.4853, 13.7266], [100.4852, 13.7264], [100.4852, 13.7263], [100.4851, 13.7261], [100.485, 13.726], [100.4849, 13.7257], [100.4849, 13.7256], [100.4849, 13.7256], [100.4848, 13.7256], [100.4848, 13.7255], [100.4848, 13.7255], [100.4847, 13.7254], [100.4847, 13.7253], [100.4847, 13.725], [100.4846, 13.725], [100.4846, 13.7249], [100.4846, 13.7248], [100.4845, 13.7248], [100.4845, 13.7247], [100.4845, 13.7246], [100.4843, 13.7246], [100.4842, 13.7245], [100.4841, 13.7245], [100.484, 13.7245], [100.4839, 13.7244], [100.4839, 13.7243], [100.4837, 13.7242], [100.4836, 13.7242], [100.4835, 13.7241], [100.4834, 13.7241], [100.4833, 13.7241], [100.4832, 13.7241], [100.4828, 13.7239], [100.4828, 13.7239], [100.4827, 13.7239], [100.4826, 13.7239], [100.4825, 13.7238], [100.4823, 13.7237], [100.4821, 13.7237], [100.4819, 13.7236], [100.4819, 13.7236], [100.4818, 13.7235], [100.4818, 13.7235], [100.4817, 13.7235], [100.4816, 13.7235], [100.4816, 13.7234], [100.4814, 13.7234], [100.4812, 13.7233], [100.481, 13.7232], [100.4809, 13.7232], [100.4806, 13.7231], [100.4804, 13.723], [100.4802, 13.723], [100.4801, 13.723], [100.4799, 13.7229], [100.4799, 13.7229], [100.4798, 13.7228], [100.4797, 13.7228], [100.4796, 13.7227], [100.4796, 13.7227], [100.4795, 13.7227], [100.4794, 13.7227], [100.4793, 13.7227], [100.4792, 13.7227], [100.4791, 13.7227], [100.479, 13.7227], [100.479, 13.7226], [100.4789, 13.7226], [100.4788, 13.7226], [100.4787, 13.7226], [100.4786, 13.7225], [100.4786, 13.7225], [100.4785, 13.7225], [100.4783, 13.7225], [100.4782, 13.7225], [100.4777, 13.7224], [100.4776, 13.7224], [100.4775, 13.7224], [100.4774, 13.7224], [100.4773, 13.7224], [100.4772, 13.7223], [100.4767, 13.7223], [100.4765, 13.7223], [100.4765, 13.7222], [100.4765, 13.7222], [100.4762, 13.7222], [100.476, 13.7222], [100.4758, 13.7222], [100.4754, 13.7222], [100.4751, 13.7222], [100.4749, 13.7222], [100.4747, 13.7222], [100.4745, 13.7223], [100.4742, 13.7223], [100.4741, 13.7223], [100.4736, 13.7223], [100.4734, 13.7223], [100.4733, 13.7223], [100.4731, 13.7223], [100.4731, 13.7223], [100.473, 13.7224], [100.4729, 13.7224], [100.4728, 13.7224], [100.4728, 13.7224], [100.4727, 13.7224], [100.4726, 13.7224], [100.4725, 13.7224], [100.4722, 13.7225], [100.4721, 13.7225], [100.472, 13.7225], [100.472, 13.7225], [100.472, 13.7225], [100.4719, 13.7225], [100.4719, 13.7225], [100.4719, 13.7225], [100.4719, 13.7225], [100.4719, 13.7225], [100.4718, 13.7225], [100.4718, 13.7225], [100.4718, 13.7225], [100.4717, 13.7225], [100.4717, 13.7225], [100.4717, 13.7224], [100.4717, 13.7224], [100.4717, 13.7223], [100.4716, 13.7223], [100.4716, 13.722], [100.4716, 13.7218], [100.4716, 13.7217], [100.4716, 13.7217], [100.4716, 13.7216], [100.4716, 13.7215], [100.4716, 13.7213], [100.4716, 13.7212], [100.4715, 13.7211], [100.4714, 13.7209], [100.4713, 13.7207], [100.4712, 13.7206], [100.471, 13.7204], [100.4709, 13.7202], [100.4708, 13.72], [100.4708, 13.72], [100.4707, 13.72], [100.4707, 13.72], [100.4707, 13.72], [100.4706, 13.7199], [100.4706, 13.7197], [100.4705, 13.7196], [100.4706, 13.7196], [100.4706, 13.7196], [100.4706, 13.7196], [100.4706, 13.7196], [100.4705, 13.7196], [100.4705, 13.7196], [100.4705, 13.7196], [100.4705, 13.7195], [100.4704, 13.7194], [100.4704, 13.7193], [100.4703, 13.7193], [100.4703, 13.7193], [100.4703, 13.7193], [100.4702, 13.7192], [100.4702, 13.7192], [100.4702, 13.7191], [100.4702, 13.7191], [100.4701, 13.7191], [100.4701, 13.7191], [100.4701, 13.7191], [100.4701, 13.7191], [100.4701, 13.7191], [100.4701, 13.7191], [100.47, 13.7189], [100.4699, 13.7189], [100.4699, 13.7189], [100.4699, 13.7188], [100.4699, 13.7188], [100.4698, 13.7188], [100.4698, 13.7187], [100.4698, 13.7187], [100.4698, 13.7187], [100.4698, 13.7186], [100.4698, 13.7186], [100.4698, 13.7186], [100.4697, 13.7186], [100.4697, 13.7186], [100.4696, 13.7185], [100.4694, 13.7182], [100.4694, 13.7181], [100.4693, 13.718], [100.4692, 13.7178], [100.4692, 13.7177], [100.4691, 13.7175], [100.4691, 13.7174], [100.4691, 13.717], [100.4691, 13.7166], [100.4691, 13.7165], [100.4691, 13.7164], [100.4692, 13.7163], [100.4692, 13.716], [100.4692, 13.7159], [100.4692, 13.7158], [100.4692, 13.7156], [100.4692, 13.7154], [100.4691, 13.715], [100.4691, 13.7148], [100.4691, 13.7145], [100.469, 13.7143], [100.469, 13.7141], [100.4689, 13.7138], [100.4688, 13.7136], [100.4688, 13.7134], [100.4688, 13.7133], [100.4688, 13.7132], [100.4687, 13.713], [100.4687, 13.7129], [100.4687, 13.7129], [100.4687, 13.7129], [100.4687, 13.7128], [100.4686, 13.7127], [100.4686, 13.7125], [100.4685, 13.7124], [100.4685, 13.7124], [100.4685, 13.7124], [100.4685, 13.7123], [100.4685, 13.7123], [100.4683, 13.7121], [100.4681, 13.712], [100.4678, 13.7118], [100.4677, 13.7117], [100.4677, 13.7117]]]}, "properties": {"DISTRICT_N": "ธนบุรี", "CODE": 1015, "AREA_BMA": 8.551}}, {"type": "Feature", "geometry": {"type": "Polygon", "coordinates": [[[100.5885, 13.8028], [100.5885, 13.8027], [100.5885, 13.8027], [100.5885, 13.8027], [100.5885, 13.8025], [100.5886, 13.8024], [100.5887, 13.8021], [100.5888, 13.8016], [100.5888, 13.8015], [100.5888, 13.8014], [100.5888, 13.8014], [100.5888, 13.8013], [100.5888, 13.8012], [100.5888, 13.8011], [100.5889, 13.801], [100.5889, 13.8009], [100.5889, 13.8009], [100.5889, 13.8008], [100.5889, 13.8008], [100.589, 13.8006], [100.589, 13.8005], [100.589, 13.8004], [100.589, 13.8004], [100.5891, 13.8003], [100.5891, 13.8003], [100.5891, 13.8002], [100.5891, 13.7996], [100.5891, 13.7994], [100.5891, 13.7991], [100.5891, 13.7988], [100.5891, 13.7988], [100.5891, 13.7987], [100.5891, 13.7986], [100.5891, 13.7985], [100.5891, 13.7985], [100.5891, 13.7984], [100.5891, 13.798], [100.5891, 13.798], [100.5891, 13.7979], [100.5891, 13.7978], [100.5892, 13.7972], [100.5892, 13.7972], [100.5892, 13.7971], [100.5893, 13.7971], [100.5893, 13.7969], [100.5893, 13.7967], [100.5893, 13.7967], [100.5893, 13.7966], [100.5893, 13.7966], [100.5893, 13.7964], [100.5893, 13.7963], [100.5894, 13.7962], [100.5894, 13.7962], [100.5894, 13.7961], [100.5894, 13.796], [100.5893, 13.7959], [100.5893, 13.7959], [100.5894, 13.7958], [100.5894, 13.7957], [100.5894, 13.7957], [100.5894, 13.7956], [100.5894, 13.7956], [100.5894, 13.7954], [100.5894, 13.7952], [100.5894, 13.795], [100.5894, 13.7948], [100.5894, 13.7947], [100.5894, 13.7946], [100.5894, 13.7945], [100.5894, 13.7944], [100.5894, 13.7943], [100.5894, 13.7942], [100.5894, 13.7942], [100.5894, 13.7941], [100.5894, 13.794], [100.5894, 13.794], [100.5894, 13.794], [100.5894, 13.7939], [100.5894, 13.7939], [100.5894, 13.7938], [100.5894, 13.7938], [100.5894, 13.7937], [100.5894, 13.7937], [100.5894, 13.7935], [100.5894, 13.7934], [100.5894, 13.7934], [100.5894, 13.7933], [100.5894, 13.7933], [100.5894, 13.7932], [100.5894, 13.7932], [100.5894, 13.7931], [100.5895, 13.793], [100.5895, 13.7928], [100.5895, 13.7926], [100.5895, 13.7921], [100.5895, 13.792], [100.5895, 13.792], [100.5896, 13.7914], [100.5896, 13.7911], [100.5897, 13.7911], [100.5897, 13.7909], [100.5898, 13.7905], [100.5899, 13.7903], [100.5899, 13.7901], [100.59, 13.79], [100.59, 13.7898], [100.5901, 13.7897], [100.5901, 13.7895], [100.5901, 13.7894], [100.5901, 13.7893], [100.5901, 13.7892], [100.5901, 13.7891], [100.5901, 13.7891], [100.5901, 13.789], [100.5901, 13.7887], [100.5901, 13.7885], [100.59, 13.7882], [100.5901, 13.788], [100.5901, 13.7879], [100.59, 13.7876], [100.5901, 13.7873], [100.5901, 13.7871], [100.5901, 13.7868], [100.5902, 13.7866], [100.5902, 13.7865], [100.5902, 13.7864], [100.5903, 13.7863], [100.5903, 13.7861], [100.5905, 13.7857], [100.5906, 13.7855], [100.5906, 13.7855], [100.5906, 13.7854], [100.5906, 13.7854], [100.5907, 13.7854], [100.5907, 13.7854], [100.5909, 13.7848], [100.5912, 13.7842], [100.5913, 13.784], [100.5915, 13.7837], [100.5916, 13.7833], [100.5917, 13.783], [100.5918, 13.7827], [100.5919, 13.7823], [100.592, 13.782], [100.5922, 13.7816], [100.5924, 13.7812], [100.5928, 13.7808], [100.5929, 13.7805], [100.5932, 13.7802], [100.5934, 13.7798], [100.5935, 13.7796], [100.5935, 13.7794], [100.5936, 13.7791], [100.5936, 13.7789], [100.5936, 13.7786], [100.5936, 13.7781], [100.5936, 13.7778], [100.5936, 13.7775], [100.5936, 13.7771], [100.5936, 13.7769], [100.5936, 13.7766], [100.5935, 13.7763], [100.5934, 13.7756], [100.5934, 13.7753], [100.5933, 13.7751], [100.5932, 13.7749], [100.5932, 13.7747], [100.5932, 13.7744], [100.5931, 13.7738], [100.5931, 13.7733], [100.5932, 13.7726], [100.5932, 13.7723], [100.5933, 13.7716], [100.5934, 13.7712], [100.5936, 13.7705], [100.5936, 13.7702], [100.5937, 13.7696], [100.5938, 13.769], [100.5939, 13.7685], [100.5942, 13.7679], [100.5943, 13.7675], [100.5944, 13.7671], [100.5947, 13.7666], [100.5947, 13.7664], [100.5948, 13.7661], [100.5949, 13.7654], [100.5949, 13.7652], [100.5949, 13.765], [100.5949, 13.7645], [100.5948, 13.7644], [100.5948, 13.7642], [100.5948, 13.764], [100.5948, 13.764], [100.5948, 13.7638], [100.5947, 13.7637], [100.5947, 13.7635], [100.5947, 13.7633], [100.5948, 13.7631], [100.5949, 13.7625], [100.595, 13.7622], [100.5951, 13.7622], [100.5951, 13.7621], [100.5952, 13.7619], [100.5954, 13.7614], [100.596, 13.7606], [100.5967, 13.7594], [100.5969, 13.7591], [100.5969, 13.759], [100.5971, 13.7587], [100.5973, 13.7583], [100.5976, 13.7578], [100.5977, 13.7575], [100.5979, 13.7572], [100.5982, 13.7569], [100.5985, 13.7567], [100.5988, 13.7565], [100.5988, 13.7565], [100.5989, 13.7565], [100.599, 13.7563], [100.5991, 13.7562], [100.5992, 13.7561], [100.5993, 13.7559], [100.5994, 13.7558], [100.5994, 13.7558], [100.5999, 13.7554], [100.6004, 13.7549], [100.6008, 13.7545], [100.6012, 13.7541], [100.6014, 13.7539], [100.6017, 13.7536], [100.6021, 13.7532], [100.6024, 13.753], [100.6025, 13.7528], [100.6028, 13.7525], [100.6032, 13.7522], [100.6035, 13.7519], [100.6037, 13.7517], [100.6037, 13.7516], [100.6039, 13.7515], [100.604, 13.7512], [100.6041, 13.7512], [100.6041, 13.7512], [100.6041, 13.7512], [100.6043, 13.7514], [100.6045, 13.7516], [100.6053, 13.7523], [100.6056, 13.7527], [100.6061, 13.753], [100.6064, 13.7534], [100.6069, 13.7538], [100.6072, 13.7541], [100.6073, 13.7542], [100.6076, 13.7544], [100.6081, 13.7548], [100.6083, 13.755], [100.6083, 13.755], [100.6085, 13.7552], [100.6087, 13.7554], [100.6087, 13.7554], [100.6089, 13.7557], [100.6091, 13.7559], [100.6093, 13.7561], [100.6095, 13.7563], [100.6099, 13.7567], [100.6103, 13.757], [100.6104, 13.7571], [100.6104, 13.7571], [100.6105, 13.7571], [100.6107, 13.7573], [100.6107, 13.7573], [100.6109, 13.7574], [100.6111, 13.7576], [100.6113, 13.7578], [100.6114, 13.7579], [100.6115, 13.758], [100.6116, 13.7581], [100.6118, 13.7583], [100.612, 13.7585], [100.6123, 13.7587], [100.6125, 13.7589], [100.6128, 13.7592], [100.613, 13.7594], [100.613, 13.7595], [100.6132, 13.7596], [100.6133, 13.7598], [100.6134, 13.7599], [100.6136, 13.7601], [100.6138, 13.7603], [100.6138, 13.7603], [100.6139, 13.7604], [100.614, 13.7606], [100.614, 13.7606], [100.614, 13.7606], [100.6143, 13.7607], [100.6145, 13.7609], [100.6147, 13.761], [100.6151, 13.7612], [100.6152, 13.7612], [100.6153, 13.7612], [100.6155, 13.7613], [100.6159, 13.7614], [100.616, 13.7614], [100.6161, 13.7615], [100.6164, 13.7616], [100.6167, 13.7617], [100.6168, 13.7616], [100.6171, 13.7617], [100.6172, 13.7617], [100.6176, 13.7617], [100.6179, 13.7617], [100.6184, 13.7617], [100.6186, 13.7618], [100.6189, 13.7618], [100.6191, 13.7618], [100.6192, 13.7618], [100.6193, 13.7618], [100.6193, 13.7619], [100.6194, 13.7619], [100.6195, 13.7619], [100.6195, 13.7619], [100.6195, 13.7619], [100.6196, 13.7619], [100.6196, 13.7619], [100.6202, 13.762], [100.6203, 13.762], [100.6203, 13.7621], [100.6204, 13.7621], [100.6207, 13.7622], [100.6208, 13.7622], [100.6209, 13.7622], [100.6211, 13.7622], [100.6213, 13.7622], [100.6214, 13.7623], [100.6217, 13.7623], [100.6219, 13.7623], [100.6221, 13.7623], [100.6223, 13.7623], [100.6224, 13.7624], [100.6226, 13.7624], [100.6228, 13.7624], [100.623, 13.7624], [100.6231, 13.7624], [100.6232, 13.7624], [100.6233, 13.7624], [100.6236, 13.7625], [100.6239, 13.7625], [100.6241, 13.7625], [100.6245, 13.7626], [100.6247, 13.7626], [100.6249, 13.7626], [100.625, 13.7626], [100.625, 13.7627], [100.6251, 13.7627], [100.6252, 13.7627], [100.6252, 13.7628], [100.6253, 13.7629], [100.6253, 13.7629], [100.6254, 13.7629], [100.6255, 13.7629], [100.6255, 13.7629], [100.6255, 13.7627], [100.6255, 13.7627], [100.6256, 13.7627], [100.6257, 13.7627], [100.6258, 13.7627], [100.626, 13.7627], [100.626, 13.7627], [100.6261, 13.7627], [100.6262, 13.7628], [100.6263, 13.7628], [100.6265, 13.7628], [100.6266, 13.7628], [100.6268, 13.7628], [100.6269, 13.7629], [100.627, 13.7629], [100.6271, 13.7629], [100.6271, 13.7629], [100.6272, 13.763], [100.6274, 13.763], [100.6276, 13.763], [100.6277, 13.763], [100.6277, 13.763], [100.6278, 13.763], [100.6279, 13.763], [100.628, 13.763], [100.6283, 13.763], [100.6287, 13.763], [100.6289, 13.763], [100.6291, 13.763], [100.6292, 13.763], [100.6294, 13.763], [100.6299, 13.7631], [100.6303, 13.7632], [100.6304, 13.7632], [100.6304, 13.7635], [100.6304, 13.7636], [100.6304, 13.7638], [100.6303, 13.7641], [100.6303, 13.7643], [100.6302, 13.7646], [100.6302, 13.7649], [100.6302, 13.765], [100.6301, 13.7652], [100.6301, 13.7654], [100.6301, 13.7655], [100.6301, 13.7658], [100.63, 13.7661], [100.6299, 13.7666], [100.6299, 13.7669], [100.6298, 13.7672], [100.6298, 13.7674], [100.6297, 13.7677], [100.6296, 13.7681], [100.6296, 13.7683], [100.6295, 13.7686], [100.6295, 13.7686], [100.6294, 13.7692], [100.6294, 13.7695], [100.6293, 13.7697], [100.6293, 13.77], [100.6292, 13.7701], [100.6291, 13.7704], [100.6291, 13.7709], [100.629, 13.7711], [100.629, 13.7713], [100.6289, 13.7717], [100.6289, 13.7718], [100.6288, 13.772], [100.6289, 13.7721], [100.6289, 13.7724], [100.6289, 13.7726], [100.6289, 13.7729], [100.6288, 13.773], [100.6288, 13.7732], [100.6287, 13.7736], [100.6286, 13.7738], [100.6286, 13.7739], [100.6286, 13.774], [100.6284, 13.775], [100.6283, 13.7752], [100.6282, 13.7757], [100.6292, 13.7751], [100.6293, 13.7752], [100.6293, 13.7754], [100.6293, 13.7755], [100.6294, 13.7755], [100.6294, 13.7757], [100.6294, 13.7758], [100.6294, 13.776], [100.6295, 13.7761], [100.6295, 13.7763], [100.6295, 13.7764], [100.6296, 13.7766], [100.6296, 13.7767], [100.6296, 13.7768], [100.6297, 13.7771], [100.6297, 13.7772], [100.6297, 13.7774], [100.6298, 13.7776], [100.6298, 13.7776], [100.6298, 13.778], [100.6298, 13.778], [100.6299, 13.7781], [100.6299, 13.7784], [100.6299, 13.7784], [100.63, 13.7787], [100.63, 13.7788], [100.63, 13.7789], [100.6301, 13.7791], [100.6301, 13.7792], [100.6301, 13.7793], [100.6302, 13.7796], [100.6302, 13.7796], [100.6302, 13.7797], [100.6302, 13.7801], [100.6303, 13.7803], [100.6303, 13.7803], [100.6303, 13.7805], [100.6304, 13.7808], [100.6304, 13.7815], [100.6304, 13.7815], [100.6304, 13.7816], [100.6305, 13.7821], [100.6305, 13.7821], [100.6305, 13.7823], [100.6305, 13.7824], [100.6305, 13.7825], [100.6305, 13.7827], [100.6306, 13.7832], [100.6306, 13.7832], [100.6306, 13.7838], [100.6306, 13.784], [100.6306, 13.784], [100.6306, 13.7841], [100.6306, 13.7842], [100.6306, 13.7844], [100.6305, 13.7846], [100.6304, 13.7848], [100.6302, 13.7852], [100.63, 13.7857], [100.6299, 13.786], [100.6299, 13.7861], [100.6299, 13.7861], [100.6298, 13.7864], [100.6295, 13.787], [100.6295, 13.7872], [100.6294, 13.7875], [100.6293, 13.7877], [100.6293, 13.788], [100.6291, 13.7885], [100.6291, 13.7887], [100.6287, 13.7887], [100.6286, 13.7886], [100.6285, 13.7886], [100.6284, 13.7886], [100.6284, 13.7886], [100.6284, 13.7886], [100.6283, 13.7886], [100.6282, 13.7885], [100.628, 13.7885], [100.6275, 13.7884], [100.6271, 13.7883], [100.6268, 13.7883], [100.6265, 13.7882], [100.6264, 13.7882], [100.6263, 13.7882], [100.6261, 13.7881], [100.6259, 13.7881], [100.6258, 13.7885], [100.6258, 13.7886], [100.6257, 13.789], [100.6256, 13.7896], [100.6255, 13.7903], [100.6254, 13.7908], [100.6253, 13.7915], [100.6252, 13.7918], [100.6252, 13.7923], [100.6251, 13.7927], [100.625, 13.793], [100.625, 13.7933], [100.6249, 13.7938], [100.6248, 13.7943], [100.6247, 13.7948], [100.6247, 13.795], [100.6247, 13.7951], [100.6247, 13.7952], [100.6247, 13.7953], [100.6247, 13.7953], [100.6246, 13.7953], [100.6246, 13.7954], [100.6246, 13.7955], [100.6245, 13.7957], [100.6245, 13.7958], [100.6245, 13.7958], [100.6245, 13.7958], [100.6245, 13.7958], [100.6245, 13.7958], [100.6245, 13.7959], [100.6245, 13.7959], [100.6245, 13.7962], [100.6245, 13.7963], [100.6244, 13.7964], [100.6243, 13.7967], [100.6243, 13.7968], [100.6243, 13.7968], [100.6243, 13.7969], [100.6242, 13.797], [100.6242, 13.7973], [100.6241, 13.7977], [100.6241, 13.7982], [100.624, 13.7986], [100.6239, 13.799], [100.6238, 13.7995], [100.6237, 13.8001], [100.6237, 13.8002], [100.6235, 13.8002], [100.6231, 13.8001], [100.6228, 13.8], [100.6226, 13.7999], [100.6218, 13.7998], [100.6214, 13.7998], [100.6206, 13.7997], [100.6202, 13.7996], [100.6198, 13.7996], [100.6197, 13.7995], [100.6192, 13.7995], [100.6185, 13.7995], [100.6177, 13.7994], [100.6173, 13.7994], [100.6166, 13.7994], [100.6162, 13.7993], [100.6158, 13.7994], [100.6156, 13.7995], [100.6155, 13.7996], [100.6153, 13.7996], [100.6151, 13.7997], [100.6151, 13.7997], [100.615, 13.7995], [100.6145, 13.7985], [100.6143, 13.798], [100.6143, 13.7979], [100.6139, 13.797], [100.6138, 13.7968], [100.6137, 13.7966], [100.6136, 13.7963], [100.6135, 13.796], [100.6132, 13.7953], [100.613, 13.7949], [100.6121, 13.7949], [100.6117, 13.7949], [100.6117, 13.7949], [100.6115, 13.7949], [100.6113, 13.7949], [100.6113, 13.7949], [100.6111, 13.7949], [100.6109, 13.7949], [100.6109, 13.7949], [100.6107, 13.7949], [100.6104, 13.7949], [100.6102, 13.7949], [100.61, 13.795], [100.61, 13.795], [100.6097, 13.795], [100.6095, 13.795], [100.6094, 13.795], [100.6092, 13.7951], [100.6089, 13.7951], [100.6086, 13.7951], [100.6083, 13.7952], [100.608, 13.7952], [100.608, 13.7952], [100.6077, 13.7953], [100.6074, 13.7953], [100.6073, 13.7953], [100.6071, 13.7953], [100.6069, 13.7953], [100.6068, 13.7953], [100.6066, 13.7953], [100.6065, 13.7953], [100.6063, 13.7953], [100.6063, 13.7953], [100.6062, 13.7953], [100.6061, 13.7953], [100.6061, 13.7952], [100.6058, 13.7952], [100.6056, 13.7951], [100.6056, 13.7951], [100.6055, 13.7951], [100.6054, 13.7952], [100.6051, 13.7952], [100.6048, 13.7952], [100.6047, 13.7952], [100.6041, 13.7953], [100.6037, 13.7954], [100.6031, 13.7955], [100.6031, 13.7955], [100.6019, 13.7957], [100.6017, 13.7957], [100.6009, 13.7958], [100.6006, 13.7959], [100.6003, 13.796], [100.5997, 13.7961], [100.5996, 13.7961], [100.5995, 13.7962], [100.5995, 13.7962], [100.5994, 13.7963], [100.5979, 13.7976], [100.5972, 13.7983], [100.5972, 13.7983], [100.5972, 13.7984], [100.5972, 13.7984], [100.5972, 13.7984], [100.5972, 13.7988], [100.5972, 13.7989], [100.5972, 13.7989], [100.5972, 13.799], [100.5971, 13.799], [100.597, 13.799], [100.5966, 13.7991], [100.596, 13.7993], [100.596, 13.7993], [100.5959, 13.7993], [100.5959, 13.7993], [100.596, 13.7998], [100.5962, 13.8004], [100.5963, 13.8009], [100.5964, 13.8012], [100.5963, 13.8013], [100.5958, 13.8014], [100.5952, 13.8015], [100.5945, 13.8018], [100.5938, 13.802], [100.5934, 13.8021], [100.5929, 13.8022], [100.5923, 13.8024], [100.5919, 13.8025], [100.5917, 13.8025], [100.5916, 13.8026], [100.5912, 13.8026], [100.5909, 13.8027], [100.5906, 13.8027], [100.5904, 13.8028], [100.5904, 13.8028], [100.5903, 13.8028], [100.5903, 13.8028], [100.5901, 13.8028], [100.5898, 13.8028], [100.5895, 13.8028], [100.5892, 13.8028], [100.5887, 13.8028], [100.5885, 13.8028]]]}, "properties": {"DISTRICT_N": "วังทองหลาง", "CODE": 1045, "AREA_BMA": 19.86499977}}, {"type": "Feature", "geometry": {"type": "Polygon", "coordinates": [[[100.4661, 13.7872], [100.4661, 13.7873], [100.4662, 13.7884], [100.4662, 13.7888], [100.4663, 13.7891], [100.4664, 13.7893], [100.4665, 13.7897], [100.4671, 13.7905], [100.4675, 13.7914], [100.4681, 13.7922], [100.4688, 13.7932], [100.4697, 13.7946], [100.4697, 13.7948], [100.4697, 13.7949], [100.4694, 13.7951], [100.4686, 13.7952], [100.4679, 13.7955], [100.4669, 13.796], [100.4655, 13.7967], [100.4646, 13.797], [100.4638, 13.7972], [100.4631, 13.7974], [100.4621, 13.7976], [100.4614, 13.7978], [100.4606, 13.7979], [100.4597, 13.7981], [100.4588, 13.7982], [100.4581, 13.7983], [100.4574, 13.7983], [100.4568, 13.7984], [100.456, 13.7984], [100.4551, 13.7985], [100.4538, 13.7986], [100.4529, 13.7987], [100.452, 13.7987], [100.4512, 13.7988], [100.4503, 13.7988], [100.4496, 13.7989], [100.4488, 13.7989], [100.4481, 13.7989], [100.4473, 13.799], [100.4468, 13.7991], [100.4462, 13.7991], [100.4455, 13.7991], [100.4449, 13.7992], [100.4444, 13.7992], [100.4436, 13.7992], [100.4429, 13.7993], [100.4418, 13.7993], [100.4416, 13.7993], [100.4413, 13.7993], [100.4409, 13.7993], [100.4399, 13.7994], [100.4393, 13.7995], [100.4388, 13.7995], [100.4379, 13.7996], [100.4373, 13.7997], [100.4366, 13.7998], [100.4359, 13.7998], [100.4355, 13.7998], [100.4351, 13.7998], [100.4346, 13.7999], [100.4342, 13.7999], [100.4336, 13.8], [100.433, 13.8], [100.4324, 13.8], [100.4315, 13.8001], [100.431, 13.8001], [100.4303, 13.8002], [100.4291, 13.8003], [100.4283, 13.8003], [100.4274, 13.8003], [100.4271, 13.8003], [100.4267, 13.8005], [100.4261, 13.8005], [100.4256, 13.8005], [100.4244, 13.8006], [100.4235, 13.8007], [100.4222, 13.8007], [100.4207, 13.8008], [100.42, 13.8009], [100.4194, 13.8009], [100.4182, 13.801], [100.4175, 13.8011], [100.4169, 13.8011], [100.4164, 13.8011], [100.4158, 13.8011], [100.4154, 13.8011], [100.4143, 13.8012], [100.4137, 13.8012], [100.4133, 13.8012], [100.413, 13.8013], [100.4126, 13.8012], [100.4122, 13.8012], [100.4117, 13.8013], [100.4111, 13.8013], [100.4109, 13.7991], [100.4109, 13.7991], [100.4108, 13.7984], [100.4108, 13.7982], [100.4108, 13.7982], [100.4106, 13.7959], [100.4106, 13.7958], [100.4106, 13.7956], [100.4104, 13.7932], [100.4104, 13.7931], [100.4103, 13.7917], [100.4102, 13.791], [100.4102, 13.7909], [100.41, 13.7888], [100.4099, 13.7869], [100.4092, 13.7805], [100.4089, 13.778], [100.4085, 13.7749], [100.4085, 13.7748], [100.4084, 13.7739], [100.4084, 13.7739], [100.4081, 13.7715], [100.4079, 13.7698], [100.4078, 13.769], [100.4077, 13.768], [100.4076, 13.7675], [100.4074, 13.7657], [100.4073, 13.7647], [100.4073, 13.7647], [100.4072, 13.7642], [100.4071, 13.7634], [100.4071, 13.7633], [100.4069, 13.7613], [100.4069, 13.7613], [100.4067, 13.7601], [100.4067, 13.7594], [100.4066, 13.7594], [100.4066, 13.7588], [100.4062, 13.7559], [100.4062, 13.7552], [100.4061, 13.7551], [100.4061, 13.755], [100.4061, 13.7546], [100.4061, 13.7542], [100.4061, 13.7539], [100.4062, 13.7525], [100.4061, 13.7508], [100.4061, 13.7506], [100.4061, 13.7504], [100.4061, 13.7502], [100.406, 13.75], [100.406, 13.7495], [100.4061, 13.7495], [100.4065, 13.7494], [100.4068, 13.7493], [100.4071, 13.7493], [100.4072, 13.7493], [100.4073, 13.7492], [100.4076, 13.7492], [100.4078, 13.7492], [100.4079, 13.7492], [100.4081, 13.7491], [100.4083, 13.7491], [100.4085, 13.749], [100.4087, 13.749], [100.4088, 13.749], [100.409, 13.7489], [100.4093, 13.7489], [100.4096, 13.7488], [100.4098, 13.7487], [100.4101, 13.7487], [100.4102, 13.7487], [100.4103, 13.7486], [100.4103, 13.7486], [100.4104, 13.7486], [100.4105, 13.7486], [100.4108, 13.7485], [100.4111, 13.7485], [100.4113, 13.7484], [100.4115, 13.7484], [100.4118, 13.7483], [100.4121, 13.7482], [100.4126, 13.7481], [100.4129, 13.748], [100.4131, 13.748], [100.4133, 13.7479], [100.4134, 13.7479], [100.4134, 13.7479], [100.4138, 13.7478], [100.4139, 13.7478], [100.4139, 13.7478], [100.4141, 13.7478], [100.4147, 13.7476], [100.4147, 13.7476], [100.4148, 13.7476], [100.4148, 13.7476], [100.4149, 13.7476], [100.4149, 13.7476], [100.4149, 13.7476], [100.415, 13.7476], [100.415, 13.7476], [100.4151, 13.7476], [100.4152, 13.7476], [100.4155, 13.7475], [100.4157, 13.7475], [100.4161, 13.7474], [100.4163, 13.7474], [100.4164, 13.7474], [100.4165, 13.7473], [100.4166, 13.7473], [100.4168, 13.7472], [100.4168, 13.7472], [100.4168, 13.7472], [100.4169, 13.7471], [100.4172, 13.747], [100.4174, 13.7469], [100.4174, 13.7469], [100.4177, 13.7467], [100.418, 13.7466], [100.4182, 13.7464], [100.4183, 13.7463], [100.4183, 13.7463], [100.4183, 13.7463], [100.4184, 13.7463], [100.4184, 13.7463], [100.4185, 13.7462], [100.4188, 13.746], [100.4191, 13.7459], [100.4193, 13.7458], [100.4194, 13.7458], [100.4197, 13.7456], [100.4198, 13.7455], [100.42, 13.7454], [100.4201, 13.7453], [100.4202, 13.7452], [100.4202, 13.7452], [100.4202, 13.7452], [100.4202, 13.7452], [100.4202, 13.7452], [100.4203, 13.7451], [100.4203, 13.7451], [100.4203, 13.7451], [100.4203, 13.745], [100.4204, 13.7449], [100.4206, 13.7448], [100.4207, 13.7447], [100.421, 13.7445], [100.4211, 13.7444], [100.4212, 13.7443], [100.4213, 13.7443], [100.4215, 13.7442], [100.4217, 13.7442], [100.4217, 13.7441], [100.4218, 13.7441], [100.4219, 13.7441], [100.4221, 13.7441], [100.4225, 13.744], [100.4227, 13.7439], [100.4228, 13.7439], [100.4234, 13.7437], [100.4238, 13.7436], [100.424, 13.7436], [100.4244, 13.7436], [100.4245, 13.7435], [100.4247, 13.7435], [100.4248, 13.7435], [100.4249, 13.7435], [100.425, 13.7434], [100.4251, 13.7434], [100.4251, 13.7434], [100.4252, 13.7433], [100.4252, 13.7432], [100.4253, 13.7431], [100.4255, 13.7429], [100.4256, 13.7429], [100.4257, 13.7428], [100.4259, 13.7428], [100.4262, 13.7427], [100.4265, 13.7427], [100.4267, 13.7426], [100.4268, 13.7425], [100.4269, 13.7425], [100.4269, 13.7425], [100.4269, 13.7426], [100.427, 13.7426], [100.427, 13.7425], [100.427, 13.7425], [100.427, 13.7425], [100.427, 13.7425], [100.4271, 13.7425], [100.4271, 13.7425], [100.4271, 13.7425], [100.4271, 13.7425], [100.4271, 13.7425], [100.4271, 13.7425], [100.4272, 13.7425], [100.4273, 13.7424], [100.4276, 13.7424], [100.4281, 13.7423], [100.4286, 13.7424], [100.4289, 13.7423], [100.4292, 13.7423], [100.4292, 13.7423], [100.4297, 13.7423], [100.4299, 13.7423], [100.4302, 13.7424], [100.4303, 13.7424], [100.4303, 13.7424], [100.4303, 13.7424], [100.4303, 13.7424], [100.4304, 13.7424], [100.4304, 13.7424], [100.4304, 13.7424], [100.4305, 13.7424], [100.4306, 13.7424], [100.4306, 13.7424], [100.4309, 13.7423], [100.4309, 13.7423], [100.431, 13.7423], [100.4311, 13.7422], [100.4311, 13.7422], [100.4311, 13.7422], [100.4311, 13.7422], [100.4311, 13.7422], [100.4312, 13.7422], [100.4312, 13.7421], [100.4312, 13.7421], [100.4313, 13.7421], [100.4313, 13.7421], [100.4313, 13.7421], [100.4313, 13.742], [100.4313, 13.742], [100.4313, 13.742], [100.4313, 13.742], [100.4313, 13.7419], [100.4314, 13.7418], [100.4314, 13.7418], [100.4315, 13.7418], [100.4315, 13.7417], [100.4315, 13.7417], [100.4315, 13.7417], [100.4315, 13.7417], [100.4316, 13.7416], [100.4316, 13.7416], [100.4316, 13.7415], [100.4316, 13.7415], [100.4316, 13.7415], [100.4316, 13.7415], [100.4316, 13.7414], [100.4317, 13.7413], [100.4318, 13.7411], [100.4319, 13.741], [100.4321, 13.7406], [100.4322, 13.7405], [100.4323, 13.7405], [100.4323, 13.7405], [100.4324, 13.7404], [100.4325, 13.7404], [100.4325, 13.7403], [100.4328, 13.7403], [100.4331, 13.7403], [100.4334, 13.7403], [100.4335, 13.7403], [100.4337, 13.7403], [100.4341, 13.7403], [100.4343, 13.7402], [100.4346, 13.7402], [100.4347, 13.7402], [100.4349, 13.7401], [100.4351, 13.7401], [100.4353, 13.7401], [100.4355, 13.7401], [100.4359, 13.7401], [100.4362, 13.7401], [100.4366, 13.74], [100.4369, 13.74], [100.4372, 13.74], [100.4375, 13.74], [100.4377, 13.74], [100.4379, 13.7401], [100.4383, 13.7401], [100.4386, 13.7401], [100.4389, 13.74], [100.4392, 13.74], [100.4393, 13.7401], [100.4395, 13.7401], [100.4396, 13.7401], [100.4398, 13.7402], [100.4399, 13.7402], [100.44, 13.7403], [100.4402, 13.7403], [100.4405, 13.7405], [100.4406, 13.7405], [100.4406, 13.7405], [100.4407, 13.7405], [100.4408, 13.7405], [100.4409, 13.7405], [100.4411, 13.7404], [100.4412, 13.7404], [100.4414, 13.7404], [100.4417, 13.7404], [100.4419, 13.7404], [100.4422, 13.7404], [100.4423, 13.7404], [100.4425, 13.7403], [100.4427, 13.7403], [100.443, 13.7402], [100.4431, 13.7402], [100.4431, 13.7402], [100.4432, 13.7402], [100.4434, 13.7403], [100.4437, 13.7404], [100.4439, 13.7405], [100.4439, 13.7405], [100.4439, 13.7406], [100.4442, 13.7406], [100.4446, 13.7407], [100.4447, 13.7406], [100.4448, 13.7406], [100.445, 13.7407], [100.4451, 13.7407], [100.4452, 13.7406], [100.4452, 13.7407], [100.4453, 13.7407], [100.4454, 13.7407], [100.4455, 13.7407], [100.4455, 13.7407], [100.4457, 13.7407], [100.4461, 13.7408], [100.4462, 13.7408], [100.4463, 13.7407], [100.4466, 13.7407], [100.4469, 13.7406], [100.447, 13.7405], [100.4472, 13.7405], [100.4474, 13.7404], [100.4475, 13.7404], [100.4475, 13.7404], [100.4476, 13.7404], [100.4477, 13.7404], [100.4478, 13.7404], [100.4479, 13.7404], [100.4481, 13.7404], [100.4483, 13.7405], [100.4484, 13.7405], [100.4484, 13.7405], [100.4484, 13.7405], [100.4484, 13.7406], [100.4489, 13.7409], [100.449, 13.7409], [100.4491, 13.7409], [100.4492, 13.7409], [100.4493, 13.7408], [100.4495, 13.7407], [100.4496, 13.7406], [100.4497, 13.7406], [100.4498, 13.7405], [100.4498, 13.7405], [100.4498, 13.7405], [100.4499, 13.7405], [100.4499, 13.7405], [100.4499, 13.7405], [100.4499, 13.7405], [100.45, 13.7405], [100.45, 13.7405], [100.4501, 13.7407], [100.4502, 13.7408], [100.4502, 13.7409], [100.4506, 13.7412], [100.4506, 13.7412], [100.4507, 13.7412], [100.4507, 13.7412], [100.4507, 13.7412], [100.4509, 13.7412], [100.4509, 13.7412], [100.451, 13.7412], [100.4512, 13.7412], [100.4516, 13.7411], [100.452, 13.7411], [100.4521, 13.7411], [100.4522, 13.7411], [100.4523, 13.7411], [100.4524, 13.7412], [100.4526, 13.7414], [100.4531, 13.7417], [100.4531, 13.7417], [100.4531, 13.7417], [100.4531, 13.7418], [100.4531, 13.7418], [100.4531, 13.7419], [100.4531, 13.7419], [100.4531, 13.742], [100.4532, 13.742], [100.4532, 13.742], [100.4533, 13.742], [100.4533, 13.742], [100.4534, 13.7421], [100.4535, 13.742], [100.4535, 13.742], [100.4538, 13.742], [100.454, 13.7421], [100.454, 13.7421], [100.4541, 13.7421], [100.4543, 13.7425], [100.4543, 13.7425], [100.4544, 13.7426], [100.4544, 13.7426], [100.4545, 13.7426], [100.4546, 13.7426], [100.4547, 13.7426], [100.4548, 13.7426], [100.4549, 13.7426], [100.4549, 13.7426], [100.455, 13.7425], [100.455, 13.7425], [100.4551, 13.7424], [100.4552, 13.7423], [100.4553, 13.7421], [100.4553, 13.742], [100.4554, 13.742], [100.4554, 13.742], [100.4556, 13.742], [100.4558, 13.7421], [100.456, 13.7421], [100.4561, 13.7421], [100.4561, 13.7421], [100.4562, 13.7421], [100.4562, 13.7421], [100.4563, 13.7422], [100.4564, 13.7422], [100.4565, 13.7424], [100.4566, 13.7425], [100.4567, 13.7426], [100.4568, 13.7427], [100.4568, 13.7428], [100.4569, 13.7429], [100.4569, 13.743], [100.4569, 13.743], [100.4569, 13.7431], [100.4568, 13.7432], [100.4566, 13.7435], [100.4567, 13.7435], [100.4567, 13.7436], [100.4568, 13.7437], [100.4568, 13.7438], [100.457, 13.7439], [100.457, 13.744], [100.4571, 13.744], [100.4571, 13.744], [100.4572, 13.744], [100.4574, 13.7441], [100.4575, 13.7441], [100.4576, 13.7441], [100.4577, 13.744], [100.4577, 13.744], [100.458, 13.744], [100.458, 13.744], [100.4581, 13.7439], [100.4582, 13.7439], [100.4583, 13.7439], [100.4585, 13.7437], [100.4586, 13.7437], [100.4586, 13.7437], [100.4586, 13.7437], [100.4587, 13.7437], [100.4588, 13.7437], [100.4592, 13.7437], [100.4594, 13.7437], [100.4596, 13.7437], [100.4597, 13.7437], [100.4598, 13.7438], [100.4598, 13.7438], [100.4598, 13.7438], [100.4598, 13.7438], [100.4598, 13.7439], [100.4598, 13.7439], [100.4599, 13.7439], [100.4599, 13.7439], [100.4599, 13.7439], [100.46, 13.7439], [100.46, 13.7439], [100.46, 13.7439], [100.4602, 13.744], [100.4605, 13.7441], [100.4607, 13.7442], [100.4613, 13.7443], [100.4617, 13.7444], [100.4622, 13.7445], [100.4622, 13.7449], [100.4622, 13.7457], [100.4622, 13.7461], [100.4622, 13.7466], [100.4623, 13.7472], [100.4623, 13.7477], [100.4624, 13.7483], [100.4624, 13.7486], [100.4624, 13.749], [100.4624, 13.7493], [100.4624, 13.7495], [100.4622, 13.7503], [100.4622, 13.7504], [100.4621, 13.7507], [100.462, 13.7513], [100.4618, 13.7518], [100.4617, 13.7521], [100.4616, 13.7523], [100.4615, 13.7526], [100.4614, 13.7527], [100.4611, 13.7532], [100.4608, 13.7536], [100.4606, 13.754], [100.4603, 13.7545], [100.4602, 13.7548], [100.4601, 13.7549], [100.4599, 13.7554], [100.4596, 13.7559], [100.4595, 13.756], [100.4592, 13.7565], [100.4589, 13.757], [100.4586, 13.7575], [100.4584, 13.7578], [100.458, 13.7585], [100.4578, 13.7588], [100.4575, 13.7593], [100.4573, 13.7596], [100.457, 13.7598], [100.4569, 13.76], [100.4561, 13.7609], [100.4556, 13.7614], [100.4554, 13.7615], [100.4552, 13.7617], [100.455, 13.7619], [100.4547, 13.7622], [100.4545, 13.7625], [100.4543, 13.7627], [100.4542, 13.7629], [100.4541, 13.7631], [100.454, 13.7633], [100.4539, 13.7637], [100.4538, 13.7642], [100.4538, 13.7644], [100.4538, 13.7645], [100.4538, 13.7646], [100.4537, 13.7651], [100.4536, 13.7658], [100.4536, 13.7662], [100.4535, 13.7665], [100.4535, 13.7668], [100.4535, 13.767], [100.4535, 13.7672], [100.4536, 13.7678], [100.4536, 13.768], [100.4537, 13.7683], [100.4537, 13.7685], [100.4537, 13.7689], [100.4539, 13.7691], [100.4539, 13.7691], [100.4539, 13.7692], [100.4539, 13.7693], [100.454, 13.7694], [100.454, 13.7695], [100.454, 13.7696], [100.4539, 13.7698], [100.454, 13.7701], [100.4541, 13.7702], [100.4542, 13.7703], [100.4543, 13.7703], [100.4543, 13.7708], [100.4543, 13.7709], [100.4543, 13.771], [100.4543, 13.7711], [100.4543, 13.7712], [100.4544, 13.7715], [100.4544, 13.7716], [100.4545, 13.7717], [100.4545, 13.7717], [100.4546, 13.772], [100.4546, 13.7721], [100.4547, 13.7724], [100.4547, 13.7726], [100.4548, 13.7727], [100.455, 13.7731], [100.4554, 13.7737], [100.4557, 13.7742], [100.456, 13.7746], [100.4561, 13.7749], [100.4562, 13.7751], [100.4564, 13.7753], [100.4565, 13.7756], [100.4566, 13.7756], [100.4566, 13.7757], [100.4567, 13.7757], [100.4568, 13.7758], [100.4568, 13.7759], [100.4569, 13.776], [100.4568, 13.7761], [100.4568, 13.7761], [100.4573, 13.7767], [100.4574, 13.7769], [100.4574, 13.777], [100.4574, 13.7771], [100.4577, 13.7773], [100.4577, 13.7774], [100.4579, 13.7773], [100.4585, 13.7777], [100.4589, 13.7779], [100.459, 13.778], [100.4592, 13.7781], [100.4593, 13.7782], [100.4593, 13.7782], [100.4595, 13.7783], [100.4596, 13.7783], [100.4596, 13.7783], [100.4599, 13.7785], [100.4606, 13.7787], [100.4607, 13.7788], [100.4611, 13.779], [100.4614, 13.779], [100.4618, 13.7791], [100.4621, 13.7791], [100.4623, 13.7792], [100.4626, 13.7792], [100.4629, 13.7792], [100.4632, 13.7792], [100.4634, 13.7791], [100.4635, 13.7791], [100.4636, 13.779], [100.4639, 13.7789], [100.4642, 13.7788], [100.4649, 13.7787], [100.4652, 13.7787], [100.4653, 13.7787], [100.4656, 13.7787], [100.4658, 13.7787], [100.4662, 13.7788], [100.4664, 13.7788], [100.4665, 13.7789], [100.4666, 13.7789], [100.4667, 13.779], [100.4667, 13.7791], [100.4671, 13.7793], [100.4672, 13.7793], [100.4674, 13.7795], [100.4676, 13.7797], [100.4673, 13.78], [100.4669, 13.7809], [100.4667, 13.7814], [100.4666, 13.7818], [100.4665, 13.7827], [100.4662, 13.7849], [100.4661, 13.7856], [100.466, 13.7863], [100.466, 13.7866], [100.4661, 13.7872], [100.4661, 13.7872]]]}, "properties": {"DISTRICT_N": "ตลิ่งชัน", "CODE": 1019, "AREA_BMA": 29.47900009}}, {"type": "Feature", "geometry": {"type": "Polygon", "coordinates": [[[100.6968, 13.8155], [100.6968, 13.8154], [100.6968, 13.8153], [100.6968, 13.8151], [100.6968, 13.815], [100.6968, 13.815], [100.6969, 13.8147], [100.697, 13.814], [100.6972, 13.8134], [100.6973, 13.8133], [100.6975, 13.8129], [100.6975, 13.8129], [100.6975, 13.8127], [100.6976, 13.8126], [100.6977, 13.8125], [100.6978, 13.8123], [100.6978, 13.8123], [100.6979, 13.8122], [100.698, 13.812], [100.698, 13.8119], [100.6981, 13.8119], [100.6981, 13.8118], [100.6982, 13.8118], [100.6983, 13.8117], [100.6984, 13.8116], [100.6985, 13.8115], [100.6986, 13.8114], [100.6986, 13.8114], [100.6986, 13.8114], [100.6987, 13.8114], [100.6987, 13.8114], [100.6988, 13.8113], [100.6988, 13.8112], [100.6988, 13.8112], [100.6989, 13.8112], [100.699, 13.8111], [100.699, 13.8111], [100.699, 13.8111], [100.699, 13.8111], [100.6991, 13.811], [100.6993, 13.8109], [100.6994, 13.8108], [100.6996, 13.8106], [100.6997, 13.8105], [100.6998, 13.8105], [100.6998, 13.8106], [100.6999, 13.8105], [100.6999, 13.8105], [100.6999, 13.8105], [100.7, 13.8105], [100.7, 13.8104], [100.7, 13.8104], [100.7001, 13.8103], [100.7005, 13.8101], [100.7006, 13.8101], [100.7006, 13.8101], [100.7007, 13.8101], [100.7007, 13.81], [100.701, 13.8099], [100.7013, 13.8097], [100.7014, 13.8096], [100.7016, 13.8094], [100.7017, 13.8093], [100.7018, 13.8092], [100.7018, 13.8091], [100.7019, 13.809], [100.7019, 13.8088], [100.702, 13.8086], [100.702, 13.8084], [100.7021, 13.8083], [100.7021, 13.8082], [100.7021, 13.8081], [100.7021, 13.8077], [100.7021, 13.8076], [100.702, 13.8069], [100.702, 13.8069], [100.7019, 13.8067], [100.7019, 13.8066], [100.7015, 13.8059], [100.7014, 13.8057], [100.7013, 13.8056], [100.7013, 13.8055], [100.701, 13.8051], [100.7008, 13.8049], [100.7006, 13.8047], [100.7006, 13.8047], [100.7005, 13.8046], [100.7005, 13.8046], [100.7005, 13.8045], [100.7006, 13.8044], [100.7007, 13.8042], [100.701, 13.8038], [100.7013, 13.8034], [100.7015, 13.8031], [100.7015, 13.8031], [100.7015, 13.8031], [100.7016, 13.8031], [100.7018, 13.8028], [100.7019, 13.8027], [100.7022, 13.802], [100.7025, 13.8016], [100.703, 13.8009], [100.7034, 13.8002], [100.7037, 13.7997], [100.7038, 13.7995], [100.7047, 13.798], [100.7049, 13.7977], [100.7049, 13.7977], [100.705, 13.7977], [100.7051, 13.7977], [100.7056, 13.798], [100.7062, 13.7983], [100.7064, 13.7978], [100.7069, 13.7971], [100.7072, 13.7965], [100.7075, 13.7959], [100.7076, 13.7958], [100.7077, 13.7955], [100.7078, 13.7954], [100.7078, 13.7953], [100.7079, 13.7952], [100.708, 13.7951], [100.7081, 13.7949], [100.7082, 13.7947], [100.7083, 13.7946], [100.7084, 13.7944], [100.7085, 13.7942], [100.7087, 13.7939], [100.7089, 13.7936], [100.709, 13.7934], [100.7091, 13.7931], [100.7092, 13.7929], [100.7093, 13.7929], [100.7094, 13.7925], [100.7097, 13.7921], [100.71, 13.7916], [100.7102, 13.7912], [100.7104, 13.791], [100.7104, 13.791], [100.7105, 13.7908], [100.7105, 13.7907], [100.7106, 13.7905], [100.7107, 13.7903], [100.7107, 13.7903], [100.7109, 13.7901], [100.7109, 13.79], [100.7112, 13.7894], [100.7118, 13.7884], [100.7123, 13.7876], [100.7123, 13.7876], [100.7127, 13.7868], [100.7131, 13.7861], [100.7136, 13.7852], [100.714, 13.7845], [100.7143, 13.784], [100.7145, 13.7836], [100.7147, 13.7833], [100.7149, 13.7829], [100.7149, 13.7828], [100.715, 13.7827], [100.715, 13.7826], [100.715, 13.7825], [100.7151, 13.7824], [100.7151, 13.7824], [100.7151, 13.7823], [100.7152, 13.7822], [100.7152, 13.782], [100.7152, 13.7819], [100.7153, 13.7819], [100.7154, 13.7816], [100.7154, 13.7816], [100.7154, 13.7815], [100.7154, 13.7814], [100.7154, 13.7813], [100.7154, 13.7812], [100.7154, 13.7811], [100.7154, 13.7811], [100.7154, 13.7811], [100.7154, 13.781], [100.7154, 13.781], [100.7154, 13.7809], [100.7154, 13.7809], [100.7154, 13.7809], [100.7154, 13.7809], [100.7154, 13.7808], [100.7154, 13.7808], [100.7154, 13.7807], [100.7154, 13.7807], [100.7155, 13.7806], [100.7155, 13.7806], [100.7155, 13.7805], [100.7155, 13.7805], [100.7155, 13.7804], [100.7155, 13.7803], [100.7155, 13.7802], [100.7155, 13.7801], [100.7155, 13.7801], [100.7155, 13.78], [100.7156, 13.78], [100.7156, 13.7799], [100.7156, 13.7798], [100.7156, 13.7798], [100.7156, 13.7798], [100.7157, 13.7797], [100.7157, 13.7797], [100.7158, 13.7796], [100.716, 13.779], [100.7162, 13.7784], [100.7163, 13.7782], [100.7164, 13.7782], [100.7164, 13.7781], [100.7164, 13.7781], [100.7169, 13.7781], [100.7171, 13.7781], [100.7181, 13.7781], [100.7182, 13.7781], [100.7187, 13.7781], [100.7191, 13.7782], [100.7196, 13.7782], [100.7197, 13.7782], [100.7199, 13.7782], [100.7203, 13.7783], [100.7206, 13.7783], [100.7207, 13.7783], [100.7207, 13.7783], [100.7207, 13.7783], [100.7209, 13.7782], [100.7213, 13.778], [100.7219, 13.7777], [100.7223, 13.7775], [100.7226, 13.7772], [100.7228, 13.7771], [100.7231, 13.777], [100.7233, 13.7769], [100.7235, 13.7768], [100.7236, 13.7768], [100.7238, 13.7767], [100.724, 13.7766], [100.7243, 13.7764], [100.7246, 13.7763], [100.7249, 13.7762], [100.7251, 13.7762], [100.7255, 13.7761], [100.7257, 13.776], [100.7257, 13.776], [100.7258, 13.776], [100.7258, 13.776], [100.7259, 13.776], [100.7263, 13.776], [100.7266, 13.776], [100.7266, 13.776], [100.7267, 13.776], [100.7267, 13.776], [100.7267, 13.7759], [100.7268, 13.7759], [100.727, 13.7758], [100.7272, 13.7758], [100.7273, 13.7757], [100.7277, 13.7757], [100.728, 13.7757], [100.7281, 13.7757], [100.7282, 13.7756], [100.7282, 13.7756], [100.7283, 13.7756], [100.7283, 13.7756], [100.7285, 13.7756], [100.7286, 13.7756], [100.7288, 13.7755], [100.729, 13.7755], [100.7292, 13.7754], [100.7292, 13.7754], [100.7292, 13.7754], [100.7294, 13.7754], [100.7299, 13.7754], [100.7303, 13.7754], [100.7305, 13.7753], [100.7305, 13.7753], [100.7311, 13.7752], [100.7314, 13.7751], [100.7319, 13.775], [100.7324, 13.7749], [100.733, 13.7749], [100.7332, 13.7748], [100.7335, 13.7748], [100.7336, 13.7748], [100.7336, 13.7748], [100.7337, 13.7748], [100.734, 13.7749], [100.734, 13.7749], [100.7341, 13.775], [100.7342, 13.775], [100.7345, 13.7752], [100.735, 13.7754], [100.7356, 13.7757], [100.7359, 13.7759], [100.7363, 13.776], [100.7364, 13.7761], [100.7369, 13.7764], [100.7371, 13.7765], [100.7374, 13.7768], [100.7377, 13.7771], [100.7378, 13.7771], [100.7379, 13.7772], [100.7379, 13.7772], [100.738, 13.7772], [100.738, 13.7772], [100.738, 13.7772], [100.7382, 13.7773], [100.7386, 13.7774], [100.7387, 13.7774], [100.7388, 13.7774], [100.7388, 13.7774], [100.7389, 13.7774], [100.7389, 13.7772], [100.7389, 13.7767], [100.7389, 13.7765], [100.7389, 13.7765], [100.7389, 13.7765], [100.7389, 13.7764], [100.7389, 13.7764], [100.7389, 13.7764], [100.7389, 13.7762], [100.7389, 13.7758], [100.7389, 13.7753], [100.739, 13.7748], [100.739, 13.7741], [100.739, 13.7739], [100.739, 13.7739], [100.739, 13.7739], [100.739, 13.7738], [100.739, 13.7738], [100.7389, 13.7738], [100.7389, 13.7737], [100.7389, 13.7737], [100.7389, 13.7736], [100.7389, 13.7733], [100.739, 13.7732], [100.7398, 13.7732], [100.7403, 13.7732], [100.7412, 13.7733], [100.7418, 13.7733], [100.7425, 13.7733], [100.7433, 13.7734], [100.7437, 13.7734], [100.7443, 13.7735], [100.7447, 13.7735], [100.7447, 13.7735], [100.7448, 13.7735], [100.7449, 13.7735], [100.745, 13.7735], [100.7454, 13.7735], [100.7456, 13.7735], [100.7458, 13.7735], [100.7461, 13.7735], [100.7463, 13.7735], [100.7464, 13.7735], [100.7464, 13.7739], [100.7464, 13.774], [100.7464, 13.7746], [100.7464, 13.775], [100.7464, 13.775], [100.7464, 13.7753], [100.7464, 13.7753], [100.7464, 13.7755], [100.7465, 13.7766], [100.7465, 13.7767], [100.7465, 13.7768], [100.7465, 13.7777], [100.7465, 13.7779], [100.7485, 13.7779], [100.7509, 13.7779], [100.7525, 13.7779], [100.7534, 13.7779], [100.7539, 13.7779], [100.7539, 13.7779], [100.754, 13.7779], [100.754, 13.7779], [100.754, 13.7779], [100.7541, 13.7779], [100.7541, 13.7779], [100.7541, 13.7779], [100.7541, 13.778], [100.7541, 13.778], [100.7542, 13.778], [100.7542, 13.778], [100.7542, 13.7779], [100.7542, 13.7779], [100.7543, 13.7779], [100.7543, 13.7779], [100.7543, 13.7779], [100.7544, 13.7779], [100.7545, 13.7779], [100.7545, 13.7779], [100.7546, 13.7779], [100.7547, 13.7778], [100.7547, 13.7779], [100.7547, 13.7779], [100.7547, 13.7779], [100.7547, 13.7779], [100.7547, 13.7779], [100.7547, 13.7779], [100.7547, 13.778], [100.7548, 13.778], [100.7548, 13.778], [100.7548, 13.7779], [100.7548, 13.7779], [100.7548, 13.7779], [100.7548, 13.7779], [100.7548, 13.7779], [100.7548, 13.7778], [100.7548, 13.7778], [100.7549, 13.7778], [100.755, 13.7778], [100.755, 13.7778], [100.7551, 13.7778], [100.7551, 13.7778], [100.7552, 13.7778], [100.7552, 13.7778], [100.7553, 13.7778], [100.7553, 13.7778], [100.7554, 13.7778], [100.7554, 13.7777], [100.7555, 13.7777], [100.7556, 13.7776], [100.7556, 13.7776], [100.7557, 13.7776], [100.7558, 13.7775], [100.7558, 13.7775], [100.7559, 13.7774], [100.756, 13.7774], [100.7561, 13.7773], [100.7561, 13.7772], [100.7562, 13.7772], [100.7563, 13.7772], [100.7563, 13.7771], [100.7563, 13.7771], [100.7564, 13.7771], [100.7565, 13.777], [100.7566, 13.7769], [100.7567, 13.7769], [100.7567, 13.7768], [100.7569, 13.7767], [100.757, 13.7766], [100.757, 13.7766], [100.7571, 13.7766], [100.7572, 13.7766], [100.7573, 13.7765], [100.7573, 13.7765], [100.7574, 13.7765], [100.7574, 13.7765], [100.7575, 13.7764], [100.7575, 13.7764], [100.7575, 13.7764], [100.7575, 13.7763], [100.7575, 13.7762], [100.7575, 13.7762], [100.7576, 13.7761], [100.7577, 13.776], [100.7578, 13.776], [100.7579, 13.7759], [100.758, 13.7759], [100.7581, 13.7759], [100.7583, 13.7758], [100.7585, 13.7758], [100.7586, 13.7757], [100.7587, 13.7757], [100.7588, 13.7757], [100.7591, 13.7757], [100.7592, 13.7757], [100.7594, 13.7757], [100.7595, 13.7757], [100.7595, 13.7757], [100.7597, 13.7758], [100.7598, 13.7758], [100.7599, 13.7758], [100.7599, 13.7758], [100.76, 13.7758], [100.7601, 13.7758], [100.7601, 13.7758], [100.7602, 13.7758], [100.7602, 13.7759], [100.7603, 13.776], [100.7604, 13.7761], [100.7605, 13.7761], [100.7606, 13.7763], [100.7607, 13.7763], [100.7607, 13.7764], [100.7607, 13.7764], [100.7608, 13.7765], [100.7609, 13.7766], [100.7609, 13.7767], [100.7608, 13.7768], [100.7608, 13.7769], [100.7608, 13.777], [100.7608, 13.7772], [100.7609, 13.7772], [100.7609, 13.7773], [100.7608, 13.7773], [100.7608, 13.7774], [100.7608, 13.7774], [100.761, 13.7776], [100.7612, 13.7778], [100.7613, 13.7779], [100.7614, 13.7781], [100.7617, 13.7784], [100.7619, 13.7786], [100.7621, 13.7788], [100.7621, 13.7789], [100.7622, 13.7789], [100.7623, 13.779], [100.7624, 13.7791], [100.7626, 13.7792], [100.7627, 13.7793], [100.7629, 13.7794], [100.7629, 13.7795], [100.7629, 13.7796], [100.763, 13.7796], [100.7631, 13.7797], [100.7632, 13.7799], [100.7633, 13.7799], [100.7633, 13.78], [100.7634, 13.78], [100.7635, 13.78], [100.7636, 13.78], [100.7636, 13.78], [100.7637, 13.7801], [100.7639, 13.7804], [100.7639, 13.7805], [100.764, 13.7806], [100.7641, 13.7807], [100.7643, 13.7808], [100.7645, 13.7809], [100.7646, 13.781], [100.7647, 13.7811], [100.7648, 13.7816], [100.7648, 13.7817], [100.7648, 13.7817], [100.765, 13.7817], [100.7658, 13.7817], [100.7671, 13.7816], [100.7675, 13.7816], [100.7676, 13.7816], [100.7676, 13.7816], [100.7676, 13.7817], [100.7676, 13.7818], [100.7676, 13.7819], [100.7677, 13.782], [100.7677, 13.782], [100.7678, 13.782], [100.7682, 13.782], [100.7684, 13.782], [100.7684, 13.782], [100.7685, 13.782], [100.7685, 13.782], [100.7685, 13.7822], [100.7685, 13.7824], [100.7687, 13.7824], [100.7689, 13.7824], [100.769, 13.7824], [100.7692, 13.7824], [100.7693, 13.7824], [100.7693, 13.7825], [100.7694, 13.7825], [100.7696, 13.7825], [100.7699, 13.7825], [100.7702, 13.7826], [100.7705, 13.7826], [100.7707, 13.7826], [100.7712, 13.7826], [100.7716, 13.7826], [100.7717, 13.7826], [100.7719, 13.7826], [100.7719, 13.7826], [100.772, 13.7826], [100.7721, 13.7826], [100.7722, 13.7826], [100.7725, 13.7826], [100.7727, 13.7825], [100.773, 13.7826], [100.7733, 13.7826], [100.7736, 13.7827], [100.7739, 13.7827], [100.7739, 13.7827], [100.7741, 13.7828], [100.7745, 13.7828], [100.7749, 13.7829], [100.7752, 13.7829], [100.7755, 13.783], [100.776, 13.7831], [100.7762, 13.7831], [100.7764, 13.7831], [100.7766, 13.7832], [100.7766, 13.7832], [100.7767, 13.7832], [100.7768, 13.7831], [100.7769, 13.783], [100.7769, 13.7829], [100.7772, 13.7827], [100.7774, 13.7827], [100.7775, 13.7826], [100.7776, 13.7825], [100.7777, 13.7825], [100.7779, 13.7824], [100.7782, 13.7824], [100.7784, 13.7824], [100.7785, 13.7824], [100.7786, 13.7824], [100.7788, 13.7824], [100.779, 13.7823], [100.7798, 13.7823], [100.78, 13.7823], [100.7802, 13.7822], [100.7804, 13.7822], [100.7806, 13.7822], [100.7809, 13.7822], [100.7811, 13.7821], [100.7815, 13.782], [100.7822, 13.7819], [100.7824, 13.7818], [100.7826, 13.7817], [100.7827, 13.7817], [100.781, 13.798], [100.7811, 13.7981], [100.7813, 13.7981], [100.7816, 13.7983], [100.7817, 13.7984], [100.7818, 13.7984], [100.7819, 13.7984], [100.7819, 13.7985], [100.782, 13.7985], [100.7823, 13.7987], [100.7824, 13.7988], [100.7824, 13.7988], [100.7824, 13.7988], [100.7825, 13.7988], [100.7825, 13.7988], [100.7826, 13.7989], [100.7829, 13.7989], [100.7834, 13.799], [100.7835, 13.7991], [100.7838, 13.7991], [100.784, 13.7992], [100.7841, 13.7992], [100.7842, 13.7992], [100.7845, 13.7992], [100.7851, 13.7994], [100.7853, 13.7994], [100.7855, 13.7994], [100.786, 13.7996], [100.7862, 13.7996], [100.7865, 13.7997], [100.7876, 13.8], [100.7877, 13.8001], [100.7882, 13.8002], [100.7883, 13.8003], [100.7883, 13.8004], [100.7884, 13.8005], [100.7884, 13.8005], [100.7886, 13.8003], [100.7887, 13.8001], [100.7889, 13.7999], [100.789, 13.7998], [100.7893, 13.7994], [100.7895, 13.7991], [100.7898, 13.7988], [100.7901, 13.7984], [100.7904, 13.7979], [100.7906, 13.7977], [100.7909, 13.7973], [100.791, 13.7971], [100.7914, 13.7965], [100.7915, 13.7964], [100.7917, 13.7961], [100.7917, 13.7961], [100.7918, 13.796], [100.7919, 13.7959], [100.7922, 13.7957], [100.7924, 13.7956], [100.7929, 13.7953], [100.7933, 13.795], [100.7934, 13.795], [100.7935, 13.7949], [100.7942, 13.7945], [100.7942, 13.7945], [100.7947, 13.7942], [100.7948, 13.7942], [100.7948, 13.7941], [100.7949, 13.7941], [100.795, 13.794], [100.7951, 13.7939], [100.7951, 13.794], [100.7952, 13.7942], [100.7954, 13.7945], [100.7954, 13.7946], [100.7955, 13.7948], [100.7958, 13.7953], [100.7965, 13.7964], [100.7971, 13.7976], [100.7974, 13.798], [100.7975, 13.7982], [100.7978, 13.7986], [100.7978, 13.7986], [100.798, 13.7988], [100.7984, 13.7992], [100.7987, 13.7994], [100.7988, 13.7995], [100.799, 13.7997], [100.7992, 13.7999], [100.7994, 13.8002], [100.7996, 13.8004], [100.7998, 13.8005], [100.8, 13.8006], [100.8001, 13.8007], [100.8005, 13.8009], [100.8008, 13.8011], [100.8008, 13.8012], [100.8012, 13.8014], [100.8019, 13.802], [100.8023, 13.8022], [100.8024, 13.8023], [100.8026, 13.8025], [100.8031, 13.8029], [100.8035, 13.8033], [100.8038, 13.8035], [100.804, 13.8038], [100.8041, 13.8039], [100.8042, 13.8039], [100.8043, 13.804], [100.8044, 13.804], [100.8045, 13.8042], [100.805, 13.8048], [100.8055, 13.8053], [100.806, 13.806], [100.8061, 13.8061], [100.8065, 13.8065], [100.8069, 13.8069], [100.8071, 13.8072], [100.8073, 13.8074], [100.8077, 13.8079], [100.8077, 13.8079], [100.8075, 13.8081], [100.8074, 13.8081], [100.8074, 13.8082], [100.8074, 13.8082], [100.8073, 13.8082], [100.8071, 13.8083], [100.807, 13.8083], [100.8068, 13.8083], [100.8066, 13.8083], [100.8065, 13.8083], [100.8063, 13.8083], [100.806, 13.8082], [100.8058, 13.8081], [100.8056, 13.8081], [100.8055, 13.8081], [100.8053, 13.808], [100.805, 13.808], [100.8048, 13.808], [100.8047, 13.808], [100.8043, 13.808], [100.804, 13.8079], [100.8038, 13.8079], [100.8037, 13.8079], [100.8036, 13.8079], [100.8035, 13.8079], [100.8033, 13.808], [100.8032, 13.8081], [100.8029, 13.8082], [100.8028, 13.8083], [100.8025, 13.8086], [100.8023, 13.8087], [100.8021, 13.809], [100.802, 13.8091], [100.8019, 13.8092], [100.8017, 13.8094], [100.8016, 13.8097], [100.8015, 13.8102], [100.8014, 13.8111], [100.8014, 13.8114], [100.8014, 13.8118], [100.8015, 13.8126], [100.8015, 13.813], [100.8015, 13.8133], [100.8015, 13.8133], [100.8015, 13.8137], [100.8015, 13.8139], [100.8015, 13.814], [100.8015, 13.8143], [100.8014, 13.8146], [100.8013, 13.815], [100.8013, 13.8154], [100.8014, 13.8157], [100.8014, 13.816], [100.8014, 13.8162], [100.8014, 13.8163], [100.8013, 13.8165], [100.8011, 13.8168], [100.8009, 13.8171], [100.8009, 13.8173], [100.8009, 13.8174], [100.8009, 13.8176], [100.801, 13.8179], [100.8011, 13.8183], [100.8011, 13.8187], [100.8012, 13.8193], [100.8012, 13.8196], [100.8013, 13.8199], [100.8014, 13.8203], [100.8015, 13.8206], [100.8016, 13.8208], [100.8016, 13.821], [100.8018, 13.8213], [100.802, 13.8215], [100.8021, 13.8217], [100.8021, 13.8219], [100.8022, 13.822], [100.8022, 13.8222], [100.8023, 13.8223], [100.8023, 13.8225], [100.8024, 13.8226], [100.8024, 13.8227], [100.8025, 13.8228], [100.8026, 13.823], [100.8028, 13.8235], [100.8029, 13.8237], [100.803, 13.8239], [100.8031, 13.824], [100.8033, 13.8243], [100.8034, 13.8245], [100.8035, 13.8248], [100.8036, 13.825], [100.8037, 13.8252], [100.8037, 13.8254], [100.8038, 13.8255], [100.8038, 13.8258], [100.8039, 13.8259], [100.804, 13.8259], [100.8041, 13.8259], [100.8044, 13.8259], [100.8051, 13.8259], [100.8054, 13.8259], [100.8056, 13.826], [100.8058, 13.8261], [100.8058, 13.8262], [100.8058, 13.8263], [100.8057, 13.8267], [100.8057, 13.8268], [100.8057, 13.827], [100.8056, 13.8272], [100.8056, 13.8274], [100.8057, 13.8277], [100.8058, 13.8281], [100.8058, 13.8284], [100.8058, 13.8285], [100.8058, 13.8287], [100.8058, 13.8288], [100.8058, 13.829], [100.8058, 13.8292], [100.8058, 13.8293], [100.8058, 13.8296], [100.8058, 13.8297], [100.8059, 13.8298], [100.8059, 13.8299], [100.8059, 13.83], [100.806, 13.8302], [100.806, 13.8304], [100.8061, 13.8306], [100.8061, 13.8308], [100.8062, 13.831], [100.8063, 13.8312], [100.8064, 13.8315], [100.8064, 13.8316], [100.8065, 13.8318], [100.8066, 13.8321], [100.8066, 13.8323], [100.8067, 13.8326], [100.8068, 13.8327], [100.8068, 13.8328], [100.8068, 13.8329], [100.8068, 13.833], [100.8068, 13.8333], [100.8068, 13.8334], [100.8068, 13.8335], [100.8069, 13.8337], [100.8069, 13.8338], [100.807, 13.834], [100.807, 13.8341], [100.8071, 13.8343], [100.8071, 13.8344], [100.8072, 13.8346], [100.8073, 13.8347], [100.8073, 13.8349], [100.8074, 13.8351], [100.8074, 13.8353], [100.8075, 13.8354], [100.8076, 13.8357], [100.8077, 13.8358], [100.8077, 13.836], [100.8078, 13.8361], [100.8078, 13.8362], [100.8079, 13.8363], [100.8079, 13.8363], [100.8079, 13.8365], [100.808, 13.8368], [100.808, 13.8369], [100.808, 13.837], [100.808, 13.8374], [100.808, 13.8377], [100.808, 13.8379], [100.808, 13.838], [100.8079, 13.8381], [100.8079, 13.8382], [100.8079, 13.8383], [100.8079, 13.8385], [100.8079, 13.8386], [100.8078, 13.8389], [100.8078, 13.8391], [100.8078, 13.8393], [100.8078, 13.8393], [100.8077, 13.8395], [100.8077, 13.8397], [100.8076, 13.8399], [100.8075, 13.8402], [100.8075, 13.8403], [100.8074, 13.8406], [100.8073, 13.8407], [100.8073, 13.841], [100.8071, 13.8415], [100.8069, 13.842], [100.8069, 13.8422], [100.8069, 13.8424], [100.8068, 13.8426], [100.8068, 13.8429], [100.8067, 13.8432], [100.8067, 13.8434], [100.8066, 13.8437], [100.8066, 13.8439], [100.8065, 13.8442], [100.8064, 13.8444], [100.8063, 13.8444], [100.8062, 13.8444], [100.8061, 13.8444], [100.8061, 13.8444], [100.806, 13.8443], [100.806, 13.8443], [100.8059, 13.8443], [100.8058, 13.8444], [100.8057, 13.8444], [100.8051, 13.8442], [100.8048, 13.8442], [100.8048, 13.8441], [100.8044, 13.844], [100.8037, 13.8439], [100.8036, 13.8439], [100.8032, 13.8437], [100.8029, 13.8435], [100.8027, 13.8434], [100.8024, 13.8432], [100.8023, 13.8431], [100.8021, 13.8429], [100.802, 13.8428], [100.8018, 13.8426], [100.8017, 13.8427], [100.8014, 13.8435], [100.8012, 13.8441], [100.801, 13.8446], [100.8007, 13.8453], [100.8005, 13.8457], [100.8003, 13.8461], [100.8001, 13.8465], [100.7999, 13.8468], [100.7997, 13.8472], [100.7996, 13.8476], [100.7995, 13.8479], [100.7995, 13.8482], [100.7994, 13.8483], [100.7994, 13.8485], [100.7994, 13.8485], [100.7994, 13.8486], [100.7993, 13.8487], [100.7992, 13.8488], [100.7992, 13.8489], [100.7992, 13.849], [100.7991, 13.8491], [100.799, 13.8493], [100.7988, 13.8492], [100.7986, 13.8491], [100.7984, 13.8489], [100.7983, 13.8489], [100.7981, 13.8488], [100.7978, 13.8487], [100.7978, 13.8486], [100.7977, 13.8486], [100.7976, 13.8486], [100.7976, 13.8486], [100.7974, 13.8484], [100.7972, 13.8484], [100.797, 13.8482], [100.7968, 13.8481], [100.7967, 13.8481], [100.7967, 13.8481], [100.7966, 13.848], [100.7965, 13.848], [100.7965, 13.8479], [100.7965, 13.8479], [100.7964, 13.8479], [100.7963, 13.8478], [100.7963, 13.8478], [100.7962, 13.8478], [100.7961, 13.8477], [100.7959, 13.8477], [100.7958, 13.8476], [100.7957, 13.8475], [100.7956, 13.8475], [100.7955, 13.8475], [100.7955, 13.8474], [100.7954, 13.8474], [100.7952, 13.8472], [100.7951, 13.8472], [100.795, 13.8471], [100.7948, 13.847], [100.7946, 13.8469], [100.7945, 13.8469], [100.7944, 13.8468], [100.7943, 13.8468], [100.7942, 13.8468], [100.7941, 13.8467], [100.794, 13.8466], [100.7939, 13.8466], [100.7939, 13.8466], [100.7939, 13.8465], [100.7939, 13.8465], [100.7938, 13.8465], [100.7938, 13.8465], [100.7937, 13.8464], [100.7934, 13.8463], [100.7934, 13.8462], [100.7933, 13.8462], [100.7933, 13.8462], [100.7932, 13.8462], [100.7932, 13.8462], [100.7932, 13.8461], [100.7931, 13.8461], [100.7931, 13.8461], [100.793, 13.846], [100.7928, 13.8459], [100.7927, 13.8459], [100.7927, 13.8458], [100.7926, 13.8458], [100.7924, 13.8457], [100.7923, 13.8456], [100.7922, 13.8456], [100.7922, 13.8456], [100.7921, 13.8455], [100.792, 13.8455], [100.7918, 13.8454], [100.7917, 13.8453], [100.7916, 13.8452], [100.7915, 13.8452], [100.7914, 13.8451], [100.7913, 13.8451], [100.7912, 13.845], [100.7911, 13.845], [100.791, 13.8449], [100.7909, 13.8449], [100.7909, 13.8449], [100.7908, 13.8448], [100.7908, 13.8448], [100.7908, 13.8448], [100.7907, 13.8448], [100.7906, 13.8447], [100.7905, 13.8447], [100.7904, 13.8447], [100.7903, 13.8446], [100.7901, 13.8445], [100.7901, 13.8445], [100.7901, 13.8445], [100.79, 13.8444], [100.7899, 13.8443], [100.7898, 13.8443], [100.7896, 13.8441], [100.7896, 13.8441], [100.7895, 13.8441], [100.7895, 13.8441], [100.7894, 13.844], [100.7893, 13.8439], [100.7892, 13.8439], [100.7892, 13.8439], [100.7891, 13.8439], [100.789, 13.8439], [100.789, 13.8438], [100.7889, 13.8438], [100.7887, 13.8436], [100.7885, 13.8436], [100.7883, 13.8435], [100.7882, 13.8434], [100.788, 13.8433], [100.7879, 13.8433], [100.7879, 13.8433], [100.7878, 13.8432], [100.7877, 13.8431], [100.7875, 13.843], [100.7874, 13.8429], [100.7872, 13.8428], [100.7871, 13.8428], [100.7869, 13.8427], [100.7868, 13.8426], [100.7866, 13.8425], [100.7865, 13.8424], [100.7864, 13.8424], [100.7862, 13.8423], [100.7861, 13.8422], [100.786, 13.8422], [100.786, 13.8421], [100.7859, 13.8421], [100.7858, 13.8421], [100.7857, 13.842], [100.7856, 13.8419], [100.7855, 13.8419], [100.7854, 13.8418], [100.7853, 13.8418], [100.7853, 13.8417], [100.7852, 13.8417], [100.7851, 13.8417], [100.785, 13.8416], [100.785, 13.8416], [100.7849, 13.8415], [100.7848, 13.8415], [100.7847, 13.8414], [100.7846, 13.8414], [100.7845, 13.8413], [100.7844, 13.8412], [100.7843, 13.8412], [100.7842, 13.8411], [100.7841, 13.8411], [100.7839, 13.841], [100.7838, 13.8409], [100.7836, 13.8408], [100.7835, 13.8407], [100.7834, 13.8407], [100.7832, 13.8406], [100.7832, 13.8406], [100.7831, 13.8406], [100.783, 13.8405], [100.7829, 13.8405], [100.7828, 13.8404], [100.7827, 13.8404], [100.7826, 13.8403], [100.7825, 13.8402], [100.7823, 13.8402], [100.7822, 13.8401], [100.782, 13.84], [100.7819, 13.8399], [100.7818, 13.8399], [100.7817, 13.8399], [100.7815, 13.8398], [100.7814, 13.8397], [100.7812, 13.8396], [100.7812, 13.8396], [100.7811, 13.8395], [100.7809, 13.8394], [100.7808, 13.8393], [100.7807, 13.8393], [100.7805, 13.8392], [100.7804, 13.8391], [100.7802, 13.839], [100.78, 13.8389], [100.7798, 13.8388], [100.7797, 13.8388], [100.7796, 13.8387], [100.7794, 13.8386], [100.7793, 13.8385], [100.7792, 13.8385], [100.7791, 13.8385], [100.7791, 13.8384], [100.779, 13.8384], [100.7788, 13.8383], [100.7787, 13.8382], [100.7786, 13.8382], [100.7785, 13.8381], [100.7784, 13.8381], [100.7784, 13.838], [100.7782, 13.8379], [100.7782, 13.8379], [100.7781, 13.8379], [100.778, 13.8378], [100.7778, 13.8377], [100.7777, 13.8376], [100.7776, 13.8376], [100.7775, 13.8375], [100.7774, 13.8375], [100.7773, 13.8375], [100.7773, 13.8374], [100.7773, 13.8374], [100.7771, 13.8373], [100.777, 13.8373], [100.7769, 13.8372], [100.7768, 13.8371], [100.7767, 13.8371], [100.7766, 13.837], [100.7765, 13.837], [100.7764, 13.8369], [100.7763, 13.8368], [100.7762, 13.8368], [100.7761, 13.8367], [100.776, 13.8367], [100.7759, 13.8366], [100.7758, 13.8366], [100.7757, 13.8366], [100.7756, 13.8365], [100.7755, 13.8365], [100.7755, 13.8364], [100.7753, 13.8364], [100.7752, 13.8363], [100.7751, 13.8363], [100.775, 13.8362], [100.7749, 13.8361], [100.7748, 13.8361], [100.7747, 13.836], [100.7747, 13.836], [100.7746, 13.836], [100.7745, 13.8359], [100.7745, 13.8359], [100.7744, 13.8358], [100.7743, 13.8358], [100.7743, 13.8358], [100.7742, 13.8358], [100.7742, 13.8357], [100.7741, 13.8357], [100.7741, 13.8357], [100.774, 13.8356], [100.7739, 13.8356], [100.7738, 13.8355], [100.7737, 13.8355], [100.7736, 13.8354], [100.7735, 13.8354], [100.7734, 13.8353], [100.7733, 13.8353], [100.7732, 13.8352], [100.7731, 13.8352], [100.7731, 13.8351], [100.773, 13.8351], [100.773, 13.8351], [100.773, 13.8351], [100.7729, 13.835], [100.7729, 13.835], [100.7728, 13.835], [100.7728, 13.835], [100.7727, 13.8349], [100.7727, 13.8349], [100.7727, 13.8349], [100.7727, 13.8348], [100.7725, 13.8348], [100.7725, 13.8348], [100.7725, 13.8348], [100.7724, 13.8347], [100.7722, 13.8346], [100.772, 13.8345], [100.772, 13.8345], [100.7719, 13.8344], [100.7718, 13.8344], [100.7718, 13.8344], [100.7717, 13.8343], [100.7716, 13.8343], [100.7714, 13.8342], [100.7713, 13.8342], [100.7712, 13.8341], [100.7711, 13.8341], [100.7709, 13.834], [100.7709, 13.8339], [100.7708, 13.8339], [100.7706, 13.8338], [100.7705, 13.8338], [100.7704, 13.8337], [100.7703, 13.8336], [100.7702, 13.8335], [100.7701, 13.8335], [100.77, 13.8335], [100.77, 13.8334], [100.7699, 13.8334], [100.7698, 13.8334], [100.7697, 13.8333], [100.7695, 13.8332], [100.7694, 13.8331], [100.7693, 13.8331], [100.7692, 13.833], [100.769, 13.8329], [100.7689, 13.8329], [100.7688, 13.8328], [100.7686, 13.8327], [100.7685, 13.8327], [100.7685, 13.8326], [100.7684, 13.8326], [100.7683, 13.8325], [100.7682, 13.8325], [100.7681, 13.8324], [100.7679, 13.8323], [100.7678, 13.8323], [100.7677, 13.8322], [100.7677, 13.8322], [100.7675, 13.8321], [100.7674, 13.8321], [100.7673, 13.832], [100.7672, 13.832], [100.7671, 13.8319], [100.7671, 13.8319], [100.7669, 13.8318], [100.7669, 13.8318], [100.7669, 13.8318], [100.7668, 13.8318], [100.7668, 13.8317], [100.7667, 13.8317], [100.7667, 13.8317], [100.7666, 13.8316], [100.7665, 13.8316], [100.7663, 13.8315], [100.7662, 13.8314], [100.766, 13.8313], [100.7659, 13.8312], [100.7659, 13.8312], [100.7658, 13.8312], [100.7657, 13.8311], [100.7656, 13.831], [100.7654, 13.831], [100.7653, 13.8309], [100.7652, 13.8308], [100.7652, 13.8308], [100.7651, 13.8308], [100.7651, 13.8308], [100.765, 13.8307], [100.7649, 13.8307], [100.7648, 13.8306], [100.7647, 13.8306], [100.7646, 13.8305], [100.7645, 13.8304], [100.7644, 13.8304], [100.7643, 13.8303], [100.7642, 13.8303], [100.7641, 13.8303], [100.764, 13.8302], [100.7639, 13.8301], [100.7639, 13.8301], [100.7638, 13.83], [100.7636, 13.83], [100.7636, 13.83], [100.7635, 13.8299], [100.7634, 13.8299], [100.7633, 13.8298], [100.7631, 13.8297], [100.763, 13.8296], [100.7629, 13.8296], [100.7628, 13.8295], [100.7627, 13.8295], [100.7626, 13.8294], [100.7625, 13.8293], [100.7624, 13.8293], [100.7624, 13.8293], [100.7623, 13.8292], [100.7622, 13.8292], [100.7621, 13.8291], [100.762, 13.8291], [100.7619, 13.829], [100.7618, 13.829], [100.7617, 13.8289], [100.7617, 13.8289], [100.7615, 13.8288], [100.7607, 13.8284], [100.7602, 13.8281], [100.7597, 13.8278], [100.7588, 13.8273], [100.7585, 13.8271], [100.7583, 13.8271], [100.7579, 13.8269], [100.7576, 13.8266], [100.7572, 13.8264], [100.7559, 13.8257], [100.7559, 13.8257], [100.7549, 13.8252], [100.7547, 13.8251], [100.7544, 13.8249], [100.7539, 13.8247], [100.7534, 13.8244], [100.7532, 13.8243], [100.7531, 13.8242], [100.7523, 13.8238], [100.7514, 13.8232], [100.751, 13.823], [100.7504, 13.8227], [100.7501, 13.8225], [100.7496, 13.8223], [100.7494, 13.8222], [100.7493, 13.8221], [100.7492, 13.8223], [100.7492, 13.8225], [100.7492, 13.8228], [100.7491, 13.8229], [100.7491, 13.8231], [100.749, 13.8232], [100.7489, 13.8234], [100.7488, 13.8237], [100.7487, 13.8239], [100.7486, 13.8239], [100.7484, 13.8241], [100.748, 13.8243], [100.7479, 13.8244], [100.7477, 13.8244], [100.7474, 13.8245], [100.7471, 13.8246], [100.7469, 13.8246], [100.7468, 13.8247], [100.7467, 13.8248], [100.7467, 13.8249], [100.7466, 13.8251], [100.7465, 13.8254], [100.7464, 13.8256], [100.7464, 13.8259], [100.7463, 13.8262], [100.7463, 13.8265], [100.7463, 13.8266], [100.7463, 13.8268], [100.7462, 13.8271], [100.7462, 13.8273], [100.7461, 13.8274], [100.7461, 13.8276], [100.7461, 13.8279], [100.746, 13.8285], [100.746, 13.8287], [100.7459, 13.8289], [100.7459, 13.829], [100.7459, 13.8291], [100.7459, 13.8293], [100.7458, 13.8296], [100.7458, 13.8298], [100.7458, 13.83], [100.7457, 13.8301], [100.7457, 13.8303], [100.7456, 13.8307], [100.7456, 13.831], [100.7455, 13.8311], [100.7455, 13.8313], [100.7454, 13.8314], [100.7454, 13.8317], [100.7453, 13.8318], [100.7453, 13.8318], [100.7453, 13.8319], [100.7452, 13.832], [100.7452, 13.8321], [100.7452, 13.8321], [100.7451, 13.8322], [100.7451, 13.8324], [100.745, 13.8325], [100.745, 13.8326], [100.7448, 13.8329], [100.7448, 13.8332], [100.7446, 13.8334], [100.7444, 13.8334], [100.7421, 13.833], [100.7378, 13.8322], [100.7374, 13.8321], [100.7368, 13.8336], [100.7363, 13.835], [100.7337, 13.8341], [100.7333, 13.834], [100.7328, 13.8338], [100.7326, 13.8337], [100.7311, 13.8331], [100.7303, 13.8329], [100.7297, 13.8326], [100.7297, 13.8326], [100.7297, 13.8325], [100.7297, 13.8324], [100.7297, 13.8324], [100.7297, 13.8322], [100.7297, 13.8317], [100.7297, 13.8314], [100.7297, 13.8311], [100.7297, 13.8308], [100.7297, 13.8305], [100.7297, 13.8304], [100.7297, 13.8304], [100.7297, 13.8303], [100.7297, 13.8303], [100.7297, 13.8294], [100.7297, 13.8291], [100.7297, 13.8287], [100.7297, 13.8284], [100.7297, 13.828], [100.7297, 13.8277], [100.7292, 13.8277], [100.729, 13.8277], [100.7289, 13.8277], [100.7287, 13.8277], [100.7286, 13.8277], [100.7284, 13.8277], [100.728, 13.8277], [100.7275, 13.8276], [100.7267, 13.8276], [100.7265, 13.8276], [100.7265, 13.8276], [100.7263, 13.8276], [100.7262, 13.8276], [100.7257, 13.8276], [100.7254, 13.8276], [100.7249, 13.8276], [100.7247, 13.8276], [100.7242, 13.8276], [100.7239, 13.8275], [100.7236, 13.8275], [100.7231, 13.8275], [100.7227, 13.8275], [100.7226, 13.8275], [100.7226, 13.8275], [100.7226, 13.8275], [100.7224, 13.8275], [100.7223, 13.8275], [100.7223, 13.8276], [100.7223, 13.8279], [100.7223, 13.8282], [100.7224, 13.8285], [100.7224, 13.8286], [100.7223, 13.8288], [100.7223, 13.8288], [100.7224, 13.8291], [100.7224, 13.8291], [100.7224, 13.8295], [100.7223, 13.8297], [100.7223, 13.8298], [100.7223, 13.8299], [100.7224, 13.8302], [100.7224, 13.8303], [100.7224, 13.8305], [100.7224, 13.8309], [100.7224, 13.8312], [100.7224, 13.8314], [100.7224, 13.8315], [100.7223, 13.8315], [100.7223, 13.8316], [100.7224, 13.8318], [100.7223, 13.8319], [100.7224, 13.832], [100.7223, 13.8322], [100.7223, 13.8325], [100.7223, 13.8326], [100.7223, 13.833], [100.7224, 13.8332], [100.7224, 13.8334], [100.7224, 13.8336], [100.7224, 13.8338], [100.7223, 13.8341], [100.7223, 13.8343], [100.7223, 13.8346], [100.7224, 13.835], [100.7224, 13.8351], [100.7224, 13.8353], [100.7224, 13.8355], [100.7224, 13.8357], [100.7224, 13.8358], [100.7224, 13.8361], [100.7224, 13.8361], [100.7224, 13.8364], [100.7223, 13.8366], [100.7223, 13.8368], [100.7223, 13.837], [100.7223, 13.8372], [100.7223, 13.8374], [100.722, 13.8374], [100.7218, 13.8374], [100.7215, 13.8374], [100.721, 13.8373], [100.7203, 13.8373], [100.7202, 13.8373], [100.7202, 13.8369], [100.7201, 13.8364], [100.7201, 13.8361], [100.7201, 13.8358], [100.7201, 13.8358], [100.7201, 13.8352], [100.7201, 13.835], [100.7201, 13.835], [100.7201, 13.8344], [100.7201, 13.8342], [100.7201, 13.8341], [100.7201, 13.8339], [100.7201, 13.8339], [100.7201, 13.8333], [100.7201, 13.833], [100.7201, 13.833], [100.7201, 13.8323], [100.7202, 13.8315], [100.7198, 13.8315], [100.7189, 13.8315], [100.7186, 13.8315], [100.7186, 13.8315], [100.7171, 13.8314], [100.7157, 13.8314], [100.7153, 13.8314], [100.7149, 13.8314], [100.7146, 13.8314], [100.7145, 13.8305], [100.7145, 13.8298], [100.7145, 13.8292], [100.7145, 13.8285], [100.7145, 13.8279], [100.7145, 13.8279], [100.7145, 13.8269], [100.7145, 13.8254], [100.7146, 13.8248], [100.7146, 13.8246], [100.7147, 13.8245], [100.7148, 13.8243], [100.7148, 13.8242], [100.7148, 13.8242], [100.715, 13.8237], [100.715, 13.8235], [100.7151, 13.8232], [100.7153, 13.8226], [100.7154, 13.822], [100.7154, 13.8219], [100.7153, 13.8219], [100.7147, 13.8218], [100.7141, 13.8217], [100.7137, 13.8217], [100.7133, 13.8217], [100.7128, 13.8216], [100.7124, 13.8216], [100.7123, 13.8216], [100.7123, 13.8216], [100.7122, 13.8216], [100.7121, 13.8216], [100.7121, 13.8216], [100.7121, 13.8217], [100.7121, 13.8218], [100.712, 13.8218], [100.712, 13.8218], [100.712, 13.8219], [100.7121, 13.8219], [100.7121, 13.822], [100.712, 13.822], [100.712, 13.8221], [100.7119, 13.8221], [100.7119, 13.8221], [100.7118, 13.822], [100.7115, 13.822], [100.7109, 13.8219], [100.7103, 13.8218], [100.71, 13.8218], [100.7097, 13.8217], [100.7094, 13.8217], [100.7091, 13.8216], [100.709, 13.8216], [100.7087, 13.8216], [100.7085, 13.8215], [100.7081, 13.8215], [100.708, 13.8215], [100.7078, 13.8214], [100.7075, 13.8214], [100.707, 13.8213], [100.7067, 13.8213], [100.7065, 13.8213], [100.7065, 13.8212], [100.7064, 13.8212], [100.7063, 13.8212], [100.7062, 13.8212], [100.7061, 13.8212], [100.7061, 13.8212], [100.706, 13.8212], [100.7059, 13.8212], [100.7058, 13.8211], [100.7057, 13.8211], [100.7057, 13.821], [100.7057, 13.8208], [100.7057, 13.8207], [100.7056, 13.8205], [100.7054, 13.8204], [100.7053, 13.8204], [100.7052, 13.8203], [100.7051, 13.8202], [100.705, 13.8199], [100.7049, 13.8198], [100.7049, 13.8197], [100.7049, 13.8197], [100.7048, 13.8196], [100.7047, 13.8196], [100.7046, 13.8194], [100.7045, 13.8193], [100.7044, 13.8193], [100.7043, 13.8193], [100.7042, 13.8192], [100.7041, 13.8191], [100.7038, 13.819], [100.7035, 13.8188], [100.7033, 13.8188], [100.7031, 13.8187], [100.7029, 13.8187], [100.7027, 13.8187], [100.7026, 13.8187], [100.7025, 13.8186], [100.7023, 13.8186], [100.7023, 13.8186], [100.7022, 13.8186], [100.7019, 13.8185], [100.7017, 13.8184], [100.7015, 13.8183], [100.7015, 13.8182], [100.7014, 13.8181], [100.7011, 13.818], [100.701, 13.8179], [100.7008, 13.8177], [100.7006, 13.8177], [100.7004, 13.8176], [100.7002, 13.8175], [100.7002, 13.8175], [100.7001, 13.8174], [100.6999, 13.8173], [100.6996, 13.8172], [100.6995, 13.8171], [100.6993, 13.8171], [100.6992, 13.817], [100.6991, 13.8169], [100.699, 13.8169], [100.6989, 13.8168], [100.6988, 13.8167], [100.6985, 13.8165], [100.6984, 13.8164], [100.6982, 13.8163], [100.698, 13.8161], [100.6977, 13.8159], [100.6975, 13.8157], [100.6972, 13.8156], [100.6968, 13.8155]]]}, "properties": {"DISTRICT_N": "มีนบุรี", "CODE": 1010, "AREA_BMA": 63.64500046}}, {"type": "Feature", "geometry": {"type": "Polygon", "coordinates": [[[100.4758, 13.662], [100.4758, 13.6619], [100.4758, 13.6619], [100.4753, 13.6618], [100.4752, 13.6618], [100.475, 13.6618], [100.4747, 13.6618], [100.4746, 13.6617], [100.4743, 13.6617], [100.474, 13.6617], [100.4732, 13.6616], [100.4731, 13.6616], [100.473, 13.6615], [100.4724, 13.6615], [100.4715, 13.6614], [100.4708, 13.6613], [100.4707, 13.6613], [100.4704, 13.6612], [100.4702, 13.6612], [100.47, 13.6611], [100.4699, 13.6611], [100.4699, 13.6611], [100.4699, 13.6609], [100.47, 13.6608], [100.47, 13.6607], [100.47, 13.6606], [100.47, 13.6606], [100.47, 13.6604], [100.4701, 13.6603], [100.4701, 13.6602], [100.4701, 13.6601], [100.4702, 13.6599], [100.4702, 13.6598], [100.4703, 13.6595], [100.4703, 13.6592], [100.4703, 13.6589], [100.4704, 13.6586], [100.4705, 13.6583], [100.4705, 13.6581], [100.4705, 13.6581], [100.4706, 13.658], [100.4706, 13.658], [100.4706, 13.6578], [100.4707, 13.6575], [100.4707, 13.6574], [100.4707, 13.6573], [100.4708, 13.6572], [100.4708, 13.6572], [100.4708, 13.6571], [100.4708, 13.6568], [100.4708, 13.6568], [100.4709, 13.6568], [100.4709, 13.6566], [100.4709, 13.6566], [100.4709, 13.6565], [100.4709, 13.6562], [100.4709, 13.6562], [100.4709, 13.6562], [100.471, 13.6561], [100.471, 13.6561], [100.471, 13.6558], [100.471, 13.6555], [100.4711, 13.6552], [100.4712, 13.6548], [100.4712, 13.6545], [100.4713, 13.6541], [100.4714, 13.6537], [100.4714, 13.6536], [100.4714, 13.6535], [100.4715, 13.6531], [100.4715, 13.6528], [100.4716, 13.6527], [100.4716, 13.6524], [100.4716, 13.6523], [100.4716, 13.6523], [100.4716, 13.6523], [100.4716, 13.6523], [100.4716, 13.6522], [100.4717, 13.652], [100.4717, 13.6519], [100.4717, 13.6519], [100.4718, 13.6518], [100.4718, 13.6518], [100.4718, 13.6518], [100.4718, 13.6518], [100.4719, 13.6515], [100.4719, 13.6515], [100.4719, 13.6514], [100.4719, 13.6514], [100.4719, 13.6513], [100.4719, 13.6513], [100.4719, 13.6512], [100.4719, 13.6512], [100.4719, 13.6511], [100.4719, 13.651], [100.472, 13.6506], [100.4721, 13.6502], [100.4722, 13.65], [100.4723, 13.6496], [100.4723, 13.6494], [100.4724, 13.6489], [100.4725, 13.6481], [100.4725, 13.648], [100.4725, 13.6479], [100.4726, 13.6474], [100.4727, 13.6467], [100.4728, 13.6463], [100.4729, 13.646], [100.4729, 13.6453], [100.4729, 13.645], [100.473, 13.6444], [100.4731, 13.6439], [100.4731, 13.6434], [100.4732, 13.6433], [100.4732, 13.6433], [100.4733, 13.6424], [100.4734, 13.6417], [100.4734, 13.6412], [100.4735, 13.6405], [100.4735, 13.6399], [100.4735, 13.6397], [100.4735, 13.6394], [100.4737, 13.6386], [100.4739, 13.6381], [100.4743, 13.6367], [100.4745, 13.6362], [100.4745, 13.6359], [100.4747, 13.6356], [100.4747, 13.6354], [100.4747, 13.6353], [100.4748, 13.6353], [100.4748, 13.6352], [100.4748, 13.6351], [100.4748, 13.635], [100.4749, 13.635], [100.4749, 13.6349], [100.4749, 13.6349], [100.4749, 13.6347], [100.4749, 13.6346], [100.4749, 13.6345], [100.4749, 13.6343], [100.4749, 13.6342], [100.475, 13.634], [100.475, 13.634], [100.475, 13.6337], [100.475, 13.6336], [100.475, 13.6334], [100.475, 13.6333], [100.475, 13.6332], [100.475, 13.6332], [100.475, 13.633], [100.475, 13.6329], [100.475, 13.6327], [100.475, 13.6326], [100.475, 13.6324], [100.475, 13.6323], [100.4751, 13.6322], [100.4751, 13.6321], [100.4751, 13.632], [100.4751, 13.632], [100.4752, 13.6318], [100.4753, 13.6317], [100.4754, 13.6315], [100.4755, 13.6313], [100.4755, 13.6313], [100.4755, 13.6312], [100.4755, 13.6311], [100.4756, 13.6309], [100.4756, 13.6309], [100.4756, 13.6308], [100.4756, 13.6306], [100.4756, 13.6306], [100.4756, 13.6304], [100.4756, 13.6302], [100.4756, 13.63], [100.4755, 13.6298], [100.4755, 13.6298], [100.4754, 13.6297], [100.4754, 13.6296], [100.4753, 13.6296], [100.4752, 13.6295], [100.4751, 13.6295], [100.475, 13.6294], [100.4749, 13.6294], [100.4748, 13.6294], [100.4746, 13.6293], [100.4745, 13.6293], [100.4744, 13.6292], [100.4743, 13.6291], [100.4742, 13.629], [100.4741, 13.629], [100.474, 13.6288], [100.474, 13.6287], [100.474, 13.6286], [100.474, 13.6284], [100.4741, 13.6283], [100.4742, 13.6282], [100.4743, 13.6279], [100.4744, 13.6277], [100.4744, 13.6275], [100.4744, 13.6274], [100.4744, 13.6274], [100.4744, 13.6274], [100.4744, 13.6273], [100.4743, 13.6273], [100.4742, 13.6272], [100.4742, 13.6272], [100.4741, 13.6272], [100.474, 13.6271], [100.4738, 13.627], [100.4738, 13.6269], [100.4737, 13.6269], [100.4737, 13.6268], [100.4737, 13.6268], [100.4736, 13.6268], [100.4736, 13.6268], [100.4735, 13.6268], [100.4734, 13.6267], [100.4732, 13.6263], [100.4731, 13.626], [100.473, 13.626], [100.473, 13.6259], [100.4729, 13.6258], [100.4727, 13.6256], [100.4726, 13.6256], [100.4725, 13.6255], [100.4724, 13.6255], [100.4723, 13.6254], [100.4723, 13.6253], [100.4721, 13.625], [100.4721, 13.6249], [100.4721, 13.6248], [100.4721, 13.6248], [100.4721, 13.6247], [100.4721, 13.6246], [100.4721, 13.6245], [100.4721, 13.6242], [100.4721, 13.6242], [100.4721, 13.6241], [100.4722, 13.6241], [100.4722, 13.624], [100.4722, 13.6239], [100.4726, 13.6237], [100.4731, 13.6235], [100.4732, 13.6234], [100.4732, 13.6234], [100.4732, 13.6234], [100.4732, 13.6234], [100.4732, 13.6233], [100.4733, 13.6233], [100.4733, 13.6233], [100.4733, 13.6233], [100.4733, 13.6233], [100.4734, 13.6233], [100.4734, 13.6233], [100.4734, 13.6232], [100.4735, 13.6232], [100.4735, 13.6232], [100.4735, 13.6232], [100.4736, 13.6231], [100.4736, 13.6231], [100.4736, 13.6231], [100.4736, 13.6231], [100.4736, 13.6231], [100.4736, 13.623], [100.4737, 13.623], [100.4737, 13.623], [100.4738, 13.623], [100.4738, 13.6229], [100.4738, 13.6229], [100.4738, 13.6229], [100.4738, 13.6229], [100.4739, 13.6228], [100.4739, 13.6227], [100.474, 13.6227], [100.474, 13.6226], [100.4741, 13.6225], [100.4741, 13.6224], [100.4741, 13.6224], [100.4742, 13.6223], [100.4742, 13.6222], [100.4742, 13.6221], [100.4742, 13.622], [100.4743, 13.6218], [100.4744, 13.6217], [100.4744, 13.6217], [100.4744, 13.6217], [100.4744, 13.6217], [100.4744, 13.6216], [100.4745, 13.6216], [100.4747, 13.6215], [100.4748, 13.6214], [100.4751, 13.6212], [100.4752, 13.6211], [100.4752, 13.6211], [100.4752, 13.621], [100.4754, 13.6208], [100.4755, 13.6207], [100.4756, 13.6206], [100.4757, 13.6205], [100.4758, 13.6205], [100.4758, 13.6204], [100.4759, 13.6204], [100.476, 13.6203], [100.4762, 13.6201], [100.4762, 13.6201], [100.4762, 13.6201], [100.4763, 13.6201], [100.4764, 13.6201], [100.4764, 13.62], [100.4764, 13.62], [100.4765, 13.62], [100.4765, 13.62], [100.4766, 13.62], [100.4766, 13.62], [100.4767, 13.62], [100.4768, 13.6199], [100.4768, 13.62], [100.477, 13.62], [100.4771, 13.62], [100.4771, 13.62], [100.4772, 13.62], [100.4772, 13.6199], [100.4773, 13.6199], [100.4774, 13.62], [100.4775, 13.62], [100.4776, 13.62], [100.4777, 13.6199], [100.4777, 13.6199], [100.4778, 13.6199], [100.4778, 13.6199], [100.4779, 13.6199], [100.4779, 13.6199], [100.478, 13.6199], [100.478, 13.6199], [100.4781, 13.6199], [100.4781, 13.6199], [100.4782, 13.6199], [100.4782, 13.6199], [100.4783, 13.6198], [100.4783, 13.6198], [100.4784, 13.6198], [100.4784, 13.6198], [100.4784, 13.6197], [100.4785, 13.6196], [100.4785, 13.6196], [100.4785, 13.6196], [100.4785, 13.6195], [100.4785, 13.6195], [100.4785, 13.6194], [100.4786, 13.6194], [100.4786, 13.6193], [100.4786, 13.6193], [100.4786, 13.6192], [100.4786, 13.6191], [100.4786, 13.6191], [100.4786, 13.619], [100.4785, 13.619], [100.4785, 13.6188], [100.4785, 13.6187], [100.4785, 13.6186], [100.4786, 13.6183], [100.4786, 13.6183], [100.4786, 13.6183], [100.4786, 13.6183], [100.4786, 13.6182], [100.4786, 13.6182], [100.4788, 13.6181], [100.4791, 13.6181], [100.4794, 13.6181], [100.4797, 13.618], [100.4797, 13.618], [100.4797, 13.6181], [100.4797, 13.6181], [100.4798, 13.6181], [100.4798, 13.6181], [100.4798, 13.6181], [100.4798, 13.6181], [100.4798, 13.6181], [100.4798, 13.6181], [100.4798, 13.6181], [100.4798, 13.6181], [100.4798, 13.618], [100.4798, 13.618], [100.4798, 13.618], [100.4798, 13.618], [100.4798, 13.618], [100.4798, 13.618], [100.4798, 13.6179], [100.4799, 13.6179], [100.4799, 13.6179], [100.48, 13.6179], [100.48, 13.6179], [100.4801, 13.6178], [100.4801, 13.6177], [100.4802, 13.6177], [100.4802, 13.6177], [100.4802, 13.6177], [100.4803, 13.6177], [100.4803, 13.6176], [100.4803, 13.6176], [100.4804, 13.6175], [100.4804, 13.6174], [100.4806, 13.6172], [100.4808, 13.617], [100.4809, 13.6167], [100.4811, 13.6165], [100.4811, 13.6165], [100.4812, 13.6164], [100.4812, 13.6164], [100.4812, 13.6164], [100.4813, 13.6162], [100.4814, 13.616], [100.4814, 13.616], [100.4815, 13.6157], [100.4815, 13.6157], [100.4815, 13.6156], [100.4815, 13.6155], [100.4815, 13.6154], [100.4815, 13.6154], [100.4815, 13.6153], [100.4815, 13.6152], [100.4815, 13.615], [100.4815, 13.6149], [100.4815, 13.6147], [100.4815, 13.6146], [100.4815, 13.6145], [100.4815, 13.6144], [100.4815, 13.6144], [100.4815, 13.6143], [100.4815, 13.614], [100.4815, 13.6139], [100.4815, 13.6137], [100.4815, 13.6136], [100.4815, 13.6135], [100.4815, 13.6135], [100.4816, 13.6135], [100.4816, 13.6135], [100.4816, 13.6134], [100.4816, 13.6134], [100.4816, 13.6134], [100.4816, 13.6133], [100.4816, 13.6132], [100.4816, 13.6131], [100.4816, 13.613], [100.4816, 13.613], [100.4816, 13.613], [100.4816, 13.613], [100.4816, 13.6129], [100.4816, 13.6129], [100.4817, 13.6128], [100.4817, 13.6128], [100.4817, 13.6127], [100.4817, 13.6127], [100.4817, 13.6126], [100.4817, 13.6126], [100.4816, 13.6125], [100.4816, 13.6125], [100.4816, 13.6125], [100.4816, 13.6125], [100.4816, 13.6125], [100.4816, 13.6125], [100.4816, 13.6124], [100.4816, 13.6124], [100.4816, 13.6124], [100.4815, 13.6123], [100.4815, 13.6123], [100.4815, 13.6123], [100.4815, 13.6123], [100.4815, 13.6122], [100.4815, 13.6122], [100.4815, 13.6122], [100.4815, 13.6121], [100.4815, 13.6121], [100.4815, 13.6121], [100.4814, 13.6121], [100.4814, 13.612], [100.4813, 13.612], [100.4813, 13.6119], [100.4813, 13.6118], [100.4812, 13.6118], [100.4812, 13.6118], [100.4812, 13.6118], [100.4812, 13.6117], [100.4812, 13.6117], [100.4811, 13.6116], [100.4811, 13.6115], [100.4811, 13.6115], [100.4811, 13.6115], [100.4811, 13.6115], [100.4811, 13.6115], [100.4811, 13.6115], [100.4811, 13.6114], [100.4811, 13.6114], [100.4811, 13.6114], [100.4811, 13.6114], [100.4812, 13.6114], [100.4812, 13.6114], [100.4811, 13.6113], [100.4811, 13.6113], [100.4811, 13.6113], [100.4811, 13.6113], [100.4811, 13.6113], [100.4811, 13.6113], [100.4811, 13.6113], [100.481, 13.6113], [100.481, 13.6112], [100.481, 13.611], [100.4809, 13.611], [100.4809, 13.6109], [100.481, 13.6109], [100.481, 13.6109], [100.481, 13.6108], [100.481, 13.6108], [100.4809, 13.6107], [100.4809, 13.6107], [100.4809, 13.6106], [100.4809, 13.6106], [100.4808, 13.6106], [100.4808, 13.6105], [100.4808, 13.6105], [100.4808, 13.6105], [100.4808, 13.6104], [100.4808, 13.6104], [100.4808, 13.6103], [100.4808, 13.6103], [100.4808, 13.6103], [100.4809, 13.6103], [100.4808, 13.6102], [100.4808, 13.6102], [100.4808, 13.6102], [100.4808, 13.6102], [100.4808, 13.6101], [100.4808, 13.61], [100.4808, 13.6099], [100.4808, 13.6098], [100.4808, 13.6096], [100.4808, 13.6094], [100.4808, 13.6093], [100.4807, 13.6092], [100.4806, 13.6091], [100.4806, 13.609], [100.4806, 13.6089], [100.4805, 13.6089], [100.4805, 13.6088], [100.4804, 13.6087], [100.4803, 13.6085], [100.4801, 13.6083], [100.4799, 13.6081], [100.4798, 13.6079], [100.4796, 13.6077], [100.4796, 13.6076], [100.4796, 13.6075], [100.4795, 13.6074], [100.4795, 13.6074], [100.4795, 13.6073], [100.4796, 13.6073], [100.4796, 13.6072], [100.4796, 13.6072], [100.4796, 13.6071], [100.4796, 13.6071], [100.4796, 13.6071], [100.4795, 13.6071], [100.4795, 13.607], [100.4795, 13.607], [100.4796, 13.6069], [100.4796, 13.6069], [100.4796, 13.6068], [100.4796, 13.6067], [100.4796, 13.6066], [100.4796, 13.6066], [100.4796, 13.6066], [100.4796, 13.6065], [100.4796, 13.6065], [100.4796, 13.6064], [100.4796, 13.6064], [100.4797, 13.6064], [100.4797, 13.6064], [100.4797, 13.6064], [100.4797, 13.6064], [100.4797, 13.6063], [100.4797, 13.6062], [100.4797, 13.6062], [100.4797, 13.6061], [100.4796, 13.6061], [100.4796, 13.606], [100.4796, 13.606], [100.4796, 13.606], [100.4795, 13.6059], [100.4795, 13.6058], [100.4794, 13.6058], [100.4793, 13.6057], [100.4792, 13.6056], [100.479, 13.6055], [100.479, 13.6055], [100.4789, 13.6055], [100.4789, 13.6055], [100.4789, 13.6055], [100.4788, 13.6055], [100.4788, 13.6055], [100.4788, 13.6055], [100.4788, 13.6056], [100.4788, 13.6056], [100.4787, 13.6056], [100.4787, 13.6056], [100.4787, 13.6057], [100.4786, 13.6057], [100.4785, 13.6057], [100.4784, 13.6058], [100.4784, 13.6058], [100.4783, 13.6058], [100.4783, 13.6058], [100.4783, 13.6058], [100.4783, 13.6058], [100.4782, 13.6058], [100.4782, 13.6056], [100.4781, 13.6055], [100.4779, 13.6053], [100.4778, 13.6051], [100.4777, 13.605], [100.4775, 13.6048], [100.4774, 13.6047], [100.4774, 13.6047], [100.4774, 13.6047], [100.4773, 13.6046], [100.4773, 13.6046], [100.4773, 13.6046], [100.4772, 13.6046], [100.4772, 13.6046], [100.4772, 13.6045], [100.4772, 13.6045], [100.4772, 13.6045], [100.4772, 13.6045], [100.4772, 13.6045], [100.4772, 13.6045], [100.4771, 13.6044], [100.4771, 13.6044], [100.4771, 13.6044], [100.4771, 13.6044], [100.4771, 13.6043], [100.477, 13.6043], [100.477, 13.6043], [100.477, 13.6042], [100.477, 13.6042], [100.477, 13.6042], [100.477, 13.6042], [100.477, 13.6041], [100.4769, 13.6041], [100.4769, 13.604], [100.4769, 13.604], [100.4769, 13.604], [100.4769, 13.6039], [100.4769, 13.6039], [100.4769, 13.6038], [100.4768, 13.6037], [100.4768, 13.6037], [100.4768, 13.6037], [100.4768, 13.6036], [100.4768, 13.6036], [100.4769, 13.6036], [100.4769, 13.6035], [100.4769, 13.6034], [100.4769, 13.6034], [100.477, 13.6033], [100.477, 13.6033], [100.477, 13.6033], [100.477, 13.6032], [100.477, 13.6032], [100.477, 13.6031], [100.477, 13.6031], [100.477, 13.6031], [100.4772, 13.6029], [100.4776, 13.6025], [100.4778, 13.6021], [100.4779, 13.602], [100.4779, 13.6019], [100.4778, 13.6015], [100.4776, 13.6011], [100.4775, 13.6008], [100.4773, 13.6005], [100.4772, 13.6002], [100.4771, 13.6], [100.477, 13.5996], [100.477, 13.5995], [100.477, 13.5994], [100.4771, 13.5993], [100.4773, 13.5991], [100.4774, 13.5991], [100.4775, 13.599], [100.4779, 13.5989], [100.4782, 13.5986], [100.4783, 13.5985], [100.4785, 13.5984], [100.4786, 13.5983], [100.4788, 13.5982], [100.4789, 13.5982], [100.4791, 13.5982], [100.4796, 13.5982], [100.4798, 13.5983], [100.4801, 13.5983], [100.4803, 13.5983], [100.4805, 13.5983], [100.4806, 13.5981], [100.4808, 13.598], [100.4808, 13.5978], [100.4809, 13.5977], [100.4809, 13.5976], [100.4809, 13.5974], [100.4809, 13.5971], [100.481, 13.5969], [100.481, 13.5966], [100.481, 13.5963], [100.4811, 13.5962], [100.4811, 13.5961], [100.4811, 13.596], [100.4812, 13.5959], [100.4812, 13.5958], [100.4813, 13.5954], [100.4814, 13.595], [100.4814, 13.5949], [100.4814, 13.5948], [100.4815, 13.5946], [100.4816, 13.5942], [100.4816, 13.594], [100.4816, 13.5937], [100.4816, 13.5932], [100.4817, 13.5931], [100.4817, 13.593], [100.4819, 13.5928], [100.482, 13.5926], [100.4823, 13.5924], [100.4825, 13.5923], [100.4827, 13.5923], [100.4829, 13.5923], [100.483, 13.5922], [100.4834, 13.5921], [100.4836, 13.5919], [100.4837, 13.5919], [100.4838, 13.5917], [100.4839, 13.5917], [100.4842, 13.5915], [100.4843, 13.5914], [100.4845, 13.5914], [100.4847, 13.5913], [100.4849, 13.5912], [100.485, 13.5912], [100.4852, 13.5911], [100.4857, 13.5908], [100.4861, 13.5906], [100.4863, 13.5905], [100.4865, 13.5905], [100.4869, 13.5903], [100.4873, 13.59], [100.4876, 13.5897], [100.4878, 13.5896], [100.488, 13.5896], [100.4882, 13.5896], [100.4884, 13.5896], [100.4886, 13.5895], [100.4888, 13.5891], [100.4891, 13.5888], [100.4894, 13.5886], [100.4895, 13.5885], [100.4896, 13.5884], [100.4897, 13.5882], [100.4899, 13.5879], [100.49, 13.5877], [100.4901, 13.5876], [100.4903, 13.5874], [100.4906, 13.587], [100.4922, 13.5869], [100.4923, 13.587], [100.4926, 13.587], [100.4927, 13.587], [100.493, 13.5871], [100.4933, 13.5871], [100.4935, 13.5872], [100.4936, 13.5872], [100.4938, 13.5874], [100.4938, 13.5875], [100.4939, 13.5876], [100.4939, 13.5877], [100.494, 13.5878], [100.4941, 13.5878], [100.4942, 13.5878], [100.4944, 13.5877], [100.4946, 13.5877], [100.4946, 13.5877], [100.4948, 13.5877], [100.4949, 13.5877], [100.4951, 13.5878], [100.4952, 13.5879], [100.4954, 13.5879], [100.4956, 13.588], [100.4957, 13.5881], [100.496, 13.5882], [100.4961, 13.5882], [100.4963, 13.5885], [100.4967, 13.5889], [100.497, 13.5892], [100.4973, 13.5897], [100.4977, 13.5902], [100.4981, 13.5907], [100.4982, 13.5908], [100.4984, 13.5909], [100.4986, 13.5912], [100.4987, 13.5913], [100.4988, 13.5914], [100.4988, 13.5915], [100.4989, 13.5916], [100.499, 13.5918], [100.4991, 13.5919], [100.4991, 13.592], [100.4991, 13.5921], [100.4992, 13.5923], [100.4991, 13.5924], [100.4991, 13.5925], [100.4991, 13.5926], [100.499, 13.5927], [100.499, 13.5929], [100.4991, 13.593], [100.4992, 13.5933], [100.4992, 13.5935], [100.4993, 13.5937], [100.4993, 13.5939], [100.4993, 13.5942], [100.4993, 13.5944], [100.4993, 13.5946], [100.4993, 13.5948], [100.4994, 13.5949], [100.4995, 13.5952], [100.4996, 13.5954], [100.4997, 13.5956], [100.4997, 13.5956], [100.4998, 13.5956], [100.5, 13.5956], [100.5001, 13.5955], [100.5002, 13.5955], [100.5003, 13.5955], [100.5004, 13.5955], [100.5005, 13.5955], [100.5008, 13.5957], [100.501, 13.5958], [100.5012, 13.5959], [100.5014, 13.5959], [100.5015, 13.5959], [100.5017, 13.596], [100.5018, 13.596], [100.5018, 13.596], [100.502, 13.5961], [100.5021, 13.5962], [100.5023, 13.5964], [100.5024, 13.5964], [100.5026, 13.5965], [100.5028, 13.5965], [100.503, 13.5966], [100.5033, 13.5968], [100.5035, 13.597], [100.5037, 13.5972], [100.504, 13.5974], [100.5043, 13.5976], [100.5044, 13.5977], [100.5045, 13.5977], [100.5047, 13.5977], [100.5048, 13.5977], [100.505, 13.5977], [100.5053, 13.5977], [100.5054, 13.5977], [100.5056, 13.5977], [100.5058, 13.5978], [100.506, 13.5977], [100.5062, 13.5977], [100.5063, 13.5977], [100.5065, 13.5975], [100.5067, 13.5975], [100.507, 13.5975], [100.5073, 13.5975], [100.5075, 13.5976], [100.5077, 13.5977], [100.5078, 13.5977], [100.5079, 13.5976], [100.5086, 13.5975], [100.509, 13.5974], [100.509, 13.5974], [100.5093, 13.5973], [100.5094, 13.5973], [100.5096, 13.5973], [100.5096, 13.5973], [100.5097, 13.5973], [100.5099, 13.5972], [100.5101, 13.5972], [100.5103, 13.5971], [100.5107, 13.597], [100.5108, 13.597], [100.5109, 13.597], [100.511, 13.597], [100.511, 13.597], [100.5111, 13.597], [100.5113, 13.5969], [100.5115, 13.5969], [100.5115, 13.5969], [100.5116, 13.5969], [100.5116, 13.5971], [100.5117, 13.5974], [100.5117, 13.5976], [100.512, 13.5984], [100.5123, 13.5991], [100.5124, 13.5994], [100.5124, 13.5995], [100.5124, 13.5996], [100.5125, 13.5997], [100.5126, 13.5998], [100.5126, 13.5999], [100.5126, 13.6001], [100.5128, 13.6005], [100.5128, 13.6006], [100.5128, 13.6007], [100.5129, 13.6008], [100.5129, 13.6009], [100.5129, 13.601], [100.5129, 13.6011], [100.513, 13.6012], [100.513, 13.6012], [100.513, 13.6014], [100.5131, 13.6015], [100.5132, 13.6017], [100.5133, 13.6017], [100.5133, 13.6018], [100.5134, 13.6019], [100.5135, 13.6021], [100.5136, 13.6023], [100.5137, 13.6024], [100.5138, 13.6025], [100.5139, 13.6027], [100.5143, 13.6028], [100.5146, 13.6029], [100.5151, 13.6032], [100.5154, 13.6033], [100.5155, 13.6033], [100.5158, 13.6034], [100.516, 13.6035], [100.5162, 13.6036], [100.5164, 13.6037], [100.5167, 13.6038], [100.5168, 13.6039], [100.517, 13.604], [100.5175, 13.6041], [100.5176, 13.6042], [100.5178, 13.6042], [100.5178, 13.6042], [100.5179, 13.6043], [100.5181, 13.6043], [100.5182, 13.6044], [100.5184, 13.6044], [100.5184, 13.6044], [100.5186, 13.6045], [100.5186, 13.6045], [100.5191, 13.6047], [100.5195, 13.6048], [100.5198, 13.605], [100.5201, 13.6051], [100.5211, 13.6052], [100.521, 13.6052], [100.521, 13.6055], [100.5209, 13.6061], [100.5207, 13.6067], [100.5206, 13.6073], [100.5206, 13.6074], [100.5205, 13.6078], [100.5204, 13.6083], [100.5204, 13.6088], [100.5204, 13.6089], [100.5204, 13.6091], [100.5203, 13.6091], [100.5202, 13.6092], [100.5201, 13.6092], [100.52, 13.6093], [100.5196, 13.61], [100.5196, 13.61], [100.5194, 13.6099], [100.5193, 13.6099], [100.519, 13.6101], [100.5188, 13.6101], [100.5188, 13.6102], [100.5187, 13.6103], [100.5186, 13.6105], [100.5186, 13.6106], [100.5185, 13.6107], [100.518, 13.611], [100.518, 13.611], [100.518, 13.6111], [100.5183, 13.6115], [100.5183, 13.6115], [100.5178, 13.612], [100.5177, 13.6123], [100.5176, 13.6123], [100.5174, 13.6121], [100.5173, 13.6121], [100.5171, 13.6122], [100.517, 13.6122], [100.5169, 13.6123], [100.5167, 13.6125], [100.5166, 13.6125], [100.5165, 13.6126], [100.5164, 13.6127], [100.5164, 13.6128], [100.5164, 13.613], [100.5167, 13.6134], [100.5168, 13.6135], [100.5168, 13.6137], [100.5169, 13.6139], [100.5169, 13.6141], [100.5169, 13.6142], [100.5168, 13.6144], [100.5167, 13.6147], [100.5167, 13.6148], [100.5167, 13.6151], [100.5168, 13.6154], [100.5168, 13.6156], [100.5168, 13.6158], [100.5168, 13.616], [100.5168, 13.6162], [100.5168, 13.6162], [100.5168, 13.6164], [100.5166, 13.6166], [100.5166, 13.6168], [100.5166, 13.617], [100.5165, 13.6171], [100.5164, 13.6173], [100.5163, 13.6174], [100.5161, 13.6177], [100.5161, 13.6179], [100.5161, 13.6179], [100.5162, 13.6182], [100.5164, 13.6184], [100.5165, 13.6186], [100.5165, 13.6187], [100.5165, 13.6188], [100.5164, 13.619], [100.5164, 13.619], [100.5163, 13.6192], [100.5162, 13.6198], [100.5162, 13.6199], [100.5161, 13.6203], [100.516, 13.6205], [100.5158, 13.6208], [100.5157, 13.6212], [100.5157, 13.6213], [100.5157, 13.6214], [100.5158, 13.6215], [100.5158, 13.6216], [100.5158, 13.6218], [100.5158, 13.6219], [100.5158, 13.622], [100.5157, 13.6221], [100.5156, 13.6223], [100.5156, 13.6223], [100.5156, 13.6224], [100.5156, 13.6228], [100.5155, 13.623], [100.5154, 13.6236], [100.5153, 13.6239], [100.515, 13.6244], [100.515, 13.6245], [100.5151, 13.6249], [100.5151, 13.6256], [100.5151, 13.6257], [100.5151, 13.626], [100.5151, 13.6261], [100.5151, 13.6263], [100.5151, 13.6264], [100.515, 13.6266], [100.515, 13.6267], [100.5147, 13.6271], [100.5146, 13.6272], [100.5145, 13.6274], [100.5144, 13.6275], [100.5144, 13.6276], [100.5144, 13.6279], [100.5144, 13.628], [100.5143, 13.6282], [100.5143, 13.6286], [100.5143, 13.6287], [100.5143, 13.6288], [100.5145, 13.6289], [100.5145, 13.6289], [100.5147, 13.629], [100.5149, 13.6291], [100.515, 13.6291], [100.515, 13.6291], [100.515, 13.6292], [100.515, 13.6294], [100.515, 13.6297], [100.515, 13.63], [100.515, 13.63], [100.515, 13.6301], [100.5154, 13.6305], [100.5156, 13.6307], [100.5159, 13.631], [100.5162, 13.6313], [100.5164, 13.6317], [100.5166, 13.6319], [100.5168, 13.6323], [100.5172, 13.633], [100.5174, 13.6334], [100.5177, 13.6341], [100.518, 13.6347], [100.5181, 13.6349], [100.5181, 13.6349], [100.5181, 13.6349], [100.518, 13.635], [100.5177, 13.6351], [100.5177, 13.6351], [100.5175, 13.6354], [100.5173, 13.6357], [100.5171, 13.6361], [100.5169, 13.6364], [100.5168, 13.6368], [100.5168, 13.6372], [100.5168, 13.6373], [100.5168, 13.6374], [100.517, 13.6376], [100.517, 13.6377], [100.5168, 13.6378], [100.5165, 13.6381], [100.5164, 13.6383], [100.5163, 13.6383], [100.5163, 13.6383], [100.5161, 13.6383], [100.5161, 13.6384], [100.5158, 13.6386], [100.5155, 13.6388], [100.5154, 13.6389], [100.5153, 13.6391], [100.5153, 13.6393], [100.5153, 13.6396], [100.5154, 13.6398], [100.5155, 13.64], [100.5155, 13.6402], [100.5154, 13.6404], [100.5155, 13.6406], [100.5158, 13.6413], [100.5159, 13.6414], [100.5159, 13.6416], [100.5159, 13.6419], [100.5159, 13.6421], [100.5159, 13.6422], [100.5161, 13.6425], [100.5161, 13.6427], [100.5162, 13.6428], [100.5162, 13.6429], [100.5161, 13.643], [100.5161, 13.6431], [100.5161, 13.6431], [100.5161, 13.6433], [100.5161, 13.6434], [100.5161, 13.6435], [100.5161, 13.6435], [100.516, 13.6436], [100.516, 13.6437], [100.5161, 13.6438], [100.5161, 13.6439], [100.5161, 13.644], [100.516, 13.6441], [100.516, 13.6443], [100.5159, 13.6444], [100.5159, 13.6445], [100.5159, 13.6446], [100.516, 13.6448], [100.5161, 13.6455], [100.5161, 13.6456], [100.5169, 13.6455], [100.517, 13.6456], [100.517, 13.6466], [100.5169, 13.6483], [100.5169, 13.6497], [100.5169, 13.6508], [100.5169, 13.6515], [100.5168, 13.6521], [100.5168, 13.6533], [100.5168, 13.6543], [100.5169, 13.6557], [100.517, 13.6558], [100.5171, 13.656], [100.5172, 13.6565], [100.5172, 13.6566], [100.5172, 13.6569], [100.5172, 13.6572], [100.5172, 13.6574], [100.5172, 13.6575], [100.5172, 13.6578], [100.5172, 13.658], [100.5173, 13.6584], [100.5173, 13.6585], [100.5173, 13.6588], [100.5173, 13.6593], [100.5173, 13.6595], [100.5173, 13.6596], [100.5174, 13.6596], [100.5174, 13.6598], [100.5174, 13.6598], [100.5174, 13.66], [100.5174, 13.6602], [100.5174, 13.6604], [100.5174, 13.6609], [100.5175, 13.661], [100.5175, 13.6612], [100.5175, 13.6613], [100.5176, 13.6618], [100.5176, 13.6619], [100.5169, 13.6618], [100.5163, 13.6616], [100.5153, 13.6614], [100.5144, 13.6611], [100.514, 13.6609], [100.5135, 13.6608], [100.5133, 13.6608], [100.5115, 13.662], [100.5102, 13.6626], [100.5094, 13.6628], [100.5087, 13.663], [100.5084, 13.663], [100.5084, 13.6629], [100.5083, 13.6629], [100.5083, 13.6628], [100.5081, 13.6625], [100.508, 13.6624], [100.508, 13.6623], [100.5079, 13.6622], [100.5078, 13.6619], [100.5077, 13.6617], [100.5076, 13.6616], [100.5075, 13.6614], [100.5074, 13.6612], [100.5073, 13.6611], [100.5073, 13.6611], [100.5073, 13.661], [100.5072, 13.6609], [100.5071, 13.6608], [100.507, 13.6607], [100.5068, 13.6604], [100.5066, 13.6601], [100.5065, 13.6599], [100.5064, 13.6598], [100.5064, 13.6597], [100.5064, 13.6596], [100.5062, 13.6597], [100.506, 13.6598], [100.5052, 13.6602], [100.505, 13.6602], [100.5049, 13.66], [100.5047, 13.6595], [100.5044, 13.6589], [100.5041, 13.6583], [100.5036, 13.6575], [100.5028, 13.6562], [100.5028, 13.6562], [100.5027, 13.656], [100.5026, 13.656], [100.5025, 13.6557], [100.5023, 13.6554], [100.5017, 13.6546], [100.5013, 13.6537], [100.501, 13.6532], [100.501, 13.653], [100.5005, 13.6533], [100.4999, 13.6537], [100.4998, 13.6538], [100.4997, 13.6538], [100.4996, 13.6539], [100.4996, 13.6539], [100.4996, 13.654], [100.4995, 13.6541], [100.4995, 13.6541], [100.4992, 13.6543], [100.499, 13.6544], [100.4985, 13.6548], [100.4979, 13.6551], [100.4972, 13.6556], [100.4969, 13.6558], [100.4967, 13.6559], [100.4966, 13.656], [100.4964, 13.6561], [100.4965, 13.6565], [100.4965, 13.6565], [100.4965, 13.6566], [100.4965, 13.6567], [100.4965, 13.6568], [100.4965, 13.6568], [100.4965, 13.6568], [100.4955, 13.6573], [100.4949, 13.6575], [100.4944, 13.6574], [100.4941, 13.6573], [100.4936, 13.657], [100.4934, 13.6568], [100.4932, 13.6564], [100.4929, 13.6561], [100.4927, 13.6559], [100.4926, 13.656], [100.4922, 13.6561], [100.4917, 13.6564], [100.4914, 13.6565], [100.491, 13.6567], [100.4906, 13.6568], [100.4903, 13.657], [100.4901, 13.6571], [100.49, 13.6571], [100.4897, 13.6572], [100.4894, 13.6573], [100.4892, 13.6574], [100.4889, 13.6575], [100.4885, 13.6576], [100.4883, 13.6576], [100.488, 13.6577], [100.4877, 13.6577], [100.4874, 13.6577], [100.487, 13.6577], [100.4867, 13.6576], [100.4859, 13.6577], [100.4852, 13.658], [100.4846, 13.6584], [100.4842, 13.6589], [100.4837, 13.6597], [100.4831, 13.6608], [100.4825, 13.6625], [100.4822, 13.663], [100.4821, 13.6631], [100.4809, 13.6628], [100.4795, 13.6625], [100.4788, 13.6624], [100.4779, 13.6623], [100.4771, 13.6622], [100.4758, 13.662]]]}, "properties": {"DISTRICT_N": "ทุ่งครุ", "CODE": 1049, "AREA_BMA": 30.74099922}}, {"type": "Feature", "geometry": {"type": "Polygon", "coordinates": [[[100.4758, 13.662], [100.4758, 13.6621], [100.4757, 13.6625], [100.4757, 13.6628], [100.4756, 13.6634], [100.4756, 13.6635], [100.4756, 13.6636], [100.4756, 13.6636], [100.4756, 13.6636], [100.4756, 13.6636], [100.4756, 13.6637], [100.4756, 13.6637], [100.476, 13.6637], [100.4764, 13.6638], [100.4767, 13.6638], [100.4773, 13.6639], [100.4778, 13.664], [100.4783, 13.6641], [100.4785, 13.6641], [100.4787, 13.6641], [100.4788, 13.6641], [100.4788, 13.6642], [100.4788, 13.6642], [100.479, 13.6642], [100.4794, 13.6642], [100.4799, 13.6643], [100.48, 13.6643], [100.4805, 13.6644], [100.4808, 13.6645], [100.4812, 13.6645], [100.4813, 13.6646], [100.4815, 13.6646], [100.4819, 13.6647], [100.4821, 13.6647], [100.4821, 13.6648], [100.4821, 13.6649], [100.4821, 13.6649], [100.4821, 13.665], [100.482, 13.665], [100.482, 13.6652], [100.4819, 13.6654], [100.4818, 13.6656], [100.4817, 13.6658], [100.4815, 13.6662], [100.4814, 13.6665], [100.4814, 13.6665], [100.4814, 13.6665], [100.4813, 13.6666], [100.4812, 13.6669], [100.481, 13.6673], [100.4809, 13.6676], [100.4808, 13.6679], [100.4806, 13.6682], [100.4806, 13.6683], [100.4805, 13.6684], [100.4804, 13.6687], [100.4804, 13.6688], [100.4803, 13.669], [100.4803, 13.669], [100.4802, 13.6691], [100.4802, 13.6692], [100.4802, 13.6692], [100.4802, 13.6693], [100.4802, 13.6693], [100.4804, 13.6695], [100.4806, 13.6697], [100.4807, 13.6699], [100.4809, 13.6702], [100.4811, 13.6703], [100.4812, 13.6704], [100.4812, 13.6705], [100.4813, 13.6705], [100.4813, 13.6706], [100.4814, 13.6706], [100.4815, 13.6708], [100.4816, 13.6709], [100.4816, 13.6709], [100.4817, 13.671], [100.4817, 13.671], [100.4817, 13.671], [100.4817, 13.6711], [100.4817, 13.6711], [100.4818, 13.6712], [100.4818, 13.6712], [100.4819, 13.6713], [100.4819, 13.6713], [100.482, 13.6713], [100.482, 13.6714], [100.482, 13.6714], [100.482, 13.6715], [100.4823, 13.6718], [100.4824, 13.672], [100.4825, 13.6722], [100.4828, 13.6725], [100.4828, 13.6725], [100.483, 13.6727], [100.4833, 13.6731], [100.4836, 13.6735], [100.4839, 13.6738], [100.484, 13.674], [100.4842, 13.6742], [100.4845, 13.6744], [100.4845, 13.6745], [100.4846, 13.6746], [100.4847, 13.6747], [100.4848, 13.6749], [100.4848, 13.6749], [100.4849, 13.675], [100.4849, 13.675], [100.485, 13.6751], [100.485, 13.6751], [100.485, 13.6751], [100.485, 13.6752], [100.4851, 13.6753], [100.4851, 13.6753], [100.4852, 13.6754], [100.4852, 13.6755], [100.4853, 13.6756], [100.4853, 13.6757], [100.4854, 13.6757], [100.4854, 13.6758], [100.4855, 13.6758], [100.4855, 13.6758], [100.4856, 13.6759], [100.4857, 13.6761], [100.4859, 13.6762], [100.486, 13.6763], [100.4861, 13.6766], [100.4864, 13.6769], [100.4864, 13.677], [100.4864, 13.677], [100.4865, 13.6771], [100.4865, 13.6771], [100.4865, 13.6771], [100.4866, 13.6771], [100.4866, 13.6771], [100.4866, 13.6771], [100.4866, 13.6772], [100.4866, 13.6772], [100.4866, 13.6772], [100.4866, 13.6772], [100.4867, 13.6773], [100.4868, 13.6774], [100.4868, 13.6774], [100.4868, 13.6774], [100.4868, 13.6774], [100.4869, 13.6774], [100.4869, 13.6774], [100.4869, 13.6774], [100.4869, 13.6774], [100.4869, 13.6775], [100.487, 13.6777], [100.4872, 13.6779], [100.4872, 13.678], [100.4872, 13.678], [100.4873, 13.678], [100.4873, 13.6781], [100.4874, 13.6781], [100.4874, 13.6781], [100.4874, 13.6782], [100.4875, 13.6782], [100.4875, 13.6783], [100.4876, 13.6785], [100.4879, 13.6788], [100.488, 13.679], [100.4881, 13.6791], [100.4882, 13.6791], [100.4883, 13.6793], [100.4884, 13.6793], [100.4884, 13.6793], [100.4885, 13.6795], [100.4885, 13.6795], [100.4885, 13.6796], [100.4885, 13.6796], [100.4885, 13.6796], [100.4885, 13.6796], [100.4885, 13.6797], [100.4885, 13.6797], [100.4884, 13.6797], [100.4884, 13.6797], [100.4883, 13.6798], [100.4883, 13.6798], [100.4883, 13.6799], [100.4882, 13.6799], [100.4882, 13.68], [100.4882, 13.6801], [100.4881, 13.6803], [100.4881, 13.6804], [100.4881, 13.6804], [100.4881, 13.6804], [100.4881, 13.6805], [100.488, 13.6806], [100.4879, 13.6808], [100.4879, 13.6809], [100.4878, 13.6811], [100.4878, 13.6814], [100.4877, 13.6816], [100.4877, 13.6818], [100.4876, 13.6821], [100.4875, 13.6822], [100.4875, 13.6822], [100.4875, 13.6822], [100.4874, 13.6824], [100.4874, 13.6825], [100.4874, 13.6825], [100.4874, 13.6825], [100.4874, 13.6825], [100.4875, 13.6825], [100.4877, 13.6824], [100.4878, 13.6824], [100.4881, 13.6824], [100.4881, 13.6824], [100.4881, 13.6824], [100.4882, 13.6824], [100.4882, 13.6825], [100.4882, 13.6827], [100.4882, 13.6829], [100.4883, 13.6831], [100.4883, 13.6832], [100.4884, 13.6833], [100.4885, 13.6835], [100.4886, 13.6838], [100.4887, 13.6839], [100.4888, 13.6841], [100.4888, 13.6843], [100.4889, 13.6844], [100.489, 13.6846], [100.4888, 13.6848], [100.4887, 13.6848], [100.4887, 13.6849], [100.4886, 13.685], [100.4881, 13.6853], [100.488, 13.6854], [100.4877, 13.6856], [100.4874, 13.6858], [100.4871, 13.686], [100.4871, 13.686], [100.4871, 13.686], [100.4869, 13.6862], [100.4868, 13.6863], [100.4864, 13.6866], [100.4858, 13.687], [100.4855, 13.6872], [100.485, 13.6875], [100.4847, 13.6878], [100.4844, 13.688], [100.4838, 13.6884], [100.4834, 13.6887], [100.483, 13.689], [100.4827, 13.6892], [100.4825, 13.6894], [100.4823, 13.6895], [100.4822, 13.6896], [100.4821, 13.6897], [100.4819, 13.6898], [100.4818, 13.69], [100.4817, 13.6901], [100.4816, 13.6904], [100.4816, 13.6905], [100.4815, 13.6906], [100.4814, 13.6909], [100.4814, 13.691], [100.4814, 13.6911], [100.4814, 13.6912], [100.4814, 13.6913], [100.4814, 13.6915], [100.4814, 13.6916], [100.4814, 13.6917], [100.4814, 13.6918], [100.4814, 13.6919], [100.4814, 13.6919], [100.4815, 13.6921], [100.4815, 13.6921], [100.4815, 13.6921], [100.4816, 13.6924], [100.4818, 13.693], [100.4819, 13.6935], [100.482, 13.6935], [100.4821, 13.6936], [100.4822, 13.6936], [100.4822, 13.6936], [100.4822, 13.6938], [100.4822, 13.6939], [100.4822, 13.6939], [100.4822, 13.694], [100.4822, 13.6941], [100.4823, 13.6942], [100.4824, 13.6942], [100.4824, 13.6943], [100.4824, 13.6944], [100.4825, 13.6946], [100.4825, 13.6947], [100.4826, 13.6947], [100.4826, 13.6948], [100.4825, 13.6948], [100.4825, 13.6949], [100.4826, 13.695], [100.4826, 13.695], [100.4826, 13.6951], [100.4826, 13.6952], [100.4826, 13.6952], [100.4826, 13.6952], [100.4826, 13.6952], [100.4826, 13.6952], [100.4826, 13.6953], [100.4826, 13.6953], [100.4826, 13.6953], [100.4823, 13.6954], [100.4822, 13.6955], [100.4821, 13.6955], [100.482, 13.6956], [100.4818, 13.6956], [100.4816, 13.6957], [100.4813, 13.6958], [100.481, 13.6959], [100.481, 13.6959], [100.481, 13.6959], [100.4809, 13.6959], [100.4809, 13.6959], [100.4808, 13.6961], [100.4808, 13.6961], [100.4807, 13.6961], [100.4806, 13.6962], [100.4805, 13.6963], [100.4804, 13.6964], [100.4804, 13.6964], [100.4803, 13.6964], [100.4803, 13.6965], [100.4802, 13.6965], [100.4802, 13.6966], [100.4802, 13.6967], [100.4802, 13.6968], [100.4801, 13.6969], [100.48, 13.6971], [100.4799, 13.6974], [100.4799, 13.6975], [100.4799, 13.6975], [100.4798, 13.6976], [100.4798, 13.6976], [100.4797, 13.6977], [100.4797, 13.6977], [100.4796, 13.6978], [100.4795, 13.6979], [100.4795, 13.6979], [100.4795, 13.6979], [100.4795, 13.698], [100.4794, 13.698], [100.4794, 13.6982], [100.4794, 13.6984], [100.4794, 13.6984], [100.4793, 13.6986], [100.4793, 13.6986], [100.4793, 13.6987], [100.4793, 13.6988], [100.4793, 13.6989], [100.4793, 13.699], [100.4792, 13.6991], [100.4791, 13.6995], [100.479, 13.6999], [100.479, 13.7002], [100.4789, 13.7005], [100.4789, 13.7007], [100.4789, 13.7008], [100.4789, 13.7008], [100.4788, 13.7011], [100.4787, 13.7013], [100.4787, 13.7013], [100.4787, 13.7014], [100.4787, 13.7014], [100.4787, 13.7014], [100.4787, 13.7014], [100.4787, 13.7015], [100.4787, 13.7016], [100.4787, 13.7017], [100.4787, 13.7018], [100.4786, 13.702], [100.4786, 13.7022], [100.4786, 13.7023], [100.4785, 13.7023], [100.4785, 13.7024], [100.4784, 13.7025], [100.4784, 13.7027], [100.4784, 13.7028], [100.4783, 13.703], [100.4783, 13.7031], [100.4783, 13.7032], [100.4783, 13.7033], [100.4782, 13.7035], [100.4782, 13.7038], [100.4781, 13.704], [100.4781, 13.7043], [100.4781, 13.7043], [100.478, 13.7044], [100.4779, 13.7046], [100.4779, 13.7047], [100.4779, 13.7048], [100.4779, 13.7049], [100.4778, 13.705], [100.4778, 13.7052], [100.4778, 13.7054], [100.4777, 13.7056], [100.4777, 13.7057], [100.4776, 13.706], [100.4776, 13.7061], [100.4776, 13.7062], [100.4776, 13.7063], [100.4774, 13.7068], [100.4774, 13.707], [100.4773, 13.7075], [100.4772, 13.7078], [100.4771, 13.7081], [100.4771, 13.7082], [100.477, 13.7085], [100.477, 13.7085], [100.477, 13.7086], [100.477, 13.7087], [100.477, 13.7088], [100.477, 13.7089], [100.477, 13.709], [100.477, 13.7091], [100.477, 13.7093], [100.4769, 13.7095], [100.4769, 13.7095], [100.4769, 13.7095], [100.4768, 13.7096], [100.4767, 13.71], [100.4767, 13.71], [100.4767, 13.71], [100.4766, 13.7101], [100.4766, 13.7102], [100.4766, 13.7104], [100.4766, 13.7105], [100.4766, 13.7105], [100.4765, 13.7106], [100.4765, 13.7109], [100.4764, 13.711], [100.4764, 13.7112], [100.4763, 13.7111], [100.4763, 13.7111], [100.4763, 13.7111], [100.4762, 13.7111], [100.4762, 13.7111], [100.4762, 13.7111], [100.4759, 13.7111], [100.4757, 13.711], [100.4757, 13.711], [100.4756, 13.711], [100.4756, 13.7109], [100.4755, 13.7109], [100.4755, 13.7109], [100.4755, 13.7109], [100.4754, 13.7109], [100.4754, 13.7109], [100.4752, 13.7109], [100.475, 13.7108], [100.4748, 13.7108], [100.4747, 13.7108], [100.4744, 13.7108], [100.4743, 13.7108], [100.4742, 13.7107], [100.4741, 13.7107], [100.474, 13.7107], [100.4738, 13.7107], [100.4737, 13.7107], [100.4737, 13.7107], [100.4736, 13.7106], [100.4736, 13.7106], [100.4733, 13.7106], [100.473, 13.7105], [100.4728, 13.7105], [100.4727, 13.7105], [100.4726, 13.7105], [100.4725, 13.7105], [100.4722, 13.7104], [100.472, 13.7104], [100.472, 13.7104], [100.4719, 13.7104], [100.4719, 13.7103], [100.4719, 13.7102], [100.4718, 13.7102], [100.4718, 13.7102], [100.4717, 13.7103], [100.4717, 13.7103], [100.4716, 13.7103], [100.4716, 13.7103], [100.4715, 13.7103], [100.4715, 13.7104], [100.4713, 13.7104], [100.471, 13.7105], [100.4709, 13.7106], [100.4709, 13.7106], [100.4708, 13.7106], [100.4708, 13.7106], [100.4708, 13.7106], [100.4707, 13.7106], [100.4707, 13.7106], [100.4707, 13.7105], [100.4707, 13.7105], [100.4707, 13.7105], [100.4707, 13.7104], [100.4706, 13.7104], [100.4706, 13.7105], [100.4705, 13.7105], [100.4704, 13.7105], [100.4704, 13.7106], [100.4702, 13.7106], [100.4701, 13.7107], [100.4698, 13.7108], [100.4695, 13.7109], [100.4692, 13.7111], [100.4688, 13.7112], [100.4686, 13.7113], [100.4683, 13.7114], [100.4682, 13.7114], [100.468, 13.7115], [100.4679, 13.7116], [100.4678, 13.7116], [100.4677, 13.7117], [100.4677, 13.7117], [100.4677, 13.7117], [100.4678, 13.7118], [100.4681, 13.712], [100.4683, 13.7121], [100.4685, 13.7123], [100.4685, 13.7123], [100.4685, 13.7124], [100.4685, 13.7124], [100.4685, 13.7124], [100.4686, 13.7125], [100.4686, 13.7127], [100.4687, 13.7128], [100.4687, 13.7129], [100.4687, 13.7129], [100.4687, 13.7129], [100.4687, 13.713], [100.4688, 13.7132], [100.4688, 13.7133], [100.4688, 13.7134], [100.4688, 13.7136], [100.4689, 13.7138], [100.469, 13.7141], [100.469, 13.7143], [100.4691, 13.7145], [100.4691, 13.7148], [100.4691, 13.715], [100.4692, 13.7154], [100.4692, 13.7156], [100.4692, 13.7158], [100.4692, 13.7159], [100.4688, 13.7159], [100.4685, 13.716], [100.4683, 13.7161], [100.4675, 13.7164], [100.4673, 13.7164], [100.4671, 13.7165], [100.4668, 13.7166], [100.4663, 13.7168], [100.4661, 13.7168], [100.4659, 13.7169], [100.4657, 13.717], [100.4654, 13.7171], [100.4651, 13.7172], [100.4649, 13.7173], [100.4644, 13.7174], [100.4638, 13.7176], [100.4632, 13.7177], [100.463, 13.7178], [100.463, 13.7178], [100.4629, 13.7179], [100.4628, 13.7179], [100.4628, 13.7179], [100.4628, 13.7178], [100.4628, 13.7177], [100.4628, 13.7176], [100.4628, 13.7175], [100.4628, 13.7174], [100.4628, 13.7172], [100.4628, 13.717], [100.4629, 13.7168], [100.4629, 13.7166], [100.463, 13.7163], [100.463, 13.7162], [100.463, 13.7162], [100.463, 13.7159], [100.4631, 13.7158], [100.4631, 13.7155], [100.4632, 13.7152], [100.4632, 13.715], [100.4633, 13.7145], [100.4634, 13.7142], [100.4634, 13.7141], [100.4634, 13.7141], [100.4633, 13.7141], [100.463, 13.714], [100.4627, 13.7139], [100.4624, 13.7139], [100.4616, 13.7138], [100.4611, 13.7137], [100.4605, 13.7136], [100.46, 13.7135], [100.46, 13.7133], [100.46, 13.7132], [100.46, 13.7131], [100.4599, 13.7131], [100.4598, 13.713], [100.4595, 13.7129], [100.4588, 13.7127], [100.4582, 13.7125], [100.4578, 13.7124], [100.4576, 13.7123], [100.4571, 13.7122], [100.4565, 13.7122], [100.4562, 13.7121], [100.4559, 13.712], [100.4558, 13.712], [100.4556, 13.712], [100.4553, 13.712], [100.4553, 13.712], [100.4552, 13.712], [100.4553, 13.7116], [100.4553, 13.7113], [100.4554, 13.7111], [100.4555, 13.7105], [100.4555, 13.7104], [100.4557, 13.7095], [100.4558, 13.7087], [100.4559, 13.7085], [100.4559, 13.7085], [100.4558, 13.7084], [100.4558, 13.7084], [100.4558, 13.7084], [100.4554, 13.7087], [100.4551, 13.7088], [100.4549, 13.7089], [100.4547, 13.7091], [100.4544, 13.7092], [100.4542, 13.7093], [100.4541, 13.7093], [100.454, 13.7095], [100.4537, 13.7096], [100.4536, 13.7097], [100.4534, 13.7097], [100.4532, 13.7099], [100.453, 13.71], [100.4528, 13.7101], [100.4528, 13.7101], [100.4527, 13.71], [100.4525, 13.7097], [100.4523, 13.7095], [100.4522, 13.7093], [100.4522, 13.7092], [100.4522, 13.7092], [100.4519, 13.7088], [100.4516, 13.7085], [100.4514, 13.7081], [100.451, 13.7074], [100.4506, 13.7069], [100.4505, 13.7066], [100.4503, 13.7063], [100.4502, 13.7061], [100.45, 13.7058], [100.4499, 13.7056], [100.4497, 13.7055], [100.4496, 13.7055], [100.4495, 13.7054], [100.448, 13.7061], [100.4456, 13.7073], [100.4444, 13.7077], [100.4437, 13.708], [100.4427, 13.7084], [100.4413, 13.7087], [100.4403, 13.7091], [100.4402, 13.7091], [100.44, 13.7092], [100.4399, 13.7092], [100.4398, 13.7092], [100.4398, 13.7092], [100.4396, 13.7093], [100.4395, 13.7093], [100.4393, 13.7094], [100.4391, 13.7094], [100.4388, 13.7095], [100.4387, 13.7095], [100.4384, 13.7096], [100.4384, 13.7096], [100.4384, 13.7096], [100.4383, 13.7094], [100.4381, 13.7091], [100.4381, 13.709], [100.438, 13.7089], [100.4379, 13.7087], [100.4379, 13.7086], [100.4377, 13.7082], [100.4376, 13.708], [100.4374, 13.7076], [100.4374, 13.7074], [100.4371, 13.7067], [100.437, 13.7064], [100.4368, 13.7062], [100.4368, 13.706], [100.4367, 13.7058], [100.4365, 13.7053], [100.4364, 13.705], [100.4364, 13.705], [100.4364, 13.705], [100.4366, 13.7049], [100.4366, 13.7049], [100.4365, 13.7047], [100.4363, 13.7044], [100.4357, 13.7034], [100.4356, 13.7033], [100.4352, 13.7024], [100.4348, 13.7018], [100.4348, 13.7017], [100.4347, 13.7015], [100.4346, 13.7011], [100.4344, 13.7009], [100.4343, 13.7003], [100.4342, 13.6999], [100.4341, 13.6998], [100.4343, 13.6994], [100.4345, 13.6992], [100.4345, 13.6992], [100.4345, 13.6992], [100.4345, 13.6991], [100.4346, 13.6991], [100.4346, 13.699], [100.4347, 13.699], [100.4347, 13.699], [100.4347, 13.6988], [100.4348, 13.6988], [100.4348, 13.6987], [100.4349, 13.6986], [100.435, 13.6983], [100.4353, 13.6978], [100.4357, 13.6972], [100.4358, 13.6969], [100.4359, 13.6967], [100.436, 13.6965], [100.4362, 13.6961], [100.4364, 13.6958], [100.4366, 13.6954], [100.4369, 13.695], [100.4371, 13.6946], [100.4374, 13.6942], [100.4376, 13.6939], [100.4377, 13.6937], [100.4377, 13.6937], [100.4378, 13.6936], [100.4379, 13.6935], [100.4381, 13.6932], [100.4382, 13.6931], [100.4382, 13.693], [100.4382, 13.6929], [100.4383, 13.6929], [100.4384, 13.6928], [100.4385, 13.6928], [100.4386, 13.6926], [100.439, 13.692], [100.4393, 13.6918], [100.4397, 13.6913], [100.44, 13.691], [100.4402, 13.6907], [100.4403, 13.6906], [100.4403, 13.6905], [100.4404, 13.6905], [100.4405, 13.6904], [100.4405, 13.6903], [100.4407, 13.6902], [100.4408, 13.6902], [100.4408, 13.6901], [100.4408, 13.6901], [100.4409, 13.69], [100.441, 13.69], [100.441, 13.6899], [100.441, 13.6899], [100.4411, 13.6898], [100.4411, 13.6898], [100.4411, 13.6897], [100.4412, 13.6896], [100.4413, 13.6895], [100.4414, 13.6894], [100.4415, 13.6892], [100.4416, 13.6891], [100.4418, 13.6889], [100.4419, 13.6888], [100.4419, 13.6887], [100.442, 13.6887], [100.442, 13.6886], [100.4421, 13.6885], [100.4422, 13.6884], [100.4422, 13.6884], [100.4423, 13.6883], [100.4423, 13.6883], [100.4424, 13.6882], [100.4424, 13.6881], [100.4424, 13.688], [100.4425, 13.6879], [100.4426, 13.6879], [100.4426, 13.6878], [100.4427, 13.6878], [100.4428, 13.6877], [100.4429, 13.6877], [100.443, 13.6876], [100.4431, 13.6875], [100.4431, 13.6875], [100.4432, 13.6874], [100.4432, 13.6873], [100.4433, 13.6873], [100.4433, 13.6872], [100.4434, 13.6871], [100.4434, 13.687], [100.4434, 13.687], [100.4434, 13.687], [100.4435, 13.6869], [100.4435, 13.6869], [100.4436, 13.6869], [100.4436, 13.6868], [100.4437, 13.6868], [100.4438, 13.6868], [100.4438, 13.6868], [100.4439, 13.6867], [100.444, 13.6867], [100.444, 13.6867], [100.444, 13.6866], [100.4441, 13.6865], [100.444, 13.6864], [100.444, 13.6863], [100.4441, 13.6863], [100.4441, 13.6862], [100.4441, 13.6861], [100.4442, 13.686], [100.4443, 13.6859], [100.4444, 13.6857], [100.4445, 13.6856], [100.4445, 13.6855], [100.4447, 13.6854], [100.4447, 13.6853], [100.4447, 13.6853], [100.4449, 13.6852], [100.4449, 13.6851], [100.445, 13.6851], [100.445, 13.685], [100.4451, 13.6849], [100.4452, 13.6847], [100.4453, 13.6846], [100.4453, 13.6846], [100.4453, 13.6845], [100.4453, 13.6845], [100.4453, 13.6844], [100.4453, 13.6843], [100.4453, 13.6843], [100.4454, 13.6843], [100.4454, 13.6843], [100.4454, 13.6842], [100.4455, 13.6842], [100.4455, 13.6842], [100.4456, 13.6841], [100.4457, 13.6841], [100.4457, 13.6841], [100.4457, 13.6841], [100.4458, 13.6841], [100.4458, 13.6841], [100.4458, 13.6841], [100.4459, 13.6841], [100.446, 13.6841], [100.4461, 13.6841], [100.4462, 13.6841], [100.4462, 13.6841], [100.4463, 13.684], [100.4463, 13.6839], [100.4464, 13.6838], [100.4464, 13.6838], [100.4465, 13.6837], [100.4465, 13.6836], [100.4465, 13.6835], [100.4465, 13.6835], [100.4464, 13.6834], [100.4464, 13.6833], [100.4464, 13.6832], [100.4464, 13.6831], [100.4464, 13.683], [100.4464, 13.683], [100.4465, 13.6829], [100.4466, 13.6829], [100.4466, 13.6828], [100.4467, 13.6828], [100.4467, 13.6828], [100.4468, 13.6827], [100.4468, 13.6826], [100.4469, 13.6825], [100.447, 13.6824], [100.447, 13.6822], [100.447, 13.6822], [100.4471, 13.6821], [100.4471, 13.6819], [100.4472, 13.6818], [100.4472, 13.6817], [100.4473, 13.6816], [100.4473, 13.6816], [100.4474, 13.6815], [100.4474, 13.6815], [100.4475, 13.6815], [100.4475, 13.6814], [100.4476, 13.6815], [100.4477, 13.6815], [100.4478, 13.6815], [100.448, 13.6816], [100.4482, 13.6816], [100.4483, 13.6817], [100.4483, 13.6817], [100.4484, 13.6817], [100.4485, 13.6817], [100.4486, 13.6817], [100.4487, 13.6816], [100.4487, 13.6816], [100.4486, 13.6814], [100.4486, 13.6812], [100.4486, 13.6811], [100.4486, 13.6811], [100.4486, 13.681], [100.4486, 13.6809], [100.4485, 13.6808], [100.4485, 13.6807], [100.4485, 13.6805], [100.4485, 13.6803], [100.4485, 13.68], [100.4485, 13.6799], [100.4484, 13.6799], [100.4484, 13.6798], [100.4484, 13.6798], [100.4485, 13.6797], [100.4485, 13.6794], [100.4485, 13.6791], [100.4485, 13.679], [100.4485, 13.6788], [100.4486, 13.6788], [100.4486, 13.6786], [100.4487, 13.6782], [100.4488, 13.6781], [100.4488, 13.6779], [100.4488, 13.6778], [100.4489, 13.6777], [100.4489, 13.6777], [100.4489, 13.6777], [100.449, 13.6776], [100.449, 13.6774], [100.449, 13.6773], [100.449, 13.677], [100.449, 13.6769], [100.449, 13.6768], [100.449, 13.6766], [100.449, 13.6766], [100.449, 13.6765], [100.4489, 13.6765], [100.4489, 13.6765], [100.4489, 13.6764], [100.4489, 13.6763], [100.4489, 13.6761], [100.4489, 13.6761], [100.4489, 13.6761], [100.449, 13.676], [100.449, 13.676], [100.449, 13.676], [100.4489, 13.6759], [100.4489, 13.6759], [100.4489, 13.6758], [100.4489, 13.6758], [100.4489, 13.6758], [100.4489, 13.6757], [100.4488, 13.6755], [100.4488, 13.6754], [100.4488, 13.6753], [100.449, 13.6753], [100.4494, 13.6753], [100.4496, 13.6753], [100.4498, 13.6752], [100.45, 13.6752], [100.4501, 13.6752], [100.4503, 13.6752], [100.4504, 13.6752], [100.4505, 13.6753], [100.4506, 13.6753], [100.4508, 13.6753], [100.4509, 13.6753], [100.451, 13.6753], [100.4513, 13.6754], [100.4514, 13.6754], [100.4514, 13.6754], [100.4514, 13.6754], [100.4515, 13.6754], [100.4517, 13.6755], [100.4517, 13.6755], [100.4517, 13.6755], [100.4518, 13.6755], [100.452, 13.6756], [100.4521, 13.6756], [100.4521, 13.6755], [100.4524, 13.675], [100.4526, 13.6744], [100.4527, 13.6743], [100.4528, 13.6738], [100.453, 13.6734], [100.4531, 13.673], [100.4533, 13.6724], [100.4534, 13.6722], [100.4536, 13.6715], [100.4537, 13.6711], [100.4539, 13.6707], [100.4539, 13.6705], [100.454, 13.6701], [100.4541, 13.6696], [100.4541, 13.6693], [100.4541, 13.6691], [100.4541, 13.669], [100.4541, 13.6688], [100.454, 13.6686], [100.454, 13.6684], [100.454, 13.6682], [100.454, 13.6682], [100.4538, 13.6676], [100.4537, 13.667], [100.4535, 13.6662], [100.4535, 13.6659], [100.4533, 13.6651], [100.4532, 13.6647], [100.4532, 13.6644], [100.453, 13.664], [100.4528, 13.6634], [100.4527, 13.663], [100.4525, 13.6623], [100.4522, 13.6615], [100.4519, 13.6609], [100.4517, 13.6603], [100.4516, 13.6599], [100.4514, 13.6594], [100.4512, 13.6589], [100.4512, 13.6589], [100.4517, 13.6587], [100.452, 13.6586], [100.4529, 13.6583], [100.4536, 13.6581], [100.454, 13.6579], [100.4543, 13.6578], [100.4547, 13.6577], [100.4551, 13.6576], [100.4554, 13.6574], [100.4567, 13.6569], [100.4567, 13.6569], [100.4569, 13.6567], [100.457, 13.6566], [100.4572, 13.6565], [100.4574, 13.6564], [100.4579, 13.6563], [100.4586, 13.6561], [100.4588, 13.656], [100.4591, 13.656], [100.4595, 13.6557], [100.4595, 13.6557], [100.4601, 13.6556], [100.4607, 13.6555], [100.461, 13.6553], [100.4615, 13.655], [100.4616, 13.6549], [100.4617, 13.6549], [100.462, 13.6547], [100.4625, 13.6543], [100.4629, 13.654], [100.4629, 13.654], [100.4631, 13.6544], [100.4633, 13.6546], [100.4633, 13.6546], [100.4633, 13.6546], [100.4634, 13.6546], [100.4635, 13.6544], [100.4636, 13.6543], [100.4638, 13.6543], [100.4638, 13.6543], [100.4642, 13.6547], [100.4643, 13.6547], [100.4643, 13.6547], [100.4644, 13.6545], [100.4644, 13.6543], [100.4645, 13.6542], [100.4646, 13.6539], [100.4646, 13.6539], [100.4646, 13.6539], [100.4649, 13.6541], [100.4653, 13.6543], [100.4656, 13.6544], [100.466, 13.6546], [100.4662, 13.6547], [100.4666, 13.6549], [100.4666, 13.6549], [100.4667, 13.6549], [100.4667, 13.6549], [100.4669, 13.6547], [100.4669, 13.6547], [100.467, 13.6547], [100.467, 13.6547], [100.4671, 13.6547], [100.4671, 13.6548], [100.4673, 13.655], [100.4675, 13.6551], [100.4675, 13.6551], [100.4674, 13.6553], [100.4674, 13.6553], [100.4675, 13.6554], [100.4676, 13.6554], [100.4679, 13.6556], [100.4683, 13.6558], [100.4687, 13.656], [100.4689, 13.6561], [100.4689, 13.6561], [100.4689, 13.6563], [100.4689, 13.6564], [100.4689, 13.6564], [100.4692, 13.6564], [100.4698, 13.6565], [100.4701, 13.6566], [100.4704, 13.6567], [100.4707, 13.6567], [100.4709, 13.6568], [100.4708, 13.6568], [100.4708, 13.6568], [100.4708, 13.6571], [100.4708, 13.6572], [100.4708, 13.6572], [100.4707, 13.6573], [100.4707, 13.6574], [100.4707, 13.6575], [100.4706, 13.6578], [100.4706, 13.658], [100.4706, 13.658], [100.4705, 13.6581], [100.4705, 13.6581], [100.4705, 13.6583], [100.4704, 13.6586], [100.4703, 13.6589], [100.4703, 13.6592], [100.4703, 13.6595], [100.4702, 13.6598], [100.4702, 13.6599], [100.4701, 13.6601], [100.4701, 13.6602], [100.4701, 13.6603], [100.47, 13.6604], [100.47, 13.6606], [100.47, 13.6606], [100.47, 13.6607], [100.47, 13.6608], [100.4699, 13.6609], [100.4699, 13.6611], [100.4699, 13.6611], [100.47, 13.6611], [100.4702, 13.6612], [100.4704, 13.6612], [100.4707, 13.6613], [100.4708, 13.6613], [100.4715, 13.6614], [100.4724, 13.6615], [100.473, 13.6615], [100.4731, 13.6616], [100.4732, 13.6616], [100.474, 13.6617], [100.4743, 13.6617], [100.4746, 13.6617], [100.4747, 13.6618], [100.475, 13.6618], [100.4752, 13.6618], [100.4753, 13.6618], [100.4758, 13.6619], [100.4758, 13.6619], [100.4758, 13.662]]]}, "properties": {"DISTRICT_N": "จอมทอง", "CODE": 1035, "AREA_BMA": 26.265}}, {"type": "Feature", "geometry": {"type": "Polygon", "coordinates": [[[100.347, 13.6554], [100.3467, 13.6553], [100.3467, 13.6552], [100.3468, 13.6537], [100.3468, 13.6523], [100.3469, 13.6522], [100.3468, 13.6521], [100.3466, 13.6508], [100.3463, 13.6493], [100.3463, 13.6491], [100.3454, 13.6489], [100.3449, 13.6489], [100.345, 13.6479], [100.3453, 13.6466], [100.3457, 13.6454], [100.3461, 13.6436], [100.3486, 13.6437], [100.3486, 13.6432], [100.3485, 13.6427], [100.3484, 13.6426], [100.3484, 13.6424], [100.3484, 13.6419], [100.3484, 13.6417], [100.3483, 13.6414], [100.3482, 13.641], [100.3493, 13.6409], [100.3502, 13.6409], [100.3503, 13.6409], [100.3503, 13.6402], [100.3515, 13.6402], [100.3515, 13.6396], [100.3531, 13.6398], [100.3544, 13.64], [100.3546, 13.6391], [100.3548, 13.6382], [100.3551, 13.6371], [100.3553, 13.6365], [100.3559, 13.6366], [100.3563, 13.6367], [100.3567, 13.6367], [100.3571, 13.6369], [100.3578, 13.637], [100.3582, 13.6371], [100.359, 13.6374], [100.3596, 13.6329], [100.3605, 13.633], [100.3605, 13.6334], [100.3628, 13.6333], [100.3632, 13.6331], [100.3639, 13.6331], [100.3644, 13.6332], [100.3646, 13.6333], [100.3648, 13.6332], [100.3649, 13.6333], [100.3652, 13.6329], [100.366, 13.6336], [100.3668, 13.6322], [100.3664, 13.632], [100.3671, 13.6304], [100.3669, 13.6303], [100.3675, 13.6301], [100.3678, 13.6301], [100.3679, 13.63], [100.3687, 13.6301], [100.3688, 13.6292], [100.369, 13.6286], [100.3694, 13.6275], [100.3701, 13.6268], [100.3708, 13.6258], [100.371, 13.6256], [100.3715, 13.6248], [100.3712, 13.6245], [100.3719, 13.6218], [100.3719, 13.6218], [100.3758, 13.6225], [100.3787, 13.6232], [100.3794, 13.6223], [100.3795, 13.6223], [100.3798, 13.6226], [100.38, 13.6228], [100.3802, 13.623], [100.3805, 13.6233], [100.3809, 13.6236], [100.3811, 13.6238], [100.3812, 13.6239], [100.3817, 13.6243], [100.3819, 13.6245], [100.3822, 13.6248], [100.3825, 13.6251], [100.3828, 13.6253], [100.383, 13.6255], [100.3833, 13.6258], [100.3834, 13.6259], [100.3836, 13.6261], [100.384, 13.6264], [100.3842, 13.6266], [100.3844, 13.6268], [100.3847, 13.627], [100.385, 13.6273], [100.3853, 13.6276], [100.3855, 13.6278], [100.3856, 13.6279], [100.3859, 13.6281], [100.3869, 13.629], [100.3874, 13.6294], [100.3879, 13.6299], [100.3887, 13.6306], [100.3892, 13.6311], [100.3898, 13.6317], [100.3909, 13.6326], [100.3914, 13.633], [100.3917, 13.6334], [100.3922, 13.6338], [100.3928, 13.6343], [100.3937, 13.6351], [100.3942, 13.6356], [100.3949, 13.6362], [100.3954, 13.6366], [100.3965, 13.6377], [100.3971, 13.6382], [100.3975, 13.6386], [100.398, 13.6389], [100.3984, 13.6393], [100.3996, 13.6403], [100.3999, 13.6407], [100.4003, 13.641], [100.4004, 13.6411], [100.4008, 13.6414], [100.4013, 13.6419], [100.4019, 13.6424], [100.4025, 13.643], [100.403, 13.6434], [100.4033, 13.6437], [100.4034, 13.6438], [100.4038, 13.6441], [100.4043, 13.6446], [100.4047, 13.645], [100.4051, 13.6453], [100.4053, 13.6454], [100.4057, 13.6459], [100.4059, 13.6461], [100.4062, 13.6464], [100.4064, 13.6466], [100.4074, 13.6475], [100.4078, 13.6477], [100.4079, 13.6478], [100.4083, 13.6482], [100.4093, 13.6491], [100.4102, 13.6499], [100.4107, 13.6503], [100.4114, 13.6509], [100.4124, 13.6519], [100.4133, 13.6526], [100.4142, 13.6534], [100.415, 13.6541], [100.4162, 13.6552], [100.4173, 13.6562], [100.4186, 13.6573], [100.4197, 13.6583], [100.4205, 13.659], [100.4214, 13.6599], [100.4221, 13.6604], [100.423, 13.6613], [100.4236, 13.6618], [100.4242, 13.6624], [100.4248, 13.6629], [100.4252, 13.6633], [100.4258, 13.6638], [100.4264, 13.6643], [100.4271, 13.6649], [100.428, 13.6657], [100.4283, 13.666], [100.4289, 13.6665], [100.4295, 13.6671], [100.4301, 13.6676], [100.431, 13.6684], [100.4316, 13.6689], [100.4322, 13.6694], [100.4326, 13.6698], [100.4334, 13.6705], [100.4343, 13.6713], [100.4349, 13.6719], [100.4356, 13.6725], [100.4359, 13.6728], [100.4401, 13.6765], [100.4403, 13.6767], [100.441, 13.6773], [100.4414, 13.6777], [100.4418, 13.678], [100.442, 13.6782], [100.4426, 13.6788], [100.4434, 13.6795], [100.4437, 13.6797], [100.444, 13.68], [100.4444, 13.6804], [100.445, 13.6809], [100.4457, 13.6815], [100.446, 13.6818], [100.4464, 13.6821], [100.4468, 13.6825], [100.4468, 13.6826], [100.4468, 13.6827], [100.4467, 13.6828], [100.4467, 13.6828], [100.4466, 13.6828], [100.4466, 13.6829], [100.4465, 13.6829], [100.4464, 13.683], [100.4464, 13.683], [100.4464, 13.6831], [100.4464, 13.6832], [100.4464, 13.6833], [100.4464, 13.6834], [100.4465, 13.6835], [100.4465, 13.6835], [100.4465, 13.6836], [100.4465, 13.6837], [100.4464, 13.6838], [100.4464, 13.6838], [100.4463, 13.6839], [100.4463, 13.684], [100.4462, 13.6841], [100.4462, 13.6841], [100.4461, 13.6841], [100.446, 13.6841], [100.4459, 13.6841], [100.4458, 13.6841], [100.4458, 13.6841], [100.4458, 13.6841], [100.4457, 13.6841], [100.4457, 13.6841], [100.4457, 13.6841], [100.4456, 13.6841], [100.4455, 13.6842], [100.4455, 13.6842], [100.4454, 13.6842], [100.4454, 13.6843], [100.4454, 13.6843], [100.4453, 13.6843], [100.4453, 13.6843], [100.4453, 13.6844], [100.4453, 13.6845], [100.4453, 13.6845], [100.4453, 13.6846], [100.4453, 13.6846], [100.4452, 13.6847], [100.4451, 13.6849], [100.445, 13.685], [100.445, 13.6851], [100.4449, 13.6851], [100.4449, 13.6852], [100.4447, 13.6853], [100.4447, 13.6853], [100.4447, 13.6854], [100.4445, 13.6855], [100.4445, 13.6856], [100.4444, 13.6857], [100.4443, 13.6859], [100.4442, 13.686], [100.4441, 13.6861], [100.4441, 13.6862], [100.4441, 13.6863], [100.444, 13.6863], [100.444, 13.6864], [100.4441, 13.6865], [100.444, 13.6866], [100.444, 13.6867], [100.444, 13.6867], [100.4439, 13.6867], [100.4438, 13.6868], [100.4438, 13.6868], [100.4437, 13.6868], [100.4436, 13.6868], [100.4436, 13.6869], [100.4435, 13.6869], [100.4435, 13.6869], [100.4434, 13.687], [100.4434, 13.687], [100.4434, 13.687], [100.4434, 13.6871], [100.4433, 13.6872], [100.4433, 13.6873], [100.4432, 13.6873], [100.4432, 13.6874], [100.4431, 13.6875], [100.4431, 13.6875], [100.443, 13.6876], [100.4429, 13.6877], [100.4428, 13.6877], [100.4427, 13.6878], [100.4426, 13.6878], [100.4426, 13.6879], [100.4425, 13.6879], [100.4424, 13.688], [100.4424, 13.6881], [100.4424, 13.6882], [100.4423, 13.6883], [100.4423, 13.6883], [100.4422, 13.6884], [100.4422, 13.6884], [100.4421, 13.6885], [100.442, 13.6886], [100.442, 13.6887], [100.4419, 13.6887], [100.4419, 13.6888], [100.4418, 13.6889], [100.4416, 13.6891], [100.4415, 13.6892], [100.4414, 13.6894], [100.4413, 13.6895], [100.4412, 13.6896], [100.4411, 13.6897], [100.4411, 13.6898], [100.4411, 13.6898], [100.441, 13.6899], [100.441, 13.6899], [100.441, 13.69], [100.4409, 13.69], [100.4408, 13.6901], [100.4408, 13.6901], [100.4408, 13.6902], [100.4407, 13.6902], [100.4405, 13.6903], [100.4405, 13.6904], [100.4404, 13.6905], [100.4403, 13.6905], [100.4403, 13.6906], [100.4402, 13.6907], [100.44, 13.691], [100.4397, 13.6913], [100.4393, 13.6918], [100.439, 13.692], [100.4386, 13.6926], [100.4385, 13.6928], [100.4384, 13.6928], [100.4383, 13.6929], [100.4382, 13.6929], [100.4382, 13.693], [100.4382, 13.6931], [100.4381, 13.6932], [100.4379, 13.6935], [100.4378, 13.6936], [100.4377, 13.6937], [100.4377, 13.6937], [100.4376, 13.6937], [100.4376, 13.6936], [100.4375, 13.6936], [100.4374, 13.6936], [100.4373, 13.6936], [100.4371, 13.6935], [100.4368, 13.6933], [100.4362, 13.6928], [100.4352, 13.6922], [100.4348, 13.6919], [100.4345, 13.6916], [100.4342, 13.6915], [100.4342, 13.6914], [100.4341, 13.6914], [100.434, 13.6914], [100.4338, 13.6913], [100.4337, 13.6912], [100.4336, 13.6912], [100.4335, 13.6911], [100.4335, 13.6911], [100.4333, 13.691], [100.4332, 13.691], [100.4332, 13.6909], [100.4331, 13.6909], [100.4331, 13.6908], [100.4331, 13.6908], [100.433, 13.6908], [100.4329, 13.6907], [100.4328, 13.6907], [100.4328, 13.6906], [100.4327, 13.6906], [100.4326, 13.6905], [100.4325, 13.6904], [100.4323, 13.6903], [100.4322, 13.6903], [100.4321, 13.6902], [100.4321, 13.6902], [100.432, 13.6901], [100.4319, 13.6901], [100.4318, 13.69], [100.4316, 13.6899], [100.4315, 13.6898], [100.4311, 13.6896], [100.4311, 13.6895], [100.431, 13.6895], [100.4309, 13.6895], [100.4308, 13.6895], [100.4307, 13.6894], [100.4302, 13.689], [100.4297, 13.6887], [100.4293, 13.6884], [100.4288, 13.6882], [100.4284, 13.6879], [100.428, 13.6878], [100.4278, 13.6877], [100.4278, 13.6877], [100.4277, 13.6877], [100.4277, 13.6876], [100.4276, 13.6876], [100.4275, 13.6875], [100.4272, 13.6874], [100.4271, 13.6873], [100.427, 13.6872], [100.4268, 13.6871], [100.4266, 13.687], [100.4264, 13.6869], [100.4262, 13.6867], [100.426, 13.6866], [100.4258, 13.6865], [100.4257, 13.6865], [100.4257, 13.6864], [100.4256, 13.6864], [100.4253, 13.6862], [100.4251, 13.6861], [100.4248, 13.6859], [100.4248, 13.6858], [100.4247, 13.6858], [100.4246, 13.6857], [100.4245, 13.6857], [100.4243, 13.6856], [100.4242, 13.6855], [100.424, 13.6854], [100.4238, 13.6854], [100.4236, 13.6853], [100.4234, 13.6851], [100.4231, 13.6849], [100.4228, 13.6848], [100.4225, 13.6846], [100.4225, 13.6845], [100.4223, 13.6844], [100.4222, 13.6843], [100.4217, 13.6841], [100.4213, 13.6839], [100.4207, 13.6835], [100.4203, 13.6833], [100.42, 13.6831], [100.4197, 13.683], [100.4195, 13.6829], [100.4193, 13.6828], [100.4191, 13.6827], [100.4186, 13.6824], [100.418, 13.6821], [100.4175, 13.6818], [100.417, 13.6816], [100.4164, 13.6813], [100.4161, 13.6812], [100.4155, 13.6808], [100.4151, 13.6806], [100.4148, 13.6805], [100.4141, 13.6801], [100.4138, 13.68], [100.4137, 13.6799], [100.4134, 13.6798], [100.4131, 13.6797], [100.4129, 13.6795], [100.4125, 13.6793], [100.4121, 13.6791], [100.4115, 13.6788], [100.4115, 13.6788], [100.4111, 13.6786], [100.4108, 13.6784], [100.4105, 13.6783], [100.4102, 13.6781], [100.4097, 13.6778], [100.4094, 13.6777], [100.4087, 13.6773], [100.4084, 13.6771], [100.408, 13.6769], [100.4075, 13.6767], [100.407, 13.6765], [100.4068, 13.6764], [100.4068, 13.6764], [100.4061, 13.676], [100.4061, 13.676], [100.406, 13.6759], [100.4059, 13.6759], [100.4058, 13.6758], [100.4058, 13.6758], [100.4057, 13.6758], [100.4055, 13.6757], [100.4054, 13.6757], [100.4053, 13.6756], [100.4045, 13.6752], [100.4041, 13.675], [100.4041, 13.675], [100.4033, 13.6746], [100.4025, 13.6741], [100.4018, 13.6738], [100.4009, 13.6734], [100.4001, 13.673], [100.3985, 13.6722], [100.3983, 13.6721], [100.3982, 13.672], [100.3981, 13.672], [100.3979, 13.6719], [100.3977, 13.6718], [100.3975, 13.6716], [100.3973, 13.6715], [100.3962, 13.671], [100.3961, 13.671], [100.3954, 13.6706], [100.3953, 13.6706], [100.3951, 13.6705], [100.395, 13.6704], [100.3949, 13.6704], [100.3949, 13.6704], [100.3949, 13.6704], [100.3948, 13.6703], [100.3948, 13.6703], [100.3947, 13.6702], [100.3946, 13.6701], [100.3945, 13.6701], [100.3945, 13.6701], [100.3944, 13.67], [100.3944, 13.67], [100.3943, 13.67], [100.3942, 13.6699], [100.3941, 13.6697], [100.394, 13.6696], [100.3939, 13.6696], [100.3938, 13.6695], [100.3937, 13.6694], [100.3935, 13.6693], [100.3934, 13.6693], [100.3933, 13.6693], [100.3932, 13.6692], [100.393, 13.6691], [100.3929, 13.6691], [100.3928, 13.669], [100.3927, 13.669], [100.3926, 13.669], [100.3926, 13.669], [100.3925, 13.669], [100.3924, 13.6689], [100.3924, 13.6689], [100.3923, 13.6688], [100.3922, 13.6688], [100.3921, 13.6688], [100.392, 13.6688], [100.3919, 13.6688], [100.3918, 13.6688], [100.3916, 13.6688], [100.3915, 13.6687], [100.3913, 13.6687], [100.3912, 13.6687], [100.3911, 13.6687], [100.3909, 13.6687], [100.3908, 13.6687], [100.3907, 13.6687], [100.3906, 13.6687], [100.3905, 13.6686], [100.3904, 13.6686], [100.3903, 13.6686], [100.3902, 13.6686], [100.3901, 13.6685], [100.39, 13.6685], [100.3899, 13.6685], [100.3898, 13.6685], [100.3896, 13.6684], [100.3895, 13.6684], [100.3894, 13.6683], [100.3893, 13.6683], [100.3891, 13.6682], [100.3891, 13.6682], [100.3889, 13.6681], [100.3887, 13.6681], [100.3886, 13.668], [100.3885, 13.668], [100.3885, 13.668], [100.3884, 13.668], [100.3883, 13.668], [100.3883, 13.668], [100.3883, 13.668], [100.3883, 13.6681], [100.3883, 13.6682], [100.3882, 13.6684], [100.3881, 13.6686], [100.3881, 13.6688], [100.388, 13.6689], [100.388, 13.6689], [100.388, 13.6689], [100.388, 13.669], [100.3879, 13.669], [100.3879, 13.669], [100.3878, 13.669], [100.3878, 13.6691], [100.3877, 13.6691], [100.3877, 13.6691], [100.3877, 13.6692], [100.3877, 13.6692], [100.3877, 13.6693], [100.3878, 13.6693], [100.3878, 13.6693], [100.3878, 13.6693], [100.3879, 13.6694], [100.3878, 13.6694], [100.3878, 13.6695], [100.3878, 13.6696], [100.3877, 13.6697], [100.3877, 13.6697], [100.3877, 13.6698], [100.3876, 13.6699], [100.3876, 13.67], [100.3876, 13.6701], [100.3875, 13.6702], [100.3875, 13.6703], [100.3875, 13.6703], [100.3874, 13.6704], [100.3873, 13.6705], [100.3872, 13.6705], [100.3871, 13.6706], [100.387, 13.6706], [100.3869, 13.6707], [100.3868, 13.6707], [100.3867, 13.6708], [100.3866, 13.6708], [100.3864, 13.6709], [100.3862, 13.6709], [100.3861, 13.6709], [100.3859, 13.671], [100.3858, 13.671], [100.3856, 13.6711], [100.3854, 13.6711], [100.3854, 13.6711], [100.3853, 13.6712], [100.3852, 13.6712], [100.3851, 13.6713], [100.385, 13.6713], [100.385, 13.6713], [100.3849, 13.6713], [100.3848, 13.6714], [100.3848, 13.6714], [100.3848, 13.6714], [100.3847, 13.6714], [100.3846, 13.6714], [100.3844, 13.6715], [100.3843, 13.6715], [100.3843, 13.6715], [100.3842, 13.6715], [100.3842, 13.6715], [100.3841, 13.6716], [100.384, 13.6716], [100.384, 13.6716], [100.3839, 13.6716], [100.3839, 13.6716], [100.3838, 13.6716], [100.3837, 13.6716], [100.3837, 13.6716], [100.3836, 13.6716], [100.3835, 13.6717], [100.3834, 13.6717], [100.3834, 13.6717], [100.3833, 13.6717], [100.3833, 13.6717], [100.3832, 13.6716], [100.3832, 13.6716], [100.3831, 13.6715], [100.3831, 13.6715], [100.383, 13.6715], [100.3829, 13.6715], [100.3828, 13.6714], [100.3828, 13.6714], [100.3827, 13.6713], [100.3827, 13.6713], [100.3826, 13.6713], [100.3825, 13.6713], [100.3824, 13.6712], [100.3823, 13.6712], [100.3822, 13.6711], [100.3822, 13.6711], [100.3821, 13.6711], [100.382, 13.671], [100.3819, 13.671], [100.3818, 13.6709], [100.3816, 13.6708], [100.3814, 13.6708], [100.3813, 13.6707], [100.3812, 13.6707], [100.3811, 13.6707], [100.3811, 13.6706], [100.381, 13.6706], [100.3808, 13.6705], [100.3807, 13.6704], [100.3807, 13.6704], [100.3805, 13.6703], [100.3805, 13.6703], [100.3803, 13.6703], [100.3802, 13.6702], [100.3801, 13.6702], [100.38, 13.6701], [100.3799, 13.6701], [100.3799, 13.6701], [100.3798, 13.67], [100.3798, 13.67], [100.3796, 13.67], [100.3796, 13.6699], [100.3795, 13.6699], [100.3793, 13.6698], [100.3793, 13.6697], [100.3792, 13.6697], [100.3791, 13.6697], [100.3791, 13.6697], [100.379, 13.6697], [100.3789, 13.6696], [100.3788, 13.6696], [100.3787, 13.6696], [100.3786, 13.6696], [100.3786, 13.6695], [100.3785, 13.6695], [100.3784, 13.6695], [100.3784, 13.6694], [100.3783, 13.6694], [100.3782, 13.6694], [100.3781, 13.6693], [100.378, 13.6693], [100.3779, 13.6692], [100.3778, 13.6692], [100.3778, 13.6692], [100.3777, 13.6691], [100.3777, 13.6691], [100.3777, 13.6691], [100.3776, 13.6691], [100.3776, 13.669], [100.3775, 13.669], [100.3775, 13.669], [100.3774, 13.669], [100.3774, 13.669], [100.3774, 13.6689], [100.3774, 13.6689], [100.3773, 13.6689], [100.3773, 13.6689], [100.3772, 13.6689], [100.3771, 13.6689], [100.3771, 13.6688], [100.377, 13.6688], [100.377, 13.6688], [100.377, 13.6688], [100.3769, 13.6688], [100.3769, 13.6688], [100.3768, 13.6688], [100.3767, 13.6688], [100.3767, 13.6688], [100.3767, 13.6687], [100.3766, 13.6687], [100.3766, 13.6687], [100.3765, 13.6686], [100.3765, 13.6686], [100.3765, 13.6686], [100.3764, 13.6686], [100.3763, 13.6685], [100.3763, 13.6685], [100.3762, 13.6685], [100.3762, 13.6685], [100.3761, 13.6685], [100.3761, 13.6684], [100.376, 13.6684], [100.3759, 13.6684], [100.3758, 13.6683], [100.3757, 13.6683], [100.3757, 13.6683], [100.3756, 13.6682], [100.3755, 13.6682], [100.3754, 13.6681], [100.3753, 13.6681], [100.3752, 13.6681], [100.3751, 13.668], [100.375, 13.6679], [100.3749, 13.6679], [100.3748, 13.6678], [100.3747, 13.6678], [100.3746, 13.6678], [100.3745, 13.6677], [100.3744, 13.6677], [100.3743, 13.6676], [100.3741, 13.6676], [100.374, 13.6675], [100.3739, 13.6674], [100.3738, 13.6674], [100.3737, 13.6674], [100.3736, 13.6673], [100.3736, 13.6673], [100.3735, 13.6673], [100.3734, 13.6673], [100.3733, 13.6672], [100.3732, 13.6671], [100.3731, 13.6671], [100.373, 13.667], [100.3728, 13.667], [100.3727, 13.6669], [100.3725, 13.6669], [100.3724, 13.6668], [100.3723, 13.6668], [100.3722, 13.6667], [100.372, 13.6666], [100.3718, 13.6666], [100.3716, 13.6665], [100.3714, 13.6664], [100.371, 13.6662], [100.3707, 13.6661], [100.3704, 13.6659], [100.3701, 13.6658], [100.3697, 13.6656], [100.3692, 13.6654], [100.3689, 13.6652], [100.3685, 13.6651], [100.3682, 13.6649], [100.3678, 13.6648], [100.3677, 13.6647], [100.3676, 13.6646], [100.3675, 13.6646], [100.367, 13.6644], [100.3664, 13.6642], [100.366, 13.664], [100.3659, 13.6639], [100.3658, 13.6638], [100.3656, 13.6637], [100.3648, 13.6634], [100.3642, 13.6631], [100.3637, 13.6629], [100.3633, 13.6627], [100.363, 13.6626], [100.3627, 13.6625], [100.3619, 13.6622], [100.3612, 13.6619], [100.3611, 13.6618], [100.3611, 13.6618], [100.3611, 13.6617], [100.3611, 13.6617], [100.361, 13.6614], [100.361, 13.6613], [100.361, 13.6613], [100.3609, 13.6613], [100.3607, 13.6613], [100.3605, 13.6613], [100.3602, 13.6613], [100.3597, 13.6612], [100.3595, 13.6612], [100.3594, 13.6612], [100.3591, 13.6613], [100.3586, 13.6614], [100.3581, 13.6615], [100.3576, 13.6616], [100.3573, 13.6617], [100.3573, 13.6617], [100.3572, 13.6617], [100.3572, 13.6617], [100.3571, 13.6617], [100.3571, 13.6616], [100.3571, 13.6615], [100.357, 13.6614], [100.3569, 13.6611], [100.3568, 13.6609], [100.3567, 13.6605], [100.3566, 13.66], [100.3566, 13.6599], [100.3566, 13.6599], [100.3566, 13.6599], [100.3563, 13.6598], [100.3561, 13.6597], [100.3557, 13.6596], [100.3556, 13.6595], [100.3556, 13.6595], [100.3555, 13.6595], [100.3554, 13.6594], [100.3552, 13.6593], [100.355, 13.6592], [100.3547, 13.659], [100.3543, 13.6588], [100.3543, 13.6587], [100.3542, 13.6587], [100.3541, 13.6587], [100.3535, 13.6585], [100.3534, 13.6584], [100.3533, 13.6584], [100.3532, 13.6583], [100.353, 13.6582], [100.353, 13.6582], [100.3529, 13.6581], [100.3527, 13.658], [100.3526, 13.658], [100.3524, 13.6579], [100.352, 13.6577], [100.3516, 13.6576], [100.3514, 13.6576], [100.3512, 13.6575], [100.3511, 13.6575], [100.3511, 13.6575], [100.3511, 13.6574], [100.3511, 13.6574], [100.3512, 13.6571], [100.3512, 13.6568], [100.3513, 13.6566], [100.3514, 13.6566], [100.3514, 13.6566], [100.3514, 13.6566], [100.3513, 13.6565], [100.3512, 13.6564], [100.3508, 13.6562], [100.3506, 13.6561], [100.3501, 13.6557], [100.3497, 13.6553], [100.3494, 13.6551], [100.3493, 13.6551], [100.3492, 13.655], [100.349, 13.6549], [100.3486, 13.6548], [100.3484, 13.6548], [100.3482, 13.6547], [100.3481, 13.6548], [100.3479, 13.6548], [100.3478, 13.6548], [100.3478, 13.6548], [100.3478, 13.6548], [100.3477, 13.6549], [100.3476, 13.6551], [100.3476, 13.6551], [100.3476, 13.6552], [100.3476, 13.6552], [100.3475, 13.6553], [100.3474, 13.6554], [100.3474, 13.6554], [100.3472, 13.6554], [100.347, 13.6554]]]}, "properties": {"DISTRICT_N": "บางบอน", "CODE": 1050, "AREA_BMA": 34.74499893}}, {"type": "Feature", "geometry": {"type": "Polygon", "coordinates": [[[100.5589, 13.9144], [100.5596, 13.9142], [100.5605, 13.9141], [100.5611, 13.9139], [100.5615, 13.9138], [100.562, 13.9136], [100.5626, 13.9135], [100.563, 13.9133], [100.5632, 13.9133], [100.5634, 13.9131], [100.5636, 13.913], [100.5639, 13.9128], [100.564, 13.9127], [100.5642, 13.9126], [100.5644, 13.9124], [100.5647, 13.9122], [100.565, 13.912], [100.565, 13.912], [100.565, 13.9119], [100.5652, 13.9118], [100.5655, 13.9116], [100.5656, 13.9115], [100.5659, 13.9113], [100.5662, 13.9111], [100.5665, 13.9107], [100.5669, 13.9103], [100.5673, 13.9099], [100.5676, 13.9097], [100.5677, 13.9095], [100.568, 13.9092], [100.5682, 13.9091], [100.5685, 13.9089], [100.5688, 13.9087], [100.5691, 13.9085], [100.5696, 13.9083], [100.57, 13.908], [100.5703, 13.9078], [100.5706, 13.9076], [100.5709, 13.9075], [100.5711, 13.9073], [100.5713, 13.9072], [100.5716, 13.907], [100.5718, 13.9069], [100.5721, 13.9068], [100.5722, 13.9067], [100.5724, 13.9066], [100.5727, 13.9064], [100.5728, 13.9063], [100.573, 13.9063], [100.5734, 13.906], [100.5736, 13.9059], [100.5738, 13.9058], [100.574, 13.9057], [100.5742, 13.9056], [100.5747, 13.9053], [100.575, 13.9052], [100.5754, 13.905], [100.5756, 13.905], [100.5759, 13.9049], [100.5764, 13.9048], [100.5768, 13.9047], [100.5772, 13.9045], [100.5783, 13.9041], [100.5788, 13.904], [100.5791, 13.9039], [100.5793, 13.9039], [100.5794, 13.9038], [100.5795, 13.9037], [100.5797, 13.9036], [100.5799, 13.9035], [100.5801, 13.9033], [100.5802, 13.9033], [100.5803, 13.9032], [100.5804, 13.9032], [100.5805, 13.9031], [100.5806, 13.9031], [100.5807, 13.903], [100.5808, 13.9029], [100.5808, 13.9029], [100.5809, 13.9029], [100.581, 13.9028], [100.581, 13.9028], [100.5811, 13.9028], [100.5812, 13.9028], [100.5812, 13.9027], [100.5813, 13.9027], [100.5815, 13.9026], [100.5816, 13.9025], [100.5817, 13.9025], [100.5818, 13.9024], [100.5819, 13.9024], [100.582, 13.9023], [100.5821, 13.9022], [100.5822, 13.9022], [100.5823, 13.9022], [100.5824, 13.9021], [100.5824, 13.9021], [100.5825, 13.902], [100.5825, 13.902], [100.5827, 13.9019], [100.5828, 13.9019], [100.583, 13.9018], [100.5831, 13.9017], [100.5832, 13.9017], [100.5835, 13.9015], [100.5837, 13.9014], [100.5839, 13.9013], [100.5842, 13.9011], [100.5844, 13.901], [100.5848, 13.9008], [100.5849, 13.9007], [100.5855, 13.9004], [100.5859, 13.9002], [100.5861, 13.9001], [100.5864, 13.8999], [100.5867, 13.8998], [100.5869, 13.8996], [100.5871, 13.8995], [100.5873, 13.8994], [100.5875, 13.8993], [100.5874, 13.8992], [100.5874, 13.8991], [100.5874, 13.8991], [100.5873, 13.8991], [100.5873, 13.899], [100.5872, 13.8988], [100.5869, 13.8983], [100.5869, 13.8983], [100.5869, 13.8982], [100.5869, 13.8982], [100.5868, 13.8981], [100.5867, 13.8979], [100.5866, 13.8978], [100.5866, 13.8977], [100.5866, 13.8977], [100.5865, 13.8976], [100.5865, 13.8975], [100.5864, 13.8975], [100.5864, 13.8974], [100.5864, 13.8974], [100.5864, 13.8973], [100.5863, 13.8973], [100.5863, 13.8973], [100.5863, 13.8972], [100.5863, 13.8972], [100.5862, 13.8971], [100.5862, 13.8971], [100.5862, 13.897], [100.5862, 13.897], [100.5861, 13.8969], [100.5861, 13.8968], [100.5861, 13.8968], [100.586, 13.8967], [100.586, 13.8966], [100.586, 13.8966], [100.5859, 13.8965], [100.5859, 13.8965], [100.5859, 13.8965], [100.5859, 13.8964], [100.5859, 13.8964], [100.5859, 13.8964], [100.5859, 13.8964], [100.5858, 13.8964], [100.5858, 13.8963], [100.5858, 13.8963], [100.5858, 13.8963], [100.5858, 13.8963], [100.5858, 13.8963], [100.5858, 13.8963], [100.5858, 13.8962], [100.5858, 13.8962], [100.5858, 13.8962], [100.5858, 13.8962], [100.5858, 13.8962], [100.5857, 13.8962], [100.5857, 13.8962], [100.5857, 13.8962], [100.5857, 13.8962], [100.5857, 13.8962], [100.5857, 13.8962], [100.5857, 13.8962], [100.5857, 13.8961], [100.5857, 13.8961], [100.5857, 13.8961], [100.5857, 13.8961], [100.5857, 13.8961], [100.5857, 13.8961], [100.5857, 13.8961], [100.5856, 13.8961], [100.5856, 13.8961], [100.5856, 13.896], [100.5856, 13.896], [100.5856, 13.896], [100.5856, 13.896], [100.5856, 13.896], [100.5856, 13.8959], [100.5856, 13.8959], [100.5855, 13.8958], [100.5855, 13.8957], [100.5854, 13.8957], [100.5854, 13.8956], [100.5853, 13.8955], [100.5853, 13.8954], [100.5852, 13.8953], [100.5852, 13.8953], [100.5852, 13.8952], [100.5851, 13.8952], [100.5851, 13.8951], [100.5851, 13.895], [100.585, 13.895], [100.585, 13.8949], [100.585, 13.8948], [100.5849, 13.8948], [100.5849, 13.8947], [100.5849, 13.8947], [100.5849, 13.8947], [100.5848, 13.8947], [100.5848, 13.8946], [100.5848, 13.8946], [100.5848, 13.8946], [100.5848, 13.8946], [100.5848, 13.8946], [100.5848, 13.8945], [100.5848, 13.8945], [100.5848, 13.8945], [100.5848, 13.8944], [100.5847, 13.8944], [100.5847, 13.8943], [100.5847, 13.8943], [100.5847, 13.8943], [100.5847, 13.8943], [100.5847, 13.8942], [100.5847, 13.8942], [100.5847, 13.8942], [100.5846, 13.8941], [100.5846, 13.8941], [100.5846, 13.894], [100.5846, 13.894], [100.5845, 13.8939], [100.5845, 13.8939], [100.5845, 13.8938], [100.5845, 13.8938], [100.5844, 13.8937], [100.5844, 13.8937], [100.5844, 13.8936], [100.5843, 13.8936], [100.5843, 13.8935], [100.5843, 13.8935], [100.5843, 13.8934], [100.5842, 13.8934], [100.5842, 13.8933], [100.5842, 13.8933], [100.5842, 13.8933], [100.5841, 13.8932], [100.5841, 13.8932], [100.5841, 13.8932], [100.5841, 13.8931], [100.5841, 13.8931], [100.5841, 13.8931], [100.584, 13.8931], [100.584, 13.8931], [100.584, 13.8931], [100.584, 13.8931], [100.584, 13.893], [100.584, 13.893], [100.584, 13.893], [100.584, 13.893], [100.584, 13.8929], [100.5839, 13.8929], [100.5839, 13.8928], [100.5839, 13.8928], [100.5839, 13.8927], [100.5838, 13.8927], [100.5838, 13.8926], [100.5838, 13.8926], [100.5838, 13.8925], [100.5837, 13.8925], [100.5837, 13.8924], [100.5837, 13.8924], [100.5836, 13.8923], [100.5836, 13.8923], [100.5836, 13.8922], [100.5835, 13.8922], [100.5835, 13.8921], [100.5835, 13.8921], [100.5835, 13.892], [100.5834, 13.8919], [100.5834, 13.8919], [100.5834, 13.8918], [100.5833, 13.8918], [100.5833, 13.8917], [100.5833, 13.8917], [100.5832, 13.8916], [100.5832, 13.8915], [100.5832, 13.8914], [100.5831, 13.8913], [100.5831, 13.8912], [100.583, 13.8912], [100.583, 13.8911], [100.583, 13.8911], [100.583, 13.8911], [100.5829, 13.891], [100.5829, 13.891], [100.5829, 13.891], [100.5829, 13.891], [100.5829, 13.8909], [100.5828, 13.8909], [100.5828, 13.8909], [100.5828, 13.8908], [100.5828, 13.8908], [100.5828, 13.8908], [100.5828, 13.8908], [100.5828, 13.8908], [100.5827, 13.8907], [100.5827, 13.8907], [100.5827, 13.8907], [100.5827, 13.8907], [100.5827, 13.8907], [100.5827, 13.8907], [100.5827, 13.8906], [100.5829, 13.8906], [100.583, 13.8906], [100.583, 13.8906], [100.5831, 13.8906], [100.5831, 13.8906], [100.5832, 13.8906], [100.5832, 13.8906], [100.5833, 13.8906], [100.5833, 13.8906], [100.5834, 13.8906], [100.5834, 13.8906], [100.5835, 13.8906], [100.5835, 13.8906], [100.5836, 13.8906], [100.5836, 13.8906], [100.5837, 13.8906], [100.5838, 13.8905], [100.5839, 13.8905], [100.584, 13.8905], [100.5841, 13.8905], [100.5841, 13.8905], [100.5843, 13.8904], [100.5844, 13.8904], [100.5844, 13.8904], [100.5845, 13.8904], [100.5845, 13.8904], [100.5845, 13.8904], [100.5845, 13.8904], [100.5845, 13.8904], [100.5845, 13.8904], [100.5846, 13.8904], [100.5846, 13.8904], [100.5848, 13.8903], [100.5851, 13.8903], [100.5853, 13.8902], [100.5854, 13.8902], [100.5855, 13.8902], [100.5857, 13.8902], [100.5862, 13.8901], [100.5866, 13.89], [100.5868, 13.89], [100.5868, 13.89], [100.5869, 13.8899], [100.5871, 13.8897], [100.5872, 13.8896], [100.5874, 13.8896], [100.5878, 13.8894], [100.5878, 13.8894], [100.5879, 13.8893], [100.5881, 13.8893], [100.5883, 13.8893], [100.5884, 13.8894], [100.5884, 13.8894], [100.5884, 13.8894], [100.5884, 13.8894], [100.5885, 13.8894], [100.5885, 13.8894], [100.5885, 13.8894], [100.5885, 13.8894], [100.5885, 13.8894], [100.5886, 13.8895], [100.5886, 13.8895], [100.5886, 13.8895], [100.5887, 13.8895], [100.5887, 13.8895], [100.5887, 13.8895], [100.5887, 13.8895], [100.5887, 13.8895], [100.5888, 13.8895], [100.5888, 13.8895], [100.5888, 13.8895], [100.5888, 13.8895], [100.5888, 13.8895], [100.5888, 13.8895], [100.5889, 13.8895], [100.5889, 13.8895], [100.589, 13.8895], [100.589, 13.8895], [100.5891, 13.8895], [100.5891, 13.8895], [100.5892, 13.8894], [100.5893, 13.8894], [100.5894, 13.8894], [100.5895, 13.8894], [100.5896, 13.8894], [100.5897, 13.8894], [100.5898, 13.8894], [100.5899, 13.8893], [100.59, 13.8893], [100.5901, 13.8893], [100.5901, 13.8893], [100.5902, 13.8893], [100.5902, 13.8893], [100.5903, 13.8893], [100.5903, 13.8892], [100.5903, 13.8892], [100.5904, 13.8892], [100.5904, 13.8892], [100.5905, 13.8892], [100.5905, 13.8892], [100.5906, 13.8892], [100.5906, 13.8891], [100.5907, 13.8891], [100.5907, 13.8891], [100.5908, 13.8891], [100.5908, 13.8891], [100.5909, 13.8891], [100.5909, 13.889], [100.5909, 13.889], [100.591, 13.889], [100.591, 13.889], [100.5911, 13.889], [100.5911, 13.889], [100.5911, 13.889], [100.5911, 13.889], [100.5912, 13.889], [100.5912, 13.8889], [100.5913, 13.8889], [100.5913, 13.8889], [100.5914, 13.8889], [100.5914, 13.8889], [100.5915, 13.8889], [100.5915, 13.8889], [100.5915, 13.8888], [100.5916, 13.8888], [100.5916, 13.8888], [100.5917, 13.8888], [100.5917, 13.8888], [100.5918, 13.8888], [100.5918, 13.8888], [100.5918, 13.8888], [100.5918, 13.8887], [100.5918, 13.8887], [100.5919, 13.8887], [100.5919, 13.8887], [100.5919, 13.8887], [100.592, 13.8887], [100.592, 13.8887], [100.5921, 13.8887], [100.5921, 13.8886], [100.5922, 13.8886], [100.5922, 13.8886], [100.5923, 13.8886], [100.5923, 13.8886], [100.5924, 13.8885], [100.5924, 13.8885], [100.5925, 13.8885], [100.5926, 13.8885], [100.5926, 13.8885], [100.5927, 13.8884], [100.5927, 13.8884], [100.5928, 13.8884], [100.5928, 13.8884], [100.5929, 13.8884], [100.5929, 13.8883], [100.593, 13.8883], [100.593, 13.8883], [100.5931, 13.8883], [100.5932, 13.8883], [100.5932, 13.8882], [100.5933, 13.8882], [100.5933, 13.8882], [100.5934, 13.8882], [100.5934, 13.8882], [100.5935, 13.8881], [100.5936, 13.8881], [100.5936, 13.8881], [100.5937, 13.8881], [100.5938, 13.888], [100.5938, 13.888], [100.5939, 13.888], [100.594, 13.8879], [100.5941, 13.8879], [100.5942, 13.8879], [100.5942, 13.8878], [100.5943, 13.8878], [100.5944, 13.8878], [100.5944, 13.8878], [100.5944, 13.8877], [100.5948, 13.8876], [100.5949, 13.8877], [100.5949, 13.8877], [100.595, 13.8878], [100.5951, 13.8879], [100.5951, 13.8879], [100.5951, 13.8879], [100.5952, 13.888], [100.5952, 13.888], [100.5953, 13.8881], [100.5953, 13.8881], [100.5954, 13.8882], [100.5954, 13.8882], [100.5955, 13.8882], [100.5955, 13.8883], [100.5956, 13.8883], [100.5956, 13.8884], [100.5957, 13.8885], [100.5958, 13.8885], [100.5959, 13.8886], [100.5959, 13.8887], [100.596, 13.8887], [100.5961, 13.8888], [100.5962, 13.8889], [100.5962, 13.889], [100.5963, 13.889], [100.5963, 13.889], [100.5963, 13.8891], [100.5963, 13.8891], [100.5964, 13.8891], [100.5964, 13.8891], [100.5964, 13.8891], [100.5964, 13.8891], [100.5964, 13.8891], [100.5964, 13.8892], [100.5965, 13.8892], [100.5965, 13.8892], [100.5965, 13.8892], [100.5965, 13.8892], [100.5965, 13.8892], [100.5966, 13.8893], [100.5966, 13.8893], [100.5966, 13.8893], [100.5966, 13.8893], [100.5966, 13.8893], [100.5967, 13.8894], [100.5967, 13.8894], [100.5967, 13.8894], [100.5967, 13.8894], [100.5967, 13.8894], [100.5968, 13.8894], [100.5968, 13.8894], [100.5968, 13.8895], [100.5968, 13.8895], [100.5968, 13.8895], [100.5968, 13.8895], [100.5969, 13.8895], [100.5969, 13.8896], [100.5969, 13.8896], [100.5969, 13.8896], [100.597, 13.8896], [100.597, 13.8896], [100.597, 13.8897], [100.5971, 13.8897], [100.5971, 13.8897], [100.5972, 13.8898], [100.5973, 13.8898], [100.5973, 13.8899], [100.5974, 13.8899], [100.5975, 13.8899], [100.5975, 13.89], [100.5976, 13.89], [100.5976, 13.89], [100.5976, 13.89], [100.5977, 13.8901], [100.5977, 13.8901], [100.5977, 13.8901], [100.5978, 13.8901], [100.5978, 13.8901], [100.5978, 13.8901], [100.5979, 13.8902], [100.5979, 13.8902], [100.5979, 13.8902], [100.598, 13.8902], [100.598, 13.8902], [100.598, 13.8903], [100.598, 13.8903], [100.598, 13.8903], [100.598, 13.8903], [100.5981, 13.8903], [100.5981, 13.8903], [100.5981, 13.8904], [100.5981, 13.8904], [100.5982, 13.8904], [100.5982, 13.8904], [100.5982, 13.8904], [100.5982, 13.8905], [100.5983, 13.8905], [100.5983, 13.8905], [100.5984, 13.8906], [100.5984, 13.8906], [100.5985, 13.8906], [100.5985, 13.8907], [100.5986, 13.8907], [100.5987, 13.8908], [100.5988, 13.8908], [100.5989, 13.8909], [100.5989, 13.8909], [100.599, 13.891], [100.5991, 13.891], [100.5991, 13.891], [100.5991, 13.8911], [100.5992, 13.8911], [100.5992, 13.8911], [100.5992, 13.8911], [100.5993, 13.8911], [100.5993, 13.8912], [100.5994, 13.8912], [100.5994, 13.8912], [100.5994, 13.8912], [100.5995, 13.8912], [100.5995, 13.8913], [100.5996, 13.8913], [100.5996, 13.8913], [100.5996, 13.8914], [100.5997, 13.8914], [100.5998, 13.8914], [100.5998, 13.8915], [100.5999, 13.8915], [100.5999, 13.8916], [100.6, 13.8916], [100.6001, 13.8917], [100.6001, 13.8917], [100.6002, 13.8918], [100.6003, 13.8918], [100.6003, 13.8919], [100.6004, 13.8919], [100.6004, 13.8919], [100.6005, 13.892], [100.6006, 13.892], [100.6006, 13.8921], [100.6007, 13.8921], [100.6008, 13.8922], [100.6008, 13.8922], [100.6009, 13.8922], [100.6009, 13.8923], [100.601, 13.8923], [100.6011, 13.8924], [100.6011, 13.8924], [100.6012, 13.8924], [100.6013, 13.8925], [100.6013, 13.8925], [100.6014, 13.8926], [100.6015, 13.8926], [100.6015, 13.8927], [100.6016, 13.8927], [100.6017, 13.8927], [100.6017, 13.8928], [100.6018, 13.8928], [100.6019, 13.8929], [100.602, 13.8929], [100.6021, 13.893], [100.6022, 13.8931], [100.6023, 13.8931], [100.6024, 13.8932], [100.6025, 13.8932], [100.6025, 13.8933], [100.6026, 13.8933], [100.6026, 13.8933], [100.6027, 13.8933], [100.6027, 13.8934], [100.6027, 13.8934], [100.6028, 13.8934], [100.6028, 13.8934], [100.6028, 13.8934], [100.6028, 13.8935], [100.6028, 13.8935], [100.6029, 13.8935], [100.6029, 13.8935], [100.6029, 13.8936], [100.603, 13.8936], [100.603, 13.8936], [100.6031, 13.8936], [100.6031, 13.8937], [100.6031, 13.8937], [100.6032, 13.8937], [100.6032, 13.8938], [100.6033, 13.8938], [100.6033, 13.8938], [100.6034, 13.8939], [100.6034, 13.8939], [100.6034, 13.8939], [100.6035, 13.894], [100.6035, 13.894], [100.6036, 13.894], [100.6036, 13.8941], [100.6037, 13.8941], [100.6037, 13.8941], [100.6038, 13.8942], [100.6038, 13.8942], [100.6039, 13.8943], [100.6039, 13.8943], [100.604, 13.8943], [100.604, 13.8944], [100.6041, 13.8944], [100.6042, 13.8945], [100.6042, 13.8945], [100.6042, 13.8945], [100.6043, 13.8945], [100.6043, 13.8946], [100.6044, 13.8946], [100.6044, 13.8946], [100.6045, 13.8947], [100.6045, 13.8947], [100.6046, 13.8947], [100.6046, 13.8947], [100.6047, 13.8948], [100.6047, 13.8948], [100.6048, 13.8948], [100.6048, 13.8949], [100.6049, 13.8949], [100.605, 13.895], [100.6051, 13.895], [100.6052, 13.8951], [100.6052, 13.8951], [100.6053, 13.8952], [100.6054, 13.8952], [100.6055, 13.8953], [100.6055, 13.8953], [100.6056, 13.8953], [100.6056, 13.8954], [100.6057, 13.8954], [100.6057, 13.8954], [100.6058, 13.8954], [100.6058, 13.8955], [100.6058, 13.8955], [100.6059, 13.8955], [100.6059, 13.8956], [100.6059, 13.8956], [100.606, 13.8957], [100.606, 13.8957], [100.6061, 13.8958], [100.6061, 13.8958], [100.6062, 13.8959], [100.6062, 13.8959], [100.6062, 13.896], [100.6063, 13.896], [100.6063, 13.8961], [100.6064, 13.8961], [100.6064, 13.8962], [100.6064, 13.8962], [100.6065, 13.8963], [100.6065, 13.8963], [100.6065, 13.8964], [100.6066, 13.8964], [100.6066, 13.8964], [100.6066, 13.8965], [100.6067, 13.8965], [100.6067, 13.8966], [100.6067, 13.8966], [100.6068, 13.8967], [100.6068, 13.8967], [100.6068, 13.8968], [100.6068, 13.8968], [100.6069, 13.8968], [100.6069, 13.8969], [100.6069, 13.8969], [100.607, 13.897], [100.607, 13.897], [100.607, 13.897], [100.607, 13.897], [100.607, 13.8971], [100.607, 13.8971], [100.607, 13.8971], [100.607, 13.8971], [100.6071, 13.8971], [100.6071, 13.8971], [100.6071, 13.8971], [100.6071, 13.8971], [100.6071, 13.8971], [100.6072, 13.8972], [100.6072, 13.8973], [100.6074, 13.8974], [100.6079, 13.8977], [100.6081, 13.8979], [100.6085, 13.8981], [100.6092, 13.8986], [100.6098, 13.8989], [100.6106, 13.8995], [100.611, 13.8997], [100.6112, 13.8998], [100.6113, 13.9], [100.6115, 13.9005], [100.6116, 13.9005], [100.6117, 13.9007], [100.6123, 13.9017], [100.6123, 13.9018], [100.6123, 13.9018], [100.6127, 13.9025], [100.6133, 13.9034], [100.6133, 13.9035], [100.6134, 13.9035], [100.6139, 13.9045], [100.6146, 13.9056], [100.615, 13.9064], [100.6152, 13.9067], [100.6152, 13.9067], [100.6158, 13.9078], [100.6159, 13.9078], [100.617, 13.9097], [100.617, 13.9098], [100.6176, 13.9107], [100.618, 13.9114], [100.618, 13.9115], [100.6184, 13.9121], [100.6185, 13.9122], [100.619, 13.913], [100.619, 13.9131], [100.6193, 13.9136], [100.6202, 13.915], [100.6205, 13.9156], [100.6205, 13.9157], [100.621, 13.9164], [100.6218, 13.9178], [100.6221, 13.9183], [100.6226, 13.9192], [100.6227, 13.9194], [100.6232, 13.9202], [100.6237, 13.9211], [100.6245, 13.9223], [100.6248, 13.9229], [100.6251, 13.9234], [100.6251, 13.9235], [100.6255, 13.9241], [100.6255, 13.9242], [100.6258, 13.9245], [100.6263, 13.9254], [100.6264, 13.9256], [100.6265, 13.9259], [100.6266, 13.926], [100.6266, 13.9263], [100.6267, 13.9265], [100.6267, 13.9268], [100.6267, 13.9271], [100.6266, 13.9275], [100.6266, 13.9276], [100.6264, 13.9282], [100.6263, 13.9289], [100.6263, 13.9289], [100.6263, 13.9292], [100.6261, 13.93], [100.6261, 13.93], [100.6257, 13.9324], [100.6253, 13.9345], [100.6253, 13.9346], [100.6251, 13.9359], [100.6249, 13.9368], [100.6249, 13.9368], [100.6247, 13.9377], [100.6246, 13.9382], [100.6246, 13.9383], [100.6245, 13.9394], [100.6244, 13.9395], [100.6244, 13.9399], [100.6243, 13.94], [100.6243, 13.9403], [100.6242, 13.9408], [100.6242, 13.9408], [100.624, 13.9418], [100.6239, 13.9427], [100.6238, 13.9427], [100.6236, 13.9443], [100.6236, 13.9444], [100.6234, 13.9453], [100.6234, 13.9454], [100.6232, 13.9462], [100.6232, 13.9462], [100.6231, 13.947], [100.6231, 13.9471], [100.6229, 13.948], [100.6229, 13.9481], [100.6225, 13.9502], [100.6222, 13.9504], [100.6222, 13.9504], [100.6222, 13.9504], [100.6196, 13.9518], [100.6149, 13.9541], [100.6147, 13.9542], [100.6146, 13.9542], [100.6145, 13.9543], [100.6143, 13.9544], [100.6141, 13.9545], [100.6134, 13.9548], [100.6132, 13.955], [100.6112, 13.9549], [100.6072, 13.9547], [100.6074, 13.9535], [100.6044, 13.9534], [100.6044, 13.9533], [100.6044, 13.9533], [100.6044, 13.9532], [100.6044, 13.9532], [100.6044, 13.953], [100.6044, 13.9529], [100.6045, 13.9528], [100.6045, 13.9528], [100.6045, 13.9527], [100.6045, 13.9526], [100.6045, 13.9525], [100.6045, 13.9524], [100.6045, 13.9523], [100.6045, 13.9523], [100.6046, 13.9522], [100.6046, 13.952], [100.6046, 13.9517], [100.6046, 13.9516], [100.6047, 13.9512], [100.6047, 13.9512], [100.6047, 13.9511], [100.6047, 13.951], [100.6048, 13.9507], [100.6048, 13.9506], [100.6048, 13.9506], [100.6048, 13.9505], [100.6048, 13.9505], [100.6048, 13.9504], [100.6048, 13.9504], [100.6048, 13.9503], [100.6048, 13.9502], [100.6048, 13.9502], [100.6048, 13.9501], [100.6048, 13.9501], [100.6048, 13.95], [100.6048, 13.9499], [100.6048, 13.9498], [100.6048, 13.9497], [100.6049, 13.9497], [100.6049, 13.9497], [100.6049, 13.9496], [100.6049, 13.9495], [100.6049, 13.9494], [100.6049, 13.9494], [100.6049, 13.9493], [100.6049, 13.9493], [100.605, 13.9492], [100.605, 13.9491], [100.605, 13.9491], [100.605, 13.9489], [100.6051, 13.9487], [100.6051, 13.9486], [100.6051, 13.9485], [100.6051, 13.9484], [100.6051, 13.9483], [100.6052, 13.948], [100.6053, 13.9472], [100.6053, 13.9471], [100.6053, 13.9471], [100.6053, 13.947], [100.6053, 13.947], [100.6053, 13.9469], [100.6053, 13.9468], [100.6053, 13.9468], [100.6054, 13.9464], [100.6054, 13.9463], [100.6054, 13.9463], [100.6054, 13.9462], [100.6054, 13.9462], [100.6054, 13.9461], [100.6055, 13.9456], [100.6055, 13.9454], [100.6055, 13.9454], [100.6055, 13.9454], [100.6055, 13.9453], [100.6056, 13.9453], [100.6056, 13.945], [100.6056, 13.9447], [100.6057, 13.9443], [100.6057, 13.9442], [100.6057, 13.9442], [100.6057, 13.9441], [100.6056, 13.9441], [100.6056, 13.9441], [100.6056, 13.9441], [100.6055, 13.9441], [100.6055, 13.9441], [100.6054, 13.9442], [100.605, 13.9443], [100.6048, 13.9444], [100.6047, 13.9444], [100.6047, 13.9444], [100.6047, 13.9444], [100.6047, 13.9444], [100.6046, 13.9445], [100.6046, 13.9445], [100.6046, 13.9445], [100.6046, 13.9445], [100.6041, 13.9447], [100.6037, 13.9449], [100.6033, 13.9451], [100.6032, 13.9451], [100.603, 13.9452], [100.6028, 13.9453], [100.6023, 13.9455], [100.6018, 13.9457], [100.6016, 13.9458], [100.6014, 13.9459], [100.6012, 13.946], [100.6012, 13.946], [100.6012, 13.946], [100.6012, 13.946], [100.6012, 13.9461], [100.6012, 13.9461], [100.6012, 13.9461], [100.6011, 13.9461], [100.601, 13.9462], [100.601, 13.9462], [100.601, 13.9462], [100.601, 13.9461], [100.601, 13.9461], [100.601, 13.9461], [100.6009, 13.9461], [100.6009, 13.9461], [100.6009, 13.9462], [100.6009, 13.9462], [100.6009, 13.9462], [100.6007, 13.9463], [100.6006, 13.9463], [100.6006, 13.9463], [100.6006, 13.9463], [100.6006, 13.9463], [100.6006, 13.9463], [100.6005, 13.9463], [100.6005, 13.9463], [100.6005, 13.9463], [100.6005, 13.9463], [100.6005, 13.9464], [100.6005, 13.9464], [100.6005, 13.9464], [100.6005, 13.9464], [100.6003, 13.9465], [100.6003, 13.9465], [100.6003, 13.9465], [100.6003, 13.9465], [100.6002, 13.9464], [100.6002, 13.9464], [100.6001, 13.9465], [100.6001, 13.9465], [100.6001, 13.9465], [100.6001, 13.9465], [100.6001, 13.9466], [100.6001, 13.9466], [100.6001, 13.9466], [100.5999, 13.9467], [100.5999, 13.9467], [100.5999, 13.9467], [100.5999, 13.9467], [100.5999, 13.9466], [100.5998, 13.9466], [100.5998, 13.9466], [100.5998, 13.9466], [100.5998, 13.9466], [100.5998, 13.9466], [100.5998, 13.9467], [100.5997, 13.9467], [100.5997, 13.9467], [100.5998, 13.9467], [100.5998, 13.9467], [100.5997, 13.9468], [100.5996, 13.9468], [100.5995, 13.9468], [100.5995, 13.9468], [100.5995, 13.9468], [100.5995, 13.9468], [100.5994, 13.9468], [100.5994, 13.9468], [100.5994, 13.9468], [100.5993, 13.9468], [100.5992, 13.9469], [100.5991, 13.947], [100.599, 13.947], [100.599, 13.947], [100.599, 13.947], [100.599, 13.947], [100.599, 13.9471], [100.599, 13.9471], [100.5988, 13.9472], [100.5988, 13.9472], [100.5988, 13.9472], [100.5988, 13.9472], [100.5987, 13.9472], [100.5987, 13.9471], [100.5987, 13.9471], [100.5987, 13.9471], [100.5986, 13.9471], [100.5986, 13.9471], [100.5986, 13.9471], [100.5986, 13.9472], [100.5986, 13.9472], [100.5986, 13.9472], [100.5986, 13.9472], [100.5986, 13.9472], [100.5986, 13.9473], [100.5986, 13.9473], [100.5984, 13.9473], [100.5984, 13.9473], [100.5984, 13.9473], [100.5984, 13.9473], [100.5983, 13.9473], [100.5983, 13.9473], [100.5982, 13.9473], [100.5982, 13.9473], [100.5982, 13.9473], [100.5982, 13.9474], [100.5983, 13.9474], [100.5983, 13.9474], [100.5983, 13.9474], [100.598, 13.9475], [100.598, 13.9475], [100.598, 13.9475], [100.598, 13.9475], [100.598, 13.9475], [100.5979, 13.9475], [100.5979, 13.9475], [100.5979, 13.9475], [100.5979, 13.9475], [100.5979, 13.9475], [100.5979, 13.9476], [100.5979, 13.9476], [100.5979, 13.9476], [100.5978, 13.9477], [100.5977, 13.9477], [100.5976, 13.9477], [100.5976, 13.9477], [100.5976, 13.9477], [100.5976, 13.9476], [100.5976, 13.9476], [100.5975, 13.9476], [100.5975, 13.9477], [100.5975, 13.9477], [100.5975, 13.9477], [100.5975, 13.9477], [100.5975, 13.9477], [100.5975, 13.9477], [100.5975, 13.9478], [100.5973, 13.9478], [100.5972, 13.9478], [100.5972, 13.9478], [100.5972, 13.9478], [100.5972, 13.9478], [100.5971, 13.9478], [100.5971, 13.9478], [100.5971, 13.9478], [100.5971, 13.9479], [100.5971, 13.9479], [100.5971, 13.9479], [100.5969, 13.948], [100.5969, 13.948], [100.5969, 13.948], [100.5969, 13.948], [100.5968, 13.948], [100.5968, 13.948], [100.5968, 13.948], [100.5968, 13.948], [100.5968, 13.948], [100.5968, 13.948], [100.5968, 13.9481], [100.5968, 13.9481], [100.5968, 13.9481], [100.5965, 13.9482], [100.5965, 13.9482], [100.5965, 13.9482], [100.5965, 13.9482], [100.5965, 13.9482], [100.5964, 13.9481], [100.5964, 13.9482], [100.5964, 13.9482], [100.5964, 13.9482], [100.5964, 13.9482], [100.5964, 13.9482], [100.5964, 13.9483], [100.5964, 13.9483], [100.5964, 13.9483], [100.5962, 13.9484], [100.5961, 13.9484], [100.5961, 13.9484], [100.5961, 13.9483], [100.5961, 13.9483], [100.5961, 13.9483], [100.596, 13.9483], [100.596, 13.9483], [100.596, 13.9483], [100.596, 13.9484], [100.596, 13.9484], [100.596, 13.9484], [100.5958, 13.9485], [100.5958, 13.9485], [100.5957, 13.9485], [100.5957, 13.9485], [100.5957, 13.9485], [100.5957, 13.9485], [100.5957, 13.9485], [100.5956, 13.9485], [100.5956, 13.9485], [100.5957, 13.9486], [100.5957, 13.9486], [100.5956, 13.9486], [100.5954, 13.9487], [100.5954, 13.9487], [100.5954, 13.9487], [100.5954, 13.9487], [100.5953, 13.9486], [100.5953, 13.9486], [100.5953, 13.9486], [100.5953, 13.9486], [100.5953, 13.9487], [100.5953, 13.9487], [100.5953, 13.9487], [100.5953, 13.9487], [100.5953, 13.9488], [100.595, 13.9489], [100.595, 13.9489], [100.595, 13.9489], [100.595, 13.9488], [100.5949, 13.9488], [100.5949, 13.9488], [100.5949, 13.9488], [100.5949, 13.9489], [100.5949, 13.9489], [100.5949, 13.9489], [100.5947, 13.949], [100.5946, 13.949], [100.5946, 13.949], [100.5946, 13.949], [100.5946, 13.949], [100.5945, 13.949], [100.5945, 13.949], [100.5945, 13.949], [100.5945, 13.9491], [100.5945, 13.9491], [100.5945, 13.9491], [100.5945, 13.9491], [100.5944, 13.9491], [100.5943, 13.9492], [100.5943, 13.9492], [100.5943, 13.9492], [100.5943, 13.9492], [100.5942, 13.9491], [100.5942, 13.9491], [100.5942, 13.9492], [100.5942, 13.9492], [100.5942, 13.9492], [100.5942, 13.9493], [100.5942, 13.9493], [100.5939, 13.9494], [100.5939, 13.9494], [100.5939, 13.9494], [100.5939, 13.9493], [100.5938, 13.9493], [100.5938, 13.9493], [100.5938, 13.9493], [100.5938, 13.9494], [100.5938, 13.9494], [100.5938, 13.9495], [100.5938, 13.9495], [100.5936, 13.9496], [100.5935, 13.9496], [100.5935, 13.9496], [100.5935, 13.9495], [100.5934, 13.9495], [100.5934, 13.9495], [100.5934, 13.9495], [100.5934, 13.9495], [100.5934, 13.9495], [100.5934, 13.9496], [100.5934, 13.9496], [100.5934, 13.9496], [100.5932, 13.9497], [100.5931, 13.9497], [100.5931, 13.9497], [100.5931, 13.9497], [100.5931, 13.9497], [100.593, 13.9497], [100.593, 13.9496], [100.593, 13.9496], [100.593, 13.9497], [100.593, 13.9497], [100.593, 13.9497], [100.593, 13.9498], [100.593, 13.9498], [100.593, 13.9498], [100.5928, 13.9499], [100.5927, 13.9499], [100.5927, 13.9499], [100.5927, 13.9498], [100.5927, 13.9499], [100.5926, 13.9499], [100.5926, 13.9499], [100.5926, 13.9499], [100.5926, 13.9499], [100.5926, 13.95], [100.5926, 13.95], [100.5924, 13.9501], [100.5924, 13.9501], [100.5923, 13.9501], [100.5923, 13.9501], [100.5923, 13.9501], [100.5922, 13.9501], [100.5922, 13.9501], [100.5922, 13.9501], [100.5922, 13.9501], [100.5922, 13.9501], [100.5922, 13.9502], [100.5922, 13.9502], [100.5922, 13.9502], [100.5919, 13.9503], [100.5919, 13.9503], [100.5919, 13.9503], [100.5918, 13.9502], [100.5918, 13.9502], [100.5917, 13.9503], [100.5917, 13.9503], [100.5917, 13.9503], [100.5918, 13.9503], [100.5917, 13.9503], [100.5917, 13.9503], [100.5915, 13.9504], [100.5915, 13.9504], [100.5914, 13.9504], [100.5914, 13.9504], [100.5914, 13.9504], [100.5913, 13.9504], [100.5913, 13.9505], [100.5913, 13.9505], [100.5913, 13.9505], [100.5912, 13.9505], [100.5911, 13.9505], [100.5911, 13.9505], [100.5911, 13.9505], [100.591, 13.9505], [100.591, 13.9505], [100.591, 13.9505], [100.591, 13.9506], [100.591, 13.9506], [100.5909, 13.9506], [100.5908, 13.9506], [100.5908, 13.9507], [100.5907, 13.9507], [100.5907, 13.9506], [100.5906, 13.9506], [100.5906, 13.9506], [100.5906, 13.9506], [100.5906, 13.9507], [100.5906, 13.9507], [100.5906, 13.9507], [100.5905, 13.9507], [100.5905, 13.9507], [100.5903, 13.9508], [100.5903, 13.9508], [100.5903, 13.9507], [100.5902, 13.9507], [100.5902, 13.9507], [100.5902, 13.9507], [100.5902, 13.9508], [100.5902, 13.9508], [100.5902, 13.9508], [100.5902, 13.9509], [100.5899, 13.951], [100.5899, 13.951], [100.5898, 13.9509], [100.5898, 13.9509], [100.5898, 13.9509], [100.5893, 13.951], [100.5893, 13.951], [100.5893, 13.951], [100.5893, 13.9511], [100.5893, 13.9511], [100.5892, 13.9511], [100.5892, 13.9511], [100.5892, 13.9511], [100.5891, 13.9512], [100.589, 13.9512], [100.589, 13.9512], [100.589, 13.9511], [100.5889, 13.9511], [100.5889, 13.9511], [100.5889, 13.9511], [100.5888, 13.9512], [100.5889, 13.9512], [100.5889, 13.9512], [100.5889, 13.9512], [100.5888, 13.9512], [100.5887, 13.9513], [100.5886, 13.9513], [100.5886, 13.9513], [100.5886, 13.9513], [100.5886, 13.9513], [100.5886, 13.9512], [100.5885, 13.9512], [100.5885, 13.9512], [100.5885, 13.9512], [100.5885, 13.9512], [100.5885, 13.9512], [100.5885, 13.9513], [100.5885, 13.9513], [100.5885, 13.9513], [100.5885, 13.9513], [100.5883, 13.9514], [100.5882, 13.9514], [100.5882, 13.9514], [100.5882, 13.9513], [100.5882, 13.9513], [100.5882, 13.9513], [100.5882, 13.9513], [100.5878, 13.9513], [100.5875, 13.9514], [100.5874, 13.9514], [100.5874, 13.9514], [100.5874, 13.9515], [100.5874, 13.9515], [100.5874, 13.9515], [100.5874, 13.9515], [100.5874, 13.9516], [100.5874, 13.9516], [100.5873, 13.9516], [100.5873, 13.9516], [100.5872, 13.9516], [100.5872, 13.9516], [100.5872, 13.9516], [100.5872, 13.9516], [100.5871, 13.9515], [100.5871, 13.9515], [100.5871, 13.9515], [100.587, 13.9515], [100.587, 13.9516], [100.5871, 13.9516], [100.5871, 13.9516], [100.5871, 13.9517], [100.5869, 13.9517], [100.5869, 13.9517], [100.5868, 13.9517], [100.5868, 13.9516], [100.5868, 13.9516], [100.5867, 13.9516], [100.5867, 13.9516], [100.5867, 13.9517], [100.5867, 13.9517], [100.5867, 13.9517], [100.5866, 13.9518], [100.5865, 13.9518], [100.5865, 13.9518], [100.5865, 13.9518], [100.5865, 13.9517], [100.5865, 13.9517], [100.5864, 13.9517], [100.5864, 13.9517], [100.5863, 13.9517], [100.5863, 13.9517], [100.5864, 13.9518], [100.5864, 13.9518], [100.5864, 13.9518], [100.5862, 13.9519], [100.5862, 13.9519], [100.5862, 13.9519], [100.5861, 13.9518], [100.5861, 13.9518], [100.5861, 13.9518], [100.586, 13.9518], [100.586, 13.9518], [100.586, 13.9518], [100.586, 13.9519], [100.586, 13.9519], [100.586, 13.9519], [100.586, 13.9519], [100.586, 13.952], [100.5859, 13.952], [100.5859, 13.952], [100.5859, 13.952], [100.5858, 13.952], [100.5858, 13.9519], [100.5858, 13.9519], [100.5857, 13.9519], [100.5857, 13.9519], [100.5857, 13.9519], [100.5857, 13.9519], [100.5857, 13.9519], [100.5856, 13.952], [100.5856, 13.952], [100.5856, 13.952], [100.5855, 13.9519], [100.5855, 13.9519], [100.5847, 13.9521], [100.5839, 13.9523], [100.5836, 13.9524], [100.5831, 13.9525], [100.5831, 13.9525], [100.583, 13.9525], [100.583, 13.9525], [100.5829, 13.9525], [100.5829, 13.9525], [100.5829, 13.9525], [100.5828, 13.9525], [100.5827, 13.9525], [100.582, 13.9527], [100.5814, 13.9528], [100.581, 13.9529], [100.581, 13.953], [100.5809, 13.953], [100.5809, 13.953], [100.5807, 13.953], [100.5805, 13.9531], [100.5802, 13.9531], [100.5798, 13.9532], [100.5796, 13.9532], [100.5794, 13.9533], [100.5792, 13.9533], [100.5792, 13.9533], [100.5791, 13.9533], [100.5787, 13.9534], [100.5781, 13.9536], [100.5778, 13.9537], [100.5776, 13.9537], [100.5775, 13.9537], [100.5774, 13.9538], [100.5769, 13.9538], [100.5768, 13.9539], [100.5767, 13.9539], [100.5766, 13.9539], [100.5765, 13.9539], [100.5764, 13.954], [100.5764, 13.954], [100.5763, 13.954], [100.5762, 13.954], [100.5759, 13.9541], [100.5758, 13.9541], [100.5757, 13.9541], [100.5757, 13.9542], [100.5756, 13.9542], [100.5755, 13.9542], [100.5754, 13.9542], [100.5753, 13.9542], [100.575, 13.9543], [100.5748, 13.9543], [100.5747, 13.9543], [100.5745, 13.9544], [100.5742, 13.9545], [100.5741, 13.9545], [100.5739, 13.9546], [100.5739, 13.9546], [100.5738, 13.9546], [100.5738, 13.9546], [100.5737, 13.9545], [100.5737, 13.9545], [100.5737, 13.9545], [100.5735, 13.9544], [100.5733, 13.9544], [100.5731, 13.9544], [100.5731, 13.9543], [100.5731, 13.9543], [100.573, 13.9543], [100.573, 13.9543], [100.573, 13.9542], [100.573, 13.9542], [100.5729, 13.9542], [100.5728, 13.9541], [100.5726, 13.954], [100.5724, 13.9539], [100.572, 13.9537], [100.5719, 13.9536], [100.5718, 13.9536], [100.5717, 13.9535], [100.5716, 13.9535], [100.5713, 13.9533], [100.5712, 13.9532], [100.571, 13.9531], [100.5707, 13.953], [100.5705, 13.9529], [100.5703, 13.9528], [100.5697, 13.9524], [100.5694, 13.9523], [100.5692, 13.9521], [100.5691, 13.9521], [100.5688, 13.9519], [100.5686, 13.9518], [100.5686, 13.9518], [100.5685, 13.9518], [100.5685, 13.9517], [100.5684, 13.9517], [100.5684, 13.9517], [100.5683, 13.9517], [100.5683, 13.9517], [100.5682, 13.9516], [100.5681, 13.9516], [100.5681, 13.9516], [100.5676, 13.9513], [100.5676, 13.9512], [100.5675, 13.9512], [100.5674, 13.9506], [100.5671, 13.9493], [100.5668, 13.9482], [100.5666, 13.9474], [100.5663, 13.946], [100.566, 13.9447], [100.5657, 13.9432], [100.5657, 13.9431], [100.5655, 13.9424], [100.5652, 13.9412], [100.565, 13.9403], [100.5648, 13.9394], [100.5644, 13.9379], [100.5642, 13.9369], [100.5639, 13.9357], [100.5639, 13.9355], [100.5639, 13.9354], [100.5638, 13.9353], [100.5638, 13.9352], [100.5636, 13.9346], [100.5634, 13.9335], [100.5633, 13.9332], [100.5631, 13.9323], [100.5624, 13.9293], [100.5619, 13.9273], [100.5612, 13.9242], [100.5606, 13.9217], [100.5603, 13.9206], [100.5602, 13.9201], [100.5598, 13.9187], [100.5596, 13.9174], [100.5593, 13.9161], [100.559, 13.915], [100.5589, 13.9144]]]}, "properties": {"DISTRICT_N": "ดอนเมือง", "CODE": 1036, "AREA_BMA": 36.8030014}}, {"type": "Feature", "geometry": {"type": "Polygon", "coordinates": [[[100.6911, 13.9162], [100.6903, 13.9162], [100.6885, 13.9162], [100.6869, 13.9161], [100.6868, 13.9161], [100.6868, 13.916], [100.6866, 13.9158], [100.6866, 13.9158], [100.6865, 13.9157], [100.6865, 13.9157], [100.6863, 13.9154], [100.6861, 13.9152], [100.686, 13.915], [100.6856, 13.9147], [100.6853, 13.9145], [100.685, 13.9143], [100.6848, 13.9142], [100.6847, 13.9141], [100.6845, 13.9141], [100.6843, 13.914], [100.6842, 13.914], [100.6841, 13.9139], [100.684, 13.9137], [100.6838, 13.9135], [100.6838, 13.9135], [100.6837, 13.9134], [100.6837, 13.9133], [100.6838, 13.9132], [100.6838, 13.9131], [100.6838, 13.9131], [100.6838, 13.913], [100.6838, 13.9128], [100.6838, 13.9126], [100.6838, 13.9125], [100.6838, 13.9123], [100.6838, 13.9122], [100.6837, 13.9121], [100.6837, 13.912], [100.6837, 13.912], [100.6837, 13.9119], [100.6837, 13.9118], [100.6837, 13.9118], [100.6837, 13.9117], [100.6836, 13.9116], [100.6836, 13.9115], [100.6836, 13.9115], [100.6837, 13.9114], [100.6837, 13.9113], [100.6839, 13.9112], [100.684, 13.9112], [100.6841, 13.9111], [100.6842, 13.9111], [100.6843, 13.9111], [100.6843, 13.911], [100.6845, 13.911], [100.6848, 13.9108], [100.6852, 13.9106], [100.6854, 13.9105], [100.6857, 13.9104], [100.6859, 13.9103], [100.6861, 13.9101], [100.6862, 13.91], [100.6863, 13.9099], [100.6865, 13.9097], [100.6867, 13.9095], [100.6868, 13.9095], [100.6868, 13.9095], [100.6869, 13.9094], [100.687, 13.9093], [100.6871, 13.9092], [100.6871, 13.9091], [100.6871, 13.909], [100.6871, 13.9088], [100.6871, 13.9087], [100.687, 13.9084], [100.687, 13.9082], [100.687, 13.9079], [100.6871, 13.9077], [100.6873, 13.9071], [100.6875, 13.9067], [100.6876, 13.9065], [100.6876, 13.9064], [100.6876, 13.9064], [100.6876, 13.9063], [100.6876, 13.9063], [100.6877, 13.9062], [100.6878, 13.9059], [100.6879, 13.9057], [100.6879, 13.9056], [100.688, 13.9055], [100.6881, 13.9054], [100.6881, 13.9052], [100.6882, 13.9051], [100.6882, 13.905], [100.6884, 13.9048], [100.6887, 13.9044], [100.689, 13.904], [100.6891, 13.9039], [100.6891, 13.9038], [100.6892, 13.9038], [100.6894, 13.9035], [100.6894, 13.9035], [100.6895, 13.9034], [100.6895, 13.9033], [100.6897, 13.903], [100.6898, 13.9027], [100.6899, 13.9024], [100.69, 13.9023], [100.69, 13.9022], [100.69, 13.9022], [100.69, 13.9022], [100.69, 13.9022], [100.6901, 13.9021], [100.6901, 13.9019], [100.6902, 13.9017], [100.6904, 13.9013], [100.6904, 13.9013], [100.6904, 13.9012], [100.6904, 13.9012], [100.6904, 13.9011], [100.6904, 13.9011], [100.6904, 13.9011], [100.6904, 13.9011], [100.6905, 13.901], [100.6905, 13.901], [100.6904, 13.9009], [100.6905, 13.9008], [100.6905, 13.9006], [100.6905, 13.9004], [100.6906, 13.9003], [100.6908, 13.9001], [100.6908, 13.9001], [100.6909, 13.9], [100.6911, 13.8998], [100.6911, 13.8997], [100.6913, 13.8996], [100.6914, 13.8994], [100.6917, 13.8991], [100.6918, 13.899], [100.6919, 13.8988], [100.692, 13.8986], [100.6921, 13.8985], [100.6921, 13.8985], [100.6921, 13.8984], [100.6921, 13.8983], [100.6922, 13.8982], [100.6922, 13.8982], [100.6922, 13.8981], [100.6923, 13.8979], [100.6923, 13.8978], [100.6923, 13.8978], [100.6923, 13.8977], [100.6923, 13.8976], [100.6923, 13.8971], [100.6923, 13.8971], [100.6923, 13.8969], [100.6922, 13.8967], [100.6922, 13.8963], [100.6922, 13.896], [100.6921, 13.8958], [100.6921, 13.8955], [100.6919, 13.8949], [100.6919, 13.8945], [100.6919, 13.8942], [100.6919, 13.8939], [100.6919, 13.8935], [100.6918, 13.8933], [100.6918, 13.8928], [100.6915, 13.8916], [100.6914, 13.8908], [100.6914, 13.8908], [100.6914, 13.8907], [100.6914, 13.8904], [100.6914, 13.8899], [100.6914, 13.8897], [100.6913, 13.8894], [100.6913, 13.8891], [100.6913, 13.889], [100.6913, 13.889], [100.6913, 13.889], [100.6913, 13.8889], [100.6913, 13.8889], [100.6913, 13.8889], [100.6913, 13.8888], [100.6913, 13.8888], [100.6913, 13.8888], [100.6913, 13.8887], [100.6913, 13.8887], [100.6913, 13.8886], [100.6913, 13.8885], [100.6913, 13.8885], [100.6913, 13.8885], [100.6913, 13.8884], [100.6913, 13.8883], [100.6913, 13.8882], [100.6913, 13.8877], [100.6913, 13.8876], [100.6913, 13.8875], [100.6913, 13.8874], [100.6913, 13.8874], [100.6913, 13.8874], [100.6914, 13.8873], [100.6914, 13.8873], [100.6914, 13.8873], [100.6914, 13.8872], [100.6914, 13.8872], [100.6914, 13.8872], [100.6914, 13.8872], [100.6914, 13.8872], [100.6915, 13.8871], [100.6915, 13.8871], [100.6915, 13.8871], [100.6916, 13.887], [100.6916, 13.887], [100.6917, 13.887], [100.6918, 13.8869], [100.6919, 13.8869], [100.6919, 13.8868], [100.692, 13.8868], [100.692, 13.8868], [100.692, 13.8868], [100.692, 13.8867], [100.692, 13.8867], [100.692, 13.8866], [100.692, 13.8866], [100.692, 13.8865], [100.6919, 13.8865], [100.6919, 13.8865], [100.6915, 13.8862], [100.6913, 13.8861], [100.6913, 13.886], [100.6912, 13.886], [100.6912, 13.886], [100.6911, 13.8859], [100.691, 13.8859], [100.691, 13.8859], [100.691, 13.8858], [100.691, 13.8858], [100.6909, 13.8857], [100.6908, 13.8857], [100.6907, 13.8856], [100.6907, 13.8856], [100.6906, 13.8855], [100.6905, 13.8854], [100.6905, 13.8854], [100.6904, 13.8854], [100.6904, 13.8853], [100.6903, 13.8852], [100.6903, 13.8851], [100.6902, 13.8851], [100.6902, 13.885], [100.6902, 13.885], [100.6901, 13.8848], [100.6901, 13.8847], [100.69, 13.8845], [100.69, 13.8844], [100.69, 13.8843], [100.6899, 13.8843], [100.6899, 13.8842], [100.6899, 13.884], [100.6898, 13.8839], [100.6898, 13.8838], [100.6897, 13.8837], [100.6897, 13.8836], [100.6897, 13.8835], [100.6897, 13.8835], [100.6897, 13.8834], [100.6896, 13.8834], [100.6896, 13.8833], [100.6896, 13.8832], [100.6895, 13.8829], [100.6895, 13.8828], [100.6895, 13.8826], [100.6895, 13.8825], [100.6895, 13.8825], [100.6895, 13.8824], [100.6895, 13.8824], [100.6894, 13.8823], [100.6894, 13.8822], [100.6894, 13.8821], [100.6894, 13.8821], [100.6894, 13.882], [100.6894, 13.882], [100.6894, 13.8819], [100.6894, 13.8818], [100.6894, 13.8817], [100.6894, 13.8817], [100.6894, 13.8816], [100.6894, 13.8816], [100.6894, 13.8816], [100.6894, 13.8815], [100.6894, 13.8815], [100.6895, 13.8812], [100.6896, 13.8811], [100.6896, 13.881], [100.6896, 13.881], [100.6896, 13.881], [100.6897, 13.8809], [100.6897, 13.8808], [100.6897, 13.8808], [100.6897, 13.8807], [100.6899, 13.8805], [100.6899, 13.8804], [100.6899, 13.8804], [100.6899, 13.8801], [100.6899, 13.88], [100.6899, 13.8799], [100.6899, 13.8799], [100.6899, 13.8798], [100.6899, 13.8798], [100.6899, 13.8797], [100.6898, 13.8797], [100.6898, 13.8796], [100.6898, 13.8796], [100.6897, 13.8795], [100.6897, 13.8795], [100.6897, 13.8795], [100.6896, 13.8794], [100.6895, 13.8794], [100.6894, 13.8794], [100.6894, 13.8794], [100.6893, 13.8794], [100.6893, 13.8793], [100.6891, 13.8793], [100.689, 13.8792], [100.6889, 13.8792], [100.6888, 13.8792], [100.6888, 13.8792], [100.6888, 13.8791], [100.6887, 13.8791], [100.6887, 13.8791], [100.6886, 13.879], [100.6885, 13.8789], [100.6883, 13.8788], [100.6883, 13.8788], [100.6882, 13.8787], [100.6881, 13.8786], [100.6879, 13.8785], [100.6879, 13.8784], [100.6879, 13.8784], [100.6878, 13.8784], [100.6878, 13.8783], [100.6877, 13.8783], [100.6877, 13.8782], [100.6876, 13.8782], [100.6876, 13.8782], [100.6876, 13.8781], [100.6875, 13.8781], [100.6874, 13.878], [100.6874, 13.8779], [100.6873, 13.8779], [100.6873, 13.8778], [100.6872, 13.8777], [100.6872, 13.8777], [100.6871, 13.8776], [100.6871, 13.8776], [100.6871, 13.8775], [100.687, 13.8774], [100.687, 13.8774], [100.687, 13.8773], [100.6869, 13.8773], [100.6869, 13.8772], [100.6869, 13.8772], [100.6869, 13.8772], [100.6868, 13.8771], [100.6868, 13.8771], [100.6868, 13.8771], [100.6868, 13.877], [100.6868, 13.8769], [100.6867, 13.8769], [100.6867, 13.8768], [100.6866, 13.8767], [100.6866, 13.8767], [100.6865, 13.8766], [100.6864, 13.8764], [100.6864, 13.8764], [100.6864, 13.8763], [100.6863, 13.8763], [100.6863, 13.8763], [100.6863, 13.8762], [100.6863, 13.8762], [100.6862, 13.8762], [100.6861, 13.876], [100.686, 13.8759], [100.686, 13.8759], [100.6859, 13.8759], [100.6859, 13.8758], [100.6859, 13.8758], [100.6858, 13.8758], [100.6856, 13.8756], [100.6855, 13.8756], [100.6854, 13.8755], [100.6854, 13.8755], [100.6853, 13.8754], [100.6853, 13.8754], [100.6853, 13.8754], [100.6852, 13.8753], [100.6852, 13.8753], [100.6851, 13.8753], [100.6851, 13.8752], [100.685, 13.8752], [100.6849, 13.8751], [100.6849, 13.875], [100.6848, 13.8749], [100.6848, 13.8749], [100.6847, 13.8749], [100.6847, 13.8748], [100.6847, 13.8748], [100.6847, 13.8747], [100.6847, 13.8747], [100.6846, 13.8746], [100.6846, 13.8746], [100.6846, 13.8745], [100.6845, 13.8743], [100.6845, 13.8741], [100.6845, 13.8741], [100.6845, 13.8739], [100.6845, 13.8737], [100.6845, 13.8735], [100.6846, 13.8732], [100.6847, 13.8727], [100.6848, 13.8723], [100.6849, 13.872], [100.685, 13.8715], [100.6852, 13.8711], [100.6853, 13.8708], [100.6854, 13.8707], [100.6854, 13.8705], [100.6855, 13.8703], [100.6856, 13.87], [100.6856, 13.8699], [100.6857, 13.8697], [100.6857, 13.8694], [100.6858, 13.8693], [100.6858, 13.8692], [100.6857, 13.8692], [100.6856, 13.8689], [100.6855, 13.8687], [100.6854, 13.8686], [100.6854, 13.8685], [100.6853, 13.8685], [100.6853, 13.8684], [100.6852, 13.8682], [100.685, 13.8678], [100.6849, 13.8676], [100.6848, 13.8676], [100.6846, 13.8673], [100.6844, 13.8669], [100.6843, 13.8667], [100.6841, 13.8665], [100.6841, 13.8664], [100.6841, 13.8663], [100.684, 13.8659], [100.6839, 13.8658], [100.6839, 13.8657], [100.6839, 13.8654], [100.6838, 13.8649], [100.6838, 13.8648], [100.6837, 13.8647], [100.6837, 13.8645], [100.6837, 13.8644], [100.6837, 13.8642], [100.6836, 13.8641], [100.6836, 13.8639], [100.6836, 13.8637], [100.6836, 13.8636], [100.6836, 13.8636], [100.6835, 13.8633], [100.6835, 13.8632], [100.6835, 13.8631], [100.6834, 13.8627], [100.6834, 13.8626], [100.6833, 13.8625], [100.6832, 13.8622], [100.6828, 13.8616], [100.6824, 13.861], [100.6822, 13.8608], [100.6821, 13.8607], [100.682, 13.8606], [100.682, 13.8605], [100.6819, 13.8605], [100.6818, 13.8604], [100.6817, 13.8604], [100.6816, 13.8603], [100.6815, 13.8602], [100.6814, 13.8601], [100.6813, 13.8601], [100.6812, 13.86], [100.6811, 13.8599], [100.6811, 13.8598], [100.6809, 13.8596], [100.6806, 13.859], [100.6804, 13.8588], [100.6804, 13.8588], [100.6804, 13.8588], [100.6804, 13.8586], [100.6803, 13.8586], [100.6802, 13.8586], [100.68, 13.8585], [100.6796, 13.8584], [100.6794, 13.8584], [100.6791, 13.8583], [100.678, 13.8581], [100.6774, 13.8579], [100.6773, 13.8579], [100.6772, 13.8578], [100.6771, 13.8578], [100.677, 13.8577], [100.6768, 13.8576], [100.6765, 13.8575], [100.6764, 13.8574], [100.6763, 13.8574], [100.6762, 13.8573], [100.6761, 13.8571], [100.6759, 13.857], [100.6759, 13.8569], [100.6758, 13.8568], [100.6757, 13.8567], [100.6757, 13.8566], [100.6756, 13.8566], [100.6756, 13.8565], [100.6755, 13.8565], [100.6754, 13.8564], [100.6753, 13.8562], [100.6749, 13.8559], [100.6749, 13.8558], [100.6748, 13.8558], [100.6748, 13.8558], [100.6747, 13.8557], [100.6747, 13.8557], [100.6746, 13.8557], [100.6746, 13.8556], [100.6746, 13.8556], [100.6745, 13.8555], [100.6742, 13.8553], [100.6736, 13.8549], [100.6731, 13.8547], [100.6727, 13.8545], [100.6724, 13.8544], [100.6717, 13.854], [100.6715, 13.8539], [100.6714, 13.8538], [100.6713, 13.8538], [100.6712, 13.8537], [100.6711, 13.8537], [100.671, 13.8537], [100.6709, 13.8536], [100.6708, 13.8536], [100.6708, 13.8535], [100.6708, 13.8535], [100.6707, 13.8534], [100.6707, 13.8534], [100.6707, 13.8533], [100.6707, 13.8531], [100.6707, 13.8531], [100.6708, 13.853], [100.6708, 13.8528], [100.6709, 13.8526], [100.6709, 13.8526], [100.6709, 13.8525], [100.671, 13.8525], [100.671, 13.8525], [100.6711, 13.8525], [100.6714, 13.8524], [100.672, 13.8523], [100.6724, 13.8523], [100.6727, 13.8523], [100.6732, 13.8523], [100.6733, 13.8523], [100.6734, 13.8523], [100.6736, 13.8522], [100.6737, 13.8522], [100.6739, 13.8522], [100.674, 13.8522], [100.6744, 13.8521], [100.6745, 13.8521], [100.6747, 13.852], [100.6749, 13.852], [100.6753, 13.8519], [100.6756, 13.8519], [100.6758, 13.8518], [100.676, 13.8518], [100.6762, 13.8518], [100.6764, 13.8517], [100.6766, 13.8517], [100.6768, 13.8516], [100.6771, 13.8515], [100.6772, 13.8515], [100.6772, 13.8515], [100.6773, 13.8514], [100.6774, 13.8514], [100.6776, 13.8513], [100.6778, 13.8511], [100.678, 13.851], [100.6782, 13.8508], [100.6783, 13.8507], [100.6784, 13.8507], [100.6785, 13.8506], [100.6786, 13.8506], [100.6787, 13.8505], [100.6788, 13.8505], [100.679, 13.8504], [100.679, 13.8504], [100.6791, 13.8504], [100.6792, 13.8504], [100.6792, 13.8504], [100.6793, 13.8504], [100.6794, 13.8504], [100.6795, 13.8504], [100.6796, 13.8504], [100.6798, 13.8503], [100.6799, 13.8503], [100.68, 13.8503], [100.6801, 13.8502], [100.6803, 13.8502], [100.6804, 13.8502], [100.6805, 13.8501], [100.6806, 13.85], [100.6807, 13.85], [100.6807, 13.8499], [100.6808, 13.8499], [100.6808, 13.8498], [100.6809, 13.8498], [100.6811, 13.8497], [100.6813, 13.8496], [100.6815, 13.8495], [100.6816, 13.8495], [100.6817, 13.8495], [100.6818, 13.8494], [100.6819, 13.8493], [100.6821, 13.8493], [100.6821, 13.8493], [100.6823, 13.8492], [100.6825, 13.849], [100.6827, 13.8489], [100.6829, 13.8488], [100.6831, 13.8487], [100.6833, 13.8486], [100.6834, 13.8485], [100.6835, 13.8484], [100.6836, 13.8483], [100.6837, 13.8482], [100.6838, 13.8482], [100.6838, 13.8481], [100.6839, 13.8481], [100.6839, 13.848], [100.6839, 13.848], [100.6839, 13.8479], [100.6839, 13.8478], [100.684, 13.8476], [100.6841, 13.8474], [100.6843, 13.8471], [100.6843, 13.847], [100.6844, 13.8469], [100.6845, 13.8468], [100.6846, 13.8465], [100.6849, 13.8462], [100.6849, 13.8461], [100.6851, 13.8459], [100.6852, 13.8457], [100.6854, 13.8454], [100.6855, 13.8453], [100.6855, 13.8452], [100.6856, 13.8451], [100.6857, 13.8448], [100.6858, 13.8445], [100.6859, 13.8443], [100.6859, 13.8441], [100.686, 13.8439], [100.6861, 13.8437], [100.6861, 13.8437], [100.6861, 13.8436], [100.6862, 13.8434], [100.6862, 13.843], [100.6863, 13.8428], [100.6863, 13.8427], [100.6863, 13.8424], [100.6864, 13.8422], [100.6864, 13.8418], [100.6864, 13.8415], [100.6865, 13.8412], [100.6866, 13.8411], [100.6866, 13.8409], [100.6867, 13.8408], [100.6867, 13.8406], [100.6868, 13.8405], [100.6869, 13.8402], [100.687, 13.8399], [100.6871, 13.8396], [100.6872, 13.8394], [100.6873, 13.8393], [100.6874, 13.8392], [100.6875, 13.839], [100.6876, 13.8388], [100.6877, 13.8386], [100.6877, 13.8386], [100.6878, 13.8385], [100.6878, 13.8385], [100.6878, 13.8384], [100.6878, 13.8384], [100.6878, 13.8383], [100.6879, 13.838], [100.6879, 13.8379], [100.6879, 13.8378], [100.688, 13.8375], [100.688, 13.8374], [100.688, 13.8373], [100.688, 13.8372], [100.6881, 13.8371], [100.6881, 13.8367], [100.6882, 13.8363], [100.6883, 13.8362], [100.6883, 13.8361], [100.6883, 13.836], [100.6883, 13.836], [100.6883, 13.8359], [100.6883, 13.8358], [100.6883, 13.8358], [100.6882, 13.8356], [100.6881, 13.8355], [100.688, 13.8353], [100.6879, 13.8351], [100.6879, 13.835], [100.6879, 13.8349], [100.6879, 13.8348], [100.6879, 13.8348], [100.6879, 13.8347], [100.688, 13.8346], [100.6881, 13.8345], [100.6883, 13.8344], [100.6886, 13.8341], [100.6888, 13.834], [100.6889, 13.8339], [100.6892, 13.8336], [100.6896, 13.8333], [100.6899, 13.8331], [100.6901, 13.833], [100.6901, 13.833], [100.6901, 13.833], [100.6902, 13.8329], [100.6902, 13.8328], [100.6902, 13.8328], [100.6903, 13.8327], [100.6904, 13.8326], [100.6906, 13.8322], [100.6907, 13.8321], [100.6907, 13.832], [100.6908, 13.8318], [100.6908, 13.8317], [100.6908, 13.8316], [100.6908, 13.8315], [100.6908, 13.8313], [100.6908, 13.8312], [100.6908, 13.8311], [100.6908, 13.8311], [100.6908, 13.831], [100.691, 13.8309], [100.6911, 13.8307], [100.6913, 13.8306], [100.6914, 13.8306], [100.6915, 13.8305], [100.6916, 13.8305], [100.6917, 13.8303], [100.6918, 13.8303], [100.6918, 13.8303], [100.6918, 13.8302], [100.6919, 13.8302], [100.6919, 13.8301], [100.692, 13.8299], [100.6921, 13.8298], [100.6922, 13.8297], [100.6922, 13.8295], [100.6923, 13.8294], [100.6924, 13.8292], [100.6927, 13.8286], [100.6931, 13.8281], [100.6936, 13.8272], [100.6937, 13.827], [100.6939, 13.8266], [100.6941, 13.8262], [100.6942, 13.8259], [100.6943, 13.8257], [100.6944, 13.8255], [100.6946, 13.8251], [100.6946, 13.825], [100.6947, 13.8249], [100.6948, 13.8248], [100.6948, 13.8248], [100.6949, 13.8246], [100.6949, 13.8246], [100.6951, 13.8243], [100.6951, 13.8243], [100.6952, 13.8242], [100.6953, 13.8241], [100.6954, 13.8238], [100.6954, 13.8237], [100.6954, 13.8236], [100.6954, 13.8233], [100.6954, 13.8232], [100.6954, 13.8232], [100.6954, 13.823], [100.6954, 13.8224], [100.6954, 13.8224], [100.6954, 13.8224], [100.6954, 13.8223], [100.6954, 13.8222], [100.6954, 13.822], [100.6955, 13.8218], [100.6955, 13.8217], [100.6956, 13.8216], [100.6956, 13.8215], [100.6956, 13.8214], [100.6957, 13.8214], [100.6957, 13.8214], [100.6957, 13.8213], [100.6958, 13.8212], [100.696, 13.821], [100.6963, 13.8207], [100.6967, 13.8205], [100.6968, 13.8205], [100.6968, 13.8205], [100.6968, 13.8205], [100.6968, 13.8205], [100.6968, 13.8204], [100.697, 13.8203], [100.697, 13.8203], [100.697, 13.8202], [100.6969, 13.8198], [100.6969, 13.8195], [100.6969, 13.8195], [100.6969, 13.8193], [100.6969, 13.8192], [100.6968, 13.8187], [100.6967, 13.8181], [100.6966, 13.8179], [100.6966, 13.8179], [100.6966, 13.8177], [100.6966, 13.8175], [100.6966, 13.8171], [100.6966, 13.8169], [100.6966, 13.8168], [100.6966, 13.8166], [100.6966, 13.8164], [100.6967, 13.8159], [100.6967, 13.8157], [100.6967, 13.8157], [100.6967, 13.8156], [100.6967, 13.8155], [100.6968, 13.8155], [100.6972, 13.8156], [100.6975, 13.8157], [100.6977, 13.8159], [100.698, 13.8161], [100.6982, 13.8163], [100.6984, 13.8164], [100.6985, 13.8165], [100.6988, 13.8167], [100.6989, 13.8168], [100.699, 13.8169], [100.6991, 13.8169], [100.6992, 13.817], [100.6993, 13.8171], [100.6995, 13.8171], [100.6996, 13.8172], [100.6999, 13.8173], [100.7001, 13.8174], [100.7002, 13.8175], [100.7002, 13.8175], [100.7004, 13.8176], [100.7006, 13.8177], [100.7008, 13.8177], [100.701, 13.8179], [100.7011, 13.818], [100.7014, 13.8181], [100.7015, 13.8182], [100.7015, 13.8183], [100.7017, 13.8184], [100.7019, 13.8185], [100.7022, 13.8186], [100.7023, 13.8186], [100.7023, 13.8186], [100.7025, 13.8186], [100.7026, 13.8187], [100.7027, 13.8187], [100.7029, 13.8187], [100.7031, 13.8187], [100.7033, 13.8188], [100.7035, 13.8188], [100.7038, 13.819], [100.7041, 13.8191], [100.7042, 13.8192], [100.7043, 13.8193], [100.7044, 13.8193], [100.7045, 13.8193], [100.7046, 13.8194], [100.7047, 13.8196], [100.7048, 13.8196], [100.7049, 13.8197], [100.7049, 13.8197], [100.7049, 13.8198], [100.705, 13.8199], [100.7051, 13.8202], [100.7052, 13.8203], [100.7053, 13.8204], [100.7054, 13.8204], [100.7056, 13.8205], [100.7057, 13.8207], [100.7057, 13.8208], [100.7057, 13.821], [100.7057, 13.8211], [100.7058, 13.8211], [100.7059, 13.8212], [100.706, 13.8212], [100.7061, 13.8212], [100.7061, 13.8212], [100.7062, 13.8212], [100.7063, 13.8212], [100.7064, 13.8212], [100.7065, 13.8212], [100.7065, 13.8213], [100.7067, 13.8213], [100.707, 13.8213], [100.7075, 13.8214], [100.7078, 13.8214], [100.708, 13.8215], [100.7081, 13.8215], [100.7085, 13.8215], [100.7087, 13.8216], [100.709, 13.8216], [100.7091, 13.8216], [100.7094, 13.8217], [100.7097, 13.8217], [100.71, 13.8218], [100.7103, 13.8218], [100.7109, 13.8219], [100.7115, 13.822], [100.7118, 13.822], [100.7119, 13.8221], [100.7119, 13.8221], [100.712, 13.8221], [100.712, 13.822], [100.7121, 13.822], [100.7121, 13.8219], [100.712, 13.8219], [100.712, 13.8218], [100.712, 13.8218], [100.7121, 13.8218], [100.7121, 13.8217], [100.7121, 13.8216], [100.7121, 13.8216], [100.7122, 13.8216], [100.7123, 13.8216], [100.7123, 13.8216], [100.7124, 13.8216], [100.7128, 13.8216], [100.7133, 13.8217], [100.7137, 13.8217], [100.7141, 13.8217], [100.7147, 13.8218], [100.7153, 13.8219], [100.7154, 13.8219], [100.7154, 13.822], [100.7153, 13.8226], [100.7151, 13.8232], [100.715, 13.8235], [100.715, 13.8237], [100.7148, 13.8242], [100.7148, 13.8242], [100.7148, 13.8243], [100.7147, 13.8245], [100.7146, 13.8246], [100.7146, 13.8248], [100.7145, 13.8254], [100.7145, 13.8269], [100.7145, 13.8279], [100.7145, 13.8279], [100.7145, 13.8285], [100.7145, 13.8292], [100.7145, 13.8298], [100.7145, 13.8305], [100.7146, 13.8314], [100.7149, 13.8314], [100.7153, 13.8314], [100.7157, 13.8314], [100.7171, 13.8314], [100.7186, 13.8315], [100.7186, 13.8315], [100.7189, 13.8315], [100.7198, 13.8315], [100.7202, 13.8315], [100.7201, 13.8323], [100.7201, 13.833], [100.7201, 13.833], [100.7201, 13.8333], [100.7201, 13.8339], [100.7201, 13.8339], [100.7201, 13.8341], [100.7201, 13.8342], [100.7201, 13.8344], [100.7201, 13.835], [100.7201, 13.835], [100.7201, 13.8352], [100.7201, 13.8358], [100.7201, 13.8358], [100.7201, 13.8361], [100.7201, 13.8364], [100.7202, 13.8369], [100.7202, 13.8373], [100.7203, 13.8373], [100.721, 13.8373], [100.7215, 13.8374], [100.7218, 13.8374], [100.722, 13.8374], [100.7223, 13.8374], [100.7223, 13.8372], [100.7223, 13.837], [100.7223, 13.8368], [100.7223, 13.8366], [100.7224, 13.8364], [100.7224, 13.8361], [100.7224, 13.8361], [100.7224, 13.8358], [100.7224, 13.8357], [100.7224, 13.8355], [100.7224, 13.8353], [100.7224, 13.8351], [100.7224, 13.835], [100.7223, 13.8346], [100.7223, 13.8343], [100.7223, 13.8341], [100.7224, 13.8338], [100.7224, 13.8336], [100.7224, 13.8334], [100.7224, 13.8332], [100.7223, 13.833], [100.7223, 13.8326], [100.7223, 13.8325], [100.7223, 13.8322], [100.7224, 13.832], [100.7223, 13.8319], [100.7224, 13.8318], [100.7223, 13.8316], [100.7223, 13.8315], [100.7224, 13.8315], [100.7224, 13.8314], [100.7224, 13.8312], [100.7224, 13.8309], [100.7224, 13.8305], [100.7224, 13.8303], [100.7224, 13.8302], [100.7223, 13.8299], [100.7223, 13.8298], [100.7223, 13.8297], [100.7224, 13.8295], [100.7224, 13.8291], [100.7224, 13.8291], [100.7223, 13.8288], [100.7223, 13.8288], [100.7224, 13.8286], [100.7224, 13.8285], [100.7223, 13.8282], [100.7223, 13.8279], [100.7223, 13.8276], [100.7223, 13.8275], [100.7224, 13.8275], [100.7226, 13.8275], [100.7226, 13.8275], [100.7226, 13.8275], [100.7227, 13.8275], [100.7231, 13.8275], [100.7236, 13.8275], [100.7239, 13.8275], [100.7242, 13.8276], [100.7247, 13.8276], [100.7249, 13.8276], [100.7254, 13.8276], [100.7257, 13.8276], [100.7262, 13.8276], [100.7263, 13.8276], [100.7265, 13.8276], [100.7265, 13.8276], [100.7267, 13.8276], [100.7275, 13.8276], [100.728, 13.8277], [100.7284, 13.8277], [100.7286, 13.8277], [100.7287, 13.8277], [100.7289, 13.8277], [100.729, 13.8277], [100.7292, 13.8277], [100.7297, 13.8277], [100.7297, 13.828], [100.7297, 13.8284], [100.7297, 13.8287], [100.7297, 13.8291], [100.7297, 13.8294], [100.7297, 13.8303], [100.7297, 13.8303], [100.7297, 13.8304], [100.7297, 13.8304], [100.7297, 13.8305], [100.7297, 13.8308], [100.7297, 13.8311], [100.7297, 13.8314], [100.7297, 13.8317], [100.7297, 13.8322], [100.7297, 13.8324], [100.7297, 13.8324], [100.7297, 13.8325], [100.7297, 13.8326], [100.7297, 13.8326], [100.7303, 13.8329], [100.7311, 13.8331], [100.7326, 13.8337], [100.7328, 13.8338], [100.7333, 13.834], [100.7337, 13.8341], [100.7363, 13.835], [100.7368, 13.8336], [100.7374, 13.8321], [100.7378, 13.8322], [100.7421, 13.833], [100.7444, 13.8334], [100.7446, 13.8334], [100.7448, 13.8332], [100.7448, 13.8329], [100.745, 13.8326], [100.745, 13.8325], [100.7451, 13.8324], [100.7451, 13.8322], [100.7452, 13.8321], [100.7452, 13.8321], [100.7452, 13.832], [100.7453, 13.8319], [100.7453, 13.8318], [100.7453, 13.8318], [100.7454, 13.8317], [100.7454, 13.8314], [100.7455, 13.8313], [100.7455, 13.8311], [100.7456, 13.831], [100.7456, 13.8307], [100.7457, 13.8303], [100.7457, 13.8301], [100.7458, 13.83], [100.7458, 13.8298], [100.7458, 13.8296], [100.7459, 13.8293], [100.7459, 13.8291], [100.7459, 13.829], [100.7459, 13.8289], [100.746, 13.8287], [100.746, 13.8285], [100.7461, 13.8279], [100.7461, 13.8276], [100.7461, 13.8274], [100.7462, 13.8273], [100.7462, 13.8271], [100.7463, 13.8268], [100.7463, 13.8266], [100.7463, 13.8265], [100.7463, 13.8262], [100.7464, 13.8259], [100.7464, 13.8256], [100.7465, 13.8254], [100.7466, 13.8251], [100.7467, 13.8249], [100.7467, 13.8248], [100.7468, 13.8247], [100.7469, 13.8246], [100.7471, 13.8246], [100.7474, 13.8245], [100.7477, 13.8244], [100.7479, 13.8244], [100.748, 13.8243], [100.7484, 13.8241], [100.7486, 13.8239], [100.7487, 13.8239], [100.7488, 13.8237], [100.7489, 13.8234], [100.749, 13.8232], [100.7491, 13.8231], [100.7491, 13.8229], [100.7492, 13.8228], [100.7492, 13.8225], [100.7492, 13.8223], [100.7493, 13.8221], [100.7494, 13.8222], [100.7496, 13.8223], [100.7501, 13.8225], [100.7504, 13.8227], [100.751, 13.823], [100.7514, 13.8232], [100.7523, 13.8238], [100.7531, 13.8242], [100.7532, 13.8243], [100.7534, 13.8244], [100.7539, 13.8247], [100.7544, 13.8249], [100.7547, 13.8251], [100.7549, 13.8252], [100.7559, 13.8257], [100.7559, 13.8257], [100.7572, 13.8264], [100.7576, 13.8266], [100.7579, 13.8269], [100.7583, 13.8271], [100.7585, 13.8271], [100.7588, 13.8273], [100.7597, 13.8278], [100.7602, 13.8281], [100.7607, 13.8284], [100.7615, 13.8288], [100.7617, 13.8289], [100.7617, 13.8289], [100.7618, 13.829], [100.7619, 13.829], [100.762, 13.8291], [100.7621, 13.8291], [100.7622, 13.8292], [100.7623, 13.8292], [100.7624, 13.8293], [100.7624, 13.8293], [100.7625, 13.8293], [100.7626, 13.8294], [100.7627, 13.8295], [100.7628, 13.8295], [100.7629, 13.8296], [100.763, 13.8296], [100.7631, 13.8297], [100.7633, 13.8298], [100.7634, 13.8299], [100.7635, 13.8299], [100.7636, 13.83], [100.7636, 13.83], [100.7638, 13.83], [100.7639, 13.8301], [100.7639, 13.8301], [100.764, 13.8302], [100.7641, 13.8303], [100.7642, 13.8303], [100.7643, 13.8303], [100.7644, 13.8304], [100.7645, 13.8304], [100.7646, 13.8305], [100.7647, 13.8306], [100.7648, 13.8306], [100.7649, 13.8307], [100.765, 13.8307], [100.7651, 13.8308], [100.7651, 13.8308], [100.7652, 13.8308], [100.7652, 13.8308], [100.7653, 13.8309], [100.7654, 13.831], [100.7656, 13.831], [100.7657, 13.8311], [100.7658, 13.8312], [100.7659, 13.8312], [100.7659, 13.8312], [100.766, 13.8313], [100.7662, 13.8314], [100.7663, 13.8315], [100.7665, 13.8316], [100.7666, 13.8316], [100.7667, 13.8317], [100.7667, 13.8317], [100.7668, 13.8317], [100.7668, 13.8318], [100.7669, 13.8318], [100.7669, 13.8318], [100.7669, 13.8318], [100.7671, 13.8319], [100.7671, 13.8319], [100.7672, 13.832], [100.7673, 13.832], [100.7674, 13.8321], [100.7675, 13.8321], [100.7677, 13.8322], [100.7677, 13.8322], [100.7678, 13.8323], [100.7679, 13.8323], [100.7681, 13.8324], [100.7682, 13.8325], [100.7683, 13.8325], [100.7684, 13.8326], [100.7685, 13.8326], [100.7685, 13.8327], [100.7686, 13.8327], [100.7688, 13.8328], [100.7689, 13.8329], [100.769, 13.8329], [100.7692, 13.833], [100.7693, 13.8331], [100.7694, 13.8331], [100.7695, 13.8332], [100.7697, 13.8333], [100.7698, 13.8334], [100.7699, 13.8334], [100.77, 13.8334], [100.77, 13.8335], [100.7701, 13.8335], [100.7702, 13.8335], [100.7703, 13.8336], [100.7704, 13.8337], [100.7705, 13.8338], [100.7706, 13.8338], [100.7708, 13.8339], [100.7709, 13.8339], [100.7709, 13.834], [100.7711, 13.8341], [100.7712, 13.8341], [100.7713, 13.8342], [100.7714, 13.8342], [100.7716, 13.8343], [100.7717, 13.8343], [100.7718, 13.8344], [100.7718, 13.8344], [100.7719, 13.8344], [100.772, 13.8345], [100.772, 13.8345], [100.7722, 13.8346], [100.7724, 13.8347], [100.7725, 13.8348], [100.7725, 13.8348], [100.7725, 13.8348], [100.7727, 13.8348], [100.7727, 13.8349], [100.7727, 13.8349], [100.7727, 13.8349], [100.7728, 13.835], [100.7728, 13.835], [100.7729, 13.835], [100.7729, 13.835], [100.773, 13.8351], [100.773, 13.8351], [100.773, 13.8351], [100.7731, 13.8351], [100.7731, 13.8352], [100.7732, 13.8352], [100.7733, 13.8353], [100.7734, 13.8353], [100.7735, 13.8354], [100.7736, 13.8354], [100.7737, 13.8355], [100.7738, 13.8355], [100.7739, 13.8356], [100.774, 13.8356], [100.7741, 13.8357], [100.7741, 13.8357], [100.7742, 13.8357], [100.7742, 13.8358], [100.7743, 13.8358], [100.7743, 13.8358], [100.7744, 13.8358], [100.7745, 13.8359], [100.7745, 13.8359], [100.7746, 13.836], [100.7747, 13.836], [100.7747, 13.836], [100.7748, 13.8361], [100.7749, 13.8361], [100.775, 13.8362], [100.7751, 13.8363], [100.7752, 13.8363], [100.7753, 13.8364], [100.7755, 13.8364], [100.7755, 13.8365], [100.7756, 13.8365], [100.7757, 13.8366], [100.7758, 13.8366], [100.7759, 13.8366], [100.776, 13.8367], [100.7761, 13.8367], [100.7762, 13.8368], [100.7763, 13.8368], [100.7764, 13.8369], [100.7765, 13.837], [100.7766, 13.837], [100.7767, 13.8371], [100.7768, 13.8371], [100.7769, 13.8372], [100.777, 13.8373], [100.7771, 13.8373], [100.7773, 13.8374], [100.7773, 13.8374], [100.7773, 13.8375], [100.7774, 13.8375], [100.7775, 13.8375], [100.7776, 13.8376], [100.7777, 13.8376], [100.7778, 13.8377], [100.778, 13.8378], [100.7781, 13.8379], [100.7782, 13.8379], [100.7782, 13.8379], [100.7784, 13.838], [100.7784, 13.8381], [100.7785, 13.8381], [100.7786, 13.8382], [100.7787, 13.8382], [100.7788, 13.8383], [100.779, 13.8384], [100.7791, 13.8384], [100.7791, 13.8385], [100.7792, 13.8385], [100.7793, 13.8385], [100.7794, 13.8386], [100.7796, 13.8387], [100.7797, 13.8388], [100.7798, 13.8388], [100.78, 13.8389], [100.7802, 13.839], [100.7804, 13.8391], [100.7805, 13.8392], [100.7807, 13.8393], [100.7808, 13.8393], [100.7809, 13.8394], [100.7811, 13.8395], [100.7812, 13.8396], [100.7812, 13.8396], [100.7814, 13.8397], [100.7815, 13.8398], [100.7817, 13.8399], [100.7818, 13.8399], [100.7819, 13.8399], [100.782, 13.84], [100.7822, 13.8401], [100.7823, 13.8402], [100.7825, 13.8402], [100.7826, 13.8403], [100.7827, 13.8404], [100.7828, 13.8404], [100.7829, 13.8405], [100.783, 13.8405], [100.7831, 13.8406], [100.7832, 13.8406], [100.7832, 13.8406], [100.7834, 13.8407], [100.7835, 13.8407], [100.7836, 13.8408], [100.7838, 13.8409], [100.7839, 13.841], [100.7841, 13.8411], [100.7842, 13.8411], [100.7843, 13.8412], [100.7844, 13.8412], [100.7845, 13.8413], [100.7846, 13.8414], [100.7847, 13.8414], [100.7848, 13.8415], [100.7849, 13.8415], [100.785, 13.8416], [100.785, 13.8416], [100.7851, 13.8417], [100.7852, 13.8417], [100.7853, 13.8417], [100.7853, 13.8418], [100.7854, 13.8418], [100.7855, 13.8419], [100.7856, 13.8419], [100.7857, 13.842], [100.7858, 13.8421], [100.7859, 13.8421], [100.786, 13.8421], [100.786, 13.8422], [100.7861, 13.8422], [100.7862, 13.8423], [100.7864, 13.8424], [100.7865, 13.8424], [100.7866, 13.8425], [100.7868, 13.8426], [100.7869, 13.8427], [100.7871, 13.8428], [100.7872, 13.8428], [100.7874, 13.8429], [100.7875, 13.843], [100.7877, 13.8431], [100.7878, 13.8432], [100.7879, 13.8433], [100.7879, 13.8433], [100.788, 13.8433], [100.7882, 13.8434], [100.7883, 13.8435], [100.7885, 13.8436], [100.7887, 13.8436], [100.7889, 13.8438], [100.789, 13.8438], [100.789, 13.8439], [100.7891, 13.8439], [100.7892, 13.8439], [100.7892, 13.8439], [100.7893, 13.8439], [100.7894, 13.844], [100.7895, 13.8441], [100.7895, 13.8441], [100.7896, 13.8441], [100.7896, 13.8441], [100.7898, 13.8443], [100.7899, 13.8443], [100.79, 13.8444], [100.7901, 13.8445], [100.7901, 13.8445], [100.7901, 13.8445], [100.7903, 13.8446], [100.7904, 13.8447], [100.7905, 13.8447], [100.7906, 13.8447], [100.7907, 13.8448], [100.7908, 13.8448], [100.7908, 13.8448], [100.7908, 13.8448], [100.7909, 13.8449], [100.7909, 13.8449], [100.791, 13.8449], [100.7911, 13.845], [100.7912, 13.845], [100.7913, 13.8451], [100.7914, 13.8451], [100.7915, 13.8452], [100.7916, 13.8452], [100.7917, 13.8453], [100.7918, 13.8454], [100.792, 13.8455], [100.7921, 13.8455], [100.7922, 13.8456], [100.7922, 13.8456], [100.7923, 13.8456], [100.7924, 13.8457], [100.7926, 13.8458], [100.7927, 13.8458], [100.7927, 13.8459], [100.7928, 13.8459], [100.793, 13.846], [100.7931, 13.8461], [100.7931, 13.8461], [100.7932, 13.8461], [100.7932, 13.8462], [100.7932, 13.8462], [100.7933, 13.8462], [100.7933, 13.8462], [100.7934, 13.8462], [100.7934, 13.8463], [100.7937, 13.8464], [100.7938, 13.8465], [100.7938, 13.8465], [100.7939, 13.8465], [100.7939, 13.8465], [100.7939, 13.8466], [100.7939, 13.8466], [100.794, 13.8466], [100.7941, 13.8467], [100.7942, 13.8468], [100.7943, 13.8468], [100.7944, 13.8468], [100.7945, 13.8469], [100.7946, 13.8469], [100.7948, 13.847], [100.795, 13.8471], [100.7951, 13.8472], [100.7952, 13.8472], [100.7954, 13.8474], [100.7955, 13.8474], [100.7955, 13.8475], [100.7956, 13.8475], [100.7957, 13.8475], [100.7958, 13.8476], [100.7959, 13.8477], [100.7961, 13.8477], [100.7962, 13.8478], [100.7963, 13.8478], [100.7963, 13.8478], [100.7964, 13.8479], [100.7965, 13.8479], [100.7965, 13.8479], [100.7965, 13.848], [100.7966, 13.848], [100.7967, 13.8481], [100.7967, 13.8481], [100.7968, 13.8481], [100.797, 13.8482], [100.7972, 13.8484], [100.7974, 13.8484], [100.7976, 13.8486], [100.7976, 13.8486], [100.7977, 13.8486], [100.7978, 13.8486], [100.7978, 13.8487], [100.7981, 13.8488], [100.7983, 13.8489], [100.7984, 13.8489], [100.7986, 13.8491], [100.7988, 13.8492], [100.799, 13.8493], [100.7992, 13.8494], [100.7993, 13.8494], [100.7994, 13.8495], [100.7994, 13.8495], [100.7993, 13.8496], [100.7993, 13.8497], [100.7993, 13.8499], [100.7991, 13.8503], [100.799, 13.8504], [100.7989, 13.8506], [100.7988, 13.8507], [100.7988, 13.8508], [100.7987, 13.851], [100.7986, 13.8512], [100.7984, 13.8518], [100.7983, 13.8519], [100.7983, 13.852], [100.7982, 13.8521], [100.7982, 13.8523], [100.7981, 13.8523], [100.798, 13.8526], [100.7979, 13.8529], [100.7978, 13.853], [100.7978, 13.8531], [100.7977, 13.8532], [100.7974, 13.8538], [100.7973, 13.8541], [100.7971, 13.8546], [100.7968, 13.8553], [100.7964, 13.856], [100.7962, 13.8566], [100.7958, 13.8574], [100.7956, 13.8578], [100.7955, 13.858], [100.7955, 13.8581], [100.7954, 13.8583], [100.7952, 13.8588], [100.7949, 13.8595], [100.7948, 13.8598], [100.7945, 13.8603], [100.7944, 13.8607], [100.7941, 13.8613], [100.7938, 13.862], [100.7936, 13.8626], [100.7935, 13.8629], [100.7934, 13.863], [100.7934, 13.8631], [100.7933, 13.8632], [100.7933, 13.8633], [100.7933, 13.8634], [100.7933, 13.8635], [100.7933, 13.8635], [100.7932, 13.8638], [100.793, 13.8641], [100.7928, 13.8647], [100.7926, 13.8653], [100.7925, 13.8657], [100.7923, 13.8662], [100.7921, 13.8668], [100.792, 13.8671], [100.7919, 13.8674], [100.7918, 13.8675], [100.7917, 13.8679], [100.7916, 13.8682], [100.7915, 13.8684], [100.7914, 13.8686], [100.7914, 13.8688], [100.7913, 13.8689], [100.7913, 13.869], [100.7912, 13.8691], [100.7912, 13.8692], [100.7912, 13.8692], [100.7912, 13.8693], [100.7911, 13.8694], [100.7911, 13.8696], [100.791, 13.8698], [100.7909, 13.8701], [100.7908, 13.8704], [100.7906, 13.8708], [100.7906, 13.871], [100.7905, 13.8712], [100.7904, 13.8714], [100.7903, 13.8716], [100.7903, 13.8717], [100.7903, 13.8719], [100.7902, 13.872], [100.7901, 13.8722], [100.7901, 13.8724], [100.79, 13.8726], [100.7899, 13.8727], [100.7899, 13.8728], [100.7899, 13.8729], [100.7899, 13.873], [100.7898, 13.873], [100.7898, 13.873], [100.7898, 13.8731], [100.7898, 13.8731], [100.7898, 13.8731], [100.7898, 13.8732], [100.7898, 13.8732], [100.7897, 13.8733], [100.7897, 13.8733], [100.7897, 13.8733], [100.7897, 13.8734], [100.7897, 13.8735], [100.7896, 13.8735], [100.7896, 13.8736], [100.7896, 13.8738], [100.7895, 13.8738], [100.7895, 13.8739], [100.7895, 13.8739], [100.7894, 13.8741], [100.7894, 13.8742], [100.7894, 13.8743], [100.7893, 13.8746], [100.7892, 13.8747], [100.7892, 13.8748], [100.7892, 13.8748], [100.7891, 13.8749], [100.7891, 13.875], [100.7891, 13.875], [100.7891, 13.8751], [100.789, 13.8751], [100.789, 13.8752], [100.789, 13.8753], [100.789, 13.8753], [100.789, 13.8754], [100.7889, 13.8754], [100.7889, 13.8755], [100.7889, 13.8755], [100.7889, 13.8755], [100.7889, 13.8756], [100.7889, 13.8756], [100.7888, 13.8757], [100.7888, 13.8758], [100.7888, 13.8759], [100.7888, 13.876], [100.7887, 13.876], [100.7887, 13.876], [100.7887, 13.8761], [100.7887, 13.8762], [100.7887, 13.8762], [100.7886, 13.8763], [100.7886, 13.8763], [100.7886, 13.8763], [100.7886, 13.8763], [100.7886, 13.8764], [100.7886, 13.8765], [100.7885, 13.8766], [100.7885, 13.8766], [100.7885, 13.8767], [100.7885, 13.8768], [100.7885, 13.8768], [100.7884, 13.8768], [100.7884, 13.8769], [100.7884, 13.8769], [100.7884, 13.877], [100.7884, 13.877], [100.7884, 13.877], [100.7884, 13.877], [100.7884, 13.8771], [100.7883, 13.8771], [100.7883, 13.8771], [100.7883, 13.8771], [100.7883, 13.8772], [100.7883, 13.8772], [100.7883, 13.8773], [100.7883, 13.8773], [100.7882, 13.8774], [100.7882, 13.8775], [100.7882, 13.8776], [100.7882, 13.8776], [100.7881, 13.8777], [100.7881, 13.8777], [100.7881, 13.8778], [100.7881, 13.8778], [100.7881, 13.8779], [100.7881, 13.8779], [100.788, 13.878], [100.788, 13.878], [100.788, 13.8781], [100.7879, 13.8783], [100.7879, 13.8785], [100.7878, 13.8788], [100.7878, 13.879], [100.7878, 13.8792], [100.788, 13.8796], [100.788, 13.8798], [100.7883, 13.8802], [100.7883, 13.8802], [100.7883, 13.8802], [100.7884, 13.8802], [100.7885, 13.8803], [100.7886, 13.8803], [100.7886, 13.8804], [100.7887, 13.8804], [100.7887, 13.8805], [100.7887, 13.8805], [100.7888, 13.8806], [100.7889, 13.8807], [100.7889, 13.8807], [100.789, 13.8808], [100.789, 13.8808], [100.7891, 13.8809], [100.7891, 13.8809], [100.7892, 13.881], [100.7893, 13.881], [100.7893, 13.881], [100.7895, 13.881], [100.7897, 13.8811], [100.7898, 13.8811], [100.7899, 13.8811], [100.7899, 13.8811], [100.79, 13.8812], [100.79, 13.8812], [100.7901, 13.8812], [100.7901, 13.8812], [100.7902, 13.8813], [100.7903, 13.8814], [100.7905, 13.8815], [100.7906, 13.8817], [100.7907, 13.8817], [100.7908, 13.8818], [100.7909, 13.8819], [100.7909, 13.8819], [100.791, 13.8821], [100.7911, 13.8822], [100.7912, 13.8824], [100.7912, 13.8825], [100.7913, 13.8826], [100.7914, 13.8827], [100.7916, 13.8829], [100.7917, 13.8831], [100.7917, 13.8832], [100.7918, 13.8833], [100.7919, 13.8834], [100.792, 13.8836], [100.7921, 13.8837], [100.7922, 13.8838], [100.7923, 13.8839], [100.7923, 13.8839], [100.7924, 13.8839], [100.7924, 13.884], [100.7924, 13.8841], [100.7925, 13.8842], [100.7925, 13.8843], [100.7925, 13.8843], [100.7925, 13.8844], [100.7925, 13.8844], [100.7925, 13.8845], [100.7926, 13.8847], [100.7926, 13.8848], [100.7926, 13.8849], [100.7926, 13.8849], [100.7926, 13.885], [100.7926, 13.8851], [100.7926, 13.8852], [100.7927, 13.8854], [100.7927, 13.8855], [100.7927, 13.8857], [100.7928, 13.8857], [100.7928, 13.8857], [100.7928, 13.8858], [100.7929, 13.8858], [100.793, 13.8859], [100.7931, 13.8859], [100.7932, 13.8859], [100.7932, 13.886], [100.7934, 13.886], [100.7936, 13.886], [100.7937, 13.886], [100.7938, 13.8861], [100.7938, 13.8861], [100.7939, 13.8861], [100.794, 13.8862], [100.794, 13.8862], [100.7941, 13.8863], [100.7942, 13.8864], [100.7943, 13.8865], [100.7944, 13.8867], [100.7945, 13.8869], [100.7946, 13.887], [100.7947, 13.8871], [100.7947, 13.8872], [100.7947, 13.8872], [100.7948, 13.8873], [100.7948, 13.8874], [100.7948, 13.8874], [100.7948, 13.8875], [100.7948, 13.8878], [100.7948, 13.8879], [100.7948, 13.8881], [100.7949, 13.8884], [100.7949, 13.8886], [100.7949, 13.8887], [100.7949, 13.8888], [100.795, 13.8889], [100.795, 13.889], [100.7951, 13.8891], [100.7951, 13.8891], [100.7951, 13.8892], [100.7952, 13.8893], [100.7953, 13.8894], [100.7955, 13.8896], [100.7956, 13.8897], [100.7956, 13.8897], [100.7956, 13.8899], [100.7957, 13.89], [100.7958, 13.8901], [100.7958, 13.8902], [100.7958, 13.8903], [100.7959, 13.8904], [100.7959, 13.8905], [100.7959, 13.8905], [100.7958, 13.8906], [100.7958, 13.8907], [100.7957, 13.8907], [100.7956, 13.8908], [100.7955, 13.8908], [100.7954, 13.8909], [100.7948, 13.8912], [100.7945, 13.8913], [100.7945, 13.8913], [100.7944, 13.8914], [100.7943, 13.8914], [100.7942, 13.8915], [100.7941, 13.8916], [100.7937, 13.8918], [100.7935, 13.8919], [100.7934, 13.892], [100.7932, 13.8922], [100.7929, 13.8925], [100.7927, 13.8926], [100.7926, 13.8928], [100.7925, 13.893], [100.7924, 13.8931], [100.7924, 13.8932], [100.7923, 13.8934], [100.7923, 13.8935], [100.7923, 13.8937], [100.7922, 13.8938], [100.7922, 13.8938], [100.7923, 13.8938], [100.7923, 13.8938], [100.7924, 13.8938], [100.7926, 13.8938], [100.7928, 13.8938], [100.7929, 13.8939], [100.7929, 13.8939], [100.7928, 13.894], [100.7928, 13.8941], [100.7928, 13.8941], [100.7928, 13.8942], [100.7928, 13.8942], [100.7928, 13.8942], [100.7928, 13.8943], [100.7928, 13.8943], [100.7928, 13.8943], [100.7928, 13.8943], [100.7928, 13.8943], [100.7928, 13.8944], [100.7928, 13.8945], [100.7928, 13.8945], [100.7928, 13.8946], [100.7928, 13.8947], [100.7928, 13.8949], [100.7928, 13.895], [100.7928, 13.895], [100.7928, 13.895], [100.7928, 13.8951], [100.7928, 13.8951], [100.7928, 13.8951], [100.7928, 13.8952], [100.7929, 13.8953], [100.7929, 13.8955], [100.7928, 13.8959], [100.7928, 13.896], [100.7928, 13.896], [100.7929, 13.8961], [100.7929, 13.8964], [100.7929, 13.8965], [100.7929, 13.8966], [100.7929, 13.8967], [100.7929, 13.8969], [100.7928, 13.8971], [100.7928, 13.8972], [100.7928, 13.8972], [100.7927, 13.8972], [100.7927, 13.8972], [100.7926, 13.8972], [100.7924, 13.8972], [100.7924, 13.8972], [100.7923, 13.8973], [100.7923, 13.8973], [100.7923, 13.8974], [100.7922, 13.8974], [100.7922, 13.8976], [100.7922, 13.8976], [100.7922, 13.8977], [100.7922, 13.8977], [100.7923, 13.8978], [100.7922, 13.8979], [100.7922, 13.898], [100.7922, 13.8981], [100.7922, 13.8982], [100.7922, 13.8983], [100.7922, 13.8984], [100.7922, 13.8985], [100.7923, 13.8986], [100.7923, 13.8987], [100.7923, 13.8988], [100.7923, 13.8989], [100.7923, 13.899], [100.7923, 13.8991], [100.7923, 13.8992], [100.7923, 13.8994], [100.7923, 13.8996], [100.7922, 13.8997], [100.7922, 13.8998], [100.7922, 13.8999], [100.7922, 13.8999], [100.7922, 13.9], [100.7922, 13.9001], [100.7922, 13.9002], [100.7923, 13.9003], [100.7923, 13.9004], [100.7923, 13.9004], [100.7923, 13.9005], [100.7923, 13.9006], [100.7923, 13.9007], [100.7923, 13.9007], [100.7923, 13.9008], [100.7924, 13.9009], [100.7924, 13.901], [100.7924, 13.9012], [100.7924, 13.9014], [100.7923, 13.9016], [100.7923, 13.9017], [100.7923, 13.9019], [100.7923, 13.9019], [100.7923, 13.902], [100.7923, 13.9021], [100.7923, 13.9021], [100.7923, 13.9022], [100.7923, 13.9023], [100.7923, 13.9023], [100.7923, 13.9024], [100.7923, 13.9025], [100.7923, 13.9026], [100.7923, 13.9026], [100.7923, 13.9027], [100.7923, 13.9028], [100.7923, 13.9028], [100.7923, 13.9029], [100.7923, 13.9029], [100.7923, 13.9031], [100.7923, 13.9034], [100.7923, 13.9034], [100.7923, 13.9035], [100.7923, 13.9036], [100.7923, 13.9037], [100.7923, 13.9038], [100.7923, 13.9039], [100.7923, 13.904], [100.7923, 13.9041], [100.7923, 13.9042], [100.7923, 13.9043], [100.7923, 13.9044], [100.7923, 13.9045], [100.7923, 13.9046], [100.7923, 13.9046], [100.7923, 13.9047], [100.7923, 13.9048], [100.7923, 13.9049], [100.7923, 13.9051], [100.7923, 13.9052], [100.7923, 13.9053], [100.7923, 13.9053], [100.7923, 13.9054], [100.7923, 13.9055], [100.7923, 13.9057], [100.7923, 13.9058], [100.7923, 13.9059], [100.7923, 13.906], [100.7923, 13.9061], [100.7923, 13.9062], [100.7923, 13.9062], [100.7923, 13.9063], [100.7923, 13.9064], [100.7923, 13.9066], [100.7923, 13.9067], [100.7923, 13.9067], [100.7923, 13.9069], [100.7923, 13.907], [100.7923, 13.907], [100.7923, 13.9072], [100.7923, 13.9073], [100.7923, 13.9075], [100.7923, 13.9076], [100.7923, 13.9077], [100.7923, 13.9078], [100.7923, 13.908], [100.7923, 13.908], [100.7923, 13.9081], [100.7923, 13.9082], [100.7923, 13.9083], [100.7923, 13.9084], [100.7923, 13.9085], [100.7923, 13.9086], [100.7923, 13.9086], [100.7923, 13.9087], [100.7923, 13.9088], [100.7923, 13.9089], [100.7923, 13.9089], [100.7923, 13.909], [100.7923, 13.9091], [100.7923, 13.9092], [100.7923, 13.9092], [100.7923, 13.9093], [100.7923, 13.9093], [100.7923, 13.9094], [100.7923, 13.9095], [100.7923, 13.9095], [100.7923, 13.9096], [100.7923, 13.9097], [100.7923, 13.9098], [100.7923, 13.9099], [100.7923, 13.91], [100.7923, 13.9101], [100.7923, 13.9102], [100.7923, 13.9103], [100.7923, 13.9104], [100.7923, 13.9105], [100.7923, 13.9106], [100.7923, 13.9107], [100.7923, 13.9107], [100.7923, 13.9108], [100.7924, 13.9109], [100.7924, 13.911], [100.7924, 13.9111], [100.7924, 13.9112], [100.7924, 13.9113], [100.7924, 13.9114], [100.7924, 13.9115], [100.7924, 13.9116], [100.7924, 13.9116], [100.7924, 13.9118], [100.7924, 13.9118], [100.7924, 13.9119], [100.7924, 13.912], [100.7924, 13.912], [100.7924, 13.9121], [100.7924, 13.9122], [100.7924, 13.9123], [100.7924, 13.9125], [100.7924, 13.9126], [100.7924, 13.9127], [100.7924, 13.9128], [100.7924, 13.9129], [100.7924, 13.913], [100.7924, 13.9131], [100.7924, 13.9132], [100.7924, 13.9133], [100.7924, 13.9134], [100.7924, 13.9135], [100.7924, 13.9136], [100.7924, 13.9137], [100.7924, 13.9139], [100.7924, 13.9141], [100.7924, 13.9143], [100.7924, 13.9144], [100.7924, 13.9145], [100.7924, 13.9147], [100.7924, 13.9147], [100.7925, 13.9148], [100.7925, 13.9149], [100.7924, 13.915], [100.7924, 13.9152], [100.7925, 13.9152], [100.7924, 13.9153], [100.7924, 13.9154], [100.7924, 13.9156], [100.7924, 13.9157], [100.7925, 13.9159], [100.7925, 13.9159], [100.7925, 13.9161], [100.7925, 13.9162], [100.7925, 13.9163], [100.7924, 13.9164], [100.7924, 13.9165], [100.7924, 13.9166], [100.7924, 13.9167], [100.7924, 13.9168], [100.7924, 13.917], [100.7924, 13.9171], [100.7924, 13.9172], [100.7925, 13.9173], [100.7925, 13.9175], [100.7924, 13.9176], [100.7924, 13.9177], [100.7924, 13.9178], [100.7924, 13.918], [100.7924, 13.9181], [100.7924, 13.9182], [100.7924, 13.9183], [100.7924, 13.9184], [100.7924, 13.9186], [100.7924, 13.9187], [100.7924, 13.9189], [100.7925, 13.919], [100.7925, 13.919], [100.7925, 13.9191], [100.7925, 13.9192], [100.7925, 13.9193], [100.7925, 13.9194], [100.7925, 13.9195], [100.7925, 13.9196], [100.7925, 13.9197], [100.7925, 13.92], [100.7925, 13.92], [100.7925, 13.9202], [100.7925, 13.9203], [100.7925, 13.9204], [100.7925, 13.9205], [100.7925, 13.9207], [100.7925, 13.9208], [100.7925, 13.9209], [100.7925, 13.9211], [100.7925, 13.9212], [100.7925, 13.9213], [100.7925, 13.9214], [100.7925, 13.9216], [100.7925, 13.9216], [100.7925, 13.9217], [100.7925, 13.9218], [100.7925, 13.9219], [100.7925, 13.922], [100.7924, 13.9224], [100.7925, 13.9225], [100.7925, 13.9228], [100.7925, 13.9231], [100.7925, 13.9232], [100.7925, 13.9234], [100.7925, 13.9235], [100.7925, 13.9238], [100.7925, 13.924], [100.7925, 13.9243], [100.7925, 13.9247], [100.7925, 13.9248], [100.7925, 13.925], [100.7925, 13.9252], [100.7925, 13.9254], [100.7925, 13.9257], [100.7925, 13.9259], [100.7925, 13.9262], [100.7925, 13.9264], [100.7925, 13.9265], [100.7926, 13.9267], [100.7926, 13.9267], [100.7926, 13.9269], [100.7926, 13.927], [100.7926, 13.9271], [100.7926, 13.9271], [100.7926, 13.9272], [100.7926, 13.9273], [100.7926, 13.9274], [100.7926, 13.9275], [100.7926, 13.9277], [100.7926, 13.9279], [100.7926, 13.928], [100.7926, 13.9281], [100.7926, 13.9283], [100.7925, 13.9285], [100.7926, 13.9287], [100.7925, 13.9288], [100.7925, 13.9289], [100.7925, 13.9291], [100.7925, 13.9292], [100.7926, 13.9293], [100.7926, 13.9294], [100.7926, 13.9294], [100.7926, 13.9296], [100.7926, 13.9297], [100.7926, 13.93], [100.7926, 13.9303], [100.7926, 13.9305], [100.7926, 13.9306], [100.7925, 13.9306], [100.7925, 13.9307], [100.7925, 13.9308], [100.7925, 13.9312], [100.7925, 13.9314], [100.7921, 13.9313], [100.7917, 13.9312], [100.7884, 13.9301], [100.7565, 13.9198], [100.7551, 13.9193], [100.7543, 13.919], [100.7532, 13.9187], [100.7526, 13.9185], [100.7508, 13.9184], [100.7489, 13.9183], [100.7474, 13.9182], [100.7286, 13.9173], [100.7263, 13.9172], [100.7188, 13.9168], [100.6982, 13.9164], [100.6943, 13.9163], [100.6911, 13.9162]]]}, "properties": {"DISTRICT_N": "คลองสามวา", "CODE": 1046, "AREA_BMA": 110.68599701}}, {"type": "Feature", "geometry": {"type": "Polygon", "coordinates": [[[100.6223, 13.6844], [100.6221, 13.6844], [100.6208, 13.6844], [100.6205, 13.6844], [100.6205, 13.6844], [100.6199, 13.6844], [100.6199, 13.6844], [100.6195, 13.6844], [100.6195, 13.6844], [100.6191, 13.6844], [100.619, 13.6844], [100.619, 13.6844], [100.6186, 13.6844], [100.6186, 13.6844], [100.6184, 13.6844], [100.6182, 13.6844], [100.6181, 13.6844], [100.6177, 13.6844], [100.6176, 13.6844], [100.6172, 13.6844], [100.617, 13.6844], [100.617, 13.6844], [100.6166, 13.6844], [100.6163, 13.6844], [100.6163, 13.6844], [100.6157, 13.6844], [100.6155, 13.6844], [100.6154, 13.6844], [100.6147, 13.6843], [100.6142, 13.6843], [100.6141, 13.6843], [100.6136, 13.6843], [100.6135, 13.6843], [100.6134, 13.6843], [100.6131, 13.6843], [100.6128, 13.6843], [100.6127, 13.6843], [100.6117, 13.6843], [100.6109, 13.6843], [100.6108, 13.6843], [100.6108, 13.6843], [100.6108, 13.6843], [100.6108, 13.6843], [100.6108, 13.6843], [100.6107, 13.6843], [100.6106, 13.6843], [100.6104, 13.6842], [100.6101, 13.6841], [100.6091, 13.6834], [100.6089, 13.6832], [100.6086, 13.683], [100.6084, 13.6829], [100.6082, 13.6827], [100.6078, 13.6824], [100.6075, 13.6822], [100.6075, 13.6821], [100.6074, 13.6822], [100.6073, 13.6824], [100.6072, 13.6824], [100.6071, 13.6824], [100.607, 13.6825], [100.6069, 13.6825], [100.6069, 13.6824], [100.6068, 13.6824], [100.6064, 13.6822], [100.6056, 13.6818], [100.605, 13.6814], [100.6047, 13.6812], [100.6044, 13.6811], [100.6038, 13.681], [100.6032, 13.6808], [100.6028, 13.6807], [100.6023, 13.6805], [100.6019, 13.6804], [100.6015, 13.6803], [100.6007, 13.6801], [100.6004, 13.68], [100.6003, 13.68], [100.6002, 13.68], [100.6001, 13.68], [100.5999, 13.6801], [100.5997, 13.6801], [100.5995, 13.6801], [100.5993, 13.6801], [100.5993, 13.6801], [100.5991, 13.6802], [100.5989, 13.6803], [100.5982, 13.6805], [100.5981, 13.6806], [100.598, 13.6806], [100.5968, 13.681], [100.5954, 13.6815], [100.5945, 13.6817], [100.5942, 13.6818], [100.5942, 13.6818], [100.594, 13.6818], [100.5939, 13.6818], [100.5937, 13.6818], [100.5936, 13.6818], [100.5936, 13.6819], [100.5934, 13.6819], [100.5933, 13.6819], [100.5932, 13.682], [100.5931, 13.682], [100.593, 13.682], [100.5928, 13.682], [100.5927, 13.682], [100.5925, 13.6821], [100.5922, 13.6822], [100.592, 13.6822], [100.5912, 13.6824], [100.5908, 13.6826], [100.5904, 13.6827], [100.5903, 13.6827], [100.5897, 13.6829], [100.5887, 13.683], [100.5885, 13.6826], [100.5883, 13.6818], [100.5881, 13.6808], [100.5876, 13.6796], [100.587, 13.6786], [100.5857, 13.677], [100.5842, 13.6751], [100.5828, 13.6734], [100.5803, 13.6705], [100.5793, 13.6692], [100.5813, 13.668], [100.5832, 13.6672], [100.592, 13.6637], [100.5921, 13.6637], [100.5923, 13.6627], [100.5926, 13.6626], [100.5927, 13.6627], [100.5955, 13.6617], [100.5954, 13.6612], [100.5965, 13.6609], [100.5964, 13.6606], [100.5965, 13.6605], [100.5969, 13.6604], [100.5977, 13.6602], [100.5979, 13.6605], [100.5981, 13.6603], [100.5985, 13.6602], [100.5986, 13.6602], [100.5995, 13.6605], [100.5995, 13.6609], [100.5997, 13.6609], [100.6006, 13.6609], [100.6006, 13.6609], [100.6008, 13.6608], [100.6007, 13.6599], [100.6007, 13.6595], [100.6006, 13.6591], [100.6005, 13.6584], [100.6013, 13.6583], [100.6013, 13.658], [100.6018, 13.658], [100.6019, 13.6585], [100.603, 13.6583], [100.603, 13.6584], [100.6043, 13.6582], [100.6043, 13.6583], [100.6046, 13.6582], [100.6049, 13.6581], [100.6054, 13.6593], [100.6078, 13.6585], [100.6076, 13.658], [100.6072, 13.6569], [100.6084, 13.6565], [100.6083, 13.656], [100.6099, 13.6554], [100.6104, 13.6552], [100.6118, 13.6547], [100.6138, 13.6539], [100.614, 13.6544], [100.6141, 13.6544], [100.6151, 13.6539], [100.6161, 13.6535], [100.6171, 13.6555], [100.6177, 13.6572], [100.6192, 13.6566], [100.6186, 13.6552], [100.6193, 13.655], [100.6198, 13.6547], [100.6219, 13.6541], [100.6234, 13.6536], [100.6233, 13.6534], [100.6237, 13.6533], [100.625, 13.6528], [100.6266, 13.6523], [100.6275, 13.652], [100.628, 13.6518], [100.6284, 13.6516], [100.6298, 13.6512], [100.6298, 13.651], [100.6301, 13.6508], [100.6305, 13.6507], [100.63, 13.6491], [100.6316, 13.6485], [100.6323, 13.6483], [100.6327, 13.6482], [100.6336, 13.6479], [100.6346, 13.6477], [100.635, 13.6475], [100.6353, 13.648], [100.6355, 13.6483], [100.6358, 13.6488], [100.6364, 13.6496], [100.6372, 13.6507], [100.6376, 13.6518], [100.6378, 13.6518], [100.6389, 13.6511], [100.6391, 13.6515], [100.6396, 13.6532], [100.64, 13.6532], [100.6401, 13.6536], [100.6405, 13.6536], [100.6405, 13.6539], [100.6416, 13.6538], [100.6416, 13.6538], [100.6421, 13.6537], [100.6421, 13.6536], [100.6427, 13.6534], [100.6427, 13.6539], [100.6441, 13.6537], [100.6442, 13.6539], [100.6443, 13.6539], [100.6477, 13.653], [100.6484, 13.6529], [100.6492, 13.6528], [100.6495, 13.6526], [100.6495, 13.6523], [100.6503, 13.6521], [100.6505, 13.6533], [100.6504, 13.6552], [100.6501, 13.6573], [100.6501, 13.6588], [100.6502, 13.6592], [100.6507, 13.6592], [100.6507, 13.6592], [100.6507, 13.6598], [100.6508, 13.6603], [100.6508, 13.6604], [100.6509, 13.6608], [100.6511, 13.6611], [100.6513, 13.6615], [100.6514, 13.6618], [100.6515, 13.6621], [100.6517, 13.6625], [100.6518, 13.6629], [100.6519, 13.663], [100.652, 13.6632], [100.6521, 13.6634], [100.6522, 13.6638], [100.6524, 13.6644], [100.6524, 13.6648], [100.6525, 13.6653], [100.6526, 13.6656], [100.6526, 13.6656], [100.6528, 13.666], [100.6529, 13.6662], [100.6529, 13.6664], [100.653, 13.6665], [100.653, 13.6671], [100.6531, 13.6674], [100.6533, 13.6677], [100.6535, 13.6682], [100.6537, 13.6686], [100.6538, 13.6689], [100.6538, 13.6689], [100.6534, 13.6691], [100.653, 13.6692], [100.6516, 13.6692], [100.6499, 13.6692], [100.6486, 13.6691], [100.6481, 13.669], [100.6479, 13.669], [100.6477, 13.669], [100.6474, 13.669], [100.6473, 13.669], [100.6473, 13.6691], [100.647, 13.6691], [100.6467, 13.6691], [100.6463, 13.6692], [100.6461, 13.6692], [100.6459, 13.6693], [100.6459, 13.6693], [100.6457, 13.6693], [100.6455, 13.6694], [100.6453, 13.6695], [100.6453, 13.6695], [100.645, 13.6698], [100.6449, 13.6699], [100.6448, 13.67], [100.6447, 13.6701], [100.6447, 13.6701], [100.6447, 13.6702], [100.6447, 13.6702], [100.6447, 13.6702], [100.6447, 13.6703], [100.6446, 13.6704], [100.6446, 13.6705], [100.6446, 13.6705], [100.6446, 13.6705], [100.6446, 13.6706], [100.6445, 13.6706], [100.6445, 13.6707], [100.6444, 13.6707], [100.6443, 13.6708], [100.6443, 13.6708], [100.6442, 13.6709], [100.644, 13.6712], [100.644, 13.6712], [100.6439, 13.6712], [100.6439, 13.6712], [100.6438, 13.6713], [100.6438, 13.6713], [100.6438, 13.6714], [100.6437, 13.6715], [100.6437, 13.6715], [100.6436, 13.6716], [100.6436, 13.6716], [100.6435, 13.6718], [100.6434, 13.6719], [100.6434, 13.6719], [100.6433, 13.6721], [100.6433, 13.6721], [100.6432, 13.6722], [100.6432, 13.6722], [100.6431, 13.6722], [100.6431, 13.6723], [100.6431, 13.6724], [100.6431, 13.6724], [100.643, 13.6724], [100.643, 13.6725], [100.643, 13.6726], [100.6429, 13.6727], [100.6428, 13.6728], [100.6428, 13.6728], [100.6428, 13.6728], [100.6427, 13.6729], [100.6427, 13.6729], [100.6427, 13.6729], [100.6426, 13.6731], [100.6424, 13.6733], [100.6424, 13.6734], [100.6423, 13.6734], [100.6423, 13.6734], [100.6423, 13.6735], [100.6423, 13.6735], [100.6423, 13.6736], [100.6422, 13.6737], [100.6422, 13.6738], [100.6422, 13.6738], [100.6421, 13.6739], [100.6421, 13.674], [100.6418, 13.6745], [100.6417, 13.6746], [100.6417, 13.6746], [100.6417, 13.6746], [100.6416, 13.6747], [100.6416, 13.6747], [100.6416, 13.6747], [100.6416, 13.6748], [100.6415, 13.6749], [100.6412, 13.6753], [100.6409, 13.6758], [100.6408, 13.676], [100.6406, 13.6763], [100.6405, 13.6766], [100.6405, 13.6768], [100.6404, 13.677], [100.6404, 13.6773], [100.6403, 13.6775], [100.6402, 13.6779], [100.6402, 13.678], [100.6402, 13.678], [100.6401, 13.678], [100.6395, 13.678], [100.6395, 13.678], [100.6383, 13.678], [100.6376, 13.678], [100.6375, 13.678], [100.6372, 13.678], [100.6365, 13.678], [100.6358, 13.6781], [100.6351, 13.6781], [100.6344, 13.6781], [100.6344, 13.6781], [100.634, 13.6781], [100.6335, 13.6781], [100.6335, 13.6781], [100.6331, 13.6781], [100.6328, 13.6782], [100.6321, 13.6782], [100.6314, 13.6782], [100.6314, 13.6782], [100.6309, 13.6782], [100.6308, 13.6782], [100.6304, 13.6782], [100.6293, 13.6783], [100.6283, 13.6783], [100.6277, 13.6784], [100.6277, 13.6784], [100.6272, 13.6784], [100.6271, 13.6784], [100.6271, 13.6784], [100.6267, 13.6784], [100.6267, 13.6784], [100.6262, 13.6784], [100.6252, 13.6784], [100.6246, 13.6785], [100.6245, 13.6789], [100.6242, 13.6796], [100.6238, 13.6805], [100.6236, 13.6812], [100.6233, 13.6819], [100.623, 13.6825], [100.6223, 13.6844]]]}, "properties": {"DISTRICT_N": "บางนา", "CODE": 1047, "AREA_BMA": 18.78899956}}, {"type": "Feature", "geometry": {"type": "Polygon", "coordinates": [[[100.5104, 13.8155], [100.5111, 13.8152], [100.5118, 13.8149], [100.5124, 13.8147], [100.513, 13.8144], [100.5138, 13.814], [100.5144, 13.8138], [100.5147, 13.8136], [100.515, 13.8135], [100.5153, 13.8133], [100.5156, 13.813], [100.5161, 13.8126], [100.5163, 13.8123], [100.5165, 13.812], [100.5167, 13.8115], [100.5171, 13.8107], [100.5174, 13.8097], [100.5176, 13.8092], [100.5177, 13.8085], [100.5177, 13.8079], [100.5175, 13.8054], [100.5174, 13.8039], [100.5171, 13.8022], [100.5166, 13.8006], [100.5173, 13.8003], [100.5178, 13.8002], [100.5181, 13.8001], [100.5184, 13.8001], [100.5188, 13.8001], [100.5191, 13.8001], [100.5195, 13.8001], [100.5197, 13.8], [100.5201, 13.7999], [100.5207, 13.7999], [100.5211, 13.7998], [100.5217, 13.7999], [100.5221, 13.7999], [100.5226, 13.7998], [100.5231, 13.7997], [100.5237, 13.7996], [100.524, 13.7995], [100.5245, 13.7993], [100.525, 13.7992], [100.5252, 13.7991], [100.5256, 13.7992], [100.5258, 13.7991], [100.5261, 13.799], [100.5264, 13.7988], [100.5267, 13.7986], [100.527, 13.7986], [100.5273, 13.7986], [100.5275, 13.7986], [100.5278, 13.7987], [100.5281, 13.7988], [100.5286, 13.7988], [100.5289, 13.7988], [100.5292, 13.7988], [100.5295, 13.7987], [100.5299, 13.7986], [100.5306, 13.7984], [100.5311, 13.7983], [100.5314, 13.7983], [100.5317, 13.7983], [100.5322, 13.7982], [100.5323, 13.7982], [100.5332, 13.7998], [100.5333, 13.7998], [100.5334, 13.7997], [100.534, 13.7994], [100.5346, 13.7992], [100.5348, 13.799], [100.535, 13.7989], [100.5354, 13.7988], [100.5358, 13.7986], [100.5368, 13.798], [100.5371, 13.7979], [100.5373, 13.7979], [100.5373, 13.7979], [100.5374, 13.7979], [100.5374, 13.7979], [100.5375, 13.798], [100.5377, 13.7985], [100.5377, 13.7987], [100.5378, 13.7989], [100.5379, 13.7992], [100.5383, 13.8002], [100.5385, 13.8007], [100.5388, 13.8015], [100.5391, 13.8021], [100.5393, 13.8027], [100.5396, 13.8033], [100.5399, 13.8042], [100.5402, 13.805], [100.5405, 13.8058], [100.5408, 13.8064], [100.5411, 13.8072], [100.5413, 13.8078], [100.5416, 13.8085], [100.5418, 13.8089], [100.5419, 13.8092], [100.542, 13.8093], [100.5421, 13.8096], [100.5423, 13.8101], [100.5424, 13.8105], [100.5426, 13.8109], [100.5427, 13.811], [100.5428, 13.8114], [100.543, 13.8117], [100.5431, 13.812], [100.5432, 13.8122], [100.5432, 13.8124], [100.5433, 13.8125], [100.5434, 13.8127], [100.5435, 13.8131], [100.5435, 13.8134], [100.5436, 13.8138], [100.5437, 13.8141], [100.5438, 13.8145], [100.5438, 13.8146], [100.5439, 13.8148], [100.544, 13.8151], [100.5441, 13.8155], [100.5443, 13.8158], [100.5445, 13.8163], [100.5447, 13.8171], [100.5448, 13.8174], [100.5449, 13.8176], [100.545, 13.8179], [100.545, 13.8182], [100.5449, 13.8184], [100.5449, 13.8186], [100.5448, 13.8188], [100.5447, 13.8191], [100.5445, 13.8195], [100.5443, 13.8197], [100.5442, 13.8199], [100.544, 13.8202], [100.5439, 13.8202], [100.5439, 13.8203], [100.5437, 13.8204], [100.5435, 13.8206], [100.5432, 13.8207], [100.543, 13.8208], [100.543, 13.8209], [100.5429, 13.8209], [100.5427, 13.821], [100.5425, 13.8211], [100.5422, 13.8211], [100.5418, 13.8212], [100.541, 13.8213], [100.5404, 13.8213], [100.5402, 13.8214], [100.5398, 13.8214], [100.5394, 13.8214], [100.5387, 13.8215], [100.5376, 13.8216], [100.5372, 13.8216], [100.5372, 13.822], [100.5376, 13.8236], [100.538, 13.8254], [100.5382, 13.8263], [100.5383, 13.8266], [100.5384, 13.827], [100.5384, 13.827], [100.5385, 13.8274], [100.5386, 13.8278], [100.5387, 13.8284], [100.5388, 13.829], [100.539, 13.8297], [100.5391, 13.83], [100.5392, 13.8304], [100.5392, 13.8307], [100.5394, 13.8313], [100.5395, 13.8319], [100.5396, 13.8323], [100.5397, 13.8325], [100.5398, 13.8331], [100.5399, 13.8334], [100.5399, 13.8339], [100.5401, 13.8343], [100.5401, 13.8346], [100.5403, 13.8352], [100.5404, 13.8356], [100.5405, 13.8361], [100.5406, 13.8368], [100.5408, 13.8373], [100.5408, 13.8376], [100.5409, 13.8377], [100.541, 13.8383], [100.5412, 13.8389], [100.5413, 13.8395], [100.5414, 13.84], [100.5415, 13.8404], [100.5416, 13.8409], [100.5418, 13.8415], [100.5419, 13.8418], [100.5419, 13.8422], [100.542, 13.8425], [100.5421, 13.8428], [100.5422, 13.8432], [100.5423, 13.8435], [100.5423, 13.8439], [100.5424, 13.844], [100.5425, 13.8444], [100.5426, 13.8448], [100.5426, 13.8451], [100.5427, 13.8455], [100.5428, 13.8458], [100.5429, 13.8461], [100.543, 13.8466], [100.5431, 13.8472], [100.5432, 13.8477], [100.5434, 13.8482], [100.5435, 13.8487], [100.5436, 13.8492], [100.5437, 13.8496], [100.5437, 13.8497], [100.5435, 13.8495], [100.5433, 13.8494], [100.543, 13.8493], [100.5428, 13.8492], [100.5425, 13.8491], [100.5423, 13.849], [100.5421, 13.8489], [100.5419, 13.8489], [100.5418, 13.8488], [100.5416, 13.8488], [100.5414, 13.8487], [100.5409, 13.8484], [100.5406, 13.8483], [100.5402, 13.8481], [100.5399, 13.848], [100.5396, 13.8478], [100.5392, 13.8476], [100.539, 13.8476], [100.5388, 13.8475], [100.5385, 13.8474], [100.5382, 13.8472], [100.538, 13.8471], [100.5378, 13.8469], [100.5377, 13.8468], [100.5375, 13.8466], [100.5374, 13.8466], [100.5372, 13.8465], [100.5371, 13.8465], [100.537, 13.8465], [100.5369, 13.8464], [100.5368, 13.8464], [100.5366, 13.8463], [100.5364, 13.8462], [100.5363, 13.8462], [100.5361, 13.8461], [100.5358, 13.8458], [100.5356, 13.8456], [100.5354, 13.8455], [100.5353, 13.8453], [100.5352, 13.8452], [100.5351, 13.8451], [100.5351, 13.8451], [100.535, 13.845], [100.5348, 13.8449], [100.5346, 13.8447], [100.5346, 13.8447], [100.5344, 13.8446], [100.5343, 13.8445], [100.5341, 13.8444], [100.534, 13.8443], [100.5338, 13.8441], [100.5337, 13.844], [100.5335, 13.8438], [100.5334, 13.8437], [100.5333, 13.8434], [100.533, 13.8433], [100.5328, 13.8432], [100.5327, 13.8431], [100.5323, 13.8427], [100.532, 13.8423], [100.5319, 13.8422], [100.5317, 13.8421], [100.5314, 13.8419], [100.5312, 13.8418], [100.531, 13.8416], [100.5308, 13.8414], [100.5306, 13.8411], [100.5303, 13.8409], [100.5301, 13.8408], [100.53, 13.8406], [100.5298, 13.8405], [100.5298, 13.8404], [100.5294, 13.8401], [100.529, 13.8398], [100.5283, 13.8391], [100.528, 13.8389], [100.5277, 13.8385], [100.5274, 13.8383], [100.5269, 13.8379], [100.5267, 13.8377], [100.5267, 13.8377], [100.5263, 13.8374], [100.5261, 13.8372], [100.5259, 13.8371], [100.5257, 13.8369], [100.5255, 13.8368], [100.5253, 13.8366], [100.5251, 13.8365], [100.5249, 13.8362], [100.5246, 13.8359], [100.5243, 13.8357], [100.5241, 13.8356], [100.5239, 13.8354], [100.5236, 13.8352], [100.5235, 13.8351], [100.5234, 13.8349], [100.5233, 13.8348], [100.5232, 13.8347], [100.5231, 13.8347], [100.523, 13.8346], [100.5229, 13.8346], [100.5228, 13.8345], [100.5227, 13.8344], [100.5227, 13.8343], [100.5226, 13.8342], [100.5225, 13.8341], [100.5224, 13.834], [100.5223, 13.8339], [100.5222, 13.8338], [100.5219, 13.8336], [100.5218, 13.8334], [100.5216, 13.8333], [100.5216, 13.8333], [100.5215, 13.8332], [100.5214, 13.8331], [100.5212, 13.8329], [100.5211, 13.8328], [100.5208, 13.8326], [100.5207, 13.8324], [100.5205, 13.8322], [100.5204, 13.8321], [100.5202, 13.832], [100.5201, 13.8319], [100.5198, 13.8317], [100.5197, 13.8316], [100.5196, 13.8316], [100.5194, 13.8314], [100.5191, 13.8311], [100.519, 13.831], [100.5188, 13.8308], [100.5187, 13.8307], [100.5187, 13.8306], [100.5185, 13.8306], [100.5184, 13.8305], [100.5182, 13.8303], [100.5179, 13.8301], [100.5176, 13.8299], [100.5174, 13.8297], [100.5172, 13.8296], [100.5169, 13.8292], [100.5165, 13.829], [100.5164, 13.8289], [100.516, 13.8287], [100.5159, 13.8286], [100.5159, 13.8285], [100.5158, 13.8282], [100.5158, 13.8279], [100.5158, 13.8276], [100.5157, 13.8275], [100.5155, 13.8272], [100.5153, 13.8271], [100.5151, 13.827], [100.5148, 13.8269], [100.5146, 13.8269], [100.5143, 13.8267], [100.5139, 13.8265], [100.5138, 13.8265], [100.5135, 13.8264], [100.5133, 13.8262], [100.5132, 13.8262], [100.5131, 13.826], [100.5131, 13.8258], [100.5131, 13.8256], [100.5131, 13.8255], [100.5131, 13.8255], [100.5131, 13.8253], [100.5131, 13.8253], [100.5131, 13.8251], [100.5131, 13.825], [100.5131, 13.8249], [100.5131, 13.8248], [100.5131, 13.8248], [100.513, 13.8248], [100.513, 13.8247], [100.5129, 13.8247], [100.5129, 13.8247], [100.5128, 13.8248], [100.5128, 13.8249], [100.5127, 13.825], [100.5125, 13.8254], [100.5124, 13.8255], [100.5124, 13.8255], [100.5123, 13.8257], [100.5122, 13.8259], [100.5121, 13.826], [100.512, 13.8261], [100.5119, 13.8261], [100.5119, 13.8261], [100.5117, 13.8262], [100.5115, 13.8262], [100.5113, 13.8262], [100.5112, 13.8263], [100.5111, 13.8263], [100.511, 13.8262], [100.511, 13.8262], [100.511, 13.8262], [100.5109, 13.8261], [100.5109, 13.8259], [100.5109, 13.8257], [100.5109, 13.8255], [100.5108, 13.8254], [100.5108, 13.8254], [100.5108, 13.8253], [100.5107, 13.8253], [100.5107, 13.8252], [100.5106, 13.8252], [100.5106, 13.8252], [100.5105, 13.8252], [100.5104, 13.8253], [100.5103, 13.8253], [100.5101, 13.8254], [100.5098, 13.8255], [100.5095, 13.8256], [100.5095, 13.8256], [100.5094, 13.8256], [100.5093, 13.8255], [100.5093, 13.8255], [100.5092, 13.8253], [100.5092, 13.8252], [100.5092, 13.8251], [100.5092, 13.825], [100.5093, 13.8248], [100.5094, 13.8247], [100.5096, 13.8246], [100.5097, 13.8246], [100.5099, 13.8245], [100.5101, 13.8245], [100.5101, 13.8244], [100.5102, 13.8243], [100.5102, 13.8243], [100.5102, 13.8242], [100.5101, 13.8241], [100.5099, 13.8239], [100.5098, 13.8238], [100.5096, 13.8236], [100.5095, 13.8236], [100.5092, 13.8235], [100.5089, 13.8235], [100.5086, 13.8234], [100.5084, 13.8232], [100.5083, 13.8232], [100.5082, 13.8231], [100.508, 13.823], [100.5079, 13.823], [100.5078, 13.8229], [100.5077, 13.8229], [100.5077, 13.8228], [100.5076, 13.8227], [100.5076, 13.8225], [100.5075, 13.8224], [100.5076, 13.8222], [100.5076, 13.8219], [100.5076, 13.8218], [100.5076, 13.8216], [100.5075, 13.8215], [100.5073, 13.8213], [100.5071, 13.8212], [100.5071, 13.8211], [100.507, 13.8209], [100.5068, 13.8203], [100.5066, 13.8198], [100.5064, 13.8195], [100.5063, 13.8193], [100.5063, 13.8192], [100.5063, 13.8191], [100.5064, 13.8189], [100.5065, 13.8185], [100.5067, 13.8181], [100.5069, 13.8176], [100.5071, 13.8172], [100.5073, 13.8163], [100.5085, 13.8161], [100.5094, 13.8158], [100.5102, 13.8156], [100.5104, 13.8155]]]}, "properties": {"DISTRICT_N": "บางซื่อ", "CODE": 1029, "AREA_BMA": 11.54500008}}, {"type": "Feature", "geometry": {"type": "Polygon", "coordinates": [[[100.5948, 13.764], [100.5948, 13.7642], [100.5948, 13.7644], [100.5949, 13.7645], [100.5949, 13.765], [100.5949, 13.7652], [100.5949, 13.7654], [100.5948, 13.7661], [100.5947, 13.7664], [100.5947, 13.7666], [100.5944, 13.7671], [100.5943, 13.7675], [100.5942, 13.7679], [100.5939, 13.7685], [100.5938, 13.769], [100.5937, 13.7696], [100.5936, 13.7702], [100.5936, 13.7705], [100.5934, 13.7712], [100.5933, 13.7716], [100.5932, 13.7723], [100.5932, 13.7726], [100.5931, 13.7733], [100.5931, 13.7738], [100.5932, 13.7744], [100.5932, 13.7747], [100.5932, 13.7749], [100.5933, 13.7751], [100.5934, 13.7753], [100.5934, 13.7756], [100.5935, 13.7763], [100.5936, 13.7766], [100.5936, 13.7769], [100.5936, 13.7771], [100.5936, 13.7775], [100.5936, 13.7778], [100.5936, 13.7781], [100.5936, 13.7786], [100.5936, 13.7789], [100.5936, 13.7791], [100.5935, 13.7794], [100.5935, 13.7796], [100.5934, 13.7798], [100.5932, 13.7802], [100.5929, 13.7805], [100.5928, 13.7808], [100.5924, 13.7812], [100.5922, 13.7816], [100.592, 13.782], [100.5919, 13.7823], [100.5918, 13.7827], [100.5917, 13.783], [100.5916, 13.7833], [100.5915, 13.7837], [100.5913, 13.784], [100.5912, 13.7842], [100.5909, 13.7848], [100.5907, 13.7854], [100.5907, 13.7854], [100.5906, 13.7854], [100.5906, 13.7854], [100.5906, 13.7855], [100.5906, 13.7855], [100.5905, 13.7857], [100.5903, 13.7861], [100.5903, 13.7863], [100.5902, 13.7864], [100.5902, 13.7865], [100.5902, 13.7866], [100.5901, 13.7868], [100.5901, 13.7871], [100.5901, 13.7873], [100.59, 13.7876], [100.5901, 13.7879], [100.5901, 13.788], [100.59, 13.7882], [100.5901, 13.7885], [100.5901, 13.7887], [100.5901, 13.789], [100.5901, 13.7891], [100.5901, 13.7891], [100.5901, 13.7892], [100.5901, 13.7893], [100.5901, 13.7894], [100.5901, 13.7895], [100.5901, 13.7897], [100.59, 13.7898], [100.59, 13.79], [100.5899, 13.7901], [100.5899, 13.7903], [100.5898, 13.7905], [100.5897, 13.7909], [100.5897, 13.7911], [100.5896, 13.7911], [100.5896, 13.7914], [100.5895, 13.792], [100.5895, 13.792], [100.5895, 13.7921], [100.5895, 13.7926], [100.5895, 13.7928], [100.5895, 13.793], [100.5894, 13.7931], [100.5894, 13.7932], [100.5894, 13.7932], [100.5894, 13.7933], [100.5894, 13.7933], [100.5894, 13.7934], [100.5894, 13.7934], [100.5894, 13.7935], [100.5894, 13.7937], [100.5894, 13.7937], [100.5894, 13.7938], [100.5894, 13.7938], [100.5894, 13.7939], [100.5894, 13.7939], [100.5894, 13.794], [100.5894, 13.794], [100.5894, 13.794], [100.5894, 13.7941], [100.5894, 13.7942], [100.5894, 13.7942], [100.5894, 13.7943], [100.5894, 13.7944], [100.5894, 13.7945], [100.5894, 13.7946], [100.5894, 13.7947], [100.5894, 13.7948], [100.5894, 13.795], [100.5894, 13.7952], [100.5894, 13.7954], [100.5894, 13.7956], [100.5894, 13.7956], [100.5894, 13.7957], [100.5894, 13.7957], [100.5894, 13.7958], [100.5893, 13.7959], [100.5893, 13.7959], [100.5894, 13.796], [100.5894, 13.7961], [100.5894, 13.7962], [100.5894, 13.7962], [100.5893, 13.7963], [100.5893, 13.7964], [100.5893, 13.7966], [100.5893, 13.7966], [100.5893, 13.7967], [100.5893, 13.7967], [100.5893, 13.7969], [100.5893, 13.7971], [100.5892, 13.7971], [100.5892, 13.7972], [100.5892, 13.7972], [100.5891, 13.7978], [100.5891, 13.7979], [100.5891, 13.798], [100.5891, 13.798], [100.5891, 13.7984], [100.5891, 13.7985], [100.5891, 13.7985], [100.5891, 13.7986], [100.5891, 13.7987], [100.5891, 13.7988], [100.5891, 13.7988], [100.5891, 13.7991], [100.5891, 13.7994], [100.5891, 13.7996], [100.5891, 13.8002], [100.5891, 13.8003], [100.5891, 13.8003], [100.589, 13.8004], [100.589, 13.8004], [100.589, 13.8005], [100.589, 13.8006], [100.5889, 13.8008], [100.5889, 13.8008], [100.5889, 13.8009], [100.5889, 13.8009], [100.5889, 13.801], [100.5888, 13.8011], [100.5888, 13.8012], [100.5888, 13.8013], [100.5888, 13.8014], [100.5888, 13.8014], [100.5888, 13.8015], [100.5888, 13.8016], [100.5887, 13.8021], [100.5886, 13.8024], [100.5885, 13.8025], [100.5885, 13.8027], [100.5885, 13.8027], [100.5885, 13.8027], [100.5885, 13.8028], [100.5884, 13.8028], [100.5884, 13.8028], [100.5883, 13.8028], [100.5883, 13.8028], [100.5883, 13.8029], [100.5883, 13.803], [100.5882, 13.8031], [100.588, 13.8031], [100.588, 13.8031], [100.5879, 13.8031], [100.5877, 13.8031], [100.5874, 13.803], [100.5873, 13.803], [100.5872, 13.803], [100.5866, 13.803], [100.586, 13.8029], [100.5856, 13.8029], [100.5852, 13.8029], [100.5848, 13.8028], [100.5847, 13.8028], [100.5846, 13.8028], [100.5842, 13.8028], [100.5839, 13.8028], [100.5837, 13.8028], [100.5837, 13.8029], [100.5833, 13.8029], [100.5832, 13.8029], [100.583, 13.8029], [100.5826, 13.8029], [100.5824, 13.8028], [100.582, 13.8028], [100.5819, 13.8028], [100.5817, 13.8027], [100.5816, 13.8027], [100.5815, 13.8026], [100.5813, 13.8025], [100.5812, 13.8024], [100.5811, 13.8023], [100.581, 13.8022], [100.5806, 13.802], [100.5806, 13.8019], [100.5804, 13.8019], [100.5804, 13.8018], [100.5803, 13.8019], [100.5801, 13.8019], [100.5799, 13.8019], [100.5798, 13.8019], [100.5797, 13.8018], [100.5796, 13.8018], [100.5793, 13.8018], [100.5791, 13.8017], [100.5789, 13.8017], [100.5789, 13.8017], [100.5788, 13.8017], [100.5787, 13.8017], [100.5787, 13.8016], [100.5786, 13.8016], [100.5784, 13.8016], [100.5783, 13.8016], [100.5781, 13.8015], [100.5779, 13.8015], [100.5776, 13.8014], [100.5776, 13.8014], [100.5775, 13.8013], [100.5774, 13.8013], [100.5773, 13.8013], [100.577, 13.8012], [100.577, 13.8012], [100.5769, 13.8012], [100.5768, 13.8012], [100.5767, 13.8012], [100.5766, 13.8013], [100.5764, 13.8013], [100.5763, 13.8014], [100.5762, 13.8014], [100.5761, 13.8014], [100.5759, 13.8014], [100.5756, 13.8014], [100.5755, 13.8014], [100.5754, 13.8014], [100.5754, 13.8014], [100.5754, 13.8013], [100.5753, 13.8013], [100.5749, 13.8011], [100.5749, 13.8011], [100.5749, 13.801], [100.5749, 13.8009], [100.5749, 13.8004], [100.5749, 13.8003], [100.5749, 13.7998], [100.5748, 13.7996], [100.5748, 13.7991], [100.5748, 13.7988], [100.5748, 13.7986], [100.5748, 13.7979], [100.5748, 13.7979], [100.5747, 13.7972], [100.5747, 13.7971], [100.5747, 13.7968], [100.5747, 13.7965], [100.5747, 13.7962], [100.5747, 13.7957], [100.5746, 13.7951], [100.5746, 13.7946], [100.5746, 13.7939], [100.5746, 13.7933], [100.5745, 13.7929], [100.5745, 13.7926], [100.5745, 13.7922], [100.5745, 13.7915], [100.5745, 13.7914], [100.5744, 13.791], [100.5744, 13.7901], [100.5744, 13.7898], [100.5744, 13.7897], [100.5744, 13.7896], [100.5744, 13.7894], [100.5743, 13.7894], [100.5743, 13.7889], [100.5743, 13.7881], [100.5742, 13.7875], [100.5742, 13.7874], [100.5742, 13.7871], [100.5742, 13.7857], [100.5741, 13.7856], [100.5741, 13.7849], [100.5741, 13.7847], [100.5741, 13.7845], [100.5741, 13.7844], [100.5741, 13.7843], [100.5741, 13.7839], [100.5741, 13.7836], [100.574, 13.7832], [100.574, 13.7831], [100.574, 13.7831], [100.574, 13.783], [100.574, 13.7826], [100.574, 13.7823], [100.574, 13.7819], [100.574, 13.7818], [100.574, 13.7818], [100.574, 13.7815], [100.574, 13.7815], [100.5739, 13.7812], [100.5739, 13.7811], [100.5739, 13.7811], [100.5739, 13.7805], [100.5739, 13.7803], [100.5739, 13.7802], [100.5739, 13.7801], [100.5739, 13.7797], [100.5739, 13.7797], [100.5739, 13.7793], [100.5739, 13.7793], [100.5739, 13.7793], [100.5739, 13.7789], [100.5738, 13.7789], [100.5738, 13.7786], [100.5738, 13.7784], [100.5738, 13.7779], [100.5738, 13.7776], [100.5738, 13.7773], [100.5738, 13.7769], [100.5737, 13.7766], [100.5737, 13.7763], [100.5737, 13.7761], [100.5737, 13.7759], [100.5737, 13.7758], [100.5737, 13.7754], [100.5737, 13.7752], [100.5737, 13.7751], [100.5737, 13.7749], [100.5736, 13.7746], [100.5736, 13.7742], [100.5736, 13.774], [100.5736, 13.7737], [100.5736, 13.7733], [100.5736, 13.773], [100.5735, 13.7727], [100.5735, 13.7726], [100.5735, 13.7725], [100.5735, 13.7724], [100.5735, 13.7722], [100.5735, 13.7721], [100.5735, 13.772], [100.5735, 13.7716], [100.5735, 13.7713], [100.5734, 13.771], [100.5734, 13.7708], [100.5733, 13.7706], [100.5733, 13.7704], [100.5732, 13.7702], [100.5731, 13.7698], [100.573, 13.7696], [100.5727, 13.7691], [100.5726, 13.7689], [100.5725, 13.7688], [100.5725, 13.7687], [100.5723, 13.7684], [100.572, 13.7681], [100.5718, 13.7678], [100.5714, 13.7673], [100.5712, 13.767], [100.5711, 13.7668], [100.571, 13.7668], [100.5709, 13.7667], [100.5707, 13.7663], [100.5704, 13.766], [100.5704, 13.7659], [100.5703, 13.7658], [100.57, 13.7655], [100.5698, 13.7652], [100.5698, 13.7652], [100.5697, 13.765], [100.5695, 13.7648], [100.5692, 13.7644], [100.5691, 13.7643], [100.569, 13.7642], [100.5689, 13.764], [100.5686, 13.7637], [100.5684, 13.7634], [100.5682, 13.7631], [100.5679, 13.7628], [100.5679, 13.7627], [100.5676, 13.7624], [100.5675, 13.7623], [100.5674, 13.762], [100.5673, 13.762], [100.5672, 13.7619], [100.5669, 13.7614], [100.5668, 13.7613], [100.5667, 13.7611], [100.5666, 13.7609], [100.5666, 13.7609], [100.5665, 13.7606], [100.5663, 13.7604], [100.5662, 13.7601], [100.5661, 13.7599], [100.5661, 13.7598], [100.566, 13.7596], [100.566, 13.7593], [100.5659, 13.7593], [100.5659, 13.7593], [100.5659, 13.759], [100.5656, 13.7578], [100.5656, 13.7578], [100.5656, 13.7577], [100.5655, 13.7577], [100.5653, 13.7567], [100.5653, 13.7564], [100.565, 13.7556], [100.5649, 13.7551], [100.5649, 13.7551], [100.5648, 13.7548], [100.5648, 13.7547], [100.5648, 13.7546], [100.5647, 13.7543], [100.5647, 13.7543], [100.5646, 13.7539], [100.5646, 13.7539], [100.5645, 13.7533], [100.5645, 13.7532], [100.5644, 13.7528], [100.5644, 13.7527], [100.5643, 13.7525], [100.5643, 13.7525], [100.5643, 13.7524], [100.5641, 13.7517], [100.5641, 13.7517], [100.5641, 13.7516], [100.5638, 13.7502], [100.5636, 13.7492], [100.5634, 13.7486], [100.5633, 13.7483], [100.5632, 13.7479], [100.5633, 13.7478], [100.5636, 13.7478], [100.5638, 13.7478], [100.5639, 13.7478], [100.5643, 13.7477], [100.5645, 13.7477], [100.5645, 13.7477], [100.5647, 13.7477], [100.5648, 13.7477], [100.5651, 13.7476], [100.5654, 13.7476], [100.5656, 13.7475], [100.5657, 13.7475], [100.566, 13.7474], [100.5664, 13.7473], [100.5666, 13.7472], [100.5669, 13.7472], [100.5673, 13.7471], [100.5675, 13.747], [100.5678, 13.747], [100.5682, 13.7469], [100.5685, 13.7469], [100.5688, 13.7468], [100.5688, 13.7469], [100.5689, 13.7469], [100.5689, 13.7468], [100.5689, 13.7468], [100.569, 13.7468], [100.569, 13.7468], [100.5691, 13.7468], [100.5691, 13.7468], [100.5693, 13.7468], [100.5695, 13.7467], [100.5698, 13.7467], [100.5702, 13.7466], [100.5703, 13.7466], [100.5705, 13.7465], [100.5705, 13.7466], [100.5706, 13.7466], [100.5706, 13.7465], [100.5707, 13.7465], [100.5708, 13.7465], [100.571, 13.7464], [100.5714, 13.7464], [100.5716, 13.7464], [100.5719, 13.7463], [100.5721, 13.7463], [100.5723, 13.7463], [100.5726, 13.7462], [100.5729, 13.7461], [100.573, 13.7461], [100.5732, 13.7461], [100.5737, 13.7459], [100.5739, 13.7458], [100.5743, 13.7457], [100.5746, 13.7457], [100.5747, 13.7457], [100.5749, 13.7456], [100.5751, 13.7456], [100.5754, 13.7456], [100.5759, 13.7455], [100.5765, 13.7454], [100.5772, 13.7452], [100.5777, 13.7451], [100.578, 13.7451], [100.5781, 13.745], [100.5784, 13.745], [100.5786, 13.7449], [100.5787, 13.7449], [100.5788, 13.7449], [100.5789, 13.7449], [100.579, 13.7448], [100.5791, 13.7448], [100.5792, 13.7448], [100.5793, 13.7448], [100.5795, 13.7448], [100.5796, 13.7448], [100.5796, 13.7447], [100.5797, 13.7447], [100.5797, 13.7447], [100.5797, 13.7447], [100.5798, 13.7447], [100.5798, 13.7447], [100.5801, 13.7446], [100.5801, 13.7446], [100.5802, 13.7446], [100.5806, 13.7446], [100.582, 13.7441], [100.5835, 13.7438], [100.5844, 13.7435], [100.5846, 13.7435], [100.5849, 13.7434], [100.5853, 13.7433], [100.5857, 13.7433], [100.586, 13.7432], [100.5867, 13.7431], [100.5877, 13.7429], [100.5878, 13.7429], [100.5888, 13.7427], [100.5895, 13.7425], [100.5898, 13.7425], [100.5906, 13.7423], [100.5917, 13.7421], [100.5923, 13.742], [100.5928, 13.7419], [100.5937, 13.7418], [100.5948, 13.7416], [100.5952, 13.7415], [100.596, 13.7413], [100.5966, 13.7412], [100.5967, 13.7412], [100.5967, 13.7412], [100.5967, 13.7412], [100.597, 13.7412], [100.5973, 13.7412], [100.5976, 13.7412], [100.5982, 13.741], [100.5981, 13.7411], [100.5981, 13.7412], [100.5981, 13.7412], [100.5981, 13.7413], [100.5982, 13.7415], [100.5983, 13.7417], [100.5986, 13.7422], [100.5987, 13.7427], [100.5988, 13.743], [100.599, 13.7434], [100.599, 13.7435], [100.5991, 13.7435], [100.5991, 13.7435], [100.5992, 13.7436], [100.5993, 13.7437], [100.5993, 13.7437], [100.5991, 13.7437], [100.5991, 13.7437], [100.5993, 13.7441], [100.5995, 13.7447], [100.5997, 13.7453], [100.5998, 13.7457], [100.5999, 13.7461], [100.6, 13.7464], [100.6002, 13.747], [100.6003, 13.7472], [100.6004, 13.7473], [100.6006, 13.7474], [100.6008, 13.7476], [100.601, 13.7478], [100.6011, 13.7479], [100.6012, 13.748], [100.601, 13.7481], [100.6011, 13.7483], [100.6016, 13.7487], [100.602, 13.7491], [100.6024, 13.7496], [100.6027, 13.7498], [100.603, 13.7502], [100.6035, 13.7507], [100.6038, 13.7509], [100.6038, 13.751], [100.6041, 13.7512], [100.6041, 13.7512], [100.604, 13.7512], [100.6039, 13.7515], [100.6037, 13.7516], [100.6037, 13.7517], [100.6035, 13.7519], [100.6032, 13.7522], [100.6028, 13.7525], [100.6025, 13.7528], [100.6024, 13.753], [100.6021, 13.7532], [100.6017, 13.7536], [100.6014, 13.7539], [100.6012, 13.7541], [100.6008, 13.7545], [100.6004, 13.7549], [100.5999, 13.7554], [100.5994, 13.7558], [100.5994, 13.7558], [100.5993, 13.7559], [100.5992, 13.7561], [100.5991, 13.7562], [100.599, 13.7563], [100.5989, 13.7565], [100.5988, 13.7565], [100.5988, 13.7565], [100.5985, 13.7567], [100.5982, 13.7569], [100.5979, 13.7572], [100.5977, 13.7575], [100.5976, 13.7578], [100.5973, 13.7583], [100.5971, 13.7587], [100.5969, 13.759], [100.5969, 13.7591], [100.5967, 13.7594], [100.596, 13.7606], [100.5954, 13.7614], [100.5952, 13.7619], [100.5951, 13.7621], [100.5951, 13.7622], [100.595, 13.7622], [100.5949, 13.7625], [100.5948, 13.7631], [100.5947, 13.7633], [100.5947, 13.7635], [100.5947, 13.7637], [100.5948, 13.7638], [100.5948, 13.764], [100.5948, 13.764]]]}, "properties": {"DISTRICT_N": "ห้วยขวาง", "CODE": 1017, "AREA_BMA": 15.03299999}}, {"type": "Feature", "geometry": {"type": "Polygon", "coordinates": [[[100.616, 13.706], [100.616, 13.7061], [100.616, 13.7065], [100.616, 13.7067], [100.616, 13.7068], [100.616, 13.7069], [100.6159, 13.7068], [100.6158, 13.7068], [100.6153, 13.7066], [100.6148, 13.7065], [100.6142, 13.7064], [100.6139, 13.7063], [100.6139, 13.7063], [100.6137, 13.7063], [100.6133, 13.7063], [100.6128, 13.7063], [100.6124, 13.7062], [100.6121, 13.7062], [100.6118, 13.7062], [100.6114, 13.7061], [100.6112, 13.706], [100.6111, 13.706], [100.611, 13.706], [100.6109, 13.7059], [100.6108, 13.7059], [100.6107, 13.7059], [100.6102, 13.7058], [100.61, 13.7058], [100.6099, 13.7058], [100.6097, 13.7058], [100.6096, 13.7058], [100.6094, 13.7059], [100.6093, 13.7059], [100.6092, 13.7059], [100.6091, 13.7059], [100.6089, 13.7059], [100.6087, 13.7059], [100.6085, 13.7059], [100.6083, 13.7058], [100.6081, 13.7058], [100.6078, 13.7057], [100.6074, 13.7056], [100.607, 13.7055], [100.6067, 13.7054], [100.6066, 13.7054], [100.6064, 13.7053], [100.6063, 13.7055], [100.6063, 13.7056], [100.6062, 13.7056], [100.6062, 13.7057], [100.6063, 13.7057], [100.6063, 13.7058], [100.6063, 13.7058], [100.6063, 13.7059], [100.6062, 13.7059], [100.6062, 13.706], [100.6061, 13.7061], [100.606, 13.7061], [100.606, 13.7062], [100.6058, 13.7065], [100.6058, 13.7065], [100.6057, 13.7065], [100.6052, 13.7062], [100.605, 13.7062], [100.604, 13.7058], [100.604, 13.7057], [100.6038, 13.7057], [100.6036, 13.7055], [100.6034, 13.7055], [100.6033, 13.7054], [100.6032, 13.7054], [100.6031, 13.7054], [100.603, 13.7053], [100.6029, 13.7052], [100.6029, 13.7052], [100.6027, 13.7052], [100.6025, 13.705], [100.602, 13.7048], [100.6018, 13.7047], [100.6017, 13.7047], [100.6016, 13.7047], [100.6014, 13.7046], [100.6008, 13.7043], [100.6006, 13.7042], [100.6002, 13.7041], [100.5999, 13.7039], [100.5998, 13.7039], [100.5981, 13.703], [100.5978, 13.7029], [100.5929, 13.7004], [100.5928, 13.7004], [100.59, 13.699], [100.5856, 13.6968], [100.5843, 13.6961], [100.5856, 13.6945], [100.5867, 13.6933], [100.5872, 13.6925], [100.5877, 13.6918], [100.588, 13.6912], [100.5884, 13.6905], [100.5888, 13.6897], [100.589, 13.6888], [100.589, 13.6881], [100.5893, 13.6871], [100.5893, 13.6864], [100.5893, 13.6856], [100.5891, 13.6845], [100.5887, 13.6833], [100.5887, 13.683], [100.5897, 13.6829], [100.5903, 13.6827], [100.5904, 13.6827], [100.5908, 13.6826], [100.5912, 13.6824], [100.592, 13.6822], [100.5922, 13.6822], [100.5925, 13.6821], [100.5927, 13.682], [100.5928, 13.682], [100.593, 13.682], [100.5931, 13.682], [100.5932, 13.682], [100.5933, 13.6819], [100.5934, 13.6819], [100.5936, 13.6819], [100.5936, 13.6818], [100.5937, 13.6818], [100.5939, 13.6818], [100.594, 13.6818], [100.5942, 13.6818], [100.5942, 13.6818], [100.5945, 13.6817], [100.5954, 13.6815], [100.5968, 13.681], [100.598, 13.6806], [100.5981, 13.6806], [100.5982, 13.6805], [100.5989, 13.6803], [100.5991, 13.6802], [100.5993, 13.6801], [100.5993, 13.6801], [100.5995, 13.6801], [100.5997, 13.6801], [100.5999, 13.6801], [100.6001, 13.68], [100.6002, 13.68], [100.6003, 13.68], [100.6004, 13.68], [100.6007, 13.6801], [100.6015, 13.6803], [100.6019, 13.6804], [100.6023, 13.6805], [100.6028, 13.6807], [100.6032, 13.6808], [100.6038, 13.681], [100.6044, 13.6811], [100.6047, 13.6812], [100.605, 13.6814], [100.6056, 13.6818], [100.6064, 13.6822], [100.6068, 13.6824], [100.6069, 13.6824], [100.6069, 13.6825], [100.607, 13.6825], [100.6071, 13.6824], [100.6073, 13.6824], [100.6074, 13.6822], [100.6075, 13.6821], [100.6075, 13.6822], [100.6078, 13.6824], [100.6082, 13.6827], [100.6084, 13.6829], [100.6086, 13.683], [100.6089, 13.6832], [100.6091, 13.6834], [100.6101, 13.6841], [100.6104, 13.6842], [100.6106, 13.6843], [100.6107, 13.6843], [100.6108, 13.6843], [100.6108, 13.6843], [100.6108, 13.6843], [100.6108, 13.6843], [100.6108, 13.6843], [100.6109, 13.6843], [100.6109, 13.6843], [100.6117, 13.6843], [100.6127, 13.6843], [100.6128, 13.6843], [100.6131, 13.6843], [100.6134, 13.6843], [100.6135, 13.6843], [100.6136, 13.6843], [100.6141, 13.6843], [100.6142, 13.6843], [100.6147, 13.6843], [100.6154, 13.6844], [100.6155, 13.6844], [100.6157, 13.6844], [100.6163, 13.6844], [100.6163, 13.6844], [100.6166, 13.6844], [100.617, 13.6844], [100.617, 13.6844], [100.6172, 13.6844], [100.6176, 13.6844], [100.6177, 13.6844], [100.6181, 13.6844], [100.6182, 13.6844], [100.6184, 13.6844], [100.6186, 13.6844], [100.6186, 13.6844], [100.619, 13.6844], [100.619, 13.6844], [100.6191, 13.6844], [100.6195, 13.6844], [100.6195, 13.6844], [100.6199, 13.6844], [100.6199, 13.6844], [100.6205, 13.6844], [100.6205, 13.6844], [100.6208, 13.6844], [100.6221, 13.6844], [100.6223, 13.6844], [100.6228, 13.6832], [100.6229, 13.683], [100.623, 13.6825], [100.6233, 13.6819], [100.6236, 13.6812], [100.6238, 13.6805], [100.6242, 13.6796], [100.6245, 13.6789], [100.6246, 13.6785], [100.6252, 13.6784], [100.6262, 13.6784], [100.6267, 13.6784], [100.6267, 13.6784], [100.6271, 13.6784], [100.6271, 13.6784], [100.6272, 13.6784], [100.6277, 13.6784], [100.6277, 13.6784], [100.6283, 13.6783], [100.6293, 13.6783], [100.6304, 13.6782], [100.6308, 13.6782], [100.6309, 13.6782], [100.6314, 13.6782], [100.6314, 13.6782], [100.6321, 13.6782], [100.6328, 13.6782], [100.6331, 13.6781], [100.6335, 13.6781], [100.6335, 13.6781], [100.634, 13.6781], [100.6344, 13.6781], [100.6344, 13.6781], [100.6351, 13.6781], [100.6358, 13.6781], [100.6365, 13.678], [100.6372, 13.678], [100.6375, 13.678], [100.6376, 13.678], [100.6383, 13.678], [100.6395, 13.678], [100.6395, 13.678], [100.6402, 13.678], [100.6402, 13.678], [100.6401, 13.6783], [100.6401, 13.6784], [100.6401, 13.6786], [100.6401, 13.6787], [100.64, 13.6788], [100.64, 13.6789], [100.64, 13.6789], [100.64, 13.6791], [100.64, 13.6791], [100.6399, 13.6792], [100.6399, 13.6793], [100.6399, 13.6793], [100.6399, 13.6794], [100.6399, 13.6794], [100.6399, 13.6795], [100.6398, 13.6795], [100.6398, 13.6796], [100.6398, 13.6796], [100.6398, 13.6797], [100.6398, 13.6797], [100.6398, 13.6798], [100.6398, 13.6798], [100.6397, 13.6799], [100.6397, 13.6801], [100.6397, 13.6801], [100.6397, 13.6802], [100.6396, 13.6802], [100.6396, 13.6802], [100.6396, 13.6802], [100.6396, 13.6803], [100.6396, 13.6803], [100.6396, 13.6803], [100.6396, 13.6803], [100.6396, 13.6804], [100.6395, 13.6805], [100.6395, 13.6806], [100.6395, 13.6806], [100.6395, 13.6807], [100.6395, 13.6807], [100.6395, 13.6808], [100.6395, 13.6809], [100.6395, 13.6811], [100.6394, 13.6814], [100.6394, 13.6816], [100.6394, 13.682], [100.6394, 13.6822], [100.6393, 13.6824], [100.6392, 13.6828], [100.6392, 13.6829], [100.6391, 13.6832], [100.6391, 13.6834], [100.6391, 13.6836], [100.6391, 13.6839], [100.6391, 13.684], [100.639, 13.6841], [100.6389, 13.6846], [100.6389, 13.6846], [100.6389, 13.6847], [100.6388, 13.6849], [100.6388, 13.6849], [100.6388, 13.685], [100.6388, 13.685], [100.6387, 13.6851], [100.6387, 13.6851], [100.6387, 13.6851], [100.6387, 13.6851], [100.6387, 13.6852], [100.6387, 13.6852], [100.6387, 13.6853], [100.6387, 13.6854], [100.6387, 13.6854], [100.6387, 13.6854], [100.6387, 13.6855], [100.6387, 13.6855], [100.6387, 13.6855], [100.6387, 13.6856], [100.6386, 13.6859], [100.6386, 13.6864], [100.6385, 13.6868], [100.6384, 13.6873], [100.6383, 13.6878], [100.6382, 13.6882], [100.6382, 13.6885], [100.6382, 13.6886], [100.6382, 13.6886], [100.6382, 13.6887], [100.6381, 13.6888], [100.6381, 13.6888], [100.6381, 13.689], [100.6381, 13.6892], [100.6381, 13.6892], [100.6381, 13.6893], [100.6381, 13.6894], [100.6381, 13.6894], [100.638, 13.6895], [100.638, 13.6895], [100.638, 13.6896], [100.638, 13.6896], [100.638, 13.6897], [100.6379, 13.6897], [100.6379, 13.69], [100.6378, 13.6904], [100.6378, 13.6907], [100.6378, 13.6909], [100.6377, 13.6909], [100.6377, 13.691], [100.6377, 13.691], [100.6377, 13.6911], [100.6377, 13.6913], [100.6377, 13.6913], [100.6377, 13.6913], [100.6377, 13.6914], [100.6377, 13.6915], [100.6376, 13.6917], [100.6376, 13.6917], [100.6376, 13.6918], [100.6376, 13.6918], [100.6376, 13.6922], [100.6376, 13.6923], [100.6376, 13.6923], [100.6376, 13.6924], [100.6375, 13.6924], [100.6375, 13.6925], [100.6375, 13.6926], [100.6375, 13.6927], [100.6375, 13.6927], [100.6375, 13.6927], [100.6375, 13.6928], [100.6375, 13.6928], [100.6375, 13.6929], [100.6375, 13.6929], [100.6374, 13.6929], [100.6374, 13.693], [100.6374, 13.693], [100.6373, 13.6934], [100.6373, 13.6936], [100.6372, 13.6939], [100.6372, 13.6941], [100.6372, 13.6941], [100.6372, 13.6944], [100.6371, 13.6948], [100.6371, 13.695], [100.6371, 13.6952], [100.6371, 13.6953], [100.637, 13.6955], [100.637, 13.6956], [100.6368, 13.6958], [100.6368, 13.6959], [100.6366, 13.6961], [100.6365, 13.6963], [100.6365, 13.6963], [100.6364, 13.6966], [100.6362, 13.6968], [100.636, 13.6972], [100.6358, 13.6976], [100.6356, 13.6979], [100.6355, 13.6982], [100.6354, 13.6983], [100.6353, 13.6985], [100.6352, 13.6985], [100.6352, 13.6986], [100.6351, 13.6987], [100.635, 13.6989], [100.6349, 13.6992], [100.6348, 13.6993], [100.6347, 13.6995], [100.6346, 13.6998], [100.6344, 13.7], [100.6344, 13.7002], [100.6342, 13.7004], [100.6342, 13.7005], [100.6341, 13.7006], [100.6341, 13.7006], [100.6341, 13.7006], [100.6341, 13.7007], [100.634, 13.7008], [100.634, 13.7009], [100.6339, 13.701], [100.6339, 13.7012], [100.6337, 13.7015], [100.6337, 13.7016], [100.6336, 13.7018], [100.6334, 13.702], [100.6333, 13.7022], [100.6332, 13.7025], [100.6331, 13.7027], [100.6329, 13.7031], [100.6322, 13.7029], [100.6318, 13.7028], [100.6314, 13.7027], [100.6309, 13.7026], [100.6307, 13.7026], [100.6306, 13.7032], [100.6306, 13.7032], [100.6305, 13.7033], [100.63, 13.7033], [100.63, 13.7033], [100.6298, 13.7032], [100.629, 13.7031], [100.6288, 13.7031], [100.6287, 13.7031], [100.6287, 13.7031], [100.6281, 13.7031], [100.6272, 13.7031], [100.6272, 13.7029], [100.6272, 13.7028], [100.6271, 13.7028], [100.6265, 13.7028], [100.6265, 13.7028], [100.6264, 13.7029], [100.6264, 13.703], [100.6261, 13.703], [100.6261, 13.703], [100.6257, 13.703], [100.6252, 13.703], [100.6252, 13.703], [100.6252, 13.7031], [100.6251, 13.7031], [100.6237, 13.7031], [100.6232, 13.7031], [100.6232, 13.7032], [100.6232, 13.7032], [100.6232, 13.7033], [100.6231, 13.7033], [100.6231, 13.7034], [100.623, 13.7035], [100.6229, 13.7035], [100.6228, 13.7036], [100.6227, 13.7036], [100.6227, 13.7036], [100.6226, 13.7036], [100.6226, 13.7037], [100.6225, 13.7037], [100.6225, 13.7038], [100.6225, 13.7038], [100.6224, 13.7041], [100.6224, 13.7043], [100.6224, 13.7047], [100.6224, 13.7049], [100.6223, 13.7049], [100.6218, 13.7049], [100.6214, 13.7048], [100.6209, 13.7048], [100.6202, 13.7046], [100.6199, 13.7045], [100.6194, 13.7044], [100.6192, 13.7044], [100.6188, 13.7044], [100.6182, 13.7043], [100.6181, 13.7042], [100.618, 13.7042], [100.6179, 13.7042], [100.6174, 13.7042], [100.6169, 13.7041], [100.6167, 13.7041], [100.6165, 13.7041], [100.6165, 13.7041], [100.6163, 13.7041], [100.6163, 13.7042], [100.6162, 13.7047], [100.6162, 13.7052], [100.6161, 13.7056], [100.616, 13.706]]]}, "properties": {"DISTRICT_N": "พระโขนง", "CODE": 1009, "AREA_BMA": 13.98900032}}, {"type": "Feature", "geometry": {"type": "Polygon", "coordinates": [[[100.4468, 13.6826], [100.4468, 13.6825], [100.4464, 13.6821], [100.446, 13.6818], [100.4457, 13.6815], [100.445, 13.6809], [100.4444, 13.6804], [100.444, 13.68], [100.4437, 13.6797], [100.4434, 13.6795], [100.4426, 13.6788], [100.442, 13.6782], [100.4418, 13.678], [100.4414, 13.6777], [100.441, 13.6773], [100.4403, 13.6767], [100.4401, 13.6765], [100.4359, 13.6728], [100.4356, 13.6725], [100.4349, 13.6719], [100.4343, 13.6713], [100.4334, 13.6705], [100.4326, 13.6698], [100.4322, 13.6694], [100.4316, 13.6689], [100.431, 13.6684], [100.4301, 13.6676], [100.4295, 13.6671], [100.4289, 13.6665], [100.4283, 13.666], [100.428, 13.6657], [100.4271, 13.6649], [100.4264, 13.6643], [100.4258, 13.6638], [100.4252, 13.6633], [100.4248, 13.6629], [100.4242, 13.6624], [100.4236, 13.6618], [100.423, 13.6613], [100.4221, 13.6604], [100.4214, 13.6599], [100.4205, 13.659], [100.4197, 13.6583], [100.4186, 13.6573], [100.4173, 13.6562], [100.4162, 13.6552], [100.415, 13.6541], [100.4142, 13.6534], [100.4133, 13.6526], [100.4124, 13.6519], [100.4114, 13.6509], [100.4107, 13.6503], [100.4102, 13.6499], [100.4093, 13.6491], [100.4083, 13.6482], [100.4079, 13.6478], [100.4078, 13.6477], [100.4074, 13.6475], [100.4064, 13.6466], [100.4062, 13.6464], [100.4059, 13.6461], [100.4057, 13.6459], [100.4053, 13.6454], [100.4051, 13.6453], [100.4047, 13.645], [100.4043, 13.6446], [100.4038, 13.6441], [100.4034, 13.6438], [100.4033, 13.6437], [100.403, 13.6434], [100.4025, 13.643], [100.4019, 13.6424], [100.4013, 13.6419], [100.4008, 13.6414], [100.4004, 13.6411], [100.4003, 13.641], [100.3999, 13.6407], [100.3996, 13.6403], [100.3984, 13.6393], [100.398, 13.6389], [100.3975, 13.6386], [100.3971, 13.6382], [100.3965, 13.6377], [100.3954, 13.6366], [100.3949, 13.6362], [100.3942, 13.6356], [100.3937, 13.6351], [100.3928, 13.6343], [100.3922, 13.6338], [100.3917, 13.6334], [100.3914, 13.633], [100.3909, 13.6326], [100.3898, 13.6317], [100.3892, 13.6311], [100.3887, 13.6306], [100.3879, 13.6299], [100.3874, 13.6294], [100.3869, 13.629], [100.3859, 13.6281], [100.3856, 13.6279], [100.3855, 13.6278], [100.3853, 13.6276], [100.385, 13.6273], [100.3847, 13.627], [100.3844, 13.6268], [100.3842, 13.6266], [100.384, 13.6264], [100.3836, 13.6261], [100.3834, 13.6259], [100.3833, 13.6258], [100.383, 13.6255], [100.3828, 13.6253], [100.3825, 13.6251], [100.3822, 13.6248], [100.3819, 13.6245], [100.3817, 13.6243], [100.3812, 13.6239], [100.3811, 13.6238], [100.3809, 13.6236], [100.3805, 13.6233], [100.3802, 13.623], [100.38, 13.6228], [100.3798, 13.6226], [100.3795, 13.6223], [100.3792, 13.6221], [100.379, 13.6219], [100.3789, 13.6218], [100.3787, 13.6216], [100.3785, 13.6215], [100.3784, 13.6213], [100.3782, 13.6212], [100.3781, 13.6211], [100.3778, 13.6208], [100.3777, 13.6207], [100.3774, 13.6204], [100.3771, 13.6202], [100.377, 13.6201], [100.3768, 13.6199], [100.3767, 13.6198], [100.3765, 13.6196], [100.3762, 13.6181], [100.3765, 13.6119], [100.3766, 13.6096], [100.3768, 13.6066], [100.3771, 13.6065], [100.3775, 13.6053], [100.3776, 13.6048], [100.378, 13.6037], [100.3783, 13.6026], [100.3784, 13.6022], [100.3784, 13.602], [100.3784, 13.6019], [100.3784, 13.6018], [100.3784, 13.6015], [100.3784, 13.6014], [100.3785, 13.6013], [100.3785, 13.6012], [100.3785, 13.6009], [100.3785, 13.6007], [100.3785, 13.6005], [100.3785, 13.6001], [100.3785, 13.5998], [100.3785, 13.5996], [100.3785, 13.5995], [100.3785, 13.5992], [100.3786, 13.5992], [100.3786, 13.5991], [100.3786, 13.5989], [100.3786, 13.5988], [100.3786, 13.5987], [100.3787, 13.5985], [100.3788, 13.5984], [100.3787, 13.5983], [100.3787, 13.5982], [100.3788, 13.598], [100.3788, 13.5979], [100.3788, 13.5978], [100.3789, 13.5976], [100.379, 13.5976], [100.379, 13.5975], [100.379, 13.5974], [100.3789, 13.5973], [100.3789, 13.5972], [100.379, 13.5971], [100.379, 13.597], [100.379, 13.5969], [100.379, 13.5968], [100.379, 13.5967], [100.379, 13.5967], [100.3791, 13.5966], [100.3791, 13.5965], [100.379, 13.5964], [100.379, 13.5963], [100.379, 13.5962], [100.3791, 13.5961], [100.3791, 13.596], [100.3791, 13.5959], [100.379, 13.5957], [100.379, 13.5955], [100.379, 13.5953], [100.3788, 13.5952], [100.3788, 13.5951], [100.3787, 13.5951], [100.3789, 13.5949], [100.3789, 13.5949], [100.3789, 13.5948], [100.3788, 13.5947], [100.3788, 13.5946], [100.3789, 13.5945], [100.3788, 13.5944], [100.3788, 13.5944], [100.3786, 13.5944], [100.3785, 13.5944], [100.3785, 13.5943], [100.3786, 13.5942], [100.3787, 13.5941], [100.3787, 13.594], [100.3788, 13.5939], [100.3788, 13.5938], [100.3788, 13.5937], [100.3788, 13.5936], [100.3789, 13.5934], [100.379, 13.5933], [100.3791, 13.5933], [100.3792, 13.5933], [100.3793, 13.5934], [100.3793, 13.5934], [100.3794, 13.5933], [100.3795, 13.5931], [100.3796, 13.593], [100.3796, 13.593], [100.3796, 13.5929], [100.3797, 13.5928], [100.3797, 13.5927], [100.3799, 13.5927], [100.38, 13.5927], [100.38, 13.5926], [100.38, 13.5924], [100.38, 13.5924], [100.38, 13.5924], [100.3802, 13.5923], [100.3803, 13.5922], [100.3805, 13.592], [100.3806, 13.5919], [100.3807, 13.5918], [100.3808, 13.5918], [100.3809, 13.5918], [100.381, 13.5918], [100.381, 13.5917], [100.381, 13.5917], [100.381, 13.5916], [100.381, 13.5915], [100.381, 13.5914], [100.3811, 13.5914], [100.3813, 13.5914], [100.3814, 13.5913], [100.3816, 13.5912], [100.3816, 13.5911], [100.3817, 13.591], [100.3817, 13.591], [100.3818, 13.5909], [100.382, 13.5908], [100.3821, 13.5908], [100.3821, 13.5908], [100.3822, 13.5907], [100.3822, 13.5906], [100.3826, 13.5903], [100.3827, 13.5902], [100.3828, 13.5903], [100.3829, 13.5902], [100.3831, 13.5902], [100.3832, 13.5901], [100.3832, 13.59], [100.3833, 13.5899], [100.3833, 13.5898], [100.3836, 13.5896], [100.3837, 13.5895], [100.3839, 13.5896], [100.3841, 13.5896], [100.3843, 13.5896], [100.3844, 13.5896], [100.3845, 13.5896], [100.3845, 13.5895], [100.3845, 13.5894], [100.3844, 13.5894], [100.3844, 13.5892], [100.3845, 13.5892], [100.3845, 13.5887], [100.3846, 13.5885], [100.3846, 13.5883], [100.3846, 13.5882], [100.3845, 13.5881], [100.3843, 13.588], [100.3843, 13.5879], [100.3843, 13.5878], [100.3843, 13.5877], [100.3844, 13.5876], [100.3846, 13.5875], [100.3847, 13.5875], [100.3848, 13.5874], [100.3848, 13.5874], [100.3849, 13.5875], [100.3849, 13.5875], [100.385, 13.5876], [100.3851, 13.5876], [100.3852, 13.5875], [100.3853, 13.5875], [100.3853, 13.5874], [100.3852, 13.5874], [100.3852, 13.5873], [100.385, 13.5873], [100.385, 13.5872], [100.3849, 13.5871], [100.3849, 13.587], [100.385, 13.587], [100.3851, 13.5868], [100.3852, 13.5867], [100.3854, 13.5866], [100.3855, 13.5865], [100.3855, 13.5865], [100.3855, 13.5864], [100.3854, 13.5864], [100.3852, 13.5864], [100.3851, 13.5863], [100.385, 13.5862], [100.385, 13.5861], [100.3851, 13.5861], [100.3852, 13.5861], [100.3854, 13.5861], [100.3856, 13.586], [100.3858, 13.586], [100.3859, 13.5859], [100.3859, 13.5859], [100.3859, 13.5858], [100.3859, 13.5858], [100.3856, 13.5857], [100.3854, 13.5856], [100.3853, 13.5856], [100.3853, 13.5855], [100.3854, 13.5854], [100.3855, 13.5854], [100.3856, 13.5854], [100.3857, 13.5854], [100.3857, 13.5855], [100.3858, 13.5855], [100.3859, 13.5855], [100.386, 13.5855], [100.386, 13.5855], [100.386, 13.5854], [100.386, 13.5854], [100.3859, 13.5853], [100.3859, 13.5853], [100.3858, 13.5852], [100.3858, 13.5851], [100.3859, 13.5851], [100.3859, 13.5851], [100.3861, 13.5851], [100.3862, 13.5851], [100.3862, 13.5851], [100.3862, 13.585], [100.3861, 13.5849], [100.3861, 13.5848], [100.386, 13.5847], [100.386, 13.5846], [100.386, 13.5845], [100.3859, 13.5845], [100.3858, 13.5844], [100.3857, 13.5844], [100.3856, 13.5843], [100.3856, 13.5843], [100.3855, 13.5843], [100.3855, 13.5842], [100.3855, 13.5841], [100.3855, 13.584], [100.3854, 13.5839], [100.3854, 13.5839], [100.3853, 13.5839], [100.3852, 13.5838], [100.3852, 13.5838], [100.3852, 13.5837], [100.3853, 13.5835], [100.3854, 13.5834], [100.3854, 13.5832], [100.3854, 13.5831], [100.3854, 13.583], [100.3854, 13.5829], [100.3853, 13.5829], [100.3853, 13.5828], [100.3852, 13.5828], [100.3852, 13.5827], [100.3852, 13.5826], [100.3852, 13.5826], [100.3853, 13.5825], [100.3855, 13.5825], [100.3856, 13.5825], [100.3856, 13.5824], [100.3856, 13.5823], [100.3857, 13.5821], [100.3857, 13.5821], [100.3856, 13.582], [100.3855, 13.5819], [100.3855, 13.5818], [100.3856, 13.5818], [100.3857, 13.5817], [100.3857, 13.5817], [100.3857, 13.5816], [100.3858, 13.5815], [100.3857, 13.5815], [100.3857, 13.5814], [100.3856, 13.5814], [100.3855, 13.5814], [100.3855, 13.5813], [100.3854, 13.5811], [100.3853, 13.581], [100.3852, 13.581], [100.3851, 13.5809], [100.3851, 13.5809], [100.3851, 13.5808], [100.3851, 13.5807], [100.3852, 13.5806], [100.3852, 13.5804], [100.3852, 13.5803], [100.3853, 13.5803], [100.3855, 13.5802], [100.3856, 13.5802], [100.3856, 13.5801], [100.3855, 13.58], [100.3854, 13.58], [100.3853, 13.5799], [100.3853, 13.5798], [100.3852, 13.5794], [100.3851, 13.5794], [100.385, 13.5793], [100.385, 13.5793], [100.385, 13.5791], [100.3851, 13.5789], [100.3852, 13.5788], [100.3853, 13.5787], [100.3854, 13.5786], [100.3855, 13.5786], [100.3856, 13.5785], [100.3856, 13.5784], [100.3857, 13.5784], [100.3859, 13.5784], [100.3859, 13.5784], [100.386, 13.5784], [100.386, 13.5782], [100.3861, 13.5782], [100.3863, 13.5782], [100.3864, 13.5781], [100.3865, 13.578], [100.3866, 13.578], [100.3866, 13.5779], [100.3867, 13.5777], [100.3867, 13.5775], [100.3867, 13.5772], [100.3868, 13.577], [100.3869, 13.5768], [100.387, 13.5766], [100.3869, 13.5766], [100.3867, 13.5765], [100.3865, 13.5764], [100.3864, 13.5763], [100.3862, 13.5762], [100.3862, 13.5761], [100.3863, 13.5759], [100.3864, 13.5757], [100.3865, 13.5756], [100.3866, 13.5755], [100.3868, 13.5755], [100.3869, 13.5755], [100.387, 13.5754], [100.3871, 13.5754], [100.3871, 13.5753], [100.387, 13.5752], [100.3869, 13.5751], [100.3867, 13.5749], [100.3867, 13.5748], [100.3866, 13.5747], [100.3867, 13.5746], [100.3868, 13.5744], [100.3869, 13.5744], [100.3869, 13.5742], [100.3869, 13.5741], [100.387, 13.5741], [100.3871, 13.5741], [100.3873, 13.5743], [100.3874, 13.5743], [100.3878, 13.5743], [100.388, 13.5743], [100.388, 13.5742], [100.388, 13.5741], [100.3877, 13.5738], [100.3875, 13.5736], [100.3875, 13.5734], [100.3877, 13.5732], [100.3877, 13.5731], [100.3878, 13.5728], [100.3879, 13.5727], [100.388, 13.5725], [100.3881, 13.5725], [100.3884, 13.5725], [100.3887, 13.5725], [100.3889, 13.5724], [100.389, 13.5718], [100.3893, 13.5716], [100.3896, 13.5712], [100.3896, 13.571], [100.3895, 13.5708], [100.3895, 13.5707], [100.3894, 13.5706], [100.3894, 13.5706], [100.3893, 13.5704], [100.3894, 13.5703], [100.3895, 13.57], [100.3895, 13.5699], [100.3895, 13.5698], [100.3896, 13.5696], [100.3897, 13.5696], [100.3898, 13.5695], [100.39, 13.5695], [100.3902, 13.5695], [100.3904, 13.5694], [100.3905, 13.5694], [100.3906, 13.5693], [100.3906, 13.5693], [100.3906, 13.569], [100.3907, 13.569], [100.3907, 13.5689], [100.3909, 13.5689], [100.3911, 13.5689], [100.3912, 13.5689], [100.3915, 13.5689], [100.3915, 13.5688], [100.3916, 13.5686], [100.3915, 13.5683], [100.3914, 13.568], [100.3913, 13.5679], [100.391, 13.5678], [100.3908, 13.5677], [100.3907, 13.5677], [100.3906, 13.5675], [100.3907, 13.5674], [100.3907, 13.5672], [100.3909, 13.5668], [100.391, 13.5665], [100.391, 13.5663], [100.391, 13.5661], [100.391, 13.566], [100.3909, 13.5659], [100.3908, 13.5656], [100.3908, 13.5655], [100.3908, 13.5654], [100.391, 13.5653], [100.3912, 13.5652], [100.3913, 13.5651], [100.3913, 13.5648], [100.3913, 13.5646], [100.3915, 13.5643], [100.3914, 13.5637], [100.3913, 13.5633], [100.3914, 13.5632], [100.3915, 13.5632], [100.3921, 13.5632], [100.3923, 13.563], [100.3924, 13.5629], [100.3924, 13.5627], [100.3925, 13.5625], [100.3928, 13.562], [100.3929, 13.5618], [100.3931, 13.5616], [100.3932, 13.5614], [100.3932, 13.5613], [100.3931, 13.5612], [100.3928, 13.5611], [100.3926, 13.561], [100.3926, 13.5609], [100.3926, 13.5608], [100.3927, 13.5604], [100.3929, 13.56], [100.393, 13.5596], [100.3931, 13.5593], [100.3934, 13.5587], [100.3934, 13.5586], [100.3935, 13.5585], [100.394, 13.5583], [100.3941, 13.5583], [100.3941, 13.5582], [100.394, 13.5578], [100.394, 13.5576], [100.394, 13.5574], [100.3941, 13.5571], [100.3941, 13.5569], [100.3942, 13.5568], [100.3942, 13.5563], [100.3943, 13.5561], [100.3943, 13.556], [100.3944, 13.5559], [100.3944, 13.5559], [100.3946, 13.5559], [100.3947, 13.5558], [100.3947, 13.5558], [100.3948, 13.5557], [100.3949, 13.5556], [100.3949, 13.5556], [100.3948, 13.5555], [100.3947, 13.5552], [100.3947, 13.5552], [100.3947, 13.5551], [100.3947, 13.555], [100.3947, 13.5549], [100.3948, 13.5549], [100.395, 13.5548], [100.3951, 13.5548], [100.3952, 13.5547], [100.3952, 13.5546], [100.3953, 13.5546], [100.3953, 13.5545], [100.3953, 13.5544], [100.3952, 13.5543], [100.3952, 13.5542], [100.3952, 13.5541], [100.3953, 13.554], [100.3954, 13.5538], [100.3957, 13.5536], [100.3958, 13.5535], [100.3959, 13.5535], [100.3961, 13.5535], [100.3966, 13.5535], [100.3968, 13.5534], [100.3968, 13.5534], [100.3969, 13.5534], [100.3971, 13.5531], [100.3971, 13.5531], [100.3973, 13.5531], [100.3973, 13.5531], [100.3976, 13.553], [100.3979, 13.553], [100.3982, 13.553], [100.3984, 13.553], [100.3984, 13.553], [100.3986, 13.5531], [100.3987, 13.5532], [100.3988, 13.5533], [100.3988, 13.5533], [100.3989, 13.5533], [100.399, 13.5532], [100.399, 13.5532], [100.3991, 13.5529], [100.3992, 13.5528], [100.3993, 13.5527], [100.3994, 13.5527], [100.3996, 13.5527], [100.3998, 13.5528], [100.3999, 13.5528], [100.4002, 13.553], [100.4003, 13.5531], [100.4003, 13.5531], [100.4004, 13.5531], [100.4005, 13.553], [100.4007, 13.5529], [100.4008, 13.5528], [100.401, 13.5528], [100.4011, 13.5528], [100.4012, 13.5528], [100.4014, 13.5529], [100.4015, 13.553], [100.4017, 13.5532], [100.4018, 13.5532], [100.4018, 13.5532], [100.4019, 13.5532], [100.4019, 13.5532], [100.4022, 13.5531], [100.4023, 13.5531], [100.4024, 13.5531], [100.4025, 13.5531], [100.4027, 13.5531], [100.403, 13.5533], [100.403, 13.5534], [100.4033, 13.5534], [100.4034, 13.5535], [100.4034, 13.5535], [100.4036, 13.5538], [100.4038, 13.554], [100.404, 13.5543], [100.404, 13.5543], [100.4041, 13.5544], [100.4042, 13.5548], [100.4042, 13.5549], [100.4043, 13.555], [100.4043, 13.5551], [100.4044, 13.5551], [100.4045, 13.5551], [100.4047, 13.5551], [100.4049, 13.5551], [100.4051, 13.555], [100.4052, 13.555], [100.4052, 13.5549], [100.4053, 13.5547], [100.4053, 13.5547], [100.4054, 13.5546], [100.4056, 13.5546], [100.4061, 13.5545], [100.4062, 13.5545], [100.4064, 13.5545], [100.4065, 13.5544], [100.4065, 13.5544], [100.4069, 13.5544], [100.407, 13.5545], [100.4071, 13.5545], [100.4072, 13.5547], [100.4072, 13.5547], [100.4073, 13.5548], [100.4074, 13.5548], [100.4075, 13.5548], [100.4077, 13.5547], [100.4083, 13.5545], [100.4085, 13.5545], [100.4086, 13.5545], [100.4087, 13.5546], [100.4094, 13.5549], [100.4096, 13.555], [100.4097, 13.555], [100.4098, 13.555], [100.4101, 13.555], [100.4105, 13.555], [100.4106, 13.555], [100.4107, 13.555], [100.4107, 13.555], [100.4108, 13.5551], [100.4112, 13.5554], [100.4113, 13.5555], [100.4114, 13.5555], [100.4115, 13.5555], [100.4117, 13.5554], [100.4118, 13.5554], [100.4119, 13.5554], [100.412, 13.5555], [100.412, 13.5556], [100.4121, 13.5557], [100.4122, 13.5558], [100.4122, 13.5559], [100.4123, 13.556], [100.4123, 13.5561], [100.4123, 13.5562], [100.4122, 13.5563], [100.4122, 13.5565], [100.4121, 13.5566], [100.4122, 13.5567], [100.4122, 13.5569], [100.4123, 13.557], [100.4125, 13.5572], [100.4126, 13.5572], [100.4126, 13.5572], [100.4127, 13.5572], [100.4129, 13.5571], [100.413, 13.557], [100.413, 13.557], [100.4131, 13.5571], [100.4135, 13.5574], [100.4136, 13.5575], [100.4137, 13.5574], [100.4138, 13.5574], [100.4139, 13.5571], [100.4141, 13.557], [100.4141, 13.5569], [100.4142, 13.5568], [100.4144, 13.5568], [100.4144, 13.5568], [100.4145, 13.5569], [100.4146, 13.557], [100.4148, 13.5571], [100.415, 13.5571], [100.4151, 13.5571], [100.4153, 13.5566], [100.4153, 13.5564], [100.4153, 13.5563], [100.4151, 13.5558], [100.415, 13.5556], [100.415, 13.5552], [100.4151, 13.5548], [100.4151, 13.5547], [100.415, 13.5545], [100.415, 13.5542], [100.4149, 13.5538], [100.4149, 13.5531], [100.4148, 13.5525], [100.4148, 13.5524], [100.4147, 13.5522], [100.4147, 13.552], [100.4146, 13.5518], [100.4146, 13.5515], [100.4146, 13.5514], [100.4147, 13.5513], [100.4148, 13.5512], [100.4149, 13.5511], [100.415, 13.551], [100.4154, 13.5508], [100.4156, 13.5507], [100.4157, 13.5507], [100.4158, 13.5506], [100.4161, 13.5506], [100.4162, 13.5505], [100.4165, 13.5503], [100.4167, 13.5501], [100.4173, 13.5494], [100.4177, 13.549], [100.4178, 13.5489], [100.4181, 13.5484], [100.4183, 13.5481], [100.4187, 13.5477], [100.4188, 13.5476], [100.419, 13.5475], [100.4191, 13.5473], [100.4193, 13.5472], [100.4194, 13.5469], [100.4196, 13.5463], [100.4197, 13.5461], [100.4199, 13.5457], [100.4199, 13.5455], [100.42, 13.5452], [100.42, 13.5448], [100.42, 13.5446], [100.42, 13.5444], [100.42, 13.5443], [100.4198, 13.5439], [100.4197, 13.5437], [100.4196, 13.5436], [100.4196, 13.5434], [100.4196, 13.5433], [100.4196, 13.5432], [100.4196, 13.543], [100.4195, 13.5429], [100.4194, 13.5426], [100.4191, 13.542], [100.4189, 13.5416], [100.4188, 13.5413], [100.4185, 13.5408], [100.4183, 13.5405], [100.4181, 13.5402], [100.4178, 13.5401], [100.4175, 13.5401], [100.4168, 13.5398], [100.4163, 13.5397], [100.4161, 13.5396], [100.4156, 13.5394], [100.4155, 13.5393], [100.4152, 13.5391], [100.415, 13.539], [100.4148, 13.5388], [100.4147, 13.5385], [100.4146, 13.5384], [100.4146, 13.5383], [100.4148, 13.5381], [100.4149, 13.538], [100.4149, 13.5379], [100.4149, 13.5377], [100.4147, 13.5374], [100.4145, 13.5369], [100.4144, 13.5366], [100.4142, 13.5361], [100.414, 13.5359], [100.4139, 13.5358], [100.4137, 13.5357], [100.4119, 13.5358], [100.4102, 13.5358], [100.4092, 13.5358], [100.4073, 13.5358], [100.4071, 13.5358], [100.4066, 13.5184], [100.4066, 13.5158], [100.4066, 13.5126], [100.4066, 13.5085], [100.4063, 13.5084], [100.4065, 13.5077], [100.4077, 13.5028], [100.4098, 13.4943], [100.4107, 13.4901], [100.411, 13.4859], [100.411, 13.4853], [100.4373, 13.4883], [100.453, 13.4909], [100.4564, 13.4914], [100.4542, 13.4999], [100.4534, 13.5031], [100.4527, 13.5071], [100.4524, 13.5096], [100.452, 13.5112], [100.4518, 13.5125], [100.4516, 13.5128], [100.4514, 13.5145], [100.4512, 13.5154], [100.4505, 13.5191], [100.4501, 13.5212], [100.4498, 13.5226], [100.4495, 13.5239], [100.4494, 13.5252], [100.4493, 13.5255], [100.4492, 13.5259], [100.449, 13.527], [100.4488, 13.5283], [100.4488, 13.5285], [100.4485, 13.5295], [100.4484, 13.53], [100.4483, 13.5311], [100.4482, 13.532], [100.4481, 13.5325], [100.4479, 13.5331], [100.4478, 13.5337], [100.4474, 13.5356], [100.4473, 13.536], [100.4473, 13.5365], [100.4473, 13.5371], [100.447, 13.5391], [100.4468, 13.5396], [100.4466, 13.5404], [100.4466, 13.5406], [100.4465, 13.5408], [100.4465, 13.5412], [100.4465, 13.5417], [100.4465, 13.5419], [100.4464, 13.5422], [100.4464, 13.5426], [100.4463, 13.5428], [100.4462, 13.5432], [100.4461, 13.5437], [100.4461, 13.544], [100.4461, 13.5444], [100.4461, 13.5446], [100.4459, 13.5449], [100.4459, 13.545], [100.4459, 13.5456], [100.4459, 13.5459], [100.4458, 13.5463], [100.4457, 13.5472], [100.4454, 13.5483], [100.4452, 13.549], [100.445, 13.5499], [100.445, 13.5502], [100.4449, 13.551], [100.4447, 13.5517], [100.4447, 13.5519], [100.4446, 13.5528], [100.4445, 13.5535], [100.4445, 13.5543], [100.4446, 13.5555], [100.4445, 13.5559], [100.4445, 13.556], [100.4446, 13.5562], [100.4446, 13.5564], [100.4447, 13.5568], [100.4447, 13.5572], [100.4448, 13.558], [100.4448, 13.5594], [100.4448, 13.5598], [100.4448, 13.5601], [100.4449, 13.5603], [100.4449, 13.5608], [100.445, 13.5617], [100.445, 13.562], [100.445, 13.5623], [100.4451, 13.5627], [100.4451, 13.5635], [100.4453, 13.5645], [100.4453, 13.5651], [100.4453, 13.5653], [100.4453, 13.5656], [100.4453, 13.5661], [100.4453, 13.5663], [100.4454, 13.5666], [100.4454, 13.567], [100.4455, 13.5676], [100.4455, 13.568], [100.4455, 13.5684], [100.4456, 13.5689], [100.4456, 13.5694], [100.4457, 13.57], [100.4457, 13.5705], [100.4457, 13.5711], [100.4457, 13.5713], [100.4458, 13.5716], [100.4458, 13.5722], [100.4458, 13.5724], [100.4458, 13.5726], [100.4459, 13.5729], [100.4459, 13.5732], [100.4459, 13.5734], [100.4459, 13.5737], [100.4459, 13.5741], [100.446, 13.5744], [100.4461, 13.5748], [100.4461, 13.575], [100.4461, 13.5753], [100.4461, 13.5756], [100.4461, 13.5759], [100.4461, 13.5763], [100.4462, 13.5768], [100.4462, 13.5771], [100.4463, 13.5775], [100.4464, 13.579], [100.4464, 13.5793], [100.4464, 13.5796], [100.4465, 13.5801], [100.4465, 13.5806], [100.4466, 13.5812], [100.4467, 13.582], [100.4467, 13.5823], [100.4467, 13.5827], [100.4467, 13.5832], [100.4466, 13.5834], [100.4465, 13.5837], [100.4464, 13.5841], [100.4463, 13.5842], [100.4463, 13.5843], [100.4463, 13.5845], [100.4463, 13.5847], [100.4462, 13.5849], [100.4463, 13.5852], [100.4465, 13.5855], [100.4467, 13.586], [100.4467, 13.5863], [100.4467, 13.5865], [100.4466, 13.5866], [100.4465, 13.5868], [100.4465, 13.587], [100.4466, 13.5872], [100.4468, 13.5873], [100.447, 13.5874], [100.4472, 13.5875], [100.4473, 13.5877], [100.4475, 13.5879], [100.4475, 13.5881], [100.4475, 13.5883], [100.4475, 13.5887], [100.4476, 13.589], [100.4477, 13.5892], [100.448, 13.5894], [100.4483, 13.5896], [100.4484, 13.5897], [100.4485, 13.5899], [100.4485, 13.59], [100.4489, 13.5903], [100.4491, 13.5905], [100.4493, 13.5909], [100.4493, 13.5911], [100.4492, 13.5915], [100.4492, 13.5917], [100.4491, 13.5919], [100.4493, 13.5922], [100.4495, 13.5923], [100.4498, 13.5924], [100.4499, 13.5925], [100.4499, 13.5927], [100.45, 13.5932], [100.4501, 13.5935], [100.4504, 13.594], [100.4507, 13.5942], [100.4508, 13.5944], [100.4509, 13.5947], [100.4509, 13.595], [100.4509, 13.5954], [100.451, 13.5957], [100.4511, 13.596], [100.451, 13.5962], [100.4509, 13.5964], [100.4509, 13.5965], [100.451, 13.5967], [100.4514, 13.5974], [100.4517, 13.5978], [100.452, 13.5981], [100.4521, 13.5982], [100.4522, 13.5984], [100.4521, 13.5985], [100.4521, 13.5987], [100.4521, 13.599], [100.4522, 13.5992], [100.4521, 13.5995], [100.4521, 13.5999], [100.4522, 13.6002], [100.4521, 13.6004], [100.4523, 13.6008], [100.4523, 13.601], [100.4524, 13.6015], [100.4524, 13.6018], [100.4526, 13.6023], [100.4528, 13.6025], [100.453, 13.6026], [100.4532, 13.6029], [100.4533, 13.6031], [100.4535, 13.6036], [100.4537, 13.604], [100.4538, 13.6044], [100.4538, 13.6046], [100.4537, 13.6049], [100.4537, 13.6051], [100.4536, 13.6052], [100.4536, 13.6053], [100.4536, 13.6055], [100.4538, 13.6057], [100.4538, 13.6059], [100.4538, 13.606], [100.4539, 13.606], [100.454, 13.606], [100.4541, 13.6059], [100.4541, 13.6059], [100.4541, 13.6057], [100.4541, 13.6057], [100.4542, 13.6057], [100.4542, 13.6057], [100.4543, 13.6057], [100.4544, 13.6057], [100.4544, 13.6057], [100.4544, 13.6056], [100.4545, 13.6055], [100.4545, 13.6054], [100.4546, 13.6054], [100.4546, 13.6053], [100.4545, 13.6052], [100.4545, 13.6051], [100.4546, 13.6051], [100.4547, 13.605], [100.4548, 13.605], [100.4549, 13.605], [100.4551, 13.6051], [100.4553, 13.6052], [100.4554, 13.6052], [100.4556, 13.6053], [100.4557, 13.6053], [100.4558, 13.6052], [100.4558, 13.6051], [100.4558, 13.605], [100.4558, 13.605], [100.4559, 13.605], [100.4559, 13.605], [100.4561, 13.605], [100.4561, 13.605], [100.4562, 13.605], [100.4563, 13.6049], [100.4564, 13.6049], [100.4565, 13.6048], [100.4566, 13.6048], [100.4567, 13.6048], [100.457, 13.6047], [100.4572, 13.6047], [100.4573, 13.6046], [100.4574, 13.6045], [100.4575, 13.6044], [100.4575, 13.6044], [100.4577, 13.6044], [100.458, 13.6044], [100.4581, 13.6045], [100.4581, 13.6045], [100.4583, 13.6048], [100.4584, 13.6048], [100.4585, 13.6049], [100.4585, 13.6049], [100.4586, 13.6049], [100.4587, 13.605], [100.4588, 13.605], [100.459, 13.6049], [100.4592, 13.6049], [100.4593, 13.6049], [100.4595, 13.6049], [100.4595, 13.6049], [100.4597, 13.605], [100.4598, 13.6052], [100.46, 13.6053], [100.4602, 13.6054], [100.4602, 13.6054], [100.4603, 13.6053], [100.4604, 13.6053], [100.4605, 13.6052], [100.4605, 13.6052], [100.4607, 13.6051], [100.4609, 13.6051], [100.461, 13.6051], [100.4611, 13.6051], [100.4612, 13.605], [100.4613, 13.605], [100.4614, 13.605], [100.4615, 13.605], [100.4615, 13.6051], [100.4616, 13.6052], [100.4617, 13.6054], [100.4618, 13.6054], [100.462, 13.6056], [100.4621, 13.6057], [100.4622, 13.6058], [100.4623, 13.6058], [100.4626, 13.6059], [100.4628, 13.6061], [100.463, 13.6061], [100.4632, 13.6061], [100.4634, 13.6061], [100.4636, 13.606], [100.4638, 13.6059], [100.464, 13.6058], [100.4641, 13.6057], [100.4641, 13.6055], [100.4642, 13.6054], [100.4642, 13.6053], [100.4643, 13.6051], [100.4644, 13.605], [100.4645, 13.6049], [100.4646, 13.6048], [100.4649, 13.6047], [100.4649, 13.6046], [100.465, 13.6045], [100.4651, 13.6042], [100.4651, 13.6041], [100.4652, 13.604], [100.4652, 13.6039], [100.4653, 13.6039], [100.4655, 13.6039], [100.4657, 13.604], [100.4658, 13.604], [100.4658, 13.604], [100.4659, 13.6038], [100.466, 13.6037], [100.466, 13.6035], [100.4659, 13.6034], [100.4658, 13.6032], [100.4657, 13.603], [100.4657, 13.6028], [100.4657, 13.6026], [100.4657, 13.6025], [100.4658, 13.6023], [100.4658, 13.6019], [100.4657, 13.6018], [100.4658, 13.6017], [100.4659, 13.6014], [100.466, 13.6012], [100.466, 13.6008], [100.4661, 13.6006], [100.4661, 13.6004], [100.4662, 13.6002], [100.4666, 13.5998], [100.4667, 13.5996], [100.4668, 13.5994], [100.467, 13.5991], [100.4671, 13.5989], [100.4671, 13.5988], [100.4672, 13.5985], [100.4671, 13.5984], [100.4671, 13.5984], [100.4671, 13.5982], [100.467, 13.5982], [100.4669, 13.598], [100.4669, 13.598], [100.4669, 13.5979], [100.4669, 13.5975], [100.4668, 13.5972], [100.4668, 13.5971], [100.4669, 13.597], [100.4669, 13.5969], [100.467, 13.5968], [100.4672, 13.5965], [100.4674, 13.5964], [100.4675, 13.5962], [100.4676, 13.5961], [100.4676, 13.596], [100.4677, 13.5959], [100.4679, 13.5958], [100.468, 13.5957], [100.4682, 13.5955], [100.4683, 13.5954], [100.4684, 13.5953], [100.4685, 13.5952], [100.4687, 13.5949], [100.4688, 13.5947], [100.469, 13.5943], [100.4692, 13.5939], [100.4693, 13.5938], [100.4693, 13.5937], [100.4693, 13.5936], [100.4694, 13.5934], [100.4695, 13.5931], [100.4695, 13.5929], [100.4696, 13.5928], [100.4696, 13.5928], [100.4697, 13.5928], [100.4703, 13.5929], [100.471, 13.5931], [100.4712, 13.5932], [100.4722, 13.5935], [100.4731, 13.5937], [100.4736, 13.5939], [100.4736, 13.5939], [100.4737, 13.594], [100.4736, 13.5941], [100.4734, 13.595], [100.4732, 13.5961], [100.473, 13.5968], [100.473, 13.5971], [100.473, 13.5975], [100.473, 13.5981], [100.4731, 13.5984], [100.4731, 13.5987], [100.4731, 13.5989], [100.4732, 13.5992], [100.4733, 13.5994], [100.4735, 13.5997], [100.4737, 13.5998], [100.4738, 13.6], [100.474, 13.6002], [100.4742, 13.6005], [100.4743, 13.6006], [100.4748, 13.6011], [100.4749, 13.6012], [100.475, 13.6014], [100.4752, 13.6018], [100.4753, 13.602], [100.4754, 13.6021], [100.4755, 13.6022], [100.4757, 13.6022], [100.476, 13.6023], [100.4762, 13.6023], [100.4764, 13.6024], [100.4766, 13.6025], [100.4766, 13.6025], [100.4767, 13.6026], [100.4768, 13.6028], [100.4769, 13.6029], [100.477, 13.6031], [100.477, 13.6031], [100.477, 13.6031], [100.477, 13.6032], [100.477, 13.6032], [100.477, 13.6033], [100.477, 13.6033], [100.477, 13.6033], [100.4769, 13.6034], [100.4769, 13.6034], [100.4769, 13.6035], [100.4769, 13.6036], [100.4768, 13.6036], [100.4768, 13.6036], [100.4768, 13.6037], [100.4768, 13.6037], [100.4768, 13.6037], [100.4769, 13.6038], [100.4769, 13.6039], [100.4769, 13.6039], [100.4769, 13.604], [100.4769, 13.604], [100.4769, 13.604], [100.4769, 13.6041], [100.477, 13.6041], [100.477, 13.6042], [100.477, 13.6042], [100.477, 13.6042], [100.477, 13.6042], [100.477, 13.6043], [100.477, 13.6043], [100.4771, 13.6043], [100.4771, 13.6044], [100.4771, 13.6044], [100.4771, 13.6044], [100.4771, 13.6044], [100.4772, 13.6045], [100.4772, 13.6045], [100.4772, 13.6045], [100.4772, 13.6045], [100.4772, 13.6045], [100.4772, 13.6045], [100.4772, 13.6046], [100.4772, 13.6046], [100.4773, 13.6046], [100.4773, 13.6046], [100.4773, 13.6046], [100.4774, 13.6047], [100.4774, 13.6047], [100.4774, 13.6047], [100.4775, 13.6048], [100.4777, 13.605], [100.4778, 13.6051], [100.4779, 13.6053], [100.4781, 13.6055], [100.4782, 13.6056], [100.4782, 13.6058], [100.4783, 13.6058], [100.4783, 13.6058], [100.4783, 13.6058], [100.4783, 13.6058], [100.4784, 13.6058], [100.4784, 13.6058], [100.4785, 13.6057], [100.4786, 13.6057], [100.4787, 13.6057], [100.4787, 13.6056], [100.4787, 13.6056], [100.4788, 13.6056], [100.4788, 13.6056], [100.4788, 13.6055], [100.4788, 13.6055], [100.4788, 13.6055], [100.4789, 13.6055], [100.4789, 13.6055], [100.4789, 13.6055], [100.479, 13.6055], [100.479, 13.6055], [100.4792, 13.6056], [100.4793, 13.6057], [100.4794, 13.6058], [100.4795, 13.6058], [100.4795, 13.6059], [100.4796, 13.606], [100.4796, 13.606], [100.4796, 13.606], [100.4796, 13.6061], [100.4797, 13.6061], [100.4797, 13.6062], [100.4797, 13.6062], [100.4797, 13.6063], [100.4797, 13.6064], [100.4797, 13.6064], [100.4797, 13.6064], [100.4797, 13.6064], [100.4796, 13.6064], [100.4796, 13.6064], [100.4796, 13.6065], [100.4796, 13.6065], [100.4796, 13.6066], [100.4796, 13.6066], [100.4796, 13.6066], [100.4796, 13.6067], [100.4796, 13.6068], [100.4796, 13.6069], [100.4796, 13.6069], [100.4795, 13.607], [100.4795, 13.607], [100.4795, 13.6071], [100.4796, 13.6071], [100.4796, 13.6071], [100.4796, 13.6071], [100.4796, 13.6072], [100.4796, 13.6072], [100.4796, 13.6073], [100.4795, 13.6073], [100.4795, 13.6074], [100.4795, 13.6074], [100.4796, 13.6075], [100.4796, 13.6076], [100.4796, 13.6077], [100.4798, 13.6079], [100.4799, 13.6081], [100.4801, 13.6083], [100.4803, 13.6085], [100.4804, 13.6087], [100.4805, 13.6088], [100.4805, 13.6089], [100.4806, 13.6089], [100.4806, 13.609], [100.4806, 13.6091], [100.4807, 13.6092], [100.4808, 13.6093], [100.4808, 13.6094], [100.4808, 13.6096], [100.4808, 13.6098], [100.4808, 13.6099], [100.4808, 13.61], [100.4808, 13.6101], [100.4808, 13.6102], [100.4808, 13.6102], [100.4808, 13.6102], [100.4808, 13.6102], [100.4809, 13.6103], [100.4808, 13.6103], [100.4808, 13.6103], [100.4808, 13.6103], [100.4808, 13.6104], [100.4808, 13.6104], [100.4808, 13.6105], [100.4808, 13.6105], [100.4808, 13.6105], [100.4808, 13.6106], [100.4809, 13.6106], [100.4809, 13.6106], [100.4809, 13.6107], [100.4809, 13.6107], [100.481, 13.6108], [100.481, 13.6108], [100.481, 13.6109], [100.481, 13.6109], [100.4809, 13.6109], [100.4809, 13.611], [100.481, 13.611], [100.481, 13.6112], [100.481, 13.6113], [100.4811, 13.6113], [100.4811, 13.6113], [100.4811, 13.6113], [100.4811, 13.6113], [100.4811, 13.6113], [100.4811, 13.6113], [100.4811, 13.6113], [100.4812, 13.6114], [100.4812, 13.6114], [100.4811, 13.6114], [100.4811, 13.6114], [100.4811, 13.6114], [100.4811, 13.6114], [100.4811, 13.6115], [100.4811, 13.6115], [100.4811, 13.6115], [100.4811, 13.6115], [100.4811, 13.6115], [100.4811, 13.6115], [100.4811, 13.6116], [100.4812, 13.6117], [100.4812, 13.6117], [100.4812, 13.6118], [100.4812, 13.6118], [100.4812, 13.6118], [100.4813, 13.6118], [100.4813, 13.6119], [100.4813, 13.612], [100.4814, 13.612], [100.4814, 13.6121], [100.4815, 13.6121], [100.4815, 13.6121], [100.4815, 13.6121], [100.4815, 13.6122], [100.4815, 13.6122], [100.4815, 13.6122], [100.4815, 13.6123], [100.4815, 13.6123], [100.4815, 13.6123], [100.4815, 13.6123], [100.4816, 13.6124], [100.4816, 13.6124], [100.4816, 13.6124], [100.4816, 13.6125], [100.4816, 13.6125], [100.4816, 13.6125], [100.4816, 13.6125], [100.4816, 13.6125], [100.4816, 13.6125], [100.4817, 13.6126], [100.4817, 13.6126], [100.4817, 13.6127], [100.4817, 13.6127], [100.4817, 13.6128], [100.4817, 13.6128], [100.4816, 13.6129], [100.4816, 13.6129], [100.4816, 13.613], [100.4816, 13.613], [100.4816, 13.613], [100.4816, 13.613], [100.4816, 13.6131], [100.4816, 13.6132], [100.4816, 13.6133], [100.4816, 13.6134], [100.4816, 13.6134], [100.4816, 13.6134], [100.4816, 13.6135], [100.4816, 13.6135], [100.4815, 13.6135], [100.4815, 13.6135], [100.4815, 13.6136], [100.4815, 13.6137], [100.4815, 13.6139], [100.4815, 13.614], [100.4815, 13.6143], [100.4815, 13.6144], [100.4815, 13.6144], [100.4815, 13.6145], [100.4815, 13.6146], [100.4815, 13.6147], [100.4815, 13.6149], [100.4815, 13.615], [100.4815, 13.6152], [100.4815, 13.6153], [100.4815, 13.6154], [100.4815, 13.6154], [100.4815, 13.6155], [100.4815, 13.6156], [100.4815, 13.6157], [100.4815, 13.6157], [100.4814, 13.616], [100.4814, 13.616], [100.4813, 13.6162], [100.4812, 13.6164], [100.4812, 13.6164], [100.4812, 13.6164], [100.4811, 13.6165], [100.4811, 13.6165], [100.4809, 13.6167], [100.4808, 13.617], [100.4806, 13.6172], [100.4804, 13.6174], [100.4804, 13.6175], [100.4803, 13.6176], [100.4803, 13.6176], [100.4803, 13.6177], [100.4802, 13.6177], [100.4802, 13.6177], [100.4802, 13.6177], [100.4801, 13.6177], [100.4801, 13.6178], [100.48, 13.6179], [100.48, 13.6179], [100.4799, 13.6179], [100.4799, 13.6179], [100.4798, 13.6179], [100.4798, 13.618], [100.4798, 13.618], [100.4798, 13.618], [100.4798, 13.618], [100.4798, 13.618], [100.4798, 13.618], [100.4798, 13.6181], [100.4798, 13.6181], [100.4798, 13.6181], [100.4798, 13.6181], [100.4798, 13.6181], [100.4798, 13.6181], [100.4798, 13.6181], [100.4798, 13.6181], [100.4797, 13.6181], [100.4797, 13.6181], [100.4797, 13.618], [100.4797, 13.618], [100.4794, 13.6181], [100.4791, 13.6181], [100.4788, 13.6181], [100.4786, 13.6182], [100.4786, 13.6182], [100.4786, 13.6183], [100.4786, 13.6183], [100.4786, 13.6183], [100.4786, 13.6183], [100.4785, 13.6186], [100.4785, 13.6187], [100.4785, 13.6188], [100.4785, 13.619], [100.4786, 13.619], [100.4786, 13.6191], [100.4786, 13.6191], [100.4786, 13.6192], [100.4786, 13.6193], [100.4786, 13.6193], [100.4786, 13.6194], [100.4785, 13.6194], [100.4785, 13.6195], [100.4785, 13.6195], [100.4785, 13.6196], [100.4785, 13.6196], [100.4785, 13.6196], [100.4784, 13.6197], [100.4784, 13.6198], [100.4784, 13.6198], [100.4783, 13.6198], [100.4783, 13.6198], [100.4782, 13.6199], [100.4782, 13.6199], [100.4781, 13.6199], [100.4781, 13.6199], [100.478, 13.6199], [100.478, 13.6199], [100.4779, 13.6199], [100.4779, 13.6199], [100.4778, 13.6199], [100.4778, 13.6199], [100.4777, 13.6199], [100.4777, 13.6199], [100.4776, 13.62], [100.4775, 13.62], [100.4774, 13.62], [100.4773, 13.6199], [100.4772, 13.6199], [100.4772, 13.62], [100.4771, 13.62], [100.4771, 13.62], [100.477, 13.62], [100.4768, 13.62], [100.4768, 13.6199], [100.4767, 13.62], [100.4766, 13.62], [100.4766, 13.62], [100.4765, 13.62], [100.4765, 13.62], [100.4764, 13.62], [100.4764, 13.62], [100.4764, 13.6201], [100.4763, 13.6201], [100.4762, 13.6201], [100.4762, 13.6201], [100.4762, 13.6201], [100.476, 13.6203], [100.4759, 13.6204], [100.4758, 13.6204], [100.4758, 13.6205], [100.4757, 13.6205], [100.4756, 13.6206], [100.4755, 13.6207], [100.4754, 13.6208], [100.4752, 13.621], [100.4752, 13.6211], [100.4752, 13.6211], [100.4751, 13.6212], [100.4748, 13.6214], [100.4747, 13.6215], [100.4745, 13.6216], [100.4744, 13.6216], [100.4744, 13.6217], [100.4744, 13.6217], [100.4744, 13.6217], [100.4744, 13.6217], [100.4743, 13.6218], [100.4742, 13.622], [100.4742, 13.6221], [100.4742, 13.6222], [100.4742, 13.6223], [100.4741, 13.6224], [100.4741, 13.6224], [100.4741, 13.6225], [100.474, 13.6226], [100.474, 13.6227], [100.4739, 13.6227], [100.4739, 13.6228], [100.4738, 13.6229], [100.4738, 13.6229], [100.4738, 13.6229], [100.4738, 13.6229], [100.4738, 13.623], [100.4737, 13.623], [100.4737, 13.623], [100.4736, 13.623], [100.4736, 13.6231], [100.4736, 13.6231], [100.4736, 13.6231], [100.4736, 13.6231], [100.4736, 13.6231], [100.4735, 13.6232], [100.4735, 13.6232], [100.4735, 13.6232], [100.4734, 13.6232], [100.4734, 13.6233], [100.4734, 13.6233], [100.4733, 13.6233], [100.4733, 13.6233], [100.4733, 13.6233], [100.4733, 13.6233], [100.4732, 13.6233], [100.4732, 13.6234], [100.4732, 13.6234], [100.4732, 13.6234], [100.4732, 13.6234], [100.4731, 13.6235], [100.4726, 13.6237], [100.4722, 13.6239], [100.4722, 13.624], [100.4722, 13.6241], [100.4721, 13.6241], [100.4721, 13.6242], [100.4721, 13.6242], [100.4721, 13.6245], [100.4721, 13.6246], [100.4721, 13.6247], [100.4721, 13.6248], [100.4721, 13.6248], [100.4721, 13.6249], [100.4721, 13.625], [100.4723, 13.6253], [100.4723, 13.6254], [100.4724, 13.6255], [100.4725, 13.6255], [100.4726, 13.6256], [100.4727, 13.6256], [100.4729, 13.6258], [100.473, 13.6259], [100.473, 13.626], [100.4731, 13.626], [100.4732, 13.6263], [100.4734, 13.6267], [100.4735, 13.6268], [100.4736, 13.6268], [100.4736, 13.6268], [100.4737, 13.6268], [100.4737, 13.6268], [100.4737, 13.6269], [100.4738, 13.6269], [100.4738, 13.627], [100.474, 13.6271], [100.4741, 13.6272], [100.4742, 13.6272], [100.4742, 13.6272], [100.4743, 13.6273], [100.4744, 13.6273], [100.4744, 13.6274], [100.4744, 13.6274], [100.4744, 13.6274], [100.4744, 13.6275], [100.4744, 13.6277], [100.4743, 13.6279], [100.4742, 13.6282], [100.4741, 13.6283], [100.474, 13.6284], [100.474, 13.6286], [100.474, 13.6287], [100.474, 13.6288], [100.4741, 13.629], [100.4742, 13.629], [100.4743, 13.6291], [100.4744, 13.6292], [100.4745, 13.6293], [100.4746, 13.6293], [100.4748, 13.6294], [100.4749, 13.6294], [100.475, 13.6294], [100.4751, 13.6295], [100.4752, 13.6295], [100.4753, 13.6296], [100.4754, 13.6296], [100.4754, 13.6297], [100.4755, 13.6298], [100.4755, 13.6298], [100.4756, 13.63], [100.4756, 13.6302], [100.4756, 13.6304], [100.4756, 13.6306], [100.4756, 13.6306], [100.4756, 13.6308], [100.4756, 13.6309], [100.4756, 13.6309], [100.4755, 13.6311], [100.4755, 13.6312], [100.4755, 13.6313], [100.4755, 13.6313], [100.4754, 13.6315], [100.4753, 13.6317], [100.4752, 13.6318], [100.4751, 13.632], [100.4751, 13.632], [100.4751, 13.6321], [100.4751, 13.6322], [100.475, 13.6323], [100.475, 13.6324], [100.475, 13.6326], [100.475, 13.6327], [100.475, 13.6329], [100.475, 13.633], [100.475, 13.6332], [100.475, 13.6332], [100.475, 13.6333], [100.475, 13.6334], [100.475, 13.6336], [100.475, 13.6337], [100.475, 13.634], [100.475, 13.634], [100.4749, 13.6342], [100.4749, 13.6343], [100.4749, 13.6345], [100.4749, 13.6346], [100.4749, 13.6347], [100.4749, 13.6349], [100.4749, 13.6349], [100.4749, 13.635], [100.4748, 13.635], [100.4748, 13.6351], [100.4748, 13.6352], [100.4748, 13.6353], [100.4747, 13.6353], [100.4747, 13.6354], [100.4747, 13.6356], [100.4745, 13.6359], [100.4745, 13.6362], [100.4743, 13.6367], [100.4739, 13.6381], [100.4737, 13.6386], [100.4735, 13.6394], [100.4735, 13.6397], [100.4735, 13.6399], [100.4735, 13.6405], [100.4734, 13.6412], [100.4734, 13.6417], [100.4733, 13.6424], [100.4732, 13.6433], [100.4732, 13.6433], [100.4731, 13.6434], [100.4731, 13.6439], [100.473, 13.6444], [100.4729, 13.645], [100.4729, 13.6453], [100.4729, 13.646], [100.4728, 13.6463], [100.4727, 13.6467], [100.4726, 13.6474], [100.4725, 13.6479], [100.4725, 13.648], [100.4725, 13.6481], [100.4724, 13.6489], [100.4723, 13.6494], [100.4723, 13.6496], [100.4722, 13.65], [100.4721, 13.6502], [100.472, 13.6506], [100.4719, 13.651], [100.4719, 13.6511], [100.4719, 13.6512], [100.4719, 13.6512], [100.4719, 13.6513], [100.4719, 13.6513], [100.4719, 13.6514], [100.4719, 13.6514], [100.4719, 13.6515], [100.4719, 13.6515], [100.4718, 13.6518], [100.4718, 13.6518], [100.4718, 13.6518], [100.4718, 13.6518], [100.4717, 13.6519], [100.4717, 13.6519], [100.4717, 13.652], [100.4716, 13.6522], [100.4716, 13.6523], [100.4716, 13.6523], [100.4716, 13.6523], [100.4716, 13.6523], [100.4716, 13.6524], [100.4716, 13.6527], [100.4715, 13.6528], [100.4715, 13.6531], [100.4714, 13.6535], [100.4714, 13.6536], [100.4714, 13.6537], [100.4713, 13.6541], [100.4712, 13.6545], [100.4712, 13.6548], [100.4711, 13.6552], [100.471, 13.6555], [100.471, 13.6558], [100.471, 13.6561], [100.471, 13.6561], [100.4709, 13.6562], [100.4709, 13.6562], [100.4709, 13.6562], [100.4709, 13.6565], [100.4709, 13.6566], [100.4709, 13.6566], [100.4709, 13.6568], [100.4707, 13.6567], [100.4704, 13.6567], [100.4701, 13.6566], [100.4698, 13.6565], [100.4692, 13.6564], [100.4689, 13.6564], [100.4689, 13.6564], [100.4689, 13.6563], [100.4689, 13.6561], [100.4689, 13.6561], [100.4687, 13.656], [100.4683, 13.6558], [100.4679, 13.6556], [100.4676, 13.6554], [100.4675, 13.6554], [100.4674, 13.6553], [100.4674, 13.6553], [100.4675, 13.6551], [100.4675, 13.6551], [100.4673, 13.655], [100.4671, 13.6548], [100.4671, 13.6547], [100.467, 13.6547], [100.467, 13.6547], [100.4669, 13.6547], [100.4669, 13.6547], [100.4667, 13.6549], [100.4667, 13.6549], [100.4666, 13.6549], [100.4666, 13.6549], [100.4662, 13.6547], [100.466, 13.6546], [100.4656, 13.6544], [100.4653, 13.6543], [100.4649, 13.6541], [100.4646, 13.6539], [100.4646, 13.6539], [100.4646, 13.6539], [100.4645, 13.6542], [100.4644, 13.6543], [100.4644, 13.6545], [100.4643, 13.6547], [100.4643, 13.6547], [100.4642, 13.6547], [100.464, 13.6545], [100.464, 13.6545], [100.4638, 13.6543], [100.4638, 13.6543], [100.4636, 13.6543], [100.4635, 13.6544], [100.4634, 13.6546], [100.4633, 13.6546], [100.4633, 13.6546], [100.4633, 13.6546], [100.4631, 13.6544], [100.4629, 13.654], [100.4629, 13.654], [100.4625, 13.6543], [100.462, 13.6547], [100.4617, 13.6549], [100.4616, 13.6549], [100.4615, 13.655], [100.461, 13.6553], [100.4607, 13.6555], [100.4601, 13.6556], [100.4595, 13.6557], [100.4595, 13.6557], [100.4591, 13.656], [100.4588, 13.656], [100.4586, 13.6561], [100.4579, 13.6563], [100.4574, 13.6564], [100.4572, 13.6565], [100.457, 13.6566], [100.4569, 13.6567], [100.4567, 13.6569], [100.4567, 13.6569], [100.4558, 13.6572], [100.4551, 13.6576], [100.4547, 13.6577], [100.4543, 13.6578], [100.454, 13.6579], [100.4536, 13.6581], [100.4529, 13.6583], [100.452, 13.6586], [100.4517, 13.6587], [100.4512, 13.6589], [100.4512, 13.6589], [100.4514, 13.6594], [100.4516, 13.6599], [100.4517, 13.6603], [100.4519, 13.6609], [100.4522, 13.6615], [100.4525, 13.6623], [100.4527, 13.663], [100.4528, 13.6634], [100.453, 13.664], [100.4532, 13.6644], [100.4532, 13.6647], [100.4533, 13.6651], [100.4535, 13.6659], [100.4535, 13.6662], [100.4537, 13.667], [100.4538, 13.6676], [100.454, 13.6682], [100.454, 13.6682], [100.454, 13.6684], [100.454, 13.6686], [100.4541, 13.6688], [100.4541, 13.669], [100.4541, 13.6691], [100.4541, 13.6693], [100.4541, 13.6696], [100.454, 13.6701], [100.4539, 13.6705], [100.4539, 13.6707], [100.4537, 13.6711], [100.4536, 13.6715], [100.4534, 13.6722], [100.4533, 13.6724], [100.4531, 13.673], [100.453, 13.6734], [100.4528, 13.6738], [100.4527, 13.6743], [100.4526, 13.6744], [100.4524, 13.675], [100.4521, 13.6755], [100.4521, 13.6756], [100.452, 13.6756], [100.4518, 13.6755], [100.4517, 13.6755], [100.4517, 13.6755], [100.4515, 13.6754], [100.4514, 13.6754], [100.4514, 13.6754], [100.4514, 13.6754], [100.4513, 13.6754], [100.451, 13.6753], [100.4509, 13.6753], [100.4508, 13.6753], [100.4506, 13.6753], [100.4505, 13.6753], [100.4504, 13.6752], [100.4503, 13.6752], [100.4501, 13.6752], [100.45, 13.6752], [100.4498, 13.6752], [100.4496, 13.6753], [100.4494, 13.6753], [100.449, 13.6753], [100.4488, 13.6753], [100.4488, 13.6754], [100.4488, 13.6755], [100.4489, 13.6757], [100.4489, 13.6758], [100.4489, 13.6758], [100.4489, 13.6758], [100.4489, 13.6759], [100.4489, 13.6759], [100.449, 13.676], [100.449, 13.676], [100.449, 13.676], [100.4489, 13.6761], [100.4489, 13.6761], [100.4489, 13.6761], [100.4489, 13.6763], [100.4489, 13.6764], [100.4489, 13.6765], [100.4489, 13.6765], [100.449, 13.6765], [100.449, 13.6766], [100.449, 13.6766], [100.449, 13.6768], [100.449, 13.6769], [100.449, 13.677], [100.449, 13.6773], [100.449, 13.6774], [100.449, 13.6776], [100.4489, 13.6777], [100.4489, 13.6777], [100.4489, 13.6777], [100.4488, 13.6778], [100.4488, 13.6779], [100.4488, 13.6781], [100.4487, 13.6782], [100.4486, 13.6786], [100.4486, 13.6788], [100.4485, 13.6788], [100.4485, 13.679], [100.4485, 13.6791], [100.4485, 13.6794], [100.4485, 13.6797], [100.4484, 13.6798], [100.4484, 13.6798], [100.4484, 13.6799], [100.4485, 13.6799], [100.4485, 13.68], [100.4485, 13.6803], [100.4485, 13.6805], [100.4485, 13.6807], [100.4485, 13.6808], [100.4486, 13.6809], [100.4486, 13.681], [100.4486, 13.6811], [100.4486, 13.6811], [100.4486, 13.6812], [100.4486, 13.6814], [100.4487, 13.6816], [100.4487, 13.6816], [100.4486, 13.6817], [100.4485, 13.6817], [100.4484, 13.6817], [100.4483, 13.6817], [100.4483, 13.6817], [100.4482, 13.6816], [100.448, 13.6816], [100.4478, 13.6815], [100.4477, 13.6815], [100.4476, 13.6815], [100.4475, 13.6814], [100.4475, 13.6815], [100.4474, 13.6815], [100.4474, 13.6815], [100.4473, 13.6816], [100.4473, 13.6816], [100.4472, 13.6817], [100.4472, 13.6818], [100.4471, 13.6819], [100.4471, 13.6821], [100.447, 13.6822], [100.447, 13.6822], [100.447, 13.6824], [100.4469, 13.6825], [100.4468, 13.6826]]]}, "properties": {"DISTRICT_N": "บางขุนเทียน", "CODE": 1021, "AREA_BMA": 120.68700000000001}}, {"type": "Feature", "geometry": {"type": "Polygon", "coordinates": [[[100.5176, 13.6619], [100.5176, 13.6625], [100.5177, 13.6628], [100.5176, 13.663], [100.5175, 13.6636], [100.5175, 13.6638], [100.5175, 13.664], [100.5176, 13.6645], [100.5176, 13.6647], [100.5176, 13.6648], [100.5176, 13.6648], [100.5176, 13.665], [100.5177, 13.6653], [100.5177, 13.6655], [100.5177, 13.6656], [100.5177, 13.6659], [100.5177, 13.666], [100.5177, 13.6662], [100.5176, 13.6664], [100.5176, 13.6665], [100.5176, 13.6666], [100.5176, 13.6667], [100.5177, 13.6668], [100.5177, 13.6669], [100.5177, 13.667], [100.5177, 13.6672], [100.5176, 13.6672], [100.5177, 13.6673], [100.5177, 13.6673], [100.5178, 13.6673], [100.5179, 13.6672], [100.518, 13.6672], [100.518, 13.6672], [100.5181, 13.6673], [100.5182, 13.6674], [100.5183, 13.6674], [100.5184, 13.6674], [100.5184, 13.6675], [100.5185, 13.6676], [100.5186, 13.6676], [100.5186, 13.6677], [100.5187, 13.6677], [100.5188, 13.6676], [100.5188, 13.6676], [100.5189, 13.6676], [100.519, 13.6677], [100.5191, 13.6677], [100.5192, 13.6678], [100.5193, 13.6678], [100.5194, 13.6679], [100.5195, 13.668], [100.5196, 13.668], [100.5198, 13.6681], [100.5199, 13.6681], [100.5199, 13.6682], [100.52, 13.6683], [100.5201, 13.6683], [100.5202, 13.6683], [100.5203, 13.6683], [100.5204, 13.6683], [100.5205, 13.6683], [100.5205, 13.6684], [100.5206, 13.6685], [100.5205, 13.6686], [100.5205, 13.6686], [100.5204, 13.6688], [100.5204, 13.6688], [100.5204, 13.6689], [100.5204, 13.6689], [100.5205, 13.6689], [100.5206, 13.6689], [100.5206, 13.6688], [100.5207, 13.6688], [100.5207, 13.6688], [100.5207, 13.6688], [100.5208, 13.6689], [100.5208, 13.669], [100.5208, 13.6691], [100.5208, 13.6691], [100.5209, 13.6691], [100.521, 13.6691], [100.5211, 13.6691], [100.5211, 13.6691], [100.5211, 13.6692], [100.5212, 13.6693], [100.5211, 13.6694], [100.521, 13.6695], [100.521, 13.6695], [100.5209, 13.6695], [100.5208, 13.6695], [100.5207, 13.6695], [100.5207, 13.6696], [100.5207, 13.6696], [100.5207, 13.6697], [100.5208, 13.67], [100.5207, 13.6701], [100.5207, 13.6701], [100.5206, 13.6702], [100.5206, 13.6702], [100.5206, 13.6703], [100.5207, 13.6704], [100.5207, 13.6705], [100.5207, 13.6706], [100.5207, 13.6707], [100.5206, 13.6708], [100.5204, 13.6709], [100.5204, 13.671], [100.5204, 13.6711], [100.5205, 13.6712], [100.5206, 13.6713], [100.5207, 13.6713], [100.5208, 13.6714], [100.521, 13.6714], [100.521, 13.6715], [100.521, 13.6716], [100.521, 13.6717], [100.521, 13.6718], [100.5211, 13.6718], [100.5211, 13.6719], [100.5212, 13.6719], [100.5214, 13.6719], [100.5215, 13.672], [100.5216, 13.672], [100.5216, 13.6721], [100.5216, 13.6722], [100.5216, 13.6723], [100.5215, 13.6724], [100.5215, 13.6725], [100.5215, 13.6726], [100.5216, 13.6727], [100.5216, 13.6727], [100.5216, 13.673], [100.5216, 13.6731], [100.5217, 13.6733], [100.5217, 13.6733], [100.5217, 13.6734], [100.5218, 13.6734], [100.5219, 13.6734], [100.5219, 13.6735], [100.522, 13.6736], [100.522, 13.6737], [100.522, 13.6738], [100.5219, 13.6738], [100.5219, 13.6739], [100.5219, 13.674], [100.5219, 13.6741], [100.522, 13.6742], [100.522, 13.6744], [100.522, 13.6745], [100.5219, 13.6746], [100.5218, 13.6749], [100.5218, 13.675], [100.5217, 13.6751], [100.5216, 13.6751], [100.5215, 13.6751], [100.5215, 13.6751], [100.5214, 13.6751], [100.5213, 13.675], [100.5212, 13.675], [100.5211, 13.675], [100.5209, 13.675], [100.5208, 13.675], [100.5206, 13.6751], [100.5205, 13.6752], [100.5204, 13.6753], [100.5203, 13.6755], [100.5204, 13.6757], [100.5205, 13.6758], [100.5208, 13.676], [100.521, 13.6762], [100.5212, 13.6764], [100.5228, 13.6782], [100.5209, 13.6797], [100.5182, 13.6817], [100.5172, 13.6823], [100.5171, 13.6824], [100.5157, 13.6831], [100.5128, 13.6842], [100.5113, 13.6846], [100.5095, 13.685], [100.508, 13.6854], [100.5063, 13.6857], [100.5045, 13.6859], [100.5033, 13.6859], [100.5023, 13.686], [100.4998, 13.6867], [100.4994, 13.6868], [100.4979, 13.6874], [100.4955, 13.6885], [100.4942, 13.6893], [100.4924, 13.6907], [100.4916, 13.6916], [100.4906, 13.693], [100.49, 13.6942], [100.4899, 13.6951], [100.4899, 13.6952], [100.4896, 13.6953], [100.489, 13.6952], [100.4887, 13.6953], [100.4886, 13.6952], [100.4885, 13.6952], [100.4884, 13.6952], [100.4883, 13.6952], [100.4882, 13.6951], [100.4882, 13.6951], [100.4882, 13.695], [100.4881, 13.695], [100.488, 13.6949], [100.4879, 13.6949], [100.4879, 13.6949], [100.4878, 13.6949], [100.4876, 13.6949], [100.4871, 13.6951], [100.4871, 13.6951], [100.4869, 13.6951], [100.4868, 13.6951], [100.4866, 13.6951], [100.4864, 13.6951], [100.4863, 13.6951], [100.4862, 13.6951], [100.4862, 13.6951], [100.486, 13.6951], [100.4858, 13.695], [100.4855, 13.695], [100.4853, 13.695], [100.4853, 13.695], [100.4852, 13.6951], [100.4852, 13.6951], [100.4851, 13.6951], [100.485, 13.695], [100.485, 13.695], [100.485, 13.6949], [100.4849, 13.6949], [100.4848, 13.6949], [100.4847, 13.6949], [100.4845, 13.6949], [100.4844, 13.6949], [100.4843, 13.695], [100.4842, 13.695], [100.484, 13.695], [100.4837, 13.695], [100.4836, 13.695], [100.4834, 13.695], [100.4833, 13.695], [100.4832, 13.6949], [100.4831, 13.6949], [100.483, 13.6948], [100.4828, 13.6948], [100.4827, 13.6948], [100.4826, 13.6948], [100.4826, 13.6947], [100.4823, 13.6946], [100.4821, 13.6939], [100.4819, 13.6935], [100.4818, 13.693], [100.4816, 13.6924], [100.4815, 13.6921], [100.4815, 13.6921], [100.4815, 13.6921], [100.4814, 13.6919], [100.4814, 13.6919], [100.4814, 13.6918], [100.4814, 13.6917], [100.4814, 13.6916], [100.4814, 13.6915], [100.4814, 13.6913], [100.4814, 13.6912], [100.4814, 13.6911], [100.4814, 13.691], [100.4814, 13.6909], [100.4815, 13.6906], [100.4816, 13.6905], [100.4816, 13.6904], [100.4817, 13.6901], [100.4818, 13.69], [100.4819, 13.6898], [100.4821, 13.6897], [100.4822, 13.6896], [100.4823, 13.6895], [100.4825, 13.6894], [100.4827, 13.6892], [100.483, 13.689], [100.4834, 13.6887], [100.4838, 13.6884], [100.4844, 13.688], [100.4847, 13.6878], [100.485, 13.6875], [100.4855, 13.6872], [100.4858, 13.687], [100.4864, 13.6866], [100.4868, 13.6863], [100.4869, 13.6862], [100.4871, 13.686], [100.4871, 13.686], [100.4874, 13.6858], [100.4877, 13.6856], [100.488, 13.6854], [100.4881, 13.6853], [100.4886, 13.685], [100.4887, 13.6849], [100.4887, 13.6848], [100.4888, 13.6848], [100.489, 13.6846], [100.4889, 13.6844], [100.4888, 13.6843], [100.4888, 13.6841], [100.4887, 13.6839], [100.4886, 13.6838], [100.4885, 13.6835], [100.4884, 13.6833], [100.4883, 13.6832], [100.4883, 13.6831], [100.4882, 13.6829], [100.4882, 13.6827], [100.4882, 13.6825], [100.4882, 13.6824], [100.4881, 13.6824], [100.4881, 13.6824], [100.4881, 13.6824], [100.4878, 13.6824], [100.4877, 13.6824], [100.4875, 13.6825], [100.4874, 13.6825], [100.4874, 13.6825], [100.4874, 13.6825], [100.4874, 13.6825], [100.4874, 13.6824], [100.4875, 13.6822], [100.4875, 13.6822], [100.4875, 13.6822], [100.4876, 13.6821], [100.4877, 13.6818], [100.4877, 13.6816], [100.4878, 13.6814], [100.4878, 13.6811], [100.4879, 13.6809], [100.4879, 13.6808], [100.488, 13.6806], [100.4881, 13.6805], [100.4881, 13.6804], [100.4881, 13.6804], [100.4881, 13.6804], [100.4881, 13.6803], [100.4882, 13.6801], [100.4882, 13.68], [100.4882, 13.6799], [100.4883, 13.6799], [100.4883, 13.6798], [100.4883, 13.6798], [100.4884, 13.6797], [100.4884, 13.6797], [100.4885, 13.6797], [100.4885, 13.6797], [100.4885, 13.6796], [100.4885, 13.6796], [100.4885, 13.6796], [100.4885, 13.6796], [100.4885, 13.6795], [100.4885, 13.6795], [100.4884, 13.6793], [100.4884, 13.6793], [100.4883, 13.6793], [100.4882, 13.6791], [100.4881, 13.6791], [100.488, 13.679], [100.4879, 13.6788], [100.4876, 13.6785], [100.4875, 13.6783], [100.4875, 13.6782], [100.4874, 13.6782], [100.4874, 13.6781], [100.4874, 13.6781], [100.4873, 13.6781], [100.4873, 13.678], [100.4872, 13.678], [100.4872, 13.678], [100.4872, 13.6779], [100.487, 13.6777], [100.4869, 13.6775], [100.4869, 13.6774], [100.4869, 13.6774], [100.4869, 13.6774], [100.4869, 13.6774], [100.4868, 13.6774], [100.4868, 13.6774], [100.4868, 13.6774], [100.4868, 13.6774], [100.4867, 13.6773], [100.4866, 13.6772], [100.4866, 13.6772], [100.4866, 13.6772], [100.4866, 13.6772], [100.4866, 13.6771], [100.4866, 13.6771], [100.4866, 13.6771], [100.4865, 13.6771], [100.4865, 13.6771], [100.4865, 13.6771], [100.4864, 13.677], [100.4864, 13.677], [100.4864, 13.6769], [100.4861, 13.6766], [100.486, 13.6763], [100.4859, 13.6762], [100.4857, 13.6761], [100.4856, 13.6759], [100.4855, 13.6758], [100.4855, 13.6758], [100.4854, 13.6758], [100.4854, 13.6757], [100.4853, 13.6757], [100.4853, 13.6756], [100.4852, 13.6755], [100.4852, 13.6754], [100.4851, 13.6753], [100.4851, 13.6753], [100.485, 13.6752], [100.485, 13.6751], [100.485, 13.6751], [100.485, 13.6751], [100.4849, 13.675], [100.4849, 13.675], [100.4848, 13.6749], [100.4848, 13.6749], [100.4847, 13.6747], [100.4846, 13.6746], [100.4845, 13.6745], [100.4845, 13.6744], [100.4842, 13.6742], [100.484, 13.674], [100.4839, 13.6738], [100.4836, 13.6735], [100.4833, 13.6731], [100.483, 13.6727], [100.4828, 13.6725], [100.4828, 13.6725], [100.4825, 13.6722], [100.4824, 13.672], [100.4823, 13.6718], [100.482, 13.6715], [100.482, 13.6714], [100.482, 13.6714], [100.482, 13.6713], [100.4819, 13.6713], [100.4819, 13.6713], [100.4818, 13.6712], [100.4818, 13.6712], [100.4817, 13.6711], [100.4817, 13.6711], [100.4817, 13.671], [100.4817, 13.671], [100.4817, 13.671], [100.4816, 13.6709], [100.4816, 13.6709], [100.4815, 13.6708], [100.4814, 13.6706], [100.4813, 13.6706], [100.4813, 13.6705], [100.4812, 13.6705], [100.4812, 13.6704], [100.4811, 13.6703], [100.4809, 13.6702], [100.4807, 13.6699], [100.4806, 13.6697], [100.4804, 13.6695], [100.4802, 13.6693], [100.4802, 13.6693], [100.4802, 13.6692], [100.4802, 13.6692], [100.4802, 13.6691], [100.4803, 13.669], [100.4803, 13.669], [100.4804, 13.6688], [100.4804, 13.6687], [100.4805, 13.6684], [100.4806, 13.6683], [100.4806, 13.6682], [100.4808, 13.6679], [100.4809, 13.6676], [100.481, 13.6673], [100.4812, 13.6669], [100.4813, 13.6666], [100.4814, 13.6665], [100.4814, 13.6665], [100.4814, 13.6665], [100.4815, 13.6662], [100.4817, 13.6658], [100.4818, 13.6656], [100.4819, 13.6654], [100.482, 13.6652], [100.482, 13.665], [100.4821, 13.665], [100.4821, 13.6649], [100.4821, 13.6649], [100.4821, 13.6648], [100.4821, 13.6647], [100.4819, 13.6647], [100.4815, 13.6646], [100.4813, 13.6646], [100.4812, 13.6645], [100.4808, 13.6645], [100.4805, 13.6644], [100.48, 13.6643], [100.4799, 13.6643], [100.4794, 13.6642], [100.479, 13.6642], [100.4788, 13.6642], [100.4788, 13.6642], [100.4788, 13.6641], [100.4787, 13.6641], [100.4785, 13.6641], [100.4783, 13.6641], [100.4778, 13.664], [100.4773, 13.6639], [100.4767, 13.6638], [100.4764, 13.6638], [100.476, 13.6637], [100.4756, 13.6637], [100.4756, 13.6637], [100.4756, 13.6636], [100.4756, 13.6636], [100.4756, 13.6636], [100.4756, 13.6636], [100.4756, 13.6635], [100.4756, 13.6634], [100.4757, 13.6628], [100.4757, 13.6625], [100.4758, 13.6621], [100.4758, 13.662], [100.4771, 13.6622], [100.4779, 13.6623], [100.4788, 13.6624], [100.4795, 13.6625], [100.4809, 13.6628], [100.4821, 13.6631], [100.4822, 13.663], [100.4825, 13.6625], [100.4831, 13.6608], [100.4837, 13.6597], [100.4842, 13.6589], [100.4846, 13.6584], [100.4852, 13.658], [100.4859, 13.6577], [100.4867, 13.6576], [100.487, 13.6577], [100.4874, 13.6577], [100.4877, 13.6577], [100.488, 13.6577], [100.4883, 13.6576], [100.4885, 13.6576], [100.4889, 13.6575], [100.4892, 13.6574], [100.4894, 13.6573], [100.4897, 13.6572], [100.49, 13.6571], [100.4901, 13.6571], [100.4903, 13.657], [100.4906, 13.6568], [100.491, 13.6567], [100.4914, 13.6565], [100.4917, 13.6564], [100.4922, 13.6561], [100.4926, 13.656], [100.4927, 13.6559], [100.4929, 13.6561], [100.4932, 13.6564], [100.4934, 13.6568], [100.4936, 13.657], [100.4941, 13.6573], [100.4944, 13.6574], [100.4949, 13.6575], [100.4955, 13.6573], [100.4965, 13.6568], [100.4965, 13.6568], [100.4965, 13.6568], [100.4965, 13.6567], [100.4965, 13.6566], [100.4965, 13.6565], [100.4965, 13.6565], [100.4964, 13.6561], [100.4966, 13.656], [100.4967, 13.6559], [100.4969, 13.6558], [100.4972, 13.6556], [100.4979, 13.6551], [100.4985, 13.6548], [100.499, 13.6544], [100.4992, 13.6543], [100.4995, 13.6541], [100.4995, 13.6541], [100.4996, 13.654], [100.4996, 13.6539], [100.4996, 13.6539], [100.4997, 13.6538], [100.4998, 13.6538], [100.4999, 13.6537], [100.5005, 13.6533], [100.501, 13.653], [100.501, 13.6532], [100.5013, 13.6537], [100.5017, 13.6546], [100.5023, 13.6554], [100.5025, 13.6557], [100.5026, 13.656], [100.5027, 13.656], [100.5028, 13.6562], [100.5028, 13.6562], [100.5036, 13.6575], [100.5041, 13.6583], [100.5044, 13.6589], [100.5047, 13.6595], [100.5049, 13.66], [100.505, 13.6602], [100.5052, 13.6602], [100.506, 13.6598], [100.5062, 13.6597], [100.5064, 13.6596], [100.5064, 13.6597], [100.5064, 13.6598], [100.5065, 13.6599], [100.5066, 13.6601], [100.5068, 13.6604], [100.507, 13.6607], [100.5071, 13.6608], [100.5072, 13.6609], [100.5073, 13.661], [100.5073, 13.6611], [100.5073, 13.6611], [100.5074, 13.6612], [100.5075, 13.6614], [100.5076, 13.6616], [100.5077, 13.6617], [100.5078, 13.6619], [100.5079, 13.6622], [100.508, 13.6623], [100.508, 13.6624], [100.5081, 13.6625], [100.5083, 13.6628], [100.5083, 13.6629], [100.5084, 13.6629], [100.5084, 13.663], [100.5087, 13.663], [100.5094, 13.6628], [100.5102, 13.6626], [100.5115, 13.662], [100.5133, 13.6608], [100.5135, 13.6608], [100.514, 13.6609], [100.5144, 13.6611], [100.5153, 13.6614], [100.5163, 13.6616], [100.5169, 13.6618], [100.5176, 13.6619]]]}, "properties": {"DISTRICT_N": "ราษฎร์บูรณะ", "CODE": 1024, "AREA_BMA": 15.78199959}}]}