{"type": "FeatureCollection", "features": [{"type": "Feature", "geometry": {"type": "Point", "coordinates": [100.5919, 13.70811], "crs": null}, "properties": {"name": "ชุมชนหมู่บ้านเปรมฤทัย ซอยเริ่มเจริญ (แนวเขื่อนของ สนน ดำเนินการเสร็จแล้ว เขตตั้งเครื่องสูบแล้ว)", "district": "คลองเตย", "project_name": null, "status_detail": "แก้ไขแล้วเสร็จ", "problem": "น้ำฝน สนข.", "status_num": 5, "detail": "ชุมชนหมู่บ้านเปรมฤทัย อยู่ริมคลองพระโขนง เมื่อถึงฤดูน้ำหลากและน้ำทะเลหนุนน้ำจะรั่วซึมเข้าตามแผงเขื่อนที่ชำรุด จึงเป็นเหตุให้เกิดปัญหาน้ำท่วม"}}, {"type": "Feature", "geometry": {"type": "Point", "coordinates": [100.5618, 13.77654], "crs": null}, "properties": {"name": "ประชาสงเคราะห์ 27", "district": "ดินแดง", "project_name": null, "status_detail": "แก้ไขแล้วเสร็จ", "problem": "น้ำฝน สนข.", "status_num": 5, "detail": "สภาพภายในซอยเป็นพื้นที่ลุ่มต่ำ ประกอบด้วยระบบท่อระบายน้ำในซอยมีขนาดเล็ก"}}, {"type": "Feature", "geometry": {"type": "Point", "coordinates": [100.5889, 13.70513], "crs": null}, "properties": {"name": "ลานหิมะทองคำ", "district": "คลองเตย", "project_name": null, "status_detail": "แก้ไขแล้วเสร็จ", "problem": "น้ำฝน สนข.", "status_num": 5, "detail": "ลานหิมะทองคำ อยู่ริมคลองพระโขนง เมื่อถึงฤดูน้ำหลากและน้ำทะเลหนุนน้ำจะรั่วซึมเข้าตามแผงเขื่อนที่ชำรุด จึงเป็นเหตุให้เกิดปัญหาน้ำท่วม"}}, {"type": "Feature", "geometry": {"type": "Point", "coordinates": [100.568, 13.71877], "crs": null}, "properties": {"name": "ซอยสุขุมวิท 26", "district": "คลองเตย", "project_name": null, "status_detail": "แก้ไขแล้วเสร็จบางส่วน", "problem": "น้ำฝน สนข.", "status_num": 4, "detail": "ท่อระบายน้ำซอยสุขุมวิท 22 ยาวประมาณ 1,600 เมตร ผิวจราจรกว้าง 8.00 เมตร ท่อระบายน้ำขนาด Ø 1.0 เมตร และ Ø 0.60 เมตร รับน้ำจากถนนสุขุมวิทและมีน้ำส่วนหนึ่งไหลมาจากซอยสุขุมวิท 24 มาบรรจบกันบริเวณทางออกถนนพระรามที่ 4 เมื่อฝนตกหนักปริมาณน้ำมากทำให้น้ำระบายไม่ทัน จึงเอ่อล้นบ่อพักขึ้นมาบนผิวจราจรช่วงโรงเรียนสายน้ำทิพย์ – โรงเรียนขจรศึกษา มีพื้นที่น้ำท่วมขังยาวประมาณ 800 เมตร ท่วมสูงประมาณ 20-30 เซนติเมตร"}}, {"type": "Feature", "geometry": {"type": "Point", "coordinates": [100.5656, 13.72069], "crs": null}, "properties": {"name": "ซอยสุขุมวิท 22", "district": "คลองเตย", "project_name": null, "status_detail": "แก้ไขแล้วเสร็จ", "problem": "น้ำฝน สนข.", "status_num": 5, "detail": "หมู่บ้านมหาวงษ์ อยู่ริมคลองพระโขนง เมื่อถึงฤดูน้ำหลากและน้ำทะเลหนุนน้ำจะรั่วซึมเข้าตามแผงเขื่อนที่ชำรุด จึงเป็นเหตุให้เกิดปัญหาน้ำท่วม"}}, {"type": "Feature", "geometry": {"type": "Point", "coordinates": [100.5911, 13.70777], "crs": null}, "properties": {"name": "หมู่บ้านมหาวงษ์ แยกซอยภูมิจิตร", "district": "คลองเตย", "project_name": null, "status_detail": "แก้ไขแล้วเสร็จ", "problem": "น้ำฝน สนข.", "status_num": 5, "detail": "หมู่บ้านมหาวงษ์ อยู่ริมคลองพระโขนง เมื่อถึงฤดูน้ำหลากและน้ำทะเลหนุนน้ำจะรั่วซึมเข้าตามแผงเขื่อนที่ชำรุด จึงเป็นเหตุให้เกิดปัญหาน้ำท่วม"}}, {"type": "Feature", "geometry": {"type": "Point", "coordinates": [100.4917, 13.69411], "crs": null}, "properties": {"name": "บริเวณประตูระบายน้ำลำกระโดงสาธารณะ 4 (บ้านทรงไทย)", "district": "บางคอแหลม", "project_name": null, "status_detail": "อยู่ระหว่างดำเนินการแก้ไข", "problem": "น้ำฝน สนข.", "status_num": 3, "detail": "วัดคลองเตยนอก อยู่ริมแม่น้ำเจ้าพระยาและมีระดับต่ำเมื่อถึงฤดูน้ำหลากและน้ำทะเลหนุนสูง จะไหลเข้าท่อระบายน้ำล้นบ่อพักไหลเข้ามาภายในวัด"}}, {"type": "Feature", "geometry": {"type": "Point", "coordinates": [100.4833, 13.70714], "crs": null}, "properties": {"name": "ซอยสมเด็จพระเจ้าตากสิน 28", "district": "ธนบุรี", "project_name": null, "status_detail": "แก้ไขแล้วเสร็จ", "problem": "น้ำฝน สนข.", "status_num": 5, "detail": "- เป็นซอยเอกชนพื้นที่ต่ำ ระบบท่อระบายน้ำมีขนาดเล็ก\n- หากเกิดฝนตกหนักมีน้ำรอระบายสูงสุด 10-15 เซนติเมตร ใช้เวลาไม่เกิน 20 นาที"}}, {"type": "Feature", "geometry": {"type": "Point", "coordinates": [100.5883, 13.7055], "crs": null}, "properties": {"name": "ท่าทรายสุขสวัสดิ์", "district": "คลองเตย", "project_name": null, "status_detail": "อยู่ระหว่างดำเนินการแก้ไข", "problem": "น้ำฝน สนข.", "status_num": 3, "detail": "ชุมชนโรงหมูอยู่ริมคลองพระโขนง เมื่อถึงฤดูน้ำหลากและน้ำทะเลหนุนน้ำจะรั่วซึมเข้าตามแผงเขื่อนที่ชำรุด จึงเป็นเหตุให้เกิดปัญหาน้ำท่วม"}}, {"type": "Feature", "geometry": {"type": "Point", "coordinates": [100.5094, 13.68945], "crs": null}, "properties": {"name": "สามแยกเจริญราษฎร์", "district": "บางคอแหลม", "project_name": null, "status_detail": "แก้ไขแล้วเสร็จ", "problem": "น้ำฝน สนข.", "status_num": 5, "detail": null}}, {"type": "Feature", "geometry": {"type": "Point", "coordinates": [100.5997, 13.78918], "crs": null}, "properties": {"name": "ซอยลาดพร้าว 64", "district": "วังทองหลาง", "project_name": null, "status_detail": "แก้ไขแล้วเสร็จ", "problem": "น้ำฝน สนข.", "status_num": 5, "detail": "ปัญหา : น้ำท่วมขังซอยลาดพร้าว 64 (แยก 2 , แยก 4) สภาพซอยมีพื้นที่ต่ำ"}}, {"type": "Feature", "geometry": {"type": "Point", "coordinates": [100.6062, 13.76869], "crs": null}, "properties": {"name": "ถนนศรีวรา", "district": "วังทองหลาง", "project_name": null, "status_detail": "แก้ไขแล้วเสร็จ", "problem": "น้ำฝน สนข.", "status_num": 5, "detail": "ปัญหา : น้ำท่วมขังบริเวณ ถนนศรีวรา โครงการ : ขุดลอกลำคลองตาป่วน เลียบถนนศรีวรา"}}, {"type": "Feature", "geometry": {"type": "Point", "coordinates": [100.4433, 13.69304], "crs": null}, "properties": {"name": "ปลายซอยกำนันแม้น 22", "district": "จอมทอง", "project_name": null, "status_detail": "พื้นที่เอกชนหรือหน่วยงานราชการ", "problem": "น้ำฝน สนข.", "status_num": 2, "detail": "ผิวจราจรมีระดับต่ำและเป็นพื้นที่ส่วนบุคคล\n"}}, {"type": "Feature", "geometry": {"type": "Point", "coordinates": [100.4824, 13.68043], "crs": null}, "properties": {"name": "ถนนพระราม 2 ซอย 3 - 11", "district": "จอมทอง", "project_name": null, "status_detail": "พื้นที่เอกชนหรือหน่วยงานราชการ", "problem": "น้ำฝน สนข.", "status_num": 2, "detail": "พื้นผิวจราจรมีระดับต่ำไม่สามารถระบายน้ำลงคลองได้ทัน"}}, {"type": "Feature", "geometry": {"type": "Point", "coordinates": [100.4655, 13.70185], "crs": null}, "properties": {"name": "ประตูระบายน้ำคลองบางค้อ", "district": "จอมทอง", "project_name": null, "status_detail": "แก้ไขแล้วเสร็จ", "problem": "น้ำฝน สนข.", "status_num": 5, "detail": "ประตูระบายน้ำมีน้ำรั่วซึม"}}, {"type": "Feature", "geometry": {"type": "Point", "coordinates": [100.4485, 13.68164], "crs": null}, "properties": {"name": "คลองวัดสิงห์ ตอนคลองสนามชัย", "district": "จอมทอง", "project_name": null, "status_detail": "แก้ไขแล้วเสร็จ", "problem": "น้ำฝน สนข.", "status_num": 5, "detail": "ประตูระบายน้ำมีน้ำรั่วซึม"}}, {"type": "Feature", "geometry": {"type": "Point", "coordinates": [100.5025, 13.73486], "crs": null}, "properties": {"name": "ซอยท่าดินแดง 13 (เอกชน)", "district": "คลองสาน", "project_name": null, "status_detail": "อยู่ระหว่างดำเนินการแก้ไข", "problem": "น้ำฝน สนข.", "status_num": 3, "detail": "บริเวณตลาดท่าดินแดง – ท่าเรือท่าดินแดง ซอยแยกซอยท่าดินแดง 13 (ซอยเอกชน) ซึ่งมีสภาพพื้นที่ต่ำ และท่อระบายน้ำมีขนาดเล็ก เส้นผ่าศูนย์กลาง 0.30 เมตร เมื่อฝนตกหนักจะมีน้ำรอการระบาย และท่วมบ้านเรือนที่อยู่ต่ำภายในซอยดังกล่าว"}}, {"type": "Feature", "geometry": {"type": "Point", "coordinates": [100.4832, 13.70605], "crs": null}, "properties": {"name": "ถนนรัชดาภิเษกช่วงเดอะมอลล แยกมไหสวรรค์", "district": "ธนบุรี", "project_name": null, "status_detail": "แก้ไขแล้วเสร็จ", "problem": "น้ำฝน สนข.", "status_num": 5, "detail": "-ผิวการจราจรไม่เรียบเป็นแอ่งเป็นช่วง ๆ ทำให้เกิดการระบายน้ำได้ช้า\n-มีการก่อสร้างทางลอดทางแยกรัชดาภิเษก -ราชพฤกษ์ ทำให้เป็นอุปสรรคในการระบาย\nน้ำจากเศษวัสดุก่อสร้าง\n'- หากเกิดฝนตกหนักมีนำรอระบายสูงสุด 10 เซนติเมตร ใช้เวลาไม่เกิน 30 นาที"}}, {"type": "Feature", "geometry": {"type": "Point", "coordinates": [100.4873, 13.70793], "crs": null}, "properties": {"name": "ซอยสมเด็จพระเจ้าตากสิน 25", "district": "ธนบุรี", "project_name": null, "status_detail": "แก้ไขแล้วเสร็จ", "problem": "น้ำฝน สนข.", "status_num": 5, "detail": "- เป็นซอยเอกชนพื้นที่ต่ำ ระบบท่อระบายน้ำมีขนาดเล็ก\n- หากเกิดฝนตกหนักมีน้ำรอระบายสูงสุด 10-15 เซนติเมตร ใช้เวลาไม่เกิน 20 นาที"}}, {"type": "Feature", "geometry": {"type": "Point", "coordinates": [100.4824, 13.70079], "crs": null}, "properties": {"name": "ซอยสมเด็จพระเจ้าตากสิน 40", "district": "ธนบุรี", "project_name": null, "status_detail": "แก้ไขแล้วเสร็จ", "problem": "น้ำฝน สนข.", "status_num": 5, "detail": "- ท่อระบายน้ำภายในซอยมีขนาดเล็ก ต้นซอยเป็นที่สาธารณะความยาว 20 เมตร\n- มีน้ำรอระบายเป็นบางครั้งระดับน้ำรอระบายสูงสุด 5 เซนติเมตร ใช้เวลาไม่เกิน 20 นาที"}}, {"type": "Feature", "geometry": {"type": "Point", "coordinates": [100.4709, 13.71263], "crs": null}, "properties": {"name": "ทางกลับรถใต้สะพานวุฒากาศ", "district": "ธนบุรี", "project_name": null, "status_detail": "แก้ไขแล้วเสร็จ", "problem": "น้ำฝน สนข.", "status_num": 5, "detail": "- ท่อระบายน้ำที่เชื่อมคลองด่านไหลได้ช้า/อุดตัน\n- มีน้ำรอการระบายเป็นบางครั้ง ระดับน้ำรอการระบายสูงสุด 5 ซม. ใช้เวลาไม่เกิน 20 นาที"}}, {"type": "Feature", "geometry": {"type": "Point", "coordinates": [100.4876, 13.74464], "crs": null}, "properties": {"name": "ชุมชนซอยวังเดิม 10 ถนนวังเดิม", "district": "บางกอกใหญ่", "project_name": null, "status_detail": "มีมาตรการเร่งด่วน", "problem": "น้ำฝน สนข.", "status_num": 1, "detail": "ผิวจราจรต่ำ "}}, {"type": "Feature", "geometry": {"type": "Point", "coordinates": [100.5324, 13.70788], "crs": null}, "properties": {"name": "ชุมชนจันทร์ทรานิเวศ ตลอดถนนทั้งชุมชน", "district": "สาทร", "project_name": null, "status_detail": "แก้ไขแล้วเสร็จ", "problem": "น้ำฝน สนข.", "status_num": 5, "detail": "ชุมชนจันทร์ทรานิเวศ ตลอดถนนทั้งชุมชน รับผลกระทบจากน้ำท่วมถนนจันทน์ มีน้ำขัง สูง 10 ซม. ยาว 100 ม."}}, {"type": "Feature", "geometry": {"type": "Point", "coordinates": [100.486, 13.74729], "crs": null}, "properties": {"name": "ชุมชนวัดเครือวัลย์ ถนนอรุณอมรินทร์", "district": "บางกอกใหญ่", "project_name": null, "status_detail": "แก้ไขแล้วเสร็จ", "problem": "น้ำฝน สนข.", "status_num": 5, "detail": "เวลาน้ำทะเลหนุนสูงจะพบปัญหาน้ำท่วมขัง"}}, {"type": "Feature", "geometry": {"type": "Point", "coordinates": [100.4889, 13.74481], "crs": null}, "properties": {"name": "วัดอรุณราชวรมหาวิหาร", "district": "บางกอกใหญ่", "project_name": null, "status_detail": "มีมาตรการเร่งด่วน", "problem": "น้ำฝน สนข.", "status_num": 1, "detail": "น้ำล้นคลองลำกระโหลก"}}, {"type": "Feature", "geometry": {"type": "Point", "coordinates": [100.4658, 13.74005], "crs": null}, "properties": {"name": "หมู่บ้านอิ่มอัมพร ซอยพาณิชการธนบุรี 9", "district": "บางกอกใหญ่", "project_name": null, "status_detail": "พื้นที่เอกชนหรือหน่วยงานราชการ", "problem": "น้ำฝน สนข.", "status_num": 2, "detail": null}}, {"type": "Feature", "geometry": {"type": "Point", "coordinates": [100.4775, 13.76806], "crs": null}, "properties": {"name": "ถนนจรัญสนิทวงศ์ช่วง ปากซอยจรัญ 36,34", "district": "บางกอกน้อย", "project_name": null, "status_detail": "แก้ไขแล้วเสร็จ", "problem": "น้ำฝน สนข.", "status_num": 5, "detail": "งานก่อสร้างรางระบายน้ำ ค.ส.ล. ถนนอิสรภาพ ช่วงหน้าตลาดพรานนก ถึงซอยอิสรภาพ 44 (2 ฝั่ง)"}}, {"type": "Feature", "geometry": {"type": "Point", "coordinates": [100.4768, 13.7792], "crs": null}, "properties": {"name": "หมู่บ้านบางกอกน้อยวิลเลจ", "district": "บางกอกน้อย", "project_name": null, "status_detail": "แก้ไขแล้วเสร็จ", "problem": "น้ำฝน สนข.", "status_num": 5, "detail": "เป็นซอยส่วนบุคคล ซึ่งยังไม่ได้อุทิศให้เป็นสาธารณะมีท่อระบายน้ำขนาดเล็กไม่เป็นมาตรฐานของกรุงเทพมหานครและอยู่ริมคลองบางกอกน้อยมีน้ำท่วมขังสูงประมาณ 15 ซม. เนื่องจากน้ำฝน"}}, {"type": "Feature", "geometry": {"type": "Point", "coordinates": [100.5009, 13.78479], "crs": null}, "properties": {"name": "ซอยจนัญสนิทวงศ์ 68 (วัดเทพนารี)", "district": "บางพลัด", "project_name": null, "status_detail": "แก้ไขแล้วเสร็จ", "problem": "น้ำฝน สนข.", "status_num": 5, "detail": "บริเวณซอยจรัญสนิทวงศ์ 68 จุดที่มีน้ำท่วมขังมีพื้นที่ต่ำ มีท่อระบายน้ำขนาดเล็กและท่อระบายน้ำอยู่นะดับต่ำ อีกทั้งมีการรับน้ำจากแม่น้ำเจ้าพระยาเข้ามาในระบบท่อระบายน้ำจากรอยรั่วของเขื่อนริมแม่น้ำเจ้าพระยา ส่งผลให้เกิดน้ำท่วมขังจากน้ำข้างในระบบท่อ"}}, {"type": "Feature", "geometry": {"type": "Point", "coordinates": [100.4994, 13.77911], "crs": null}, "properties": {"name": "บริเวณชุมชนวัดภคินีนาถวรวิหาร", "district": "บางพลัด", "project_name": null, "status_detail": "แก้ไขแล้วเสร็จ", "problem": "น้ำฝน สนข.", "status_num": 5, "detail": "บริเวณชุมชนวัดภคินีนาถวรวิหาร จุดที่มีน้ำท่วมขังมีพื้นที่ต่ำ มีท่อระบายน้ำขนาดเล็กและท่อระบายน้ำอยู่นะดับต่ำ อีกทั้งมีการรับน้ำจากแม่น้ำเจ้าพระยาเข้ามาในระบบท่อระบายน้ำจากรอยรั่วของเขื่อนริมแม่น้ำเจ้าพระยา ส่งผลให้เกิดน้ำท่วมขังจากน้ำข้างในระบบท่อ"}}, {"type": "Feature", "geometry": {"type": "Point", "coordinates": [100.4978, 13.77442], "crs": null}, "properties": {"name": "บริเวณข้างสถานีตำรวจบวรมงคล", "district": "บางพลัด", "project_name": null, "status_detail": "แก้ไขแล้วเสร็จ", "problem": "น้ำฝน สนข.", "status_num": 5, "detail": "บริเวณข้างสถานีตำรวจนครบาลบวรมงคลจุดที่มีน้ำท่วมขังมีพื้นที่ต่ำ รับน้ำจากแม่น้ำเจ้าพระยาเข้ามาในระบบท่อระบายน้ำจากรอยรั่วของเขื่อนริมแม่น้ำเจ้าพระยา ที่ค่อนข้างมาก"}}, {"type": "Feature", "geometry": {"type": "Point", "coordinates": [100.4926, 13.7651], "crs": null}, "properties": {"name": "บริเวณข้างสถานีตำรวจนครบาลบางยี่ขัน", "district": "บางพลัด", "project_name": null, "status_detail": "มีมาตรการเร่งด่วน", "problem": "น้ำฝน สนข.", "status_num": 1, "detail": "น้ำในท่อสูง"}}, {"type": "Feature", "geometry": {"type": "Point", "coordinates": [100.4928, 13.78963], "crs": null}, "properties": {"name": "ซอยจรัญสนิทวงศ์ 71", "district": "บางพลัด", "project_name": null, "status_detail": "แก้ไขแล้วเสร็จบางส่วน", "problem": "น้ำฝน สนข.", "status_num": 4, "detail": "จากที่ได้สำรวจพื้นที่ล่าสุด สาเหตุน้ำในคลองบางพลูระบายลงสู่แม่น้ำเจ้าพระยาได้ช้าเนื่องจาก ติดโครงการก่อสร้างระบบบำบัดน้ำเสีย ทำให้น้ำเอ่อล้นขึ้นมาบนผิวจราจรซอยจรัญ 71"}}, {"type": "Feature", "geometry": {"type": "Point", "coordinates": [100.4852, 13.78514], "crs": null}, "properties": {"name": "ซอยจรัญสนิทวงศ์ 65 แยก 14", "district": "บางพลัด", "project_name": null, "status_detail": "พื้นที่เอกชนหรือหน่วยงานราชการ", "problem": "น้ำฝน สนข.", "status_num": 2, "detail": "บริเวณซอยจรัญสนิทวงศ์ 65 แยก 14 จุดบริเวณที่น้ำท่วมขังมีพื้นที่ต่ำ แลมีระบบระบายน้ำลงคลองบางบำหรุเป็นหลัก ซึ่งมีความยาวมากและพื้นที่ดังกล่าวอยู่บริเวณปลายคลอง เมื่อเกิดฝนตกหนักทำให้เกิดความล่าช้าในการระบายน้ำ และน้ำจากคลองบางบำหรุไหลย้อนเข้าสู่ระบบท่อระบายน้ำ ส่งผลให้เกิดน้ำท่วมขัง ในกรณีที่ระดับน้ำในคลองขึ้นสูง"}}, {"type": "Feature", "geometry": {"type": "Point", "coordinates": [100.4265, 13.77867], "crs": null}, "properties": {"name": "ถนนพุทธมณฑลสาย 1 (ทางเข้าออกสายใต้ใหม่)", "district": "ตลิ่งชัน", "project_name": null, "status_detail": "แก้ไขแล้วเสร็จบางส่วน", "problem": "น้ำฝน สนข.", "status_num": 4, "detail": "ถนนต่ำ ไม่มีท่อระบายน้ำ "}}, {"type": "Feature", "geometry": {"type": "Point", "coordinates": [100.4337, 13.78806], "crs": null}, "properties": {"name": "ซอยฉิมพลี 20 ท้ายซอย", "district": "ตลิ่งชัน", "project_name": null, "status_detail": "พื้นที่เอกชนหรือหน่วยงานราชการ", "problem": "น้ำฝน สนข.", "status_num": 2, "detail": "ท้ายซอยต่ำกว่าถนนฉิมพลีและส่วนปากซอย\nที่เป็นสาธารณะ (มีพิพาทกรรมสิทธิ์)"}}, {"type": "Feature", "geometry": {"type": "Point", "coordinates": [100.4337, 13.79647], "crs": null}, "properties": {"name": "ซอยสวนผัก 29", "district": "ตลิ่งชัน", "project_name": null, "status_detail": "แก้ไขแล้วเสร็จ", "problem": "น้ำฝน สนข.", "status_num": 5, "detail": "ซอยสวนผัก 29 (บริเวณต้นซอย) เมื่อปริมาณความเข้มของฝนเกิน 60 มิลลิเมตรต่อชั่วโมง น้ำท่วมขังผิวจราจรเนื่องจากถนนมีระดับต่ำกว่าถนนสวนผักการเดินทางของน้ำระยะทางไกลบางจุดมีปัญหาเรื่องท่อเชื่อมมีขนาดเล็กระดับน้ำ 5-15 เซนติเมตร"}}, {"type": "Feature", "geometry": {"type": "Point", "coordinates": [100.4181, 13.76412], "crs": null}, "properties": {"name": "หมู่บ้านมหาดไทย 2", "district": "ตลิ่งชัน", "project_name": null, "status_detail": "แก้ไขแล้วเสร็จ", "problem": "น้ำฝน สนข.", "status_num": 5, "detail": "หมู่บ้านมหาดไทย 2เมื่อปริมาณความเข้มของฝนเกิน 60 มิลลิเมตรต่อชั่วโมง น้ำท่วมขังผิวจราจรเนื่องจากถนนในซอยีระดับต่ำกว่าถนนเมนท่อระบายน้ำมี่ขนาดเล็กไหลลงบ่อบำบัดหมู่บ้านและลงคลองลัดมะยม ระดับน้ำ 5-15 เซนติเมตร ประชาชนไม่ให้ตั้งเตรื่องสูบน้ำเนื่องจากเสียงดัง"}}, {"type": "Feature", "geometry": {"type": "Point", "coordinates": [100.4319, 13.79142], "crs": null}, "properties": {"name": "ซอยทุ่งมังกร 12", "district": "ตลิ่งชัน", "project_name": null, "status_detail": "แก้ไขแล้วเสร็จ", "problem": "น้ำฝน สนข.", "status_num": 5, "detail": "หมู่บ้านมหาดไทย 2เมื่อปริมาณความเข้มของฝนเกิน 60 มิลลิเมตรต่อชั่วโมง น้ำท่วมขังผิวจราจรเนื่องจากถนนในซอยีระดับต่ำกว่าถนนเมนท่อระบายน้ำมี่ขนาดเล็กไหลลงบ่อบำบัดหมู่บ้านและลงคลองลัดมะยม ระดับน้ำ 5-15 เซนติเมตร ประชาชนไม่ให้ตั้งเตรื่องสูบน้ำเนื่องจากเสียงดัง"}}, {"type": "Feature", "geometry": {"type": "Point", "coordinates": [100.3831, 13.7727], "crs": null}, "properties": {"name": "หมู่บ้านกอบแก้ว 1", "district": "ทวีวัฒนา", "project_name": null, "status_detail": "อยู่ระหว่างดำเนินการแก้ไข", "problem": "น้ำฝน สนข.", "status_num": 3, "detail": "ท่อระบายน้ำเดิมมีระดับต่ำกว่าถนนสายหลักและระดับน้ำในคลอง"}}, {"type": "Feature", "geometry": {"type": "Point", "coordinates": [100.3543, 13.80102], "crs": null}, "properties": {"name": "ชุมชนหลังสถานีรถไฟศาลาธรรมสพย์", "district": "ทวีวัฒนา", "project_name": null, "status_detail": "แก้ไขแล้วเสร็จ", "problem": "น้ำฝน สนข.", "status_num": 5, "detail": "ชุมชนหลังสถานีรถไฟศาลาธรรมสพน์ พื้นที่ดังกล่าวเป็นชุมชนขนาดกลาง พื้นที่ลุ่มต่ำ ไม่มีท่อระบายน้ำเชื่อมออกลงคลองและถนน ทำให้การระบายน้ำไม่ดีเท่าที่ควร"}}, {"type": "Feature", "geometry": {"type": "Point", "coordinates": [100.3902, 13.80075], "crs": null}, "properties": {"name": "ชุมชนประตูน้ำฉิมพลี", "district": "ทวีวัฒนา", "project_name": null, "status_detail": "แก้ไขแล้วเสร็จ", "problem": "น้ำฝน สนข.", "status_num": 5, "detail": "ชุมชนประตูน้ำฉิมพลี เขตทวีวัฒนาพื้นที่ดังกล่าวเป็นพื้นที่ลุ่มต่ำ มีชุมชนขนาดเล็กและประกอบกิจการการเกษตร เวลาฝนตกจะท่วมเพราะไม่มีท่อระบายน้ำเชื่อมออกลงคลองและถนน ทำให้การระบายน้ำไม่ดีเท่าที่ควร"}}, {"type": "Feature", "geometry": {"type": "Point", "coordinates": [100.3958, 13.76021], "crs": null}, "properties": {"name": "หมู่บ้านธารแก้ว", "district": "ทวีวัฒนา", "project_name": null, "status_detail": "อยู่ระหว่างดำเนินการแก้ไข", "problem": "น้ำฝน สนข.", "status_num": 3, "detail": "ท่อระบายน้ำเดิมมีระดับต่ำกว่าถนนสายหลักและระดับน้ำในคลอง"}}, {"type": "Feature", "geometry": {"type": "Point", "coordinates": [100.3927, 13.78367], "crs": null}, "properties": {"name": "ซอยบรมราชชนนี 101", "district": "ทวีวัฒนา", "project_name": null, "status_detail": "แก้ไขแล้วเสร็จ", "problem": "น้ำฝน สนข.", "status_num": 5, "detail": "ซอยบรมราชชนนี 101 (หมู่บ้าน ป.ผาสุก) ถนนในหมู่บ้านมีระดับต่ำ ท่อระบายน้ำมีขนาดเล็ก เวลาฝนตกน้ำในหมู่บ้านไม่สามารถระบายลงสู่คลองบ้านไทร และลงสู่ท่อในซอยพุทธมณฑลสาย 2 ซอย 24 ได้"}}, {"type": "Feature", "geometry": {"type": "Point", "coordinates": [100.3356, 13.80305], "crs": null}, "properties": {"name": "วัดปุรณาวาส", "district": "ทวีวัฒนา", "project_name": null, "status_detail": "แก้ไขแล้วเสร็จ", "problem": "น้ำฝน สนข.", "status_num": 5, "detail": "ชุมชนวัดปุรณาวาส พื้นที่ดังกล่าวเป็นแอ่งกระทะ เวลาฝนตกน้ำฝนไม่สามารถระบายออกสู่คลองหรือถนนได้ เนื่องจากไม่มีท่อระบายน้ำ"}}, {"type": "Feature", "geometry": {"type": "Point", "coordinates": [100.3867, 13.65954], "crs": null}, "properties": {"name": "หมู่บ้านรางไผ่ ถนนบางบอน 3 ซอย 8", "district": "บางบอน", "project_name": null, "status_detail": "แก้ไขแล้วเสร็จ", "problem": "น้ำฝน สนข.", "status_num": 5, "detail": "ผิวจราจรมีระดับต่ำ ถนนบางส่วนไม่มีท่อระบายน้ำ ท่อระบายน้ำเดิมมีขนาดเล็ก พื้นที่บางส่วนเป็นที่ส่วนบุคคล"}}, {"type": "Feature", "geometry": {"type": "Point", "coordinates": [100.4389, 13.69191], "crs": null}, "properties": {"name": "ซอยกำนันแม้น 13", "district": "บางบอน", "project_name": null, "status_detail": "แก้ไขแล้วเสร็จ", "problem": "น้ำฝน สนข.", "status_num": 5, "detail": "1. ผิวจราจรมีระดับต่ำ 2. ท่อระบายน้ำเดิมมีขนาดเล็ก (60 - 100 ซม.) มีระดับต่ำกว่าระดับน้ำคลอง และรองรับน้ำ จากซอยย่อย 35 ซอย ทำให้ การระบายน้ำเกิดความล่าช้า"}}, {"type": "Feature", "geometry": {"type": "Point", "coordinates": [100.3744, 13.65971], "crs": null}, "properties": {"name": "ถนนบางบอน 4 ซอย 10", "district": "บางบอน", "project_name": null, "status_detail": "แก้ไขแล้วเสร็จ", "problem": "น้ำฝน สนข.", "status_num": 5, "detail": "ไม่มีท่อระบายน้ำ เมื่อเกิดฝนตกจะทำให้มีปัญหาน้ำท่วมขังเป็นเวลานาน ประมาณ 20 - 30 ซม."}}, {"type": "Feature", "geometry": {"type": "Point", "coordinates": [100.3942, 13.65425], "crs": null}, "properties": {"name": "ซอยเอกชัย 101", "district": "บางบอน", "project_name": null, "status_detail": "แก้ไขแล้วเสร็จ", "problem": "น้ำฝน สนข.", "status_num": 5, "detail": null}}, {"type": "Feature", "geometry": {"type": "Point", "coordinates": [100.3905, 13.65706], "crs": null}, "properties": {"name": "ซอย เอกชัย 112", "district": "บางบอน", "project_name": null, "status_detail": "อยู่ระหว่างดำเนินการแก้ไข", "problem": "น้ำฝน สนข.", "status_num": 3, "detail": "ไม่มีท่อระบายน้ำ เมื่อเกิดฝนตกจะทำให้มีปัญหาน้ำท่วมขังเป็นเวลานาน ประมาณ 10 - 15 ซม."}}, {"type": "Feature", "geometry": {"type": "Point", "coordinates": [100.3668, 13.64904], "crs": null}, "properties": {"name": "ถนนบางบอน 4 ซอย 3", "district": "บางบอน", "project_name": null, "status_detail": "อยู่ระหว่างดำเนินการแก้ไข", "problem": "น้ำฝน สนข.", "status_num": 3, "detail": "ไม่มีท่อระบายน้ำ เมื่อเกิดฝนตกจะทำให้มีปัญหาน้ำท่วมขังเป็นเวลานาน ประมาณ 10 - 15 ซม."}}, {"type": "Feature", "geometry": {"type": "Point", "coordinates": [100.3756, 13.65579], "crs": null}, "properties": {"name": "บางบอน 4 ซอย 8", "district": "บางบอน", "project_name": null, "status_detail": "แก้ไขแล้วเสร็จ", "problem": "น้ำฝน สนข.", "status_num": 5, "detail": "ไม่มีท่อระบายน้ำ เมื่อเกิดฝนตกจะทำให้มีปัญหาน้ำท่วมขังเป็นเวลานาน ประมาณ 20 - 30 ซม."}}, {"type": "Feature", "geometry": {"type": "Point", "coordinates": [100.3775, 13.62677], "crs": null}, "properties": {"name": "ซอย โคราช", "district": "บางบอน", "project_name": null, "status_detail": "แก้ไขแล้วเสร็จ", "problem": "น้ำฝน สนข.", "status_num": 5, "detail": "ไม่มีท่อระบายน้ำ เมื่อเกิดฝนตกจะทำให้มีปัญหาน้ำท่วมขังเป็นเวลานาน ประมาณ 30 ซม."}}, {"type": "Feature", "geometry": {"type": "Point", "coordinates": [100.4259, 13.66786], "crs": null}, "properties": {"name": "ถนนพระยามนธาตุราชศรีพิจิตร์ จากหน้าโรงเรียนพระยามนธาตุฯ ถึงปากซอยพระยามนธาตุฯ 26", "district": "บางบอน", "project_name": null, "status_detail": "แก้ไขแล้วเสร็จ", "problem": "น้ำฝน สนข.", "status_num": 5, "detail": null}}, {"type": "Feature", "geometry": {"type": "Point", "coordinates": [100.427, 13.67159], "crs": null}, "properties": {"name": "ถนนบางขุนเทียน จากแยกบางบอนถึงทางรถไฟ สายมหาชัย-วงเวียนใหญ่", "district": "บางบอน", "project_name": null, "status_detail": "อยู่ระหว่างดำเนินการแก้ไข", "problem": "น้ำฝน สนข.", "status_num": 3, "detail": null}}, {"type": "Feature", "geometry": {"type": "Point", "coordinates": [100.4229, 13.67239], "crs": null}, "properties": {"name": "ถนนเอกชัย จากแยกบางบอนถึง ซอยเอกชัย 87/1", "district": "บางบอน", "project_name": null, "status_detail": "อยู่ระหว่างดำเนินการแก้ไข", "problem": "น้ำฝน สนข.", "status_num": 3, "detail": null}}, {"type": "Feature", "geometry": {"type": "Point", "coordinates": [100.4173, 13.67349], "crs": null}, "properties": {"name": "ซอย เอกชัย 72", "district": "บางบอน", "project_name": null, "status_detail": "พื้นที่เอกชนหรือหน่วยงานราชการ", "problem": "น้ำฝน สนข.", "status_num": 2, "detail": "ผิวจราจรมีระดับต่ำและเป็นแอ่ง ความยาวประมาณ 450 เมตร เมื่อเกิดฝนตกเกิน 60 มม. ทำให้เกิดปัญหาน้ำท่วมขังประมาณ 30 ซม. แนวทางแก้ไข ติดตั้งเครื่องสูบน้ำขนาด 8 นิ้ว จำนวน 1 เครื่อง เพื่อเร่งระบายน้ำลงคลองบางพราน"}}, {"type": "Feature", "geometry": {"type": "Point", "coordinates": [100.426, 13.68261], "crs": null}, "properties": {"name": "หมู่บ้านบางบอนวิลล่า ถนนบางบอน 1 ซอย 16", "district": "บางบอน", "project_name": null, "status_detail": "พื้นที่เอกชนหรือหน่วยงานราชการ", "problem": "น้ำฝน สนข.", "status_num": 2, "detail": "1. ผิวจราจรมีระดับต่ำ 2. ท่อระบายน้ำเดิมมีขนาดเล็ก (40 ซม.) แนวทางแก้ไข เขตบางบอนชี้แจงทำความเข้าใจ กับประชาชนกรณีไม่สามารถ นำงบประมาณของทางราชการดำเนินการปรับปรุงผิวจราจร ในหมู่บ้านซึ่งเป็นพื้นที่เอกชน"}}, {"type": "Feature", "geometry": {"type": "Point", "coordinates": [100.4217, 13.67657], "crs": null}, "properties": {"name": "หมู่บ้านทองภูมิ ซอย เอกชัย 66", "district": "บางบอน", "project_name": null, "status_detail": "พื้นที่เอกชนหรือหน่วยงานราชการ", "problem": "น้ำฝน สนข.", "status_num": 2, "detail": "1. ผิวจราจรมีระดับต่ำ 2. ท่อระบายน้ำเดิมมีขนาดเล็ก (40 ซม.) 3. เมื่อมีฝนตกเกิน 60 มม. ขึ้นไป จะเกิดปัญหาน้ำท่วมขัง ประมาณ 10 – 15 ซม. แนวทางแก้ไข เขตบางบอนชี้แจงทำความเข้าใจ กับประชาชนกรณีไม่สามารถ นำงบประมาณของทางราชการดำเนินการปรับปรุงผิวจราจร ในหมู่บ้านซึ่งเป็นพื้นที่เอกชน"}}, {"type": "Feature", "geometry": {"type": "Point", "coordinates": [100.3828, 13.64169], "crs": null}, "properties": {"name": "หมู่บ้านเกศริน ซอยเอกชัย 119", "district": "บางบอน", "project_name": null, "status_detail": "พื้นที่เอกชนหรือหน่วยงานราชการ", "problem": "น้ำฝน สนข.", "status_num": 2, "detail": "1. ผิวจราจรมีระดับต่ำ 2. ท่อระบายน้ำเดิมมีขนาดเล็ก (40 ซม.) แนวทางแก้ไข เขตบางบอนชี้แจงทำความเข้าใจ กับประชาชนกรณีไม่สามารถ นำงบประมาณของทางราชการดำเนินการปรับปรุงผิวจราจร ในหมู่บ้านซึ่งเป็นพื้นที่เอกชน"}}, {"type": "Feature", "geometry": {"type": "Point", "coordinates": [100.438, 13.71647], "crs": null}, "properties": {"name": "ซอยเพชรเกษม 52 บริเวณเชิงสะพานข้ามคลองบางจาก", "district": "ภาษีเจริญ", "project_name": null, "status_detail": "แก้ไขแล้วเสร็จ", "problem": "น้ำฝน สนข.", "status_num": 5, "detail": "พื้นที่ภายในซอยลาดต่ำลงมาบริเวณปลายซอยที่คอสะพานข้ามคลองบางจาก แนวทางแก้ไข - ติดตั้งเครื่องสูบน้ำเครื่องยนต์ดีเซล ขนาด 8 นิ้ว จำนวน 1 เครื่อง - เร่งระบายน้ำลงสู่คลองบางจาก"}}, {"type": "Feature", "geometry": {"type": "Point", "coordinates": [100.4304, 13.70108], "crs": null}, "properties": {"name": "ซอยศาลธนบุรี 29/1", "district": "ภาษีเจริญ", "project_name": null, "status_detail": "แก้ไขแล้วเสร็จ", "problem": "น้ำฝน สนข.", "status_num": 5, "detail": "พื้นที่ต่ำ ระบบระบายน้ำไม่สมบูรณ์"}}, {"type": "Feature", "geometry": {"type": "Point", "coordinates": [100.4312, 13.7007], "crs": null}, "properties": {"name": "ถนนสายศาลธนบุรี บริเวณตรงข้ามหมู่บ้านกิจเจริญ", "district": "ภาษีเจริญ", "project_name": null, "status_detail": "แก้ไขแล้วเสร็จ", "problem": "น้ำฝน สนข.", "status_num": 5, "detail": "พื้นที่ถนนและท่อระบายน้ำมีระดับต่ำมาก ติดตั้งเครื่องสูบน้ำเครื่องยนต์ดีเซล ขนาด 8 นิ้ว จำนวน 1 เครื่อง - เร่งระบายน้ำลงสู่คลองบางระแนะ แนวทางแก้ไข ปรับปรุงถนนศาลธนบุรีให้มีระดับสูงขึ้น ปรับปรุงท่อระบายน้ำให้มีขนาดใหญ่กว่าเดิม"}}, {"type": "Feature", "geometry": {"type": "Point", "coordinates": [100.4407, 13.7139], "crs": null}, "properties": {"name": "ถนนเพชรเกษมฝั่งขาออก บริเวณลำกระโดงตรงข้ามซอยเพชรเกษม 50", "district": "ภาษีเจริญ", "project_name": null, "status_detail": "อยู่ระหว่างดำเนินการแก้ไข", "problem": "น้ำฝน สนข.", "status_num": 3, "detail": null}}, {"type": "Feature", "geometry": {"type": "Point", "coordinates": [100.4339, 13.69325], "crs": null}, "properties": {"name": "หมู่บ้านอินทราวิลล่า บริเวณซอยกัลปพฤกษ์ซอย 4", "district": "ภาษีเจริญ", "project_name": null, "status_detail": "พื้นที่เอกชนหรือหน่วยงานราชการ", "problem": "น้ำฝน สนข.", "status_num": 2, "detail": "เป็นหมู่บ้านเก่าพื้นที่ตั้งหมู่บ้านถนนภายใน และท่อระบายน้ำมีระดับต่ำกว่าถนนกัลปพฤกษ์มาก"}}, {"type": "Feature", "geometry": {"type": "Point", "coordinates": [100.4379, 13.7166], "crs": null}, "properties": {"name": "ซอยเพชรเกษม 52 บริเวณหน้าโรงเรียนอนุบาลบ้านสวน", "district": "ภาษีเจริญ", "project_name": null, "status_detail": "พื้นที่เอกชนหรือหน่วยงานราชการ", "problem": "น้ำฝน สนข.", "status_num": 2, "detail": "พื้นที่ภายในซอยลาดต่ำลงมาบริเวณปลาย ซอยที่คอสะพานข้ามคลองบางจาก แนวทาง แก้ไข - ติดตั้งเครื่องสูบน้ำเครื่องยนต์ดีเซล ขนาด 8 นิ้ว จำนวน 1 เครื่อง - เร่งระบายน้ำลง สู่คลองบางจาก"}}, {"type": "Feature", "geometry": {"type": "Point", "coordinates": [100.4279, 13.69561], "crs": null}, "properties": {"name": "ซอยยิ้มประยูร บริเวณเชิงสะพานคลองบางส่าย", "district": "ภาษีเจริญ", "project_name": null, "status_detail": "แก้ไขแล้วเสร็จ", "problem": "น้ำฝน สนข.", "status_num": 5, "detail": "พื้นที่ถนนและท่อระบายน้ำมีระดับต่ำมาก แนวทางแก้ไข ติดตั้งเครื่องสูบน้ำ ขนาด 8 นิ้ว จำนวน 1 เครื่อง - เร่งระบายน้ำลงสู่คลองบางส่าย"}}, {"type": "Feature", "geometry": {"type": "Point", "coordinates": [100.3375, 13.70539], "crs": null}, "properties": {"name": "ซอยเพชรเกษม 116 ถนนเพชรเกษม", "district": "หนองแขม", "project_name": null, "status_detail": "พื้นที่เอกชนหรือหน่วยงานราชการ", "problem": "น้ำฝน สนข.", "status_num": 2, "detail": "เป็นพื้นที่ลุ่มต่ำท่อระบายน้ำมีทิศทางการระบายน้ำออกสู่ถนนเพชรเกษมเป็นหลัก ถ้ามีปริมาณน้ำฝนมาก และระดับน้ำในคลองมหาศรมีระดับสูง จะทำให้การระบายน้ำเป็นไปได้ช้าจะต้องรอให้ระดับน้ำในถนนเพชรเกษมลดลงจึงจะระบายน้ำได้ดีขึ้น แนวทางแก้ไข 1.การแก้ไขปัญหาเบื้องต้น สนง.เขตฯติดตั้งเครื่องสูบน้ำเครื่องยนต์ดีเซลขนาด 8” จำนวน 1 เครื่อง และ 10” จำนงน 1 เครื่อง เร่งระบายน้ำออกสู่ถนนเพชรเกษม และ ระบายลงสู่คลองมหาศร 2.แนวทางการแก้ไขระยะยาว ให้สำนักการระบายน้ำพิจารณาติดตั้งประตูเปิด-ปิดท่อระบายน้ำ บริเวณถนนเพชรเกษมที่ระบายลงสู่คลองมหาศร พร้อมติดตั้งเครื่องสูบน้ำชนิดไฟฟ้าระบบอัตโนมัติเพื่อป้องกันน้ำจากคลองมหาศรไหลย้อนกลับในท่อและเป็นการเร่งระบายน้ำจากถนนเพชรเกษมได้มีประสิทธิภาพยิ่งขึ้น"}}, {"type": "Feature", "geometry": {"type": "Point", "coordinates": [100.3614, 13.68241], "crs": null}, "properties": {"name": "ซอยเลียบคลองภาษีเจริญฝั่งใต้ 5", "district": "หนองแขม", "project_name": null, "status_detail": "พื้นที่เอกชนหรือหน่วยงานราชการ", "problem": "น้ำฝน สนข.", "status_num": 2, "detail": "พื้นที่ซอยเป็นพื้นที่ลุ่มต่ำยังไม่มีการปรับปรุงถนนและวางท่อระบายน้ำเนื่องจากสภาพทางเข้าออก บางส่วนยังเป็นที่ดินส่วนบุคคล โดยถนนมีความยาวประมาณ 100 ม. กว้าง 6 เมตร แบ่งเป็นทางสาธารณะ 3 ม. ทางส่วนบุคคล 3 ม. แนวทางแก้ไข 1.การแก้ไขปัญหาเบื้องต้น สนง.เขตฯติดตั้งเครื่องสูบน้ำเครื่องยนต์ดีเซลขนาด 8” บริเวณปากซอยเพื่อสูบน้ำในบึงรับน้ำระบายลงสู่ท่อระบายน้ำถนนเลียบคลองภาษีเจริญฝั่งใต้"}}, {"type": "Feature", "geometry": {"type": "Point", "coordinates": [100.3507, 13.7062], "crs": null}, "properties": {"name": "ทางเดินเท้าถนนเพชรเกษมขาเข้า และ ขาออก พื้นที่เขตหนองแขม", "district": "หนองแขม", "project_name": null, "status_detail": "แก้ไขแล้วเสร็จ", "problem": "น้ำฝน สนข.", "status_num": 5, "detail": "ทางเดินเท้ามีการก่อสร้างมาเป็นเวลานานปัจจุบันชำรุดเสียหายหลายจุดเมื่อฝนตกจะทำให้มีน้ำท่วมขังทุกครั้ง แนวทางแก้ไข 1.การแก้ไขปัญหาเบื้องต้น หากบริเวณที่ชำรุดมีน้ำท่วมขังมีพื้นที่ไม่มากเกินไปสนง.เขตฯจัดเจ้าหน้าที่เข้าดำเนินการซ่อมแซมทันที แต่หากมีพื้นที่ชำรุดมีพื้นที่จำนวนมากจะประสานแจ้งสนย.เข้าดำเนินการแก้ไข"}}, {"type": "Feature", "geometry": {"type": "Point", "coordinates": [100.3704, 13.68989], "crs": null}, "properties": {"name": "ถนนเลียบคลองภาษีเจริญฝั่งเหนือจาก คลองมหาศร ถึง ซ.เลียบคลองภาษีเจริญฝั่งเหนือ 8", "district": "หนองแขม", "project_name": null, "status_detail": "แก้ไขแล้วเสร็จ", "problem": "น้ำฝน สนข.", "status_num": 5, "detail": "หากมีปริมาณน้ำฝนมากและระดับน้ำในคลองมหาศรและคลองภาษีเจริญมีระดับสูงการระบายน้ำจะเป็นไปได้ช้า ทำให้มีน้ำท่วมขังบนผิวจราจร 10-20 ซม. แนวทางแก้ไข 1.การแก้ไขปัญหาเบื้องต้น สนน.ติดตั้งเครื่องสูบน้ำบริเวณ สถานีสูบน้ำคลองมหาศร,บ่อสูบน้ำคลองคำหริ่ม และสถานีสูบน้ำโรงเรียนประชาบำรุง 2.แนวทางการแก้ไขระยะยาว เสนอให้สำนักการระบายน้ำพิจารณาติดตั้งบ่อสูบน้ำเพิ่มเติมบริเวณที่ท่อระบายน้ำระบายลงสู่คลองภาษีเจริญหรือพิจารณาติดตั้งประตูเปิด-ปิดท่อระบายน้ำ บริเวณคลองมหาศรพร้อมติดตั้งเครื่องสูบน้ำชนิดไฟฟ้าระบบอัตโนมัติเพื่อช่วยเร่งการระบายน้ำในช่วงระดับน้ำในคลองภาษีเจริญสูง"}}, {"type": "Feature", "geometry": {"type": "Point", "coordinates": [100.3445, 13.6811], "crs": null}, "properties": {"name": "ถนนมาเจริญ จากถนนเพชรเกษม ถึงคลองภาษีเจริญ", "district": "หนองแขม", "project_name": null, "status_detail": "แก้ไขแล้วเสร็จบางส่วน", "problem": "น้ำฝน สนข.", "status_num": 4, "detail": null}}, {"type": "Feature", "geometry": {"type": "Point", "coordinates": [100.3408, 13.69764], "crs": null}, "properties": {"name": "หมู่บ้านพงษ์ศิริชัย 4", "district": "หนองแขม", "project_name": null, "status_detail": "พื้นที่เอกชนหรือหน่วยงานราชการ", "problem": "น้ำฝน สนข.", "status_num": 2, "detail": "เป็นหมู่บ้านขนาดใหญ่ถนนภายในหมู่บ้านเป็นที่ดินส่วนบุคคล ขนาดท่อระบายน้ำไม่เหมาะสมกับขนาดพื้นที่และเป็นพื้นที่ลุ่มต่ำ หากมีปริมาณน้ำฝนมากจะมีน้ำรอการระบายประมาณ10-20 ซม. และใช้ระยะเวลานานในการระบาย แนวทางแก้ไข สนง.เขตติดตั้งเครื่องสูบน้ำเครื่องยนต์ดีเซลจำนวน 2 เครื่อง สูบน้ำออกสู่ถนนมาเจริญ"}}, {"type": "Feature", "geometry": {"type": "Point", "coordinates": [100.3422, 13.68917], "crs": null}, "properties": {"name": "หมู่บ้านพุดตาน", "district": "หนองแขม", "project_name": null, "status_detail": "พื้นที่เอกชนหรือหน่วยงานราชการ", "problem": "น้ำฝน สนข.", "status_num": 2, "detail": "เป็นหมู่บ้านขนาดใหญ่ถนนภายในหมู่บ้านเป็นที่ดินส่วนบุคคล ขนาดท่อระบายน้ำไม่เหมาะสมกับขนาดพื้นที่และเป็นพื้นที่ลุ่มต่ำ หากมีปริมาณน้ำฝนมากจะมีน้ำรอการระบายประมาณ10-20 ซม. และใช้ระยะ แนวทางแก้ไข การแก้ไขปัญหาเบื้องต้น สนง.เขตติดตั้งเครื่องสูบน้ำเครื่องยนต์ดีเซลจำนวน 2 เครื่อง สูบน้ำออกสู่ถนนมาเจริญ"}}, {"type": "Feature", "geometry": {"type": "Point", "coordinates": [100.3369, 13.68703], "crs": null}, "properties": {"name": "ชุมชนประดิษฐ์เจริญ ถนนเลียบคลองภาษีเจริญฝั่งเหนือ แขวงหนองแขม", "district": "หนองแขม", "project_name": null, "status_detail": "พื้นที่เอกชนหรือหน่วยงานราชการ", "problem": "น้ำฝน สนข.", "status_num": 2, "detail": "เป็นพื้นที่ลุ่มต่ำของที่ดินเอกชนที่ไม่มีการวางท่อระบายน้ำในชุมชน สำนักงานเขตได้ช่วยบรรเทาความเดือดร้อนโดยการนำเครื่องสูบน้ำไปติดตั้งเพื่อช่วยเร่งการระบายน้ำออกสู่ท่อระบายน้ำสาธารณะ แนวทางแก้ไข การแก้ไขปัญหาเบื้องต้น สนง.เขตจัดทำแก้มลิงพื้นที่ว่างในชุมชนและติดตั้งเครื่องสูบน้ำสูบน้ำออกสู่ถนนเลียบคลองภาษีเจริญฝั่งเหนือ"}}, {"type": "Feature", "geometry": {"type": "Point", "coordinates": [100.3431, 13.67702], "crs": null}, "properties": {"name": "ชุมชนเอี่ยมวุฒิ ถนนเลียบคลองภาษีเจริญฝั่งใต้", "district": "หนองแขม", "project_name": null, "status_detail": "พื้นที่เอกชนหรือหน่วยงานราชการ", "problem": "น้ำฝน สนข.", "status_num": 2, "detail": "เป็นชุมชนที่เป็นพื้นที่เอกชนไม่มีการวางท่อระบายน้ำภายในชุมชนอาศัยการระบายน้ำลงสู่ลำรางสาธารณะออกสู่คลองภาษีเจริญหากน้ำในคลองภาษีเจริญมีระดับสูงจะทำให้น้ำไหลย้อนกลับเข้าชุมชน แนวทางแก้ไข 1.การแก้ไขปัญหาเบื้องต้น สนง.เขตติดตั้งเครื่องสูบน้ำเครื่องยนต์ดีเซลขนาด 8”พร้อมวางกระสอบทรายบริเวณลำรางเชื่อมกับคลองภาษีเจริญเพื่อป้องกันการไหลย้อนกลับของน้ำในคลองภาษีเจริญ และเดินเครื่องสูบน้ำสูบน้ำในลำรางออกสู่คลองภาษีเจริญ 2.แนวทางแก้ไขระยะยาว สนน. พิจารณาออกแบบบ่อสูบพร้อมติดตั้งเครื่องสูบน้ำไฟฟ้าอัตโนมัติขนาด 10” ทดแทนเครื่องสูบน้ำเครื่องยนต์ดีเซล"}}, {"type": "Feature", "geometry": {"type": "Point", "coordinates": [100.3604, 13.67831], "crs": null}, "properties": {"name": "หมู่บ้านพีเอสวิลล่า", "district": "หนองแขม", "project_name": null, "status_detail": "พื้นที่เอกชนหรือหน่วยงานราชการ", "problem": "น้ำฝน สนข.", "status_num": 2, "detail": "เป็นหมู่บ้านที่ก่อสร้างมาเป็นเวลานาน ถนนภายในหมู่บ้านเป็นที่ดินส่วนบุคคล ขนาดท่อระบายน้ำไม่เหมาะสมกับขนาดพื้นที่และเป็นพื้นที่ลุ่มต่ำ ไม่มีการตรวจสอบทำความสะอาดท่อระบายน้ำเป็นเวลานาน มีดินเลนสะสมจำนวนมาก หากมีปริมาณน้ำฝนมากจะมีน้ำรอการระบายประมาณ 10-20 ซม. แนวทางแก้ไข 1.การแก้ไขปัญหาเบื้องต้น สนง.เขตติดตั้งเครื่องสูบน้ำเครื่องยนต์ดีเซลขนาด 8” จำนวน 1 เครื่อง สูบน้ำจากแนวร่องน้ำลงสู่ถนนเลียบคลองภาษีเจริญฝั่งใต้"}}, {"type": "Feature", "geometry": {"type": "Point", "coordinates": [100.3513, 13.68312], "crs": null}, "properties": {"name": "หมู่บ้านพร้อมชัย", "district": "หนองแขม", "project_name": null, "status_detail": "แก้ไขแล้วเสร็จ", "problem": "น้ำฝน สนข.", "status_num": 5, "detail": "ไม่อยู่ในบัญชีจุดเสี่ยงน้ำท่วม"}}, {"type": "Feature", "geometry": {"type": "Point", "coordinates": [100.3478, 13.66767], "crs": null}, "properties": {"name": "หมู่บ้านตะวันฉาย", "district": "หนองแขม", "project_name": null, "status_detail": "พื้นที่เอกชนหรือหน่วยงานราชการ", "problem": "น้ำฝน สนข.", "status_num": 2, "detail": "เป็นหมู่บ้านที่เป็นพื้นที่ลุ่มต่ำก่อสร้างมาเป็นเวลานาน ถนนทางเข้าหมู่บ้านและถนนภายในหมู่บ้านเป็นที่ดินส่วนบุคคล ขนาดท่อระบายน้ำไม่เหมาะสมกับขนาดพื้นที่และเป็นพื้นที่ลุ่มต่ำ ไม่มีการตรวจสอบทำความสะอาดท่อระบายน้ำเป็นเวลานาน มีดินเลนสะสมจำนวนมาก หากมีปริมาณน้ำฝนมากจะมีน้ำรอการระบายประมาณ 10-20 ซม. แนวทางแก้ไข 1.การแก้ไขปัญหาเบื้องต้น สนง.เขตติดตั้งเครื่องสูบน้ำเครื่องยนต์ดีเซลขนาด 8” จำนวน 1 เครื่อง สูบน้ำจากท่อระบายน้ำลงสู่ลำรางส่วนบุคคล"}}, {"type": "Feature", "geometry": {"type": "Point", "coordinates": [100.3688, 13.74319], "crs": null}, "properties": {"name": "หมู่บ้านชัชฎาวิลล่า", "district": "บางแค", "project_name": null, "status_detail": "แก้ไขแล้วเสร็จ", "problem": "น้ำฝน สนข.", "status_num": 5, "detail": "เป็นพื้นที่ต่ำ พื้นที่น้ำท่วมขังสูงสุด เต็มพื้นที่ยาวประมาณ 2,000 เมตร ระดับความลึกน้ำ ประมาณ 30 - 50 เซนติเมตร แนวทางแก้ไข ติดตั้งเครื่องสูบน้ำเครื่องยนต์ดีเซล ขนาด 8 นิ้ว จำนวน 2 เครื่อง สูบลงคลองบางไผ่ และติดตั้งเครื่องสูบน้ำเครื่องยนต์ดีเซล ขนาด 8 นิ้ว จำนวน 1 เครื่อง ลงท่อระบายน้ำ ถนนพุทธมณฑลสาย 3"}}, {"type": "Feature", "geometry": {"type": "Point", "coordinates": [100.379, 13.71873], "crs": null}, "properties": {"name": "หมู่บ้านเศรษฐกิจ", "district": "บางแค", "project_name": null, "status_detail": "แก้ไขแล้วเสร็จ", "problem": "น้ำฝน สนข.", "status_num": 5, "detail": "เป็นพื้นที่ต่ำ พื้นที่น้ำท่วมขังสูงสุดเต็มพื้นที่ยาวประมาณ 2,000 เมตร ระดับความลึกน้ำ ประมาณ 20 - 30 เซนติเมตร แนวทางแก้ไข บริเวณซอยเศรษฐกิจ 27 สนน. ติดตั้งเครื่องสูบน้ำไฟฟ้า ขนาด 12 นิ้ว จำนวน 1 เครื่อง (สนน. ดูแลรับผิดชอบ) - บริเวณซอยเศรษฐกิจ 26 สนน. ติดตั้งเครื่องสูบน้ำไฟฟ้า ขนาด 12 นิ้ว จำนวน 1 เครื่อง (สนน. ดูแลรับผิดชอบ) - บริเวณซอยเศรษฐกิจ 22-15 สนน. ติดตั้งเครื่องสูบน้ำไฟฟ้า ขนาด 12 นิ้ว จำนวน 1 เครื่อง - บริเวณซอยเศรษฐกิจ 31-10-3 สนน. ติดตั้งเครื่องสูบน้ำไฟฟ้า ขนาด 12 นิ้ว จำนวน 1 เครื่อง - บริเวณซอยเศรษฐกิจ 48 สนน. ติดตั้งเครื่องสูบน้ำไฟฟ้า ขนาด 12 นิ้ว จำนวน 1 เครื่อง (สนน. ดูแลรับผิดชอบ) ปรับปรุงระดับผิวจราจรประมาณ 30 – 50 ซม. และขยายขนาดท่อระบายน้ำ"}}, {"type": "Feature", "geometry": {"type": "Point", "coordinates": [100.4031, 13.69747], "crs": null}, "properties": {"name": "ซอย หมู่บ้านสุขสันต์ 6", "district": "บางแค", "project_name": null, "status_detail": "แก้ไขแล้วเสร็จ", "problem": "น้ำฝน สนข.", "status_num": 5, "detail": "เป็นพื้นที่ต่ำ พื้นที่น้ำท่วมขังสูงสุดเต็มพื้นที่ยาวประมาณ 1,000 เมตร ระดับความลึกน้ำ ประมาณ 30 เซนติเมตร แนวทางแก้ไข ติดตั้งเครื่องสูบน้ำเครื่องยนต์ดีเซล ขนาด 8 นิ้ว จำนวน 1 เครื่อง สูบน้ำลงท่อระบายน้ำถนนกาญจนาภิเษก โดยพร่องน้ำในท่อระบายน้ำก่อนฝนตก สถานะ ได้รับงบประมาณในการปรับปรุงปี 2565 อยู่ระหว่างดำเนินการปรับปรุง"}}, {"type": "Feature", "geometry": {"type": "Point", "coordinates": [100.4034, 13.68495], "crs": null}, "properties": {"name": "ซอยหมู่บ้านสุขสันต์ 7", "district": "บางแค", "project_name": null, "status_detail": "อยู่ระหว่างดำเนินการแก้ไข", "problem": "น้ำฝน สนข.", "status_num": 3, "detail": "เป็นพื้นที่ต่ำ พื้นที่น้ำท่วมขังสูงสุดเต็มพื้นที่ยาวประมาณ1000เมตร ระดับความลึกน้ำประมาณ30เซนติเมตร แนวทางแก้ไข ติดตั้งเครื่องสูบน้ำเครื่องยนต์ดีเซล ขนาด8นิ้วจำนวน1เครื่องสูบน้ำลงถนนกาญจนาภิเษก  ขอจัดสรรงบประมาณ ยกระดับผิวจราจร30-50ซม.และขยายขนาดท่อระบายน้ำจำนวนเงินงบประมาณ33ล้านบาท"}}, {"type": "Feature", "geometry": {"type": "Point", "coordinates": [100.3668, 13.73092], "crs": null}, "properties": {"name": "หน้าโรงพยาบาลราชพิพัฒน์", "district": "บางแค", "project_name": null, "status_detail": "แก้ไขแล้วเสร็จ", "problem": "น้ำฝน สนข.", "status_num": 5, "detail": "พื้นที่น้ำท่วมขังสูงสุดเต็มพื้นที่ยาวประมาณ 300 เมตร ระดับความลึกน้ำ ประมาณ 10 เซนติเมตร แนวทางแก้ไข ติดตั้งเครื่องสูบน้ำเครื่องยนต์ดีเซล ขนาด 8 นิ้ว จำนวน 1 เครื่อง สูบน้ำลงคลองทวีวัฒนา"}}, {"type": "Feature", "geometry": {"type": "Point", "coordinates": [100.4079, 13.71086], "crs": null}, "properties": {"name": "หน้าเดอะมอลล์บางแค", "district": "บางแค", "project_name": null, "status_detail": "แก้ไขแล้วเสร็จ", "problem": "น้ำฝน สนข.", "status_num": 5, "detail": null}}, {"type": "Feature", "geometry": {"type": "Point", "coordinates": [100.4087, 13.68939], "crs": null}, "properties": {"name": "หมู่บ้านชัยมงคล", "district": "บางแค", "project_name": null, "status_detail": "อยู่ระหว่างดำเนินการแก้ไข", "problem": "น้ำฝน สนข.", "status_num": 3, "detail": "เป็็นพื้นที่ตำ พื้นที่น้ำท่วมขังสูงสุดเต็มพื้นที่ยาวประมาณ1000เมตร ระดับความลึกน้ำประมาณ 30 เซนติเมตร แนวทางแก้ไข ติดตั้งเครื่องสูบน้ำเครื่องยนต์ดีเซล ขนาด 8 นิ้วจำนวน 1 เครื่อง สูบน้ำลงลำกระโดงกลางหมู่บ้าน และเครื่องยนต์ดีเซลขนาด 10 นิ้ว จำนวน 1 เครื่อง สูบน้ำลงคลองหนองใหญ่ ติดต่อเจรจาเจ้าของที่ดินในส่วนที่เป็นทางออกสู่สาธารณะให้ยกเป็นสาธารณะ"}}, {"type": "Feature", "geometry": {"type": "Point", "coordinates": [100.4242, 13.71218], "crs": null}, "properties": {"name": "ถนนเพชรเกษมตรงข้ามตลาดบางแค", "district": "บางแค", "project_name": null, "status_detail": "แก้ไขแล้วเสร็จบางส่วน", "problem": "น้ำฝน สนข.", "status_num": 4, "detail": "หมู่บ้านมหาดไทย 2เมื่อปริมาณความเข้มของฝนเกิน 60 มิลลิเมตรต่อชั่วโมง น้ำท่วมขังผิวจราจรเนื่องจากถนนในซอยีระดับต่ำกว่าถนนเมนท่อระบายน้ำมี่ขนาดเล็กไหลลงบ่อบำบัดหมู่บ้านและลงคลองลัดมะยม ระดับน้ำ 5-15 เซนติเมตร ประชาชนไม่ให้ตั้งเตรื่องสูบน้ำเนื่องจากเสียงดัง"}}, {"type": "Feature", "geometry": {"type": "Point", "coordinates": [100.3868, 13.6952], "crs": null}, "properties": {"name": "ซอย อินทาปัจ 13", "district": "บางแค", "project_name": null, "status_detail": "อยู่ระหว่างดำเนินการแก้ไข", "problem": "น้ำฝน สนข.", "status_num": 3, "detail": "พื้นที่น้ำท่วมขังสูงสุด เต็มพื้นที่ประมาณ 500 เมตร เมื่อมีฝนตกตั้งแต่ 60 มม.ขึ้นไป จะเกิดปัญหาน้ำท่วมขังประมาณ 20 ซม.แนวทางแก้ไข ยกระดับผิวจราจรขึ้นประมาณ 30 - 50 ซม."}}, {"type": "Feature", "geometry": {"type": "Point", "coordinates": [100.4211, 13.7075], "crs": null}, "properties": {"name": "ถนนบางแคช่วงหน้าคอนโดลุมพินี", "district": "บางแค", "project_name": null, "status_detail": "แก้ไขแล้วเสร็จบางส่วน", "problem": "น้ำฝน สนข.", "status_num": 4, "detail": null}}, {"type": "Feature", "geometry": {"type": "Point", "coordinates": [100.4252, 13.68831], "crs": null}, "properties": {"name": "ถนนบางแคช่างซอยนาคเพชรภูถึง แยกบางพฤกษ์", "district": "บางแค", "project_name": null, "status_detail": "แก้ไขแล้วเสร็จบางส่วน", "problem": "น้ำฝน สนข.", "status_num": 4, "detail": "ชุมชนหลังสถานีรถไฟศาลาธรรมสพน์ พื้นที่ดังกล่าวเป็นชุมชนขนาดกลาง พื้นที่ลุ่มต่ำ ไม่มีท่อระบายน้ำเชื่อมออกลงคลองและถนน ทำให้การระบายน้ำไม่ดีเท่าที่ควร"}}, {"type": "Feature", "geometry": {"type": "Point", "coordinates": [100.3597, 13.74652], "crs": null}, "properties": {"name": "หมู่บ้านโชคสำอางค์", "district": "บางแค", "project_name": null, "status_detail": "แก้ไขแล้วเสร็จ", "problem": "น้ำฝน สนข.", "status_num": 5, "detail": "เป็นพื้นที่เอกชน น้ำท่วมขังเต็มพื้นที่ ยาวประมาณ 1,000 เมตร เมื่อมีฝนตกตั้งแต่ 60 มม. ขึ้นไป จะเกิดปัญหาน้ำท่วมขังประมาณ 30 ซม. แนวทางแก้ไข ติดตั้งเครื่องสูบน้ำเครื่องยนต์ดีเซล ขนาด 8 นิ้ว ลงท่อระบายน้ำถนนบางแวก ลงคลองทวีวัฒนา"}}, {"type": "Feature", "geometry": {"type": "Point", "coordinates": [100.4095, 13.69224], "crs": null}, "properties": {"name": "หมู่บ้านเศรษฐีวิลล์", "district": "บางแค", "project_name": null, "status_detail": "แก้ไขแล้วเสร็จ", "problem": "น้ำฝน สนข.", "status_num": 5, "detail": "เป็นพื้นที่ต่ำ น้ำท่วมขังสูงสุดเต็มพื้นที่ ยาวประมาณ 800 เมตร เมื่อมีฝนตกตั้งแต่ 60 มม. ขึ้นไป จะเกิดปัญหาน้ำท่วมขังประมาณ 30 ซม. แนวทางแก้ไข ติดตั้งเครื่องสูบน้ำเครื่องยนต์ดีเซล ขนาด 8 นิ้ว สูบลงคลอง บางอ้าย - ติดต่อเจ้าของที่ดินเจรจาให้ยกเป็นทางสาธารณะเพื่อ จะได้ของบประมาณปรับปรุงต่อไป"}}, {"type": "Feature", "geometry": {"type": "Point", "coordinates": [100.4114, 13.69289], "crs": null}, "properties": {"name": "หมู่บ้านขุมทองเพชรเกษม", "district": "บางแค", "project_name": null, "status_detail": "พื้นที่เอกชนหรือหน่วยงานราชการ", "problem": "น้ำฝน สนข.", "status_num": 2, "detail": "เป็นพื้นที่ต่ำ พื้นที่น้ำท่วมขังสูงสุดเต็มพื้นที่ยาวประมาณ 800 เมตร เมื่อมีฝนตกตั้งแต่ 60 มม.ขึ้นไป จะเกิดปัญหาน้ำท่วมขัง ประมาณ 30 เซนติเมตร แนวทางแก้ไข ติดตั้งเครื่องสูบน้ำเครื่องยนต์ดีเซล ขนาด 8 นิ้วจำนวน 1 เครื่อง สูบน้ำลงคลองบางอ้าย"}}, {"type": "Feature", "geometry": {"type": "Point", "coordinates": [100.4231, 13.68694], "crs": null}, "properties": {"name": "หมู่บ้านเพิ่มทรัพย์", "district": "บางแค", "project_name": null, "status_detail": "แก้ไขแล้วเสร็จ", "problem": "น้ำฝน สนข.", "status_num": 5, "detail": "เป็นพื้นที่ต่ำ พื้นที่น้ำท่วมขังสูงสุดเต็มพื้นที่ยาวประมาณ 1,000 เมตร ระดับความลึกน้ำ ประมาณ 30 - 40 เซนติเมตร แนวทางแก้ไข ติดตั้งเครื่องสูบน้ำไฟฟ้า ขนาด 10 นิ้ว จำนวน 1 เครื่อง และเครื่องสูบน้ำเครื่องยนต์ดีเซล ขนาด 8 นิ้ว จำนวน 1 เครื่อง สูบน้ำ ลงท่อระบายน้ำถนนกัลปพฤกษ์ - ติดต่อเจรจาเจ้าของที่ดินในส่วนที่เป็นทางออกสู่ทางสาธารณะให้ยกให้เป็นสาธารณะ เพื่อจะได้ของบประมาณปรับปรุงต่อไป"}}, {"type": "Feature", "geometry": {"type": "Point", "coordinates": [100.3991, 13.67696], "crs": null}, "properties": {"name": "ซอยกาญจนาภิเษก 003 ช่วงสามแยก ร่วมไทรถึงคลองหนองใหญ่", "district": "บางแค", "project_name": null, "status_detail": "แก้ไขแล้วเสร็จ", "problem": "น้ำฝน สนข.", "status_num": 5, "detail": "พื้นที่น้ำท่วมขังสูงสุด เต็มพื้นที่ประมาณ 400 เมตร เมื่อมีฝนตกตั้งแต่ 60 มม. ขึ้นไป จะเกิดปัญหาน้ำท่วมขังประมาณ 20 – 30 ซม. แนวทางแก้ไข ยกระดับผิวจราจรขึ้นประมาณ 30 – 50 ซ.ม."}}, {"type": "Feature", "geometry": {"type": "Point", "coordinates": [100.5085, 13.65284], "crs": null}, "properties": {"name": "ซอยประชาอุทิศ 33 แยก 16 (จากบ้านเลขที่ 15/1 ถึงบ้านเลขที่ 35)", "district": "ทุ่งครุ", "project_name": null, "status_detail": "แก้ไขแล้วเสร็จ", "problem": "น้ำฝน สนข.", "status_num": 5, "detail": "1. ผิวจราจรมีระดับต่ำ 2. ท่อระบายน้ำเดิมมีขนาดเล็ก (60 - 80 ซม.) 3. สภาพถนนบางช่วงมีการทรุดตัวเป็นแอ่ง"}}, {"type": "Feature", "geometry": {"type": "Point", "coordinates": [100.5107, 13.65497], "crs": null}, "properties": {"name": "ซอย ประชาอุทิศ 33 แยก 25", "district": "ทุ่งครุ", "project_name": null, "status_detail": "แก้ไขแล้วเสร็จ", "problem": "น้ำฝน สนข.", "status_num": 5, "detail": "1. ผิวจราจรมีระดับต่ำ 2. ท่อระบายน้ำเดิมมีขนาดเล็ก (30- 60 ซม.) 3. สภาพถนนบางช่วงมีการทรุดตัวเป็นแอ่ง"}}, {"type": "Feature", "geometry": {"type": "Point", "coordinates": [100.4929, 13.63787], "crs": null}, "properties": {"name": "ซอยประชาอุทิศ 54 แยก 13", "district": "ทุ่งครุ", "project_name": null, "status_detail": "แก้ไขแล้วเสร็จ", "problem": "น้ำฝน สนข.", "status_num": 5, "detail": "1. ผิวจราจรมีระดับต่ำ 2. ไม่มีท่อระบายน้ำ 3. สภาพถนนบางช่วงมีการทรุดตัวเป็นแอ่ง"}}, {"type": "Feature", "geometry": {"type": "Point", "coordinates": [100.4932, 13.63621], "crs": null}, "properties": {"name": "ซอยประชาอุทิศ 54 แยก 17", "district": "ทุ่งครุ", "project_name": null, "status_detail": "แก้ไขแล้วเสร็จ", "problem": "น้ำฝน สนข.", "status_num": 5, "detail": "1. ผิวจราจรมีระดับต่ำ 2. ไม่มีท่อระบายน้ำ 3. สภาพถนนบางช่วงมีการทรุดตัวเป็นแอ่ง"}}, {"type": "Feature", "geometry": {"type": "Point", "coordinates": [100.4815, 13.63863], "crs": null}, "properties": {"name": "ซอยประชาอุทิศ 54 แยก 6 – 2", "district": "ทุ่งครุ", "project_name": null, "status_detail": "แก้ไขแล้วเสร็จ", "problem": "น้ำฝน สนข.", "status_num": 5, "detail": "1. ผิวจราจรมีระดับต่ำ 2. ไม่มีท่อระบายน้ำ 3. สภาพถนนบางช่วงมีการทรุดตัวเป็นแอ่ง"}}, {"type": "Feature", "geometry": {"type": "Point", "coordinates": [100.4851, 13.60949], "crs": null}, "properties": {"name": "ซอยประชาอุทิศ 76 (จากคลองรางเวกถึงถนนเลียบทางด่วนรอบนอกกรุงเทพมหานครและซอยประชาอุทิศ 76 แยก 4/2 จากซอยประประชาอุทิศ 76 ถึงหมู่บ้านสินทวีสวนธน 2)", "district": "ทุ่งครุ", "project_name": null, "status_detail": "แก้ไขแล้วเสร็จ", "problem": "น้ำฝน สนข.", "status_num": 5, "detail": "ซอยประชาอุทิศ 76 (จากคลองรางขมิ้นถึงคลองรางโพธิ์และซอยแยกประชาอุทิศ 76 จากซอยประชาอุทิศ 76 ถึงหมู่บ้านกานดาเพลส )"}}, {"type": "Feature", "geometry": {"type": "Point", "coordinates": [100.501, 13.62201], "crs": null}, "properties": {"name": "ซอยประชาอุทิศ 76 แยก 1(จากซอยประชาอุทิศ 76 ถึงคลองราวตันและซอยแยกจากซอยประชาอุทิศ 76 แยก 1 ถึงบ้านเลขที่ 14)", "district": "ทุ่งครุ", "project_name": null, "status_detail": "แก้ไขแล้วเสร็จ", "problem": "น้ำฝน สนข.", "status_num": 5, "detail": "ผิวจราจรมีระดับต่ำท่อระบายน้ำเดิมมีขนาดเล็ก (30 - 60 ซม.) สภาพถนนบางช่วงมีการทรุดตัวเป็นแอ่ง"}}, {"type": "Feature", "geometry": {"type": "Point", "coordinates": [100.5004, 13.62235], "crs": null}, "properties": {"name": "ซอยประชาอุทิศ 76 แยก 3 (จากซอยประชาอุทิศ 76 ถึงสุดทางสาธารณะ)", "district": "ทุ่งครุ", "project_name": null, "status_detail": "แก้ไขแล้วเสร็จ", "problem": "น้ำฝน สนข.", "status_num": 5, "detail": "1. ผิวจราจรมีระดับต่ำ 2. ท่อระบายน้ำเดิมมีขนาดเล็ก (60 ซม.) มีระดับต่ำกว่าระดับน้ำคลอง 3. สภาพถนนบางช่วงมีการทรุดตัวเป็นแอ่ง"}}, {"type": "Feature", "geometry": {"type": "Point", "coordinates": [100.4849, 13.61248], "crs": null}, "properties": {"name": "ซอยประชาอุทิศ 76 แยก 9 จากบริเวณที่ปรับปรุงไว้เดิม (หน้าบริษัทโบเบเกอรี่) ถึงสุดเขตกรุงเทพมหานคร", "district": "ทุ่งครุ", "project_name": null, "status_detail": "แก้ไขแล้วเสร็จ", "problem": "น้ำฝน สนข.", "status_num": 5, "detail": "1. ผิวจราจรมีระดับต่ำ 2. ไม่มีท่อระบายน้ำ 3. สภาพถนนบางช่วงมีการทรุดตัวเป็นแอ่ง"}}, {"type": "Feature", "geometry": {"type": "Point", "coordinates": [100.513, 13.6115], "crs": null}, "properties": {"name": "ซอย ประชาอุทิศ 127", "district": "ทุ่งครุ", "project_name": null, "status_detail": "แก้ไขแล้วเสร็จ", "problem": "น้ำฝน สนข.", "status_num": 5, "detail": "1. ผิวจราจรมีระดับต่ำ 2. ท่อระบายน้ำเดิมมีขนาดเล็ก (30 ซม.) มีระดับต่ำกว่าระดับน้ำคลอง 3. สภาพถนนบางช่วงมีการทรุดตัวเป็นแอ่ง"}}, {"type": "Feature", "geometry": {"type": "Point", "coordinates": [100.49264, 13.61906], "crs": null}, "properties": {"name": "หมู่บ้านเพ็ญพร 2", "district": "ทุ่งครุ", "project_name": null, "status_detail": "แก้ไขแล้วเสร็จ", "problem": "น้ำฝน สนข.", "status_num": 5, "detail": null}}, {"type": "Feature", "geometry": {"type": "Point", "coordinates": [100.5092, 13.63425], "crs": null}, "properties": {"name": "ประชาอุทิศ 79 (ซอยแยกหมู่บ้านวิเศษสุขนคร ซอย 1 , ซอย 3 , ซอย 5 และ ซอย 7)", "district": "ทุ่งครุ", "project_name": null, "status_detail": "แก้ไขแล้วเสร็จ", "problem": "น้ำฝน สนข.", "status_num": 5, "detail": "1. ผิวจราจรมีระดับต่ำ 2. ท่อระบายน้ำเดิมมีขนาดเล็ก (60 ซม.) มีระดับต่ำกว่าระดับน้ำคลอง 3. สภาพถนนบางช่วงมีการทรุดตัวเป็นแอ่ง"}}, {"type": "Feature", "geometry": {"type": "Point", "coordinates": [100.5051, 13.64221], "crs": null}, "properties": {"name": "ซอยประชาอุทิศ 75 แยก 7(จากซอยประชาอุทิศ 75 ถึง ซอยประชาอุทิศ 69)", "district": "ทุ่งครุ", "project_name": null, "status_detail": "แก้ไขแล้วเสร็จ", "problem": "น้ำฝน สนข.", "status_num": 5, "detail": "1. ผิวจราจรมีระดับต่ำ 2. ท่อระบายน้ำเดิมมีขนาดเล็ก ( 60 ซม.) มีระดับต่ำกว่าระดับน้ำคลอง 3. สภาพถนนบางช่วงมีการทรุดตัวเป็นแอ่ง"}}, {"type": "Feature", "geometry": {"type": "Point", "coordinates": [100.5002, 13.62115], "crs": null}, "properties": {"name": "ซอยประชาอุทิศ 76 (จากถนนเลียบทางด่วนวงแหวนรอบนอกกรุงเทพมหานครถึงคลองรางขมิ้น)", "district": "ทุ่งครุ", "project_name": null, "status_detail": "แก้ไขแล้วเสร็จ", "problem": "น้ำฝน สนข.", "status_num": 5, "detail": "1. ผิวจราจรมีระดับต่ำ 2. ท่อระบายน้ำเดิมมีขนาดเล็ก(60 ซม.) 3. สภาพถนนบางช่วงมีการทรุดตัวเป็นแอ่ง"}}, {"type": "Feature", "geometry": {"type": "Point", "coordinates": [100.4223, 13.64556], "crs": null}, "properties": {"name": "ถนนพระรามที่ 2 ซอย 69 (ม.การเคหะโครงการ 1 ส่วน 1,2 และส่วน 3)", "district": "บางขุนเทียน", "project_name": null, "status_detail": "อยู่ระหว่างดำเนินการแก้ไข", "problem": "น้ำฝน สนข.", "status_num": 3, "detail": "พื้นผิวจราจรมีระดับต่ำ ท่อระบายมีขนาดเล็ก ทำให้มีน้ำรอการระบายอยู่บ่อยครั้ง"}}, {"type": "Feature", "geometry": {"type": "Point", "coordinates": [100.4185, 13.64619], "crs": null}, "properties": {"name": "ถนนพระรามที่ 2 ซอย 69 (ม.การเคหะโครงการ 1 ส่วน 4,5)", "district": "บางขุนเทียน", "project_name": null, "status_detail": "อยู่ระหว่างดำเนินการแก้ไข", "problem": "น้ำฝน สนข.", "status_num": 3, "detail": "พื้นผิวจราจรมีระดับต่ำ  ท่อระบายมีขนาดเล็ก ทำให้มีน้ำรอการระบายอยู่บ่อยครั้ง"}}, {"type": "Feature", "geometry": {"type": "Point", "coordinates": [100.43456, 13.62569], "crs": null}, "properties": {"name": "ปากซอยเทียนทะเล 20", "district": "บางขุนเทียน", "project_name": null, "status_detail": "แก้ไขแล้วเสร็จ", "problem": "น้ำฝน สนข.", "status_num": 5, "detail": null}}, {"type": "Feature", "geometry": {"type": "Point", "coordinates": [100.4359, 13.61971], "crs": null}, "properties": {"name": "ถนนเทียนทะเล 22", "district": "บางขุนเทียน", "project_name": null, "status_detail": "แก้ไขแล้วเสร็จ", "problem": "น้ำฝน สนข.", "status_num": 5, "detail": "ผิวจราจรมีระดับต่ำเมื่อมีฝนตกและน้ำทะเลหนุนทำให้ระดับน้ำในคลองสนามชัยสูง เอ่อล้นเข้าท่วมถนน มีน้ำรอระบาย"}}, {"type": "Feature", "geometry": {"type": "Point", "coordinates": [100.4301, 13.60471], "crs": null}, "properties": {"name": "ซอยเทียนทะเล 26 (หมู่บ้านวงแหวนแสงประทีป)", "district": "บางขุนเทียน", "project_name": null, "status_detail": "พื้นที่เอกชนหรือหน่วยงานราชการ", "problem": "น้ำฝน สนข.", "status_num": 2, "detail": "พื้นผิวจราจรมีระดับต่ำ  ท่อระบายมีขนาดเล็ก ทำให้มีน้ำรอการระบายอยู่บ่อยครั้ง"}}, {"type": "Feature", "geometry": {"type": "Point", "coordinates": [100.4418, 13.61812], "crs": null}, "properties": {"name": "ซอยเทียนทะเล 19 แยก 1(หมู่บ้านอิ่มอัมพร)", "district": "บางขุนเทียน", "project_name": null, "status_detail": "แก้ไขแล้วเสร็จ", "problem": "น้ำฝน สนข.", "status_num": 5, "detail": "ผิวจราจรมีระดับต่ำและเป็นแอ่งความยาวเป็นช่วง ๆ ตลอดทาง เมื่อมีฝนตกและน้ำทะเลหนุนทำให้ระดับน้ำในคลองสนามชัยสูง เอิ่อล้นเข้าท่วมถนน มีน้ำรอระบาย"}}, {"type": "Feature", "geometry": {"type": "Point", "coordinates": [100.4498, 13.61707], "crs": null}, "properties": {"name": "เทียนทะเล 19 แยก 2", "district": "บางขุนเทียน", "project_name": null, "status_detail": "แก้ไขแล้วเสร็จ", "problem": "น้ำฝน สนข.", "status_num": 5, "detail": "1.ผิวจราจรมีระดับต่ำไม่สามารถระบายน้ำลงคลองได้โดยตรง 2.พื้นที่มีระดับต่ำและได้รับผลกระทบน้ำท่วมจากน้ำทะเลหนุนสูงในคลองหัวกระบือ"}}, {"type": "Feature", "geometry": {"type": "Point", "coordinates": [100.4198, 13.64814], "crs": null}, "properties": {"name": "ถนนพระรามที่ 2 ซอย 69 (หัวมุมโลตัส)", "district": "บางขุนเทียน", "project_name": null, "status_detail": "แก้ไขแล้วเสร็จ", "problem": "น้ำฝน สนข.", "status_num": 5, "detail": "ผิวจราจรมีระดับต่ำกว่าถนนพระราม 2 ทำให้น้ำในถนนพระราม 2 ไหลลงสู่ถนนซอย ทำให้มีน้ำรอระบายประมาณ 10 - 15 นาที ระดับก้นท่อระบายน้ำต่ำกว่า ระดับก้นท่อระบายน้ำของกรมทางหลวง แนวทางแก้ไข ติดตั้งเครื่องสูบน้ำเครื่องยนต์ดีเซล ขนาด 10 นิ้ว จำนวน 1 เครื่อง - เร่งระบายน้ำลงสู่ท่อระบายน้ำของกรมทาง ถนนพระราม 2"}}, {"type": "Feature", "geometry": {"type": "Point", "coordinates": [100.4199, 13.64002], "crs": null}, "properties": {"name": "ซอย สะแกงาม 13", "district": "บางขุนเทียน", "project_name": null, "status_detail": "แก้ไขแล้วเสร็จ", "problem": "น้ำฝน สนข.", "status_num": 5, "detail": "ผิวจราจรมีระดับต่ำกว่าถนนสะแกงาม และมีทางน้ำออกได้ทางเดียวโดยระบายน้ำออกทางปากซอยสะแกงาม 13 สู่ถนนสะแกงาม ทำให้มีน้ำรอระบาย"}}, {"type": "Feature", "geometry": {"type": "Point", "coordinates": [100.5313, 13.70572], "crs": null}, "properties": {"name": "ไปรษณีย์ สาขายานนาวา", "district": "สาทร", "project_name": null, "status_detail": "แก้ไขแล้วเสร็จ", "problem": "น้ำฝน สนข.", "status_num": 5, "detail": "1. เนื่องจากบริเวณดังกล่าวมีสภาพเป็นที่ลุ่มต่ำ เมื่อมีฝนตกจะมีน้ำขัง สูง 20-25 ซม. ยาวประมาณ 1000 ม. 2. การระบายน้ำ ระบายสู่คลองกรวยและคลองช่องนนทรี ซึ่งมีระยะไกล"}}, {"type": "Feature", "geometry": {"type": "Point", "coordinates": [100.5202, 13.70759], "crs": null}, "properties": {"name": "ปากซอยบำเพ็ญกุศล", "district": "สาทร", "project_name": null, "status_detail": "แก้ไขแล้วเสร็จ", "problem": "น้ำฝน สนข.", "status_num": 5, "detail": "1. เนื่องจากบริเวณดังกล่าวมีสภาพเป็นที่ลุ่มต่ำ เมื่อมีฝนตกจะมีน้ำขัง สูง 20-25 ซม. ยาวประมาณ 1000 ม. 2. การระบายน้ำ ระบายสู่คลองกรวยและคลองช่องนนทรี ซึ่งมีระยะไกล"}}, {"type": "Feature", "geometry": {"type": "Point", "coordinates": [100.4943, 13.66743], "crs": null}, "properties": {"name": "ซอย สุขสวัสดิ์ 30", "district": "ราษฎร์บูรณะ", "project_name": null, "status_detail": "แก้ไขแล้วเสร็จ", "problem": "น้ำฝน สนข.", "status_num": 5, "detail": "1.ผิวจราจรและพื้นที่ในชุมชนมีระดับต่ำ \n2.ท่อระบายน้ำทิ้งลงคลองบางปะกอกมีเพียง 2 จุด \n3.หากเกิดฝนตกหนักทำให้น้ำท่วมชุมชนเพราะระบายน้ำไม่ทันเนื่องจากคลองบางปะกอกตื้น"}}, {"type": "Feature", "geometry": {"type": "Point", "coordinates": [100.5374, 13.72137], "crs": null}, "properties": {"name": "ถนนสวนพลู", "district": "สาทร", "project_name": null, "status_detail": "แก้ไขแล้วเสร็จบางส่วน", "problem": "น้ำฝน สนข.", "status_num": 4, "detail": "ผิวจราจรต่ำกว่าถนนสายหลัก"}}, {"type": "Feature", "geometry": {"type": "Point", "coordinates": [100.5262, 13.71204], "crs": null}, "properties": {"name": "ซอย จันทน์ 18/7 แยก 17", "district": "สาทร", "project_name": null, "status_detail": "แก้ไขแล้วเสร็จ", "problem": "น้ำฝน สนข.", "status_num": 5, "detail": "1.รับผลกระทบจากน้ำท่วมถนนจันทน์ มีน้ำขัง สูง 18-20 ซม. ยาว 700 ม."}}, {"type": "Feature", "geometry": {"type": "Point", "coordinates": [100.5196, 13.70711], "crs": null}, "properties": {"name": "ซอย จันทน์ 43", "district": "สาทร", "project_name": null, "status_detail": "แก้ไขแล้วเสร็จ", "problem": "น้ำฝน สนข.", "status_num": 5, "detail": "1.รับผลกระทบจากน้ำท่วมถนนจันทน์ มีน้ำขัง สูง 20-30 ซม. ยาว 800 ม."}}, {"type": "Feature", "geometry": {"type": "Point", "coordinates": [100.542, 13.71032], "crs": null}, "properties": {"name": "ถนน นางลิ้นจี่", "district": "สาทร", "project_name": null, "status_detail": "แก้ไขแล้วเสร็จ", "problem": "น้ำฝน สนข.", "status_num": 5, "detail": "บริเวณถนนนางลิ้นจี่ ตลอดทั้งซอย รับผลกระทบจากน้ำท่วมถนนสวนพูล มีน้ำขัง สูง 20-30 ซม. ยาว 800 ม."}}, {"type": "Feature", "geometry": {"type": "Point", "coordinates": [100.5431, 13.71821], "crs": null}, "properties": {"name": "บริเวณถนนงามดูพลี", "district": "สาทร", "project_name": null, "status_detail": "แก้ไขแล้วเสร็จ", "problem": "น้ำฝน สนข.", "status_num": 5, "detail": "บริเวณถนนงามดูพลี รับผลกระทบจากน้ำท่วมถนนสวนพูล มีน้ำขัง สูง 20-30 ซม. ยาว 500 ม."}}, {"type": "Feature", "geometry": {"type": "Point", "coordinates": [100.5201, 13.7031], "crs": null}, "properties": {"name": "ซอยเจริญราษฎร์ 5 (อยู่ดี 16)", "district": "บางคอแหลม", "project_name": null, "status_detail": "แก้ไขแล้วเสร็จ", "problem": "น้ำฝน สนข.", "status_num": 5, "detail": "ซอยเจริญราษฎร์ 5 (อยู่ดี 16) มีพื้นที่ลุ่มต่ำ มีน้ำท่วมขัง สูง 0.15 - 0.20 ม. ระยะทางประมาณ 400 ม."}}, {"type": "Feature", "geometry": {"type": "Point", "coordinates": [100.5032, 13.69054], "crs": null}, "properties": {"name": "ถนนพระรามที่ 3 ซอย 16", "district": "บางคอแหลม", "project_name": null, "status_detail": "พื้นที่เอกชนหรือหน่วยงานราชการ", "problem": "น้ำฝน สนข.", "status_num": 2, "detail": "ถนนพระรามที่ 3 ซอย 16 มีพื้นที่ลุ่มต่ำ มีน้ำท่วมขัง สูง 0.15 - 0.25 ม .ระยะทางประมาณ 200 ม."}}, {"type": "Feature", "geometry": {"type": "Point", "coordinates": [100.497, 13.69724], "crs": null}, "properties": {"name": "แยกถนนตก", "district": "บางคอแหลม", "project_name": null, "status_detail": "อยู่ระหว่างดำเนินการแก้ไข", "problem": "น้ำฝน สนข.", "status_num": 3, "detail": null}}, {"type": "Feature", "geometry": {"type": "Point", "coordinates": [100.5963, 13.66426], "crs": null}, "properties": {"name": "ซอยจ่าโสด แยก 24", "district": "บางนา", "project_name": null, "status_detail": "แก้ไขแล้วเสร็จ", "problem": "น้ำฝน สนข.", "status_num": 5, "detail": "เป็นซอยสาธารณะ บริเวณซอยดังกล่าวมีระดับต่ำกว่าซอยเพี้ยนพิน"}}, {"type": "Feature", "geometry": {"type": "Point", "coordinates": [100.6146, 13.66335], "crs": null}, "properties": {"name": "ซอยลาซาล 22 (หมู่บ้านลาซาลนิเวศน์)", "district": "บางนา", "project_name": null, "status_detail": "แก้ไขแล้วเสร็จบางส่วน", "problem": "น้ำฝน สนข.", "status_num": 4, "detail": "น้ำท่วมขังเป็นบางส่วนเนื่องจากไม่สามารถเข้าไปปรับปรุงและพัฒนาสาธารณูปโภคขั้นพื้นฐานได้"}}, {"type": "Feature", "geometry": {"type": "Point", "coordinates": [100.6137, 13.65881], "crs": null}, "properties": {"name": "ซอย ลาซาล 24", "district": "บางนา", "project_name": null, "status_detail": "แก้ไขแล้วเสร็จบางส่วน", "problem": "น้ำฝน สนข.", "status_num": 4, "detail": "พื้นที่หมู่บ้านจัดสรรเดิม มีการวางท่อระบายน้ำขนาดเล็ก ประกอบกับเป็นพื้นที่ต่ำไม่มีการยกระดับถนน เมื่อมีฝนตกน้ำจะท่วมขังเป็นประจำ"}}, {"type": "Feature", "geometry": {"type": "Point", "coordinates": [100.618, 13.66158], "crs": null}, "properties": {"name": "ซอยลาซาล 32", "district": "บางนา", "project_name": null, "status_detail": "แก้ไขแล้วเสร็จบางส่วน", "problem": "น้ำฝน สนข.", "status_num": 4, "detail": "พื้นที่หมู่บ้านจัดสรรเดิม มีการวางท่อระบายน้ำขนาดเล็ก ประกอบกับเป็นพื้นที่ต่ำไม่มีการยกระดับถนน เมื่อมีฝนตกน้ำจะท่วมขังเป็นประจำ"}}, {"type": "Feature", "geometry": {"type": "Point", "coordinates": [100.6387, 13.67569], "crs": null}, "properties": {"name": "หมู่บ้านรังสิยา (อุดมสุข 58)", "district": "บางนา", "project_name": null, "status_detail": "แก้ไขแล้วเสร็จบางส่วน", "problem": "น้ำฝน สนข.", "status_num": 4, "detail": "พื้นที่หมู่บ้านจัดสรรเดิม มีการวางท่อระบายน้ำขนาดเล็ก ประกอบกับเป็นพื้นที่ต่ำไม่มีการยกระดับถนน เมื่อมีฝนตกน้ำจะท่วมขังเป็นประจำ"}}, {"type": "Feature", "geometry": {"type": "Point", "coordinates": [100.6379, 13.66588], "crs": null}, "properties": {"name": "หมู่บ้านธันธวัช (ซอยบางนา-ตราด 42),", "district": "บางนา", "project_name": null, "status_detail": "แก้ไขแล้วเสร็จบางส่วน", "problem": "น้ำฝน สนข.", "status_num": 4, "detail": "พื้นที่มีการวางท่อระบายน้ำขนาดเล็ก ประกอบกับเป็นพื้นที่ต่ำไม่มีการยกระดับถนน เมื่อมีฝนตกน้ำจะท่วมขังเป็นประจำ"}}, {"type": "Feature", "geometry": {"type": "Point", "coordinates": [100.6358, 13.66572], "crs": null}, "properties": {"name": "หมู่บ้านศานติ (ซอยบางนา-ตราด 38)", "district": "บางนา", "project_name": null, "status_detail": "แก้ไขแล้วเสร็จบางส่วน", "problem": "น้ำฝน สนข.", "status_num": 4, "detail": "พื้นที่มีการวางท่อระบายน้ำขนาดเล็ก ประกอบกับเป็นพื้นที่ต่ำไม่มีการยกระดับถนน เมื่อมีฝนตกน้ำจะท่วมขังเป็นประจำ"}}, {"type": "Feature", "geometry": {"type": "Point", "coordinates": [100.6409, 13.66966], "crs": null}, "properties": {"name": "หมู่บ้านไพโรจน์ (ซอยบางนา-ตราด 27)", "district": "บางนา", "project_name": null, "status_detail": "แก้ไขแล้วเสร็จบางส่วน", "problem": "น้ำฝน สนข.", "status_num": 4, "detail": "พื้นที่หมู่บ้านจัดสรรเดิม มีการวางท่อระบายน้ำขนาดเล็ก ประกอบกับเป็นพื้นที่ต่ำไม่มีการยกระดับถนน เมื่อมีฝนตกน้ำจะท่วมขังเป็นประจำ"}}, {"type": "Feature", "geometry": {"type": "Point", "coordinates": [100.6005, 13.66575], "crs": null}, "properties": {"name": "หมู่บ้านนภาลัย (สุขุมวิท 70/3)", "district": "บางนา", "project_name": null, "status_detail": "แก้ไขแล้วเสร็จ", "problem": "น้ำฝน สนข.", "status_num": 5, "detail": "พื้นที่หมู่บ้านจัดสรรเดิม มีการวางท่อระบายน้ำขนาดเล็ก ประกอบกับเป็นพื้นที่ต่ำไม่มีการยกระดับถนน เมื่อมีฝนตกน้ำจะท่วมขังเป็นประจำ"}}, {"type": "Feature", "geometry": {"type": "Point", "coordinates": [100.623, 13.65527], "crs": null}, "properties": {"name": "หมู่บ้านเครือวัลย์ (ซอยแบริ่ง 19)", "district": "บางนา", "project_name": null, "status_detail": "แก้ไขแล้วเสร็จบางส่วน", "problem": "น้ำฝน สนข.", "status_num": 4, "detail": "พื้นที่หมู่บ้านจัดสรรเดิม มีการวางท่อระบายน้ำขนาดเล็ก ประกอบกับเป็นพื้นที่ต่ำไม่มีการยกระดับถนน เมื่อมีฝนตกน้ำจะท่วมขังเป็นประจำ"}}, {"type": "Feature", "geometry": {"type": "Point", "coordinates": [100.6464, 13.65517], "crs": null}, "properties": {"name": "ถนนลาซาลตัดใหม่ (หน้าโรงพยาบาลศิครินทร์)", "district": "บางนา", "project_name": null, "status_detail": "แก้ไขแล้วเสร็จบางส่วน", "problem": "น้ำฝน สนข.", "status_num": 4, "detail": "ท่อระบายน้ำบริเวณดังกล่าว ไม่สามารถดึงลงคลองบางนาได้เต็มประสิทธฺ์ภาพ เนื่องจากคลองบางนามีระดับน้ำที่ล้นสันเขื่อน"}}, {"type": "Feature", "geometry": {"type": "Point", "coordinates": [100.6043, 13.6723], "crs": null}, "properties": {"name": "ซอย สรรพาวุธ 1 แยก 2", "district": "บางนา", "project_name": null, "status_detail": "แก้ไขแล้วเสร็จ", "problem": "น้ำฝน สนข.", "status_num": 5, "detail": "เป็นซอยสาธารณะ บริเวณซอยดังกล่าวเป็นจุดต่ำกว่าซอยสรรพาวุธ 1 และถนนสรรพาวุธ ที่ต้องระบายน้ำสู่คลองบางนา"}}, {"type": "Feature", "geometry": {"type": "Point", "coordinates": [100.6275, 13.66698], "crs": null}, "properties": {"name": "ซอย บางนา-ตราด 24", "district": "บางนา", "project_name": null, "status_detail": "อยู่ระหว่างดำเนินการแก้ไข", "problem": "น้ำฝน สนข.", "status_num": 3, "detail": "พื้นที่มีการวางท่อระบายน้ำขนาดเล็ก ประกอบกับเป็นพื้นที่ต่ำไม่มีการยกระดับถนน เมื่อมีฝนตกน้ำจะท่วมขังเป็นประจำ"}}, {"type": "Feature", "geometry": {"type": "Point", "coordinates": [100.6417, 13.66421], "crs": null}, "properties": {"name": "ซอยบางนา – ตราด 46 (เคหะบางนา)", "district": "บางนา", "project_name": null, "status_detail": "แก้ไขแล้วเสร็จ", "problem": "น้ำฝน สนข.", "status_num": 5, "detail": "เป็นซอยสาธารณะ บริเวณซอยดังกล่าวเป็นจุดต่ำกว่าถนนเทพรัตน และมีน้ำจากถนนเทพรัตนไหลเข้ามาสมทบ ท่อระบายน้ำมีขนาดเล็ก เป็นรูปแบบท่อของเอกชนเดิม ไม่รองรับกับปริมาณน้ำที่ต้องระบายออกจากพื้นที่"}}, {"type": "Feature", "geometry": {"type": "Point", "coordinates": [100.6363, 13.67242], "crs": null}, "properties": {"name": "ซอย บางนา-ตราด 23", "district": "บางนา", "project_name": null, "status_detail": "แก้ไขแล้วเสร็จบางส่วน", "problem": "น้ำฝน สนข.", "status_num": 4, "detail": "พื้นที่หมู่บ้านจัดสรรเดิม มีการวางท่อระบายน้ำขนาดเล็ก ประกอบกับเป็นพื้นที่ต่ำไม่มีการยกระดับถนน เมื่อมีฝนตกน้ำจะท่วมขังเป็นประจำ"}}, {"type": "Feature", "geometry": {"type": "Point", "coordinates": [100.6364, 13.67634], "crs": null}, "properties": {"name": "ซอยอุดมสุข 56", "district": "บางนา", "project_name": null, "status_detail": "แก้ไขแล้วเสร็จ", "problem": "น้ำฝน สนข.", "status_num": 5, "detail": "เป็นซอยสาธารณะ บริเวณซอยดังกล่าวเป็นจุดต่ำกว่าถนนอุดมสุข ที่ต้องระบายน้ำสู่คลองเคล็ด"}}, {"type": "Feature", "geometry": {"type": "Point", "coordinates": [100.6383, 13.71224], "crs": null}, "properties": {"name": "ซอยอ่อนนุช 39", "district": "สวนหลวง", "project_name": null, "status_detail": "แก้ไขแล้วเสร็จ", "problem": "น้ำฝน สนข.", "status_num": 5, "detail": "มีน้ำท่วมขังประมาณ 5-10 ซม. ท่อระบายน้ำมีขนาดเล็ก"}}, {"type": "Feature", "geometry": {"type": "Point", "coordinates": [100.6298, 13.65892], "crs": null}, "properties": {"name": "ซอยลาซาล 46 (หมู่บ้านศรีพงษ์)", "district": "บางนา", "project_name": null, "status_detail": "แก้ไขแล้วเสร็จ", "problem": "น้ำฝน สนข.", "status_num": 5, "detail": "พื้นที่หมู่บ้านจัดสรรเดิม มีการวางท่อระบายน้ำขนาดเล็ก ประกอบกับเป็นพื้นที่ต่ำไม่มีการยกระดับถนน เมื่อมีฝนตกน้ำจะท่วมขังเป็นประจำ"}}, {"type": "Feature", "geometry": {"type": "Point", "coordinates": [100.6171, 13.74091], "crs": null}, "properties": {"name": "ถนนกำแพงเพชร 7", "district": "สวนหลวง", "project_name": null, "status_detail": "อยู่ระหว่างดำเนินการแก้ไข", "problem": "น้ำฝน สนข.", "status_num": 3, "detail": "เดิมเป็นพื้นที่ของการรถไฟแห่งประเทศไทยไม่มีท่อระบายน้ำ ปัจจุบันการรถไฟแห่งประเทศไทยไดส่งมอบพื้นที่ให้สำนักการโยธาดูแลผิวจราจร และเขตทางรวมถึงสาธารณูปโภคต่างๆ เห็นควรประสานสำนักการโยธา ของบประมาณเข้าปรับปรุงท่อระบายน้ำต่อไป"}}, {"type": "Feature", "geometry": {"type": "Point", "coordinates": [100.6472, 13.73212], "crs": null}, "properties": {"name": "ซอยพัฒนาการ 58 (หมู่บ้านเอื้อสุข)", "district": "สวนหลวง", "project_name": null, "status_detail": "แก้ไขแล้วเสร็จ", "problem": "น้ำฝน สนข.", "status_num": 5, "detail": "มีน้ำท่วมขังประมาณ 10 - 15 ซม. พื้นที่มีระดับต่ำ ท่อระบายน้ำมีขนาดเล็ก"}}, {"type": "Feature", "geometry": {"type": "Point", "coordinates": [100.6213, 13.72653], "crs": null}, "properties": {"name": "ซอย พัฒนาการ 30", "district": "สวนหลวง", "project_name": null, "status_detail": "มีมาตรการเร่งด่วน", "problem": "น้ำฝน สนข.", "status_num": 1, "detail": "เป็นพื้นที่ต่ำ เมื่อระดับน้ำในคลองโอ่งอ่างมีระดับสูงจะทำให้ไม่สามารถระบายน้ำออกจากพื้นที่ได้ จำเป็นต้องติดตั้งเครื่องสูบน้ำบริเวณหน้าโรงไวน์เพื่อสูบออกลำรางหลังโรงไวน์สูบส่งลงคลองหัวหมากต่อไป"}}, {"type": "Feature", "geometry": {"type": "Point", "coordinates": [100.6394, 13.72902], "crs": null}, "properties": {"name": "ซอยพัฒนาการ 54 (หมู่บ้านพลเทพ)", "district": "สวนหลวง", "project_name": null, "status_detail": "พื้นที่เอกชนหรือหน่วยงานราชการ", "problem": "น้ำฝน สนข.", "status_num": 2, "detail": "พื้นที่เอกชนมีระดับต่ำ"}}, {"type": "Feature", "geometry": {"type": "Point", "coordinates": [100.6313, 13.73678], "crs": null}, "properties": {"name": "ซอยพัฒนาการ 46 หมู่บ้านศิรินเทพ", "district": "สวนหลวง", "project_name": null, "status_detail": "พื้นที่เอกชนหรือหน่วยงานราชการ", "problem": "น้ำฝน สนข.", "status_num": 2, "detail": "พื้นที่เอกชนมีระดับต่ำ"}}, {"type": "Feature", "geometry": {"type": "Point", "coordinates": [100.6184, 13.73945], "crs": null}, "properties": {"name": "ซอนพัฒนาการ 29 หมู่บ้านเกษรา", "district": "สวนหลวง", "project_name": null, "status_detail": "พื้นที่เอกชนหรือหน่วยงานราชการ", "problem": "น้ำฝน สนข.", "status_num": 2, "detail": "พื้นที่เอกชนมีระดับต่ำ น้ำระบายออกไม่ได้ ต้องติดตั้งเครื่องสูบน้ำบริเวณรอยต่อกำแพงหมู่บ้าน เพื่อสูบออกถนนกำแพงเพชร 7 ปัจจุบันถนนกำแพงเพชร 7 การรถไฟแห่งประเทศไทยได้ส่งมอบพื้นที่ให้สำนักการโยธาแล้ว เห็นควรประสานสำนักการโยธา ของบประมาณเข้าปรับปรุงท่อระบายน้ำต่อไป"}}, {"type": "Feature", "geometry": {"type": "Point", "coordinates": [100.6489, 13.73258], "crs": null}, "properties": {"name": "ซอยพัฒนาการ 53 (หมู่บ้านเมืองทอง 2 โครงการ 3)", "district": "สวนหลวง", "project_name": null, "status_detail": "พื้นที่เอกชนหรือหน่วยงานราชการ", "problem": "น้ำฝน สนข.", "status_num": 2, "detail": "พื้นที่เอกชนมีระดับต่ำ น้ำระบายจากในหมู่บ้านลงสู่บึงรับน้ำ สนข.ช่วยติดตั้งเครื่องสูบน้ำสูบออกจากบึงระบายลงสู่คลองบ้านม้า"}}, {"type": "Feature", "geometry": {"type": "Point", "coordinates": [100.6049, 13.69166], "crs": null}, "properties": {"name": "ซอยสุขุมวิท 64 แยก 6 -5 -2 -2", "district": "พระโขนง", "project_name": null, "status_detail": "แก้ไขแล้วเสร็จ", "problem": "น้ำฝน สนข.", "status_num": 5, "detail": "เป็นซอยเอกชน จึงไม่สามารถเข้าไปปรับปรุงซอยได้ ท่อมีขนาดเล็ก"}}, {"type": "Feature", "geometry": {"type": "Point", "coordinates": [100.6019, 13.69038], "crs": null}, "properties": {"name": "ซอยสุขุมวิท 64 แยก 6 -5 -2 -1", "district": "พระโขนง", "project_name": null, "status_detail": "แก้ไขแล้วเสร็จ", "problem": "น้ำฝน สนข.", "status_num": 5, "detail": "ซอยสุขุมวิท 64 แยก 6 -5 -2 -1 เป็นซอยเอกชน จึงไม่สามารถเข้าไปปรับปรุงซอยได้ และท่อมีขนาดเล็ก"}}, {"type": "Feature", "geometry": {"type": "Point", "coordinates": [100.6394, 13.68079], "crs": null}, "properties": {"name": "หมู่บ้านรุ่งเจริญ ซอยอุดมสุข 51", "district": "พระโขนง", "project_name": null, "status_detail": "แก้ไขแล้วเสร็จ", "problem": "น้ำฝน สนข.", "status_num": 5, "detail": "หมู่บ้านรุ่งเจริญ ซอยอุดมสุข 51 การจราจรติดขัดทำให้ล่าช้าในการเข้าพื้นที่น้ำท่วม และซอยแคบเข้าถึงพื้นที่ลำบาก"}}, {"type": "Feature", "geometry": {"type": "Point", "coordinates": [100.6243, 13.68455], "crs": null}, "properties": {"name": "ซอยสุขุมวิท 101/1 ช่วงระหว่างซอยวชิรธรรมสาธิต 17 – 29", "district": "พระโขนง", "project_name": null, "status_detail": "แก้ไขแล้วเสร็จบางส่วน", "problem": "น้ำฝน สนข.", "status_num": 4, "detail": null}}, {"type": "Feature", "geometry": {"type": "Point", "coordinates": [100.5263, 13.68417], "crs": null}, "properties": {"name": "ซอยสาธุประดิษฐ์ 58 แยก 10", "district": "ยานนาวา", "project_name": null, "status_detail": "แก้ไขแล้วเสร็จบางส่วน", "problem": "น้ำฝน สนข.", "status_num": 4, "detail": "เมื่อฝนตกมีปริมาณมากหรือตกเกิน2ชั่วโมงน้ำจะท่วมขัง"}}, {"type": "Feature", "geometry": {"type": "Point", "coordinates": [100.5347, 13.6753], "crs": null}, "properties": {"name": "พระราม 3 ซอย 41", "district": "ยานนาวา", "project_name": null, "status_detail": "แก้ไขแล้วเสร็จ", "problem": "น้ำฝน สนข.", "status_num": 5, "detail": "เมื่อฝนตกมีปริมาณมากหรือตกเกิน2ชั่วโมงน้ำจะท่วมขัง"}}, {"type": "Feature", "geometry": {"type": "Point", "coordinates": [100.5365, 13.68899], "crs": null}, "properties": {"name": "ซอย สาธุประดิษฐ์ 45 แยก 3", "district": "ยานนาวา", "project_name": null, "status_detail": "แก้ไขแล้วเสร็จบางส่วน", "problem": "น้ำฝน สนข.", "status_num": 4, "detail": "เมื่อฝนตกมีปริมาณมากหรือตกเกิน2ชั่วโมงน้ำจะท่วมขัง"}}, {"type": "Feature", "geometry": {"type": "Point", "coordinates": [100.5351, 13.6919], "crs": null}, "properties": {"name": "ซอย สาธุประดิษฐ์ 39", "district": "ยานนาวา", "project_name": null, "status_detail": "พื้นที่เอกชนหรือหน่วยงานราชการ", "problem": "น้ำฝน สนข.", "status_num": 2, "detail": "เป็นซอยส่วนบุคคลมีลักษณะต่ำกว่าถนนสาธุประดิษฐ์ เมื่อฝนตกมีปริมาณมากหรือตกเกิน2ชั่วโมงน้ำจะท่วมขัง"}}, {"type": "Feature", "geometry": {"type": "Point", "coordinates": [100.5359, 13.68814], "crs": null}, "properties": {"name": "ซอยสาธุประดิษฐ์ 45 แยก 5", "district": "ยานนาวา", "project_name": null, "status_detail": "แก้ไขแล้วเสร็จบางส่วน", "problem": "น้ำฝน สนข.", "status_num": 4, "detail": "เมื่อฝนตกมีปริมาณมากหรือตกเกิน2ชั่วโมงน้ำจะท่วมขัง"}}, {"type": "Feature", "geometry": {"type": "Point", "coordinates": [100.6257, 13.70028], "crs": null}, "properties": {"name": "ซอยปุณณวิถี 53 (หมู่บ้านเมืองทอง 4)", "district": "พระโขนง", "project_name": null, "status_detail": "พื้นที่เอกชนหรือหน่วยงานราชการ", "problem": "น้ำฝน สนข.", "status_num": 2, "detail": "เป็นพื้นที่ส่วนบุคคล มีการติดตั้งคเรื่องสูบน้ำ ขนาด 8 นิ้วดีเซล"}}, {"type": "Feature", "geometry": {"type": "Point", "coordinates": [100.5339, 13.70212], "crs": null}, "properties": {"name": "ซอย สาธุประดิษฐ์ 15", "district": "ยานนาวา", "project_name": null, "status_detail": "มีมาตรการเร่งด่วน", "problem": "น้ำฝน สนข.", "status_num": 1, "detail": "เมื่อฝนตกมีปริมาณมากหรือตกเกิน2ชั่วโมงน้ำจะท่วมขัง"}}, {"type": "Feature", "geometry": {"type": "Point", "coordinates": [100.6008, 13.73404], "crs": null}, "properties": {"name": "ซอย ปรีดี พนมยงค์ 42", "district": "วัฒนา", "project_name": null, "status_detail": "แก้ไขแล้วเสร็จ", "problem": "น้ำฝน สนข.", "status_num": 5, "detail": "ซอย ปรีดี พนมยงค์ 42 การระบายน้ำภายในซอยจะระบายออกทางปากซอย ลงสู่แนวถนนสุขุมวิท 71 จะต้องรอให้ สนน. เร่งระบายน้ำ ให้ลดระดับ จะทำให้ในซอยลดระดับตาม"}}, {"type": "Feature", "geometry": {"type": "Point", "coordinates": [100.539, 13.69172], "crs": null}, "properties": {"name": "บริเวณซอยนนทรี 14 ช่วงกลางซอยถึงท้ายซอย", "district": "ยานนาวา", "project_name": null, "status_detail": "แก้ไขแล้วเสร็จบางส่วน", "problem": "น้ำฝน สนข.", "status_num": 4, "detail": "ซอยดังกล่าวมีความยาวมากและเป็นซอยตันมีลักษณะต่ำเมื่อฝนตกมีปริมาณมากหรือตกเกิน2ชั่วโมงน้ำจะท่วมขัง"}}, {"type": "Feature", "geometry": {"type": "Point", "coordinates": [100.6016, 13.74746], "crs": null}, "properties": {"name": "ซอย รามคำแหง 5 แยกไซหนับพัฒนา", "district": "สวนหลวง", "project_name": null, "status_detail": "แก้ไขแล้วเสร็จ", "problem": "น้ำฝน สนข.", "status_num": 5, "detail": "การระบายน้ำภายในซอยจะระบายออกทางปากซอยรามคำแหง 5 ลงสู่แนวถนนรามคำแหง และอาศัยสถานีสูบน้ำคลองกะจะสูบส่งลงคลองกะจะต่อไป"}}, {"type": "Feature", "geometry": {"type": "Point", "coordinates": [100.5928, 13.72991], "crs": null}, "properties": {"name": "ซอย ปรีดี พนมยงค์ 31", "district": "วัฒนา", "project_name": null, "status_detail": "แก้ไขแล้วเสร็จ", "problem": "น้ำฝน สนข.", "status_num": 5, "detail": "ซอย ปรีดี พนมยงค์ 31 การระบายน้ำภายในซอยจะระบายออกทางปากซอย ลงสู่แนวถนนสุขุมวิท 71 จะต้องรอให้ สนน. เร่งระบายน้ำ ให้ลดระดับ จะทำให้ในซอยลดระดับตาม และภายในซอยผิวจราจรระดับต่ำกว่าด้านนอก"}}, {"type": "Feature", "geometry": {"type": "Point", "coordinates": [100.5918, 13.7317], "crs": null}, "properties": {"name": "ซอย ปรีดี พนมยงค์ 37", "district": "วัฒนา", "project_name": null, "status_detail": "แก้ไขแล้วเสร็จ", "problem": "น้ำฝน สนข.", "status_num": 5, "detail": "ซอย ปรีดี พนมยงค์ 37 การระบายน้ำภายในซอยจะระบายออกทางปากซอย ลงสู่แนวถนนสุขุมวิท 71 จะต้องรอให้ สนน. เร่งระบายน้ำ ให้ลดระดับ"}}, {"type": "Feature", "geometry": {"type": "Point", "coordinates": [100.5933, 13.72701], "crs": null}, "properties": {"name": "ซอย ปรีดี พนมยงค์ 25", "district": "วัฒนา", "project_name": null, "status_detail": "แก้ไขแล้วเสร็จ", "problem": "น้ำฝน สนข.", "status_num": 5, "detail": "ซอย ปรีดี พนมยงค์ 25 การระบายน้ำภายในซอยจะระบายออกทางปากซอย ลงสู่แนวถนนสุขุมวิท 71 จะต้องรอให้ สนน. เร่งระบายน้ำ ให้ลดระดับ"}}, {"type": "Feature", "geometry": {"type": "Point", "coordinates": [100.6005, 13.72603], "crs": null}, "properties": {"name": "ซอย ปรีดี พนมยงค์ 26", "district": "วัฒนา", "project_name": null, "status_detail": "แก้ไขแล้วเสร็จบางส่วน", "problem": "น้ำฝน สนข.", "status_num": 4, "detail": "เนื่องจากพื้นที่เป็นแอ่งกระทะ ฝนตกหนักจะมีน้ำเอ่อบนผิวจราจร ปัจจุบันใช้เวลาในการระบายประมาณ 30 - 60 นาที"}}, {"type": "Feature", "geometry": {"type": "Point", "coordinates": [100.6014, 13.72038], "crs": null}, "properties": {"name": "ซอย ปรีดี พนมยงค์ 14", "district": "วัฒนา", "project_name": null, "status_detail": "แก้ไขแล้วเสร็จบางส่วน", "problem": "น้ำฝน สนข.", "status_num": 4, "detail": "เนื่่องจากพื้นที่ช่วงปากซอยปรีดีฯ 14 แยก 3 จนถึงปากซอยปรีดีฯ 14 แยก 5 เป็นแอ่งกระทะ จะมีน้ำเอ่อบนผิวจราจร ใช้เวลาในการระบายประมาณ 60 - 90 นาที"}}, {"type": "Feature", "geometry": {"type": "Point", "coordinates": [100.5942, 13.71983], "crs": null}, "properties": {"name": "ซอย ปรีดี พนมยงค์ 13", "district": "วัฒนา", "project_name": null, "status_detail": "แก้ไขแล้วเสร็จ", "problem": "น้ำฝน สนข.", "status_num": 5, "detail": "การระบายน้ำภายในซอยจะระบายออกทางปากซอย ลงสู่แนวถนนสุขุมวิท 71 จะต้องรอให้ สนน. เร่งระบายน้ำ ให้ลดระดับ"}}, {"type": "Feature", "geometry": {"type": "Point", "coordinates": [100.5958, 13.72193], "crs": null}, "properties": {"name": "ถนน สุขุมวิท 71", "district": "วัฒนา", "project_name": null, "status_detail": "แก้ไขแล้วเสร็จบางส่วน", "problem": "น้ำฝน สนข.", "status_num": 4, "detail": null}}, {"type": "Feature", "geometry": {"type": "Point", "coordinates": [100.5888, 13.72033], "crs": null}, "properties": {"name": "สุขุมวิท 65", "district": "วัฒนา", "project_name": null, "status_detail": "แก้ไขแล้วเสร็จบางส่วน", "problem": "น้ำฝน สนข.", "status_num": 4, "detail": "ช่วงกลางซอยและท้ายซอยเป็นแอ่งกระทะ ต้องรอการระบายไปทางปากซอยออกถนนสุขุมวิท และระบายไปออกซอยปรีดีฯ 15 ซึ่งระบายได้ช้า ซึ่งในอดีตมีการต่อท่อระบายน้ำเชื่อมลงคลองบางมะเขือได้อีก 1 ช่องทาง แต่สภาพคลองบางมะเขือตื้นเขิน น้ำระบายได้ช้า"}}, {"type": "Feature", "geometry": {"type": "Point", "coordinates": [100.6227, 13.66844], "crs": null}, "properties": {"name": "หมู่บ้านถาวรนิเวศน์ (ซอยบางนา-ตราด 14)", "district": "บางนา", "project_name": null, "status_detail": "แก้ไขแล้วเสร็จบางส่วน", "problem": "น้ำฝน สนข.", "status_num": 4, "detail": "พื้นที่หมู่บ้านจัดสรรเดิม มีการวางท่อระบายน้ำขนาดเล็ก ประกอบกับเป็นพื้นที่ต่ำไม่มีการยกระดับถนน เมื่อมีฝนตกน้ำจะท่วมขังเป็นประจำ"}}, {"type": "Feature", "geometry": {"type": "Point", "coordinates": [100.526, 13.70788], "crs": null}, "properties": {"name": "ซอย จันทน์ 18/7 แยก 1", "district": "สาทร", "project_name": null, "status_detail": "แก้ไขแล้วเสร็จ", "problem": "น้ำฝน สนข.", "status_num": 5, "detail": "รับผลกระทบจากน้ำท่วมถนนจันทน์ มีน้ำขัง สูง 18-20 ซม. ยาว 700 ม."}}, {"type": "Feature", "geometry": {"type": "Point", "coordinates": [100.5934, 13.73522], "crs": null}, "properties": {"name": "เอกมัย 22", "district": "วัฒนา", "project_name": null, "status_detail": "แก้ไขแล้วเสร็จ", "problem": "น้ำฝน สนข.", "status_num": 5, "detail": "ช่วงท้ายซอยเอกมัย 22 เป็นแอ่งกระทะ และท่อระบายน้ำท่อเมนมีฝั่งเดียว "}}, {"type": "Feature", "geometry": {"type": "Point", "coordinates": [100.5932, 13.72176], "crs": null}, "properties": {"name": "ซอย ปรีดี พนมยงค์ 15", "district": "วัฒนา", "project_name": null, "status_detail": "แก้ไขแล้วเสร็จ", "problem": "น้ำฝน สนข.", "status_num": 5, "detail": "ซอย ปรีดี พนมยงค์ 15 การระบายน้ำภายในซอยจะระบายออกทางปากซอย ลงสู่แนวถนนสุขุมวิท 71 จะต้องรอให้ สนน. เร่งระบายน้ำ ให้ลดระดับ"}}, {"type": "Feature", "geometry": {"type": "Point", "coordinates": [100.583, 13.91416], "crs": null}, "properties": {"name": "ถนนประชาอุทิศ", "district": "ดอนเมือง", "project_name": null, "status_detail": "อยู่ระหว่างดำเนินการแก้ไข", "problem": "น้ำฝน สนข.", "status_num": 3, "detail": null}}, {"type": "Feature", "geometry": {"type": "Point", "coordinates": [100.5668, 13.92043], "crs": null}, "properties": {"name": "ซอยวัดเวฬุวนาราม 30", "district": "ดอนเมือง", "project_name": null, "status_detail": "แก้ไขแล้วเสร็จ", "problem": "น้ำฝน สนข.", "status_num": 5, "detail": "- ไม่ได้ปรับปรุงถนนพร้อมท่อระบายน้ำในซอยย่อย แนวทางแก้ไข - ปรับปรุงถนนพร้อมท่อระบายน้ำ ให้มีขนาด Ø 0.80 เมตร ในซอยย่อย"}}, {"type": "Feature", "geometry": {"type": "Point", "coordinates": [100.5825, 13.9281], "crs": null}, "properties": {"name": "คูนายกิม 3", "district": "ดอนเมือง", "project_name": null, "status_detail": "แก้ไขแล้วเสร็จบางส่วน", "problem": "น้ำฝน สนข.", "status_num": 4, "detail": "เป็นพื้นที่ต่ำ พื้นที่น้ำท่วมขังสูงสุด เต็มพื้นที่ยาวประมาณ 2,000 เมตร ระดับความลึกน้ำ ประมาณ 30 - 50 เซนติเมตร แนวทางแก้ไข ติดตั้งเครื่องสูบน้ำเครื่องยนต์ดีเซล ขนาด 8 นิ้ว จำนวน 2 เครื่อง สูบลงคลองบางไผ่ และติดตั้งเครื่องสูบน้ำเครื่องยนต์ดีเซล ขนาด 8 นิ้ว จำนวน 1 เครื่อง ลงท่อระบายน้ำ ถนนพุทธมณฑลสาย 3"}}, {"type": "Feature", "geometry": {"type": "Point", "coordinates": [100.6099, 13.94868], "crs": null}, "properties": {"name": "ลำรางเลียบโรงเรียนพหลโยธิน", "district": "ดอนเมือง", "project_name": null, "status_detail": "อยู่ระหว่างดำเนินการแก้ไข", "problem": "น้ำฝน สนข.", "status_num": 3, "detail": "ลำรางลาดเป็ดมีสภาพตื้นเขิน มีสิ่งปลูกสร้างที่รื้อถอนแล้วกีดขวางทางระบายน้ำ"}}, {"type": "Feature", "geometry": {"type": "Point", "coordinates": [100.5849, 13.91564], "crs": null}, "properties": {"name": "ถนนช่างอากาศอุทิศ", "district": "ดอนเมือง", "project_name": null, "status_detail": "แก้ไขแล้วเสร็จบางส่วน", "problem": "น้ำฝน สนข.", "status_num": 4, "detail": "เกิดจากฝนตกหนัก น้ำคลองเปรมประชากรมีระดับสูง และท่อมีขนาดเล็ก การขยายตัวชุมชนเพิ่มมากขึ้น ไม่ได้ปรับปรุงมานาน ทำใหระบายน้ำได้ช้า และยังปรับปรุงไม่ครบช่วง"}}, {"type": "Feature", "geometry": {"type": "Point", "coordinates": [100.5684, 13.92967], "crs": null}, "properties": {"name": "ลำรางหน้าวัดพุทธสยาม", "district": "ดอนเมือง", "project_name": null, "status_detail": "แก้ไขแล้วเสร็จ", "problem": "น้ำฝน สนข.", "status_num": 5, "detail": "ลำรางไม่ได้ขุดลอกเกิน 5 ปี"}}, {"type": "Feature", "geometry": {"type": "Point", "coordinates": [100.5675, 13.92873], "crs": null}, "properties": {"name": "ลำรางข้างหมู่บ้านเทพประทาน", "district": "ดอนเมือง", "project_name": null, "status_detail": "อยู่ระหว่างดำเนินการแก้ไข", "problem": "น้ำฝน สนข.", "status_num": 3, "detail": "ลำรางไม่ได้ขุดลอกเกิน 5 ปี"}}, {"type": "Feature", "geometry": {"type": "Point", "coordinates": [100.5559, 13.82483], "crs": null}, "properties": {"name": "ซอยวิภาวดีรังสิต 17", "district": "จตุจักร", "project_name": null, "status_detail": "แก้ไขแล้วเสร็จ", "problem": "น้ำฝน สนข.", "status_num": 5, "detail": "- น้ำท่วมขังประมาณ 10-15 ซม. แนวทางแก้ไข - ปรับปรุงท่อระบายน้ำเป็น box culvert ขนาด 1.00x1.00 เมตร ยาวประมาณ 690 เมตร"}}, {"type": "Feature", "geometry": {"type": "Point", "coordinates": [100.5779, 13.82587], "crs": null}, "properties": {"name": "ซอยรัชดาภิเษก 42", "district": "จตุจักร", "project_name": null, "status_detail": "แก้ไขแล้วเสร็จ", "problem": "น้ำฝน สนข.", "status_num": 5, "detail": "- น้ำท่วมขังประมาณ 30 ซม. (ตลอดทัํงซอย) แนวทางแก้ไข - ปรับปรุงท่อระบายนํ้าและผิวจราจรในซอยรัชดาภิเษก 42 แยก 4 และ แยก 6 (เพิ่มเติม) ยาวประมาณ 1,100 เมตร"}}, {"type": "Feature", "geometry": {"type": "Point", "coordinates": [100.5779, 13.82222], "crs": null}, "properties": {"name": "ซอยรัชดาภิเษก 36", "district": "จตุจักร", "project_name": null, "status_detail": "แก้ไขแล้วเสร็จบางส่วน", "problem": "น้ำฝน สนข.", "status_num": 4, "detail": "- น้ำท่วมขังประมาณ 15-20 ซม. (ตลอดทัํงซอยหลักและซอยย่อย) แนวทางแก้ไข - ปรับปรุงบ่อสูบนํ้าซอยรัชดาภิเษก 36 แยก 9-3 (บ่อสูบเกิดพุ่ม) เป็นขนาด 3.00 ลบ.ม/วินาที (เดิมขนาด 0.20 ลบ.ม/วินาที) - ปรับปรุงท่อระบายนํ้าซอยรัชดาภิเษก 36 แยก 9-3 เป็น box culvert ขนาด 1.20 x 1.20 เมตร ยาวประมาณ 500 เมตร - ปรับปรุงบ่อสูบนํ้าซอยรัชดาภิเษก 36 แยก 9-3-4 (บ่อสูบพาร์ 3) เป็นขนาด 2.00 ลบ.ม/วินาที (เดิมขนาด 0.24 ลบ.ม/วินาที - ปรับปรุงท่อระบายนํ้าซอยรัชดาภิเษก 36 แยก 9-3-4 ขนาด Ø 1.00 เมตร ยาวประมาณ 760 เมตร - ปรับปรุงบ่อสูบนํ้าอาภาภิรมย์ ซอยรัชดาภิเษก 36 แยก 19 เป็นขนาด 4.50 ลบ.ม/วินาที (เดิมขนาด 2.00 ลบ.ม/วินาที) - ปรับปรุงท่อระบายนํ้าซอยรัชดาภิเษก 36 แยก 19 เป็น box culvert 1.20 x 1.20 เมตร ทัํง 2 ฝั่ง ยาวประมาณ 3,000 เมตร - รื้อถอนประตูระบายน้ำคลองลาดพร้าว 56 จุดที่เป็นคอขวด เพื่อขยายความกว้างคลอง ให้มีความกว้างเพิ่มขึ้น เป็น 22 เมตร (โดยสนน. ดำเนินการชั่วคราวด้วยงบค่าใช้สอยปี 2566 และปรับปรุงถาวรใช้งบปี 2567)"}}, {"type": "Feature", "geometry": {"type": "Point", "coordinates": [100.5822, 13.85973], "crs": null}, "properties": {"name": "ซอยพหลโยธิน 49/1", "district": "หลักสี่", "project_name": null, "status_detail": "แก้ไขแล้วเสร็จ", "problem": "น้ำฝน สนข.", "status_num": 5, "detail": "- น้ำท่วมขังประมาณ 20 ซม. แนวทางแก้ไข - ปรับปรุงผิวจราจรจากถนนเลียบคลองบางเขนถึงคลองบางเขนยกระดับผิวจราจร 50 เซนติเมตร ยาวประมาณ 95 เมตร"}}, {"type": "Feature", "geometry": {"type": "Point", "coordinates": [100.5829, 13.85457], "crs": null}, "properties": {"name": "ซอยพลโยธิน 49", "district": "จตุจักร", "project_name": null, "status_detail": "แก้ไขแล้วเสร็จ", "problem": "น้ำฝน สนข.", "status_num": 5, "detail": "- น้ำท่วมขังประมาณ 20 ซม. (ตลอดทัํงซอย) แนวทางแก้ไข - ปรับปรุงเพิ่มท่อระบายนํ้า ขนาด Ø 0.60 เมตร อีก 1 ฝั่ง ยาวประมาณ 530 เมตร พร้อมทัํงยกระดับผิวจราจร บริเวณท้ายซอย - ก่อสร้างบ่อสูบนํ้า (ท้ายซอยพหลโยธิน 49) ขนาด 0.50 ลบ.ม/วินาที"}}, {"type": "Feature", "geometry": {"type": "Point", "coordinates": [100.5901, 13.84079], "crs": null}, "properties": {"name": "ซอยพหลโยธิน 34", "district": "จตุจักร", "project_name": null, "status_detail": "อยู่ระหว่างดำเนินการแก้ไข", "problem": "น้ำฝน สนข.", "status_num": 3, "detail": "- น้ำท่วมขังประมาณ 15 ซม. แนวทางแก้ไข - ก่อสร้างบ่อสูบนํ้าปลายซอยพหลโยธิน 34 แยก 11-2 ขนาด 4.00 ลบ.ม/วินาที เพื่อสูบนํ้า จากซอยพหลโยธิน 34 ออกสู่คลองลาดพร้าว - ปรับปรุงซอยพหลโยธิน 34 แยก 11-2 เพิ่มท่อระบายนํ้าเป็นขนาด box culvert ขนาด 2.10 x 2.10 เมตร (ช่วงท้ายซอย) และขนาด 1.50 x 1.50 เมตร (ช่วงต้นซอย) ยาวประมาณ 800 เมตร"}}, {"type": "Feature", "geometry": {"type": "Point", "coordinates": [100.5469, 13.83166], "crs": null}, "properties": {"name": "หมู่บ้านปูนซีเมนต์ไทย", "district": "จตุจักร", "project_name": null, "status_detail": "แก้ไขแล้วเสร็จ", "problem": "น้ำฝน สนข.", "status_num": 5, "detail": "- น้ำท่วมขังประมาณ 15 ซม. แนวทางแก้ไข - ก่อสร้างบ่อสูบนํ้าปากซอยรัชดาภิเษก 52 ขนาด 2.00 ลบ.ม/วินาที เพื่อสูบนํ้าจากซอยรัชดาภิเษก 52 ออกสู่คูระบายนํ้า ข้างถนนรัชดาภิเษก - ปรับปรุงท่อระบายนํ้า ซอยรัชดาภิเษก 52 เป็นขนาด Ø 1.20 เมตร ยาวประมาณ 400 เมตร"}}, {"type": "Feature", "geometry": {"type": "Point", "coordinates": [100.6517, 13.87594], "crs": null}, "properties": {"name": "ถนนเทพรักษ์ช่วงระหว่างเวนคืนที่ดิน ซอยครูเพี้ยน", "district": "บางเขน", "project_name": null, "status_detail": "อยู่ระหว่างดำเนินการแก้ไข", "problem": "น้ำฝน สนข.", "status_num": 3, "detail": "เป็นพื้นที่ต่ำ น้ำท่วมขังสูงสุดเต็มพื้นที่ ยาวประมาณ 800 เมตร เมื่อมีฝนตกตั้งแต่ 60 มม. ขึ้นไป จะเกิดปัญหาน้ำท่วมขังประมาณ 30 ซม. แนวทางแก้ไข ติดตั้งเครื่องสูบน้ำเครื่องยนต์ดีเซล ขนาด 8 นิ้ว สูบลงคลอง บางอ้าย - ติดต่อเจ้าของที่ดินเจรจาให้ยกเป็นทางสาธารณะเพื่อ จะได้ของบประมาณปรับปรุงต่อไป"}}, {"type": "Feature", "geometry": {"type": "Point", "coordinates": [100.5962, 13.87567], "crs": null}, "properties": {"name": "วงเวียนบางเขน", "district": "บางเขน", "project_name": null, "status_detail": "แก้ไขแล้วเสร็จ", "problem": "น้ำฝน สนข.", "status_num": 5, "detail": null}}, {"type": "Feature", "geometry": {"type": "Point", "coordinates": [100.6057, 13.89047], "crs": null}, "properties": {"name": "ถนนเทพรักษ์ตัดกับถนนพหลโยธิน", "district": "บางเขน", "project_name": null, "status_detail": "แก้ไขแล้วเสร็จ", "problem": "น้ำฝน สนข.", "status_num": 5, "detail": "- น้้าท่วมขังผิวจราจร สูงประมาณ 20 - 30 ซม. แนวทางแก้ไข - ขุดลอกล้ารางหมู่บ้านอนันต์สุขสุนต์ รุ่นที่ 18 - ขุดลอกล้ารางหมู่บ้านเพชรสยาม - ปรับปรุงซอยเทพรักษ์ 46 - ก่อสร้างสถานีสูบน้้าพร้อมเขื่อนคลองล้าผักชี (ตลาดยิ่งเจริญ) - ติดตั้งประตูท่อ2 จุด (ลงคลองล้าผักชี) - สนน.ติดตั้ง Flap Gate ปลายท่อถนนพหลโยธินก่อนลงคลองล้าผักชี (สนย)"}}, {"type": "Feature", "geometry": {"type": "Point", "coordinates": [100.6447, 13.8697], "crs": null}, "properties": {"name": "ถนนวัชรพล", "district": "บางเขน", "project_name": null, "status_detail": "แก้ไขแล้วเสร็จ", "problem": "น้ำฝน สนข.", "status_num": 5, "detail": "- น้้าท่วมขังผิวจราจร สูงประมาณ 20 - 30 ซม. แนวทางแก้ไข - สนน.พิจารณาลอกท่อระบายน้้า - ปรับปรุงผิวจราจร/ทางเท้า/ฝาท่อระบายน้้า - ติดตั้งประตูท่อพร้อมบ่อสูบน้้า2 จุด (ลงคลองหนองจอก) - ติดตั้งประตูท่อ 2 จุด (หน้า รร.รัตนโกสินทร์) (สนย)"}}, {"type": "Feature", "geometry": {"type": "Point", "coordinates": [100.6467, 13.86753], "crs": null}, "properties": {"name": "ถนนสุขาภิบาล 5 ถึงแยกวัชรพล", "district": "บางเขน", "project_name": null, "status_detail": "แก้ไขแล้วเสร็จ", "problem": "น้ำฝน สนข.", "status_num": 5, "detail": "- น้้าท่วมขังผิวจราจร สูงประมาณ 20 - 30 ซม. แนวทางแก้ไข - ปรับปรุงซอยสุขาภิบาล 5 ซอย 5 แยก 4 (งบฯ 4,255,000 บาท) - ปรับปรุงซอยสุขาภิบาล 5 ซอย 5 แยก 20 (งบฯ 7,227,000 บาท) - ปรับปรุงซอยสุขาภิบาล 5 ซอย 5 (จามจุรี) (งบฯ 15,120,000 บาท) - ปรับปรุงซอยสุขาภิบาล 5 แยก 23 - ปรับปรุงซอยสุขาภิบาล 5 แยก 15 - ปรับปรุงซอยสุขาภิบาล 5 ซอย 5 แยก 22-1 - ปรับปรุงซอยคุณพ่อลบนาคอุลัย - ปรับปรุงซอยสุขาภิบาล 5 ซอย 5 แยก 16 - ปรับปรุงซอยสุขาภิบาล 5 ซอย 5 แยก 12 - ขุดลอกคลองกุ่มแดง จากคลองหนองบัวบาน ถึงคลองจระเข้ (งบฯ 1,777,000 บาท) - ขุดลอกคลองบัว (งบฯ 4,000,000 บาท) - ปรับปรุงท่อระบายน้้าและยกผิวจราจร - ติดตั้งประตูท่อ 4 จุด (ลงคลองบัว) (สนย)"}}, {"type": "Feature", "geometry": {"type": "Point", "coordinates": [100.6059, 13.87081], "crs": null}, "properties": {"name": "ซอยรามอินทรา 5", "district": "บางเขน", "project_name": null, "status_detail": "แก้ไขแล้วเสร็จบางส่วน", "problem": "น้ำฝน สนข.", "status_num": 4, "detail": "พื่นที่ต่ำท่อระบายน้ำมีขนาดเล็ก เนื่องจากฝนตกหนักมีน้ำท่วมบริเวณปากซอยรามอินทรา 5"}}, {"type": "Feature", "geometry": {"type": "Point", "coordinates": [100.6185, 13.86929], "crs": null}, "properties": {"name": "ซอยรามอินทรา 19", "district": "บางเขน", "project_name": null, "status_detail": "แก้ไขแล้วเสร็จบางส่วน", "problem": "น้ำฝน สนข.", "status_num": 4, "detail": "- น้้าท่วมขังผิวจราจร สูงประมาณ 20 - 30 ซม"}}, {"type": "Feature", "geometry": {"type": "Point", "coordinates": [100.62, 13.86871], "crs": null}, "properties": {"name": "ซอยรามอินทรา 21", "district": "บางเขน", "project_name": null, "status_detail": "แก้ไขแล้วเสร็จบางส่วน", "problem": "น้ำฝน สนข.", "status_num": 4, "detail": "- น้้าท่วมขังผิวจราจร สูงประมาณ 20 - 30 ซม. "}}, {"type": "Feature", "geometry": {"type": "Point", "coordinates": [100.6252, 13.86492], "crs": null}, "properties": {"name": "ซอยรามอินทรา 31", "district": "บางเขน", "project_name": null, "status_detail": "แก้ไขแล้วเสร็จบางส่วน", "problem": "น้ำฝน สนข.", "status_num": 4, "detail": "- น้้าท่วมขังผิวจราจร สูงประมาณ 20 - 30 ซม. "}}, {"type": "Feature", "geometry": {"type": "Point", "coordinates": [100.621, 13.86736], "crs": null}, "properties": {"name": "ซอยรามอินทรา 23", "district": "บางเขน", "project_name": null, "status_detail": "แก้ไขแล้วเสร็จบางส่วน", "problem": "น้ำฝน สนข.", "status_num": 4, "detail": "- น้้าท่วมขังผิวจราจร สูงประมาณ 20 - 30 ซม. แนวทางแก้ไข - ปรับปรุงซอยรามอินทรา 23 แยก 4 ปรับปรุงซอยรามอินทรา 23 แยก 20 (สนย)"}}, {"type": "Feature", "geometry": {"type": "Point", "coordinates": [100.6273, 13.86276], "crs": null}, "properties": {"name": "ซอยรามอินทรา 39", "district": "บางเขน", "project_name": null, "status_detail": "แก้ไขแล้วเสร็จบางส่วน", "problem": "น้ำฝน สนข.", "status_num": 4, "detail": "พื้นที่ลุ่มต่ำ"}}, {"type": "Feature", "geometry": {"type": "Point", "coordinates": [100.5786, 13.84745], "crs": null}, "properties": {"name": "ซอยพหลโยธิน 43", "district": "จตุจักร", "project_name": null, "status_detail": "แก้ไขแล้วเสร็จ", "problem": "น้ำฝน สนข.", "status_num": 5, "detail": "- น้ำท่วมขังประมาณ 30 ซม. (ตลอดทัํงซอย) แนวทางแก้ไข - อยู่ระหว่างปรับปรุงท่อระบายนํ้าพร้อมทัํงยกระดับผิวจราจรใน ซอยพหลโยธิน 43 (ตลอดทัํงซอย)"}}, {"type": "Feature", "geometry": {"type": "Point", "coordinates": [100.5971, 13.84319], "crs": null}, "properties": {"name": "ถนนลาดปลาเค้า", "district": "ลาดพร้าว", "project_name": null, "status_detail": "แก้ไขแล้วเสร็จ", "problem": "น้ำฝน สนข.", "status_num": 5, "detail": "- น้้าท่วมขังผิวจราจร สูงประมาณ 10 - 15 ซม. แนวทางแก้ไข - ขุดลอกไผ่เขียว (อยู่ระหว่างด้าเนินการ) (งบฯ 1,701,000 บาท) - ก่อสร้างเขื่อนและสถานีสูบน้้าคลองไผ่เขียว (อยู่ระหว่างด้าเนินการ) (งบฯ 101,764,000 บาท) - ปรับปรุงท่อระบายน้้าและยกผิวจราจร ซ.รามอินทรา10 (อยู่ระหว่างด้าเนินการ) (งบฯ 6,020,000 บาท) - ติดตั้งประตูท่อ ลงคลองหลุมไผ่ 2 จุด"}}, {"type": "Feature", "geometry": {"type": "Point", "coordinates": [100.6269, 13.85773], "crs": null}, "properties": {"name": "แฟลตการเคหะรามอินทรา กม.4", "district": "บางเขน", "project_name": null, "status_detail": "แก้ไขแล้วเสร็จ", "problem": "น้ำฝน สนข.", "status_num": 5, "detail": "- น้้าท่วมขังผิวจราจร สูงประมาณ 10 - 15 ซม. แนวทางแก้ไข - ขุดลอกล้ารางแยกคลองล้าไผ่ (งบฯ 1,000,000 บาท) - ปรับปรุงท่อระบายน้้าและยกผิวจราจรเคหะ (งบฯ 30,000,000 บาท)รามอินทรา กม.4 - ซ่อมแซมและขยายบ่อสูบ - เสนอการเคหะซ่อมแซมบ่อบ้าบัด"}}, {"type": "Feature", "geometry": {"type": "Point", "coordinates": [100.6698, 13.86729], "crs": null}, "properties": {"name": "ซอยคู้บอน 27 แยก 42", "district": "บางเขน", "project_name": null, "status_detail": "แก้ไขแล้วเสร็จ", "problem": "น้ำฝน สนข.", "status_num": 5, "detail": "พื่นที่ต่ำ ท่อระบายน้ำมีขนาดเล็ก"}}, {"type": "Feature", "geometry": {"type": "Point", "coordinates": [100.6696, 13.86817], "crs": null}, "properties": {"name": "ซอยคู้บอน 27 แยก 46", "district": "บางเขน", "project_name": null, "status_detail": "แก้ไขแล้วเสร็จ", "problem": "น้ำฝน สนข.", "status_num": 5, "detail": "พื่นที่ต่ำ ท่อระบายน้ำมีขนาดเล็ก"}}, {"type": "Feature", "geometry": {"type": "Point", "coordinates": [100.6697, 13.86774], "crs": null}, "properties": {"name": "ซอยคู้บอน 27 แยก 44", "district": "บางเขน", "project_name": null, "status_detail": "แก้ไขแล้วเสร็จ", "problem": "น้ำฝน สนข.", "status_num": 5, "detail": "พื่นที่ต่ำ ท่อระบายน้ำมีขนาดเล็ก"}}, {"type": "Feature", "geometry": {"type": "Point", "coordinates": [100.6693, 13.86848], "crs": null}, "properties": {"name": "ซอยคู้บอน 27 แยก 48", "district": "บางเขน", "project_name": null, "status_detail": "แก้ไขแล้วเสร็จ", "problem": "น้ำฝน สนข.", "status_num": 5, "detail": "พื่นที่ต่ำ ท่อระบายน้ำมีขนาดเล็ก"}}, {"type": "Feature", "geometry": {"type": "Point", "coordinates": [100.6689, 13.86981], "crs": null}, "properties": {"name": "ซอยคู้บอน 27 แยก 54", "district": "บางเขน", "project_name": null, "status_detail": "แก้ไขแล้วเสร็จ", "problem": "น้ำฝน สนข.", "status_num": 5, "detail": "พื่นที่ต่ำ ท่อระบายน้ำมีขนาดเล็ก"}}, {"type": "Feature", "geometry": {"type": "Point", "coordinates": [100.669, 13.86942], "crs": null}, "properties": {"name": "ซอยคู้บอน 27 แยก 52", "district": "บางเขน", "project_name": null, "status_detail": "แก้ไขแล้วเสร็จ", "problem": "น้ำฝน สนข.", "status_num": 5, "detail": "พื่นที่ต่ำ ท่อระบายน้ำมีขนาดเล็ก"}}, {"type": "Feature", "geometry": {"type": "Point", "coordinates": [100.6007, 13.87457], "crs": null}, "properties": {"name": "หมู่บ้านอัมรินทร์นิเวศน์", "district": "บางเขน", "project_name": null, "status_detail": "แก้ไขแล้วเสร็จ", "problem": "น้ำฝน สนข.", "status_num": 5, "detail": "- น้้าท่วมขังผิวจราจร สูงประมาณ 10 - 15 ซม. แนวทางแก้ไข -โครงการก่อสร้างทำนบกั้นน้ำ แนวคลองลาดพร้าว (อยู่ระหว่างสำรวจและออกแบบ)"}}, {"type": "Feature", "geometry": {"type": "Point", "coordinates": [100.6688, 13.87104], "crs": null}, "properties": {"name": "ซอยคู้บอน 27 แยก 56", "district": "บางเขน", "project_name": null, "status_detail": "แก้ไขแล้วเสร็จ", "problem": "น้ำฝน สนข.", "status_num": 5, "detail": "พื่นที่ต่ำ ท่อระบายน้ำมีขนาดเล็ก"}}, {"type": "Feature", "geometry": {"type": "Point", "coordinates": [100.6517, 13.87589], "crs": null}, "properties": {"name": "ชุมชนวัดอาวุธ", "district": "บางเขน", "project_name": null, "status_detail": "พื้นที่เอกชนหรือหน่วยงานราชการ", "problem": "น้ำฝน สนข.", "status_num": 2, "detail": "พื่นที่ต่ำ ท่อระบายน้ำมีขนาดเล็ก (จุดเฝ้าระวัง)"}}, {"type": "Feature", "geometry": {"type": "Point", "coordinates": [100.6493, 13.86715], "crs": null}, "properties": {"name": "ชุมชนวัชรปราณี", "district": "บางเขน", "project_name": null, "status_detail": "พื้นที่เอกชนหรือหน่วยงานราชการ", "problem": "น้ำฝน สนข.", "status_num": 2, "detail": "พื่นที่ต่ำ ท่อระบายน้ำมีขนาดเล็ก "}}, {"type": "Feature", "geometry": {"type": "Point", "coordinates": [100.5313, 13.82325], "crs": null}, "properties": {"name": "ซอยกรุงเทพ - นนทบุรี 31", "district": "บางซื่อ", "project_name": null, "status_detail": "อยู่ระหว่างดำเนินการแก้ไข", "problem": "น้ำฝน สนข.", "status_num": 3, "detail": "- น้ำท่วมขังบริเวณกลางซอยถึงท้ายซอย เนื่องจาก น้ำจากท่อระบายน้ำในถนนกรุงเทพ-นนทบุรี ไม่สามารถระบายน้ำได้ทันจึงทำให้น้ำไหลเข้าสู่ภายในซอยดังกล่าว\""}}, {"type": "Feature", "geometry": {"type": "Point", "coordinates": [100.6071, 13.82723], "crs": null}, "properties": {"name": "หมู่บ้านเสนานิเวศน์ โครงการ 1", "district": "ลาดพร้าว", "project_name": null, "status_detail": "แก้ไขแล้วเสร็จบางส่วน", "problem": "น้ำฝน สนข.", "status_num": 4, "detail": "น้ำท่วมขังเนื่องจาก ท่อระบายภายในหมู่บ้านเสนานิเวศน์ มีขนาดเล็กและประกอบกับท่อระบายชำรุดทรุดตัว เนื่องจากหมู่บ้านมีอายุมากกว่า 50 ปี"}}, {"type": "Feature", "geometry": {"type": "Point", "coordinates": [100.624, 13.84105], "crs": null}, "properties": {"name": "ชุมชนเนียมกล่ำสามัคคี", "district": "ลาดพร้าว", "project_name": null, "status_detail": "แก้ไขแล้วเสร็จบางส่วน", "problem": "น้ำฝน สนข.", "status_num": 4, "detail": "(เดิมเป็นพื้นที่เอกชน) ถนนภายในชุมชนมีระยะยาว และช่วงหักเลี้ยวจำนวนมาก มีทางระบายน้ำออกทางปากซอยประเสริฐมนูกิจ 29 แยก 8 เพียงทางเดียว และเป็นพื้นที่ลุ่มต่ำ เมื่อฝนตกหนักติดต่อกันเป็นเวลานานทำให้เกิดปัญหาน้ำท่วมขัง"}}, {"type": "Feature", "geometry": {"type": "Point", "coordinates": [100.5114, 13.82603], "crs": null}, "properties": {"name": "บริเวณแนวคลองบางเขน", "district": "บางซื่อ", "project_name": null, "status_detail": "แก้ไขแล้วเสร็จ", "problem": "น้ำฝน สนข.", "status_num": 5, "detail": "- ระดับน้ำในคลองสูง ทำให้ไหลท่วมบริเวณพื้นที่ริมคลอง แนวทางแก้ไข - งานปรับปรุงแนวป้องกันน้ำท่วมริมแม่น้ำเจ้าพระยาบริเวณคลองบางเขนเก่า (สนน. จะของบปี 66 (งบกลาง) 26,400,000.-บาท ระยะเวลา 200 วัน) (สนน)"}}, {"type": "Feature", "geometry": {"type": "Point", "coordinates": [100.6072, 13.83958], "crs": null}, "properties": {"name": "หมู่บ้านเสนานิเวศน์ โครงการ 2", "district": "ลาดพร้าว", "project_name": null, "status_detail": "พื้นที่เอกชนหรือหน่วยงานราชการ", "problem": "น้ำฝน สนข.", "status_num": 2, "detail": "(พื้นที่เอกชน) เนื่องจากระบบท่อระบายน้ำ เสียหาย ขาดการบำรุงรักษา"}}, {"type": "Feature", "geometry": {"type": "Point", "coordinates": [100.6249, 13.84031], "crs": null}, "properties": {"name": "ซอยประเสริฐมนูกิจ 29 แยก 4", "district": "ลาดพร้าว", "project_name": null, "status_detail": "แก้ไขแล้วเสร็จบางส่วน", "problem": "น้ำฝน สนข.", "status_num": 4, "detail": "เนื่องจากฝาบ่อพักท่อระบายน้ำมีช่องรับน้ำ ไม่เพียงพอและพื้นที่ในหมู่บ้านมีสภาพลุ่มต่ำ"}}, {"type": "Feature", "geometry": {"type": "Point", "coordinates": [100.622, 13.82646], "crs": null}, "properties": {"name": "ถนนสุคนธสวัสดิ์ 13 ถึงถนนประเสริฐมนูกิจ", "district": "ลาดพร้าว", "project_name": null, "status_detail": "แก้ไขแล้วเสร็จบางส่วน", "problem": "น้ำฝน สนข.", "status_num": 4, "detail": null}}, {"type": "Feature", "geometry": {"type": "Point", "coordinates": [100.6104, 13.81476], "crs": null}, "properties": {"name": "หมู่บ้านลาดพร้าววิลเลจ", "district": "ลาดพร้าว", "project_name": null, "status_detail": "พื้นที่เอกชนหรือหน่วยงานราชการ", "problem": "น้ำฝน สนข.", "status_num": 2, "detail": "มีน้ำท่วมขังเนื่องจากเป็นพื้นที่ลุ่มต่ำ (เดิมเป็นพื้นที่เอกชน ยังไม่ได้ยกให้เป็นสาธารณะทั้งหมด) ระบบท่อระบายน้ำภายในหมู่บ้านชำรุดเสียหาย"}}, {"type": "Feature", "geometry": {"type": "Point", "coordinates": [100.6159, 13.81381], "crs": null}, "properties": {"name": "ซอยนาคนิวาส 48 แยก 14", "district": "ลาดพร้าว", "project_name": null, "status_detail": "แก้ไขแล้วเสร็จ", "problem": "น้ำฝน สนข.", "status_num": 5, "detail": "- มีน้ำท่วมขังเนื่องจากเป็นพื้นที่ลุ่มต่ำ แนวทางการแก้ไข - ปรับปรุงท่อระบายน้ำและยกระดับพื้นถนน (สนข. จะของบปี 66 (งบกลาง) ..............บาท)"}}, {"type": "Feature", "geometry": {"type": "Point", "coordinates": [100.5973, 13.80913], "crs": null}, "properties": {"name": "ถนนโชคชัย 4 ซอย 30", "district": "ลาดพร้าว", "project_name": null, "status_detail": "แก้ไขแล้วเสร็จ", "problem": "น้ำฝน สนข.", "status_num": 5, "detail": "- มีน้ำท่วมขังเนื่องจากระบบบระบายน้ำไม่สามารถรองรับได้ - ก่อสร้างบ่อสูบน้ำพร้อมเครื่องสูบน้ำไฟฟ้าบริเวณถนนโชคชัย 4 ช่วงสะพานข้ามคลองทรงกระเทียมหน้าโรงพยาบาลเปาโลฯ โชคชัย 4 และ ก่อสร้างบ่อสูบน้ำพร้อมเครื่องสูบน้ำไฟฟ้าบริเวณถนนโชคชัย 4 ระบายสู่คลองเสือน้อย(โดยสนน.) และยกระดับผิวถนนให้สูงขึ้น (โดยสนย.)"}}, {"type": "Feature", "geometry": {"type": "Point", "coordinates": [100.5975, 13.81044], "crs": null}, "properties": {"name": "ถนนโชคชัย 4 ซอย 34", "district": "ลาดพร้าว", "project_name": null, "status_detail": "แก้ไขแล้วเสร็จ", "problem": "น้ำฝน สนข.", "status_num": 5, "detail": "- มีน้ำท่วมขังเนื่องจากระบบบระบายน้ำไม่สามารถรองรับได้ แนวทางการแก้ไข - ก่อสร้างบ่อสูบน้ำพร้อมเครื่องสูบน้ำไฟฟ้าบริเวณถนนโชคชัย 4 ช่วงสะพานข้ามคลองทรงกระเทียมหน้าโรงพยาบาลเปาโลฯ โชคชัย 4 - ก่อสร้างบ่อสูบน้ำพร้อมเครื่องสูบน้ำไฟฟ้าบริเวณถนนโชคชัย 4 ระบายสู่คลองเสือน้อย (สนน. จะของบปี 66 (งบกลาง) - ยกระดับผิวถนนให้สูงขึ้น (โดยสนย. จะของบปี 66 (งบกลาง) ..............บาท)"}}, {"type": "Feature", "geometry": {"type": "Point", "coordinates": [100.5975, 13.81081], "crs": null}, "properties": {"name": "ถนนโชคชัย 4 ซอย 36", "district": "ลาดพร้าว", "project_name": null, "status_detail": "แก้ไขแล้วเสร็จ", "problem": "น้ำฝน สนข.", "status_num": 5, "detail": "- มีน้ำท่วมขังเนื่องจากระบบบระบายน้ำไม่สามารถรองรับได้ แนวทางการแก้ไข - ก่อสร้างบ่อสูบน้ำพร้อมเครื่องสูบน้ำไฟฟ้าบริเวณถนนโชคชัย 4 ช่วงสะพานข้ามคลองทรงกระเทียมหน้าโรงพยาบาลเปาโลฯ โชคชัย 4 - ก่อสร้างบ่อสูบน้ำพร้อมเครื่องสูบน้ำไฟฟ้าบริเวณถนนโชคชัย 4 ระบายสู่คลองเสือน้อย (สนน. จะของบปี 66 (งบกลาง) - ยกระดับผิวถนนให้สูงขึ้น (โดยสนย. จะของบปี 66 (งบกลาง) ..............บาท)"}}, {"type": "Feature", "geometry": {"type": "Point", "coordinates": [100.5972, 13.80966], "crs": null}, "properties": {"name": "ถนนโชคชัย 4 ซอย 32", "district": "ลาดพร้าว", "project_name": null, "status_detail": "แก้ไขแล้วเสร็จ", "problem": "น้ำฝน สนข.", "status_num": 5, "detail": "- มีน้ำท่วมขังเนื่องจากระบบบระบายน้ำไม่สามารถรองรับได้ แนวทางการแก้ไข - ก่อสร้างบ่อสูบน้ำพร้อมเครื่องสูบน้ำไฟฟ้าบริเวณถนนโชคชัย 4 ช่วงสะพานข้ามคลองทรงกระเทียมหน้าโรงพยาบาลเปาโลฯ โชคชัย 4 - ก่อสร้างบ่อสูบน้ำพร้อมเครื่องสูบน้ำไฟฟ้าบริเวณถนนโชคชัย 4 ระบายสู่คลองเสือน้อย (สนน. จะของบปี 66 (งบกลาง) - ยกระดับผิวถนนให้สูงขึ้น (โดยสนย. จะของบปี 66 (งบกลาง) ..............บาท)"}}, {"type": "Feature", "geometry": {"type": "Point", "coordinates": [100.5971, 13.8111], "crs": null}, "properties": {"name": "ถนนโชคชัย 4 ซอย 38", "district": "ลาดพร้าว", "project_name": null, "status_detail": "แก้ไขแล้วเสร็จ", "problem": "น้ำฝน สนข.", "status_num": 5, "detail": "- มีน้ำท่วมขังเนื่องจากระบบบระบายน้ำไม่สามารถรองรับได้ แนวทางการแก้ไข - ก่อสร้างบ่อสูบน้ำพร้อมเครื่องสูบน้ำไฟฟ้าบริเวณถนนโชคชัย 4 ช่วงสะพานข้ามคลองทรงกระเทียมหน้าโรงพยาบาลเปาโลฯ โชคชัย 4 - ก่อสร้างบ่อสูบน้ำพร้อมเครื่องสูบน้ำไฟฟ้าบริเวณถนนโชคชัย 4 ระบายสู่คลองเสือน้อย (สนน. จะของบปี 66 (งบกลาง) - ยกระดับผิวถนนให้สูงขึ้น (โดยสนย. จะของบปี 66 (งบกลาง) ..............บาท)"}}, {"type": "Feature", "geometry": {"type": "Point", "coordinates": [100.5973, 13.81194], "crs": null}, "properties": {"name": "ถนนโชคชัย 4 ซอย 42", "district": "ลาดพร้าว", "project_name": null, "status_detail": "แก้ไขแล้วเสร็จ", "problem": "น้ำฝน สนข.", "status_num": 5, "detail": "- มีน้ำท่วมขังเนื่องจากระบบบระบายน้ำไม่สามารถรองรับได้ แนวทางการแก้ไข - ก่อสร้างบ่อสูบน้ำพร้อมเครื่องสูบน้ำไฟฟ้าบริเวณถนนโชคชัย 4 ช่วงสะพานข้ามคลองทรงกระเทียมหน้าโรงพยาบาลเปาโลฯ โชคชัย 4 - ก่อสร้างบ่อสูบน้ำพร้อมเครื่องสูบน้ำไฟฟ้าบริเวณถนนโชคชัย 4 ระบายสู่คลองเสือน้อย (สนน. จะของบปี 66 (งบกลาง) - ยกระดับผิวถนนให้สูงขึ้น (โดยสนย. จะของบปี 66 (งบกลาง) ..............บาท)"}}, {"type": "Feature", "geometry": {"type": "Point", "coordinates": [100.5972, 13.81153], "crs": null}, "properties": {"name": "ถนนโชคชัย 4 ซอย 40", "district": "ลาดพร้าว", "project_name": null, "status_detail": "แก้ไขแล้วเสร็จ", "problem": "น้ำฝน สนข.", "status_num": 5, "detail": "- มีน้ำท่วมขังเนื่องจากระบบบระบายน้ำไม่สามารถรองรับได้ แนวทางการแก้ไข - ก่อสร้างบ่อสูบน้ำพร้อมเครื่องสูบน้ำไฟฟ้าบริเวณถนนโชคชัย 4 ช่วงสะพานข้ามคลองทรงกระเทียมหน้าโรงพยาบาลเปาโลฯ โชคชัย 4 - ก่อสร้างบ่อสูบน้ำพร้อมเครื่องสูบน้ำไฟฟ้าบริเวณถนนโชคชัย 4 ระบายสู่คลองเสือน้อย (สนน. จะของบปี 66 (งบกลาง) - ยกระดับผิวถนนให้สูงขึ้น (โดยสนย. จะของบปี 66 (งบกลาง) ..............บาท)"}}, {"type": "Feature", "geometry": {"type": "Point", "coordinates": [100.5972, 13.81234], "crs": null}, "properties": {"name": "ถนนโชคชัย 4 ซอย 44", "district": "ลาดพร้าว", "project_name": null, "status_detail": "แก้ไขแล้วเสร็จ", "problem": "น้ำฝน สนข.", "status_num": 5, "detail": "- มีน้ำท่วมขังเนื่องจากระบบบระบายน้ำไม่สามารถรองรับได้ แนวทางการแก้ไข - ก่อสร้างบ่อสูบน้ำพร้อมเครื่องสูบน้ำไฟฟ้าบริเวณถนนโชคชัย 4 ช่วงสะพานข้ามคลองทรงกระเทียมหน้าโรงพยาบาลเปาโลฯ โชคชัย 4 - ก่อสร้างบ่อสูบน้ำพร้อมเครื่องสูบน้ำไฟฟ้าบริเวณถนนโชคชัย 4 ระบายสู่คลองเสือน้อย (สนน. จะของบปี 66 (งบกลาง) - ยกระดับผิวถนนให้สูงขึ้น (โดยสนย. จะของบปี 66 (งบกลาง) ..............บาท)"}}, {"type": "Feature", "geometry": {"type": "Point", "coordinates": [100.5915, 13.82878], "crs": null}, "properties": {"name": "หมู่บ้านอมรพันธ์ 9", "district": "ลาดพร้าว", "project_name": null, "status_detail": "อยู่ระหว่างดำเนินการแก้ไข", "problem": "น้ำฝน สนข.", "status_num": 3, "detail": "มีน้ำท่วมขังเนื่องจากระบบบระบายน้ำไม่สามารถรองรับได้"}}, {"type": "Feature", "geometry": {"type": "Point", "coordinates": [100.5895, 13.80396], "crs": null}, "properties": {"name": "วัดลาดพร้าว", "district": "ลาดพร้าว", "project_name": null, "status_detail": "แก้ไขแล้วเสร็จ", "problem": "น้ำฝน สนข.", "status_num": 5, "detail": "#NAME?"}}, {"type": "Feature", "geometry": {"type": "Point", "coordinates": [100.6267, 13.8252], "crs": null}, "properties": {"name": "ซอยประดิษฐ์มนูธรรม 27", "district": "ลาดพร้าว", "project_name": null, "status_detail": "แก้ไขแล้วเสร็จ", "problem": "น้ำฝน สนข.", "status_num": 5, "detail": "- ไม่มีท่อระบายน้ำ แนวทางการแก้ไข - ปรับปรุงถนนและท่อระบายน้ำ (สนข. จะของบปี 66 (งบกลาง) 6,100,000.- บาท)"}}, {"type": "Feature", "geometry": {"type": "Point", "coordinates": [100.6176, 13.81791], "crs": null}, "properties": {"name": "คอนโดเอื้อประชา ซอยนาคนิวาส 48 แยก 18", "district": "ลาดพร้าว", "project_name": null, "status_detail": "พื้นที่เอกชนหรือหน่วยงานราชการ", "problem": "น้ำฝน สนข.", "status_num": 2, "detail": "มีน้ำท่วมขังเนื่องจากระบบบระบายน้ำไม่สามารถรองรับได้"}}, {"type": "Feature", "geometry": {"type": "Point", "coordinates": [100.6068, 13.81288], "crs": null}, "properties": {"name": "ซอยโชคชัย 4 ซอย 54 แยก 4 ซอย 24", "district": "ลาดพร้าว", "project_name": null, "status_detail": "แก้ไขแล้วเสร็จ", "problem": "น้ำฝน สนข.", "status_num": 5, "detail": "- น้ำท่วมขังเนื่องจากเป็นพื้นที่ลุ่มต่ำ แนวทางการแก้ไข - ปรับปรุงท่อระบายน้ำและยกระดับถนนถนนซอยโชคชัย 4 ซอย 54 แยก 4 ซอย 23,24,25 (สนข. จะของบปี 66 (งบกลาง) 10,835,000.- บาท)"}}, {"type": "Feature", "geometry": {"type": "Point", "coordinates": [100.6068, 13.81326], "crs": null}, "properties": {"name": "ซอยโชคชัย 4 ซอย 54 แยก 4 ซอย 23", "district": "ลาดพร้าว", "project_name": null, "status_detail": "แก้ไขแล้วเสร็จ", "problem": "น้ำฝน สนข.", "status_num": 5, "detail": "- น้ำท่วมขังเนื่องจากเป็นพื้นที่ลุ่มต่ำ แนวทางการแก้ไข - ปรับปรุงท่อระบายน้ำและยกระดับถนนถนนซอยโชคชัย 4 ซอย 54 แยก 4 ซอย 23,24,25 (สนข. จะของบปี 66 (งบกลาง) 10,835,000.- บาท)"}}, {"type": "Feature", "geometry": {"type": "Point", "coordinates": [100.5981, 13.80591], "crs": null}, "properties": {"name": "ถนนโชคชัย 4 ซอย 20", "district": "ลาดพร้าว", "project_name": null, "status_detail": "แก้ไขแล้วเสร็จ", "problem": "น้ำฝน สนข.", "status_num": 5, "detail": "- น้ำท่วมขังเนื่องจากเป็นพื้นที่ลุ่มต่ำ"}}, {"type": "Feature", "geometry": {"type": "Point", "coordinates": [100.6206, 13.83527], "crs": null}, "properties": {"name": "หมู่บ้ำนเฟรนชิพ", "district": "ลาดพร้าว", "project_name": null, "status_detail": "แก้ไขแล้วเสร็จ", "problem": "น้ำฝน สนข.", "status_num": 5, "detail": "- น้ำท่วมขังเนื่องจากเป็นพื้นที่ลุ่มต่ำและระบบระบายน้ำเก่า แนวทางการแก้ไข - ปรับปรุงถนนและท่อระบายน้ำซอยประเสริฐมนูกิจ 2 แยก 2 (สนข. ได้รับงบประมาณแล้ว อยู่ระหว่างดำเนินการ)"}}, {"type": "Feature", "geometry": {"type": "Point", "coordinates": [100.6068, 13.81244], "crs": null}, "properties": {"name": "ซอยโชคชัย 4 ซอย 54 แยก 4 ซอย 25", "district": "ลาดพร้าว", "project_name": null, "status_detail": "แก้ไขแล้วเสร็จ", "problem": "น้ำฝน สนข.", "status_num": 5, "detail": "- น้ำท่วมขังเนื่องจากเป็นพื้นที่ลุ่มต่ำ แนวทางการแก้ไข - ปรับปรุงท่อระบายน้ำและยกระดับถนนถนนซอยโชคชัย 4 ซอย 54 แยก 4 ซอย 23,24,25 (สนข. จะของบปี 66 (งบกลาง) 10,835,000.- บาท)"}}, {"type": "Feature", "geometry": {"type": "Point", "coordinates": [100.5929, 13.81399], "crs": null}, "properties": {"name": "ซอยโชคชัย 4 ซอย 49 แยก 7", "district": "ลาดพร้าว", "project_name": null, "status_detail": "แก้ไขแล้วเสร็จ", "problem": "น้ำฝน สนข.", "status_num": 5, "detail": "- ไม่มีท่อระบายน้ำ แนวทางการแก้ไข - ปรับปรุงถนนและท่อระบายน้ำ (สนข. จะของบปี 66 (งบกลาง) 5,141,000.- บาท)"}}, {"type": "Feature", "geometry": {"type": "Point", "coordinates": [100.5935, 13.81876], "crs": null}, "properties": {"name": "ซอยลาดพร้าววังหิน 48", "district": "ลาดพร้าว", "project_name": null, "status_detail": "แก้ไขแล้วเสร็จ", "problem": "น้ำฝน สนข.", "status_num": 5, "detail": "- ไม่มีท่อระบายน้ำ แนวทางการแก้ไข - ปรับปรุงถนนและท่อระบายน้ำ (สนข. จะของบปี 66 (งบกลาง) 4,691,000.- บาท)"}}, {"type": "Feature", "geometry": {"type": "Point", "coordinates": [100.6019, 13.81059], "crs": null}, "properties": {"name": "ซอยโชคชัย 4 บริเวณท้ายซอย 36", "district": "ลาดพร้าว", "project_name": null, "status_detail": "แก้ไขแล้วเสร็จบางส่วน", "problem": "น้ำฝน สนข.", "status_num": 4, "detail": "มีน้ำท่วมขังเนื่องจากระบบบระบายน้ำไม่สามารถรองรับได้ "}}, {"type": "Feature", "geometry": {"type": "Point", "coordinates": [100.6214, 13.89125], "crs": null}, "properties": {"name": "ซอยพหลโยธิน 52 แยก 27 (ซอยทิมเรืองเวช)", "district": "สายไหม", "project_name": null, "status_detail": "แก้ไขแล้วเสร็จ", "problem": "น้ำฝน สนข.", "status_num": 5, "detail": "- เป็นพื้นที่ลุ่มต่ำ มีน้ำท่วมขัง 20-40 ซม. แนวทางแก้ไข - ปรับปรุงยกระดับซอยทิมเรืองเวชจากซอยพหลโยธิน 52 แยก 27 ถึงซอยเพิ่มสิน 20 แยก 19 (โดยสนข. งบประมาณ12,000,000.- บาท)"}}, {"type": "Feature", "geometry": {"type": "Point", "coordinates": [100.6203, 13.89459], "crs": null}, "properties": {"name": "ซอยพหลโยธิน 52 แยก 11 (หมู่บ้านณัฐกานต์ 3-5,วัดอมราวราม)", "district": "สายไหม", "project_name": null, "status_detail": "แก้ไขแล้วเสร็จบางส่วน", "problem": "น้ำฝน สนข.", "status_num": 4, "detail": "- เเป็นพื้นที่ลุ่มต่ำ มีน้ำท่วมขัง เวลาฝนตกหนัก"}}, {"type": "Feature", "geometry": {"type": "Point", "coordinates": [100.6114, 13.88874], "crs": null}, "properties": {"name": "ซอยพหลโยธิน 50 (ชุมชนเสนาวัฒนา)", "district": "สายไหม", "project_name": null, "status_detail": "อยู่ระหว่างดำเนินการแก้ไข", "problem": "น้ำฝน สนข.", "status_num": 3, "detail": "- เป็นพื้นที่ลุ่มต่ำ มีน้ำท่วมขัง เวลาฝนตกหนัก"}}, {"type": "Feature", "geometry": {"type": "Point", "coordinates": [100.6269, 13.89478], "crs": null}, "properties": {"name": "ซอยเพิ่มสิน 20", "district": "สายไหม", "project_name": null, "status_detail": "แก้ไขแล้วเสร็จ", "problem": "น้ำฝน สนข.", "status_num": 5, "detail": "- เป็นพื้นที่ลุ่มต่ำ มีน้ำท่วมขัง เวลาฝนตกหนัก แนวทางแก้ไข - ปรับปรุงระบบระบายน้ำและถนนซอยพหลโยธิน 52 (โดยสนข. งบประมาณ 140,831,000.- บาท)"}}, {"type": "Feature", "geometry": {"type": "Point", "coordinates": [100.642, 13.90821], "crs": null}, "properties": {"name": "ซอยพหลโยธิน 54/1 (ซอยวัดเกาะ)", "district": "สายไหม", "project_name": null, "status_detail": "แก้ไขแล้วเสร็จบางส่วน", "problem": "น้ำฝน สนข.", "status_num": 4, "detail": "- เน้ำท่วมขังเนื่องจากเป็นบริเวณพื้นที่ลุ่มต่ำและท่อระบายน้ำมีขนาดเล็ก"}}, {"type": "Feature", "geometry": {"type": "Point", "coordinates": [100.5974, 13.82043], "crs": null}, "properties": {"name": "ซอยสตรีวิทยา 2 ซอย 29", "district": "ลาดพร้าว", "project_name": null, "status_detail": "แก้ไขแล้วเสร็จ", "problem": "น้ำฝน สนข.", "status_num": 5, "detail": "- ไม่มีท่อระบายน้ำ แนวทางการแก้ไข - ปรับปรุงถนนและท่อระบายน้ำ (สนข. จะของบปี 66 (งบกลาง) 6,200,000.- บาท)"}}, {"type": "Feature", "geometry": {"type": "Point", "coordinates": [100.6837, 13.92144], "crs": null}, "properties": {"name": "ถนนสายไหม (สามแยกตลาดวงศกร)", "district": "สายไหม", "project_name": null, "status_detail": "แก้ไขแล้วเสร็จ", "problem": "น้ำฝน สนข.", "status_num": 5, "detail": "- เป็นพื้นที่แอ่งกระทะมีน้ำท่วมขังบริเวณแยก 30-40 ซม. แนวทางแก้ไข - ก่อสร้างบ่อสูบน้ำ จำนวน 10 แห่ง (โดยสนข. งบประมาณโครงการ 12,000,000.- บาท) และปรับปรุงซอยสายไหม 70และติดตั้งบ่อสูบน้ำไฟฟ้า 10” (โดยสนข. งบประมาณโครงการ 27,569,000.- บาท)"}}, {"type": "Feature", "geometry": {"type": "Point", "coordinates": [100.6459, 13.93033], "crs": null}, "properties": {"name": "ท้ายซอยสายไหม 17", "district": "สายไหม", "project_name": null, "status_detail": "แก้ไขแล้วเสร็จ", "problem": "น้ำฝน สนข.", "status_num": 5, "detail": "- มีน้ำท่วมขังเนื่องจากเป็นพื้นที่แอ่งกระทะ และระบบท่อระบายน้ำเก่าไม่สามารถรองรับน้ำฝนที่ตกลงมาได้ แนวทางแก้ไข - ปรับปรุงท่อระบายน้ำและถนนซอยสายไหม 17 (โดยสนข. งบประมาณ 30,000,000.- บาท) และปรับปรุงซอยสายไหม 26 (โดยสนข. งบประมาณโครงการ 16,626,000.- บาท)"}}, {"type": "Feature", "geometry": {"type": "Point", "coordinates": [100.6444, 13.92532], "crs": null}, "properties": {"name": "ซอยสายไหม 15 (หมู่บ้านอัมรินทร์3 ผัง 4)", "district": "สายไหม", "project_name": null, "status_detail": "พื้นที่เอกชนหรือหน่วยงานราชการ", "problem": "น้ำฝน สนข.", "status_num": 2, "detail": "- มีน้ำท่วมขังเนื่องจากเป็นพื้นที่แอ่งกระทะ และระบบท่อระบายน้ำเก่าไม่สามารถรองรับน้ำฝนที่ตกลงมาได้"}}, {"type": "Feature", "geometry": {"type": "Point", "coordinates": [100.6427, 13.922], "crs": null}, "properties": {"name": "หน้าตลาดเอซี", "district": "สายไหม", "project_name": null, "status_detail": "แก้ไขแล้วเสร็จ", "problem": "น้ำฝน สนข.", "status_num": 5, "detail": "- มีน้ำท่วมขังเนื่องจากเป็นพื้นที่แอ่งกระทะ และระบบท่อระบายน้ำเก่าไม่สามารถรองรับน้ำฝนที่ตกลงมาได้ แนวทางแก้ไข - ปรับปรุงท่อระบายน้ำและถนนซอยสายไหม 17 (โดยสนข. งบประมาณ 30,000,000.- บาท) และปรับปรุงซอยสายไหม 26 (โดยสนข. งบประมาณโครงการ 16,626,000.- บาท)"}}, {"type": "Feature", "geometry": {"type": "Point", "coordinates": [100.629, 13.92996], "crs": null}, "properties": {"name": "ซอยพหลโยธิน 54/4", "district": "สายไหม", "project_name": null, "status_detail": "อยู่ระหว่างดำเนินการแก้ไข", "problem": "น้ำฝน สนข.", "status_num": 3, "detail": "- น้ำท่วมขังเนื่องจากเป็นบริเวณพื้นที่ลุ่มต่ำและท่อระบายน้ำมีขนาดเล็ก"}}, {"type": "Feature", "geometry": {"type": "Point", "coordinates": [100.6377, 13.92976], "crs": null}, "properties": {"name": "ซอยพหลโยธิน 54/1 แยก 3", "district": "สายไหม", "project_name": null, "status_detail": "แก้ไขแล้วเสร็จ", "problem": "น้ำฝน สนข.", "status_num": 5, "detail": "- น้ำท่วมขังเนื่องจากเป็นบริเวณพื้นที่ลุ่มต่ำและท่อระบายน้ำมีขนาดเล็ก"}}, {"type": "Feature", "geometry": {"type": "Point", "coordinates": [100.6294, 13.93437], "crs": null}, "properties": {"name": "ซอยพหลโยธิน 56", "district": "สายไหม", "project_name": null, "status_detail": "อยู่ระหว่างดำเนินการแก้ไข", "problem": "น้ำฝน สนข.", "status_num": 3, "detail": "- เป็นหมู่บ้านเก่า สภาพพื้นที่ลุ่มต่ำ ท่อระบายน้ำเดิมมี\n  ขนาดเล็ก ช่วงเวลาฝนตก น้ำในพื้นที่ระบายน้ำไม่ทัน\n  มีทางระบายน้ำออกสู่คลองสองทางเดียว ใช้เวลาในการ\n  ระบายน้ำ 1 – 2 ชม."}}, {"type": "Feature", "geometry": {"type": "Point", "coordinates": [100.6705, 13.91257], "crs": null}, "properties": {"name": "ซอยสุขาภิบาล 5 ซอย 65 (ชุมชนหนองใหญ่)", "district": "สายไหม", "project_name": null, "status_detail": "พื้นที่เอกชนหรือหน่วยงานราชการ", "problem": "น้ำฝน สนข.", "status_num": 2, "detail": "- น้ำท่วมขังเนื่องจากเป็นบริเวณพื้นที่ลุ่มต่ำและท่อระบายน้ำมีขนาดเล็กโดยรอบมีที่ว่างรอบชุมชนเป็นที่การเคหะแห่งชาติไม่มีท่อระบายน้ำ"}}, {"type": "Feature", "geometry": {"type": "Point", "coordinates": [100.642, 13.89252], "crs": null}, "properties": {"name": "ซอยวัชรพล 8", "district": "สายไหม", "project_name": null, "status_detail": "แก้ไขแล้วเสร็จบางส่วน", "problem": "น้ำฝน สนข.", "status_num": 4, "detail": "- มีน้ำท่วมขัง 40-50 ซม. เนื่องจากพื้นที่มีระดับต่ำและท่อระบายน้ำมีขนาดเล็ก"}}, {"type": "Feature", "geometry": {"type": "Point", "coordinates": [100.6416, 13.89378], "crs": null}, "properties": {"name": "ซอยวัชรพล 10", "district": "สายไหม", "project_name": null, "status_detail": "แก้ไขแล้วเสร็จบางส่วน", "problem": "น้ำฝน สนข.", "status_num": 4, "detail": "- มีน้ำท่วมขัง 40-50 ซม. เนื่องจากพื้นที่มีระดับต่ำและท่อระบายน้ำมีขนาดเล็ก"}}, {"type": "Feature", "geometry": {"type": "Point", "coordinates": [100.6385, 13.89539], "crs": null}, "properties": {"name": "ซอยวัชรพล 12", "district": "สายไหม", "project_name": null, "status_detail": "แก้ไขแล้วเสร็จบางส่วน", "problem": "น้ำฝน สนข.", "status_num": 4, "detail": "- มีน้ำท่วมขัง 40-50 ซม. เนื่องจากพื้นที่มีระดับต่ำและท่อระบายน้ำมีขนาดเล็ก"}}, {"type": "Feature", "geometry": {"type": "Point", "coordinates": [100.5558, 13.87272], "crs": null}, "properties": {"name": "หมู่บ้านท่าทราย ซอยประชาชื่น 12", "district": "หลักสี่", "project_name": null, "status_detail": "แก้ไขแล้วเสร็จ", "problem": "น้ำฝน สนข.", "status_num": 5, "detail": "- มีน้ำท่วมขัง 10-15 ซม. และมีน้ำไหลย้อนเข้าสู่ระบบท่อ แนวทางแก้ไข - ก่อสร้างบ่อสูบน้ำพร้อมติดตั้งเครื่องสูบน้ำไฟฟ้า 3 จุด(โดยสนน.) - ติดตั้ง Flap gate ป้องกันน้ำย้อนจากลำรางบางตลาด (โดย สนน.) - ก่อสร้างบ่อสูบน้ำ Bypass ขนาด Æ 1.5 ม. ก่อนเข้าระบบบำบัดน้ำเสีย เร่งช่วยรระบาย (โดย สนน.)"}}, {"type": "Feature", "geometry": {"type": "Point", "coordinates": [100.5533, 13.87663], "crs": null}, "properties": {"name": "หมู่บ้านการไฟฟ้า ซอยประชาชื่น 14", "district": "หลักสี่", "project_name": null, "status_detail": "แก้ไขแล้วเสร็จ", "problem": "น้ำฝน สนข.", "status_num": 5, "detail": "- มีน้ำท่วมขัง 10-15 ซม. และมีน้ำไหลย้อนเข้าสู่ระบบท่อ แนวทางแก้ไข - ก่อสร้างบ่อสูบน้ำพร้อมติดตั้งเครื่องสูบน้ำไฟฟ้า 3 จุด(โดยสนน.) - ติดตั้ง Flap gate ป้องกันน้ำย้อนจากลำรางบางตลาด (โดย สนน.) - ก่อสร้างบ่อสูบน้ำ Bypass ขนาด Æ 1.5 ม. ก่อนเข้าระบบบำบัดน้ำเสีย เร่งช่วยรระบาย (โดย สนน.)"}}, {"type": "Feature", "geometry": {"type": "Point", "coordinates": [100.6652, 13.88443], "crs": null}, "properties": {"name": "ซอยสุขาภิบาล 5 ซอย 32 แยก 7 (ชุมชนพรพระร่วง)", "district": "สายไหม", "project_name": null, "status_detail": "แก้ไขแล้วเสร็จบางส่วน", "problem": "น้ำฝน สนข.", "status_num": 4, "detail": "เป็นพื้นที่เอกชน สภาพเป็นพื้นที่นาเก่า มีระดับต่ำ \n  น้ำในพื้นที่ระบายน้ำไม่ทัน มีทางระบายน้ำออกสู่ \n  ซอยสุขาภิบาล 5 ซอย 32 \n"}}, {"type": "Feature", "geometry": {"type": "Point", "coordinates": [100.5559, 13.86985], "crs": null}, "properties": {"name": "ซอยงามวงศ์วาน 47 แยกภาสยา", "district": "หลักสี่", "project_name": null, "status_detail": "แก้ไขแล้วเสร็จ", "problem": "น้ำฝน สนข.", "status_num": 5, "detail": "- มีมีน้ำท่วมขัง 15-40 ซม. เนื่องจากเป็นพื้นที่ลุ่มต่ำ แนวทางแก้ไข - ยกผิวจราจรบริเวณต่ำกว่าถนนหลัก(ได้รับงบฯแล้วโดยสนข.) -ปรับปรุงท่อระบายน้ำให้มีขนาด Æ 1.5 ม.ทั้งสองฝั่ง ของซอยชินเขต 1 และก่อสร้างบ่อสูบพร้อมเครื่องสูบน้ำ บริเวณปลายซอยด้านทิศเหนือ (โดย สนน.) - โครงการก่อสร้างเขื่อน ค.ส.ล. คลองบางเขน ช่วงที่ 1 จากคลองบางบัวถึงคลองประปา (สนน. จะของบปี 67 วงเงินค่าก่อสร้าง 770,000,000.- บาท ระยะเวลา 620 วัน - โครงการก่อสร้างเขื่อน ค.ส.ล. คลองบางตลาด จากคลองประปาถึง คลองเปรมประชากร (สนน. จะของบปี 68 วงเงินค่าก่อสร้าง 220,000,000.- บาท ระยะเวลา 540 วัน"}}, {"type": "Feature", "geometry": {"type": "Point", "coordinates": [100.5565, 13.86027], "crs": null}, "properties": {"name": "ซอยงามวงศ์วาน 47 แยกตลาดชินมณี", "district": "หลักสี่", "project_name": null, "status_detail": "แก้ไขแล้วเสร็จบางส่วน", "problem": "น้ำฝน สนข.", "status_num": 4, "detail": "เนื่องจากเป็นพื้นที่ลุ่มต่ำ "}}, {"type": "Feature", "geometry": {"type": "Point", "coordinates": [100.5582, 13.86997], "crs": null}, "properties": {"name": "ซอยงามวงศ์วาน 47 แยก 42 (หน้าแฟมิล)", "district": "หลักสี่", "project_name": null, "status_detail": "แก้ไขแล้วเสร็จ", "problem": "น้ำฝน สนข.", "status_num": 5, "detail": "- มีมีน้ำท่วมขัง 15-40 ซม. เนื่องจากเป็นพื้นที่ลุ่มต่ำ แนวทางแก้ไข - ยกผิวจราจรบริเวณต่ำกว่าถนนหลัก(ได้รับงบฯแล้วโดยสนข.) -ปรับปรุงท่อระบายน้ำให้มีขนาด Æ 1.5 ม.ทั้งสองฝั่ง ของซอยชินเขต 1 และก่อสร้างบ่อสูบพร้อมเครื่องสูบน้ำ บริเวณปลายซอยด้านทิศเหนือ (โดย สนน.) - โครงการก่อสร้างเขื่อน ค.ส.ล. คลองบางเขน ช่วงที่ 1 จากคลองบางบัวถึงคลองประปา (สนน. จะของบปี 67 วงเงินค่าก่อสร้าง 770,000,000.- บาท ระยะเวลา 620 วัน - โครงการก่อสร้างเขื่อน ค.ส.ล. คลองบางตลาด จากคลองประปาถึง คลองเปรมประชากร (สนน. จะของบปี 68 วงเงินค่าก่อสร้าง 220,000,000.- บาท ระยะเวลา 540 วัน"}}, {"type": "Feature", "geometry": {"type": "Point", "coordinates": [100.5754, 13.89818], "crs": null}, "properties": {"name": "ซอยธนาลักษณ์", "district": "หลักสี่", "project_name": null, "status_detail": "แก้ไขแล้วเสร็จ", "problem": "น้ำฝน สนข.", "status_num": 5, "detail": "- น้ำท่วมขังสูงประมาณ 30-40 ซม. - น้ำรอการระบายจากล้ารางมีสุขลงสู่คลองเปรมประชากร แนวทางแก้ไข - สร้าง FLAP GATE ปลายท่อระบายน้า เพื่อ ป้องกันน้าย้อนสู่ระบบท่อ - สร้างท่อระบายน้าตามแนวถนนแจ้งวัฒนะ 10 แยก 9-1 เพิ่มอีก 1 ฝั่ง ขนาด Ø 0.80 ม. พร้อมยกผิวจราจร และเสริมขอบบ่อพัก สูง 0.30 ม."}}, {"type": "Feature", "geometry": {"type": "Point", "coordinates": [100.5747, 13.89682], "crs": null}, "properties": {"name": "ชุมชนมีสุข", "district": "หลักสี่", "project_name": null, "status_detail": "แก้ไขแล้วเสร็จ", "problem": "น้ำฝน สนข.", "status_num": 5, "detail": "- น้ำท่วมขังสูงประมาณ 30-40 ซม. - น้ำรอการระบายจากล้ารางมีสุขลงสู่คลองเปรมประชากร แนวทางแก้ไข - สร้าง FLAP GATE ปลายท่อระบายน้า เพื่อ ป้องกันน้าย้อนสู่ระบบท่อ - สร้างท่อระบายน้าตามแนวถนนแจ้งวัฒนะ 10 แยก 9-1 เพิ่มอีก 1 ฝั่ง ขนาด Ø 0.80 ม. พร้อมยกผิวจราจร และเสริมขอบบ่อพัก สูง 0.30 ม."}}, {"type": "Feature", "geometry": {"type": "Point", "coordinates": [100.5782, 13.89373], "crs": null}, "properties": {"name": "หมู่บ้านสุขนิรันดร์", "district": "หลักสี่", "project_name": null, "status_detail": "แก้ไขแล้วเสร็จ", "problem": "น้ำฝน สนข.", "status_num": 5, "detail": "- น้ำท่วมขังสูงประมาณ 30-40 ซม. - น้ำรอการระบายจากล้ารางมีสุขลงสู่คลองเปรมประชากร แนวทางแก้ไข - สร้าง FLAP GATE ปลายท่อระบายน้า เพื่อ ป้องกันน้าย้อนสู่ระบบท่อ - สร้างท่อระบายน้าตามแนวถนนแจ้งวัฒนะ 10 แยก 9-1 เพิ่มอีก 1 ฝั่ง ขนาด Ø 0.80 ม. พร้อมยกผิวจราจร และเสริมขอบบ่อพัก สูง 0.30 ม."}}, {"type": "Feature", "geometry": {"type": "Point", "coordinates": [100.5628, 13.90356], "crs": null}, "properties": {"name": "ซอยแจ้งวัฒนะ 14 (บริเวณรอบบึงสีกันหมู่บ้านเมืองทองนิเวศน์)", "district": "หลักสี่", "project_name": null, "status_detail": "แก้ไขแล้วเสร็จ", "problem": "น้ำฝน สนข.", "status_num": 5, "detail": "- มีน้ำท่วมขัง 30-40 ซม. เนื่องจากเป็นพื้นที่ลุ่มต่ำ แนวทางแก้ไข - ติดตั้ง Flap Gate กันน้ำไหลย้อนเข้าสู่ระบบบระบายน้ำ และก่อสร้างท่อระบายน้ำตามแนวถนนแจ้งวัฒนะ 10 แยก 9-1 เพิ่มอีก 1 ฝั่ง ขนาด Æ 0.80 เมตร พร้อมยกผิวจราจร (โดยสนข.)"}}, {"type": "Feature", "geometry": {"type": "Point", "coordinates": [100.5798, 13.84391], "crs": null}, "properties": {"name": "ซอยพหลโยธิน 40", "district": "จตุจักร", "project_name": null, "status_detail": "แก้ไขแล้วเสร็จ", "problem": "น้ำฝน สนข.", "status_num": 5, "detail": "- น้ำท่วมขังประมาณ 15 ซม. แนวทางแก้ไข - ปรับปรุงท่อระบายนํ้า พร้อมทัํงยกระดับผิวจราจร เป็น box culvert ขนาด1.50 x 1.50 เมตร (ช่วงต้นซอย) และ box culvert ขนาด 1.20 x 1.20 เมตร (ช่วงกลางซอย) ยาวประมาณ 1,000 เมตร"}}, {"type": "Feature", "geometry": {"type": "Point", "coordinates": [100.5803, 13.89535], "crs": null}, "properties": {"name": "หมู่บ้านหลักสี่วิลล่า", "district": "หลักสี่", "project_name": null, "status_detail": "แก้ไขแล้วเสร็จ", "problem": "น้ำฝน สนข.", "status_num": 5, "detail": "- น้ำท่วมขังสูงประมาณ 30-40 ซม. - น้ำรอการระบายจากล้ารางมีสุขลงสู่คลองเปรมประชากร แนวทางแก้ไข - สร้าง FLAP GATE ปลายท่อระบายน้า เพื่อ ป้องกันน้าย้อนสู่ระบบท่อ - สร้างท่อระบายน้าตามแนวถนนแจ้งวัฒนะ 10 แยก 9-1 เพิ่มอีก 1 ฝั่ง ขนาด Ø 0.80 ม. พร้อมยกผิวจราจร และเสริมขอบบ่อพัก สูง 0.30 ม."}}, {"type": "Feature", "geometry": {"type": "Point", "coordinates": [100.6264, 13.84234], "crs": null}, "properties": {"name": "หมู่บ้านทองสถิตย์", "district": "ลาดพร้าว", "project_name": null, "status_detail": "พื้นที่เอกชนหรือหน่วยงานราชการ", "problem": "น้ำฝน สนข.", "status_num": 2, "detail": "(พื้นที่เอกชน) เนื่องจากถนนมีสภาพลุ่มต่ำ"}}, {"type": "Feature", "geometry": {"type": "Point", "coordinates": [100.6841, 13.89105], "crs": null}, "properties": {"name": "ซอยจตุโชติ 20 (ชุมชนวัชรพล 3)", "district": "สายไหม", "project_name": null, "status_detail": "อยู่ระหว่างดำเนินการแก้ไข", "problem": "น้ำฝน สนข.", "status_num": 3, "detail": "- สภาพเป็นพื้นที่นาเก่า มีระดับต่ำพื้นที่ระบายน้ำไม่ทัน\n"}}, {"type": "Feature", "geometry": {"type": "Point", "coordinates": [100.6105, 13.81283], "crs": null}, "properties": {"name": "ถนนนาคนิวาส ช่วงซอยนาคนิวาส 36-42", "district": "ลาดพร้าว", "project_name": null, "status_detail": "แก้ไขแล้วเสร็จบางส่วน", "problem": "น้ำฝน สนข.", "status_num": 4, "detail": null}}, {"type": "Feature", "geometry": {"type": "Point", "coordinates": [100.6238, 13.83363], "crs": null}, "properties": {"name": "ถนนสุคนธสวัสดิ์ 19 ถึงคลองขี้เสือใหญ่", "district": "ลาดพร้าว", "project_name": null, "status_detail": "แก้ไขแล้วเสร็จบางส่วน", "problem": "น้ำฝน สนข.", "status_num": 4, "detail": null}}, {"type": "Feature", "geometry": {"type": "Point", "coordinates": [100.6441, 13.82825], "crs": null}, "properties": {"name": "ซอยนวลจันทร์ 36", "district": "บึงกุ่ม", "project_name": null, "status_detail": "อยู่ระหว่างดำเนินการแก้ไข", "problem": "น้ำฝน สนข.", "status_num": 3, "detail": "ผิวจราจรเดิมบางช่วงเป็น ค.ส.ล. บางช่วงเป็นแอสฟัลต์คอนกรีต ชำรุด ท่อระบายน้ำเดิมมีขนาดเล็ก และบางช่วงแตกหักเสียหายไม่สามารถใช้ระบายน้ำได้ สร้างความเดือดร้อนให้กับประชาชนผู้พักอาศัยและสัญจร"}}, {"type": "Feature", "geometry": {"type": "Point", "coordinates": [100.6366, 13.84324], "crs": null}, "properties": {"name": "หมู่บ้านมณียา ถนนประดิษฐ์มนูธรรม", "district": "บึงกุ่ม", "project_name": null, "status_detail": "แก้ไขแล้วเสร็จ", "problem": "น้ำฝน สนข.", "status_num": 5, "detail": null}}, {"type": "Feature", "geometry": {"type": "Point", "coordinates": [100.6616, 13.79903], "crs": null}, "properties": {"name": "หมู่บ้านสุวรรณนิเวศน์ ซอยนวมินทร์ 42", "district": "บึงกุ่ม", "project_name": null, "status_detail": "แก้ไขแล้วเสร็จ", "problem": "น้ำฝน สนข.", "status_num": 5, "detail": null}}, {"type": "Feature", "geometry": {"type": "Point", "coordinates": [100.6644, 13.77899], "crs": null}, "properties": {"name": "หมู่บ้านทวีสุข ซอยเสรีไทย 29", "district": "บึงกุ่ม", "project_name": null, "status_detail": "อยู่ระหว่างดำเนินการแก้ไข", "problem": "น้ำฝน สนข.", "status_num": 3, "detail": "ผิวจราจรเดิมเป็น ค.ส.ล. ชำรุด ช่วงฝนตกมีน้ำท่วมขัง เนื่องจากท่อระบายน้ำเดิมมีขนาดเล็ก และบางช่วงแตกหักเสียหายไม่สามารถใช้ระบายน้ำได้ สร้างความเดือดร้อนห้กับประชาชน    \nผู้พักอาศัยและสัญจร"}}, {"type": "Feature", "geometry": {"type": "Point", "coordinates": [100.6837, 13.818], "crs": null}, "properties": {"name": "ซอยรามอินทรา 68 (หมู่บ้านแสงอรุณ)", "district": "คันนายาว", "project_name": null, "status_detail": "พื้นที่เอกชนหรือหน่วยงานราชการ", "problem": "น้ำฝน สนข.", "status_num": 2, "detail": "เป็นหมู่บ้านเอกชน ท่อระบายน้ำมีขนาดเล็ก เกิดน้ำท่วมขังในกรณีฝนตกหนัก"}}, {"type": "Feature", "geometry": {"type": "Point", "coordinates": [100.674, 13.84176], "crs": null}, "properties": {"name": "ซอยกาญจนาภิเษก 7/1 (หมู่บ้านเพชรอนันต์)", "district": "คันนายาว", "project_name": null, "status_detail": "พื้นที่เอกชนหรือหน่วยงานราชการ", "problem": "น้ำฝน สนข.", "status_num": 2, "detail": "เป็นหมู่บ้านเอกชน ท่อระบายน้ำมีขนาดเล็ก เกิดน้ำท่วมขังในกรณีฝนตกหนัก"}}, {"type": "Feature", "geometry": {"type": "Point", "coordinates": [100.6697, 13.81971], "crs": null}, "properties": {"name": "วัดราษฎร์ศรัทธาธรรม", "district": "คันนายาว", "project_name": null, "status_detail": "พื้นที่เอกชนหรือหน่วยงานราชการ", "problem": "น้ำฝน สนข.", "status_num": 2, "detail": "เป็นพื้นที่วัด (เอกชน) กายภาพโดยรอบมีคลองล้อมรอบพื้นที่ เมื่อระดับน้ำในคลองสูงจะไหลล้นเข้าท่วมพื้นที่"}}, {"type": "Feature", "geometry": {"type": "Point", "coordinates": [100.7027, 13.80036], "crs": null}, "properties": {"name": "ถนนเสรีไทยบริเวณนิคมอุตสาหกรรมบางชัน", "district": "คันนายาว", "project_name": null, "status_detail": "แก้ไขแล้วเสร็จ", "problem": "น้ำฝน สนข.", "status_num": 5, "detail": "แนวติดแม่น้ำเจ้าพระยาเป็นพื้นที่เอกชน"}}, {"type": "Feature", "geometry": {"type": "Point", "coordinates": [100.6732, 13.83449], "crs": null}, "properties": {"name": "ซอยรามอินทรา 87, 89, 91, 91/1", "district": "คันนายาว", "project_name": null, "status_detail": "แก้ไขแล้วเสร็จบางส่วน", "problem": "น้ำฝน สนข.", "status_num": 4, "detail": "พื้นที่บางส่วนเป็นเอกชน บางส่วนเป็นสาธารณะ ไม่สามารถเข้าดำเนินการแก้ไขปัญหาได้ทั้งหมด"}}, {"type": "Feature", "geometry": {"type": "Point", "coordinates": [100.7296, 13.81251], "crs": null}, "properties": {"name": "จุดกลับรถใต้สะพานข้ามคลองสามวาถนนสีหบุรานุกิจ", "district": "มีนบุรี", "project_name": null, "status_detail": "แก้ไขแล้วเสร็จ", "problem": "น้ำฝน สนข.", "status_num": 5, "detail": "- น้ำล้นคลอง เข้าท่อระบายน้ำ - ผิวจราจรเป็นคอนกรีตมีสภาพ - เกิดจากโครงการก่อสร้างรถไฟฟ้าสายสีชมพูก่อสร้างจอม่อปิดท่อระบายน้ำ มีน้ำท่วมขังสูงประมาณ 30 ซม. ยาว 50 เมตร แนวทางแก้ไข - ติดตั้งเครื่องสูบน้ำ ขนาด 3 นิ้ว จำนวน 2 เครื่อง - บล็อกด้วยกระสอบทราย 50 ใบ"}}, {"type": "Feature", "geometry": {"type": "Point", "coordinates": [100.6835, 13.74481], "crs": null}, "properties": {"name": "ซอยกรุงเทพกรีฑา 37", "district": "สะพานสูง", "project_name": null, "status_detail": "แก้ไขแล้วเสร็จ", "problem": "น้ำฝน สนข.", "status_num": 5, "detail": null}}, {"type": "Feature", "geometry": {"type": "Point", "coordinates": [100.686, 13.74163], "crs": null}, "properties": {"name": "ซอยกรุงเทพกรีฑา 39", "district": "สะพานสูง", "project_name": null, "status_detail": "แก้ไขแล้วเสร็จ", "problem": "น้ำฝน สนข.", "status_num": 5, "detail": null}}, {"type": "Feature", "geometry": {"type": "Point", "coordinates": [100.7017, 13.74538], "crs": null}, "properties": {"name": "หมู่บ้านนักกีฬาแหลมทอง", "district": "สะพานสูง", "project_name": null, "status_detail": "แก้ไขแล้วเสร็จบางส่วน", "problem": "น้ำฝน สนข.", "status_num": 4, "detail": "เป็นพื้นที่ต่ำจึงมีน้ำล้นตลิ่งจากคลองทับช้างบนและคลองทับช้างล่าง"}}, {"type": "Feature", "geometry": {"type": "Point", "coordinates": [100.7087, 13.78266], "crs": null}, "properties": {"name": "หมู่บ้านเคหะธานี 4", "district": "สะพานสูง", "project_name": null, "status_detail": "แก้ไขแล้วเสร็จ", "problem": "น้ำฝน สนข.", "status_num": 5, "detail": null}}, {"type": "Feature", "geometry": {"type": "Point", "coordinates": [100.7046, 13.76202], "crs": null}, "properties": {"name": "ซอยราษฎร์พัฒนา 15", "district": "สะพานสูง", "project_name": null, "status_detail": "แก้ไขแล้วเสร็จ", "problem": "น้ำฝน สนข.", "status_num": 5, "detail": null}}, {"type": "Feature", "geometry": {"type": "Point", "coordinates": [100.7048, 13.7544], "crs": null}, "properties": {"name": "ซอยราษฎร์พัฒนา 15 แยก 4", "district": "สะพานสูง", "project_name": null, "status_detail": "แก้ไขแล้วเสร็จ", "problem": "น้ำฝน สนข.", "status_num": 5, "detail": null}}, {"type": "Feature", "geometry": {"type": "Point", "coordinates": [100.6849, 13.76826], "crs": null}, "properties": {"name": "ซอยรามคำแหง 118 แยก 42-2", "district": "สะพานสูง", "project_name": null, "status_detail": "แก้ไขแล้วเสร็จ", "problem": "น้ำฝน สนข.", "status_num": 5, "detail": null}}, {"type": "Feature", "geometry": {"type": "Point", "coordinates": [100.6862, 13.76289], "crs": null}, "properties": {"name": "ซอยรามคำแหง 118 แยก 44", "district": "สะพานสูง", "project_name": null, "status_detail": "แก้ไขแล้วเสร็จ", "problem": "น้ำฝน สนข.", "status_num": 5, "detail": null}}, {"type": "Feature", "geometry": {"type": "Point", "coordinates": [100.6852, 13.76141], "crs": null}, "properties": {"name": "ซอยรามคำแหง 118 แยก 46", "district": "สะพานสูง", "project_name": null, "status_detail": "แก้ไขแล้วเสร็จ", "problem": "น้ำฝน สนข.", "status_num": 5, "detail": "เป็นพื้นที่ต่ำ ท่อระบายน้ำขนาดเล็ก"}}, {"type": "Feature", "geometry": {"type": "Point", "coordinates": [100.6287, 13.79147], "crs": null}, "properties": {"name": "หมู่บ้านเสรี ซอยลาดพร้าว 101 แยก 44", "district": "บางกะปิ", "project_name": null, "status_detail": "พื้นที่เอกชนหรือหน่วยงานราชการ", "problem": "น้ำฝน สนข.", "status_num": 2, "detail": "เป็นพื้นที่ส่วนบุคคล(หมู่บ้านเสรี)"}}, {"type": "Feature", "geometry": {"type": "Point", "coordinates": [100.6827, 13.76272], "crs": null}, "properties": {"name": "ซอยรามคำแหง 118 แยก 48", "district": "สะพานสูง", "project_name": null, "status_detail": "แก้ไขแล้วเสร็จ", "problem": "น้ำฝน สนข.", "status_num": 5, "detail": null}}, {"type": "Feature", "geometry": {"type": "Point", "coordinates": [100.6931, 13.73605], "crs": null}, "properties": {"name": "ซอยกรุงเทพกรีฑา 32", "district": "สะพานสูง", "project_name": null, "status_detail": "แก้ไขแล้วเสร็จ", "problem": "น้ำฝน สนข.", "status_num": 5, "detail": null}}, {"type": "Feature", "geometry": {"type": "Point", "coordinates": [100.6296, 13.78932], "crs": null}, "properties": {"name": "ชุมชนร่วมกันสร้าง ซอยลาดพร้าว 101 แยก 40", "district": "บางกะปิ", "project_name": null, "status_detail": "พื้นที่เอกชนหรือหน่วยงานราชการ", "problem": "น้ำฝน สนข.", "status_num": 2, "detail": "เป็็นพื้นที่ส่วนบุคคล(ชุมชนร่วมกันสร้าง)"}}, {"type": "Feature", "geometry": {"type": "Point", "coordinates": [100.6486, 13.77117], "crs": null}, "properties": {"name": "เสรีไทยซอย 5 (แฟลต 21)", "district": "บางกะปิ", "project_name": null, "status_detail": "แก้ไขแล้วเสร็จ", "problem": "น้ำฝน สนข.", "status_num": 5, "detail": "- ท่อระบายน้ำต่ำกว่าผิวจราจร (พื้นที่การเคหะแห่งชาติคลองจั่น) แนวทางแก้ไข - ติดตั้งเครื่องสูบน้ำดีเซลขนาด 10 นิ้ว จำนวน 1 เครื่อง - ติดตั้งเครื่องสูบน้ำดีเซลขนาด 16 นิ้ว จำนวน 1 เครื่อง"}}, {"type": "Feature", "geometry": {"type": "Point", "coordinates": [100.6529, 13.76383], "crs": null}, "properties": {"name": "หมู่บ้านธารทิพย์ ซอยรามคำแหง 64", "district": "บางกะปิ", "project_name": null, "status_detail": "แก้ไขแล้วเสร็จ", "problem": "น้ำฝน สนข.", "status_num": 5, "detail": "- ท่อระบายน้ำมีสภาพเก่าและชำรุด - หมู่บ้านต่ำกว่าผิวจราจร (พื้นที่เอกชน) - อยู่ติดกับคลองวัดศรีบุญเรือง ซึ่งเป็นคลองสาขาที่เชื่อมต่อกับคลองแสนแสบ ไม่มีประตูน้ำกั้น แนวทางแก้ไข - ติดตั้งเครื่องสูบน้ำดีเซลขนาด 8 นิ้ว จำนวน 1 เครื่อง"}}, {"type": "Feature", "geometry": {"type": "Point", "coordinates": [100.6502, 13.76859], "crs": null}, "properties": {"name": "เสรีไทยซอย 5", "district": "บางกะปิ", "project_name": null, "status_detail": "แก้ไขแล้วเสร็จ", "problem": "น้ำฝน สนข.", "status_num": 5, "detail": "- ท่อระบายน้ำต่ำกว่าผิวจราจร (พื้นที่การเคหะแห่งชาติคลองจั่น) แนวทางแก้ไข - ติดตั้งเครื่องสูบน้ำดีเซลขนาด 10 นิ้ว จำนวน 1 เครื่อง"}}, {"type": "Feature", "geometry": {"type": "Point", "coordinates": [100.6521, 13.75677], "crs": null}, "properties": {"name": "หมู่บ้านสวนสน ซอยรามคำแหง 60 แยก 9", "district": "บางกะปิ", "project_name": null, "status_detail": "แก้ไขแล้วเสร็จ", "problem": "น้ำฝน สนข.", "status_num": 5, "detail": "- อยู่ติดกับคลองหัวหมาก ซึ่งเป็นคลองสาขาที่เชื่อมต่อกับคลองแสนแสบ ไม่มีประตูน้ำกั้น แนวทางแก้ไข - ติดตั้งเครื่องสูบน้ำดีเซลขนาด 8 นิ้ว จำนวน 2 เครื่อง"}}, {"type": "Feature", "geometry": {"type": "Point", "coordinates": [100.6272, 13.79616], "crs": null}, "properties": {"name": "ชุมชนวัดบึง ซอยลาดพร้าว 101 ซอย 50", "district": "บางกะปิ", "project_name": null, "status_detail": "แก้ไขแล้วเสร็จ", "problem": "น้ำฝน สนข.", "status_num": 5, "detail": "- มีการสร้างเขื่อนวัดบึง ปิดกั้นทางน้ำ ทำให้น้ำไหลเข้าท่วมชุมชน แนวทางแก้ไข - ติดตั้งเครื่องสูบน้ำดีเซลขนาด 8 นิ้ว จำนวน 1 เครื่อง"}}, {"type": "Feature", "geometry": {"type": "Point", "coordinates": [100.6586, 13.74052], "crs": null}, "properties": {"name": "ซอยกรุงเทพกรีฑา 8 แยก 3 (หมู่บ้านอยู่สบาย)", "district": "บางกะปิ", "project_name": null, "status_detail": "แก้ไขแล้วเสร็จ", "problem": "น้ำฝน สนข.", "status_num": 5, "detail": "- ถนนไม่มีท่อระบายน้ำ (ถนนส่วนบุคคล) แนวทางแก้ไข - ติดตั้งเครื่องสูบน้ำขนาด 6 นิ้ว จำนวน 1 เครื่อง"}}, {"type": "Feature", "geometry": {"type": "Point", "coordinates": [100.6376, 13.78819], "crs": null}, "properties": {"name": "ซอยลาดพร้าว 101 ซอย 42 (เทพทวี 8)", "district": "บางกะปิ", "project_name": null, "status_detail": "แก้ไขแล้วเสร็จ", "problem": "น้ำฝน สนข.", "status_num": 5, "detail": "- เป็นถนนดิน มีสภาพลุ่มต่ำ ไม่มีท่อระบายน้ำ แนวทางแก้ไข - ติดตั้งเครื่องสูบน้ำขนาด 6 นิ้ว จำนวน 1 เครื่อง"}}, {"type": "Feature", "geometry": {"type": "Point", "coordinates": [100.6216, 13.75344], "crs": null}, "properties": {"name": "ซอยรามคำแหง 24", "district": "บางกะปิ", "project_name": null, "status_detail": "แก้ไขแล้วเสร็จ", "problem": "น้ำฝน สนข.", "status_num": 5, "detail": "โครงการก่อสร้างถนนรามคำแหง 24และถนนหัวหมาก"}}, {"type": "Feature", "geometry": {"type": "Point", "coordinates": [100.638, 13.75888], "crs": null}, "properties": {"name": "ซอยรามคำแหง 36/1", "district": "บางกะปิ", "project_name": null, "status_detail": "แก้ไขแล้วเสร็จ", "problem": "น้ำฝน สนข.", "status_num": 5, "detail": "- ท่อระบายน้ำมีสภาพเก่าและชำรุด ไม่สามารถระบายน้ำออกถนนสายหลักได้ - เจ้าของที่ดินไม่ยินยอมให้กรุงเทพมหานคร ทำการปรับปรุง แนวทางแก้ไข - ติดตั้งเครื่องสูบน้ำดีเซลขนาด 8 นิ้ว 1 เครื่อง"}}, {"type": "Feature", "geometry": {"type": "Point", "coordinates": [100.6118, 13.7536], "crs": null}, "properties": {"name": "ถนนรามคำแหง ช่วง ซอยรามคำแหง 8- ซอยรามคำแหง 24", "district": "บางกะปิ", "project_name": null, "status_detail": "แก้ไขแล้วเสร็จ", "problem": "น้ำฝน สนข.", "status_num": 5, "detail": null}}, {"type": "Feature", "geometry": {"type": "Point", "coordinates": [100.6978, 13.9072], "crs": null}, "properties": {"name": "จุดกลับรถใต้สะพานหนองระแหง", "district": "คลองสามวา", "project_name": null, "status_detail": "แก้ไขแล้วเสร็จ", "problem": "น้ำฝน สนข.", "status_num": 5, "detail": null}}, {"type": "Feature", "geometry": {"type": "Point", "coordinates": [100.6873, 13.87459], "crs": null}, "properties": {"name": "หน้าโรงเรียนวัดพระยาสุเรนทร์ (ที่พักสงฆ์หลวงปู่ชอบ)", "district": "คลองสามวา", "project_name": null, "status_detail": "แก้ไขแล้วเสร็จ", "problem": "น้ำฝน สนข.", "status_num": 5, "detail": "- น้ำท่วมขังประมาณ 30 ซม. แนวทางแก้ไข - ติดตั้งเครื่องสูบน้ำดีเซลขนาด 8 นิ้ว จำนวน 1 เครื่อง - กระสอบทราย 40 ใบ"}}, {"type": "Feature", "geometry": {"type": "Point", "coordinates": [100.6882, 13.87214], "crs": null}, "properties": {"name": "ซอยพระยาสุเรนทร์ 45 (หมู่บ้าน เค.ซี 6)", "district": "คลองสามวา", "project_name": null, "status_detail": "แก้ไขแล้วเสร็จ", "problem": "น้ำฝน สนข.", "status_num": 5, "detail": "- น้ำท่วมขังประมาณ 20-40 ซม. แนวทางแก้ไข - ติดตั้งเครื่องสูบน้ำดีเซลขนาด 8 นิ้ว จำนวน 1 เครื่อง - กระสอบทราย 40 ใบ"}}, {"type": "Feature", "geometry": {"type": "Point", "coordinates": [100.6952, 13.86262], "crs": null}, "properties": {"name": "ซอยพระยาสุเรนทร์ 40 (หมู่บ้าน เค.ซี วิลล่า 5)", "district": "คลองสามวา", "project_name": null, "status_detail": "แก้ไขแล้วเสร็จ", "problem": "น้ำฝน สนข.", "status_num": 5, "detail": "- น้ำท่วมขังประมาณ 15 ซม. แนวทางแก้ไข - ติดตั้งเครื่องสูบน้ำดีเซลขนาด 8 นิ้ว จำนวน 1 เครื่อง - กระสอบทราย 40 ใบ"}}, {"type": "Feature", "geometry": {"type": "Point", "coordinates": [100.6963, 13.82141], "crs": null}, "properties": {"name": "ซอยพระยาสุเรนทร์ 3", "district": "คลองสามวา", "project_name": null, "status_detail": "แก้ไขแล้วเสร็จ", "problem": "น้ำฝน สนข.", "status_num": 5, "detail": "- น้ำท่วมขังประมาณ 10-15 ซม. แนวทางแก้ไข - กระสอบทราย 150 ใบ"}}, {"type": "Feature", "geometry": {"type": "Point", "coordinates": [100.693, 13.8336], "crs": null}, "properties": {"name": "ซอยพระยาสุเรนทร์ 23 (หมู่บ้านพฤกษาวิลล์ 6)", "district": "คลองสามวา", "project_name": null, "status_detail": "แก้ไขแล้วเสร็จ", "problem": "น้ำฝน สนข.", "status_num": 5, "detail": "- น้ำท่วมขังประมาณ 5-10 ซม. แนวทางแก้ไข - กระสอบทราย 300 ใบ"}}, {"type": "Feature", "geometry": {"type": "Point", "coordinates": [100.6957, 13.83039], "crs": null}, "properties": {"name": "ซอยพระยาสุเรนทร์ 19", "district": "คลองสามวา", "project_name": null, "status_detail": "แก้ไขแล้วเสร็จ", "problem": "น้ำฝน สนข.", "status_num": 5, "detail": "- น้ำท่วมขังประมาณ 20-50 ซม. แนวทางแก้ไข - กระสอบทราย 1500 ใบ"}}, {"type": "Feature", "geometry": {"type": "Point", "coordinates": [100.7146, 13.83841], "crs": null}, "properties": {"name": "ซอยเจริญพัฒนา 12", "district": "คลองสามวา", "project_name": null, "status_detail": "แก้ไขแล้วเสร็จ", "problem": "น้ำฝน สนข.", "status_num": 5, "detail": "- น้ำท่วมขังประมาณ 10-20 ซม. แนวทางแก้ไข - กระสอบทราย 200 ใบ"}}, {"type": "Feature", "geometry": {"type": "Point", "coordinates": [100.6951, 13.84138], "crs": null}, "properties": {"name": "ซอยพระยาสุเรนทร์ 27", "district": "คลองสามวา", "project_name": null, "status_detail": "แก้ไขแล้วเสร็จ", "problem": "น้ำฝน สนข.", "status_num": 5, "detail": "- น้ำท่วมขังประมาณ 5-10 ซม. แนวทางแก้ไข - กระสอบทราย 300 ใบ"}}, {"type": "Feature", "geometry": {"type": "Point", "coordinates": [100.7151, 13.83491], "crs": null}, "properties": {"name": "ซอยเจริญพัฒนา 4 (หมู่บ้านเจริญทรัพย์)", "district": "คลองสามวา", "project_name": null, "status_detail": "แก้ไขแล้วเสร็จ", "problem": "น้ำฝน สนข.", "status_num": 5, "detail": "- น้ำท่วมขังประมาณ 30-50 ซม. แนวทางแก้ไข - ติดตั้งเครื่องสูบน้ำดีเซลขนาด 8 นิ้ว จำนวน 2 เครื่อง - กระสอบทราย 200 ใบ"}}, {"type": "Feature", "geometry": {"type": "Point", "coordinates": [100.7079, 13.8223], "crs": null}, "properties": {"name": "ซอยเจริญพัฒนา 1 แยก 1 (ศูนย์พัฒนาเด็กเล็ก)", "district": "คลองสามวา", "project_name": null, "status_detail": "แก้ไขแล้วเสร็จ", "problem": "น้ำฝน สนข.", "status_num": 5, "detail": "- น้ำท่วมขังประมาณ 20-30 ซม. แนวทางแก้ไข - กระสอบทราย 800 ใบ"}}, {"type": "Feature", "geometry": {"type": "Point", "coordinates": [100.6998, 13.82129], "crs": null}, "properties": {"name": "ซอยพระยาสุเรนทร์ 2,4,6 (หมู่บ้านธีรวรรณ)", "district": "คลองสามวา", "project_name": null, "status_detail": "แก้ไขแล้วเสร็จ", "problem": "น้ำฝน สนข.", "status_num": 5, "detail": "- น้ำท่วมขังประมาณ 10 ซม. แนวทางแก้ไข - ติดตั้งเครื่องสูบน้ำดีเซลขนาด 8 นิ้ว จำนวน 2 เครื่อง - กระสอบทราย 400 ใบ"}}, {"type": "Feature", "geometry": {"type": "Point", "coordinates": [100.6905, 13.85253], "crs": null}, "properties": {"name": "ซอยพระยาสุเรนทร์ 35 (หมู่บ้านเพชรไพลิน)", "district": "คลองสามวา", "project_name": null, "status_detail": "แก้ไขแล้วเสร็จ", "problem": "น้ำฝน สนข.", "status_num": 5, "detail": "- น้ำท่วมขังประมาณ 15 ซม. แนวทางแก้ไข - กระสอบทราย 300 ใบ"}}, {"type": "Feature", "geometry": {"type": "Point", "coordinates": [100.689, 13.85294], "crs": null}, "properties": {"name": "ซอยพระยาสุเรนทร์ 35 (หน้าโรงเรียนโสมาภา)", "district": "คลองสามวา", "project_name": null, "status_detail": "แก้ไขแล้วเสร็จ", "problem": "น้ำฝน สนข.", "status_num": 5, "detail": "- น้ำท่วมขังประมาณ 15 ซม. แนวทางแก้ไข - กระสอบทราย 150 ใบ"}}, {"type": "Feature", "geometry": {"type": "Point", "coordinates": [100.6892, 13.85079], "crs": null}, "properties": {"name": "ซอยพระยาสุเรนทร์ 35 (หมู่บ้านดวงกมล)", "district": "คลองสามวา", "project_name": null, "status_detail": "แก้ไขแล้วเสร็จ", "problem": "น้ำฝน สนข.", "status_num": 5, "detail": "- น้ำท่วมขังประมาณ 10 ซม. แนวทางแก้ไข - กระสอบทราย 300 ใบ"}}, {"type": "Feature", "geometry": {"type": "Point", "coordinates": [100.705, 13.83401], "crs": null}, "properties": {"name": "ซอยพระยาสุเรนทร์ 30 แยก 4", "district": "คลองสามวา", "project_name": null, "status_detail": "แก้ไขแล้วเสร็จ", "problem": "น้ำฝน สนข.", "status_num": 5, "detail": "- น้ำท่วมขังประมาณ 15 ซม. แนวทางแก้ไข - กระสอบทราย 400 ใบ"}}, {"type": "Feature", "geometry": {"type": "Point", "coordinates": [100.7198, 13.84951], "crs": null}, "properties": {"name": "ซอยหทัยราษฎร์ 33", "district": "คลองสามวา", "project_name": null, "status_detail": "แก้ไขแล้วเสร็จ", "problem": "น้ำฝน สนข.", "status_num": 5, "detail": "- น้ำท่วมขังประมาณ 20 ซม. แนวทางแก้ไข - กระสอบทราย 400 ใบ"}}, {"type": "Feature", "geometry": {"type": "Point", "coordinates": [100.7118, 13.85987], "crs": null}, "properties": {"name": "ซอยเลียบคลองสอง 22", "district": "คลองสามวา", "project_name": null, "status_detail": "แก้ไขแล้วเสร็จ", "problem": "น้ำฝน สนข.", "status_num": 5, "detail": "- น้ำท่วมขังประมาณ 20 ซม. แนวทางแก้ไข - เรียงกระสอบทราย ยาว 300 เมตร"}}, {"type": "Feature", "geometry": {"type": "Point", "coordinates": [100.6803, 13.85392], "crs": null}, "properties": {"name": "ซอยคู้บอน 30", "district": "คลองสามวา", "project_name": null, "status_detail": "แก้ไขแล้วเสร็จ", "problem": "น้ำฝน สนข.", "status_num": 5, "detail": "- น้ำท่วมขังประมาณ 15 ซม. แนวทางแก้ไข - เรียงกระสอบทราย ยาว 50 เมตร"}}, {"type": "Feature", "geometry": {"type": "Point", "coordinates": [100.7104, 13.87049], "crs": null}, "properties": {"name": "ซอยเลียบคลองสอง 19", "district": "คลองสามวา", "project_name": null, "status_detail": "แก้ไขแล้วเสร็จ", "problem": "น้ำฝน สนข.", "status_num": 5, "detail": "- น้ำท่วมขังประมาณ 30 ซม. แนวทางแก้ไข - เรียงกระสอบทราย ยาว 50 เมตร"}}, {"type": "Feature", "geometry": {"type": "Point", "coordinates": [100.7021, 13.83058], "crs": null}, "properties": {"name": "ซอยพระยาสุเรนทร์ 28 (หมู่บ้านทหารกองหนุน)", "district": "คลองสามวา", "project_name": null, "status_detail": "แก้ไขแล้วเสร็จ", "problem": "น้ำฝน สนข.", "status_num": 5, "detail": "- น้ำท่วมขังประมาณ น้ำท่วมขังประมาณ 20 ซม. แนวทางแก้ไข - ติดตั้งเครื่องสูบน้ำดีเซลขนาด 8 นิ้ว จำนวน 2 เครื่อง - กระสอบทราย 400 ใบ"}}, {"type": "Feature", "geometry": {"type": "Point", "coordinates": [100.6967, 13.86011], "crs": null}, "properties": {"name": "ซอยเลียบคลองสอง 7", "district": "คลองสามวา", "project_name": null, "status_detail": "แก้ไขแล้วเสร็จ", "problem": "น้ำฝน สนข.", "status_num": 5, "detail": "- น้ำท่วมขังประมาณ 10 ซม. แนวทางแก้ไข - เรียงกระสอบทราย ยาว 80 เมตร"}}, {"type": "Feature", "geometry": {"type": "Point", "coordinates": [100.7304, 13.88775], "crs": null}, "properties": {"name": "ซอยนิมิตใหม่ 37", "district": "คลองสามวา", "project_name": null, "status_detail": "แก้ไขแล้วเสร็จ", "problem": "น้ำฝน สนข.", "status_num": 5, "detail": "- น้ำท่วมขังประมาณ 10 ซม. แนวทางแก้ไข - กระสอบทราย 300 ใบ"}}, {"type": "Feature", "geometry": {"type": "Point", "coordinates": [100.7302, 13.88688], "crs": null}, "properties": {"name": "ซอยนิมิตใหม่ 35/1", "district": "คลองสามวา", "project_name": null, "status_detail": "แก้ไขแล้วเสร็จ", "problem": "น้ำฝน สนข.", "status_num": 5, "detail": "- น้ำท่วมขังประมาณ 4-5 ซม. แนวทางแก้ไข - กระสอบทราย 300 ใบ"}}, {"type": "Feature", "geometry": {"type": "Point", "coordinates": [100.7321, 13.90454], "crs": null}, "properties": {"name": "ซอยนิมิตใหม่ 55/1", "district": "คลองสามวา", "project_name": null, "status_detail": "แก้ไขแล้วเสร็จ", "problem": "น้ำฝน สนข.", "status_num": 5, "detail": "- น้ำท่วมขังประมาณ 10-15 ซม. แนวทางแก้ไข - กระสอบทราย 300 ใบ"}}, {"type": "Feature", "geometry": {"type": "Point", "coordinates": [100.7301, 13.91567], "crs": null}, "properties": {"name": "ซอยราฎร์นิมิตรมิตร 2 แยก 4", "district": "คลองสามวา", "project_name": null, "status_detail": "แก้ไขแล้วเสร็จ", "problem": "น้ำฝน สนข.", "status_num": 5, "detail": "- น้ำท่วมขังประมาณ 10 ซม. แนวทางแก้ไข - กระสอบทราย 400 ใบ"}}, {"type": "Feature", "geometry": {"type": "Point", "coordinates": [100.6874, 13.87548], "crs": null}, "properties": {"name": "ซอยพระยาสุเรนทร์ 48", "district": "คลองสามวา", "project_name": null, "status_detail": "แก้ไขแล้วเสร็จ", "problem": "น้ำฝน สนข.", "status_num": 5, "detail": "- น้ำท่วมขังประมาณ 80 ซม. แนวทางแก้ไข - เรียงกระสอบทราย ยาว 80 เมตร"}}, {"type": "Feature", "geometry": {"type": "Point", "coordinates": [100.7274, 13.8348], "crs": null}, "properties": {"name": "ซอยสามวา 12", "district": "คลองสามวา", "project_name": null, "status_detail": "แก้ไขแล้วเสร็จ", "problem": "น้ำฝน สนข.", "status_num": 5, "detail": "- น้ำท่วมขังประมาณ 5-10 ซม. แนวทางแก้ไข - กระสอบทราย 200 ใบ"}}, {"type": "Feature", "geometry": {"type": "Point", "coordinates": [100.6906, 13.85104], "crs": null}, "properties": {"name": "ซอยพระยาสุเรนทร์ 35 (หมู่บ้านเดอะธารา)", "district": "คลองสามวา", "project_name": null, "status_detail": "แก้ไขแล้วเสร็จ", "problem": "น้ำฝน สนข.", "status_num": 5, "detail": "- น้ำท่วมขังประมาณ 20-30 ซม. แนวทางแก้ไข - เรียงกระสอบทรายยาว 50 เมตร"}}, {"type": "Feature", "geometry": {"type": "Point", "coordinates": [100.6907, 13.66986], "crs": null}, "properties": {"name": "หมู่บ้านทุ่งเศรษฐี", "district": "ประเวศ", "project_name": null, "status_detail": "อยู่ระหว่างดำเนินการแก้ไข", "problem": "น้ำฝน สนข.", "status_num": 3, "detail": "เนื่องจากผิวจราจรมีระดับต่ำ ทำให้เมื่อผนตก ระดับในคลองอาจารย์พรสูงกว่าระดับถนน ทำให้เกิดน้ำท่วมขัง"}}, {"type": "Feature", "geometry": {"type": "Point", "coordinates": [100.7083, 13.69615], "crs": null}, "properties": {"name": "ชุมชน 14 ไร่,19 ไร่", "district": "ประเวศ", "project_name": null, "status_detail": "อยู่ระหว่างดำเนินการแก้ไข", "problem": "น้ำฝน สนข.", "status_num": 3, "detail": "เนื่องจากผิวจราจรมีระดับต่ำ ทำให้เมื่อผนตก ระดับในคลองตาพุกและคลองขันแตกสูงกว่าระดับถนน ทำให้เกิดน้ำท่วมขัง "}}, {"type": "Feature", "geometry": {"type": "Point", "coordinates": [100.6588, 13.70747], "crs": null}, "properties": {"name": "หมู่บ้านเสรีอ่อนนุช", "district": "ประเวศ", "project_name": null, "status_detail": "อยู่ระหว่างดำเนินการแก้ไข", "problem": "น้ำฝน สนข.", "status_num": 3, "detail": "ผิวจราจรมีระดับต่ำท่อระบายน้ำในซอยแยกย่อยมีขนาดเล็กและชำรุด"}}, {"type": "Feature", "geometry": {"type": "Point", "coordinates": [100.7092, 13.70298], "crs": null}, "properties": {"name": "ชุมชน 40 ไร่", "district": "ประเวศ", "project_name": null, "status_detail": "อยู่ระหว่างดำเนินการแก้ไข", "problem": "น้ำฝน สนข.", "status_num": 3, "detail": "ซอยแยกย่อยมีพื้นที่ต่ำท่อระบายน้ำมีขนาดเล็กและไม่สามารถไหลลงสู่ท่อระบายน้ำสาธารณะได้"}}, {"type": "Feature", "geometry": {"type": "Point", "coordinates": [100.6639, 13.72627], "crs": null}, "properties": {"name": "ซอยพัฒนาการ 65 (หมู่บ้านผาสุข)", "district": "ประเวศ", "project_name": null, "status_detail": "อยู่ระหว่างดำเนินการแก้ไข", "problem": "น้ำฝน สนข.", "status_num": 3, "detail": "ซอยแยกย่อยมีพื้นที่ต่ำท่อระบายน้ำมีขนาดเล็กและไม่สามารถไหลลงสู่ท่อระบายน้ำสาธารณะได้"}}, {"type": "Feature", "geometry": {"type": "Point", "coordinates": [100.6654, 13.67553], "crs": null}, "properties": {"name": "หมู่บ้านเคหะนครแปลง 1 และแปลง 2", "district": "ประเวศ", "project_name": null, "status_detail": "อยู่ระหว่างดำเนินการแก้ไข", "problem": "น้ำฝน สนข.", "status_num": 3, "detail": "ซอยแยกย่อยมีพื้นที่ต่ำท่อระบายน้ำมีขนาดเล็กและไม่สามารถไหลลงสู่ท่อระบายน้ำสาธารณะได้"}}, {"type": "Feature", "geometry": {"type": "Point", "coordinates": [100.6795, 13.68399], "crs": null}, "properties": {"name": "หมู่บ้านสมใจวิลเลจ", "district": "ประเวศ", "project_name": null, "status_detail": "พื้นที่เอกชนหรือหน่วยงานราชการ", "problem": "น้ำฝน สนข.", "status_num": 2, "detail": "พื้นที่มีระดับต่ำและท่อระบายน้ำมีขนาดเล็ก"}}, {"type": "Feature", "geometry": {"type": "Point", "coordinates": [100.6642, 13.67767], "crs": null}, "properties": {"name": "หมู่บ้านเคหะนครแปลง 3 (ซอยเฉลิมพระเกียรติ ร.๙ ซอย 26)", "district": "ประเวศ", "project_name": null, "status_detail": "อยู่ระหว่างดำเนินการแก้ไข", "problem": "น้ำฝน สนข.", "status_num": 3, "detail": "ผิวจราจรมีระดับต่ำท่อระบายน้ำในซอยแยกย่อยมีขนาดเล็กและชำรุด"}}, {"type": "Feature", "geometry": {"type": "Point", "coordinates": [100.6986, 13.7294], "crs": null}, "properties": {"name": "หมู่บ้านสุธาทิพย์", "district": "ประเวศ", "project_name": null, "status_detail": "อยู่ระหว่างดำเนินการแก้ไข", "problem": "น้ำฝน สนข.", "status_num": 3, "detail": "ซอยแยกย่อยมีพื้นที่ต่ำท่อระบายน้ำมีขนาดเล็กและไม่สามารถไหลลงสู่ท่อระบายน้ำสาธารณะได้"}}, {"type": "Feature", "geometry": {"type": "Point", "coordinates": [100.6771, 13.72032], "crs": null}, "properties": {"name": "ซอยอ่อนนุช 59/1 (หมู่บ้านชมเดือน)", "district": "ประเวศ", "project_name": null, "status_detail": "พื้นที่เอกชนหรือหน่วยงานราชการ", "problem": "น้ำฝน สนข.", "status_num": 2, "detail": "พื้นที่มีระดับต่ำและท่อระบายน้ำมีขนาดเล็ก"}}, {"type": "Feature", "geometry": {"type": "Point", "coordinates": [100.6705, 13.72592], "crs": null}, "properties": {"name": "หมู่บ้านเมืองทองการ์เด้น", "district": "ประเวศ", "project_name": null, "status_detail": "พื้นที่เอกชนหรือหน่วยงานราชการ", "problem": "น้ำฝน สนข.", "status_num": 2, "detail": "พื้นที่มีระดับต่ำและท่อระบายน้ำมีขนาดเล็ก"}}, {"type": "Feature", "geometry": {"type": "Point", "coordinates": [100.7222, 13.81651], "crs": null}, "properties": {"name": "ถนนสุวินทวงศ์ ช่วงสี่แยกมีนบุรี - คลองเจ๊ก (มีนบุรี)", "district": "มีนบุรี", "project_name": null, "status_detail": "แก้ไขแล้วเสร็จ", "problem": "น้ำฝน สนข.", "status_num": 5, "detail": "- เกิดจากโครงการก่อสร้างระบบรวบรวมน้ำเสียและระบบบำบัดน้ำเสียมีนบุรี ระยะที่ 1 ดำเนินการปิดกั้นท่อระบายน้ำ เพื่อดำเนินการก่อสร้างระบบบำบัดน้ำเสียทำให้มีน้ำท่วมขัง สูงประมาณ 10-15 ซม. ยาวประมาณ 600 เมตร แนวทางแก้ไข - ติดตั้งเครื่องสูบน้ำ ขนาด 8 นิ้ว จำนวน 1 เครื่อง - บล็อกด้วยกระสอบทราย 1000 ใบ"}}, {"type": "Feature", "geometry": {"type": "Point", "coordinates": [100.6725, 13.7439], "crs": null}, "properties": {"name": "ถนนกรุงเทพกรีฑา", "district": "สะพานสูง", "project_name": null, "status_detail": "อยู่ระหว่างดำเนินการแก้ไข", "problem": "น้ำฝน สนข.", "status_num": 3, "detail": "น้ำล้นตลิ่งจากคลองบ้านม้า,คลองวังใหญ่และคลองทับช้างล่าง"}}, {"type": "Feature", "geometry": {"type": "Point", "coordinates": [100.7244, 13.81246], "crs": null}, "properties": {"name": "ถนนสีหบุรานุกิจ ช่วงสี่แยกมีนบุรี - ซอยสีหบุรานุกิจ 18", "district": "มีนบุรี", "project_name": null, "status_detail": "แก้ไขแล้วเสร็จ", "problem": "น้ำฝน สนข.", "status_num": 5, "detail": "- เกิดจากโครงการก่อสร้างรถไฟฟ้าสายสีชมพู และโครงการก่อสร้างระบบรวบรวมน้ำเสียและระบบบำบัดน้ำเสียมีนบุรี ระยะที่ 1 ดำเนินการปิดกั้นท่อระบายน้ำ เพื่อดำเนินการก่อสร้างระบบบำบัดน้ำเสียทำให้มีน้ำท่วมขัง สูงประมาณ 10-15 ซม. แนวทางแก้ไข - ติดตั้งเครื่องสูบน้ำ ขนาด 3 นิ้ว จำนวน 3 เครื่อง - บล็อกด้วยกระสอบทราย 1000 ใบ"}}, {"type": "Feature", "geometry": {"type": "Point", "coordinates": [100.685, 13.75984], "crs": null}, "properties": {"name": "ซอยรามคำแหง 118 แยก 61", "district": "สะพานสูง", "project_name": null, "status_detail": "แก้ไขแล้วเสร็จ", "problem": "น้ำฝน สนข.", "status_num": 5, "detail": "#NAME?"}}, {"type": "Feature", "geometry": {"type": "Point", "coordinates": [100.6511, 13.75487], "crs": null}, "properties": {"name": "หมู่บ้านสวนสน ซอยรามคำแหง 60 แยก 12", "district": "บางกะปิ", "project_name": null, "status_detail": "แก้ไขแล้วเสร็จ", "problem": "น้ำฝน สนข.", "status_num": 5, "detail": "- อยู่ติดกับคลองหัวหมาก ซึ่งเป็นคลองสาขาที่เชื่อมต่อกับคลองแสนแสบ ไม่มีประตูน้ำกั้น แนวทางแก้ไข - เครื่องสูบน้ำดีเซลขนาด 8 นิ้ว จำนวน 2 เครื่อง"}}, {"type": "Feature", "geometry": {"type": "Point", "coordinates": [100.7081, 13.82366], "crs": null}, "properties": {"name": "ซอยเจริญพัฒนา 5", "district": "คลองสามวา", "project_name": null, "status_detail": "แก้ไขแล้วเสร็จ", "problem": "น้ำฝน สนข.", "status_num": 5, "detail": "- น้ำท่วมขังประมาณ 30-50 ซม. แนวทางแก้ไข - กระสอบทราย 500 ใบ"}}, {"type": "Feature", "geometry": {"type": "Point", "coordinates": [100.7111, 13.83286], "crs": null}, "properties": {"name": "ซอยเจริญพัฒนา 19", "district": "คลองสามวา", "project_name": null, "status_detail": "แก้ไขแล้วเสร็จ", "problem": "น้ำฝน สนข.", "status_num": 5, "detail": "- น้ำท่วมขังประมาณ 20-30 ซม. แนวทางแก้ไข - กระสอบทราย 200 ใบ"}}, {"type": "Feature", "geometry": {"type": "Point", "coordinates": [100.6882, 13.87613], "crs": null}, "properties": {"name": "ซอยพระยาสุเรนทร์ 46", "district": "คลองสามวา", "project_name": null, "status_detail": "แก้ไขแล้วเสร็จ", "problem": "น้ำฝน สนข.", "status_num": 5, "detail": "- น้ำท่วมขังประมาณ 80 ซม. แนวทางแก้ไข - เรียงกระสอบทราย ยาว 80 เมตร"}}, {"type": "Feature", "geometry": {"type": "Point", "coordinates": [100.7228, 13.85094], "crs": null}, "properties": {"name": "ซอยหทัยราษฎร์ 8 (หมู่บ้านหทัยราษฎร์)", "district": "คลองสามวา", "project_name": null, "status_detail": "แก้ไขแล้วเสร็จ", "problem": "น้ำฝน สนข.", "status_num": 5, "detail": "- น้ำท่วมขังประมาณ 15-20 ซม. แนวทางแก้ไข - กระสอบทราย 50 ใบ"}}, {"type": "Feature", "geometry": {"type": "Point", "coordinates": [100.5757, 13.81839], "crs": null}, "properties": {"name": "ถนนรัชดาภิเษกช่วงหน้ามหาวิทยาลัยราชภัฏจันทรเกษมถึงหน้าธนาคารกรุงเทพ", "district": "จตุจักร", "project_name": null, "status_detail": "แก้ไขแล้วเสร็จ", "problem": "น้ำฝน สนข.", "status_num": 5, "detail": "สภาพซอยมีพื้นที่ต่ำ"}}, {"type": "Feature", "geometry": {"type": "Point", "coordinates": [100.559, 13.81933], "crs": null}, "properties": {"name": "ถนนวิภาวดี ช่วงบริเวณโรงเรียนหอวัง", "district": "จตุจักร", "project_name": null, "status_detail": "แก้ไขแล้วเสร็จบางส่วน", "problem": "น้ำฝน สนข.", "status_num": 4, "detail": null}}, {"type": "Feature", "geometry": {"type": "Point", "coordinates": [100.8035, 13.79378], "crs": null}, "properties": {"name": "หมู่บ้านฟลอร่าวิลล์ พาร์คซิตี้", "district": "หนองจอก", "project_name": null, "status_detail": "แก้ไขแล้วเสร็จ", "problem": "น้ำฝน สนข.", "status_num": 5, "detail": null}}, {"type": "Feature", "geometry": {"type": "Point", "coordinates": [100.8158, 13.7913], "crs": null}, "properties": {"name": "ถนนทางเข้าวัดอู่คลองอู่ตะเภา", "district": "หนองจอก", "project_name": null, "status_detail": "แก้ไขแล้วเสร็จ", "problem": "น้ำฝน สนข.", "status_num": 5, "detail": "ปัญหาสภาพ - ถนนที่อยู่ในพื้นที่ลุ่มต่ำถูกน้ำท่วมเนื่องจากน้ำล้นคลอง แนวทางแก้ไข - ปรับปรุงถนนประชาอุทิศ จากถนนฉลองกรุง ถึงบ้านเลขที่ 65 หมู่ 4 แขวงลำผักชี - ปรับปรุงถนนเลียบคลองอู่ตะเภา แขวงลำผักชี"}}, {"type": "Feature", "geometry": {"type": "Point", "coordinates": [100.8084, 13.7817], "crs": null}, "properties": {"name": "ถนนเลียบคลองลำมะขาม", "district": "หนองจอก", "project_name": null, "status_detail": "แก้ไขแล้วเสร็จ", "problem": "น้ำฝน สนข.", "status_num": 5, "detail": "- ถนนที่อยู่ในพื้นที่ลุ่มต่ำถูกน้ำท่วมเนื่องจากน้ำล้นคลอง แนวทางแก้ไข - ปรับปรุงซอยสุวินทวงศ์ 42 จากถนนสุวินทวงศ์ ถึงบ้านเลขที่ 24/3 หมู่ 1 แขวงลำผักชี"}}, {"type": "Feature", "geometry": {"type": "Point", "coordinates": [100.8234, 13.77677], "crs": null}, "properties": {"name": "หมู่บ้านคาริเบียนโฮม", "district": "หนองจอก", "project_name": null, "status_detail": "แก้ไขแล้วเสร็จ", "problem": "น้ำฝน สนข.", "status_num": 5, "detail": null}}, {"type": "Feature", "geometry": {"type": "Point", "coordinates": [100.8423, 13.77709], "crs": null}, "properties": {"name": "ชุมชนการเคหะฉลองกรุง", "district": "หนองจอก", "project_name": null, "status_detail": "แก้ไขแล้วเสร็จ", "problem": "น้ำฝน สนข.", "status_num": 5, "detail": null}}, {"type": "Feature", "geometry": {"type": "Point", "coordinates": [100.8934, 13.77652], "crs": null}, "properties": {"name": "ถนนเลียบคลองลำตามีร้องไห้", "district": "หนองจอก", "project_name": null, "status_detail": "แก้ไขแล้วเสร็จ", "problem": "น้ำฝน สนข.", "status_num": 5, "detail": "#NAME?"}}, {"type": "Feature", "geometry": {"type": "Point", "coordinates": [100.8174, 13.81691], "crs": null}, "properties": {"name": "ถนนเลียบคลองลำนกแขวก", "district": "หนองจอก", "project_name": null, "status_detail": "แก้ไขแล้วเสร็จ", "problem": "น้ำฝน สนข.", "status_num": 5, "detail": "ปัญหาสภาพ - ถนนที่อยู่ในพื้นที่ลุ่มต่ำถูกน้ำท่วมเนื่องจากน้ำล้นคลอง แนวทางแก้ไข"}}, {"type": "Feature", "geometry": {"type": "Point", "coordinates": [100.5877, 13.89942], "crs": null}, "properties": {"name": "สถานีสูบน้ำคลองตาอูฐ", "district": "หลักสี่", "project_name": null, "status_detail": "แก้ไขแล้วเสร็จ", "problem": "น้ำฝน สนข.", "status_num": 5, "detail": "ภายในซอยปรีดีพนมยงค์ 31 มีท่อระบายน้ำ (ท่อเมน) ฝั่งเดียว และเนื่องจากในปี 2565 สนน.ได้รับงบประมาณปรับปรุงบ่อสูบน้ำใต้สะพานคลองตัน ช่วงฤดูฝนยังดำเนินการปรับปรุงไม่แล้วเสร็จ และเครื่องสูบน้ำสำรองไม่สามารถระบายน้ำได้ทันจึงส่งผลให้น้ำภายในซอยย่อยต่างๆ ตลอดแนวถนนปรีดีพนมยงค์ (สุขุมวิท 71) เอ่อล้นบนผิวจราจร เมื่อถนนสายหลักน้ำลดระดับลง ภายในซอยย่อยต่างๆ ลดระดับตามลำดับ ปัจจุบันสนน.ปรับปรุงบ่อสูบฯ ดังกล่าวเสร็จเรียบร้อยแล้ว น้ำภายในซอยระบายได้ตามปกติ"}}, {"type": "Feature", "geometry": {"type": "Point", "coordinates": [100.7957, 13.78763], "crs": null}, "properties": {"name": "ถนนเลียบคลองลำกอไผ่", "district": "หนองจอก", "project_name": null, "status_detail": "แก้ไขแล้วเสร็จ", "problem": "น้ำฝน สนข.", "status_num": 5, "detail": "ปัญหาสภาพ - ถนนที่อยู่ในพื้นที่ลุ่มต่ำถูกน้ำท่วมเนื่องจากน้ำล้นคลอง แนวทางแก้ไข - ปรับปรุงซอยสุวินทวงศ์ 42 จากถนนสุวินทวงศ์ ถึงบ้านเลขที่ 24/3 หมู่ 1 แขวงลำผักชี"}}, {"type": "Feature", "geometry": {"type": "Point", "coordinates": [100.5124, 13.81891], "crs": null}, "properties": {"name": "คลองบางเขน", "district": "บางซื่อ", "project_name": null, "status_detail": "แก้ไขแล้วเสร็จ", "problem": "น้ำฝน สนข.", "status_num": 5, "detail": "ระดับน้ำในคลองมีระดับสูงและมีสภาพตื้นเขิน เนื่องจากได้ขุดลอกมานานเกิน 5 ปีและมีดินตะกอนเกินกว่า 0.50 ม. ทำให้การระบายน้ำไม่มีประสิทธิภาพ แนวทางการแก้ไข .1 ก่อสร้างเขื่อน ค.ส.ล. คลองบางเขน จากคลองลาดพร้าวถึงแม่น้ำเจ้าพระยา 2 ขุดลอกคลองบางเขน ความยาวประมาณ 10,450 เมตร ( สนน. ได้รับงบประมาณ ประจำปี 2566 วงเงิน 12,454,000 บาท)(คลองต่อเนื่อง 2 พื้นที่ เขตจตุจักร และเขตบางซื่อ) (สนน)"}}, {"type": "Feature", "geometry": {"type": "Point", "coordinates": [100.8254, 13.77472], "crs": null}, "properties": {"name": "หมู่บ้านฉลองกรุงริเวอร์วิลล์", "district": "หนองจอก", "project_name": null, "status_detail": "แก้ไขแล้วเสร็จ", "problem": "น้ำฝน สนข.", "status_num": 5, "detail": null}}, {"type": "Feature", "geometry": {"type": "Point", "coordinates": [100.5887, 13.80926], "crs": null}, "properties": {"name": "คลองลาดพร้าว", "district": "ลาดพร้าว", "project_name": null, "status_detail": "แก้ไขแล้วเสร็จ", "problem": "น้ำฝน สนข.", "status_num": 5, "detail": "มีระดับสูงแต่ไม่สามารถลดระดับน้ำได้ในทันที แนวทางแก้ไขปัญหา - งานซ่อมเขื่อน ค.ส.ล.(เดิม) คลองลาดพร้าว ( สนน. จะของบประมาณปี 2566 (เพิ่มเติม) อยู่ระหว่างประมาณราคา"}}, {"type": "Feature", "geometry": {"type": "Point", "coordinates": [100.7541, 13.82581], "crs": null}, "properties": {"name": "ซอยประชาร่วมใจ 2", "district": "คลองสามวา", "project_name": null, "status_detail": "แก้ไขแล้วเสร็จ", "problem": "น้ำฝน สนข.", "status_num": 5, "detail": "- น้ำท่วมขังประมาณ 30 ซม. แนวทางแก้ไข - เรียงกระสอบทรายยาวตลอดซอย"}}, {"type": "Feature", "geometry": {"type": "Point", "coordinates": [100.7591, 13.82871], "crs": null}, "properties": {"name": "ซอยประชาร่วมใจ 10/3", "district": "คลองสามวา", "project_name": null, "status_detail": "แก้ไขแล้วเสร็จ", "problem": "น้ำฝน สนข.", "status_num": 5, "detail": "- น้ำท่วมขังประมาณ 30 ซม. แนวทางแก้ไข - เรียงกระสอบทรายยาว 60 เมตร"}}, {"type": "Feature", "geometry": {"type": "Point", "coordinates": [100.7602, 13.82954], "crs": null}, "properties": {"name": "ซอยประชาร่วมใจ 14", "district": "คลองสามวา", "project_name": null, "status_detail": "แก้ไขแล้วเสร็จ", "problem": "น้ำฝน สนข.", "status_num": 5, "detail": "- น้ำท่วมขังประมาณ 30-40 ซม. แนวทางแก้ไข - เรียงกระสอบทรายยาว 60 เมตร"}}, {"type": "Feature", "geometry": {"type": "Point", "coordinates": [100.7594, 13.8311], "crs": null}, "properties": {"name": "ซอยประชาร่วมใจ 21", "district": "คลองสามวา", "project_name": null, "status_detail": "แก้ไขแล้วเสร็จ", "problem": "น้ำฝน สนข.", "status_num": 5, "detail": "- น้ำท่วมขังประมาณ 50 ซม. แนวทางแก้ไข - เรียงกระสอบทรายยาว 200 เมตร"}}, {"type": "Feature", "geometry": {"type": "Point", "coordinates": [100.7604, 13.83236], "crs": null}, "properties": {"name": "ซอยประชาร่วมใจ 23", "district": "คลองสามวา", "project_name": null, "status_detail": "แก้ไขแล้วเสร็จ", "problem": "น้ำฝน สนข.", "status_num": 5, "detail": "- น้ำท่วมขังประมาณ 30-40 ซม. แนวทางแก้ไข - เรียงกระสอบทรายยาว 80 เมตร"}}, {"type": "Feature", "geometry": {"type": "Point", "coordinates": [100.7607, 13.83022], "crs": null}, "properties": {"name": "ซอยประชาร่วมใจ 16", "district": "คลองสามวา", "project_name": null, "status_detail": "แก้ไขแล้วเสร็จ", "problem": "น้ำฝน สนข.", "status_num": 5, "detail": "- น้ำท่วมขังประมาณ 15-20 ซม. แนวทางแก้ไข - เรียงกระสอบทรายยาว 60 เมตร"}}, {"type": "Feature", "geometry": {"type": "Point", "coordinates": [100.7668, 13.83374], "crs": null}, "properties": {"name": "ซอยประชาร่วมใจ 38", "district": "คลองสามวา", "project_name": null, "status_detail": "แก้ไขแล้วเสร็จ", "problem": "น้ำฝน สนข.", "status_num": 5, "detail": "- น้ำท่วมขังประมาณ 20-30 ซม. แนวทางแก้ไข - เรียงกระสอบทรายยาว 200 เมตร"}}, {"type": "Feature", "geometry": {"type": "Point", "coordinates": [100.7638, 13.83998], "crs": null}, "properties": {"name": "ประชาร่วมใจ 31 (ม.กฤษดานคร 25)", "district": "คลองสามวา", "project_name": null, "status_detail": "แก้ไขแล้วเสร็จ", "problem": "น้ำฝน สนข.", "status_num": 5, "detail": "- น้ำท่วมขังประมาณ 40 ซม. แนวทางแก้ไข - กระสอบทราย 500 ใบ"}}, {"type": "Feature", "geometry": {"type": "Point", "coordinates": [100.7867, 13.84837], "crs": null}, "properties": {"name": "ซอยประชาร่วมใจ 59", "district": "คลองสามวา", "project_name": null, "status_detail": "แก้ไขแล้วเสร็จ", "problem": "น้ำฝน สนข.", "status_num": 5, "detail": "- น้ำท่วมขังประมาณ 10-15 ซม. แนวทางแก้ไข - เรียงกระสอบทรายยาว 200 เมตร"}}, {"type": "Feature", "geometry": {"type": "Point", "coordinates": [100.5867, 13.88953], "crs": null}, "properties": {"name": "คลองวัดหลักสี่และคลองบางเขน", "district": "หลักสี่", "project_name": null, "status_detail": "แก้ไขแล้วเสร็จ", "problem": "น้ำฝน สนข.", "status_num": 5, "detail": "น้ำในคลองมีระดับสูง ระบบระบายน้ำที่มีอยู่มีประสิทธิภาพไม่เพียงพอและมีสภาพตื้นเขิน เนื่องจากได้ขุดลอกมานานเกิน 5 ปีและมีดินตะกอนเกินกว่า 0.50 ม. ทำให้การระบายน้ำไม่มีประสิทธิภาพ แนวทางการแก้ไขปัญหา 1 ก่อสร้างประตูระบายน้ำปิดกั้นคลองวัดหลักสี่และคลองบางเขน (สนน. จะของบปี 67 (งบกลาง) อยู่ระหว่างสำรวจออกแบบ) 2 ขุดลอกคลองวัดหลักสี่ ความยาวประมาณ 1,329 เมตร ( สนน. ได้รับงบประมาณ ประจำปี 2566 วงเงิน 2,170,000 บาท)"}}, {"type": "Feature", "geometry": {"type": "Point", "coordinates": [100.7917, 13.83544], "crs": null}, "properties": {"name": "หมู่บ้านประภาวรรณแลนด์ซอยราษฎร์อุทิศ 88", "district": "มีนบุรี", "project_name": null, "status_detail": "แก้ไขแล้วเสร็จ", "problem": "น้ำฝน สนข.", "status_num": 5, "detail": "- เป็นหมู่บ้านเอกชน - ท่อระบายน้ำมีขนาดเล็ก - น้ำท่วมขัง ระดับความลึก 40-60 เซนติเมตร ยาว 560 เมตร แนวทางแก้ไข - ติดตั้งเครื่องสูบน้ำ ขนาด 8 นิ้ว จำนวน 1 เครื่อง - ติดตั้งเครื่องสูบน้ำ ขนาด 10 นิ้ว จำนวน 1 เครื่อง - บล็อกด้วยกระสอบทราย 1500 ใบ"}}, {"type": "Feature", "geometry": {"type": "Point", "coordinates": [100.7865, 13.83209], "crs": null}, "properties": {"name": "หมู่บ้านมีนบุรีการ์เด้นโฮมซอยราษฎร์อุทิศ 48", "district": "มีนบุรี", "project_name": null, "status_detail": "แก้ไขแล้วเสร็จ", "problem": "น้ำฝน สนข.", "status_num": 5, "detail": "- ถนนมีสภาพต่ำ ท่อระบายน้ำมีขนาดเล็ก - น้ำท่วมขัง ระดับความลึก 30-50 เซนติเมตร ยาว 100 เมตร แนวทางแก้ไข - ปรับปรุงซอยหมู่บ้านมีนบุรีการ์เด้นโฮม จากลำรางต้นสะตือถึงบ้านเลขที่ 60/777 แขวงแสนแสบ"}}, {"type": "Feature", "geometry": {"type": "Point", "coordinates": [100.692, 13.89518], "crs": null}, "properties": {"name": "คลองพระยาสุเรนทร์", "district": "สายไหม", "project_name": null, "status_detail": "แก้ไขแล้วเสร็จ", "problem": "น้ำฝน สนข.", "status_num": 5, "detail": "มีสภาพตื้นเขิน เนื่องจากได้ขุดลอกมานานเกิน 5 ปี และมีดินตะกอนเกินกว่า 0.50 ม. ทำให้การระบายน้ำไม่มีประสิทธิภาพ แนวทางการแก้ไขปัญหา ขุดลอกคลองพระยาสุเรนทร์ ความยาวประมาณ 9,850 เมตร ( สนน. จะของบประมาณปี 2566 (เพิ่มเติม) อยู่ระหว่างประมาณราคา)(คลองต่อเนื่อง 2 พื้นที่ เขตบางเขน และเขตสายไหม"}}, {"type": "Feature", "geometry": {"type": "Point", "coordinates": [100.7609, 13.83235], "crs": null}, "properties": {"name": "ซอยประชาร่วมใจ 25", "district": "คลองสามวา", "project_name": null, "status_detail": "แก้ไขแล้วเสร็จ", "problem": "น้ำฝน สนข.", "status_num": 5, "detail": "- น้ำท่วมขังประมาณ 20 ซม. แนวทางแก้ไข - เรียงกระสอบทรายยาว 100 เมตร"}}, {"type": "Feature", "geometry": {"type": "Point", "coordinates": [100.759, 13.72158], "crs": null}, "properties": {"name": "ถนนลาดกระบัง ช่วงหน้าสำนักงานเขตลาดกระบัง", "district": "ลาดกระบัง", "project_name": null, "status_detail": "แก้ไขแล้วเสร็จ", "problem": "น้ำฝน สนข.", "status_num": 5, "detail": null}}, {"type": "Feature", "geometry": {"type": "Point", "coordinates": [100.7697, 13.83768], "crs": null}, "properties": {"name": "ซอยประชาร่วมใจ 35 แยก 1,4", "district": "คลองสามวา", "project_name": null, "status_detail": "แก้ไขแล้วเสร็จ", "problem": "น้ำฝน สนข.", "status_num": 5, "detail": "- น้ำท่วมขังประมาณ 15-20 ซม. แนวทางแก้ไข - เรียงกระสอบทรายยาว 600 เมตร"}}, {"type": "Feature", "geometry": {"type": "Point", "coordinates": [100.7552, 13.7913], "crs": null}, "properties": {"name": "ถนนบึงขวาง", "district": "มีนบุรี", "project_name": null, "status_detail": "แก้ไขแล้วเสร็จ", "problem": "น้ำฝน สนข.", "status_num": 5, "detail": "- ถนนมีสภาพต่ำ ไม่มีท่อระบายน้ำ - น้ำท่วมขัง ระดับความลึก 20 เซนติเมตร ยาว 550 เมตร แนวทางแก้ไข - ปรับปรุงถนนบึงขวาง จากซอยบึงขวาง 3 ถึงคลองสามประเวศ แขวงแสนแสบ"}}, {"type": "Feature", "geometry": {"type": "Point", "coordinates": [100.7394, 13.72237], "crs": null}, "properties": {"name": "ถนนอ่อนนุช-ลาดกระบัง (แยกกิ่งแก้ว)", "district": "ลาดกระบัง", "project_name": null, "status_detail": "แก้ไขแล้วเสร็จบางส่วน", "problem": "น้ำฝน สนข.", "status_num": 4, "detail": "เป็นพื้นที่ต่ำไม่มีท่อระบายน้ำ"}}, {"type": "Feature", "geometry": {"type": "Point", "coordinates": [100.5304, 13.71029], "crs": null}, "properties": {"name": "บริเวณซอยจันทน์ 16 ตลอดทั้งซอยถึงซอยนราฯ14", "district": "สาทร", "project_name": null, "status_detail": "แก้ไขแล้วเสร็จ", "problem": "น้ำฝน สนข.", "status_num": 5, "detail": "บริเวณซอยจันทน์ 16 ตลอดทั้งซอยถึงซอยนราฯ14 รับผลกระทบจากน้ำท่วมถนนจันทน์ มีน้ำขัง สูง 10-15 ซม. ยาว 800 ม."}}, {"type": "Feature", "geometry": {"type": "Point", "coordinates": [100.5181, 13.7094], "crs": null}, "properties": {"name": "ชุมชนวรพจน์ร่วมใจ ช่วงติดคลอง", "district": "สาทร", "project_name": null, "status_detail": "แก้ไขแล้วเสร็จ", "problem": "น้ำฝน สนข.", "status_num": 5, "detail": "ชุมชนวรพจน์ร่วมใจ ช่วงติดคลอง รับผลกระทบจากน้ำท่วมถนนจันทน์ มีน้ำขัง สูง 10 ซม."}}, {"type": "Feature", "geometry": {"type": "Point", "coordinates": [100.517, 13.70962], "crs": null}, "properties": {"name": "ชุมชนมิตรสามัคคี ช่วงติดคลอง", "district": "สาทร", "project_name": null, "status_detail": "แก้ไขแล้วเสร็จ", "problem": "น้ำฝน สนข.", "status_num": 5, "detail": "ชุมชนมิตรสามัคคี ช่วงติดคลอง รับผลกระทบจากน้ำท่วมถนนจันทน์ มีน้ำขัง สูง 10 ซม."}}, {"type": "Feature", "geometry": {"type": "Point", "coordinates": [100.5375, 13.72525], "crs": null}, "properties": {"name": "ถนนศาลาแดง", "district": "บางรัก", "project_name": null, "status_detail": "แก้ไขแล้วเสร็จ", "problem": "น้ำฝน สนข.", "status_num": 5, "detail": "ถนนศาลาแดง หากฝนตกหนักจะมีน้ำรอการระบายใช้เวลาประมาณ 1 ชั่วโมง"}}, {"type": "Feature", "geometry": {"type": "Point", "coordinates": [100.563, 13.70745], "crs": null}, "properties": {"name": "วัดคลองเตยนอก", "district": "คลองเตย", "project_name": null, "status_detail": "แก้ไขแล้วเสร็จ", "problem": "น้ำฝน สนข.", "status_num": 5, "detail": "น้ำล้นตลิ่งจากคลองทับช้างบน"}}, {"type": "Feature", "geometry": {"type": "Point", "coordinates": [100.5615, 13.70824], "crs": null}, "properties": {"name": "วัดคลองเตยใน", "district": "คลองเตย", "project_name": null, "status_detail": "อยู่ระหว่างดำเนินการแก้ไข", "problem": "น้ำฝน สนข.", "status_num": 3, "detail": "เป็นพื้นที่ต่ำไม่มีท่อระบายน้ำ"}}, {"type": "Feature", "geometry": {"type": "Point", "coordinates": [100.585, 13.70736], "crs": null}, "properties": {"name": "ชุมชนโรงหมู", "district": "คลองเตย", "project_name": null, "status_detail": "แก้ไขแล้วเสร็จ", "problem": "น้ำฝน สนข.", "status_num": 5, "detail": "ชุมชนโรงหมูอยู่ริมคลองพระโขนง เมื่อถึงฤดูน้ำหลากและน้ำทะเลหนุนน้ำจะรั่วซึมเข้าตามแผงเขื่อนที่ชำรุด จึงเป็นเหตุให้เกิดปัญหาน้ำท่วม"}}, {"type": "Feature", "geometry": {"type": "Point", "coordinates": [100.5517, 13.74726], "crs": null}, "properties": {"name": "บริเวณท้ายซอยสุขุมวิท 1", "district": "วัฒนา", "project_name": null, "status_detail": "แก้ไขแล้วเสร็จ", "problem": "น้ำฝน สนข.", "status_num": 5, "detail": "ช่วงท้ายซอยระดับต่ำ เกือบเสมอระดับน้ำในคลองแสนแสบ เมื่อฝนตกหนัก น้ำในคลองแสนแสบระดับสูง ทำให้น้ำในซอยไม่สามารถระบายได้ ต้องรอให้น้ำใคลองแสนแสบลดระดับ น้ำบนผิวจราจรก็ลดตามลำดับ"}}, {"type": "Feature", "geometry": {"type": "Point", "coordinates": [100.5621, 13.74041], "crs": null}, "properties": {"name": "บริเวณแยกชิโนทัย ซอยสุขุมวิท 21 (ถนนอโศกมนตรี)", "district": "วัฒนา", "project_name": null, "status_detail": "แก้ไขแล้วเสร็จ", "problem": "น้ำฝน สนข.", "status_num": 5, "detail": "ซอยปรีดีพนมยงค์ 13 เนื่องจากการระบายน้ำภายในซอยจะระบายออกทางปากซอยลงสู่แนวถนนสุขุมวิท 71 และคลองบางมะเขือ จึงต้องรอให้ สนน. เร่งระบายน้ำ ให้ลดระดับในแนวถนนปรีดีพนมยงค์ และคลองบางมะเขือ จะทำให้ในซอยลดระดับตาม"}}, {"type": "Feature", "geometry": {"type": "Point", "coordinates": [100.5917, 13.73306], "crs": null}, "properties": {"name": "ซอยปรีดีพนมยงค์ 41", "district": "วัฒนา", "project_name": null, "status_detail": "แก้ไขแล้วเสร็จ", "problem": "น้ำฝน สนข.", "status_num": 5, "detail": "ซอยปรีดีพนมยงค์ 41 เนื่องจากการระบายน้ำภายในซอยจะระบายออกทางปากซอย ลงสู่แนวถนนสุขุมวิท 71 จะต้องรอให้ สนน. เร่งระบายน้ำ ให้ลดระดับ จะทำให้ในซอยลดระดับตาม"}}, {"type": "Feature", "geometry": {"type": "Point", "coordinates": [100.5256, 13.74937], "crs": null}, "properties": {"name": "บ่อสูบน้ำบริเวณช่างกลปทุมวัน", "district": "ปทุมวัน", "project_name": null, "status_detail": "แก้ไขแล้วเสร็จ", "problem": "น้ำฝน สนข.", "status_num": 5, "detail": "น้ำท่วมขังในพื้นที่"}}, {"type": "Feature", "geometry": {"type": "Point", "coordinates": [100.4115, 13.62473], "crs": null}, "properties": {"name": "ซอย บางกระดี่ 19 แยก 6", "district": "บางขุนเทียน", "project_name": null, "status_detail": "แก้ไขแล้วเสร็จ", "problem": "น้ำฝน สนข.", "status_num": 5, "detail": "ผิวจราจรมีระดับต่ำไม่สามารถระบายน้ำลงคลองได้โดยตรง"}}, {"type": "Feature", "geometry": {"type": "Point", "coordinates": [100.4225, 13.52847], "crs": null}, "properties": {"name": "ถนนบางขุนเทียน - ชายทะเล บริเวณจากคลองสนามชัยถึงสามแยกคลองพิทยาลงกรณ์", "district": "บางขุนเทียน", "project_name": null, "status_detail": "แก้ไขแล้วเสร็จบางส่วน", "problem": "น้ำฝน สนข.", "status_num": 4, "detail": "พื้นผิวจราจรมีระดับต่ำ บวกกับน้ำทะเลหนุนสูง"}}, {"type": "Feature", "geometry": {"type": "Point", "coordinates": [100.4487, 13.62682], "crs": null}, "properties": {"name": "ถนนอนามัยงามเจริญ บริเวณสี่แยกคุณกะลา ถึงสุดเขตลอยต่อสมุทรปราการ", "district": "บางขุนเทียน", "project_name": null, "status_detail": "อยู่ระหว่างดำเนินการแก้ไข", "problem": "น้ำฝน สนข.", "status_num": 3, "detail": "พื้นผิวจราจรมีระดับต่ำ"}}, {"type": "Feature", "geometry": {"type": "Point", "coordinates": [100.4205, 13.65107], "crs": null}, "properties": {"name": "บิ๊กซี ซูเปอร์เซ็นเตอร์ พระราม 2 กม.8 (ขาเข้า)", "district": "บางขุนเทียน", "project_name": null, "status_detail": "พื้นที่เอกชนหรือหน่วยงานราชการ", "problem": "น้ำฝน สนข.", "status_num": 2, "detail": "พื้นผิวจราจรมีระดับต่ำ ไม่สามารถระบายน้ำลงคลองได้โดยตรง"}}, {"type": "Feature", "geometry": {"type": "Point", "coordinates": [100.4377, 13.66393], "crs": null}, "properties": {"name": "หน้าเซ็นทรัล พระราม 2", "district": "บางขุนเทียน", "project_name": null, "status_detail": "พื้นที่เอกชนหรือหน่วยงานราชการ", "problem": "น้ำฝน สนข.", "status_num": 2, "detail": "พื้นผิวจราจรมีระดับต่ำ ไม่สามารถระบายน้ำลงคลองได้โดยตรง"}}, {"type": "Feature", "geometry": {"type": "Point", "coordinates": [100.4434, 13.65172], "crs": null}, "properties": {"name": "ซอย ท่าข้าม", "district": "บางขุนเทียน", "project_name": null, "status_detail": "แก้ไขแล้วเสร็จ", "problem": "น้ำฝน สนข.", "status_num": 5, "detail": null}}, {"type": "Feature", "geometry": {"type": "Point", "coordinates": [100.4015, 13.61911], "crs": null}, "properties": {"name": "ถนนบางกระดี่", "district": "บางขุนเทียน", "project_name": null, "status_detail": "แก้ไขแล้วเสร็จบางส่วน", "problem": "น้ำฝน สนข.", "status_num": 4, "detail": null}}, {"type": "Feature", "geometry": {"type": "Point", "coordinates": [100.4894, 13.69037], "crs": null}, "properties": {"name": "ซอย ราษฎร์บูรณะ 11", "district": "ราษฎร์บูรณะ", "project_name": null, "status_detail": "แก้ไขแล้วเสร็จ", "problem": "น้ำฝน สนข.", "status_num": 5, "detail": "แนวติดแม่น้ำเจ้าพระยาเป็นพื้นที่เอกชน"}}, {"type": "Feature", "geometry": {"type": "Point", "coordinates": [100.5076, 13.68115], "crs": null}, "properties": {"name": "คลังสินค้า 2 ราษฎร์บูรณะ", "district": "ราษฎร์บูรณะ", "project_name": null, "status_detail": "มีมาตรการเร่งด่วน", "problem": "น้ำฝน สนข.", "status_num": 1, "detail": null}}, {"type": "Feature", "geometry": {"type": "Point", "coordinates": [100.4882, 13.69275], "crs": null}, "properties": {"name": "ซอย ราษฎร์บูรณะ 3", "district": "ราษฎร์บูรณะ", "project_name": null, "status_detail": "แก้ไขแล้วเสร็จ", "problem": "น้ำฝน สนข.", "status_num": 5, "detail": "แนวติดแม่น้ำเจ้าพระยาเป็นพื้นที่เอกชน"}}, {"type": "Feature", "geometry": {"type": "Point", "coordinates": [100.4912, 13.68859], "crs": null}, "properties": {"name": "หน้าโกดังไทยฟ้า (ท่าเรือ 41)", "district": "ราษฎร์บูรณะ", "project_name": null, "status_detail": "มีมาตรการเร่งด่วน", "problem": "น้ำฝน สนข.", "status_num": 1, "detail": null}}, {"type": "Feature", "geometry": {"type": "Point", "coordinates": [100.4941, 13.68586], "crs": null}, "properties": {"name": "ปั๊ม ซัสโก้ สาขา บางปะกอก", "district": "ราษฎร์บูรณะ", "project_name": null, "status_detail": "มีมาตรการเร่งด่วน", "problem": "น้ำฝน สนข.", "status_num": 1, "detail": null}}, {"type": "Feature", "geometry": {"type": "Point", "coordinates": [100.5122, 13.68201], "crs": null}, "properties": {"name": "ท่าเรือข้างโรงแก้ว", "district": "ราษฎร์บูรณะ", "project_name": null, "status_detail": "มีมาตรการเร่งด่วน", "problem": "น้ำฝน สนข.", "status_num": 1, "detail": null}}, {"type": "Feature", "geometry": {"type": "Point", "coordinates": [100.5168, 13.68089], "crs": null}, "properties": {"name": "ใต้สะพานพระราม 9", "district": "ราษฎร์บูรณะ", "project_name": null, "status_detail": "มีมาตรการเร่งด่วน", "problem": "น้ำฝน สนข.", "status_num": 1, "detail": "- เป็นพื้นที่ลุ่มต่ำ มีน้ำท่วมขัง 20-40 ซม."}}, {"type": "Feature", "geometry": {"type": "Point", "coordinates": [100.5047, 13.68253], "crs": null}, "properties": {"name": "หน้าวัดราษฎร์บูรณะ บางปะกอก กรุงเทพ", "district": "ราษฎร์บูรณะ", "project_name": null, "status_detail": "มีมาตรการเร่งด่วน", "problem": "น้ำฝน สนข.", "status_num": 1, "detail": null}}, {"type": "Feature", "geometry": {"type": "Point", "coordinates": [100.4936, 13.68629], "crs": null}, "properties": {"name": "หน้าโกดัง ซุปเปอร์ เจ อินเตอร์", "district": "ราษฎร์บูรณะ", "project_name": null, "status_detail": "มีมาตรการเร่งด่วน", "problem": "น้ำฝน สนข.", "status_num": 1, "detail": null}}, {"type": "Feature", "geometry": {"type": "Point", "coordinates": [100.5001, 13.68499], "crs": null}, "properties": {"name": "บิ๊กซีราษฎร์บูรณะ", "district": "ราษฎร์บูรณะ", "project_name": null, "status_detail": "มีมาตรการเร่งด่วน", "problem": "น้ำฝน สนข.", "status_num": 1, "detail": "- เป็นพื้นที่ลุ่มต่ำ มีน้ำท่วมขัง เวลาฝนตกหนัก "}}, {"type": "Feature", "geometry": {"type": "Point", "coordinates": [100.5009, 13.6825], "crs": null}, "properties": {"name": "หน้าโกดังแสงทองค้าข้าว", "district": "ราษฎร์บูรณะ", "project_name": null, "status_detail": "แก้ไขแล้วเสร็จ", "problem": "น้ำฝน สนข.", "status_num": 5, "detail": "แนวติดแม่น้ำเจ้าพระยาเป็นพื้นที่เอกชน"}}, {"type": "Feature", "geometry": {"type": "Point", "coordinates": [100.4986, 13.68518], "crs": null}, "properties": {"name": "สน.ราษฎร์บูรณะ", "district": "ราษฎร์บูรณะ", "project_name": null, "status_detail": "มีมาตรการเร่งด่วน", "problem": "น้ำฝน สนข.", "status_num": 1, "detail": "- เป็นพื้นที่แอ่งกระทะมีน้ำท่วมขังบริเวณแยก 30-40 ซม"}}, {"type": "Feature", "geometry": {"type": "Point", "coordinates": [100.6307, 13.81726], "crs": null}, "properties": {"name": "ซอยโยธินพัฒนา 3 แยก 9", "district": "บางกะปิ", "project_name": null, "status_detail": "แก้ไขแล้วเสร็จ", "problem": "น้ำฝน สนข.", "status_num": 5, "detail": "ถนนไม่มีท่อระบายน้ำ ผิวจราจรเป็นผิวดิน ฝนตกน้ำท่วมขัง"}}, {"type": "Feature", "geometry": {"type": "Point", "coordinates": [100.6297, 13.81113], "crs": null}, "properties": {"name": "ซอย โพธิ์แก้ว 3 แยก 19-2", "district": "บางกะปิ", "project_name": null, "status_detail": "แก้ไขแล้วเสร็จ", "problem": "น้ำฝน สนข.", "status_num": 5, "detail": "ถนนไม่มีท่อระบายน้ำ ผิวจราจรเป็นผิวดิน ฝนตกน้ำท่วมขัง"}}, {"type": "Feature", "geometry": {"type": "Point", "coordinates": [100.6331, 13.81027], "crs": null}, "properties": {"name": "ซอยโพธิ์แก้ว 3 แยก 25, 27", "district": "บางกะปิ", "project_name": null, "status_detail": "แก้ไขแล้วเสร็จ", "problem": "น้ำฝน สนข.", "status_num": 5, "detail": "ถนนไม่มีท่อระบายน้ำ ผิวจราจรเป็นผิวดิน ฝนตกน้ำท่วมขัง"}}, {"type": "Feature", "geometry": {"type": "Point", "coordinates": [100.6341, 13.79124], "crs": null}, "properties": {"name": "ซอยลาดพร้าว 101 ซอย 42 แยก 1", "district": "บางกะปิ", "project_name": null, "status_detail": "แก้ไขแล้วเสร็จ", "problem": "น้ำฝน สนข.", "status_num": 5, "detail": "ถนนไม่มีท่อระบายน้ำ ผิวจราจรเป็นผิวดิน ฝนตกน้ำท่วมขัง"}}, {"type": "Feature", "geometry": {"type": "Point", "coordinates": [100.6509, 13.75788], "crs": null}, "properties": {"name": "ซอยรามคำแหง 60 (สวนสนซอย 3)", "district": "บางกะปิ", "project_name": null, "status_detail": "แก้ไขแล้วเสร็จ", "problem": "น้ำฝน สนข.", "status_num": 5, "detail": "ถนนไม่มีท่อระบายน้ำ ผิวจราจรเป็นผิวดิน ฝนตกน้ำท่วมขัง"}}, {"type": "Feature", "geometry": {"type": "Point", "coordinates": [100.6661, 13.76786], "crs": null}, "properties": {"name": "ซอย รามคำแหง 76 แยก 1", "district": "บางกะปิ", "project_name": null, "status_detail": "แก้ไขแล้วเสร็จ", "problem": "น้ำฝน สนข.", "status_num": 5, "detail": "ถนนไม่มีท่อระบายน้ำ ผิวจราจรเป็นผิวดิน ฝนตกน้ำท่วมขัง"}}, {"type": "Feature", "geometry": {"type": "Point", "coordinates": [100.7811, 13.75211], "crs": null}, "properties": {"name": "ถนน เจ้าคุณทหาร", "district": "ลาดกระบัง", "project_name": null, "status_detail": "แก้ไขแล้วเสร็จ", "problem": "น้ำฝน สนข.", "status_num": 5, "detail": "ถนนอยู่ในพื้นที่ลุ่มต่ำ ลักษณะพื้นที่เป็นแอ่งกระทะ น้ำท่วมขัง 10-70 ซม. ยาว 2,320 ม. (สนน. สนย.)"}}, {"type": "Feature", "geometry": {"type": "Point", "coordinates": [100.7341, 13.77329], "crs": null}, "properties": {"name": "เคหะชุมชนร่มเกล้า", "district": "ลาดกระบัง", "project_name": null, "status_detail": "แก้ไขแล้วเสร็จบางส่วน", "problem": "น้ำฝน สนข.", "status_num": 4, "detail": "ถนนอยู่ในพื้นที่ลุ่มต่ำ ลักษณะพื้นที่เป็นแอ่งกระทะ น้ำท่วมขัง 10-20 ซม. ยาว 210 ม. ."}}, {"type": "Feature", "geometry": {"type": "Point", "coordinates": [100.8526, 13.7008], "crs": null}, "properties": {"name": "ใต้สะพานข้ามคลองประเวศบุรีรมย์ (วัดราชโกษา)", "district": "ลาดกระบัง", "project_name": null, "status_detail": "อยู่ระหว่างดำเนินการแก้ไข", "problem": "น้ำฝน สนข.", "status_num": 3, "detail": "- น้ำล้นตลิ่งจากคลองประเวศบุรีรมย์ (สนน.) \n  - ถนนสายหลักไม่มีท่อระบายน้ำ และอยู่ในความรับผิดชอบของสำนักการโยธา"}}, {"type": "Feature", "geometry": {"type": "Point", "coordinates": [100.8498, 13.69779], "crs": null}, "properties": {"name": "ลาดกระบัง ซอยพระยาเพชร", "district": "ลาดกระบัง", "project_name": null, "status_detail": "แก้ไขแล้วเสร็จ", "problem": "น้ำฝน สนข.", "status_num": 5, "detail": "ซอยต่ำกว่าถนนสายหลักและน้ำมาจากด้านข้าง"}}, {"type": "Feature", "geometry": {"type": "Point", "coordinates": [100.8065, 13.71482], "crs": null}, "properties": {"name": "ซอยหลวงแพ่ง 10", "district": "ลาดกระบัง", "project_name": null, "status_detail": "แก้ไขแล้วเสร็จ", "problem": "น้ำฝน สนข.", "status_num": 5, "detail": "น้ำล้นจากป่าหญ้าและไม่มีท่อระบายน้ำ"}}, {"type": "Feature", "geometry": {"type": "Point", "coordinates": [100.8489, 13.70305], "crs": null}, "properties": {"name": "บริเวณมัสยิดซีรอตุ้ลญันนะห์ และซอยใกล้เคียง", "district": "ลาดกระบัง", "project_name": null, "status_detail": "อยู่ระหว่างดำเนินการแก้ไข", "problem": "น้ำฝน สนข.", "status_num": 3, "detail": "- น้ำล้นตลิ่งจากคลองประเวศบุรีรมย์ (สนน.) \n  - ถนนสายหลักไม่มีท่อระบายน้ำ"}}, {"type": "Feature", "geometry": {"type": "Point", "coordinates": [100.8533, 13.70059], "crs": null}, "properties": {"name": "ศูนย์บริการสาธารณสุข 46 สาขาขุมทอง", "district": "ลาดกระบัง", "project_name": null, "status_detail": "อยู่ระหว่างดำเนินการแก้ไข", "problem": "น้ำฝน สนข.", "status_num": 3, "detail": "- น้ำล้นตลิ่งจากคลองประเวศบุรีรมย์ (สนน.) \n  - ถนนสายหลักไม่มีท่อระบายน้ำ"}}, {"type": "Feature", "geometry": {"type": "Point", "coordinates": [100.8548, 13.72175], "crs": null}, "properties": {"name": "ทางเข้าวัดขุมทอง", "district": "ลาดกระบัง", "project_name": null, "status_detail": "แก้ไขแล้วเสร็จ", "problem": "น้ำฝน สนข.", "status_num": 5, "detail": "น้ำล้นตลิ่งจากคลอง"}}, {"type": "Feature", "geometry": {"type": "Point", "coordinates": [100.8546, 13.72272], "crs": null}, "properties": {"name": "ลาดกระบัง ทางเข้า รร.วัดขุมทอง", "district": "ลาดกระบัง", "project_name": null, "status_detail": "อยู่ระหว่างดำเนินการแก้ไข", "problem": "น้ำฝน สนข.", "status_num": 3, "detail": "- น้ำล้นตลิ่งจากคลองตาสอน (สนข.)\n  - ถนนสายหลักไม่มีท่อระบายน้ำ"}}, {"type": "Feature", "geometry": {"type": "Point", "coordinates": [100.8019, 13.72214], "crs": null}, "properties": {"name": "หน้ามหาวิทยาลัยกรุงเทพสุวรรณภูมิ", "district": "ลาดกระบัง", "project_name": null, "status_detail": "แก้ไขแล้วเสร็จ", "problem": "น้ำฝน สนข.", "status_num": 5, "detail": "- น้ำล้นตลิ่งจากคลองประเวศบุรีรมย์ (สนน.) \n  - ถนนสายหลักไม่มีท่อระบายน้ำ"}}, {"type": "Feature", "geometry": {"type": "Point", "coordinates": [100.8047, 13.72185], "crs": null}, "properties": {"name": "ถนนประชาพัฒนา ซ.บริสุทธิ์", "district": "ลาดกระบัง", "project_name": null, "status_detail": "อยู่ระหว่างดำเนินการแก้ไข", "problem": "น้ำฝน สนข.", "status_num": 3, "detail": "- น้ำล้นตลิ่งจากคลองประเวศบุรีรมย์ (สนน.) \n  - ถนนสายหลักไม่มีท่อระบายน้ำ"}}, {"type": "Feature", "geometry": {"type": "Point", "coordinates": [100.8054, 13.72092], "crs": null}, "properties": {"name": "ถนนประชาพัฒนา ซ.บิลยาธร", "district": "ลาดกระบัง", "project_name": null, "status_detail": "อยู่ระหว่างดำเนินการแก้ไข", "problem": "น้ำฝน สนข.", "status_num": 3, "detail": "- น้ำล้นตลิ่งจากคลองประเวศบุรีรมย์ (สนน.) \n  - ถนนสายหลักไม่มีท่อระบายน้ำ"}}, {"type": "Feature", "geometry": {"type": "Point", "coordinates": [100.8134, 13.74135], "crs": null}, "properties": {"name": "ลาดกระบัง ถนนสารีบุตร", "district": "ลาดกระบัง", "project_name": null, "status_detail": "แก้ไขแล้วเสร็จ", "problem": "น้ำฝน สนข.", "status_num": 5, "detail": "- น้ำล้นจากทุ่งนา คลองมอญ และคลองเจ็ก (สนข.) \n  - ถนนไม่มีท่อระบายน้ำ"}}, {"type": "Feature", "geometry": {"type": "Point", "coordinates": [100.7942, 13.73561], "crs": null}, "properties": {"name": "หมู่บ้านรุ่งอรุณ 1 ซอยฉลองกรุง 2", "district": "ลาดกระบัง", "project_name": null, "status_detail": "มีมาตรการเร่งด่วน", "problem": "น้ำฝน สนข.", "status_num": 1, "detail": "- น้ำล้นตลิ่งจากคลองลำปลาทิว (กรมชลประทาน)"}}, {"type": "Feature", "geometry": {"type": "Point", "coordinates": [100.7857, 13.74385], "crs": null}, "properties": {"name": "หมู่บ้านรุ่งอรุณ 2 ซอยฉลองกรุง 7 (เอกชน)", "district": "ลาดกระบัง", "project_name": null, "status_detail": "พื้นที่เอกชนหรือหน่วยงานราชการ", "problem": "น้ำฝน สนข.", "status_num": 2, "detail": "น้ำล้นจากป่าหญ้า"}}, {"type": "Feature", "geometry": {"type": "Point", "coordinates": [100.7866, 13.75257], "crs": null}, "properties": {"name": "หมู่บ้านเจ้าคุณ ซอยฉลองกรุง 19 (เอกชน)", "district": "ลาดกระบัง", "project_name": null, "status_detail": "พื้นที่เอกชนหรือหน่วยงานราชการ", "problem": "น้ำฝน สนข.", "status_num": 2, "detail": "น้ำล้นจากป่าหญ้า"}}, {"type": "Feature", "geometry": {"type": "Point", "coordinates": [100.7917, 13.7446], "crs": null}, "properties": {"name": "ซอยฉลองกรุง 9", "district": "ลาดกระบัง", "project_name": null, "status_detail": "มีมาตรการเร่งด่วน", "problem": "น้ำฝน สนข.", "status_num": 1, "detail": "- น้ำล้นจากป่าหญ้า\n  - ถนนไม่มีท่อระบายน้ำ \n  - มีบ้านเรือนประชาชนไม่กี่หลัง"}}, {"type": "Feature", "geometry": {"type": "Point", "coordinates": [100.7925, 13.74795], "crs": null}, "properties": {"name": "ซอยฉลองกรุง 15", "district": "ลาดกระบัง", "project_name": null, "status_detail": "มีมาตรการเร่งด่วน", "problem": "น้ำฝน สนข.", "status_num": 1, "detail": "- น้ำล้นจากป่าหญ้า\n  - ถนนไม่มีท่อระบายน้ำ \n  - มีบ้านเรือนประชาชนไม่กี่หลัง"}}, {"type": "Feature", "geometry": {"type": "Point", "coordinates": [100.7982, 13.75746], "crs": null}, "properties": {"name": "ซอยฉลองกรุง 35", "district": "ลาดกระบัง", "project_name": null, "status_detail": "พื้นที่เอกชนหรือหน่วยงานราชการ", "problem": "น้ำฝน สนข.", "status_num": 2, "detail": "หมู่บ้านเอกชน ท่อระบายน้ำมีขนาดเล็ก"}}, {"type": "Feature", "geometry": {"type": "Point", "coordinates": [100.8035, 13.77897], "crs": null}, "properties": {"name": "ซอยฉลองกรุง 53", "district": "ลาดกระบัง", "project_name": null, "status_detail": "แก้ไขแล้วเสร็จ", "problem": "น้ำฝน สนข.", "status_num": 5, "detail": "น้ำล้นตลิ่งจากคลอง"}}, {"type": "Feature", "geometry": {"type": "Point", "coordinates": [100.7713, 13.74503], "crs": null}, "properties": {"name": "ซอยคุ้มเกล้า 50", "district": "ลาดกระบัง", "project_name": null, "status_detail": "แก้ไขแล้วเสร็จ", "problem": "น้ำฝน สนข.", "status_num": 5, "detail": "น้ำล้นตลิ่งจากคลอง ไม่มีท่อระบายน้ำ"}}, {"type": "Feature", "geometry": {"type": "Point", "coordinates": [100.7746, 13.74234], "crs": null}, "properties": {"name": "ซอยคุ้มเกล้า 54", "district": "ลาดกระบัง", "project_name": null, "status_detail": "มีมาตรการเร่งด่วน", "problem": "น้ำฝน สนข.", "status_num": 1, "detail": "- น้ำล้นตลิ่งจากคลองลำพุทรา (สนข.)\n  - ถนนไม่มีท่อระบายน้ำ\n  - มีบ้านเรือนประชาชนไม่กี่หลัง"}}, {"type": "Feature", "geometry": {"type": "Point", "coordinates": [100.7535, 13.74501], "crs": null}, "properties": {"name": "ซอยร่มเกล้า 23 (ซอยเทพศิรินทร์)", "district": "ลาดกระบัง", "project_name": null, "status_detail": "แก้ไขแล้วเสร็จ", "problem": "น้ำฝน สนข.", "status_num": 5, "detail": "น้ำล้นตลิ่งจากคลอง ไม่มีท่อระบายน้ำ"}}, {"type": "Feature", "geometry": {"type": "Point", "coordinates": [100.7531, 13.74337], "crs": null}, "properties": {"name": "ซอยร่มเกล้า 25 (ซอยวัดบำรุงรื่น)", "district": "ลาดกระบัง", "project_name": null, "status_detail": "แก้ไขแล้วเสร็จ", "problem": "น้ำฝน สนข.", "status_num": 5, "detail": "- น้ำล้นตลิ่งจากคลองสามประเวศ (สนน.)\n  - ถนนไม่มีท่อระบายน้ำ"}}, {"type": "Feature", "geometry": {"type": "Point", "coordinates": [100.8372, 13.7318], "crs": null}, "properties": {"name": "โรงเรียนประสานสามัคคี", "district": "ลาดกระบัง", "project_name": null, "status_detail": "แก้ไขแล้วเสร็จ", "problem": "น้ำฝน สนข.", "status_num": 5, "detail": "น้ำล้นจากป่าหญ้าและคลอง ไม่มีท่อระบายน้ำ"}}, {"type": "Feature", "geometry": {"type": "Point", "coordinates": [100.7506, 13.72176], "crs": null}, "properties": {"name": "ซอยลาดกระบัง 34/6 (หมู่บ้านลาดกระบังการ์เด้นโฮม) เอกชน", "district": "ลาดกระบัง", "project_name": null, "status_detail": "พื้นที่เอกชนหรือหน่วยงานราชการ", "problem": "น้ำฝน สนข.", "status_num": 2, "detail": "- น้ำล้นตลิ่งจากคลองลาดกระบัง (สนข.)"}}, {"type": "Feature", "geometry": {"type": "Point", "coordinates": [100.7838, 13.72023], "crs": null}, "properties": {"name": "ซอยลาดกระบัง 52 (ซอยจินดา) แยกซอยย่อย", "district": "ลาดกระบัง", "project_name": null, "status_detail": "มีมาตรการเร่งด่วน", "problem": "น้ำฝน สนข.", "status_num": 1, "detail": "- พื้นที่บางส่วนเป็นสาธารณะ (ติดถนนลาดกระบัง) พื้นที่บางส่วนเป็นเอกชน (ติดเขตสมุทรปราการ) น้ำท่วมในส่วนบริเวณพื้นที่เอกชน\n  - น้ำล้นตลิ่งจากลำรางหมอน 20 (สมุทรปราการ)"}}, {"type": "Feature", "geometry": {"type": "Point", "coordinates": [100.7307, 13.71889], "crs": null}, "properties": {"name": "ซอยลาดกระบัง 22", "district": "ลาดกระบัง", "project_name": null, "status_detail": "มีมาตรการเร่งด่วน", "problem": "น้ำฝน สนข.", "status_num": 1, "detail": "- น้ำล้นตลิ่งจากคลองบัวลอย (สนข.) \n  - ซอยดังกล่าวต่ำกว่าถนนลาดกระบัง"}}, {"type": "Feature", "geometry": {"type": "Point", "coordinates": [100.8202, 13.76011], "crs": null}, "properties": {"name": "ซอยฉลองกรุง 54", "district": "ลาดกระบัง", "project_name": null, "status_detail": "แก้ไขแล้วเสร็จ", "problem": "น้ำฝน สนข.", "status_num": 5, "detail": "น้ำล้นจากคลอง ไม่มีท่อระบายน้ำ"}}, {"type": "Feature", "geometry": {"type": "Point", "coordinates": [100.8163, 13.71238], "crs": null}, "properties": {"name": "ถนนหลวงแพ่ง (ตลอดทั้งสาย)", "district": "ลาดกระบัง", "project_name": null, "status_detail": "แก้ไขแล้วเสร็จ", "problem": "น้ำฝน สนข.", "status_num": 5, "detail": "- มีน้ำท่วมขัง 10-15 ซม. และมีน้ำไหลย้อนเข้าสู่ระบบท่อ แนวทางแก้ไข - ก่อสร้างบ่อสูบน้ำพร้อมติดตั้งเครื่องสูบน้ำไฟฟ้า 3 จุด(โดยสนน.) - ติดตั้ง Flap gate ป้องกันน้ำย้อนจากลำรางบางตลาด (โดย สนน.) - ก่อสร้างบ่อสูบน้ำ Bypass ขนาด Æ 1.5 ม. ก่อนเข้าระบบบำบัดน้ำเสีย เร่งช่วยรระบาย (โดย สนน.)"}}, {"type": "Feature", "geometry": {"type": "Point", "coordinates": [100.567, 13.79666], "crs": null}, "properties": {"name": "คลองน้ำแก้ว จากคลองพญาเวิกถึงคลองลาดพร้าว", "district": "จตุจักร", "project_name": null, "status_detail": "แก้ไขแล้วเสร็จ", "problem": "น้ำฝน สนข.", "status_num": 5, "detail": "มีประสิทธิภาพการระบายน้ำไม่เต็มประสิทธิภาพ เนื่องจากมีการปรับปรุงเขื่อนและขยายเขตคลอง"}}, {"type": "Feature", "geometry": {"type": "Point", "coordinates": [100.5658, 13.77089], "crs": null}, "properties": {"name": "ซอยชานเมือง", "district": "ดินแดง", "project_name": null, "status_detail": "แก้ไขแล้วเสร็จบางส่วน", "problem": "น้ำฝน สนข.", "status_num": 4, "detail": "สภาพภายในซอยเป็นพื้นที่ลุ่มต่ำ ประกอบด้วยระบบท่อระบายน้ำในซอยมีขนาดเล็ก"}}, {"type": "Feature", "geometry": {"type": "Point", "coordinates": [100.6158, 13.76394], "crs": null}, "properties": {"name": "ซอย รามคำแหง 43/1", "district": "วังทองหลาง", "project_name": null, "status_detail": "มีมาตรการเร่งด่วน", "problem": "น้ำฝน สนข.", "status_num": 1, "detail": "น้ำจากคลองแสนเเสบหนุนสูง"}}, {"type": "Feature", "geometry": {"type": "Point", "coordinates": [100.6113, 13.77437], "crs": null}, "properties": {"name": "ถนน อินทราภรณ์", "district": "วังทองหลาง", "project_name": null, "status_detail": "แก้ไขแล้วเสร็จ", "problem": "น้ำฝน สนข.", "status_num": 5, "detail": "สภาพซอยมีพื้นที่ต่ำ"}}, {"type": "Feature", "geometry": {"type": "Point", "coordinates": [100.6058, 13.75905], "crs": null}, "properties": {"name": "ซอย รามคำแหง 21", "district": "วังทองหลาง", "project_name": null, "status_detail": "แก้ไขแล้วเสร็จ", "problem": "น้ำฝน สนข.", "status_num": 5, "detail": "สภาพถนนต่ำ ท่อระบายน้ำขนาดเล็ก"}}, {"type": "Feature", "geometry": {"type": "Point", "coordinates": [100.6196, 13.79378], "crs": null}, "properties": {"name": "ซอย ลาดพร้าว 87 แยก 12", "district": "วังทองหลาง", "project_name": null, "status_detail": "แก้ไขแล้วเสร็จ", "problem": "น้ำฝน สนข.", "status_num": 5, "detail": "สภาพซอยพื้นที่ต่ำ"}}, {"type": "Feature", "geometry": {"type": "Point", "coordinates": [100.599, 13.77912], "crs": null}, "properties": {"name": "ซอย ลาดพร้าว 80 แยก 26", "district": "วังทองหลาง", "project_name": null, "status_detail": "แก้ไขแล้วเสร็จ", "problem": "น้ำฝน สนข.", "status_num": 5, "detail": "ซอยสภาพพื้นที่ต่ำ"}}, {"type": "Feature", "geometry": {"type": "Point", "coordinates": [100.595, 13.78898], "crs": null}, "properties": {"name": "ถนน ลาดพร้าว 64 แยก 4", "district": "วังทองหลาง", "project_name": null, "status_detail": "แก้ไขแล้วเสร็จ", "problem": "น้ำฝน สนข.", "status_num": 5, "detail": "สภาพซอยมีพื้นที่ต่ำ"}}, {"type": "Feature", "geometry": {"type": "Point", "coordinates": [100.5955, 13.79035], "crs": null}, "properties": {"name": "ซอย ลาดพร้าว 64 แยก 2", "district": "วังทองหลาง", "project_name": null, "status_detail": "มีมาตรการเร่งด่วน", "problem": "น้ำฝน สนข.", "status_num": 1, "detail": "สภาพถนนต่ำ ท่อระบายน้ำขนาดเล็ก"}}, {"type": "Feature", "geometry": {"type": "Point", "coordinates": [100.5862, 13.77748], "crs": null}, "properties": {"name": "ซอยประชาอุทิศ 19 เชื่อมซอยประชาราษฎร์บำเพ็ญ 24", "district": "ห้วยขวาง", "project_name": null, "status_detail": "แก้ไขแล้วเสร็จ", "problem": "น้ำฝน สนข.", "status_num": 5, "detail": "น้ำท่วมขังประมาณ 30 ซม."}}, {"type": "Feature", "geometry": {"type": "Point", "coordinates": [100.586, 13.7935], "crs": null}, "properties": {"name": "ซอย ลาดพร้าว 48 แยก 3-2", "district": "ห้วยขวาง", "project_name": null, "status_detail": "แก้ไขแล้วเสร็จ", "problem": "น้ำฝน สนข.", "status_num": 5, "detail": "น้ำท่วมขังประมาณ 30 ซม."}}, {"type": "Feature", "geometry": {"type": "Point", "coordinates": [100.4998, 13.74504], "crs": null}, "properties": {"name": "ถนน พาหุรัด", "district": "พระนคร", "project_name": null, "status_detail": "แก้ไขแล้วเสร็จ", "problem": "น้ำฝน สนข.", "status_num": 5, "detail": "น้ำท่วมขัง ระบายไม่ทัน"}}, {"type": "Feature", "geometry": {"type": "Point", "coordinates": [100.4189, 13.6498], "crs": null}, "properties": {"name": "ถนนพระรามที่ 2 ซอย 62 (ม.การเคหะโครงการ 3)", "district": "บางขุนเทียน", "project_name": null, "status_detail": "แก้ไขแล้วเสร็จบางส่วน", "problem": "น้ำฝน สนข.", "status_num": 4, "detail": "พื้นผิวจราจรมีระดับต่ำ ไม่สามารถระบายน้ำลงคลองได้โดยตรง"}}]}