{"type": "FeatureCollection", "features": [{"type": "Feature", "geometry": {"type": "Point", "coordinates": [100.40654, 13.74925], "crs": null}, "properties": {"name": "ค.บางเชือกหนัง ถ.กาญจนาฯ ", "code": "WL.BCN.01", "district": "บางแค", "river": "คลองบางเชือกหนัง", "station_id": 1, "wl_in": 0.29, "wl_out": null, "warning_in": 0.6, "critical_in": 0.7, "status": "normal", "observed_at": "28/06/2569 00:30", "left_bank": 2.11, "right_bank": 1.26, "daily_max": 0.3, "daily_max_yst": 0.29}}, {"type": "Feature", "geometry": {"type": "Point", "coordinates": [100.39162, 13.75173], "crs": null}, "properties": {"name": "ค.บางเชือกหนัง ถ.พุทธฯสาย 2 ", "code": "WL.BCN.03", "district": "บางแค", "river": "คลองบางเชือกหนัง", "station_id": 2, "wl_in": 0.32, "wl_out": null, "warning_in": 0.7, "critical_in": 1.0, "status": "normal", "observed_at": "28/06/2569 00:30", "left_bank": 1.62, "right_bank": 1.62, "daily_max": 0.33, "daily_max_yst": 0.32}}, {"type": "Feature", "geometry": {"type": "Point", "coordinates": [100.44174, 13.71868], "crs": null}, "properties": {"name": "ค.บางจาก-ค.บางหว้า ", "code": "WL.BJK.03", "district": "ภาษีเจริญ", "river": "คลองบางจาก", "station_id": 3, "wl_in": 0.26, "wl_out": null, "warning_in": 0.6, "critical_in": 0.7, "status": "normal", "observed_at": "28/06/2569 00:30", "left_bank": 1.32, "right_bank": 1.07, "daily_max": 0.26, "daily_max_yst": 0.28}}, {"type": "Feature", "geometry": {"type": "Point", "coordinates": [100.39596, 13.71484], "crs": null}, "properties": {"name": "ค.บางจาก ถ.พุทธฯสาย 2 ", "code": "WL.BJK.04", "district": "บางแค", "river": "คลองบางจาก", "station_id": 4, "wl_in": 0.23, "wl_out": null, "warning_in": 0.6, "critical_in": 0.7, "status": "normal", "observed_at": "28/06/2569 00:30", "left_bank": 1.59, "right_bank": 1.75, "daily_max": 0.23, "daily_max_yst": 0.31}}, {"type": "Feature", "geometry": {"type": "Point", "coordinates": [100.52207, 13.83374], "crs": null}, "properties": {"name": "ค.บางเขน ถ.กรุงเทพ-นนท์", "code": "WL.BKA.02", "district": "บางซื่อ", "river": "คลองบางเขน", "station_id": 5, "wl_in": -0.62, "wl_out": null, "warning_in": 0.7, "critical_in": 0.9, "status": "normal", "observed_at": "28/06/2569 00:30", "left_bank": 0.9, "right_bank": 0.8, "daily_max": -0.61, "daily_max_yst": -0.46}}, {"type": "Feature", "geometry": {"type": "Point", "coordinates": [100.54268, 13.84933], "crs": null}, "properties": {"name": "ค.บางเขน ถ.ประชาชื่น", "code": "WL.BKA.03", "district": "บางซื่อ", "river": "คลองบางเขน", "station_id": 6, "wl_in": -0.26, "wl_out": null, "warning_in": 0.5, "critical_in": 0.7, "status": "normal", "observed_at": "28/06/2569 00:30", "left_bank": 0.9, "right_bank": 1.4, "daily_max": -0.25, "daily_max_yst": -0.11}}, {"type": "Feature", "geometry": {"type": "Point", "coordinates": [100.56673, 13.85572], "crs": null}, "properties": {"name": "ค.บางเขน ถ.วิภาวดีฯ", "code": "WL.BKA.04", "district": "หลักสี่", "river": "คลองบางเขน", "station_id": 7, "wl_in": -0.07, "wl_out": null, "warning_in": 0.6, "critical_in": 0.7, "status": "normal", "observed_at": "28/06/2569 00:30", "left_bank": 1.5, "right_bank": 1.45, "daily_max": -0.07, "daily_max_yst": 0.03}}, {"type": "Feature", "geometry": {"type": "Point", "coordinates": [100.45337, 13.75973], "crs": null}, "properties": {"name": "ค.บางพรม-ค.ชักพระ", "code": "WL.BPM.01", "district": "ตลิ่งชัน", "river": "คลองบางพรม", "station_id": 8, "wl_in": 0.4, "wl_out": null, "warning_in": 0.6, "critical_in": 0.7, "status": "normal", "observed_at": "28/06/2569 00:30", "left_bank": 1.87, "right_bank": 2.0, "daily_max": 0.4, "daily_max_yst": 0.39}}, {"type": "Feature", "geometry": {"type": "Point", "coordinates": [100.43334, 13.75707], "crs": null}, "properties": {"name": "ค.บางพรม ถ.ฉิมพลี", "code": "WL.BPM.02", "district": "ตลิ่งชัน", "river": "คลองบางพรม", "station_id": 9, "wl_in": 0.31, "wl_out": null, "warning_in": 0.6, "critical_in": 0.7, "status": "normal", "observed_at": "28/06/2569 00:30", "left_bank": 1.91, "right_bank": 2.0, "daily_max": 0.31, "daily_max_yst": 0.3}}, {"type": "Feature", "geometry": {"type": "Point", "coordinates": [100.39624, 13.76264], "crs": null}, "properties": {"name": "ค.บางพรม ถ.กาญจนาฯ", "code": "WL.BPM.03", "district": "ทวีวัฒนา", "river": "คลองบางพรม", "station_id": 10, "wl_in": 0.46, "wl_out": null, "warning_in": 0.6, "critical_in": 0.7, "status": "normal", "observed_at": "28/06/2569 00:30", "left_bank": 1.91, "right_bank": 2.0, "daily_max": 0.46, "daily_max_yst": 0.45}}, {"type": "Feature", "geometry": {"type": "Point", "coordinates": [100.36401, 13.76866], "crs": null}, "properties": {"name": "ค.บางพรม ถ.พุทธฯสาย 3", "code": "WL.BPM.04", "district": "ทวีวัฒนา", "river": "คลองบางพรม", "station_id": 11, "wl_in": 0.48, "wl_out": null, "warning_in": 0.6, "critical_in": 1.0, "status": "normal", "observed_at": "28/06/2569 00:30", "left_bank": 1.91, "right_bank": 2.0, "daily_max": 0.48, "daily_max_yst": 0.47}}, {"type": "Feature", "geometry": {"type": "Point", "coordinates": [100.53226, 13.79815], "crs": null}, "properties": {"name": "ค.เปรมฯ ถ.พระราม 5", "code": "WL.BSU.02", "district": "บางซื่อ", "river": "คลองบางซื่อ", "station_id": 12, "wl_in": -0.71, "wl_out": null, "warning_in": 1.0, "critical_in": 1.2, "status": "normal", "observed_at": "28/06/2569 00:30", "left_bank": 0.9, "right_bank": 1.0, "daily_max": -0.71, "daily_max_yst": -0.67}}, {"type": "Feature", "geometry": {"type": "Point", "coordinates": [100.55035, 13.79619], "crs": null}, "properties": {"name": "ค.บางซื่อ ถ.พหลฯ", "code": "WL.BSU.04", "district": "จตุจักร", "river": "คลองบางซื่อ", "station_id": 13, "wl_in": -0.53, "wl_out": null, "warning_in": 0.4, "critical_in": 0.5, "status": "normal", "observed_at": "28/06/2569 00:30", "left_bank": 0.6, "right_bank": 0.55, "daily_max": -0.53, "daily_max_yst": -0.5}}, {"type": "Feature", "geometry": {"type": "Point", "coordinates": [100.56157, 13.79486], "crs": null}, "properties": {"name": "ค.บางซื่อ ถ.วิภาวดีฯ", "code": "WL.BSU.05", "district": "จตุจักร", "river": "คลองบางซื่อ", "station_id": 14, "wl_in": -0.51, "wl_out": null, "warning_in": 0.3, "critical_in": 0.5, "status": "normal", "observed_at": "28/06/2569 00:30", "left_bank": 1.1, "right_bank": 1.25, "daily_max": -0.51, "daily_max_yst": -0.47}}, {"type": "Feature", "geometry": {"type": "Point", "coordinates": [100.57422, 13.79624], "crs": null}, "properties": {"name": "ค.บางซื่อ ถ.รัชดาฯ", "code": "WL.BSU.06", "district": "ห้วยขวาง", "river": "คลองบางซื่อ", "station_id": 15, "wl_in": -0.49, "wl_out": null, "warning_in": 0.1, "critical_in": 0.2, "status": "normal", "observed_at": "28/06/2569 00:30", "left_bank": 1.0, "right_bank": 1.55, "daily_max": -0.49, "daily_max_yst": -0.47}}, {"type": "Feature", "geometry": {"type": "Point", "coordinates": [100.45901, 13.73823], "crs": null}, "properties": {"name": "ค.บางแวก-ค.บางกอกใหญ่", "code": "WL.BWK.01", "district": "ภาษีเจริญ", "river": "คลองบางแวก", "station_id": 16, "wl_in": 0.22, "wl_out": null, "warning_in": 0.8, "critical_in": 0.9, "status": "normal", "observed_at": "28/06/2569 00:30", "left_bank": 1.9, "right_bank": 2.0, "daily_max": 0.22, "daily_max_yst": 0.28}}, {"type": "Feature", "geometry": {"type": "Point", "coordinates": [100.43283, 13.73345], "crs": null}, "properties": {"name": "ค.บางแวก ถ.พุทธฯฑลสาย 1", "code": "WL.BWK.02", "district": "ภาษีเจริญ", "river": "คลองบางแวก", "station_id": 17, "wl_in": 0.37, "wl_out": null, "warning_in": 0.6, "critical_in": 0.7, "status": "normal", "observed_at": "28/06/2569 00:30", "left_bank": 1.91, "right_bank": 2.0, "daily_max": 0.37, "daily_max_yst": 0.4}}, {"type": "Feature", "geometry": {"type": "Point", "coordinates": [100.36426, 13.72619], "crs": null}, "properties": {"name": "ค.บางแวก-ค.ทวีวัฒนา", "code": "WL.BWK.03", "district": "หนองแขม", "river": "คลองบางแวก", "station_id": 18, "wl_in": 0.54, "wl_out": null, "warning_in": 0.7, "critical_in": 0.8, "status": "normal", "observed_at": "28/06/2569 00:30", "left_bank": 1.91, "right_bank": 2.0, "daily_max": 0.54, "daily_max_yst": 0.54}}, {"type": "Feature", "geometry": {"type": "Point", "coordinates": [100.63455, 13.92294], "crs": null}, "properties": {"name": "ปตร.คลองสองสายใต้", "code": "WL.SST.01", "district": "สายไหม", "river": "คลองสองสายใต้", "station_id": 19, "wl_in": 0.38, "wl_out": 1.18, "warning_in": 0.8, "critical_in": 1.0, "status": "normal", "observed_at": "28/06/2569 00:30", "left_bank": 1.98, "right_bank": 1.98, "daily_max": 0.38, "daily_max_yst": 0.4}}, {"type": "Feature", "geometry": {"type": "Point", "coordinates": [100.68731, 13.92128], "crs": null}, "properties": {"name": "ปตร.คลองพระยาสุเรนทร์", "code": "WL.PSR.01", "district": "สายไหม", "river": "คลองพระยาสุเรนทร์", "station_id": 20, "wl_in": 0.82, "wl_out": 1.25, "warning_in": 1.1, "critical_in": 1.2, "status": "normal", "observed_at": "28/06/2569 00:30", "left_bank": 1.4, "right_bank": 2.3, "daily_max": 0.82, "daily_max_yst": 0.89}}, {"type": "Feature", "geometry": {"type": "Point", "coordinates": [100.72931, 13.85956], "crs": null}, "properties": {"name": "ปตร.คลองสามวา ", "code": "WL.SWA.01", "district": "คลองสามวา", "river": "คลองสามวา", "station_id": 21, "wl_in": 0.23, "wl_out": 0.72, "warning_in": 0.5, "critical_in": 0.6, "status": "normal", "observed_at": "28/06/2569 00:30", "left_bank": 1.3, "right_bank": 1.7, "daily_max": 0.24, "daily_max_yst": 0.31}}, {"type": "Feature", "geometry": {"type": "Point", "coordinates": [100.58656, 13.85806], "crs": null}, "properties": {"name": "ค.บางบัว", "code": "WL.BBU.01", "district": "บางเขน", "river": "คลองบางบัว", "station_id": 22, "wl_in": 0.14, "wl_out": null, "warning_in": 0.8, "critical_in": 1.0, "status": "normal", "observed_at": "28/06/2569 00:30", "left_bank": 1.0, "right_bank": 0.8, "daily_max": 0.15, "daily_max_yst": 0.23}}, {"type": "Feature", "geometry": {"type": "Point", "coordinates": [100.58673, 13.89975], "crs": null}, "properties": {"name": "ส.คลองตาอูฐ", "code": "WL.TUT.01", "district": "หลักสี่", "river": "คลองตาอูฐ", "station_id": 23, "wl_in": null, "wl_out": 0.04, "warning_in": 0.1, "critical_in": 0.2, "status": "offline", "observed_at": "22/10/2568 14:35", "left_bank": 0.95, "right_bank": 1.5, "daily_max": null, "daily_max_yst": null}}, {"type": "Feature", "geometry": {"type": "Point", "coordinates": [100.66134, 13.8363], "crs": null}, "properties": {"name": "ค.ลำชะล่า ถ.นวมินทร์", "code": "WL.LCL.01", "district": "คันนายาว", "river": "คลองลำชะล่า", "station_id": 24, "wl_in": 0.5, "wl_out": null, "warning_in": 0.8, "critical_in": 1.0, "status": "normal", "observed_at": "28/06/2569 00:30", "left_bank": 1.85, "right_bank": 1.97, "daily_max": 0.51, "daily_max_yst": 0.52}}, {"type": "Feature", "geometry": {"type": "Point", "coordinates": [100.74738, 13.82094], "crs": null}, "properties": {"name": "ปตร.คลองแสนแสบ-ถ.ประชาร่วมใจ", "code": "WL.SSB.10", "district": "มีนบุรี", "river": "คลองแสนแสบ", "station_id": 25, "wl_in": 0.03, "wl_out": 0.43, "warning_in": 0.5, "critical_in": 0.6, "status": "normal", "observed_at": "28/06/2569 00:30", "left_bank": 1.0, "right_bank": 0.95, "daily_max": 0.03, "daily_max_yst": 0.12}}, {"type": "Feature", "geometry": {"type": "Point", "coordinates": [100.51066, 13.81722], "crs": null}, "properties": {"name": "ส.คลองบางเขนใหม่", "code": "WL.BKA.01", "district": "บางซื่อ", "river": "คลองบางเขนใหม่", "station_id": 26, "wl_in": -1.68, "wl_out": 0.85, "warning_in": 0.4, "critical_in": 0.5, "status": "normal", "observed_at": "28/06/2569 00:30", "left_bank": 3.5, "right_bank": 3.5, "daily_max": -1.63, "daily_max_yst": -0.97}}, {"type": "Feature", "geometry": {"type": "Point", "coordinates": [100.74475, 13.79955], "crs": null}, "properties": {"name": "ปตร.คลองบึงขวาง", "code": "WL.BKG.01", "district": "มีนบุรี", "river": "คลองบึงขวาง", "station_id": 27, "wl_in": 0.06, "wl_out": -2.0, "warning_in": 0.5, "critical_in": 0.6, "status": "normal", "observed_at": "28/06/2569 00:30", "left_bank": 1.98, "right_bank": 1.98, "daily_max": 0.07, "daily_max_yst": 0.14}}, {"type": "Feature", "geometry": {"type": "Point", "coordinates": [100.5184, 13.80009], "crs": null}, "properties": {"name": "ส.คลองบางซื่อ", "code": "WL.BSU.01", "district": "ดุสิต", "river": "คลองบางซื่อ", "station_id": 28, "wl_in": -0.78, "wl_out": 0.87, "warning_in": 0.3, "critical_in": 0.4, "status": "normal", "observed_at": "28/06/2569 00:30", "left_bank": 0.9, "right_bank": 3.5, "daily_max": -0.77, "daily_max_yst": -0.7}}, {"type": "Feature", "geometry": {"type": "Point", "coordinates": [100.70458, 13.7972], "crs": null}, "properties": {"name": "ปตร.คลองแสนแสบ-บางชัน", "code": "WL.SSB.09", "district": "คันนายาว", "river": "คลองแสนแสบ", "station_id": 29, "wl_in": -0.35, "wl_out": 0.07, "warning_in": 0.4, "critical_in": 0.5, "status": "normal", "observed_at": "28/06/2569 00:30", "left_bank": 0.8, "right_bank": 0.9, "daily_max": -0.34, "daily_max_yst": -0.27}}, {"type": "Feature", "geometry": {"type": "Point", "coordinates": [100.58957, 13.79446], "crs": null}, "properties": {"name": "ปตร.คลองลาดพร้าว", "code": "WL.LPW.01", "district": "วังทองหลาง", "river": "คลองลาดพร้าว", "station_id": 30, "wl_in": -0.43, "wl_out": -0.39, "warning_in": 0.2, "critical_in": 0.4, "status": "normal", "observed_at": "28/06/2569 00:30", "left_bank": 0.8, "right_bank": 0.9, "daily_max": -0.43, "daily_max_yst": -0.39}}, {"type": "Feature", "geometry": {"type": "Point", "coordinates": [100.50837, 13.78484], "crs": null}, "properties": {"name": "ส.สามเสน", "code": "WL.SSN.01", "district": "ดุสิต", "river": "คลองสามเสน", "station_id": 31, "wl_in": -1.02, "wl_out": 0.79, "warning_in": 0.2, "critical_in": 0.3, "status": "normal", "observed_at": "28/06/2569 00:30", "left_bank": 0.9, "right_bank": 3.5, "daily_max": -1.02, "daily_max_yst": -1.01}}, {"type": "Feature", "geometry": {"type": "Point", "coordinates": [100.61521, 13.76172], "crs": null}, "properties": {"name": "ส.คลองเจ้าคุณสิงห์", "code": "WL.CKS.01", "district": "วังทองหลาง", "river": "คลองเจ้าคุณสิงห์", "station_id": 32, "wl_in": -1.37, "wl_out": null, "warning_in": -0.3, "critical_in": -0.2, "status": "normal", "observed_at": "28/06/2569 00:30", "left_bank": 1.85, "right_bank": 1.97, "daily_max": -1.37, "daily_max_yst": -0.93}}, {"type": "Feature", "geometry": {"type": "Point", "coordinates": [100.50113, 13.7717], "crs": null}, "properties": {"name": "ส.เทเวศร์", "code": "WL.KKS.01", "district": "พระนคร", "river": "คลองผดุงกรุงเกษม", "station_id": 33, "wl_in": -0.86, "wl_out": 0.76, "warning_in": 0.6, "critical_in": 0.7, "status": "normal", "observed_at": "28/06/2569 00:30", "left_bank": 1.3, "right_bank": 3.25, "daily_max": -0.85, "daily_max_yst": -0.58}}, {"type": "Feature", "geometry": {"type": "Point", "coordinates": [100.53462, 13.769], "crs": null}, "properties": {"name": "ค.สามเสน-รพ.พระมงกุฎฯ", "code": "WL.SSN.05", "district": "ราชเทวี", "river": "คลองสามเสน"}}, {"type": "Feature", "geometry": {"type": "Point", "coordinates": [100.64791, 13.76509], "crs": null}, "properties": {"name": "ค.แสนแสบ-สนข.บางกะปิ", "code": "WL.SSB.07", "district": "บางกะปิ", "river": "คลองแสนแสบ", "station_id": 35, "wl_in": -0.46, "wl_out": null, "warning_in": 0.35, "critical_in": 0.45, "status": "normal", "observed_at": "28/06/2569 00:30", "left_bank": 0.75, "right_bank": 0.75, "daily_max": -0.46, "daily_max_yst": -0.21}}, {"type": "Feature", "geometry": {"type": "Point", "coordinates": [100.59904, 13.74851], "crs": null}, "properties": {"name": "ส.สามเสน-ค.แสนแสบ", "code": "WL.SSN.08", "district": "ห้วยขวาง", "river": "คลองสามเสน", "station_id": 36, "wl_in": -0.63, "wl_out": -0.61, "warning_in": -0.1, "critical_in": 0.0, "status": "normal", "observed_at": "28/06/2569 00:30", "left_bank": 0.6, "right_bank": 0.8, "daily_max": -0.63, "daily_max_yst": -0.55}}, {"type": "Feature", "geometry": {"type": "Point", "coordinates": [100.59642, 13.74126], "crs": null}, "properties": {"name": "ส.แสนแสบ-คลองตัน", "code": "WL.SSB.04", "district": "วัฒนา", "river": "คลองแสนแสบ", "station_id": 37, "wl_in": -0.63, "wl_out": -0.64, "warning_in": 0.0, "critical_in": 0.2, "status": "normal", "observed_at": "28/06/2569 00:30", "left_bank": 0.5, "right_bank": 0.7, "daily_max": -0.63, "daily_max_yst": -0.53}}, {"type": "Feature", "geometry": {"type": "Point", "coordinates": [100.5141, 13.73035], "crs": null}, "properties": {"name": "ส.กรุงเกษม", "code": "WL.KKS.04", "district": "บางรัก", "river": "คลองผดุงกรุงเกษม", "station_id": 38, "wl_in": -0.88, "wl_out": 0.73, "warning_in": 0.6, "critical_in": 0.7, "status": "normal", "observed_at": "28/06/2569 00:30", "left_bank": 2.6, "right_bank": 2.8, "daily_max": -0.87, "daily_max_yst": -0.55}}, {"type": "Feature", "geometry": {"type": "Point", "coordinates": [100.74987, 13.72411], "crs": null}, "properties": {"name": "ปตร.คลองประเวศฯ-ลาดกระบัง", "code": "WL.PWT.04", "district": "ลาดกระบัง", "river": "คลองประเวศบุรีรมย์", "station_id": 39, "wl_in": -0.24, "wl_out": 0.01, "warning_in": 0.4, "critical_in": 0.6, "status": "normal", "observed_at": "28/06/2569 00:30", "left_bank": 1.98, "right_bank": 1.98, "daily_max": -0.24, "daily_max_yst": -0.08}}, {"type": "Feature", "geometry": {"type": "Point", "coordinates": [100.68956, 13.72396], "crs": null}, "properties": {"name": "ปตร.คลองประเวศฯ-วัดกระทุ่มฯ", "code": "WL.PWT.03", "district": "ประเวศ", "river": "คลองประเวศบุรีรมย์", "station_id": 40, "wl_in": -0.42, "wl_out": -0.26, "warning_in": 0.2, "critical_in": 0.2, "status": "normal", "observed_at": "28/06/2569 00:30", "left_bank": 1.05, "right_bank": 1.05, "daily_max": -0.41, "daily_max_yst": -0.27}}, {"type": "Feature", "geometry": {"type": "Point", "coordinates": [100.51499, 13.71861], "crs": null}, "properties": {"name": "ส.สาทร", "code": "WL.STR.01", "district": "บางรัก", "river": "คลองสาทร", "station_id": 41, "wl_in": -1.18, "wl_out": 0.25, "warning_in": 0.0, "critical_in": 0.2, "status": "normal", "observed_at": "28/06/2569 00:30", "left_bank": 2.0, "right_bank": 2.8, "daily_max": -1.18, "daily_max_yst": -1.03}}, {"type": "Feature", "geometry": {"type": "Point", "coordinates": [100.64117, 13.71537], "crs": null}, "properties": {"name": "ค.ประเวศฯ-วัดขจรฯ", "code": "WL.PWT.02", "district": "สวนหลวง", "river": "คลองประเวศบุรีรมย์", "station_id": 42, "wl_in": -0.44, "wl_out": null, "warning_in": 0.1, "critical_in": 0.2, "status": "normal", "observed_at": "28/06/2569 00:30", "left_bank": 2.5, "right_bank": 2.6, "daily_max": -0.44, "daily_max_yst": -0.31}}, {"type": "Feature", "geometry": {"type": "Point", "coordinates": [100.59503, 13.70901], "crs": null}, "properties": {"name": "ส.พระโขนง", "code": "WL.PKN.01", "district": "คลองเตย", "river": "คลองพระโขนง", "station_id": 43, "wl_in": -0.79, "wl_out": 0.71, "warning_in": -0.2, "critical_in": -0.1, "status": "normal", "observed_at": "28/06/2569 00:30", "left_bank": 0.15, "right_bank": 2.8, "daily_max": -0.79, "daily_max_yst": -0.58}}, {"type": "Feature", "geometry": {"type": "Point", "coordinates": [100.58779, 13.70635], "crs": null}, "properties": {"name": "ส.คลองเตย", "code": "WL.KTY.01", "district": "คลองเตย", "river": "คลองเตย", "station_id": 44, "wl_in": -1.86, "wl_out": 0.67, "warning_in": -0.4, "critical_in": -0.2, "status": "normal", "observed_at": "28/06/2569 00:30", "left_bank": 2.8, "right_bank": 2.8, "daily_max": -1.86, "daily_max_yst": -1.64}}, {"type": "Feature", "geometry": {"type": "Point", "coordinates": [100.5898, 13.6922], "crs": null}, "properties": {"name": "ส.คลองเจ็ก", "code": "WL.KJK.01", "district": "พระโขนง", "river": "คลองเจ็ก", "station_id": 45, "wl_in": -1.01, "wl_out": 0.71, "warning_in": -0.2, "critical_in": 0.0, "status": "normal", "observed_at": "28/06/2569 00:30", "left_bank": 0.75, "right_bank": 2.8, "daily_max": -1.01, "daily_max_yst": -0.77}}, {"type": "Feature", "geometry": {"type": "Point", "coordinates": [100.51676, 13.68687], "crs": null}, "properties": {"name": "ส.คลองวัดไทร", "code": "WL.WSI.01", "district": "บางคอแหลม", "river": "คลองวัดไทร", "station_id": 46, "wl_in": -0.73, "wl_out": 0.69, "warning_in": 0.5, "critical_in": 0.6, "status": "normal", "observed_at": "28/06/2569 00:30", "left_bank": 2.6, "right_bank": 2.8, "daily_max": -0.73, "daily_max_yst": -0.59}}, {"type": "Feature", "geometry": {"type": "Point", "coordinates": [100.59226, 13.68206], "crs": null}, "properties": {"name": "ส.บางอ้อ", "code": "WL.BOA.01", "district": "พระโขนง", "river": "คลองบางอ้อ", "station_id": 47, "wl_in": -1.12, "wl_out": 0.77, "warning_in": -0.2, "critical_in": 0.0, "status": "normal", "observed_at": "28/06/2569 00:30", "left_bank": 2.28, "right_bank": 2.8, "daily_max": -1.12, "daily_max_yst": -0.7}}, {"type": "Feature", "geometry": {"type": "Point", "coordinates": [100.58775, 13.67482], "crs": null}, "properties": {"name": "ส.บางนา", "code": "WL.BNA.01", "district": "บางนา", "river": "คลองบางนา", "station_id": 48, "wl_in": -1.35, "wl_out": 0.63, "warning_in": -0.2, "critical_in": 0.0, "status": "normal", "observed_at": "28/06/2569 00:30", "left_bank": 0.3, "right_bank": 2.8, "daily_max": -1.33, "daily_max_yst": -0.83}}, {"type": "Feature", "geometry": {"type": "Point", "coordinates": [100.63926, 13.66102], "crs": null}, "properties": {"name": "ค.บางนา ถ.ศรีนครินทร์", "code": "WL.BNA.03", "district": "บางนา", "river": "คลองบางนา", "station_id": 49, "wl_in": -0.55, "wl_out": null, "warning_in": 0.4, "critical_in": 0.6, "status": "normal", "observed_at": "28/06/2569 00:30", "left_bank": 0.7, "right_bank": 0.7, "daily_max": -0.55, "daily_max_yst": -0.41}}, {"type": "Feature", "geometry": {"type": "Point", "coordinates": [100.59523, 13.64855], "crs": null}, "properties": {"name": "ส.คลองสำโรง", "code": "WL.SRG.01", "district": "อำเภอเมืองสมุทรปราการ", "river": "คลองสำโรง", "station_id": 50, "wl_in": -1.05, "wl_out": 0.56, "warning_in": 0.7, "critical_in": 0.8, "status": "normal", "observed_at": "28/06/2569 00:30", "left_bank": 1.98, "right_bank": 1.98, "daily_max": -1.05, "daily_max_yst": -0.88}}, {"type": "Feature", "geometry": {"type": "Point", "coordinates": [100.8721, 13.85537], "crs": null}, "properties": {"name": "ส.คลองแสนแสบ หนองจอก", "code": "WL.SSB.12", "district": "หนองจอก", "river": "คลองแสนแสบ", "station_id": 51, "wl_in": 0.53, "wl_out": 0.6, "warning_in": 1.0, "critical_in": 1.1, "status": "normal", "observed_at": "28/06/2569 00:30", "left_bank": 1.75, "right_bank": 1.75, "daily_max": 0.53, "daily_max_yst": 0.56}}, {"type": "Feature", "geometry": {"type": "Point", "coordinates": [100.54853, 13.6952], "crs": null}, "properties": {"name": "ส.คลองช่องนนทรี", "code": "WL.CNS.01", "district": "ยานนาวา", "river": "คลองช่องนนทรี", "station_id": 52, "wl_in": -2.19, "wl_out": 0.68, "warning_in": 0.2, "critical_in": 0.3, "status": "normal", "observed_at": "28/06/2569 00:30", "left_bank": 2.8, "right_bank": 2.8, "daily_max": -2.19, "daily_max_yst": -1.14}}, {"type": "Feature", "geometry": {"type": "Point", "coordinates": [100.59082, 13.68913], "crs": null}, "properties": {"name": "ส.บางจาก", "code": "WL.BJK.01", "district": "พระโขนง", "river": "คลองบางจาก", "station_id": 53, "wl_in": -1.25, "wl_out": 0.69, "warning_in": -0.2, "critical_in": 0.0, "status": "normal", "observed_at": "28/06/2569 00:30", "left_bank": 2.6, "right_bank": 2.8, "daily_max": -1.24, "daily_max_yst": -0.79}}, {"type": "Feature", "geometry": {"type": "Point", "coordinates": [100.54016, 13.67068], "crs": null}, "properties": {"name": "ปตร.คลองวัดด่าน", "code": "WL.KDN.01", "district": "ยานนาวา", "river": "คลองวัดด่าน", "station_id": 54, "wl_in": -0.52, "wl_out": 0.66, "warning_in": 0.5, "critical_in": 0.6, "status": "normal", "observed_at": "28/06/2569 00:30", "left_bank": 2.6, "right_bank": 2.8, "daily_max": -0.52, "daily_max_yst": -0.51}}, {"type": "Feature", "geometry": {"type": "Point", "coordinates": [100.5571, 13.83021], "crs": null}, "properties": {"name": "ส.รัชดา-วิภาวดี", "code": "WL.VPV.01", "district": "จตุจักร", "river": "คูน้ำวิภาวดี", "station_id": 55, "wl_in": -1.39, "wl_out": null, "warning_in": 0.2, "critical_in": 0.3, "status": "normal", "observed_at": "28/06/2569 00:30", "left_bank": 1.85, "right_bank": 1.97, "daily_max": -1.39, "daily_max_yst": -1.23}}, {"type": "Feature", "geometry": {"type": "Point", "coordinates": [100.53615, 13.74795], "crs": null}, "properties": {"name": "ส.คลองอรชร", "code": "WL.ORC.01", "district": "ปทุมวัน", "river": "คลองอรชร", "station_id": 56, "wl_in": -1.38, "wl_out": -0.8, "warning_in": 0.5, "critical_in": 0.6, "status": "normal", "observed_at": "28/06/2569 00:30", "left_bank": 0.55, "right_bank": 0.55, "daily_max": -1.38, "daily_max_yst": -1.38}}, {"type": "Feature", "geometry": {"type": "Point", "coordinates": [100.79237, 13.92055], "crs": null}, "properties": {"name": "ค.เก้า-วัดศรีสุขฯ", "code": "WL.KKO.01", "district": "หนองจอก", "river": "คลองเก้า", "station_id": 57, "wl_in": 1.0, "wl_out": null, "warning_in": 1.2, "critical_in": 1.7, "status": "normal", "observed_at": "28/06/2569 00:30", "left_bank": 1.85, "right_bank": 1.97, "daily_max": 1.0, "daily_max_yst": 1.0}}, {"type": "Feature", "geometry": {"type": "Point", "coordinates": [100.86248, 13.91359], "crs": null}, "properties": {"name": "ค.สิบสอง-ถ.ประชาสำราญ", "code": "WL.SSG.01", "district": "หนองจอก", "river": "คลองสิบสอง", "station_id": 58, "wl_in": 1.06, "wl_out": null, "warning_in": 1.2, "critical_in": 1.7, "status": "normal", "observed_at": "28/06/2569 00:30", "left_bank": 1.85, "right_bank": 1.97, "daily_max": 1.06, "daily_max_yst": 1.06}}, {"type": "Feature", "geometry": {"type": "Point", "coordinates": [100.86779, 13.85874], "crs": null}, "properties": {"name": "ปตร.คลองสิบสาม", "code": "WL.SSM.01", "district": "หนองจอก", "river": "คลองสิบสาม", "station_id": 59, "wl_in": 0.52, "wl_out": null, "warning_in": 1.0, "critical_in": 1.1, "status": "normal", "observed_at": "28/06/2569 00:30", "left_bank": 1.98, "right_bank": 1.98, "daily_max": 0.52, "daily_max_yst": 0.55}}, {"type": "Feature", "geometry": {"type": "Point", "coordinates": [100.80344, 13.85141], "crs": null}, "properties": {"name": "ค.แสนแสบ-วัดทรัพย์ฯ", "code": "WL.SSB.11", "district": "หนองจอก", "river": "คลองแสนแสบ", "station_id": 60, "wl_in": 0.51, "wl_out": null, "warning_in": 1.0, "critical_in": 1.1, "status": "normal", "observed_at": "28/06/2569 00:30", "left_bank": 1.2, "right_bank": 1.3, "daily_max": 0.51, "daily_max_yst": 0.55}}, {"type": "Feature", "geometry": {"type": "Point", "coordinates": [100.93742, 13.81303], "crs": null}, "properties": {"name": "ปตร.คลองหลวงแพ่ง", "code": "WL.LPG.02", "district": "หนองจอก", "river": "คลองหลวงแพ่ง", "station_id": 61, "wl_in": 0.29, "wl_out": 0.52, "warning_in": 1.0, "critical_in": 1.1, "status": "normal", "observed_at": "28/06/2569 00:30", "left_bank": 1.98, "right_bank": 1.98, "daily_max": 0.29, "daily_max_yst": 0.29}}, {"type": "Feature", "geometry": {"type": "Point", "coordinates": [100.78818, 13.80069], "crs": null}, "properties": {"name": "ค.บึงใหญ่-วัดทองสัมฤทธิ์", "code": "WL.BYI.01", "district": "มีนบุรี", "river": "คลองบึงใหญ่", "station_id": 62, "wl_in": 0.34, "wl_out": null, "warning_in": 0.7, "critical_in": 0.9, "status": "normal", "observed_at": "28/06/2569 00:30", "left_bank": 1.85, "right_bank": 1.97, "daily_max": 0.34, "daily_max_yst": 0.39}}, {"type": "Feature", "geometry": {"type": "Point", "coordinates": [100.83524, 13.79205], "crs": null}, "properties": {"name": "ค.ลำผักชี รร.ลำผักชี", "code": "WL.LPC.01", "district": "หนองจอก", "river": "คลองลำผักชี", "station_id": 63, "wl_in": 0.4, "wl_out": null, "warning_in": 0.6, "critical_in": 0.7, "status": "normal", "observed_at": "28/06/2569 00:30", "left_bank": 1.85, "right_bank": 1.97, "daily_max": 0.4, "daily_max_yst": 0.43}}, {"type": "Feature", "geometry": {"type": "Point", "coordinates": [100.78399, 13.72396], "crs": null}, "properties": {"name": "ค.ประเวศฯ-รพ.ลาดกระบัง", "code": "WL.PWT.05", "district": "ลาดกระบัง", "river": "คลองประเวศบุรีรมย์", "station_id": 64, "wl_in": 0.08, "wl_out": null, "warning_in": 0.4, "critical_in": 0.6, "status": "normal", "observed_at": "28/06/2569 00:30", "left_bank": 1.85, "right_bank": 1.97, "daily_max": 0.08, "daily_max_yst": 0.09}}, {"type": "Feature", "geometry": {"type": "Point", "coordinates": [100.85095, 13.70102], "crs": null}, "properties": {"name": "ค.ประเวศฯ-ถ.ร่วมพัฒนา", "code": "WL.PWT.06", "district": "ลาดกระบัง", "river": "คลองประเวศบุรีรมย์", "station_id": 65, "wl_in": 0.17, "wl_out": null, "warning_in": 0.4, "critical_in": 0.6, "status": "normal", "observed_at": "28/06/2569 00:30", "left_bank": 1.85, "right_bank": 1.97, "daily_max": 0.18, "daily_max_yst": 0.18}}, {"type": "Feature", "geometry": {"type": "Point", "coordinates": [100.6535, 13.69479], "crs": null}, "properties": {"name": "ส.บึงหนองบอน", "code": "WL.NBN.01", "district": "ประเวศ", "river": "คลองหนองบอน", "station_id": 66, "wl_in": -4.02, "wl_out": -0.47, "warning_in": -0.1, "critical_in": 0.0, "status": "normal", "observed_at": "28/06/2569 00:30", "left_bank": 1.98, "right_bank": 1.98, "daily_max": -4.02, "daily_max_yst": -3.99}}, {"type": "Feature", "geometry": {"type": "Point", "coordinates": [100.53595, 13.80463], "crs": null}, "properties": {"name": "ค.เปรมฯ-อุโมงค์", "code": "WL.KPM.01", "district": "บางซื่อ", "river": "คลองเปรมประชากร", "station_id": 67, "wl_in": -0.57, "wl_out": null, "warning_in": 1.0, "critical_in": 1.2, "status": "normal", "observed_at": "28/06/2569 00:30", "left_bank": 1.15, "right_bank": 1.97, "daily_max": -0.56, "daily_max_yst": -0.31}}, {"type": "Feature", "geometry": {"type": "Point", "coordinates": [100.56091, 13.85069], "crs": null}, "properties": {"name": "ค.เปรมฯ-วัดเทวฯ", "code": "WL.KPM.03", "district": "จตุจักร", "river": "คลองเปรมประชากร", "station_id": 68, "wl_in": -0.25, "wl_out": null, "warning_in": 1.0, "critical_in": 1.2, "status": "normal", "observed_at": "28/06/2569 00:30", "left_bank": 1.91, "right_bank": 2.0, "daily_max": -0.23, "daily_max_yst": -0.12}}, {"type": "Feature", "geometry": {"type": "Point", "coordinates": [100.60579, 13.94336], "crs": null}, "properties": {"name": "ค.เปรมประชากร-ค.บ้านใหม่", "code": "WL.KPM.06", "district": "ดอนเมือง", "river": "คลองเปรมประชากร", "station_id": 69, "wl_in": 0.31, "wl_out": null, "warning_in": 1.0, "critical_in": 1.2, "status": "normal", "observed_at": "28/06/2569 00:30", "left_bank": 1.5, "right_bank": 1.5, "daily_max": 0.33, "daily_max_yst": 0.41}}, {"type": "Feature", "geometry": {"type": "Point", "coordinates": [100.59646, 13.75954], "crs": null}, "properties": {"name": "ค.ลาดพร้าว ถ.ประดิษฐ์มนูธรรม", "code": "WL.LPW.05", "district": "ห้วยขวาง", "river": "คลองลาดพร้าว", "station_id": 70, "wl_in": -0.55, "wl_out": null, "warning_in": -0.1, "critical_in": 0.1, "status": "normal", "observed_at": "28/06/2569 00:30", "left_bank": 1.0, "right_bank": 1.05, "daily_max": -0.55, "daily_max_yst": -0.47}}, {"type": "Feature", "geometry": {"type": "Point", "coordinates": [100.58822, 13.80293], "crs": null}, "properties": {"name": "ค.ลาดพร้าว-วัดลาดพร้าว", "code": "WL.LPW.02", "district": "จตุจักร", "river": "คลองลาดพร้าว", "station_id": 71, "wl_in": -0.29, "wl_out": null, "warning_in": 0.4, "critical_in": 0.55, "status": "normal", "observed_at": "28/06/2569 00:30", "left_bank": 0.7, "right_bank": 1.0, "daily_max": -0.28, "daily_max_yst": -0.23}}, {"type": "Feature", "geometry": {"type": "Point", "coordinates": [100.58974, 13.83224], "crs": null}, "properties": {"name": "ค.ลาดพร้าว-เสนานิคม", "code": "WL.LPW.03", "district": "ลาดพร้าว", "river": "คลองลาดพร้าว", "station_id": 72, "wl_in": 0.0, "wl_out": null, "warning_in": 0.6, "critical_in": 0.75, "status": "normal", "observed_at": "28/06/2569 00:30", "left_bank": 1.0, "right_bank": 1.1, "daily_max": 0.01, "daily_max_yst": 0.07}}, {"type": "Feature", "geometry": {"type": "Point", "coordinates": [100.45451, 13.79841], "crs": null}, "properties": {"name": "ค.มหาสวัสดิ์-สวนแดน 2", "code": "WL.MSW.01", "district": "ตลิ่งชัน", "river": "คลองมหาสวัสดิ์", "station_id": 73, "wl_in": 0.78, "wl_out": null, "warning_in": 1.8, "critical_in": 2.1, "status": "normal", "observed_at": "28/06/2569 00:30", "left_bank": 1.9, "right_bank": 2.0, "daily_max": 0.82, "daily_max_yst": 1.03}}, {"type": "Feature", "geometry": {"type": "Point", "coordinates": [100.39432, 13.80187], "crs": null}, "properties": {"name": "ค.มหาสวัสดิ์-ถ.พุทธฯสาย 2", "code": "WL.MSW.03", "district": "ทวีวัฒนา", "river": "คลองมหาสวัสดิ์", "station_id": 74, "wl_in": 0.79, "wl_out": null, "warning_in": 1.8, "critical_in": 2.0, "status": "normal", "observed_at": "28/06/2569 00:30", "left_bank": 1.9, "right_bank": 2.0, "daily_max": 0.81, "daily_max_yst": 1.0}}, {"type": "Feature", "geometry": {"type": "Point", "coordinates": [100.57494, 13.80104], "crs": null}, "properties": {"name": "ค.น้ำแก้ว-รัชดาฯ", "code": "WL.NKW.01", "district": "จตุจักร", "river": "คลองน้ำแก้ว"}}, {"type": "Feature", "geometry": {"type": "Point", "coordinates": [100.49466, 13.74218], "crs": null}, "properties": {"name": "ส.ปากคลองตลาด", "code": "WL.PKG.01", "district": "พระนคร", "river": "แม่น้ำเจ้าพระยา", "station_id": 76, "wl_in": 0.72, "wl_out": null, "warning_in": 2.3, "critical_in": 2.5, "status": "normal", "observed_at": "28/06/2569 00:30", "left_bank": 2.8, "right_bank": 3.0, "daily_max": 0.76, "daily_max_yst": 1.07}}, {"type": "Feature", "geometry": {"type": "Point", "coordinates": [100.41782, 13.52834], "crs": null}, "properties": {"name": "ค.พิทยาฯ-รร.พิทยาลงกรณ์", "code": "WL.PLK.01", "district": "บางขุนเทียน", "river": "คลองพิทยาลงกรณ์", "station_id": 77, "wl_in": 0.6, "wl_out": null, "warning_in": 1.2, "critical_in": 1.4, "status": "normal", "observed_at": "28/06/2569 00:30", "left_bank": 1.9, "right_bank": 2.0, "daily_max": 0.64, "daily_max_yst": 1.12}}, {"type": "Feature", "geometry": {"type": "Point", "coordinates": [100.4299, 13.66885], "crs": null}, "properties": {"name": "ค.ราชมนตรี-พระราม 2", "code": "WL.RMT.02", "district": "บางขุนเทียน", "river": "คลองพระยาราชมนตรี", "station_id": 78, "wl_in": -0.47, "wl_out": null, "warning_in": 0.6, "critical_in": 0.7, "status": "normal", "observed_at": "28/06/2569 00:30", "left_bank": 1.3, "right_bank": 1.3, "daily_max": -0.47, "daily_max_yst": -0.27}}, {"type": "Feature", "geometry": {"type": "Point", "coordinates": [100.65425, 13.51295], "crs": null}, "properties": {"name": "บางปู", "code": "WL.BPU.01", "district": "อำเภอเมืองสมุทรปราการ", "river": "สถานตากอากาศบางปู", "station_id": 79, "wl_in": 0.5, "wl_out": null, "warning_in": 1.6, "critical_in": 1.8, "status": "normal", "observed_at": "28/06/2569 00:30", "left_bank": 3.5, "right_bank": null, "daily_max": 0.54, "daily_max_yst": 1.29}}, {"type": "Feature", "geometry": {"type": "Point", "coordinates": [100.52121, 13.77772], "crs": null}, "properties": {"name": "ค.สามเสน ถ.พระราม 5", "code": "WL.SSN.02", "district": "ดุสิต", "river": "คลองสามเสน", "station_id": 80, "wl_in": -1.0, "wl_out": null, "warning_in": 0.4, "critical_in": 0.5, "status": "normal", "observed_at": "28/06/2569 00:30", "left_bank": 1.4, "right_bank": 0.9, "daily_max": -1.0, "daily_max_yst": -1.0}}, {"type": "Feature", "geometry": {"type": "Point", "coordinates": [100.5396, 13.76551], "crs": null}, "properties": {"name": "ค.สามเสน-ถ.พหลฯ", "code": "WL.SSN.04", "district": "ราชเทวี", "river": "คลองสามเสน", "station_id": 81, "wl_in": -1.05, "wl_out": null, "warning_in": 0.2, "critical_in": 0.3, "status": "normal", "observed_at": "28/06/2569 00:30", "left_bank": 1.0, "right_bank": 0.85, "daily_max": -1.05, "daily_max_yst": -1.02}}, {"type": "Feature", "geometry": {"type": "Point", "coordinates": [100.5526, 13.75604], "crs": null}, "properties": {"name": "ค.สามเสน-ดินแดง", "code": "WL.SSN.06", "district": "ดินแดง", "river": "คลองสามเสน", "station_id": 82, "wl_in": -1.62, "wl_out": null, "warning_in": 0.0, "critical_in": 0.1, "status": "normal", "observed_at": "28/06/2569 00:30", "left_bank": 0.35, "right_bank": 0.4, "daily_max": -1.62, "daily_max_yst": -1.62}}, {"type": "Feature", "geometry": {"type": "Point", "coordinates": [100.59268, 13.75038], "crs": null}, "properties": {"name": "ค.สามเสน-ถ.เอกมัย", "code": "WL.SSN.09", "district": "ห้วยขวาง", "river": "คลองสามเสน", "station_id": 83, "wl_in": -0.65, "wl_out": null, "warning_in": -0.1, "critical_in": 0.0, "status": "normal", "observed_at": "28/06/2569 00:30", "left_bank": 0.7, "right_bank": 0.75, "daily_max": -0.65, "daily_max_yst": -0.56}}, {"type": "Feature", "geometry": {"type": "Point", "coordinates": [100.51722, 13.75287], "crs": null}, "properties": {"name": "ค.แสนแสบ-โบ๊เบ๊", "code": "WL.SSB.01", "district": "ป้อมปราบศัตรูพ่าย", "river": "คลองแสนแสบ", "station_id": 84, "wl_in": -0.89, "wl_out": null, "warning_in": 0.6, "critical_in": 0.7, "status": "normal", "observed_at": "28/06/2569 00:30", "left_bank": 1.0, "right_bank": 1.0, "daily_max": -0.88, "daily_max_yst": -0.58}}, {"type": "Feature", "geometry": {"type": "Point", "coordinates": [100.56304, 13.74783], "crs": null}, "properties": {"name": "ค.แสนแสบ-อโศก", "code": "WL.SSB.03", "district": "ราชเทวี", "river": "คลองแสนแสบ", "station_id": 85, "wl_in": -0.61, "wl_out": null, "warning_in": 0.0, "critical_in": 0.15, "status": "normal", "observed_at": "28/06/2569 00:30", "left_bank": 0.9, "right_bank": 0.7, "daily_max": -0.61, "daily_max_yst": -0.37}}, {"type": "Feature", "geometry": {"type": "Point", "coordinates": [100.60436, 13.73776], "crs": null}, "properties": {"name": "ค.ตัน-ทางด่วน", "code": "WL.KLT.01", "district": "สวนหลวง", "river": "คลองตัน", "station_id": 86, "wl_in": -0.74, "wl_out": null, "warning_in": -0.2, "critical_in": 0.0, "status": "normal", "observed_at": "28/06/2569 00:30", "left_bank": 0.7, "right_bank": 0.85, "daily_max": -0.73, "daily_max_yst": -0.63}}, {"type": "Feature", "geometry": {"type": "Point", "coordinates": [100.61532, 13.76127], "crs": null}, "properties": {"name": "ค.แสนแสบ-เจ้าคุณสิงห์", "code": "WL.SSB.06", "district": "บางกะปิ", "river": "คลองแสนแสบ", "station_id": 87, "wl_in": -0.67, "wl_out": null, "warning_in": 0.2, "critical_in": 0.35, "status": "normal", "observed_at": "28/06/2569 00:30", "left_bank": 0.65, "right_bank": 0.65, "daily_max": -0.66, "daily_max_yst": -0.5}}, {"type": "Feature", "geometry": {"type": "Point", "coordinates": [100.67387, 13.7805], "crs": null}, "properties": {"name": "ค.แสนแสบ-เสรีไทย 24", "code": "WL.SSB.08", "district": "บึงกุ่ม", "river": "คลองแสนแสบ", "station_id": 88, "wl_in": -0.41, "wl_out": null, "warning_in": 0.35, "critical_in": 0.45, "status": "normal", "observed_at": "28/06/2569 00:30", "left_bank": 0.75, "right_bank": 0.7, "daily_max": -0.41, "daily_max_yst": -0.32}}, {"type": "Feature", "geometry": {"type": "Point", "coordinates": [100.32977, 13.80042], "crs": null}, "properties": {"name": "ปตร.คลองทวีวัฒนา", "code": "WL.TWW.01", "district": "ทวีวัฒนา", "river": "คลองทวีวัฒนา", "station_id": 89, "wl_in": 0.65, "wl_out": 0.65, "warning_in": 0.9, "critical_in": 1.0, "status": "normal", "observed_at": "28/06/2569 00:30", "left_bank": 2.0, "right_bank": 2.25, "daily_max": 0.65, "daily_max_yst": 0.65}}, {"type": "Feature", "geometry": {"type": "Point", "coordinates": [100.41599, 13.79993], "crs": null}, "properties": {"name": "ปตร.คลองบัว ทางรถไฟ", "code": "WL.KBU.01", "district": "ตลิ่งชัน", "river": "คลองบัว", "station_id": 90, "wl_in": 0.46, "wl_out": 0.77, "warning_in": 0.7, "critical_in": 0.8, "status": "normal", "observed_at": "28/06/2569 00:30", "left_bank": 1.98, "right_bank": 1.98, "daily_max": 0.46, "daily_max_yst": 0.45}}, {"type": "Feature", "geometry": {"type": "Point", "coordinates": [100.46431, 13.7789], "crs": null}, "properties": {"name": "ส.คลองชักพระ", "code": "WL.CPA.01", "district": "ตลิ่งชัน", "river": "คลองชักพระ", "station_id": 91, "wl_in": 0.29, "wl_out": 0.82, "warning_in": 1.6, "critical_in": 1.8, "status": "normal", "observed_at": "28/06/2569 00:30", "left_bank": 1.3, "right_bank": 2.0, "daily_max": 0.29, "daily_max_yst": 0.29}}, {"type": "Feature", "geometry": {"type": "Point", "coordinates": [100.48489, 13.74703], "crs": null}, "properties": {"name": "ส.คลองมอญ", "code": "WL.KMN.01", "district": "บางกอกน้อย", "river": "คลองมอญ", "station_id": 92, "wl_in": 0.21, "wl_out": 0.73, "warning_in": 0.8, "critical_in": 0.9, "status": "normal", "observed_at": "28/06/2569 00:30", "left_bank": 1.0, "right_bank": 3.0, "daily_max": 0.21, "daily_max_yst": 0.33}}, {"type": "Feature", "geometry": {"type": "Point", "coordinates": [100.42747, 13.74219], "crs": null}, "properties": {"name": "ค.บางเชือกหนัง-ถ.พุทธมณฑลสาย 1", "code": "WL.BCN.02", "district": "ภาษีเจริญ", "river": "คลองบางเชือกหนัง", "station_id": 93, "wl_in": 0.3, "wl_out": null, "warning_in": 0.6, "critical_in": 0.7, "status": "normal", "observed_at": "28/06/2569 00:30", "left_bank": 1.85, "right_bank": 1.97, "daily_max": 0.3, "daily_max_yst": 0.3}}, {"type": "Feature", "geometry": {"type": "Point", "coordinates": [100.48992, 13.7402], "crs": null}, "properties": {"name": "ส.คลองบางกอกใหญ่", "code": "WL.BKY.01", "district": "ธนบุรี", "river": "คลองบางกอกใหญ่", "station_id": 94, "wl_in": 0.16, "wl_out": 0.78, "warning_in": 0.8, "critical_in": 0.9, "status": "normal", "observed_at": "28/06/2569 00:30", "left_bank": 3.0, "right_bank": 3.0, "daily_max": 0.16, "daily_max_yst": 0.31}}, {"type": "Feature", "geometry": {"type": "Point", "coordinates": [100.46868, 13.72221], "crs": null}, "properties": {"name": "ส.คลองภาษีเจริญ", "code": "WL.PSC.01", "district": "ภาษีเจริญ", "river": "คลองภาษีเจริญ", "station_id": 95, "wl_in": -0.33, "wl_out": -2.04, "warning_in": 0.7, "critical_in": 0.8, "status": "offline", "observed_at": "26/06/2569 14:00", "left_bank": 1.2, "right_bank": 1.25, "daily_max": 0.27, "daily_max_yst": 0.34}}, {"type": "Feature", "geometry": {"type": "Point", "coordinates": [100.42615, 13.70818], "crs": null}, "properties": {"name": "ค.ราชมนตรี-ภาษีเจริญ", "code": "WL.PSC.03", "district": "ภาษีเจริญ", "river": "คลองภาษีเจริญ", "station_id": 96, "wl_in": 0.13, "wl_out": null, "warning_in": 0.6, "critical_in": 0.7, "status": "normal", "observed_at": "28/06/2569 00:30", "left_bank": 1.3, "right_bank": 1.3, "daily_max": 0.13, "daily_max_yst": 0.2}}, {"type": "Feature", "geometry": {"type": "Point", "coordinates": [100.49647, 13.70671], "crs": null}, "properties": {"name": "ส.คลองสำเหร่", "code": "WL.SRE.01", "district": "ธนบุรี", "river": "คลองสำเหร่", "station_id": 97, "wl_in": -1.1, "wl_out": 0.76, "warning_in": 0.5, "critical_in": 0.6, "status": "normal", "observed_at": "28/06/2569 00:30", "left_bank": 2.6, "right_bank": 2.8, "daily_max": -1.1, "daily_max_yst": 0.33}}, {"type": "Feature", "geometry": {"type": "Point", "coordinates": [100.46486, 13.70099], "crs": null}, "properties": {"name": "ค.สนามชัย-บางขุนเทียน", "code": "WL.SNC.02", "district": "จอมทอง", "river": "คลองสนามชัย", "station_id": 98, "wl_in": 0.08, "wl_out": null, "warning_in": 0.5, "critical_in": 0.6, "status": "normal", "observed_at": "28/06/2569 00:30", "left_bank": 1.2, "right_bank": 1.0, "daily_max": 0.08, "daily_max_yst": 0.2}}, {"type": "Feature", "geometry": {"type": "Point", "coordinates": [100.48759, 13.69486], "crs": null}, "properties": {"name": "ส.ดาวคะนอง", "code": "WL.DKN.01", "district": "ราษฎร์บูรณะ", "river": "คลองดาวคะนอง", "station_id": 99, "wl_in": 0.04, "wl_out": 0.7, "warning_in": 0.7, "critical_in": 0.8, "status": "normal", "observed_at": "28/06/2569 00:30", "left_bank": 1.8, "right_bank": 2.8, "daily_max": 0.04, "daily_max_yst": 0.16}}, {"type": "Feature", "geometry": {"type": "Point", "coordinates": [100.38106, 13.69163], "crs": null}, "properties": {"name": "ค.ทวีวัฒนา-ภาษีฯ", "code": "WL.TWW.05", "district": "บางแค", "river": "คลองทวีวัฒนา", "station_id": 100, "wl_in": 0.21, "wl_out": null, "warning_in": 0.6, "critical_in": 0.7, "status": "normal", "observed_at": "28/06/2569 00:30", "left_bank": 1.2, "right_bank": 1.2, "daily_max": 0.21, "daily_max_yst": 0.24}}, {"type": "Feature", "geometry": {"type": "Point", "coordinates": [100.44606, 13.67309], "crs": null}, "properties": {"name": "ส.คลองสี่บาท", "code": "WL.SBT.01", "district": "บางขุนเทียน", "river": "คลองสี่บาท", "station_id": 101, "wl_in": -0.43, "wl_out": -0.12, "warning_in": 0.3, "critical_in": 0.4, "status": "normal", "observed_at": "28/06/2569 00:30", "left_bank": 2.0, "right_bank": 1.98, "daily_max": -0.43, "daily_max_yst": -0.21}}, {"type": "Feature", "geometry": {"type": "Point", "coordinates": [100.52111, 13.67634], "crs": null}, "properties": {"name": "ส.คลองแจงร้อน", "code": "WL.JRN.01", "district": "ราษฎร์บูรณะ", "river": "คลองแจงร้อน", "station_id": 102, "wl_in": -0.08, "wl_out": 0.69, "warning_in": 0.6, "critical_in": 0.7, "status": "normal", "observed_at": "28/06/2569 00:30", "left_bank": 2.6, "right_bank": 2.8, "daily_max": -0.08, "daily_max_yst": 0.28}}, {"type": "Feature", "geometry": {"type": "Point", "coordinates": [100.50202, 13.63487], "crs": null}, "properties": {"name": "ปตร.คลองรางจาก-ประชาอุทิศ", "code": "WL.RJK.01", "district": "ทุ่งครุ", "river": "คลองรางจาก", "station_id": 103, "wl_in": 0.06, "wl_out": 0.03, "warning_in": 0.55, "critical_in": 0.6, "status": "normal", "observed_at": "28/06/2569 00:30", "left_bank": 2.0, "right_bank": 1.98, "daily_max": 0.06, "daily_max_yst": 0.91}}, {"type": "Feature", "geometry": {"type": "Point", "coordinates": [100.41311, 13.60695], "crs": null}, "properties": {"name": "ส.คลองเลนเปน", "code": "WL.LPN.01", "district": "บางขุนเทียน", "river": "คลองเลนเปน", "station_id": 104, "wl_in": -0.79, "wl_out": 0.74, "warning_in": 0.4, "critical_in": 0.5, "status": "normal", "observed_at": "28/06/2569 00:30", "left_bank": 1.98, "right_bank": 1.98, "daily_max": -0.74, "daily_max_yst": -0.6}}, {"type": "Feature", "geometry": {"type": "Point", "coordinates": [100.3946, 13.60384], "crs": null}, "properties": {"name": "ส.คลองระหาญ", "code": "WL.RHN.01", "district": "บางขุนเทียน", "river": "คลองระหาญ", "station_id": 105, "wl_in": -0.85, "wl_out": 0.58, "warning_in": 0.4, "critical_in": 0.5, "status": "normal", "observed_at": "28/06/2569 00:30", "left_bank": 1.98, "right_bank": 1.98, "daily_max": -0.76, "daily_max_yst": -0.32}}, {"type": "Feature", "geometry": {"type": "Point", "coordinates": [100.43914, 13.62817], "crs": null}, "properties": {"name": "ส.คลองพระยาราชมนตรี", "code": "WL.RMT.01", "district": "บางขุนเทียน", "river": "คลองพระยาราชมนตรี", "station_id": 106, "wl_in": -1.24, "wl_out": 0.73, "warning_in": 0.4, "critical_in": 0.5, "status": "normal", "observed_at": "28/06/2569 00:30", "left_bank": 1.2, "right_bank": 1.2, "daily_max": -1.24, "daily_max_yst": -0.74}}, {"type": "Feature", "geometry": {"type": "Point", "coordinates": [100.49744, 13.70682], "crs": null}, "properties": {"name": "ส.คลองบางไส้ไก่", "code": "WL.BSK.01", "district": "คลองสาน", "river": "คลองบางไส้ไก่", "station_id": 107, "wl_in": -0.63, "wl_out": 1.07, "warning_in": 0.7, "critical_in": 0.8, "status": "offline", "observed_at": "27/06/2569 18:05", "left_bank": 2.6, "right_bank": 2.8, "daily_max": 0.36, "daily_max_yst": 0.21}}, {"type": "Feature", "geometry": {"type": "Point", "coordinates": [100.37078, 13.80251], "crs": null}, "properties": {"name": "ปตร.คลองขุนศรีฯ-ค.มหาสวัสดิ์", "code": "WL.SBR.01", "district": "ทวีวัฒนา", "river": "คลองขุนศรีบุรีรักษ์", "station_id": 108, "wl_in": 0.72, "wl_out": 0.74, "warning_in": 1.8, "critical_in": 2.0, "status": "normal", "observed_at": "28/06/2569 00:30", "left_bank": 1.98, "right_bank": 1.98, "daily_max": 0.72, "daily_max_yst": 0.72}}, {"type": "Feature", "geometry": {"type": "Point", "coordinates": [100.45955, 13.74358], "crs": null}, "properties": {"name": "ค.บางเชือกหนัง-วัดปากน้ำฝั่งใต้", "code": "WL.BKY.02", "district": "ภาษีเจริญ", "river": "คลองบางเชือกหนัง", "station_id": 109, "wl_in": 0.26, "wl_out": null, "warning_in": 0.6, "critical_in": 0.7, "status": "normal", "observed_at": "28/06/2569 00:30", "left_bank": 1.8, "right_bank": 1.9, "daily_max": 0.26, "daily_max_yst": 0.29}}, {"type": "Feature", "geometry": {"type": "Point", "coordinates": [100.3534, 13.75063], "crs": null}, "properties": {"name": "ค.ทวีฯ-บางเชือกหนัง", "code": "WL.TWW.04", "district": "ทวีวัฒนา", "river": "คลองทวีวัฒนา", "station_id": 110, "wl_in": 0.58, "wl_out": null, "warning_in": 0.8, "critical_in": 0.9, "status": "normal", "observed_at": "28/06/2569 00:30", "left_bank": 1.35, "right_bank": 1.75, "daily_max": 0.58, "daily_max_yst": 0.57}}, {"type": "Feature", "geometry": {"type": "Point", "coordinates": [100.35047, 13.68138], "crs": null}, "properties": {"name": "ค.ภาษีเจริญ-ค.มหาศร", "code": "WL.PSC.04", "district": "หนองแขม", "river": "คลองภาษีเจริญ"}}, {"type": "Feature", "geometry": {"type": "Point", "coordinates": [100.37944, 13.64249], "crs": null}, "properties": {"name": "ค.บางบอน-ค.สะแกงาม", "code": "WL.BBN.03", "district": "บางบอน", "river": "คลองบางบอน", "station_id": 112, "wl_in": 0.13, "wl_out": null, "warning_in": 0.4, "critical_in": 0.5, "status": "normal", "observed_at": "28/06/2569 00:30", "left_bank": 1.84, "right_bank": 1.93, "daily_max": 0.13, "daily_max_yst": 0.19}}, {"type": "Feature", "geometry": {"type": "Point", "coordinates": [100.44765, 13.63806], "crs": null}, "properties": {"name": "ส.คลองสนามชัย", "code": "WL.SNC.01", "district": "บางขุนเทียน", "river": "คลองสนามชัย", "station_id": 113, "wl_in": -0.52, "wl_out": 0.84, "warning_in": 0.4, "critical_in": 0.5, "status": "normal", "observed_at": "28/06/2569 00:30", "left_bank": 1.25, "right_bank": 1.3, "daily_max": -0.52, "daily_max_yst": -0.39}}, {"type": "Feature", "geometry": {"type": "Point", "coordinates": [100.61087, 13.89974], "crs": null}, "properties": {"name": "จุดวัดคลองสอง ตอนถนนพหลโยธิน", "code": "WL.KSG.01", "district": "บางเขน", "river": "คลองสอง", "station_id": 114, "wl_in": 0.33, "wl_out": null, "warning_in": 0.8, "critical_in": 1.0, "status": "normal", "observed_at": "28/06/2569 00:30", "left_bank": 1.25, "right_bank": 1.65, "daily_max": 0.33, "daily_max_yst": 0.35}}, {"type": "Feature", "geometry": {"type": "Point", "coordinates": [100.56823, 13.76324], "crs": null}, "properties": {"name": "ค.คลองยายสุ่น ถ.รัชดาภิเษก", "code": "WL.YSN.02", "district": "ห้วยขวาง", "river": "คลองยายสุ่น", "station_id": 115, "wl_in": -0.98, "wl_out": null, "warning_in": 0.2, "critical_in": 0.4, "status": "normal", "observed_at": "28/06/2569 00:30", "left_bank": 1.84, "right_bank": 1.93, "daily_max": -0.98, "daily_max_yst": -0.93}}, {"type": "Feature", "geometry": {"type": "Point", "coordinates": [100.59356, 13.76874], "crs": null}, "properties": {"name": "ค.ลาดพร้าว ถ.ประชาอุทิศ", "code": "WL.LPW.04", "district": "วังทองหลาง", "river": "คลองลาดพร้าว", "station_id": 116, "wl_in": -0.5, "wl_out": null, "warning_in": 0.05, "critical_in": 0.15, "status": "normal", "observed_at": "28/06/2569 00:30", "left_bank": 1.0, "right_bank": 1.0, "daily_max": -0.5, "daily_max_yst": -0.4}}, {"type": "Feature", "geometry": {"type": "Point", "coordinates": [100.54935, 13.82993], "crs": null}, "properties": {"name": "ค.เปรมประชากร ถ.รัชดาภิเษก", "code": "WL.KPM.02", "district": "จตุจักร", "river": "คลองเปรมประชากร"}}, {"type": "Feature", "geometry": {"type": "Point", "coordinates": [100.57424, 13.87546], "crs": null}, "properties": {"name": "ค.เปรมประชากร-ค.บางตลาด", "code": "WL.KPM.04", "district": "หลักสี่", "river": "คลองเปรมประชากร", "station_id": 118, "wl_in": 0.45, "wl_out": null, "warning_in": 1.0, "critical_in": 1.2, "status": "offline", "observed_at": "26/06/2569 20:00", "left_bank": 1.1, "right_bank": 0.8, "daily_max": 0.77, "daily_max_yst": 0.95}}, {"type": "Feature", "geometry": {"type": "Point", "coordinates": [100.60051, 13.92316], "crs": null}, "properties": {"name": "ค.เปรมประชากร ถ.สรงประภา", "code": "WL.KPM.05", "district": "ดอนเมือง", "river": "คลองเปรมประชากร", "station_id": 119, "wl_in": 0.32, "wl_out": null, "warning_in": 1.0, "critical_in": 1.2, "status": "normal", "observed_at": "28/06/2569 00:30", "left_bank": 2.0, "right_bank": 2.0, "daily_max": 0.33, "daily_max_yst": 0.45}}, {"type": "Feature", "geometry": {"type": "Point", "coordinates": [100.53881, 13.79759], "crs": null}, "properties": {"name": "ค.บางซื่อ ถ.พระราม 6", "code": "WL.BSU.03", "district": "จตุจักร", "river": "คลองบางซื่อ", "station_id": 120, "wl_in": -0.6, "wl_out": null, "warning_in": 0.1, "critical_in": 0.2, "status": "normal", "observed_at": "28/06/2569 00:30", "left_bank": 0.65, "right_bank": 0.55, "daily_max": -0.6, "daily_max_yst": -0.6}}, {"type": "Feature", "geometry": {"type": "Point", "coordinates": [100.53, 13.77284], "crs": null}, "properties": {"name": "ค.สามเสน ถ.พระราม 6", "code": "WL.SSN.03", "district": "พญาไท", "river": "คลองสามเสน", "station_id": 121, "wl_in": -0.54, "wl_out": null, "warning_in": 0.3, "critical_in": 0.4, "status": "offline", "observed_at": "21/02/2569 12:05", "left_bank": 0.5, "right_bank": 0.5, "daily_max": -0.49, "daily_max_yst": -0.48}}, {"type": "Feature", "geometry": {"type": "Point", "coordinates": [100.56505, 13.75512], "crs": null}, "properties": {"name": "ค.สามเสน ถ.อโศก", "code": "WL.SSN.07", "district": "ห้วยขวาง", "river": "คลองสามเสน", "station_id": 122, "wl_in": -1.01, "wl_out": null, "warning_in": 0.0, "critical_in": 0.1, "status": "normal", "observed_at": "28/06/2569 00:30", "left_bank": 1.0, "right_bank": 0.7, "daily_max": -1.01, "daily_max_yst": -0.95}}, {"type": "Feature", "geometry": {"type": "Point", "coordinates": [100.55819, 13.87579], "crs": null}, "properties": {"name": "ค.บางตลาด-ท่าทราย", "code": "WL.BTL.01", "district": "หลักสี่", "river": "คลองบางตลาด", "station_id": 123, "wl_in": -1.16, "wl_out": null, "warning_in": 0.7, "critical_in": 0.8, "status": "normal", "observed_at": "28/06/2569 00:30", "left_bank": 1.62, "right_bank": 1.62, "daily_max": -0.68, "daily_max_yst": -0.54}}, {"type": "Feature", "geometry": {"type": "Point", "coordinates": [100.67829, 13.85077], "crs": null}, "properties": {"name": "ปตร.พระยาสุเรนทร์ ตอนคู้บอน", "code": "WL.PSR.04", "district": "คลองสามวา", "river": "คลองพระยาสุเรนทร์", "station_id": 124, "wl_in": 0.25, "wl_out": null, "warning_in": 1.05, "critical_in": 1.15, "status": "normal", "observed_at": "28/06/2569 00:30", "left_bank": 1.75, "right_bank": 1.9, "daily_max": 0.26, "daily_max_yst": 0.36}}, {"type": "Feature", "geometry": {"type": "Point", "coordinates": [100.68614, 13.87621], "crs": null}, "properties": {"name": "ค.พระยาสุเรนทร์ ถ.จตุโชติ", "code": "WL.PSR.03", "district": "คลองสามวา", "river": "คลองพระยาสุเรนทร์", "station_id": 125, "wl_in": 0.84, "wl_out": null, "warning_in": 1.0, "critical_in": 1.2, "status": "normal", "observed_at": "28/06/2569 00:30", "left_bank": 1.5, "right_bank": 1.5, "daily_max": 0.84, "daily_max_yst": 0.89}}, {"type": "Feature", "geometry": {"type": "Point", "coordinates": [100.69049, 13.90121], "crs": null}, "properties": {"name": "ค.พระยาสุเรนทร์ ถ.หนองระแหง", "code": "WL.PSR.02", "district": "คลองสามวา", "river": "คลองพระยาสุเรนทร์", "station_id": 126, "wl_in": 0.86, "wl_out": null, "warning_in": 1.0, "critical_in": 1.2, "status": "normal", "observed_at": "28/06/2569 00:30", "left_bank": 1.6, "right_bank": 1.65, "daily_max": 0.87, "daily_max_yst": 0.92}}, {"type": "Feature", "geometry": {"type": "Point", "coordinates": [100.68803, 13.83698], "crs": null}, "properties": {"name": "ค.พระยาสุเรนทร์ ปัญญาอินทรา", "code": "WL.PSR.05", "district": "คลองสามวา", "river": "คลองพระยาสุเรนทร์", "station_id": 127, "wl_in": 0.3, "wl_out": null, "warning_in": 0.7, "critical_in": 0.8, "status": "normal", "observed_at": "28/06/2569 00:30", "left_bank": 1.3, "right_bank": 1.3, "daily_max": 0.31, "daily_max_yst": 0.34}}, {"type": "Feature", "geometry": {"type": "Point", "coordinates": [100.70165, 13.80274], "crs": null}, "properties": {"name": "ค.พระยาสุเรนทร์ บางชัน", "code": "WL.PSR.06", "district": "มีนบุรี", "river": "คลองพระยาสุเรนทร์", "station_id": 128, "wl_in": 0.17, "wl_out": null, "warning_in": 0.8, "critical_in": 1.0, "status": "normal", "observed_at": "28/06/2569 00:30", "left_bank": 1.4, "right_bank": 1.1, "daily_max": 0.17, "daily_max_yst": 0.26}}, {"type": "Feature", "geometry": {"type": "Point", "coordinates": [100.73067, 13.80817], "crs": null}, "properties": {"name": "ค.สองต้นนุ่น ถ.รามคำแหง ", "code": "WL.STN.01", "district": "มีนบุรี", "river": "คลองสองต้นนุ่น", "station_id": 129, "wl_in": -0.12, "wl_out": null, "warning_in": 0.4, "critical_in": 0.6, "status": "normal", "observed_at": "28/06/2569 00:30", "left_bank": 2.0, "right_bank": 2.0, "daily_max": -0.12, "daily_max_yst": -0.03}}, {"type": "Feature", "geometry": {"type": "Point", "coordinates": [100.73883, 13.7771], "crs": null}, "properties": {"name": "ค.สองต้นน่น ซ.ร่มเกล้า 20", "code": "WL.STN.02", "district": "ลาดกระบัง", "river": "คลองสองต้นนุ่น", "station_id": 130, "wl_in": 0.01, "wl_out": null, "warning_in": 0.4, "critical_in": 0.6, "status": "normal", "observed_at": "28/06/2569 00:30", "left_bank": 1.0, "right_bank": 1.0, "daily_max": 0.01, "daily_max_yst": 0.1}}, {"type": "Feature", "geometry": {"type": "Point", "coordinates": [100.73899, 13.72975], "crs": null}, "properties": {"name": "ค.สองต้นนุ่น ถ.มอเตอร์เวย์", "code": "WL.STN.03", "district": "ลาดกระบัง", "river": "คลองสองต้นนุ่น", "station_id": 131, "wl_in": -0.05, "wl_out": null, "warning_in": 0.3, "critical_in": 0.4, "status": "normal", "observed_at": "28/06/2569 00:30", "left_bank": 2.0, "right_bank": 2.0, "daily_max": -0.05, "daily_max_yst": 0.05}}, {"type": "Feature", "geometry": {"type": "Point", "coordinates": [100.86679, 13.85366], "crs": null}, "properties": {"name": "ค.ลำปลาทิว ถ.สังฆสันติสุข", "code": "WL.LPT.01", "district": "หนองจอก", "river": "คลองลำปลาทิว", "station_id": 132, "wl_in": 0.49, "wl_out": null, "warning_in": 0.9, "critical_in": 1.1, "status": "offline", "observed_at": "27/06/2569 10:30", "left_bank": 2.0, "right_bank": 2.0, "daily_max": 0.5, "daily_max_yst": 0.52}}, {"type": "Feature", "geometry": {"type": "Point", "coordinates": [100.85013, 13.81747], "crs": null}, "properties": {"name": "ค.ลำปลาทิว ซ.เชื่อมสัมพันธ์ 25", "code": "WL.LPT.04", "district": "หนองจอก", "river": "คลองลำปลาทิว"}}, {"type": "Feature", "geometry": {"type": "Point", "coordinates": [100.81298, 13.77005], "crs": null}, "properties": {"name": "ค.ลำปลาทิว ซ.ฉลองกรุง 54", "code": "WL.LPT.02", "district": "ลาดกระบัง", "river": "คลองลำปลาทิว"}}, {"type": "Feature", "geometry": {"type": "Point", "coordinates": [100.79474, 13.74068], "crs": null}, "properties": {"name": "ค.ลำปลาทิว ซ.ฉลองกรุง 8", "code": "WL.LPT.03", "district": "ลาดกระบัง", "river": "คลองลำปลาทิว", "station_id": 135, "wl_in": 0.18, "wl_out": null, "warning_in": 0.5, "critical_in": 0.6, "status": "normal", "observed_at": "28/06/2569 00:30", "left_bank": 0.5, "right_bank": 0.5, "daily_max": 0.18, "daily_max_yst": 0.2}}, {"type": "Feature", "geometry": {"type": "Point", "coordinates": [100.63296, 13.7528], "crs": null}, "properties": {"name": "ค.จิก ถ.หัวหมาก", "code": "WL.KJG.01", "district": "บางกะปิ", "river": "คลองจิก", "station_id": 136, "wl_in": -0.99, "wl_out": null, "warning_in": -0.2, "critical_in": 0.0, "status": "normal", "observed_at": "28/06/2569 00:30", "left_bank": 1.0, "right_bank": 1.0, "daily_max": -0.99, "daily_max_yst": -0.96}}, {"type": "Feature", "geometry": {"type": "Point", "coordinates": [100.61167, 13.7367], "crs": null}, "properties": {"name": "ค.บ้านป่า ถ.พัฒนาการ", "code": "WL.BPA.01", "district": "สวนหลวง", "river": "คลองบ้านป่า", "station_id": 137, "wl_in": -0.64, "wl_out": null, "warning_in": -0.2, "critical_in": 0.0, "status": "normal", "observed_at": "28/06/2569 00:30", "left_bank": 0.7, "right_bank": 0.7, "daily_max": -0.63, "daily_max_yst": -0.54}}, {"type": "Feature", "geometry": {"type": "Point", "coordinates": [100.61168, 13.74381], "crs": null}, "properties": {"name": "ค.กะจะ ถ.พระราม 9 ", "code": "WL.KJA.01", "district": "บางกะปิ", "river": "คลองกะจะ", "station_id": 138, "wl_in": -1.2, "wl_out": null, "warning_in": 0.0, "critical_in": 0.1, "status": "normal", "observed_at": "28/06/2569 00:30", "left_bank": 2.0, "right_bank": 2.0, "daily_max": -1.2, "daily_max_yst": -1.07}}, {"type": "Feature", "geometry": {"type": "Point", "coordinates": [100.63387, 13.74953], "crs": null}, "properties": {"name": "ค.กะจะ ถ.พระราม 9 ซ.57", "code": "WL.KJA.02", "district": "บางกะปิ", "river": "คลองกะจะ", "station_id": 139, "wl_in": -0.86, "wl_out": null, "warning_in": -0.2, "critical_in": 0.0, "status": "normal", "observed_at": "28/06/2569 00:30", "left_bank": 1.0, "right_bank": 1.0, "daily_max": -0.86, "daily_max_yst": -0.81}}, {"type": "Feature", "geometry": {"type": "Point", "coordinates": [100.61341, 13.78408], "crs": null}, "properties": {"name": "ค.เจ้าคุณสิงห์ ถ.ลาดพร้าว", "code": "WL.CKS.02", "district": "วังทองหลาง", "river": "คลองเจ้าคุณสิงห์", "station_id": 140, "wl_in": -1.22, "wl_out": null, "warning_in": -0.2, "critical_in": 0.0, "status": "normal", "observed_at": "28/06/2569 00:30", "left_bank": 2.0, "right_bank": 2.0, "daily_max": -1.19, "daily_max_yst": -1.0}}, {"type": "Feature", "geometry": {"type": "Point", "coordinates": [100.51662, 13.79154], "crs": null}, "properties": {"name": "ค.บางกระบือ ถ.สามเสน", "code": "WL.BKB.01", "district": "ดุสิต", "river": "คลองบางกระบือ", "station_id": 141, "wl_in": -0.39, "wl_out": null, "warning_in": 0.8, "critical_in": 1.0, "status": "normal", "observed_at": "28/06/2569 00:30", "left_bank": 1.0, "right_bank": 1.0, "daily_max": -0.39, "daily_max_yst": -0.36}}, {"type": "Feature", "geometry": {"type": "Point", "coordinates": [100.60057, 13.84656], "crs": null}, "properties": {"name": "ค.หลุมไผ่ ซ.ลาดปลาเค้า 63", "code": "WL.LPI.01", "district": "บางเขน", "river": "คลองหลุมไผ่"}}, {"type": "Feature", "geometry": {"type": "Point", "coordinates": [100.6218, 13.84703], "crs": null}, "properties": {"name": "ค.หลุมไผ่ ถ.ประเสริฐมนูกิจ29", "code": "WL.LPI.02", "district": "ลาดพร้าว", "river": "คลองหลุมไผ่", "station_id": 143, "wl_in": -0.15, "wl_out": null, "warning_in": 0.7, "critical_in": 0.9, "status": "offline", "observed_at": "27/06/2569 15:49", "left_bank": 1.8, "right_bank": 1.8, "daily_max": 0.0, "daily_max_yst": 0.22}}, {"type": "Feature", "geometry": {"type": "Point", "coordinates": [100.57522, 13.73827], "crs": null}, "properties": {"name": "ค.พร้อมศรี 2 ถ.สุขุมวิท 49/13", "code": "WL.PSI.01", "district": "วัฒนา", "river": "คลองพร้อมศรี2", "station_id": 144, "wl_in": -1.4, "wl_out": null, "warning_in": -0.2, "critical_in": 0.0, "status": "normal", "observed_at": "28/06/2569 00:30", "left_bank": 0.0, "right_bank": 0.0, "daily_max": -1.4, "daily_max_yst": -0.69}}, {"type": "Feature", "geometry": {"type": "Point", "coordinates": [100.53601, 13.7551], "crs": null}, "properties": {"name": "บ่อสูบน้ำอินโดนีเซีย", "code": "WL.IDE.01", "district": "ราชเทวี", "river": "บ่อสูบน้ำอินโดนีเซีย"}}, {"type": "Feature", "geometry": {"type": "Point", "coordinates": [100.54288, 13.76308], "crs": null}, "properties": {"name": "บ่อสูบน้ำสะพานพรหม", "code": "WL.SPP.01", "district": "พญาไท", "river": "บ่อสูบน้ำสะพานพรหม"}}, {"type": "Feature", "geometry": {"type": "Point", "coordinates": [100.58021, 13.77211], "crs": null}, "properties": {"name": "ค.ชวดบางจาก ถ.ประชาอุทิศ", "code": "WL.CBJ.01", "district": "ห้วยขวาง", "river": "คลองชวดบางจาก", "station_id": 147, "wl_in": 0.84, "wl_out": null, "warning_in": 0.1, "critical_in": 0.2, "status": "offline", "observed_at": "01/06/2569 16:50", "left_bank": 1.0, "right_bank": 1.0, "daily_max": 0.91, "daily_max_yst": 0.86}}, {"type": "Feature", "geometry": {"type": "Point", "coordinates": [100.60201, 13.88471], "crs": null}, "properties": {"name": "ค.รางอ้อ-รางแก้ว ถ.พหลโยธิน", "code": "WL.LOA.01", "district": "บางเขน", "river": "คลองรางอ้อ-รางแก้ว", "station_id": 148, "wl_in": 0.05, "wl_out": null, "warning_in": 0.8, "critical_in": 0.9, "status": "normal", "observed_at": "28/06/2569 00:30", "left_bank": 1.5, "right_bank": 1.5, "daily_max": 0.05, "daily_max_yst": 0.38}}, {"type": "Feature", "geometry": {"type": "Point", "coordinates": [100.64345, 13.76725], "crs": null}, "properties": {"name": "ค.ตาหนัง ถ.ลาดพร้าว", "code": "WL.TNG.01", "district": "บางกะปิ", "river": "คลองตาหนัง", "station_id": 149, "wl_in": -2.0, "wl_out": null, "warning_in": -0.2, "critical_in": 0.0, "status": "offline", "observed_at": "09/06/2569 12:10", "left_bank": 0.3, "right_bank": 0.3, "daily_max": 1.0, "daily_max_yst": 0.0}}, {"type": "Feature", "geometry": {"type": "Point", "coordinates": [100.6217, 13.70918], "crs": null}, "properties": {"name": "ค.บ้านหลาย ถ.สุขุมวิท 77", "code": "WL.BLY.01", "district": "พระโขนง", "river": "คลองบ้านหลาย", "station_id": 150, "wl_in": -1.33, "wl_out": null, "warning_in": 0.4, "critical_in": 0.5, "status": "normal", "observed_at": "28/06/2569 00:30", "left_bank": 0.6, "right_bank": 0.6, "daily_max": -1.33, "daily_max_yst": -0.66}}, {"type": "Feature", "geometry": {"type": "Point", "coordinates": [100.63337, 13.66749], "crs": null}, "properties": {"name": "ค.หลอด 3 บางนา ตราด", "code": "WL.LSM.01", "district": "บางนา", "river": "คลองหลอด 3", "station_id": 151, "wl_in": -0.51, "wl_out": null, "warning_in": 0.4, "critical_in": 0.6, "status": "normal", "observed_at": "28/06/2569 00:30", "left_bank": 0.7, "right_bank": 0.7, "daily_max": -0.51, "daily_max_yst": -0.36}}, {"type": "Feature", "geometry": {"type": "Point", "coordinates": [100.6068, 13.80028], "crs": null}, "properties": {"name": "ค.ทรงกระเทียม ถ.นาคนิวาส", "code": "WL.SKT.01", "district": "ลาดพร้าว", "river": "คลองทรงกระเทียม", "station_id": 152, "wl_in": -0.83, "wl_out": null, "warning_in": -0.2, "critical_in": 0.0, "status": "normal", "observed_at": "28/06/2569 00:30", "left_bank": 1.0, "right_bank": 1.0, "daily_max": -0.83, "daily_max_yst": -0.58}}, {"type": "Feature", "geometry": {"type": "Point", "coordinates": [100.62285, 13.80003], "crs": null}, "properties": {"name": "ค.ทรงกระเทียม ปตร.คลองทรงกระเทียม", "code": "WL.SKT.02", "district": "บางกะปิ", "river": "คลองทรงกระเทียม", "station_id": 153, "wl_in": -0.91, "wl_out": null, "warning_in": -0.2, "critical_in": 0.0, "status": "normal", "observed_at": "28/06/2569 00:30", "left_bank": 0.8, "right_bank": 0.8, "daily_max": -0.91, "daily_max_yst": -0.62}}, {"type": "Feature", "geometry": {"type": "Point", "coordinates": [100.66005, 13.8242], "crs": null}, "properties": {"name": "ค.ลำชะล่า ซ.นวมินทร์ 86", "code": "WL.LCL.02", "district": "คันนายาว", "river": "คลองลำชะล่า", "station_id": 154, "wl_in": -0.23, "wl_out": null, "warning_in": 0.6, "critical_in": 0.7, "status": "offline", "observed_at": "27/06/2569 18:25", "left_bank": 1.2, "right_bank": 1.2, "daily_max": 0.13, "daily_max_yst": 0.3}}, {"type": "Feature", "geometry": {"type": "Point", "coordinates": [100.57206, 13.77814], "crs": null}, "properties": {"name": "ค.ห้วยขวาง ถ.ประชาสงเคราะห์", "code": "WL.HKG.01", "district": "ดินแดง", "river": "คลองห้วยขวาง", "station_id": 155, "wl_in": -0.66, "wl_out": null, "warning_in": -0.2, "critical_in": 0.0, "status": "normal", "observed_at": "28/06/2569 00:30", "left_bank": 0.0, "right_bank": 0.0, "daily_max": -0.66, "daily_max_yst": -0.58}}, {"type": "Feature", "geometry": {"type": "Point", "coordinates": [100.57674, 13.76755], "crs": null}, "properties": {"name": "ค.ห้วยขวาง ถ.เทียมร่วมมิตร", "code": "WL.HKG.02", "district": "ห้วยขวาง", "river": "คลองห้วยขวาง", "station_id": 156, "wl_in": -0.67, "wl_out": null, "warning_in": 0.1, "critical_in": 0.3, "status": "normal", "observed_at": "28/06/2569 00:30", "left_bank": 0.3, "right_bank": 0.3, "daily_max": -0.67, "daily_max_yst": -0.62}}, {"type": "Feature", "geometry": {"type": "Point", "coordinates": [100.59302, 13.76884], "crs": null}, "properties": {"name": "ค.ชวดตาเชียง ส.คลองชวดตาเชียง", "code": "WL.CTC.01", "district": "ห้วยขวาง", "river": "คลองชวดตาเชียง"}}, {"type": "Feature", "geometry": {"type": "Point", "coordinates": [100.58565, 13.9272], "crs": null}, "properties": {"name": "ค.คูนายกิมสาย 3  ถ.ประชาอุทิศ", "code": "WL.NK3.01", "district": "ดอนเมือง", "river": "คูนายกิมสาย 3", "station_id": 158, "wl_in": -0.15, "wl_out": null, "warning_in": 0.7, "critical_in": 0.9, "status": "normal", "observed_at": "28/06/2569 00:30", "left_bank": 2.0, "right_bank": 2.0, "daily_max": -0.15, "daily_max_yst": 0.04}}, {"type": "Feature", "geometry": {"type": "Point", "coordinates": [100.56559, 13.91159], "crs": null}, "properties": {"name": "ค.ตาอูฐ ซ.แจ้งวัฒนะ 14", "code": "WL.TUT.02", "district": "ดอนเมือง", "river": "คลองตาอูฐ", "station_id": 159, "wl_in": -0.73, "wl_out": null, "warning_in": 0.3, "critical_in": 0.5, "status": "normal", "observed_at": "28/06/2569 00:30", "left_bank": 0.8, "right_bank": 0.8, "daily_max": -0.73, "daily_max_yst": -0.64}}, {"type": "Feature", "geometry": {"type": "Point", "coordinates": [100.58458, 13.80278], "crs": null}, "properties": {"name": "ค.น้ำแก้ว ซ.ลาดพร้าว 41", "code": "WL.NKW.02", "district": "ห้วยขวาง", "river": "คลองน้ำแก้ว", "station_id": 160, "wl_in": -0.26, "wl_out": null, "warning_in": 0.4, "critical_in": 0.6, "status": "normal", "observed_at": "28/06/2569 00:30", "left_bank": 0.6, "right_bank": 0.6, "daily_max": -0.26, "daily_max_yst": -0.21}}, {"type": "Feature", "geometry": {"type": "Point", "coordinates": [100.64666, 13.68353], "crs": null}, "properties": {"name": "ค.ตาช้าง ถ.ศรีนครินทร์", "code": "WL.TCG.01", "district": "ประเวศ", "river": "คลองตาช้าง", "station_id": 161, "wl_in": -1.04, "wl_out": null, "warning_in": -0.5, "critical_in": -0.2, "status": "normal", "observed_at": "28/06/2569 00:30", "left_bank": 1.0, "right_bank": 1.0, "daily_max": -1.04, "daily_max_yst": -0.79}}, {"type": "Feature", "geometry": {"type": "Point", "coordinates": [100.6307, 13.7091], "crs": null}, "properties": {"name": "ค.เคล็ด ถ.สุขุมวิท 77", "code": "WL.KKD.01", "district": "สวนหลวง", "river": "คลองเคล็ด", "station_id": 162, "wl_in": -1.1, "wl_out": null, "warning_in": 0.5, "critical_in": 0.6, "status": "normal", "observed_at": "28/06/2569 00:30", "left_bank": 0.9, "right_bank": 0.9, "daily_max": -1.1, "daily_max_yst": -0.48}}, {"type": "Feature", "geometry": {"type": "Point", "coordinates": [100.63809, 13.68886], "crs": null}, "properties": {"name": "ค.เคล็ด ถ.สุภาพงษ์ 1", "code": "WL.KKD.02", "district": "พระโขนง", "river": "คลองเคล็ด", "station_id": 163, "wl_in": -1.16, "wl_out": null, "warning_in": 0.6, "critical_in": 0.8, "status": "normal", "observed_at": "28/06/2569 00:30", "left_bank": 1.1, "right_bank": 1.1, "daily_max": -1.16, "daily_max_yst": -0.54}}, {"type": "Feature", "geometry": {"type": "Point", "coordinates": [100.6439, 13.67123], "crs": null}, "properties": {"name": "ค.เคล็ด ถ.ศรีนครินทร์ ", "code": "WL.KKD.03", "district": "ประเวศ", "river": "คลองเคล็ด", "station_id": 164, "wl_in": -0.87, "wl_out": null, "warning_in": 0.8, "critical_in": 1.0, "status": "normal", "observed_at": "28/06/2569 00:30", "left_bank": 1.0, "right_bank": 1.0, "daily_max": -0.87, "daily_max_yst": -0.48}}, {"type": "Feature", "geometry": {"type": "Point", "coordinates": [100.64388, 13.70346], "crs": null}, "properties": {"name": "ค.ขุนสกล ซ.ศรีนครินทร์ 36", "code": "WL.KSK.01", "district": "สวนหลวง", "river": "คลองขุนสกล", "station_id": 165, "wl_in": -1.15, "wl_out": null, "warning_in": 0.0, "critical_in": 0.1, "status": "normal", "observed_at": "28/06/2569 00:30", "left_bank": 0.9, "right_bank": 0.9, "daily_max": -1.15, "daily_max_yst": -0.54}}, {"type": "Feature", "geometry": {"type": "Point", "coordinates": [100.60308, 13.71075], "crs": null}, "properties": {"name": "ค.บางนางจีน ส.สูบน้ำบางนางจีน", "code": "WL.BNJ.01", "district": "พระโขนง", "river": "คลองบางนางจีน", "station_id": 166, "wl_in": -1.48, "wl_out": null, "warning_in": -0.5, "critical_in": -0.4, "status": "offline", "observed_at": "27/06/2569 17:30", "left_bank": 0.7, "right_bank": 0.7, "daily_max": -1.15, "daily_max_yst": -1.16}}, {"type": "Feature", "geometry": {"type": "Point", "coordinates": [100.60891, 13.7006], "crs": null}, "properties": {"name": "ค.บางนางจีน ซ.สุขุมวิท 93", "code": "WL.BNJ.03", "district": "พระโขนง", "river": "คลองบางนางจีน", "station_id": 167, "wl_in": -1.13, "wl_out": null, "warning_in": -0.1, "critical_in": 0.0, "status": "normal", "observed_at": "28/06/2569 00:30", "left_bank": 0.0, "right_bank": 0.0, "daily_max": -1.13, "daily_max_yst": -0.75}}, {"type": "Feature", "geometry": {"type": "Point", "coordinates": [100.62499, 13.73722], "crs": null}, "properties": {"name": "ค.ลาว ถ.พัฒนาการ", "code": "WL.KLA.01", "district": "สวนหลวง", "river": "คลองลาว", "station_id": 168, "wl_in": -0.52, "wl_out": null, "warning_in": -0.2, "critical_in": 0.0, "status": "normal", "observed_at": "28/06/2569 00:30", "left_bank": 1.26, "right_bank": 1.26, "daily_max": -0.52, "daily_max_yst": -0.37}}, {"type": "Feature", "geometry": {"type": "Point", "coordinates": [100.54583, 13.74846], "crs": null}, "properties": {"name": "ค.แสนแสบ ซ.สมคิด", "code": "WL.SSB.02", "district": "ปทุมวัน", "river": "คลองแสนแสบ", "station_id": 169, "wl_in": -0.27, "wl_out": null, "warning_in": 0.0, "critical_in": 0.1, "status": "offline", "observed_at": "23/03/2569 09:50", "left_bank": 1.85, "right_bank": 1.97, "daily_max": 2.0, "daily_max_yst": -0.16}}, {"type": "Feature", "geometry": {"type": "Point", "coordinates": [100.60555, 13.75228], "crs": null}, "properties": {"name": "ค.แสนแสบ รามคำแหง 9", "code": "WL.SSB.05", "district": "บางกะปิ", "river": "คลองแสนแสบ"}}, {"type": "Feature", "geometry": {"type": "Point", "coordinates": [100.91164, 13.7917], "crs": null}, "properties": {"name": "ค.หลวงแพ่ง รร.ผลลีรุ่งเรือง", "code": "WL.LPG.01", "district": "หนองจอก", "river": "คลองหลวงแพ่ง"}}, {"type": "Feature", "geometry": {"type": "Point", "coordinates": [100.88956, 13.75489], "crs": null}, "properties": {"name": "ค.หลวงแพ่ง วัดลำต้อยติ่ง", "code": "WL.LPG.03", "district": "หนองจอก", "river": "คลองหลวงแพ่ง", "station_id": 172, "wl_in": 0.2, "wl_out": null, "warning_in": 0.6, "critical_in": 0.7, "status": "normal", "observed_at": "28/06/2569 00:30", "left_bank": 1.85, "right_bank": 1.97, "daily_max": 0.2, "daily_max_yst": 0.2}}, {"type": "Feature", "geometry": {"type": "Point", "coordinates": [100.65075, 13.70382], "crs": null}, "properties": {"name": "ค.หนองบอน อ่อนนุช 66 ซ.13", "code": "WL.KNB.01", "district": "สวนหลวง", "river": "คลองหนองบอน", "station_id": 173, "wl_in": -0.57, "wl_out": null, "warning_in": 0.0, "critical_in": 0.1, "status": "offline", "observed_at": "27/06/2569 21:10", "left_bank": 2.0, "right_bank": 2.0, "daily_max": -0.28, "daily_max_yst": -0.28}}, {"type": "Feature", "geometry": {"type": "Point", "coordinates": [100.66295, 13.678], "crs": null}, "properties": {"name": "ค.หนองบอน ถ.เฉลิมพระเกียรติรัชกาลที่ 9", "code": "WL.KNB.02", "district": "ประเวศ", "river": "คลองหนองบอน", "station_id": 174, "wl_in": -0.41, "wl_out": null, "warning_in": 0.0, "critical_in": 0.1, "status": "normal", "observed_at": "28/06/2569 00:30", "left_bank": 1.5, "right_bank": 1.5, "daily_max": -0.41, "daily_max_yst": -0.2}}, {"type": "Feature", "geometry": {"type": "Point", "coordinates": [100.70761, 13.79549], "crs": null}, "properties": {"name": "ค.ลาดบัวขาว ถ.รามคำแหง", "code": "WL.LBK.01", "district": "มีนบุรี", "river": "คลองลาดบัวขาว", "station_id": 175, "wl_in": -0.12, "wl_out": null, "warning_in": 0.4, "critical_in": 0.6, "status": "offline", "observed_at": "13/01/2569 09:55", "left_bank": 2.0, "right_bank": 2.0, "daily_max": 2.98, "daily_max_yst": 2.98}}, {"type": "Feature", "geometry": {"type": "Point", "coordinates": [100.71494, 13.76991], "crs": null}, "properties": {"name": "ค.ลาดบัวขาว ถ.เคหะร่มเกล้า", "code": "WL.LBK.02", "district": "สะพานสูง", "river": "คลองลาดบัวขาว", "station_id": 176, "wl_in": -0.1, "wl_out": null, "warning_in": 0.3, "critical_in": 0.4, "status": "normal", "observed_at": "28/06/2569 00:30", "left_bank": 1.0, "right_bank": 1.0, "daily_max": -0.1, "daily_max_yst": 0.01}}, {"type": "Feature", "geometry": {"type": "Point", "coordinates": [100.70291, 13.74974], "crs": null}, "properties": {"name": "ค.ลาดบัวขาว ซ.กาญจนาภิเษก 24", "code": "WL.LBK.03", "district": "สะพานสูง", "river": "คลองลาดบัวขาว", "station_id": 177, "wl_in": -0.15, "wl_out": null, "warning_in": 0.3, "critical_in": 0.4, "status": "normal", "observed_at": "28/06/2569 00:30", "left_bank": 1.85, "right_bank": 1.97, "daily_max": -0.14, "daily_max_yst": -0.04}}, {"type": "Feature", "geometry": {"type": "Point", "coordinates": [100.56697, 13.79676], "crs": null}, "properties": {"name": "ค.พญาเวิก ปตร.คลองพญาเวิก", "code": "WL.PYW.01", "district": "จตุจักร", "river": "คลองพญาเวิก", "station_id": 178, "wl_in": -0.83, "wl_out": null, "warning_in": 0.1, "critical_in": 0.2, "status": "normal", "observed_at": "28/06/2569 00:30", "left_bank": 1.0, "right_bank": 1.0, "daily_max": -0.83, "daily_max_yst": -0.58}}, {"type": "Feature", "geometry": {"type": "Point", "coordinates": [100.56277, 13.88457], "crs": null}, "properties": {"name": "ค.ข้างศูนย์ราชการ", "code": "WL.RKC.01", "district": "หลักสี่", "river": "คลองข้างศูนย์ราชการ", "station_id": 179, "wl_in": -0.93, "wl_out": null, "warning_in": 1.0, "critical_in": 1.2, "status": "offline", "observed_at": "27/06/2569 19:05", "left_bank": 1.0, "right_bank": 1.0, "daily_max": -0.56, "daily_max_yst": -0.73}}, {"type": "Feature", "geometry": {"type": "Point", "coordinates": [100.53037, 13.76074], "crs": null}, "properties": {"name": "คูน้ำกรมสารวัตรทหาร", "code": "WL.MID.01", "district": "ราชเทวี", "river": "คูน้ำกรมสารวัตรทหาร", "station_id": 180, "wl_in": -0.67, "wl_out": null, "warning_in": -0.2, "critical_in": 0.0, "status": "offline", "observed_at": "12/06/2567 14:55", "left_bank": 0.4, "right_bank": 0.4, "daily_max": 0.0, "daily_max_yst": 0.0}}, {"type": "Feature", "geometry": {"type": "Point", "coordinates": [100.58037, 13.74019], "crs": null}, "properties": {"name": "คูน้ำต่อศักดิ์ ซ.ทองหล่อ 25", "code": "WL.TSK.01", "district": "วัฒนา", "river": "คูน้ำต่อศักดิ์", "station_id": 181, "wl_in": -1.72, "wl_out": null, "warning_in": -0.2, "critical_in": 0.0, "status": "normal", "observed_at": "28/06/2569 00:30", "left_bank": 0.0, "right_bank": 0.0, "daily_max": -1.72, "daily_max_yst": -1.44}}, {"type": "Feature", "geometry": {"type": "Point", "coordinates": [100.56775, 13.7423], "crs": null}, "properties": {"name": "คูน้ำ มศว.", "code": "WL.SWU.01", "district": "วัฒนา", "river": "คูน้ำ มศว.", "station_id": 182, "wl_in": -1.65, "wl_out": null, "warning_in": -0.2, "critical_in": 0.0, "status": "normal", "observed_at": "28/06/2569 00:30", "left_bank": 0.4, "right_bank": 0.4, "daily_max": -1.65, "daily_max_yst": -1.13}}, {"type": "Feature", "geometry": {"type": "Point", "coordinates": [100.39142, 13.70339], "crs": null}, "properties": {"name": "ค.ราษฎร์สามัคคี ถ.เพชรเกษม 63", "code": "WL.RSK.01", "district": "บางแค", "river": "คลองราษฎร์สามัคคี", "station_id": 183, "wl_in": -0.22, "wl_out": null, "warning_in": 0.6, "critical_in": 0.7, "status": "offline", "observed_at": "25/06/2569 17:45", "left_bank": 1.85, "right_bank": 1.97, "daily_max": -0.22, "daily_max_yst": -0.25}}, {"type": "Feature", "geometry": {"type": "Point", "coordinates": [100.58113, 13.75502], "crs": null}, "properties": {"name": "ค.ชวดใหญ่ ถ.พระราม 9", "code": "WL.CYI.02", "district": "ห้วยขวาง", "river": "คลองชวดใหญ่", "station_id": 184, "wl_in": -0.57, "wl_out": null, "warning_in": -0.1, "critical_in": 0.0, "status": "normal", "observed_at": "28/06/2569 00:30", "left_bank": 1.85, "right_bank": 1.97, "daily_max": -0.57, "daily_max_yst": -0.51}}, {"type": "Feature", "geometry": {"type": "Point", "coordinates": [100.58648, 13.76217], "crs": null}, "properties": {"name": "ค.ชวดใหญ่ ถ.พระราม 9 ซ.13", "code": "WL.CYI.01", "district": "ห้วยขวาง", "river": "คลองชวดใหญ่", "station_id": 185, "wl_in": -0.6, "wl_out": null, "warning_in": -0.1, "critical_in": 0.0, "status": "normal", "observed_at": "28/06/2569 00:30", "left_bank": 0.6, "right_bank": 0.6, "daily_max": -0.6, "daily_max_yst": -0.54}}, {"type": "Feature", "geometry": {"type": "Point", "coordinates": [100.63938, 13.76832], "crs": null}, "properties": {"name": "ค.ยายเผื่อน ถ.ลาดพร้าว", "code": "WL.YPN.02", "district": "บางกะปิ", "river": "คลองยายเผื่อน", "station_id": 186, "wl_in": -0.71, "wl_out": null, "warning_in": -0.2, "critical_in": 0.0, "status": "normal", "observed_at": "28/06/2569 00:30", "left_bank": 0.7, "right_bank": 0.7, "daily_max": -0.71, "daily_max_yst": -0.56}}, {"type": "Feature", "geometry": {"type": "Point", "coordinates": [100.64013, 13.77868], "crs": null}, "properties": {"name": "ค.ยายเผื่อน แฮปปี้แลนด์", "code": "WL.YPN.01", "district": "บางกะปิ", "river": "คลองยายเผื่อน", "station_id": 187, "wl_in": -0.67, "wl_out": null, "warning_in": -0.2, "critical_in": 0.0, "status": "normal", "observed_at": "28/06/2569 00:30", "left_bank": 0.0, "right_bank": 0.0, "daily_max": -0.67, "daily_max_yst": -0.51}}, {"type": "Feature", "geometry": {"type": "Point", "coordinates": [100.62222, 13.67099], "crs": null}, "properties": {"name": "ค.หลอด 2 ถ.บางนา ตราด", "code": "WL.LSG.01", "district": "บางนา", "river": "คลองหลอด 2", "station_id": 188, "wl_in": -0.92, "wl_out": null, "warning_in": 0.0, "critical_in": 0.2, "status": "normal", "observed_at": "28/06/2569 00:30", "left_bank": 0.3, "right_bank": 0.3, "daily_max": -0.91, "daily_max_yst": -0.71}}, {"type": "Feature", "geometry": {"type": "Point", "coordinates": [100.64107, 13.73309], "crs": null}, "properties": {"name": "ค.หัวหมาก ถ.ศรีนครินทร์", "code": "WL.HMK.01", "district": "สวนหลวง", "river": "คลองหัวหมาก", "station_id": 189, "wl_in": -0.47, "wl_out": null, "warning_in": -0.2, "critical_in": 0.0, "status": "normal", "observed_at": "28/06/2569 00:30", "left_bank": 1.0, "right_bank": 1.0, "daily_max": -0.47, "daily_max_yst": -0.36}}, {"type": "Feature", "geometry": {"type": "Point", "coordinates": [100.64899, 13.8065], "crs": null}, "properties": {"name": "ค.บางเตย ถ.นวมินทร์ 66/3", "code": "WL.BTY.01", "district": "บึงกุ่ม", "river": "คลองบางเตย", "station_id": 190, "wl_in": -0.43, "wl_out": null, "warning_in": 0.4, "critical_in": 0.5, "status": "normal", "observed_at": "28/06/2569 00:30", "left_bank": 1.8, "right_bank": 1.8, "daily_max": -0.43, "daily_max_yst": -0.28}}, {"type": "Feature", "geometry": {"type": "Point", "coordinates": [100.67942, 13.71599], "crs": null}, "properties": {"name": "ค.ศาลาลอย ถ.อ่อนนุช 61", "code": "WL.SLL.01", "district": "ประเวศ", "river": "คลองศาลาลอย", "station_id": 191, "wl_in": -0.48, "wl_out": null, "warning_in": 0.1, "critical_in": 0.25, "status": "offline", "observed_at": "27/06/2569 17:50", "left_bank": 0.5, "right_bank": 0.5, "daily_max": -0.28, "daily_max_yst": -0.3}}, {"type": "Feature", "geometry": {"type": "Point", "coordinates": [100.60758, 13.78678], "crs": null}, "properties": {"name": "ค.วัดตึก ถ.ลาดพร้าว", "code": "WL.WTK.01", "district": "วังทองหลาง", "river": "คลองวัดตึก", "station_id": 192, "wl_in": -0.84, "wl_out": null, "warning_in": 0.3, "critical_in": 0.4, "status": "normal", "observed_at": "28/06/2569 00:30", "left_bank": 1.0, "right_bank": 1.0, "daily_max": -0.84, "daily_max_yst": -0.61}}, {"type": "Feature", "geometry": {"type": "Point", "coordinates": [100.56654, 13.77895], "crs": null}, "properties": {"name": "ค.นาซอง ถ.ประชาสุข", "code": "WL.NSG.01", "district": "ดินแดง", "river": "คลองนาซอง", "station_id": 193, "wl_in": -1.0, "wl_out": null, "warning_in": 0.0, "critical_in": 0.1, "status": "normal", "observed_at": "28/06/2569 00:30", "left_bank": 1.85, "right_bank": 1.97, "daily_max": -1.0, "daily_max_yst": -0.97}}, {"type": "Feature", "geometry": {"type": "Point", "coordinates": [100.55618, 13.75957], "crs": null}, "properties": {"name": "ค.โบสถ์แม่พระ ถ.ดินแดง", "code": "WL.FTM.01", "district": "ดินแดง", "river": "คลองโบสถ์แม่พระ", "station_id": 194, "wl_in": -1.04, "wl_out": null, "warning_in": 0.0, "critical_in": 0.1, "status": "normal", "observed_at": "28/06/2569 00:30", "left_bank": 1.0, "right_bank": 1.0, "daily_max": -1.04, "daily_max_yst": -1.03}}, {"type": "Feature", "geometry": {"type": "Point", "coordinates": [100.52867, 13.80504], "crs": null}, "properties": {"name": "ค.ขรัวตาแก่น ซ.สะพานขวา", "code": "WL.KTK.03", "district": "บางซื่อ", "river": "คลองขรัวตาแก่น", "station_id": 195, "wl_in": -0.24, "wl_out": null, "warning_in": 0.4, "critical_in": 0.5, "status": "offline", "observed_at": "05/06/2569 11:55", "left_bank": 1.0, "right_bank": 1.0, "daily_max": 0.0, "daily_max_yst": 0.0}}, {"type": "Feature", "geometry": {"type": "Point", "coordinates": [100.61107, 13.68443], "crs": null}, "properties": {"name": "ค.บางนางจีน ถ.สุขุมวิท 101/1", "code": "WL.BNJ.04", "district": "พระโขนง", "river": "คลองบางนางจีน", "station_id": 196, "wl_in": -1.15, "wl_out": null, "warning_in": -0.2, "critical_in": 0.0, "status": "normal", "observed_at": "28/06/2569 00:30", "left_bank": 0.0, "right_bank": 0.0, "daily_max": -1.15, "daily_max_yst": -0.76}}, {"type": "Feature", "geometry": {"type": "Point", "coordinates": [100.60746, 13.68202], "crs": null}, "properties": {"name": "ค.บางนางจีน ซ.สุขุมวิท 66/1", "code": "WL.BNJ.02", "district": "บางนา", "river": "คลองบางนางจีน", "station_id": 197, "wl_in": -1.5, "wl_out": null, "warning_in": -0.3, "critical_in": -0.1, "status": "normal", "observed_at": "28/06/2569 00:30", "left_bank": 0.0, "right_bank": 0.0, "daily_max": -1.5, "daily_max_yst": -0.76}}, {"type": "Feature", "geometry": {"type": "Point", "coordinates": [100.60441, 13.68559], "crs": null}, "properties": {"name": "ค.บางอ้อ ซ.สุขุมวิท 64", "code": "WL.BOA.02", "district": "พระโขนง", "river": "คลองบางอ้อ", "station_id": 198, "wl_in": -1.18, "wl_out": null, "warning_in": -0.2, "critical_in": 0.0, "status": "normal", "observed_at": "28/06/2569 00:30", "left_bank": 0.0, "right_bank": 0.05, "daily_max": -1.18, "daily_max_yst": -0.75}}, {"type": "Feature", "geometry": {"type": "Point", "coordinates": [100.6024, 13.69734], "crs": null}, "properties": {"name": "ค.เจ็ก ถ.สุขุมวิท 60/1", "code": "WL.KJK.02", "district": "พระโขนง", "river": "คลองเจ็ก", "station_id": 199, "wl_in": -0.96, "wl_out": null, "warning_in": -0.2, "critical_in": 0.0, "status": "normal", "observed_at": "28/06/2569 00:30", "left_bank": 0.3, "right_bank": 0.6, "daily_max": -0.96, "daily_max_yst": -0.71}}, {"type": "Feature", "geometry": {"type": "Point", "coordinates": [100.75395, 13.77538], "crs": null}, "properties": {"name": "ค.สาม ร่มเกล้า 17", "code": "WL.KSM.01", "district": "ลาดกระบัง", "river": "คลองสาม", "station_id": 200, "wl_in": 0.31, "wl_out": null, "warning_in": 0.6, "critical_in": 0.7, "status": "normal", "observed_at": "28/06/2569 00:30", "left_bank": 1.5, "right_bank": 1.5, "daily_max": 0.31, "daily_max_yst": 0.33}}, {"type": "Feature", "geometry": {"type": "Point", "coordinates": [100.7541, 13.7302], "crs": null}, "properties": {"name": "ค.สาม มอเตอร์เวย์", "code": "WL.KSM.02", "district": "ลาดกระบัง", "river": "คลองสาม", "station_id": 201, "wl_in": 0.19, "wl_out": null, "warning_in": 0.5, "critical_in": 0.6, "status": "normal", "observed_at": "28/06/2569 00:30", "left_bank": 1.4, "right_bank": 1.4, "daily_max": 0.19, "daily_max_yst": 0.2}}, {"type": "Feature", "geometry": {"type": "Point", "coordinates": [100.7689, 13.75363], "crs": null}, "properties": {"name": "ค.สี่ ถ.เจ้าคุณทหาร", "code": "WL.KSI.02", "district": "ลาดกระบัง", "river": "คลองสี่", "station_id": 202, "wl_in": 0.2, "wl_out": null, "warning_in": 0.5, "critical_in": 0.6, "status": "normal", "observed_at": "28/06/2569 00:30", "left_bank": 1.0, "right_bank": 1.0, "daily_max": 0.2, "daily_max_yst": 0.22}}, {"type": "Feature", "geometry": {"type": "Point", "coordinates": [100.76524, 13.81383], "crs": null}, "properties": {"name": "ค.สี่ ถ.สุวินทวงศ์", "code": "WL.KSI.01", "district": "มีนบุรี", "river": "คลองสี่", "station_id": 203, "wl_in": 0.35, "wl_out": null, "warning_in": 0.8, "critical_in": 0.9, "status": "normal", "observed_at": "28/06/2569 00:30", "left_bank": 2.0, "right_bank": 2.0, "daily_max": 0.35, "daily_max_yst": 1.1}}, {"type": "Feature", "geometry": {"type": "Point", "coordinates": [100.75193, 13.72294], "crs": null}, "properties": {"name": "ค.ลาดกระบัง ซ.ลาดกระบัง 54/6", "code": "WL.LKB.01", "district": "ลาดกระบัง", "river": "คลองลาดกระบัง", "station_id": 204, "wl_in": 0.13, "wl_out": null, "warning_in": 0.5, "critical_in": 0.6, "status": "normal", "observed_at": "28/06/2569 00:30", "left_bank": 1.0, "right_bank": 1.0, "daily_max": 0.13, "daily_max_yst": 0.13}}, {"type": "Feature", "geometry": {"type": "Point", "coordinates": [100.70891, 13.74247], "crs": null}, "properties": {"name": "ค.ตาพุก ค.ทับช้างบน", "code": "WL.TPK.03", "district": "ลาดกระบัง", "river": "คลองตาพุก", "station_id": 205, "wl_in": -0.14, "wl_out": null, "warning_in": 0.3, "critical_in": 0.4, "status": "normal", "observed_at": "28/06/2569 00:30", "left_bank": 1.0, "right_bank": 1.0, "daily_max": -0.14, "daily_max_yst": -0.04}}, {"type": "Feature", "geometry": {"type": "Point", "coordinates": [100.70919, 13.72193], "crs": null}, "properties": {"name": "ค.ตาพุก ถ.ลาดกระบัง", "code": "WL.TPK.02", "district": "ประเวศ", "river": "คลองตาพุก", "station_id": 206, "wl_in": -0.22, "wl_out": null, "warning_in": 0.3, "critical_in": 0.4, "status": "normal", "observed_at": "28/06/2569 00:30", "left_bank": 1.0, "right_bank": 1.0, "daily_max": -0.22, "daily_max_yst": -0.11}}, {"type": "Feature", "geometry": {"type": "Point", "coordinates": [100.5847, 13.89041], "crs": null}, "properties": {"name": "ค.วัดหลักสี่ ถ.วิภาวดีรังสิต", "code": "WL.WLS.01", "district": "หลักสี่", "river": "คลองวัดหลักสี่", "station_id": 207, "wl_in": 0.26, "wl_out": null, "warning_in": 0.8, "critical_in": 1.0, "status": "normal", "observed_at": "28/06/2569 00:30", "left_bank": 2.0, "right_bank": 2.0, "daily_max": 0.28, "daily_max_yst": 0.38}}, {"type": "Feature", "geometry": {"type": "Point", "coordinates": [100.62816, 13.77609], "crs": null}, "properties": {"name": "ค.จั่น ถ.ลาดพร้าว", "code": "WL.KJN.01", "district": "วังทองหลาง", "river": "คลองจั่น", "station_id": 208, "wl_in": -0.45, "wl_out": null, "warning_in": -0.2, "critical_in": 0.0, "status": "offline", "observed_at": "27/06/2569 17:05", "left_bank": 0.8, "right_bank": 0.8, "daily_max": -0.32, "daily_max_yst": -0.14}}, {"type": "Feature", "geometry": {"type": "Point", "coordinates": [100.6226, 13.80547], "crs": null}, "properties": {"name": "ค.จั่น ถ.โยธินพัฒนา", "code": "WL.KJN.02", "district": "บางกะปิ", "river": "คลองจั่น", "station_id": 209, "wl_in": -0.45, "wl_out": null, "warning_in": 0.3, "critical_in": 0.4, "status": "normal", "observed_at": "28/06/2569 00:30", "left_bank": 0.9, "right_bank": 0.9, "daily_max": -0.45, "daily_max_yst": -0.17}}, {"type": "Feature", "geometry": {"type": "Point", "coordinates": [100.60897, 13.82306], "crs": null}, "properties": {"name": "ค.เสือน้อย ถ.สุคนธสวัสดิ์", "code": "WL.SNO.01", "district": "ลาดพร้าว", "river": "คลองเสือน้อย", "station_id": 210, "wl_in": -1.26, "wl_out": null, "warning_in": 0.3, "critical_in": 0.4, "status": "offline", "observed_at": "27/06/2569 19:50", "left_bank": 1.0, "right_bank": 1.0, "daily_max": -1.03, "daily_max_yst": -0.95}}, {"type": "Feature", "geometry": {"type": "Point", "coordinates": [100.56001, 13.85509], "crs": null}, "properties": {"name": "ค.ลาดโตนด ปตร.คลองลาดโตนด", "code": "WL.TTN.01", "district": "หลักสี่", "river": "คลองลาดโตนด", "station_id": 211, "wl_in": -0.82, "wl_out": null, "warning_in": 0.1, "critical_in": 0.2, "status": "offline", "observed_at": "27/06/2569 23:10", "left_bank": 1.0, "right_bank": 1.0, "daily_max": -0.82, "daily_max_yst": -0.43}}, {"type": "Feature", "geometry": {"type": "Point", "coordinates": [100.62173, 13.77323], "crs": null}, "properties": {"name": "ค.จิต ซ.ลาดพร้าว 122", "code": "WL.KJT.01", "district": "วังทองหลาง", "river": "คลองจิต", "station_id": 212, "wl_in": -1.04, "wl_out": null, "warning_in": -0.1, "critical_in": 0.0, "status": "normal", "observed_at": "28/06/2569 00:30", "left_bank": 0.75, "right_bank": 0.75, "daily_max": -1.04, "daily_max_yst": -0.92}}, {"type": "Feature", "geometry": {"type": "Point", "coordinates": [100.59756, 13.76206], "crs": null}, "properties": {"name": "ค.พลับพลา ศูนย์แพทย์พัฒนา", "code": "WL.PPA.02", "district": "วังทองหลาง", "river": "คลองพลับพลา"}}, {"type": "Feature", "geometry": {"type": "Point", "coordinates": [100.37053, 13.78651], "crs": null}, "properties": {"name": "ค.บางขุนศรีบุรีรักษ์ ถ.บรมราชชนนี", "code": "WL.SBR.02", "district": "ทวีวัฒนา", "river": "คลองขุนศรีบุรีรักษ์", "station_id": 214, "wl_in": 0.55, "wl_out": null, "warning_in": 0.9, "critical_in": 1.0, "status": "normal", "observed_at": "28/06/2569 00:30", "left_bank": 1.1, "right_bank": 1.1, "daily_max": 0.55, "daily_max_yst": 0.55}}, {"type": "Feature", "geometry": {"type": "Point", "coordinates": [100.43402, 13.62715], "crs": null}, "properties": {"name": "ค.สะแกงาม ถ.กาญจนาภิเษก", "code": "WL.SKG.01", "district": "บางขุนเทียน", "river": "คลองสะแกงาม", "station_id": 215, "wl_in": -0.9, "wl_out": null, "warning_in": 0.4, "critical_in": 0.5, "status": "offline", "observed_at": "27/06/2569 15:25", "left_bank": 1.0, "right_bank": 1.0, "daily_max": -0.85, "daily_max_yst": -0.61}}, {"type": "Feature", "geometry": {"type": "Point", "coordinates": [100.48166, 13.78876], "crs": null}, "properties": {"name": "ค.บางบำหรุ ถ.สิรินธร", "code": "WL.BBR.02", "district": "บางพลัด", "river": "คลองบางบำหรุ", "station_id": 216, "wl_in": 0.25, "wl_out": null, "warning_in": 0.7, "critical_in": 0.8, "status": "normal", "observed_at": "28/06/2569 00:30", "left_bank": 1.0, "right_bank": 1.0, "daily_max": 0.25, "daily_max_yst": 0.27}}, {"type": "Feature", "geometry": {"type": "Point", "coordinates": [100.47591, 13.77927], "crs": null}, "properties": {"name": "ค.บางบำหรุ ถ.บรมราชชนนี", "code": "WL.BBR.01", "district": "บางกอกน้อย", "river": "คลองบางบำหรุ", "station_id": 217, "wl_in": 0.29, "wl_out": null, "warning_in": 0.6, "critical_in": 0.7, "status": "normal", "observed_at": "28/06/2569 00:30", "left_bank": 1.0, "right_bank": 1.0, "daily_max": 0.28, "daily_max_yst": 0.31}}, {"type": "Feature", "geometry": {"type": "Point", "coordinates": [100.38155, 13.79744], "crs": null}, "properties": {"name": "ค.ควาย ถ.ศาลาธรรมสพน์", "code": "WL.KKY.01", "district": "ทวีวัฒนา", "river": "คลองควาย", "station_id": 218, "wl_in": 0.64, "wl_out": null, "warning_in": 0.9, "critical_in": 1.0, "status": "normal", "observed_at": "28/06/2569 00:30", "left_bank": 1.0, "right_bank": 1.0, "daily_max": 0.64, "daily_max_yst": 0.63}}, {"type": "Feature", "geometry": {"type": "Point", "coordinates": [100.38354, 13.78593], "crs": null}, "properties": {"name": "ค.ควาย ถ.บรมราชชนนี", "code": "WL.KKY.02", "district": "ทวีวัฒนา", "river": "คลองควาย", "station_id": 219, "wl_in": 0.59, "wl_out": null, "warning_in": 0.9, "critical_in": 1.0, "status": "normal", "observed_at": "28/06/2569 00:30", "left_bank": 2.0, "right_bank": 2.0, "daily_max": 0.59, "daily_max_yst": 0.59}}, {"type": "Feature", "geometry": {"type": "Point", "coordinates": [100.40662, 13.66731], "crs": null}, "properties": {"name": "ค.บางพราน ถ.บางบอน 2", "code": "WL.BPN.02", "district": "บางบอน", "river": "คลองบางพราน", "station_id": 220, "wl_in": -0.05, "wl_out": null, "warning_in": 0.6, "critical_in": 0.7, "status": "normal", "observed_at": "28/06/2569 00:30", "left_bank": 2.0, "right_bank": 2.0, "daily_max": -0.05, "daily_max_yst": 0.03}}, {"type": "Feature", "geometry": {"type": "Point", "coordinates": [100.42555, 13.67782], "crs": null}, "properties": {"name": "ค.บางพราน ถ.บางบอน 1", "code": "WL.BPN.01", "district": "บางบอน", "river": "คลองบางพราน"}}, {"type": "Feature", "geometry": {"type": "Point", "coordinates": [100.44488, 13.79815], "crs": null}, "properties": {"name": "ค.ศาลเจ้า ถ.สวนผัก", "code": "WL.SCO.01", "district": "ตลิ่งชัน", "river": "คลองศาลเจ้า", "station_id": 222, "wl_in": 0.02, "wl_out": null, "warning_in": 0.6, "critical_in": 0.7, "status": "normal", "observed_at": "28/06/2569 00:30", "left_bank": 1.0, "right_bank": 1.0, "daily_max": 0.02, "daily_max_yst": 0.18}}, {"type": "Feature", "geometry": {"type": "Point", "coordinates": [100.55997, 13.84162], "crs": null}, "properties": {"name": "ค.ลาดยาว ถ.วิภาวดีรังสิต 44", "code": "WL.LYW.02", "district": "จตุจักร", "river": "คลองลาดยาว", "station_id": 223, "wl_in": -1.43, "wl_out": null, "warning_in": 0.2, "critical_in": 0.3, "status": "normal", "observed_at": "28/06/2569 00:30", "left_bank": 0.5, "right_bank": 0.5, "daily_max": -1.42, "daily_max_yst": -1.28}}, {"type": "Feature", "geometry": {"type": "Point", "coordinates": [100.56229, 13.83042], "crs": null}, "properties": {"name": "ค.ลาดยาว ถ.รัชดาภิเษก", "code": "WL.LYW.01", "district": "จตุจักร", "river": "คลองลาดยาว", "station_id": 224, "wl_in": -1.39, "wl_out": null, "warning_in": 0.2, "critical_in": 0.3, "status": "normal", "observed_at": "28/06/2569 00:30", "left_bank": 1.5, "right_bank": 1.5, "daily_max": -1.39, "daily_max_yst": -1.24}}, {"type": "Feature", "geometry": {"type": "Point", "coordinates": [100.53762, 13.70724], "crs": null}, "properties": {"name": "ค.ช่องนนทรี ถ.จันทน์", "code": "WL.CNS.03", "district": "สาทร", "river": "คลองช่องนนทรี", "station_id": 225, "wl_in": 0.0, "wl_out": null, "warning_in": 0.5, "critical_in": 0.6, "status": "offline", "observed_at": "31/08/2568 10:40", "left_bank": 1.0, "right_bank": 1.0, "daily_max": 0.0, "daily_max_yst": 0.0}}, {"type": "Feature", "geometry": {"type": "Point", "coordinates": [100.53124, 13.71979], "crs": null}, "properties": {"name": "ค.ช่องนนทรี ถ.สาทรใต้", "code": "WL.CNS.04", "district": "สาทร", "river": "คลองช่องนนทรี"}}, {"type": "Feature", "geometry": {"type": "Point", "coordinates": [100.52735, 13.7276], "crs": null}, "properties": {"name": "ค.ช่องนนทรี ถ.นราธิวาสราชนครินทร์", "code": "WL.CNS.02", "district": "บางรัก", "river": "คลองช่องนนทรี"}}, {"type": "Feature", "geometry": {"type": "Point", "coordinates": [100.54402, 13.72592], "crs": null}, "properties": {"name": "ค.สาทร ถ.พระรามที่ 4", "code": "WL.STR.02", "district": "สาทร", "river": "คลองสาทร"}}, {"type": "Feature", "geometry": {"type": "Point", "coordinates": [100.58877, 13.74048], "crs": null}, "properties": {"name": "ค.เป้ง ซ.เอกมัย 23", "code": "WL.KPG.01", "district": "วัฒนา", "river": "คลองเป้ง", "station_id": 229, "wl_in": -1.07, "wl_out": null, "warning_in": -0.2, "critical_in": 0.0, "status": "normal", "observed_at": "28/06/2569 00:30", "left_bank": 0.0, "right_bank": 0.0, "daily_max": -1.07, "daily_max_yst": -0.99}}, {"type": "Feature", "geometry": {"type": "Point", "coordinates": [100.59558, 13.71693], "crs": null}, "properties": {"name": "ค.บางมะเขือ ถ.สุขุมวิท 71", "code": "WL.BMK.01", "district": "วัฒนา", "river": "คลองบางมะเขือ", "station_id": 230, "wl_in": -0.97, "wl_out": null, "warning_in": -0.3, "critical_in": 0.0, "status": "normal", "observed_at": "28/06/2569 00:10", "left_bank": 0.0, "right_bank": 0.0, "daily_max": -0.97, "daily_max_yst": -0.82}}, {"type": "Feature", "geometry": {"type": "Point", "coordinates": [100.56054, 13.74233], "crs": null}, "properties": {"name": "คูน้ำวัฒนา รร.วัฒนาวิทยาลัย", "code": "WL.WTN.02", "district": "วัฒนา", "river": "คูน้ำวัฒนา", "station_id": 231, "wl_in": -1.14, "wl_out": null, "warning_in": -0.2, "critical_in": 0.0, "status": "normal", "observed_at": "28/06/2569 00:30", "left_bank": 0.2, "right_bank": 0.2, "daily_max": -1.13, "daily_max_yst": -1.11}}, {"type": "Feature", "geometry": {"type": "Point", "coordinates": [100.51212, 13.76099], "crs": null}, "properties": {"name": "ค.ผดุงกรุงเกษม ทำเนียบรัฐบาล", "code": "WL.KKS.02", "district": "ดุสิต", "river": "คลองผดุงกรุงเกษม", "station_id": 232, "wl_in": -0.86, "wl_out": null, "warning_in": 0.6, "critical_in": 0.7, "status": "normal", "observed_at": "28/06/2569 00:30", "left_bank": 1.1, "right_bank": 1.2, "daily_max": -0.85, "daily_max_yst": -0.58}}, {"type": "Feature", "geometry": {"type": "Point", "coordinates": [100.51582, 13.74126], "crs": null}, "properties": {"name": "ค.ผดุงกรุงเกษม หัวลำโพง", "code": "WL.KKS.03", "district": "ปทุมวัน", "river": "คลองผดุงกรุงเกษม", "station_id": 233, "wl_in": -0.92, "wl_out": null, "warning_in": 0.6, "critical_in": 0.7, "status": "normal", "observed_at": "28/06/2569 00:30", "left_bank": 1.9, "right_bank": 1.5, "daily_max": -0.91, "daily_max_yst": -0.61}}, {"type": "Feature", "geometry": {"type": "Point", "coordinates": [100.49554, 13.75512], "crs": null}, "properties": {"name": "ค.หลอด ถ.ราชดำเนินใน", "code": "WL.KLD.02", "district": "พระนคร", "river": "คลองหลอด", "station_id": 234, "wl_in": -0.35, "wl_out": null, "warning_in": 0.6, "critical_in": 0.7, "status": "normal", "observed_at": "28/06/2569 00:30", "left_bank": 1.0, "right_bank": 1.0, "daily_max": -0.35, "daily_max_yst": 0.0}}, {"type": "Feature", "geometry": {"type": "Point", "coordinates": [100.49492, 13.74261], "crs": null}, "properties": {"name": "ค.หลอด ส.ปากคลองตลาด", "code": "WL.KLD.01", "district": "พระนคร", "river": "คลองหลอด", "station_id": 235, "wl_in": -0.44, "wl_out": null, "warning_in": 0.6, "critical_in": 0.7, "status": "normal", "observed_at": "28/06/2569 00:30", "left_bank": 1.8, "right_bank": 1.8, "daily_max": -0.44, "daily_max_yst": -0.09}}, {"type": "Feature", "geometry": {"type": "Point", "coordinates": [100.50563, 13.75655], "crs": null}, "properties": {"name": "ค.บางลำพู สะพานผ่านฟ้า", "code": "WL.BLP.02", "district": "พระนคร", "river": "คลองบางลำพู", "station_id": 236, "wl_in": -0.87, "wl_out": null, "warning_in": 1.65, "critical_in": 1.85, "status": "normal", "observed_at": "28/06/2569 00:30", "left_bank": 1.0, "right_bank": 1.0, "daily_max": -0.86, "daily_max_yst": -0.59}}, {"type": "Feature", "geometry": {"type": "Point", "coordinates": [100.60535, 13.66948], "crs": null}, "properties": {"name": "ค.บางนา ถ.สุขุมวิท", "code": "WL.BNA.02", "district": "บางนา", "river": "คลองบางนา", "station_id": 237, "wl_in": -1.11, "wl_out": null, "warning_in": 0.5, "critical_in": 0.7, "status": "normal", "observed_at": "28/06/2569 00:30", "left_bank": 0.6, "right_bank": 0.5, "daily_max": -1.1, "daily_max_yst": -0.67}}, {"type": "Feature", "geometry": {"type": "Point", "coordinates": [100.6106, 13.71556], "crs": null}, "properties": {"name": "ค.ประเวศ ซ.อ่อนนุช 17", "code": "WL.PWT.01", "district": "สวนหลวง", "river": "คลองพระโขนง", "station_id": 238, "wl_in": -0.63, "wl_out": null, "warning_in": -0.2, "critical_in": -0.1, "status": "normal", "observed_at": "28/06/2569 00:30", "left_bank": 1.85, "right_bank": 1.97, "daily_max": -0.63, "daily_max_yst": -0.55}}, {"type": "Feature", "geometry": {"type": "Point", "coordinates": [100.35271, 13.78884], "crs": null}, "properties": {"name": "ค.ซอย ถ.บรมราชชนนี", "code": "WL.KSO.01", "district": "ทวีวัฒนา", "river": "คลองซอย", "station_id": 239, "wl_in": 0.67, "wl_out": null, "warning_in": 0.8, "critical_in": 0.9, "status": "normal", "observed_at": "28/06/2569 00:30", "left_bank": 2.0, "right_bank": 2.0, "daily_max": 0.67, "daily_max_yst": 0.66}}, {"type": "Feature", "geometry": {"type": "Point", "coordinates": [100.34874, 13.80014], "crs": null}, "properties": {"name": "ค.ซอย ถ.ศาลาธรรมสพน์", "code": "WL.KSO.02", "district": "ทวีวัฒนา", "river": "คลองซอย", "station_id": 240, "wl_in": 0.69, "wl_out": null, "warning_in": 0.9, "critical_in": 1.0, "status": "normal", "observed_at": "28/06/2569 00:30", "left_bank": 2.0, "right_bank": 2.0, "daily_max": 0.69, "daily_max_yst": 0.68}}, {"type": "Feature", "geometry": {"type": "Point", "coordinates": [100.33518, 13.78838], "crs": null}, "properties": {"name": "ค.ทวีวัฒนา ถ.บรมราชชนนี", "code": "WL.TWW.02", "district": "ทวีวัฒนา", "river": "คลองทวีวัฒนา", "station_id": 241, "wl_in": 0.63, "wl_out": null, "warning_in": 0.8, "critical_in": 0.9, "status": "normal", "observed_at": "28/06/2569 00:30", "left_bank": 1.6, "right_bank": 1.7, "daily_max": 0.63, "daily_max_yst": 0.62}}, {"type": "Feature", "geometry": {"type": "Point", "coordinates": [100.37369, 13.70769], "crs": null}, "properties": {"name": "ค.ทวีวัฒนา ถ.เพชรเกษม", "code": "WL.TWW.03", "district": "บางแค", "river": "คลองทวีวัฒนา", "station_id": 242, "wl_in": 0.6, "wl_out": null, "warning_in": 0.6, "critical_in": 0.7, "status": "warning", "observed_at": "28/06/2569 00:30", "left_bank": 1.8, "right_bank": 1.6, "daily_max": 0.6, "daily_max_yst": 0.61}}, {"type": "Feature", "geometry": {"type": "Point", "coordinates": [100.40551, 13.65786], "crs": null}, "properties": {"name": "ค.บางบอน ถ.กาญจนาภิเษก", "code": "WL.BBN.02", "district": "บางบอน", "river": "คลองบางบอน", "station_id": 243, "wl_in": -0.1, "wl_out": null, "warning_in": 0.6, "critical_in": 0.7, "status": "normal", "observed_at": "28/06/2569 00:30", "left_bank": 1.0, "right_bank": 1.0, "daily_max": -0.1, "daily_max_yst": 0.0}}, {"type": "Feature", "geometry": {"type": "Point", "coordinates": [100.42713, 13.67055], "crs": null}, "properties": {"name": "ค.บางบอน ถ.บางขุนเทียน", "code": "WL.BBN.01", "district": "บางบอน", "river": "คลองบางบอน", "station_id": 244, "wl_in": -0.37, "wl_out": null, "warning_in": 0.6, "critical_in": 0.7, "status": "offline", "observed_at": "27/06/2569 17:30", "left_bank": 1.6, "right_bank": 1.6, "daily_max": -0.21, "daily_max_yst": -0.12}}, {"type": "Feature", "geometry": {"type": "Point", "coordinates": [100.49361, 13.76741], "crs": null}, "properties": {"name": "ค.บางยี่ขัน ส.คลองบางยี่ขัน", "code": "WL.BYK.02", "district": "บางพลัด", "river": "คลองบางยี่ขัน", "station_id": 245, "wl_in": 0.27, "wl_out": null, "warning_in": 0.6, "critical_in": 0.7, "status": "normal", "observed_at": "28/06/2569 00:30", "left_bank": 1.0, "right_bank": 1.0, "daily_max": 0.27, "daily_max_yst": 0.31}}, {"type": "Feature", "geometry": {"type": "Point", "coordinates": [100.48371, 13.77571], "crs": null}, "properties": {"name": "ค.บางยี่ขัน ถ.จรัญสนิทวงศ์", "code": "WL.BYK.01", "district": "บางพลัด", "river": "คลองบางยี่ขัน", "station_id": 246, "wl_in": 0.22, "wl_out": null, "warning_in": 0.6, "critical_in": 0.7, "status": "normal", "observed_at": "28/06/2569 00:30", "left_bank": 1.0, "right_bank": 1.0, "daily_max": 0.22, "daily_max_yst": 0.24}}, {"type": "Feature", "geometry": {"type": "Point", "coordinates": [100.42681, 13.7797], "crs": null}, "properties": {"name": "ค.บัว ถ.พุทธมณฑลสาย 1", "code": "WL.KBU.02", "district": "ตลิ่งชัน", "river": "คลองบัว", "station_id": 247, "wl_in": 0.41, "wl_out": null, "warning_in": 0.9, "critical_in": 1.0, "status": "normal", "observed_at": "28/06/2569 00:30", "left_bank": 1.4, "right_bank": 1.4, "daily_max": 0.41, "daily_max_yst": 0.4}}, {"type": "Feature", "geometry": {"type": "Point", "coordinates": [100.46199, 13.79063], "crs": null}, "properties": {"name": "ค.สวนแดน ถ.ชัยพฤกษ์", "code": "WL.SDN.01", "district": "ตลิ่งชัน", "river": "คลองสวนแดน", "station_id": 248, "wl_in": 0.13, "wl_out": null, "warning_in": 0.5, "critical_in": 0.6, "status": "normal", "observed_at": "28/06/2569 00:30", "left_bank": 1.85, "right_bank": 1.97, "daily_max": 0.13, "daily_max_yst": 0.12}}, {"type": "Feature", "geometry": {"type": "Point", "coordinates": [100.44432, 13.78277], "crs": null}, "properties": {"name": "ค.ขุนจันทร์ ถ.ฉิมพลี", "code": "WL.KJU.01", "district": "ตลิ่งชัน", "river": "คลองขุนจันทร์", "station_id": 249, "wl_in": -0.62, "wl_out": null, "warning_in": 1.65, "critical_in": 1.85, "status": "normal", "observed_at": "28/06/2569 00:30", "left_bank": 1.0, "right_bank": 1.0, "daily_max": -0.48, "daily_max_yst": 0.07}}, {"type": "Feature", "geometry": {"type": "Point", "coordinates": [100.43889, 13.71167], "crs": null}, "properties": {"name": "ค.ภาษีเจริญ วัดรางบัว", "code": "WL.PSC.02", "district": "ภาษีเจริญ", "river": "คลองภาษีเจริญ", "station_id": 250, "wl_in": 0.12, "wl_out": null, "warning_in": 0.7, "critical_in": 0.8, "status": "normal", "observed_at": "28/06/2569 00:30", "left_bank": 1.5, "right_bank": 1.5, "daily_max": 0.12, "daily_max_yst": 0.2}}, {"type": "Feature", "geometry": {"type": "Point", "coordinates": [100.33512, 13.8036], "crs": null}, "properties": {"name": "ค.มหาสวัสดิ์ วัดปุรณาวาส", "code": "WL.MSW.02", "district": "ทวีวัฒนา", "river": "คลองมหาสวัสดิ์", "station_id": 251, "wl_in": 0.79, "wl_out": null, "warning_in": 1.8, "critical_in": 2.0, "status": "normal", "observed_at": "28/06/2569 00:30", "left_bank": 1.5, "right_bank": 1.5, "daily_max": 0.79, "daily_max_yst": 0.89}}, {"type": "Feature", "geometry": {"type": "Point", "coordinates": [100.41648, 13.71575], "crs": null}, "properties": {"name": "ค.บางจาก ซ.เพชรเกษม 68", "code": "WL.BJK.02", "district": "บางแค", "river": "คลองบางจาก", "station_id": 252, "wl_in": 0.22, "wl_out": null, "warning_in": 0.7, "critical_in": 0.8, "status": "normal", "observed_at": "28/06/2569 00:30", "left_bank": 1.2, "right_bank": 1.2, "daily_max": 0.22, "daily_max_yst": 0.28}}, {"type": "Feature", "geometry": {"type": "Point", "coordinates": [100.42615, 13.68658], "crs": null}, "properties": {"name": "ค.บางโคลัด ถ.บางบอน 1", "code": "WL.BKL.01", "district": "บางบอน", "river": "คลองบางโคลัด"}}, {"type": "Feature", "geometry": {"type": "Point", "coordinates": [100.43219, 13.71253], "crs": null}, "properties": {"name": "ค.ยายเพียร ถ.เพชรเกษม", "code": "WL.YPE.01", "district": "ภาษีเจริญ", "river": "คลองยายเพียร", "station_id": 254, "wl_in": 0.15, "wl_out": null, "warning_in": 1.65, "critical_in": 1.85, "status": "normal", "observed_at": "28/06/2569 00:30", "left_bank": 0.75, "right_bank": 0.75, "daily_max": 0.15, "daily_max_yst": 0.23}}, {"type": "Feature", "geometry": {"type": "Point", "coordinates": [100.46424, 13.78422], "crs": null}, "properties": {"name": "ค.วัดไก่เตี้ย ส.คลองวัดไก่เตี้ย", "code": "WL.WKT.01", "district": "ตลิ่งชัน", "river": "คลองวัดไก่เตี้ย", "station_id": 255, "wl_in": 0.35, "wl_out": null, "warning_in": 1.65, "critical_in": 1.85, "status": "normal", "observed_at": "28/06/2569 00:30", "left_bank": 2.0, "right_bank": 2.0, "daily_max": 0.35, "daily_max_yst": 0.34}}, {"type": "Feature", "geometry": {"type": "Point", "coordinates": [100.64935, 13.6594], "crs": null}, "properties": {"name": "ค.บางนา ซ.บางนา-ตราด 56", "code": "WL.BNA.04", "district": "บางนา", "river": "คลองบางนา", "station_id": 256, "wl_in": -0.49, "wl_out": null, "warning_in": 0.5, "critical_in": 0.6, "status": "normal", "observed_at": "28/06/2569 00:30", "left_bank": 1.0, "right_bank": 1.0, "daily_max": -0.49, "daily_max_yst": -0.33}}, {"type": "Feature", "geometry": {"type": "Point", "coordinates": [100.59243, 13.7631], "crs": null}, "properties": {"name": "ค.ชวดใหญ่ คลองลาดพร้าว", "code": "WL.CYI.03", "district": "ห้วยขวาง", "river": "คลองชวดใหญ่", "station_id": 257, "wl_in": -0.63, "wl_out": null, "warning_in": -0.1, "critical_in": 0.0, "status": "offline", "observed_at": "27/06/2569 16:05", "left_bank": 1.1, "right_bank": 1.1, "daily_max": -0.59, "daily_max_yst": -0.5}}, {"type": "Feature", "geometry": {"type": "Point", "coordinates": [100.58655, 13.79875], "crs": null}, "properties": {"name": "ค.บางซื่อ ถ.ลาดพร้าว", "code": "WL.BSU.07", "district": "ห้วยขวาง", "river": "คลองบางซื่อ", "station_id": 258, "wl_in": -0.42, "wl_out": null, "warning_in": 0.6, "critical_in": 0.4, "status": "normal", "observed_at": "28/06/2569 00:30", "left_bank": 0.6, "right_bank": 0.75, "daily_max": -0.42, "daily_max_yst": -0.4}}, {"type": "Feature", "geometry": {"type": "Point", "coordinates": [100.58091, 13.75383], "crs": null}, "properties": {"name": "ค.สามเสน คลองชวดใหญ่", "code": "WL.SSN.10", "district": "ห้วยขวาง", "river": "คลองสามเสน", "station_id": 259, "wl_in": -0.62, "wl_out": null, "warning_in": -0.1, "critical_in": 0.0, "status": "normal", "observed_at": "28/06/2569 00:30", "left_bank": 1.1, "right_bank": 1.1, "daily_max": -0.61, "daily_max_yst": -0.54}}, {"type": "Feature", "geometry": {"type": "Point", "coordinates": [100.60233, 13.68495], "crs": null}, "properties": {"name": "ค.บางอ้อน้อย ซ.สุขุมวิท 64", "code": "WL.BON.01", "district": "พระโขนง", "river": "คลองบางอ้อน้อย", "station_id": 260, "wl_in": -1.16, "wl_out": null, "warning_in": -0.2, "critical_in": 0.0, "status": "normal", "observed_at": "28/06/2569 00:30", "left_bank": 0.85, "right_bank": 0.85, "daily_max": -1.16, "daily_max_yst": -0.72}}, {"type": "Feature", "geometry": {"type": "Point", "coordinates": [100.60305, 13.68076], "crs": null}, "properties": {"name": "ค.บางอ้อใหญ่ ซ.สุขุมวิท 66/1", "code": "WL.BOA.03", "district": "พระโขนง", "river": "คลองบางอ้อ", "station_id": 261, "wl_in": -1.14, "wl_out": null, "warning_in": -0.2, "critical_in": 0.0, "status": "normal", "observed_at": "28/06/2569 00:25", "left_bank": 0.15, "right_bank": 0.15, "daily_max": -1.14, "daily_max_yst": -0.7}}, {"type": "Feature", "geometry": {"type": "Point", "coordinates": [100.70241, 13.71579], "crs": null}, "properties": {"name": "ค.จระเข้ขบ-ถ.สุขาภิบาล2 ซ.2", "code": "WL.JKK.01", "district": "ประเวศ", "river": "คลองจระเข้ขบ", "station_id": 262, "wl_in": -0.23, "wl_out": null, "warning_in": 0.2, "critical_in": 0.6, "status": "offline", "observed_at": "27/06/2569 17:05", "left_bank": 0.85, "right_bank": 0.85, "daily_max": -0.14, "daily_max_yst": -0.12}}, {"type": "Feature", "geometry": {"type": "Point", "coordinates": [100.69899, 13.68035], "crs": null}, "properties": {"name": "ค.ปากน้ำ ถ.คู่ขนานกาญจนาภิเษก", "code": "WL.PNM.01", "district": "ประเวศ", "river": "คลองปากน้ำ", "station_id": 263, "wl_in": -0.2, "wl_out": null, "warning_in": 0.2, "critical_in": 0.3, "status": "normal", "observed_at": "28/06/2569 00:30", "left_bank": 0.45, "right_bank": 0.45, "daily_max": -0.2, "daily_max_yst": -0.05}}, {"type": "Feature", "geometry": {"type": "Point", "coordinates": [100.63895, 13.93729], "crs": null}, "properties": {"name": "คูน้ำแอนเนกซ์ ", "code": "WL.ANX.01", "district": "สายไหม", "river": "บ่อสูบน้ำพหลโยธิน 58", "station_id": 264, "wl_in": -0.08, "wl_out": null, "warning_in": 0.6, "critical_in": 0.8, "status": "normal", "observed_at": "28/06/2569 00:20", "left_bank": 0.95, "right_bank": 0.95, "daily_max": -0.04, "daily_max_yst": -0.04}}, {"type": "Feature", "geometry": {"type": "Point", "coordinates": [100.62848, 13.85826], "crs": null}, "properties": {"name": "ค.กระเฉด(โรงควบคุมคุณภาพน้ำรามอินทรา)", "code": "WL.KCD.01", "district": "บางเขน", "river": "คลองกระเฉด", "station_id": 265, "wl_in": -1.09, "wl_out": null, "warning_in": -0.4, "critical_in": -0.2, "status": "normal", "observed_at": "28/06/2569 00:30", "left_bank": 0.2, "right_bank": 0.2, "daily_max": -1.08, "daily_max_yst": -1.0}}, {"type": "Feature", "geometry": {"type": "Point", "coordinates": [100.50538, 13.75379], "crs": null}, "properties": {"name": "ค.โอ่งอ่าง ปตร.วัดเทพธิดาราม ", "code": "WL.OAG.01", "district": "พระนคร", "river": "คลองโอ่งอ่าง", "station_id": 266, "wl_in": -0.9, "wl_out": null, "warning_in": 0.8, "critical_in": 1.0, "status": "normal", "observed_at": "28/06/2569 00:30", "left_bank": 1.0, "right_bank": 1.2, "daily_max": -0.89, "daily_max_yst": -0.64}}, {"type": "Feature", "geometry": {"type": "Point", "coordinates": [100.60559, 13.93929], "crs": null}, "properties": {"name": "คูนายกิมสาย 1-ถ.เลียบคูนายกิมสาย 1", "code": "WL.NK1.01", "district": "ดอนเมือง", "river": "คูนายกิมสาย 1", "station_id": 267, "wl_in": -0.18, "wl_out": null, "warning_in": 1.15, "critical_in": 1.44, "status": "normal", "observed_at": "28/06/2569 00:30", "left_bank": 1.44, "right_bank": 1.45, "daily_max": -0.18, "daily_max_yst": 0.26}}, {"type": "Feature", "geometry": {"type": "Point", "coordinates": [100.6159, 13.70696], "crs": null}, "properties": {"name": "ค.สวนอ้อย-ถ.อ่อนนุช ซอย 28", "code": "WL.SOL.01", "district": "สวนหลวง", "river": "คลองสวนอ้อย", "station_id": 268, "wl_in": -1.12, "wl_out": null, "warning_in": 0.65, "critical_in": 0.81, "status": "normal", "observed_at": "28/06/2569 00:30", "left_bank": 0.81, "right_bank": 0.81, "daily_max": -1.12, "daily_max_yst": -0.74}}, {"type": "Feature", "geometry": {"type": "Point", "coordinates": [100.62285, 13.69986], "crs": null}, "properties": {"name": "ค.บ้านหลาย-ซ.พึ่งมี 48", "code": "WL.BLY.02", "district": "พระโขนง", "river": "คลองบ้านหลาย", "station_id": 269, "wl_in": -1.38, "wl_out": null, "warning_in": 0.92, "critical_in": 1.15, "status": "normal", "observed_at": "28/06/2569 00:30", "left_bank": 1.15, "right_bank": 1.41, "daily_max": -1.38, "daily_max_yst": -0.7}}, {"type": "Feature", "geometry": {"type": "Point", "coordinates": [100.62618, 13.71858], "crs": null}, "properties": {"name": "ค.หัวหมาก-ซ.พัฒนาการ 32", "code": "WL.HMK.03", "district": "สวนหลวง", "river": "คลองหัวหมาก", "station_id": 270, "wl_in": -0.57, "wl_out": null, "warning_in": 0.82, "critical_in": 1.03, "status": "offline", "observed_at": "13/08/2568 18:45", "left_bank": 1.03, "right_bank": 2.0, "daily_max": 2.44, "daily_max_yst": 2.29}}, {"type": "Feature", "geometry": {"type": "Point", "coordinates": [100.6481, 13.78472], "crs": null}, "properties": {"name": "บึงรับน้ำลำพังพวย-ถ.นวมินทร์", "code": "WL.LPP.01", "district": "บึงกุ่ม", "river": "บึงรับน้ำลำพังพวย", "station_id": 271, "wl_in": -1.48, "wl_out": null, "warning_in": 0.4, "critical_in": 0.5, "status": "normal", "observed_at": "28/06/2569 00:30", "left_bank": 0.73, "right_bank": 0.68, "daily_max": -1.48, "daily_max_yst": -1.19}}, {"type": "Feature", "geometry": {"type": "Point", "coordinates": [100.55909, 13.82159], "crs": null}, "properties": {"name": "คูน้ำวิภาวดี-ซ.วิภาวดีรังสิต 28", "code": "WL.VPD.03", "district": "จตุจักร", "river": "คูน้ำวิภาวดี", "station_id": 272, "wl_in": -1.11, "wl_out": null, "warning_in": 0.2, "critical_in": 0.3, "status": "normal", "observed_at": "28/06/2569 00:30", "left_bank": 0.59, "right_bank": 0.59, "daily_max": -1.11, "daily_max_yst": -1.06}}, {"type": "Feature", "geometry": {"type": "Point", "coordinates": [100.55926, 13.95064], "crs": null}, "properties": {"name": "ค.บ้านใหม่-ซ.พระแม่การุณย์ 27", "code": "WL.BAM.01", "district": "อำเภอปากเกร็ดนนทบุรี", "river": "คลองบ้านใหม่", "station_id": 273, "wl_in": 0.04, "wl_out": null, "warning_in": 0.8, "critical_in": 1.01, "status": "normal", "observed_at": "28/06/2569 00:30", "left_bank": 1.93, "right_bank": 1.01, "daily_max": 0.04, "daily_max_yst": 0.24}}, {"type": "Feature", "geometry": {"type": "Point", "coordinates": [100.55081, 13.76996], "crs": null}, "properties": {"name": "คูน้ำวิภาวดี-กรมดุริยางค์ทหารบก", "code": "WL.VPD.02", "district": "พญาไท", "river": "คูน้ำวิภาวดี", "station_id": 274, "wl_in": -1.07, "wl_out": null, "warning_in": 0.2, "critical_in": 0.3, "status": "normal", "observed_at": "28/06/2569 00:30", "left_bank": 0.64, "right_bank": 0.57, "daily_max": -1.07, "daily_max_yst": -0.91}}, {"type": "Feature", "geometry": {"type": "Point", "coordinates": [100.60767, 13.93925], "crs": null}, "properties": {"name": "คูน้ำนายใช้-ค.เปรมประชากร", "code": "WL.NCH.02", "district": "ดอนเมือง", "river": "คูน้ำนายใช้", "station_id": 275, "wl_in": 0.75, "wl_out": null, "warning_in": 1.92, "critical_in": 2.4, "status": "normal", "observed_at": "28/06/2569 00:30", "left_bank": 2.4, "right_bank": 2.43, "daily_max": 0.75, "daily_max_yst": 0.76}}, {"type": "Feature", "geometry": {"type": "Point", "coordinates": [100.62865, 13.8399], "crs": null}, "properties": {"name": "บึงรับน้ำหมู่บ้านแฟรนต์ชิพ-ปตร.คลองออหลาว", "code": "WL.MFS.01", "district": "ลาดพร้าว", "river": "บึงหมู่บ้านเฟรนต์ชิพ", "station_id": 276, "wl_in": -0.52, "wl_out": null, "warning_in": 1.02, "critical_in": 1.27, "status": "normal", "observed_at": "28/06/2569 00:30", "left_bank": 1.33, "right_bank": 1.27, "daily_max": -0.52, "daily_max_yst": -0.51}}, {"type": "Feature", "geometry": {"type": "Point", "coordinates": [100.68944, 13.66424], "crs": null}, "properties": {"name": "ค.อาจารย์พร-ปตร.คลองอาจารย์พร", "code": "WL.AJP.01", "district": "ประเวศ", "river": "คลองอาจารย์พร", "station_id": 277, "wl_in": -0.86, "wl_out": null, "warning_in": 0.71, "critical_in": 0.89, "status": "normal", "observed_at": "28/06/2569 00:30", "left_bank": 0.91, "right_bank": 0.89, "daily_max": -0.86, "daily_max_yst": -0.41}}, {"type": "Feature", "geometry": {"type": "Point", "coordinates": [100.65679, 13.76438], "crs": null}, "properties": {"name": "ค.หัวหมาก-ซ.รามคาแหง 68", "code": "WL.HMK.02", "district": "บางกะปิ", "river": "คลองหัวหมาก", "station_id": 278, "wl_in": -0.44, "wl_out": null, "warning_in": 0.68, "critical_in": 0.79, "status": "normal", "observed_at": "28/06/2569 00:30", "left_bank": 0.79, "right_bank": 0.95, "daily_max": -0.44, "daily_max_yst": -0.36}}, {"type": "Feature", "geometry": {"type": "Point", "coordinates": [100.67492, 13.70015], "crs": null}, "properties": {"name": "ค.มะขามเทศ-ถ.พัฒนาการ", "code": "WL.MKT.01", "district": "ประเวศ", "river": "คลองมะขามเทศ", "station_id": 279, "wl_in": -0.49, "wl_out": null, "warning_in": 0.62, "critical_in": 0.77, "status": "normal", "observed_at": "28/06/2569 00:30", "left_bank": 0.77, "right_bank": 0.77, "daily_max": -0.49, "daily_max_yst": -0.28}}, {"type": "Feature", "geometry": {"type": "Point", "coordinates": [100.46284, 13.73232], "crs": null}, "properties": {"name": "ค.ชักพระ วัดคูหาสวรรค์", "code": "WL.CPA.02", "district": "ภาษีเจริญ", "river": "คลองชักพระ", "station_id": 280, "wl_in": 0.16, "wl_out": null, "warning_in": 0.93, "critical_in": 1.16, "status": "normal", "observed_at": "28/06/2569 00:30", "left_bank": 1.16, "right_bank": 1.2, "daily_max": 0.16, "daily_max_yst": 0.25}}, {"type": "Feature", "geometry": {"type": "Point", "coordinates": [100.45005, 13.62024], "crs": null}, "properties": {"name": "ค.วัดหัวกระบือ-วัดหัวกระบือ", "code": "WL.WHK.01", "district": "บางขุนเทียน", "river": "คลองวัดหัวกระบือ", "station_id": 281, "wl_in": 0.77, "wl_out": null, "warning_in": 0.89, "critical_in": 1.11, "status": "normal", "observed_at": "28/06/2569 00:30", "left_bank": 1.11, "right_bank": 1.27, "daily_max": 0.79, "daily_max_yst": 0.82}}, {"type": "Feature", "geometry": {"type": "Point", "coordinates": [100.54239, 13.8219], "crs": null}, "properties": {"name": "บึงรับน้ำปูนซีเมนต์ไทย ส.บึงบางซื่อ", "code": "WL.PST.01", "district": "จตุจักร", "river": "บึงรับน้ำปูนซีเมนต์ไทย", "station_id": 282, "wl_in": -0.66, "wl_out": null, "warning_in": 0.15, "critical_in": 0.19, "status": "normal", "observed_at": "28/06/2569 00:30", "left_bank": 1.77, "right_bank": 0.19, "daily_max": -0.66, "daily_max_yst": -0.66}}, {"type": "Feature", "geometry": {"type": "Point", "coordinates": [100.66176, 13.78428], "crs": null}, "properties": {"name": "บึงรับน้ำบึงกุ่มบางเตย ส.คลองบางเตยล่าง", "code": "WL.BKT.01", "district": "บึงกุ่ม", "river": "บึงรับน้ำบึงกุ่มบางเตย", "station_id": 283, "wl_in": -0.41, "wl_out": null, "warning_in": 0.33, "critical_in": 0.41, "status": "normal", "observed_at": "28/06/2569 00:30", "left_bank": 0.41, "right_bank": 0.6, "daily_max": -0.41, "daily_max_yst": -0.34}}, {"type": "Feature", "geometry": {"type": "Point", "coordinates": [100.67784, 13.76676], "crs": null}, "properties": {"name": "บึงรับน้ำหมู่บ้านสัมมากร ส.บึงที่ 2 คลองบ้านม้า 2", "code": "WL.SMK.01", "district": "สะพานสูง", "river": "บึงรับน้ำหมู่บ้านสัมมากร", "station_id": 284, "wl_in": -0.52, "wl_out": null, "warning_in": 0.35, "critical_in": 0.44, "status": "normal", "observed_at": "28/06/2569 00:30", "left_bank": 0.83, "right_bank": 0.44, "daily_max": -0.52, "daily_max_yst": -0.47}}, {"type": "Feature", "geometry": {"type": "Point", "coordinates": [100.66429, 13.72417], "crs": null}, "properties": {"name": "บึงรับน้ำ ม.เมืองทองการ์เด้น ปตร. , แก้มลิง ม.เมืองทองการ์เด้น", "code": "WL.MTG.01", "district": "ประเวศ", "river": "บึงรับน้ำหมู่บ้านเมืองทองการ์เด้น", "station_id": 285, "wl_in": -0.68, "wl_out": null, "warning_in": 1.46, "critical_in": 1.83, "status": "normal", "observed_at": "28/06/2569 00:30", "left_bank": 1.83, "right_bank": 1.86, "daily_max": -0.68, "daily_max_yst": -0.65}}, {"type": "Feature", "geometry": {"type": "Point", "coordinates": [100.61482, 13.77092], "crs": null}, "properties": {"name": "ค.เจ้าคุณสิงห์-ถ.อินทราภรณ์", "code": "WL.CKS.03", "district": "วังทองหลาง", "river": "คลองเจ้าคุณสิงห์", "station_id": 286, "wl_in": -1.3, "wl_out": null, "warning_in": 0.51, "critical_in": 0.64, "status": "normal", "observed_at": "28/06/2569 00:30", "left_bank": 0.64, "right_bank": 0.82, "daily_max": -1.27, "daily_max_yst": -1.02}}, {"type": "Feature", "geometry": {"type": "Point", "coordinates": [100.38578, 13.64931], "crs": null}, "properties": {"name": "ค.หมื่นแช่ม-ถ.เอกชัย", "code": "WL.MCM.01", "district": "บางบอน", "river": "คลองหมื่นแช่ม", "station_id": 287, "wl_in": 0.02, "wl_out": null, "warning_in": 1.12, "critical_in": 1.4, "status": "normal", "observed_at": "28/06/2569 00:30", "left_bank": 1.4, "right_bank": 1.4, "daily_max": 0.02, "daily_max_yst": 0.09}}, {"type": "Feature", "geometry": {"type": "Point", "coordinates": [100.66569, 13.77281], "crs": null}, "properties": {"name": "ค.บ้านม้า-ถ.รามคำแหง", "code": "WL.BMA.02", "district": "บางกะปิ", "river": "คลองบ้านม้า", "station_id": 288, "wl_in": -0.41, "wl_out": null, "warning_in": 2.14, "critical_in": 2.68, "status": "offline", "observed_at": "27/06/2569 11:10", "left_bank": 2.75, "right_bank": 2.68, "daily_max": -0.36, "daily_max_yst": -0.08}}, {"type": "Feature", "geometry": {"type": "Point", "coordinates": [100.66787, 13.67009], "crs": null}, "properties": {"name": "ค.ปลัดเปรียง-ถ.เฉลิมพระเกียรติร.9 ซ.14", "code": "WL.PLP.01", "district": "ประเวศ", "river": "คลองปลัดเปรียง", "station_id": 289, "wl_in": -0.57, "wl_out": null, "warning_in": 0.4, "critical_in": 0.5, "status": "normal", "observed_at": "28/06/2569 00:30", "left_bank": 0.6, "right_bank": 0.76, "daily_max": -0.57, "daily_max_yst": -0.36}}, {"type": "Feature", "geometry": {"type": "Point", "coordinates": [100.3949, 13.78274], "crs": null}, "properties": {"name": "ค.บ้านไทร-ถ.พุทธมณฑลสาย 2", "code": "WL.BNS.01", "district": "ทวีวัฒนา", "river": "คลองบ้านไทร", "station_id": 290, "wl_in": 0.42, "wl_out": null, "warning_in": 2.78, "critical_in": 3.47, "status": "normal", "observed_at": "28/06/2569 00:30", "left_bank": 3.47, "right_bank": 3.53, "daily_max": 0.42, "daily_max_yst": 0.42}}, {"type": "Feature", "geometry": {"type": "Point", "coordinates": [100.44685, 13.66616], "crs": null}, "properties": {"name": "ค.สนามชัย-วัดเลา", "code": "WL.SNC.03", "district": "บางขุนเทียน", "river": "คลองสนามชัย", "station_id": 291, "wl_in": -0.25, "wl_out": null, "warning_in": 0.4, "critical_in": 0.5, "status": "normal", "observed_at": "28/06/2569 00:30", "left_bank": 0.8, "right_bank": 0.86, "daily_max": -0.25, "daily_max_yst": -0.11}}, {"type": "Feature", "geometry": {"type": "Point", "coordinates": [100.42779, 13.68785], "crs": null}, "properties": {"name": "ค.พระยาราชมนตรี-ถ.กัลปพฤกษ์", "code": "WL.RMT.03", "district": "บางแค", "river": "คลองพระยาราชมนตรี", "station_id": 292, "wl_in": 0.03, "wl_out": null, "warning_in": 0.6, "critical_in": 0.7, "status": "normal", "observed_at": "28/06/2569 00:30", "left_bank": 1.0, "right_bank": 1.0, "daily_max": 0.03, "daily_max_yst": 0.16}}, {"type": "Feature", "geometry": {"type": "Point", "coordinates": [100.55784, 13.78252], "crs": null}, "properties": {"name": "คูน้ำวิภาวดี-สนามกีฬา ทบ.", "code": "WL.VPD.01", "district": "พญาไท", "river": "คูน้ำวิภาวดี", "station_id": 293, "wl_in": -1.11, "wl_out": null, "warning_in": 0.2, "critical_in": 0.3, "status": "normal", "observed_at": "28/06/2569 00:30", "left_bank": 0.64, "right_bank": 0.64, "daily_max": -1.11, "daily_max_yst": -0.95}}, {"type": "Feature", "geometry": {"type": "Point", "coordinates": [100.33789, 13.67753], "crs": null}, "properties": {"name": "ค.ภาษีเจริญ-วัดหนองแขม", "code": "WL.PSC.05", "district": "หนองแขม", "river": "คลองภาษีเจริญ", "station_id": 294, "wl_in": 0.2, "wl_out": null, "warning_in": 0.6, "critical_in": 0.7, "status": "normal", "observed_at": "28/06/2569 00:30", "left_bank": 1.85, "right_bank": 2.0, "daily_max": 0.2, "daily_max_yst": 0.24}}, {"type": "Feature", "geometry": {"type": "Point", "coordinates": [100.49015, 13.68868], "crs": null}, "properties": {"name": "ค.บางปะแก้ว-ถ.ราษฎร์บูรณะ", "code": "WL.BPK.01", "district": "ราษฎร์บูรณะ", "river": "คลองบางปะแก้ว", "station_id": 295, "wl_in": -0.1, "wl_out": null, "warning_in": 0.6, "critical_in": 0.7, "status": "normal", "observed_at": "28/06/2569 00:30", "left_bank": 1.0, "right_bank": 1.0, "daily_max": -0.1, "daily_max_yst": 0.06}}, {"type": "Feature", "geometry": {"type": "Point", "coordinates": [100.4784, 13.70645], "crs": null}, "properties": {"name": "ค.วัดสุทธาวาส-ซ.เทอดไท 33", "code": "WL.WSV.01", "district": "ธนบุรี", "river": "คลองสุทธาวาส", "station_id": 296, "wl_in": -0.08, "wl_out": null, "warning_in": 0.6, "critical_in": 0.8, "status": "normal", "observed_at": "28/06/2569 00:30", "left_bank": 0.8, "right_bank": 0.8, "daily_max": -0.08, "daily_max_yst": 0.29}}, {"type": "Feature", "geometry": {"type": "Point", "coordinates": [100.63959, 13.68033], "crs": null}, "properties": {"name": "ค.เคล็ด-ซ.เปรมฤทัย 20", "code": "WL.KKD.04", "district": "พระโขนง", "river": "คลองเคล็ด", "station_id": 297, "wl_in": -0.7, "wl_out": null, "warning_in": 0.5, "critical_in": 1.0, "status": "offline", "observed_at": "26/06/2569 20:00", "left_bank": 1.1, "right_bank": 1.1, "daily_max": -0.68, "daily_max_yst": -0.7}}, {"type": "Feature", "geometry": {"type": "Point", "coordinates": [100.58766, 13.89979]}, "properties": {"name": "คลองเปรมประชากร ตอนคลองตาอูฐ", "code": "WL.KPM.07", "district": "หลักสี่", "river": "คลองเปรมประชากร", "station_id": 300, "wl_in": 0.33, "wl_out": null, "warning_in": 1.0, "critical_in": 1.2, "status": "offline", "observed_at": "27/06/2569 17:00", "left_bank": 2.0, "right_bank": 2.0, "daily_max": 0.33, "daily_max_yst": 0.68}}, {"type": "Feature", "geometry": {"type": "Point", "coordinates": [100.59337, 13.91035]}, "properties": {"name": "คลองเปรมประชากร ตอนสำนักงานเขตดอนเมือง", "code": "WL.KPM.08", "district": "ดอนเมือง", "river": "คลองเปรมประชากร", "station_id": 332, "wl_in": 0.3, "wl_out": null, "warning_in": 1.0, "critical_in": 1.2, "status": "normal", "observed_at": "28/06/2569 00:30", "left_bank": 1.5, "right_bank": 1.5, "daily_max": 0.31, "daily_max_yst": 0.47}}, {"type": "Feature", "geometry": {"type": "Point", "coordinates": [100.71265, 13.78244]}, "properties": {"name": "จุดวัดบึงรับน้ำหมู่บ้าน เคหะธานี 4", "code": "WL.KT4.01", "district": "สะพานสูง", "river": "บึงรับน้ำหมู่บ้าน เคหะธานี 4", "station_id": 299, "wl_in": 0.1, "wl_out": null, "warning_in": 0.4, "critical_in": 0.5, "status": "offline", "observed_at": "27/06/2569 17:00", "left_bank": 0.6, "right_bank": 0.6, "daily_max": 0.11, "daily_max_yst": 0.12}}, {"type": "Feature", "geometry": {"type": "Point", "coordinates": [100.8675, 13.6943]}, "properties": {"name": "ประตูระบายน้ำคลองประเวศฯ - กรมชลประทาน", "code": "WL.PWT.07", "district": "อำเภอบางบ่อสมุทรปราการ", "river": "คลองประเวศบุรีรมย์", "station_id": 298, "wl_in": 0.07, "wl_out": null, "warning_in": 0.4, "critical_in": 0.5, "status": "normal", "observed_at": "28/06/2569 00:30", "left_bank": 3.0, "right_bank": 3.0, "daily_max": 0.09, "daily_max_yst": 0.09}}]}