objectid,id,k_code,k_name,k_from,k_to,k_width,k_long,khet_name,k_type,updatedate,adddate
1,1770,516,ลำรางอุทัยรัตน์,คลองบางซื่อ,สุดระยะที่กำหนดให้,4-Feb,140,พญาไท,2,5/13/2020 17:00:00,5/13/2020 17:00:00
2,1769,515,ลำรางอีพรุน,คลองบางเชือกหนัง,คลองบางไผ่,29-Aug,1650,บางแค,2,5/13/2020 17:00:00,5/13/2020 17:00:00
3,1768,514,ลำรางอิมเพลโฮม,บึงสะแกงาม,คลองบึงทราบกองดิน,3-Feb,800,คลองสามวา,2,5/13/2020 17:00:00,5/13/2020 17:00:00
4,1767,513,ลำรางอินทามระ,ซอยอินทามระ 12,ถนนสุทธิสารวินิจฉัย,3 - 3.5,69,พญาไท,2,5/13/2020 17:00:00,5/13/2020 17:00:00
5,1766,512,ลำรางอินทราชัย,คลองแสนแสบช่วงท้ายซอยรามฯ 39,ถนนศรีวรา,8-Mar,1215,วังทองหลาง,2,5/13/2020 17:00:00,5/13/2020 17:00:00
6,1765,511,ลำรางออหลาว,คลองโคกคราม,คลองสามขา,18-Oct,640,ลาดพร้าว,2,5/13/2020 17:00:00,5/13/2020 17:00:00
7,1764,510,ลำรางหอกหัก,คลองหัวกระบือ,ลำรางหัวกระบือ,20-May,1200,บางขุนเทียน,2,5/13/2020 17:00:00,5/13/2020 17:00:00
8,1763,509,ลำรางหลังศูนย์การค้าวรจักร,ซอยศูนย์การค้าวรจักร,คลองมหานาค,0.8 -1.21,95,ป้อมปราบศัตรูพ่าย,2,5/13/2020 17:00:00,5/13/2020 17:00:00
9,1762,508,ลำรางหลังวัดบางชัน,คลองลำเกร็ด,คลองบางชัน,8-Jun,250,คันนายาว,2,5/13/2020 17:00:00,5/13/2020 17:00:00
10,1761,507,ลำรางหลังโรงเหล็ก ซอยสมพรเพชรทองคำ,คลองพระยาไชยยศ,ลำรางสาธารณประโยชน์,8-Feb,550,บางขุนเทียน,2,5/13/2020 17:00:00,5/13/2020 17:00:00
11,1760,506,ลำรางหลังโรงเรียนบ้านบางกะปิ,ซอยลาดพร้าว 127,ซอยลาดพร้าว 129,8-Apr,490,บางกะปิ,2,5/13/2020 17:00:00,5/13/2020 17:00:00
12,1759,505,ลำรางหลวง,คลองทับช้างล่าง,คลองทับช้างบน,6-Apr,1100,สะพานสูง,2,5/13/2020 17:00:00,5/13/2020 17:00:00
13,1758,504,ลำรางหมู่บ้านแฮปปี้เพรส 2,ลำรางข้างหมู่บ้านเจ้าคุณ,คลองลำปลาทิว,3-Feb,350,ลาดกระบัง,2,5/13/2020 17:00:00,5/13/2020 17:00:00
14,1757,503,ลำรางหมู่บ้านเมืองทอง 2/3,คลองหัวหมาก,ลำบึงบ้านม้า,10-Jun,2500,สวนหลวง,2,5/13/2020 17:00:00,5/13/2020 17:00:00
15,1756,502,ลำรางหมู่บ้านเจ้าคุณ,ถนนเจ้าคุณทหาร,คลองลำชวดเตย,3-Feb,300,ลาดกระบัง,2,5/13/2020 17:00:00,5/13/2020 17:00:00
16,1755,501,ลำรางหมู่บ้านจิราธร,ถ.รามคำแหง,หมู่บ้านจิรธร,6-Apr,700,สะพานสูง,2,5/13/2020 17:00:00,5/13/2020 17:00:00
17,1754,500,ลำรางหมู่บ้านเคหะนคร 2,คลองลาดกระบัง,สุดเขต กทม.,3-Feb,338,ลาดกระบัง,2,5/13/2020 17:00:00,5/13/2020 17:00:00
18,1753,499,ลำรางหนองปลาดุก,ลำรางบวบขม,คลองหนองแขม,6-Apr,900,บึงกุ่ม,2,5/13/2020 17:00:00,5/13/2020 17:00:00
19,1752,498,ลำรางหนองกระดี่,คลองลำเกร็ด,สุดระยะที่กำหนดให้,10-May,700,คันนายาว,2,5/13/2020 17:00:00,5/13/2020 17:00:00
20,1751,497,ลำรางสุเหร่าหัวหมากน้อย,คลองหัวหมาก,คลองลำสาลี,24-Feb,1600,บางกะปิ,2,5/13/2020 17:00:00,5/13/2020 17:00:00
21,1750,496,ลำรางสุเหร่าแดง,ลำบึงกุ่ม,คลองแสนแสบ,6-Apr,250,คันนายาว,2,5/13/2020 17:00:00,5/13/2020 17:00:00
22,1749,495,ลำรางสีพูม,คลองบางชันด้านเหนือ,คลองบางชันด้านใต้,6-Apr,3590,คันนายาว,2,5/13/2020 17:00:00,5/13/2020 17:00:00
23,1748,494,ลำรางสิทธิโสม,คลองแสนแสบ,คลองบึงทรายกองดิน,6-Apr,900,คลองสามวา,2,5/13/2020 17:00:00,5/13/2020 17:00:00
24,1747,493,ลำรางสำเภาทะลาย,คลองประเวศบุรีรมย์,สุดเขต กทม.,3-Feb,760,ลาดกระบัง,2,5/13/2020 17:00:00,5/13/2020 17:00:00
25,1746,492,ลำรางสาธารณะหลังหมู่บ้านราณะ 2,คลองลาดปลาเค้า,คลองสามขา,6-Apr,250,ลาดพร้าว,2,5/13/2020 17:00:00,5/13/2020 17:00:00
26,1745,491,ลำรางสาธารณะหลังสถานีรถไฟหลักสี่,คลองเปรมประชากร,ถนนกำแพงเพชร 6,6-May,90,หลักสี่,2,5/13/2020 17:00:00,5/13/2020 17:00:00
27,1744,490,ลำรางสาธารณะหมู่บ้านปรางแก้ว,ซอยวิภาวดีรังสิต 60,คลองบางเขน,1.5 - 3,250,หลักสี่,2,5/13/2020 17:00:00,5/13/2020 17:00:00
28,1743,489,ลำรางสาธารณะหมู่ 2 ซอยมีสุข,หมู่บ้านหลักสี่วิลล่า,ด้านหลังกรมสรรพวุธเบา,6-Mar,520,หลักสี่,2,5/13/2020 17:00:00,5/13/2020 17:00:00
29,1742,488,ลำรางสาธารณะหน้าวัดพุทธสยาม (วัดสีกัน),คูนายกิมสาย 3,สุดระยะที่กำหนดให้,14 - 50,540,ดอนเมือง,2,5/13/2020 17:00:00,5/13/2020 17:00:00
30,1741,487,ลำรางสาธารณะหนองงูเห่า,ชุมชนหนองงูเห่า,คลองถนน,5-Apr,360,หลักสี่,2,5/13/2020 17:00:00,5/13/2020 17:00:00
31,1740,486,ลำรางสาธารณะสุขุมวิท 15,คลองแสนแสบ,สุดระยะที่กำหนดให้,7-May,270,วัฒนา,2,5/13/2020 17:00:00,5/13/2020 17:00:00
32,1739,485,ลำรางสาธารณะเลียบหมูบ้านบัณฑิตโฮม,ถนนวิภาวดีรังสิต,แนวกั้นรั้ว กองทัพอากาศ,May-50,560,ดอนเมือง,2,5/13/2020 17:00:00,5/13/2020 17:00:00
33,1738,484,ลำรางสาธารณะแยกคลองเป้ง,คลองเป้ง,สุดระยะที่กำหนดให้,10-Jun,255,วัฒนา,2,5/13/2020 17:00:00,5/13/2020 17:00:00
34,1737,483,ลำรางสาธารณะเมืองทอง 1,บึงสีกัน,คลองตาอูฐ,6-Feb,775,หลักสี่,2,5/13/2020 17:00:00,5/13/2020 17:00:00
35,1736,482,ลำรางสาธารณะปลายซอยบางกระดี่ 43,คลองสนามชัย,ที่ดินเอกชน,5-Mar,700,บางขุนเทียน,2,5/13/2020 17:00:00,5/13/2020 17:00:00
36,1735,481,ลำรางสาธารณะประโยชน์ซอยวิภาวดี 48,ปลายซอยวิภาวดี 48,คูระบายน้ำถนนวิภาวดี,4-Feb,340,จตุจักร,2,5/13/2020 17:00:00,5/13/2020 17:00:00
37,1734,480,ลำรางสาธารณะประโยชน์,ซอยรัชฎภัณฑ์,คลองสามเสน,4-Feb,87,ราชเทวี,2,5/13/2020 17:00:00,5/13/2020 17:00:00
38,1733,479,ลำรางสาธารณะประโยชน์,บึงมักกะสัน,คลองสามเสน,2 - 2.5,90,ราชเทวี,2,5/13/2020 17:00:00,5/13/2020 17:00:00
39,1732,478,ลำรางสาธารณะประโยชน์,บึงมักกะสัน,คลองสามเสน,2.5 - 3,70,ราชเทวี,2,5/13/2020 17:00:00,5/13/2020 17:00:00
40,1731,477,ลำรางสาธารณะในหมู่บ้านธนบุรีคอมเพล็กซ์,คลองตาสุก,ถนนทางเข้าหมู่บ้าน,6-Mar,600,บางขุนเทียน,2,5/13/2020 17:00:00,5/13/2020 17:00:00
41,1730,476,ลำรางสาธารณะซอยแสมดำ 21,คลองสนามชัย,ถนนซอยแสมดำ 21,12-Feb,1250,บางขุนเทียน,2,5/13/2020 17:00:00,5/13/2020 17:00:00
42,1729,475,ลำรางสาธารณะซอยสวัสดี,สุขุมวิท 31,คลองแสนแสบ,6-Feb,1535,วัฒนา,2,5/13/2020 17:00:00,5/13/2020 17:00:00
43,1728,474,ลำรางสาธารณะซอยวิภาวดีรังสิต 54,คูถนนวิภาวดีรังสิต,คลองบางเขน,5-Mar,380,หลักสี่,2,5/13/2020 17:00:00,5/13/2020 17:00:00
44,1727,473,ลำรางสาธารณะซอยวัฒนา (สุขุมวิท 19),ถนนสุขุมวิท,คลองแสนแสบ,8-Mar,1330,วัฒนา,2,5/13/2020 17:00:00,5/13/2020 17:00:00
45,1726,472,ลำรางสาธารณะซอยม่วงสกุล (ลำรางผี),คลองบางสี่บาท,ทางรถไฟมหาชัย,6-May,290,บางขุนเทียน,2,5/13/2020 17:00:00,5/13/2020 17:00:00
46,1725,471,ลำรางสาธารณะซอยท่าข้าม 12,ถนนท่าข้าม,ที่ดินเอกชน,3-Jan,530,บางขุนเทียน,2,5/13/2020 17:00:00,5/13/2020 17:00:00
47,1724,470,ลำรางสาธารณะชุมชนมุ่งวัฒนา,คลองสนามชัย,ซอยเทียนทะเล 20,6-Feb,560,บางขุนเทียน,2,5/13/2020 17:00:00,5/13/2020 17:00:00
48,1723,469,ลำรางสาธารณะเคหะทุ่งสองห้อง,คลองตาอูฐ,สุดระยะที่กำหนดให้,9-Apr,330,หลักสี่,2,5/13/2020 17:00:00,5/13/2020 17:00:00
49,1722,468,ลำรางสาธารณะคลองถนน,คลองถนน,ถนนแจ้งวัฒนะ,12-Apr,2300,หลักสี่,2,5/13/2020 17:00:00,5/13/2020 17:00:00
50,1721,467,ลำรางสาธารณะเข้าหมู่บ้านพิพรพงษ์ 1,ถนนวิภาวดีรังสิต,ลำรางเลียบ ร.ร.พหลโยธิน,15 - 54,540,ดอนเมือง,2,5/13/2020 17:00:00,5/13/2020 17:00:00
51,1720,466,ลำรางสาธารณะข้างวัดกก,คลองวัดกก,ถนนซอยวัดกก,3-Jan,150,บางขุนเทียน,2,5/13/2020 17:00:00,5/13/2020 17:00:00
52,1719,465,ลำรางสาธารณะข้างโรงเรียนรุ่งอรุณ,คลองบางมด,ที่ดินเอกชน,5-Mar,600,บางขุนเทียน,2,5/13/2020 17:00:00,5/13/2020 17:00:00
53,1718,464,ลำรางสาธารณะข้างซอยโรงน้ำแข็ง,คลองสองตอน,คลองสามขา,6-Apr,800,ลาดพร้าว,2,5/13/2020 17:00:00,5/13/2020 17:00:00
54,1717,463,ลำรางสาธารณะ(ซอยโรงงานน้ำมันละพุ่ง),ถนนเจริญกรุง,แม่น้ำเจ้าพระยา,1.5 - 4,555,บางคอแหลม,2,5/13/2020 17:00:00,5/13/2020 17:00:00
55,1716,462,ลำรางสาธารณะ ถนนดำรงรักษ์,ถนนดำรงรักษ์,วัดสิตาราม,0.8 - 1.20,56,ป้อมปราบศัตรูพ่าย,2,5/13/2020 17:00:00,5/13/2020 17:00:00
56,1715,461,ลำรางสาธารณหลังการสื่อสารแห่งประเทศไทย,หลังการนื่อสารแห่งประเทศไทย,คลองบางตลาด,9-Apr,1600,หลักสี่,2,5/13/2020 17:00:00,5/13/2020 17:00:00
57,1714,460,ลำรางสาธารณประโยชน์หมู่บ้านสวัสดี,หมู่บ้านสวัสดี,คลองสนามชัย,8-Jun,90,บางขุนเทียน,2,5/13/2020 17:00:00,5/13/2020 17:00:00
58,1713,459,ลำรางสาธารณประโยชน์ต้นซอยทวีทรัพย์,ที่ดินเลขที่ 118  ระวาง 5002-10,คลองข้างโรงปูน,6-Feb,450,บางขุนเทียน,2,5/13/2020 17:00:00,5/13/2020 17:00:00
59,1712,458,ลำรางสาธารณประโยชน์ข้างหมู่บ้านเคหะฯ ส่วน 3,คลองสี่บาท,ที่ดินเลขที่ 450  ระวาง 5208-1,12-Jun,320,บางขุนเทียน,2,5/13/2020 17:00:00,5/13/2020 17:00:00
60,1711,457,ลำรางสาธารณประโยชน์ข้างโรงปูนซอยทวีทรัพย์,คลองสนามชัย,ที่ดินเลขที่ 92  ระวาง 5002-5,8-Feb,650,บางขุนเทียน,2,5/13/2020 17:00:00,5/13/2020 17:00:00
61,1710,456,ลำรางสาธารณประโยชน์ข้างซอยอนามัยงามเจริญ 13,ถนนอนามัยงามเจริญ,ลำรางสาธารณะข้าง ม.ธารารมณ์,7-May,220,บางขุนเทียน,2,5/13/2020 17:00:00,5/13/2020 17:00:00
62,1709,455,ลำรางสาธารณประโยชน์ข้างการไฟฟ้าฯ (รางตะเคียน),คลองสี่บาท,ที่ดินเลขที่ 5  ระวาง 5408-1,12-Mar,550,บางขุนเทียน,2,5/13/2020 17:00:00,5/13/2020 17:00:00
512,1259,3,คูข้างคลองมอญ,คลองมอญ,สุดเขตคลอง,4-Mar,150,บางกอกใหญ่,2,5/13/2020 17:00:00,5/13/2020 17:00:00
63,1708,454,ลำรางสาธารณประโยชน์ (คลองขนานคลองกำพร้า 3),คลองสนามชัย,ที่ดินเลขที่ 24  ระวาง 5008-13,5-Mar,320,บางขุนเทียน,2,5/13/2020 17:00:00,5/13/2020 17:00:00
64,1707,453,ลำรางสาธารณประโยชน์ (คลองขนานคลองกำพร้า 2),คลองสนามชัย,ที่ดินเลขที่ 23  ระวาง  5008-13,3-Feb,270,บางขุนเทียน,2,5/13/2020 17:00:00,5/13/2020 17:00:00
65,1706,452,ลำรางสาธารณประโยชน์ (คลองขนานคลองกำพร้า 1),คลองสนามชัย,ที่ดินเลขที่ 23  ระวาง 5008-13,3-Feb,200,บางขุนเทียน,2,5/13/2020 17:00:00,5/13/2020 17:00:00
66,1705,451,ลำรางสันนิธิอิสลาม,คลองแสนแสบ,คลองบึงทรายกองดิน,6-Apr,900,คลองสามวา,2,5/13/2020 17:00:00,5/13/2020 17:00:00
67,1704,450,ลำรางสะแกงาม,คลองเจ็ก,ลำรางคูคต,4-Mar,800,มีนบุรี,2,5/13/2020 17:00:00,5/13/2020 17:00:00
68,1703,449,ลำรางสมอกอง,คลองเปรมประชากร,ลำรางซอยเปรมประชากร,15 - 34,400,ดอนเมือง,2,5/13/2020 17:00:00,5/13/2020 17:00:00
69,1702,448,ลำรางศาลาคู้,คลองแสนแสบ,คลองแยกคลองลำหิน,4-Mar,800,มีนบุรี,2,5/13/2020 17:00:00,5/13/2020 17:00:00
70,1701,447,ลำรางศาลเจ้าพ่อต่วน,คลองสาม,คลองสี่,20-Nov,760,มีนบุรี,2,5/13/2020 17:00:00,5/13/2020 17:00:00
71,1700,446,ลำรางศรีสง่า,คลองแสนแสบ,สุดระยะที่กำหนดให้,3-Feb,1000,คลองสามวา,2,5/13/2020 17:00:00,5/13/2020 17:00:00
72,1699,445,ลำรางศรีศุภราช,ถนนสุทธิสารฯ,คลองห้วยขวาง,6-Mar,700,ดินแดง,2,5/13/2020 17:00:00,5/13/2020 17:00:00
73,1698,444,ลำรางวัดใหญ่,สุขุมวิท 49,คลองแสนแสบ,8-Jan,1945,วัฒนา,2,5/13/2020 17:00:00,5/13/2020 17:00:00
74,1697,443,ลำรางวัดเวฬุวนาราม,ถนนเวฬุวนาราม,คลองตาอูฐ,1 - 5.50,300,ดอนเมือง,2,5/13/2020 17:00:00,5/13/2020 17:00:00
75,1696,442,ลำรางวัดมหาบุศย์,วัดมหาบุศย์,สุดระยะที่กำหนดให้,5-Mar,175,สวนหลวง,2,5/13/2020 17:00:00,5/13/2020 17:00:00
76,1695,441,ลำรางวัดแป้นทอง,คลองสี่ตะวันตก,คลองสามตะวันตก,12-Jun,1500,คลองสามวา,2,5/13/2020 17:00:00,5/13/2020 17:00:00
77,1694,440,ลำรางวัดทองสัมฤทธิ์,คลองบึงใหญ่,ที่ดินเอกชน,10-Jun,1600,มีนบุรี,2,5/13/2020 17:00:00,5/13/2020 17:00:00
78,1693,439,ลำรางเลื่อนอรรณพ (ต่อศักดิ์),ซอยต่อศักดิ์,คลองแสนแสบ,8-Jan,990,วัฒนา,2,5/13/2020 17:00:00,5/13/2020 17:00:00
79,1692,438,ลำรางเลียบโรงเรียนพหลโยธิน,คลองเปรมประชากร,ลำรางลาดเป็ด,11-Apr,1345,ดอนเมือง,2,5/13/2020 17:00:00,5/13/2020 17:00:00
80,1691,437,ลำรางเลียบถนนศรีวรา,สี่แยก ซ.รามคำแหง 39,สี่แยก ซ.รามคำแหง 21,4-Jan,460,วังทองหลาง,2,5/13/2020 17:00:00,5/13/2020 17:00:00
81,1690,436,ลำรางเลียบซอยอินทราภรณ์,ทางเข้าทาวน์อินทาวน์,ทางเข้าหมู่บ้านบดินทรรักษา,4-Feb,270,วังทองหลาง,2,5/13/2020 17:00:00,5/13/2020 17:00:00
82,1689,435,ลำรางเลียบซอยลาดพร้าว 130,คลองแสนแสบ,ถนนลาดพร้าว,4-Mar,1120,บางกะปิ,2,5/13/2020 17:00:00,5/13/2020 17:00:00
83,1688,434,ลำรางเลียบซอยจำเนียรเสริม (ลำรางแยกลำรางตาป่วน),ลำรางตาป่วนหลังโกเด้นท์เพลส,ถนนประชาอุทิศใกล้สี่แยก,8-Mar,640,วังทองหลาง,2,5/13/2020 17:00:00,5/13/2020 17:00:00
84,1687,433,ลำรางลาดเป็ด,ลำรางข้างบริษัท ไทย เทยิ่น,ลำรางสาธารณะ,May-37,1950,ดอนเมือง,2,5/13/2020 17:00:00,5/13/2020 17:00:00
85,1686,432,ลำรางลาดน้ำ (หมู่บ้านสุขสันต์พัฒนา),ข้างโรงเรียนอุทัยวิทยา ซ.พหลโยธิน 55,ถนนพหลโยธิน,4-Apr,415,บางเขน,2,5/13/2020 17:00:00,5/13/2020 17:00:00
86,1685,431,ลำรางล็อค 5 (ถนนสามวา),คลองสามวา,คลองกีบหมู,3-Feb,1900,คลองสามวา,2,5/13/2020 17:00:00,5/13/2020 17:00:00
87,1684,430,ลำรางล็อค 4 เชื่อมคลองสองตะวันตกกับลำรางแยกคลองพระยาสุเรนทร์,คลองสองตะวันตก,ลำรางแยกคลองพระสุเรนทร์,4-Feb,800,คลองสามวา,2,5/13/2020 17:00:00,5/13/2020 17:00:00
88,1683,429,ลำรางล็อค 4 (ถนนสามวา),คลองสามวา,คลองกีบหมู,3-Feb,2100,คลองสามวา,2,5/13/2020 17:00:00,5/13/2020 17:00:00
89,1682,428,ลำรางล็อค 4 (ถนนเลียบคลองสอง),คลองสองตะวันตก,คลองลำกะโหลก,3-Feb,1950,คลองสามวา,2,5/13/2020 17:00:00,5/13/2020 17:00:00
90,1681,427,ลำรางล็อค 3 เชื่อมคลองสามตะวันตกกับคลองสี่ตะวันตก,คลองสามตะวันตก,คลองสี่ตะวันตก,4-Feb,1400,คลองสามวา,2,5/13/2020 17:00:00,5/13/2020 17:00:00
91,1680,426,ลำรางล็อค 3 เชื่อมคลองสองตะวันตก,คลองสองตะวันตก,สุดระยะที่กำหนดให้,4-Feb,1000,คลองสามวา,2,5/13/2020 17:00:00,5/13/2020 17:00:00
92,1679,425,ลำรางล็อค 3 (ถนนสามวา),คลองสามวา,คลองเจ็ก,3-Feb,750,คลองสามวา,2,5/13/2020 17:00:00,5/13/2020 17:00:00
93,1678,424,ลำรางล็อค 3 (ถนนเลียบคลองสอง),คลองสองตะวันตก,คลองหนึ่งตะวันตก,3-Feb,1850,คลองสามวา,2,5/13/2020 17:00:00,5/13/2020 17:00:00
94,1677,423,ลำรางล็อค 2 เชื่อมคลองสามตะวันตกกับลำรางขวาง,คลองสามตะวันตก,ลำรางขวาง,4-Feb,900,คลองสามวา,2,5/13/2020 17:00:00,5/13/2020 17:00:00
95,1676,422,ลำรางล็อค 2 เชื่อมคลองสามตะวันตกกับคลองสี่ตะวันตก,คลองสามตะวันตก,คลองสี่ตะวันตก,4-Feb,1650,คลองสามวา,2,5/13/2020 17:00:00,5/13/2020 17:00:00
96,1675,421,ลำรางล็อค 2 (ถนนสามวา),คลองสามวา,คลองเจ็ก,3-Feb,750,คลองสามวา,2,5/13/2020 17:00:00,5/13/2020 17:00:00
97,1674,420,ลำรางล็อค 2  (ถนนเลียบคลองสอง),คลองสองตะวันตก,คลองหนึ่งตะวันตก,3-Feb,1900,คลองสามวา,2,5/13/2020 17:00:00,5/13/2020 17:00:00
98,1673,419,ลำรางล้อค 1 เชื่อมคลองสามตะวันตกกับคลองสี่ตะวันตก,คลองสามตะวันตก,คลองสี่ตะวันตก,4-Feb,1750,คลองสามวา,2,5/13/2020 17:00:00,5/13/2020 17:00:00
99,1672,418,ลำรางล็อค 1 เชื่อมคลองสองตะวันตกกับคลองสามตะวันตก,คลองสองตะวันตก,คลองสามตะวันตก,4-Feb,1650,คลองสามวา,2,5/13/2020 17:00:00,5/13/2020 17:00:00
100,1671,417,ลำรางล็อค 1 (ถนนเลียบคลองสอง),คลองสองตะวันตก,คลองหนึ่งตะวันตก,3-Feb,2100,คลองสามวา,2,5/13/2020 17:00:00,5/13/2020 17:00:00
101,1670,416,ลำรางโรงเรียนพูนสิน,โรงเรียนพูนสิน,สุดระยะที่กำหนดให้,4-Mar,250,พระโขนง,2,5/13/2020 17:00:00,5/13/2020 17:00:00
102,1669,415,ลำรางระหว่างซอยลาดพร้าว 109-111,ถนนลาดพร้าว,สุดระยะที่กำหนดให้,2-Jan,400,บางกะปิ,2,5/13/2020 17:00:00,5/13/2020 17:00:00
103,1668,414,ลำรางรณชัย,ถนนเศรษฐศิริ,สุดระยะที่กำหนดให้,1.5 -2,280,พญาไท,2,5/13/2020 17:00:00,5/13/2020 17:00:00
104,1667,413,ลำรางแยกลำรางชวดตาเชียง,ลำรางชวดตาเชียง,คลองลาดพร้าว,8-Mar,800,ห้วยขวาง,2,5/13/2020 17:00:00,5/13/2020 17:00:00
105,1666,412,ลำรางแยกถนนศรีนครินทร์ (สี่แยกศรีพัฒน์),คลองหัวหมาก,ถนนพัฒนาการ,5-Feb,500,สวนหลวง,2,5/13/2020 17:00:00,5/13/2020 17:00:00
106,1665,411,ลำรางแยกชุมชนมุ่งพัฒนา,ลำรางมุ่งพัฒนา,ที่ดินเอกชน,8-Feb,186,บางขุนเทียน,2,5/13/2020 17:00:00,5/13/2020 17:00:00
107,1664,410,ลำรางแยกคลองห้วยขวาง,คลองห้วยขวาง,ซอยอินทรามระ 43,6-Apr,181,ดินแดง,2,5/13/2020 17:00:00,5/13/2020 17:00:00
108,1663,409,ลำรางแยกคลองหลุมบัว,ลำหลุมบัว,ลำตาอิน,4-Mar,1800,ลาดกระบัง,2,5/13/2020 17:00:00,5/13/2020 17:00:00
109,1662,408,ลำรางแยกคลองหลวงวิจิตร,คลองหลวงวิจิตร,จุดสิ้นสุดท้าย ม.ปัฐวิกรณ์,5-Mar,600,คันนายาว,2,5/13/2020 17:00:00,5/13/2020 17:00:00
110,1661,407,ลำรางแยกคลองหนองแขม,คลองหนองแขม,สุดระยะที่กำหนดให้,6-Apr,1060,คันนายาว,2,5/13/2020 17:00:00,5/13/2020 17:00:00
111,1660,406,ลำรางแยกคลองหกขุด (ลำรางทะลาย),คลองหกขุด,สุดระยะที่กำหนดให้,8-Mar,1100,บางเขน,2,5/13/2020 17:00:00,5/13/2020 17:00:00
112,1659,405,ลำรางแยกคลองสามอิน,คลองสามอิน,คลองตัน,4-Mar,960,วัฒนา,2,5/13/2020 17:00:00,5/13/2020 17:00:00
113,1658,404,ลำรางแยกคลองสามเสน,คลองสามเสน,ถนนพระราม 9,4-Mar,90,ห้วยขวาง,2,5/13/2020 17:00:00,5/13/2020 17:00:00
114,1657,403,ลำรางแยกคลองสามเสน,คลองสามเสน,ถนนพระราม 9,4-Mar,133,ห้วยขวาง,2,5/13/2020 17:00:00,5/13/2020 17:00:00
115,1656,402,ลำรางแยกคลองสามเสน,คลองสามเสน,ถนนพระราม 9,4-Mar,136,ห้วยขวาง,2,5/13/2020 17:00:00,5/13/2020 17:00:00
116,1655,401,ลำรางแยกคลองสามเสน,คลองสามเสน,ถนนพระราม 9,4-Mar,100,ห้วยขวาง,2,5/13/2020 17:00:00,5/13/2020 17:00:00
117,1654,400,ลำรางแยกคลองสองตะวันตก,คลองสองตะวันตก,สุดระยะที่กำหนดให้,6-Apr,850,คลองสามวา,2,5/13/2020 17:00:00,5/13/2020 17:00:00
118,1653,399,ลำรางแยกคลองศาลาลอย,คลองศาลาลอย,คลองพระโขนง,10-Feb,750,วัฒนา,2,5/13/2020 17:00:00,5/13/2020 17:00:00
119,1652,398,ลำรางแยกคลองลำพังพวย  2,ซอยเทพทวี,คลองลำพังพวย,3-Feb,220,บางกะปิ,2,5/13/2020 17:00:00,5/13/2020 17:00:00
120,1651,397,ลำรางแยกคลองลำกระโหลก,คลองลำกระโหลก,ลำรางไทยเอราวัณ,3-Feb,650,คลองสามวา,2,5/13/2020 17:00:00,5/13/2020 17:00:00
121,1650,396,ลำรางแยกคลองลาดพร้าวล่าง,คลองลาดพร้าวช่วงถนนประชาอุทิศ,ซอยสถานฑูตลาวถนนประชาอุทิศ,4-Jan,350,วังทองหลาง,2,5/13/2020 17:00:00,5/13/2020 17:00:00
122,1649,395,ลำรางแยกคลองลาดพร้าวบน,คลองลาดพร้าวช่วงถนนประชาอุทิศ,ซอยสถานฑูตลาวถนนประชาอุทิศ,4-Feb,290,วังทองหลาง,2,5/13/2020 17:00:00,5/13/2020 17:00:00
123,1648,394,ลำรางแยกคลองลาดพร้าว,คลองลาดพร้าว,สุดระยะที่กำหนดให้,5-Mar,258,ห้วยขวาง,2,5/13/2020 17:00:00,5/13/2020 17:00:00
124,1647,393,ลำรางแยกคลองมอญ,คลองมอญ,หมู่บ้านเมืองทอง 4,4-Mar,170,พระโขนง,2,5/13/2020 17:00:00,5/13/2020 17:00:00
125,1646,392,ลำรางแยกคลองพังพวย,คลองลำพังพวย,ซอยเทพทวี,6-Mar,640,บางกะปิ,2,5/13/2020 17:00:00,5/13/2020 17:00:00
126,1645,391,ลำรางแยกคลองพลับพลา,คลองพลับพลาช่วงข้างชุมชนพลับพลา,ลำรางตาป่วนหลังหมู่บ้านศรีวรา,12-Aug,260,วังทองหลาง,2,5/13/2020 17:00:00,5/13/2020 17:00:00
127,1644,390,ลำรางแยกคลองพระยาสุเรนทร์,คลองพระยาสุเรนทร์,ลำรางล็อค4เชื่อมคลองสองตะวันตก,4-Feb,1100,คลองสามวา,2,5/13/2020 17:00:00,5/13/2020 17:00:00
128,1643,389,ลำรางแยกคลองบ้านหลาย (หลังหมู่บ้านวรภูมิ),คลองบ้านหลาย,สุดระยะที่กำหนดให้,1.25 - 1.5,310,พระโขนง,2,5/13/2020 17:00:00,5/13/2020 17:00:00
129,1642,388,ลำรางแยกคลองบ้านหลาย 2,คลองบ้านหลาย (ซอยวชิรธรรมสาธิต 55),ซอยวชิรธรรมสาธิต 57,1 - 1.50,228,พระโขนง,2,5/13/2020 17:00:00,5/13/2020 17:00:00
130,1641,387,ลำรางแยกคลองบ้านหลาย,คลองมอญ,คลองบ้านหลาย,6-Apr,800,พระโขนง,2,5/13/2020 17:00:00,5/13/2020 17:00:00
131,1640,386,ลำรางแยกคลองบ้านม้า 1,คลองบ้านม้า 1,สุดระยะที่กำหนดให้,15-May,385,บางกะปิ,2,5/13/2020 17:00:00,5/13/2020 17:00:00
132,1639,385,ลำรางแยกคลองบ้านเกาะ,คลองบางชัน,คลองบ้านเกาะ,6-May,600,คันนายาว,2,5/13/2020 17:00:00,5/13/2020 17:00:00
133,1638,384,ลำรางแยกคลองบางอ้อใหญ่,คลองบางอ้อใหญ่,สุดระยะที่กำหนดให้,4-Mar,382,พระโขนง,2,5/13/2020 17:00:00,5/13/2020 17:00:00
134,1637,383,ลำรางแยกคลองบางนางจีน (ช่วงซอยสุขุมวิท 85),คลองบางนางจีน,สุดระยะที่กำหนดให้,4-Mar,140,พระโขนง,2,5/13/2020 17:00:00,5/13/2020 17:00:00
135,1636,382,ลำรางแยกคลองบางนางจีน,คลองบางนางจีน,กลางซอย สุขุมวิท 85,4-Mar,170,พระโขนง,2,5/13/2020 17:00:00,5/13/2020 17:00:00
136,1635,381,ลำรางแยกคลองบางเตย ตอน 1,คลองบางเตย,ลำบึงกุ่ม,10-Mar,1450,บึงกุ่ม,2,5/13/2020 17:00:00,5/13/2020 17:00:00
137,1634,380,ลำรางแยกคลองบางซื่อ,คลองบางซื่อ,สุดระยะที่กำหนดให้,5-Apr,292,ห้วยขวาง,2,5/13/2020 17:00:00,5/13/2020 17:00:00
138,1633,379,ลำรางแยกคลองบางชัน,คลองบางชัน,สุดระยะที่กำหนดให้,6-Apr,850,คลองสามวา,2,5/13/2020 17:00:00,5/13/2020 17:00:00
139,1632,378,ลำรางแยกคลองบางจาก (คลองตลาดสายทิพย์),คลองบางจาก,สุดระยะที่กำหนดให้ซอยสุขุมวิท 56,4-Mar,200,พระโขนง,2,5/13/2020 17:00:00,5/13/2020 17:00:00
140,1631,377,ลำรางแยกคลองบางขวด ตอน 1,คลองบางขวด,ถนนประดิษฐ์มนูธรรม,10-May,700,บึงกุ่ม,2,5/13/2020 17:00:00,5/13/2020 17:00:00
141,1630,376,ลำรางแยกคลองตาหนัง,คลองตาหนัง,ซอยสมัญญาอุทิศ,6-Mar,900,บึงกุ่ม,2,5/13/2020 17:00:00,5/13/2020 17:00:00
142,1629,375,ลำรางแยกคลองตาหนัง,คลองตาหนัง,ถนนลาดพร้าว,2.5 - 8,1525,บางกะปิ,2,5/13/2020 17:00:00,5/13/2020 17:00:00
143,1628,374,ลำรางแยกคลองเจ้าคุณสิงห์,คลองเจ้าคุณสิงห์ด้านข้าง,แนวรั้วหลังปั้มน้ำมันบางจาก,3-Jan,40,วังทองหลาง,2,5/13/2020 17:00:00,5/13/2020 17:00:00
144,1627,373,ลำรางแยกคลองเจ็ก,คลองแสนแสบ,คลองเจ็ก,3-Feb,815,สะพานสูง,2,5/13/2020 17:00:00,5/13/2020 17:00:00
145,1626,372,ลำรางแยกคลองจั่น,คลองจั่นหมู่บ้านบ้านพิมพ์ทอง,หมู่บ้านพิมพ์ทอง,3-Feb,120,วังทองหลาง,2,5/13/2020 17:00:00,5/13/2020 17:00:00
146,1625,371,ลำรางแยกคลองจั่น,คลองจั่น,ซอยลาดพร้าว 130,10-Jun,340,บางกะปิ,2,5/13/2020 17:00:00,5/13/2020 17:00:00
147,1624,370,ลำรางแยกคลองจระเข้ (หมู่บ้านบุรุษพัฒน์),คลองจระเข้,สุดระยะ,8-Apr,1080,บางเขน,2,5/13/2020 17:00:00,5/13/2020 17:00:00
148,1623,369,ลำรางแยกคลองคู้บอน,แยกคลองตาเร่ง,คลองคู้บอน,5-Apr,1500,คันนายาว,2,5/13/2020 17:00:00,5/13/2020 17:00:00
149,1622,368,ลำรางแยกคลองครุ,คลองครุ,ลำบึงกุ่ม,5-Mar,160,คันนายาว,2,5/13/2020 17:00:00,5/13/2020 17:00:00
150,1621,367,ลำรางแยกคลองขวางล่าง,คลองขวางล่าง,สุดระยะที่กำหนดให้,3-Feb,50,พระโขนง,2,5/13/2020 17:00:00,5/13/2020 17:00:00
151,1620,366,ลำรางแยกคลองกำพร้า (2),คลองกำพร้า,ที่ดินเลขที่ 18  ระวาง 5002-18,12-Mar,160,บางขุนเทียน,2,5/13/2020 17:00:00,5/13/2020 17:00:00
152,1619,365,ลำรางแยกคลองกำพร้า (1),คลองกำพร้า,ที่ดินเลขที่ 17  ระวาง 5002-15,5-Mar,185,บางขุนเทียน,2,5/13/2020 17:00:00,5/13/2020 17:00:00
153,1618,364,ลำรางแยกคลองกะเฉด 2,คลองกะเฉด,ปลายซอยสุขาภิบาล แยก 5,5-Apr,500,บางเขน,2,5/13/2020 17:00:00,5/13/2020 17:00:00
154,1617,363,ลำรางยี่หวัง,คลองแบนชะโด,คลองแสนแสบ,3-Feb,3600,คลองสามวา,2,5/13/2020 17:00:00,5/13/2020 17:00:00
155,1616,362,ลำรางยายเลิ้ง,คลองบางชัน,สุดระยะที่กำหนดให้,4-Mar,400,คันนายาว,2,5/13/2020 17:00:00,5/13/2020 17:00:00
1244,527,219,คลองตาสุข,คลองรางแค,คลองเจ้า,5-Mar,1300,บางขุนเทียน,2,5/13/2020 17:00:00,5/13/2020 17:00:00
156,1615,361,ลำรางยายพร้อม,คลองแสนแสบ,คลองแยกคลองลำหิน,4-Mar,1100,มีนบุรี,2,5/13/2020 17:00:00,5/13/2020 17:00:00
157,1614,360,ลำรางยายบัว,คลองพระยาสุเรนทร์,คลองบางชัน,6-Apr,950,คลองสามวา,2,5/13/2020 17:00:00,5/13/2020 17:00:00
158,1613,359,ลำรางมะพร้าวคต,คลองบางจาก,สุดระยะที่กำหนดให้,1.2 -3,300,พระโขนง,2,5/13/2020 17:00:00,5/13/2020 17:00:00
159,1612,358,ลำรางเพรสซิเด้น์ปาร์คและชุมชนอัลกุ๊บรอ,คลองหัวหมาก,คลองพระโขนง,5-Apr,1365,สวนหลวง,2,5/13/2020 17:00:00,5/13/2020 17:00:00
160,1611,357,ลำรางผู้ใหญ่วัน,คลองออเกาะ,ถนนเพิ่มสิน,5-Apr,560,สายไหม,2,5/13/2020 17:00:00,5/13/2020 17:00:00
161,1610,356,ลำรางผู้ใหญ่บัว,คลองออเกาะ,สุดระยะที่กำหนดให้,6-May,1000,สายไหม,2,5/13/2020 17:00:00,5/13/2020 17:00:00
162,1609,355,ลำรางเปรมประชา (ข้าง ม.ธนินทร),ถนนวิภาวดีรังสิต,ลำรางเลียบ ร.ร.พหลโยธิน,20-Nov,1295,ดอนเมือง,2,5/13/2020 17:00:00,5/13/2020 17:00:00
163,1608,354,ลำรางปากซอยปุณณวิถี 29 (นพรัตน์),ปากซอยปุณณวิถี 29,สุดเขตลำราง (ปุณณวิถี 33),3-Feb,169,พระโขนง,2,5/13/2020 17:00:00,5/13/2020 17:00:00
164,1607,353,ลำรางปัญญา,ลำรางไทยเอราวัณ,ลำรางล็อค 1 (ถนนเลียบคลองสอง),3-Feb,2100,คลองสามวา,2,5/13/2020 17:00:00,5/13/2020 17:00:00
165,1606,352,ลำรางปลายซอยสองพี่น้อง,คลองขวางล่าง,สุดระยะที่กำหนดให้,5-Apr,230,พระโขนง,2,5/13/2020 17:00:00,5/13/2020 17:00:00
166,1605,351,ลำรางปลาย ซ.ทวีทรัพย์,ซอยบุญทรัพย์,คลองสนามชัย,5-Mar,270,บางขุนเทียน,2,5/13/2020 17:00:00,5/13/2020 17:00:00
167,1604,350,ลำรางแบนตาโพ,คลองผักกะเฉด,คลองกีบหมู,12-Jun,1300,คลองสามวา,2,5/13/2020 17:00:00,5/13/2020 17:00:00
168,1603,349,ลำรางแบนชะโด,คลองแสนแสบ,คลองแบนชะโด,6-Apr,3600,คลองสามวา,2,5/13/2020 17:00:00,5/13/2020 17:00:00
169,1602,348,ลำรางแบ่งเขตสวนหลวงกับเขตบางกะปิ,คลองหัวหมาก,ลำบึงบ้านม้า,6-May,1400,สวนหลวง,2,5/13/2020 17:00:00,5/13/2020 17:00:00
170,1601,347,ลำรางบึงนายพล,บึงสะแกงาม,คลองแสนแสบ,3-Feb,1100,คลองสามวา,2,5/13/2020 17:00:00,5/13/2020 17:00:00
171,1600,346,ลำรางบ้านม้าบน,คลองบ้านม้า,ถ.กรุงเทพ-ชลบุรี,6-Apr,1189,สะพานสูง,2,5/13/2020 17:00:00,5/13/2020 17:00:00
172,1599,345,ลำรางบ้านจ่าเยี่ยม,คลองบ้านสวนอ้อย,คลองบ้านหลาย,3-Feb,720,พระโขนง,2,5/13/2020 17:00:00,5/13/2020 17:00:00
173,1598,344,ลำรางบางนางชี,คลองบางนางจีน,สุดระยะที่กำหนดให้,8-Mar,430,สวนหลวง,2,5/13/2020 17:00:00,5/13/2020 17:00:00
174,1597,343,ลำรางบางเตย ตอน 4,คลองบางเตย,หมู่บ้านคลองกุ่มนิเวศน์,13-Dec,350,บึงกุ่ม,2,5/13/2020 17:00:00,5/13/2020 17:00:00
175,1596,342,ลำรางบางเตย ตอน 3,คลองบางเตย,หมู่บ้านบางเตยล่าง,4-Mar,320,บึงกุ่ม,2,5/13/2020 17:00:00,5/13/2020 17:00:00
176,1595,341,ลำรางบางเตย ตอน 1,คลองบางเตย,โรงเรียนปัฐวิกรณ์,6-Apr,1600,บึงกุ่ม,2,5/13/2020 17:00:00,5/13/2020 17:00:00
177,1594,340,ลำรางบ่อหินแก้ว,คลองบึงไผ่,คลองบึงทรายกองดิน,15-Oct,2300,คลองสามวา,2,5/13/2020 17:00:00,5/13/2020 17:00:00
178,1593,339,ลำรางบวบขม,คลองบางเตย,ลำรางหนองปลาดุก,6-Apr,2400,บึงกุ่ม,2,5/13/2020 17:00:00,5/13/2020 17:00:00
179,1592,338,ลำรางในหมู่บ้านปัญญา,คลองโอ่งอ่าง,คลองพระโขนง,3.5 - 4.5,850,สวนหลวง,2,5/13/2020 17:00:00,5/13/2020 17:00:00
180,1591,337,ลำรางในซอยอ่อนนุช 30,คลองสวนอ้อย,คลองบ้านหลาย,4-Mar,700,สวนหลวง,2,5/13/2020 17:00:00,5/13/2020 17:00:00
181,1590,336,ลำรางนายแย้ม,คลองออเกาะ,ถนนเพิ่มสิน,4-Mar,800,สายไหม,2,5/13/2020 17:00:00,5/13/2020 17:00:00
182,1589,335,ลำรางนายชื้น,คลองออเกาะ,สุดระยะที่กำหนดให้,4-Mar,280,สายไหม,2,5/13/2020 17:00:00,5/13/2020 17:00:00
183,1588,334,ลำรางนายจาง,คลองออเกาะ,สุดระยะที่กำหนดให้,5-Apr,2000,สายไหม,2,5/13/2020 17:00:00,5/13/2020 17:00:00
184,1587,333,ลำรางนาซอง (ส่วนแยกจากคลองนาซอง),ซอยอินทรามระ 47,บ้านเลขที่ 292,3.50 - 4,50,ดินแดง,2,5/13/2020 17:00:00,5/13/2020 17:00:00
185,1586,332,ลำรางธารณะเยื้องซอยชุ่มแจ่ม,คลองพระยาราชมนตรี,คูน้ำริม ถ.บางขุนเทียน-ชายทะเล,6-Feb,300,บางขุนเทียน,2,5/13/2020 17:00:00,5/13/2020 17:00:00
186,1585,331,ลำรางไทยเอราวัณ,คลองลำกระโหลก,ลำรางหน้า ร.ร.โสมาภา,3-Feb,2500,คลองสามวา,2,5/13/2020 17:00:00,5/13/2020 17:00:00
187,1584,330,ลำรางท้ายซอยภู่สุวรรณ,จากลำบึงกุ่ม,คลองแสนแสบ,7-May,200,คันนายาว,2,5/13/2020 17:00:00,5/13/2020 17:00:00
188,1583,329,ลำรางทางกระบือ ตอน 1,คลองบางขวด,คลองบางชวดด้วน,6-Apr,900,บึงกุ่ม,2,5/13/2020 17:00:00,5/13/2020 17:00:00
189,1582,328,ลำรางทางกระบือ,คลองศิรินธร,สุดระยะที่กำหนดให้,2-Jan,150,หนองแขม,2,5/13/2020 17:00:00,5/13/2020 17:00:00
190,1581,327,ลำรางทางกระบือ,คลองลาดพร้าว ซ.รามฯ 9,คลองพลับพลาชุมชนคลองพลับพลา,12-Aug,390,วังทองหลาง,2,5/13/2020 17:00:00,5/13/2020 17:00:00
191,1580,326,ลำรางทางกระบือ,ลำบึงกุ่ม,ปลายซอยอมรพันธ์นคร 6,7-Jun,160,คันนายาว,2,5/13/2020 17:00:00,5/13/2020 17:00:00
192,1579,325,ลำรางโต๊ะสมัน,คลองแสนแสบ,สุดระยะที่กำหนดให้,6-Apr,1600,คลองสามวา,2,5/13/2020 17:00:00,5/13/2020 17:00:00
193,1578,324,ลำรางโต๊ะเจริญ,คลองแสนแสบ,สุดระยะที่กำหนดให้,6-Apr,1350,คลองสามวา,2,5/13/2020 17:00:00,5/13/2020 17:00:00
194,1577,323,ลำรางตาโห้,คลองลาดบัวขาว,คลองแม่จัน,6-Apr,572,สะพานสูง,2,5/13/2020 17:00:00,5/13/2020 17:00:00
195,1576,322,ลำรางตาแล,คลองแสนแสบ,คลองแยกคลองลำหิน,6-Apr,800,มีนบุรี,2,5/13/2020 17:00:00,5/13/2020 17:00:00
196,1575,321,ลำรางตาแย้ม,คลองสามง่าม,ระวาง 5604-1  เลขที่ดิน 244,10-May,600,บางขุนเทียน,2,5/13/2020 17:00:00,5/13/2020 17:00:00
197,1574,320,ลำรางตายิ้ม,คลองสี่,คลองลำพังพวย,10-Apr,700,มีนบุรี,2,5/13/2020 17:00:00,5/13/2020 17:00:00
198,1573,319,ลำรางตามุด,คลองแสนแสบ,คลองแยกคลองลำหิน,5-Apr,800,มีนบุรี,2,5/13/2020 17:00:00,5/13/2020 17:00:00
199,1572,318,ลำรางตามั่ง,คลองเจ็ก,ลำรางคูคต,4-Feb,800,มีนบุรี,2,5/13/2020 17:00:00,5/13/2020 17:00:00
200,1571,317,ลำรางตาป่วน,คลองแสนแสบข้าง ซ.รามฯ 21,คลองพลับพลาท้าย ซ.จำเนียเสริมถนนประชาอุทิศ,8-Jul,1850,วังทองหลาง,2,5/13/2020 17:00:00,5/13/2020 17:00:00
201,1570,316,ลำรางตาบุญ,ลำรางแยกคลองหนองแขม,คลองระหัส,4-Feb,2100,คันนายาว,2,5/13/2020 17:00:00,5/13/2020 17:00:00
202,1569,315,ลำรางตาชม,คลองบางชัน,คลองลำควายตาย,12-Jun,750,คลองสามวา,2,5/13/2020 17:00:00,5/13/2020 17:00:00
203,1568,314,ลำรางตาจ๊อด,คลองพระยาสุเรนทร์,สุดระยะที่กำหนดให้,5-Apr,950,บางเขน,2,5/13/2020 17:00:00,5/13/2020 17:00:00
204,1567,313,ลำรางต้นสะตือ,คลองสี่,ที่ดินเอกชน,30-Apr,950,มีนบุรี,2,5/13/2020 17:00:00,5/13/2020 17:00:00
205,1566,312,ลำรางญี่ปุ่น,คลองญี่ปุ่น,คลองลาดบัวขาว,6-Apr,725,สะพานสูง,2,5/13/2020 17:00:00,5/13/2020 17:00:00
206,1565,311,ลำรางซอยสุขุมวิท 58,ซอยสุขุมวิท 58,ซอยสุขุมวิท 60/1,5-Mar,120,พระโขนง,2,5/13/2020 17:00:00,5/13/2020 17:00:00
207,1564,310,ลำรางซอยสยามชินวัตร,ซอยแยกสยามชินวัตร,สุดระยะที่กำหนดให้,1.5 - 2,60,พระโขนง,2,5/13/2020 17:00:00,5/13/2020 17:00:00
208,1563,309,ลำรางซอยวิเศษสุข,คลองกะจะ,ซอยวิเศษสุข,4-Mar,180,สวนหลวง,2,5/13/2020 17:00:00,5/13/2020 17:00:00
209,1562,308,ลำรางซอยลาดปลาเค้า 60,คลองสามขา,ซอยลาดปลาเค้า 60,3-Feb,270,บางเขน,2,5/13/2020 17:00:00,5/13/2020 17:00:00
210,1561,307,ลำรางซอยรื่นรมย์,ซอยรามคำแหง 24,คลองกะจะ,4-Feb,760,บางกะปิ,2,5/13/2020 17:00:00,5/13/2020 17:00:00
211,1560,306,ลำรางซอยรามคำแหง 7,คลองแสนแสบ,ถนนรามคำแหง,2.5 - 6,230,บางกะปิ,2,5/13/2020 17:00:00,5/13/2020 17:00:00
212,1559,305,ลำรางซอยรามคำแหง 52,คลองแสนแสบ,สุดระยะที่กำหนดให้,0.8 - 1,500,บางกะปิ,2,5/13/2020 17:00:00,5/13/2020 17:00:00
213,1558,304,ลำรางซอยรามคำแหง 43,คลองแสนแสบ,ถนนรามคำแหง,2-Jan,300,บางกะปิ,2,5/13/2020 17:00:00,5/13/2020 17:00:00
214,1557,303,ลำรางซอยน้ำเต้า,คลองสนามชัย,ซอยเทียนทะเล 20,5-Apr,500,บางขุนเทียน,2,5/13/2020 17:00:00,5/13/2020 17:00:00
215,1556,302,ลำรางซอยถาวร,คลองลาว,สุดระยะที่กำหนดให้,4-Feb,180,สวนหลวง,2,5/13/2020 17:00:00,5/13/2020 17:00:00
216,1555,301,ลำรางเชื่อมต่อลำควายตายกับลำรางคูคต,คลองลำควายตาย,ลำรางคูคต,4-Feb,1500,คลองสามวา,2,5/13/2020 17:00:00,5/13/2020 17:00:00
217,1554,300,ลำรางเชื่อมคลองหกขุดแยกคลองคู้บอน,คลองหกขุด,ลำรางแยกคลองคู้บอน,5-Mar,450,คันนายาว,2,5/13/2020 17:00:00,5/13/2020 17:00:00
218,1553,299,ลำรางเชื่อมคลองลำกระโหลกกับคลองผักกะเฉด,คลองลำกระโหลก,คลองผักกะเฉด,6-Apr,700,คลองสามวา,2,5/13/2020 17:00:00,5/13/2020 17:00:00
219,1552,298,ลำรางเชื่อมคลองพระราชดำริ  2 กับคลองสี่ตะวันออก,คลองพระราชดำริ 2,คลองสี่ตะวันออก,20-Feb,2800,คลองสามวา,2,5/13/2020 17:00:00,5/13/2020 17:00:00
220,1551,297,ลำรางเชื่อมคลองบ้านม้า 1 - 2,คลองบ้านม้า 1,คลองบ้านม้า 2,4.5 - 16,2270,บางกะปิ,2,5/13/2020 17:00:00,5/13/2020 17:00:00
221,1550,296,ลำรางเชื่อมคลองบางชันกับคลองกีบหมู,คลองบางชัน,คลองกีบหมู,6-Apr,1500,คลองสามวา,2,5/13/2020 17:00:00,5/13/2020 17:00:00
222,1549,295,ลำรางเชื่อมคลองตาพุกกับคลองบัวเกราะ,คลองตาพุก,คลองบัวเกราะ,3-Feb,1100,ลาดกระบัง,2,5/13/2020 17:00:00,5/13/2020 17:00:00
223,1548,294,ลำรางเชื่อมคลองกีบหมูกับลำรางคูคต,คลองกีบหมู,ลำรางคูคต,4-Feb,600,คลองสามวา,2,5/13/2020 17:00:00,5/13/2020 17:00:00
224,1547,293,ลำรางชุมชนไม้กั้น,คลองบางจาก,สุดเขตลำราง,2-Jan,110,พระโขนง,2,5/13/2020 17:00:00,5/13/2020 17:00:00
225,1546,292,ลำรางชุมชนมะกอกกลางสวน,คลองสามเสน,ทางเดินชุมชน,2 - 2.5,150,พญาไท,2,5/13/2020 17:00:00,5/13/2020 17:00:00
226,1545,291,ลำรางชวดตาเชียง,ลำรางยมราช,สุดระยะที่กำหนดให้,8-Mar,900,ห้วยขวาง,2,5/13/2020 17:00:00,5/13/2020 17:00:00
227,1544,290,ลำรางชวดด้วน,ลำบึงกุ่ม,จุดสิ้นสุดใน ม.นวธานี,3 - 1 5,700,คันนายาว,2,5/13/2020 17:00:00,5/13/2020 17:00:00
228,1543,289,ลำรางเฉลิมพระเกียรติ,คลองแสนแสบ,บึงสะแกงาม,3-Feb,1100,คลองสามวา,2,5/13/2020 17:00:00,5/13/2020 17:00:00
229,1542,288,ลำรางแคลาย,คลองครุ,ลำรางท้ายหมู่บ้านนวธานี,4-Mar,570,คันนายาว,2,5/13/2020 17:00:00,5/13/2020 17:00:00
230,1541,287,ลำรางคูคต,ลำรางสาธารณะ,สุดระยะที่กำหนดให้,6-Apr,1250,คลองสามวา,2,5/13/2020 17:00:00,5/13/2020 17:00:00
231,1540,286,ลำรางข้างอู่รถเมล์ขาว,คลองบางนางจีน,สุดระยะที่กำหนดให้,5-Mar,625,พระโขนง,2,5/13/2020 17:00:00,5/13/2020 17:00:00
232,1539,285,ลำรางข้างหมู่บ้านอ่อนนุชนิเวช,คลองประเวศบุรีรมย์,สุดเขต กทม.,3-Jan,850,ลาดกระบัง,2,5/13/2020 17:00:00,5/13/2020 17:00:00
233,1538,284,ลำรางข้างหมู่บ้านอนันต์สุขสันต์ รุ่น 18,คลองหนองจอก,ซอยแยกที่ 32,4-Apr,1039,บางเขน,2,5/13/2020 17:00:00,5/13/2020 17:00:00
234,1537,283,ลำรางข้างหมู่บ้านสุขสันต์พัฒนา,ถนนพหลโยธิน,สุดระยะที่กำหนดให้,3-Feb,400,บางเขน,2,5/13/2020 17:00:00,5/13/2020 17:00:00
235,1536,282,ลำรางข้างหมู่บ้านสุขนที ซ.ลาดปลาเค้า 62,คลองสามขา,ซอยลาดปลาเค้า  66,3-Jan,430,บางเขน,2,5/13/2020 17:00:00,5/13/2020 17:00:00
236,1535,281,ลำรางข้างหมู่บ้านสินธร,คลองพังพวย,ลำรางแยกคลองตาหนัง,3-Feb,1000,บางกะปิ,2,5/13/2020 17:00:00,5/13/2020 17:00:00
237,1534,280,ลำรางข้างหมู่บ้านไปรษณีย์นิเวศน์,หมู่บ้านไปรษณีย์นิเวศน์ซอยพหลโยธิน  48,คลองรางอ้อ - รางแก้ว,3-Jan,1700,บางเขน,2,5/13/2020 17:00:00,5/13/2020 17:00:00
238,1533,279,ลำรางข้างหมู่บ้านชื่นกมล 4,คลองครุ,ถนนวงแหวนรอบนอก,4-Mar,800,คันนายาว,2,5/13/2020 17:00:00,5/13/2020 17:00:00
239,1532,278,ลำรางข้างหมู่บ้านชวนชื่น,คลองจระเข้,สุดระยะที่กำหนดให้,10-May,580,บางเขน,2,5/13/2020 17:00:00,5/13/2020 17:00:00
240,1531,277,ลำรางข้างหมู่บ้านเฉลิมสุขนิเวศน์ 9,คลองไผ่เขียว,สุดระยะที่กำหนดให้,6-Feb,560,บางเขน,2,5/13/2020 17:00:00,5/13/2020 17:00:00
241,1530,276,ลำรางข้างสวนพระนคร,คลองประเวศบุรีรมย์,สุดเขต กทม.,3-Feb,850,ลาดกระบัง,2,5/13/2020 17:00:00,5/13/2020 17:00:00
242,1529,275,ลำรางข้างศาลเจ้าแปะกง,คลองบ้านป่า,ซอยแป๊ะกง,2.5 -  4,1520,สวนหลวง,2,5/13/2020 17:00:00,5/13/2020 17:00:00
243,1528,274,ลำรางข้างวัดลานบุญ,คลองประเวศบุรีรมย์,ทางรถไฟ,6-Apr,580,ลาดกระบัง,2,5/13/2020 17:00:00,5/13/2020 17:00:00
244,1527,273,ลำรางข้างวัดธรรมมงคล (ปุณณวิถี 20),คลองบางนางจีน,คลองบางอ้อใหญ่,5-Mar,660,พระโขนง,2,5/13/2020 17:00:00,5/13/2020 17:00:00
245,1526,272,ลำรางข้างวัดไตรรัตนนาราม,คลองไผ่เขียว,คลองสามขา,4-Apr,1150,บางเขน,2,5/13/2020 17:00:00,5/13/2020 17:00:00
246,1525,271,ลำรางข้างโรงงานท่อ ซีซีเอ็ม,คลองแพรเขียว,สุดระยะที่กำหนดให้,5-Mar,900,บางเขน,2,5/13/2020 17:00:00,5/13/2020 17:00:00
247,1524,270,ลำรางข้างไปรษณีย์เจ้าคุณทหาร,คลองประเวศบุรีรมย์,สุดเขต กทม.,3-Feb,850,ลาดกระบัง,2,5/13/2020 17:00:00,5/13/2020 17:00:00
248,1523,269,ลำรางข้างบริษัทไทยเทยิ่น,ถนนวิภาวดีรังสิต,"ลำรางลาดเป็ด, ลำรางสาธารณะเลียบหมู่บ้านบัณฑิตโฮม",May-32,1610,ดอนเมือง,2,5/13/2020 17:00:00,5/13/2020 17:00:00
249,1522,268,ลำรางข้างถนอมมิตร - ปาร์ค,คลองจระเข้,หมู่บ้านสวัสดิการทหาร,10-Jun,370,บางเขน,2,5/13/2020 17:00:00,5/13/2020 17:00:00
250,1521,267,ลำรางข้างถนนวงแหวน,คลองแสนแสบ,ลำบึงกุ่ม,3-Feb,120,คันนายาว,2,5/13/2020 17:00:00,5/13/2020 17:00:00
251,1520,266,ลำรางข้างซอยหมู่บ้านปัญญา,คลองหัวหมาก,สุดระยะที่กำหนดให้,3.5 - 4.5,1150,สวนหลวง,2,5/13/2020 17:00:00,5/13/2020 17:00:00
252,1519,265,ลำรางข้างซอยรัฐธรรมนูญ,คลองประเวศบุรีรมย์,สุดเขต กทม.,3-Feb,850,ลาดกระบัง,2,5/13/2020 17:00:00,5/13/2020 17:00:00
253,1518,264,ลำรางข้างซอยมิตรวิถี,ชุมชนมิตรวิถี,ถนนศรีนครินทร์,5-Apr,330,สวนหลวง,2,5/13/2020 17:00:00,5/13/2020 17:00:00
254,1517,263,ลำรางข้างซอยทินกร,สุดระยะที่กำหนดให้,สุดระยะที่กำหนดให้,4-Mar,150,ดินแดง,2,5/13/2020 17:00:00,5/13/2020 17:00:00
255,1516,262,ลำรางข้างซอยชมชื่น,คลองศาลเจ้า,คลองเคล็ด,2.5,700,สวนหลวง,2,5/13/2020 17:00:00,5/13/2020 17:00:00
256,1515,261,ลำรางข้างซอยจักรา,คลองแสนแสบ,สุดระยะที่กำหนดให้,6-Apr,950,สะพานสูง,2,5/13/2020 17:00:00,5/13/2020 17:00:00
257,1514,260,ลำรางข้างชุมสายโทรศัพท์,ถนนอโศก-ดินแดง,คลองสามเสน,5 - 5.70,80,ดินแดง,2,5/13/2020 17:00:00,5/13/2020 17:00:00
258,1513,259,ลำรางข้างชุมชนนภาพิไล,ลำบึงกุ่ม,สุดระยะที่กำหนดให้,5-Apr,480,คันนายาว,2,5/13/2020 17:00:00,5/13/2020 17:00:00
259,1512,258,ลำรางข้าง ร.ร.คันนายาว,ลำบึงกุ่ม,คลองแสนแสบ,6-Apr,250,คันนายาว,2,5/13/2020 17:00:00,5/13/2020 17:00:00
260,1511,257,ลำรางขวาง,ลำรางล็อค 1 เชื่อมคลองสองตะวันตกกับคลองสามตะวันตก,สุดระยะที่กำหนดให้,4-Feb,1300,คลองสามวา,2,5/13/2020 17:00:00,5/13/2020 17:00:00
261,1510,256,ลำรางใกล้บ้านผู้ใหญ่ชู,คลองออเป้ง,สุดระยะที่กำหนดให้,3.5 - 4,470,สายไหม,2,5/13/2020 17:00:00,5/13/2020 17:00:00
262,1509,255,ลำรางโกดัง กันตารัตน์,คลองประเวศบุรีรมย์,สุดเขต กทม.,3-Feb,600,ลาดกระบัง,2,5/13/2020 17:00:00,5/13/2020 17:00:00
263,1508,254,ลำรางเกาะขุนเณร,คลองแสนแสบ,คลองสองตะวันออก,6-Apr,3400,คลองสามวา,2,5/13/2020 17:00:00,5/13/2020 17:00:00
264,1507,253,ลำรางเกาะข่า,ถนนรามอินทรา,คลองกีบหมู,19-Mar,1500,มีนบุรี,2,5/13/2020 17:00:00,5/13/2020 17:00:00
265,1506,252,ลำรางกีบหมู,คลองกีบหมู,ถนนเจริญพัฒนา,18-May,530,มีนบุรี,2,5/13/2020 17:00:00,5/13/2020 17:00:00
266,1505,251,ลำรางกลางซอยสมพรเพชรทองคำ,คลองสนามชัย,ที่ดินเลขที่ 60  ระวาง 5404-7,6-Feb,400,บางขุนเทียน,2,5/13/2020 17:00:00,5/13/2020 17:00:00
267,1504,250,ลำรางกระเทียม,คลองบางชัน,ถนนรามอินทรา,8-Mar,1000,มีนบุรี,2,5/13/2020 17:00:00,5/13/2020 17:00:00
268,1503,249,ลำราง ซ.ลาดพร้าว 112,คลองแสนแสบ  (ช่วงใกล้ซอยรามฯ 53),อาคาร 553/1-5 ซอยลาดพร้าว 112,5-Mar,850,วังทองหลาง,2,5/13/2020 17:00:00,5/13/2020 17:00:00
269,1502,248,ลำปลายคลองเกร็ด,คลองครุ,คลองหกขุด,6-May,1900,คันนายาว,2,5/13/2020 17:00:00,5/13/2020 17:00:00
270,1501,247,ลำบึงแยกลำไทร,คลองพระราชดำริ 2,สุดระยะที่กำหนดให้,15-Oct,2350,คลองสามวา,2,5/13/2020 17:00:00,5/13/2020 17:00:00
271,1500,246,ลำกระโดงอำนวยสุข,คลองบางกอกใหญ่,สุดระยะที่กำหนดให้,5-Apr,450,บางกอกใหญ่,2,5/13/2020 17:00:00,5/13/2020 17:00:00
272,1499,244,ลำกระโดงหลังหมู่บ้านเพชรมณฑล,คลองบางไผ่,หลังหมู่บ้านเพชรมณฑล,10-Aug,193,บางแค,2,5/13/2020 17:00:00,5/13/2020 17:00:00
273,1498,243,ลำกระโดงหลังหมู่บ้านชัยมงคล,หลังหมู่บ้านชัยมงคล,สุดระยะที่กำหนดให้,4 - 7.5,720,บางแค,2,5/13/2020 17:00:00,5/13/2020 17:00:00
274,1497,242,ลำกระโดงหลังโรงเรียนวัดม่วง,คลองภาษีเจริญ,คลองหลังวัดม่วง,7-Jun,250,บางแค,2,5/13/2020 17:00:00,5/13/2020 17:00:00
275,1496,241,ลำกระโดงหลังโรงเรียนวัดบุญยประดิษฐ์,คลองบางแวก,ซอยแยกซอยพัฒนรัตน์ 1,9-Apr,355,บางแค,2,5/13/2020 17:00:00,5/13/2020 17:00:00
276,1495,240,ลำกระโดงหลังโรงเจ,คลองบางจาก,ซอยแสงเพชรแยก 33,2.5 - 6,795,บางแค,2,5/13/2020 17:00:00,5/13/2020 17:00:00
277,1494,239,ลำกระโดงหลังโรงงานก๋วยเตี๋ยว,ลำกระโดงปลายซอยสองคุณจ่า,คลองภาษีเจริญ,10-Jan,600,บางแค,2,5/13/2020 17:00:00,5/13/2020 17:00:00
278,1493,238,ลำกระโดงหลังภัตตาคารแวร์ซายส์,คลองบางกอกใหญ่,หมู่บ้านอิ่มอัมพร,6-Feb,650,บางกอกใหญ่,2,5/13/2020 17:00:00,5/13/2020 17:00:00
279,1492,237,ลำกระโดงหลังตึกแถว (ถ.สุขาภิบาล 1),คลองภาษีเจริญ,คลองบางแค,2.5 - 5,300,บางแค,2,5/13/2020 17:00:00,5/13/2020 17:00:00
280,1491,236,ลำกระโดงหมู่ 8 บางด้วน,คลองบางจาก,สุดระยะที่กำหนดให้,2-Jan,100,ภาษีเจริญ,2,5/13/2020 17:00:00,5/13/2020 17:00:00
281,1490,235,ลำกระโดงหมู่ 10 บางด้วน,ปลายคลอง,ปลายคลอง,4-Mar,276,ภาษีเจริญ,2,5/13/2020 17:00:00,5/13/2020 17:00:00
282,1489,234,ลำกระโดงหน้าหมู่บ้านศุภาลัย,คลองบางแวก,สุดระยะที่กำหนดให้,4-Feb,130,บางแค,2,5/13/2020 17:00:00,5/13/2020 17:00:00
283,1488,233,ลำกระโดงหน้า สน.ภาษีเจริญ,คลองบางจาก,ถนนเพชรเกษม,3-Feb,318,ภาษีเจริญ,2,5/13/2020 17:00:00,5/13/2020 17:00:00
284,1487,232,ลำกระโดงสุดเขต,คลองบางไผ่,คลองบางแวก,4-Mar,467,ภาษีเจริญ,2,5/13/2020 17:00:00,5/13/2020 17:00:00
285,1486,231,ลำกระโดงสะพานดำ,ถนนเจริญรัถ,สุดระยะที่กำหนดให้ (ซอยสมบูรณ์),1.50 - 2.50,30,คลองสาน,2,5/13/2020 17:00:00,5/13/2020 17:00:00
286,1485,230,ลำกระโดงสรรพกร ( ข้าง ม.สยาม ),คลองบางจาก,คลองภาษีเจริญ,4-Mar,688,ภาษีเจริญ,2,5/13/2020 17:00:00,5/13/2020 17:00:00
287,1484,229,ลำกระโดงศุภาลัย,คลองบางไผ่,คลองครูเสงี่ยม,8-Jul,527,ภาษีเจริญ,2,5/13/2020 17:00:00,5/13/2020 17:00:00
1282,489,181,คลองตาถึง,คลองรางใหญ่,คลองรางแขก,5-Mar,850,ทุ่งครุ,2,5/13/2020 17:00:00,5/13/2020 17:00:00
288,1483,228,ลำกระโดงเลียบซอยอุดมปรีชา,คลองราชมนตรี,คลองโรงสี,4.5 - 7,450,บางแค,2,5/13/2020 17:00:00,5/13/2020 17:00:00
289,1482,227,ลำกระโดงเลียบซอยแสงเพชรแยก 32,คลองบางจาก,ลำกระโดงแยกคลอง,6-Feb,470,บางแค,2,5/13/2020 17:00:00,5/13/2020 17:00:00
290,1481,226,ลำกระโดงเลียบซอยวงศาโรจน์,คลองบางอ้าย,ถนนคลองหนองใหญ่,3-Feb,350,บางแค,2,5/13/2020 17:00:00,5/13/2020 17:00:00
291,1480,225,ลำกระโดงลัดวัดไชยฉิมพลี,คลองบางเชือกหนัง,คลองขี้มูกไหล,2-Jan,329,ภาษีเจริญ,2,5/13/2020 17:00:00,5/13/2020 17:00:00
292,1479,224,"ลำกระโดงระหว่างซอยอินทาปัจ 13 ,15",ซอยอินทาปัจ 13-3,ลำกระโดงปลายซอยอินทาปัจ 15,6-Apr,600,บางแค,2,5/13/2020 17:00:00,5/13/2020 17:00:00
293,1478,223,ลำกระโดงระหว่างซอยเพชรเกษม 43 กับ ซ.เพชรเกษม 41,คลองบางแค,ถนนเพชรเกษม,2.5 - 6,400,บางแค,2,5/13/2020 17:00:00,5/13/2020 17:00:00
294,1477,222,ลำกระโดงแยกถนนสิรินธร,ถนนสิรินธร,สุดเขตลำกระโดง,4-Mar,205,บางพลัด,2,5/13/2020 17:00:00,5/13/2020 17:00:00
295,1476,221,ลำกระโดงแยกจากลำกระโดง ปลายซอยเพชรเกษม 41,คลองภาษีเจริญ,ลำกระโดงปลาย ซ.เพชรเกษม 41,2.5 - 3,200,บางแค,2,5/13/2020 17:00:00,5/13/2020 17:00:00
296,1475,220,ลำกระโดงแยกจาก ลำกระโดง ปลายซอยเพชรเกษม 43,ลำกระโดงปลาย ซ.เพชรเกษม 43,ลำกระโดงปลาย ซ.เพชรเกษม 41,1 - 1.5,100,บางแค,2,5/13/2020 17:00:00,5/13/2020 17:00:00
297,1474,219,ลำกระโดงแยกคลองอภิชาติ,คลองอภิชาติ,คลองศักดิ์เจริญ,5-Apr,170,บางกอกใหญ่,2,5/13/2020 17:00:00,5/13/2020 17:00:00
298,1473,218,ลำกระโดงแยกคลองหลังวัดราชสิทธฯ,คลองหลังวัดราชสิทธฯ,สุดเขตคลอง,6-Feb,188,บางกอกใหญ่,2,5/13/2020 17:00:00,5/13/2020 17:00:00
299,1472,217,ลำกระโดงแยกคลองบางอ้าย 1,คลองบางอ้าย,สุดระยะ (ลำกระโดงเอกชน),6-Mar,750,บางแค,2,5/13/2020 17:00:00,5/13/2020 17:00:00
300,1471,216,ลำกระโดงแยกคลองบางอ้อ (ซ้าย),คลองบางอ้อ,ชุมชนสงวนทรัพย์,4-Mar,100,บางพลัด,2,5/13/2020 17:00:00,5/13/2020 17:00:00
301,1470,215,ลำกระโดงแยกคลองบางอ้อ (ขวา),คลองบางอ้อ,ซอยจรัญ 95/1,4-Mar,135,บางพลัด,2,5/13/2020 17:00:00,5/13/2020 17:00:00
302,1469,214,ลำกระโดงแยกคลองบางแวก (ม.เอเวอร์กรีนซิตี้),คลองบางแวก,ถนนกาญจนาภิเษก,5-Apr,380,บางแค,2,5/13/2020 17:00:00,5/13/2020 17:00:00
303,1468,213,ลำกระโดงแยกคลองบางแวก (ตรงข้ามวัดบุณยประดิษฐ์),คลองบางแวก,ถนนเข้าวัดบุณยประดิษฐ์,10-Apr,400,บางแค,2,5/13/2020 17:00:00,5/13/2020 17:00:00
304,1467,212,ลำกระโดงแยกคลองบางแวก (ใกล้คลองลัดครูเสงี่ยม),คลองบางแวก,ถนนราชมนตรี,4-Mar,230,บางแค,2,5/13/2020 17:00:00,5/13/2020 17:00:00
305,1466,211,ลำกระโดงแยกคลองบางแวก (ใกล้คลองยายเพิ่ม),คลองบางแวก,สุดระยะที่กำหนดให้,3.5 - 4.5,420,บางแค,2,5/13/2020 17:00:00,5/13/2020 17:00:00
306,1465,210,ลำกระโดงแยกคลองบางไผ่ (ใกล้ ค.ยายเพิ่มช่วงปลาย),คลองบางไผ่,สุดระยะที่กำหนดให้,4-Mar,170,บางแค,2,5/13/2020 17:00:00,5/13/2020 17:00:00
307,1464,209,ลำกระโดงแยกคลองบางไผ่,คลองบางไผ่,สุดระยะที่กำหนดให้,5-Mar,280,บางแค,2,5/13/2020 17:00:00,5/13/2020 17:00:00
308,1463,208,ลำกระโดงแยกคลองบางไผ่,คลองบางไผ่,สุดระยะที่กำหนดให้,6-Mar,307,บางแค,2,5/13/2020 17:00:00,5/13/2020 17:00:00
309,1462,207,ลำกระโดงแยกคลองบางขี้เก้ง (หน้าหมู่บ้านเอเวอร์กรีนซิตี้),คลองบางขี้เก้ง,ถนนกาญจนาภิเษก,5-Apr,377,บางแค,2,5/13/2020 17:00:00,5/13/2020 17:00:00
310,1461,206,ลำกระโดงแยก ค.บางจากล่าง(ซอย 38),คลองบางจากล่าง,คลองบางขี้เก้ง,4-Feb,270,บางแค,2,5/13/2020 17:00:00,5/13/2020 17:00:00
311,1460,205,ลำกระโดงแยก ค.บางจากล่าง(ซอย 32),คลองบางจากล่าง,ลำกระโดงแยกซอยแสงเพชร 32,5-Mar,200,บางแค,2,5/13/2020 17:00:00,5/13/2020 17:00:00
312,1459,204,ลำกระโดงแยก ค.บางจากล่าง(ซอย 24),คลองบางจากล่าง,ลำกระโดงแยกคลองบางจากล่าง,5-Mar,135,บางแค,2,5/13/2020 17:00:00,5/13/2020 17:00:00
313,1458,203,ลำกระโดงเพชรเกษม 58,ปลายคลอง,ปลายคลอง,3-Feb,213,ภาษีเจริญ,2,5/13/2020 17:00:00,5/13/2020 17:00:00
314,1457,202,ลำกระโดงเพชรเกษม 54 - 58,ปลายคลอง,ปลายคลอง,3-Feb,773,ภาษีเจริญ,2,5/13/2020 17:00:00,5/13/2020 17:00:00
315,1456,201,ลำกระโดงปากทางเข้าหมูบ้านสุขสำราญ,คลองบางแค,ถนนทางเข้าหมู่บ้านสุขสำราญ,1.5 - 4,450,บางแค,2,5/13/2020 17:00:00,5/13/2020 17:00:00
316,1455,200,ลำกระโดงปากซอยยิ้มประยูร,คลองบางอ้าย,คลองหนองใหญ่,6-Mar,750,บางแค,2,5/13/2020 17:00:00,5/13/2020 17:00:00
317,1454,199,ลำกระโดงปลายในสองคุณจ่า,คลองภาษีเจริญ,ลำกระโดงหลังโรงงานก๋วยเตี๋ยว,8-Apr,200,บางแค,2,5/13/2020 17:00:00,5/13/2020 17:00:00
318,1453,198,ลำกระโดงปลายซอยอินทาปัจ 9,คลองบางแค,ซอยอินทาปัจ 9,6-May,250,บางแค,2,5/13/2020 17:00:00,5/13/2020 17:00:00
319,1452,197,ลำกระโดงปลายซอยอินทาปัจ 15,คลองภาษีเจริญ,ลำกระโดงเชื่อมซอยอินทาปัจ 11-4 กับลำกระโดงปลายซอย 15,6-Apr,200,บางแค,2,5/13/2020 17:00:00,5/13/2020 17:00:00
320,1451,196,ลำกระโดงปลายซอยแสงเพชรแยก 30,คลองบางจาก,คลองบางจากล่าง,7-Mar,425,บางแค,2,5/13/2020 17:00:00,5/13/2020 17:00:00
321,1450,195,ลำกระโดงปลายซอยสองคุณจ่า,คลองภาษีเจริญ,คลองบางอ้าย,8-Apr,900,บางแค,2,5/13/2020 17:00:00,5/13/2020 17:00:00
322,1449,194,ลำกระโดงปลายซอยสมชาย,คลองอภิชาติ,คลองศักดิ์เจริญ,4-Mar,98,บางกอกใหญ่,2,5/13/2020 17:00:00,5/13/2020 17:00:00
323,1448,193,ลำกระโดงปลายซอยระหว่างซอยเพชรเกษม 94-96,คลองบางจาก,สุดระยะที่กำหนดให้,6-Feb,400,บางแค,2,5/13/2020 17:00:00,5/13/2020 17:00:00
324,1447,192,ลำกระโดงปลายซอยยิ้มประยูร,คลองราชมนตรี,ซอยยิ้มประยูร,5-Feb,350,บางแค,2,5/13/2020 17:00:00,5/13/2020 17:00:00
325,1446,191,ลำกระโดงปลายซอยเพชรเกษม 51,คลองภาษีเจริญ,คลองบางแค,2.5 - 4.5,750,บางแค,2,5/13/2020 17:00:00,5/13/2020 17:00:00
326,1445,190,ลำกระโดงปลายซอยเพชรเกษม 47,คลองบางจาก,สุดระยะที่กำหนดให้,1.5 - 3,300,บางแค,2,5/13/2020 17:00:00,5/13/2020 17:00:00
327,1444,189,ลำกระโดงปลายซอยเพชรเกษม 43,คลองภาษีเจริญ,คลองบางแค,7-Apr,450,บางแค,2,5/13/2020 17:00:00,5/13/2020 17:00:00
328,1443,188,ลำกระโดงปลาย ซ.อัสสัมชัญ 7,คลองบางแวก,ปลายซอยอัสสัมชัญ 7,10-Mar,435,บางแค,2,5/13/2020 17:00:00,5/13/2020 17:00:00
329,1442,187,ลำกระโดงปลาย ซ.เพชรเกษม 41,คลองภาษีเจริญ,คลองบางแค,8-Apr,600,บางแค,2,5/13/2020 17:00:00,5/13/2020 17:00:00
330,1441,186,ลำกระโดงบางแวกหมู่ 1,คลองบางจาก,สุดระยะที่กำหนดให้,3-Feb,40,ภาษีเจริญ,2,5/13/2020 17:00:00,5/13/2020 17:00:00
331,1440,185,ลำกระโดงบางจาก 152,คลองบางจาก,สุดระยะที่กำหนดให้,3-Feb,129,ภาษีเจริญ,2,5/13/2020 17:00:00,5/13/2020 17:00:00
332,1439,184,ลำกระโดงบางจาก 151,คลองบางจาก,สุดระยะที่กำหนดให้,2-Jan,188,ภาษีเจริญ,2,5/13/2020 17:00:00,5/13/2020 17:00:00
333,1438,183,ลำกระโดงในหมู่บ้านสินทวีงามเจริญ,คลองรางแค,ถนนอนามัยงามเจริญ,6-May,750,บางขุนเทียน,2,5/13/2020 17:00:00,5/13/2020 17:00:00
334,1437,182,ลำกระโดงในหมู่บ้านร่ำรวยนิเวศน์ 2,คลองบางขี้แก้ง,สุดระยะที่กำหนดให้,2.5 - 7.5,565,บางแค,2,5/13/2020 17:00:00,5/13/2020 17:00:00
335,1436,181,ลำกระโดงในเดอะมอลล์,คลองบางจาก,สุดระยะที่กำหนดให้,3-Feb,516,บางแค,2,5/13/2020 17:00:00,5/13/2020 17:00:00
336,1435,180,ลำกระโดงในซอยอินทาปัจ 9-6-1,ซอยอินทาปัจ 11,สุดระยะที่กำหนดให้,5-Mar,280,บางแค,2,5/13/2020 17:00:00,5/13/2020 17:00:00
337,1434,179,ลำกระโดงในซอยยิ้มประยูร,คลองบางส่าย,คลองพระยาราชมนตรี,8-Jul,723,ภาษีเจริญ,2,5/13/2020 17:00:00,5/13/2020 17:00:00
338,1433,178,ลำกระโดงในซอยเพชรเกษม 62/3,คลองบางจาก,สุดระยะที่กำหนดให้,3 - 4.5,200,บางแค,2,5/13/2020 17:00:00,5/13/2020 17:00:00
339,1432,177,ลำกระโดงในซอยบุญมี,คลองบางอ้าย,ซอยบุญมี,5-Feb,180,บางแค,2,5/13/2020 17:00:00,5/13/2020 17:00:00
340,1431,176,ลำกระโดงนิศาชล,คลองครูเสงี่ยม,คลองบางไผ่,8-Jul,557,ภาษีเจริญ,2,5/13/2020 17:00:00,5/13/2020 17:00:00
341,1430,175,ลำกระโดงตัดซอยอินทาปัจ 9-11  ช่วงที่ 1,คลองบางแค,สุดระยะที่กำหนดให้,6-Apr,700,บางแค,2,5/13/2020 17:00:00,5/13/2020 17:00:00
342,1429,174,ลำกระโดงตัดซอยอินทาปัจ 13 ถึงคลองบางแค ช่วงที่ 3,คลองบางแค,ซอยอินทาปัจ 13,6-Apr,800,บางแค,2,5/13/2020 17:00:00,5/13/2020 17:00:00
343,1428,173,ลำกระโดงตัดซอยอินทาปัจ 13 ถึงคลองบางแค ช่วงที่ 2,คลองบางแค,ซอยอินทาปัจ 13,6-Apr,1170,บางแค,2,5/13/2020 17:00:00,5/13/2020 17:00:00
344,1427,172,ลำกระโดงตัดซอยแยกหน้าชุมชน แสงเพชร,ลำกระโดงแยก ค.บางจากล่าง,สุดระยะที่กำหนดให้,5-Mar,260,บางแค,2,5/13/2020 17:00:00,5/13/2020 17:00:00
345,1426,171,ลำกระโดงตรงข้ามศาลเจ้าใหญ่,คลองภาษีเจริญ,คลองหลังวัดม่วง,6-Apr,300,บางแค,2,5/13/2020 17:00:00,5/13/2020 17:00:00
346,1425,170,ลำกระโดงตรงข้ามซอย ร.ร.อยู่วิทยา,คลองวัดสังข์กระจาย,สุดเขตคลอง,3-Feb,600,บางกอกใหญ่,2,5/13/2020 17:00:00,5/13/2020 17:00:00
347,1424,169,ลำกระโดงตรงข้ามคลองนายอี่ (ปากทางเข้าหมู่บ้านเอเวอร์กรีนซิตี้),คลองบางแวก,ลำกระโดงแยกคลองบางขี้แก้ง,9-Apr,373,บางแค,2,5/13/2020 17:00:00,5/13/2020 17:00:00
348,1423,168,ลำกระโดงตรงข้าม ซ.เพชรเกษม 58,ถนนเพชรเกษม,คลองภาษีเจริญ,4-Mar,385,ภาษีเจริญ,2,5/13/2020 17:00:00,5/13/2020 17:00:00
349,1422,167,ลำกระโดงตรงข้าม ซ.เพชรเกษม 50,ถนนเพชรเกษม,คลองภาษีเจริญ,3-Feb,287,ภาษีเจริญ,2,5/13/2020 17:00:00,5/13/2020 17:00:00
350,1421,166,ลำกระโดงซอยอิสรภาพ  3,ปลายซอยอิสรภาพ 3,สุดระยะที่กำหนดให้,1.70 - 2.50,170,คลองสาน,2,5/13/2020 17:00:00,5/13/2020 17:00:00
351,1420,165,ลำกระโดงซอยสมเด็จเจ้าพระยา  17,แม่น้ำเจ้าพระยา,สุดระยะที่กำหนดให้,4,152,คลองสาน,2,5/13/2020 17:00:00,5/13/2020 17:00:00
352,1419,164,ลำกระโดงซอยศักดิ์เจริญ,คลองบางกอกใหญ่,สุดเขตคลอง,6-Mar,550,บางกอกใหญ่,2,5/13/2020 17:00:00,5/13/2020 17:00:00
353,1418,163,ลำกระโดงซอยโลงเหล็ก,คลองบางลำเจียก,สุดเขตคลอง,2.5 - 4,265,บางกอกใหญ่,2,5/13/2020 17:00:00,5/13/2020 17:00:00
354,1417,162,ลำกระโดงซอยเพชรเกษม 52,คลองบางจาก,สุดระยะที่กำหนดให้,5-Apr,450,ภาษีเจริญ,2,5/13/2020 17:00:00,5/13/2020 17:00:00
355,1416,161,ลำกระโดงซอยเพชรเกษม 44,คลองบางจาก,สุดระยะที่กำหนดให้,6-May,585,ภาษีเจริญ,2,5/13/2020 17:00:00,5/13/2020 17:00:00
356,1415,160,ลำกระโดงซอยเพชรเกษม 40,ถ.เพชรเกษม,คลองบางจาก,4-Mar,944,ภาษีเจริญ,2,5/13/2020 17:00:00,5/13/2020 17:00:00
357,1414,159,ลำกระโดงซอยเพชรเกษม 28,คลองบางจาก,สุดระยะที่กำหนดให้,5-Apr,280,ภาษีเจริญ,2,5/13/2020 17:00:00,5/13/2020 17:00:00
358,1413,158,ลำกระโดงซอยพุทธโอสถ,ซอยพุทธโอสถ,สุดระยะที่กำหนดให้,43832,77,บางรัก,2,5/13/2020 17:00:00,5/13/2020 17:00:00
359,1412,157,ลำกระโดงซอยปราโมทย์ 2,ซอยปราโมทย์ 2,ซอยปราโมทย์ 3,43832,40,บางรัก,2,5/13/2020 17:00:00,5/13/2020 17:00:00
360,1411,156,ลำกระโดงซอยชุมชนสองร้อยห้อง,บริเวณบ้านเลขที่ 207,สุดระยะที่กำหนดให้,1.2,213,คลองสาน,2,5/13/2020 17:00:00,5/13/2020 17:00:00
361,1410,155,ลำกระโดงซอยเจริญนคร  18,ซอยเจริญนคร 18,ถนนเจริญนคร,2.50 - 4,150,คลองสาน,2,5/13/2020 17:00:00,5/13/2020 17:00:00
362,1409,153,ลำกระโดงเชื่อมซอยอินทาปัจ 11-4  กับ ลำกระโดงปลายซอย 15,ซอยอินทาปัจ 11-4,ลำกระโดงปลายซอยอินทาปัจ 15,6-Apr,400,บางแค,2,5/13/2020 17:00:00,5/13/2020 17:00:00
363,1408,152,ลำกระโดงเชื่อมคลองผาสุขใจ กับคลองหลังวัดม่วง,คลองผาสุขใจ,คลองหลังวัดม่วง,17-Oct,520,บางแค,2,5/13/2020 17:00:00,5/13/2020 17:00:00
364,1407,151,ลำกระโดงเชิงสะพานบางไผ่,คลองบางกอกใหญ่,สุดเขตคลอง,4-Mar,170,บางกอกใหญ่,2,5/13/2020 17:00:00,5/13/2020 17:00:00
365,1406,150,ลำกระโดงเชิงสะพานข้ามคลองบางแวก (ถนนกาญจนาภิเษก),คลองบางแวก,ถนนกาญจนาภิเษก,5-Apr,120,บางแค,2,5/13/2020 17:00:00,5/13/2020 17:00:00
366,1405,149,ลำกระโดงชุมชมเขต 3,คลองบางจาก,คลองบางจาก,4-Mar,498,ภาษีเจริญ,2,5/13/2020 17:00:00,5/13/2020 17:00:00
367,1404,148,ลำกระโดงชุมชนแม่นยำ 3,คลองบางระแนะ,คลองลัดบางระแนะ,3.5 - 5,200,ภาษีเจริญ,2,5/13/2020 17:00:00,5/13/2020 17:00:00
368,1403,147,ลำกระโดงชุมชนแม่นยำ 2,ล.ชุมชนแม่นยำ 3,คลองบางอ้าย,5-Apr,65,ภาษีเจริญ,2,5/13/2020 17:00:00,5/13/2020 17:00:00
369,1402,146,ลำกระโดงชุมชนแม่นยำ 1,คลองบางประทุน,คลองบางระแนะ,3.5 - 5,135,ภาษีเจริญ,2,5/13/2020 17:00:00,5/13/2020 17:00:00
370,1401,145,ลำกระโดงชุมชนนครลุง,คลองบางไผ่,ถนนข้างป้อมนครลุง,4-Feb,300,บางแค,2,5/13/2020 17:00:00,5/13/2020 17:00:00
371,1400,144,ลำกระโดงชุมชนซอยคานเรือ,คลองตาโท้,ถนนเพชรเกษม,5-Apr,640,ภาษีเจริญ,2,5/13/2020 17:00:00,5/13/2020 17:00:00
372,1399,143,ลำกระโดงชุมชนเขต 5,คลองบางจาก,คลองบางหว้า,4-Mar,295,ภาษีเจริญ,2,5/13/2020 17:00:00,5/13/2020 17:00:00
373,1398,142,ลำกระโดงชุมชน ร.ร.มิตรผล,ถนนเจริญนคร,สุดระยะที่กำหนดให้,1.2 - 3,87,คลองสาน,2,5/13/2020 17:00:00,5/13/2020 17:00:00
374,1397,141,ลำกระโดงชิดสาย 1,ปลายคลอง,ปลายคลอง,2-Jan,180,ภาษีเจริญ,2,5/13/2020 17:00:00,5/13/2020 17:00:00
375,1396,140,ลำกระโดงข้ามหมู่บ้านเศรษฐีวิลล์,คลองบางอ้าย,ลำกระโดงหลังหมู่บ้านชัยมงคล,1.5 - 4.5,400,บางแค,2,5/13/2020 17:00:00,5/13/2020 17:00:00
376,1395,139,ลำกระโดงข้ามหมู่บ้านวรนุช,คลองบางจากล่าง,หมู่บ้านวรนุช,7-Mar,380,บางแค,2,5/13/2020 17:00:00,5/13/2020 17:00:00
377,1394,138,ลำกระโดงข้างอู่ต่อเรือมิตรสายชล,คลองบางกอกใหญ่,สุดเขตคลอง,5-Mar,150,บางกอกใหญ่,2,5/13/2020 17:00:00,5/13/2020 17:00:00
378,1393,137,ลำกระโดงข้างหมู่บ้านสินทวีงามเจริญ,ลำกระโดงในหมู่บ้านสินทวี,ถนนอนามัยงามเจริญ,6-Apr,800,บางขุนเทียน,2,5/13/2020 17:00:00,5/13/2020 17:00:00
379,1392,136,ลำกระโดงข้างหมู่บ้านศุภาลัย,คลองบางแวก,สุดระยะที่กำหนดให้,3.5 - 4.5,430,บางแค,2,5/13/2020 17:00:00,5/13/2020 17:00:00
1615,156,115,คลองเป้ง,คลองแสนแสบ,ซอยเจริญสุข,8-Apr,1100,วัฒนา,1,5/13/2020 17:00:00,5/13/2020 17:00:00
380,1391,135,ลำกระโดงข้างหมู่บ้านศรีมงคล (ตัดซอยยิ่งเจริญ),คลองบางอ้าย,ซอยวงศาโรจน์,9-Apr,600,บางแค,2,5/13/2020 17:00:00,5/13/2020 17:00:00
381,1390,134,ลำกระโดงข้างหมู่บ้านร่ำรวยนิเวศน์ 2,คลองบางจาก,ลำกระโดงใน ม.ร่ำรวยนิเวศน์ 2,2 - 6.5,525,บางแค,2,5/13/2020 17:00:00,5/13/2020 17:00:00
382,1389,133,ลำกระโดงข้างวัดสุทธิ,แม่น้ำเจ้าพระยา,ถนนเจริญกรุง,5-Jan,210,สาทร,2,5/13/2020 17:00:00,5/13/2020 17:00:00
383,1388,132,ลำกระโดงข้างวัดสังข์กระจาย,คลองบางกอกใหญ่,ซอยเพชรเกษม 4,4-Mar,600,บางกอกใหญ่,2,5/13/2020 17:00:00,5/13/2020 17:00:00
384,1387,131,ลำกระโดงข้างโรงเรียนกรพิทักษ์วิทย์,คลองบางอ้าย,คลองหนองใหญ่,4 - 7.5,750,บางแค,2,5/13/2020 17:00:00,5/13/2020 17:00:00
385,1386,130,ลำกระโดงข้างร้านอำนวยสุขวัสดุก่อสร้าง,คลองภาษีเจริญ,คลองรางบัว,6-May,260,ภาษีเจริญ,2,5/13/2020 17:00:00,5/13/2020 17:00:00
386,1385,129,ลำกระโดงข้างปั้ม ป.ต.ท.ถนนเทอดไท,คลองภาษีเจริญ,สุดระยะที่กำหนดให้,3-Feb,235,ภาษีเจริญ,2,5/13/2020 17:00:00,5/13/2020 17:00:00
387,1384,128,ลำกระโดงข้างบ้านบางแค 2,คลองบางอ้าย,ลำกระโดงหลังหมู่บ้านชัยมงคล,8-Jun,400,บางแค,2,5/13/2020 17:00:00,5/13/2020 17:00:00
388,1383,127,ลำกระโดงข้างบริษัทประยูรวิศว์,คลองบางแค,ถนนเพชรเกษม,4.5 - 6,400,บางแค,2,5/13/2020 17:00:00,5/13/2020 17:00:00
389,1382,126,ลำกระโดงข้างที่ดินรถไฟ,แม่น้ำเจ้าพระยา,สุดระยะที่กำหนดให้,7-Feb,300,คลองสาน,2,5/13/2020 17:00:00,5/13/2020 17:00:00
390,1381,125,ลำกระโดงข้างเดอะมอลล์,คลองบางจาก,สุดระยะที่กำหนดให้,3.5 - 10,400,บางแค,2,5/13/2020 17:00:00,5/13/2020 17:00:00
391,1380,124,ลำกระโดงข้าง รร.พาณิชการสยาม,คลองบางจาก,ซอยจรัญฯ 63,43867,424,บางพลัด,2,5/13/2020 17:00:00,5/13/2020 17:00:00
392,1379,123,ลำกระโดงข้าง ซ.เพชรเกษม 37,คลองภาษีเจริญ,สุดระยะที่กำหนดให้,5-Apr,275,ภาษีเจริญ,2,5/13/2020 17:00:00,5/13/2020 17:00:00
393,1378,122,ลำกระโดงขนานซอยอินทาปัจ 11-4 และอินทาปัจ 9-6,ซอยอินทาปัจ 9,ซอยอินทาปัจ 13,4 - 7.5,550,บางแค,2,5/13/2020 17:00:00,5/13/2020 17:00:00
394,1377,121,ลำกระโดงขนานซอยสองพระ,ถนนพระรามที่ 4,สุดระยะที่กำหนดให้,2-Jan,265,บางรัก,2,5/13/2020 17:00:00,5/13/2020 17:00:00
395,1376,120,ลำกระโดงขนานซอยเพชรเกษม 43,คลองบางแค,ถนนเพชรเกษม,3 - 4.5,400,บางแค,2,5/13/2020 17:00:00,5/13/2020 17:00:00
396,1375,119,ลำกระโดงขนานซอยจินดาถวิล,ถนนพระรามที่ 4,สุดระยะที่กำหนดให้,43832,215,บางรัก,2,5/13/2020 17:00:00,5/13/2020 17:00:00
397,1374,118,ลำกระโดงขนานซอยกิจพาณิช,ถนนพระรามที่ 4,สุดระยะที่กำหนดให้,2-Jan,240,บางรัก,2,5/13/2020 17:00:00,5/13/2020 17:00:00
398,1373,117,ลำกระโดงเกือกม้าใน ม.เอเวอร์กรีนซิตี้,คลองบางแวก,คลองบางแวก,4.5 - 8,950,บางแค,2,5/13/2020 17:00:00,5/13/2020 17:00:00
399,1372,116,ลำกระโดงเกือกม้าตรงข้ามซอยเพชรเกษม 47,คลองบางแค,คลองบางแค,8-Apr,500,บางแค,2,5/13/2020 17:00:00,5/13/2020 17:00:00
400,1371,115,ลำกระโดงกิ่งจันทร์,ถนนจันทร์,ซอยอยู่ดี,4-Feb,425,สาทร,2,5/13/2020 17:00:00,5/13/2020 17:00:00
401,1370,114,ลำกระโดง ร.ร.วัดโตนด,คลองบางแวก,สุดระยะที่กำหนดให้,3-Feb,200,ภาษีเจริญ,2,5/13/2020 17:00:00,5/13/2020 17:00:00
402,1369,113,ลำกระโดง ซ.48 - บางด้วนเหนือ 2,คลองบางด้วน,สุดระยะที่กำหนดให้,43894,255,ภาษีเจริญ,2,5/13/2020 17:00:00,5/13/2020 17:00:00
403,1368,112,ลำกระโดง ซ.48 - บางด้วนเหนือ 1,คลองบางด้วน,สุดระยะที่กำหนดให้,43894,235,ภาษีเจริญ,2,5/13/2020 17:00:00,5/13/2020 17:00:00
404,1367,111,ลำกระโดง,แยกซอยรัชฏภัณฑ์,คลองสามเสน,4-Mar,40,ราชเทวี,2,5/13/2020 17:00:00,5/13/2020 17:00:00
405,1366,110,ลำกระโดง,สุขุมวิท 62 แยก 25,คลองเจ็ก,3-Feb,150,พระโขนง,2,5/13/2020 17:00:00,5/13/2020 17:00:00
406,1365,109,แยกลำกระโดงกิ่งจันทร์,ลำกระโดงกิ่งจันทร์,สุดระยะที่กำหนดให้,1.5 - 5,135,สาทร,2,5/13/2020 17:00:00,5/13/2020 17:00:00
407,1364,108,แยกคลองหลอแหล(ม.ธารารมณ์),คลองหลอแหล,คลองหลอแหล,8-Jun,767,สะพานสูง,2,5/13/2020 17:00:00,5/13/2020 17:00:00
408,1363,107,คูหลังสถานฑูตพม่า(เมียนม่าร์),ถนนสาทรเหนือ,ถนนสีลม(ชุมชนซอยไวตี),1.5 - 2.5,475,บางรัก,2,5/13/2020 17:00:00,5/13/2020 17:00:00
409,1362,106,คูหลังบริษัทโกดัก(คูซอยสุขสันต์),ซอยหลังวัดหัวลำโพง,ซอยสุขสันต์,2 - 2.5,102,บางรัก,2,5/13/2020 17:00:00,5/13/2020 17:00:00
410,1361,105,คูหลังเขตบางรัก,คลองหัวลำโพงเก่า,สำนักงานเขตบางรัก,3,117,บางรัก,2,5/13/2020 17:00:00,5/13/2020 17:00:00
411,1360,104,คูหลังกรมสื่อสารทหารบก,ถนนทหาร,คลองวัดประชาระบือธรรม,6-May,550,ดุสิต,2,5/13/2020 17:00:00,5/13/2020 17:00:00
412,1359,103,คูระบายน้ำหลังโรงเรียนศรีเอี่ยมอนุสรณ์,หลังโรงเรียนศรีเอี่ยมอนุสรณ์,ถ.บางนา-ตราด ข้างโรงพยาบาล,6-Jan,780,บางนา,2,5/13/2020 17:00:00,5/13/2020 17:00:00
413,1358,102,คูระบายน้ำปลายซอยสุขุมวิท 68,ปลายซอยสุขุมวิท 68,คลองบางอ้อ ติดเขตพระโขนง,4-Jan,360,บางนา,2,5/13/2020 17:00:00,5/13/2020 17:00:00
414,1357,101,คูระบายน้ำที่ดินจัดสรรกรมการปกครอง,คลองลาดพร้าว,ใกล้ซอย วี.ไอ.พี,4-Mar,700,จตุจักร,2,5/13/2020 17:00:00,5/13/2020 17:00:00
415,1356,100,คูระบายน้ำซอยเสนานิคม 2,คลองลาดพร้าว,ซอยศิริพร,4-Mar,400,จตุจักร,2,5/13/2020 17:00:00,5/13/2020 17:00:00
416,1355,99,คูระบายน้ำซอยเสนานิคม 1,ซอยศรีอัมพร,คลองลาดพร้าว,3-Feb,600,จตุจักร,2,5/13/2020 17:00:00,5/13/2020 17:00:00
417,1354,98,คูระบายน้ำซอยลาดพร้าว 6,ถนนลาดพร้าว,ร.ร.เซนต์จอห์น,5-Apr,250,จตุจักร,2,5/13/2020 17:00:00,5/13/2020 17:00:00
418,1353,97,คูระบายน้ำซอยลาดพร้าว 31,ถนนลาดพร้าว,บ้านเลขที่ 31/91,3-Feb,450,จตุจักร,2,5/13/2020 17:00:00,5/13/2020 17:00:00
419,1352,96,คูระบายน้ำซอยลาดพร้าว 28,คลองน้ำแก้ว,บ้านเลขที่ 2,4-Mar,340,จตุจักร,2,5/13/2020 17:00:00,5/13/2020 17:00:00
420,1351,95,คูระบายน้ำซอยลาดพร้าว 15,ซอยลาดพร้าว 15,ใกล้ซอยลาดร้าว 15/1,3-Feb,840,จตุจักร,2,5/13/2020 17:00:00,5/13/2020 17:00:00
421,1350,94,คูระบายน้ำซอยเจริญพานิช,ถนนลาดพร้าว,ซอยลาดพร้าว 15,4-Mar,690,จตุจักร,2,5/13/2020 17:00:00,5/13/2020 17:00:00
422,1349,93,คูระบายน้ำคลองชวด,คลองลาดพร้าว,หลังหมู่บ้านอยู่เจริญ 99,4-Feb,300,จตุจักร,2,5/13/2020 17:00:00,5/13/2020 17:00:00
423,1348,92,คูระบายน้ำข้างโรงงาน,คลองบางนาแพรนด้าจิวเวอรี่ ซอยลาซาล,สุดระยะที่กำหนดให้,1 -3.5,590,บางนา,2,5/13/2020 17:00:00,5/13/2020 17:00:00
424,1347,91,คูระบายน้ำ กม.26,คลองสอง,สุดระยะที่กำหนดให้,5-Mar,1340,สายไหม,2,5/13/2020 17:00:00,5/13/2020 17:00:00
425,1346,90,คูน้ำหลังศาลเจ้ากวนอู,ถนนนราธิวาสฯ,หลังศาลเจ้ากวนอู,3.5 - 4.5,240,สาทร,2,5/13/2020 17:00:00,5/13/2020 17:00:00
426,1345,89,คูน้ำหลังโรงเรียนศีลาจารพิพัฒน์,คลองแยกคลองบางซ่อน,หลัง ร.ร.ศีลาจารพิพัฒน์,5-Mar,480,บางซื่อ,2,5/13/2020 17:00:00,5/13/2020 17:00:00
427,1344,88,คูน้ำหมู่บ้านเอื้อสุข (ในที่ดินเอกชน),คลองประเวศบุรีรมย์,ลำบึงบ้านม้า,14-Oct,1125,สวนหลวง,2,5/13/2020 17:00:00,5/13/2020 17:00:00
428,1343,87,คูน้ำหมู่บ้านธนูรักษ์,คลองบางคอแหลม,หมู่บ้านธนูรักษ์,1.5 - 2.5,400,บางคอแหลม,2,5/13/2020 17:00:00,5/13/2020 17:00:00
429,1342,86,คูน้ำหน้าหมู่บ้านอโนทัย,ถนนพระรามที่ 3,คลองข้างหมู่บ้านภักดี,3-Feb,250,บางคอแหลม,2,5/13/2020 17:00:00,5/13/2020 17:00:00
430,1341,85,คูน้ำหน้าทหารปืนใหญ่,ถนนพระรามที่ 5,ถนนเทอดดำริห์,8-Jun,550,ดุสิต,2,5/13/2020 17:00:00,5/13/2020 17:00:00
431,1340,84,คูน้ำสารภี 1,คลองสมเด็จเจ้าพระยา,ถนนอิสรภาพ,2.50 - 5.50,460,คลองสาน,2,5/13/2020 17:00:00,5/13/2020 17:00:00
432,1339,83,คูน้ำสามเรือน,คลองบางเขน,ใกล้ถนนวงศ์สว่าง,2-Jan,700,บางซื่อ,2,5/13/2020 17:00:00,5/13/2020 17:00:00
433,1338,82,คูน้ำสาธารณะในหมู่บ้านมิตรภาพ,ซอยหมู่บ้านมิตรภาพ,สุดระยะที่กำหนดให้,1.5 - 2,2950,สวนหลวง,2,5/13/2020 17:00:00,5/13/2020 17:00:00
434,1337,81,คูน้ำสวนพลู 1,ถนนนราธิวาสฯ,สุดระยะที่กำหนดให้,3.5 - 4,575,สาทร,2,5/13/2020 17:00:00,5/13/2020 17:00:00
435,1336,80,คูน้ำวัดปรกพม่า,ถนนเจริญราษฎร์,สุดระยะที่กำหนดให้,6-Apr,830,สาทร,2,5/13/2020 17:00:00,5/13/2020 17:00:00
436,1335,79,คูน้ำวัดดอน (ดอนกุศล),คลองวัดยานนาวา,ถนนเจริญราษฎร์,8-Jun,540,สาทร,2,5/13/2020 17:00:00,5/13/2020 17:00:00
437,1334,78,คูน้ำแยกคูข้างหมู่บ้านภักดี,หมู่บ้านภักดี,แม่น้ำเจ้าพระยา,4-Mar,480,บางคอแหลม,2,5/13/2020 17:00:00,5/13/2020 17:00:00
438,1333,77,คูน้ำแยกคลองสวนหลวง 1,คลองสวนหลวง,ซอยเจริญกรุง 91,4-Mar,400,บางคอแหลม,2,5/13/2020 17:00:00,5/13/2020 17:00:00
439,1332,76,คูน้ำแยกคลองวัดไทร,คลองวัดไทร,ซอยราษฎร์อุทิศ,3-Feb,100,บางคอแหลม,2,5/13/2020 17:00:00,5/13/2020 17:00:00
440,1331,75,คูน้ำแยกคลองบางยี่ขัน,คลองบางยี่ขัน,ชุมชนพระยาศิริฯ,3-Jan,143,บางพลัด,2,5/13/2020 17:00:00,5/13/2020 17:00:00
441,1330,74,คูน้ำแยกคลองบางพลู,คลองบางพลู,ซอยจรัญฯ69,43894,185,บางพลัด,2,5/13/2020 17:00:00,5/13/2020 17:00:00
442,1329,73,คูน้ำแยกคลองบางพลัด (ชุมชนคลองมะนาว),คลองบางพลัด,ซอยจรัญ ฯ 79,43865,100,บางพลัด,2,5/13/2020 17:00:00,5/13/2020 17:00:00
443,1328,72,คูน้ำแยกคลองบางบำหรุ  (ออนป้า),คลองบางบำหรุ,ซอยจรัญฯ67,3-Feb,330,บางพลัด,2,5/13/2020 17:00:00,5/13/2020 17:00:00
444,1327,71,คูน้ำแยกคลองบางบำหรุ  (แสงเทียนฯ),คลองบางบำหรุ,ซอยจรัญฯ67,4-Feb,322,บางพลัด,2,5/13/2020 17:00:00,5/13/2020 17:00:00
445,1326,70,คูน้ำแยกคลองบางบำหรุ  (ซอยพระปิ่น),คลองบางบำหรุ,ซอยบรมราชชนนี 4,3,350,บางพลัด,2,5/13/2020 17:00:00,5/13/2020 17:00:00
446,1325,69,คูน้ำแยกคลองบางโคล่น้อย,คลองบางโคล่ใหญ่,คลองบางโคล่น้อย,4-Mar,420,บางคอแหลม,2,5/13/2020 17:00:00,5/13/2020 17:00:00
447,1324,68,คูน้ำแยกคลองบางคอแหลม (แยกคลองสวน),คลองบางคอแหลม,คลองสวน,3-Feb,300,บางคอแหลม,2,5/13/2020 17:00:00,5/13/2020 17:00:00
448,1323,67,คูน้ำแยกคลองบางคอแหลม  (ชุมชนวัดอินทร์บรรจง),คลองบางคอแหลม,คลองวัดจันทร์ใน,4-Mar,1800,บางคอแหลม,2,5/13/2020 17:00:00,5/13/2020 17:00:00
449,1322,66,คูน้ำแยกคลองขวาง 3 (ตระกูลโต๋ว),ปากซอยตระกูลโต๋ว,คลองขวาง 3,2 - 2.5,150,บางคอแหลม,2,5/13/2020 17:00:00,5/13/2020 17:00:00
450,1321,65,คูน้ำแยกคลองขวาง 3 (ซอยอยู่ดี),ซอยอยู่ดี,ซอยลาดอยู่ดี,5-Mar,265,บางคอแหลม,2,5/13/2020 17:00:00,5/13/2020 17:00:00
451,1320,64,คูน้ำแยกคลองขวาง 3 (ชุมชนวัดไผ่เงิน),ชุมชนวัดไผ่เงิน,คลองขวาง,1.5 - 2.5,500,บางคอแหลม,2,5/13/2020 17:00:00,5/13/2020 17:00:00
452,1319,63,คูน้ำแยกคลองกรวย,ถนนจันทร์,คลองกรวย,2.5 - 4,70,บางคอแหลม,2,5/13/2020 17:00:00,5/13/2020 17:00:00
453,1318,62,คูน้ำมะขวิด,คลองขวางบางโพ,ถนนกรุงเทพฯ-นนทบุรี,3-Feb,400,บางซื่อ,2,5/13/2020 17:00:00,5/13/2020 17:00:00
454,1317,61,คูน้ำมไหสวรรย์ (หน้าโรงงานสบู่จุฬา),ถนนมหัสวรรย์,แม่น้ำเจ้าพระยา,1 - 2.5,634,บางคอแหลม,2,5/13/2020 17:00:00,5/13/2020 17:00:00
455,1316,60,คูน้ำพระราม 3 ซอย 8,ถนนพระราม 3,คลองวัดจันทร์ใน,3-Feb,300,บางคอแหลม,2,5/13/2020 17:00:00,5/13/2020 17:00:00
456,1315,59,คูน้ำปลายซอยโชติวัฒน์,คลองเปรมประชากร,ปลายซอยโชติวัฒน์,6-Apr,200,บางซื่อ,2,5/13/2020 17:00:00,5/13/2020 17:00:00
457,1314,58,คูน้ำปลายซอยเจริญกรุง 109,คลองบางคอแหลม,ซอยเจริญกรุง 109,2 - 2.5,450,บางคอแหลม,2,5/13/2020 17:00:00,5/13/2020 17:00:00
458,1313,57,คูน้ำปลาทู,คลองบางซื่อ,ซอยประดู่,3-Feb,170,บางซื่อ,2,5/13/2020 17:00:00,5/13/2020 17:00:00
459,1312,56,คูน้ำในแบ่งเขตข้างหมู่บ้านเอื้อสุข,ลำบึงบ้านม้า,ซอยเอื้อสุข,14-Oct,1000,สวนหลวง,2,5/13/2020 17:00:00,5/13/2020 17:00:00
460,1311,55,คูน้ำท่าวาสุกรี,ท่าวาสุกรี,อู่เรือยนต์หลวง (แม่น้ำเจ้าพระยา),4-Mar,300,ดุสิต,2,5/13/2020 17:00:00,5/13/2020 17:00:00
461,1310,54,คูน้ำต้นซอยราชวิถี  21 (วัดภคินีนาถ),แม่น้ำเจ้าพระยา,หลังตลาดกรุงธน,43865,300,บางพลัด,2,5/13/2020 17:00:00,5/13/2020 17:00:00
462,1309,53,คูน้ำซอยอารีย์สัมพันธ์ 1,คลองสามเสน,บ้านเลขที่ 141,1.5- 2,480,พญาไท,2,5/13/2020 17:00:00,5/13/2020 17:00:00
463,1308,52,คูน้ำซอยสุขุมวิท 50,คลองคาง,สุดระยะที่กำหนดให้,4-Mar,1100,คลองเตย,2,5/13/2020 17:00:00,5/13/2020 17:00:00
464,1307,51,คูน้ำซอยศรีวิชัย (ช่วง2),ซอยศรีวิชัย,หมู่บ้านเสริมสัน,5-Feb,90,บางซื่อ,2,5/13/2020 17:00:00,5/13/2020 17:00:00
465,1306,50,คูน้ำซอยศรีวิชัย (ช่วง1),คลองบางซื่อ,ซอยประดู่,2-Jan,170,บางซื่อ,2,5/13/2020 17:00:00,5/13/2020 17:00:00
466,1305,49,คูน้ำซอยลาซาล,คลองบางนา,สุดระยะที่กำหนดให้,1 -3.5,590,บางนา,2,5/13/2020 17:00:00,5/13/2020 17:00:00
467,1304,48,คูน้ำซอยระนอง 1,ถนนเทอดดำริห์,สุดระยะที่กำหนดให้,4-Feb,250,ดุสิต,2,5/13/2020 17:00:00,5/13/2020 17:00:00
468,1303,47,คูน้ำซอยมาตานุสรณ์,ถนนมไหสวรรย์,แม่น้ำเจ้าพระยา,3-Feb,300,บางคอแหลม,2,5/13/2020 17:00:00,5/13/2020 17:00:00
469,1302,46,คูน้ำซอยมัสยิดบางอุทิศ,มัสยิด,คูน้ำสวนหลวง,3-Feb,300,บางคอแหลม,2,5/13/2020 17:00:00,5/13/2020 17:00:00
470,1301,45,คูน้ำซอยมหาลาภ,คลองบางซื่อ,ซอยจรเจริญ,4-Feb,540,บางซื่อ,2,5/13/2020 17:00:00,5/13/2020 17:00:00
471,1300,44,คูน้ำซอยปานทิพย์ 2,ถนนวงศ์สว่าง,คลองแยกคลองบางซ่อน,2-Jan,350,บางซื่อ,2,5/13/2020 17:00:00,5/13/2020 17:00:00
472,1299,43,คูน้ำซอยประดู่ 3 (ข้างปั๊มน้ำมัน ปตท.),ซอยประดู่ 1,แม่น้ำเจ้าพระยา,4-Feb,600,บางคอแหลม,2,5/13/2020 17:00:00,5/13/2020 17:00:00
473,1298,42,คูน้ำซอยประดู่ (สวนหย่อม),คลองบางคอแหลม,ซอยเจริญกรุง 107,2 - 2.5,500,บางคอแหลม,2,5/13/2020 17:00:00,5/13/2020 17:00:00
474,1297,41,คูน้ำซอยประดู่,คลองบางซื่อ,ซอยอาทรอุปถัมภ์,2-Jan,420,บางซื่อ,2,5/13/2020 17:00:00,5/13/2020 17:00:00
475,1296,40,คูน้ำซอยประชานฤมิตร,ซอยประชานฤมิตร,คลองบางโพ,3-Feb,75,บางซื่อ,2,5/13/2020 17:00:00,5/13/2020 17:00:00
476,1295,39,คูน้ำซอยบุญเหลือ,ซอยสนิท,ซอยบุญเหลือ,2-Jan,500,บางซื่อ,2,5/13/2020 17:00:00,5/13/2020 17:00:00
477,1294,38,คูน้ำซอยทองหล่อ 9,สุขุมวิท 53,สุดระยะที่กำหนดให้,6-May,285,วัฒนา,2,5/13/2020 17:00:00,5/13/2020 17:00:00
478,1293,37,คูน้ำซอยทองหล่อ 5,สุขุมวิท 53,สุขุมวิท 55,6-May,280,วัฒนา,2,5/13/2020 17:00:00,5/13/2020 17:00:00
479,1292,36,คูน้ำซอยเจริญใจ,สุขุมวิท 63,ซ.แยกออกเจริญมิตร,6-May,200,วัฒนา,2,5/13/2020 17:00:00,5/13/2020 17:00:00
480,1291,35,คูน้ำซอยจันทร์เกษม,คลองแยกคลองบางซ่อน,ใกล้ถนนกรุงเทพฯ-นนทบุรี,3-Jan,390,บางซื่อ,2,5/13/2020 17:00:00,5/13/2020 17:00:00
481,1290,34,คูน้ำซอยจรัญฯ89,คลองบางรัก,ซอยจรัญฯ89,43865,205,บางพลัด,2,5/13/2020 17:00:00,5/13/2020 17:00:00
482,1289,33,คูน้ำซอยจรัญฯ78,คลองพระครู,ซอยจรัญฯ78,3,65,บางพลัด,2,5/13/2020 17:00:00,5/13/2020 17:00:00
483,1288,32,คูน้ำซอยจรัญฯ 70/3,แม่น้ำเจ้าพระยา,ถนนจรัญสนิทวงศ์,43894,300,บางพลัด,2,5/13/2020 17:00:00,5/13/2020 17:00:00
484,1287,31,คูน้ำซอยจรัญฯ 63,ถนนจรัญสนิทวงศ์,ซอยจรัญฯ 63,43864,165,บางพลัด,2,5/13/2020 17:00:00,5/13/2020 17:00:00
485,1286,30,คูน้ำซอยจรัญ 69 (เลิศสุข),ซอยจรัญฯ69,ซอยจรัญฯ71,43864,165,บางพลัด,2,5/13/2020 17:00:00,5/13/2020 17:00:00
486,1285,29,คูน้ำเชิงหวาย,คลองแยกคลองบางซ่อน,วัดเซิงหวาย,4-Mar,250,บางซื่อ,2,5/13/2020 17:00:00,5/13/2020 17:00:00
487,1284,28,คูน้ำคอกม้า,คลองบางซื่อ,สุดระยะคูน้ำ,3-Feb,270,บางซื่อ,2,5/13/2020 17:00:00,5/13/2020 17:00:00
488,1283,27,คูน้ำคลองซอยกิ่งจันทร์,คลองขวางสะพานเตี้ย,คลองกรวย,2 - .2.5,450,บางคอแหลม,2,5/13/2020 17:00:00,5/13/2020 17:00:00
489,1282,26,คูน้ำข้างวัดประดู่ธรรมาธิปัตย์,คลองบางซื่อ,วัดประดู่ฯ,5-Feb,270,บางซื่อ,2,5/13/2020 17:00:00,5/13/2020 17:00:00
490,1281,25,คูน้ำข้างวัดดอน,ซ.แยก ซ.เจริญกรุง 57,ซ.แสงจันทร์และ ซ.ดอนกุศล,6-May,600,สาทร,2,5/13/2020 17:00:00,5/13/2020 17:00:00
491,1280,24,คูน้ำข้างโรงพยาบาล เทพธารินทร์,ถนนพระรามที่ 4,คลองหัวลำโพง,6-Mar,200,คลองเตย,2,5/13/2020 17:00:00,5/13/2020 17:00:00
492,1279,23,คูน้ำข้างคลองบางโคล่ใหญ่,ซอยเจริญกรุง 107,ทาวน์เฮ้าส์อยู่สุข,0.7 - 1,200,บางคอแหลม,2,5/13/2020 17:00:00,5/13/2020 17:00:00
493,1278,22,คูน้ำข้างกองฝึกกรมศุลกากร,แม่น้ำเจ้าพระยา,แฟลตสุขทวี,1 - 2.5,550,บางคอแหลม,2,5/13/2020 17:00:00,5/13/2020 17:00:00
494,1277,21,คูน้ำข้าง โรงเรียน ศรีอุลัย,คลองวัดดาวดึงษ์,ชุมชนศรีอุลัย,4-Feb,74,บางพลัด,2,5/13/2020 17:00:00,5/13/2020 17:00:00
495,1276,20,คูน้ำข้าง ร.ร.ดำรงค์เรืองวิทย์,คลองบางจาก,ซอยเพชรเกษม 46/1,7-Jun,583,ภาษีเจริญ,2,5/13/2020 17:00:00,5/13/2020 17:00:00
496,1275,19,คูนายกิมสาย 2,คลองเปรมประชากร,รั้ว ค.ส.ล.,30-Aug,2400,ดอนเมือง,2,5/13/2020 17:00:00,5/13/2020 17:00:00
497,1274,18,คูนายกิมสาย 1,คลองเปรมประชากร,คลองประปา,13 - 25,3770,ดอนเมือง,2,5/13/2020 17:00:00,5/13/2020 17:00:00
498,1273,17,คูตรงข้าม ร.ร.ชาติศึกษา,คลองวัดอรุณ,ซอยอิสรภาพ 29,4-Feb,186,บางกอกใหญ่,2,5/13/2020 17:00:00,5/13/2020 17:00:00
499,1272,16,คูซอยองค์รักษ์ (วัดน้อย),คลองเปรมประชากร,คลองบางกระบือ,5-Mar,1200,ดุสิต,2,5/13/2020 17:00:00,5/13/2020 17:00:00
500,1271,15,คูซอยสุนทรพิมล,คลองสวนหลวง,สุดระยะที่กำหนดให้,4-Mar,450,ปทุมวัน,2,5/13/2020 17:00:00,5/13/2020 17:00:00
501,1270,14,คูซอยรองเมือง 2 - 3,คลองสวนหลวง,สุดระยะที่กำหนดให้,4-Mar,530,ปทุมวัน,2,5/13/2020 17:00:00,5/13/2020 17:00:00
502,1269,13,คูซอยรองเมือง 1 - 2,คลองสวนหลวง,สุดระยะที่กำหนดให้,4-Mar,530,ปทุมวัน,2,5/13/2020 17:00:00,5/13/2020 17:00:00
503,1268,12,คูซอยเพชรเกษม 14,ปลายซอยเพชรเกษม 18,ซอยเพชรเกษม 14,5-Feb,450,บางกอกใหญ่,2,5/13/2020 17:00:00,5/13/2020 17:00:00
504,1267,11,คูซอยเพชรเกษม 10,ถนนเพชรเกษม,สำนักงานประปา,5-Apr,200,บางกอกใหญ่,2,5/13/2020 17:00:00,5/13/2020 17:00:00
505,1266,10,คูซอยพิพัฒน์,ชุมชนซอยพิพัฒน์ 2,คลองช่องนนทรี,2.6 - 3,356,บางรัก,2,5/13/2020 17:00:00,5/13/2020 17:00:00
506,1265,9,คูซอยโปโล,คลองไผ่สิงห์โต,ซอยโปโล,3-Feb,200,ปทุมวัน,2,5/13/2020 17:00:00,5/13/2020 17:00:00
507,1264,8,คูข้างสุเหร่าเก่า (คูแยกคลองสวนหลวง 1),คลองสวนหลวง,ศาลพระภูมิ,4-Feb,500,บางคอแหลม,2,5/13/2020 17:00:00,5/13/2020 17:00:00
508,1263,7,คูข้างสะพานเฉลิมโลก,คลองแสนแสบ,สุดระยะที่กำหนดให้,3-Feb,500,ปทุมวัน,2,5/13/2020 17:00:00,5/13/2020 17:00:00
509,1262,6,คูข้างสโมสรทหารอากาศ,ถนนพระรามที่ 5,สุดระยะที่กำหนดให้,4-Mar,300,ดุสิต,2,5/13/2020 17:00:00,5/13/2020 17:00:00
510,1261,5,คูข้างวิทยาลัยเกื้อการุณย์,ถนนขาว,แม่น้ำเจ้าพระยา,8-Jun,215,ดุสิต,2,5/13/2020 17:00:00,5/13/2020 17:00:00
511,1260,4,คูข้างวัดเครือวัลย์,คลองมอญ,สุดเขตคลอง,3-Feb,150,บางกอกใหญ่,2,5/13/2020 17:00:00,5/13/2020 17:00:00
513,1258,2,คูข้างเขตบางกอกใหญ่ (เดิม),คลองบางกอกใหญ่,สุดเขตคลอง,3-Feb,280,บางกอกใหญ่,2,5/13/2020 17:00:00,5/13/2020 17:00:00
514,1257,1,คูข้างกรมวิทยาศาสตร์ (เดิม),ถนนวังเดิม,คลองวัดอรุณ,6-Feb,700,บางกอกใหญ่,2,5/13/2020 17:00:00,5/13/2020 17:00:00
515,1256,948,คลองโอ่งอ่าง,คลองบ้านป่า,คลองหัวหมาก,6-May,1500,สวนหลวง,2,5/13/2020 17:00:00,5/13/2020 17:00:00
516,1255,947,คลองแอนเน็กซ์,คลองสอง,สุดระยะที่กำหนดให้,10-Aug,3310,สายไหม,2,5/13/2020 17:00:00,5/13/2020 17:00:00
517,1254,946,คลองอู่ตะเภา,คลองลำนกแขวก,คลองลำมะขาม,8-Jun,4350,หนองจอก,2,5/13/2020 17:00:00,5/13/2020 17:00:00
518,1253,945,คลองอินทนินทร์,คลองพระโขนง,คลองคาง,7-May,360,คลองเตย,2,5/13/2020 17:00:00,5/13/2020 17:00:00
519,1252,944,คลองอ้ายสลุด,คลองอาจารย์พร,คลองสลุด,10-Aug,1550,ประเวศ,2,5/13/2020 17:00:00,5/13/2020 17:00:00
520,1251,943,คลองอาจารย์พร,คลองปากน้ำ,คลองต้นตาล,12-Jun,2550,ประเวศ,2,5/13/2020 17:00:00,5/13/2020 17:00:00
521,1250,942,คลองอ้อมจาก,คลองสะพานควาย,คลองรางราชพฤกษ์,4-Mar,2300,ทุ่งครุ,2,5/13/2020 17:00:00,5/13/2020 17:00:00
522,1249,941,คลองออเป้ง,คลองออเงินน้อย,คลองพระยาสุเรนทร์,12-Aug,4063,สายไหม,2,5/13/2020 17:00:00,5/13/2020 17:00:00
523,1248,940,คลองออเงินน้อย,คลองออเงิน,คลองจรเข้โพรง,10-Jun,978,สายไหม,2,5/13/2020 17:00:00,5/13/2020 17:00:00
524,1247,939,คลองออเงิน,คลองหนองตะแคง,คลองหมอนสี่สิบ,16-Aug,1710,สายไหม,2,5/13/2020 17:00:00,5/13/2020 17:00:00
525,1246,938,คลองออเกาะ,คลองสอง,คลองออเงิน,18-Oct,4430,สายไหม,2,5/13/2020 17:00:00,5/13/2020 17:00:00
526,1245,937,คลองอ้อ,คลองสนามชัย,ที่ดินเอกชน,30-Oct,1500,บางขุนเทียน,2,5/13/2020 17:00:00,5/13/2020 17:00:00
527,1244,936,คลองอภิชาติ,คลองบางกอกใหญ่,ซอยจรัญสนิทวงศ์ 5,8-Jun,830,บางกอกใหญ่,2,5/13/2020 17:00:00,5/13/2020 17:00:00
528,1243,935,คลองใหม่(ยานนาวา),แม่น้ำเจ้าพระยา,สุดระยะที่กำหนดให้,5-Feb,815,ยานนาวา,2,5/13/2020 17:00:00,5/13/2020 17:00:00
529,1242,934,คลองใหม่(ทวีวัฒนา),คลองควาย,คลองขุนศรีบุรีรักษ์,9-May,1400,ทวีวัฒนา,2,5/13/2020 17:00:00,5/13/2020 17:00:00
530,1241,933,คลองหีบ,ซอยนาคสุวรรณตอนปลาย,แม่น้ำเจ้าพระยา,8-Apr,1100,ยานนาวา,2,5/13/2020 17:00:00,5/13/2020 17:00:00
531,1240,932,คลองหัวไผ่,คลองรางจาก,คลองรางตรง,5-Apr,850,ทุ่งครุ,2,5/13/2020 17:00:00,5/13/2020 17:00:00
532,1239,931,คลองหะยีมีนา,คลองแสนแสบ,คลองลำปลาทิว,6-Apr,625,หนองจอก,2,5/13/2020 17:00:00,5/13/2020 17:00:00
533,1238,930,คลองหวังโต,คลองแสนแสบ,คลองบึงสิงห์โต,8-Jun,1500,หนองจอก,2,5/13/2020 17:00:00,5/13/2020 17:00:00
534,1237,929,คลองหลุมไผ่,คลองบางบัว,ถนนลาดปลาเค้า,7-May,2670,บางเขน,2,5/13/2020 17:00:00,5/13/2020 17:00:00
535,1236,928,คลองหลังหมู่บ้านศุภาลัย 2,คลองบางแวก,คลองหลังหมู่บ้านศุภาลัย,3.5 - 5,560,บางแค,2,5/13/2020 17:00:00,5/13/2020 17:00:00
536,1235,927,คลองหลังหมู่บ้านศุภาลัย 1,คลองยายเพิ่ม,สุดระยะที่กำหนดให้,5.5 - 7,600,บางแค,2,5/13/2020 17:00:00,5/13/2020 17:00:00
537,1234,926,คลองหลังวัดราชสิทธาราม,คลองวัดสังข์กระจาย,คลองบางลำเจียก,6-Mar,1150,บางกอกใหญ่,2,5/13/2020 17:00:00,5/13/2020 17:00:00
538,1233,925,คลองหลังวัดม่วง,คลองผาสุขใจ,คลองยายกวย,18-Aug,1350,บางแค,2,5/13/2020 17:00:00,5/13/2020 17:00:00
539,1232,924,คลองหลังวัดพิชัยญาติ,คลองวัดน้อยใหม่,คลองข้างวัดอนงค์,2.20 - 4,180,คลองสาน,2,5/13/2020 17:00:00,5/13/2020 17:00:00
540,1231,923,คลองหลังวัดบางสะแกใน 2,คลองบางสะแก,ทางรถไฟ,4-Feb,140,ธนบุรี,2,5/13/2020 17:00:00,5/13/2020 17:00:00
541,1230,922,คลองหลังวัดบางสะแกใน 1,คลองบางสะแก,ทางรถไฟ,4-Feb,390,ธนบุรี,2,5/13/2020 17:00:00,5/13/2020 17:00:00
542,1229,921,คลองหลังวัดเกาะฯ,คลองสอง,คลองสามง่าม,5-Apr,1120,สายไหม,2,5/13/2020 17:00:00,5/13/2020 17:00:00
543,1228,920,คลองหลังค่ายลูกเสือ,ถนนพุทธบูชา,คลองราชพฤกษ์ใหญ่,4-Mar,2200,ทุ่งครุ,2,5/13/2020 17:00:00,5/13/2020 17:00:00
544,1227,919,คลองหลัง สน.ทุ่งครุ,คลองรางตรง,สุดระยะที่กำหนดให้,5-Apr,350,ทุ่งครุ,2,5/13/2020 17:00:00,5/13/2020 17:00:00
545,1226,918,คลองหลัง รร.ฤดีศึกษา,คลองบางไส้ไก่,สุดเขตคลอง,1.5 -2,190,ธนบุรี,2,5/13/2020 17:00:00,5/13/2020 17:00:00
546,1225,917,คลองหลอด กม.3,คลองบางนา,สุดระยะที่กำหนดให้,20-May,863,บางนา,2,5/13/2020 17:00:00,5/13/2020 17:00:00
547,1224,916,คลองหลอด กม.2,คลองบางนา,สุดระยะที่กำหนดให้,25-May,2673,บางนา,2,5/13/2020 17:00:00,5/13/2020 17:00:00
548,1223,915,คลองหลวงวิจิตร,คลองลำชะล่า,คลองชวดด้วน,8-Apr,1550,บึงกุ่ม,2,5/13/2020 17:00:00,5/13/2020 17:00:00
549,1222,914,คลองหลวงวารี,แม่น้ำเจ้าพระยา,สุดระยะคลอง  ( สะพานท่อ ),2.0 - 10,235,คลองสาน,2,5/13/2020 17:00:00,5/13/2020 17:00:00
550,1221,913,คลองหลวงพ่อบ้านแหลม,คลองภาษีเจริญ,คลองบางแค,1.5 - 3,670,บางแค,2,5/13/2020 17:00:00,5/13/2020 17:00:00
551,1220,912,คลองหลวงณรงค์,คลองนครเนื่องเขต,คลองบึงนายรุ่ง,8-Jun,1500,หนองจอก,2,5/13/2020 17:00:00,5/13/2020 17:00:00
552,1219,911,คลองหมื่นแช่ม,คลองภาษีเจริญ,คลองหนามแดง,15-Apr,2080,หนองแขม,2,5/13/2020 17:00:00,5/13/2020 17:00:00
553,1218,910,คลองหมาหลง,คลองหมอนสี่สิบ,สุดระยะที่กำหนดให้,8-May,1120,สายไหม,2,5/13/2020 17:00:00,5/13/2020 17:00:00
554,1217,909,คลองหมอนสี่สิบ,คลองสอง,คลองพระยาสุเรนทร์,10-Aug,6055,สายไหม,2,5/13/2020 17:00:00,5/13/2020 17:00:00
555,1216,908,คลองหม้อแตก,คลองหกวา,คลองหมอนสี่สิบ,21 - 24,1970,สายไหม,2,5/13/2020 17:00:00,5/13/2020 17:00:00
556,1215,907,คลองหมอเชื้อ,คลองดาวคนอง,ซอยสุขสวัสดิ์ 36,2-2.50,270,ราษฎร์บูรณะ,2,5/13/2020 17:00:00,5/13/2020 17:00:00
557,1214,906,คลองหนึ่งตะวันออก,คลองสามวา,คลองบึงแตงโม,15-Oct,3350,คลองสามวา,2,5/13/2020 17:00:00,5/13/2020 17:00:00
558,1213,905,คลองหนึ่งตะวันตก,คลองสามวา,คลองลำกะโหลก,15-Oct,3100,คลองสามวา,2,5/13/2020 17:00:00,5/13/2020 17:00:00
559,1212,904,คลองหนึ่ง(หนองจอก),คลองลำปลาทิว,คลองหลวงแพ่ง,8-Jun,8450,หนองจอก,2,5/13/2020 17:00:00,5/13/2020 17:00:00
560,1211,903,คลองหนึ่ง(บางขุนเทียน),คลองขุนราชวินิจใจ,คลองเสาธง,8-Jun,3700,บางขุนเทียน,2,5/13/2020 17:00:00,5/13/2020 17:00:00
561,1210,902,คลองหน้าวัดหนัง,คลองวัดดีดวด,สุดเขตคลอง,5-Mar,500,บางกอกใหญ่,2,5/13/2020 17:00:00,5/13/2020 17:00:00
562,1209,901,คลองหน้าวัดเกาะฯ,คลองหลังวัดเกาะ,คลองออเกาะ,9-May,465,สายไหม,2,5/13/2020 17:00:00,5/13/2020 17:00:00
563,1208,900,คลองหน้าวัด,คลองสนามชัย,ที่เอกชนระวาง  5004-12 เลขที่173,20-Jun,1200,บางขุนเทียน,2,5/13/2020 17:00:00,5/13/2020 17:00:00
564,1207,899,คลองหน้า สน.ลำผักชี,คลองลำต้นกล้วย,คลองลำปลาทิว,8-Jun,900,หนองจอก,2,5/13/2020 17:00:00,5/13/2020 17:00:00
565,1206,898,คลองหนองรี,คลองรางใหญ่,คลองรางแขก,4-Mar,550,ทุ่งครุ,2,5/13/2020 17:00:00,5/13/2020 17:00:00
566,1205,897,คลองหนองระแหง,คลองพระยาสุเรนทร์,สุดระยะที่กำหนดให้,12-Aug,2600,คลองสามวา,2,5/13/2020 17:00:00,5/13/2020 17:00:00
567,1204,896,คลองหนองยาว,คลองออเกาะ,คลองหนองจอก,13-Oct,3500,สายไหม,2,5/13/2020 17:00:00,5/13/2020 17:00:00
568,1203,895,คลองหนองพงไหม้,คลองรางยายคง,คลองเชิงตาแพ,10-May,2000,บางขุนเทียน,2,5/13/2020 17:00:00,5/13/2020 17:00:00
569,1202,894,คลองหนองปลาหมอ,คลองสอบสอง,คลองแยกลำเจดีย์,8-Jun,3100,หนองจอก,2,5/13/2020 17:00:00,5/13/2020 17:00:00
570,1201,893,คลองหนองปรือ,คลองประเวศบุรีรมย์,สุดเขต กทม.,15-Oct,850,ลาดกระบัง,2,5/13/2020 17:00:00,5/13/2020 17:00:00
571,1200,892,คลองหนองบัวมน,ถนนสุขาภิบาล 5,คลองบึงพระยาสุเรนทร์,10-Aug,2530,บางเขน,2,5/13/2020 17:00:00,5/13/2020 17:00:00
572,1199,891,คลองหนองบัวบาน,คลองบัว,คลองหนองบัวมน (คลองบัวมน),10-Aug,2560,บางเขน,2,5/13/2020 17:00:00,5/13/2020 17:00:00
573,1198,890,คลองหนองบอน,คลองลาดพร้าว,ศาลเจ้าแม่กวนอิม,8-Jun,510,ลาดพร้าว,2,5/13/2020 17:00:00,5/13/2020 17:00:00
574,1197,889,คลองหนองตะแคง,คลองออเกาะ,คลองหนองจอก,9-Jul,2250,สายไหม,2,5/13/2020 17:00:00,5/13/2020 17:00:00
575,1196,888,คลองหนองจอก,คลองลำผักชี,แยกคลองหนองตะแครง ถ.สุขาภิบาล 5,10-Jul,3890,บางเขน,2,5/13/2020 17:00:00,5/13/2020 17:00:00
576,1195,887,คลองหนองคา,คลองประเวศบุรีรมย์,สุดเขต กทม.,15-Oct,720,ลาดกระบัง,2,5/13/2020 17:00:00,5/13/2020 17:00:00
577,1194,886,คลองหนองควายหาย,คลองออเงินน้อย,คลองออเป้ง,8-Jun,2730,สายไหม,2,5/13/2020 17:00:00,5/13/2020 17:00:00
578,1193,885,คลองหนองเขิน,คลองจรเข้โพรง,สุดระยะที่กำหนดให้,9-Aug,820,สายไหม,2,5/13/2020 17:00:00,5/13/2020 17:00:00
579,1192,884,คลองหนองกง,คลองลำบุรี,คลองบึงพระยาสุเรนทร์,10-Sep,1500,บางเขน,2,5/13/2020 17:00:00,5/13/2020 17:00:00
580,1191,883,คลองหกโรง,คลองหนึ่ง,คลองสอง,8-Jun,2500,หนองจอก,2,5/13/2020 17:00:00,5/13/2020 17:00:00
581,1190,882,คลองหกขุด (จรเข้บัว),แยกคลองลำชะล่า,คลองพระยาสุเรนทร์,6-May,2100,คันนายาว,2,5/13/2020 17:00:00,5/13/2020 17:00:00
582,1189,881,คลองหกขุด,คลองชะล่า,คลองพระยาสุเรนทร์,8-Jun,2750,บางเขน,2,5/13/2020 17:00:00,5/13/2020 17:00:00
583,1188,880,คลองแสมดำเหนือ,คลองสนามชัย,ใกล้วัดแทนวันดี,6-May,3000,บางขุนเทียน,2,5/13/2020 17:00:00,5/13/2020 17:00:00
584,1187,879,คลองแสมดำใต้,คลองสนามชัย,ที่ดินเอกชน,10-Aug,2400,บางขุนเทียน,2,5/13/2020 17:00:00,5/13/2020 17:00:00
585,1186,878,คลองแสงศิริ,คลองมหาศร,สุดระยะที่กำหนดให้,6-Apr,450,หนองแขม,2,5/13/2020 17:00:00,5/13/2020 17:00:00
1616,155,114,คลองปากน้ำ,คลองอาจารย์พร,คลองสิงห์โต,10-Aug,1450,ประเวศ,1,5/13/2020 17:00:00,5/13/2020 17:00:00
586,1185,877,คลองเสือน้อย,คลองลาดพร้าว,คลองขี้เสือใหญ่,10-Jun,4200,ลาดพร้าว,2,5/13/2020 17:00:00,5/13/2020 17:00:00
587,1184,876,คลองเสาหิน(บางกอกใหญ่),ถนนรัชดาภิเษก,ปลายซอยเพชรเกษม 9,4-Mar,180,บางกอกใหญ่,2,5/13/2020 17:00:00,5/13/2020 17:00:00
588,1183,875,คลองเสาวโคน,คลองสนามชัย,ที่ดินเอกชนระวาง 5204-12,30-May,900,บางขุนเทียน,2,5/13/2020 17:00:00,5/13/2020 17:00:00
589,1182,874,คลองเสาธง,คลองแสมดำใต้,อ่าวไทย,14-Oct,2500,บางขุนเทียน,2,5/13/2020 17:00:00,5/13/2020 17:00:00
590,1181,873,คลองสุเหร่าใหม่ (คลองกลาง),คลองลำบึงบ้านม้า,คลองพระโขนง,8-Apr,850,สวนหลวง,2,5/13/2020 17:00:00,5/13/2020 17:00:00
591,1180,872,คลองสุเหร่าสวนพลู,คลองบางกอกใหญ่,สุดเขตคลอง,4-Mar,500,ธนบุรี,2,5/13/2020 17:00:00,5/13/2020 17:00:00
592,1179,871,คลองสี่วา,คลองภาษีเจริญ,คลองสี่วา,15-May,2600,หนองแขม,2,5/13/2020 17:00:00,5/13/2020 17:00:00
593,1178,870,คลองสี่ตะวันออก,คลองสามวา,คลองเก้า,15-Oct,7000,คลองสามวา,2,5/13/2020 17:00:00,5/13/2020 17:00:00
594,1177,869,คลองสี่ตะวันตก,คลองสามวา,คลองพระยาสุเรนทร์,15-Oct,4100,คลองสามวา,2,5/13/2020 17:00:00,5/13/2020 17:00:00
595,1176,868,คลองสีชมพู,คลองสิบ,คลองสิบเอ็ด,8-Jun,3050,หนองจอก,2,5/13/2020 17:00:00,5/13/2020 17:00:00
596,1175,867,คลองสี่,คลองเสาธง,คลองโกร่งประทุน,6-Apr,800,บางขุนเทียน,2,5/13/2020 17:00:00,5/13/2020 17:00:00
597,1174,866,คลองสารภี,คลองบางปะกอก,ซอยสุขสวัสดิ์ 36,4-Feb,400,ราษฎร์บูรณะ,2,5/13/2020 17:00:00,5/13/2020 17:00:00
598,1173,865,คลองสามัคคี,คลองบางมด,คลองหลังค่ายลูกเสือ,5-Mar,1200,ทุ่งครุ,2,5/13/2020 17:00:00,5/13/2020 17:00:00
599,1172,864,คลองสามอิน,คลองตัน,สุดระยะที่กำหนดให้,Feb-30,1320,วัฒนา,2,5/13/2020 17:00:00,5/13/2020 17:00:00
600,1171,863,คลองสามตะวันออก,คลองสามวา,สุดระยะที่กำหนดให้,15-Oct,5300,คลองสามวา,2,5/13/2020 17:00:00,5/13/2020 17:00:00
601,1170,862,คลองสามตะวันตก,คลองสามวา,คลองพระยาสุเรนทร์,15-Oct,4400,คลองสามวา,2,5/13/2020 17:00:00,5/13/2020 17:00:00
602,1169,861,คลองสามง่าม(หนองจอก),คลองลำปลาทิว,คลองแสนแสบ,6-Apr,2300,หนองจอก,2,5/13/2020 17:00:00,5/13/2020 17:00:00
603,1168,860,คลองสามง่าม(สายไหม),คลองสอง,คลองหมอนสี่สิบ-คลองออเกาะ,6-Apr,2570,สายไหม,2,5/13/2020 17:00:00,5/13/2020 17:00:00
604,1167,859,คลองสามง่าม (บางขุนเทียน),คลองหัวกระบือ,ที่เอกชนระวาง 5606-14 เลขที่117,5-Mar,900,บางขุนเทียน,2,5/13/2020 17:00:00,5/13/2020 17:00:00
605,1166,858,คลองสามขา,ถนนลาดปลาเค้า,ซอยรามอินทรา 14 (มัยลาภ),10-Aug,1970,บางเขน,2,5/13/2020 17:00:00,5/13/2020 17:00:00
606,1165,857,คลองสามกรุงศรี,คลองบางแวก,คลองบางด้วนเหนือ,5-Apr,1511,ภาษีเจริญ,2,5/13/2020 17:00:00,5/13/2020 17:00:00
607,1164,856,คลองสาม(บางขุนเทียน),คลองขุนราชพินิจใจ,คลองเสาธง,6-Apr,3800,บางขุนเทียน,2,5/13/2020 17:00:00,5/13/2020 17:00:00
608,1163,855,คลองสาน(ยานนาวา),ซอยโชคชัยจงจำเริญ,แม่น้ำเจ้าพระยา,8-Apr,1000,ยานนาวา,2,5/13/2020 17:00:00,5/13/2020 17:00:00
609,1162,854,คลองสาธารณะข้างหมู่บ้านเทพนคร,คลองบางแวก,สุดระยะที่กำหนดให้,8-Apr,700,บางแค,2,5/13/2020 17:00:00,5/13/2020 17:00:00
610,1161,853,คลองสาเก,คลองบางพราน,คลองบางบอน,6-May,800,บางบอน,2,5/13/2020 17:00:00,5/13/2020 17:00:00
611,1160,852,คลองสะพานเหลือง,คลองบางไส้ไก่,ถนนประชาธิปก,5-Feb,350,ธนบุรี,2,5/13/2020 17:00:00,5/13/2020 17:00:00
612,1159,851,คลองสะพานเสา,คลองสะพานควาย,คลองรางจาก,6-May,930,ทุ่งครุ,2,5/13/2020 17:00:00,5/13/2020 17:00:00
613,1158,850,คลองสะพานสูง,คลองแสนแสบ,คลองบัวคลี่,8-Jun,3000,สะพานสูง,2,5/13/2020 17:00:00,5/13/2020 17:00:00
614,1157,849,คลองสะพานสูง,คลองบ้านม้า 2,คลองวังใหญ่,10-May,670,บางกะปิ,2,5/13/2020 17:00:00,5/13/2020 17:00:00
615,1156,848,คลองสะพานยาว (คลองสวน),แม่น้ำเจ้าพระยา,ซอยจรัญฯ89/2,43871,672,บางพลัด,2,5/13/2020 17:00:00,5/13/2020 17:00:00
616,1155,847,คลองสะพานควาย,คลองรางเวก,สุดเขต,8-May,3100,ทุ่งครุ,2,5/13/2020 17:00:00,5/13/2020 17:00:00
617,1154,846,คลองสะแกหัก,คลองบางบอน,ทางรถไฟ,15-Oct,1020,บางบอน,2,5/13/2020 17:00:00,5/13/2020 17:00:00
618,1153,845,คลองสองห้อง,คลองประเวศบุรีรมย์,คลองมะขามเทศ,15-Aug,2200,ประเวศ,2,5/13/2020 17:00:00,5/13/2020 17:00:00
619,1152,844,คลองสองตะวันออก,คลองสามวา,สุดระยะที่กำหนดให้,15-Oct,5500,คลองสามวา,2,5/13/2020 17:00:00,5/13/2020 17:00:00
620,1151,843,คลองสองตะวันตก,คลองสามวา,คลองพระยาสุเรนทร์,15-Oct,5300,คลองสามวา,2,5/13/2020 17:00:00,5/13/2020 17:00:00
621,1150,842,คลองสองตอน,คลองทรงกระเทียม,บึงรับน้ำ,8-Jun,2500,ลาดพร้าว,2,5/13/2020 17:00:00,5/13/2020 17:00:00
622,1149,841,คลองสอง(หนองจอก),คลองลำปลาทิว,คลองหลวงแพ่ง,8-Jun,7550,หนองจอก,2,5/13/2020 17:00:00,5/13/2020 17:00:00
623,1148,840,คลองสอง(ภาษีเจริญ),คลองบางแวก,คลองบางจาก,6-May,923,ภาษีเจริญ,2,5/13/2020 17:00:00,5/13/2020 17:00:00
624,1147,839,คลองสอง(บางขุนเทียน),คลองขุนราชวินิจใจ,คลองเสาธง,8-Jun,3800,บางขุนเทียน,2,5/13/2020 17:00:00,5/13/2020 17:00:00
625,1146,838,คลองสหกรณ์,คลองสนามชัย,คลองแสมดำ,Jun-38,3600,บางขุนเทียน,2,5/13/2020 17:00:00,5/13/2020 17:00:00
626,1145,837,คลองสวนอ้อย(ราชเทวี),ถนนเพชรบุรี,คลองแสนแสบ,8-Jun,238,ราชเทวี,2,5/13/2020 17:00:00,5/13/2020 17:00:00
627,1144,836,คลองสวนอ้อย(พระโขนง),คลองขวางบน,ซอยสุขุมวิท 93,5-Apr,520,พระโขนง,2,5/13/2020 17:00:00,5/13/2020 17:00:00
628,1143,835,คลองสวนอ้อย (ภาษีเจริญ),คลองบางจาก,คลองบางเพลี้ย,7-Jun,1412,ภาษีเจริญ,2,5/13/2020 17:00:00,5/13/2020 17:00:00
629,1142,834,คลองสวนเหลี่ยม,คลองบางหว้า,คลองตาม่วง,5-Mar,800,จอมทอง,2,5/13/2020 17:00:00,5/13/2020 17:00:00
630,1141,833,คลองสวนหลวงเหนือ,คลองสวนอ้อย,คลองบางจาก,8-Jul,552,ภาษีเจริญ,2,5/13/2020 17:00:00,5/13/2020 17:00:00
631,1140,832,คลองสวนหลวงใต้,คลองบางหว้า,คลองรางบัว,6-May,591,ภาษีเจริญ,2,5/13/2020 17:00:00,5/13/2020 17:00:00
632,1139,831,คลองสวนหลวง(จอมทอง),คลองบางหว้า,คลองรางบัว,5-Mar,640,จอมทอง,2,5/13/2020 17:00:00,5/13/2020 17:00:00
633,1138,830,คลองสวนหลวง,คลองพระโขนง,สุดระยะที่กำหนดให้,6-Apr,265,สวนหลวง,2,5/13/2020 17:00:00,5/13/2020 17:00:00
634,1137,829,คลองสวนหยอม,ตรอกวัดยาง,ซอยเชิดชูงาม,3-Feb,270,บางกอกน้อย,2,5/13/2020 17:00:00,5/13/2020 17:00:00
635,1136,828,คลองสวนสี่สิบ,คลองสนามชัย,คลองตาม่วง,6-Apr,4000,จอมทอง,2,5/13/2020 17:00:00,5/13/2020 17:00:00
636,1135,827,คลองสวนเลียบ(ภาษีเจริญ),คลองภาษีเจริญ,คลองตาม่วง,6-Apr,713,ภาษีเจริญ,2,5/13/2020 17:00:00,5/13/2020 17:00:00
637,1134,826,คลองสวนเลียบ(จอมทอง),คลองตาม่วง,คลองบางหว้า,6-Apr,720,จอมทอง,2,5/13/2020 17:00:00,5/13/2020 17:00:00
638,1133,825,คลองสวนพริก,คลองบางพลัด,ซอยสกุลชัย 6,43896,1200,บางพลัด,2,5/13/2020 17:00:00,5/13/2020 17:00:00
639,1132,824,คลองสวนแดน 2  (ซอยจรัญฯ94/1),แม่น้ำเจ้าพระยา,อาคารบางอ้อริเวอร์ไซค์,43957,125,บางพลัด,2,5/13/2020 17:00:00,5/13/2020 17:00:00
640,1131,823,คลองสวนแดน 1,คลองบางกอกน้อย,สุดระยะที่กำหนดให้,7-May,2000,ตลิ่งชัน,2,5/13/2020 17:00:00,5/13/2020 17:00:00
641,1130,822,คลองสวนแดน,แม่น้ำเจ้าพระยา,สุดเขตคลอง,43874,410,บางพลัด,2,5/13/2020 17:00:00,5/13/2020 17:00:00
642,1129,821,คลองสวนข่อย,คลองบางประทุน,คลองต้นสน,9-Aug,438,ภาษีเจริญ,2,5/13/2020 17:00:00,5/13/2020 17:00:00
643,1128,820,คลองสวน(ยานนาวา),ปลายซอยนาคสุวรรณ,แม่น้ำเจ้าพระยา,8-Apr,700,ยานนาวา,2,5/13/2020 17:00:00,5/13/2020 17:00:00
644,1127,819,คลองสวน(ภาษีเจริญ),ถนนเพชรเกษม,คลองบางกอกใหญ่,5-Apr,721,ภาษีเจริญ,2,5/13/2020 17:00:00,5/13/2020 17:00:00
645,1126,818,คลองสวน,แม่น้ำเจ้าพระยา,คลองบางคอแหลม,4-Feb,500,บางคอแหลม,2,5/13/2020 17:00:00,5/13/2020 17:00:00
646,1125,817,คลองสลุด,คลองปากน้ำ,สุดระยะที่กำหนดให้,15-Aug,2600,ประเวศ,2,5/13/2020 17:00:00,5/13/2020 17:00:00
647,1124,816,คลองสรศักดิ์,ถนนบางบอน 4,คลองนายผล,7-Jun,1950,บางบอน,2,5/13/2020 17:00:00,5/13/2020 17:00:00
648,1123,815,คลองสมานเชื้อบำรุง,ถนนพระรามที่ 2,ระวาง 5206-13  เลขที่ดิน 37,20-May,1300,บางขุนเทียน,2,5/13/2020 17:00:00,5/13/2020 17:00:00
649,1122,814,คลองส้มป่อยบน,ถนนราชวิถี,คลองสามเสน,6-Apr,590,ดุสิต,2,5/13/2020 17:00:00,5/13/2020 17:00:00
650,1121,813,คลองส้มป่อย,ถนนเพชรบุรี,คลองแสนแสบ,6-Mar,457,ราชเทวี,2,5/13/2020 17:00:00,5/13/2020 17:00:00
651,1120,812,คลองสนามกลางลำ,คลองลำบ่อยาว,คลองลำเจดีย์,8-Jun,2400,หนองจอก,2,5/13/2020 17:00:00,5/13/2020 17:00:00
652,1119,811,คลองศิรินธร,คลองภาษีเจริญ,คลองหนามแดง,8-Apr,2195,หนองแขม,2,5/13/2020 17:00:00,5/13/2020 17:00:00
653,1118,810,คลองศิริจันทร์,คลองด่าน,ทางรถไฟ,1 - 3.5,370,ธนบุรี,2,5/13/2020 17:00:00,5/13/2020 17:00:00
654,1117,809,คลองศาลาลอย,คลองตัน,สุดระยะที่กำหนดให้,25-Jun,1150,วัฒนา,2,5/13/2020 17:00:00,5/13/2020 17:00:00
655,1116,808,คลองศาลาแดง,คลองแสนแสบ,คลองบึงชุมเห็ด,6-Apr,700,หนองจอก,2,5/13/2020 17:00:00,5/13/2020 17:00:00
656,1115,807,คลองศาลเตี้ย,คลองลูกวัว,ระวาง 5400-14  เลขที่ดิน 1,20-Aug,1200,บางขุนเทียน,2,5/13/2020 17:00:00,5/13/2020 17:00:00
657,1114,806,คลองศาลเจ้าแม่ทับทิม(จอมทอง),คลองข่อย,คลองบางปะแก้ว,8-May,2000,จอมทอง,2,5/13/2020 17:00:00,5/13/2020 17:00:00
658,1113,805,คลองศาลเจ้าแม่ทับทิม (บางขุนเทียน),คลองบางมด,คลองวัดท่าข้าม,6-Apr,1400,บางขุนเทียน,2,5/13/2020 17:00:00,5/13/2020 17:00:00
659,1112,804,คลองศาลเจ้าต้นโพธิ์,คลองด่าน,คลองบางสะแก,4-Feb,455,ธนบุรี,2,5/13/2020 17:00:00,5/13/2020 17:00:00
660,1111,803,คลองศาลเจ้า(ภาษีเจริญ),คลองบางเชือกหนัง,คลองบางหว้า,6-May,842,ภาษีเจริญ,2,5/13/2020 17:00:00,5/13/2020 17:00:00
661,1110,802,คลองศาลเจ้า(บางกอกใหญ่),คลองบางกอกใหญ่,ถนนเพชรเกษม,4-Feb,670,บางกอกใหญ่,2,5/13/2020 17:00:00,5/13/2020 17:00:00
662,1109,801,คลองศาลเจ้า,คลองสนามชัย,คลองตาสุข,5-Apr,3100,บางขุนเทียน,2,5/13/2020 17:00:00,5/13/2020 17:00:00
663,1108,800,คลองศาลเจ้า,คลองศาลเจ้า,สุดคลอง,15-Oct,250,ตลิ่งชัน,2,5/13/2020 17:00:00,5/13/2020 17:00:00
664,1107,799,คลองศรีสุราษฎร์,คลองราษฎร์บูรณะ,ลำประโดงเอกชน,4-Feb,1250,ราษฎร์บูรณะ,2,5/13/2020 17:00:00,5/13/2020 17:00:00
665,1106,798,คลองศรีสำราญ,คลองภาษีเจริญ,ถนนเพชรเกษม,8-May,3000,หนองแขม,2,5/13/2020 17:00:00,5/13/2020 17:00:00
666,1105,797,คลองศรีศุภผล,คลองซอย,คลองทวีวัฒนา,8-Jun,1700,ทวีวัฒนา,2,5/13/2020 17:00:00,5/13/2020 17:00:00
667,1104,796,คลองศรีภูมิ,คลองบางกอกใหญ่,สุดเขตคลอง,4-Feb,95,ธนบุรี,2,5/13/2020 17:00:00,5/13/2020 17:00:00
668,1103,795,คลองศรีกุมาร,คลองพิทยาลงกรณ์,คลองประมง (คลองโล่ง),14-Oct,4000,บางขุนเทียน,2,5/13/2020 17:00:00,5/13/2020 17:00:00
669,1102,794,คลองวัดอินทาราม,ทางรถไฟ,คลองบางกอกใหญ่,5-Mar,177,ธนบุรี,2,5/13/2020 17:00:00,5/13/2020 17:00:00
670,1101,793,คลองวัดอ่างแก้ว,คลองภาษีเจริญ,คลองบางหว้า,7-Jun,939,ภาษีเจริญ,2,5/13/2020 17:00:00,5/13/2020 17:00:00
671,1100,792,คลองวัดอัปสรสวรรค์,คลองภาษีเจริญ,คลองด่าน,10-Sep,600,ภาษีเจริญ,2,5/13/2020 17:00:00,5/13/2020 17:00:00
672,1099,791,คลองวัดอังกุรา,คลองวัดตลิ่งชัน,คลองบางระมาด,6-Mar,1400,ตลิ่งชัน,2,5/13/2020 17:00:00,5/13/2020 17:00:00
673,1098,790,คลองวัดอรุณ,แม่น้ำเจ้าพระยา,คลองมอญ,5-Mar,1450,บางกอกใหญ่,2,5/13/2020 17:00:00,5/13/2020 17:00:00
674,1097,789,คลองวัดใหม่ยายนุ้ย(ธนบุรี),คลองด่าน,ทางรถไฟ,1 - 3.5,390,ธนบุรี,2,5/13/2020 17:00:00,5/13/2020 17:00:00
675,1096,788,คลองวัดใหม่ยายนุ้ย(จอมทอง),คลองด่าน,คลองบางสะแก,7-Jun,960,จอมทอง,2,5/13/2020 17:00:00,5/13/2020 17:00:00
676,1095,787,คลองวัดหลวง,คลองบางเขน,บริเวณถนนวงศ์สว่าง,2 - 6.5,910,บางซื่อ,2,5/13/2020 17:00:00,5/13/2020 17:00:00
677,1094,786,คลองวัดหงส์รัตนาราม,คลองบางกอกใหญ่,ถนนวังเดิม,4-Mar,680,บางกอกใหญ่,2,5/13/2020 17:00:00,5/13/2020 17:00:00
678,1093,785,คลองวัดเสาหิน,คลองบางเขนใหม่,ซอยยิ้มประยูร (ซอยวงศ์สว่าง 4),6-Mar,750,บางซื่อ,2,5/13/2020 17:00:00,5/13/2020 17:00:00
679,1092,784,คลองวัดสุวรรณ,แม่น้ำเจ้าพระยา,สุดระยะที่กำหนดให้,3.50 - 6.50,872,คลองสาน,2,5/13/2020 17:00:00,5/13/2020 17:00:00
680,1091,783,คลองวัดสุนทรธรรมทาน,ถนนหลานหลวง,หลังวัดสุนทรธรรมทาน,7-Mar,120,ป้อมปราบศัตรูพ่าย,2,5/13/2020 17:00:00,5/13/2020 17:00:00
681,1090,782,คลองวัดสีสุก,คลองบางมด,คลองบางระแนะน้อย,6-May,400,จอมทอง,2,5/13/2020 17:00:00,5/13/2020 17:00:00
682,1089,781,คลองวัดสิตาราม,ถนนดำรงรักษ์,ก่อนถึงถนนหลานหลวง,6-Apr,120,ป้อมปราบศัตรูพ่าย,2,5/13/2020 17:00:00,5/13/2020 17:00:00
683,1088,780,คลองวัดสำเภา,คลองตรง,คลองขวางบางปะแก้ว,6-Apr,810,จอมทอง,2,5/13/2020 17:00:00,5/13/2020 17:00:00
684,1087,779,คลองวัดสังเวช,แม่น้ำเจ้าพระยา,สุดระยะที่กำหนดให้,3-Feb,124,พระนคร,2,5/13/2020 17:00:00,5/13/2020 17:00:00
685,1086,778,คลองวัดสังข์กระจาย,คลองบางกอกใหญ่,คลองวัดราชสิทธาราม,6-Apr,635,บางกอกใหญ่,2,5/13/2020 17:00:00,5/13/2020 17:00:00
686,1085,777,คลองวัดศาลาครืน,คลองบางหว้า,คลองตาแผลง,5-Mar,1000,จอมทอง,2,5/13/2020 17:00:00,5/13/2020 17:00:00
687,1084,776,คลองวัดศรีบุญเรือง,คลองแสนแสบ,คลองหัวหมาก,20-Oct,830,บางกะปิ,2,5/13/2020 17:00:00,5/13/2020 17:00:00
688,1083,775,คลองวัดเลียบ,คลองบางเขน,สิ้นสุดระยะคลอง(ซอยวงศ์สว่าง21),3 - 8.5,818,บางซื่อ,2,5/13/2020 17:00:00,5/13/2020 17:00:00
689,1082,774,คลองวัดลาดปลาเค้า,หลังวัดลาดปลาเค้า,คลองสามขา,12-Aug,800,ลาดพร้าว,2,5/13/2020 17:00:00,5/13/2020 17:00:00
690,1081,773,คลองวัดราชาธิวาส,คลองสามเสน,แม่น้ำเจ้าพระยา,7-Apr,440,ดุสิต,2,5/13/2020 17:00:00,5/13/2020 17:00:00
691,1080,772,คลองวัดราชสิทธาราม,คลองบางกอกใหญ่,คลองวัดอรุณ,6-Mar,1150,บางกอกใหญ่,2,5/13/2020 17:00:00,5/13/2020 17:00:00
692,1079,771,คลองวัดราชวรินทร์ (พุ่มหิรัญ2),ซอยตากสิน 21,สุดระยะที่กำหนดให้,3-Feb,300,ธนบุรี,2,5/13/2020 17:00:00,5/13/2020 17:00:00
693,1078,770,คลองวัดร้าง,คลองสนามชัย,ที่ดินเอกชน,9-Aug,1000,บางขุนเทียน,2,5/13/2020 17:00:00,5/13/2020 17:00:00
694,1077,769,คลองวัดระฆัง,แม่น้ำเจ้าพระยา,คลองบ้านขมิ้น,10-Jun,400,บางกอกน้อย,2,5/13/2020 17:00:00,5/13/2020 17:00:00
695,1076,768,คลองวัดรวกสุทธาราม,คลองชักพระ,ถนนจรัญสนิทวงศ์,4-Feb,880,บางกอกน้อย,2,5/13/2020 17:00:00,5/13/2020 17:00:00
696,1075,767,คลองวัดรวก,คลองบางบำหรุ,วัดรวก,43866,730,บางพลัด,2,5/13/2020 17:00:00,5/13/2020 17:00:00
697,1074,766,คลองวัดยายร่ม,คลองบางมด,คลองบางขุนเทียน,6-Apr,450,จอมทอง,2,5/13/2020 17:00:00,5/13/2020 17:00:00
698,1073,765,คลองวัดยางสุทธาราม,คลองชักพระ,ถนนจรัญสนิทวงศ์,4-Mar,1200,บางกอกน้อย,2,5/13/2020 17:00:00,5/13/2020 17:00:00
699,1072,764,คลองวัดมะลิ,คลองชักพระ,โรงเรียนวัดมะลิ,5-Feb,1050,บางกอกน้อย,2,5/13/2020 17:00:00,5/13/2020 17:00:00
700,1071,763,คลองวัดเพลงวิปัสสนา,คลองชักพระ,วัดเพลง,4-Feb,1200,บางกอกน้อย,2,5/13/2020 17:00:00,5/13/2020 17:00:00
701,1070,762,คลองวัดเพลง(ภาษีเจริญ),คลองภาษีเจริญ,คลองด่าน,10-Sep,1040,ภาษีเจริญ,2,5/13/2020 17:00:00,5/13/2020 17:00:00
702,1069,761,คลองวัดเพลง(ตลิ่งชัน),คลองบางพรม,คลองบางน้อย,6-May,1100,ตลิ่งชัน,2,5/13/2020 17:00:00,5/13/2020 17:00:00
703,1068,760,คลองวัดเพลง,คลองบางบำหรุ,ซอยจรัญฯ75,43927,400,บางพลัด,2,5/13/2020 17:00:00,5/13/2020 17:00:00
704,1067,759,คลองวัดปริวาส,แม่น้ำเจ้าพระยา,สุดระยะที่กำหนดให้,7-Mar,1245,ยานนาวา,2,5/13/2020 17:00:00,5/13/2020 17:00:00
705,1066,758,คลองวัดปรินายก,คลองรอบกรุง,สุดระยะที่กำหนดให้,3-Feb,207,พระนคร,2,5/13/2020 17:00:00,5/13/2020 17:00:00
706,1065,757,คลองวัดประยูร,แม่น้ำเจ้าพระยา,คลองบุปผาราม,5-Mar,630,ธนบุรี,2,5/13/2020 17:00:00,5/13/2020 17:00:00
707,1064,756,คลองวัดประดู่(ภาษีเจริญ),คลองบางจาก,คลองภาษีเจริญ,7-Jun,516,ภาษีเจริญ,2,5/13/2020 17:00:00,5/13/2020 17:00:00
708,1063,755,คลองวัดประดู่(บางกอกใหญ่),คลองบางกอกใหญ่,คลองบางกอกใหญ่,5-Feb,920,บางกอกใหญ่,2,5/13/2020 17:00:00,5/13/2020 17:00:00
709,1062,754,คลองวัดปฐมบุตรอิศราราม,คลองบางกอกน้อย,ถนนบรมราชชนนี,4-Feb,450,บางกอกน้อย,2,5/13/2020 17:00:00,5/13/2020 17:00:00
710,1061,753,คลองวัดเบญจมบพิตร,ถนนลิขิต,คลองเปรมประชากร,10-Aug,180,ดุสิต,2,5/13/2020 17:00:00,5/13/2020 17:00:00
711,1060,752,คลองวัดบึงทองหลาง,คลองจั่น,คลองเกรียง,10-Mar,1650,บางกะปิ,2,5/13/2020 17:00:00,5/13/2020 17:00:00
712,1059,751,คลองวัดบวรมงคล ฝั่งเหนือ,แม่น้ำเจ้าพระยา,ซอยจรัญฯ44,43869,500,บางพลัด,2,5/13/2020 17:00:00,5/13/2020 17:00:00
713,1058,750,คลองวัดบวรมงคล ฝั่งใต้,แม่น้ำเจ้าพระยา,โรงเรียนทิวไผ่งาม,43866,400,บางพลัด,2,5/13/2020 17:00:00,5/13/2020 17:00:00
714,1057,749,คลองวัดนาคปรก,คลองภาษีเจริญ,คลองด่าน,8-Jul,815,ภาษีเจริญ,2,5/13/2020 17:00:00,5/13/2020 17:00:00
715,1056,748,คลองวัดนาคนิมิตร,คลองดาวคะนอง,ถนนพระรามที่ 2,4-Mar,1100,จอมทอง,2,5/13/2020 17:00:00,5/13/2020 17:00:00
716,1055,747,คลองวัดน้อยใหม่,คลองสมเด็จเจ้าพระยา,ถนนอิสรภาพ,4.5 - 5,378,คลองสาน,2,5/13/2020 17:00:00,5/13/2020 17:00:00
717,1054,746,คลองวัดน้อยนางหงษ์,คลองบางยี่ขัน,ซอยจรัญฯ42,3.50 - 9,700,บางพลัด,2,5/13/2020 17:00:00,5/13/2020 17:00:00
718,1053,745,คลองวัดน้อยเก่า,คลองหลังวัดพิชัยญาติ,สุดคลอง,2.5,72,คลองสาน,2,5/13/2020 17:00:00,5/13/2020 17:00:00
719,1052,744,คลองวัดน้อย,คลองบางไส้ไก่,ถนนประชาธิปก,3 - 4.5,495,ธนบุรี,2,5/13/2020 17:00:00,5/13/2020 17:00:00
720,1051,743,คลองวัดเทพศิรินทร์,ถนนกรุงเกษม,ก่อนถึงถนนพลับพลาไชย,10-Jul,320,ป้อมปราบศัตรูพ่าย,2,5/13/2020 17:00:00,5/13/2020 17:00:00
721,1050,742,คลองวัดท่าพระ,คลองบางกอกใหญ่,วัดท่าพระ,5-Apr,1350,บางกอกใหญ่,2,5/13/2020 17:00:00,5/13/2020 17:00:00
722,1049,741,คลองวัดท่าข้าม,คลองสนามชัย,คลองรางแค,5-Mar,3000,บางขุนเทียน,2,5/13/2020 17:00:00,5/13/2020 17:00:00
723,1048,740,คลองวัดทองเพลง,แม่น้ำเจ้าพระยา,โรงเรียนวัดทองเพลง,4 - 7.5,1100,คลองสาน,2,5/13/2020 17:00:00,5/13/2020 17:00:00
724,1047,739,คลองวัดทองบางจาก,คลองบางจาก,ซอยจรัญฯ46,43961,295,บางพลัด,2,5/13/2020 17:00:00,5/13/2020 17:00:00
725,1046,738,คลองวัดทองบน,ซอยศธรทิพย์,แม่น้ำเจ้าพระยา,8-Apr,800,ยานนาวา,2,5/13/2020 17:00:00,5/13/2020 17:00:00
726,1045,737,คลองวัดทองนพคุณ,แม่น้ำเจ้าพระยา,วัดทองนพคุณ,5-Mar,230,คลองสาน,2,5/13/2020 17:00:00,5/13/2020 17:00:00
727,1044,737,คลองวัดทองนพคุณ,แม่น้ำเจ้าพระยา,สุดระยะคลอง  บริเวณ  ร.ร. ศิริธน,3 - 4.50,440,คลองสาน,2,5/13/2020 17:00:00,5/13/2020 17:00:00
728,1043,736,คลองวัดทองธรรมชาติ,แม่น้ำเจ้าพระยา,สุดระยะที่กำหนดให้,1.40 - 4.50,350,คลองสาน,2,5/13/2020 17:00:00,5/13/2020 17:00:00
729,1042,735,คลองวัดทอง,คลองบางเขน,ทางด่วนศรีรัช,5-Mar,2300,บางซื่อ,2,5/13/2020 17:00:00,5/13/2020 17:00:00
730,1041,734,คลองวัดโตนด,คลองบางแวก,ถนนจรัญฯ 13,5-Apr,210,ภาษีเจริญ,2,5/13/2020 17:00:00,5/13/2020 17:00:00
731,1040,733,คลองวัดตะกล่ำ,คลองหนองบอน,คลองสาหร่าย,9-Jun,700,ประเวศ,2,5/13/2020 17:00:00,5/13/2020 17:00:00
732,1039,732,คลองวัดตลิ่งชัน,ถนนบรมราชชนนี,คลองชักพระ,18-May,1100,ตลิ่งชัน,2,5/13/2020 17:00:00,5/13/2020 17:00:00
733,1038,731,คลองวัดตรีทศเทพ,วัดตรีทศเทพ,สุดระยะที่กำหนดให้,3-Feb,218,พระนคร,2,5/13/2020 17:00:00,5/13/2020 17:00:00
734,1037,730,คลองวัดดุสิตาราม,แม่น้ำเจ้าพระยา,ชุมชนวัดดุสิตาราม,6-May,400,บางกอกน้อย,2,5/13/2020 17:00:00,5/13/2020 17:00:00
735,1036,729,คลองวัดดีดวด,คลองบางกอกใหญ่,คลองบางลำเจียก,6-Feb,1614,บางกอกใหญ่,2,5/13/2020 17:00:00,5/13/2020 17:00:00
736,1035,728,คลองวัดดาวดึงษ์ษาราม,แม่น้ำเจ้าพระยา,วัดดาวดึงษ์,43866,660,บางพลัด,2,5/13/2020 17:00:00,5/13/2020 17:00:00
737,1034,727,คลองวัดด่านเหนือ,ซอยโชคชัยจงจำเริญ,แม่น้ำเจ้าพระยา,8-Apr,600,ยานนาวา,2,5/13/2020 17:00:00,5/13/2020 17:00:00
738,1033,726,คลองวัดด่าน,ซอยโชคชัยจงจำเริญ,แม่น้ำเจ้าพระยา,8-Apr,600,ยานนาวา,2,5/13/2020 17:00:00,5/13/2020 17:00:00
739,1032,725,คลองวัดดอกไม้,แม่น้ำเจ้าพระยา,สุดระยะที่กำหนดให้,16-Mar,1260,ยานนาวา,2,5/13/2020 17:00:00,5/13/2020 17:00:00
740,1031,724,คลองวัดดงมูลเหล็ก,คลองกระท้อนแถว,คลองวัดยาง,5-Mar,1500,บางกอกน้อย,2,5/13/2020 17:00:00,5/13/2020 17:00:00
741,1030,723,คลองวัดญวนสะพานขาว,ถนนลูกหลวง,คลองลำปัก,13-Oct,350,ดุสิต,2,5/13/2020 17:00:00,5/13/2020 17:00:00
742,1029,722,คลองวัดไชยทิศ,คลองบางขุนนนท์,ซอยจรัญสนิทวงศ์ 37,5-Mar,750,บางกอกน้อย,2,5/13/2020 17:00:00,5/13/2020 17:00:00
743,1028,721,คลองวัดเชิงเลน,คลองชักพระ,ถนนจรัญสนิทวงศ์ 37,10-May,800,บางกอกน้อย,2,5/13/2020 17:00:00,5/13/2020 17:00:00
744,1027,720,คลองวัดช่องนนทรี,แม่น้ำเจ้าพระยา,สุดระยะที่กำหนดให้,5-Feb,670,ยานนาวา,2,5/13/2020 17:00:00,5/13/2020 17:00:00
745,1026,719,คลองวัดฉิมทายิกาวาส,คลองบ้านขมิ้น,ถนนรถไฟ,4-Feb,170,บางกอกน้อย,2,5/13/2020 17:00:00,5/13/2020 17:00:00
746,1025,718,คลองวัดเจ้ามูล,คลองบางกอกใหญ่,ถนนจรัญสนิทวงศ์,6-May,986,บางกอกใหญ่,2,5/13/2020 17:00:00,5/13/2020 17:00:00
747,1024,717,คลองวัดจันทร์ใน,แม่น้ำเจ้าพระยา,ชุมชน 300 ห้อง,9-Feb,1745,บางคอแหลม,2,5/13/2020 17:00:00,5/13/2020 17:00:00
748,1023,716,คลองวัดโคนอน,คลองบางหว้า,คลองตาม่วง,9-Mar,400,จอมทอง,2,5/13/2020 17:00:00,5/13/2020 17:00:00
749,1022,715,คลองวัดคฤหบดี ฝั่งเหนือ,แม่น้ำเจ้าพระยา,ซอยจรัญฯ40,6,700,บางพลัด,2,5/13/2020 17:00:00,5/13/2020 17:00:00
750,1021,714,คลองวัดคฤหบดี ฝั่งใต้,แม่น้ำเจ้าพระยา,ชุมชนวัดคฤหบดี,8,180,บางพลัด,2,5/13/2020 17:00:00,5/13/2020 17:00:00
751,1020,713,คลองวัดครุฑ,คลองมอญ,วัดอัมพวา,1.5 - 6,500,บางกอกน้อย,2,5/13/2020 17:00:00,5/13/2020 17:00:00
752,1019,712,คลองวัดขุนจันทร์,ถนนเทอดไท,คลองด่าน,2 - 2.5,109,ธนบุรี,2,5/13/2020 17:00:00,5/13/2020 17:00:00
753,1018,711,คลองวัดแก้ว,วัดแก้ว,คลองชักพระ,4-Mar,700,ตลิ่งชัน,2,5/13/2020 17:00:00,5/13/2020 17:00:00
754,1017,710,คลองวัดเกียรติประดิษฐ์,คลองบางปะแก้ว,ถนนสุขสวัสดิ์,1.50-3,460,ราษฎร์บูรณะ,2,5/13/2020 17:00:00,5/13/2020 17:00:00
755,1016,709,คลองวัดกัลยาณ์,แม่น้ำเจ้าพระยา,คลองบางกอกใหญ่,4-Feb,340,ธนบุรี,2,5/13/2020 17:00:00,5/13/2020 17:00:00
756,1015,708,คลองวัดกลาง,คลองราษฎร์บูรณะ,ชุมชนสุขสวัสดิ์ 29,6-Mar,350,ราษฎร์บูรณะ,2,5/13/2020 17:00:00,5/13/2020 17:00:00
757,1014,707,คลองวัดกลาง,คลองแสนแสบ,ถนนลาดพร้าว,3.2 -  9,860,บางกะปิ,2,5/13/2020 17:00:00,5/13/2020 17:00:00
758,1013,706,คลองวัดกระทุ่มเสือปลา,คลองประเวศบุรีรมย์,คลองสองห้อง,10-Jun,1400,ประเวศ,2,5/13/2020 17:00:00,5/13/2020 17:00:00
759,1012,705,คลองวัดกระจัง,คลองบางระมาด,สุดคลอง,5-Apr,650,ตลิ่งชัน,2,5/13/2020 17:00:00,5/13/2020 17:00:00
760,1011,704,คลองวัดกก,คลองตารุ่ง,คลองสนามชัย,8-Jun,400,บางขุนเทียน,2,5/13/2020 17:00:00,5/13/2020 17:00:00
761,1010,703,คลองวังใหญ่ล่าง,คลองทับช้างล่าง,คลองบ้านม้า,8-Apr,1800,สะพานสูง,2,5/13/2020 17:00:00,5/13/2020 17:00:00
762,1009,702,คลองเลียบซอยเพชรเกษม 48,คลองบางแวก,คลองลัดม้า,6-May,989,ภาษีเจริญ,2,5/13/2020 17:00:00,5/13/2020 17:00:00
763,1008,701,คลองเล้าหมู,คลองภาษีเจริญ,คลองบางแค,12 - 13.5,500,บางแค,2,5/13/2020 17:00:00,5/13/2020 17:00:00
764,1007,700,คลองลูกวัวเก่า,คลองลูกวัว,คลองขุนราชวินิจใจ,5-Apr,2000,บางขุนเทียน,2,5/13/2020 17:00:00,5/13/2020 17:00:00
765,1006,699,คลองลูกวัว,คลองขุนราชพินิจใจ,คลองย่างควาย,6-Apr,2600,บางขุนเทียน,2,5/13/2020 17:00:00,5/13/2020 17:00:00
766,1005,698,คลองลุงหน่าง,คลองบางบอน,ทางรถไฟ,10-Jun,1700,บางบอน,2,5/13/2020 17:00:00,5/13/2020 17:00:00
767,1004,697,คลองลิง,คลองสนามชัย,คลองบางกระดี่,8-May,1500,บางขุนเทียน,2,5/13/2020 17:00:00,5/13/2020 17:00:00
768,1003,696,คลองลำอีรั้ว,คลงแบนใหญ่,คลองลำควายชน,6-Apr,1600,หนองจอก,2,5/13/2020 17:00:00,5/13/2020 17:00:00
769,1002,695,คลองลำอ้ายแบน,คลองทับยาว,คลองลำชะล่า,15 - 20,4500,ลาดกระบัง,2,5/13/2020 17:00:00,5/13/2020 17:00:00
770,1001,694,คลองลำอ้อตัน,คลองหนึ่ง,คลองลาดบัวขาว,15-Oct,1500,ลาดกระบัง,2,5/13/2020 17:00:00,5/13/2020 17:00:00
771,1000,693,คลองลำหินฝั่งเหนือ,คลองลำบ่อยาว,คลองแสนแสบ,8-Jun,3800,หนองจอก,2,5/13/2020 17:00:00,5/13/2020 17:00:00
772,999,692,คลองลำหินฝั่งใต้,คลองแสนแสบ,คลองนาตับ,8-Jun,3100,หนองจอก,2,5/13/2020 17:00:00,5/13/2020 17:00:00
773,998,691,คลองลำหิน,คลองลำต้นไทร,คลองบ้านเกาะ,20 - 30,2060,มีนบุรี,2,5/13/2020 17:00:00,5/13/2020 17:00:00
774,997,690,คลองลำหลุมบัว,คลองทับยาว,คลองลำตาอิน,20-Aug,4500,ลาดกระบัง,2,5/13/2020 17:00:00,5/13/2020 17:00:00
775,996,689,คลองลำสาลี,คลองหัวหมาก,คลองวังใหญ่,10-Aug,1800,บางกะปิ,2,5/13/2020 17:00:00,5/13/2020 17:00:00
776,995,688,คลองลำสลิดทองล่าง,คลองหนึ่ง,คลองไทรชะมด,8-Jun,1800,หนองจอก,2,5/13/2020 17:00:00,5/13/2020 17:00:00
777,994,687,คลองลำสลิดทองบน,บึงนายรุ่ง,คลองหนึ่ง,8-Jun,1300,หนองจอก,2,5/13/2020 17:00:00,5/13/2020 17:00:00
778,993,686,คลองลำวังคา,คลองกระทุ้มล้ม,คลองลำต้อยติ่ง,8-Jun,2500,หนองจอก,2,5/13/2020 17:00:00,5/13/2020 17:00:00
779,992,685,คลองลำรางเอื้อเฟื้อ,ถนนท่าข้าม,ระวาง 5608-9 ที่ดินเลขที่ 54,5-Mar,300,บางขุนเทียน,2,5/13/2020 17:00:00,5/13/2020 17:00:00
780,991,684,คลองลำรางหลุมบัว,คลองประเวศบุรีรมย์,สุดระยะที่กำหนดให้,6-Apr,1300,ลาดกระบัง,2,5/13/2020 17:00:00,5/13/2020 17:00:00
781,990,683,คลองลำรางศาลเจ้าพ่อต่วน,คลองสี่,คลองสองฯ,6-Apr,3000,ลาดกระบัง,2,5/13/2020 17:00:00,5/13/2020 17:00:00
782,989,682,คลองลำรางลัดคูเวียง,คลองเจ็ก,คลองบางคูเวียง,4-Feb,1200,ลาดกระบัง,2,5/13/2020 17:00:00,5/13/2020 17:00:00
783,988,681,คลองลำรางบึงบัว,คลองสี่,ลำบึงบัว,6-Apr,1100,ลาดกระบัง,2,5/13/2020 17:00:00,5/13/2020 17:00:00
784,987,680,คลองลำรางตาเสือ,ลำพังพวย,ลำมะขาม,4-Feb,1400,ลาดกระบัง,2,5/13/2020 17:00:00,5/13/2020 17:00:00
785,986,679,คลองลำรางตาติ่ง,คลองสี่,ลำบึงบัว,6-Apr,1400,ลาดกระบัง,2,5/13/2020 17:00:00,5/13/2020 17:00:00
786,985,678,คลองลำรางตาคี,คลองสี่,คลองลำพังพวย,6-Apr,900,ลาดกระบัง,2,5/13/2020 17:00:00,5/13/2020 17:00:00
787,984,677,คลองลำรางตาแก่,คลองลาดบัวขาว,สุเหร่าลาดบัวขาว,6-Apr,2000,ลาดกระบัง,2,5/13/2020 17:00:00,5/13/2020 17:00:00
788,983,676,คลองลำรางชวดด้วน,คลองสี่,ถนนคุ้มเกล้า,6-Apr,800,ลาดกระบัง,2,5/13/2020 17:00:00,5/13/2020 17:00:00
789,982,675,คลองลำรางเกาะเล็ก,คลองลำบึงเตย,จุดที่กำหนด,6-Apr,1000,หนองจอก,2,5/13/2020 17:00:00,5/13/2020 17:00:00
790,981,674,คลองลำมะละกอฝั่งเหนือ,ลำมะละกอฝั่งใต้,ลำคูเวียง,6-Apr,1000,ลาดกระบัง,2,5/13/2020 17:00:00,5/13/2020 17:00:00
791,980,673,คลองลำมะละกอฝั่งใต้,ลำมะละกอเก่า,ลำคูเวียง,6-Apr,1600,ลาดกระบัง,2,5/13/2020 17:00:00,5/13/2020 17:00:00
792,979,672,คลองลำมะละกอ,คลองเจ็ก,คลองลำพะอง,10-Aug,3500,ลาดกระบัง,2,5/13/2020 17:00:00,5/13/2020 17:00:00
793,978,671,คลองลำมะขาม,คลองลำกอไผ่,คลองลำอู่ตะเภา,15-Oct,1900,ลาดกระบัง,2,5/13/2020 17:00:00,5/13/2020 17:00:00
794,977,670,คลองลำมดตะนอย,คลองลำแขก,คลองลำชะล่า,8-Jun,4000,หนองจอก,2,5/13/2020 17:00:00,5/13/2020 17:00:00
795,976,669,คลองลำพุทธา,ลำชวดด้วน,ลำบึงบัว,10-Aug,2500,ลาดกระบัง,2,5/13/2020 17:00:00,5/13/2020 17:00:00
796,975,668,คลองลำพังพวย(มีนบุรี),ลำรางศาลเจ้า,ลำรางไผ่เหลือง,30-Oct,4360,มีนบุรี,2,5/13/2020 17:00:00,5/13/2020 17:00:00
797,974,667,คลองลำพะอง,คลองลำปลาทิว,ลำกระทุ่มล้ม,15 - 30,2000,ลาดกระบัง,2,5/13/2020 17:00:00,5/13/2020 17:00:00
798,973,666,คลองลำฝอยทอง,คลองลำชะล่า,สุดระยะที่กำหนดให้,8-Jun,1800,หนองจอก,2,5/13/2020 17:00:00,5/13/2020 17:00:00
799,972,665,คลองลำไผ่ผี,ถนนสุวินทวงศ์,คลองลำต้นไทร,20 - 30,1100,มีนบุรี,2,5/13/2020 17:00:00,5/13/2020 17:00:00
800,971,664,คลองลำไผ่,คลองจระเข้,คลองไผ่เขียว,10-Jun,1630,บางเขน,2,5/13/2020 17:00:00,5/13/2020 17:00:00
801,970,663,คลองลำผักชีเก่า,คลองลำปลาทิว,คลองลำปลาทิว,8-Jun,1200,หนองจอก,2,5/13/2020 17:00:00,5/13/2020 17:00:00
802,969,662,คลองลำผักชี,แยกคลองถนน,วัดราษฎร์นิยมธรรม,10-Aug,1700,บางเขน,2,5/13/2020 17:00:00,5/13/2020 17:00:00
803,968,661,คลองลำปัก,ถนนหลานหลวง,คลองวัดญวนสะพานขาว,12-Oct,600,ดุสิต,2,5/13/2020 17:00:00,5/13/2020 17:00:00
804,967,660,คลองลำปลาแย,คลองลำเจดีย์,จุดที่กำหนด,6-Apr,3000,หนองจอก,2,5/13/2020 17:00:00,5/13/2020 17:00:00
805,966,659,คลองลำปลาเน่า,คลองลำปลาทิว,"คลองลำมะขาม, คลองบึงขวาง",6-Apr,3250,หนองจอก,2,5/13/2020 17:00:00,5/13/2020 17:00:00
806,965,658,คลองลำแบนใหญ่,คลองลำตาจีน,คลองนาตับ,8-Jun,3000,หนองจอก,2,5/13/2020 17:00:00,5/13/2020 17:00:00
807,964,657,คลองลำแบน,คลองสามวา,สุดระยะที่กำหนดให้,8-May,2700,คลองสามวา,2,5/13/2020 17:00:00,5/13/2020 17:00:00
808,963,656,คลองลำบุหรี่พวง,คลองสิบเอ็ด,คลองสิบสอง,8-Jun,5100,หนองจอก,2,5/13/2020 17:00:00,5/13/2020 17:00:00
809,962,655,คลองลำบุรี,คลองจระเข้,คลองหนองกง,15-Oct,2000,บางเขน,2,5/13/2020 17:00:00,5/13/2020 17:00:00
810,961,654,คลองลำบึงบัว,ลำพังพวย,ลำพุทธา,15-Oct,2500,ลาดกระบัง,2,5/13/2020 17:00:00,5/13/2020 17:00:00
811,960,653,คลองลำบึงทองหลาง,คลองสี่,คลองบึงใหญ่,12-Oct,2100,มีนบุรี,2,5/13/2020 17:00:00,5/13/2020 17:00:00
812,959,652,คลองลำบึงขวาง(หนองจอก),คลองลำปลาทิว,คลองอู่ตะเภา,6-Apr,2500,หนองจอก,2,5/13/2020 17:00:00,5/13/2020 17:00:00
813,958,651,คลองลำบ่อยาว,คลองเก้า,คลองสนามกลางลำ,8-Jun,2050,หนองจอก,2,5/13/2020 17:00:00,5/13/2020 17:00:00
814,957,650,คลองลำนุ่น,ลำบึงกุ่ม,ถนนรามอินทรา,6-May,3800,คันนายาว,2,5/13/2020 17:00:00,5/13/2020 17:00:00
815,956,649,คลองลำนายโส,คลองลาดบัวขาว,คลองสอง,15-Oct,2500,ลาดกระบัง,2,5/13/2020 17:00:00,5/13/2020 17:00:00
816,955,648,คลองลำนกแขวก(หนองจอก),คลองอีรั้ว,คลองลำกอไผ่,8-Jun,5300,หนองจอก,2,5/13/2020 17:00:00,5/13/2020 17:00:00
817,954,647,คลองลำนกแขวก(มีนบุรี),คลองบึงใหญ่,คลองลำไทร,20 - 50,1650,มีนบุรี,2,5/13/2020 17:00:00,5/13/2020 17:00:00
818,953,646,คลองลำไทร,คลองลำปลาทิว,คลองจรเข้ตาย,8-Jun,1600,หนองจอก,2,5/13/2020 17:00:00,5/13/2020 17:00:00
819,952,645,คลองลำแตงโม,คลองลำกอไผ่,คลองลำบึงบัว,6-Apr,2500,ลาดกระบัง,2,5/13/2020 17:00:00,5/13/2020 17:00:00
820,951,644,คลองลำตุ๊กตา,คลองลำไทร,คลองบ้านเกาะ,19-Dec,2800,มีนบุรี,2,5/13/2020 17:00:00,5/13/2020 17:00:00
821,950,643,คลองลำตาอู,ลำหลุมบัว,ลำกระทุ้มล้ม,10-Jun,1800,ลาดกระบัง,2,5/13/2020 17:00:00,5/13/2020 17:00:00
822,949,642,คลองลำตาอิน,คลองหลวงเพ่ง,ลำกระทุ้มล้ม,20 - 30,4000,ลาดกระบัง,2,5/13/2020 17:00:00,5/13/2020 17:00:00
823,948,641,คลองลำตามีร้องไห้,คลองลำวังคา,คลองลำตาอิน,8-Jun,3100,หนองจอก,2,5/13/2020 17:00:00,5/13/2020 17:00:00
824,947,640,คลองลำตาเฟื่อง,คลองลำแขก,คลองกระทุ้มล้ม,8-Jun,1200,หนองจอก,2,5/13/2020 17:00:00,5/13/2020 17:00:00
825,946,639,คลองลำตาแพ่ง,คลองลำตาอิน,คลองลำชะล่า,8-Jun,1200,ลาดกระบัง,2,5/13/2020 17:00:00,5/13/2020 17:00:00
826,945,638,คลองลำตาพ่วง,คลองนครเนื่องเขต,คลองบึงทองหลางเฒ่า,6-Apr,600,หนองจอก,2,5/13/2020 17:00:00,5/13/2020 17:00:00
827,944,637,คลองลำตานวย,คลองลำบึงขวาง,คลองสองต้นนุ่น,20 - 30,2650,มีนบุรี,2,5/13/2020 17:00:00,5/13/2020 17:00:00
828,943,636,คลองลำตาต่าย,คลองลำชะล่า,คลองลำตาอิน,8-Jun,960,หนองจอก,2,5/13/2020 17:00:00,5/13/2020 17:00:00
829,942,635,คลองลำตาจีน,คลองเจียรดับ,คลองจรเข้ตาย,8-Jun,1600,หนองจอก,2,5/13/2020 17:00:00,5/13/2020 17:00:00
830,941,634,คลองลำต้อยติ่ง,คลองลำวังคา,คลองลำตาอิน,8-Jun,4000,หนองจอก,2,5/13/2020 17:00:00,5/13/2020 17:00:00
831,940,633,คลองลำต้นไทร,คลองนาตับ,คลองลำนกแขวก,20 - 30,3400,มีนบุรี,2,5/13/2020 17:00:00,5/13/2020 17:00:00
832,939,632,คลองลำต้นกล้วย,คลองลำควายชน,คลองลำปลาทิว,8-Jun,2000,หนองจอก,2,5/13/2020 17:00:00,5/13/2020 17:00:00
833,938,631,คลองลำต้น,คลองออเงินน้อย,สุดระยะที่กำหนดให้,8-Jul,1050,สายไหม,2,5/13/2020 17:00:00,5/13/2020 17:00:00
834,937,630,คลองลำด้วน,คลองลำเจดีย์,จุดกำหนด (ถนนลำเจดีย์),6-Apr,1600,หนองจอก,2,5/13/2020 17:00:00,5/13/2020 17:00:00
835,936,629,คลองลำชะล่า(หนองจอก),คลองลำเกาะเลา,คลองกระทุ้มล้ม,8-Jun,2800,หนองจอก,2,5/13/2020 17:00:00,5/13/2020 17:00:00
836,935,628,คลองลำชะล่า(ลาดกระบัง),คลองเลียบทางรถไฟ,คลองลำตาอิน,10-Aug,3400,ลาดกระบัง,2,5/13/2020 17:00:00,5/13/2020 17:00:00
837,934,627,คลองลำชวดเตย,คลองลำปลาทิว,คลองลำพุทธา,15-Oct,1700,ลาดกระบัง,2,5/13/2020 17:00:00,5/13/2020 17:00:00
838,933,626,คลองลำชวด,คลองลำกอไผ่,คลองอู่ตะเภา,6-Apr,2100,หนองจอก,2,5/13/2020 17:00:00,5/13/2020 17:00:00
839,932,625,คลองลำเจดีย์เล็ก,คลองลำเจดีย์,จุดกำหนด,6-Apr,1050,หนองจอก,2,5/13/2020 17:00:00,5/13/2020 17:00:00
840,931,624,คลองลำเจดีย์,คลองสนามกลางลำ,คลองบึงเขมร,8-Jun,6000,หนองจอก,2,5/13/2020 17:00:00,5/13/2020 17:00:00
841,930,623,คลองลำจรเข้ตาย,คลองลำไทร,คลองลำต้นกล้วย,8-Jun,1600,หนองจอก,2,5/13/2020 17:00:00,5/13/2020 17:00:00
842,929,622,คลองลำควายตาย,คลองบางชัน,คลองผักกะเฉด,15-Oct,1600,คลองสามวา,2,5/13/2020 17:00:00,5/13/2020 17:00:00
843,928,621,คลองลำควายชน,คลองลำต้นกล้วย,คลองอู่ตะเภา,6-Apr,1850,หนองจอก,2,5/13/2020 17:00:00,5/13/2020 17:00:00
844,927,620,คลองลำโขล่,คลองสอง,ถนนสุวินทวงศ์,8-Jun,4300,หนองจอก,2,5/13/2020 17:00:00,5/13/2020 17:00:00
845,926,619,คลองลำแขก,คลองลำปลาทิว,คลองลำมดตะนอย,8-Jun,3400,หนองจอก,2,5/13/2020 17:00:00,5/13/2020 17:00:00
846,925,618,คลองลำเกาะเลา,คลองลำปลาทิว,คลองลำพะอง,8-Jun,3200,หนองจอก,2,5/13/2020 17:00:00,5/13/2020 17:00:00
847,924,617,คลองลำเกวียนหัก,คลองลำแขก,คลองบึงโขล่,6-Apr,1250,หนองจอก,2,5/13/2020 17:00:00,5/13/2020 17:00:00
848,923,616,คลองลำกะโหลก,คลองพระยาสุเรนทร์,คลองหนึ่งตะวันตก,15-Oct,2300,คลองสามวา,2,5/13/2020 17:00:00,5/13/2020 17:00:00
849,922,615,คลองลำกะดาน,คลองสี่ตะวันออก,สุดระยะที่กำหนดให้,15-Oct,6200,คลองสามวา,2,5/13/2020 17:00:00,5/13/2020 17:00:00
850,921,614,คลองลำกอไผ่(หนองจอก),คลองอู่ตะเภา,สุดระยะที่กำหนดให้,8-Jun,2400,หนองจอก,2,5/13/2020 17:00:00,5/13/2020 17:00:00
851,920,613,คลองลำกอไผ่(ลาดกระบัง),คลองลำปลาทิว,สุดระยะที่กำหนดให้,15-Oct,2700,ลาดกระบัง,2,5/13/2020 17:00:00,5/13/2020 17:00:00
852,919,612,คลองลาดลำภู (บางขุนเทียน),ทางรถไฟสายมหาชัย,หมู่บ้านการเคหะ,6-Apr,1230,บางขุนเทียน,2,5/13/2020 17:00:00,5/13/2020 17:00:00
853,918,611,คลองลาดลำภู,คลองบางบอน,ทางรถไฟ,5-Mar,900,บางบอน,2,5/13/2020 17:00:00,5/13/2020 17:00:00
854,917,610,คลองลาดโตนด,ซอยชินเขต 1,คลองบางเขน,15 -22,850,หลักสี่,2,5/13/2020 17:00:00,5/13/2020 17:00:00
855,916,609,คลองลาดกะดาน 1,สุดเขต กทม.,คลองลำกระดาน,15-Oct,1100,คลองสามวา,2,5/13/2020 17:00:00,5/13/2020 17:00:00
856,915,608,คลองลัดสะแก,คลองบางสะแก,ตัน,7-May,1000,จอมทอง,2,5/13/2020 17:00:00,5/13/2020 17:00:00
857,914,607,คลองลัดวัดสะพาน,คลองบางพรม,คลองบางน้อย,3-Feb,900,ตลิ่งชัน,2,5/13/2020 17:00:00,5/13/2020 17:00:00
858,913,606,คลองลัดวัดไชยฉิมพลี,คลองบางเชือกหนัง,คลองบางด้วนเหนือ,8-Jul,2009,ภาษีเจริญ,2,5/13/2020 17:00:00,5/13/2020 17:00:00
859,912,605,คลองลัดแยกคลองสามกรุงศรี,คลองข้าง รร.บางจาก,คลองสอง,6-May,1393,ภาษีเจริญ,2,5/13/2020 17:00:00,5/13/2020 17:00:00
860,911,604,คลองลัดยายกุล,คลองบุญสุข,คลองรางโพธิ์บน,10-May,650,บางขุนเทียน,2,5/13/2020 17:00:00,5/13/2020 17:00:00
861,910,603,คลองลัดม้า,คลองบางแวก,คลองวัดไชยฉิมพลี,8-Jul,2232,ภาษีเจริญ,2,5/13/2020 17:00:00,5/13/2020 17:00:00
862,909,602,คลองลัดมะยม,คลองบางระมาด,คลองบางพรม,18-Aug,1200,ตลิ่งชัน,2,5/13/2020 17:00:00,5/13/2020 17:00:00
863,908,601,คลองลัดผู้ใหญ่ปลอด,คลองบุญสุข,คลองรางโพธิ์บน,10-May,1000,บางขุนเทียน,2,5/13/2020 17:00:00,5/13/2020 17:00:00
864,907,600,คลองลัดบางลิ่ม,ปลายหมู่บ้านมหาดไทย,คลองลัดถมยา,6-Apr,4400,ตลิ่งชัน,2,5/13/2020 17:00:00,5/13/2020 17:00:00
865,906,599,คลองลัดบางระแนะ,คลองพระยาราชมนตรี,คลองบางอ้าย,10-Sep,670,ภาษีเจริญ,2,5/13/2020 17:00:00,5/13/2020 17:00:00
866,905,598,คลองลัดบางปะแก้ว-บางปะกอก,คลองบางปะกอก,ซอยสุขสวัสดิ์ 15/1,3.50-4,1000,ราษฎร์บูรณะ,2,5/13/2020 17:00:00,5/13/2020 17:00:00
867,904,597,คลองลัดนิ่มไสว,คลองบางพรหม,คลองบางเชือกหนัง,8-Jun,560,ทวีวัฒนา,2,5/13/2020 17:00:00,5/13/2020 17:00:00
868,903,596,คลองลัดทับยาว,คลองทับยาว,ลำกระทุ้มล้ม,12-Aug,2000,ลาดกระบัง,2,5/13/2020 17:00:00,5/13/2020 17:00:00
869,902,595,คลองลัดถมยา,คลองบ้านไทร,คลองบางพรม,5-Feb,1900,ตลิ่งชัน,2,5/13/2020 17:00:00,5/13/2020 17:00:00
870,901,594,คลองลัดตาเหนียว,คลองบางน้อย,คลองบางเชือกหนัง,13-Jun,1000,ตลิ่งชัน,2,5/13/2020 17:00:00,5/13/2020 17:00:00
871,900,593,คลองลัดตาแย้ม,คลองลำตาต่าย,คลองลำตาอิน,8-Jun,1920,หนองจอก,2,5/13/2020 17:00:00,5/13/2020 17:00:00
872,899,592,คลองลัดตานิล,คลองบางพรม,คลองบางน้อย,10-Aug,600,ตลิ่งชัน,2,5/13/2020 17:00:00,5/13/2020 17:00:00
873,898,591,คลองลัดตาเตี้ย,คลองแบนชะโด,คลองแสนแสบ,4-Mar,3700,คลองสามวา,2,5/13/2020 17:00:00,5/13/2020 17:00:00
874,897,590,คลองลัดตากลั่น,คลองบางเชือกหนัง,คลองบางไผ่,12-Apr,1015,บางแค,2,5/13/2020 17:00:00,5/13/2020 17:00:00
875,896,589,คลองลัดเช็ดหน้า,คลองบางมด,คลองขวาง,12-Oct,1500,จอมทอง,2,5/13/2020 17:00:00,5/13/2020 17:00:00
876,895,588,คลองลัดคลองสวนอ้อย,คลองบางจาก,คลองม้า,5-Apr,1885,ภาษีเจริญ,2,5/13/2020 17:00:00,5/13/2020 17:00:00
877,894,587,คลองลัดคลองบางแวก,คลองบางเพลี้ย,คลองบางแวก,4-Mar,627,ภาษีเจริญ,2,5/13/2020 17:00:00,5/13/2020 17:00:00
878,893,586,คลองลัดคลองตาแป้น,คลองต้นสน,คลองบางประทุน,4-Mar,532,ภาษีเจริญ,2,5/13/2020 17:00:00,5/13/2020 17:00:00
879,892,585,คลองลัดคลองขวาง,คลองบางมด,คลองต้นไทร,10-Aug,1120,จอมทอง,2,5/13/2020 17:00:00,5/13/2020 17:00:00
880,891,584,คลองลัดครูเสงี่ยม,คลองบางไผ่,คลองบางแวก,10-Jul,830,บางแค,2,5/13/2020 17:00:00,5/13/2020 17:00:00
881,890,583,คลองลัดขี้เหล็ก,คลองบางมด,คลองขวางบางประแก้ว,14-Aug,1000,จอมทอง,2,5/13/2020 17:00:00,5/13/2020 17:00:00
882,889,582,คลองลัดกัลยา,คลองบ้านไทร,คลองบางระมาด,10-Jun,1100,ตลิ่งชัน,2,5/13/2020 17:00:00,5/13/2020 17:00:00
883,888,581,คลองล็อค 4 (เชื่อมคลองเจ็ก),คลองเจ็ก,คลองสามวา,10-Mar,1690,มีนบุรี,2,5/13/2020 17:00:00,5/13/2020 17:00:00
884,887,580,คลองไร่,คลองบางขุนเทียน,ถนนสามแยกบางขุนเทียน,4-Mar,1280,จอมทอง,2,5/13/2020 17:00:00,5/13/2020 17:00:00
885,886,579,คลองโรงหนัง,แม่น้ำเจ้าพระยา,คลองบางไส้ไก่,1.20 - 4.20,1350,คลองสาน,2,5/13/2020 17:00:00,5/13/2020 17:00:00
886,885,578,คลองโรงสีเก่า,คลองทองหลาง,คลองพระโขนง,5-Mar,700,สวนหลวง,2,5/13/2020 17:00:00,5/13/2020 17:00:00
887,884,577,คลองโรงสี (บางแค),คลองภาษีเจริญ,คลองบางอ้าย,8-Jun,700,บางแค,2,5/13/2020 17:00:00,5/13/2020 17:00:00
888,883,576,คลองโรงสี (บางกอกใหญ่),คลองบางกอกใหญ่,ซอยเพชรเกษม 3,5-Apr,500,บางกอกใหญ่,2,5/13/2020 17:00:00,5/13/2020 17:00:00
889,882,575,คลองโรงภาษี (โรงปูน),แม่น้ำเจ้าพระยา,ถนนเจริญนคร,2.80 - 6.50,350,คลองสาน,2,5/13/2020 17:00:00,5/13/2020 17:00:00
890,881,574,คลองโรงปลา,แม่น้ำเจ้าพระยา,ถนนเจริญนคร,3-Feb,350,คลองสาน,2,5/13/2020 17:00:00,5/13/2020 17:00:00
891,880,573,คลองโรงน้ำมัน,แม่น้ำเจ้าพระยา,สุดระยะที่กำหนดให้,5-Feb,1275,ยานนาวา,2,5/13/2020 17:00:00,5/13/2020 17:00:00
892,879,572,คลองโรงฆ่าสัตว์,แม่น้ำเจ้าพระยา,หลังโรงแรมทองทารา,3-Feb,1600,บางคอแหลม,2,5/13/2020 17:00:00,5/13/2020 17:00:00
893,878,571,คลองราษฎร์เจริญสุข,คลองมหาศร,คลองทวีวัฒนา,4.5 - 6,2915,หนองแขม,2,5/13/2020 17:00:00,5/13/2020 17:00:00
894,877,570,คลองราชมนตรี - บางโคลัด,คลองพระยาราชมนตรี,คลองบางโคลัด,4-Mar,350,ภาษีเจริญ,2,5/13/2020 17:00:00,5/13/2020 17:00:00
895,876,569,คลองราชพฤกษ์ใหญ่,คลองราชพฤกษ์,คลองสะพานควาย,8-Apr,1650,ทุ่งครุ,2,5/13/2020 17:00:00,5/13/2020 17:00:00
896,875,568,คลองราชพฤกษ์น้อย,คลองราชพฤกษ์,คลองสะพานควาย,7-Apr,1900,ทุ่งครุ,2,5/13/2020 17:00:00,5/13/2020 17:00:00
897,874,567,คลองราชพฤกษ์,คลองราชพฤกษ์น้อย,คลองบางมด,6-Apr,680,ทุ่งครุ,2,5/13/2020 17:00:00,5/13/2020 17:00:00
898,873,566,คลองรางอ้อ - รางแก้ว,แยกคลองถนน,ซอยรามอินทรา 5,8-Jun,2800,บางเขน,2,5/13/2020 17:00:00,5/13/2020 17:00:00
899,872,565,คลองรางใหญ่,คลองบางจาก,คลองขุดเจ้าเมือง,5-Mar,3200,ทุ่งครุ,2,5/13/2020 17:00:00,5/13/2020 17:00:00
900,871,564,คลองรางสะแก,คลองบางมด,คลองหัวกระบือ,20-Jun,4000,บางขุนเทียน,2,5/13/2020 17:00:00,5/13/2020 17:00:00
901,870,563,คลองรางเวก,คลองสะพานควาย,คลองรางตรง,6-Apr,2550,ทุ่งครุ,2,5/13/2020 17:00:00,5/13/2020 17:00:00
902,869,562,คลองรางราชพฤกษ์,คลองรางขมิ้น,คลองบางมด,5-Apr,2800,ทุ่งครุ,2,5/13/2020 17:00:00,5/13/2020 17:00:00
903,868,561,คลองรางยายเพียร,คลองหัวกระบือ,คลองบางกระดี่น้อย,20-Jun,4600,บางขุนเทียน,2,5/13/2020 17:00:00,5/13/2020 17:00:00
904,867,560,คลองรางยายคง,คลองแสมดำใต้,แยกคลองเชิงตกแพ,20-Jun,3300,บางขุนเทียน,2,5/13/2020 17:00:00,5/13/2020 17:00:00
905,866,559,คลองรางแม่น้ำ,คลองบางมด,คลองรางขวาง,15-Aug,3500,ทุ่งครุ,2,5/13/2020 17:00:00,5/13/2020 17:00:00
906,865,558,คลองรางโพธิ์ล่าง,คลองรางโพธิ์บน,คลองบางมด,6-Apr,800,บางขุนเทียน,2,5/13/2020 17:00:00,5/13/2020 17:00:00
907,864,557,คลองรางโพธิ์บน,คลองสนามชัย,คลองบางมด,8-Jun,3200,บางขุนเทียน,2,5/13/2020 17:00:00,5/13/2020 17:00:00
908,863,556,คลองรางโพธิ์(ทุ่งครุ),คลองกระออมใน,คลองรางขมิ้น,6-May,2300,ทุ่งครุ,2,5/13/2020 17:00:00,5/13/2020 17:00:00
909,862,555,คลองรางโพธิ์ (ลำรางโพธิ์),คลองสะแกงาม,ทางรถไฟสายมหาชัย,30-Aug,2000,บางขุนเทียน,2,5/13/2020 17:00:00,5/13/2020 17:00:00
910,861,554,คลองรางโพธิ์,คลองบางบอน,สถานีรถไฟรางโพธิ์,10-Aug,1400,บางบอน,2,5/13/2020 17:00:00,5/13/2020 17:00:00
911,860,553,คลองรางไผ่ 3,คลองหนามแดง,คลองรางไผ่,10-Jul,700,บางบอน,2,5/13/2020 17:00:00,5/13/2020 17:00:00
912,859,552,คลองรางไผ่ 2,ถนนบางบอน 4,คลองบ้านนายผล,10-Jul,1300,บางบอน,2,5/13/2020 17:00:00,5/13/2020 17:00:00
913,858,551,คลองรางไผ่ 1,คลองบางบอน,ถนนบางบอน 4,10-Jul,3700,บางบอน,2,5/13/2020 17:00:00,5/13/2020 17:00:00
914,857,550,คลองรางไผ่,คลองสนามชัย,คลองรางแค,10-Aug,2300,บางขุนเทียน,2,5/13/2020 17:00:00,5/13/2020 17:00:00
915,856,549,คลองรางบัว(ภาษีเจริญ),คลองสวนหลวงใต้,คลองต้นสน,8-Jul,1618,ภาษีเจริญ,2,5/13/2020 17:00:00,5/13/2020 17:00:00
916,855,548,คลองรางบัว(จอมทอง),คลองตาฉ่ำ,คลองสวนหลวง,6-Apr,1200,จอมทอง,2,5/13/2020 17:00:00,5/13/2020 17:00:00
917,854,547,คลองรางนาเสน,คลองโกร่งประทุน,คลองเชิงตาแพ,4-Feb,1600,บางขุนเทียน,2,5/13/2020 17:00:00,5/13/2020 17:00:00
918,853,546,คลองรางตาผ่อง,คลองเจ็ก,ลำรางตาทุย,6-Apr,650,ลาดกระบัง,2,5/13/2020 17:00:00,5/13/2020 17:00:00
919,852,545,คลองรางตาทุย,ลำมะละกอ,คลองทับยาว,8-Jun,1000,ลาดกระบัง,2,5/13/2020 17:00:00,5/13/2020 17:00:00
920,851,544,คลองรางตัน,คลองรางเวก,คลองรางราชพฤกษ์,6-Apr,2350,ทุ่งครุ,2,5/13/2020 17:00:00,5/13/2020 17:00:00
921,850,543,คลองรางตรง,คลองรางใหญ่,คลองรางเวก,5-Apr,1300,ทุ่งครุ,2,5/13/2020 17:00:00,5/13/2020 17:00:00
922,849,542,คลองรางจาก,คลองบางแวก,คลองขุดเจ้าเมือง,6-Apr,2250,ทุ่งครุ,2,5/13/2020 17:00:00,5/13/2020 17:00:00
923,848,541,คลองรางแค,คลองสนามชัย,คลองบางมด,6-May,4150,บางขุนเทียน,2,5/13/2020 17:00:00,5/13/2020 17:00:00
924,847,540,คลองรางแขก,คลองเก้าห้อง,คลองรางตรง,6-Apr,1800,ทุ่งครุ,2,5/13/2020 17:00:00,5/13/2020 17:00:00
925,846,539,คลองรางเข้ (ตาสอน),คลองบางสี่บาท,การเคหะ (ส่วน 2),6-May,1600,บางขุนเทียน,2,5/13/2020 17:00:00,5/13/2020 17:00:00
926,845,538,คลองรางขี้เหล็ก,คลองหนามแดง,คลองเจือศักดิ์- คลองบางบอน,7-May,2850,บางบอน,2,5/13/2020 17:00:00,5/13/2020 17:00:00
927,844,537,คลองรางขวาง,คลองบางโคลัด,คลองบางพราน,8-May,900,บางบอน,2,5/13/2020 17:00:00,5/13/2020 17:00:00
928,843,536,คลองรางขวาง,คลองรางขวาง,คลองรางแม่น้ำ,6-Apr,3100,ทุ่งครุ,2,5/13/2020 17:00:00,5/13/2020 17:00:00
929,842,535,คลองรางขมิ้น,คลองค้างคาว,คลองรางแขก,10-Jun,2500,ทุ่งครุ,2,5/13/2020 17:00:00,5/13/2020 17:00:00
930,841,534,คลองรางกะนก,คลองบางมด,คลองนา,5-Apr,1500,บางขุนเทียน,2,5/13/2020 17:00:00,5/13/2020 17:00:00
931,840,533,คลองระบายน้ำ,คลองมะเขือขื่น,คลองบึงแตงโม,6-Apr,1700,คลองสามวา,2,5/13/2020 17:00:00,5/13/2020 17:00:00
932,839,532,คลองแยกอู่ตะเภา,คลองอู่ตะเภา,คลองลำนกแขวก,8-Jun,3000,หนองจอก,2,5/13/2020 17:00:00,5/13/2020 17:00:00
933,838,531,คลองแยกอาจารย์พร,คลองอาจารย์พร,คลองโรงแถว,8-Jun,1200,ประเวศ,2,5/13/2020 17:00:00,5/13/2020 17:00:00
934,837,530,คลองแยกสวนอ้อย 1,คลองสวนอ้อย,สุดระยะที่กำหนดให้,43926,563,ภาษีเจริญ,2,5/13/2020 17:00:00,5/13/2020 17:00:00
935,836,529,คลองแยกวัดอรุณ,คลองวัดอรุณ,คลองหลังวัดราชสิทธิ,4-Mar,500,บางกอกใหญ่,2,5/13/2020 17:00:00,5/13/2020 17:00:00
936,835,528,คลองแยกวัดลาดปลาเค้า,ถนนเกษตร-นวมินทร์,คลองวัดลาดปลาเค้า,12-Jun,800,ลาดพร้าว,2,5/13/2020 17:00:00,5/13/2020 17:00:00
937,834,527,คลองแยกวัดประดู่ ฯ,คลองบางกอกใหญ่,คลองวัดประดู่,5-Feb,920,บางกอกใหญ่,2,5/13/2020 17:00:00,5/13/2020 17:00:00
938,833,526,คลองแยกลำตามีร้องไห้,คลองลำตามีร้องไห้,คลองลำตาอิน,6-Apr,1200,หนองจอก,2,5/13/2020 17:00:00,5/13/2020 17:00:00
939,832,525,คลองแยกลำต้อยติ่ง,คลองลำวังคา,"คลองสอง,หลวงแพ่ง",8-Jun,4500,หนองจอก,2,5/13/2020 17:00:00,5/13/2020 17:00:00
940,831,524,คลองแยกลำโขล่,คลองลำโขล่,คลองลำโขล่,6-Apr,600,หนองจอก,2,5/13/2020 17:00:00,5/13/2020 17:00:00
941,830,523,คลองแยกราชมนตรี 1,คลองพระยาราชมนตรี,สุดระยะที่กำหนดให้,4-Mar,201,ภาษีเจริญ,2,5/13/2020 17:00:00,5/13/2020 17:00:00
942,829,522,คลองแยกรางบัว 5,คลองภาษีเจริญ,สุดระยะที่กำหนดให้,4-Mar,105,ภาษีเจริญ,2,5/13/2020 17:00:00,5/13/2020 17:00:00
943,828,521,คลองแยกรางบัว 4,คลองภาษีเจริญ,คลองรางบัว,4-Mar,91,ภาษีเจริญ,2,5/13/2020 17:00:00,5/13/2020 17:00:00
944,827,520,คลองแยกรางบัว 3,คลองภาษีเจริญ,คลองรางบัว,4-Mar,121,ภาษีเจริญ,2,5/13/2020 17:00:00,5/13/2020 17:00:00
945,826,519,คลองแยกรางบัว 2,คลองภาษีเจริญ,คลองรางบัว,3-Feb,309,ภาษีเจริญ,2,5/13/2020 17:00:00,5/13/2020 17:00:00
946,825,518,คลองแยกรางบัว 1,คลองภาษีเจริญ,คลองรางบัว,6-May,92,ภาษีเจริญ,2,5/13/2020 17:00:00,5/13/2020 17:00:00
947,824,517,คลองแยกรางแค,คลองรางแค,คลองรางไผ่,6-May,1150,บางขุนเทียน,2,5/13/2020 17:00:00,5/13/2020 17:00:00
948,823,516,คลองแยกยายสร้อย,คลองบางแวก,ถนนกาญจนาภิเษก,10-Jul,365,บางแค,2,5/13/2020 17:00:00,5/13/2020 17:00:00
949,822,515,คลองแยกบางหญ้า 2,คลองบางหญ้า,ระวาง 5402-6  เลขที่ดิน 24,10-Apr,1500,บางขุนเทียน,2,5/13/2020 17:00:00,5/13/2020 17:00:00
950,821,514,คลองแยกบางหญ้า 1,คลองบางหญ้า,ซอยเทียนทะเล  28,12-Apr,1500,บางขุนเทียน,2,5/13/2020 17:00:00,5/13/2020 17:00:00
951,820,513,คลองแยกบางสะแก 9,คลองบางน้ำชน,คลองบางสะแก,6-Apr,310,ธนบุรี,2,5/13/2020 17:00:00,5/13/2020 17:00:00
952,819,512,คลองแยกบางสะแก 8,คลองบางน้ำชน,คลองบางสะแก,5-Mar,500,ธนบุรี,2,5/13/2020 17:00:00,5/13/2020 17:00:00
953,818,511,คลองแยกบางสะแก 6,ถนนรัชดาภิเษก,ซอยเทอดไท 33,4-Feb,160,ธนบุรี,2,5/13/2020 17:00:00,5/13/2020 17:00:00
954,817,510,คลองแยกบางสะแก 5,คลองบางสะแก,ซอยเทอดไท 33,4-Feb,90,ธนบุรี,2,5/13/2020 17:00:00,5/13/2020 17:00:00
955,816,509,คลองแยกบางสะแก 4,ถนนตากสิน - เพชรเกษม,ถนนรัชดาภิเษก,2 - 4.5,110,ธนบุรี,2,5/13/2020 17:00:00,5/13/2020 17:00:00
956,815,508,คลองแยกบางสะแก 3,คลองบางสะแก,ถนนรัชดาภิเษก,2 - 4.5,270,ธนบุรี,2,5/13/2020 17:00:00,5/13/2020 17:00:00
957,814,507,คลองแยกบางสะแก 2,คลองบางสะแก,ถนนรัชดาภิเษก,1 - 2.50,230,ธนบุรี,2,5/13/2020 17:00:00,5/13/2020 17:00:00
958,813,506,คลองแยกบางสะแก 13,ถนนรัชดาภิเษก,คลองบางสะแก,5-Mar,535,ธนบุรี,2,5/13/2020 17:00:00,5/13/2020 17:00:00
959,812,505,คลองแยกบางสะแก 12,คลองแยกบางสะแก 13,คลองบางสะแก,4-Feb,390,ธนบุรี,2,5/13/2020 17:00:00,5/13/2020 17:00:00
960,811,504,คลองแยกบางสะแก 11,คลองบางน้ำชน,คลองบางสะแก,4-Feb,535,ธนบุรี,2,5/13/2020 17:00:00,5/13/2020 17:00:00
961,810,503,คลองแยกบางสะแก 10,คลองบางน้ำชน,คลองบางสะแก,4-Feb,530,ธนบุรี,2,5/13/2020 17:00:00,5/13/2020 17:00:00
962,809,502,คลองแยกบางสะแก 1,คลองบางน้ำชน,คลองบางสะแก,3-Feb,465,ธนบุรี,2,5/13/2020 17:00:00,5/13/2020 17:00:00
963,808,501,คลองแยกบางแวก 5,คลองบางแวก,คลองแยกสามกรุงศรี,2-Jan,253,ภาษีเจริญ,2,5/13/2020 17:00:00,5/13/2020 17:00:00
964,807,500,คลองแยกบางแวก 4,คลองบางแวก,คลองแยกสามกรุงศรี,43926,449,ภาษีเจริญ,2,5/13/2020 17:00:00,5/13/2020 17:00:00
965,806,499,คลองแยกบางแวก 3,คลองบางแวก,สุดระยะที่กำหนดให้,43864,469,ภาษีเจริญ,2,5/13/2020 17:00:00,5/13/2020 17:00:00
966,805,498,คลองแยกบางแวก 2,คลองบางแวก,คลองลัดบางแวก,43864,583,ภาษีเจริญ,2,5/13/2020 17:00:00,5/13/2020 17:00:00
967,804,497,คลองแยกบางแวก 1,คลองบางแวก,สุดระยะที่กำหนดให้,43832,333,ภาษีเจริญ,2,5/13/2020 17:00:00,5/13/2020 17:00:00
968,803,496,คลองแยกบางเพลี้ย 3,คลองบางเพลี้ย,ร.ร.บางจาก,7-Jun,275,ภาษีเจริญ,2,5/13/2020 17:00:00,5/13/2020 17:00:00
969,802,495,คลองแยกบางเพลี้ย 2,คลองบางเพลี้ย,สุดระยะที่กำหนดให้,6-May,233,ภาษีเจริญ,2,5/13/2020 17:00:00,5/13/2020 17:00:00
970,801,494,คลองแยกบางเพลี้ย 1,คลองบางเพลี้ย,สุดระยะที่กำหนดให้,43832,126,ภาษีเจริญ,2,5/13/2020 17:00:00,5/13/2020 17:00:00
971,800,493,คลองแยกบางไผ่ 2,คลองบางไผ่ตะวันตก,สุดระยะที่กำหนดให้,43864,142,ภาษีเจริญ,2,5/13/2020 17:00:00,5/13/2020 17:00:00
972,799,492,คลองแยกบางไผ่ 1,คลองบางไผ่ตะวันตก,สุดระยะที่กำหนดให้,43989,254,ภาษีเจริญ,2,5/13/2020 17:00:00,5/13/2020 17:00:00
973,798,491,คลองแยกบางน้อย,คลองบางพรหม,คลองบางน้อย,8-Jun,150,ทวีวัฒนา,2,5/13/2020 17:00:00,5/13/2020 17:00:00
974,797,490,คลองแยกบางเชือกหนัง 2,คลองบางเชือกหนัง,ถนนจรัญฯ 13,5-Apr,307,ภาษีเจริญ,2,5/13/2020 17:00:00,5/13/2020 17:00:00
975,796,489,คลองแยกบางเชือกหนัง 1,คลองบางเชือกหนัง,ถนนจรัญฯ 13,5-Apr,296,ภาษีเจริญ,2,5/13/2020 17:00:00,5/13/2020 17:00:00
976,795,488,คลองแยกบางจาก 4,คลองบางจาก,สุดระยะที่กำหนดให้,6-May,483,ภาษีเจริญ,2,5/13/2020 17:00:00,5/13/2020 17:00:00
977,794,487,คลองแยกบางจาก 3,คลองบางจาก,สุดระยะที่กำหนดให้,2-Jan,437,ภาษีเจริญ,2,5/13/2020 17:00:00,5/13/2020 17:00:00
978,793,486,คลองแยกบางจาก 2,คลองบางจาก,สุดระยะที่กำหนดให้,3-Feb,302,ภาษีเจริญ,2,5/13/2020 17:00:00,5/13/2020 17:00:00
979,792,485,คลองแยกบางจาก 1,คลองบางจาก,สุดระยะที่กำหนดให้,2-Jan,374,ภาษีเจริญ,2,5/13/2020 17:00:00,5/13/2020 17:00:00
980,791,484,คลองแยกนาหมอน,คลองนาหมอน,จุดที่กำหนด,6-Apr,1000,หนองจอก,2,5/13/2020 17:00:00,5/13/2020 17:00:00
981,790,483,คลองแยกเชิงตาแพ,คลองเชิงตาแพ,คลองหนองพงไหม้,5-Apr,900,บางขุนเทียน,2,5/13/2020 17:00:00,5/13/2020 17:00:00
982,789,482,คลองแยกคลองหนองบัวมน,คลองหนองบัวมน,คลองลำบุรี,8-Jun,1100,บางเขน,2,5/13/2020 17:00:00,5/13/2020 17:00:00
983,788,481,คลองแยกคลองสะพานสูง,คลองสะพานสูง,คลองเจ็ก,8-Apr,1270,สะพานสูง,2,5/13/2020 17:00:00,5/13/2020 17:00:00
984,787,480,คลองแยกคลองวัดยานนาวา,คลองวัดยานนาวา,สุดระยะที่กำหนดให้,8-Jun,107,สาทร,2,5/13/2020 17:00:00,5/13/2020 17:00:00
985,786,479,คลองแยกคลองวัดทองธรรมชาติ,คลองวัดทองธรรมชาติ,สุดระยะที่กำหนดให้,1.60 - 2.80,250,คลองสาน,2,5/13/2020 17:00:00,5/13/2020 17:00:00
986,785,478,คลองแยกคลองลำหิน,คลองบึงใหญ่,สุดระยะที่กำหนดให้,15-Oct,4960,มีนบุรี,2,5/13/2020 17:00:00,5/13/2020 17:00:00
987,784,477,คลองแยกคลองลัดครูเสงี่ยม 2,คลองลัดครูเสงี่ยม,ถนนราชมนตรี,7-Mar,560,บางแค,2,5/13/2020 17:00:00,5/13/2020 17:00:00
988,783,476,คลองแยกคลองลัดครูเสงี่ยม 1,คลองลัดครูเสงี่ยม,สุดระยะที่กำหนดให้,5-Mar,810,บางแค,2,5/13/2020 17:00:00,5/13/2020 17:00:00
989,782,475,คลองแยกคลองยายเพิ่ม,คลองยายเพิ่ม,คลองบางไผ่,3.5 - 4.5,570,บางแค,2,5/13/2020 17:00:00,5/13/2020 17:00:00
990,781,474,คลองแยกคลองมอญ,คลองมอญ,ซอยจรัญฯ 89/2,43926,300,บางพลัด,2,5/13/2020 17:00:00,5/13/2020 17:00:00
991,780,473,คลองแยกคลองพระอง,คลองมอญ,คลองเจ็ก,4-Mar,1800,ลาดกระบัง,2,5/13/2020 17:00:00,5/13/2020 17:00:00
992,779,472,คลองแยกคลองบางหว้า,คลองบางหว้า,คลองรางบัว,5-Apr,639,ภาษีเจริญ,2,5/13/2020 17:00:00,5/13/2020 17:00:00
993,778,471,คลองแยกคลองบางไส้ไก่,คลองบางไส้ไก่,ซอยอิสรภาพ 15,6-Mar,200,ธนบุรี,2,5/13/2020 17:00:00,5/13/2020 17:00:00
994,777,470,คลองแยกคลองบางแวก (ใกล้คลองตาตี่),คลองบางแวก,สุดระยะที่กำหนดให้,3.5 - 5,180,บางแค,2,5/13/2020 17:00:00,5/13/2020 17:00:00
995,776,469,คลองแยกคลองบางแวก 2,คลองบางแวก,สุดระยะที่กำหนดให้,4.5 - 5,140,บางแค,2,5/13/2020 17:00:00,5/13/2020 17:00:00
996,775,468,คลองแยกคลองบางแวก 1,คลองบางแวก,สุดระยะที่กำหนดให้,5-Apr,170,บางแค,2,5/13/2020 17:00:00,5/13/2020 17:00:00
997,774,467,คลองแยกคลองบางแวก (ใกล้คลองตาเทียม),คลองบางแวก,สุดระยะที่กำหนดให้,6-Apr,180,บางแค,2,5/13/2020 17:00:00,5/13/2020 17:00:00
998,773,466,คลองแยกคลองบางยี่ขัน,คลองบางยี่ขัน,ซอยบุญพงศา,5,260,บางพลัด,2,5/13/2020 17:00:00,5/13/2020 17:00:00
999,772,465,คลองแยกคลองบางด้วนเหนือ 2,คลองบางด้วนเหนือ,สุดระยะที่กำหนดให้,7-Jun,352,ภาษีเจริญ,2,5/13/2020 17:00:00,5/13/2020 17:00:00
1000,771,464,คลองแยกคลองบางด้วนเหนือ 1,คลองบางด้วนเหนือ,สุดระยะที่กำหนดให้,10-Sep,358,ภาษีเจริญ,2,5/13/2020 17:00:00,5/13/2020 17:00:00
1001,770,463,คลองแยกคลองบางจาก 5,คลองบางจาก,คลองม้า,43957,343,ภาษีเจริญ,2,5/13/2020 17:00:00,5/13/2020 17:00:00
1002,769,462,คลองแยกคลองบางกอกใหญ่,คลองข้วางตะวันตก,คลองบางกอกใหญ่,8-Jul,846,ภาษีเจริญ,2,5/13/2020 17:00:00,5/13/2020 17:00:00
1003,768,461,คลองแยกคลองเทพยนต์,คลองเทพยนต์,คลองบางเพลี้ย,6-May,198,ภาษีเจริญ,2,5/13/2020 17:00:00,5/13/2020 17:00:00
1004,767,460,คลองแยกคลองตาเทียม 2,คลองตาเทียม,คลองแยกคลองตาตี่,3-Feb,160,บางแค,2,5/13/2020 17:00:00,5/13/2020 17:00:00
1005,766,459,คลองแยกคลองตาเทียม 1,คลองตาเทียม,คลองและคลองแยกคลองตาตี่,9-Feb,555,บางแค,2,5/13/2020 17:00:00,5/13/2020 17:00:00
1006,765,458,คลองแยกคลองตาตี่,คลองตาตี่,คลองแยกคลองตาเทียม 1,9-Mar,590,บางแค,2,5/13/2020 17:00:00,5/13/2020 17:00:00
1007,764,457,คลองแยกคลองตะโหนด,คลองตะโหนด,คลองลำทองหลาง,10-Mar,3100,มีนบุรี,2,5/13/2020 17:00:00,5/13/2020 17:00:00
1008,763,456,คลองแยกคลองต้นตาล,คลองต้นตาล,คลองนา,10-Aug,2100,บางขุนเทียน,2,5/13/2020 17:00:00,5/13/2020 17:00:00
1009,762,455,คลองแยกคลองชักพระ,คลองชักพระ,ซอยอำนวยผล 8,1.5-15,642,บางกอกน้อย,2,5/13/2020 17:00:00,5/13/2020 17:00:00
1010,761,454,คลองแยกคลองครูเสงี่ยม,คลองพระยาราชมนตรี,สุดระยะที่กำหนดให้,43989,487,ภาษีเจริญ,2,5/13/2020 17:00:00,5/13/2020 17:00:00
1011,760,453,คลองแยกคลองกุ่มแดง,คลองกุ่มแดง,คลองลำบุรี,9-Jun,790,บางเขน,2,5/13/2020 17:00:00,5/13/2020 17:00:00
1012,759,452,คลองแยกคลองกุฏีจีน,คลองกุฎีจีน,คลองบุปผาราม,2.5 - 4.5,540,ธนบุรี,2,5/13/2020 17:00:00,5/13/2020 17:00:00
1013,758,451,คลองแยกคลองกระเฉด 1,คลองกระเฉด,คลองบัว,7-May,1420,บางเขน,2,5/13/2020 17:00:00,5/13/2020 17:00:00
1014,757,450,คลองยายหรั่ง,ปลายซอยบากองอนุสรณ์ 1,แม่น้ำเจ้าพระยา,8-Apr,700,ยานนาวา,2,5/13/2020 17:00:00,5/13/2020 17:00:00
1015,756,449,คลองยายหนอม,คลองขุนศรีบุรีรักษ์,คลองควาย,8-Jun,1600,ทวีวัฒนา,2,5/13/2020 17:00:00,5/13/2020 17:00:00
1016,755,448,คลองยายแสง,คลองรางโพธิ์,คลองเก้าห้อง,5-Mar,950,ทุ่งครุ,2,5/13/2020 17:00:00,5/13/2020 17:00:00
1017,754,447,คลองยายสาย,คลองภาษีเจริญ,คลองรางบัว,6-May,339,ภาษีเจริญ,2,5/13/2020 17:00:00,5/13/2020 17:00:00
1018,753,446,คลองยายสร้อย(บางแค),คลองบางไผ่,คลองบางแวก,8-Mar,1035,บางแค,2,5/13/2020 17:00:00,5/13/2020 17:00:00
1019,752,445,คลองยายสร้อย  (คลองเตย),คลองพระโขนง,ปากซอยถนนพระรามที่ 4,6-May,750,คลองเตย,2,5/13/2020 17:00:00,5/13/2020 17:00:00
1020,751,444,คลองยายวี,คลองยายจำปี,คลองบางมด,9-Mar,640,จอมทอง,2,5/13/2020 17:00:00,5/13/2020 17:00:00
1021,750,442,คลองยายวัน,คลองยายจำปี,คลองบางมด,5-Apr,640,จอมทอง,2,5/13/2020 17:00:00,5/13/2020 17:00:00
1022,749,441,คลองยายล้อม,คลองพระโขนง,ลำรางสาธารณะเชื่อมคลองคาง,10-Jun,200,คลองเตย,2,5/13/2020 17:00:00,5/13/2020 17:00:00
1023,748,440,คลองยายโมง,คลองขุนศรีบุรีรักษ์,คลองซอย,7-Mar,1941,ทวีวัฒนา,2,5/13/2020 17:00:00,5/13/2020 17:00:00
1654,117,88,คลองบางไผ่,คลองทวีวัฒนา,สุดเขต กทม.,12-May,2700,หนองแขม,1,5/13/2020 17:00:00,5/13/2020 17:00:00
1024,747,439,คลองยายเพิ่มช่วงปลาย,คลองบางไผ่,สุดระยะที่กำหนดให้,3.5 - 4.5,120,บางแค,2,5/13/2020 17:00:00,5/13/2020 17:00:00
1025,746,438,คลองยายเท้า,คลองบางซ่อน,ทางรถไฟสายใต้,6-Apr,420,บางซื่อ,2,5/13/2020 17:00:00,5/13/2020 17:00:00
1026,745,437,คลองยายทิม,คลองบางจาก,ถนนเพชรเกษม,6-May,754,ภาษีเจริญ,2,5/13/2020 17:00:00,5/13/2020 17:00:00
1027,744,436,คลองยายต่วน,คลองมหาศร,สุดระยะที่กำหนดให้,2-Jan,300,หนองแขม,2,5/13/2020 17:00:00,5/13/2020 17:00:00
1028,743,435,คลองยายต่วน,คลองสนามชัย,ที่ดินเอกชน,10-Apr,1170,บางขุนเทียน,2,5/13/2020 17:00:00,5/13/2020 17:00:00
1029,742,434,คลองยายจำปี,คลองบางประแก้ว,ลำประโดงเอกชน,7-Feb,1100,ราษฎร์บูรณะ,2,5/13/2020 17:00:00,5/13/2020 17:00:00
1030,741,433,คลองยายจำปี,คลองบางมด,คลองขวางบางประแก้ว,5-Apr,2400,จอมทอง,2,5/13/2020 17:00:00,5/13/2020 17:00:00
1031,740,432,คลองยายกวย,คลองภาษีเจริญ,คลองบางอ้าย,7-Jun,1100,บางแค,2,5/13/2020 17:00:00,5/13/2020 17:00:00
1032,739,431,คลองย่างควาย (กลางทุ่ง),คลองรางยายเพียร,คลองขุนราชวินิจใจ,12-Jun,3500,บางขุนเทียน,2,5/13/2020 17:00:00,5/13/2020 17:00:00
1033,738,430,คลองแมะดำ,คลองลำแขก,คลองสอง,6-Apr,2150,หนองจอก,2,5/13/2020 17:00:00,5/13/2020 17:00:00
1034,737,429,คลองมาก,คลองสนามชัย,คลองบางระแนะน้อย,8-Jul,400,จอมทอง,2,5/13/2020 17:00:00,5/13/2020 17:00:00
1035,736,428,คลองม้า,คลองบางจาก,คลองข้าง รร.บางจาก,4-Mar,1552,ภาษีเจริญ,2,5/13/2020 17:00:00,5/13/2020 17:00:00
1036,735,427,คลองมะนาว(บางพลัด),คลองบางพลัด,คลองบางพระครู,43995,300,บางพลัด,2,5/13/2020 17:00:00,5/13/2020 17:00:00
1037,734,426,คลองมะนาว(บางกอกน้อย),คลองบางกอกน้อย,ถนนจรัญสนิทวงศ์,10-Apr,990,บางกอกน้อย,2,5/13/2020 17:00:00,5/13/2020 17:00:00
1038,733,425,คลองมะเขือขื่น,คลองพระราชดำริ 2,คลองเก้า,15-Oct,3550,คลองสามวา,2,5/13/2020 17:00:00,5/13/2020 17:00:00
1039,732,424,คลองมอญประดิษฐ์,คลองบางแวก,คลองบางขี้เก้ง,8-Apr,750,บางแค,2,5/13/2020 17:00:00,5/13/2020 17:00:00
1040,731,423,คลองมอญ(สะพานสูง),ถ.กรุงเทพกรีฑา,ถ.กรุงเทพ-ชลบุรี,4-Mar,1218,สะพานสูง,2,5/13/2020 17:00:00,5/13/2020 17:00:00
1041,730,422,คลองมอญ(พระโขนง),คลองขวางล่าง,สุดระยะที่กำหนดให้,8-Jun,1200,พระโขนง,2,5/13/2020 17:00:00,5/13/2020 17:00:00
1042,729,421,คลองมอญ(ประเวศ),คลองประเวศบุรีรมย์,ถนนชลบุรีสายใหม่,12-Jul,1520,ประเวศ,2,5/13/2020 17:00:00,5/13/2020 17:00:00
1043,728,420,คลองมอญ(บางพลัด),แม่น้ำเจ้าพระยา,ซอยจรัญฯ89,43931,1085,บางพลัด,2,5/13/2020 17:00:00,5/13/2020 17:00:00
1044,727,419,คลองมณี,คลองหลอแหล,คลองทับช้างล่าง,8-Jun,950,สะพานสูง,2,5/13/2020 17:00:00,5/13/2020 17:00:00
1045,726,418,คลองภูมิ,แม่น้ำเจ้าพระยา,สุดระยะที่กำหนดให้,2.5 - 6,1012,ยานนาวา,2,5/13/2020 17:00:00,5/13/2020 17:00:00
1046,725,417,คลองโพธินิมิตร 6,ซอยตากสิน 8,คลองสำเหร่,1.50 - 2,350,ธนบุรี,2,5/13/2020 17:00:00,5/13/2020 17:00:00
1047,724,416,คลองโพธินิมิตร 5,ถนนตากสิน - เพชรเกษม,ปากซอยตากสิน 6,3-Feb,450,ธนบุรี,2,5/13/2020 17:00:00,5/13/2020 17:00:00
1048,723,415,คลองโพธินิมิตร 4,ถนนตากสิน - เพชรเกษม,สุดเขตคลอง,2.50-4,130,ธนบุรี,2,5/13/2020 17:00:00,5/13/2020 17:00:00
1049,722,414,คลองโพธินิมิตร 3,คลองสำเหร่,ซอยตากสิน 4,3-Feb,300,ธนบุรี,2,5/13/2020 17:00:00,5/13/2020 17:00:00
1050,721,413,คลองโพธินิมิตร 2,คลองสำเหร่,สุดเขตคลอง,1.50 - 4,360,ธนบุรี,2,5/13/2020 17:00:00,5/13/2020 17:00:00
1051,720,412,คลองโพธินิมิตร 1,คลองสำเหร่,สุดเขตคลอง,3-Jan,300,ธนบุรี,2,5/13/2020 17:00:00,5/13/2020 17:00:00
1052,719,411,คลองโพธิ์(จอมทอง),ถนนธนบุรี - ปากท่อ,คลองบางขุนเทียน,9-May,1300,จอมทอง,2,5/13/2020 17:00:00,5/13/2020 17:00:00
1053,718,410,คลองแพรเขียว,แยกคลองกะเฉด,ซอยลาดปลาเค้า 72,8-Jun,1900,บางเขน,2,5/13/2020 17:00:00,5/13/2020 17:00:00
1054,717,409,คลองแพรกคลองนา 2,คลองบางมด,ลำรางสาธารณะ,5-Apr,480,จอมทอง,2,5/13/2020 17:00:00,5/13/2020 17:00:00
1055,716,408,คลองแพรกคลองนา 1,คลองบางมด,ลำรางสาธารณะ,7-Jun,520,จอมทอง,2,5/13/2020 17:00:00,5/13/2020 17:00:00
1056,715,407,คลองพิมพ์เสงี่ยม,ซอยเอกชัย 131,สถานีรถไฟพรมแดน,7-May,2000,บางบอน,2,5/13/2020 17:00:00,5/13/2020 17:00:00
1057,714,406,คลองพิทยาลงกรณ์,คลองขุนราชพินิจใจ,คลองสาม,Oct-80,5000,บางขุนเทียน,2,5/13/2020 17:00:00,5/13/2020 17:00:00
1058,713,405,คลองพิณพาทย์(บางกอกน้อย),คลองบางกอกน้อย,ถนนปิ่นเกล้า,2.5 - 4,940,บางกอกน้อย,2,5/13/2020 17:00:00,5/13/2020 17:00:00
1059,712,404,คลองพิณพาทย์,ถนนสมเด้จพระปิ่นเกล้า,ห้างฯพาต้า,43865,134,บางพลัด,2,5/13/2020 17:00:00,5/13/2020 17:00:00
1060,711,403,คลองพลับ,คลองพระโขนง,สุดระยะที่กำหนดให้,6-May,366,คลองเตย,2,5/13/2020 17:00:00,5/13/2020 17:00:00
1061,710,402,คลองพริกป่น,คลองบางกอกน้อย,ถนนบรมราชชนนี,4-Feb,650,บางกอกน้อย,2,5/13/2020 17:00:00,5/13/2020 17:00:00
1062,709,401,คลองพระสวัสดิ์,คลองรอบกรุง,สุดระยะที่กำหนดให้,3-Feb,92,พระนคร,2,5/13/2020 17:00:00,5/13/2020 17:00:00
1063,708,400,คลองพระยาเกษม,แม่น้ำเจ้าพระยา,สุดระยะคลอง,2.20 - 5,840,คลองสาน,2,5/13/2020 17:00:00,5/13/2020 17:00:00
1064,707,399,คลองพระไชยยศสมบัติ,คลองสนามชัย,คลองบางหญ้า,10-Aug,1400,บางขุนเทียน,2,5/13/2020 17:00:00,5/13/2020 17:00:00
1065,706,398,คลองพระโขนงเก่า,คลองพระโขนง,คลองหนองบอน,10-May,1680,สวนหลวง,2,5/13/2020 17:00:00,5/13/2020 17:00:00
1066,705,397,คลองพนาโรจน์,แม่น้ำเจ้าพระยา,ถนนเจริญนคร,3 - 5.50,262,คลองสาน,2,5/13/2020 17:00:00,5/13/2020 17:00:00
1067,704,396,คลองแฝด,ซอยเศตะพราหมณ์ตอนปลาย,แม่น้ำเจ้าพระยา,8-Apr,600,ยานนาวา,2,5/13/2020 17:00:00,5/13/2020 17:00:00
1068,703,395,คลองไผ่เสือขบ,คลองลำเจดีย์,จุดกำหนด (การเคหะ),6-Apr,1200,หนองจอก,2,5/13/2020 17:00:00,5/13/2020 17:00:00
1069,702,394,คลองไผ่ดำ,คลองแสนแสบ,คลองหนองปลาหมอ,6-Apr,2050,หนองจอก,2,5/13/2020 17:00:00,5/13/2020 17:00:00
1070,701,393,คลองไผ่เขียว,คลองสามขา,คลองแพรเขียว,8-Jul,1150,บางเขน,2,5/13/2020 17:00:00,5/13/2020 17:00:00
1071,700,392,คลองไผ่ขวด,คลองบางมด,คลองยายจำปี,5-Mar,850,ทุ่งครุ,2,5/13/2020 17:00:00,5/13/2020 17:00:00
1072,699,391,คลองผู้ใหญ่เส็ง 2,ลำกระโดงเชื่อมคลองผาสุขใจกับคลองหลังวัดม่วง,คลองยายกวย,7-Apr,1100,บางแค,2,5/13/2020 17:00:00,5/13/2020 17:00:00
1073,698,390,คลองผู้ใหญ่เส็ง 1,คลองภาษีเจริญ,คลองหลังวัดม่วง,6-Apr,270,บางแค,2,5/13/2020 17:00:00,5/13/2020 17:00:00
1074,697,389,คลองผู้ใหญ่สังข์,แม่น้ำเจ้าพระยา,คลองบางบูน,6-May,650,ราษฎร์บูรณะ,2,5/13/2020 17:00:00,5/13/2020 17:00:00
1075,696,388,คลองผู้ใหญ่สมนึก,คลองเจ้าคุณ,คลองบางมด,5-Apr,650,จอมทอง,2,5/13/2020 17:00:00,5/13/2020 17:00:00
1076,695,387,คลองผู้ใหญ่เปล่ง,คลองเจ้าคุณ,คลองบางมด,7-Apr,650,จอมทอง,2,5/13/2020 17:00:00,5/13/2020 17:00:00
1077,694,386,คลองผู้ใหญ่ปลื้ม,คลองภาษีเจริญ,คลองหลังวัดม่วง,6-Apr,240,บางแค,2,5/13/2020 17:00:00,5/13/2020 17:00:00
1078,693,385,คลองผู้ใหญ่น่วม,คลองมหาสวัสดิ์,สุดคลอง,5-Apr,400,ตลิ่งชัน,2,5/13/2020 17:00:00,5/13/2020 17:00:00
1079,692,384,คลองผู้ใหญ่ชิน,คลองเจ้าคุณ,ถนนอนามัยงามเจริญ,9-Mar,650,จอมทอง,2,5/13/2020 17:00:00,5/13/2020 17:00:00
1080,691,383,คลองผู้ใหญ่ชวลิต 2,คลองบางหว้า,คลองรางบัว,5-Apr,606,ภาษีเจริญ,2,5/13/2020 17:00:00,5/13/2020 17:00:00
1081,690,382,คลองผู้ใหญ่ชวลิต 1,คลองบางหว้า,คลองรางบัว,5-Apr,446,ภาษีเจริญ,2,5/13/2020 17:00:00,5/13/2020 17:00:00
1082,689,381,คลองผู้ใหญ่,คลองบางเชือกหนัง,คลองบางน้อย,8-Jun,1270,ทวีวัฒนา,2,5/13/2020 17:00:00,5/13/2020 17:00:00
1083,688,380,คลองผู้ช่วย,คลองสนามชัย,ที่เอกชน ระวาง 5204-13 เลขที่402,3.5 -15,1200,บางขุนเทียน,2,5/13/2020 17:00:00,5/13/2020 17:00:00
1084,687,379,คลองผาสุขใจ (ช่วงที่ 2),คลองบางอ้าย,คลองบางโคลัด,18-Jun,1570,บางแค,2,5/13/2020 17:00:00,5/13/2020 17:00:00
1085,686,378,คลองผาสุขใจ (ช่วงที่ 1),คลองภาษีเจริญ,คลองบางอ้าย,18-Jun,1360,บางแค,2,5/13/2020 17:00:00,5/13/2020 17:00:00
1086,685,377,คลองผักกะเฉด,คลองบางชัน,คลองกีบหมู,12-Jun,2250,คลองสามวา,2,5/13/2020 17:00:00,5/13/2020 17:00:00
1087,684,376,คลองแป๊ะจ่างล่าง,คลองลำเกาะเลา,คลองลำตาอิน,6-Apr,350,หนองจอก,2,5/13/2020 17:00:00,5/13/2020 17:00:00
1088,683,375,คลองแป๊ะจ่างบน,คลองลำเกาะเลา,คลองลัดตาแย้ม,6-Apr,1100,หนองจอก,2,5/13/2020 17:00:00,5/13/2020 17:00:00
1089,682,374,คลองปู่ชื่น,คลองภาษีเจริญ,คลองบางอ้าย,7-Mar,1300,บางแค,2,5/13/2020 17:00:00,5/13/2020 17:00:00
1090,681,373,คลองปากลัดยานยนต์,คลองราษฎร์บูรณะ,ซอยประชาอุทิศ 29,2-Jan,724,ราษฎร์บูรณะ,2,5/13/2020 17:00:00,5/13/2020 17:00:00
1091,680,372,คลองปั้นจาด,ซอยรุ่งเรือง,คลองชวดใหญ่,8-Feb,3340,ห้วยขวาง,2,5/13/2020 17:00:00,5/13/2020 17:00:00
1092,679,371,คลองปลายซอยวัดภคินีนาถ,แม่น้ำเจ้าพระยา,หลังตลาดกรุงธน,43867,550,บางพลัด,2,5/13/2020 17:00:00,5/13/2020 17:00:00
1093,678,370,คลองประมง (คลองโล่ง),คลองขุนราชพินิจใจ,คลองเสาธง,8-Jun,5000,บางขุนเทียน,2,5/13/2020 17:00:00,5/13/2020 17:00:00
1094,677,369,คลองปทุม,ถนนเลียบคลองทวีวัฒนา,สุดระยะที่กำหนดให้,14-Sep,1900,ทวีวัฒนา,2,5/13/2020 17:00:00,5/13/2020 17:00:00
1095,676,368,คลองโบสถ์,ซอยโชคชัยจงจำเริญ,แม่น้ำเจ้าพระยา,8-Apr,800,ยานนาวา,2,5/13/2020 17:00:00,5/13/2020 17:00:00
1096,675,367,คลองแบนชะโด(หนองจอก),คลองลำบ่อยาว,คลองลัดตาเตี้ยฝั่งเหนือ,6-Apr,1700,หนองจอก,2,5/13/2020 17:00:00,5/13/2020 17:00:00
1097,674,366,คลองแบนชะโด  (คลองสามวา),คลองระบายน้ำ,คลองเก้า,20 - 25,3600,คลองสามวา,2,5/13/2020 17:00:00,5/13/2020 17:00:00
1098,673,365,คลองบุญสุข,คลองบางมด,คลองหัวกระบือ,7-Apr,4000,บางขุนเทียน,2,5/13/2020 17:00:00,5/13/2020 17:00:00
1099,672,364,คลองบึงใหญ่,คลองลำเจดีย์,คลองไผ่ดำ,6-Apr,1300,หนองจอก,2,5/13/2020 17:00:00,5/13/2020 17:00:00
1100,671,363,คลองบึงสิงห์โต,คลองลำหิน,คลองลำเจดีย์,8-Jun,1950,หนองจอก,2,5/13/2020 17:00:00,5/13/2020 17:00:00
1101,670,362,คลองบึงเล็ก,คลองลำบึงเตย,คลองสิบสาม,6-Apr,2300,หนองจอก,2,5/13/2020 17:00:00,5/13/2020 17:00:00
1102,669,361,คลองบึงพระยาสุเรนทร์,คลองหนองบัวมน,คลองพระยาสุเรนทร์,15-Oct,1750,บางเขน,2,5/13/2020 17:00:00,5/13/2020 17:00:00
1103,668,360,คลองบึงฝรั่ง,คลองแสนแสบ,คลองสิบสาม,8-Jun,1760,หนองจอก,2,5/13/2020 17:00:00,5/13/2020 17:00:00
1104,667,359,คลองบึงไผ่,คลองแสนแสบ,สุดระยะที่กำหนดให้,Oct-40,1400,มีนบุรี,2,5/13/2020 17:00:00,5/13/2020 17:00:00
1105,666,358,คลองบึงปรง,คลองสิบสาม,จุดที่กำหนดให้,6-Apr,2200,หนองจอก,2,5/13/2020 17:00:00,5/13/2020 17:00:00
1106,665,357,คลองบึงบัวฝั่งตะวันออก,คลองสิบสาม,คลองสิบสี่,6-Apr,2670,หนองจอก,2,5/13/2020 17:00:00,5/13/2020 17:00:00
1107,664,356,คลองบึงบัวฝั่งตะวันตก,คลองบึงบัว,จุดที่กำหนด,6-Apr,3250,หนองจอก,2,5/13/2020 17:00:00,5/13/2020 17:00:00
1108,663,355,คลองบึงนายรุ่ง,คลองนครเนื่องเขต,คลองลำปลาทิว,8-Jun,5800,หนองจอก,2,5/13/2020 17:00:00,5/13/2020 17:00:00
1109,662,354,คลองบึงทองหลางเฒ่า,คลองนครเนื่องเขต,จุดที่กำหนด (ซ.ร่มเย็น),6-Apr,3000,หนองจอก,2,5/13/2020 17:00:00,5/13/2020 17:00:00
1110,661,353,คลองบึงทองหลาง,คลองแสนแสบ,คลองนครเนื่องเขต,8-Jun,1100,หนองจอก,2,5/13/2020 17:00:00,5/13/2020 17:00:00
1111,660,352,คลองบึงทรายกองดิน,คลองแสนแสบ,คลองบึงไผ่,10-May,3100,คลองสามวา,2,5/13/2020 17:00:00,5/13/2020 17:00:00
1112,659,351,คลองบึงแตงโม(หนองจอก),คลองแสนแสบ,คลองลำเจดีย์,8-Jun,600,หนองจอก,2,5/13/2020 17:00:00,5/13/2020 17:00:00
1113,658,350,คลองบึงแตงโม  (คลองสามวา),คลองพระราชดำริ 2 ทรายกองดินใต้,คลองแบนขะโด,10-May,1200,คลองสามวา,2,5/13/2020 17:00:00,5/13/2020 17:00:00
1114,657,349,คลองบึงเตย,คลองสิบสอง,คลองสิบสาม,8-Jun,2200,หนองจอก,2,5/13/2020 17:00:00,5/13/2020 17:00:00
1115,656,348,คลองบึงตาแรม,คลองสิบสาม,คลองสิบสี่,8-Jun,3000,หนองจอก,2,5/13/2020 17:00:00,5/13/2020 17:00:00
1116,655,347,คลองบึงตาแดง,คลองบึงไผ่,คลองสองตะวันออก,15-Oct,2500,คลองสามวา,2,5/13/2020 17:00:00,5/13/2020 17:00:00
1117,654,346,คลองบึงตัน,คลองกระทุ้มล้ม,จุดที่กำหนด,6-Apr,1200,หนองจอก,2,5/13/2020 17:00:00,5/13/2020 17:00:00
1118,653,345,คลองบึงชุมเห็ด,คลองศาลาแดง,จุดที่กำหนด,6-Apr,800,หนองจอก,2,5/13/2020 17:00:00,5/13/2020 17:00:00
1119,652,344,คลองบึงเขมร,คลองแสนแสบ,คลองลำเจดีย์,8-Jun,500,หนองจอก,2,5/13/2020 17:00:00,5/13/2020 17:00:00
1120,651,343,คลองบึงขวาง,ปตร.คลองบึงขวาง,คลองสี่,Oct-40,2100,มีนบุรี,2,5/13/2020 17:00:00,5/13/2020 17:00:00
1121,650,342,คลองบึงกลาง,คลองสอง,คลองหนึ่ง,8-Jun,2100,หนองจอก,2,5/13/2020 17:00:00,5/13/2020 17:00:00
1122,649,341,คลองบ้านใหม่,คลองเปรมประชากร,คลองประปา,20-Oct,4240,ดอนเมือง,2,5/13/2020 17:00:00,5/13/2020 17:00:00
1123,648,340,คลองบ้านหลาย,คลองพระโขนง,ลำรางในซอยอ่อนนุช 30,10-Jun,1120,สวนหลวง,2,5/13/2020 17:00:00,5/13/2020 17:00:00
1124,647,339,คลองบ้านม้า 2,คลองแสนแสบ,หมู่บ้านสัมมากร,5-Mar,1410,สะพานสูง,2,5/13/2020 17:00:00,5/13/2020 17:00:00
1125,646,338,คลองบ้านม้า 1,คลองแสนแสบ,คลองหัวหมาก,13 - 20,1100,บางกะปิ,2,5/13/2020 17:00:00,5/13/2020 17:00:00
1126,645,337,คลองบ้านไทร(ทวีวัฒนา),ถนนกาญจนาภิเษก,คลองควาย,8-Jun,2740,ทวีวัฒนา,2,5/13/2020 17:00:00,5/13/2020 17:00:00
1127,644,336,คลองบ้านไทร(ตลิ่งชัน),ถนนกาญนาภิเษก,คลองบัว,25-May,5800,ตลิ่งชัน,2,5/13/2020 17:00:00,5/13/2020 17:00:00
1128,643,335,คลองบ้านญวนสามเสน,สุดระยะที่กำหนดให้,แม่น้ำเจ้าพระยา,12-Oct,90,ดุสิต,2,5/13/2020 17:00:00,5/13/2020 17:00:00
1129,642,334,คลองบ้านแขก,คลองบางกอกใหญ่,สุดเขตคลอง,5-Apr,500,บางกอกใหญ่,2,5/13/2020 17:00:00,5/13/2020 17:00:00
1130,641,333,คลองบ้านขาว,คลองบางกอกใหญ่,สุดเขตคลอง,3-Feb,180,บางกอกใหญ่,2,5/13/2020 17:00:00,5/13/2020 17:00:00
1131,640,332,คลองบ้านขมิ้น,คลองมอญ,ถนนสุทธาวาส,7-Mar,1500,บางกอกน้อย,2,5/13/2020 17:00:00,5/13/2020 17:00:00
1132,639,331,คลองบ้านเกาะ,ถนนรามอินทรา,ลำบึงกุ่ม คลองบางชัน,7-Apr,2650,คันนายาว,2,5/13/2020 17:00:00,5/13/2020 17:00:00
1133,638,330,คลองบางอ้าย,คลองบางระแนะ,สุดระยะที่กำหนดให้,5-Apr,619,ภาษีเจริญ,2,5/13/2020 17:00:00,5/13/2020 17:00:00
1134,637,329,คลองบางหญ้า,คลองหัวกระบือ,คลองพระไชยยศสมบัติ,12-Jun,3000,บางขุนเทียน,2,5/13/2020 17:00:00,5/13/2020 17:00:00
1135,636,328,คลองบางสี่บาท,คลองสนามชัย,คลองลาดลำภู,8-Jun,2550,บางขุนเทียน,2,5/13/2020 17:00:00,5/13/2020 17:00:00
1136,635,327,คลองบางส่าย,คลองพระยาราชมนตรี,คลองบางประทุน,9-Aug,1191,ภาษีเจริญ,2,5/13/2020 17:00:00,5/13/2020 17:00:00
1137,634,326,คลองบางแวก - แยกสามกรุงศรี,คลองบางแวก,แยกสามกรุงศรี,5-Apr,414,ภาษีเจริญ,2,5/13/2020 17:00:00,5/13/2020 17:00:00
1138,633,325,คลองบางแวก - บางด้วนเหนือ,คลองบางแวก,คลองบางด้วนเหนือ,44020,1194,ภาษีเจริญ,2,5/13/2020 17:00:00,5/13/2020 17:00:00
1139,632,324,คลองบางเลา,คลองหลอแหล,คลองลาดบัวขาว,8-Jun,1450,สะพานสูง,2,5/13/2020 17:00:00,5/13/2020 17:00:00
1140,631,323,คลองบางลำเจียกน้อย,คลองบางกอกใหญ่,สุดเขตคลอง,5-Mar,150,บางกอกใหญ่,2,5/13/2020 17:00:00,5/13/2020 17:00:00
1141,630,322,คลองบางลำเจียก,คลองบางกอกใหญ่,คลองมอญ,7-Mar,2150,บางกอกใหญ่,2,5/13/2020 17:00:00,5/13/2020 17:00:00
1142,629,321,คลองบางลัด,คลองบางขี้เก้ง,คลองบางจาก,12-Feb,1000,บางแค,2,5/13/2020 17:00:00,5/13/2020 17:00:00
1143,628,320,คลองบางรัก,แม่น้ำเจ้าพระยา,ซอยจรัญฯ89,43871,975,บางพลัด,2,5/13/2020 17:00:00,5/13/2020 17:00:00
1144,627,319,คลองบางระแนะน้อย,คลองข้างวัดกก,ถนนจอมทอง,10-May,1120,จอมทอง,2,5/13/2020 17:00:00,5/13/2020 17:00:00
1145,626,318,คลองบางระทึก,ถนนเลียบคลองทวีวัฒนา,สุดระยะที่กำหนดให้,6-Mar,1180,ทวีวัฒนา,2,5/13/2020 17:00:00,5/13/2020 17:00:00
1146,625,317,คลองบางระจันตอนปลาย,ทางรถไฟสายใต้,คลองบางระมาด,8-Jun,1400,ตลิ่งชัน,2,5/13/2020 17:00:00,5/13/2020 17:00:00
1147,624,316,คลองบางระจันตอนต้น,ทางรถไฟสายใต้,ถนนบรมราชชนนี,8-Jun,1000,ตลิ่งชัน,2,5/13/2020 17:00:00,5/13/2020 17:00:00
1148,623,315,คลองบางโพงพางเหนือ,ซอยข้างศูนย์ฯ 7,แม่น้ำเจ้าพระยา,6-Apr,500,ยานนาวา,2,5/13/2020 17:00:00,5/13/2020 17:00:00
1149,622,314,คลองบางโพงพางใต้,ซอยปรีชา 3,แม่น้ำเจ้าพระยา,8-Apr,900,ยานนาวา,2,5/13/2020 17:00:00,5/13/2020 17:00:00
1150,621,313,คลองบางเพลี้ย,คลองบางจาก,คลองข้าง รร.บางจาก,9-Aug,2058,ภาษีเจริญ,2,5/13/2020 17:00:00,5/13/2020 17:00:00
1151,620,312,คลองบางพูด 2,บึงสีกัน,สุดระยะที่กำหนดให้,6-Apr,645,หลักสี่,2,5/13/2020 17:00:00,5/13/2020 17:00:00
1152,619,311,คลองบางพูด,คลองประปา,สุดระยะที่กำหนดให้,6-Apr,1000,หลักสี่,2,5/13/2020 17:00:00,5/13/2020 17:00:00
1153,618,310,คลองบางพึ่ง,คลองแจงร้อน,สุดเขต กทม.,6-Mar,2135,ราษฎร์บูรณะ,2,5/13/2020 17:00:00,5/13/2020 17:00:00
1154,617,309,คลองบางพลู,แม่น้ำเจ้าพระยา,ซอยจรัญฯ71,43898,1300,บางพลัด,2,5/13/2020 17:00:00,5/13/2020 17:00:00
1155,616,308,คลองบางพราน,คลองวัดสิงห์,คลองรางไผ่ 1,8-May,6500,บางบอน,2,5/13/2020 17:00:00,5/13/2020 17:00:00
1156,615,307,คลองบางพระครู,แม่น้ำเจ้าพระยา,ซอยจรัญฯ85,43958,1300,บางพลัด,2,5/13/2020 17:00:00,5/13/2020 17:00:00
1157,614,306,คลองบางพรหม,ถนนกาญจนาภิเษก,คลองทวีวัฒนา,12-Jun,6640,ทวีวัฒนา,2,5/13/2020 17:00:00,5/13/2020 17:00:00
1158,613,305,คลองบางพรม,คลองชักพระ,ถนนกาญจนาภิเษก,Jun-35,5400,ตลิ่งชัน,2,5/13/2020 17:00:00,5/13/2020 17:00:00
1159,612,304,คลองบางไผ่ตะวันออก,ซอยเพชรเกษม 25,คลองบางกอกใหญ่,5-Apr,829,ภาษีเจริญ,2,5/13/2020 17:00:00,5/13/2020 17:00:00
1160,611,303,คลองบางไผ่ตะวันตก,คลองพระยาราชมนตรี,คลองขวาง,10-Sep,1301,ภาษีเจริญ,2,5/13/2020 17:00:00,5/13/2020 17:00:00
1161,610,302,คลองบางประทุน - บางระแนะ,คลองบางประทุน,คลองบางระแนะ,6-May,408,ภาษีเจริญ,2,5/13/2020 17:00:00,5/13/2020 17:00:00
1162,609,301,คลองบางประทุน - คลองบางระแนะ 2,คลองบางประทุน,คลองบางระแนะ,4-Mar,375,ภาษีเจริญ,2,5/13/2020 17:00:00,5/13/2020 17:00:00
1163,608,300,คลองบางประทุน - คลองต้นสน,คลองบางประทุน,คลองต้นสน,6-May,379,ภาษีเจริญ,2,5/13/2020 17:00:00,5/13/2020 17:00:00
1164,607,299,คลองบางบูน,แม่น้ำเจ้าพระยา,คลองแจงร้อน,7-Apr,900,ราษฎร์บูรณะ,2,5/13/2020 17:00:00,5/13/2020 17:00:00
1165,606,298,คลองบางบอน,คลองพระยาราชมนตรี,คลองพิมพ์เสงี่ยม,9-Aug,9500,บางบอน,2,5/13/2020 17:00:00,5/13/2020 17:00:00
1166,605,297,คลองบางบอน,ทางรถไฟมหาชัย,คลองวัดสิงห์,8-Jun,500,บางขุนเทียน,2,5/13/2020 17:00:00,5/13/2020 17:00:00
1167,604,296,คลองบางนางลี่,คลองบ้านหลาย,ซอยอ่อนนุช 36,7-May,450,สวนหลวง,2,5/13/2020 17:00:00,5/13/2020 17:00:00
1168,603,295,คลองบางน้อย(ทวีวัฒนา),ถนนกาญจนาภิเษก,คลองผู้ใหญ่,12-May,5260,ทวีวัฒนา,2,5/13/2020 17:00:00,5/13/2020 17:00:00
1169,602,294,คลองบางน้อย(ตลิ่งชัน),คลองบางเชือกหนัง,ถนนกาญจนาภิเษก,20-Apr,5400,ตลิ่งชัน,2,5/13/2020 17:00:00,5/13/2020 17:00:00
1170,601,293,คลองบางทองหลาง,แยกซอยองครักษ์,คลองบางกระบือ,4-Mar,75,ดุสิต,2,5/13/2020 17:00:00,5/13/2020 17:00:00
1171,600,292,คลองบางตาล(ทวีวัฒนา),ถนนกาญจนาภิเษก,คลองควาย,8-Jun,2800,ทวีวัฒนา,2,5/13/2020 17:00:00,5/13/2020 17:00:00
1172,599,291,คลองบางตาล(ตลิ่งชัน),ถนนกาญนาภิเษก,คลองบัว,20-May,800,ตลิ่งชัน,2,5/13/2020 17:00:00,5/13/2020 17:00:00
1173,598,290,คลองบางด้วนเหนือ,คลองพระยาราชมนตรี,คลองบางขี้แก้ง,8-Jul,2222,ภาษีเจริญ,2,5/13/2020 17:00:00,5/13/2020 17:00:00
1174,597,289,คลองบางด้วนใต้ - ราชมนตรี,คลองบางด้วนใต้,คลองพระยาราชมนตรี,3-Feb,384,ภาษีเจริญ,2,5/13/2020 17:00:00,5/13/2020 17:00:00
1175,596,288,คลองบางด้วน,คลองราชมนตรี,คลองตาเทียม,10-Jun,600,บางแค,2,5/13/2020 17:00:00,5/13/2020 17:00:00
1176,595,287,คลองบางช้าง,คลองบางมด,คลองไผ่ขวด,5-Mar,1800,ทุ่งครุ,2,5/13/2020 17:00:00,5/13/2020 17:00:00
1177,594,286,คลองบางจากล่าง,คลองบางขี้แก้ง,คลองบางจาก,8-Mar,1035,บางแค,2,5/13/2020 17:00:00,5/13/2020 17:00:00
1178,593,285,คลองบางจาก-บางเพลี้ย,คลองขวาง,คลองบางแวก,43957,772,ภาษีเจริญ,2,5/13/2020 17:00:00,5/13/2020 17:00:00
1179,592,284,คลองบางจาก(พระโขนง 2),คลองพระโขนง,คลองเจ็ก,12-Jun,1950,พระโขนง,2,5/13/2020 17:00:00,5/13/2020 17:00:00
1180,591,283,คลองบางจาก(ทุ่งครุ),คลองรางใหญ่,คลองกระออมใน,6-Apr,1550,ทุ่งครุ,2,5/13/2020 17:00:00,5/13/2020 17:00:00
1181,590,282,คลองบางโคล่ - บ้านป่า,คลองตัน,คลองลาว,20-Jun,3000,สวนหลวง,2,5/13/2020 17:00:00,5/13/2020 17:00:00
1182,589,281,คลองบางคูเวียง(ลาดกระบัง),คลองเจ็ก,คลองลำพะอง,15-Oct,3500,ลาดกระบัง,2,5/13/2020 17:00:00,5/13/2020 17:00:00
1183,588,280,คลองบางคอแหลม,แม่น้ำเจ้าพระยา,สุดระยะที่กำหนดให้,5-Feb,1075,บางคอแหลม,2,5/13/2020 17:00:00,5/13/2020 17:00:00
1184,587,279,คลองบางขุนพรหม,ถนนวิสุทธิกษัตริย์,สุดระยะที่กำหนดให้,3 - 3.5,62,พระนคร,2,5/13/2020 17:00:00,5/13/2020 17:00:00
1185,586,278,คลองบางขี้แก้ง,คลองพระยาราชมนตรี,คลองบางขี้แก้ง,7-Jun,771,ภาษีเจริญ,2,5/13/2020 17:00:00,5/13/2020 17:00:00
1186,585,277,คลองบางขี้,คลองสนามชัย,ระวาง 5606-15  เลขที่ดิน 128,20-Aug,600,บางขุนเทียน,2,5/13/2020 17:00:00,5/13/2020 17:00:00
1187,584,276,คลองบางขวด (ตาเร่ง),ซอยรามอินทรา 34 (อยู่เย็น),คลองชะล่า,8-Jul,2900,บางเขน,2,5/13/2020 17:00:00,5/13/2020 17:00:00
1188,583,275,คลองบางขโมย,คลองหัวกระบือ,คลองสนามไชย,16-May,2400,บางขุนเทียน,2,5/13/2020 17:00:00,5/13/2020 17:00:00
1189,582,274,คลองบางขนุน,คลองสนามชัย,ถนนแสมดำ ซอย9,10-Aug,2200,บางขุนเทียน,2,5/13/2020 17:00:00,5/13/2020 17:00:00
1190,581,273,คลองบางกระบือ,ถนนสามเสน,คลองเปรมประชากร,17-Apr,1500,ดุสิต,2,5/13/2020 17:00:00,5/13/2020 17:00:00
1191,580,272,คลองบางกระดี่น้อย,คลองบางกระดี่,คลองแยกคลองรางยายคง,6-May,1600,บางขุนเทียน,2,5/13/2020 17:00:00,5/13/2020 17:00:00
1192,579,271,คลองบางกระดี่,คลองสนามชัย,คลองรางยายเพียร,Oct-40,2500,บางขุนเทียน,2,5/13/2020 17:00:00,5/13/2020 17:00:00
1193,578,270,คลองบัวลอย,คลองประเวศบุรีรมย์,สุดเขต กทม.,15-Oct,860,ลาดกระบัง,2,5/13/2020 17:00:00,5/13/2020 17:00:00
1194,577,269,คลองบัวคลี่,คลองวังใหญ่,คลองเจ็ก,8-Jun,2550,สะพานสูง,2,5/13/2020 17:00:00,5/13/2020 17:00:00
1195,576,268,คลองบัว(บางเขน),คลองจระเข้,คลองกระเฉด,10-Aug,3980,บางเขน,2,5/13/2020 17:00:00,5/13/2020 17:00:00
1196,575,267,คลองบัว(จอมทอง),คลองบางระแนะน้อย,ถนนธนบุรี - ปากท่อ,8-Apr,1000,จอมทอง,2,5/13/2020 17:00:00,5/13/2020 17:00:00
1197,574,266,คลองบวรรังษี,คลองรอบกรุง,สุดระยะที่กำหนดให้,20-Mar,40,พระนคร,2,5/13/2020 17:00:00,5/13/2020 17:00:00
1198,573,265,คลองในตรอกกระจก,คลองบางกอกใหญ่,ตรอกกระจก,2 - 3.5,140,บางกอกใหญ่,2,5/13/2020 17:00:00,5/13/2020 17:00:00
1199,572,264,คลองในซอยพุทธบูชา 44,คลองหลังค่ายลูกเสือ,คลองแยก,5-Mar,700,ทุ่งครุ,2,5/13/2020 17:00:00,5/13/2020 17:00:00
1200,571,263,คลองเนินทราย,คลองประทุม,คลองบางระทึก,6-Mar,2840,ทวีวัฒนา,2,5/13/2020 17:00:00,5/13/2020 17:00:00
1201,570,262,คลองเนตรนุสรณ์,คลองพิมพ์เสงี่ยม,สุดเขต กทม.,6-Apr,850,บางบอน,2,5/13/2020 17:00:00,5/13/2020 17:00:00
1202,569,261,คลองน้ำอ้อย,คลองบางกอกน้อย,ปิ่นเกล้าคอนโด,8-May,980,บางกอกน้อย,2,5/13/2020 17:00:00,5/13/2020 17:00:00
1203,568,260,คลองน้ำตาล,คลองบางกอกน้อย,ถนนสมเด็จพระปิ่นเกล้า,6-Apr,900,บางกอกน้อย,2,5/13/2020 17:00:00,5/13/2020 17:00:00
1204,567,259,คลองน้ำดอกไม้,คลองบางกอกน้อย,ซอยจรัญสนิทวงศ์ 45,4-Mar,1000,บางกอกน้อย,2,5/13/2020 17:00:00,5/13/2020 17:00:00
1205,566,258,คลองนาหมอน,คลองสิบสอง,คลองสิบสาม,6-Apr,3390,หนองจอก,2,5/13/2020 17:00:00,5/13/2020 17:00:00
1206,565,257,คลองนายโอ๋,คลองสนามชัย,คลองตาสุข,5-Mar,1150,บางขุนเทียน,2,5/13/2020 17:00:00,5/13/2020 17:00:00
1207,564,256,คลองนายสนม,คลองบางมด,คลองตาเจริญ,3-Feb,750,ทุ่งครุ,2,5/13/2020 17:00:00,5/13/2020 17:00:00
1208,563,255,คลองนายผล,คลองหนามแดง,ถนนเอกชัย,6-Apr,4200,บางบอน,2,5/13/2020 17:00:00,5/13/2020 17:00:00
1209,562,254,คลองนายเจริญ,คลองตาแซ,คลองบางช้าง,5-Feb,1900,ทุ่งครุ,2,5/13/2020 17:00:00,5/13/2020 17:00:00
1210,561,253,คลองนาตับ,คลองหินลำใต้,คลองแบนใหญ่,8-Jun,1900,หนองจอก,2,5/13/2020 17:00:00,5/13/2020 17:00:00
1211,560,252,คลองนางปาน,คลองบางประแก้ว,ลำประโดงเอกชน,4-Feb,820,ราษฎร์บูรณะ,2,5/13/2020 17:00:00,5/13/2020 17:00:00
1212,559,251,คลองนางชี,ซอยแม้นศรี,ศูนย์การค้าวรจักร,5-Mar,120,ป้อมปราบศัตรูพ่าย,2,5/13/2020 17:00:00,5/13/2020 17:00:00
1213,558,250,คลองนา(ประเวศ),คลองหนองบอน,สุดระยะที่กำหนดให้,44122,1000,ประเวศ,2,5/13/2020 17:00:00,5/13/2020 17:00:00
1214,557,249,คลองนา(บางขุนเทียน),คลองบางมด,คลองหัวกระบือ,12-Jul,4500,บางขุนเทียน,2,5/13/2020 17:00:00,5/13/2020 17:00:00
1215,556,248,คลองนา(ทวีวัฒนา),คลองทวีวัฒนา,สุดระยะที่กำหนดให้,6-May,400,ทวีวัฒนา,2,5/13/2020 17:00:00,5/13/2020 17:00:00
1216,555,247,คลองนกเล็ก,คลองบางมด,คลองนายสนม,3-Feb,550,ทุ่งครุ,2,5/13/2020 17:00:00,5/13/2020 17:00:00
1217,554,246,คลองนกกระทุง,คลองเชิงตาแพ,คลองโกร่งประทุน,10-Apr,1000,บางขุนเทียน,2,5/13/2020 17:00:00,5/13/2020 17:00:00
1218,553,245,คลองนกกระจิบ,คลองรางบัว,คลองบางประทุน,7-Jun,650,ภาษีเจริญ,2,5/13/2020 17:00:00,5/13/2020 17:00:00
1219,552,244,คลองนกกระจอก,คลองบางหว้า,สุดระยะที่กำหนดให้,5-Apr,275,ภาษีเจริญ,2,5/13/2020 17:00:00,5/13/2020 17:00:00
1220,551,243,คลองไทรชะมด,คลองสอง,คลองหนึ่ง,8-Jun,3200,หนองจอก,2,5/13/2020 17:00:00,5/13/2020 17:00:00
1221,550,242,คลองเทพา,แม่น้ำเจ้าพระยา,สุดระยะที่กำหนดให้,1.50 - 2.20,230,คลองสาน,2,5/13/2020 17:00:00,5/13/2020 17:00:00
1222,549,241,คลองเทพราช,คลองภาษีเจริญ,คลองบางแค,12-Sep,880,บางแค,2,5/13/2020 17:00:00,5/13/2020 17:00:00
1223,548,240,คลองเทพยนต์ 2,คลองบางจาก,คลองบางเพี้ย,43894,224,ภาษีเจริญ,2,5/13/2020 17:00:00,5/13/2020 17:00:00
1224,547,239,คลองเทพยนต์,คลองบางจาก,คลองสวนอ้อย,7-Jun,580,ภาษีเจริญ,2,5/13/2020 17:00:00,5/13/2020 17:00:00
1225,546,238,คลองทุ่งบางซ่อน,คลองแยกคลองบางซ่อน,ถนนกรุงเทพฯ-นนทบุรี,5-Mar,890,บางซื่อ,2,5/13/2020 17:00:00,5/13/2020 17:00:00
1226,545,237,คลองทุ่ง กม.11,คลองเปรมประชากร,คลองลาดยาว,12-Jun,1900,จตุจักร,2,5/13/2020 17:00:00,5/13/2020 17:00:00
1227,544,236,คลองท่าวาสุกรี,ถนนสามเสน,แม่น้ำเจ้าพระยา,12-Aug,540,ดุสิต,2,5/13/2020 17:00:00,5/13/2020 17:00:00
1228,543,235,คลองทองหลาง,คลองบ้านป่า,หมู่บ้านสวนหลวง,8-Jun,1240,สวนหลวง,2,5/13/2020 17:00:00,5/13/2020 17:00:00
1229,542,234,คลองท่อ,คลองบางพรหม,คลองขุนศรีบุรีรักษ์,6-Mar,2115,ทวีวัฒนา,2,5/13/2020 17:00:00,5/13/2020 17:00:00
1230,541,233,คลองทรงเทวดา,คลองชักพระ,วัดอัมพวา,6-Jan,1430,บางกอกน้อย,2,5/13/2020 17:00:00,5/13/2020 17:00:00
1231,540,232,คลองโต๊ะรอ,คลองลำหินฝั่งเหนือ,จุดกำหนด,4-Feb,2000,หนองจอก,2,5/13/2020 17:00:00,5/13/2020 17:00:00
1232,539,231,คลองโต๊ะยอ,คลองแสนแสบ,คลองหัวหมาก,8-Jun,1450,บางกะปิ,2,5/13/2020 17:00:00,5/13/2020 17:00:00
1233,538,230,คลองโต๊ะพุด,คลองรางจาก,สุดระยะที่กำหนดให้,5-Feb,400,ทุ่งครุ,2,5/13/2020 17:00:00,5/13/2020 17:00:00
1234,537,229,คลองโต๊ะนิล,คลองนครเนื่องเขต,คลองบึงทองหลางเฒ่า,6-Apr,800,หนองจอก,2,5/13/2020 17:00:00,5/13/2020 17:00:00
1235,536,228,คลองโต๊ะดำ,คลองสะพานควาย,คลองรางจาก,4-Mar,1850,ทุ่งครุ,2,5/13/2020 17:00:00,5/13/2020 17:00:00
1236,535,227,คลองเตาอิฐ,แม่น้ำเจ้าพระยา,ซอยจรัญฯ89,43961,670,บางพลัด,2,5/13/2020 17:00:00,5/13/2020 17:00:00
1237,534,226,คลองเต้าปูน,คลองหมอนสี่สิบ,คลองพระยาสุเรนทร์,10-Jun,1050,สายไหม,2,5/13/2020 17:00:00,5/13/2020 17:00:00
1238,533,225,คลองเตย,แม่น้ำเจ้าพระยา,สุดเขตคลอง,3.50 - 10,784,บางพลัด,2,5/13/2020 17:00:00,5/13/2020 17:00:00
1239,532,224,คลองตาใหม่,คลองบางแวก,สุดระยะที่กำหนดให้,3.5 - 5,420,บางแค,2,5/13/2020 17:00:00,5/13/2020 17:00:00
1240,531,223,คลองตาเหล็ก,แม่น้ำเจ้าพระยา,ซอยประดู่ 1,6-Apr,500,บางคอแหลม,2,5/13/2020 17:00:00,5/13/2020 17:00:00
1241,530,222,คลองตาห่วง,ปลายซอยนาคสุวรรณ,แม่น้ำเจ้าพระยา,8-Apr,1020,ยานนาวา,2,5/13/2020 17:00:00,5/13/2020 17:00:00
1242,529,221,คลองตาหนวด,คลองพระราชดำริ 2,คลองบึงทรายกองดินและ,15-Oct,4000,คลองสามวา,2,5/13/2020 17:00:00,5/13/2020 17:00:00
1243,528,220,คลองตาสุ่ม,คลองบางเขน,คลองวัดทอง,5-Mar,1100,บางซื่อ,2,5/13/2020 17:00:00,5/13/2020 17:00:00
1245,526,218,คลองตาสาด (คลองคู้),คลองเคล็ด,คลองหนองบอน,8-Jun,1850,ประเวศ,2,5/13/2020 17:00:00,5/13/2020 17:00:00
1246,525,217,คลองตาสอนเก่า,คลองประเวศบุรีรมย์,คลองตาสอน,4-Feb,1200,ลาดกระบัง,2,5/13/2020 17:00:00,5/13/2020 17:00:00
1247,524,216,คลองตาสอน,คลองประเวศบุรีรมย์,คลองลำอ้ายแบน,15 - 20,3500,ลาดกระบัง,2,5/13/2020 17:00:00,5/13/2020 17:00:00
1248,523,215,คลองตาวงษ์,คลองนครเนื่องเขต,คลองบึงทองหลางเฒ่า,6-Apr,800,หนองจอก,2,5/13/2020 17:00:00,5/13/2020 17:00:00
1249,522,214,คลองตาลิด,คลองบางประทุน,คลองบัว,7-Jun,600,จอมทอง,2,5/13/2020 17:00:00,5/13/2020 17:00:00
1250,521,213,คลองตาเริก,แม่น้ำเจ้าพระยา,สุดระยะที่กำหนดให้,5-Feb,1200,ยานนาวา,2,5/13/2020 17:00:00,5/13/2020 17:00:00
1251,520,212,คลองตาเร่ง(บึงกุ่ม),ถนนรามอินทรา,คลองบางขวด,4-Mar,1300,บึงกุ่ม,2,5/13/2020 17:00:00,5/13/2020 17:00:00
1252,519,211,คลองตาเร่ง(คันนายาว),ถนนรามอินทรา,แยกคลองจรเข้บัว,5-Apr,1400,คันนายาว,2,5/13/2020 17:00:00,5/13/2020 17:00:00
1253,518,210,คลองตารุ่ง(บางขุนเทียน),คลองสนามชัย,คลองตาสุข,6-Apr,2000,บางขุนเทียน,2,5/13/2020 17:00:00,5/13/2020 17:00:00
1254,517,209,คลองตารุ่ง(จอมทอง),คลองวัดกก,คลองบัว,6-Apr,1500,จอมทอง,2,5/13/2020 17:00:00,5/13/2020 17:00:00
1255,516,208,คลองตายง(บางขุนเทียน),คลองสนามชัย,คลองตาสุข,4-Mar,3600,บางขุนเทียน,2,5/13/2020 17:00:00,5/13/2020 17:00:00
1256,515,207,คลองตายง(จอมทอง),ลำรางสาธารณะ,คลองบัว,7-Jun,500,จอมทอง,2,5/13/2020 17:00:00,5/13/2020 17:00:00
1257,514,206,คลองตาย้ง,คลองบางแวก,สุดระยะที่กำหนดให้,2.5 - 10,610,บางแค,2,5/13/2020 17:00:00,5/13/2020 17:00:00
1258,513,205,คลองตาเม้ง,คลองบางมด,คลองบางช้าง,4-Mar,1000,ทุ่งครุ,2,5/13/2020 17:00:00,5/13/2020 17:00:00
1259,512,204,คลองตามี,คลองบางมด,คลองตาแซ,3-Feb,400,ทุ่งครุ,2,5/13/2020 17:00:00,5/13/2020 17:00:00
1260,511,203,คลองตามั่ง,คลองราษฎร์บูรณะ,คลองแจงร้อน,2 - 3.50,1000,ราษฎร์บูรณะ,2,5/13/2020 17:00:00,5/13/2020 17:00:00
1261,510,202,คลองตาม่วง(จอมทอง),คลองสนามชัย,สุดระยะที่กำหนดให้,5-Mar,480,จอมทอง,2,5/13/2020 17:00:00,5/13/2020 17:00:00
1262,509,201,คลองตาม่วง,คลองวัดเพลง,สุดระยะที่กำหนดให้,5-Apr,383,ภาษีเจริญ,2,5/13/2020 17:00:00,5/13/2020 17:00:00
1263,508,200,คลองตาเพิ่ม,คลองบางไผ่,คลองหลังหมู่บ้านศุภาลัย,5-Apr,415,บางแค,2,5/13/2020 17:00:00,5/13/2020 17:00:00
1264,507,199,คลองตาเพชร,แม่น้ำเจ้าพระยา,ซอยจรัญสนิทวงศ์  96/2,5,145,บางพลัด,2,5/13/2020 17:00:00,5/13/2020 17:00:00
1265,506,198,คลองตาพูน (ทางเข้าวัดบุญยประดิษฐ์),คลองบางแวก,คลองบางขี้แก้ง,9-Jul,700,บางแค,2,5/13/2020 17:00:00,5/13/2020 17:00:00
1266,505,197,คลองตาพุก(ลาดกระบัง),คลองประเวศบุรีรมย์,สุดเขต กทม.,15-Oct,750,ลาดกระบัง,2,5/13/2020 17:00:00,5/13/2020 17:00:00
1267,504,196,คลองตาแผลง,คลองสนามชัย,สุดระยะที่กำหนดให้,7-Jun,450,จอมทอง,2,5/13/2020 17:00:00,5/13/2020 17:00:00
1268,503,195,คลองตาผิน,คลองสนามชัย,คลองตาสุข,6-May,780,บางขุนเทียน,2,5/13/2020 17:00:00,5/13/2020 17:00:00
1269,502,194,คลองตาแป้น,คลองรางบัว,คลองบางประทุน,6-May,542,ภาษีเจริญ,2,5/13/2020 17:00:00,5/13/2020 17:00:00
1270,501,193,คลองตาเปีย,คลองกระทุ้มแจ้,คลองสองห้อง,12-Oct,2900,ประเวศ,2,5/13/2020 17:00:00,5/13/2020 17:00:00
1271,500,192,คลองตาเปล่ง,คลองวัดกก,ถนนพระรามที่ 2,6-Apr,900,จอมทอง,2,5/13/2020 17:00:00,5/13/2020 17:00:00
1272,499,191,คลองตาปลั่ง(หนองแขม),คลองภาษีเจริญ,คลองหนามแดง,7-May,2700,หนองแขม,2,5/13/2020 17:00:00,5/13/2020 17:00:00
1273,498,190,คลองตาปลั่ง(บางขุนเทียน),ถนนอนามัยงามเจริญ,คลองวัดกก,6-Mar,1200,บางขุนเทียน,2,5/13/2020 17:00:00,5/13/2020 17:00:00
1274,497,189,คลองตาบัว,คลองบางมด,คลองไผ่ขวด,5-Mar,800,ทุ่งครุ,2,5/13/2020 17:00:00,5/13/2020 17:00:00
1275,496,188,คลองตาบ๊อ,คลองบางไผ่,คลองหลังหมู่บ้านศุภาลัย,5-Apr,400,บางแค,2,5/13/2020 17:00:00,5/13/2020 17:00:00
1276,495,187,คลองตาโท้,คลองภาษีเจริญ,คลองพระยาราชมนตรี,7-Jun,629,ภาษีเจริญ,2,5/13/2020 17:00:00,5/13/2020 17:00:00
1277,494,186,คลองตาแท้,คลองราชพฤกษ์,คลองตาเจริญ,3-Feb,700,ทุ่งครุ,2,5/13/2020 17:00:00,5/13/2020 17:00:00
1278,493,185,คลองตาเทียม,คลองบางขี้แก้ง,คลองบางด้วน,12-Jun,465,บางแค,2,5/13/2020 17:00:00,5/13/2020 17:00:00
1279,492,184,คลองตาเทียบ,คลองราษฎร์บูรณะ,คลองศรีสุราษฎร์,4-Mar,450,ราษฎร์บูรณะ,2,5/13/2020 17:00:00,5/13/2020 17:00:00
1280,491,183,คลองตาทอด,คลองตายง,แยกคลองตารุ่ง,5-Mar,600,บางขุนเทียน,2,5/13/2020 17:00:00,5/13/2020 17:00:00
1281,490,182,คลองตาทอง,ลำรางสาธารณะ,คลองบางขุนเทียน,7-Jun,800,จอมทอง,2,5/13/2020 17:00:00,5/13/2020 17:00:00
1283,488,180,คลองตาเตี้ย,คลองลำหินฝั่งเหนือ,จุดกำหนด,4-Feb,950,หนองจอก,2,5/13/2020 17:00:00,5/13/2020 17:00:00
1284,487,179,คลองตาตี่,คลองบางแวก,สุดระยะที่กำหนดให้,5 - 6.5,590,บางแค,2,5/13/2020 17:00:00,5/13/2020 17:00:00
1285,486,178,คลองตาแดง,คลองบางมด,คลองตาแซ,4-Mar,500,ทุ่งครุ,2,5/13/2020 17:00:00,5/13/2020 17:00:00
1286,485,177,คลองตาดา,คลองดาวคะนอง,ถนนสุขสวัสดิ์,2.50 - 4,980,ราษฎร์บูรณะ,2,5/13/2020 17:00:00,5/13/2020 17:00:00
1287,484,176,คลองตาแซ,คลองบางมด,คลองนายเจริญ,4-Mar,1600,ทุ่งครุ,2,5/13/2020 17:00:00,5/13/2020 17:00:00
1288,483,175,คลองตาเชื่อม,คลองราษฎร์บูรณะ,คลองศรีสุราษฎร์,4-Mar,1150,ราษฎร์บูรณะ,2,5/13/2020 17:00:00,5/13/2020 17:00:00
1289,482,174,คลองตาช้าง,คลองหนองบอน,คลองเคล็ด,10-Aug,1650,ประเวศ,2,5/13/2020 17:00:00,5/13/2020 17:00:00
1290,481,173,คลองตาโฉม,คลองนา,คลองบางมด,6-May,1950,บางขุนเทียน,2,5/13/2020 17:00:00,5/13/2020 17:00:00
1291,480,172,คลองตาฉุย,คลองเจ้าคุณ,คลองบางมด,6-Apr,650,จอมทอง,2,5/13/2020 17:00:00,5/13/2020 17:00:00
1292,479,171,คลองตาฉ่ำ,คลองรางบัว,คลองบางประทุน,8-Jul,533,ภาษีเจริญ,2,5/13/2020 17:00:00,5/13/2020 17:00:00
1293,478,170,คลองตาเจริญ,คลองบางมด,คลองสามัคคี,4-Mar,900,ทุ่งครุ,2,5/13/2020 17:00:00,5/13/2020 17:00:00
1294,477,169,คลองตาขาว,คลองบางกอกใหญ่,สุดระยะที่กำหนดให้,5-Apr,89,ภาษีเจริญ,2,5/13/2020 17:00:00,5/13/2020 17:00:00
1295,476,168,คลองตากือ 1,คลองบางด้วนเหนือ,สุดระยะที่กำหนดให้,4-Mar,197,ภาษีเจริญ,2,5/13/2020 17:00:00,5/13/2020 17:00:00
1296,475,167,คลองตากือ,คลองบางด้วน,สุดระยะที่กำหนดให้,2-Jan,236,ภาษีเจริญ,2,5/13/2020 17:00:00,5/13/2020 17:00:00
1297,474,166,คลองตราชู,คลองบางกอกน้อย,ถนนบรมราชชนนี,4-Mar,700,บางกอกน้อย,2,5/13/2020 17:00:00,5/13/2020 17:00:00
1298,473,165,คลองตรงข้ามคลองครูเสงี่ยม,คลองบางแวก,สุดระยะที่กำหนดให้,3.5 - 6,135,บางแค,2,5/13/2020 17:00:00,5/13/2020 17:00:00
1299,472,164,คลองตรง(บางขุนเทียน),คลองสนามชัย,ชุมชนปู่โฉม,2.5 - 15,1500,บางขุนเทียน,2,5/13/2020 17:00:00,5/13/2020 17:00:00
1300,471,163,คลองตรง(จอมทอง),คลองดาวคะนอง,คลองบัว,9-Jun,350,จอมทอง,2,5/13/2020 17:00:00,5/13/2020 17:00:00
1301,470,162,คลองตรง,คลองบางจาก,ถ.เพชรเกษม,6-May,283,ภาษีเจริญ,2,5/13/2020 17:00:00,5/13/2020 17:00:00
1302,469,161,คลองต้นสน,คลองภาษีเจริญ,คลองบางประทุน,6-May,1275,ภาษีเจริญ,2,5/13/2020 17:00:00,5/13/2020 17:00:00
1303,468,160,คลองต้นโศก,คลองราษฎร์บูรณะ,คลองแจงร้อน,4-Feb,1000,ราษฎร์บูรณะ,2,5/13/2020 17:00:00,5/13/2020 17:00:00
1304,467,159,คลองต้นมะฆะ,คลองบางหว้า,คลองรางบัว,5-Apr,590,ภาษีเจริญ,2,5/13/2020 17:00:00,5/13/2020 17:00:00
1305,466,158,คลองต้นนุ่น,ซอยเจริญนคร 46,ชุมชนต้นนุ่น,2,157,คลองสาน,2,5/13/2020 17:00:00,5/13/2020 17:00:00
1306,465,157,คลองต้นไทร(ราษฎร์บูรณะ),คลองราษฎร์บูรณะ,ซอยประชาอุทิศ 22,2-Jan,724,ราษฎร์บูรณะ,2,5/13/2020 17:00:00,5/13/2020 17:00:00
1307,464,156,คลองต้นไทร(บางกอกใหญ่),คลองบางกอกใหญ่,ถนนเพชรเกษม,5-Mar,700,บางกอกใหญ่,2,5/13/2020 17:00:00,5/13/2020 17:00:00
1308,463,155,คลองต้นไทร(บางกอกน้อย),คลองบางกอกน้อย,ถนนจรัญสนิทวงศ์,4-Feb,800,บางกอกน้อย,2,5/13/2020 17:00:00,5/13/2020 17:00:00
1309,462,,คลองต้นไทร,คลองต้นไทร,คลองบางลำภูล่าง,2 - 3.50,413,คลองสาน,2,5/13/2020 17:00:00,5/13/2020 17:00:00
1310,461,154,คลองต้นไทร,แม่น้ำเจ้าพระยา,ถนนกรุงธนบุรี,13-May,700,คลองสาน,2,5/13/2020 17:00:00,5/13/2020 17:00:00
1311,460,153,คลองต้นตาล (อาชีวธนบุรี),คลองบางกอกใหญ่,วิทยาลัยอาชีวธนบุรี,3-Mar,380,บางกอกใหญ่,2,5/13/2020 17:00:00,5/13/2020 17:00:00
1312,459,152,คลองต้นตาล (น้ำจืด),คลองรางโพธิ์ล่าง,คลองรางแค,8-May,1400,บางขุนเทียน,2,5/13/2020 17:00:00,5/13/2020 17:00:00
1313,458,151,คลองต้นตาล (น้ำเค็ม),คลองลูกวัว,คลองย่างควาย,12-Oct,940,บางขุนเทียน,2,5/13/2020 17:00:00,5/13/2020 17:00:00
1314,457,150,คลองต้นตาล (เกษจำเริญ),คลองบางกอกใหญ่,คลองต้นไทร,5-Mar,500,บางกอกใหญ่,2,5/13/2020 17:00:00,5/13/2020 17:00:00
1315,456,149,คลองต้นตะโก,คลองราษฎร์บูรณะ,คลองบางประกอก,2-Jan,1150,ราษฎร์บูรณะ,2,5/13/2020 17:00:00,5/13/2020 17:00:00
1316,455,148,คลองต้นกร่าง,คลองภาษีเจริญ,คลองบางอ้าย,3.5 - 6,1500,บางแค,2,5/13/2020 17:00:00,5/13/2020 17:00:00
1317,454,147,คลองดอนอีกา,คลองบางขวด,คลองลำชะล่า,5-Mar,1300,บึงกุ่ม,2,5/13/2020 17:00:00,5/13/2020 17:00:00
1318,453,146,คลองด้วน,คลองมะเขือขื่น,สุดระยะที่กำหนดให้,15-Oct,1000,คลองสามวา,2,5/13/2020 17:00:00,5/13/2020 17:00:00
1319,452,145,คลองญี่ปุ่น,คลองหลอแหล,คลองบางเลา,8-Jun,1745,สะพานสูง,2,5/13/2020 17:00:00,5/13/2020 17:00:00
1320,451,144,คลองแซ่ซิ้ม (หมอชุบ),ถนนตากสิน,คลองสำเหร่,5-Mar,550,ธนบุรี,2,5/13/2020 17:00:00,5/13/2020 17:00:00
1321,450,143,คลองซุง(ปทุมวัน),คลองแสนแสบ,สุดระยะที่กำหนดให้,10-Jun,252,ปทุมวัน,2,5/13/2020 17:00:00,5/13/2020 17:00:00
1322,449,142,คลองซอยหลวงเชิดวุฒากาศ,คลองบางสะแก,สุดเขตคลอง,3-Feb,190,ธนบุรี,2,5/13/2020 17:00:00,5/13/2020 17:00:00
1323,448,141,คลองซอยสะพานยาว,ซอยสะพานยาว,สุดเขตคลอง,1.5 - 2,150,ธนบุรี,2,5/13/2020 17:00:00,5/13/2020 17:00:00
1324,447,140,คลองซอยวรวิทย์,ถนนวุฒากาศ,คลองด่าน,1.5 - 3,370,ธนบุรี,2,5/13/2020 17:00:00,5/13/2020 17:00:00
1325,446,139,คลองซอยโรงเจ 4,คลองบางน้ำชน,คลองสำเหร่,4-Feb,500,ธนบุรี,2,5/13/2020 17:00:00,5/13/2020 17:00:00
1326,445,138,คลองซอยโรงเจ 3,คลองบางน้ำชน,คลองสำเหร่,1 . 5- 5,450,ธนบุรี,2,5/13/2020 17:00:00,5/13/2020 17:00:00
1327,444,137,คลองซอยโรงเจ 2,คลองบางน้ำชน,คลองสำเหร่,4-Feb,430,ธนบุรี,2,5/13/2020 17:00:00,5/13/2020 17:00:00
1328,443,136,คลองซอยโรงเจ 1,ซอยเทอดไท 21,คลองสำเหร่,4-Feb,240,ธนบุรี,2,5/13/2020 17:00:00,5/13/2020 17:00:00
1329,442,135,คลองซอยโรงคราม,คลองบุปผาราม,ซอยอิสรภาพ 26,1 - 2.5,90,ธนบุรี,2,5/13/2020 17:00:00,5/13/2020 17:00:00
1330,441,134,คลองซอยร่วมใจ,ถนนวุฒากาศ,คลองด่าน,1 -3.5,290,ธนบุรี,2,5/13/2020 17:00:00,5/13/2020 17:00:00
1331,440,133,คลองซอยเภสัชไทย,ถนนตากสิน,สุดเขตคลอง,1.5 - 3,100,ธนบุรี,2,5/13/2020 17:00:00,5/13/2020 17:00:00
1332,439,132,คลองซอยพยุง,ถนนตากสิน,สุดเขตคลอง,1.5 - 2,200,ธนบุรี,2,5/13/2020 17:00:00,5/13/2020 17:00:00
1333,438,131,คลองซอยประชากรไทย,คลองบางน้ำชน,ซอยสมเด็จพระปิ่นเกล้า 11,3-Feb,260,ธนบุรี,2,5/13/2020 17:00:00,5/13/2020 17:00:00
1334,437,130,คลองซอยเทพนิมิตร,แม่น้ำเจ้าพระยา,ซอยจรัญสนิทวงศ์ 66,43867,1200,บางพลัด,2,5/13/2020 17:00:00,5/13/2020 17:00:00
1335,436,129,คลองซอยทหารเรือ 2,คลองบางน้ำชน,คลองสำเหร่,2 - 4.5,550,ธนบุรี,2,5/13/2020 17:00:00,5/13/2020 17:00:00
1336,435,128,คลองซอยทหารเรือ 1,คลองบางน้ำชน,คลองสำเหร่,3-Feb,520,ธนบุรี,2,5/13/2020 17:00:00,5/13/2020 17:00:00
1337,434,127,คลองซอยตากสิน 5,ซอยตากสิน 5,คลองบางไส้ไก่,1.30 -3.50,52,คลองสาน,2,5/13/2020 17:00:00,5/13/2020 17:00:00
1338,433,126,คลองซอยตากสิน 18,ถนนตากสิน,คลองสำเหร่,2 - 3.5,280,ธนบุรี,2,5/13/2020 17:00:00,5/13/2020 17:00:00
1339,432,125,คลองซอยเชื่อมคลองลำแบนกับคลองหนองระแหง,คลองลำแบน,คลองหนองระแหง,5-Mar,1600,คลองสามวา,2,5/13/2020 17:00:00,5/13/2020 17:00:00
1340,431,124,คลองซอยเจริญนคร 78,ถนนเจริญนคร,คลองดาวคะนอง,3-Jan,100,ธนบุรี,2,5/13/2020 17:00:00,5/13/2020 17:00:00
1341,430,123,คลองซอยจรัญสนิทวงศ์ 1,คลองบางกอกใหญ่,ซอยจรัญสนิทวงศ์ 1,6-Mar,800,บางกอกใหญ่,2,5/13/2020 17:00:00,5/13/2020 17:00:00
1342,429,122,คลองซอยกิตติกมล,คลองบางกอกใหญ่,สุดระยะที่กำหนดให้,5-Mar,330,บางกอกใหญ่,2,5/13/2020 17:00:00,5/13/2020 17:00:00
1343,428,121,คลองซอย 5 เจดีย์,คลองด่าน,ถนนวุฒนากาศ,2 - 2.5,110,ธนบุรี,2,5/13/2020 17:00:00,5/13/2020 17:00:00
1344,427,120,คลองแชเผือก,คลองลำหินฝั่งเหนือ,จุดกำหนด,4-Feb,1300,หนองจอก,2,5/13/2020 17:00:00,5/13/2020 17:00:00
1345,426,119,คลองเชื่อมคลองหลังวัดม่วงกับคลองผู้ใหญ่เส็ง,คลองหลังวัดม่วง,คลองผู้ใหญ่เส็ง,6-Apr,440,บางแค,2,5/13/2020 17:00:00,5/13/2020 17:00:00
1346,425,118,คลองเชิงตาแพ,คลองเสาธง,คลองลูกวัว,5-Apr,3400,บางขุนเทียน,2,5/13/2020 17:00:00,5/13/2020 17:00:00
1347,424,117,คลองชัยรวมราษฎร์,คลองบางโคลัด,คลองบางพราน,10-Jun,900,บางบอน,2,5/13/2020 17:00:00,5/13/2020 17:00:00
1348,423,116,คลองชวดด้วน,ถนนรามอินทรา,คลองบางขวด,15-May,2055,บึงกุ่ม,2,5/13/2020 17:00:00,5/13/2020 17:00:00
1349,422,115,คลองฉัตรโฉม,คลองวัดบึงทองหลาง,คลองตาหนัง,3-Feb,1300,บางกะปิ,2,5/13/2020 17:00:00,5/13/2020 17:00:00
1350,421,114,คลองเจือศักดิ์,คลองบางบอน,ถนนบางบอน 4,7-Jun,1600,บางบอน,2,5/13/2020 17:00:00,5/13/2020 17:00:00
1351,420,113,คลองเจียรดับ,คลองแสนแสบ,คลองลำตาจีน,8-Jun,1500,หนองจอก,2,5/13/2020 17:00:00,5/13/2020 17:00:00
1352,419,112,คลองเจ้าคุณ(บางกอกน้อย),คลองชักพระ,ซอยวัฒนสุข,8-Apr,700,บางกอกน้อย,2,5/13/2020 17:00:00,5/13/2020 17:00:00
1353,418,111,คลองเจ้าคุณ(จอมทอง),คลองตรง,คลองบางมด,12-Jun,1120,จอมทอง,2,5/13/2020 17:00:00,5/13/2020 17:00:00
1354,417,110,คลองเจ้าครุฑ,แม่น้ำเจ้าพระยา,ซอยวัดดาวดึงษาราม,5,170,บางพลัด,2,5/13/2020 17:00:00,5/13/2020 17:00:00
1355,416,109,คลองเจ็ดขนัด,คลองพระโขนง,ลำรางหลังหมู่บ้านปัญญา,6-Apr,1030,สวนหลวง,2,5/13/2020 17:00:00,5/13/2020 17:00:00
1356,415,108,คลองเจ๊กตาย,ถนนสุวินทวงศ์,คลองสอง,6-Mar,1000,หนองจอก,2,5/13/2020 17:00:00,5/13/2020 17:00:00
1357,414,107,คลองเจ็ก(สะพานสูง),คลองแสนแสบ,คลองหลอแหล,8-Jun,2300,สะพานสูง,2,5/13/2020 17:00:00,5/13/2020 17:00:00
1358,413,106,คลองเจ็ก(ลาดกระบัง),คลองลำปลาทิว,คลองทับยาว,15-Oct,5000,ลาดกระบัง,2,5/13/2020 17:00:00,5/13/2020 17:00:00
1359,412,105,คลองเจ็ก(มีนบุรี),คลองแสนแสบ,สุดระยะที่กำหนดให้,10-Jun,3240,มีนบุรี,2,5/13/2020 17:00:00,5/13/2020 17:00:00
1360,411,104,คลองเจ็ก(บางขุนเทียน),คลองระหาญ,ที่ดินเอกชน,12-May,800,บางขุนเทียน,2,5/13/2020 17:00:00,5/13/2020 17:00:00
1361,410,103,คลองเจ็ก  (คลองสามวา),คลองหนึ่งตะวันตก,สุดระยะที่กำหนดให้,6-Apr,1300,คลองสามวา,2,5/13/2020 17:00:00,5/13/2020 17:00:00
1362,409,102,คลองเจ็ก,ถนนพัฒนาการ,คลองตัน,8-Jun,235,สวนหลวง,2,5/13/2020 17:00:00,5/13/2020 17:00:00
1363,408,101,คลองจุลนาค,ถนนหลานหลวง,ถนนนครสวรรค์,9-Jul,155,ป้อมปราบศัตรูพ่าย,2,5/13/2020 17:00:00,5/13/2020 17:00:00
1364,407,100,คลองจีน,คลองด่าน,ทางรถไฟสายมหาชัย,5-Mar,500,จอมทอง,2,5/13/2020 17:00:00,5/13/2020 17:00:00
1365,406,99,คลองจิต  ( ระหว่างซอยราม ฯ 44-46 ),คลองแสนแสบ,คลองกะจะ,6-Apr,1550,บางกะปิ,2,5/13/2020 17:00:00,5/13/2020 17:00:00
1366,405,98,คลองจิกกานดา,คลองแสนแสบ,ถนนรามคำแหง,3-Feb,200,บางกะปิ,2,5/13/2020 17:00:00,5/13/2020 17:00:00
1367,404,97,คลองจ้าหล่าใหญ่,คลองอ้ายเป้ง,คลองพระยาสุเรนทร์,10-Aug,3080,สายไหม,2,5/13/2020 17:00:00,5/13/2020 17:00:00
1368,403,96,คลองจ้าหล่า 2,คลองจรเข้โพรง,คลองจ้าหล่าใหญ่,6-Apr,750,สายไหม,2,5/13/2020 17:00:00,5/13/2020 17:00:00
1369,402,95,คลองจ้าหล่า 1,คลองจรเข้โพรง,คลองจ้าหล่าใหญ่,6-Apr,1250,สายไหม,2,5/13/2020 17:00:00,5/13/2020 17:00:00
1370,401,94,คลองจักร,คลองสิบสอง,คลองสิบสาม,4-Feb,2800,หนองจอก,2,5/13/2020 17:00:00,5/13/2020 17:00:00
1371,400,93,คลองจวน,คลองหัวหมาก,คลองพระโขนง,12-Jun,1200,สวนหลวง,2,5/13/2020 17:00:00,5/13/2020 17:00:00
1372,399,92,คลองจระเข้บัว,คลองบัว,คลองหกขุด,10-Jun,2550,บางเขน,2,5/13/2020 17:00:00,5/13/2020 17:00:00
1373,398,91,คลองจรเข้โพรง,คลองออเงินน้อย,คลองเต้าปูน,10-Jun,2450,สายไหม,2,5/13/2020 17:00:00,5/13/2020 17:00:00
1374,397,90,คลองเงิน (เม่งเส็ง),คลองสามเสน,คลองผดุงกรุงเกษม,6-May,1814,ดุสิต,2,5/13/2020 17:00:00,5/13/2020 17:00:00
1375,396,89,คลองโคกบ่าวสาว,คลองบางชัน,หมู่บ้านกมลวรรณ,8-May,2500,คันนายาว,2,5/13/2020 17:00:00,5/13/2020 17:00:00
1376,395,88,คลองโคกกุลี,คลองบางบอน,ทางรถไฟ,8-Jun,900,บางบอน,2,5/13/2020 17:00:00,5/13/2020 17:00:00
1377,394,87,คลองคู้หมัน,จากลำบึงกุ่ม,คลองแสนแสบ,16-May,190,คันนายาว,2,5/13/2020 17:00:00,5/13/2020 17:00:00
1378,393,86,คลองคู้ (คลองตาสาด),คลองเคล็ด,คลองหนองบอน,12-Jun,3000,สวนหลวง,2,5/13/2020 17:00:00,5/13/2020 17:00:00
1379,392,85,คลองคำหริ่ม,คลองภาษีเจริญ,สุดระยะที่กำหนดให้,4-Feb,400,หนองแขม,2,5/13/2020 17:00:00,5/13/2020 17:00:00
1380,391,84,คลองค้างคาว,คลองบางมด,คลองรางขมิ้น,10-Jun,800,ทุ่งครุ,2,5/13/2020 17:00:00,5/13/2020 17:00:00
1381,390,83,คลองคาง,คลองพระโขนง,ซอยเล็กเทียงปลายซอย,15-Jun,360,คลองเตย,2,5/13/2020 17:00:00,5/13/2020 17:00:00
1382,389,82,คลองควาย(สวนหลวง),คลองบ้านป่า,สุดระยะที่กำหนดให้,5-Apr,250,สวนหลวง,2,5/13/2020 17:00:00,5/13/2020 17:00:00
1383,388,81,คลองควาย(บางแค),คลองหนองใหญ่,คลองบางโคลัด,2.5 - 5,900,บางแค,2,5/13/2020 17:00:00,5/13/2020 17:00:00
1384,387,80,คลองควาย,คลองวัดสิงห์,ซ.เอกชัย 46,5-Mar,700,บางบอน,2,5/13/2020 17:00:00,5/13/2020 17:00:00
1385,386,297,คลองครูเสงี่ยม,คลองบางแวก,หลังหมู่บ้านนิศาชล,5-Apr,494,ภาษีเจริญ,2,5/13/2020 17:00:00,5/13/2020 17:00:00
1386,385,296,คลองครูสม,คลองภาษีเจริญ,คลองบางประทุน,4-Mar,441,ภาษีเจริญ,2,5/13/2020 17:00:00,5/13/2020 17:00:00
1387,384,295,คลองครูปรีชา,คลองรางแค,คลองรางโพธิ์ล่าง,5-Mar,1000,บางขุนเทียน,2,5/13/2020 17:00:00,5/13/2020 17:00:00
1388,383,294,คลองคราม,คลองบางกอกน้อย,ปิ่นเกล้า,1.5 - 4,920,บางกอกน้อย,2,5/13/2020 17:00:00,5/13/2020 17:00:00
1389,382,293,คลองแขก,คลองลำปลาทิว,คลองสี่,10-Jul,2500,ลาดกระบัง,2,5/13/2020 17:00:00,5/13/2020 17:00:00
1390,381,292,คลองแขก,คลองบางมด,คลองรางแค,5-Mar,1070,บางขุนเทียน,2,5/13/2020 17:00:00,5/13/2020 17:00:00
1391,380,291,คลองเขมร,คลองตรง,คลองเลนเปน,20-May,1000,บางขุนเทียน,2,5/13/2020 17:00:00,5/13/2020 17:00:00
1392,379,290,คลองขุมทรัพย์ 2,คลองชักพระ,หมู่บ้านขุมทรัพย์,18-May,550,บางกอกน้อย,2,5/13/2020 17:00:00,5/13/2020 17:00:00
1393,378,289,คลองขุนสากล (ช่วงปลาย),คลองตาสาด,สุดระยะที่กำหนดให้,15-Oct,650,ประเวศ,2,5/13/2020 17:00:00,5/13/2020 17:00:00
1394,377,288,คลองขุนทรัพย์ 1,คลองชักพระ,หมู่บ้านขุมทรัพย์,13-May,700,บางกอกน้อย,2,5/13/2020 17:00:00,5/13/2020 17:00:00
1395,376,287,คลองขุนจ่าเมือง,คลองขุนราชพินิจใจ,คลองประมง (คลองโล่ง),8-Jun,300,บางขุนเทียน,2,5/13/2020 17:00:00,5/13/2020 17:00:00
1396,375,286,คลองขุนคลัง,คลองชักพระ,ถนนซอยวัฒนสุข,6-Mar,1350,บางกอกน้อย,2,5/13/2020 17:00:00,5/13/2020 17:00:00
1397,374,285,คลองขุดใหม่ (ลัดครูถวิล),คลองสะแกงาม,คลองรางโพธิ์,6-May,1300,บางขุนเทียน,2,5/13/2020 17:00:00,5/13/2020 17:00:00
1398,373,284,คลองขุดใหม่,คลองลำปลาทิว,คลองบึงนายรุ่ง,8-Jun,700,หนองจอก,2,5/13/2020 17:00:00,5/13/2020 17:00:00
1399,372,283,คลองขุดวัดภาษี,คลองเป้ง,คลองตัน,Oct-35,1360,วัฒนา,2,5/13/2020 17:00:00,5/13/2020 17:00:00
1400,371,282,คลองขุด,ถนนเชื้อเพลิง,แม่น้ำเจ้าพระยา,15 - 25,1220,ยานนาวา,2,5/13/2020 17:00:00,5/13/2020 17:00:00
1401,370,281,คลองขี้หมูไหล,คลองวัดไชยฉิมพลี,ถนนโครงการบางแวก,8-Jul,965,ภาษีเจริญ,2,5/13/2020 17:00:00,5/13/2020 17:00:00
1402,369,280,คลองขี้เสือใหญ่(ลาดพร้าว),คลองโคกคราม,ถนนประดิษฐ์มนูธรรม,8-Jun,1000,ลาดพร้าว,2,5/13/2020 17:00:00,5/13/2020 17:00:00
1403,368,279,คลองขี้เสือใหญ่ (บึงกุ่ม),ถนนประดิษฐ์มนูธรรม,คลองลำเจียก,20-Oct,1500,บึงกุ่ม,2,5/13/2020 17:00:00,5/13/2020 17:00:00
1404,367,278,คลองข้างหมู่บ้านภักดี,แม่น้ำเจ้าพระยา,สวนเอกชน,7-Feb,645,บางคอแหลม,2,5/13/2020 17:00:00,5/13/2020 17:00:00
1405,366,277,คลองข้างวัดอนงค์,คลองสมเด็จเจ้าพระยา,คลองวัดพิชัยญาติ,2.5 - 3,212,คลองสาน,2,5/13/2020 17:00:00,5/13/2020 17:00:00
1406,365,276,คลองข้างวัดบุคคโล,ปลายซอยตากสิน 33,แม่น้ำเจ้าพระยา,2.5 - 3.5,450,ธนบุรี,2,5/13/2020 17:00:00,5/13/2020 17:00:00
1407,364,275,คลองข้างวัดบางปะกอก,คลองราษฎร์บูรณะ,ถนนสุขสวัสดิ์,3-Feb,600,ราษฎร์บูรณะ,2,5/13/2020 17:00:00,5/13/2020 17:00:00
1408,363,274,คลองข้างวัดกก,คลองสนามชัย,คลองสนามชัย,7-Jun,1320,จอมทอง,2,5/13/2020 17:00:00,5/13/2020 17:00:00
1409,362,273,คลองข้างโรงเรียนเปี่ยมสุวรรณ,คลองบางกอกใหญ่,สุดระยะที่กำหนดให้,4-Mar,169,ภาษีเจริญ,2,5/13/2020 17:00:00,5/13/2020 17:00:00
1410,361,272,คลองข้างโรงเรียนปทุมวิทยา,ถนนกรุงธนบุรี,สุดระยะที่กำหนดให้,1.70 - 5.80,380,คลองสาน,2,5/13/2020 17:00:00,5/13/2020 17:00:00
1411,360,271,คลองข้างโรงเรียนบางไผ่,คลองบางไผ่,คลองยายสร้อย,12-Nov,590,บางแค,2,5/13/2020 17:00:00,5/13/2020 17:00:00
1412,359,270,คลองข้างโรงเรียนบางจาก,คลองม้า,คลองสวนอ้อย,9-Aug,849,ภาษีเจริญ,2,5/13/2020 17:00:00,5/13/2020 17:00:00
1413,358,269,คลองข้างโรงน้ำแข็ง,แม่น้ำเจ้าพระยา,ถนนเจริญนคร,1.5 - 3,300,คลองสาน,2,5/13/2020 17:00:00,5/13/2020 17:00:00
1414,357,268,คลองข้างมัสยิดดารุ้ลวิลอิหซาน,แม่น้ำเจ้าพระยา,มัสยิดดารุ้ลวิลอิหซาน,43931,115,บางพลัด,2,5/13/2020 17:00:00,5/13/2020 17:00:00
1415,356,267,คลองข้างไปรษณีย์,คลองราษฎร์บูรณะ,คลองแจงร้อน,1.50-3.50,1149,ราษฎร์บูรณะ,2,5/13/2020 17:00:00,5/13/2020 17:00:00
1416,355,266,คลองข้างธนาคารนครหลวงไทย,ทางรถไฟ,คลองด่าน,4-Feb,500,ธนบุรี,2,5/13/2020 17:00:00,5/13/2020 17:00:00
1417,354,265,คลองข้างซอยวิเชียร,คลองราษฎร์บูรณะ,ลำประโดง,4-Mar,816,ราษฎร์บูรณะ,2,5/13/2020 17:00:00,5/13/2020 17:00:00
1418,353,264,คลองข้าง สน.หัวหมาก,คลองแสนแสบ,คลองกะจะ,22-Jun,1980,บางกะปิ,2,5/13/2020 17:00:00,5/13/2020 17:00:00
1419,352,263,คลองขวางหมู่ 2,คลองบางเชือกหนัง,คลองบางเชือกหนัง,5-Apr,588,ภาษีเจริญ,2,5/13/2020 17:00:00,5/13/2020 17:00:00
1420,351,262,คลองขวางวัดรางบัว,คลองภาษีเจริญ,คลองรางบัว,8-Jul,200,ภาษีเจริญ,2,5/13/2020 17:00:00,5/13/2020 17:00:00
1421,350,261,คลองขวางล่าง,คลองบางนางจีน,คลองบ้านหลาย,7-Jun,1350,พระโขนง,2,5/13/2020 17:00:00,5/13/2020 17:00:00
1422,349,260,คลองขวางบางประทุน,คลองบางประทุน,คลองรางบัว,9-Jun,600,จอมทอง,2,5/13/2020 17:00:00,5/13/2020 17:00:00
1423,348,259,คลองขวางบางประแก้ว,ถนนธนบุรี - ปากท่อ,คลองบางมด,8-May,1800,จอมทอง,2,5/13/2020 17:00:00,5/13/2020 17:00:00
1424,347,258,คลองขวางบน(พระโขนง),คลองบางนางจีน,คลองสวนอ้อย,8-May,1050,พระโขนง,2,5/13/2020 17:00:00,5/13/2020 17:00:00
1425,346,257,คลองขวางบน,คลองบางนางจีน,คลองสวนอ้อย,10-Jun,700,สวนหลวง,2,5/13/2020 17:00:00,5/13/2020 17:00:00
1426,345,256,คลองขวางทุ่งมหาเมฆ(สาทร),ถนนเย็นอากาศ,วิทยุการบิน,8-Apr,500,สาทร,2,5/13/2020 17:00:00,5/13/2020 17:00:00
1427,344,255,คลองขวางทุ่งมหาเมฆ(ยานนาวา),คลองขุด,สุดคลอง,3.5 - 6,1250,ยานนาวา,2,5/13/2020 17:00:00,5/13/2020 17:00:00
1428,343,254,คลองขวางตะวันออก,คลองบางแวก,คลองบางเพลี้ย,5-Apr,836,ภาษีเจริญ,2,5/13/2020 17:00:00,5/13/2020 17:00:00
1429,342,253,คลองขวางตะวันตก,คลองบางแวก,คลองบางเพลี้ย,5-Apr,770,ภาษีเจริญ,2,5/13/2020 17:00:00,5/13/2020 17:00:00
1430,341,252,คลองขวาง(ประเวศ),คลองหนองบอน,คลองขุนสากล,8-Jun,800,ประเวศ,2,5/13/2020 17:00:00,5/13/2020 17:00:00
1431,340,251,คลองขวาง(บางกอกน้อย),คลองพิกุล,คลองบางบำหรุ,4-Mar,460,บางกอกน้อย,2,5/13/2020 17:00:00,5/13/2020 17:00:00
1432,339,250,คลองขวาง(ทุ่งครุ),คลองราษฎร์บูรณะ,คลองสะพานควาย,5-Apr,1820,ทุ่งครุ,2,5/13/2020 17:00:00,5/13/2020 17:00:00
1433,338,249,คลองขวาง(จอมทอง),ถนนธนบุรี - ปากท่อ,คลองขวาง,4-Feb,1600,จอมทอง,2,5/13/2020 17:00:00,5/13/2020 17:00:00
1434,337,248,คลองขวาง (ลัดตากลั่น),คลองบางเชือกหนัง,คลองบางไผ่,8-Jul,997,ภาษีเจริญ,2,5/13/2020 17:00:00,5/13/2020 17:00:00
1435,336,247,คลองขวาง,คลองบางน้ำชน,ซอยตากสิน 34,5-Mar,360,ธนบุรี,2,5/13/2020 17:00:00,5/13/2020 17:00:00
1436,335,246,คลองขนมจีน,แม่น้ำเจ้าพระยา,คลองบางกอกน้อย,3-Feb,860,บางกอกน้อย,2,5/13/2020 17:00:00,5/13/2020 17:00:00
1437,334,245,คลองโกร่งประทุน,คลองขุนราชพินิจใจ,คลองรางนาเสน,5-Apr,2600,บางขุนเทียน,2,5/13/2020 17:00:00,5/13/2020 17:00:00
1438,333,244,คลองโกบ๊อ 4,คลองโกบ๊อ 3,คลองขวาง,4-Jan,305,ธนบุรี,2,5/13/2020 17:00:00,5/13/2020 17:00:00
1439,332,243,คลองโกบ๊อ 3,คลองขวาง,คลองโกบ๊อ 4,1 - 3.5,420,ธนบุรี,2,5/13/2020 17:00:00,5/13/2020 17:00:00
1440,331,242,คลองโกบ๊อ 2,คลองขวาง,คลองบางสะแก,1 - 3.5,630,ธนบุรี,2,5/13/2020 17:00:00,5/13/2020 17:00:00
1441,330,241,คลองโกบ๊อ 1,คลองขวาง,คลองบางสะแก,1.5 - 3,675,ธนบุรี,2,5/13/2020 17:00:00,5/13/2020 17:00:00
1442,329,240,คลองแกลบ,คลองบางกอกน้อย,ถนนจรัญสนิทวงศ์,8-Feb,450,บางกอกน้อย,2,5/13/2020 17:00:00,5/13/2020 17:00:00
1443,328,239,คลองเกาะตาเทิ่ง  (เกาะเลา),คลองสองตะวันออก,คลองพระราชดำริ 2,15-Oct,3400,คลองสามวา,2,5/13/2020 17:00:00,5/13/2020 17:00:00
1444,327,238,คลองเก้าห้อง,คลองบางจาก,คลองรางขมิ้น,6-May,1950,ทุ่งครุ,2,5/13/2020 17:00:00,5/13/2020 17:00:00
1445,326,237,คลองเกรียง(ลาดพร้าว),ถนนประดิษฐ์มนูธรรม,ถนนประดิษฐ์มนูธรรม,13-Oct,300,ลาดพร้าว,2,5/13/2020 17:00:00,5/13/2020 17:00:00
1446,325,236,คลองเกรียง(บางกะปิ),คลองจั่น,คลองลำเจียก,10-Aug,1500,บางกะปิ,2,5/13/2020 17:00:00,5/13/2020 17:00:00
1447,324,235,คลองกุ่มแดง,คลองหนองบัวบาน,คลองจระเข้,8-May,1800,บางเขน,2,5/13/2020 17:00:00,5/13/2020 17:00:00
1448,323,234,คลองกุฐิจีน,แม่น้ำเจ้าพระยา,คลองบุปผาราม,5-Mar,540,ธนบุรี,2,5/13/2020 17:00:00,5/13/2020 17:00:00
1449,322,233,คลองกีบหมู  (มีนบุรี),คลองผักกะเฉด,คลองบางชัน,6-May,1200,มีนบุรี,2,5/13/2020 17:00:00,5/13/2020 17:00:00
1450,321,232,คลองกีบหมู  (คลองสามวา),คลองหนึ่งตะวันตก,ลำรางคูคต,15-Oct,2850,คลองสามวา,2,5/13/2020 17:00:00,5/13/2020 17:00:00
1451,320,231,คลองกำพร้า,คลองสนามชัย,ที่เอกชนระวาง 5000 - 8 เลขที่ 126,15-Aug,1900,บางขุนเทียน,2,5/13/2020 17:00:00,5/13/2020 17:00:00
1452,319,230,คลองกำนันเสงี่ยม,คลองหมื่นแช่ม,คลองศิริธร,6-May,1500,หนองแขม,2,5/13/2020 17:00:00,5/13/2020 17:00:00
1453,318,229,คลองกำนันประทีป,คลองบางไผ่,คลองกำนันเทียน,8-Apr,1450,หนองแขม,2,5/13/2020 17:00:00,5/13/2020 17:00:00
1454,317,228,คลองกำนันเทียน,คลองมหาศร,คลองทวีวัฒนา,7-May,2770,หนองแขม,2,5/13/2020 17:00:00,5/13/2020 17:00:00
1455,316,227,คลองกาหลง,คลองประเวศบุรีรมย์,สุดเขต กทม.,15-Aug,850,ลาดกระบัง,2,5/13/2020 17:00:00,5/13/2020 17:00:00
1456,315,226,คลองกอเลา,คลองลำปลาทิว,คลองสอง,8-Jun,750,หนองจอก,2,5/13/2020 17:00:00,5/13/2020 17:00:00
1457,314,225,คลองกลันตัน,คลองหัวหมาก,คลองประเวศบุรีรมย์,12-Jun,1200,สวนหลวง,2,5/13/2020 17:00:00,5/13/2020 17:00:00
1458,313,224,คลองกล้วย,คลองพระยาราชมนตรี,คลองสนามชัย,6-Mar,1350,บางขุนเทียน,2,5/13/2020 17:00:00,5/13/2020 17:00:00
1459,312,223,คลองกระทุ่มล้ม,คลองสอง,คลองลำตาอิน,8-Jun,5250,หนองจอก,2,5/13/2020 17:00:00,5/13/2020 17:00:00
1460,311,222,คลองกระทุ่มโพธิ์,คลองสอง,สุดระยะที่กำหนดให้,6-Apr,1120,สายไหม,2,5/13/2020 17:00:00,5/13/2020 17:00:00
1461,310,221,คลองกระทุ้มแจ้,คลองอาจารย์พร,เลยคลองตาเปีย 70 ม.,12-Aug,1050,ประเวศ,2,5/13/2020 17:00:00,5/13/2020 17:00:00
1462,309,220,คลองกระท้อนแถว,คลองชักพระ,คลองวัดอัมพวา,6-Mar,1750,บางกอกน้อย,2,5/13/2020 17:00:00,5/13/2020 17:00:00
1463,308,219,คลองกระเฉด,คลองลำไผ่,คลองลำผักชี,7-May,3290,บางเขน,2,5/13/2020 17:00:00,5/13/2020 17:00:00
1464,307,218,คูน้ำซอยสมคิด,ถนนเพลินจิต,คลองแสนแสบ,8-Jun,500,ปทุมวัน,1,5/13/2020 17:00:00,5/13/2020 17:00:00
1465,306,217,คูน้ำซอยต้นสน,ถนนเพลินจิต,สุดระยะที่กำหนดให้,8-Jul,1000,ปทุมวัน,1,5/13/2020 17:00:00,5/13/2020 17:00:00
1466,305,216,คูนายกิมสาย 3 (คูข้างถนนสรงประภา),คลองเปรมประชากร,สุดระยะที่กำหนดให้,12-Apr,3800,ดอนเมือง,1,5/13/2020 17:00:00,5/13/2020 17:00:00
1467,304,215,คูข้างโรงพยาบาลรถไฟมักกะสัน,คลองแสนแสบ,บึงมักกะสัน,8-Apr,1900,ราชเทวี,1,5/13/2020 17:00:00,5/13/2020 17:00:00
1468,303,214,คูข้างโบสถ์แม่พระฟาติมา,คลองสามเสน,สุดเขตคลอง,5-Mar,580,ดินแดง,1,5/13/2020 17:00:00,5/13/2020 17:00:00
1469,302,213,คลองอรชร,คลองแสนแสบ,ถนนพระรามที่ 1,6-May,450,ปทุมวัน,1,5/13/2020 17:00:00,5/13/2020 17:00:00
1470,301,212,คลองหัวหมาก,คลองกะจะ,คลองพระโขนง,10-Jun,5050,สวนหลวง,1,5/13/2020 17:00:00,5/13/2020 17:00:00
1471,300,212,คลองหัวหมาก,คลองแสนแสบ,คลองกะจะ,25-Jul,2900,บางกะปิ,1,5/13/2020 17:00:00,5/13/2020 17:00:00
1472,299,211,คลองหัวกระบือ,แยกคลองเฉลิมชัยพัฒนา,คลองนา,Aug-45,2550,บางขุนเทียน,1,5/13/2020 17:00:00,5/13/2020 17:00:00
1473,298,210,คลองห้วยขวาง,คลองบางซื่อ,ถนนรัชดา,8-Apr,2500,ดินแดง,1,5/13/2020 17:00:00,5/13/2020 17:00:00
1474,297,209,คลองหลุมไผ่,คลองลาดพร้าว,คลองไผ่เขียว,12-Jun,3200,ลาดพร้าว,1,5/13/2020 17:00:00,5/13/2020 17:00:00
1475,296,208,คลองหลอแหล,คลองแสนแสบ,คลองวังใหญ่,20-Aug,2900,สะพานสูง,1,5/13/2020 17:00:00,5/13/2020 17:00:00
1476,295,208,คลองหลอแหล,คลองบางชัน,คลองแสนแสบ,Jul-40,1350,คันนายาว,1,5/13/2020 17:00:00,5/13/2020 17:00:00
1477,294,207,คลองหลอดวัดราชบพิธ,คลองคูเมืองเดิม (คลองหลอด),คลองรอบกรุง (คลองโอ่งอ่าง),12-Aug,800,พระนคร,1,5/13/2020 17:00:00,5/13/2020 17:00:00
1478,293,206,คลองหลอดวัดราชนัดดา,คลองคูเมืองเดิม (คลองหลอด),คลองรอบกรุง (คลองโอ่งอ่าง),12-Oct,1150,พระนคร,1,5/13/2020 17:00:00,5/13/2020 17:00:00
1479,292,205,คลองหลวงแพ่ง,คลองลำตาอิน,คลองประเวศบุรีรมย์,20 - 25,5000,ลาดกระบัง,1,5/13/2020 17:00:00,5/13/2020 17:00:00
1480,291,205,คลองหลวงแพ่ง,คลองนครเนื่องเขต,คลองลำตาอิน,20 - 25,10200,หนองจอก,1,5/13/2020 17:00:00,5/13/2020 17:00:00
1481,290,204,คลองหนึ่ง,คลองลำนายโส,คลองประเวศบุรีรมย์,20-Aug,5950,ลาดกระบัง,1,5/13/2020 17:00:00,5/13/2020 17:00:00
1482,289,203,คลองหนามแดง,คลองบางโคลัด,สุดเขต กทม.,7-May,6200,บางบอน,1,5/13/2020 17:00:00,5/13/2020 17:00:00
1483,288,202,คลองหนองใหญ่,คลองผาสุขใจ,คลองพระยาราชมนตรี,10-Jun,3900,บางแค,1,5/13/2020 17:00:00,5/13/2020 17:00:00
1484,287,201,คลองหนองบอน,คลองประเวศบุรีรมย์,คลองตาสาด (คู้),15-Aug,1900,สวนหลวง,1,5/13/2020 17:00:00,5/13/2020 17:00:00
1485,286,200,คลองหนองบอน,คลองพระโขนง,คลองปลัดเปรียง,12-Aug,6100,ประเวศ,1,5/13/2020 17:00:00,5/13/2020 17:00:00
1486,285,199,คลองหนองแขม,คลองระหัส,ซอย รามอินทรา  58,8-Jun,3100,บึงกุ่ม,1,5/13/2020 17:00:00,5/13/2020 17:00:00
1487,284,198,คลองแสนแสบ,คลองลัดตาเตี้ย,คลองสิบสี่,20 - 35,11000,หนองจอก,1,5/13/2020 17:00:00,5/13/2020 17:00:00
1488,283,198,คลองแสนแสบ,คลองลาดบัวขาว,คลองลัดตาเตี้ย,20 - 35,11500,มีนบุรี,1,5/13/2020 17:00:00,5/13/2020 17:00:00
1489,282,198,คลองแสนแสบ,คลองบ้านม้า,คลองลาดบัวขาว,20 - 35,5200,สะพานสูง,1,5/13/2020 17:00:00,5/13/2020 17:00:00
1490,281,198,คลองแสนแสบ,คลองลาดพร้าว,คลองบ้านม้า,20 - 35,7300,บางกะปิ,1,5/13/2020 17:00:00,5/13/2020 17:00:00
1491,280,198,คลองแสนแสบ,คลองตัน,คลองลาดพร้าว,20 - 35,1300,ห้วยขวาง,1,5/13/2020 17:00:00,5/13/2020 17:00:00
1492,279,198,คลองแสนแสบ,ถนนอโศกดินแดง,คลองตัน,20 - 30,5300,วัฒนา,1,5/13/2020 17:00:00,5/13/2020 17:00:00
1493,278,198,คลองแสนแสบ,คลองผดุงกรุงเกษม,ถนนอโศก-ดินแดง,20 - 35,3850,ปทุมวัน,1,5/13/2020 17:00:00,5/13/2020 17:00:00
1494,277,197,คลองเสาหิน,แม่น้ำเจ้าพระยา,สุดระยะที่กำหนดให้,4-Feb,1050,ยานนาวา,1,5/13/2020 17:00:00,5/13/2020 17:00:00
1495,276,196,คลองสุทธาวาส,คลองบางสะแก,คลองบางน้ำชน,8-Apr,600,ธนบุรี,1,5/13/2020 17:00:00,5/13/2020 17:00:00
1496,275,195,คลองสี่ประเวศ,ลำรางศาลเจ้า,คลองประเวศบุรีรมย์,15-Aug,6400,ลาดกระบัง,1,5/13/2020 17:00:00,5/13/2020 17:00:00
1497,274,195,คลองสี่ประเวศ,คลองแสนแสบ,ลำรางศาลเจ้า,15-Aug,5400,มีนบุรี,1,5/13/2020 17:00:00,5/13/2020 17:00:00
1498,273,194,คลองสิงห์โต,คลองขันแตก,คลองปากน้ำ,12-Jun,1800,ประเวศ,1,5/13/2020 17:00:00,5/13/2020 17:00:00
1499,272,193,คลองสำเหร่,แม่น้ำเจ้าพระยา,คลองบางกอกใหญ่,19-Aug,2800,ธนบุรี,1,5/13/2020 17:00:00,5/13/2020 17:00:00
1500,271,192,คลองสาหร่าย,คลองบางนา,คลองปลัดเปรียง,8-Jun,1800,ประเวศ,1,5/13/2020 17:00:00,5/13/2020 17:00:00
1501,270,191,คลองสามเสน,ถนนอโศก - ดินแดง,คลองแสนแสบ,15-Aug,4000,ห้วยขวาง,1,5/13/2020 17:00:00,5/13/2020 17:00:00
1502,269,191,คลองสามเสน,ทางรถไฟสายเหนือ,ถนนอโศก - ดินแดง,25-May,4800,ราชเทวี,1,5/13/2020 17:00:00,5/13/2020 17:00:00
1503,268,191,คลองสามเสน,แม่น้ำเจ้าพระยา,ทางรถไฟสายเหนือ,25-Oct,2800,ดุสิต,1,5/13/2020 17:00:00,5/13/2020 17:00:00
1504,267,190,คลองสามเสน,ถนนรัชดาภิเษก,ถนนดินแดง,13-Oct,2950,ดินแดง,1,5/13/2020 17:00:00,5/13/2020 17:00:00
1505,266,189,คลองสามวา,ลำรางคลองสามวา,สุดเขต กทม.,14 - 25,10000,คลองสามวา,1,5/13/2020 17:00:00,5/13/2020 17:00:00
1506,265,189,คลองสามวา,คลองแสนแสบ,ลำรางคลองสามวา,14 - 25,2000,มีนบุรี,1,5/13/2020 17:00:00,5/13/2020 17:00:00
1507,264,188,คลองสามประเวศ,ลำรางศาลเจ้า,คลองประเวศบุรีรมย์,15-Aug,6000,ลาดกระบัง,1,5/13/2020 17:00:00,5/13/2020 17:00:00
1508,263,188,คลองสามประเวศ,คลองแสนแสบ,ลำรางศาลเจ้า,15-Aug,5000,มีนบุรี,1,5/13/2020 17:00:00,5/13/2020 17:00:00
1509,262,187,คลองสาน,แม่น้ำเจ้าพระยา,ซอยจันทร์สถิย์,13-Mar,850,คลองสาน,1,5/13/2020 17:00:00,5/13/2020 17:00:00
1510,261,186,คลองสาทร,แม่น้ำเจ้าพระยา,ถนนพระราม 4,10-Sep,3300,สาทร,1,5/13/2020 17:00:00,5/13/2020 17:00:00
1511,260,185,คลองสะแกงาม,คลองสนามชัย,คลองบางบอน,10-May,5300,บางขุนเทียน,1,5/13/2020 17:00:00,5/13/2020 17:00:00
1512,259,184,คลองสะแก,คลองกะจะ,คลองตัน,12-Apr,1800,สวนหลวง,1,5/13/2020 17:00:00,5/13/2020 17:00:00
1513,258,183,คลองสองต้นนุ่น,คลองลำนายโส,คลองประเวศบุรีรมย์,20-Aug,5800,ลาดกระบัง,1,5/13/2020 17:00:00,5/13/2020 17:00:00
1514,257,183,คลองสองต้นนุ่น,คลองแสนแสบ,คลองลำนายโส,24-Jul,4500,มีนบุรี,1,5/13/2020 17:00:00,5/13/2020 17:00:00
1515,256,182,คลองสอง,ถนนพหลโยธิน,ปตร.คลองสอง,70 - 80,3800,สายไหม,1,5/13/2020 17:00:00,5/13/2020 17:00:00
1516,255,182,คลองสอง,คลองวัดหลักสี่,ถนนพหลโยธิน,17 - 35,2250,ดอนเมือง,1,5/13/2020 17:00:00,5/13/2020 17:00:00
1517,254,182,คลองสอง,คลองบางเขน,คลองวัดหลักสี่,18 - 35,3450,หลักสี่,1,5/13/2020 17:00:00,5/13/2020 17:00:00
1518,253,181,คลองสวนอ้อย,คลองพระโขนง,ซอยสุขุมวิท 93,6-Feb,950,สวนหลวง,1,5/13/2020 17:00:00,5/13/2020 17:00:00
1519,252,180,คลองสวนหลวง(บางคอแหลม),แม่น้ำเจ้าพระยา,คลองขวางบ้านใหม่,6-Apr,1050,บางคอแหลม,1,5/13/2020 17:00:00,5/13/2020 17:00:00
1520,251,179,คลองสวนหลวง,คลองแสนแสบ,ถนนพระรามที่ 4,6-Apr,1450,ปทุมวัน,1,5/13/2020 17:00:00,5/13/2020 17:00:00
1521,250,178,คลองส้มป่อยพระราม  6,สถานีสูบน้ำตอนแม่น้ำเจ้าพระยา,คลองแยกคลองบางซ่อน,6-Apr,1200,บางซื่อ,1,5/13/2020 17:00:00,5/13/2020 17:00:00
1522,249,177,คลองสมเด็จเจ้าพระยา,ถนนประชาธิปก,คลองบางไส้ไก่,8-Apr,1000,ธนบุรี,1,5/13/2020 17:00:00,5/13/2020 17:00:00
1523,248,177,คลองสมเด็จเจ้าพระยา,คลองสาน,ถนนประชาธิปก,11-Jul,1450,คลองสาน,1,5/13/2020 17:00:00,5/13/2020 17:00:00
1524,247,176,คลองสนามชัย,คลองวัดสิงห์,สุดเขต กทม.,14 - 40,14900,บางขุนเทียน,1,5/13/2020 17:00:00,5/13/2020 17:00:00
1525,246,176,คลองสนามชัย,คลองดาวคะนอง,สุดเขตจอมทอง,20 - 50,2700,จอมทอง,1,5/13/2020 17:00:00,5/13/2020 17:00:00
1526,245,175,คลองศาลาลอยล่าง,คลองประเวศบุรีรมย์,คลองมะขามเทศ,9-May,3000,ประเวศ,1,5/13/2020 17:00:00,5/13/2020 17:00:00
1527,244,174,คลองศาลาลอยบน,คลองประเวศบุรีรมย์,คลองศาลาลอยล่าง,8-Jun,1500,ประเวศ,1,5/13/2020 17:00:00,5/13/2020 17:00:00
1528,243,173,คลองศาลเจ้า(ตลิ่งชัน),คลองมหาสวัสดิ์,คลองวัดไก่เตี้ย,6-Apr,2850,ตลิ่งชัน,1,5/13/2020 17:00:00,5/13/2020 17:00:00
1529,242,172,คลองศาลเจ้า,คลองพระโขนง,ถนนอ่อนนุช,12-Jun,1500,สวนหลวง,1,5/13/2020 17:00:00,5/13/2020 17:00:00
1530,241,171,คลองวัดหลักสี่,คลองเปรมประชากร,คลองสอง,9-Jun,1300,หลักสี่,1,5/13/2020 17:00:00,5/13/2020 17:00:00
1531,240,170,คลองวัดสิงห์,ทางรถไฟสายมหาชัย,คลองสนามชัย,6-Apr,300,บางขุนเทียน,1,5/13/2020 17:00:00,5/13/2020 17:00:00
1532,239,170,คลองวัดสิงห์,คลองบางโคลัด,ทางรถไฟสายมหาชัย,6-Apr,1700,บางบอน,1,5/13/2020 17:00:00,5/13/2020 17:00:00
1533,238,170,คลองวัดสิงห์,คลองบางระแนะ,คลองบางโคลัด,6-Apr,650,ภาษีเจริญ,1,5/13/2020 17:00:00,5/13/2020 17:00:00
1534,237,169,คลองวัดยานนาวา,แม่น้ำเจ้าพระยา,ซอยโรงน้ำแข็ง,6-Mar,900,สาทร,1,5/13/2020 17:00:00,5/13/2020 17:00:00
1535,236,168,คลองวัดภาวนา,คลองบางกอกน้อย,คลองบางขุนนนท์,8-Apr,1300,บางกอกน้อย,1,5/13/2020 17:00:00,5/13/2020 17:00:00
1536,235,167,คลองวัดพิกุล,ถนนบรมราชชนนี,ทางรถไฟสายใต้,7-Mar,1150,บางพลัด,1,5/13/2020 17:00:00,5/13/2020 17:00:00
1537,234,167,คลองวัดพิกุล,คลองบางกอกน้อย,ถนนบรมราชชนนี,7-Mar,650,บางกอกน้อย,1,5/13/2020 17:00:00,5/13/2020 17:00:00
1538,233,166,คลองวัดไผ่เงิน,ซอยหน้าวัดไผ่เงิน,คลองขวาง 3 (ขวางอยู่ดี),5-Apr,620,บางคอแหลม,1,5/13/2020 17:00:00,5/13/2020 17:00:00
1539,232,165,คลองวัดไทร,แม่น้ำเจ้าพระยา,คลองขวาง 3 (ขวางอยู่ดี),7-Apr,1210,บางคอแหลม,1,5/13/2020 17:00:00,5/13/2020 17:00:00
1540,231,164,คลองวัดตึก,ถนนลาดพร้าว,คลองแสนแสบ,8-Apr,3750,วังทองหลาง,1,5/13/2020 17:00:00,5/13/2020 17:00:00
1541,230,163,คลองวัดเจ้าอาม,คลองชักพระ,ถนนบางขุนนนท์ - ตลิ่งชัน,8-Apr,800,บางกอกน้อย,1,5/13/2020 17:00:00,5/13/2020 17:00:00
1542,229,162,คลองวัดไก่เตี้ย,คลองบางกอกน้อย,คลองวัดตลิ่งชัน,6-Mar,1450,ตลิ่งชัน,1,5/13/2020 17:00:00,5/13/2020 17:00:00
1543,228,161,คลองวังใหญ่บน,คลองทับช้างล่าง,คลองบ้านม้า,8-Jun,1750,สะพานสูง,1,5/13/2020 17:00:00,5/13/2020 17:00:00
1544,227,160,คลองวังเดิม,คลองบางกอกใหญ่,คลองมอญ,6-Apr,950,บางกอกใหญ่,1,5/13/2020 17:00:00,5/13/2020 17:00:00
1545,226,159,คลองเลนเปน,คลองบางบอน,คลองสนามชัย,12-May,5750,บางขุนเทียน,1,5/13/2020 17:00:00,5/13/2020 17:00:00
1546,225,158,คลองลำพังพวย,บึงลำพังพวย,คลองแสนแสบ,25-Dec,1300,บางกะปิ,1,5/13/2020 17:00:00,5/13/2020 17:00:00
1547,224,158,คลองลำพังพวย,คลองจั่น,บึงลำพังพวย,25-Dec,2500,บางกะปิ,1,5/13/2020 17:00:00,5/13/2020 17:00:00
1548,223,157,คลองลำบึงใหญ่,ลำรางตาทรัพย์,คลองลำกอไผ่,15 - 25,2900,ลาดกระบัง,1,5/13/2020 17:00:00,5/13/2020 17:00:00
1549,222,157,คลองลำบึงใหญ่,คลองแสนแสบ,ลำรางตาทรัพย์,15 - 25,4200,มีนบุรี,1,5/13/2020 17:00:00,5/13/2020 17:00:00
1550,221,156,คลองลำบึงบ้านม้า,ซ.อ่างศิลา,คลองจวน,10-May,1950,สวนหลวง,1,5/13/2020 17:00:00,5/13/2020 17:00:00
1551,220,156,คลองลำบึงบ้านม้า,ถนนกรุงเทพฯ -ชลบุรี,คูน้ำหมู่บ้านเอื้อสุข,10-May,950,ประเวศ,1,5/13/2020 17:00:00,5/13/2020 17:00:00
1552,219,156,คลองลำบึงบ้านม้า,คลองบ้านม้า,ถ.กรุงเทพ - ชลบุรี,10-May,650,สะพานสูง,1,5/13/2020 17:00:00,5/13/2020 17:00:00
1553,218,155,คลองลำบึงขวาง(มีนบุรี),คลองลาดบัวขาว,ปตร.ระบายน้ำคลองลำบึงขวาง,18-Aug,4050,มีนบุรี,1,5/13/2020 17:00:00,5/13/2020 17:00:00
1554,217,154,คลองลำชะล่า,ซอย รามอินทรา 58,คลองตาเร่ง,8-May,2000,คันนายาว,1,5/13/2020 17:00:00,5/13/2020 17:00:00
1555,216,153,คลองลำเจียรดับ,คลองแสนแสบ,คลองลำหินใต้,15-Aug,6500,หนองจอก,1,5/13/2020 17:00:00,5/13/2020 17:00:00
1556,215,152,คลองลำเจียก,คลองอ้ายเสือ,คลองบางขวด,8-May,2800,บึงกุ่ม,1,5/13/2020 17:00:00,5/13/2020 17:00:00
1557,214,151,คลองลำเกร็ด,คลองลำชะล่า,คลองบางชัน,10-May,5550,คันนายาว,1,5/13/2020 17:00:00,5/13/2020 17:00:00
1558,213,150,คลองลาว,คลองกะจะ,คลองหัวหมาก,8-Jun,3000,สวนหลวง,1,5/13/2020 17:00:00,5/13/2020 17:00:00
1559,212,149,คลองลาดยาว,คลองเปรมประชากร,บริเวณถนนพหลโยธิน 23,8-Apr,2350,จตุจักร,1,5/13/2020 17:00:00,5/13/2020 17:00:00
1560,211,148,คลองลาดพร้าว,คลองน้ำแก้ว,คลองบางเขน,30-Dec,6250,จตุจักร,1,5/13/2020 17:00:00,5/13/2020 17:00:00
1561,210,148,คลองลาดพร้าว,คลองแสนแสบ,คลองน้ำแก้ว,18 - 30,6250,ห้วยขวาง,1,5/13/2020 17:00:00,5/13/2020 17:00:00
1562,209,147,คลองลาดบัวขาว,คลองแสนแสบ,คลองบึงขวาง,20-Aug,5200,สะพานสูง,1,5/13/2020 17:00:00,5/13/2020 17:00:00
1563,208,146,คลองโรงยาว,คลองบางจาก,คลองภาษีเจริญ,5-Mar,800,ภาษีเจริญ,1,5/13/2020 17:00:00,5/13/2020 17:00:00
1564,207,145,คลองราษฏร์บูรณะ,คลองข้าง ร.ร.ขจรโรจน์,สวนธนบุรีรมย์,6-Apr,850,ทุ่งครุ,1,5/13/2020 17:00:00,5/13/2020 17:00:00
1565,206,145,คลองราษฏร์บูรณะ,แม่น้ำเจ้าพระยา,คลองข้าง รร.ขจรโรจน์,15-May,3150,ราษฎร์บูรณะ,1,5/13/2020 17:00:00,5/13/2020 17:00:00
1566,205,144,คลองราษฎร์สามัคคี,คลองทวีวัฒนา,คลองมหาศร,6-Apr,3450,หนองแขม,1,5/13/2020 17:00:00,5/13/2020 17:00:00
1567,204,143,คลองระหาญ,ทางรถไฟสายมหาชัย,คลองสนามชัย,7-Jun,4000,บางขุนเทียน,1,5/13/2020 17:00:00,5/13/2020 17:00:00
1568,203,142,คลองระหัส,คลองกุ่ม,คลองแสนแสบ,12-Jun,2950,บึงกุ่ม,1,5/13/2020 17:00:00,5/13/2020 17:00:00
1569,202,141,คลองรอบกรุง (คลองโอ่งอ่าง),แม่น้ำเจ้าพระยา,คลองมหานาค,12-Aug,1900,พระนคร,1,5/13/2020 17:00:00,5/13/2020 17:00:00
1570,201,140,คลองรอบกรุง (คลองบางลำภู),คลองมหานาค,แม่น้ำเจ้าพระยา,20 - 22,1550,พระนคร,1,5/13/2020 17:00:00,5/13/2020 17:00:00
1571,200,139,คลองแยกคลองบางซ่อน,คลองส้มป่อยพระราม 6,สุดระยะที่กำหนดให้ (ซอยประชานฤมิตร),8-Mar,1200,บางซื่อ,1,5/13/2020 17:00:00,5/13/2020 17:00:00
1572,199,138,คลองยายสุ่น,ถนนรัชดาภิเษก,ศรีวราแมนชั่น,6-Apr,550,ดินแดง,1,5/13/2020 17:00:00,5/13/2020 17:00:00
1573,198,138,คลองยายสุ่น,คลองสามเสน,ถนนรัชดาภิเษก,8-Mar,950,ห้วยขวาง,1,5/13/2020 17:00:00,5/13/2020 17:00:00
1574,197,137,คลองยายเพียร,คลองบางจาก,คลองภาษีเจริญ,6-Apr,800,ภาษีเจริญ,1,5/13/2020 17:00:00,5/13/2020 17:00:00
1575,196,136,คลองยายเผื่อน,คลองตาหนัง,คลองแสนแสบ,8-Apr,2000,บางกะปิ,1,5/13/2020 17:00:00,5/13/2020 17:00:00
1576,195,135,คลองยายเทียบ,คลองบางจาก,คลองบางแค,6-Mar,900,บางแค,1,5/13/2020 17:00:00,5/13/2020 17:00:00
1577,194,134,คลองแม่จันทร์,ถนนกรุงเทพฯ - ชลบุรี,คลองประเวศบุรีรมย์,8-Jun,1000,ประเวศ,1,5/13/2020 17:00:00,5/13/2020 17:00:00
1578,193,134,คลองแม่จันทร์,คลองบึงขวาง,ถ.กรุงเทพ - ชลบุรี,12-Aug,3000,สะพานสูง,1,5/13/2020 17:00:00,5/13/2020 17:00:00
1579,192,133,คลองมะนาว,ถนนนราธิวาสราชนครินทร์,ถนนนางลิ้นจี่,3.5 - 12,400,ยานนาวา,1,5/13/2020 17:00:00,5/13/2020 17:00:00
1580,191,133,คลองมะนาว,แม่น้ำเจ้าพระยา,ถนนนราธิวาสราชนครินทร์,12-Apr,3300,บางคอแหลม,1,5/13/2020 17:00:00,5/13/2020 17:00:00
1581,190,132,คลองมะขามเทศ,คลองสองห้อง,คลองหนองบอน,9-Jun,4000,ประเวศ,1,5/13/2020 17:00:00,5/13/2020 17:00:00
1582,189,131,คลองมอญ,แม่น้ำเจ้าพระยา,คลองบางกอกใหญ่,25-Dec,2950,บางกอกใหญ่,1,5/13/2020 17:00:00,5/13/2020 17:00:00
1583,188,130,คลองมหาศร,คลองบางไผ่,คลองภาษีเจริญ,7-Jun,6400,หนองแขม,1,5/13/2020 17:00:00,5/13/2020 17:00:00
1584,187,129,คลองมหานาค,คลองรอบกรุง (คลองโอ่งอ่าง),คลองผดุงกรุงเกษม,20 - 25,1250,ป้อมปราบศัตรูพ่าย,1,5/13/2020 17:00:00,5/13/2020 17:00:00
1585,186,128,คลองภาษีเจริญ,คลองทวีวัฒนา,สุดเขต กทม.,16 - 30,5150,หนองแขม,1,5/13/2020 17:00:00,5/13/2020 17:00:00
1586,185,128,คลองภาษีเจริญ,คลองพระยาราชมนตรี,คลองทวีวัฒนา,16 -30,5100,บางแค,1,5/13/2020 17:00:00,5/13/2020 17:00:00
1587,184,128,คลองภาษีเจริญ,คลองบางกอกใหญ่,คลองพระยาราชมนตรี,15 - 30,5000,ภาษีเจริญ,1,5/13/2020 17:00:00,5/13/2020 17:00:00
1588,183,127,คลองโพธิ์(ทวีวัฒนา),คลองมหาสวัสดิ์,คลองควาย,8-Jun,2500,ทวีวัฒนา,1,5/13/2020 17:00:00,5/13/2020 17:00:00
1589,182,126,คลองพลับพลา,คลองลาดพร้าว,คลองแสนแสบ,8-Jun,1800,วังทองหลาง,1,5/13/2020 17:00:00,5/13/2020 17:00:00
1590,181,125,คลองพระราชดำริ 2,คลองแสนแสบ,คลองสี่ตะวันออก,15 - 20,8280,คลองสามวา,1,5/13/2020 17:00:00,5/13/2020 17:00:00
1591,180,124,คลองพระราชดำริ 1,คลองแสนแสบ,คลองสองตะวันออก,15 - 20,5300,คลองสามวา,1,5/13/2020 17:00:00,5/13/2020 17:00:00
1592,179,123,คลองพระยาสุเรนทร์,คลองบึงพระยาสุเรนทร์,คลองบางชัน (สน.คันนายาว),20-Oct,3100,บางเขน,1,5/13/2020 17:00:00,5/13/2020 17:00:00
1593,178,123,คลองพระยาสุเรนทร์,คลองหกวา,คลองบึงพระยาสุเรนทร์,30 - 40,7000,สายไหม,1,5/13/2020 17:00:00,5/13/2020 17:00:00
1594,177,122,คลองพระยาราชมนตรี,คลองบางแวก,คลองบางเชือกหนัง,May-37,1250,ภาษีเจริญ,1,5/13/2020 17:00:00,5/13/2020 17:00:00
1595,176,122,คลองพระยาราชมนตรี,คลองบางโคลัด,คลองบางแวก,May-37,4900,บางแค,1,5/13/2020 17:00:00,5/13/2020 17:00:00
1596,175,122,คลองพระยาราชมนตรี,ทางรถไฟสายมหาชัย,คลองบางโคลัด,May-37,2300,บางบอน,1,5/13/2020 17:00:00,5/13/2020 17:00:00
1597,174,122,คลองพระยาราชมนตรี,คลองสนามชัย,ทางรถไฟสายมหาชัย,May-37,4750,บางขุนเทียน,1,5/13/2020 17:00:00,5/13/2020 17:00:00
1598,173,121,คลองพระโขนง,แยกคลองบางนางจีน,คลองหนองบอน,22 - 44,7000,สวนหลวง,1,5/13/2020 17:00:00,5/13/2020 17:00:00
1599,172,121,คลองพระโขนง,ถนนสุขุมวิท,คลองบางนางจีน,20 - 40,1300,วัฒนา,1,5/13/2020 17:00:00,5/13/2020 17:00:00
1600,171,121,คลองพระโขนง,แม่น้ำเจ้าพระยา,ถนนสุขุมวิท,30 - 40,2000,คลองเตย,1,5/13/2020 17:00:00,5/13/2020 17:00:00
1601,170,120,คลองพญาเวิก,คลองบางซื่อ,สุดระยะที่กำหนดให้,8-Mar,1800,จตุจักร,1,5/13/2020 17:00:00,5/13/2020 17:00:00
1602,169,119,คลองไผ่สิงห์โต,ถนนวิทยุ,ทางด่วนพิเศษ,7-May,600,ปทุมวัน,1,5/13/2020 17:00:00,5/13/2020 17:00:00
1603,168,119,คลองไผ่สิงห์โต,ถนนรัชดาภิเษก,คลองเตย,20-Apr,750,คลองเตย,1,5/13/2020 17:00:00,5/13/2020 17:00:00
1604,167,119,คลองไผ่สิงห์โต,ทางด่วนมหานคร,ถนนรัชดาภิเษก,20 - 44,800,คลองเตย,1,5/13/2020 17:00:00,5/13/2020 17:00:00
1605,166,118,คลองผักหนาม,ถนนบรมราชชนนี,คลองบางยี่ขัน,8-Jun,300,บางพลัด,1,5/13/2020 17:00:00,5/13/2020 17:00:00
1606,165,118,คลองผักหนาม,คลองบางกอกน้อย,ถนนบรมราชชนนี,8-Jun,1000,บางกอกน้อย,1,5/13/2020 17:00:00,5/13/2020 17:00:00
1607,164,117,คลองผดุงกรุงเกษม,สะพานเจริญสวัสดิ์,แม่น้ำเจ้าพระยา,20,1000,สัมพันธวงศ์,1,5/13/2020 17:00:00,5/13/2020 17:00:00
1608,163,117,คลองผดุงกรุงเกษม,สะพานมัฆวานรังสรรค์,สะพานเจริญสวัสดิ์,24,3100,ป้อมปราบศัตรูพ่าย,1,5/13/2020 17:00:00,5/13/2020 17:00:00
1609,162,117,คลองผดุงกรุงเกษม,แม่น้ำเจ้าพระยา,สะพานมัฆวานรังสรรค์,22,1300,พระนคร,1,5/13/2020 17:00:00,5/13/2020 17:00:00
1610,161,116,คลองเปรมประชากร,คลองตาอูฐ,คลองบ้านใหม่,30-Dec,5450,ดอนเมือง,1,5/13/2020 17:00:00,5/13/2020 17:00:00
1611,160,116,คลองเปรมประชากร,คลองบางเขน,คลองตาอูฐ,30-Dec,5550,หลักสี่,1,5/13/2020 17:00:00,5/13/2020 17:00:00
1612,159,116,คลองเปรมประชากร,ทางรถไฟสายใต้,คลองบางเขน,20 - 30,4400,จตุจักร,1,5/13/2020 17:00:00,5/13/2020 17:00:00
1613,158,116,คลองเปรมประชากร,คลองบางซื่อ,ทางรถไฟสายใต้,16 - 30,2650,บางซื่อ,1,5/13/2020 17:00:00,5/13/2020 17:00:00
1614,157,116,คลองเปรมประชากร,คลองผดุงกรุงเกษม,คลองบางซื่อ,14-Dec,4700,ดุสิต,1,5/13/2020 17:00:00,5/13/2020 17:00:00
1617,154,113,คลองปักหลัก,คลองอาจารย์พร,คลองจรเข้ขบ,8-Jul,3050,ประเวศ,1,5/13/2020 17:00:00,5/13/2020 17:00:00
1618,153,112,คลองปลัดเปรียง,คลองมะขามเทศ,คลองต้นตาล,8-May,3800,ประเวศ,1,5/13/2020 17:00:00,5/13/2020 17:00:00
1619,152,111,คลองประเวศบุรีรมย์,ปตร.คลองประเวศ ตอนลาดกระบัง,สุดเขต กทม.,45,17000,ลาดกระบัง,1,5/13/2020 17:00:00,5/13/2020 17:00:00
1620,151,111,คลองประเวศบุรีรมย์,คลองตาพุก,ปตร.คลองประเวศ ตอนลาดกระบัง,22 - 44,8100,ลาดกระบัง,1,5/13/2020 17:00:00,5/13/2020 17:00:00
1621,150,111,คลองประเวศบุรีรมย์,คลองหนองบอน,คลองตาพุก,22 - 44,5000,ประเวศ,1,5/13/2020 17:00:00,5/13/2020 17:00:00
1622,149,110,คลองบุปผาราม,คลองบางกอกใหญ่,คลองสมเด็จเจ้าพระยา,5-Apr,550,ธนบุรี,1,5/13/2020 17:00:00,5/13/2020 17:00:00
1623,148,109,คลองบ้านหลาย,คลองพระโขนง,สุดระยะที่กำหนดให้,8-Jul,3400,พระโขนง,1,5/13/2020 17:00:00,5/13/2020 17:00:00
1624,147,108,คลองบ้านม้า,คลองพระโขนง,ทางรถไฟสายตะวันออก,10-May,4150,สวนหลวง,1,5/13/2020 17:00:00,5/13/2020 17:00:00
1625,146,108,คลองบ้านม้า,ถนนกรุงเทพฯ -ชลบุรี,คลองประเวศบุรีรมย์,10-Aug,1800,ประเวศ,1,5/13/2020 17:00:00,5/13/2020 17:00:00
1626,145,108,คลองบ้านม้า,คลองลำบึงบ้านม้า,ถ.กรุงเทพ - ชลบุรี,25-Jul,400,สะพานสูง,1,5/13/2020 17:00:00,5/13/2020 17:00:00
1627,144,108,คลองบ้านม้า,คลองแสนแสบ,คลองลำบึงบ้านม้า,25-Jul,6000,บางกะปิ,1,5/13/2020 17:00:00,5/13/2020 17:00:00
1628,143,107,คลองบ้านป่า,คลองตัน,คลองลาว,15-Apr,3000,สวนหลวง,1,5/13/2020 17:00:00,5/13/2020 17:00:00
1629,142,106,คลองบ้านกล้วยใต้,ถนนสุขุมวิท (บ่อสูบน้ำ),คลองเตย,8-Apr,1500,คลองเตย,1,5/13/2020 17:00:00,5/13/2020 17:00:00
1630,141,105,คลองบางอ้าย,ถนนบางบอน 3,คลองสิรินธร,6-Apr,300,หนองแขม,1,5/13/2020 17:00:00,5/13/2020 17:00:00
1631,140,105,คลองบางอ้าย,คลองพระยาราชมนตรี,ถนนบางบอน 3,6-Apr,5200,บางแค,1,5/13/2020 17:00:00,5/13/2020 17:00:00
1632,139,104,คลองบางอ้อใหญ่,แม่น้ำเจ้าพระยา (สถานีสูบน้ำคลองบางอ้อ),คลองบางนางจีน,7-Jun,3300,พระโขนง,1,5/13/2020 17:00:00,5/13/2020 17:00:00
1633,138,103,คลองบางอ้อน้อย,คลองบางอ้อใหญ่,คลองบางจาก,11-May,1250,พระโขนง,1,5/13/2020 17:00:00,5/13/2020 17:00:00
1634,137,102,คลองบางอ้อ,แม่น้ำเจ้าพระยา,ทางรถไฟสายใต้,6-Apr,1300,บางพลัด,1,5/13/2020 17:00:00,5/13/2020 17:00:00
1635,136,101,คลองบางหว้า,คลองสวนหลวง,คลองบางจาก,7-May,1550,ภาษีเจริญ,1,5/13/2020 17:00:00,5/13/2020 17:00:00
1636,135,101,คลองบางหว้า,คลองด่าน,คลองสวนหลวง,7-May,1500,จอมทอง,1,5/13/2020 17:00:00,5/13/2020 17:00:00
1637,134,100,คลองบางไส้ไก่,แม่น้ำเจ้าพระยา,คลองบางกอกใหญ่,9-Apr,3250,ธนบุรี,1,5/13/2020 17:00:00,5/13/2020 17:00:00
1638,133,99,คลองบางสะแก,คลองวัดใหม่ยายนุ้ย,คลองบางกอกใหญ่,9-Apr,1350,ธนบุรี,1,5/13/2020 17:00:00,5/13/2020 17:00:00
1639,132,99,คลองบางสะแก,คลองดาวคะนอง,คลองวัดใหม่ยายนุ้ย,15-Aug,2150,จอมทอง,1,5/13/2020 17:00:00,5/13/2020 17:00:00
1640,131,98,คลองบางแวก,คลองพระยาราชมนตรี,คลองทวีวัฒนา,10-Jun,6500,บางแค,1,5/13/2020 17:00:00,5/13/2020 17:00:00
1641,130,98,คลองบางแวก,คลองบางกอกใหญ่,คลองพระยาราชมนตรี,10-Jun,4000,ภาษีเจริญ,1,5/13/2020 17:00:00,5/13/2020 17:00:00
1642,129,97,คลองบางลำภูล่าง,แม่น้ำเจ้าพระยา,คลองบางไส้ไก่,8-Apr,1800,คลองสาน,1,5/13/2020 17:00:00,5/13/2020 17:00:00
1643,128,96,คลองบางละมุด,แม่น้ำเจ้าพระยา,ทางรถไฟสายใต้,7-Apr,2450,บางพลัด,1,5/13/2020 17:00:00,5/13/2020 17:00:00
1644,127,95,คลองบางระมาด,คลองขุนศรีบุรีรักษ์,ถนนกาญจนาภิเษก,12-Jun,3500,ทวีวัฒนา,1,5/13/2020 17:00:00,5/13/2020 17:00:00
1645,126,95,คลองบางระมาด,คลองบางกอกใหญ่,คลองขุนศรีบุรีรักษ์,20-Jun,3600,ตลิ่งชัน,1,5/13/2020 17:00:00,5/13/2020 17:00:00
1646,125,94,คลองบางระแนะ,คลองตาฉ่ำ,คลองสนามชัย,8-Jun,2650,จอมทอง,1,5/13/2020 17:00:00,5/13/2020 17:00:00
1647,124,94,คลองบางระแนะ,คลองภาษีเจริญ,คลองตาฉ่ำ,8-Jun,1150,ภาษีเจริญ,1,5/13/2020 17:00:00,5/13/2020 17:00:00
1648,123,93,คลองบางยี่ขัน,แม่น้ำเจ้าพระยา,ทางรถไฟสายใต้,6-Apr,2500,บางพลัด,1,5/13/2020 17:00:00,5/13/2020 17:00:00
1649,122,92,คลองบางมะเขือ,โรงเรียนพิบูลย์เวศน์,คลองพระโขนง,15-Feb,1450,วัฒนา,1,5/13/2020 17:00:00,5/13/2020 17:00:00
1650,121,91,คลองบางมด,คลองตาสุก,คลองสวน,18-Jun,5700,บางขุนเทียน,1,5/13/2020 17:00:00,5/13/2020 17:00:00
1651,120,91,คลองบางมด,คลองบางขุนเทียน,คลองตาสุก,12-Jun,4050,จอมทอง,1,5/13/2020 17:00:00,5/13/2020 17:00:00
1652,119,90,คลองบางโพ,แม่น้ำเจ้าพระยา,ถนนกรุงเทพ-นนทบุรี,1.5 - 6.5,1450,บางซื่อ,1,5/13/2020 17:00:00,5/13/2020 17:00:00
1653,118,89,คลองบางพลัด,แม่น้ำเจ้าพระยา,ทางรถไฟสายใต้,8-May,1750,บางพลัด,1,5/13/2020 17:00:00,5/13/2020 17:00:00
1655,116,88,คลองบางไผ่,คลองลัดตาเหนียว,คลองทวีวัฒนา,10-Apr,6000,บางแค,1,5/13/2020 17:00:00,5/13/2020 17:00:00
1656,115,88,คลองบางไผ่,คลองพระยาราชมนตรี,คลองลัดตาเหนียว,12-May,1300,ภาษีเจริญ,1,5/13/2020 17:00:00,5/13/2020 17:00:00
1657,114,87,คลองบางปะแก้ว,ถนนสุขสวัสดิ์,คลองยายจำปี,15-Apr,2800,จอมทอง,1,5/13/2020 17:00:00,5/13/2020 17:00:00
1658,113,87,คลองบางปะแก้ว,แม่น้ำเจ้าพระยา,ถนนสุขสวัสดิ์,15-Dec,650,ราษฎร์บูรณะ,1,5/13/2020 17:00:00,5/13/2020 17:00:00
1659,112,86,คลองบางปะกอก,แม่น้ำเจ้าพระยา,คลองนางปาน,25-Apr,2050,ราษฎร์บูรณะ,1,5/13/2020 17:00:00,5/13/2020 17:00:00
1660,111,85,คลองบางประทุน,คลองตาฉ่ำ,คลองสนามชัย,8-Apr,2900,จอมทอง,1,5/13/2020 17:00:00,5/13/2020 17:00:00
1661,110,85,คลองบางประทุน,คลองบางระแนะ,คลองตาฉ่ำ,8-Apr,750,ภาษีเจริญ,1,5/13/2020 17:00:00,5/13/2020 17:00:00
1662,109,84,คลองบางบำหรุ,ถนนบรมราชชนนี,ทางรถไฟสายใต้,8-Jun,1950,บางพลัด,1,5/13/2020 17:00:00,5/13/2020 17:00:00
1663,108,84,คลองบางบำหรุ,คลองบางกอกน้อย,ถนนบรมราชชนนี,12-Aug,850,บางกอกน้อย,1,5/13/2020 17:00:00,5/13/2020 17:00:00
1664,107,83,คลองบางน้ำชน,แม่น้ำเจ้าพระยา,คลองบางกอกใหญ่,17-Apr,2850,ธนบุรี,1,5/13/2020 17:00:00,5/13/2020 17:00:00
1665,106,82,คลองบางนางจีน,ซอยสุขุมวิท 81,คลองบางอ้อใหญ่,10-Apr,3950,พระโขนง,1,5/13/2020 17:00:00,5/13/2020 17:00:00
1666,105,82,คลองบางนางจีน,คลองพระโขนง,ซอยสุขุมวิท 81,12-May,800,สวนหลวง,1,5/13/2020 17:00:00,5/13/2020 17:00:00
1667,104,81,คลองบางนา,แม่น้ำเจ้าพระยา,คลองเคล็ด,15-Mar,7900,บางนา,1,5/13/2020 17:00:00,5/13/2020 17:00:00
1668,103,80,คลองบางเตย,คลองบางขวด,คลองแสนแสบ,15-Aug,4500,บึงกุ่ม,1,5/13/2020 17:00:00,5/13/2020 17:00:00
1669,102,79,คลองบางตลาด,คลองเปรมประชากร,คลองประปา,14-Jun,2750,หลักสี่,1,5/13/2020 17:00:00,5/13/2020 17:00:00
1670,101,78,คลองบางซื่อ,ถนนรัชดาภิเษก,คลองลาดพร้าว,14-Jun,1800,ห้วยขวาง,1,5/13/2020 17:00:00,5/13/2020 17:00:00
1671,100,78,คลองบางซื่อ,ถนนวิภาวดีรังสิต,ถนนรัชดาภิเษก,18-Dec,1450,ดินแดง,1,5/13/2020 17:00:00,5/13/2020 17:00:00
1672,99,78,คลองบางซื่อ,ทางรถไฟสายเหนือ,ถนนวิภาวดีรังสิต,18-Dec,2600,พญาไท,1,5/13/2020 17:00:00,5/13/2020 17:00:00
1673,98,78,คลองบางซื่อ,คลองเปรมประชากร,ทางรถไฟสายเหนือ,18-Dec,500,บางซื่อ,1,5/13/2020 17:00:00,5/13/2020 17:00:00
1674,97,78,คลองบางซื่อ,แม่น้ำเจ้าพระยา,คลองเปรมประชากร,18-Dec,1550,ดุสิต,1,5/13/2020 17:00:00,5/13/2020 17:00:00
1675,96,77,คลองบางซ่อน,แม่น้ำเจ้าพระยา,คลองแยกคลองบางซ่อน,17-Jun,1000,บางซื่อ,1,5/13/2020 17:00:00,5/13/2020 17:00:00
1676,95,76,คลองบางเชือกหนัง,คลองลัดตาเหนียว,คลองมอญ,20-Jun,6650,ภาษีเจริญ,1,5/13/2020 17:00:00,5/13/2020 17:00:00
1677,94,76,คลองบางเชือกหนัง,คลองทวีวัฒนา,คลองลัดตาเหนียว,20-Jun,5750,บางแค,1,5/13/2020 17:00:00,5/13/2020 17:00:00
1678,93,76,คลองบางเชือกหนัง,ถนนกาญจนาภิเษก,คลองทวีวัฒนา,15 - 16,5700,ทวีวัฒนา,1,5/13/2020 17:00:00,5/13/2020 17:00:00
1679,92,75,คลองบางชัน,สน.คันนายาว,คลองแสนแสบ,27-Jul,8000,คันนายาว,1,5/13/2020 17:00:00,5/13/2020 17:00:00
1680,91,74,คลองบางจาก(บางพลัด),แม่น้ำเจ้าพระยา,ถนนสิรินธร,6-May,1200,บางพลัด,1,5/13/2020 17:00:00,5/13/2020 17:00:00
1681,90,73,คลองบางจาก,คลองทวีวัฒนา,มหาวิทยาลัยเอเชียอาคเนย์,10-Apr,1800,หนองแขม,1,5/13/2020 17:00:00,5/13/2020 17:00:00
1682,89,73,คลองบางจาก,คลองพระยาราชมนตรี,คลองทวีวัฒนา,10-Apr,5900,บางแค,1,5/13/2020 17:00:00,5/13/2020 17:00:00
1683,88,73,คลองบางจาก,คลองบางกอกใหญ่,คลองพระยาราชมนตรี,10-Apr,4800,ภาษีเจริญ,1,5/13/2020 17:00:00,5/13/2020 17:00:00
1684,87,72,คลองบางจาก,แม่น้ำเจ้าพระยา,คลองบางอ้อใหญ่,12-Jun,2350,พระโขนง,1,5/13/2020 17:00:00,5/13/2020 17:00:00
1685,86,71,คลองบางโคลัด,คลองวัดสิงห์,คลองรางขี้เหล็ก,8-Apr,7150,บางบอน,1,5/13/2020 17:00:00,5/13/2020 17:00:00
1686,85,70,คลองบางโคล่ใหญ่,แม่น้ำเจ้าพระยา,สุดระยะที่กำหนดให้,6-Mar,1250,บางคอแหลม,1,5/13/2020 17:00:00,5/13/2020 17:00:00
1687,84,69,คลองบางโคล่สาร,แม่น้ำเจ้าพระยา,สุดระยะที่กำหนดให้,7-Apr,1250,บางคอแหลม,1,5/13/2020 17:00:00,5/13/2020 17:00:00
1688,83,68,คลองบางโคล่วัด,แม่น้ำเจ้าพระยา,คลองขวาง 3,10-Apr,1400,บางคอแหลม,1,5/13/2020 17:00:00,5/13/2020 17:00:00
1689,82,67,คลองบางโคล่น้อย,แม่น้ำเจ้าพระยา,ถ.แฉล้มนิมิตร,11-Mar,1250,บางคอแหลม,1,5/13/2020 17:00:00,5/13/2020 17:00:00
1690,81,66,คลองบางแค,คลองทวีวัฒนา,คลองพระยาราชมนตรี,8-May,5400,บางแค,1,5/13/2020 17:00:00,5/13/2020 17:00:00
1691,80,65,คลองบางคูเวียง(ทวีวัฒนา),คลองมหาสวัสดิ์,คลองทวีวัฒนา,8-Jun,3600,ทวีวัฒนา,1,5/13/2020 17:00:00,5/13/2020 17:00:00
1692,79,64,คลองบางค้อ,คลองบางสะแก,คลองด่าน,12-Apr,1800,จอมทอง,1,5/13/2020 17:00:00,5/13/2020 17:00:00
1693,78,63,คลองบางเขนใหม่,แม่น้ำเจ้าพระยา,คลองบางเขน,20-Nov,1550,บางซื่อ,1,5/13/2020 17:00:00,5/13/2020 17:00:00
1694,77,62,คลองบางเขน,ถนนประชาชื่น,แม่น้ำเจ้าพระยา,16-Sep,4750,บางซื่อ,1,5/13/2020 17:00:00,5/13/2020 17:00:00
1695,76,62,คลองบางเขน,คลองเปรมประชากร,ถนนประชาชื่น,16-Sep,2200,จตุจักร,1,5/13/2020 17:00:00,5/13/2020 17:00:00
1696,75,62,คลองบางเขน,คลองลาดพร้าว,คลองเปรมประชากร,16-Sep,2550,จตุจักร,1,5/13/2020 17:00:00,5/13/2020 17:00:00
1697,74,61,คลองบางขุนนนท์,คลองบางกอกน้อย,คลองจักรทอง (วัดทอง),8-Mar,1800,บางกอกน้อย,1,5/13/2020 17:00:00,5/13/2020 17:00:00
1698,73,60,คลองบางขุนเทียน,คลองสนามชัย,คลองบางมด,15-Aug,3650,จอมทอง,1,5/13/2020 17:00:00,5/13/2020 17:00:00
1699,72,59,คลองบางขี้เก้ง,คลองทวีวัฒนา,คลองพระยาราชมนตรี,6-Apr,6400,บางแค,1,5/13/2020 17:00:00,5/13/2020 17:00:00
1700,71,58,คลองบางขวด,คลองตาเร่ง,คลองบางเตย,10-May,4400,บึงกุ่ม,1,5/13/2020 17:00:00,5/13/2020 17:00:00
1701,70,57,คลองบางกะปิ,คลองสามเสน,คลองแสนแสบ,15-Sep,800,ห้วยขวาง,1,5/13/2020 17:00:00,5/13/2020 17:00:00
1702,69,56,คลองบางกอกใหญ่,คลองด่าน,แม่น้ำเจ้าพระยา,30 - 40,3400,บางกอกใหญ่,1,5/13/2020 17:00:00,5/13/2020 17:00:00
1703,68,56,คลองบางกอกใหญ่,คลองมอญ,คลองด่าน,Aug-40,2800,ภาษีเจริญ,1,5/13/2020 17:00:00,5/13/2020 17:00:00
1704,67,55,คลองบัว,คลองมหาสวัสดิ์,คลองบ้านไทร,8-Jun,2300,ตลิ่งชัน,1,5/13/2020 17:00:00,5/13/2020 17:00:00
1705,66,54,คลองน้ำแก้ว,ถนนรัชดาภิเษก,คลองพญาเวิก,8-Jul,850,ดินแดง,1,5/13/2020 17:00:00,5/13/2020 17:00:00
1706,65,53,คลองนาซอง,คลองสามเสน,คลองห้วยขวาง,6-Mar,3500,ดินแดง,1,5/13/2020 17:00:00,5/13/2020 17:00:00
1707,64,52,คลองนางหงษ์,คลองแสนแสบ,คลองสวนหลวง,7-Mar,3500,ปทุมวัน,1,5/13/2020 17:00:00,5/13/2020 17:00:00
1708,63,51,คลองนครเนื่องเขต,คลองแสนแสบ,สุดเขต กทม. (คลองหลวงแพ่ง),20 - 25,6500,หนองจอก,1,5/13/2020 17:00:00,5/13/2020 17:00:00
1709,62,50,คลองทับยาว,คลองลำพะอง,คลองประเวศบุรีรมย์,15 - 20,6800,ลาดกระบัง,1,5/13/2020 17:00:00,5/13/2020 17:00:00
1710,61,49,คลองทับช้างล่าง,ถนนกรุงเทพฯ - ชลบุรี,คลองทับช้างบน,8-Jun,1500,ประเวศ,1,5/13/2020 17:00:00,5/13/2020 17:00:00
1711,60,49,คลองทับช้างล่าง,คลองลาดบัวขาว,ถ.กรุงเทพ - ชลบุรี,10-Aug,5050,สะพานสูง,1,5/13/2020 17:00:00,5/13/2020 17:00:00
1712,59,48,คลองทับช้างบน,ถนนกรุงเทพฯ - ชลบุรี,คลองประเวศบุรีรมย์,24-Aug,1000,ประเวศ,1,5/13/2020 17:00:00,5/13/2020 17:00:00
1713,58,48,คลองทับช้างบน,คลองบึงขวาง,ถ.กรุงเทพ - ชลบุรี,10-Aug,2900,สะพานสูง,1,5/13/2020 17:00:00,5/13/2020 17:00:00
1714,57,47,คลองทวีวัฒนา,คลองบางไผ่,คลองภาษีเจริญ,Jun-35,5600,หนองแขม,1,5/13/2020 17:00:00,5/13/2020 17:00:00
1715,56,47,คลองทวีวัฒนา,คลองมหาสวัสดิ์,คลองบางไผ่,Jun-35,5500,ทวีวัฒนา,1,5/13/2020 17:00:00,5/13/2020 17:00:00
1716,55,46,คลองทรงกระเทียม,ถนนประดิษฐ์มนูธรรม,คลองจั่น,7-May,1050,วังทองหลาง,1,5/13/2020 17:00:00,5/13/2020 17:00:00
1717,54,46,คลองทรงกระเทียม,ถนนโชคชัย 4,ถนนประดิษฐ์มนูธรรม,10-Jun,2050,ลาดพร้าว,1,5/13/2020 17:00:00,5/13/2020 17:00:00
1718,53,46,คลองทรงกระเทียม,คลองลาดพร้าว,ถนนโชคชัย 4,7-May,850,วังทองหลาง,1,5/13/2020 17:00:00,5/13/2020 17:00:00
1719,52,45,คลองเตย,คลองพระโขนง,คลองไผ่สิงห์โต,Aug-48,3150,คลองเตย,1,5/13/2020 17:00:00,5/13/2020 17:00:00
1720,51,44,คลองตาอูฐ,คลองเปรมประชากร,สุดระยะที่กำหนดให้,8-Feb,3000,หลักสี่,1,5/13/2020 17:00:00,5/13/2020 17:00:00
1721,50,43,คลองตาหนัง,คลองลำเจียก,คลองแสนแสบ,8-May,6450,บางกะปิ,1,5/13/2020 17:00:00,5/13/2020 17:00:00
1722,49,42,คลองตาพุก,คลองประเวศบุรีรมย์,คลองขันแตก,20-Jun,3300,ประเวศ,1,5/13/2020 17:00:00,5/13/2020 17:00:00
1723,48,41,คลองตัน,คลองแสนแสบ,คลองพระโขนง,25 - 30,3700,วัฒนา,1,5/13/2020 17:00:00,5/13/2020 17:00:00
1724,47,40,คลองต้นไทร,คลองด่าน,คลองบางสะแก,5-Mar,1250,จอมทอง,1,5/13/2020 17:00:00,5/13/2020 17:00:00
1725,46,39,คลองต้นตาล,คลองปักหลัก,คลองปลัดเปรียง,8-Jun,4200,ประเวศ,1,5/13/2020 17:00:00,5/13/2020 17:00:00
1726,45,38,คลองดาวคะนอง,ถนนสุขสวัสดิ์,คลองบางขุนเทียน,15-Oct,2000,จอมทอง,1,5/13/2020 17:00:00,5/13/2020 17:00:00
1727,44,38,คลองดาวคะนอง,แม่น้ำเจ้าพระยา,ถนนสมเด็จพระเจ้าตากสิน,5-Aug,700,ราษฎร์บูรณะ,1,5/13/2020 17:00:00,5/13/2020 17:00:00
1728,43,37,คลองด่าน,คลองวัดนางชี,คลองบางขุนเทียน,15-Oct,2150,จอมทอง,1,5/13/2020 17:00:00,5/13/2020 17:00:00
1729,42,37,คลองด่าน,คลองบางกอกใหญ่,คลองวัดนางชี,15-Oct,850,ภาษีเจริญ,1,5/13/2020 17:00:00,5/13/2020 17:00:00
1730,41,36,คลองซอยที่ 9,คลองลำหิน,สุดเขต กทม.,34,6100,คลองสามวา,1,5/13/2020 17:00:00,5/13/2020 17:00:00
1731,40,35,คลองซอยที่ 8,คลองสี่ตะวันออก,สุดเขต กทม.,34,2530,คลองสามวา,1,5/13/2020 17:00:00,5/13/2020 17:00:00
1732,39,34,คลองซอยที่ 11,คลองลำหิน,สุดเขต กทม.,34,12000,หนองจอก,1,5/13/2020 17:00:00,5/13/2020 17:00:00
1733,38,33,คลองซอยที่ 10,คลองลำหิน,สุดเขต กทม.,34,11400,หนองจอก,1,5/13/2020 17:00:00,5/13/2020 17:00:00
1734,37,32,คลองซอย,คลองมหาสวัสดิ์,คลองบางพรม,8-Jun,3800,ทวีวัฒนา,1,5/13/2020 17:00:00,5/13/2020 17:00:00
1735,36,31,คลองชักพระ,คลองบางกอกน้อย,คลองมอญ,25-May,5200,ตลิ่งชัน,1,5/13/2020 17:00:00,5/13/2020 17:00:00
1736,35,30,คลองช่องนนทรี,ถนนจันทน์,แม่น้ำเจ้าพระยา,15 - 16,2000,ยานนาวา,1,5/13/2020 17:00:00,5/13/2020 17:00:00
1737,34,30,คลองช่องนนทรี,ถนนสาทร,ถนนจันทน์,15,1700,สาทร,1,5/13/2020 17:00:00,5/13/2020 17:00:00
1738,33,30,คลองช่องนนทรี,ถนนสี่พระยา,ถนนสาทร,43907,1300,บางรัก,1,5/13/2020 17:00:00,5/13/2020 17:00:00
1739,32,29,คลองชวดใหญ่ (ลำรางยมราช),คลองลาดพร้าว,คลองสามเสน,16-Aug,2300,ห้วยขวาง,1,5/13/2020 17:00:00,5/13/2020 17:00:00
1740,31,28,คลองเฉลิมชัยพัฒนา,คลองสนามชัย,ปากคลองบางขโมย (หัวกระบือ),50 - 70,2150,บางขุนเทียน,1,5/13/2020 17:00:00,5/13/2020 17:00:00
1741,30,27,คลองแจงร้อน,ซอยประชาอุทิศ  17,คลองขวาง,6-Apr,1450,ทุ่งครุ,1,5/13/2020 17:00:00,5/13/2020 17:00:00
1742,29,27,คลองแจงร้อน,แม่น้ำเจ้าพระยา,ซอยประชาอุทิศ 17,15-Apr,2550,ราษฎร์บูรณะ,1,5/13/2020 17:00:00,5/13/2020 17:00:00
1743,28,26,คลองเจ้าคุณสิงห์,คลองทรงกระเทียม,คลองแสนแสบ,9-Apr,4900,วังทองหลาง,1,5/13/2020 17:00:00,5/13/2020 17:00:00
1744,27,25,คลองเจ็ก,แม่น้ำเจ้าพระยา (ปตร.คลองเจ็ก),ซอยสุขุมวิท 60/1,8-Apr,1600,พระโขนง,1,5/13/2020 17:00:00,5/13/2020 17:00:00
1745,26,24,คลองจิตรมิตรมหาดไทย,คลองจั่น ช่วงชุมชนไดร์อิน,สถานีสูบน้ำคลองแสนแสบ,8-Jun,2000,วังทองหลาง,1,5/13/2020 17:00:00,5/13/2020 17:00:00
1746,25,23,คลองจิก,คลองแสนแสบ,คลองกะจะ,9-Jun,1600,บางกะปิ,1,5/13/2020 17:00:00,5/13/2020 17:00:00
1747,24,22,คลองจั่น,คลองทรงกระเทียม,คลองแสนแสบ,9-Jun,4100,วังทองหลาง,1,5/13/2020 17:00:00,5/13/2020 17:00:00
1748,23,22,คลองจั่น,คลองอ้ายเสือ,คลองทรงกระเทียม,9-Jun,800,บางกะปิ,1,5/13/2020 17:00:00,5/13/2020 17:00:00
1749,22,21,คลองจักรทอง (วัดทอง),คลองบางกอกน้อย,คลองชักพระ,8-Apr,2550,บางกอกน้อย,1,5/13/2020 17:00:00,5/13/2020 17:00:00
1750,21,20,คลองจรเข้ขบ,คลองประเวศบุรีรมย์,คลองสองห้อง,12-May,2500,ประเวศ,1,5/13/2020 17:00:00,5/13/2020 17:00:00
1751,20,19,คลองโคกคราม,คลองไผ่เขียว,ถนนประดิษฐ์มนูธรรม,Oct-40,2200,ลาดพร้าว,1,5/13/2020 17:00:00,5/13/2020 17:00:00
1752,19,18,คลองเคล็ด,คลองตาสาด,คลองบางนา,11-May,6450,ประเวศ,1,5/13/2020 17:00:00,5/13/2020 17:00:00
1753,18,18,คลองเคล็ด,คลองพระโขนง,คลองตาสาด (คู้),15-Jun,1650,สวนหลวง,1,5/13/2020 17:00:00,5/13/2020 17:00:00
1754,17,17,คลองคูเมืองเดิม (คลองหลอด),แม่น้ำเจ้าพระยา (ปตร.สะพานพระปิ่นเกล้า),แม่น้ำเจ้าพระยา (ปตร.ปากคลองตลาด),12-Oct,2400,พระนคร,1,5/13/2020 17:00:00,5/13/2020 17:00:00
1755,16,16,คลองควาย,คลองมหาสวัสดิ์,คลองบางระมาด,8-Jun,3500,ทวีวัฒนา,1,5/13/2020 17:00:00,5/13/2020 17:00:00
1756,15,15,คลองครุ,คลองแสนแสบ,คลองลำเกร็ด,9-May,6600,คันนายาว,1,5/13/2020 17:00:00,5/13/2020 17:00:00
1757,14,14,คลองขุนสกล,คลองพระโขนง,คลองตาสาด,20-Apr,1550,สวนหลวง,1,5/13/2020 17:00:00,5/13/2020 17:00:00
1758,13,13,คลองขุนศรีบุรีรักษ์,คลองบางคูเวียง,คลองบางพรม,8-Jun,3800,ทวีวัฒนา,1,5/13/2020 17:00:00,5/13/2020 17:00:00
1759,12,12,คลองขุนราชพินิจใจ,คลองนา,สุดเขต กทม.,Aug-45,11500,บางขุนเทียน,1,5/13/2020 17:00:00,5/13/2020 17:00:00
1760,11,11,คลองข้างอู่รถเมล์บางจาก,คลองบางนางจีน,สุดระยะที่กำหนดให้,4-Feb,1300,พระโขนง,1,5/13/2020 17:00:00,5/13/2020 17:00:00
1761,10,10,คลองข้างวัดอนงคาราม (คลองตลาดสมเด็จ),แม่น้ำเจ้าพระยา,คลองสมเด็จเจ้าพระยา,14-Sep,450,คลองสาน,1,5/13/2020 17:00:00,5/13/2020 17:00:00
1762,9,9,คลองขันแตก,คลองปักหลัก,คลองสิงห์โต,12-Aug,1150,ประเวศ,1,5/13/2020 17:00:00,5/13/2020 17:00:00
1763,8,8,คลองขวางสะพานเตี้ย,แม่น้ำเจ้าพระยา,สุดระยะที่กำหนดให้,6-Mar,1100,บางคอแหลม,1,5/13/2020 17:00:00,5/13/2020 17:00:00
1764,7,7,คลองขวางบ้านใหม่,ซอยเจริญกรุง 85,คลองสวนหลวง 1,4-Feb,850,บางคอแหลม,1,5/13/2020 17:00:00,5/13/2020 17:00:00
1765,6,6,คลองขวาง 3,ถ.แฉล้มนิมิตร,คลองมะนาว,6-Feb,2100,บางคอแหลม,1,5/13/2020 17:00:00,5/13/2020 17:00:00
1766,5,5,คลองขรัวตาแก่น,ประตูระบายน้ำตอนแม่น้ำเจ้าพระยา,ซอยสะพานขวา,5-Mar,1150,บางซื่อ,1,5/13/2020 17:00:00,5/13/2020 17:00:00
1767,4,4,คลองกุ่ม,คลองแสนแสบ,คลองหนองแขม,7-May,3300,บึงกุ่ม,1,5/13/2020 17:00:00,5/13/2020 17:00:00
1768,3,3,คลองกะจะ,คลองแสนแสบ,คลองหัวหมาก,12-Aug,5450,สวนหลวง,1,5/13/2020 17:00:00,5/13/2020 17:00:00
1769,2,2,คลองกระดาษ,คลองแยกคลองบางซ่อน,ซอยสะพานทอง,2 - 4.5,850,บางซื่อ,1,5/13/2020 17:00:00,5/13/2020 17:00:00
1770,1,1,คลองกรวย,แม่น้ำเจ้าพระยา,บ่อสูบซอยบำเพ็ญกุศล,6-Mar,1300,สาทร,1,5/13/2020 17:00:00,5/13/2020 17:00:00