responsibility_fact_key,district_key,agency_key,incident_type_key,responsibility_scope,responsibility_role,source_record_count,source_hashes_sha256,legal_basis_reference_ids,verification_status,is_official_legal_assignment,requires_human_approval
595caf7c0229b97204e23fd0879c4eba36a1137cbb776236d591c570433e79cd,1001,bma-dds,,entity_assignment,asset_owner_candidate,7,"[""302a12f2d29782bb47eb5e088a4f796ab30568586e948f517b248ef248307bce"",""5306f9a11d12bdf2421ff248726fd03129143cb128b5e04cd92b7b76313ff649"",""9e163f55d8bfaa52c9e8666527deb0881f2251f7e999bb0c97e7e2710c6df8d0"",""a68baa23705746d2a7e92cfbde66ced3135eb58dc11a80a649638e9f83f0c632"",""a6a1aa58bb5b3e567f6d7c4df252de0c60d8f2a4f389f1c144372fa814ea7d95"",""ab8d92429d60062258854a4b95001566c9da3a592a365a387595ef7fbac02810"",""e9e92afbd7c3c4339d73501fe61ed419d99e2cf8c243b52125110b8823fef858""]",[],candidate_unverified,0,1
6e349fb77769f86f1b50f2de951c470871f64322ac046f24588b1acb3a027f94,1001,bma-dds,,entity_assignment,data_custodian,6,"[""5f9f1a0cbf08c69b4e7e80bf67c780b8719ad3bb0d20e1cf05248b7edc5bd9ad"",""6df713d54cb5bd4dd276af033fba6909a7a833e208b544eca9305479ee66e159"",""748c7cbd696b3a92649b53c788c5fe6f3ed4cab6f71818abec9a5269f6391223"",""7f6723a6c79ffae37f1bdfa68f6b0e3afda7245d69476060c8ead162d1cf602e"",""a7a7a642f0d9ede8fe3761a6e05c940e51d75093563596e7d09792a836c20903"",""b92edb7bf60404e95d2f7d5ec0bfc2226b441f755ce35ea6d9430329686338a2""]",[],candidate_unverified,0,1
45cb1157ae7db8dd8a2c328f17af0618ad36bb003565ab8f2e1fb62ad44a3aa4,1001,bma-dds,,entity_assignment,support_response_candidate,2,"[""005325153645dfcf7d08dde64d48e61024c56b4de88c79ccfe509366ccc5c218"",""34251f452c97d2a004108c61c6de78c032b60a136c3834e76ab8a9942da52dbf""]",[],candidate_unverified,0,1
515a69fbb059af7ed788960bbc0c5b3d4cc52185c263ad40d8d202fb163c0840,1001,bma-dds-canal-development-2,canal_infrastructure,incident_capability,canal_development_candidate,1,"[""3cb1639c6f05cad617ed42037b32cc539215abdcb22277665493715466aeea86""]","[""dds-canal-division-duties""]",official_reference_unverified,0,1
e916e2f23509d9fd163bbfd302ec959e3aabff30453f65f32f9620f6f4e6e540,1001,bma-dds-canal-development-2,canal_obstruction,incident_capability,canal_development_candidate,1,"[""2a98b486311d8c9a953caf883d4e106acb27a6bb48017e2ba89720696ea893f5""]","[""dds-canal-division-duties""]",official_reference_unverified,0,1
30d4c53c348cd7a27fd97a8ad804fd0d6168e9eebb7d03c07ca66ea256427a4a,1001,bma-dds-canal-development-2,canal_overflow,incident_capability,canal_development_candidate,1,"[""fc8b1df8741c597e7c9c274b6a2f4ff87c6d1b142a08183b640d84a85f531c17""]","[""dds-canal-division-duties""]",official_reference_unverified,0,1
497bdc8f53daf8493c9c6fac08ded14c276e868b53bd93cb06cf4688f43904a4,1001,bma-dds-canal-development-2,,service_area,canal_development_candidate,1,"[""71e4380f6cadc9c4ce023d59aa67b928a2b998fe984513882837b16e22dcc781""]",[],official_reference_unverified,0,1
41d94e0dff40e79fa98cdc808ec58cf1c560c68ff155b4f153eb3dc703620652,1001,bma-dds-pipe-maintenance-2,main_road_pipe_blockage,incident_capability,main_pipe_maintenance_candidate,1,"[""7c05985186b5b6f228ed57e0e793445d2501ed4344ab562ebacc95410865b55c""]","[""dds-pipe-division-duties""]",official_reference_unverified,0,1
66d49a57a99cb4db675ef86ed493c2486fad616f2741b099a27d6cdf40db5b05,1001,bma-dds-pipe-maintenance-2,road_flooding_main_system,incident_capability,main_pipe_maintenance_candidate,1,"[""2b28361a5a6e87f4d2d35b2be726a7a69adb6abfb25070c372fad20d8dc708ee""]","[""dds-pipe-division-duties""]",official_reference_unverified,0,1
56c9e569a5ada491e97b57a96156803bc327c258afc41a723434a761e7af4f20,1001,bma-dds-pipe-maintenance-2,sump_failure,incident_capability,main_pipe_maintenance_candidate,1,"[""54eab1095f15fde9d2e82a22aaef62cc898d416aa4abd7dc786e6d2737ecb37f""]","[""dds-pipe-division-duties""]",official_reference_unverified,0,1
fe81479b5f3adf30716fb97c9feea0535fa154d2089d44c7c182b599586d330c,1001,bma-dds-pipe-maintenance-2,,service_area,main_pipe_maintenance_candidate,1,"[""df4e32f4091c6b1a7ab24d5d72479d3f8fa919d71d7b3fce50eabba8694588f9""]",[],official_reference_unverified,0,1
57f367a35c7e141dcd1e63c48496307ce1607b2f3e054dd69ca62083ff0a58e7,1001,bma-dds-water-control,,entity_assignment,asset_owner_candidate,6,"[""08b8098f30460b8ef393fc3c6a446c64ea66e05b895334f445dc0e956c62e62b"",""50121f53e26010a0ee7cedc1b9937ddb4cea739369be0dc723e059c0f427dc20"",""9c84dc20a8a3eeca08826f1f071b197aaa0f97b64471125856bc900c90c584d4"",""bf6190aee1cff23f4382a3d555dd4522cda200d1cb10df02664dfd9cd0151e21"",""e4c879c962fd52c5ee2a05cb3e4c077cecf67162e5635a67c82708af556aad5f"",""f0ae5cd1616fd1898cd8d7d983ac17a8a7485d13344df2791a2fbd98238c7538""]",[],candidate_unverified,0,1
b14244efe4bf6b29b0763221c405e00806bb3f7f0532ebc1031972f779d17605,1001,bma-district-1001,,entity_assignment,asset_owner_candidate,19,"[""0736b01fe680e9605e976a3120ad7b7dfe78eebe8ebf0789293819daeca81f4d"",""07849f6c0d114c45ec52ce901c42d3c96cc2b0bdd3f87357829445081616c1a4"",""1a1cdccdd34415d9b00f531732a31308707ffea9d50e7933021808a4922d472b"",""23f3d3bdf1e4d8e593fb3ceddaf136614eed23dc540e576e5d7936cb1dcdb125"",""2bd6f2c930fd1f0c408f4d2ee64d529aac0873efcbae36f689ba52346fa54112"",""47c22ad53cd6fef7e95202de205dadca59f7171057e58c029b684a8f6ba77157"",""4a3f10449f8cc0b81322c5dd3a83599d1f74827863aa09166928f4889da6b9c9"",""4ccc015d9362d0aa1dcf60164bb23cc4c3ddc4bc18c28ad0e1aed22e9f92596a"",""5e3066904984af7870031386d47b3b411a13df34332e76730e81ebfd7a1b7b63"",""60c11e0dbe525e4ac11711d1af51f471ee55cfa5c3d884c9bc0f4fe49a8e4902"",""71fba72295411e3580bffb995cd829a79a0f443e60e9aa1903a5424e5db97709"",""823f389875da3ad7740d49038f97ad5fae55f69c74d10348f215e30a73136429"",""8cc28b7a2d2eb6f362e311d5171c7b3b1d4afda17103408f0f29ba86eea00171"",""a1fcf3f0ad6ec054dedaa6f1bd21031c79a7c771ca597ed1e0b0f0121be5ee99"",""a3203d3d3f7f1d4699b367ff721627180b973973acf8d1e81a680ba420bacbd4"",""bc7e718b9020399ef227efec14b5dceb1dbad1bacb818a20117833ae38da0f36"",""bec3d130f9c5c6ec76b067ef4c3be6f6276cee8e31981cd4535f79dfbfbaa05b"",""ddb44f27efefb0509acfea96846861a9de6c849ec6b7cac49a9eee2f313d5777"",""e604d41a8e68158c8cd74a812ad50ce29070eb4ff01e11ce2cfc3688da51566f""]",[],candidate_unverified,0,1
746f7635aba4b49e4ad5116f7265e749b316e94d005441760f4c692da1245bd4,1001,bma-district-1001,,entity_assignment,geographic_jurisdiction_candidate,40,"[""01e1868d311d30003113787420758d0034ab60a6302fa1291b8958d1177aed9e"",""02f6b491dc9218d10415f041ba5a6732442e07151a6bccbbfd04b1c37f455895"",""0b0e34c4fc675bbfc77089953b529110b5306a178cd00c1f0b70cc046927ab58"",""1a67cd8791a512ea52f5f0c165b53746e6fe5fa17c7b12df7a1e4f709cb6e14c"",""1b334f487860e287afe0559cc220f2e60bf7526e9776a33f7dd9191969524e66"",""1e86c4047f5bd56b0918336631c9e6f249c87b6786a8b75c2cf3ff145673ee2d"",""1f93568736938ed6e706e799e151a114464b36db8712450825c12cec25c65141"",""207a86fb1c9b79ee3cb2b28ebf3720cc643a44b7953d39146c16fc30fa0f4407"",""2bc2d5dcec03002d21f4c3bdb6e0c537e07b9dc45f16ff2c590dce5bd95c6d52"",""388584635b3ed9241a9fc40f5235c5939fdcc76b19aa3e70abb61175fba42a57"",""4236c43b70ad03a9e58ab34b5d1a1587b895ba9775ec80284a654cba7de1f69d"",""4578eb672650ddd83cb7e212ae8f540523470bee9b2ed10fe48383b8321c687d"",""47079c546f9d085d7253d37163c30db3db69b9d971a551ec98900fef342cc717"",""49fa0fb0f92f87e2e8a4bc435868c3f5596ef5a034c6b8bc179da873a7a223b7"",""4aae56d2f8968e1d6ae5369fd7dc05db1f8dabd378d6abaa40d094536cd1a2c2"",""4bc5d36e7bc8ace71ea2bdfa132bac74969acec7e6a2da913aff05a77b95f983"",""4f61898133eebaf3712ef56abcd19684625afc2859a4d64fea37f1f42cb9fe6f"",""5240a031e54483dc51d8320cb98c852041c78de0501d7c2ba6e6d0a738f952bb"",""5617f534aae8d75e5a5f56bd29870ee3062eb3eb7dae77b84c4f6b279b02b0d2"",""584845bdd084b94ca2f7d04be87eadec3ded19b85800b1753dcd7149594c227e"",""603b2ef1124ff1ee94f4279f05fd3e885ab5978ea8455ee13496b5a0f4f1d422"",""718631118537256975f75f8b78187322967cd01f00b2d0459244ed6ba2c41137"",""7fb2558e9126e280b63ce92d8f7b41fab877644523a3183f9db83cd62c9159e5"",""87ad16d905839c23f7cc61358c613ca028d232cc2f186966520c58ac6d5bf91b"",""9797da7952da4549163896d514d246ad14da9c9c86d53393abb91e83516f95a4"",""9b569d95f6b1592d625e87753439f21a565fa8eba75352bd06f58c6859282577"",""a69f9a948d0130e307a6e0dfe17bd4c9a15efa183eca7b05c30b49e3a9b91b71"",""bb065e03640d2576c0e980e7e0fdd76bb83074d6c9502016191f167fed84e366"",""bc5c312f7533e56a1979704781cc55cd50337595b1c0a92780fb9d9e1943017a"",""c088f83021511456ceacea8c74c12bf1f64b3044f033969a2eb097127e29401d"",""c5b442cce30023b8d9779da8f7a59eea1e99fee612b4f84dc1d316e5c874af62"",""c8b7c68d173b4a6c62b5743d5b5011fd756ff694d1574b579bdbb4e905fae678"",""d56098d0947ea63f882bd39e2e79ec74984c020eaab067052cae37cab6bd6149"",""e92b107ce0305eab182e6c1311a796a94fe3f72be2667d978178da112112f4d6"",""e99f44eaf15e33d46a75b8dcf049aa23d757e6ba6a1829bc990fcd5033dcb554"",""edb8c95726b73b01fe07fa34fc096b1b78ca7b7f154e410775aa19660138ed35"",""f6a87970b2ae01d46266d2e3f28807a61f90dba9690f8b92b42edf52bbbef65e"",""fd29f68463e3a99df6f0df9e560d159eb4f780b3c847da004f068e2f215878ae"",""fd5c3f91d0131d78b639aee1565c4496552af09399dd87777dbf61265c83cf5a"",""fdee3111919b72776a55cc6ac7758e7a82742771a354e7491769b792fcfe3a53""]",[],candidate_unverified,0,1
799b4c6554275941c5b6bd328a7286adc4f787167b1d814e65d8365b744b6519,1001,bma-district-1001,,entity_assignment,primary_response_candidate,2,"[""9e08e4d3ca31cd909e6b94033e53a0a4e84bb2e86804b493d93abc454309e66e"",""f24fd0119cdf303454918988d5d765b3ecf36b7531e766493a09bbdd29e35dbd""]",[],candidate_unverified,0,1
f64e4e6f2a0d430e068fd907062a536691a36b6bb9721ad0dcfdd263bb5cb52d,1002,bma-dds,,entity_assignment,asset_owner_candidate,6,"[""691b941b7b6574c5554355f99789e849259a59214ad53e4ff819eac7621a1f33"",""6ab46495e1206007dd3b009068a91bd10983aeb7117f0b2a3b2cc26616c2731f"",""9ca8812ab6c0d0f2cf62b16b90db0dff4ec26151fcdef0d2e7d4910c8276fcbe"",""b1ed8e5aad30920a06f09ec243f73c028095804c2540c2ff44c5b6a5af8daaa7"",""c732f5b21cc3939811ef7ee89cb529b90a31108066cf64982433287ca7e3a5a4"",""f7a7b250dcca0353b3cc9f0cfaf3d051b8c3bf8ff048dd431278d432926fe39d""]",[],candidate_unverified,0,1
99d411a40cd6b778e9f479a3f8f6559ec4d12af59997eae7dd3c9c516182bc4d,1002,bma-dds,,entity_assignment,data_custodian,6,"[""23078f1ccf455e8bdebac27bab3c0fe0f1278e7731be628181e703d6e24d5bbd"",""80b21f862afeaf7fbbdd791faadabaf4c0f7c51f3c6aaf75fedbe612d85d17fd"",""8a6dd79b6ec87ea511c8901f0a39144dd65ca49926953abccbdd0c3477fe5e5e"",""a4b27674afed737cdc0822d5fee1af9caa8c458358298236248416fedad3ef2f"",""ad536da6b27c8b6bf1f8cccb60a69a5aa985c21124f79b41dc4935dde5f6cf03"",""adabb41d0752afc22e8bad2466b8d1b7b6c248bced458aa8c11216588163111f""]",[],candidate_unverified,0,1
eee25b2d0b4f034698d2f36134306f979dd0d64f063c3858145fd56f6d85b4e0,1002,bma-dds,,entity_assignment,primary_response_candidate,2,"[""056ba595581ecc43fb06aa00a9ee83f6685fbcd4490f3753ee89a87b405fe629"",""9a4c4f6a12c1d4ef5fb990a290f7d49b3a236086cbd6813323e76bc3404b9ab0""]",[],candidate_unverified,0,1
075342ec2f0aca759b3bca0e5a2e4ac573558848a88d1a1d47390a1cfd75759c,1002,bma-dds,,entity_assignment,support_response_candidate,3,"[""845d7dcbeae02731fb91a564282673376e6feb70eed7d238e40e95bfaccf45b8"",""aec876a07c30cb5afdb5a9ce845475afba4902caa456dc5612473ca5574fc835"",""ee7ca9264c126b32e9ce432afa8cc5ba140e021e3aa3e144491933ef143b2524""]",[],candidate_unverified,0,1
0d852a1aa4fbbe27abcd18720d28c95f35208b5e48185f005ddaa683a3c2f7e0,1002,bma-dds-canal-development-1,canal_infrastructure,incident_capability,canal_development_candidate,1,"[""e238aec63f105f4ead241039a431cd07c921bbaf33ec121158dbb1b50006091b""]","[""dds-canal-division-duties""]",official_reference_unverified,0,1
91aea502a6c99454fb450149be6e0726be2c0aada7df2d8281933c5c69f34bf4,1002,bma-dds-canal-development-1,canal_obstruction,incident_capability,canal_development_candidate,1,"[""e9856b1ec5b25853a024110a8cb9e9cd67e4396ede50ce900ad0121bee2f1fed""]","[""dds-canal-division-duties""]",official_reference_unverified,0,1
2113ea5292459f5cadf31d101b0481a376e5b2c9a7c98fa199ca889ddf7027d5,1002,bma-dds-canal-development-1,canal_overflow,incident_capability,canal_development_candidate,1,"[""a6b1cb71eac9e73cf7bf1224433f383efad8a36788aef74584d48e7d330bf249""]","[""dds-canal-division-duties""]",official_reference_unverified,0,1
e5cad55206e1381302586fa4691a3328a438d4d29f3d7839a35cf59b5c074992,1002,bma-dds-canal-development-1,,service_area,canal_development_candidate,1,"[""f619c5e0a3f124513bbbeeaa37806bbb979273673df60a471052b5381767eab0""]",[],official_reference_unverified,0,1
524b6513cc642b406246cb7684034601ee33080780c382347ebfffe936c3e02a,1002,bma-dds-pipe-maintenance-1,main_road_pipe_blockage,incident_capability,main_pipe_maintenance_candidate,1,"[""82dc0a09e106ff8c62dc0ec0759f388cf6b00b36485e7a0769b54849d4549134""]","[""dds-pipe-division-duties""]",official_reference_unverified,0,1
8f062665c7f0c3d7d0bf5520c91d975d0efcc90344e2084ba6b794a88ea6ac53,1002,bma-dds-pipe-maintenance-1,road_flooding_main_system,incident_capability,main_pipe_maintenance_candidate,1,"[""adf21456dfb8deb9a0f771b6b40e6b2081114c3d79aea86b4abfc81f594212bb""]","[""dds-pipe-division-duties""]",official_reference_unverified,0,1
6e3b3eef90c7c6326178b710c800ba69ef03142ab6fb3dbc2073a9befd1237c2,1002,bma-dds-pipe-maintenance-1,sump_failure,incident_capability,main_pipe_maintenance_candidate,1,"[""adbd39ae48ccd15a4bd6e8ef2e1b376bb4fb88afbdb397642f39d39e1040fa02""]","[""dds-pipe-division-duties""]",official_reference_unverified,0,1
c33c0c9ef9659c131db04989ba5aba6b4796c1c6cb73f759e816883472cc246e,1002,bma-dds-pipe-maintenance-1,,service_area,main_pipe_maintenance_candidate,1,"[""3c4d29f5ddee422ec900a8c344bed873cb85428a1267890e372ca29b335365ec""]",[],official_reference_unverified,0,1
ad4a1fe25fd1701aaf9477e4371fb91715d5e74d7af2c10eb58ce54d0597d0ee,1002,bma-dds-water-control,,entity_assignment,asset_owner_candidate,12,"[""25b9c009797b82cc81e9081c39176847ade04a75719ca7b2e610a01fc1723598"",""2e4826aa478e140412deab957ad6ea0d786e1272220ee42b7ea8c8b4bcbed2cf"",""3252a2bc36af54ad047d88d34a20c493e8436fbee1ddf7a43f3636545dde1e64"",""37f46bcf6d25401bc54d8aadebda32ac1dad312f83850ece37012748d8b98027"",""8af56547c95fa06762f0636fea5678e4073537386c4602d633661ca3776196c2"",""a824fd7ecc9307cfa1036e4062cd811127dc3f27c5c9398865d43c379da257e1"",""aa16f8b9746bcfa6b07239f0fd26681e76abb38ddcacd530ee6839f5e214d37d"",""abbe542e8d9d4d2439bf6a760f24daf6fe95bb90573e865052ff8fad40aff9eb"",""c11bbabc3888a5fdda7a7598262b00282cc9bb2a6159df1ab4254cd278a0a1ac"",""cb192f95712cb4ef3d7e5efaddf2320d2d0f650c649b1d73bbd5bf991fd0f7e8"",""d4a0ed0b8af7b6295cb306f7ea49d20f49a82aeb08cc1e8142b10c57fa9bf1f7"",""ea19fb9394a02ad3f8fcf33180a5886cb57f96978bdc22e2b0f02181b5b7b4c6""]",[],candidate_unverified,0,1
0e891632b6b8ad88aea5dbf6c09f59ba856aae719cedf71b49ceeb0da19c2a7e,1002,bma-district-1002,,entity_assignment,asset_owner_candidate,28,"[""0f13e3117852ee139ed56d2402fac2511f47fab0d67757147fc1910cc492b436"",""1670e529c2e06192b582f12376a44fdcdf5b19ff4339a616191d397fdd448ab6"",""21ce77a4686bbb49d7cb35bbffdb668d161d504b30cf4b5555518e71ecf0686c"",""23e8258312372cfa5b079af6dc25c323dfe693a1887b04df8eb0674d32e4581d"",""28ac56067c96216d3b43140af21e1495b3c72207e4f66dd53fb87a354d167e12"",""472c359a26232a44bd1046963156ed0411eed619a6707c63ae30d55d1239f13d"",""53a8adbeace851dc3e5238f60e2adc20133d64350f82593e70c4216091f98880"",""6b84904380a722e2460bfb76e25fe4ea74e530c76c8662d5dbdb3a6467b2179e"",""6d58a5814984cf323326b2781d9ccb02b316c4c3cdac7118858d6c612a1918d4"",""7620887bfa8c3d2a2b98e8f328debb13967523753eaa91d9cd367a503cac172a"",""7b04771ce5ee90f26ec986f0960df68e40d06d75f382257b5c5ce39f66c5d03f"",""7db963fcf3bb9b9a1d3b220cc929e15e11f38d952129e4b255b19ce0d49a90d6"",""82323d9101fb2f8a92f0ea92c4296838c6a181819f68b9cc566f890f384cbbcc"",""8794a146b76349973b00617abde4513ba22306c64447c8ebab4a97b8e75dd4ae"",""8d7b993619347c9f0adb317d0288183265418fbda1a123b652173f8c0bd73965"",""9ebf33be06e82491e64b1bb90c873e61e2c88038d6c8e4c61834973dc8ce75f5"",""a847ef6e4b8b027ee07fb8f56704b865b275994e90682470583ce9642b347686"",""ca05aaee63c968cfb112beb4904f05688b331f45803c7743c1d99e3756c14996"",""cb07c953117a854af3ee690f3abc3ecd66b995ed0b21cfb2847bd50367b3b544"",""cf2aae58a44b58bb3945d15140222576468a83bf422fa3065392431defccdc08"",""d24962d59f2bbae48781c502b269dff67f09f64a67dba5003b3b207c9013dd9f"",""d32a9d7c288c71ede93da8754a02887956372f8aca69a18cf3cb0724ad788af9"",""d4ae0ffa08502dcd72cfd117f38d88099410a341891525d1c4279a2a50396192"",""db808d1b599371695dd9632df5712a5bcebb69508ccda541aaedcfab715c7b46"",""ddf1e26f962a3e4732ae22e45f2641b4c7fa155324ba780dff44e883aa2dd2a5"",""e0ad4f0e9d3f41e3c49f04ff1d054d38a5c1fa91a38383fc11b8072c4347264c"",""ec8a113fe30c1e096bd51e6b99b90d4deb065951e6fb46d54289ffd6be867d4f"",""fc1668c8c4be5eee4d24d722c81a9baf8f07e28e7888b7073b719f4c1a44651c""]",[],candidate_unverified,0,1
db1efa83989c8d8c1b930017fbbda3f09b98975bc05d2ebeba152365638f2fe6,1002,bma-district-1002,,entity_assignment,geographic_jurisdiction_candidate,59,"[""0cb3e8b824cc5b5aee00f6e715def8ff91902b5eb457ecac04dea2d2906e4063"",""0d3dd0396f90711e85c4aaf411ed145baa09280a978737654a103997ba2d128a"",""0e7d333facb000a613f40accd8d6dedb4eb0945e68c9b83f8e87f674e3a212f3"",""117df96c30731e9154b550cd205661198114bf7b6870cce53ddf2aa83e5b8d19"",""13c57eb80baf9a9ab5e2c6c0aa8bb3a2082fad9b9e9bd2c6ed3eb13554a9c16c"",""1469aa9bce76f92104faca2e1610d73e76456678f99016bb668b39a1ac3712a1"",""17ff56f0fc029c9691dbad47c34d3c1982ee506144122344c35cd8842c34a2ff"",""180275dadb9e3f2fdafa2f5ae584ecbb5a594e2efeb77dea4e1354f45f55b980"",""1a57c3c4b3ba30b23f6351a342385fc9d1be7d0d7cc16d655e0219a1c49fbc22"",""1a97da640e8fb34fc4b0f80c94e403a22d5d536553cfeefd80bb737e579cc3df"",""1d2910ce2bebe6dec089eabd8a0bccfa17dbece73ffb3c08d9a3a17c062356d3"",""272b4bf609477627a5c1d00d1cd8decfff1df86c337776d6e96031095e60d06b"",""2db05eb25205289cd2217bade36b133c806ba5507e084eb2e2e550538e74cd6b"",""3314aa2d2516beec8ae28c6311010fa06ee635ce249e8860af2b1176ad99ec52"",""3954765f9114926d1ce60eb7576da8016ce55d155ccccb0989345389ffa5362a"",""39bdfb8beb21fb8c30369c46df4c04ad3f2340fc3dc0a145f595a47db7fc5afb"",""3b91490e489ffda0c64006cedd090dd457f86e78f2fc23690785ce16e0e52d74"",""40c00f8e1e512d87b4345860a14807b7a94ab2941c8d1ab34c432432b5e58384"",""41f7532766f0cd7704f524a3dc471a5022436ed4eaa73e91d27dab4c45886ee6"",""487ffa413bbfe4969dea7f385c15e95dcf951ad18be8ac86040dcf546c6e3922"",""4a756771e434de516195810244412c4ca7500707af4ca4439bd7abeec251b3db"",""4bbcf0985ba1c91f666db74914e32ec427c3c389627ffb6ab7bead78510eac2b"",""526cbd3f7c4b1dd12396a618da2e80314f7370c5ab1af351cbafd06595646af5"",""5ab2687ca43269ac1ab892c6bc4b7b3b21ed9de05eb086fe79c20870dd68a2a8"",""5b8ee46cd857c02f20345b03d019749ccd23bc8c270353a51d86812ed39ac52b"",""6169fdb2f074015fc6f5349301ded1f8aa4523d7b2bf2302ad03ccfde0a1e446"",""65ea4114a09849dba7b30b24b245ee26b3be03c76506a21a7760762d969379ff"",""66143ebf94e80d5dfea2b33c6066797b4f37130973f02f4415fb39081d4b85dd"",""66ec679d235343f53beef7728e2c32e4eed9be525ea2fb836bfbf5ae2585c219"",""74cbb012c678b68ea148d656e13ba00610a42d8c07f78cb5460ac4ec41cd851a"",""751eb009905f3d5243adb5d534ba9e2acad94f7f80c41e5deb03b111041c1938"",""7a3d69326c2ddc4dc61e870807030c78bd73a62342a67ae0eb4fcc3ef9798c61"",""7ec2be3c290a2abd73295ad7bb65c44a787128774223bc3c5bbab946fbae3438"",""81ebb8fe130e5e7e60c0c5a0969dda1b4d92dab418f8efaebc27f53a3c2abdff"",""890bfcad7d1a25b7a6d027120c51d2757e1e51e63695d7f2d1b6681ced4d1c34"",""90fb8d1a8f4c5e656aa8b13852dfa123891984a42a865a4b3d96582ba3f24ce7"",""921a1c3a6b7c52766d699fad7f7f36cdc87654fb40b3a16f601d18835265dd33"",""99990801b9b3bbb69cbe2f56df59679939d029783ffc3bfcb7fdd225a0d2b64b"",""9edf7376aa1328efba0aa36586e57b8c44fc0eed9b19ad3f0a1f35ce3f42f214"",""a1103711fb2faa47ab182110d34f68137c54f6b08a495017e80181f42efb7e2f"",""a449bb1c0999fb7235f849bd60ef90d0d31a28be84eda11a6acfb8230c1cc73a"",""a52bea61409f7564a8ea9c080314790689ff30c18222fef2708b923c23293d6c"",""a7b26cbbe56e782af2e3ea5639767c0dc68f333284708df2472f9b8555767037"",""a8281734b0493e7c4907c52fdc9d217a491318b5574ca56530bb3f08b9e5fb7b"",""ad0b873f9f2677668f7b980b0adb3e35da7e548e6082a1c17c3f84a991d93a18"",""b6fa3a21e9e46da02ae8e41eb8efcfc9ce7a022c2e51c2d78c6d76d2b7cd140d"",""baffaf83bced6f964f4787abdc425ce47b8aebd1d0ce7fb93fbebe3f7791a6c2"",""bb897d9d3c4942d87939fdba4d68b9f46b780e2175049068396bdb8fec5554ec"",""c4996404046b10174281903bbb772c00b15cca8df21772c94113df4e78219c40"",""c5c0e57289b89f9a2e2b5b12fbcabc43eb860d4a593fa349547615e024b013ce"",""d2442aed45e3f4aec3c4b4dbc897e00fa2efcaaa3948df8f1801c1c2871cd873"",""d4f3fc2acad2eaf1d14e683d04dbfd162bee69e3a73e2ae4f28971895d0891e0"",""e47a908b57225d1926fc3827dc0915742da90f7c5a06524602913194635f2e9a"",""e4d222835279f614fa61107b5fb893868f264398656ee066d752c364927e11a6"",""eb62bc798f5c34766078ea1aaa2a34cbec67b68424ca1a6b431800d76b07f9bc"",""f35c71f44d0ce815588a39d5b8f6acae4a5171099fd7290e7584a941e3fcf3cb"",""f94164dfea9b611a19a79c48a2b47cafa0a3a34e7fd7ab8c686a54d655376c28"",""fecfdf90714769b20803cc1c1b330493e77abb2e80ecd5b570112b64767cb486"",""ffb99fd3e261a17f7f108e26e1202740fa1c55f4dc1bf265831c1ab28ab032dc""]",[],candidate_unverified,0,1
b363653f2f5d3ccdfc04c9125e797eb40042f10d78999047ebe1fbde9366a512,1002,bma-district-1002,,entity_assignment,primary_response_candidate,3,"[""a844d923fd9f8556335db716de8c568dcc68d673fb223b3517d107164776b7fc"",""aa7e29bd2f980306eeb11ee2bb041a996d2dc2c1bead4ceef97ec9d50905fefe"",""fd71f3b9a5741463a6d18af70822896d607cc6a46dbf707a2a26c1e2df47f164""]",[],candidate_unverified,0,1
654d88ef1a5b6b28d7a0c7154748bb3d63e309af09da4544a96a1913b21695f2,1002,bma-district-1002,,entity_assignment,support_response_candidate,2,"[""5ce9f2b48c731552f5d28930ecad4393538dfaf15301786aeabfc871288f2e8f"",""946fe559aa76cae2de018a09bd5e1e21e79d322be326f92a21cde9725f72f0fa""]",[],candidate_unverified,0,1
8ed5783f876da3eb821bed330e1c4123be6b7de3515c8e11e8c4e526aa696655,1003,bma-dds,,entity_assignment,asset_owner_candidate,10,"[""3e6842cae516caa705955ce3623d24664bc47530a39391066ef96a0962934bd9"",""489659da29a528c65280bb229b16a8f33e482124344cbbca8dc5b2c4f53d3b5f"",""52ec48fbc2c05cd45927fe9a7b1ab29cb0648902e051a6f4a6a2adc5373ca6dd"",""592bd8847f8b52ded472ec32c77906578fedca5066dfa220fb6b3fa90f8b1b05"",""9fb855c542c4d68152ad949e275d6295fbd292912ee0e2fc83c3015324639cba"",""a4e6658757e583562d50c30467ece6d745b4dc69c7866ba0cd369de960a5e4da"",""add30609e9562351282d2d7d54dbd2d88c8c33f339b8efacbdb4b8ebc4c2cf68"",""c03e3bcbf1a5521442cf7d0a6959e95d1d27cff9a7e871140ae865eaa94bae2c"",""c6e580f2e2dbf3baef126dcc08d7ce14f06c6968a0431252268308ed7ea46b04"",""d03908768965596e5a7a6418e85785faaf688a965257bff773853549dd5ebb5f""]",[],candidate_unverified,0,1
4a82d6ba1b971a45c46f0e6a007196cecac5a81babcf4c3e4326758bb4f836be,1003,bma-dds,,entity_assignment,data_custodian,8,"[""8fbbf877ec1af1e5b6348ad15221c60bfb27940d6143d581629f7fdef7db687b"",""9b07a27c3a487c7eb377c4b71a2f928f3bd093431fd50e02a32dec52da0a1ed6"",""9cd0424f9e43aac2dd57320d4a433ed637ee0e992a7d9868975dfb8a9b4884ac"",""a0729cd4182170fbee38d0c96ff5fd6c939eda21e1bbd94dea7a4a1e844e095d"",""ce39814c49c86474814c928854173837661c4755990c5ab03d8b5b3a846ea58c"",""cff97db618eb496fbea0113a82d0d07285fba9d6bf62091af97771d3bc0afcc5"",""de5c04ceb8f677e69fa6b8ed2721aff5e4864b264bd54b8ad2ab3cedbc465c97"",""e3249a0a84e65a82c651e8041ccff9ec0c5a8e398c9b0c6f0daad4542fc8f0d8""]",[],candidate_unverified,0,1
670c7fad5ef9089cda7ed9048edf8fd8e59881796cb62435564afc6992296d14,1003,bma-dds,,entity_assignment,primary_response_candidate,1,"[""11cea080c68732100bb52e2f2cb115dbca5d357144429921040c10265a639e54""]",[],candidate_unverified,0,1
f0ddb78774ef3446a5d319ceea9c5de751246f7eb2101fe5178dc9d929a806a7,1003,bma-dds,,entity_assignment,support_response_candidate,6,"[""31097b4fed27f00b50707478d78ecce0b97f5e7357a786d2a56547483d148ee5"",""3faeef486cb2cfe5bcce9f1a4960000982b34948a02707731114f84c91a5933a"",""6ec94325f7a8bb1a44fbdbbb83c653d2e18d69456f44d2d5fef0423e664c2a12"",""c84f377b254cd79112647a84ec11ace8729648ff66a71880854b541e7ded1a18"",""da63f963f57475f483f4d5a067976eab4f3af68a27651b082ae761a8f95415e9"",""e9151d0d9b599752d89f5afd6aafdf20edca76eb9597a5f4b51306f3a2b8fd42""]",[],candidate_unverified,0,1
233a85a6fc7bc7c1ae067d17bf83f06833f83a997c2bfc353663f33756848077,1003,bma-dds-canal-development-1,canal_infrastructure,incident_capability,canal_development_candidate,1,"[""7ac095de13a0580172e836326507f3329eeda42841eb8a6bebf834bf1d9ea73e""]","[""dds-canal-division-duties""]",official_reference_unverified,0,1
d5caa7244364e5eb5de92820f38d8d7847751f9dabd11c8d5106683175938e7a,1003,bma-dds-canal-development-1,canal_obstruction,incident_capability,canal_development_candidate,1,"[""b399145781347119eed4ee4ad3e9e05be85e978ee0e988f415fb2cda2f173d6c""]","[""dds-canal-division-duties""]",official_reference_unverified,0,1
6d424f886db95921fba1a38fef8ed69d713b50e5054b64f1b713f48600bdb92b,1003,bma-dds-canal-development-1,canal_overflow,incident_capability,canal_development_candidate,1,"[""68ec001e7089cea299b78c4f4bac3636e0919b1efbb450b3ca2b6fff677b1504""]","[""dds-canal-division-duties""]",official_reference_unverified,0,1
f60a4ebc021f8d0b3b03faf2fc248ca6e7421dd0634f0b4b3e7e453d75e2816b,1003,bma-dds-canal-development-1,,service_area,canal_development_candidate,1,"[""27be2620ff32f7a0fe935943986c2198645fa9a7550b463036e6d9c6bd2a8b43""]",[],official_reference_unverified,0,1
c9f85270872c6dd48e6d3aa54ca59892278bb42382de26513bc3f42658b90d5e,1003,bma-dds-pipe-maintenance-1,main_road_pipe_blockage,incident_capability,main_pipe_maintenance_candidate,1,"[""96b1a436226b2066e0c4a4264277c12db625738397fe07daec64441e262387a0""]","[""dds-pipe-division-duties""]",official_reference_unverified,0,1
86d54e7f9d4c9cd7fa6ce1884d8abb592d70f6eddb69a1b9559b10c40d40f73e,1003,bma-dds-pipe-maintenance-1,road_flooding_main_system,incident_capability,main_pipe_maintenance_candidate,1,"[""4d7967361935cd98b61b86e39edcffad73f8eed5de0c266e3900a625c48a6e25""]","[""dds-pipe-division-duties""]",official_reference_unverified,0,1
89f2c1e395f65780e20776cab6b6b8e2c4aac85a007ca7386ea5894944d03816,1003,bma-dds-pipe-maintenance-1,sump_failure,incident_capability,main_pipe_maintenance_candidate,1,"[""930d34266952da5a20462d8fb3f81f8be5aff2e455bded1a52992164f5d8062a""]","[""dds-pipe-division-duties""]",official_reference_unverified,0,1
988ead93943e293059ad9676fb2710631e887b090e6b36111f07853c3a6851a1,1003,bma-dds-pipe-maintenance-1,,service_area,main_pipe_maintenance_candidate,1,"[""ab36b037b4810300ee9ea728cf28f10ef572e7b93f640bbb1dc9654cf3bfd6b4""]",[],official_reference_unverified,0,1
d5e447bbdcd08296ccc74f464ef61dafd977de008dcae17d4319702d11bdee61,1003,bma-dds-water-control,,entity_assignment,asset_owner_candidate,13,"[""0ae0a82638494d60ca23f9c9863f73bd6a3fecf57783101ffe35f27199304838"",""183975e15511c1968b0dc8440c246e87cef48de491c3acb7683b023b73ca9132"",""1ff46ba831986b141a533a9ba6a204838fe220775d003becb4e42ea92aaa13c8"",""35d36ae1e47f3bb0fa459c525f9f441c8167a6799080bf5fb14a2291abc45f4d"",""419276083434406d6c16a0e739d57b5b39fa2d09d90bae6ca8fab86a45b4ee5e"",""6ecd6c911d07aa0b4db91593d4681d64bf2b64ce2889b4c222921aa6d4c8a5d0"",""7cc4b41ad1308894ce17ab6ceee9b1c51a24e9e85c503ef9f756127012bad308"",""8ef29b46f405f5998c545fc7a1b13099fc728cc48e9b831da95260dd7273c1bd"",""925e7d11cd2182e3cdc42c2308dafc48b298f0cdcdb47dbb935248247ca81630"",""afc08bcf7df6f4cc41bf0da48c8b22beddca655368f1e9cee820f248888abf37"",""b2a74df294531c74deed2a7af98ccc6e5a7f0f986ee24e0fa886646bb7cb62bb"",""bddc43a1b0194288406beaf9896486968f27a923599d3a6302234702e2ff38c9"",""cb6440467692a3f958e08fad9d786c43d8490435815c995c49da8a5c282a8b3a""]",[],candidate_unverified,0,1
68e14431f6265262d06608464e743f39691822499188ce7356b3412dc184ee68,1003,bma-district-1003,,entity_assignment,asset_owner_candidate,85,"[""0409480f912153fe5c01f7ce4c66bbc2933bba0c9d5fe9a8f349a1e458ae9b93"",""04ca015409d56055fd88d0ec12f2f00b285fbdd9c94b7c736176ce2aeddd5b4e"",""04dc984c32a7052b816ca5a4eeb5bffb0857aac71eddc144fa05185b1cfffeb4"",""0730e61f1e67a6ae53dde3e31f74c2bf8f1a445f79d6905609fbafb40eb75844"",""0773d7c53eb43373b7dc88f1774e524567f6b7fcca95239ebbebabbba3c35f4b"",""0918a87bf78c9321662701d9beea2b66227921a329330b738e1456c063650ede"",""0bfe3fe270dfa736760359425c7c618fda33ddc4d5b2c40eac5dbae4ed214ede"",""0d510f1c911b8a5cc5a97043f302841c188618d33d77ad1eeb903c2eef1a77c7"",""0eb9b9ed36c990571890b17054d39bfed1b197ef5e1a46e8e31a4fdac4fb2afb"",""1076c625c71253968e193664fc746e4e9749d4257121e64a688405385aaf40a0"",""116cc5e6d530c23279af2976da622f954527d7ccc173b9248c067e8ea8dd93e1"",""170f31b0e81749531423864f135339c4d5e4fda48540cc06eb89ed42374624cc"",""17abc9c82ed09a58fd3ed5d7af468567d765588d11797be4b5e4500e473ca372"",""1a540854849855848b187241666622171e86d9337a2d740997b4e767aee26b51"",""1c58945e5045b02edb9f5d40f1b5e5df9002fa9aa91ea2ff6ad83a4b19bf12bf"",""1c65ff94ed3501f465495f03a6ac8dd842ba34c9e257a4303e8dad9a04cf4d7a"",""1d14bacf3624493180988e19197ebae291c355253e565e7c2df5fc4dddacbcbe"",""1e7e3421659173aaf25d6b5dd0494b18d2d1a6af73b324b5f83d016abef1f50b"",""21347bec98d871024417406ab5ad75bd0636934ae2f57e44f5910d58cc3c7f6a"",""2860633a7535326c12b4e50af926a16427426ea77a3e05d4415fd7a6744ff855"",""298557e9b917aad5728efa1f10f12f81589632e7a3c0732873e5c6cb02ab49a1"",""2a8e79396522c55409828d5be114612859dd45fef8085f691d4414c3e59493a7"",""311226c402f79e7012f56a4cac54bb17bc8c617175722995fc310d9a0601a7bc"",""346624bafe838d4446ac5d14e5b05d9f5652e772d8a8b21b142d65fa2ab48971"",""3ac78b97ee7a6b3dba2aa5519a72cb47b99b1b657ec4bae772e67bfc8e8ae143"",""412b890ebb078a1d492ab6c3ea88883b9f503503359640a6537dc6545858067e"",""43be5703fa0fbbfc0bd953bfec96f79d8d3d9bc87d29d1a4bbfe94cd44b44f57"",""4556c3a03e7d463b584e055fc40dba792392d57ae1a642cd130d9b7da384bc26"",""4b29e8cb12aa8fcadf1cbfa0219e750c10cedfa7e7ce2e414744cf38125b9492"",""54113031bff33a56ab6c68b3587e636cd7c8acc83ea66a10a5990c46d002e364"",""55d8735478009ce907395f5a14cd5ec691d4ff955a04af47fa319b903b014ccc"",""5b42af93d0ef94f491517e64fdd5dd45e4a80b43aa39467efea3a11d806d4085"",""5b67acbe30f83a8707fae8a861ffa35bad1aeececb549006980269e5991fab0e"",""5dec4ceb3b33d5a89f5c26693c39164aea94a4c79e86eff60100eb6727b0a62c"",""5f1c6ea1561c37237153f2c56b5df2ce90c85ad457d4334d76156edf6f2ce45b"",""62108bc13033c6a1a42c4373ea630fefe34cb2d82beaa331023fc146b1b60613"",""6254c8dddf3ba8d2c9d38a0bc17c9dbc11b3eb3c6fcc58ff30d6caaef28fc153"",""6382c161564bfa50382e16b669df6b0dc146c62919f7d1392c9e5e996f5822dd"",""64f1d46895beb9cd8da8ed6cf95cc6c8547188008685ac5fd08c6c901f6a84d1"",""67450e09d4779fc53639ee3cf0821cf19e8e2f547247ec55606624416df39ba8"",""677747284e2a018a8521b4d38c4f962b0afe0f5dfda89394db34517e6c1e66fb"",""6ac66a6c43b385ac6ec5d5ff5f0be3e1cf9b6ecbaf8efa61120f3746d4c519b7"",""6c8fa39f30dadcbe6e63fab5c068c5235a5392c5456d35c9efdd896a4675ceb0"",""6d1dda43e896f3274435a9a44a49b55b2814b7f68acbec511477a0d47e9b3776"",""7040b65060b6772ad149cb0103109541b169355cb149f89f16543376f25b9179"",""71d0753dfac496ee7d50c41868318e2c649b0f53eb399ed9a60aaa9b6ae21bc4"",""78a0b9ecb36f2c967cd1cdde3f9879976a8df74d308be8eba16f4b16d9eb83be"",""79a1c8fe1266b59f8c8954222100d9a09b9afb8f7bd968245b012c6f63072f95"",""800c30d4c8472ed954475a927f023269192fe6361daaa2ffcb1ce047562ab54b"",""84a2c15417909154f77ca33c7d3536192fcfd01f8bd7b1bd6fb33a4f8247430b"",""8897c0b66b3ec9a8bc7277d6f3cd7f02cfc9cc0637e6370b40aa77f70b410995"",""8c444049ce78187948d075ace09420cac6e47f477f806e0423e84dab93bc268d"",""8cef7ae6189fceffb35fb7082728505e82acdee1be19a30daf59f1eb26c16ece"",""8e0560345a5432a9a2c30396ee5ab76071c6c0ba806c531189cf06d8e4ca4e8e"",""93f25c6d700e0bfddc6ed519fecee2ac5e4ed01b3774cee2952ac2df031807c8"",""9d5d113dac3e36e4fa4502c8d0eef78f71e9fa5505af4487defadc0dcb089c8d"",""a309724764f3b3d4cbe2215567c104a9b8ed928a720879760ea8fab2a8260576"",""a3219240916f77060cd291c97b269d794e8f6447b626348aac70d8e76c0aecd0"",""a8a4ff67fdb87bb49b8fc37ea84308aa069026dc84f9189c51ec019e2b6e1a5f"",""aaba2c5564907b230da2a17e0f9c75e6598376f5241b9f2f3cb8688103be1b1d"",""ac33a872640a9a99fd5ab558614fbc628c582b6fa2edb7e5a0fd7369690fdca7"",""ac890bcfa5acf46c9f283b5b82bb0d03ecbe0b087104674f4ca4c612e00c61ee"",""af0f01f50e980695b5ec847bbca7499c30604d81cee5fca3022c8db32246d5c2"",""b1bed37b2811b3bbcbe6eaea425810edbde2d8fc25e132c0f3b52a4f30e8445e"",""b1d75659c9a882e1e514e08fb4b589ec9a97f8232e06fc4f30c3430c06295f08"",""b2ce97914b2ecfc51e629b2c14bee7d97273a253d00834ea7203460ebf70416b"",""b805ddfeec258f2fe9749ec070bda15a5604304a27edd526b8c729beeb662de7"",""bc6b74c6494f5fd089203a1a7fb10d602ac9dec3a3cdec98fbcf1e19af1a1664"",""c08dbe704fd9c6c294e6d07379b80755fcf783b75cac082963348c060ac4397a"",""c227560d32b65dc018dd12184542b33b9523d85d1bc40c1a24e4ece2a1756601"",""c650b30f2df81ff943a9f177fe03869d25682bda1c0f4beb90abcf586a25f5b6"",""d48cdc5d5dcf864c082a34bfcb3bbf882ba86a96d824151cdecb64cba1d8f4e8"",""da13f42e67dcee94d6b5040e9bc22cc793312d1efb0005843a46a3618ca1495d"",""dbb532e4fc172616767720ff3c7ffed26a0763071427728cb13a798254a34b37"",""dc2249de8597823a805da3216fe004a6fc793c501ed002ccc5bd4c802af5d240"",""e2fb0313ba7e1258d53d0f501a9bd172f6ef99f5c654458220b904b368a65099"",""e51dfcec31a72d8256c84816adab10b9a893c0fd6f2b5cbe28581ab9055fab94"",""ee4587e3a14e54d3df44d821887ff30c925f5c336c58ec837e862a3be3202a37"",""efab780b38825c09b71238e6713a61b65936a130c5c0ec8ba8fa3d8a3ba6d88f"",""f144b31fe8a095a3ecba569f261773b87ef3c2b284b1307dcfbdf854734243cb"",""f778bdf1292a4218093bc183eb3b0bdf107dea7f87fd8b7a6d1122ef58e9ba2d"",""f894cae04fe7a9f2ce1f777a4f13cfddcefa1d8a430adb3499b51487579835d7"",""f9063d3a5c09a06029180baa6031c4420d5646ee91101351156f45197bfe7198"",""f91d1cce7bdf68ab40218354c3367945ad5f39f6d984214bc82360fd6473e9db"",""fdcd74ee9bf6161dc6ab91a20319ad3ab6fd5f03fc245b162af4a4eac8b5b9fa""]",[],candidate_unverified,0,1
a3dac825bfd6d653cbebed2484d5a322a9e03f530e7b8847d9a56ebc919a6ee8,1003,bma-district-1003,,entity_assignment,geographic_jurisdiction_candidate,130,"[""0214c98c78fe812a27749735fef9fc5c5f04e13c0d318d68ff81fbee03970d10"",""046a5706cb4ce18c019657436e59b411ad880099ba2b89fbde60014a991f13ff"",""04e7bf2b22310882654a23c94e0e313c5798d7b4dfba633d3d214f60185921b4"",""0af99473501d107308163bc889030517be5f2aba19aff143eff993b5c504ca0a"",""0bdea2f8d0e8970981c419853138b688cdb23cbe5adb16beb7894bc9112e2b3c"",""0c0ac2531fc441ac8cd1d4f1724abdc8ddbdff1a27d6bf3fb68ec6441dad2698"",""10eae6cbe1295753627b1ec57cda9cb02e334ff55f22c763a47d29cdaa078245"",""1371685ea3250f8c38134a5a20d6ec663e759b8d5faef3184b1b5290981aeee0"",""158c48f2864ab7f509b305dd91612c303ba9814dd3a3dd10fcbef5539558001b"",""170c3478a737aca6ecf2d0c458528244893184abcf6484bb3d5bcea15b52aee4"",""1870ba5e3fe6e913f29342acb7c0595d61ec1daf094fe911a58f36170e59d661"",""1a1dc9a57450419ccc9558a9f291af5416a447fe63fdfa5f583b35bca95aa5f0"",""1c854713a18caf6889fd9317c0ea437f6660c0f83310dcffde6ae9f28af7454c"",""1ca3938ba349addbe3f824b60ce9115bc8a6dc7aa014084430b3a18725fa88ab"",""23a0e7c298a9ec23ed8e20a3fa32d02329adab3afbff8597c800f5472b783f7d"",""256238c208fcd5b17a1a5f0fd42e1771a596a26a2521f075d6e73a05a90fa1e8"",""2af6bffcf9e3eaaab69de9ed0d61882ed75d5d4e7f12fd738307dd32d314ab8b"",""2b97cf340f579ddb0a7209fae1750d34e2595b749e7b2e2f3fc24f72baa983cf"",""31da2ecba4d3e594bae69feb88187bcd233497268fa4cf7dfa19f47e5ba9f7ad"",""3463ea020dd53cd9de39d4da9f209e404d929775e7ada8a04d6ed76fa9434522"",""37002a012549eb7b1aca42824b9c5bb8f66422e3531ad74868b1981d3934473e"",""37e8bc88ff1b1f0e9ef5e5ed823cff64dea4a8ece8fe2ef2d4bdd1ac2b4a63cb"",""3b55eb393cda0cf1996e4269e69eaa1f4ada1bf97db380b8af7b0cabfe56f9c5"",""3cc086fc0d9af597bb8e2e6ce740a6843b03d923849a89ce266f6d55d2943892"",""3e0d4e93704fb411349a5656a69cf738124b47374d29c41abb5ad29f4d7811f5"",""40151015d3523aeb67476087cf0d0c55bee89abe75b09592f22c61a20a060efd"",""42a0b554616fd8f7f934faf9291dd253b1673f5d27d54484d4e4ed81da94ac35"",""43a45c2535aa3c8139bd55b90c9b922fe9dbce2de3906959ec8884d288505ec7"",""45c8bb7c86c7e1444325489a90cb6875d1cb5a5b804eda9bc7e1d7be64dda7cd"",""465917a3fb5771f04bb5aa32afe79b6c643f871b3d4ed9d27046e39406e6e79c"",""4bbec5807a607b27e045d95b892cdc2906ee01e6b875fd6f4f37e63f4120a250"",""4fe1bd2525f596052e95bbd85f0f81c536097ff08b3b94405178862f0d1287de"",""50fa37b2b028a16ff5856fc9d48c8972aa2690c6412d809bddc460fe28897e36"",""533364059c60c3c68d7a14b18375c3da3626315a42a769668c50d99dac6f5284"",""54e13c331d6242160cde6685a50e26a9fcebb03bb79a629a4b48180226cad402"",""552120befba88cc0d8574b32824871a6274ec892d5ee16c9cfad25fc3392ce76"",""57e24d3ad76bc21da351f31e8aa6bf2cd169121cc70f53bd74c6baf97d00a952"",""5a41aab179b1d5e2659642a764117e9f3acbc0aadb1b91cb930ce6d31831199e"",""5cb5b1e47a0033cd3fc6fafeaa150cc54be0e0e886ed36966b05952ed567f907"",""5d045e851bd92171b81960ce6b71f23b3017d6602a83a49c39af3a35f68b40ed"",""5dcf611669d31e27334fb66e8ffbaeb05c4400d2f62454e8cb6fb743605ee53e"",""5dffd81a11c2437ae6dbf7e0f0f326f130b8d53a62f0ecc8bbe615d706bcdf11"",""5e6dded69b3cadf9a6d6d10853e8ad2bd2b1d459b9448b06251984f3e470febb"",""5f1a18ffc0c9ed7282f4faa64a4fc9d58f5c31158f35e66de173de9713c377bd"",""619b6d2906281b1dd3332b2cfa4d435e75af32cd9c37c8a1df0ac86bd6a154a4"",""620bc1ca1740ea37936847643f3a52ba082c2a0f13db10aff4dd0185e7c9680f"",""66024b821de5df6dc38bba532b952017995405dce9f159ea934f4254d2a6a17e"",""675ce056c2f1f3b527f57bc01ce464870d01b95a7f4cb91e2e9870cd260d6f72"",""67ea02eda6188deeba63a5b6fd7eed4cc1222540e2979cece28b36461181d73c"",""686b9fbe14369f145626bcad67f2bf8c16a498e59e9b12609c6b93303f45918d"",""6a5173bbbda6dc572256a48cdfc59f48e82bf5caf8e24974a342b6a8348ac34a"",""6b7af127ca8ae3fbf7a11e956142c0fccb2ef549dd3f6fa917602f3fc560c869"",""6be7a2c6bd7a3c24a6c46506d87f5026b22c05870eacb57575c8db6a84ac21f1"",""6c1c1294bda434e2bb504e4cac0f884221779046e1d1fcf3b0f7a22337359d11"",""6c96a81eed78d45f3e84e0f0952114c09c6c8e84371cfe0d7c20901727902086"",""6e8a6203b5bf72b92927ceb5a09f45537b4a8e9ab237cb1e95b180f8391f84f1"",""6fbf46dbcf10500e3ae65159ea9fcce121b7a7a381abe5b7958e7eaac33b3463"",""710b8c9fe7a9c00607725a9fadbd86d5ff3be5dafb09d7c1cd60e5cdf3513d12"",""71e574b9cf12d875ab97c3e45260016b21dfb646630bddcce0fb84ee08bbf418"",""739a217352129bffa63f9e55761eda983b78687677721d40f118636983246c1b"",""744e90409cf87461c52b97aeb2fa6041504db875f87e6f74e14d4f0155f225c7"",""749bc294d67017c384408c535b2e568c0baedadd810f21e3f4933423a118a61b"",""75c1d3ed347986a4018c2c4fc7ef24d646d12daa6c3a813d8ddeb6715f16d4f3"",""7858c4ddb09435fff4349aeaaba70c148e55e69e8852776912d80115d854cd5a"",""791f54512cb9ea819df75a7c643ff3742f65b2f903de65c3959401649c5fa82f"",""7b0c69b859f780f3fedac5997b3c40c2d616403a7d3532fec71755c7aac473cb"",""7b4ad1743c7a672e3e7da104358c6bc7da2003a75f2cd067ee9f64cbe96047fd"",""802fabec31c22355a34064f37be87a63b8b8f0e573636c36e8eebd0e90b04df5"",""81ab6eaf1a19275f50ed4fb029224d59547a9b03221ab89ddef238567d70c3e7"",""872fc221c7fd7cd76467e6a446a63108d2ac4b4fe6d1f2106977cd0a1a4a2ccb"",""8897041548d17f81b4dd01e4a7236532d872e60b2a04e3ba9c71655628fe7317"",""895f67707406ac184c3c5d297c21293ee3fd31db125cc09d0d474a156341c213"",""8962109a72339ac516d9cd67472d320a29f2fdfcfd57b464c90d7ff6e2eba416"",""8a054213af4a3a13566c7a2cb7388169168df36fc84c02b286b51dd9aafedf98"",""8b052d70a066eb19baa3ccc381add456554df46f4862f6a30661b6d5434daf9e"",""8c96c018ceb699da09288804a904f4fa74675f5f0b26ea73c569b84c18d3c0f9"",""8f08470472c88e1218e19049843c4324da7cb840a9064065d5d740ccf80daddb"",""909bf1ffaaeefe554245724b052ebbc7702592c5db39615099df63e45b4905bf"",""9267516a32184d0f1b04366a78d88965ea548c87dd1c359f2cf756a2c4ff33c9"",""93231ff85495913b3af1ee80120c4e10c5cbb898c2f9b2c6710829e9e93e04c9"",""9843e256eaff46fd6006d3f39cc06f26ac1b2c5832dfd0dcbec67acd6292d2bc"",""98448eff3dbf4d6afceede0e4a05fbbf58ec38be568d01b50358b2c7e9791658"",""9c40c8dbd0727eea3c7298b5a4be85ee2716121afd5513d7b89f7c8f85d784e3"",""a0d6bd3f0ddc7fec31d2f0e7638c7c60ea64e196698a062f452a4065f03b2f78"",""a2e90219fe94fd6bce98336697e8bcba76be9aea14234a33c938a636cd9f7fd6"",""a3946c33e482088ff92ac93441c5cf1cec2f1f7a4a6497cba40e61dbc330784d"",""a556779b639e15759d8c8f119873f1630931cb4f7ea9d1a2309b2a490226a215"",""aafa8179924c606b48f34981b963fb3364c25ad34636064175e444ff9ada81d8"",""b551548780d60aa5ff35b5f10eb54e48721b91e0c78cdeac65894a41e289e10d"",""b61453cc893a47f4977fd213bb292277ed4e976e51ef99d6eb29861c0aee8f6f"",""b6a62584ce79bbcc93b5e385ff418ea4a15fd8f19a3e5d8eab269217b1f66a29"",""b74d55e2d7ff0f1c334c6bdffecf8a960f50bf6e03a87a059a1162d437566620"",""b872e0a0bf71f4423fa775de6a650d82a992cdb8628130bfbf9e5ffdae3f3687"",""b8c410795d9719eb6f13e771dd59335b7af830a7fb3ae9da45f881011a8aaf91"",""b9c0b08e1c26bacc80169e70e41e484b667d76146bbb8bcda3ca88e746f850ed"",""bc7d98c630ff3d103a67431e5ab590b28c8448d96deaae23d9bacc70dccab08b"",""bcfe107dbe751864afde15e4ad1bb10edc70d6f3d9f6a2fc60d33e9ecf3454dd"",""becf7518d499e8de73e04b1785db350bb90d5202709dd413e33694e06d4555c8"",""bed2ff129560a68f809a49aa71e24b1c993eb5ab95fee0d33637654b76a866d1"",""bfb0285fb355605969608e63514af3aeace64f0984b86fdc6939276871353848"",""c4581d14f72741e28079ad1c7e5be68015ce3d89517919f1e9023012356462d1"",""c59fd6c720b2650af81781e6aec392946ed7c5169caf51465eea22a01f4b3519"",""c728cc9b64631cd5e2c4b991149a2ac10775eb57ec2b22e07ff832b7b31371fe"",""c7eda68b40a9b5780f7b11b9d0903680251dd9f49ef2c644762e042708d8b05c"",""c9b446786b763b10de655adcf2d480bf52ad1b4aa792f0e0afff07bf2844ca60"",""d005133aedb71a7b89746fb2fbb179e84256c6d8d5bdc4b770a52f33986ded29"",""d11b86adab5c48584e213f31b526ce205f33f3e0971dae51f3d9f24c27709ee9"",""d3311758248307662dcda9afa933e209ddb16f627dafaef82c4049294df1196d"",""d49135b6dd7da537ca8894da97d09a0c4516896b6e837884c4fe346cd35b28f9"",""d717301a4edf36ec54e72fe6df3947988d2d0803c8ddbdfd3444d78b2ef0af80"",""d7e63445c0beecd3a449d8922cfb31383f4064b5a4b21b5c422652159510427e"",""d915d86c8d9df7323c28e2a9182261d4a7cf28e31f95c0c2f19cbbc5e57bd451"",""d94829ee96c31bfbca78295d0272f87340d123be9ded996b4d9e9cca759420be"",""dcedf87e9877830c8e0d44482957287624d833c45354350d389cb379e0444c36"",""deda87f344ddc8e1ca060767b0da7108f195a91eb546df27935d90cca3ae7a66"",""df572f4894e33f48d8da4f1e31e650553f4c054c6cc5f6be556c94e19388f349"",""e1f406de3142c756c1f27f5aed7f74c4963b0393a20450d066a4047c4f8616ab"",""e2bca4ffd7923e27047f53a4541cee4ae69b344b0ef8b804e5a35ae565205340"",""e43c489c8414bbe678f3e421bce7a93afea4f59af9c611f05f3c383025c954f2"",""e5947ad593313e57f778869f19435575df3fefceab8cee625d83ebcd6beb354b"",""e6519bdc98018462823910da01c6c9243a7d4ce417e5b84b945c842326d8c1e3"",""e6fa9018f6f364886a3a1769db5650658944efa2d5361020fef42d153fcb705a"",""e9b7e9566d3255904dc9d340149d534dfbedc7a378260343ff7da30c6d2d43c7"",""ea63b345db90a01705aad133d694b13a7dee85e3bb1b6d38e39a7d9b8e3d5e97"",""eff66c1168290f2b5680a4215fe7042383e2cbd70e6f9d3b5fc9b376f40a9f01"",""f1b1823755aa0a5488b3ebe05fc28a59111d048d244651044138f78ae2bc75d1"",""f25a0f654a0ca835b40e56d9a1a9c74a1f29a7f53d81eb25535f7387e651843f"",""f528dad846b6d481dd03aa054f3c88e6929f5d441d608d15601dc113437f5ac0"",""f6a683083cbcecdc5140a91c9b2f898f040ad3ec45185b5048642a20281a48c2"",""fae652276a77842d4662e248a62f6162a6dd27c55df6ea8ca467a9d130b777f1""]",[],candidate_unverified,0,1
941de6823fb65d5990d193a6ed9dc3276800568e9a8fbf313631201964e987f1,1003,bma-district-1003,,entity_assignment,primary_response_candidate,4,"[""037387aca966eb819ed1a6b5d5013ef3f0850d41e3b9efb9c00b93ed6ea3b933"",""5aa6ef5a8186fca86ef0a9f98184b93c688c4a29eb72f8666beea48970b9b814"",""c0d642c9a5e5d38c50664a3f17452ce8ebb1af8a735f4a14eaa906afa42902d6"",""fb132c71c9fd4584991f4144fda2138894022d3f3d494e07f937e805afe707a5""]",[],candidate_unverified,0,1
6255426d8f722607e09f7c1ad8221aea265ef8200bcdeba11138811150f7fd21,1003,bma-district-1003,,entity_assignment,support_response_candidate,1,"[""52a331b6cbcf5f18427fb911b1cac4b3b3a0dcb383e4613d3b1eb3097dc4d84d""]",[],candidate_unverified,0,1
dec52be9808e9e231784e946373b769e04fbafbc9d9cbbe6d37208eff6c8283e,1003,bma-district-1011,,entity_assignment,primary_response_candidate,2,"[""730a306192500e2498b68433b1e402fd45c33e3c8c4e43019252b41391f3c01f"",""ffd5693863ab68f333ee3d2c3a8471c18a0cbe9c8b2df69d2f1776268db65294""]",[],candidate_unverified,0,1
5d8c0ae1b1f68d113d1417230376bad3afb93b8ca5096bad7a3d59e8c1b49ae1,1004,bma-dds,,entity_assignment,asset_owner_candidate,2,"[""36f799450f4a989a393943b6b52381f796dd7b593a0b3b570f22c6a14ffc0b86"",""c216439f052182e4db9ae6b333e07b23de099e8ce9d60b3029c865fc2ed25461""]",[],candidate_unverified,0,1
35aa2d1a2e7d89eb357b261c25498ef90f537c5b0d3dde5c6cb8d6a323d608b3,1004,bma-dds,,entity_assignment,data_custodian,1,"[""2daed1e98539a180692047c478d8ca0272181baa4721af480359a10516204fd2""]",[],candidate_unverified,0,1
e35100fcd1a09d6917dc97523d07b629b46d4a37f0289ff12538ea950f6aabd6,1004,bma-dds,,entity_assignment,primary_response_candidate,2,"[""21670ccaa76b5c1b3dfd144a6f0b2c3e45f3d19343561fb8ff2e1d9e46b97e50"",""c8310462f451fac8498ea41f3e8dc45bf3778dbdf8b62486f9e4eb651aeadd7c""]",[],candidate_unverified,0,1
9cefe7d0630da259aae24a8e12ab04a978e0473018fb564b5ace9be0f8ab81e9,1004,bma-dds,,entity_assignment,support_response_candidate,2,"[""052c1e4c2c74483754df4308373efb24bd0d59d464a94a44036a92e1c33cacf9"",""1d072d543d58491a4693a0687b9200173dee9eb0e39e983c2bce4cb24f881bb1""]",[],candidate_unverified,0,1
62e6aa0c5645109d4b0f3b5922707847835ac586d38585fafc0f00431ddff055,1004,bma-dds-canal-development-2,canal_infrastructure,incident_capability,canal_development_candidate,1,"[""e1535904a56be9ae1c95c006c0d68ce2f88d0ad9d4271f95000a58b04f75b2b1""]","[""dds-canal-division-duties""]",official_reference_unverified,0,1
9b00b8a6ba646fbb6d211a363c537af725853e4f5a841ceff76c2d67da23f9d4,1004,bma-dds-canal-development-2,canal_obstruction,incident_capability,canal_development_candidate,1,"[""4a515b19ef7a4271bafe310568f3149258d40dfaeea9572486240d32c8d85ef8""]","[""dds-canal-division-duties""]",official_reference_unverified,0,1
8a64585dd59356d9e2e9ec15eaf2ed0d022694bbc88ffb7a1366f58dd5c2f22b,1004,bma-dds-canal-development-2,canal_overflow,incident_capability,canal_development_candidate,1,"[""04b88b16d8092ed8212f375548cc86d5f8c8097171b93f2e366d97e9d74276b3""]","[""dds-canal-division-duties""]",official_reference_unverified,0,1
963817eac317db6af4c7be10c4b521122dd48b5522bca6f5eba920a1567958d8,1004,bma-dds-canal-development-2,,service_area,canal_development_candidate,1,"[""92b37ec77560a65921c477179b48250138b730773f0a1dcb23afbea43de199c4""]",[],official_reference_unverified,0,1
864a8867b2afb504a6d4aabd22a17ef729f8febf14d1fa751c5b7e0307ae124e,1004,bma-dds-pipe-maintenance-2,main_road_pipe_blockage,incident_capability,main_pipe_maintenance_candidate,1,"[""d56870a297e84d38fcbf58bf6b14ebc237969195184be65d8fea1c6e81e4aa97""]","[""dds-pipe-division-duties""]",official_reference_unverified,0,1
1d03981abc9e69e1a78fabb97c90b5f8c40aa3e0c98e7d61f71d74d1fb9c5ce2,1004,bma-dds-pipe-maintenance-2,road_flooding_main_system,incident_capability,main_pipe_maintenance_candidate,1,"[""f25d1cc36ac31a5aeb12d15d0d9171f489e300609630a992b316a17bad1089e6""]","[""dds-pipe-division-duties""]",official_reference_unverified,0,1
8a53b9a23a7bde722a1559c8d89346ef507a667aa25cb596c8053e02a6993a30,1004,bma-dds-pipe-maintenance-2,sump_failure,incident_capability,main_pipe_maintenance_candidate,1,"[""d42c348cd8125d4bc492967ee104320d420ad1608b7a4dd6fdcbe062d73698ec""]","[""dds-pipe-division-duties""]",official_reference_unverified,0,1
6878d290161c735073e38118d61326ec4e10ec6ce2be4a3bcd241cda82021c18,1004,bma-dds-pipe-maintenance-2,,service_area,main_pipe_maintenance_candidate,1,"[""a33fa84f2de5df92db59c8fdee6296232d0dfc0326e3d539dc82a90cd550de6a""]",[],official_reference_unverified,0,1
d1f8dc33324a5599a5dd842a2d8c53e89d2bcf58aab6eb98bf9baeb358a084dc,1004,bma-dds-water-control,,entity_assignment,asset_owner_candidate,3,"[""10a852c7ca00e73ede67d2b968cfb95583b42229c7232276a7dc347160824067"",""4202af9c6fb27ac30277653fac81b41365897b76ccc5656328b3a08984a2964f"",""a9e7b679e926c069fba4bcf3aecaf471544cba39d638dec3cba6e3aee13ec65e""]",[],candidate_unverified,0,1
d80419ae21bd1ada3aa6498337a8e0e273cc475b54f16ebe63dbb2650130d82f,1004,bma-district-1004,,entity_assignment,asset_owner_candidate,11,"[""26189b76913cad2bff9d0b84d31bebd31732aa9539c46b254478b296d56f5202"",""32ba99d3193e993460af7d99434dc03aeae857d219e88e6c4b85f9bba1e9738a"",""5e1a761dba35e0bc136ea6f734971f6c7d9b3caea4fb0d6e02ea30e647fab859"",""73da0c5da35251212a4a1352232cb0e51bfba719696e8fa89b972d5a2f7e1aaf"",""787b90a96bac9dd2b0621b61200a2734945fc8a4f8983b1c388391c92bcee28d"",""a90e783c6f8e8f6e88a8d216e0b5225609da15d5cb31607df1aa08aca2651bd4"",""aa54d00791c2724a246e2460cf0f00134d100aa0162f8d4e6609ff1f13faa820"",""d45c1f976d2ef88dc8def95a67ec2d164b578d81fe144a2db9f9bbab292ef71d"",""e6abe2bfaa3d9dc0e3e34eb74820bcf859a3a855e9e0dcfe4f1723964c744907"",""f195f3a9412ddabac7ecd80a02e2d8e6d9ead44dc90a300db2552bc20e4be24d"",""f89520322830e01f0efdec78870a67a5a63ba59efdb537f29de5130490a388cc""]",[],candidate_unverified,0,1
c32c0bde8d1edfd93a2c4105e15b0d3a8a71fcb444b883ae55fc66d09bc6eadb,1004,bma-district-1004,,entity_assignment,geographic_jurisdiction_candidate,21,"[""03883787660a2fb47a9b45abc5ba726173790e1a53857929ad435cfbaa1a133c"",""0799d2c484ca7c9b00556d95dc2d548189b316d1a9da9412cef6c66c0a43e23b"",""1b9c8079f02279d49d3bf15213dd70ffc030391f48cc8e41196896205c4dba9e"",""3127d593ebb394a3322dc6ea25f2b48081a55d8ebac35210f893efd4a55eca85"",""45e0765debd6090560ff1e430d68f4620c4efa816b81a72fa0c477ccb9d0f71c"",""466c8a5ed49ee72362c083b617be73986dbd138379af8b4cccc2692e970bfb40"",""4e24e2856d87104a9ac9b92d80234de18d948c0a410f749549d60a178a00f665"",""62dfedc7f4f017160d305cce40c829a6c8615692b4f8fdc04f7171e83c05c734"",""66d6aa89e2049ffed65dbe720581802ba06a86dd851a3b38949f56cf0c1fb5cb"",""78e3ab5f49aebe97194af13fb467195c81f34107581aa0ab150578f144de2726"",""8984fd4e6af319453017db1ccfd738f71d6981523901fed1dc83fa0fba8deba7"",""a46635c86b13d0e810955c2194f441297903f2aa3e9398cabcf86c86d1c7f0f9"",""abedb334d7036befb1534bab84c9cf3f5628035c0039a333a3a9f52ad507515d"",""bc62c6d6c35d5543d985195a62d48f046c44fbdca1cede3ad770b4d562430a29"",""c3889fa0a1329dfa567faeebd17da309d176ee63ce2189e28d145f644e10d7ab"",""c4bb36b27a57bd18f6060757a342627cabbee043dbd85c1ed9cbf502929d9541"",""c9451f4deff99378086887d8af38e083af7f7a87b83543bb60d580fecab47456"",""d128eb172e6d9f89d4a8fb5f95fbdc608eed78b5c172560379d08af43c0ef457"",""d25e4c8fffffba26c73126b7e41b6bf3fb96361a7a818138bf6254617cb8cad7"",""df5b6dc23252db8f07b4cc174b5bb0ebfc4fec3a3f04ae36ebbcc6f28011cb0a"",""f3fbd7f66c89126e865e6c84d7d6fd108f877352970bcbe4b30f2dcd8ff1df25""]",[],candidate_unverified,0,1
d5805b43ba4dd43e0db80bf2d04bd5299b114fc0344c6743895573c5b8367c0e,1004,bma-district-1004,,entity_assignment,primary_response_candidate,2,"[""5bf02781e6255864f1cfdcd4d3139541e725be7c1f5920eaf42acb3c21aee636"",""8d13bcb4e01131232d824b552c85f308881182288c9318c59d168e986f57ce3c""]",[],candidate_unverified,0,1
290b3942c1998a839832371354eaabf35fdde0f0d044fc07ff4f754d8bcb5e13,1004,bma-district-1004,,entity_assignment,support_response_candidate,2,"[""b70309f135e16a17886dbd49c262c1a76e4558d0dd720d7bbf8786bf5b96223e"",""ffa65b8e94deb11045682a37404ccab332bf6fc4e252b6e06b800ab2b92528b3""]",[],candidate_unverified,0,1
1e3028645d3b0952479a5a881e1aff8fef9342988fa0cfa448ca81fd8edc42d3,1005,bma-dds,,entity_assignment,asset_owner_candidate,1,"[""c4d483cae043d5a92a930120992a5f68b3947e23c453b238eaeb9bb2606eb48f""]",[],candidate_unverified,0,1
38e911c506e8640b970439e9ba3c6ec36a17c818f5fe1fa0fa5a2f76fd49ee2b,1005,bma-dds,,entity_assignment,data_custodian,2,"[""8144041843f13d8bbaf3e50bd21f10ecf689b3a524b866b1d4ce6d9df915b199"",""f380d0b81193f7461b79cdc8a684deb3ea145665e4326abb4dc8d9f5f40fa4e9""]",[],candidate_unverified,0,1
45ce0ab8ac1eca600026a566a22c65756b80ce3b1140fd268dbbac0facae2a8a,1005,bma-dds,,entity_assignment,primary_response_candidate,8,"[""01db209d2dcffe83716db73764045cd1ec0c608d3337f27065bfe38a47da081f"",""12685ea022947efa6d3c833853f5156f61e3799f5066c58ab4a9953ec251e988"",""27ed1ef542e52d659a96b6542ebc968e705853cccf5a87e805155f96286e89a7"",""38c9dd409242e4cf09fbd651a161252dda92f6411db14995641fcc779c035db2"",""a50b1ab52c43dc036cf47a5ed838cc26db9a1de91983d04809db2e159d98a102"",""ba3d446a5a09b5758422fab9ea3ce2a75cfebf64102ac2a89309d1349bb802a5"",""e1e1d2548794c57a579f395e1d55fbbc90501bf0aecc774cfcfb252ab58ae58b"",""ea8584ee72f3f3ec4b01e12727dd4f9fa46837198e68a40efa5c32cee7607ecb""]",[],candidate_unverified,0,1
dd03ae5c23d3c63a13c638c91aff32a1e59c35678f885ce034f794b1c5b8c379,1005,bma-dds,,entity_assignment,support_response_candidate,25,"[""04fe13ab21d37fea52b4a2fe0ac621f259d34d7244a2383eaa6fb514425b37b7"",""05c6a8d63e9e65eaebf47cc995ccc0689c8cd4834af516c0856b138093d4b50c"",""178bee8bd872dbbc33c17ce12c13b005f6fa04f02c53aaa020283f93a21c80ab"",""3863cb272e0aa267dfca51bb55589d4cd95cc332bf16c7b6a52693f13ab5634c"",""3b2eda6aa7444ea791703b824098a5473978e42bbd2bf4d8851053877028787c"",""4b8b8e9e8b1d676b85e22c392cb989b07fda2a308dbd4d0477d3b99fdd851f24"",""74041320d873f79004d64181dfcbc12e07596b9239244a4611cb4bbed5584e61"",""79a766c496c176974d031f45d9d8752a36f548b2a65c6c24c54bf22af80365f3"",""80c4960cc57fba17034d37e679eb97ad93967cf9d2c8c62a0719af1e89eb847c"",""85002b44743a1f4787d68d660009f62be585b8d294e1d180bd08c5f59b63e976"",""8862b2fe7b7c02e2cc2db83519eca33b85e4a019b2dd345b7c9575099b6a6088"",""92979fefa0bc33352aaf2dece204ddc9b677632ec5a5858f9a7632fd3124e752"",""93aa5798b7811b1113e25c33ba26d2018283ad2d38944c992d7451d3cba594ae"",""ab45d2109f003aef177a4f2391964e170220a72c34a3d2500acc84d5aca8c46d"",""ac57f8f7981a051270472d25a0dc84270b35cecd30925ce1b2b37c51f0724a62"",""b2aaecf521d7adb1dd991366a0995f29f0479c1ff239c39fecf9b336ade02dfb"",""b546f840d49bd22d3c524b48a4c1e749fef58c09a458f0d5d6bd7b7a0868789a"",""c24e1e019887caf650ead4ec1017a88a494a40319a26d6ae28c7ce9b0a348d45"",""c4c73b44f1ab5045e0954de70dfad2556ff65e4a29eebca66b9a8455a1f673a2"",""cb98d4cd09c454f860682e137b3b14a9ff5a6e487a83ba9ee86ff5769a982e6b"",""cfc5ddbfd11137e024acca635bdd3081acded1b0880813be546c4009a370b38f"",""d58916b14da96b4cca392acf87c3c1ea3724344a62496adc3128d3646b0307d1"",""dcd81e952b7c3d7ff9568733336a494392a69cbab7c23d1cd9f4bf2ef2dfa437"",""fb4ddabf57e4a002de1590bec46734b5912b3dcb03583dc139b5b8f103abd7a3"",""fdf731e1b2dad2214a7446a2bdfc1533f6370bce94b9191defd72db2c5038fc4""]",[],candidate_unverified,0,1
01a48439ea3a9a75f4912962c55ba92b5132e5da6f135247f70cd0dd7d6bcbaf,1005,bma-dds-canal-development-1,canal_infrastructure,incident_capability,canal_development_candidate,1,"[""8527d12a3f88320afbd5012fe447d5e552fb23977b43ac9fed48de54beb5dad7""]","[""dds-canal-division-duties""]",official_reference_unverified,0,1
6a211a988c378a729ac111a0c31aac4e8fe5369dba257072bba18c55a6655477,1005,bma-dds-canal-development-1,canal_obstruction,incident_capability,canal_development_candidate,1,"[""e85140c9125840f40746da5def9e7913de43f1a1ccaed31f9df69106f810412d""]","[""dds-canal-division-duties""]",official_reference_unverified,0,1
864e0d363b63f65ae7174bc9f283c348797663fcf14d974bae8c56816807f7ee,1005,bma-dds-canal-development-1,canal_overflow,incident_capability,canal_development_candidate,1,"[""420f863e1dbf8d8b68df5d01894a2405f06ab4bf00748e900d56f02823c74c1b""]","[""dds-canal-division-duties""]",official_reference_unverified,0,1
de3c549a20d516f6f6aed3682fe464e3be654e02eade92c42fba26b9eb397b8a,1005,bma-dds-canal-development-1,,service_area,canal_development_candidate,1,"[""df42317450257ab9aabf4bd1383173e03c2b5fdb082582a05c81153415fbff12""]",[],official_reference_unverified,0,1
ea13f8af4aceca36143d0e922c974386dd6a3b4588d2ab3d4d1161afa5c9ce83,1005,bma-dds-pipe-maintenance-1,main_road_pipe_blockage,incident_capability,main_pipe_maintenance_candidate,1,"[""50713a04dab6ddf6c734a1d3bc64c474c5a00d825964a566aaad4bb9369c6ee0""]","[""dds-pipe-division-duties""]",official_reference_unverified,0,1
66df4bbdea8bce6b97a7d93e67f1e24087d1b374aedf859b4d291cdb2081f6a7,1005,bma-dds-pipe-maintenance-1,road_flooding_main_system,incident_capability,main_pipe_maintenance_candidate,1,"[""6dc7687f3f469fae96d7a0e01593a3593cdf7ba3064d876107fac5ff6e864dc4""]","[""dds-pipe-division-duties""]",official_reference_unverified,0,1
ec0cd8f4c9af410ea94db1c9d1d4a62b6ab0cc5e841fc998f2a795dbe571b646,1005,bma-dds-pipe-maintenance-1,sump_failure,incident_capability,main_pipe_maintenance_candidate,1,"[""f7f1f1de1e64cb1b67b8f05fb63941e020e1b7d8c5b2dc2a7df2d469e9e9020e""]","[""dds-pipe-division-duties""]",official_reference_unverified,0,1
cef4653bbe695ac2edf427367c15835e02681730b390c8075077e553f29d6897,1005,bma-dds-pipe-maintenance-1,,service_area,main_pipe_maintenance_candidate,1,"[""df416dd7838c17c5374dd8ec3d178b4158b56f6461e052b0d37772d605d29c61""]",[],official_reference_unverified,0,1
6fa24192dabf1b8f7fbc723679d22816cc4658163dad554e78642fc58aa34efe,1005,bma-district-1005,,entity_assignment,asset_owner_candidate,22,"[""0aa5e5aedceef9c47792c164cabdbd8a440142bac78882fe65f56a96cee993fb"",""0caf5b0e5eb2ecefbea6256aa07471ea1eb8f6c972ec04274d61141927a41e39"",""10886d7139c82d19eb4e60a556f1c193210a4205b76a4f91153a0a39199931f6"",""1a6bcc3da7cb0f11a6093539d4f056e3d858c77da45ceadac986ddba60e35e4f"",""1b458f53963d37855042dc5e1bc3e4e8191d2556de47d648ff274928fb36d99c"",""23c4d501b4c025fc93962d9ada35a5b5abdc31e2b63a3ec4a2c8f454f9114a09"",""3fa7d8b7146b48b776fd336267fdbc877ae165a1ca75058cd63d8cef12587a9d"",""40d61bc207167050a3f0528f5a892b2b6d4521d6275656462b9b873c21c8e621"",""66d037bb9c83b2e023c0f4f7849693cbdcd0023b71d85958ae85dc7d3f783353"",""6e68b731ba3983a64a129369f0affce065bfafcc3cad98dfc5e1f9fc46ba5162"",""7826e113089b8d0eea52eea56eb22337c34eae577161f05bc28bab8cb0680be0"",""784d57fabc8fc0744e75025bde5d1fb2109ac0ce579227f15dd346d2aebe258e"",""8b59c073fb82909f07ef501694064ef7aaf0546d83db184251745d8f58b9b2ec"",""92cd6d4b3717a28b8fa561b05ee999e2ee49e7ae7986eab41987411d42ce2450"",""95aa0581f06889794acd15b2e2ae992cf2b68e860e78b41c39c1125c6608bfb5"",""a32aa16fddfb93dc24d23d93b27bbeb7e3de92690ce1502c50de62336b465322"",""bb72338323c71d16fcb1ef0fb1831924363866cf5afa97c0fd57881454e619e8"",""c9f377120fa828e62997fdd8b187e75a610327b9d6452740e31541b8c9e35234"",""d40b1a76efe2c82592e77737793a760cf9b98b88aaf8794a33a9c021a6897727"",""d6823a746da74ca9727189c86480aba3f91ab86450a6de8f9781b944adb72405"",""d87bb9a438b3ad3ce202c43345bf03ec4655a92a9444952893a6b97213c6285a"",""f8a5a9cb7f8392c2f41c954067b15a2203b9cce4b6be3ccd74c9bd0787e6f6fa""]",[],candidate_unverified,0,1
55761281f8baf3801511c385f96e6d7ddb35e18fcf27db80d1bf858389c703f8,1005,bma-district-1005,,entity_assignment,geographic_jurisdiction_candidate,58,"[""00482dd7f965d5c0314ce1dd9e5d10cdb454522c6750ec76581764f11663911e"",""0bd287811b36db2e50c412b11b3b419260a0e8e1bdca88eaab394c30f185ae4c"",""0e83dff82a77786fea6ee0cc36b310a4cb6e4bcbcc3da8044a7c0e6d5b480962"",""12a0816604ddb54ae71925c4a9e81ba29de79971018b7aea7e4d06ea89b3c631"",""13fca543bc3ae7332bb33c12a584943c1803195825ccebb59fc964c5d6134216"",""14c8c362f5161cb0b76c0317955e1b72548b60e9e6d5c0f8d6577cfec8d99394"",""17d13927e1493a078607122301a83ab3f9e4cb8906aa3b9a5efbd3b7ac67e465"",""195d87c51af114f25ba1085752a69b747fd1ccd9658a8cc3880b7d9f0245851f"",""19ad55e05086898c4f19161555438292e78d932b44768e634a497db8e76498fd"",""25c155d7350b235ee340170443db4ed49ab6600bb1f30bfce45b14a860373dd9"",""2b52f2c32f3cfd0575675b8a11eb6d91e583dc18826bb71c45477ddcfa63a74c"",""307768a66fcd7626438747362484d015f489b3699fc56f6f028ee17e27ba074f"",""3c47419bbd09f4a28989eb21cf6cc8ac2a08195a461f483ef5b15914c64a7631"",""3c88c4993ed63ca7ea7f33640263d7d7f6bdc2b7cdebaea820ebe6ed334a2e8b"",""3da4a187f182947d92660754f7b531bc004d790420f69709fc6f871d86068882"",""3f318c3008d1d42c1693387a690915084584828aa7beccad9665497023ee09a8"",""45e4f6869cb60dc7665a84c273c897cbd2ae8f117e606a637f68804e6eac932f"",""499a8ddf96cf53a722b3b65055bc5a277d4700df80326074167f05ffc63d8a90"",""4a75c50fdcee6e3ac954f104e29a4cb29db30ec30933bbca5e243e819c7158cc"",""50424e3f9e0b5dbffe6d0fe4a1933a4585fcbe1e8d93399b302855e649e0f963"",""6340b10ad13dd966dfea4fd30e8332096d98701eea80330c83fec305974a5efe"",""6b21aa5b328280c56eb7db85a5e42725e83b1e291d77b6ccca5c7f04a3fe5fa6"",""7087d2a3d048711bcf47fbe1a6a8bf7f69256d346841f24f20d325173a1cf3c9"",""7598402ef5065c25cff89593e8736a65c6c4d8e862e734ca947f3ddda09cb4d5"",""7893b3ad8f1e5df6f98d79c5db20da10dacdef83464a71c9e14317c685d0cc59"",""78caeb17836edfd8eac7b8aee685067f31aa0f0606c45b648039636e37d524c9"",""7d2cf9d5e3039ce6816db127e0e6fbf7f9a74c210b873dc39b1aafa3f6b515a9"",""7dea4060b1ba9321e16442c3d9cb644f24c1fc89ee2abf2b5f5cc37db4b20938"",""8c42e542e30df8644a1d67f63af1d0beb289b27570b0d2f6f23eb754c3d6427f"",""8f8af8e51743ef2fb340d617c3eab5cffd3b77917271a2b280df9a8b45bf5e78"",""93c36dbb98d0d3cdf99dfa915450bbf937ef3a3b7a0e57d9df354dad02da6383"",""95c6f3218a78f6c6cc61a05be64f93ca48ed909e9e6dbae1ec6a4579e4fbdcc5"",""96dc9230304a22e0b99337498b996fd324c8499c625e831e70e7ec68e87a091f"",""97509946519293bff5d1dad391e4ee3ad9c2b578865490bbb06a752bac805c2c"",""97954295d4dd66c310c9874cb8c770ea6608c17d6173ecda3f0a6003f60bb5d4"",""9c445a73414d73525412354c0051d8b8a3bbfcc811ab05134e6a9a9d8c7bc5f2"",""a4f41510cf3fe59ed40f087aa510be09ad5ba5513e8761fe475b537b960a227f"",""a805f6012ece1bf6cdf9773b48092560c206d9b12ec70df2c1c53d163cd420f4"",""a94aa4280f9c0e21685b2ba0ec08d208fd774772744743c230978d53d731ea0e"",""ac47aaaee736bbba723f851829e258abedca0b5a04685cd37f2b7d4cfee0aef0"",""adde7a174323bb4c82dc8c8121be35cabd4a31678248e1f726dfe34fec51db5d"",""ae66270c8d983d229b263b0f9db8d9f666b35134374b23c2e3538e69394df547"",""af746160433a4cb6cd00a3e15b2706f08e90877e28a0c44d38f4f5808490d333"",""be926307de9ce300fc2eb4490c14629700856bad1bb7242c38d455cdd0ac27e0"",""c5feec420054ae29880ba1b2f9b2441b50dc6ca92b3b28af97bfca923c193382"",""c602f4af2f6ef7a79abcd3a24a4331a8b6161d397b205ffc58bdfdad451ff148"",""dd2fe9aa20e979761545ce963a08f49d248bc9304d0704e63ff7abd58d951bef"",""dd95e9ee966ed2677b5edc3fbececc5c82c30c1079ff32d8c7bf19c6b042666d"",""e28e940753ca4e19b3c6d80556ad3a0afd80b50b452928ddf021c24db2d92aa5"",""e6827b946cd8eaf6ca1169cc514540971d127b6a56d72a333aa32771bdbe8e62"",""e76e96acf34426d820916fdf544fa1b65709eda601794e399bbce1009295e64f"",""ef874dcd28caefa94501c6b276d2849994f06313a605dcf7cb753d1ca490bba8"",""f863877fffe1f8e0edd2019b68a2730dd9b80ecccc1f7612f738eabb1fc6d5f9"",""fa9d6a18f8b7c3fdb54987aa4527586dec53118fccdd01bc9aa9bdd928eb8422"",""fae4f3f8ceffc8d9e9815f6e96b3543a8fcd69142c524660a5de08e07ec34052"",""fba8214c52b6c6572f5a815bbc47aef0b95c03408c4203754bfe14b7d6d057da"",""fbe8de987baa694474d838a152373f9bf4e794b17e9ac5144986c4358981d90a"",""fd51fd85585138a72e3f93c7b609b0668100c960dcf523481468a6d772f14161""]",[],candidate_unverified,0,1
7a1168e4afc07456a645b444be043e778d58a45f7584ddba9996122983e1c362,1005,bma-district-1005,,entity_assignment,primary_response_candidate,25,"[""0d120c35edaae6485a5d023459e2ed2a9610a42aff46cbf91c3b479c94659e17"",""3c7d5dbded97bd49c2a48ad31119c4ab06ee1c5271f1e7d4c0170ca0d12ad1e9"",""3d07f5dfea2bb4bf3b41c06b1ab8e119105f5ea891eec8a5a49f65be3acb715e"",""3efa8c3add358e7bdd08bf1f04303a6e7165788c4c00739cc49b9451bb64bbeb"",""414512efaddabd83602cf728976e48d712029ad07153ac6b8a0706453acc9021"",""4a4b76e8beda07dbd8ce3e7abe5e3406b48e31e8c06813ea2d85719a5e0828df"",""50e07c23a8f6a773565a933bd247509f5c1d3ea835a400627ee896e925885d3e"",""583325c9c3b1def33b73403c17113614104617e361a6b593226d1e6c47cfa155"",""58bff98bcf4bb7518587e40a33411a63b21d6c431e029f978b472073bc0d7a61"",""5dbf821bcc03bb1283595777563780b805e23dd48c134fd9b294680161bfd4e6"",""72db0627ac1f722879ea2bffeec17b388e624bb89c6adca221bdd3bb50137ce6"",""870606ad3b2e3d275350c23ef92e857ef927e821c8a5aafcdbd6bc5d7dbb890d"",""a3449fb14f5749deb84194c3f97190fb7265b52b9c5f63178328545974f4a3d1"",""a6d4fb52a3503289c04bad374ae1437dc2e435a9e6b05ad66371ef0a7f652f89"",""a8c873701b41e23bf0e8bc565c26773823c341e663f1e0ed03162450a91214e3"",""ad6b3e483103e4c79e603ff6e5e874ba6a205a16528b19a9b56f30aced7cc849"",""b105d26db56ad445e8c6ce8f266fc7e9b971f5a2678600387afa9580a0c4b32c"",""c1aa8e441a9c6e6d225723488a9ee214403fee6b0e0104864ccb6bf9ba0c8854"",""c2ef0d3b22f3b8e8c04ef047ca3f240756923b98572a096dcc1ffbdf7b2d7ffb"",""c88c39816a46131df563af2fb0281ba392cd2d874da7daab73bc7bc8a300fbe5"",""ca6c054f51e420e264a2cbdb2e2c76b074618442f008045bd028a725cc2253d9"",""cdd8ce77109186e9cabc626cc47fdad99e3d8f4738fc0adc59564be235c163b3"",""d04260482097dcdc7967d1304cfb4488cb840b4d38efc7fb5b8a2b96338fb0c3"",""d5c47e1b11f00b7b8e5c595ffdea6271275b1f478af5087893dbbaebaaedb7f9"",""e9bca3f0ed70ec0d4546ead735a7bccf72997a1c27cab04d9f5bdb4bb87fad46""]",[],candidate_unverified,0,1
2adf9eda2191c510fcbeb65aca2e2f81e9ddaba56a1ec7cc48d9421c284a2543,1005,bma-district-1005,,entity_assignment,support_response_candidate,8,"[""4ce4544c5c3da35062c2bff03d8b607e2dac3c6cb6d2a939b87265f0e8b89e02"",""7077b55568dba61b1161c0ebf4b91565d4d80f3590f82f33b7576f82afa4a478"",""7f9732f684dcd9f9c87913dc34ecb9ecc49daa8befe8aec2ad1c49fe5f68c98f"",""a7edc36689007e658aabd7e6b8a1e6e3374215055645e386a21334e51370c66a"",""b63b3a3c2610978ca72997c344dc8e838ccdc7669ed3c2238d917d8d938dbd69"",""b809d8c01b0f33a90ea7457471c497fc2247d0beffd8392db64787a590c4a548"",""bdd1defc016ee89f089f338aab6027e2b7d7c0d4255063c463e8e8d6a7bd5a78"",""e90c8c9509e7180bddee072b58c96da09f4ca4717b25b514480309d1ac0788e3""]",[],candidate_unverified,0,1
dee710631a334ce64dc1ba02ef81a846d680358e5eca9770e59acda9c255b194,1006,bma-dds,,entity_assignment,asset_owner_candidate,12,"[""34fc05c44bfcc9ece90bdf2bc08187cde7bee149c77bad34e6ebea834f11e811"",""353be63e41625c259d2b6dc19cebbd4bf6d06457c306746729d21901a8c6b60f"",""485a9738edcbca761c5e14efff86d09ec3ea1a8b391a91eaee5bd40b1b7e96ca"",""61ba2591385e082ec40027b9b2d92e7ea6bceda4347093c048a99a66998f9580"",""69a8611a8b2df0fdd2f5ce576896c9e89713d5e5ae9d9fa9ff445018269aa59e"",""8ebcde2f464a3a8eddbbfaca4f9540d35414aa76f877f289ce4b8d42a8318a4c"",""929bb44258811e2b6175a876f24521449bb0d39eba33852670489b7f45117f57"",""933f37c3698fc9c1991c84dfc80a77a3a16396495dc024dfa1602fe52eca63a3"",""a45335f15641b88dd0d97b18729df9fd7b0f82b9f3541d80777305506e77e79f"",""b63f71f1ea3a5443c85a0b524a482f8fd8b876920c05384bd66798b8ef5b789c"",""e00157c93d1438ad63c7d75ae17463bf30ebd5e344cea579dfe260d5bd776897"",""f4068ce17c5be029cd9b712a5f3c89be2b7c1c3643f8f4921db9f8670bd449f2""]",[],candidate_unverified,0,1
a1a67ebecae10eaaad9c4ca6d9ed547b69b5cc0417bc45eaa3a204b80bc08f00,1006,bma-dds,,entity_assignment,data_custodian,10,"[""4b66db837e5b4b06613a975920af11eedb01970894e3ad4cfe33622e8d98e4ce"",""50c9e182e698a05cd9c61f869ad8c85af2994ece3c78324f5fefadaf537a8056"",""50ddc32e916082ba069041aa8b75bd277baa944df71354fd44817100f50e7dd6"",""58d8c63bb9583d1acc482f08c0dd683dc329ec3efd6330d9e0bf5eae23af6ff8"",""6307fbf7a5c692fcd7cc13172f735595968d77b5c1c022b9cc6625401f599253"",""68afa400c6bf18b2d149ea6e0d80f8f1b19a61e4ef180892f796ebe9a71c1945"",""6cec5140ce3d68bfb039e9d7be0743e2bba76b0f27b6882212dc5ccc87b29eb8"",""6fd041f8fb03eb3a5e7619f1dbd61be2c018e82a37e0561be4cfffe8098676a3"",""8380af3fd01e79c72b09eebd93012fac44ec61c9c54555b291b4eb7f72c53a24"",""bc6309da0c5490c91141420c9b4d5d3ef224cc5b6b19e77351f0c62c72a57bb9""]",[],candidate_unverified,0,1
fef3b5edd8a8aa702ecc1e80e6d59d551e6f569fde0e272f977d289362b5350e,1006,bma-dds,,entity_assignment,primary_response_candidate,16,"[""098da86b7d8881286f6416acbc401f1528d9f5790c4e2d01a4de72403990bfa2"",""2365efe8a110b032725d3359839dd799fb622341f330c72cce5f25d2424b1fe6"",""32b871aedec2db5367fb7846d8eb1facd510303d7d9a237f86522e00aaac8002"",""4adb335649cdbd5cab63e458185dd67e779d2150b05e3210423cc208661bc7e9"",""4cd29071a39cb2fc0ae9d054bbb34a3c6ff93868e91022da87a40ba117369255"",""6121b813f319b8dcee02040945bc6da6c3bda198b25c6a8ecfea80618a09306d"",""736f2884d8d96b2acc8c621772f6ece6c2f6f190f209e8a7ee95ddec41e0c44b"",""7648a9b1a033662817c134b3944102422a5d3abf7a6c244702025aeae4c34545"",""88ef6acbff1c7f9b7896d98907677e9fd289d8715808ba52dfb1b80956e9ac06"",""9c443410f4171bccf913ecc794892fb747ab81e6ec8d04e48f0bf9fa779460b8"",""adb4184826bd3961ecac0f6059177d463c939e7b5fdbf05d0b1bec864c8e7f10"",""b0d8b2d07019bdc7c37cbed1cf25cfeddd3322eca35089892e7915c74e0d97eb"",""da0b466ba53f47e321d4d0d89bea7b94b10b1651ee20a103203ae9121a8cfacf"",""ef761056dd096ec943d3052595a07d2477cc73760d9db2e9691d579f4d4b17df"",""f52eaacf9605601cd4991616b089afd4084b516f97657f24b30210dff4e7e7d4"",""f7b94bc7dccf5ea9aafe76b8315c5b1a799bc608881aef9ac20f4176000039dd""]",[],candidate_unverified,0,1
b4b27f917a71f37487d8cbc66f274be3fc03036d428700da0f2fb4ba4ba0bfeb,1006,bma-dds,,entity_assignment,support_response_candidate,13,"[""12e7a733c4d7f31c2a0d548831567bfeae5c5f1b5b863191b9801c529f00027e"",""14e0cecc755ef79252c6e00931c34b01038b371fc46f8ab444847049fc41e89e"",""1a7fef4d5c5974bfbe4d6e01c1abf78d482d6a740ef2e32c0e4510a66315158c"",""3d01a48abed5169c5b17c72507bba701909c96cf2cd5847a7bdeeb166bef28b4"",""4123fae5a3a0940b34379c0745760c02d91e439f33b24d51adecc57ee7738769"",""5dbb5c15a421ded418ab0cf5269e12216e91edf354802829100e8f9b8974c032"",""69d98643617b59cf6ee4a7208c8744b1d5997f762d879c794616cf55453d8baf"",""6ba9f7c4ac64848f9b6dd4548327de370e8096d8c110a58690f5a009e1bfcc88"",""6ead532caf165ad2edec9359dad3d67b1b8025dd8c66ac5be5303530d8342847"",""9c6c27ff977640ac2cd77c2d9756e8bc89f6414e9a1547b35ca9867b5d051686"",""a5b0fde15109045a41fff13039c98779ca6dc84b1495ab6ff99bf554c3e2e41e"",""cf51b654f3885b35117fb60884a8ca8fec03af087350708850e2522d6eaed3b8"",""fb731f2b94e393396ac4d6ce6712f724d505affc9c51f649fd9a43b29b6193b2""]",[],candidate_unverified,0,1
1fe3593949b523a8e4acfb37ed85f692c882fa609827aba503aa0495c4c1791f,1006,bma-dds-canal-development-1,canal_infrastructure,incident_capability,canal_development_candidate,1,"[""0fe1373764653c0f6a68001e3005fea5fb7e59a3fbdbfcf070a8a94e2f8e63f0""]","[""dds-canal-division-duties""]",official_reference_unverified,0,1
528dbce08a5e3dfe59cb8a92c7bb34c2a188d1e3fbf63dc688ea14932dfb2e5e,1006,bma-dds-canal-development-1,canal_obstruction,incident_capability,canal_development_candidate,1,"[""4f84f577ccffaf912adab891a9d9508771f6a069d42922c409c26568e68ea1d9""]","[""dds-canal-division-duties""]",official_reference_unverified,0,1
cedfae202396d4535500ba9070b2617220dc5281733ee07778e297640d414733,1006,bma-dds-canal-development-1,canal_overflow,incident_capability,canal_development_candidate,1,"[""8140fadfa85d510598df6c870e5748116a43dc962242403ccfe6865e8c1e7916""]","[""dds-canal-division-duties""]",official_reference_unverified,0,1
4a89d66f9b20dc9b267fafea2f21cb186e70e4cb99a52a5242de8da9c04fd396,1006,bma-dds-canal-development-1,,service_area,canal_development_candidate,1,"[""9d186ebd922319418f08d721b8d33a1c291016d9204594ec6a16f3b2a4ec067d""]",[],official_reference_unverified,0,1
73af453e492b513cb867e9e72e88b5d3a4b763397cab58264770c703655629c3,1006,bma-dds-development,,entity_assignment,asset_owner_candidate,1,"[""6a693d1762823a4e162fd7d83f36a45d2139777f65825de963744431aac15b2e""]",[],candidate_unverified,0,1
606cb20838da46f6d4d8ea3af28d9a73415ab111349b7c2be559850d84cb166a,1006,bma-dds-development,,entity_assignment,primary_response_candidate,2,"[""520733b722b2cfc0cd1f4d73bcf7fd4a8dec6462446207835c43ff8ad992358d"",""53756a447415426e3290a47750d4d9450aa6719f79b7a8fda6efb12b07af0cd3""]",[],candidate_unverified,0,1
da41d8b13a64d692bcc192242038f641d614b42cf574289b57ff29b0ceecada1,1006,bma-dds-pipe-maintenance-1,main_road_pipe_blockage,incident_capability,main_pipe_maintenance_candidate,1,"[""44ea745e2f69a11cac996036761a7711aa86aaeff69260026d175393081966bb""]","[""dds-pipe-division-duties""]",official_reference_unverified,0,1
684cb2428743d8884b950d4fc4a7b3c6ab68bde7e95f5b6dc84a1d6d48223810,1006,bma-dds-pipe-maintenance-1,road_flooding_main_system,incident_capability,main_pipe_maintenance_candidate,1,"[""97162c1430d6e6f18f5901fee1d95388b60ef7cff58c510e898ae5bab355574f""]","[""dds-pipe-division-duties""]",official_reference_unverified,0,1
767187edb6f0c07044be3b0c6321f792c87cc43c704a5c8cdad1d240d1b35bf3,1006,bma-dds-pipe-maintenance-1,sump_failure,incident_capability,main_pipe_maintenance_candidate,1,"[""5502b78feb93a4d15f86a4f9da0dedc3986dae24d82b16b95601ee6f6497dbc7""]","[""dds-pipe-division-duties""]",official_reference_unverified,0,1
f30c0b728c1c3bf4f1a61329cca5024cdd781f603bfe2a21fd3d715548a8d138,1006,bma-dds-pipe-maintenance-1,,service_area,main_pipe_maintenance_candidate,1,"[""0d05c3f9caa98119ef32d46b82905ccea6ab2287ce32c5942f106c1c26e49cd5""]",[],official_reference_unverified,0,1
f885e933dbf3eda10b29ac33352f02bc90e33ad3a2190c1b28b0fbd7e18a8d97,1006,bma-dds-water-control,,entity_assignment,asset_owner_candidate,16,"[""04aaea76cb796a9ac71b690a364f7c6eab237242fb86c9415f188f4b29a7062c"",""0932a12a6a505e55b488f99e3f97b0137c004df7651a57c09879819d585696dd"",""0d90c689972c0090b718374ef5de4b457d0e13864e860b914ff2401875c1b33c"",""1a978d6a778980295cda8e6620006e439c9d21f9f6c26c524922addd96dda16c"",""345ae196ce34015ee7554f68a7b637ec7212e8f94af8e3ee1ac2fb47576daabe"",""43c2443424321bb06b03a8473799ba24d04d1cc626f980a80099706f00a6aa62"",""447b442aea9b3c387a5ba8e95b1046a37b10c6d481c7ece4b1046bf5725b089e"",""4ac85876201088bb180fe907ead4013c4011cb987dc29cd28623a5e1ce524a9a"",""50cd951f36a43e0eb0285ad8166886184ce1d161f1d0e72b12d6292e923c1de7"",""83f5acfea8e9559d3d66d580e8b82e223991f6c7b6502c61c15a6188bd4093dd"",""851289964c01f78ee0383111c567ef80711e233c95b3fa60a9a6713b086972a0"",""8adf81f91dd6accbe28c6c90b089a0356cd6595eaa63ade937a9fb6db8fca36d"",""8db12e730948c1aed7ccf4439373ef376a0f86425f6f48eac5bae0f3f6cd7ba5"",""beb3e9fea6cb3502ec5ece8ddb07e0817817573a45e064a8345193797d7050bf"",""d2d3c97d75445320621cbd8d36395dd8d68184a154ddf8d57256dbeb2a9fcf06"",""f80f1bf231adfa716cac3cf38364ecef81388feaa8ce0a66f1cff8a2a862e6e2""]",[],candidate_unverified,0,1
7aecfe62ab52171f4714cec2d052c5d620a020ad7bab18718624fd444fd5ea17,1006,bma-district-1006,,entity_assignment,asset_owner_candidate,18,"[""02f7b83e823cee1276b00aca43eaecfc403a30a57f1dc021672470c0a4e6f491"",""097465e6ea4ddc43ec6ee49f483661c79a57d57b9d676d81e23453db1973e466"",""282c5be0f306031543392a5f2e68a6e57727604ec50be7b7870e233d379ddb14"",""303577b3002a5d1e0dcba28f52e27a5d799927297a52b31dbc9925e17c2251e0"",""33bc0f6958da854161989a911b7f04cde5076c8f95655873c80de5a2e0deaaaf"",""3e08af73042662ff3cff6a5319ed5efe7c10dd0d8d9a9e7a343f77fdb3c787d4"",""40ac36b518c77793bb8ff86fd6345041d8471f9205a35fa48aa87e2c7c390206"",""55197aa7278dd85e7adf911c3d3726a3ca16215bd109b84804f7349521000671"",""6c8971ff7ad0ccef9909afbb1f81d1b85b47f83e1f59713446728b81ad4d5a24"",""9527de61766b23b300757851438ce8d11a985bb2e60199d1067e0b46164abb35"",""afea5027a5e6ed5b32211639c152966f7ecb47a1dd515a65a048de7881f653f3"",""b01c0d23a4bdcde6f49e459d54599ead1df977432089084378588a81347c091b"",""ca3b53e559b7f9bedcbff3273d7e75194c10341348412528c1ec98d3dfca6950"",""cbfc8200ba317161b9f62c2bff10111f3bb7821511c53687d1bfb3c674bc4fbf"",""cfe01538f3cf34672e3ac4d4c6da7fef4cf48ae29e81fa691982cf617101cf31"",""d185abcdfcc29b5ee0aeae18f9261eb09b6d520e0f1055258c82f07295a887e5"",""f77f8e1590b3787411ffcddd22a43423a7faef4e4ff0b1481325ea842f44794e"",""ff02716b6bb42d0ef0c310736fc1191cae3641e06a35d96f91c28238e54ee641""]",[],candidate_unverified,0,1
d87ed4007ac88d32ddd8fb40aa2b26282bd8af046936ee83c4488450e13c1f4d,1006,bma-district-1006,,entity_assignment,geographic_jurisdiction_candidate,88,"[""0040464ba407a33895d9cb191f62461e54f74bcc1af0312361749ed5ce558237"",""08fa4c599d0122f1797f64e9995a5f5704ba6524d122eea25b3f26030ea1069e"",""0bab486a2284d30c7e98dcd5d8fe6955c189e0220eeb4d37d1b02f09bce9b534"",""0f1154eda69fc0e5ffbb27fa7016273bd0759f37f2bcdbab4db352c8774249a3"",""1c22b793b992c0a4549111a6d93c98640e54a90827414551c56950075198c199"",""1f7c15851725102f7f53663b3c7fb040f122abb2106d33602fa765bbaf208bbd"",""1fc3ae2e5a8924199a8a8933fb65e7294262758a17f2a2f5474038f4b63f0a68"",""1ff9d9e48abf6cb67af6e9d894a7a7579a907d532d2badc142e1dc6c48d621c4"",""209ed63ee1377e47c544bc750de47fad1b8dec1acb943c2241f03bf045e0aa2c"",""22410f87cf71dfbbd8979971950e9cf46a8029012e6c1bef43cc0c005dac2073"",""24974d53359cc3839589792918652218af3791aec8fe9dc75747df722bff8d37"",""25536ecdffc87445c4a357f0a8f88d4df54790e99e4a1c3b11a2d0101e63549e"",""25b3000bfd56e3242da409042dc87224b265d3bebee8ea5b0c662dc16e4d08f7"",""2b19503e275a6f08dcca79d877a3eb3f1901fb16d7da4f77762fb4133c1c2795"",""2ead2c81bc516cb28a8725a6cc54b8d2fe8018800659e5ddb53b6149694a8658"",""333ef7e9d79ae26af05ac8098456e99447e32b1f310307046f4cf1e4fc9f639c"",""35bf3e4ea1f626dcb21cdb60de51e7e1255e4d2a4318f3e2c68cea19381b1822"",""37422f0f01a6b620163d675fef677df5a08c537698c1e01cdbad3e34b2f8166a"",""37a7cea83dbbddf0be2192ab7ba9c580c1b5b324c141c787cbb1b50011c4cf28"",""39b5d7bbf979c1c517ca2efa087307da6f83ac307c31f7fd13d180ee02da2bbe"",""3b02d929e28a496ba0a68c3b06f883cc5ec6eda62480a76060e44e13ef758fb9"",""45765d0cba7e8eb4b97bd55c5e23e4e8ba5a1c0dbc2ebc528b31ed684ffe7503"",""45f30a6590d6b6eea59d1ab85533c88c54d2d4c11706744bf8edf2d650f83562"",""4aabb5f673a35e37596cb4a8f57098dae0ff37f706dd8a4613ef68806e8ae33d"",""4b7ec73507b93927de27a41b4d02927a3c060bc128df428e3901beca9feec4fb"",""4d6193dec1de76d8f0518b5b575ddde4d92162b9ea873b291a2ab95df92e2c62"",""53574c74b340003c179d813327465755492384ad595fc697aa9c7e80ba0d72af"",""57c0f33eeea723592b60ba1648e5e59a61b4a40b35a4957710be87b9e1727907"",""5824f2b60f217786b45d4647dcaf837512cfdfc6dcf6ba97421ad85cf5dcc538"",""582587bf21a45e8b2f60c17dccc92de778369149d2f93c519f8c5ef12055efa5"",""5c082be0491d34599dac07ff145ecf5369f8944c1164fd852a614c79313a9f5f"",""5d6321f0cd840c2fa19a44b676eedaf15aa3d50690e78ac810395344206874a5"",""608cac9da2c2b79d0a34fdfc8e1b18838ecae302cb7361a6143732eee695b2bd"",""63313c2dba1c236b4d092cd761aea77a51ad2159a9976f35ca238c8a30768e40"",""639cca74b9c7ea486628e58f9972d094abf9cf4a2230a547bcd42b149f558bf1"",""6a04da8ab88f7e862d7f48d373b5e3699738e7a4642c7bbb26a4b8f2f54b48d6"",""6b7d5819198d16508aa02e08f874263782e62dc1965338f5ec6bfb76cca0740b"",""757b2cd46898bce67d8dbccbf756be8d3043d2e9d7969ffd7cf280fe635e24bf"",""79550c840518c65db25a5b6b891c8b95314084b25d107b431210c486ad627033"",""7d52a666a1703f184b8618d4a9d600e8025414cb97199050aa2d8f4490d83394"",""7ea3c8399c8c2683b09e65476c004281474ab17e8d0072ce21b9cbf7612a49dd"",""7eb8525675a4ebbc906b0cba19455931c6234333e68f6f93031e72b1f08855b6"",""7eeb2c672770c2fd10ad5dfed451e587ab4d47bdf6888a8d69d97e120f11e257"",""83bfc251b05c93affb878033fbd6f6564bf698a844db6a30a9ea169c320c40a9"",""84aafb892c6578bc93f0a3aa9faa22e9adaf5601de18237a1e14baf53a2ecded"",""8a9049d67bd5a48e3c21e415beae5cd13032d296a997890678f7eca0af15a899"",""8f1b02dfdd545958ce5c16242c098e2774148aacd7e021d6235dfc71f07cec75"",""908dc69820aa9610940cd9ddfbd42d92f0de7da26010f68bdaeeb8a3b800d755"",""96b681a547d28d89dd64f6f91266f6d85eec08a6f046521f1bc9ff61acc1b447"",""96f3a068bd281960163fc6572f0f82121efda55a344b1c8f614ac73e3cd21ea4"",""a15baa1fbc5eb05f136211ed8388a85581355eb0ebc9a9dfe8676eb74c123914"",""a1603100615613472d88e4a84a6d3e3d01b42698f0f4daa8e1834d9238906a9b"",""a7a8010e82f52f854db7e7cb7f430cd59325bac232e267a09a996e5f7448c656"",""a8d7257845f4bd99876e042e0d74892b2feda201a3457390bd4333abbeaea758"",""a93e09f7b9a8ea084d6bad75b141e8adc02dd0259edc7a48972638a224e81494"",""b1d8d579a88b328bdf6d3802701c403df306042020f93d8e4276eb596b8cceb6"",""b562c7b9f31b05d9711253633a655ce56d49a135be0997d10f110054c1927233"",""b6373506213643f15843e6964e9075427efba3a5f20a8e9a822438af35d68f42"",""b63b0aaf6483e5a0bffb519e0d61424bc317c11bed02e6fe593053375e2be85f"",""b6ca553cddd32b6be4d4a81698e77efc0852bcd88fbac2a31012a9f19c57fa8a"",""b795a8895dbb601bb00019ba040c1e3ae48833ef257fd8730320fbbc0fe0b253"",""be3567608a78872b54f5a2ac6b859bc349cbc0b48ea97a1aa432be737bf217d7"",""c2ff049e194eec9b28f04102e5ac6863bd3ff5642a1e120300e6115a62dce19c"",""c3a21ed74b6962caf37805af6ba9cd1844d00a2f3d678258f625aea8c400c7fc"",""c4bd3da6f721ae460d7566d1f718f62b044427e4b1a298c1ad7dd77343d39fed"",""c4e14f221e719067778db7949c850511e9ec04282e6fefb9f101d398c9b075df"",""c6cb0009033d51b55bf880ae0c2d14d5596339e0d58a813a36e7fd2c44a33eae"",""c6cc93f327dcf10e360ff2590b124d96a1d4937022f73c0ec9648781a314ae39"",""c72d9b9f212a24cbc4d4ee92ee9a3a435186ea3928c18789b04c920ec47ba7ac"",""c8f8b42141ae83ab22fb95122e1c85d6923424ef92d09918b577e29f73da3150"",""c9a3a428e3fe07cf26a89ff375b1699ff00a3bfb4bd0f2c55c17b3b9da1c5aaf"",""cf34e8eb3b5f1d8672ace3b34086bb29d80677980d85ce02782bd5e70f5f8fa1"",""cfc628162221ee30947993ef7eb50f9edae267ae7ea83dd7862af7dc9fed55bc"",""cfedc6e678e699cd9b50c133059e887ab375b12761bd6e7c3e9f453ce4e9321f"",""d1c94440ddfdab5ec8142a42f7d3057c24700040336b3161fa58d971bc78d308"",""da01f39a897cbe2771d364965cded0c4191408d10163e5576ac9afabaf0d19e2"",""db173c0a2a7212a4b8501ab21103411ff8dc6e7e4ca69b18c8a465a0749881f7"",""db1a4a53b34ab6226f9ebc64778b6d8e9950ff87057f118f69f6474dc7f32e51"",""dc88edd81374574c1851208a768bcd56e90a28bb41a006f8dd87c5cf9a90a0b8"",""dd19fb1c4221244136d22078e611b5bb7ec91165c0b438f697c3340486c3ef35"",""ddbcbd89cb0d3567218d95a39e794d7dd39a8648ec953d3b7e7747861348eb6b"",""e64666766117e32082289c62a0abe0b0859dad56179cda047c762f8c81cf5de4"",""e7b9a2f1e741abd3040f77a71ffd4876252d95ed7ce9a4799394f863b4beb5b0"",""f487c0dbab3caf3f2d01142f34b650d324dbeea85fc378e4750e51a7f2dd9d5f"",""f6972c47ea9d99ad4031e282cf2a019c4687c57a0b610f3bb908323ce03f6d69"",""fa5a7a8b2f772a0b06f4ec63397e8ac2efdd10635429da93d1a9d6181f77ae65"",""fb6bce4200e6c0ef3a584a955f0207410f3a97bf35d426ffdb278ce940d151e1"",""fb7aa464d180ad56122ee1e79f311541a3f06dcff19da41fa6a44abf55da060b""]",[],candidate_unverified,0,1
2898bc718de8a29c4afb17783bd40cce1e8ef7b4e9c063964d26cac3971e6cfd,1006,bma-district-1006,,entity_assignment,primary_response_candidate,13,"[""2182e4e3114c53570613205eeb6428a46d8d187fa0fde0f0a0fb76877cc7b837"",""2be5f574e55c8c8cfdb809ed0028452b4538b505a3985a43a0571350869f70df"",""3be3424e509ad446c57bbbc5c6be009808d44bf2bf6e7bd821d88a637ac20a14"",""576782a36bf67456b5fa2987742641b43a9beea571950a563ce63e101f752198"",""702e086354f6d20a46e465ac3d5feb305d09c9dca730204ec706d44e47350bd4"",""7b33b952bd6b7a560110f1a7f7146027fe9499c9ed757112fac5716c5a623dbc"",""7e2c289ed25c5760fcce8af068d6976d56b7acf9d15272e5e7e306f353638c2b"",""b577d3f8cfe8000eee8ea386f2f3f69e7be64deea27625864e28cfecd4556f03"",""c2b1d2c88f9606a47b88fd471c87256cad15159a79f906fdf3d0efd32e495172"",""c7dd3cf3d719f7527a100c83ba2aa2cf5e0a4ce75753b416800c104c47ba43a5"",""c96b3564854df37bb24ceb34c4f700e72ef17018711303ffd1b71d360520170a"",""cbe852ecfc25c0115e370de14cfe583165a79d016616c8f7ea46c60b5162b542"",""ed78677634acc5a158da20ab060c7b77c3cac04de5a4f71dccb62bca5a0813ec""]",[],candidate_unverified,0,1
e6c771fc1b92462eee79abb7d9b2e9f3bce92bd045f06d642e6375060970b995,1006,bma-district-1006,,entity_assignment,support_response_candidate,18,"[""0b8172d5838c8686955038e8d29023f46a9eb9cffa2c4617a44d61973be32867"",""104214cf613c0d6db36dd7c57887ad895d7e120ad7fb87b7533bf0f0ce2d39d9"",""41275aa24809dd78d13521d46486b5fff45e51aa0c5b9d5b2d18d887dd6a81d8"",""70a523fd773cc39f1f75b05e3039c2854127b11761b6513eefefb1d8f5f78fc3"",""8eb23c83b37367958bb82aea856d814edfd0a4d95d81bdd5f69f01ba5b44b4f0"",""ab9a525be17eb031a63f908ff8b31758ebe8016834e3c00b07f3c9c4683bad7d"",""b041ba856cd6a75be1c52edac69b0edb3c8524fab1441fe817882581c1d35450"",""b4d09e2e0997ff7d917c140c7d8f131b27f36b7868c99f5595ebb86d440013bc"",""bf0f99b3badb7a56b77e5a8176d1cbfab1fd8e34fee9ccad0226e21e0db7a8e9"",""c24749c5dfac6406482879418d3a6991ccccc993c4986b45d976c84c3a0d96fc"",""c5a423c675ffad396954ec34079916a761c92c2e749e6cc7e93677eff9834879"",""c997bc13c8707f9d3368415b30c1ba20c1f439673a5592e10b0043d218405b09"",""d988ff054fa9f8799cd4f1de285e8ffda6400307f56fa39093bd47a995293346"",""dc90f844658a07563294f5c4ca74a81090b782e6e17a00d7997d2ace7d037976"",""dd8a7752c3201635d0f40cfbaa18dd193163aab69853cb1cceb51febc97a8c42"",""e35075519267c3ab247d9f0f9b2ed2915aadf596eb3434d998707b910ebf5298"",""ee0c2370d2caff1d49506d7a05eacd75fc104200fedde0aa3d31bc8ff7d29f23"",""fd2bd80cca59e6a98a7a6cb80dddb7af70e75839e492ffdcb12bf6315d369f78""]",[],candidate_unverified,0,1
88e9d805df9b4233f6b5558c556bce133223fffc9a34da553e5b8c311bb16ef4,1007,bma-dds,,entity_assignment,asset_owner_candidate,7,"[""0b4b3af3c8b848a79498228e65b837270a9f72bbd22261d3ef2555058d8858c8"",""43c3300feb5de47a4ec867b761794c3738d9c25caf075c9d5762b14b57c9a552"",""66989d4c22fa10a91c74cc60f5e2039a1adb5609ff76f279572ee36ae195a587"",""81981838281d055d26e8542a4940f338353e33194a7a747d4bb750b7f0b2a87c"",""af1309573d7231eb18fe9cf1067c27c509a468f42f1467b1910dfa6216569895"",""eb3d78cda0e4a412890b04704fc4989d40632e53fd7557a787e78d4a0052575d"",""ed0214dedb7ba7fa369e9c44c71f50a962946a8ec6a0832b95cbca99b9993944""]",[],candidate_unverified,0,1
572c81fccfdc1300ea52aa13be66e5c65af54a05c250d67896bb8b1c632e7f78,1007,bma-dds,,entity_assignment,data_custodian,3,"[""14d8532793431fa34a9758a33c5e38ad0ae65fe47cf196dc1cc18d84b7013d35"",""a41b5a193f0b61ff7f9de87773fdcd1ebc1318e7cb3475d101fe16be1c05a596"",""e758e0a6a277b583b7b05940ba35a0625677de7863de93487f14db64fadb1b4a""]",[],candidate_unverified,0,1
9ec25b0eab7648407c9038fb3c9cfed60062209cb4a006b54aabbdadbb221a7b,1007,bma-dds,,entity_assignment,primary_response_candidate,1,"[""59b17351536e67c8a2030b5511dfb52a9a19469ed598f9fc840ef0ca92ed71aa""]",[],candidate_unverified,0,1
5f60e76c172770b2d73cd66f1d79648beda3f1081098e90a78607cfacab9bb9a,1007,bma-dds,,entity_assignment,support_response_candidate,3,"[""1ce7aa0ae5f97ef424253e5e19a3f79d9ccd139b47465d0524a577f4aaddf352"",""20f2d7e5a65680e3c22dda025ce922c6d103c52c3df6b34899083d37b029764d"",""75eff4df127c59d2fee2ed38ff20516fce22adc91600ac949538c323e84c7c95""]",[],candidate_unverified,0,1
f1ca976cc12fbeb31f6d8be2845b9f99d614daebb57b9510b8979433102c4c34,1007,bma-dds-canal-development-1,canal_infrastructure,incident_capability,canal_development_candidate,1,"[""ec609f5a94b7b9baff8aff2f05bbfe95245ed4a514d5778a57d6f38804977255""]","[""dds-canal-division-duties""]",official_reference_unverified,0,1
f798d701e58c6176d64e299a403dd3a95f2ad3fe4ce75a7029965da6b0c4f678,1007,bma-dds-canal-development-1,canal_obstruction,incident_capability,canal_development_candidate,1,"[""7f00ac273cb6e7b79ac6eace4e315196876994695d6ef3930a678cc71981685e""]","[""dds-canal-division-duties""]",official_reference_unverified,0,1
8a63e425f27fec474035311b986f02fb56a88d71e06407e4926fa2d097f08fe2,1007,bma-dds-canal-development-1,canal_overflow,incident_capability,canal_development_candidate,1,"[""3dcdc17c53a740ec1a7cfd049a20244a8c5e3934dac5415fd66e11b447ca7dae""]","[""dds-canal-division-duties""]",official_reference_unverified,0,1
2723a71c29dd389f553bf9a52903413499e5cbc6b278767a22292d0b391f794f,1007,bma-dds-canal-development-1,,service_area,canal_development_candidate,1,"[""aeeb2ee70f75fa0a8896c9db1221a9c3032288c4bde35655c173e08d0c69cc40""]",[],official_reference_unverified,0,1
f59ce8ff0d599d763c0eaf926268ba44c1fbce9a65fd7d319a772af70809a6c2,1007,bma-dds-development,,entity_assignment,asset_owner_candidate,1,"[""33323ce0bf06a0893966df71321af2a31564f9a8671ddb02150638b7274d4d8f""]",[],candidate_unverified,0,1
6c3541b74dfc46ff2cff86eca4b35640bb45832386678e556df796670f30cbca,1007,bma-dds-pipe-maintenance-2,main_road_pipe_blockage,incident_capability,main_pipe_maintenance_candidate,1,"[""2a15bc1246243a85de6b108f3163868e9d993f735d293be15b0876376a636568""]","[""dds-pipe-division-duties""]",official_reference_unverified,0,1
ca20a166e52899d96bf1c1a920e0c54b2dc564419a96b8bb3bf0e9ce51d2f1f6,1007,bma-dds-pipe-maintenance-2,road_flooding_main_system,incident_capability,main_pipe_maintenance_candidate,1,"[""d62a445cf50068a458a354ea94b34f14927e81d341c22dc0a2702ce0ba9dc856""]","[""dds-pipe-division-duties""]",official_reference_unverified,0,1
c4ed3f701b8ba848677fe7559b3870831d13feafe4429979e0d2e8cfc39328bf,1007,bma-dds-pipe-maintenance-2,sump_failure,incident_capability,main_pipe_maintenance_candidate,1,"[""662cc2973236718d98b1214eb9930efeb5e59c0c111d968ff39507712ddec58e""]","[""dds-pipe-division-duties""]",official_reference_unverified,0,1
7c4a2a777c22aff27aa695ead9535a7e7079f41db7286eadd8a442b226b6f181,1007,bma-dds-pipe-maintenance-2,,service_area,main_pipe_maintenance_candidate,1,"[""5b9d6f7637bae3787afe9b88789558802daec5b04635678cde907883bc5a9c83""]",[],official_reference_unverified,0,1
c5d2fa8688d3d939e123253349446442ea5538adfede009f2592f52db2d686b8,1007,bma-dds-water-control,,entity_assignment,asset_owner_candidate,2,"[""355cd4053487184f23af68364c6bd320fd7d8f4410de554ca4ce82a68ab55e23"",""f0686f78d5a3b9ee301381bce335728612657f3237b666370c98330254572be5""]",[],candidate_unverified,0,1
75a1dee9f575e6427fdfd458e9ea3f90e1e30ec88f11ab8f1126dbeb81caeb5b,1007,bma-district-1007,,entity_assignment,asset_owner_candidate,15,"[""08ffc850f2bc8a62c94eb69d9bdb2220dfe56ca2916d08e45c26436e19c07804"",""0965505e03f8fc059c2ccd9f2c4c9d010f69b128d0b9ede8d3fa051357325e3e"",""43f4208c66ad2c3e072c3090fdacc7ffef3eaaa7f1a1abe00911f37fd202f2c9"",""4a4e0fd57fc903e02f6151b45999de368c6d2caf04b716265c16cd997dd4878b"",""5387c02608d5a593e06e1fce33a25c5fc76e994487a309d77f99db10561adf16"",""756fb8714ab0ff57bc6b94de168ebe8de4cc9948154f1312a85522ce355b8b08"",""7977dcad82124c1987e4a6066d9e302e017f8489ae653823abe2430d7013496d"",""9297fb5851369783ba34c3568531b9758e2e3809b6bb43f10938c8699b5a7457"",""9ebbdb4ee86872e8b26166c63a5aa5b1aea64887fb085b669a88c8a17a5807a9"",""b23fa0900a5a7925d7d560a55d149be32822fa235cb9666f081790392c04485c"",""c0a1b496cac181e1bb1146c916dae5a75a382f29dc7a62fa08023892a7a61a55"",""d0e05281e22b3f7750af8f93444aee2a78a50e06be9d389ed9b989d543d28a16"",""d642f6f7454e7a062ce244ea7daf426459385b1bd99bb1ee89fddf6e1ffd6275"",""e696eb80acadb02598833b4cc17a071c3a76cd8f77fa2dcd2e31fb2199f4a76c"",""f4bb7ec923aafcad13946aa0caa018235a3ff1a10bfeb9d5ed48d58bb8479b47""]",[],candidate_unverified,0,1
c9d654789473b773a4bd2c972608ee9bfef16df441977d806135e6ef96ba3bae,1007,bma-district-1007,,entity_assignment,geographic_jurisdiction_candidate,32,"[""0404305d9e10be115a048e10fe40a1543d8dbab082ad15941a7dc14616cfc491"",""069c3961849f669223f3b2bd4ddb5b282216f7232aaf3fe443258d919aeab82a"",""0d5e96dcd36465cb926b9d4ab61f0eae51d5035493adb734c713719faee1e78b"",""2665fe94e6425dc516c808d0a459fea6dbf89237d3145912ac7f975927d44f6b"",""266b462a65e32900cac4d74821f5250e38615c6627e919bd904bfd0772b828d5"",""2b4f0ad14a37ce0705c6b6fe0ce02bce35735f89d3f7a5572a8b6d61e795203b"",""2e789e1023d7ab4db1bc45322a034dcf6eab9c48999bf789511333ad05379aca"",""31fb4673ab44f6a1b672426686849ce42abef7479476f59b5ab84bfbe9a44826"",""3cf32418cbf4886fd9af6297cb1fbe822b7e66c62dd71843bb9087c7df33377f"",""4666546e3a9558b0e9d12607cd552c8d6e0807722b16cb56cb0bc345d2f98a26"",""57bf0a85fd9d2fa3b10f111293530615eb6593731fbb92bded48d5e9d81d5389"",""5944fb7bfc482da0f43aa19989420290996d483a26bb0075486261fb29e0ea94"",""633955e1e19a68d0cf0a315fa05fa3d31345a8c7c9f2bd24957479130612f6a2"",""6b8d2a9f88f6477ed64ec21265d6e1f85e8668857f6ba33714e633cb3beceb4c"",""6cb11dbd54fae8865f9682c9a6de5127ef6a63cbd35b8d89df8f46e63acae2cd"",""75e96a64fb9282cc5cc1af46e9207190a2862209ed2821819e14ff2c57960af5"",""80ec3c5066ef6e7a1c572b1e9ac7c6b7c432a5550f1489469060d3a9b0cbe849"",""8aa39314c285a41691f332541892cedfd4370917afa1ae2803e7d5583d880df8"",""8c975aca29d6fb10fc933fad09e5d2507eea57b67c122329ce4002d5179dbce1"",""90775e6e48ea19ac69259f91717ab6931611ad1825cf30b5bb3a88240c84731e"",""91d995cb734240fdc0377ce6350550c0b6687f535c1dd023a2e40e2f2c5e9569"",""9da1eabe1b589716a55a18e75928c841667f1c2db2d0cb5df745d660cff4a56b"",""9ebd92137fa2c3513015cc7bb9910ae82b81711602a3a16657be8a169304b43b"",""a2fad2118e91aacdc980198b79b13d35216d4583a775f3a1626f8a5936e0a05b"",""a5ec310000916202d499595bd1230495eaf8041372f86db3d41950ae66555e79"",""b0e84c5a7c4d4e95adee7003dfb71a70a463ea158ac38179bc0d29be13c9a2ac"",""c14fff4d9de040e83d793d4ea57ebc8a3eba2f9285f5ac928083aa0803d02940"",""c6913c5d0229630cf17b98396297a3eb2614959cce592f811f969eac407e9e88"",""cd142f9bf946593b06655bd0da5d265a580e1f0ef21cdac7d9e900af5827cba6"",""de11b43359e0cd07eb65d9989e7c90c29a50fa7d92de93071064522e711fcf4c"",""e2133065123eddb38975a2e98cba5d33dca6c399e121593c8fb5f13b05b0cf95"",""ed89b98c3c922dfca4f78e945a83ef90cbebcd394facbd31e003cb47fded3aa1""]",[],candidate_unverified,0,1
887aa58ab6c875b79a11cc7f97b6fc300ff3e3eee5d05af09907714ff7adb18f,1007,bma-district-1007,,entity_assignment,primary_response_candidate,3,"[""1ad9d7964e9ba271f2cc20279a610446b77d0ca59955997d82e1a2c2cd2613ed"",""45461081e5df880c656e489cf4940db9d490e9fde6cbfb5dd08d1d672130b0d6"",""8f6237c9813c8f93200affc27c4137509f683dd72b2833da34a775689a5cf837""]",[],candidate_unverified,0,1
2785e2cb6e7ee9d2f93c1f7450c464f14f5ac61558a5beafa8e3ce91469a1582,1007,bma-district-1007,,entity_assignment,support_response_candidate,1,"[""1e1c01f0c2ec109deb4d3c802efa7c3b42c927913b9dcc5840ffd5d8399ab6c2""]",[],candidate_unverified,0,1
dc5e38aee9a9f5211d5b592bd888fde77125819bc3a2c9be726d834971d23efa,1008,bma-dds,,entity_assignment,asset_owner_candidate,2,"[""39028857584738a502712ab3850558395a7d524d2175b8fdbc6ff0de6a253890"",""5f0051e527a9cc0f061fec5865d234550ad7a1a6980844a64262bc45c13beb4c""]",[],candidate_unverified,0,1
36438aaac5ccf3679992ae3781c828a3cc3327b1fc2c95cbc59ce38ad205d7a6,1008,bma-dds,,entity_assignment,data_custodian,1,"[""349fcf85bd6eb82a019097a22894fdb7b00d5f0913f95752f48fad77bf8e746a""]",[],candidate_unverified,0,1
81df527f1573bd80c5bd692f0283cab54e5248d43eb03e5fb2a5b393fb3814f9,1008,bma-dds,,entity_assignment,primary_response_candidate,1,"[""7f8fee883d849c6a6018b6de28cda6bcd5fabcb1b07d449e38de9d59cba319bf""]",[],candidate_unverified,0,1
9bde9875fac7dea148e0417de47043ea3b3ce30009ecd02a31c644d1bf5b1604,1008,bma-dds,,entity_assignment,support_response_candidate,1,"[""6842867e9e41703fe4b5536cc3d45f51b3821ab83178744a547ac10bfb19b721""]",[],candidate_unverified,0,1
16e40939f436616ba33ecd9f8393434f11304ca1ff3ee5bb8c0a1174fe213db0,1008,bma-dds-canal-development-2,canal_infrastructure,incident_capability,canal_development_candidate,1,"[""8ab79600a25434a0a601cb7a7495d69b3f247367c068ef607a5f984bde961589""]","[""dds-canal-division-duties""]",official_reference_unverified,0,1
ce11eca2df14d6687fb7e79c04b5364c7ff7ffcf6cec3580611590475ff64f25,1008,bma-dds-canal-development-2,canal_obstruction,incident_capability,canal_development_candidate,1,"[""774d748b88fc2b749fe2b0e4fecff08a378ec5218445a51342310606a80ffbcb""]","[""dds-canal-division-duties""]",official_reference_unverified,0,1
0429700506587395910fa6b7cfd4b9c170c03e1ff7a0f0c275076d1a522aa899,1008,bma-dds-canal-development-2,canal_overflow,incident_capability,canal_development_candidate,1,"[""f7e16041f3b00f7d6cdb75d5405db90ecb107bf4f784a1bd1faf22527a16bad7""]","[""dds-canal-division-duties""]",official_reference_unverified,0,1
9b7e3648c1e1e01477348f79130fcd9a5a15501311ae2dfca3930ba96cc5f0e6,1008,bma-dds-canal-development-2,,service_area,canal_development_candidate,1,"[""94d20dfa7d8712fd41239eba43d41ad6f6793916c40c4ca1e7f930b386ccb347""]",[],official_reference_unverified,0,1
05b08999d134a5ff16571f4a3238ba2e06389b935a4a26ebf3a58287dda24d9a,1008,bma-dds-pipe-maintenance-2,main_road_pipe_blockage,incident_capability,main_pipe_maintenance_candidate,1,"[""f3803ff6d55852e213883d908d26982f41d8423d15253656ec45ddb50a256ae7""]","[""dds-pipe-division-duties""]",official_reference_unverified,0,1
81065d5f5eb6394884961f5de9d3e2ceeaf754518a1f6b95fecb38d08093ccbe,1008,bma-dds-pipe-maintenance-2,road_flooding_main_system,incident_capability,main_pipe_maintenance_candidate,1,"[""e3cf7ce6df6249490b5c198ce00e8e7956bdfe2113429af9608af8a16dbacfcf""]","[""dds-pipe-division-duties""]",official_reference_unverified,0,1
33f441ded58ab4a23af07a418b336424e90ae408f620f6f50fce1e1919ea9586,1008,bma-dds-pipe-maintenance-2,sump_failure,incident_capability,main_pipe_maintenance_candidate,1,"[""2f098f3ea7b10ea3000d0f166efe30109c3622ba27cd76657df0c939ac3b0e89""]","[""dds-pipe-division-duties""]",official_reference_unverified,0,1
a2028250d63acb020f5132f80c9f848a747ba50fe29948860e8047ed661530a7,1008,bma-dds-pipe-maintenance-2,,service_area,main_pipe_maintenance_candidate,1,"[""7a698e34c3c10c9b397427c5a3b1228d77e2b581e7bb9ef49fa72eb179f751a4""]",[],official_reference_unverified,0,1
0f72511ea887f329997f5d86b3de6229d785a56b388a94ff15f143b67ff810e7,1008,bma-district-1008,,entity_assignment,asset_owner_candidate,5,"[""12bf687cab9e67aaa4a4a497a56218f901e53570b666f252fd612fa261cec043"",""6eeb50f2a46cc0f5c57ae6afc80c740b287d33b6e233af25ee7c2ec1fe4e5f39"",""ab414e7a0b96d2cf39754519e46cccd09e8c2c54ebaa1a4da22710cedf4574bc"",""b929aabad19fd2b4eac3f85331ddf22124fb411e771a901b06cc1fdf81c6964a"",""d7fab98b2ff9bb4aa1309dfa85924d6ca5273b574973360015e85010f712fff7""]",[],candidate_unverified,0,1
86afb9e2545e82ebb0a62186055a4c92a8923d57569b9c8e43bcd750c0a9a152,1008,bma-district-1008,,entity_assignment,geographic_jurisdiction_candidate,10,"[""013e7ec60463ba26a75cbd5376d7f0bb1d1e301cb2de58351f62ddd0d23bb6e6"",""2883934edb7abf1c006a422b41150f31414f085fb189ba78aa08ff207ae8604a"",""29529fcbf1b56d656fa988893e8c92029eb5441178399d826c86970da6d591cd"",""55beff91326fca8ce1d4b2a0d4c098692ec3a4b10a07812a14e7b55712bc3c51"",""5fd89cd818d5e82ab1ee4ee16b9ef84d911dc92278c0c2690cc6f21f37714067"",""650441484aef7ccf895b2d7606a9c18d0fae6ba5a18f5b4042ba8fbabbff76e8"",""72e5df2d10e8a351203a959e6de05ba82b6e1aaf1a0de51a6e7a970c2609ada6"",""a6857e10edabf492614aa389afb1b8802bf747482cac7e070745b958aa2ea852"",""bbd7399157d3722c4d92094c2f90644b997d34bef6c4c480502aae00845429c0"",""f997ce665553469520217361cc1518e8773ecb5d7c0a36fbd0a73491b7125267""]",[],candidate_unverified,0,1
7a0770f15215cf932f732f0ac025773d8dd6204a207ae9aca3d1735b4aedb2ed,1008,bma-district-1008,,entity_assignment,primary_response_candidate,1,"[""49c004c994c433aee36df4db77aed325b6bfa7ee1550fb0c3e450248da3f9aaf""]",[],candidate_unverified,0,1
a75b686e546037f4efae1889cd53117bb6e8e1f7cb710269d41b92bf04024d87,1008,bma-district-1008,,entity_assignment,support_response_candidate,1,"[""ee457ff9bb867fde0496b79be8bf06fb9c2ec10cdec05d97d727e8690734f519""]",[],candidate_unverified,0,1
691d704abf8286b8b75165ed231471c50b3c4f5c0320c61a3086beb05fd38f3a,1009,bma-dds,,entity_assignment,asset_owner_candidate,8,"[""3231f2f9bd160737819bc7895243df6512dd856b76c5f2e6bd549e0ca8b44a8c"",""52fa81ac24464288d8314e154fb01497ece5a48599f25ac1288317918bd6212c"",""7978528abf5bcb067b218b0725796f9fc7b16efbd9644dadc4d005a9aaac3344"",""da8a7ec6286a5a99c2e5f9110bc3959efd79354b2cab1e6c4dc0a25596f30173"",""dee1f656f44440f9111f75b20d73973187164742b3f88de34ff025e7899e3c30"",""e265b1d5a7b75c46feecb923e1ecef4d3e0c19db34d0a8f5b7b9ce0cda44842a"",""f9e348f9696d793e3e70d3fbf0ad56981c15058cca41e283e20f2ce9813873ca"",""fd793d8b3074440acea150f518cac34fb8234994ad7fe5886d840267caa9b988""]",[],candidate_unverified,0,1
4cb956ee6357a3e5c70384e370623f48b5fddbbd0fac0348cd575d2daef75f84,1009,bma-dds,,entity_assignment,data_custodian,10,"[""076269e0f98d003aa81d3a089df0edef1142a514db1ccde910a78400c847ed2e"",""0c2ac8486d53d0e5fdc2557aebe92a4378e716209382e0942bed7464213fa2ca"",""1fa0f8de3fa9a004549baa1e66050bcdab3b28660c237927e29ed21cc087cf0d"",""29e9b28f6b3f53eb64a2553fea58ce680ce6e8022839f98a38d00f8b42320985"",""5b8d103ce22b793239530f935bb71d50ae277897b1dd9c42dc54b64ed7bbc12c"",""8152c0a055271e5264e2fe412e9b8ffb2c9fd280f0281e14b97bfd654fc8d180"",""84710b6d4a9b063c1d765ce4da2bd36e381fb545c216089bdd73dab03784cf3c"",""8e8d8d85857d11cd5a23936169162de0367dbff7a7a0ac382cb333230111f4ac"",""99b6443daf50c2dd697033e1c011b66131a04ca3d4a457faae0840bbcdce96b2"",""ef3f20eee3d8041ec33673cd6a47e0525632e76140c80c5bf72481e3105cf256""]",[],candidate_unverified,0,1
2bbf27ab100b440482602bc0f764f297547c7d3c8301a132c86b5b622be98824,1009,bma-dds,,entity_assignment,primary_response_candidate,3,"[""297c0c35a97794bafa0708ef975fabcbd75173f1d1a635842651ec252ab9f3e7"",""da7e0ccef68b004b2645cdca96d4170c9056f4b765e417588721fff74a3c9a48"",""fbc315730faec1222a20a8a7a334d707eeb8f9042e8b05fc1a6debc1dd59a8eb""]",[],candidate_unverified,0,1
14f575e703f321eec2a5c9519978acb4ba298b8600f5d6368db9d0cb66cb7e8e,1009,bma-dds,,entity_assignment,support_response_candidate,3,"[""2dd18720ac1d3077de305a9c6051cf7df81f9e7ea8e4036b83b56cd907569cc1"",""e6a08de1889094b1e3377a609576c13acdda0236c777d6f79881a363056d405b"",""fa550470efca87fbff85da5d3a3c9bfd751db138bdfb56b31413c32510e6ef26""]",[],candidate_unverified,0,1
06b07b3f16033c51a8c78900a19339b6207dd2c947869d42a31b17ce89654c16,1009,bma-dds-canal-development-1,canal_infrastructure,incident_capability,canal_development_candidate,1,"[""6b88214749c6c18cc100f3b62b50ebdcf0e6cd8de05efe557536380e6510cd38""]","[""dds-canal-division-duties""]",official_reference_unverified,0,1
fa1e2b84a3cb04098395cd8799f7ba5c4019375ada4c941c5d2f6aae50e0ab21,1009,bma-dds-canal-development-1,canal_obstruction,incident_capability,canal_development_candidate,1,"[""63ff941e25467df4dc210d8612303a44f84d73176046e0559e35862f4f0f075c""]","[""dds-canal-division-duties""]",official_reference_unverified,0,1
e18b2c33b00aedfcbbcd9369ff4bcafa3e26126ad7e6d56f3c3aebe5bf7f3663,1009,bma-dds-canal-development-1,canal_overflow,incident_capability,canal_development_candidate,1,"[""31d2deadaa7f81d880f1638ba944201e9ef5e0e4ff6c1089281420421fd75f47""]","[""dds-canal-division-duties""]",official_reference_unverified,0,1
8ae18fa923b38b6f50e8f3e8adb4eef309e45c2900314877c729555c4418eb8b,1009,bma-dds-canal-development-1,,service_area,canal_development_candidate,1,"[""7f805632ee015ac77bbdd0d04c71608d006be00b8fa00e264539da5b7e0c705e""]",[],official_reference_unverified,0,1
c597d6dd45cb4436170c48cc7e81b4c8e55f7cfe7d8196826a77d4d65e7120da,1009,bma-dds-development,,entity_assignment,asset_owner_candidate,1,"[""76f1d89ba021858fc60b8b753dbd8df6215287849fd7fb41094b6814187bb691""]",[],candidate_unverified,0,1
84f6e881b12c825c1292f2b68a98abc34e4612ccb8ab62f4e591aaa0b90af3c9,1009,bma-dds-development,,entity_assignment,primary_response_candidate,3,"[""47d7ba050331f760ce02b243910de5a5c5ade65e8d4dcfa8ab723dd22e2efd41"",""56fe872a15842f4f558338948476e1298fcae790a624e1031ef128ab24b75865"",""79cb907e3eb5b5b5f0acbb7dbd32b9ce38b6b2dafcb92fbbf49b780c21046b06""]",[],candidate_unverified,0,1
977ce6d57509ff0b72c939aeae89c2bfbca56d368b1f8b79d59ad33ded85b1a7,1009,bma-dds-pipe-maintenance-1,main_road_pipe_blockage,incident_capability,main_pipe_maintenance_candidate,1,"[""fc31f06c7a8234a9505ba2ff0adf6d403e5cc27039f749102507b5f775664210""]","[""dds-pipe-division-duties""]",official_reference_unverified,0,1
23f2c32932a2dacde7635b166759a9f4c12a3aa9e8d0fe4b67dc106c018accc7,1009,bma-dds-pipe-maintenance-1,road_flooding_main_system,incident_capability,main_pipe_maintenance_candidate,1,"[""8050a37c0cd77602fcf6bfc559a520bf4c5d86a9407ec38a3f27a1ba45cacc2a""]","[""dds-pipe-division-duties""]",official_reference_unverified,0,1
5b3f0e7fa4a62e6f3545e97f305172402c34d53dc7a64dfd2ec55b6cb1f9d7da,1009,bma-dds-pipe-maintenance-1,sump_failure,incident_capability,main_pipe_maintenance_candidate,1,"[""ef6bdf273abd85aa5db8118fecd2bb5d13ff6c94fd4425e50708f021a7f8c4ca""]","[""dds-pipe-division-duties""]",official_reference_unverified,0,1
1df4e957157bb51d6394c234386667d7b7076f88afc8b19aa23583da83096dc7,1009,bma-dds-pipe-maintenance-1,,service_area,main_pipe_maintenance_candidate,1,"[""aca5f92766782877785fd0976b7bce2fd036d4db6eb1ee4fd1f8df592f5ae0c4""]",[],official_reference_unverified,0,1
32db74ceca6258914901cedf06abe385c32e8b33e0f23a0bd1a5d0c6099cb730,1009,bma-dds-water-control,,entity_assignment,asset_owner_candidate,3,"[""37873902e524d9d527782583d9af1a1dd50a915d6e23187bed2cc5c63ab07ceb"",""c9135eb5127bc8923dbe2dfc59c6a52a92dd8f594fcb636de350b89ee84ad495"",""ccf2b4f561289333b1a8ceb94b9e5b2adf93147131b19a69419915b6e8708bfb""]",[],candidate_unverified,0,1
e439741fb93b111fd84f4fc31b0a1cadbb193af38e1e3f1fe0c66f623f5c6ec4,1009,bma-district-1009,,entity_assignment,asset_owner_candidate,11,"[""4c5de764b7e1b9e67656fb44f1a857dabe579c950bd5933d6015aeb34ddeeb50"",""683ccd9b2fea7e1cf48187f5ff509e5d8674b7e3b032e236d055be3ddeea5086"",""9691e1f3a104eee7a11c8354b59173a1dd38d7ba11e2e9613714040c59193125"",""a11ee294f92b03ccac0ad76550bcda1aa7ecb72d5dad21502758d0b7675d1bce"",""a816932ace09da13aeba36dfa08d75c5022f8088871cf36f7e9530ab5c3f08cb"",""b12bfb284dc56857a264d3be6bf18ec5149c13f93d3f2a6eda6766f3c02d1469"",""d9ccbd1c62bc9c1a92535b3ee3eb61026f5f21ca6fa8ade61a45ff4f4b49bbee"",""deef1acc49675fb178a17452a5414206ad78807e5168becd0720a256c9b29bdc"",""e4b7dbbabbb9bba52708b4984ade41097fae8f207ac207ee6eb072ffa4832aa9"",""f39b4b83da17eadeb3799e720d88e2efcce2e0b9191240a9c2f3b5db5cb7b06e"",""fff776374bf81532df0b0b1ea2ebd1e71a9f6414f06203a2497329fb89027c6e""]",[],candidate_unverified,0,1
74dceb21d319e34bd2ac00606b329f0782ec3f2d99f4820bc9de7412558caa82,1009,bma-district-1009,,entity_assignment,geographic_jurisdiction_candidate,42,"[""070ddaf680beb13f0b47a6d545a874b4704e136088766860c06ae933aaa5b3a1"",""1833a4109089c965101975dfbc593767abfd5bedd145b030713da8d7c2ff2aca"",""1a147543d33fd7c31767e1079222c9c97e57212fa6b8b983114f9c2d6558362a"",""20db443a3802711f86c220df4ff35c1bae0a5211d74c2421a866e00f203b138a"",""2bd046bd4d53fda5f50a1ae4eae851f3d2ef05816b36e9ccf6fb0c479eaa96fd"",""30f3f869bba868a8e296d836d2aadea7b63dfb06d5595bd03764fcb19d568987"",""367f5bd6ae182e7b81a23510dec753195bc662ebc6d524ffefaa6dfaaf155f4d"",""442bd6d6c37dc91110c57deb4619390010a6f8126aa2055f646e527f286ae3cb"",""5098842c95d7bb452a45c65e049df2fbe7b18c6f7973c828811d5a3821f7b100"",""58e13aaa163b3bcfee4815dd6a935653d8bc8201e76c90f59fbb6bf704436672"",""59c6accb904c920d65619018f531560939c9c8b05cc4eda3e55e03afe609b728"",""5d5907ca548a9ee373ef5263c8d27f5456fe446ac7e9751bbd084f437092cb62"",""63a4d536dbc1712241b8850be83c0c3175510a9aa4345ddede6c233b0401c708"",""66d6140a64bc1ed2b9024c05a5100f22f760deb1d36158fbfd8ad3756ff7e818"",""72d3e795d1f6c07a4bfddeeeaecf37e9dd2ac0f37ab38a446f2e12447fd507c0"",""73551b1a7b2566ab99f9920a070156d5f83294a9f9bfd966e13cdaad8a16cc9a"",""76ddf3bb1c466f0f05b78fbe2f441ac660701aab53f191ea62ae90f6c037bae3"",""7c0a7e7a0bc0e7a7da1b6f27ef24452602d4f6d0c40160ce974f91834fa8b5d8"",""7e9db975f52120ceba2146b236a375c524c8d3e772c67ddf4df3b755a9cf1521"",""7fb1a2c4f4422559d76a05dc0b3b0e853a073490ff6a87cc0851c9f959c24029"",""82a2db1c3ea4ecb7af1abdc37d0ca3bbb77d0d2d317e9389c650cb61d77a286b"",""8512400d8890f99f472b260c94cffb554fd596dc6c5bf09a1a516a102523d56f"",""96126655a9544399c316d6dd3509aedc74c277a9b7f865728a59a2adb7b898ba"",""98a27116c852cf70a0fd5eabf54ae6838357b5b0d409b190d210f4df737bc147"",""99a0a16d113a44c016b899c5d2b638293c4c19540a521d9e135c2ef60fbdc2da"",""9a7987edabc4a8c670fd393ed2a55dcbb7073fe7b8aed3926af16168b22f784c"",""9b36d7d30bdbef1d24b1fc82ac2fbb326bd4bb20d79a10111b00a91c52ac1c59"",""a020776908502899c65f644ded6a01e3ef2cf50aea6783c0deed56d9f23b4591"",""a8bb065d8a14bf7e601453dff2916ae305b81b68097e3efdf2cc4d118f52124b"",""ab531965b2c91e3885b67d3a00dd5fc41a394a5d2a4e7699fcd725dd76e34dcc"",""b8605225d545967abd09ae619b103ccd02c3648027063dd1c82399b050604eaa"",""bb957b60b6736a9794ab790f8d118a6c2fc80eb4718396ea85e7d4a9b6d21ec4"",""c2cad7994283ae8ada728e810ddc17a049dd0307c91d7ac1fd70a2ce51197664"",""c5dfb0bc0c9b0b68bf6eaa871e72315ba263001d6d099803dc7e8c27174c7f5f"",""c8eb403b8e220e3045eb555ab56082945dda80efe45ff28037eabdaecb682d3b"",""cccb505f8718b2239129e84ff565d882b17928a5b1971857c08fd52dca4ba959"",""d4228aedc75769c8f4c2fb21c3ade5c5c124202b28dab2aab31ac190fe5683a2"",""e3795ccfdc13b503e876e9979445de8fed648753e641742daeb2364a3d4b7180"",""e5ee2a809c59913dbe3d4485407ac8ac1b716ac18f233b70bb4e4c22e5aa826d"",""e63ea4fb5cef79b5f28152968874dbe38440398b3629a5676fa1545c1b2a4b07"",""f15d18a0241b601076388e013ca13b7dd6a5482cd298ee118749fcddff117089"",""ff89bfb05b413b195c19c5bf7d76499c08eb2a2c1c89ad21301fe2c1a473c23f""]",[],candidate_unverified,0,1
c1acf741edf34df1c233f16523f2a5b6bac05f38990ebcd158025da6fcdc62e7,1009,bma-district-1009,,entity_assignment,primary_response_candidate,3,"[""99e7993d6f759b061dc33a48e6372e62a4fe80422c9b44c4c5f36a40f5ceb7e9"",""b317f398483a6878835de4a64410f330ee5885ef72dd86225df516cc958416b1"",""f15bf8e700a5f70277b70a7399963b9be5e3411f187d6a7ff89ef7db0571e885""]",[],candidate_unverified,0,1
a5298bc97650099c5287b959c60d9da504672209249d218895e0fdf5af507808,1009,bma-district-1009,,entity_assignment,support_response_candidate,6,"[""254dced719fbcd3374b54f80ddadb7cdb13138f61169033ea89b7d8303a291e8"",""42b3cb67146a6fb53237fd4e683dc81fa688ed41e8faf55db635f35f58cb37f4"",""4990fbef410a5bbd6470a492ce7f03f7fe679ac03b83a2ac7bbfe22861ae77ae"",""59ff48f12ba8cb888d420da5713447cb78ed5ab626b340dd748c59f58bb8f622"",""64bd97276a2a4760a52bd331a98804b2972ace4f637937853f203d1b0d12be69"",""db81a3326b3c76608ac9b8655e0ff436a62950e129ee336c9f088eb1c4ed1b0a""]",[],candidate_unverified,0,1
14af8d17628f359daee0b5fe70223626cda19e8ed5660cf81092289a69f4408c,1010,bma-dds,,entity_assignment,asset_owner_candidate,13,"[""249f9e86b3417e3219938304bcde32cddd66d38594906c140c7836441cc52a6e"",""2b2974cab002078b683c2b09c164ee0b2b63d48ee4ca32eab716160233d653e7"",""4143b12ad192e43a7cab675b7548168f9889d9b3092b1aea723f5889cf9cfb85"",""4fd03d33c998ad668407d55fc1a9e12303545dd798a3fb0b6aad97bf45c548eb"",""6f9cfd924047bd7afbb9344d2ad92df62177348573302d17d11765418af647a0"",""77b20e7e111d54eac2c1bfddd66f24cc601a8537aeab465018fc6999d4c9d71b"",""a2b41e4eedb3dfcc8b12fea0335e50d9e31e511de8d58613402b70c964ddb4e9"",""b4842a79600f6244a4b12cb01d401b21cf62f4b4e418f99583bb83d17882265e"",""d2efc338b1536e6dfca79a21f811e63861b3129664f89dba7c3c6bbc892280fa"",""d870bd9ba03e4273511c14f8f9cd60c37a355dfecf10363b7dadcaa4680ebbe8"",""e0d3075dc5b78f41f40f238de0e13f7801b3009fef4b05070cd517f0ed0d1f11"",""ee9f97b22bcbca6d9855908a82c42df094e98fe95bfbb62c463729971fd2d50c"",""f0e1de8ce4e712163c2b27ab7aa63915e23ac271d398d4ac75723852b44a6da4""]",[],candidate_unverified,0,1
01d937a7442fa4e62c4d8a060a4939cb59dc5d1cfbcc81bc6cd7371e31929f4f,1010,bma-dds,,entity_assignment,data_custodian,5,"[""67ce110af65e2846022f58acd1a8d93f119bd1c88bedd0c828cf8e56f80eacba"",""80b577bcea36d2fbf6f190298279b57bbd18b8bbe52ec33fd044053e351a4713"",""914d89ab2c5a43f9a026d6608a42401097267c83750dc815446dee2cfbff0772"",""b1bcaa0a0f6b89788dad246bea60959733ac779a6a494873c337f20cca443ce7"",""da3cc0c234764f90ec8773aa31fa5cf6d886f79617d0cc9f88c7ef86be1d53b6""]",[],candidate_unverified,0,1
83cd1e94b56bc0e894fb0d09fc491c3e4ffdb38e5b9e197747aa4c9be57c852d,1010,bma-dds,,entity_assignment,primary_response_candidate,3,"[""1592f0cc82031ef567186751b2dc5d3829031c32fce12453cb95220e82e7b9a6"",""15d38d217b7ccae896ccad363cc88faa650901532b87c2bc00a6bade37ceb12e"",""f67efb622efdab3d910fae134188e27c25439a0c6f436f4770b3e08c3a106c9a""]",[],candidate_unverified,0,1
2d30bbbd3948958059a7bcd125e88e59c0ed4863d5c2332c1caa64920e16dd8a,1010,bma-dds,,entity_assignment,support_response_candidate,6,"[""4191594a778392bcaa1212199f8557fa58ebd44207b36aeda0dd1417a3f9d054"",""685673c2bc67f57e0817711894d994bc44cff4f2766575bf1ebf46c0c9a5f420"",""8c2a3b1923a56dbd959b21b8bd6168b7a0645b372575fd5b1fd7ac61455fa427"",""95f39fd7dc5be01434335c8f7a36366520d83e3a02573baf9cc2eebcf7f0d9d8"",""b822d40eba37945fd31d3974d607a2886b8c9d9e908b2b2490de9ce832b12dd8"",""ee1bdb5939da0cdf1479a90274d9d23c193a7fab916c4884f9a16327feddb1b9""]",[],candidate_unverified,0,1
5ae00174cf7091e627e16ec8e717b4d1688664bd4b2137c8aeadb7779bfe8c79,1010,bma-dds-canal-development-1,canal_infrastructure,incident_capability,canal_development_candidate,1,"[""eecb6bd34a1a434d36d98f080164a4d67c48efc954df71da280ad32d109dcf60""]","[""dds-canal-division-duties""]",official_reference_unverified,0,1
2ed610733a10ca7470ea39fd9c27efd1b9f16a770b53fed8e27c5a7da1a4aebb,1010,bma-dds-canal-development-1,canal_obstruction,incident_capability,canal_development_candidate,1,"[""e8841415c5a3110f33f7dd849a3aaa425fb612c18114732fa0ea633eff31b8df""]","[""dds-canal-division-duties""]",official_reference_unverified,0,1
93772409b7d1602f9e1a87b354e37f8ae833c55dbf50d14ba37d92b214ef2934,1010,bma-dds-canal-development-1,canal_overflow,incident_capability,canal_development_candidate,1,"[""6a3669022b1d18d9e25ce236ba3695206547e9f81f66628f1a8ab1053367d0f5""]","[""dds-canal-division-duties""]",official_reference_unverified,0,1
d18283fb49395bbbb4c653ebe2218d2c0befcf8438e90d0dc43e1d7a97f1c26e,1010,bma-dds-canal-development-1,,service_area,canal_development_candidate,1,"[""8480cb9811cfa4d71522b7212b5a85628b3d7c02dd4f90d49276f3b295f4afb5""]",[],official_reference_unverified,0,1
a162efd22275ba514fdb5c265607e1c98985b2bd0afc7c504f979c260e67f2e5,1010,bma-dds-pipe,,entity_assignment,asset_owner_candidate,1,"[""834dcd758872e68d417709e81a60b607e63d091e1de95bb511b19be4bff84233""]",[],candidate_unverified,0,1
86d82793383e254a9a5de8b02da26ff3ec95ec1da11ff2ee9554f2225700d1b4,1010,bma-dds-pipe-maintenance-1,main_road_pipe_blockage,incident_capability,main_pipe_maintenance_candidate,1,"[""92d11b8dd4c59c1075a9e0a5e7a013b9bde49ae792a0ddd10686a6aee1eaff64""]","[""dds-pipe-division-duties""]",official_reference_unverified,0,1
caadadfff6628c7c6da9199cc6e6bcf65b9a9ebbca477eaf60495edd23afbdd7,1010,bma-dds-pipe-maintenance-1,road_flooding_main_system,incident_capability,main_pipe_maintenance_candidate,1,"[""808f053c7ccf044aac90567558c513f726610991ff47172c1e171b4177c05662""]","[""dds-pipe-division-duties""]",official_reference_unverified,0,1
8f69e304b4ef27af8eaa392aba3869dbc99f2fc5c7731f58b5ef4268465e489d,1010,bma-dds-pipe-maintenance-1,sump_failure,incident_capability,main_pipe_maintenance_candidate,1,"[""1af4bc0e91e8844b79aaa549c5a4fda056c0c855357214d0d38dcaf83f272b45""]","[""dds-pipe-division-duties""]",official_reference_unverified,0,1
7daaf0c80084f3c93490610fbfd1ef9256552b42d44e99fd7c0ce08c6baec79f,1010,bma-dds-pipe-maintenance-1,,service_area,main_pipe_maintenance_candidate,1,"[""fd35cd3e59c195af496ff9b767d9260fcbed0bf10638468b8f777f5729a74d81""]",[],official_reference_unverified,0,1
abfc5bca20567893eb0ab8f35c99967d63a3e18da06a9f82d8b29549d2e8379d,1010,bma-dds-water-control,,entity_assignment,asset_owner_candidate,4,"[""04a3b3ff3e2dc610a9b82aff2c31bb9141a4217eb9d90f3769b77a1d85931c1d"",""19823467540be6dcd2715b72fb4dbd457f75426354d65069987f708c9f24bc10"",""6c5efa854aec491c92c3cd2d744e0afd002431dd90819830d01f7d091865f5dd"",""70ff2c012d0304a68cb9666b8d786726955db35501c328e38dcc83fcc12f9da5""]",[],candidate_unverified,0,1
184a2f5a9915247f92ba5858597416596b8099e3f1d8df877de097fbd60cb526,1010,bma-district-1010,,entity_assignment,asset_owner_candidate,23,"[""16e60183f6068b5b24ed470ab7d4dc02626bd3bddac43e4bc14ce09c6906ccb7"",""1ce0e937f56f9521ab6b2897a0aa51602aed6446f6d2263746d9897868eb8666"",""1e219de5da3526aeccc0b4088ca934fdf1eb97a508d1021f0b646c858136b5b8"",""23b7081b4f1fd08c01b50b1bde3ce106c4e0fefafe53324389a70b67124c5181"",""27bdf9bde8ddcad8cf3a8fe20b8b9e291c73de743ad3813d3e4397f273bc5f8e"",""3f87ab7cf0012f592414e401c1c0e7599d04a03b002b3820138a90968464f2dc"",""519cd4a66190844dcf6c6bb1312519dacd7876384631ed9217f701a7714767fa"",""52bc0b28f5d267b2f2b48977f2f4d8df33a92464a5ce3feefb14d097f347bf7c"",""6f5bd8fafcaa90c4fa358c8e93b4ce8e1efe6e77b00a0e7b2b6c0224a23017c9"",""6f8487d60549e2c0229c878b03284a47596ab2f9a9809860fd43cf235f29009d"",""703795e578c19b8fe1912ce20352bf9ed6c877cf283b0e287d13837d6eb67d5d"",""8465a75e8b3878be5feb39d88b3f2508f6ba36447479d9a0950ba96303425c58"",""8941a9e73fcaf673d0c98cfb210cafc0dc4a884cb9398370fca07b2bd0671994"",""8c1d4cd39e3c78cb36dd8cdb7727d9f92e50321d46590b35b04964bc71d0b34a"",""9fd9930d5387cdfadef3cb12cab039555c9cc88b9d07ddddca4df3e09fd78c37"",""a4dd51d6b39c99263f6176d82cbfb1d4ff153ad77e33ac81986da1a0271c80b5"",""b21239403ab05ef95f563f1905046d72a70a3538ebf7ca147d37764f62e5d6ea"",""b9a8bfd33a6a9948228a001d8d4a2ac24ba4471f52f69163198dc8184c1fdf3b"",""db8f4a45bd9ef4e37c192ab9f0d375bebad1c11b7eebce9783d93a75210f3563"",""dcb7cfabb2a41a23a5c4775543e0d46af4f9fcb1c3bf9ac26996135cde7b3493"",""e79fc30ed291861d15ecefe4649dcd3c09fa746003f96abd23db234133e6d999"",""f0f09b9b35fdacfa21e6016ebcda9193c746f8ea25540f1170c11e1f4f908644"",""f8f032933db54535f182ac2ef39b77a6916cda82ff0dc54bb455b28ddeb1726a""]",[],candidate_unverified,0,1
60a79547728ab0c12ef47fc98642befe57b694ab265fc22ddce65b3c0f6d8b3e,1010,bma-district-1010,,entity_assignment,geographic_jurisdiction_candidate,55,"[""01b47a42b66084c4b20cb17be1e2a8f6f6a356d564a7148e468c43251f67989e"",""0aa69ca6516459dc171a77c1f5816fb4cd250c95c5231cb689e7d74cbc6e6301"",""0b91a3c70656a598056cb8d44ba83f8d2c38b2e08f08acf48ec28430aaba5676"",""1573ef75d0e23fc4e29f84945dceadaed748ed9bbbcf71b81a1c60830b6b2dac"",""16d4500d08a1867fbffa70b4eedb1665f4b8f76400abc28132b13af0915249bd"",""1f27911f47c222e71fcc31d53691ad8aacf1d2b4d76cb41ac18dd1d4324d379c"",""21211a90b2eea3305e1f30b1ae467a3170a9d848c1059b135234c5b315249c09"",""2329a9256a0911c11a95f16e7a917db4aa713f82ba6b4d7249df648b22336a1d"",""2ab3e7b28008e049d790942ac35f7e5ef79207959c63f6584d5b55f707c476c8"",""2f9b22a28de5d92411a9f4a52f87bdbd9fd80950adc386b01776d4bb203940b3"",""339c0c4eee34389d7c2050107286e70c484f5343d82ce0fb1cdc30cf75286476"",""350519c45b1260d42f423c158504f1d5d5e4c1fef60b2bcc1bc5a78626fcb0fa"",""43f6ca4361d93920babcc3d9051dff918f94ba6166ba0854971d83b136744b3b"",""4aa507712c7e0caec858b02764591d9d1cd7ecef54a85313c9ae7fc9933ae939"",""4fd7c7f469530f9cfe81d2eafacd9900021392a8ab3a6be5c2285ffec1d556e1"",""57f084cfd99e8ba2037a1a7f5ae2b85508da634984dcd2619ca7f110d8535d07"",""5ba4a51d4de1c789a4b4aa8794d1091eb985cdc22b8b8fd510d79a5a36011bdc"",""5ff7cdfb7e08fb462e5c9f8694a59b50db90d7f10f9299618792fe5cc52013ff"",""6078a0cfcec8a07c59d35de050662167de8af674dc1e53dc533b1097948c9a01"",""6172b26ff45d26ff6750be1224fbf7992cdbe2279571b8a9c4973bb6afe3f012"",""6223fbe7af804c9cf4c3afdc4da0bb89e2af122e29732eecf1c30eab30b32684"",""62ee8610b175ad512130f515835bcf64fb7a84dbfc231c5c2c8a213640c6adaa"",""6512fafb3e4faa3cba7fb59ee0027ce549d347fb00f3da02243b2d3dbaba4510"",""663bfd3f072130e02b574911c4ff004baa36e575f6754ea1aea139dd1f4195fb"",""6719c4d2278bb75625b0af6659f243f260ee12f5aa7695d0a23e1a8d12eb6f1e"",""6a0d68d7b218fb65d791f12a94b8133dfd32bb642964d542a2751e55facf07d1"",""6d09926c5d99ea69028e2c425d0c0bd03cb7596f45d522c6e5a3967e6dc7dfe5"",""6d65b829ddadc90b3b3c9fbcfb6b5ec3b6d7bd878ba15dba13b6d7af30ca19cf"",""7331cc8c9e75e612386651bec2303a057c1c2bf49cecab44c920e776638c9f11"",""8032467d882633acc5719d98ae727fdedfd37e6a6327244a922df054915a760d"",""87f3adbe05317b5ef7db70e26947671ab30d2e2403ae8ba1a8d8063a3930b6f4"",""8e47eaf0c64433ec854b146be10098de9b04cff2aa63d0aff854957597bcb566"",""96b8da5dc14d2092ba1465cd60fb7bb73f309e8332c0d6940e0ee69a42fb69e0"",""9cb975b0fe658c7a7ef8a1d233b37972bf178df73cc85b9fe71007b95b2fc031"",""9e7313fc2fb19f77b9784c9a5a2ce36c41c110e80ea41235742626087b5b2865"",""a19568bfe2d9e4e738369c1f298de537e3773586b75858f3ef1a4fe73a7fc13a"",""a529d9c593a6708779def3052eeba20f34aab12a76116893a01d93476712d803"",""ada8f2a17928562760d0d8ee82a8f0116d2eb4b6369f4d681db62679d4f012b8"",""b13d5876124e0eca8ff9fbe922c12005e6ba133387ce942a914bc7565fe231b0"",""b1dcf5ed98de1a53ec1f35d466289600dd2ced7005ebb8ad55ab39be509ed336"",""b903ded5b317bdeac2aa95f634a8b9dc955d891d29533bf485744f1945ad79bd"",""bf8d5e59de4d9080bc393962288031583255b8d39205a76410e86b7c5b2e83d7"",""c6b703fca371659e884049782287cd9ed2a4643526228551a7fb5d5bdb156ec7"",""ccb715c494ff1309d0e63296a79bf4a6f355b053678d9440ddb19ef691c5ef63"",""cfd4bda5dd2c2653cd1ad2affff5dc62650979e95411f1b5b80cd2fc6c97c9db"",""d7e0afee496b2afbdf4d887067c9bda9f7f852ceed03c5a381ec44e660205eed"",""d9abd79fdf7d87da29653829dda802d8800700a6f6a67e8b47cae3ee44179434"",""e202ec8019c7113f019badef0e0ea775c6967901abd8d5e5c14e21da07c55d02"",""e7ee5e2161effd3ac8161caf529f57d1ab914c9bf96218ae338e5108154da0f3"",""e8c9da0a462332da862c8e55690bdd8fce6e57fc1345a4ca3531898b5a86971c"",""ef62c9eb5e9ddf6843ee5ecc788935cf5435ab1bc72870bb28adb8cb2dca3706"",""f4b59a8bf34f782da541512d73f0b87be15adca42baacfd62fb4b35c460e4a8c"",""f52fae3e18a0411da6a9aecff461240dbdf276d5abe9f8686ef60f39886f3f20"",""f6561a290acd6d8ab6c9dcc6f9ce7a0ee54a7d3a635bf56a3a74b4eaf39b438a"",""fde9edd432b14e043b7d292173588ccdffcf5f28c7f991763be4acb61777acf7""]",[],candidate_unverified,0,1
5445077e8eb1817bfabb644f692fd7ba73f8402362a8a4729eeda6544d276666,1010,bma-district-1010,,entity_assignment,primary_response_candidate,6,"[""0b405585607836274a298a837139242927f6208ff03b70830da6eed0004c30ef"",""4d625688789753cd20d076bb611147f79ff7f15fd96a72a7c709d9f8fbd27ffa"",""8998badac0d1e0fa230ef209647514a70ed6899f9d7dfcef8ecb9201981838be"",""9403f9daf462e5abd3f23286016816fa4fcd8b3a6142ac1ab146667d6fed01fe"",""e29ffd0fadeecae2bb3f2c1b4a7b2a6ace8638ffd2d9c1cf92bea12cc9fe61af"",""f05cb1f0dd922f647744a1b732b67878407516999d212aa334c6ca80446d5d37""]",[],candidate_unverified,0,1
08dbb1ba68fffadba157fd7dd07ebafaf8ab1ad8140195cd8d5ead8b4ea51623,1010,bma-district-1010,,entity_assignment,support_response_candidate,3,"[""2eb14b113aa76d2794033f86fbe89d9fa5f2d7a5399695e6a13b07802f224098"",""65a439a18960bd01d1547d7f80cf3a82c147301ef08f60b9ddfb47eb6cd776ad"",""ca473bbb2c26cf6f55698bbd632ec6653a9123d818da4462bae1017ec981558b""]",[],candidate_unverified,0,1
87fdf14e8247af2ece9f37e8c6f7a0163033b149696d72f315640a8af3076284,1011,bma-dds,,entity_assignment,asset_owner_candidate,8,"[""0adbc29610be910949ab93d8962d81e57a1a8581ebd78697a1da3fa457dc7ad8"",""32c63e491ef180afde2f23150f3820352f46416435cc3d1d242903b14d007725"",""69416cbb1216b8a3129993ef635b5bf237a22780be1cec43e68846aeb6cbdffe"",""a294bc71519af57dd7231e936cb615749eff925c112c5d7ce78b7b1b9e47ab16"",""affecb4f3efd8e7dd9e00d21c2f73b7d475d60441232cfb72e8281e7976f71e0"",""c0e80b2d9421c21febda14eb4688b1f6cb514db90de60501522c2131f670b78b"",""e36fd20f914e8a3936d5d76677d49f4454e0dacc1d5a6ffb8d9872a26cc4fb3e"",""e5af1881a15452edd6a714ed67b7e22218fd9450df62b5b2e1279b49d6089651""]",[],candidate_unverified,0,1
4b35ac8c815dfd7afa3d5dbb8c6f2daab3ed546c369bf1526626071d184c5883,1011,bma-dds,,entity_assignment,data_custodian,10,"[""31b13945f71305c6c77e3dfc5fd8d9f3f4dac8b1a0aef0f0ab2e508ec71232b4"",""375fb64a2e3dd00b22fcc6ea557b0acb0f801a14b961c5614242c63675fb74eb"",""3c35be21e71840a40962202c114533745da995314f75100c12a815d5d22ad52b"",""50ca179a6ab00acfeb00b7a39507987fc61e4677ca001eb59fd5858ffe36c98e"",""7f50f96e4d3f04cc6a1ddc9d7260f4d0620f0b395a8062c8097478dd60e45235"",""9c411d6faf28a8d843f29d8c42369c994bc646b3646c56d3320750e7573afc50"",""9ebd573857659d2f0e030e29afa5db6259e12f9cb060855b69e062fc039b50fb"",""c09cca9048d405eab2c041daf0130fc2dd0dc38448244760dfcce7aafa460eb6"",""c5546f3071fde564d0a554fcf22ee47edcf0f8953a6f94e9faf0eb2810d0bce2"",""d987a910a7da874b01ef08c3000c9e8423f9ef9639bef328717be160c0fcb5af""]",[],candidate_unverified,0,1
9b6848e86a43b34a34abab09abd7b243a04ae7be2317e17b89ede92e947fc0d5,1011,bma-dds,,entity_assignment,primary_response_candidate,15,"[""01662fc68399528f856aef8830f5d0408679cd3f884a6c84f5752dd6fb450be4"",""16bdf59dc751ee39725a31deda213d3048835dcd6bed79001a27a1a2ad30b9bb"",""1be4d24e31c85f99580b47751ee730646070d51f7ec64a26aa81b3ec1cb55791"",""257c8defdddaac3bf6fff60f86e967298cb547a0119e220a7a925d8c0fa40f71"",""3048a97bcb485abb3131db72afabac077a93bae309a209b78e5429454daa4782"",""341bc892da5fe535e1a505794359c51c4224e9651ae18112596c070e277fbf76"",""86105803613b3a012f01d8da46decd463ccd909a7dd00cd5f8690eeb9936afd0"",""8ccee83bc4be25ff9d78716a844815ca30de17e5cad1f45bc85e089e763b9cc6"",""8f66781139ce5b2444d2612f8553a43895da87c10c3d04fd37d41dc6100fbd94"",""969f9dbb4798e2ad907521adc5c4ce9ff1d083af1e9fb85296003846a97343a5"",""9d7655cae76a8f2a5451d689ae237b0e15e1e757191922d71a7f8441917a369c"",""ba1bbec2bffe2b1748ff955cf7ba9700f6f323b71ee9c09196c743fd6ccd2c4e"",""d15f826d74a349caea61823b95d4a480d082f09f3787931e33bef6e51ca531eb"",""ddad8efa217ba3ec2a27bb73fc3de33aaee80871c5e42a352623c2e0841a3a6a"",""f91c7907f51888b2e83e9e0dd6d1bd6b2b295d6322b603549bde6555d5355071""]",[],candidate_unverified,0,1
b08829b0a10c290e210ab09554ca636d15389e275199d17576cb3ab9b2214f63,1011,bma-dds,,entity_assignment,support_response_candidate,29,"[""004617a08b13d907e831b5b0fec4700b82d45b9172eca7fa58499e022328a2c3"",""03ff9fd72e3f29795c65e9fca3c7eb3ed5138123a3e54de7dc30765bfca562c2"",""0e39f877da7509bf5e00052be2aacede85ff0103cbb65fd23151a6bde2c93139"",""1755f7943ff45e352adaf7be43e031492ccd7e1b8ef2913d061a8e8e1160b080"",""1b05252549213c41be42fa5d8316448e357fa6ca8620fc2853a46a09dae7d099"",""2196a283421014ac72b6fcffb079564f89cf59465902b9920fbd09d4957a0980"",""2afb151390019190d8e66a6265af498603d3c8e90625cb2ca60bfdcf95af9919"",""33c0da4f9e808c1c5f40e2fe085ae7c94867a0a17dfbe68924c8109e4d693184"",""44f15e3659b4ac749928425c54a81b81d0bd53442b76cf94c75e6229520579f3"",""4a1bb335e70d86dfcb2d98b63cb4adb0148012c474d1da85fc3e1f555cf12b96"",""550e126c6d896eea2f21de1dfa9c5c196e8f07a001053a857682b67b5be51ae9"",""59c443787bfd0bbbc719c9e8fdd017d4cf72534c3544e5286fc5139783e7390f"",""627208b5695665c99c72815d9f9c7403adc66e9ff7c6e352156e8f3770ecdfb4"",""72366c3a31d53f946a87e19704c625175c4878069b8be86ae0a98ffcd8024357"",""77247fccdc5d3d0462f72cc0a02e8072b3c1895bd63405e197f810a88096a1d5"",""860fad9dc58a3c23b7dd2c66befca4b1cc5199fe16c62382ed6ae08d9f8095ad"",""90d891f6b6b0d686851c783fb4a4f78d12dce821fc3e3d7dad86dd4b29d3a964"",""953a0da3164bdc8c73fec84fdefd21934e7e35ef1f4f607fb3d2b1228694a5e9"",""af33e74812b8261ada1f85cb66697f2a61b84264b7aa4a582b26fa3161a54c21"",""c543007f83076e8be0817bba918471f89d543eab5dba1871b45a14fd28c60a49"",""c577a7c1a3a2da44960fb9aae3450d0a9a13465038e326a92627c1ec2ffb35de"",""c7438d306f73dd505e01d11b8551399b00ab94ae6f9b909a556f11a107be2f10"",""cd2282c17f435af09922abdaf1801a8aaa5955cfa0e752fe45b519312532fb15"",""dc1c34f64490537479e43a10a81e7ae38ae71b3f4bf8e88553740c21ecd195cf"",""dcfb3b6eefdf12b0f72b5dab1b1a484346e4cd71834edb2ec7dc9b719218b424"",""e39826b9431fd1119aa5526e3728b44690d888b15ea7a41085264fcab20cc328"",""e5c730a204b20f1063f729e21dff4798279579901fd84ce45d830e925a56d9b1"",""eb506338ecbb401af85427a32667b6911163b4636153e5cbcba8bb8b9b28189e"",""f895f248daefcc85ed5074e2206ee59ca5a60b3762438918b9ecb3755c920c63""]",[],candidate_unverified,0,1
ed783ed974e10772f1dd59a722d250b9be16eebe5ee3e1c18055289f1252b82a,1011,bma-dds-canal-development-1,canal_infrastructure,incident_capability,canal_development_candidate,1,"[""85fb73566634fc1390e8b753921f42c5e6572c46ae52df20327577d186d6f508""]","[""dds-canal-division-duties""]",official_reference_unverified,0,1
6d27571890daeb8246e3d94238a283ab40e88287010a7c76248e9acee74c89f2,1011,bma-dds-canal-development-1,canal_obstruction,incident_capability,canal_development_candidate,1,"[""e0fa4650e276f9d4d3eba48508f868baefff658838fe6ca7b00069320673b8ff""]","[""dds-canal-division-duties""]",official_reference_unverified,0,1
b6f3a292a84ba3c913e12d08d702e01f2ec79f0dd11c190d5f918756d416b2f5,1011,bma-dds-canal-development-1,canal_overflow,incident_capability,canal_development_candidate,1,"[""ab88e142a777daa02128b1735913648b50a5f0573a8d2b6378570f8b8c547c4c""]","[""dds-canal-division-duties""]",official_reference_unverified,0,1
b0875e05b12b4638c69f398bca7463709d383c0b850c01b6a32e19efd20119e2,1011,bma-dds-canal-development-1,,service_area,canal_development_candidate,1,"[""c55214479b1d62c41c1994e099dcc50697b155fdc070abe675695f37d8261152""]",[],official_reference_unverified,0,1
1e9486b9fdade4b9a77954af24ea3cc52f86ec5e055abf21d16516094677f362,1011,bma-dds-pipe-maintenance-1,main_road_pipe_blockage,incident_capability,main_pipe_maintenance_candidate,1,"[""b7d3f4e7d14e14864845ef6a2692d57edad69850af3b5bc39cd9dc2228a37fb4""]","[""dds-pipe-division-duties""]",official_reference_unverified,0,1
4f2434c3ed29792833e4f8a03b63d8dd0ac6b71b9128b16f6e4cc443d43bb684,1011,bma-dds-pipe-maintenance-1,road_flooding_main_system,incident_capability,main_pipe_maintenance_candidate,1,"[""00db7f65d7c3e997d980b9bd5d3438a5aca89c3b11b6cf954b9b31699067c5f9""]","[""dds-pipe-division-duties""]",official_reference_unverified,0,1
1fdb17eb341bdd53f79cedc3b261590bb23c2eb7e082bf159a126e56c78a4d51,1011,bma-dds-pipe-maintenance-1,sump_failure,incident_capability,main_pipe_maintenance_candidate,1,"[""41eb1668c264beab56f27fccb8999fa785b6fe6a2cc8be785eb86955f654cc44""]","[""dds-pipe-division-duties""]",official_reference_unverified,0,1
a2de6ed22836844b915bd31b51254ff3a493ed603c8a1c3080fc5879e0d744b0,1011,bma-dds-pipe-maintenance-1,,service_area,main_pipe_maintenance_candidate,1,"[""dd5e6726b7d8ce157f870b85cf9ff3230db1f1eddfac0a9d3de4b81335fc2e5a""]",[],official_reference_unverified,0,1
1d29d0b747c9033c338a0b91991e28f52f759422ff2c2540112fc1043f2f6098,1011,bma-dds-water-control,,entity_assignment,asset_owner_candidate,1,"[""27c6b3bb797045ef540cb0de2ea88801d116e3a47a06cf317b0adbd56e2aa144""]",[],candidate_unverified,0,1
08f2a12ff35289ee5036997bd3c05cad64933ad7fb10f4ec43b55a5c5417344f,1011,bma-district-1011,,entity_assignment,asset_owner_candidate,53,"[""00097c73c215a887ee4343317b6661292367317e942216b7c4a665825070a1b7"",""025f80ca149b3be0add18074e7d316cc57062cc1eed2e627bb3f6bc5ee0a73af"",""09960a73513e4c8998ab28d8309c1a15670e14c09f225feb833d4499750a0dfb"",""0c1ae8f02ef80c6c52f5cef9bc8ca3c48efa177371f8b50ad78c800389b59663"",""152ad9db49031125ca885a448e08159b452af4d7c9a21b045cfacad331b0dd6f"",""160f55f2bc7211dba0e4d3533a8871130a985d5cb1f3c1f21f6e1b00a3c29333"",""19a9cf91ce12024cb92225af7be7cbb5b20a1d8245b4eebc96b21ebcbd294c56"",""1b5f43901678b13c6b6518ccaafaf1e5ed827e595ab8816a0b8071a5fb651731"",""1d647ba6584d43d76fd3736f39265bbc76c4e3f3864ab0711881262fde7ef958"",""1ea7371dc99a7e06feb6a53e990c3d51b67faf3f5a184f0824e41ab4556db7a2"",""28544607a9137244cb3d155d0a54d71deb8d6062a799ded303192ca511a9dcf2"",""286901d948a20420190e0a97142582af628c302bc8c300c8327e27be927f4762"",""2a49f310dde8be81bc5dd4b31d8fd0692bc7e81533a05a72dd7e6917b84d4818"",""2d10758b609755508e286a613d1e99a5b0682e9e0566ffe2a13ffa65744f94df"",""2d614b280f4afc088e3d7b8d7e9527eed709fe27912b1a271f0d004514d54c2e"",""2ec9d0e0c668cb389425cb8708708f210ac0fc6c9743c7775bd86009dc624f75"",""354afbbca8fa2962b60b391ea6961d75547eed46e0ee5e4717684b4225693bc8"",""3795bba552ad6c4f13407394d49cbef376f26fa3c1ae1760c40f5187610c187d"",""45644d97c371590a2cee9ddef6ea460c7aa3cc5101f504a584c020536b533fda"",""465cee968f8dfe42e230ce528ea1fae7516351c235f967717b377db8578b3535"",""46a3ccbb164d76ca0cfce5e826591cb5b91a13f9cdd5480847b0c9c51ff088eb"",""4ffabfd6f4e86a1fb29dd4ac8879e177b797119097bbd615dfd056f016c77c6a"",""535b9d1d6a83d5ae676f60269f5e520d6db1de87086193a9ba0ab7be30b494c0"",""580a4a755885549c940574f431348265ef356fb0574ed918d82617a8313cfefc"",""593558ee1820be4af0fcef94dc7383e4514ed5ab68c6644f37bf1db079f0ca69"",""5d56999628172474e0efe5e1fa535be99de32afeab07423f4d6779051c9f725a"",""6b4dfdbc3f33b510b71306214148e8907f91a0152e68ca7c3fe135566274c84f"",""74b1ad8f55b7405bbe9b09ecaf928929bdafbabda30914b2376bb9c6ea5e2dbb"",""7725efd54f3cf46d95b5f3efe75148214e7eb1fd20fc7a17d623cb268a0ad030"",""8dc6898f33bd998292efba775b484cd5b2cbda00f4650eb0559a945f34f2343d"",""918242bf9e0ab00e1de5ec8aa4c761b2087e1bc2a4384d89092d1a54d929e22b"",""9604ffcb21e677cb1b843f7861434b66adbef642669deb771b7867c3efc2108e"",""96454c1574765f13d635dbed3237b48f688a9b75b6ac3bfa14ad2d081bdd7d33"",""9a4118daa90e3a91c8f033ea68cb2ff853b098a58f32cdf4d47741dbe8730ff9"",""9f8657cf8616b1873b90385dc8b7611faf7567e8cea55c2a84d8002d27ffe097"",""a94e2ee7c48324d7cee897faaf09202b5c9b125e94b8daaf644b946d9edb6d92"",""b6ebd42ec8f1880afa6bdf56fadf0467832e266b0c5e285f1aa39e511f35927e"",""b9d15641eda9ef60c0831e6947b89198251fa9026d4d31f56e3064797cb09ef3"",""bb94eda5450dcacc81e1e6b669873d6e40b3ac0aac90b4a7e77f05d80e97c260"",""bf4aa0fb14a25d3f55c97abf31fcf1d7859f61b55fbae17b46d8e2c44fd6eefa"",""c29461746d19f1aa65bce63f2b84d4e2714257cc80847d3c30969401ad2ae912"",""c382b891eded8307664811f62c12322eb405ec6afd30fb2e1b8af721476104b5"",""cd2317cb9ad669e90240a08df4647f8b480aab106f6ab7f5d3b634eb4c9b96fd"",""d101f3fc56e530c1ac7f0dc38417632bba4615b8b6cc9d0231bb4498b892cb5e"",""d2a9113e929ba6680b563996cb54005970c13b8c824b528edaedb4f077acc4ae"",""d697ad52d88eefab0bcf259f8f695067f4a312c66c3b8ad37f60b7c9e5a985ec"",""d9434ad416133f6ff946b0db4893d0681c362a350c41b740955ea02522e3926a"",""da4e07890a7fdf95e71c4b0472842566ff6a8f5c32189a6472714b00df4cdf15"",""f5587e58ffa3a7873ddaf14b7f8d99083d6db12b6f69e84855b9ef7fd327604a"",""f76eb9cbc916271af54fd133c6da56998b79b467e6e1bd32ec8e15a796960ee7"",""fa41fd5c85320c33c4ce66168218adddb37191b9247f8885116539f2e2cddb24"",""facc2c4f7622a8b2eabe64010e83da7cc6e2ac72142f08866e243b5aafb748ed"",""fb56077fdf10bd9f03604834006cf60046b8e47402d2368567031b676b79329f""]",[],candidate_unverified,0,1
d303b37d290b42272e71c920e9dbbd646ca759384a35b43815321126978f7dad,1011,bma-district-1011,,entity_assignment,geographic_jurisdiction_candidate,116,"[""0298aa2d52f38a053a3f53685434758fd7fff8dfc8d99fe7c403accf472be380"",""05a4f4aa9ab3cf835beb0138460d388dab0ed86d414312fe7915026bd31226da"",""061a68b4365aa2d63927baf62537a6eec519fb07db163204d9c1b7dec51bba85"",""0818d9126db1542713963d4b8deaaab4e9f717e86287fdd86e6bdf91dde6b2c6"",""092e9db7f5e628c37e58bcae2e7543224a35eb8998ad459154833906b4332483"",""0a6cc622f75a4726e0e4c424f40dfe638444cdd52f8fb9c8a0bead7f5ad8328b"",""0abac2cfb542152f4f622aeb0d042f8274ee855e2294d32053d60f5856a38347"",""0ad5f60bcd51c971c8c969d20c5098f473d3523f3f134220b6f14729f4d690e5"",""0d30649f4f455c3dfddeeef255ee076aa677a47af1c3a082288616dbac935b03"",""0d92df10caaa48b9eed6cd2c3a51117370985ee39774a0a0c19c9bbecbad4e54"",""0e6d326c1a5a9ee355a9557327d84e13cdef03aa5a2f457010643ed66ef33065"",""11b6201162e5b1daf9848752c89ea41650bcba84735df32a7cadf6b9676e442c"",""12846ed72253031d922536a9f639b3ba4f3c2ae555780257f82492c09a3c6da5"",""128c0ba8cb3197b4b0103f1ebada1024ac7c7ff3c656d8f9f62cf3148ff6ae65"",""13161b8906eb440a6522ff62b1d60d36ee8c6132af0ec609f70666a98f731e44"",""1481c09f41e4641f442d1ae726154f2ac1da0c757d8d998128f73f30f80c43ac"",""1e8ad6cecd7c06d793bc4ccf039242151ca692dd87b36faf3a2d0bce1569dd11"",""1ead5cffab805d757df1c4569d7d89e9573452aa51fd60b7b1cdda75399e42bf"",""227cf16bb42952f1b0f2a4939d434bce5615ad62e2fab80406bc03c94fe8e8af"",""24651e7ac21bb045ec8d5b56741ebdcbede1823412ea49bc1db4fd46c58bf81e"",""285062bcedb68b9c71cf92fa896b937294312f17dced07199706382eccfd0983"",""298c04d1d919835b10f08e06980be2a293fde329ca950a081193f3152eef355c"",""2a9f360d7f34fc73e19dfb1113f1dfed690604a6e70fe02ee2cad111b46a0603"",""2c238ed53fe62b6a2497a20296e6d3560adacb1a8d3b8efffa35c4cd721470e8"",""2e0b15e1d0df8f5d6ff53bdd2fa19ffbceb35e9d881a4a5a8a36441b2e8df77c"",""2fb27849a5b4fea30ee0d8e78b3105236b2f824be2b4d902348c6d583cb12aff"",""3045b677679901a979d9065a38b8099adf1bd319751f2dfb31f2f079da380c70"",""33a04265c349e9e563f199f5786db80d7d66aa475412c24d88b010d506d95e3d"",""3657ee3b5640df112021b182796e468a792ba0424316b4c3df5ea1d973a29381"",""3753f4af271592740996e7492bcc6d4772db049c9c94109d4e173ec28df9a41d"",""39614e6dae3cb8547bfa9145fac14d7207d8e46655a25a9c172a894e0b28d0eb"",""3de92c0d5e673950cf1afdb239a4704dbe9494088a3e2b000b88c90ea77e0892"",""3e932b0719aa4cae87f728b20f305f590c0d729c76574a02adf643f46e3a60d5"",""3f6b79dc2164b063b5cfb9d7f337f2737e94400ceffa0870fdca4388d24b8044"",""4024f0d47362eeed182013aa31f738ca89ba517960ccc3a85544ae40450cd215"",""430a6374f4bb552f3f2bc3f9e3832acd812dc802b7ae9ba1c5e55cbb22d1c9c7"",""4346138306a40f42b993527f794252b74108f2b2105f209c56482523bd04fc87"",""470667ebf2dac51f916331e8d49a34a1593ee6d2599caf445424c9dd68dbafdb"",""4d84664cea2cb3894212e0f5d732e104a1f594261f4376d59a1b77411141a5c4"",""4f42c3ba9e4e33d38c618c2ea4c90ab7ce159c80cd5e4cc43be109ead32129e9"",""53e636e3c2189667ea4de0137145767f10b12d8cbc4215a99b5bbb11660841fe"",""54bc4d44b34b849031b3313d57b2523edf2d7756f4fe880f9b50c5c6575a309a"",""5670617255d838502f435c6f77a232c9242e5be732ce81206227099893b6330d"",""5692da55e39de9b437bcb10ba2c6afb72a099965a3815690d0638c4a60ba0722"",""5798738b67511643eb500c8831dca725aefedaf6616e4cbbabaa9b60c91a1f7c"",""593b10893ecc585b6d1f70991d676f85451c179b0d81ca40d827123a43b457e2"",""5b045938b9a8dfdc2f70732c93ef40312718fa36d4993dcd3d37efc3823012ee"",""60ffda85a3cfb8b68b68ad04927de530341c85fc335e067e4af1d3ef0a0a49a0"",""638139c3b965c1722689756af60d36f8e5dd7ffdce08f9a70852aca9432a59a3"",""643aa5cd443c59d3b260e42e9ce261443a26f3691328f5474bffeb6249bcef3e"",""652ffdd72d62aebea89a86fe323dba70d3362bf7c65515fa9f9fda5744531198"",""72617d52bca5a6404d8d55885914f588bc7bc3443580a5628e11b12ed1d9102c"",""736cdca2d7bfbba3cba7fe6ee7f869490cff9b0e20b4227ae9a39e6e1479c294"",""73ca542031541812a9d8c6a53a055472eac72e77cb43bb1c60273eecc6731f18"",""77970d7dd511106e1b59983aa4fb89abc025e77e4baf79cf8d3d0fbc6df5a299"",""77faf548798e71aca17ef05d491b1c46ef6b36cdd10e85216ab490f096f2c319"",""79191e539731b2aa9397d470214e66d2d5b1dd484c82f086dd132f301df30428"",""79ee232c96de912d79a519a0a30608f31ffc742fd571f1e20b2790a37fac74b3"",""7baf984ca5917dda0c8068ffdeeb94800751a0a50b53bac19b573bdf2fe191fc"",""7bbcb3d4fb515bbbf28f35f0d28831cf250b19936a4ca96a6ef22cb4aa5dec4e"",""7d4bcfad9e6e4004597b81df6025e7b099e34e36faf337df1e15c70ab1919f2f"",""831f494e6a45f61d60c197686cb7c77f54755c62418d82f25b3483a74d6a2063"",""84d3679f3f2166f633f2ab3e163aff3b45478ec9cf979ef774d70f58f6b1b899"",""8895f6268fb47fc2477daf024ef60879e7ef9c0e78b2ea5790716b570989bd99"",""8a38106f850ca1f265af60bfeb6e084b53940b5197ed4285fc424749c8f22620"",""8a4a3c33404c392f75ff54185f6e10c839ec23415c2ee190226f8c9cf102b925"",""8aacc200d0c2d71b44f2a6eefefa02b293801bba5ae1e9cd4198c251d35c7c7a"",""8e63ccad3f2fd467493343370840fe41903a832cd4febcdce7f80440a676b043"",""8ea89fda7194003f2a133f81b7d30e8f98f542ab1b95915e9447cfce35a3af80"",""90df7b5e5b7ba79300fe9b21a22ad70dd37ebdd16ceaf94ffea236e3cb19a77b"",""9a6fe69d95c777be50590da5b45354aea343cc6a4e046ece68aa9657cace7ace"",""9af1d76433e887e31c6ba4e53f777a47c702569348ef5442387f6bccf8747983"",""9c2e49a98df3270ae4b4eb77fcd0f927d7c675cdb08d4a7077662df4ea115db0"",""a3167506b229bee337136ef881abf800d88b3d16838c86ba9e377d8e2a1a9e1c"",""a350f0cd439dd53d6e55c647e5960559ca7bc7f1412688e9007eaca534ff9afc"",""a4045270d5eb2e9292785f2412548dd069349944105b17bcbbabe91fcd516f5f"",""a5c1cc84ddba2793f624fd1c8202c1ae4f9bea223e1037befadba244cd48d012"",""a60ec98a3f83e10d89f4e398154291ce92d0438cb83f4ff672853888c5d3a42e"",""a6c31f37e6c917cd7c8f6ceee6641f8fc839bbadfdd7d03ea2dd240e922e8d34"",""a726cae702c860c276a35546f21d90f591213977446f102714532e65ad71ee57"",""a8ca905e843186214e6482c7e1abae6575a0246aab4facfd881aab9b037ed8bc"",""a96fcf42bee4f9f4e0528de21e3961e73db2e62c84186ae619877f5c989fbdf9"",""aaf86d4555cf1585647dd0cfffe9f80381131d810c3c6561e34f031467a4f5fb"",""ab4480bbd0e1dc5e24d397e49e89c622ccd8d4515025d3efdab99006d0cefbe8"",""b0500133fa6aa2b9e06da8f4fb8f57f186b38c9d3a582b5489f414ec6d482417"",""b0f8070ca783046981214fc4c58e1d8aa4b45da0e8e5c3e9be1e269867f3d096"",""b18fb1e82ee29d989840e79053b4335fa40c303bd291997e778403b4d9a0d35b"",""b207b78ba7b7338fdb6c1c3eaa196f29d7f7acbbb8595c59ad13a4ecd6b41142"",""b44c86884500a189be19fbd3cc72a5b9b6e685e16587d23e7888073db3fe0417"",""b82c7714e43bc58a4841f4497effc1dc423440117f7ca0f95389d9b0679b9f1d"",""b9bd084e9561b1427a69a3adef96312bf756065ea37ca4670d35acf1ea5919cc"",""bc434eac98e73159c02d55df601aa93afccf693006e436e49f4b13e12cedb44f"",""be609c2bb9c8d1d901c7fb3719c450b33ec1f581446108c83dda020d6a2b1cbc"",""bf3b5204ad0ecae3908aed0a7bb30c6d139f01f567eb9eaef098c089e7017b05"",""bfca7fb22ceb4bd0be839f31d85ddddcca8fccdad68b341a67414b8443daa837"",""c506422850b3707b65ddca7f496dcdf2b0000953aa9c188f36ce1abca63e202f"",""c5c2a9b63395c96d7c14b80677b46fcfd8fe79dfb2ee43108faf14b5fef00fbe"",""c9a794634a3fe8c90669d0a8aa48e46b69acf2161c3629daabb0c195520a92a7"",""ca94e7958bbf6c3c9d8e7507a0401f21e682f9d4670aba4f545286ba6d1dfc84"",""cd50ff2408f2858d4fdeb316a8baf2130360744ac2232be506467752c2423db7"",""d27c5bea44c270396ad2736b4fa98e25ce45fc97ee55bf40a684f91c4b0755db"",""dacbee0999116036a5bc4879be90e47b315b5281735500a408f0c95e25a3c401"",""ddfe2f81e511667db3f6cb4c187c6260cd722614606f2dec8564cc346f4ea819"",""de6d0a039d3ffbcb461d4ce7a23f8f5b73a6f4868ad272311deaf940c3a43952"",""df02b16303a36ecbafabf0254bb8a083c23400aaf5477e287c211d91defcbd10"",""e352328c6e0c90dba910c43c3f65af7dbe2c8481081c7747b5c7cff324335d55"",""e99a39cbca64a2c4a620366959d460854665036973ff81aaacadb946cbf2d2d9"",""eaaf61950f8056db47628b12936a5dc4008699b6983f57cf087f6e830627c612"",""ef86bf11c4df4bda61035442b0201502ac4e6588b7d83a1642b4414b31807da8"",""f094c1c1f53c5f4ef51695f4d24a1f78bf4406a0c5f03a76ff0fd2590a0d6d87"",""f1b3741762bc4091e911d22e9a7223619646c1949ca09eaa78bdbbecc476967f"",""f21dbb5f79efdbb507e9ea373aa6b1de1fba0a9e79b62c9168d05249b4ee8876"",""f255176adcc5724c736e95967c113bd3719fcca0a2fb5cb06d8404c1d8bba038"",""f32da34d585c462b01b0d55711001b4c6cfa9bbf4b657110f6e0fefee4117c32"",""fbbcddecc5d3eed0bb41af932f5de7866644a9d0166a0ba458e1b1c4b0a92e33"",""fca748c317d26a9665b2d783c805f2569c8e01d75aa1027c9ba230cd6c871e6a""]",[],candidate_unverified,0,1
76e11b7ea74aecc47327946daa097f08239ebbff576dd8e463785254e5ceae1b,1011,bma-district-1011,,entity_assignment,primary_response_candidate,29,"[""15b2c388e1dbe65c1924d05c2a6380d8cdb88667641ee6ea9e8c6a4e590607a4"",""1742107ea03dc9f5b00896e2a123a9d39e3253793efd1977a8d163dbc26200a8"",""2398dc7a8bd341ac0a2ae64147eae4e24403f6d0f0893ea75e0780ba3ec3a12d"",""323afbaffb0d7ab54901aa1b6d70fe93acb7be0a3f2e94ed9214c7c27db72bf4"",""33c0b1963ec7a7804bc1e864eb1c333455d0782e15088acbd25c98c904209ce6"",""35553941ce23b77414adac70b3821c240d6ec3f1ff6998317054eee748e3da91"",""425ba79f6dee62b8b59f9ddb8a029654766c35530e28830a1244f80cf925447c"",""433773d7944f4e68c1cff23d13a30456e8a33beab349d8a716145c3ed4458d5f"",""4337f1259b87a2f8bc04752ecd4ef446c332811df6620d3b5eae0d28e0a19d70"",""43fa347a81a7072d5f5f7c6af2a1c454dce04bfa448ae509b5d380fd1203c6fe"",""464e28c1d6ec8345f20b44b68adbe44dca3c1c961844098355ea53ada56873bd"",""4c84e552da28709708b13f9c2198e6252ad25dcc53062a0c42932913ed8175cd"",""520542d945fc6ab1630dd4326051a50badb082c1a35092cbe97d2de419dba134"",""65506298aacf3fc44e463bf6f891db8cf1456ff1964693e8b6d14bf9dc212617"",""7156e225502cbec57617ec57eef429197caee39940a312458807c2dc547b780c"",""7ae5e49a96794306882792fe04ca895ab1d32d2944e6231a88a0bff523a593fc"",""7b3ba58f848ec53873ae570ed295b6d9281d6fd0f0b7124ea828fa179bdb2420"",""7db1e5aaa6ccbaaaaad3b9b1068d4e69f87dcac834fe92f6766da6e3e51eacde"",""998189be4f93ea95f08007a975faa51f385dacababecc4a3918af3937a06f32c"",""a5db8fe83fc7fd7dcc0ff7a921e244437908dc9fc964fd1f0090d0ef5b2fcb6d"",""a65c817fd99827f212046569dd33717e14901519cdb2976cd43dc6ba62d87bcf"",""b0b00dab03991b96cd17b60a2c1740fcdb82fc7e32303a0639aa2822f8f47919"",""ba76184605e844349efa96cb9119adaf9b3b9ab3997678fb15f0bb1c4ea92a1c"",""dab9063512e9bb5f1315cbbae91c44b25a5169f55950e24200164720dd4b3712"",""e675dd51dfd12a5bcd6e611a71607077ca137ffabe802d7581aabd7c00e96237"",""e755da2e12073f04903621d9d0f43e3b57549559a0b2c630f80479ba95947717"",""ecc4828a2255d65f7491a85f31164846766e65bbb4a721f3d98de0a1ba38e065"",""fbf18784e9f274943b1fdbae8f6be70079689e1e19f5a846e0044bd175778611"",""ff930582fa8d15fb3180681e222088762f96af8032422179a75457a12337612d""]",[],candidate_unverified,0,1
0a6f4997bb25944d3a04bd0d4e4e8a81add3caacea0e10680ddb38409c8ca555,1011,bma-district-1011,,entity_assignment,support_response_candidate,15,"[""12feafec195895805e6c3347ee6e840a281866d7caa1ddfb60be27d3da200545"",""1d0f57acde2cc6c4690181ac85eb3fd7e25931642e3c19827261130285d91a65"",""42a54a5349f57e5e9e588e89a63f9f05ef243b82b8fca629606f8d140cdc412c"",""434cf1837dc31876a0c7a4f0ee3cec32c6502be648c468670447656a80847513"",""562e123924d3fc8129410528f9833cb9036e0d84a63de249234b41098b635b02"",""5ba8f38aacbe6e59cca2ca4dd9e7ccde20b1b16ea2506dc09d5d2c1bde20c15a"",""5ca2a45ceba14cad1be20b6ddf7752b041369b9014602379726943149b041082"",""745ebbf8285a57d7a7563703e97597491928791b6915ac0f911de7854d22f55f"",""8a386a73c7e2d9b9679501a468e4cde1bd03b70b5e7bd07ac748a3ad4f72df08"",""a3e0f0bc2f7000b0663dd4c14398092db3a9b6bf4cfa93298f4343a04b907ae1"",""ab738e9a5de52bc271582ad7e5ac3910295c77612f84e1ae48cc659e08beed52"",""b3c400e1154b9b3fc61a3ea0a8b02698ac260553906e1250bfdea66a0d180315"",""d53b9bead8482eb0e8d0a5ceb489b42f56a4465ac6f9d0e91c7bef4e29a2a6a3"",""e6a0698c55efcf8235ee724a30c6b3a2d5301b85f247bcdbe7f5041d5bd1dcc0"",""f0a96f04a06be175e99d81c5f90f711e4ce1ce6e69f3b190ff634446f20b0fed""]",[],candidate_unverified,0,1
82c26c3598c5dbb87403bc4ed7da5834d8705aaa444387b1aa89704d1c1c7eff,1012,bma-dds,,entity_assignment,asset_owner_candidate,6,"[""363190b8b4f63427a997bab64eda0f7cb27a07857f508434be5330ae2bb5e720"",""380506137f33f25594833af3d3bab5b1f54fe7f73d5ac5fa46b862b21e043eb9"",""42aeb63cd0eeefbe5001917b8782e6c2b036b56e37ec7c3f598cf2359390dc22"",""6cd55c1c1135288a9c858f9c769bc6a92eea63c72d7b74276c1313b027036082"",""6d4bbbed54e63146abfb040dbfe14db366eacdd416d257ac4bfcb9948a51c166"",""82f1a85f95e75ef3916b06c9a68badab1f100260432b67abae5b635e5efe527b""]",[],candidate_unverified,0,1
2c6d43c2a351165e334f8eaa196948bb9805f8c8e8bcb1d2031eebf0f628c01c,1012,bma-dds,,entity_assignment,data_custodian,2,"[""826d1c5ed5c4d7afabdcf3c2274f102caf1c028b7deadf0ca70d5e526e22b01a"",""b202cf362c5589d47a1ba744370850e73ccffac2e17b7a0e7f5a7edf8a56515e""]",[],candidate_unverified,0,1
7c0fde065799843e56ca18d77e57ef77a3f9fcedd25fe8e44d10d361ab080dbf,1012,bma-dds,,entity_assignment,primary_response_candidate,3,"[""844b4f63db22b6b365d4882697e1c2541cfba3339cc4ed87819f15040cad4022"",""e5a39df88c98aadcd5b89b388a9fa4d8078a7f6c48b6c1de85ff14fe2b8c37e6"",""ef30c0d363bdde1a2da2199a424cae774531460c0dbce932e357ad4255d7e60c""]",[],candidate_unverified,0,1
595ec7c6531956b69148204160f5ef46fd9c38ee65d380171c88b1efce7147ab,1012,bma-dds,,entity_assignment,support_response_candidate,8,"[""0fb3ead2957b0faf88b32240a49c886a63e96bfb1b911987b89d1834d702e2bd"",""28d01390f71b4cbd1c38f450ad547f730fcf1d6548c2adde0a840611df445523"",""2b46638f5a464da0b63d069dfceaad9ff3cd58ef626b443c3b7ce81e2ab6c208"",""6d5f385ecbca8491a03a5f52cf79ee374f539e366076b82f5aa130cc37ec2367"",""86d1612353f4d65b5278877ba9a9417edcbdebad125772db4cef9f949ca2e7f6"",""8bc5db59ef76670f6fbbcdce6cb8c2631e757d1c0fa3e29479d9ae8536a0744b"",""dc3132a96cfe178a0b94b8775bb8024475c41bbe0511d9c7de717fa6f2f96564"",""fc29477c00e193e5f64fac210687894e7392b58b2a3aeef88c1a5e004ab824df""]",[],candidate_unverified,0,1
bdeea471dc8eb5df6d4baf80ffa7683b686a0de4713dbb883fdd812e9c8f570a,1012,bma-dds-canal-development-2,canal_infrastructure,incident_capability,canal_development_candidate,1,"[""50fb0b386f0ca28dfe2170280052b8da7098a09d2122a978473424f5d93682a4""]","[""dds-canal-division-duties""]",official_reference_unverified,0,1
2fe6ab2e0376b31b0a006b7154ddc4b12ec59dde1df8c3588b36ec30775aad59,1012,bma-dds-canal-development-2,canal_obstruction,incident_capability,canal_development_candidate,1,"[""bc1ec9fc7b52f95f909c10db2de16d4bc9871b569a609790fb8fcf46f8d7f7aa""]","[""dds-canal-division-duties""]",official_reference_unverified,0,1
995f4a67b05f27b3f49ea4746987a47d31db1920875c929feb2bcb289bb4e740,1012,bma-dds-canal-development-2,canal_overflow,incident_capability,canal_development_candidate,1,"[""aa026cadac969dec482d0c496cdd1846883717661c7dae9be86ce82b12c62eeb""]","[""dds-canal-division-duties""]",official_reference_unverified,0,1
4c33a4f1b6846c019af5b7975135a61d7699c384bf68e6c07f0d759376d0eed5,1012,bma-dds-canal-development-2,,service_area,canal_development_candidate,1,"[""6deafffdc59a3cad721f6b5ade23672c0a0cf435655845b55c7b20103027f631""]",[],official_reference_unverified,0,1
3818c984a2d0220013d5ab14b3752ebca494ec6de244032a49753f078de36a4b,1012,bma-dds-pipe,,entity_assignment,asset_owner_candidate,1,"[""9e9496daa8c15a713ad07db3dc67cea029bc6865560a1fc332147c168e144b98""]",[],candidate_unverified,0,1
94bc6ca078633e5be889b4cef64a135c779fd96bd50a0696b68f83de48241755,1012,bma-dds-pipe,,entity_assignment,primary_response_candidate,2,"[""2f5221f3639134a4083fc1a65b27d096afb7fba85da2bb868214ae011fc7ad36"",""9091dc2992973ffb8e950453940dfb3008d2d01ae7c9fb40ad447505a900242c""]",[],candidate_unverified,0,1
a1c0dcc4c6acdd581471c9ff60238b6aabc057dd912233a3040fd950e082459b,1012,bma-dds-pipe-maintenance-2,main_road_pipe_blockage,incident_capability,main_pipe_maintenance_candidate,1,"[""237f9a0420e4032fcbecfa49ca6683d54d598beaee4def8c3e66c8b09092f19f""]","[""dds-pipe-division-duties""]",official_reference_unverified,0,1
3a23396474c7abac3f3b4363d333eaf7712973ebb996b8985b737737d75bf77b,1012,bma-dds-pipe-maintenance-2,road_flooding_main_system,incident_capability,main_pipe_maintenance_candidate,1,"[""7cf5ed30c63b6af1353c3315fffede3cf4369a0c78d6b9f6372ccb37fe9e5c5f""]","[""dds-pipe-division-duties""]",official_reference_unverified,0,1
ea6eb9846d6bbf2da0f39c739e7ab2bf6ed322c107e82f3271a2e9bba589300e,1012,bma-dds-pipe-maintenance-2,sump_failure,incident_capability,main_pipe_maintenance_candidate,1,"[""02d060ed93eaa7cb872957d75af0ed71c4fc8c9590545815085499c9fcc431fd""]","[""dds-pipe-division-duties""]",official_reference_unverified,0,1
9966f176fd843e7b5fd4d95ebfebbafc74b18bd53b6599fb553582d4e6c63df3,1012,bma-dds-pipe-maintenance-2,,service_area,main_pipe_maintenance_candidate,1,"[""8b4d2847cb97b1eeea902f287c2d6ce2cf524c467494dbfa7bab1d7119910f5c""]",[],official_reference_unverified,0,1
e6d5d7687c3c11c8b84ad0a8ac7d498d62957a8c647bfe6bee79cde2db54c1c5,1012,bma-dds-water-control,,entity_assignment,asset_owner_candidate,28,"[""0479e184934443d51c0214399f0f9583de149c94793fc56b3600c887079f9975"",""0b90362d3fded40b7649e78f63d06fd72164a9819d3304bcf2437d277fb2dcf8"",""2022c66c7bdb482e2e317b943f21fcd71cb4e6b8b35fefeb575195cd281d4347"",""23a2be2b8b262961406b5a6bf74f416cc02e1354d2eaaf9fdf2400f1d9ac5d49"",""29fe0b0b821eb133e94f95b999c2e812a39b4dc6427948b4f3b51e9ff58a841b"",""3b58a81d7e1128af2b7477cef0e7edfe7f518dd001de1b5ab28920bf44294654"",""3ba43b96b252b19c40f9c8c30d7d44e3cbccaabc01ac18d4fff9b4c4a97d8901"",""3fe42edbe936ec5671a383d53d34652bb2a9ca108facee1cc4f6edb6a9d9578b"",""5577ef02c4b229edff6af491a18f6f2eea170427fdcd035ffeb88196a0a152b6"",""58fa9e7dd4d3a65ce09f4232d291c516ce5f6054f9a264a907e4e6b8cd946a56"",""61d445b4d45491ec8a4ac23f35a2a6dfba3dba6fdeed76720ae3b179d7d59fe2"",""645174f04e61f9dc35c722ca06806d81912acdab9675f08fb188acbeef80ed81"",""6a78c3d67d59bad0399501c5b1fe387c4cc82f6d84faf79a5dae0489d4f3978e"",""77234c1682696d384e64f28e54e3268766eca025363f998ae5f172dbedcfba9e"",""779ca0bfa828e28aa9f5bb5ef82bf9004720c571482fbf062e7aa09d38fd737c"",""7989c49807dee698678028030a0e84403280370bad97e53bd694971e19834214"",""9b37424c14eb3cb40c27fb421d459c82cae2cffb12393eb81f2b55060c9dd506"",""9e4caf7225391e762e325d23573c90b1fab564fbad1187cc03921732d278f9a8"",""aa6a42d01a19fe33754450fe05f5f0a52df8e7b44a9d5c3f5e35471ced9d775c"",""aac73e4b3629c703022f2bc9a7d4ac71f9e37fbc65c6eedbaa838c267b1d0017"",""b1da316a5cb493f8a5268883448819342dc8b8fb54ea4971042eda4b935e0148"",""d371fecc577596fe3f3888a6efc2623d79792fe766f02de7e7489ee7f39287cb"",""e347223f4a60db8d53bd0af4fb8466f490a5bb3cddd0b7abb00ba5b24542899e"",""eaac105e12a9cb386de179ac875eb65c3d18680f066e8f70967d42fb387868ab"",""eaea78a7b08f1a64d12d90aa48fb30e689d542df517aa33359b408bb959fde3e"",""ebb427f160f8b7145b92a44ffe1f8bb323961dfb284c81bfccff577b4b9a0f1e"",""f4cf27679c9b50a16369aedba58b628fbc867a12fef27de3e20f75815fda8aa2"",""fabffba32c16f576189a368eca03126d6c2f35af628150fd3ce1a079d4db85a9""]",[],candidate_unverified,0,1
4ccd2b2447a8f0135870b132f36469a38e7c22b9e62c79d0beed97d7847a291c,1012,bma-district-1012,,entity_assignment,asset_owner_candidate,22,"[""0ca77d0a970abd8da4c920096828f136af02a634c34cb2496cd502039e4deeef"",""202e0fd6f0667652a01b298a97403ccb910c1f12df4ee0e469886d4e371393ec"",""23e9aca8867494f344652076719403ebb0faca1a86fb5adf9a0ef1b171ed043a"",""251b3d5f0a7f275458f80d07001f7efe479f152804c3da93d132b2b7fc753409"",""46e2902ab626d88c97a60d5c875dcc035a0f8b976d25d0ef1f8b8b6d2ec968d9"",""4d1adecf51773e6d295d6b2fde0da8ea170304659908ff11f898e61484772056"",""5c40b3580cb05ad194fb8ff83f7a259c85a3117dece07b09c92d7b34a02aa298"",""67c6a2ea19bc38255d25e2367c8aa386ebaf94640958be6afb3fa4f9a603b19a"",""68bdbbedfaa25550f3a4062148a2fcc12e7f31577fb8139104135e88f42acd05"",""6b475cc1b51895b1d08baa551685202f994e8329941cd09f0077a4c736e99e9b"",""6da55df644ed54e35439348e4b5fecdb679b00eacd36e42e12d3f271d94dd8b8"",""771463fb2a3a36391f10a59cf16e7684ac4cfc7f76b499a85c1f5f7b7f897e4a"",""7e29cdb54396b4d438e45ae02f40458bf2e0a9c6373818665c44a46d90559cf5"",""970fd13bd1069237122310a7838543c542a947f914afa67cf53481a329b23234"",""b08461abb17952fa02ff60ae20c808bdcdb2079384fe3aca57139e8451e881f6"",""b38a3499cc4e02a8507a39be74a80a3010c5d0bc31e9241cf79830c73c1dc1d8"",""b914c344fa756b78834c0ef9c91b51842e44cbe445d25c3c0aee115745938334"",""bde5000b1fd9e17144f8914e18e570e48e083d14ea3a1ce5fe5a00f1bcc25fd9"",""d20182e477927a2df7bd7d15644a7cbaf31bfe5f1a7fa03ebda230e1c01141c4"",""e84eee7d13a3443f27ede3405b998cea7e1ab3ebdf17d92f1dd3f764c9a4a4da"",""ee80125afbf58fe973050c6e4abda9aa9b1a6cebaab5c9566c322d08aea79978"",""fa0031f83d3072f2da3b1eb024a59e795a552d072f71bda3a638980a7cc77209""]",[],candidate_unverified,0,1
38b97ca709fa2e13cc93ad261698e605c5c3a8e8a5f21e519f5005c55e66bac8,1012,bma-district-1012,,entity_assignment,geographic_jurisdiction_candidate,72,"[""05445c2ff279bcee75fade068f3547e96c265d1a52065595b3e27d8285e85f41"",""0c625f104a6af1c470de3d658c99186cfc00102e250520554d60755eaf5b567d"",""0fa946db094670f572fbe6046e2ac863b2d7a76411f84e3b3b7815c89824213f"",""12419b2ee2d188fa25253d40eb83109ca5cad7ec8a328b6f0f45cd0a10125cd5"",""12b40d04e0adb731a6578ece3d4ab3a7b487fccf1dc3e25030f1784a7a3514cf"",""14b0394a189d087585d8423d5024c7c50e9a2b5bb0a2408b30dd264485ad39f8"",""24e23fa8115c40643102c9f0c809468164d8bf706cc465a9dd5b64ad7d1b8316"",""25f49bf575afb768b2cae4ca93905a20b0678b4006d56621cf2cd86ee468673d"",""27d3c025e4a93b3ed24de02e18c05017e24e997694bc7c2a742767f35820abb0"",""2806a79dfa805ea6f0679089f24592c86695bb053e62110c78476581a84f5873"",""2b60902925d5b600b0519db892e5422b93e7fbae8c54c43e8e74ef74774cb895"",""2d9426cb5c195001f85a4bb9ac81aaefb6d4888b2e1d169afda2ac59de026813"",""320cf61fbbbd4188827d62b0583973d7a09c4365123164898127f30f972e9a58"",""34f883c482d5be6afe723e6d580ebfe7298a5085ab53cec5b7e3c9d8e314681f"",""3aeb1e5ead650dfe1682969ab09341a27a0ea73979786c9b3fa08d5a37a363f9"",""40724baf7b1c8b26bd3bd0b17f4c22832e87ada94438cfb17c999d7375857c94"",""408c987b5b74d61e98017062e479d98a7438499c29f7f5b6684b5212ca1f0749"",""41651d4dd21bc9632e69dc3d8e7fc2e91182c46cec8a762351c3c9ff116dbb15"",""4245ce32994cd10512ecb6e8cd2dd8f037dfe75c77b2b499b903301e3c3939cb"",""4b8007e90e7dda962d83ba3074232c9ebf07725daf2ef725c53ce1be07c87e4d"",""4d819aa387fe9ca6a29d9a8a67afdf8c022428e035adbf2571a17ca8fbbd4a6e"",""54621d1243a79437b7cb25efa1d48d08672670bebd59f67fba87202fec27a619"",""60b8fd507e7b026d30b1ad340ef1791e1aaf7b366bb47b413698f585ae6715fa"",""629ecd0e198a63373c2fb0d8ad63aa1e7a77f86c02b2442dd742b95962c9271d"",""62e811fe88dddac16d47018d693fb6b02066ba79ec83904f30a1a4c2f33d0763"",""6515ac852cbb43da47352153535f021671848cc3b3207edf92f926a1bed48527"",""68102496a897b7dcecf7e564c1bc29f084a963c4f1f8161fe3cf62ea9313d8e8"",""6c24734a3d6fc1cbd4bdca79c25e33c0537c5c18401d2c2612c94439223a1c8c"",""6cf915222ca7345f96a9b9c702c8e6764960180acd4dff5ca65ee122f5210700"",""777e54416416d20e31092bc0a6da43b37c1e15c783ab70abc55d514e17a1ac1b"",""79b7452634ccbe9180c2829bfcd6b031f287972700158a5877da47d74e6f5e3e"",""83766d487888f76b32dd3ab01cdfd04e897dd66111c956849a6d92cdf1a3d847"",""8397e9095af21fb504d42c34c77d1ab3f976c09955de9931ae793d474598358c"",""84cf519ca74a472654e09c5e56356fdb023f31818f5a835fcb9722b1ff66ff5e"",""89fcd38b2a49bc80b17c38b379a6bd61e1af2aa03dc805c0605f160e8d43d8be"",""8cfecaf197089433fe452ea0e91a931ce7287a9c570996afc04b4425ab6a61dc"",""964f50becddc37d6115406ecc38d31e1b302dc2875da7ed894a8bfc6668d4880"",""9a453cef060eac39aede4eb8a232606ee1e660ed5572211e0f868dbd0862250b"",""a20c5f2929c642aa4bc1cf1be980e17ea1e8c1cabb138cdf43c3790a83bc28f4"",""a565727a287209ddc84c55669c1b9fcc95878686b3a9fdeebcd7acba77c655da"",""a604435981f75d9e48b929b92b09b5d6660675668b8a36ce48647377b9c255ea"",""ab506e3afcf409ee5a24313ffbee54a944e77c7adf4ab627e35313db38389420"",""ad08ffe95bc4e86387751d040946c405d8f61eb5c7aceffff9da07232809b0ae"",""ae7bbe1e2a0ff7e1d212efd9d5bebf91e40b8f98e8f8412f42ca986408998d23"",""afbde43524a61630e6b7bee68b727d9b7b95efee3899adbc35671a8655e1f5a4"",""b03923505267ea0fd487d12300e59dd773a863350c5f1fa5044486024afa8e28"",""b151634e20bd4d126a7e5b29315f1f1844db4df5fff8f30b2ca904c525cff6fc"",""b8a2f7a83e9cd80570a8f85be0fa66ddb94ea0bf17fc902d7e491e3d983afaa9"",""bd07207e7196fa32dfc6fd9572f3822064f151adf0f48157fb8409a5047441e8"",""c26411bc73fdae374903a00dc2682eee003ab21d06da0b56fdbcdc5bff0972e3"",""cc0e347f38d34ddc81debc0051581d4fd1c4a6c89d4c129b719c32657a0425b2"",""cece878c08b9b8ab45e1b2c017d4320c0b22087cc3c7d7f8e234a1db38f7acd2"",""cfef638205ed19c9f7d568ce1138409d3550753e0c91160b62530f7869ff8032"",""d7c1c1197a089e7b34adb03e3246f28c5acc827ee93a66daddf612508ecbe59b"",""d80d634c5846c354964bb50057cb5f326e14b10d8df731f3d957cfa3af0c3502"",""d87e9eb592f5015e5c442665b260b347930cb5c9171d7defadb8a144e95be121"",""da546be6a7a355a78fc21157b30ee2fa0e89df7c156c9db5c0ca14eca43312ad"",""dba76fec0c7ecd4df08e168aa4643226cf5d1ad865df948e1ab614dfad37c0c2"",""eae2c827431dec8cd64c49df2d13794e17564c78dc285e21269beb65ba7def61"",""eb341cccc50d55c08c33ff08057bf9c1e56e71551d63dd113feb58e270324baa"",""eb91beb712732b1d1665ec61b134155899a291a8971259fbb17ba64d1e8f55ec"",""eda6618366d4852b84d067a1a4bbcbab8041447c2eef9b635413316790eab008"",""ee9fb2c34dd6cfb373562db8ab2c5ee532f249e7199e27d35498f0efd6a041c4"",""ef17e8cf4e268e50f29fca219e383ef55f7371bf80d4e0c87ab8538f2f1efb24"",""f6154be2b92f993a873b1534c82284fa0a8a8c299889eb0862369373e1788303"",""f643c451747199f48baa9afe3995578a23f65167d5e7760a77da5f182baa5a60"",""fa9b20edc1a10e88ee4f65845828c267268677f6f93d23379e3b937ef73722bd"",""fabb761a448c639ba880ebe0120370ce9c67ae0c02db1d9a7d60897216908104"",""faf8fc71a609c9865a9a222097027f43190413d5aa3fcfae4605fe9fe645d8eb"",""fcce7eca52c7ffea6154a598ab10f9ac23d9fb3a5bfaeeced1d5eda0d6fdcda0"",""ff871bacbb9fec79a1d3c349c7490c56ee2436be1a525a1df9eb34ffa90f9134"",""ffcd2c4d4f6014497f158e3f7b7d87d36fd56eec65a507eb44a6b5e62ab96073""]",[],candidate_unverified,0,1
fe14352e369a06c639d8aa6731292fec4481930bafcb3a1bcc4f23d014b9182c,1012,bma-district-1012,,entity_assignment,primary_response_candidate,8,"[""2b134603d35fbc2256589c76b5e948eb00e364331aafb15f99c84ca2427a521b"",""350d69deb50f421b755e33c8b36f3579aefccb1e952452cc3278dbb1990707db"",""38389539cc8d3fdc73b8a0e93a26b3ed64e559a3b734db582ffcba85ac355af2"",""482afe56b1a2829efcb619632b011d86a40a29db9d9418f455b099328074cc0a"",""57d8cf6417ef23b6e49ce9cbd880f037c1b72ae82a1498735ef6d832d34982c2"",""708c79ab6458a48188618df3d5e03c6ac2cec74537ff0e9b9717a5c04a588525"",""74e2b929c06c596486e363d09f8c310e1bd27e4a4c765e6f36ace191ecd1ce9a"",""ac0bc7ab9962095e8141fe9cf9bcf0127bdb6c247a183fef3764b10b4592bea8""]",[],candidate_unverified,0,1
fef4096e66017d85513594a163e988193329bdc8efd661e1c9aa694a434bdbfc,1012,bma-district-1012,,entity_assignment,support_response_candidate,5,"[""17556fa16028ab625e1e54aa8e686ae9b4d780a65498338ea625ea5932fac4f4"",""32362695f2b3841796b355f72e27ff22b2514685485552d040ff4ca42adc4034"",""61babf597f3d5ee31c313f5f1c45fa4e3a5fe7c3c5ce4b94331e79d27f392f4a"",""862af609e49ad15b984e2ffcc4fba08d3dc8f1a42aea4daf3e0bff2aeda14670"",""d5db23868ff2e227d2b51418d84e79753aed4a28e5fbffa7148a08b9b324e656""]",[],candidate_unverified,0,1
bd43118f687d3d42b10f35f382c6b2a62a7fad75d54c89717bb4d992a1c46767,1013,bma-dds,,entity_assignment,asset_owner_candidate,1,"[""423af7eb8c275e888896284c8337f90242ec53b5a1b9157a5f9c47756ffd84de""]",[],candidate_unverified,0,1
aa26f05774768234636fe54b451dd9454cf81c520c1459a66a0d4d356b5ea8a7,1013,bma-dds,,entity_assignment,support_response_candidate,1,"[""d550d68c2bc9ebf7c9b295eeaf032e3a1721cbadf94949d0af0b3c5ef53b63e1""]",[],candidate_unverified,0,1
5edfcd35c3b72d0106f489f7a39c5a3d5d0637e845dbaf8e72864be957092fbe,1013,bma-dds-canal-development-2,canal_infrastructure,incident_capability,canal_development_candidate,1,"[""2343b9b879866ef91a3f79cdcf3f0028c16d0874961ff9c4b3b5cfe9987aeec2""]","[""dds-canal-division-duties""]",official_reference_unverified,0,1
df0a5d6f2e7e8cef703b10721e68a8b269827dda44a3210257ae2ae018fbe232,1013,bma-dds-canal-development-2,canal_obstruction,incident_capability,canal_development_candidate,1,"[""f7ab67cc849cbb3ef1b767968522a54ca5f4c75fe2915364d1c8a644acb2e9f3""]","[""dds-canal-division-duties""]",official_reference_unverified,0,1
a8f56d2d342825dc1a51a80b3597d07fbff31591bc7c443c81e379a1a57128f0,1013,bma-dds-canal-development-2,canal_overflow,incident_capability,canal_development_candidate,1,"[""7f62bfa4dcf4b76c77b4a78bdd32d9c5279ae98ca36379cf95bedcb20557e744""]","[""dds-canal-division-duties""]",official_reference_unverified,0,1
26599fca1e68b0eb1485fe360a1788fd7bd6b0dde27d81b686a2c1a4caf1d5a6,1013,bma-dds-canal-development-2,,service_area,canal_development_candidate,1,"[""5f2148825532f3f65346d4767e9bbbfe9552548cd2c3c769a2b7b3cb3a2392b2""]",[],official_reference_unverified,0,1
bfe481cbf01acc18a5ee7c5889f2a8110c6388b815209ee41a1fa827c023ce7a,1013,bma-dds-pipe,,entity_assignment,asset_owner_candidate,1,"[""47c9a9199e5de31b90d849fd4c0a09925ab41d62793e7a713b829ec651f7c3ab""]",[],candidate_unverified,0,1
c967782397c9b84cbcd96fe99d92d00e23594dd821151873ae072d70168b5cf4,1013,bma-dds-pipe,,entity_assignment,primary_response_candidate,1,"[""4808a07430e85702a1136514388b4a424b3f1438c1402a0b7bf25fb8fec4a404""]",[],candidate_unverified,0,1
42937250baae0b9cc08191f1bab39559982f3e195cb985c36607fde179d5f422,1013,bma-dds-pipe-maintenance-2,main_road_pipe_blockage,incident_capability,main_pipe_maintenance_candidate,1,"[""74dff10ec0aefcc02bd2bbd37d38eea185ee59af8bac17c9fb3f321b8786680c""]","[""dds-pipe-division-duties""]",official_reference_unverified,0,1
c471695b54a494d72023f3df461a90cd1005813918428fac0a861679db381fca,1013,bma-dds-pipe-maintenance-2,road_flooding_main_system,incident_capability,main_pipe_maintenance_candidate,1,"[""ee1d8f7b8b39303ea3229b9b0e7cf0f9a79b644b71125787bd23639eb2004b68""]","[""dds-pipe-division-duties""]",official_reference_unverified,0,1
88c8030b75dde732aa40c3b808d561d5633bad561fe61a44173fd1ef59c51161,1013,bma-dds-pipe-maintenance-2,sump_failure,incident_capability,main_pipe_maintenance_candidate,1,"[""6f0f65b92aa041f70ed85d54c6ce3ac52fc1bfb3d80b95f31822946bd42d2376""]","[""dds-pipe-division-duties""]",official_reference_unverified,0,1
b6cf3305d8c6f4006ab0a6549a909c29f6667729cbb8d4b8e6ddf9cc826e1578,1013,bma-dds-pipe-maintenance-2,,service_area,main_pipe_maintenance_candidate,1,"[""6d06c84a274938b05a6ef0efef02e0417c22be20da9e00732185bc1a94a4bf0f""]",[],official_reference_unverified,0,1
ee0bf0287d712a216d43ce0fc70014e01c42ac90d47eb0fbd137281c35c030c5,1013,bma-dds-water-control,,entity_assignment,asset_owner_candidate,2,"[""38c7c49456a584bdfaf798d65407773919c5988b281e3769c873c4e8d497d15b"",""dd00c826f6330f2b2d95e32bab36980ac78614fdf33de83b27ed5049fcc2dba5""]",[],candidate_unverified,0,1
29ac3ea1905ab269f41c6e6ac72d0c37d01ce1d24981c126b50b8d7d0e662db4,1013,bma-district-1013,,entity_assignment,asset_owner_candidate,6,"[""02b4b8ef4b449f298833a4bcf463ac205fb265be06092b28bd84536f8b802372"",""21c6097bbe847eb9532a38ff24652ec50906a984a9404de94e42b296cd983bae"",""80afc406056fe2dc3ab719417a3fc6b2d77ea35b9fc133c0e3fd9f054eeafdbe"",""90b36dee03e09342f1cc995820ee129602d0fdae2dd53a89ffe0c073e4d2a829"",""aa7ba092a85ee3471c8e0f129a3f688beddf439b2b28d2b3ce2522d5daa11341"",""dad3c2f3dd733cd31e2633a3111be1aebf6ec6f1b781bd5f649ee32d021d0bd8""]",[],candidate_unverified,0,1
04d1a3e9696d6c7040d06e13daab2514f7036f4811137ffb4a2a4495d6fe5db4,1013,bma-district-1013,,entity_assignment,geographic_jurisdiction_candidate,12,"[""0e09949a4dfaef0f7c50bdf50234e04621374b73a57ddb76325dc36983056b68"",""125d36a77fdb87efdc7a20592fedf90687687b813db275332fa8edb711c5741c"",""13da1e01126952c1d5682d6a8a0eba2cfebb1faaa144f21d0aa6eac97e5e188b"",""26b4d5ed88580e2d9aa3554fa458d33cec5ff1df1aab6c72c232b1dd50eaf871"",""36488c5ecee1a97fc3709941b482e885fb402a2bbc64970c1351c6b3ca2682fa"",""432d9bdb20af2a0adfc656a7b4d2ec3ecff4dbc8fba0ccc98901f292b2dd1b53"",""6b68ab5db804f1e46f14e786762ea416899b00e6e5b9a1055657ac2504fa2440"",""7eff1ca9e40736991de203b9f40675105059650f736f59a69c9ba50f373b4001"",""83db02278cd6cfac86bb613feec33edff12d7ecddebd9f99ff12986216c43d78"",""b7779ee802776e01d20898932b26369bb2aa91d846e3c685129bc5a7d9c95cd6"",""deef57554b2d17632cf20b8b4d87c3e2e5c17a001a6a8ab6a86b4e8215a9a5ac"",""f9629f7fdb2cffb91bdc504429e06f9146373a99a9317e60b2f546f1c4bb0c65""]",[],candidate_unverified,0,1
addb982c1798e067355580a2ee63336e3f848568af101cee551d28fb54aecd1b,1013,bma-district-1013,,entity_assignment,primary_response_candidate,1,"[""bcdb5700253808d76bc71859c0660c96c4ed0e0b6d4ec4420735376834d8b4ff""]",[],candidate_unverified,0,1
913d446154b7c072655a755a68d26f10224ea26eb2a01260f1d8c272739ecd36,1013,bma-district-1013,,entity_assignment,support_response_candidate,1,"[""59e7cf423b3977a9049be86f4465df1679281f9016cba14799dab520fd0d4c71""]",[],candidate_unverified,0,1
3e83aadbe0d8a8eda9b4988e88b3a121b4d110efcb9cb635aacd1d91cd478f2f,1014,bma-dds,,entity_assignment,asset_owner_candidate,2,"[""45420d648cd285bf9ab4c87111af4538b2a401c25d8893cc9dad2045b401e618"",""739823a845c32eec66ef68b73bf179a3ed88bc8edf7ec8ecce3ab2ae3474efc7""]",[],candidate_unverified,0,1
47b8134198daf5e4be6894447bc76befcabff940d4ccb0ebb5fdd763a960bdc4,1014,bma-dds,,entity_assignment,data_custodian,4,"[""0bbe2b899deba2146e08d19f426fc71379035d12657417d0c4f37fa268ee832a"",""64c2e005f796441e3f937d728680c2b30887912e8302cb998debd9bcf6670d08"",""d3bd7a455674880bc7409748ea930d5fe33883638f83dbc0d26e47e9d999e489"",""df0d69dc2867373e72d6086c16dad03ea95dd70674513444e2d0da835e91c57f""]",[],candidate_unverified,0,1
5b1b274e75a9436c207fd95969cada5d1b502abd485d363f8129c2d62f1136c8,1014,bma-dds,,entity_assignment,primary_response_candidate,3,"[""0f5dc35c7d5f42f0ae033ba37b13fa00fbbb09cf38ee6fcb76939e6278fb23e6"",""6a361fb54b3a8821119a51be135698c2dde64cd182cf3f42cab6834c7d6e05a4"",""e4775f7f22b255dd83fbeebefd0d02aeda54c82e5615cc91c37f306eeb307355""]",[],candidate_unverified,0,1
053707d1bd231ed9b2f7c70f52bcb6aa0e25faca6a7e9e296c2a5defe17e7881,1014,bma-dds,,entity_assignment,support_response_candidate,9,"[""0a1458191f2667747d7e47235175ee1d897b2def22d9784ce89310fb3430e628"",""17ea3d5e512f972d1b8d8f06264f8550fe35f01aef7864b6e4fccb36d28d847c"",""2657184c66f5eb7e9317e679a964182d5c45f387de658ac932d6ddcc19266beb"",""55a588c15a7c79ffb094acff025465595ac1eeee4b5080654c7090c118031e3a"",""6354a0c0d850b7dcd206ab3652591789db49bb8cb418ba57de9f95203f944b6d"",""b949eadd4fea2b4c41f9773bd4f7cfaad10e4a2f00ae6c5969043eaa2ba141dc"",""c15ae30d17c669c74c0f00a2fa6186b2448232db1ad76425ad831ed0ae806244"",""ce97e95d4d530a40dcfe00db6ffe1d32e5284983664486ebeb0e927eab45b96e"",""dbe4513d868f840b51b5bf0b60c3160792d740a9742ddf63b619eb7e25ebe094""]",[],candidate_unverified,0,1
0b49e44e2c9a09e7546edcd5c84fa61f1ec7f7b95176088973df5d3d43c747af,1014,bma-dds-canal-development-1,canal_infrastructure,incident_capability,canal_development_candidate,1,"[""491c958bb7c94fde34368dc4c968a30ab6570b2434c233473aad260ffc48f345""]","[""dds-canal-division-duties""]",official_reference_unverified,0,1
2a0d02f07f8a912295c27a71442b0ec8281aca763e60ee9327ca238b90a6f675,1014,bma-dds-canal-development-1,canal_obstruction,incident_capability,canal_development_candidate,1,"[""a526c26344c9318d007c647dce953debd9653a522adef7d1ff262e21f8896dd1""]","[""dds-canal-division-duties""]",official_reference_unverified,0,1
b62cf2a04b8a615f0b31c1336cdd7b8ffc2cd3de38546d75ad5552fd3030296d,1014,bma-dds-canal-development-1,canal_overflow,incident_capability,canal_development_candidate,1,"[""bf642f7c20ca2cb4234a3f8370bb7dddff55c00468f46fbf05cdd82230fc06c0""]","[""dds-canal-division-duties""]",official_reference_unverified,0,1
a0f467df93c13008c0b46108490ab049995b4890e5f4edbd2af151d56e4c745f,1014,bma-dds-canal-development-1,,service_area,canal_development_candidate,1,"[""4d85045869577ef146952cc6b505b0bca1b7652e4918abbef6f06a7cf2c69921""]",[],official_reference_unverified,0,1
9701fe2eb6cc25b9b6d5e82918d557914e2724096178311a0b58bef892eef190,1014,bma-dds-pipe-maintenance-1,main_road_pipe_blockage,incident_capability,main_pipe_maintenance_candidate,1,"[""12501c5fce5656fa55ad1cac9f3476a1111a985039ce9ddc71e1de891735e09c""]","[""dds-pipe-division-duties""]",official_reference_unverified,0,1
2e837f0f3525e98717c6a64bbc779516f205691028b74f36e6a6483cf6a830a2,1014,bma-dds-pipe-maintenance-1,road_flooding_main_system,incident_capability,main_pipe_maintenance_candidate,1,"[""cc795f1404b0d004ebd98e74292f0f3b783a37344402517ac3e38c788b55c9b6""]","[""dds-pipe-division-duties""]",official_reference_unverified,0,1
0c453101362f48bfa74475df0880339bf047921732e4befc402a581137b5f8b9,1014,bma-dds-pipe-maintenance-1,sump_failure,incident_capability,main_pipe_maintenance_candidate,1,"[""225fd775b7da72f4c410ecc985332ac01e9ff9fc99ec89136efe4160b98f9c63""]","[""dds-pipe-division-duties""]",official_reference_unverified,0,1
5c0de4af5c09d1219d8f015aa2622cdfe57f76d0a6ba5f66fab0a9f190dff9ea,1014,bma-dds-pipe-maintenance-1,,service_area,main_pipe_maintenance_candidate,1,"[""bcaa94130f6c9e6f03307e6c7ddee01cfe1f5d58ca05563cbff07ce03afb05e2""]",[],official_reference_unverified,0,1
835f539671025a8ef088adc6f4e2328de5b279e53e7915f85f41e93d7af95f61,1014,bma-dds-water-control,,entity_assignment,asset_owner_candidate,3,"[""99a085d0ae90c902ad56077bdf2291696403cfe3a5d4a5ad80e2978a234041cc"",""9aece5b669f25253b734b3d1bec662a723620d1b4a0634bcf864d4f93c826310"",""b614690f9b2116c75ddd01866540daf6ea6698a9d4ad2996a9995960804485f2""]",[],candidate_unverified,0,1
e0e1ee8f7fc232ff8bcf1f7b4472edfc1664c04a05ac8a396e5cf98171ce81e4,1014,bma-district-1014,,entity_assignment,asset_owner_candidate,14,"[""17895505e632bceca1bf1702907c7e55bf446031b490bd141a99d762ae371c92"",""213e4bb5bc9e3075694d6ddf0c5611068efebd3bda887c5cdbde2ed64bf2eaf5"",""39d78df792620bd887b3a48daa7d88e8e642d189d99d5ebc9ea58bca2aa14c63"",""3a86829e519eb2fccafeef0f5dd62319ec2681c5515bda0ef0f574e8166b7d09"",""52fca67eb2864ae427bde9977eca46e0deda601ab27928685f9b4c0f7ecac360"",""595489359695c116fb309678b5e35086245a156a9bdf3f9fe12e1df45fa64e2b"",""5ed8713b73d5d8ca7245cd61b9ff011230393ba37d31f88c0be63d951850d9ee"",""63c61d54422e465757a31b828d033cc7fa63a6078cea169c1a11f12e8948d604"",""644464d417f1107a8620284ee024ec7b4eab872166acd2b26ae846dac546cd2c"",""a0342cafdced973dfb7ea7f15d8320bc033f21d8de89705a21b1f2b33d594cb7"",""a8ad820ee78154137f4821b40de7492e06ae9e16b89ce96223ff5d0af1e13dd8"",""d8726d3363807ad696cbf7b53fdca024b002d9fa2c57d2e3098402025f679b3c"",""e29265c1886bd9de464dd29bbe10e91b03c2c2ffcb4a8c61ed5ce90f8e285740"",""eedc95ebd439cb1aa36b1c5daa7d4262cf049b382d706d28ab7c733b79108532""]",[],candidate_unverified,0,1
adf5def7f0d13426cc1c63acfbf99264ea93fd1c2effec90021f03d15e5694e4,1014,bma-district-1014,,entity_assignment,geographic_jurisdiction_candidate,35,"[""04d000f1975a3e2615d84e407a83bd9bf22a37f0367281ea4e03b83187a2df5d"",""09ba91b2cbad77d8692e0c1ad9be9ea68aca770c3b76fb81086150b857c837e6"",""0a4b77cef75e7d9b25dec8e2621ef87c68451c2c9797fa811c7264cb71300b25"",""0d5af28ccead872c9fc84352d515386aa6da65098b98e36491ba3847e87ca03b"",""1bef950bc3659f7c281e22f20687cf476c8f5ff0d7588e9897fc8e3e10bf2f7f"",""1bfb1bc240bd31275cc55c90d9f1936b6a1a84269647634d28fe5ad78f4c4e35"",""23561d1af8d0ac81586770b75080534b678c329ccd4be94cf7bf1f302be991b5"",""26e957b8a29018ab171b58c1a3edd58b7c6557c7591edb575387f480b01316c2"",""276cf75d05271c5a44cf4960044c146ff0689390ca4200e8750595dbee085d62"",""2d1f667f9710c5e617596a28ce03ed4feda80395b2145cde46883af343cea77e"",""2f13a17f9dd4153433616d819f18c709cba17a7a7ef97e5addd2dc9086712012"",""33f5c3ebf34d5a05e82074dd98a575a11d8b17594d131d7469b85b9e8c2ad401"",""35b0c6ac0017100c12080f52674bb5a13c0aeab1d905590aea50e66ad9326166"",""375b96395c24b095797ad157e390069804bb161b4b823c357a21b097b47c481a"",""42f1fe7986d10345f1c86194f15bb2365d77d5304d629cb92c3cb5bed02b3832"",""4375548b8a67ba433ef1df7cfbd13a3c9893a928cdac329068b7292009b35a24"",""4892321db968b58a572369f2b836b6f046fd0378257dcb74baf19952c94911ab"",""52f059d749317f42dbb441e927966af7e402876716d208b53ec489abd7604b8c"",""5b0a1d7569ba59b4792f3035b91519728dbf9e2865a266eed2edbdf8968388f6"",""5b83848112b01c34acb96d0b9476a177fb32bea3dcdbaac634785354853806e6"",""65fcbff85f75eab6a4c9322e11f0a0afe69f621f6a1259c922946d09df953460"",""6c6350cc1a1cb572e7b9f91af29cb1cb4da30dbb29aec1daf2ea223150fbbd03"",""6cb164a38f73fc4b9474cc15448a3cf5f30b7602ae262c933fa451d1bb71f023"",""6cd2254caa3275d0fc12a6507951e609451337cc853f0cde0e6af0269f18fd4e"",""6d9997e0a1cd269453fc16e7786c6ab0553a19dede2d54ba5a0c95c6b574b5e0"",""76939b0ece5d3528761f2e180f483a39bd052827735f223b3bede324ab32f385"",""7d1e70a852d6318d3729f4254b0b6b7bfe2f38e48c3d9c2fe9304417af27fc0a"",""876dcc611b01a2c71d58b950679c23c2c84814f7cfe44fd8d47e07c42f79d77d"",""8f32325974849fd8dbd95bf5ad0096a742602966e3de3a9b4d692bc46e5bae85"",""a5f683e61d8e206ae9c813f91dd86a67c3ba7c8a3c4c52ee31a6a1470b8d3e3d"",""a958d42fd5b6510342aff0711c65e0d46354bd75efccbdb2bf47ff8146e4aa3d"",""ccb48e723ad2147b90dfed3d7ae9b1acc507c084551220be2eabbcffa54ee508"",""d8b686c1a66fa53c01ad1d70531bb134ff4d360570c7dd890e558ec541793f0c"",""e4ac3a27f8341793042e976683431882ce9e7c7a9e164755343edff2e7835972"",""fad18fbfcd8fa99400be9809650e05b896d449923a054ab164f32d9429d1b69a""]",[],candidate_unverified,0,1
7ef532b9680d42a34a764a4cdbe0c92e76759190b4dde87137b613a251cb6a85,1014,bma-district-1014,,entity_assignment,primary_response_candidate,9,"[""046c5d43f33514901267355b1a2a4a753838ef2f8761c74171be447add76d0dd"",""3bdb1f01d84126fa2880bb3edf5cb5a05209ebeb457e97de17a8b9ac79aefaf5"",""65b856f3722cdf7a83fa805f96c958d34d7936207c3caa89f83d4dfc45ce4b7e"",""8213e4524a79c368754789718d77da8808c06c84c38741b840d7e93a5e07d7b9"",""901a3e8994bc91cf41ffd7f13fe9e3aeb327eef145914af873ba5b0975ef6f61"",""a0642e1a9fd077b56e3ddb8cd81e96006ef22eaef3540cb9dbcceb8a1485f6a8"",""b37ad6bd019dc7bdbea6249ab0f11187acfb2e8d310bace06cecae05b93d0511"",""b8439ab146dd175e0f8e584724a723e25c7ff8f19c284b55f4aab84e2f26df08"",""c9b351158681fd40f7e7fa2733525bfd3ca403954f72a261b35b6ca7ab35f4d8""]",[],candidate_unverified,0,1
333edf60a553d16d0c04c06ac53e8106e38f9f8dfd0763625449a32ae4ad167f,1014,bma-district-1014,,entity_assignment,support_response_candidate,3,"[""30c77706b64a13a123829182d4191f2fa30233e0689604822ce7bca083b7bb35"",""6cc2221da0b5260a8d0d5f7ceaa781816a5bc5b1acb69c533266f197f34866cd"",""cf92c191e02b974ad7f55abbf4ff9d1e6b590eefc8ccdd498725a8b419e8f7bc""]",[],candidate_unverified,0,1
8ffecff1e928bf38637790445756291247f25872f917de525a2a5339112fc82a,1015,bma-dds,,entity_assignment,asset_owner_candidate,6,"[""46642835c5cf5e1428fb08d1b8916b64da7c77b6d27b18dd685958823cfcbba9"",""68495f85b24d43ca5c1d63912c995a8a2846aaa703f0dd4ecd5fe8fb470c62ea"",""7a671f84ada5a91080a80eebca00d89954d1ae02da3d6efe458ae8da92c4bb94"",""cf83ddcd4897a6d020148adb25ebc287b872d03f9a814d1112379e819613f235"",""d30e2052c55e3afb0eb157f405b0b25440c37ee695bc770aea2dfc915790758b"",""e57a10d1fa3ad817c1942910ea4619c5045bbd56c8e775c5dc6166b000f2bf65""]",[],candidate_unverified,0,1
3b9eedfaccd02f93d3ea38e7df24299584ba0c2adaa899b05480c2b9cc8201ac,1015,bma-dds,,entity_assignment,data_custodian,2,"[""1347462b2feae43710ed3cc0305c940cbd3b5dfe4de68ee72b3c40c9df7aa3eb"",""53528561a0c46783a23c512d04da3c2cfefde1d8db4995b6e9eb5b6c9a72e4ca""]",[],candidate_unverified,0,1
95a248610d15ba968d016512106e607439a401fe4e0190e1b3a99b30480d40c1,1015,bma-dds,,entity_assignment,primary_response_candidate,3,"[""7df2c3d413bb5f4caeeca04d2b2a7a8e35835a73c60b7c1ca94f7c806d3ce70b"",""9ae6082a1b1481209a3b8b9fd30513a9de535475ff643e5fd5cdf468e8bd5869"",""ed5b76b70f87230e96fe30877d15c5457798c6ada03b107d2d46c273ffb8b15d""]",[],candidate_unverified,0,1
e6a9b59c999a1ff821ef42665e25292a8cc132c127a30e61451233248f1075bd,1015,bma-dds,,entity_assignment,support_response_candidate,3,"[""1805b8b489372f9bdb8f03523360d053a82b6e88c8d8ed1f027211106bd9276b"",""9c6811a01a9100bb90623b4cd68a4514403065ea5d44f8547a67a4892f11ea46"",""ac0d3582f38987cf5c8fb31e31d9799f9bf1f045486e74fb1e01218917f06148""]",[],candidate_unverified,0,1
9c5f9507c694c1aaff75194e4bf3eb3cdf853c08b7ca7df3e4797b0dfad71482,1015,bma-dds-canal-development-2,canal_infrastructure,incident_capability,canal_development_candidate,1,"[""0a4f557e7e5355903a47a9b7d909d54a150ccf174d513411a4f9b2c324b9ce77""]","[""dds-canal-division-duties""]",official_reference_unverified,0,1
c71b26c2210c83016772433b54d1f2ddda69b23f89d7923727d604795a879280,1015,bma-dds-canal-development-2,canal_obstruction,incident_capability,canal_development_candidate,1,"[""1b629d5a3cf869c602b4bd8ee507f0ff00ee9a638d15da156d4a5cdf74279856""]","[""dds-canal-division-duties""]",official_reference_unverified,0,1
82046a5af84c6784feea2de30301ea6e5de267efca32e6304559563f3c3182e3,1015,bma-dds-canal-development-2,canal_overflow,incident_capability,canal_development_candidate,1,"[""f136650ab3c3b46af84bfd076c4009b3608babf7fcb525dde52d6fed60b4430e""]","[""dds-canal-division-duties""]",official_reference_unverified,0,1
b43e7e863d33ca340871573d45aa41683ffd2a328ac49a91d3a7ecf87cca30e7,1015,bma-dds-canal-development-2,,service_area,canal_development_candidate,1,"[""30ed07b1b7617620a88ea3adad2fae77daacca366ca930a9ea35c0dbc469ca66""]",[],official_reference_unverified,0,1
2b2d56bb5ce73c9408391b045ebc04912adc9424c647e0429880353215cc6eda,1015,bma-dds-pipe-maintenance-2,main_road_pipe_blockage,incident_capability,main_pipe_maintenance_candidate,1,"[""a5d07e641ff1f7635783130f07f913d0f0514df535daf82283d1c8d82c8fde76""]","[""dds-pipe-division-duties""]",official_reference_unverified,0,1
0dbaf363093f0c5fb389fe1de6bcade412935e4dc4e45337be43392fa6228013,1015,bma-dds-pipe-maintenance-2,road_flooding_main_system,incident_capability,main_pipe_maintenance_candidate,1,"[""ec08c3711a0cfc02634a4e627bcdd20ef80544451f75fa6ddb9a9f2b6ddbce5d""]","[""dds-pipe-division-duties""]",official_reference_unverified,0,1
2fff3a54dfc86daad67b2de9935db91afb233003bd064e018204c97feaf22bc2,1015,bma-dds-pipe-maintenance-2,sump_failure,incident_capability,main_pipe_maintenance_candidate,1,"[""91ed2ec9395600cf97abb76367e2f7a4f0c8ac9b306bd5a00679b6f3a9831a24""]","[""dds-pipe-division-duties""]",official_reference_unverified,0,1
8a82ffbb8b751a4b6bbaa9855e4f210c8c8a30daf842b6a5d2fa52b68890f5d1,1015,bma-dds-pipe-maintenance-2,,service_area,main_pipe_maintenance_candidate,1,"[""25eb10f4d87553cde22e66bf637a3b924fb96f717b27d7a6221aeb4180ebae27""]",[],official_reference_unverified,0,1
d6fafa689336cace75bd00ec05ae4ffbd9ca651a459bf879a891ba591bae3ad1,1015,bma-dds-water-control,,entity_assignment,asset_owner_candidate,16,"[""06a668c857f552b7092dc72def80a374148a759a58249469874b7caeef74d02f"",""2465fc6db62a245a1c8a04ea28920cfddeb58e2575d5e0d8a2d2c5bae44a4d8c"",""38bb09025dc31c76f4d0ad5ae6d1e2f4d9accf40ae84718e2d00432a2dba6b7d"",""451ec4567a20d5c378cf3838e24b4c4be4e3a013b942f0d718892f4f21e65275"",""4a5d44aef4d84586047d76c65ffec919b6a1595f064e9c543d79bbf8709a7195"",""880e3d933a0829c965013041f389cfcc587559a64942a52dbbd460a6c000323b"",""98df22371885ae6228d50a2f401b5e5a9a720657d6db21e6c1fe713683c02979"",""9c2b5e7013a5970df887f7429c2e730a80f6d591af11bc9a386dc098e962f94b"",""a1f27f15127d3360647238bbe95552b8ea06898884f23662459bd5a8ab62db53"",""b7d90a2be040e5dc408925e07bdfae3eccd5ee2e80fb10f798599ea0707b0e57"",""d3f1c480d95decde3d52f0f86d777a8aac285a6ce72f252da8f721425bf6d5fa"",""d5552a2451a7e988204c38b335f998fb6d6895707cf6ec854fb516e3efa14cd8"",""e4b075225e8a905942d6b2fbe35e6733a150413cb2b9ba7d5ed8256b65768c18"",""eab26d415895ec9c22c2e6eb2c3d4cce94b9fd52b4745714ccf90776690a1b81"",""ebb67b2942de06af084214cf968c236cc34f8fb43a8c93fdacd6335a1caef6ba"",""f5a53431cde102ab9325666244035c89543a26d1968547ef21801c0c32a0c97f""]",[],candidate_unverified,0,1
35553f768240b5d6857a619d4243973f14966fab7f0ee6399d65fe7fa2443983,1015,bma-district-1015,,entity_assignment,asset_owner_candidate,73,"[""0827794dbd62b235454cfb988c0be629e7279e32c9d273abd8c36194b35267d5"",""0e3673d5dbdd10f4e56ddf3c227690566852545a90f17ad4e72b429944bdc8eb"",""169843b8ecf62b152a7beded2b4211505f2dce36a87a4e3b372a56c5ca236e80"",""1d6cbb0e5fc7dbba378c1e689f424856f48b3bdcb7a339ea7b1f40c02b7bbc8d"",""253282bcdc8ead64c0acf8fa2890ecbf5cba5653110fb68d90819ae63de9746e"",""2605bdfa1917cd115aa3ad7c26fda03d602f0135e8e1de4516e9db8806463005"",""26f97236976b10144865fb885437356b1b9d656cdb9824ab2224946237a194de"",""2e626b4692cf77c34c8c042445102636446f189e949ed4c4afd570ffc90cb4e1"",""2ebf4d3d102c602868326dd39ec32bf2325575f8d1859cc9232ed5de93ee7b68"",""347ca9900ab0ac1fb10e8088da3ee7c4ff33a2877d49f103e8e3f4bc7f5896cc"",""34d08291ff19593e47345461fde82a2de656d61a61bcc956e978233a59fe7672"",""36c49e18805e36576cc4d9b7d01687cbac1a1f3474d8320f7f1548b9ebb5be1e"",""36d38625ea6bcb6ef0aac5028a13dff522fafcd066a6b9e4829d877d01eee1f5"",""3790c7882488eff810cda57c37c9773e67b1ba4e19d13c494f585b90cdb9c145"",""43190238a5d39a52f254a3549141de6553eb4b406f5839741c4a0edbeb951252"",""47a8e1babdb4eeb54cc31afd624e1bf36a044485484d7611efb9c76811f06c3e"",""49f60f278b9fc059eb09a4589f37f115d2c56166442ded89f0c871f3959093cc"",""4b21d8e70b5d77e1580315929d4fa2685ec3a1160262d11a952112b71f70f80e"",""4c9625442431fa0c871e26dad513316ce5776bc7d11d47bceace02a65a7bc718"",""4d5eb47876388c8c0292216a564438d257663ff7e5b313ff155429f59bac3082"",""4d6740b8cd3ed07a46895f204416a0a7807cbcb9339fa091023cd180231a3e63"",""4d6c972f2aa4527a6e3ad09bf97c7dad85f7608ca3952cf3a990346046cf3636"",""4e5b042a9cce6005382c358582dd13c00811791317d1d2d32b7b35c5c65b58da"",""511e4ffb855c5c1ae81b399e9ba8b95b913e5258e4d151672218ac9eb891eeda"",""529737126dddb66b8d223dc5991270e910e3d69311b27712d85b5ff714a480bf"",""561bb24d39da8e7977a691d56a97d8e441e02c62d3e8ca51226dc25e79b3ae9f"",""5f09e02a55ceb408ac0525f2f02147fad6f817012bf508fd1069c1f439d36db3"",""6321a2ac4f5d0fd20ebee12b81dff0de2595f3cede12387f82573c1b277e382d"",""6382fba5ba87ddc59e9849b8d00a32a33fde4ad749ad4fae885bebb7cc3b7da6"",""6997dc452699d685613bb0dcfb5267cdfdb097f90785de65d2c1e70f7466f24c"",""69ce7ec6dcae89891573f1fd99ef79f5c1939f68030f2d73ca7914a12eb7c8d8"",""6c576bbafe50307e10004adcaaf4d4edb72d2b3aabda75bcbc9daf4e4bb69b20"",""720da0a75ef2d2e9d50ab6b53ffad7acc20b092d6db1690aec8a5f9b110ac4c6"",""72315c17f0f5967f2bff96f23a0903de7834cc56c09c5ac7b677299f80754412"",""7ba15d70a5622d557cc2b41fbb23a1b6036c1449d68581b3653bfae35897317e"",""7bbe965e208112648d3f5696578d65125168f2acdd592e32c9f14ec035975233"",""7cf927629a6e71c83e49f91058c1ea99180ab0343a7191594552dfa9ccc717dd"",""7ffbe980849fb96cc00c558beacd2688785151b0a32e40ed0737daf9a0000ef6"",""8119991c921dd9b0d5b01bb63ba1de4c9f085ab0c1cb425c490b7605ee85df95"",""841cc05607a3381ca3e26627a728e1ff36acf30fe5b4bcce60d9e815bf3ba47b"",""84a7b2918fc40d6b2096c2cd6e3120bbc2f8496c1380467a8c09463be5f1502f"",""862bf83f47c9cec3af98e53f8febf78989fb3af1067fa5242d4e087d3dd920a2"",""8680fdf7237ca4353fdc357934b4b2dec5e651a381fce5bc4364afd3b4625cae"",""95ee377de26f4b38d062eb6db4f9cf21119760e5ed1bba7af2d0b05f790ff77e"",""a9c2e14ed6b22f0ee196947d9e89ce42483cef891abd460644acbd585ef4568e"",""aa0ec777e9f6af455bf2a3b5d68080a2ea308dcac5f35cc49d6e851511f2d12f"",""acba598b1a412ab5fc192edef4c773106cb048b490cbe961b39c45429f69dfcb"",""af5c8f1a4e7cbad99a07c2dd962a3d0e3dad786e2c22c9e9018c4736801b341c"",""b0d56a816bf10728f7cd2eb6848bd843840994e20af84e25d473d42ef5b12423"",""b2b89f51839ac9d12d58e33a7d0069a6a464930881b5bc4213cea3c56ca474f2"",""b5257d1fda689607ff3c3478d3ea2f9fa1af23007fab1eb0d46294f08bb99949"",""b549b7da70bda051f40e1fd72a5c869bff6ea84846c13bbff86b560b70c85098"",""bde0474e62c6e54d7fb4a424c498482c9022651b9dad6ac249d0ae8e945b3ea1"",""be465b25528d1ec1b10ffbd6a810807f4813d9c6cc166053f52493948dfee541"",""c27743b5bea8624af9a0b9dba0d794196973c3c12be5c985a890ddd7ae53e2d8"",""d49fd0cf3061f23fc3c251415c1dd8537d67d8caa502077d45941ada366eff75"",""d76a6c1be3a71978ea021e92d0c7b52b589bd27e54cf5efc7ab1a1b40dd4db31"",""d904e1e4f52f945f7744dfe52ccb2d9b963a67922f6126db1950e1dc790d2c6e"",""d985f28bf5b965c8f9d6445cf63070b94f1b12ef267a37703e673bea0bba085c"",""da8f457a5a119d5bd8ac5280811f60cca46022228c6556eff723c479f54062e5"",""dd3fa08aeaa2a7271ab3622684cf1043d45c8146d31f32e1a9108b13c2bec0c1"",""dec5b9f4d6444ea3abfd58c0d508c6f3c5fb151a479a3582d018cffb2854fce7"",""df228f003d6cad0ee81e804464f3e479cefa6d5522f7ddd925f0ae00df5c99a6"",""e25ea4af6ddc3f45a3ef69d87b8229ea1ba48003743c6b8160fc10c821be2daa"",""e383b8b86e6a4a1004b57c7506ceb4533b7f239c36ddb7a77f6ea6e3c9f01f21"",""e5b5705c3818bd2788dd177a650948b79d4883a9cbbb1b5e15ad5b2222caab30"",""e994bf010371c8d750813149bc811eb8ef8c7507a656889c9c35a7eb4a41e35e"",""ebed3108432d6e24c32f8ba885b9100f5da42446908f8a2a287f42a9c6d8bde5"",""f14fb1a30e0ef05eaa9f77acf63946aa94c64b1fc526bf5f75f9134c6e6c0295"",""f37359824b5ea0a4d644d36056f1825fdea05bbfea80500c1a899094e4b6245e"",""f64336140477b87cfa56fc9a990bd3d465ff223c2c4a1529ac405830feda328d"",""f65b9f80dacc8c0d236d429a3aa976d083f8b445547c05687738a808e3a46317"",""fd550eb28243cf9aa7b296e434545b79e279726efc99504e4b962baf90e336e5""]",[],candidate_unverified,0,1
756f81e45d4db291178c68ea967c32641a5a8eb28f72ff3d7a30884e24d1bb16,1015,bma-district-1015,,entity_assignment,geographic_jurisdiction_candidate,103,"[""05e82f2538955451f78b2a5904aa2f95edc1d499ac4cf9a25238b8b77ff06937"",""071bacc0961a420b0358e22e874225af8c8d5a883c7fd18f316c0b29cf7e1f58"",""07ed2360c82846d48df5c3161f951116c148ab1480b821e278b57d623e57287d"",""0b76e741576b4e6e7d30d396783b361cc3c73fa565398cf9a2e70d320589916a"",""181329807e038fbaafa800a1fb9d410211534c632dcf779212fb234860952685"",""1ab53c843b693ae356abb4b874f7b32d6eb29db4d96ed0752d8bb41b3674f202"",""1d21df0ae97378f940d4d737ab01486dcc45421f24bf4c665b26389408dd740d"",""1faba8c6cca0aefded8b86f5e081c9496b44ef7866ec89864a05fe547a5e66e2"",""202dc2f30ecf29c9ff6057d2ba2f3482ad810a7add8f51e4a1f7fe88fc53b82a"",""2561e0ff5f6529c089e6049dc6d2907bd115868bc90f21f4006dde47f5a657d6"",""25dd3c25bd2db7807847d683890d704eb5ae9cec0b01e767d3b11d41475398ea"",""25e87bd5b910fb27d29f9874fdd2583a2ccfa581a427ed46bb03630bfc6e2cea"",""274b8ab872d7268bd18dd2965847e412f29e68d3aa36f03fc4ca70a792548bbe"",""281e91f32451253e5d7edb9c4a64b20a23e9ab2415581c2fc9b94c55018ed995"",""2d8bbba0e48894caab9375111178368ecb2583ee895928bf37a47c6edd2fa6e4"",""2ecc6c9cb9273584597af305e22fee0e0855e6f6ac021c5c7d73d3b6e8c10b8e"",""323b3266e79f2a9c112a47c1e727d63618908d9987adf165149cfb71d577ee65"",""349e748eb4090842ebd8529df7e83fa6bd5961417bd0a37873257248a92498b8"",""35370cf36e4178a8878aefd2376ab8aa8e15b5620db6a46bbabdcb12cb09a3d8"",""35428a21926d9a8094262683245723afd576142ab3a776d0ce92966e71f22113"",""35989fa56020ffbaff3fc04070cadb46bd89875e9939e6082da8b18e945eca62"",""35abee02c5c64d0d2df271c03d020c66dc34f8046b089fe6c46f8267f7661317"",""39911cddb1def6c52b821a1a058f8cb76668bc949c80d0aed604a62f7ca25091"",""403ada3a585d93d9e62dddca86413a67abc5ca91ef6e4b9e3b369c8a39f0e83a"",""43cee157fa9fd10baa2ad8c0d52516fe4f2354456a6deb74920f653f227b98e3"",""44b66e8c8745ab7419f5c5e0b950acc4d94c4db6507dadda12fe78447ffb2a8a"",""4b765c3c18171a9b3b00ef669cf42502ca823536ed4c07f57acd1e5e78b37a19"",""4ed46e9707fba5ae325e337f1aa4c7df84aac39fae59f748f6350f70335728be"",""5150152dc123975c407f949cef87f9bdf3a2b4a8abaa20036eef261776f0f10f"",""534b5482c9f6a38fa039176eab1a3032fe90851e33429bc6379490395a2f475b"",""5496e29686bfb891d6d69061ea659eb0a92b5a7eddf58d1335bd684d087d44cb"",""58aba8472f0b61a86ffad0fa80a90af0c9465bd80a11354208eb63086438f5fb"",""5b3f1d6e427cf4cf5e7571e895674c7a3c27bff15c583de1493b98f2ff9760ff"",""5c6eb1c4084b71b7fab5198bd31f16035ed0216e21a578eaf037238755187a77"",""5e5c2ff077263bb8c1dd5abb6a5abefe4979b292389be6ea3e1017c38a800495"",""653f025da293cd8e9e1b29d4395430e7bb8a2b9194d6045e87af7b516d339168"",""66813cb795aa689be114bda33eb14ada8b2099051017b9588a1605cb86cfe55c"",""6d3e1b6fb33bd3d06378b172499ee93567a3f9047681cc799a87ab01c85ebd5d"",""70a7c096c68d89ece07215133343716366719972268fa64cbf46cd29a7c552a3"",""735a78dae33904988fe6bf98f4dfb12e5f747226f8b684d95fedc2fbcbfa2289"",""74373bfe513213f3d52ff14d09956d32755cd73a6d8640dfbf399993c3b61125"",""74c228b16bb0c3d9cc875f3889cf99559eab25941442293a06887a41e30065d9"",""78d25656e60f5c4b7becc0a325a44c528e191de9afca32c2fb5cba0a1261e9eb"",""7bf6c485fd679b9949ed767e10d1ffac3b0181b436d6fc7b39abaefcf93a755c"",""82538bc3d995667839697e5ab1e46543903307c4b193b7aaa8275299cfc4dc2b"",""88d07ad89c87e71193ba644d9a007221a85661a4c226c8a11ce38533de3ca2cc"",""8b808a61625cabd6183ad4f4bf43f0f2ec13b6a5643f463da4b5f958e0e1d8ce"",""8e0977e9d36bf9d5ff8df2ea7d9c1c40d2a3b2099ca2eccbb5782433c605a898"",""8e133e14a4bbdb7b4a3264cfe9c82091f1142b33681c97fb2f3b5bd5aa908aac"",""8fba87ad41d9eb9c48868fb74ca81cc66326262f5a5762b0b4f7bceda293fede"",""91084acb29c1f2b2d892811546a115189f092a67b4f4d48d8cac65bdf77bfa60"",""92a54aeadfea0146e57121ad3b327de9a46a54b827b5ecb2519753c67f1f2ded"",""92b91ad96add01dc32ccb54ecf37eedf8c0831c821aaf3bf942bf8e577182d8b"",""95367a012ed1cbcd8fc780e2f3c7c0d6bd541027acefcddd8c418938c0096ae4"",""9ccc16cdbf7d74daf6cd23f20b5f9b391024bda76f7c5f47b13fb0b336ded821"",""9e48f72bf04be6b2a9e9e77ad0c752af5b2253b18e46cad2692ba560d052b533"",""a19ac45d5bd473d875f1832c5307f8f723a5316b80e5cb5374baf12edc83e1c2"",""a268dffd25800d8cec185a62780ea1787e4909f623cccd947ad814c7911a1f3f"",""a4c56debf798a2cd1245ec42791bcf1853c7bfcf808da2785791a221d0f5f173"",""a5b95226db26aef4e2b5bda1810f2bf1b2a7e830f6cdde99cc5f738393e14604"",""a65bd331bc830cd005401820020748def0d3a3be495d8817fae576658b20010a"",""a6e0ed41ad996d53bd0fc5d67c8aaa7f480af874d9ecf120df293a196d2f406e"",""a8fc264b2ba690c24643f427fcb451edd35dbff49d0c1cac5d931e5a31f9d6c5"",""ae31c9b301fa2c5cd0ef371c399eb1332ac0169b9a8969786855a8512ebd5c35"",""b1084e92796e7904738aa3c6627c8a7336d3d60113fd3a955ab09e89859094b0"",""b642cc4a7ab02f6646a13d3969f77b06e8cd5ccac4d615fb9af042318ea870a5"",""b80e48bcd7066363f31bf34e63aef8ff4d012ae71ecdb28caafa473950fcbf34"",""baed15600532d6ab8c283873cd3755192ec63b59afef45623b16354e4dc02bb5"",""be2a83178413b00aa5737a92513fc35b6a92171aaa8bc51997e3d62a08b27124"",""c22ba38fd9364fafeef1c6590c4c07c537cec308793e8029b668291a4580a1e2"",""c34b2ac0c19aaa8035dd72cd932221557783d7ee724da948b3f886814cdede44"",""c3576c21b3182f96db5215e063f4096fab07d88fde9fcecc323a501702c17ac0"",""c35eecf17ead5deb32802a1b647ca0614ff05075ac71281e5cd4ebcbcc1684f1"",""cca3ae8aa314001512b7aa3cb1ab46a4c089ed60ba326f638aa4df488fd88485"",""d15ff23f50ae603ba2b4eda29b7202af6233f0c3720be483dfadbafda9431956"",""d1a217372b8ed53c80e7083645e0cf786f0830e81034ed629731a42e75df5184"",""d26942cb0f61b8e53d6eb8f5a63cd2ac2f8aa2f59518c32adf1b1146c6c4c0bc"",""d6e46d03f886aaf27c43af5a0f457a5cad28005e83b6f3c1077cc0be83c7db1b"",""d71f79c2634c740659dd0194ec0751b73067218a5710e42158996f515ce1699e"",""dd811d510edb322070f8af2195b70f59ff3047e1a5852fd3f4a262441dfe3c8d"",""de6750c819c74f3d90d16b0e141f3d394e30e452511678f7351c2da8551c60ce"",""de70b0c17333d729f1c24a0f07293bd4916ab4da9d82b59dd453ee163b16acb3"",""e2dc4ab2dc9cc933f1e2c9fd489bb439736a768264cff258f902fec6b1ec3427"",""e673b8ca6718be66d842716cf3feb35f4069ec42c4778519e44a515c92c448e8"",""e6b65533758ad0528a8b6c67d2b095f978723fba5778d92a0c20b72f4aa9b8ef"",""e7ec2de07783831bcd3a7f14be2bba925eb3d1d7744c879a1a9ec5d990ad3f99"",""e8b97212e5f880b39ab652e3f0512ba91fb33d0b02952406f6c174f5f2c99534"",""e8ff11069f58f39304f718a191ad479dca98e4ea68ae145bcde076b807195128"",""e9de04b65d8a6ae591369b363feb75d864828eb15056b0513e2aa4e743c47acf"",""ea50f532377feb59ea187ec7c96bb9bd2ce43ac50e2c7a632e154d8eb331546b"",""eaa9a1be5152d58832b048a02e12b311b670a69e691ea2eac04558c15a574c8f"",""ee4a6d880a3251fe809f993e2508669876aa9c81977a3148db87037c42aedb8f"",""f52421d1318e1b7cf5508257af3b0ca91aee7afad0e8c8b8a28359322e8af27a"",""f57300000666aaa313a0275f7e14b107fb6af18d6c37512ee39d6502c5dc59da"",""f769cca23dc37e380f43b846bb859b4a36b81880ee0c966dfd1474d2901ba599"",""f792da21b0fdf458a0da432ee31de2a4033890b605fb2f5d4bda9599bd14c917"",""f83066f3dbba68e1c1332ecff7cadf4d5ea4fbe83075cd0848b2a9adcf12e8a4"",""f8d5010d959b6b1a80c8547ace4c3b7df80bae37b3255d009937f76309559a14"",""f905e065d70a9a07c9687639a1ce087fc3742d5a80381c28570b196c44442658"",""fb05aba09efc7a24c4717b7b1a3c2543cc9ddaff65e7ddb8631ed384b1cd3199"",""fc38f0a6ac9c14c833295f7283715f4af5406e3bbea6d870fe4fb52ef11b1394"",""fc75bd85735f4f736cb90e79d4921218224208de47da2b44c39880da9a0fb985"",""fd30f31eb6afb5d4e006746360b8b5b79d255e627892a92c46270aaef122300c""]",[],candidate_unverified,0,1
9fceebeabba426353ad97c1d2f3a5fde5315091e77696386501b3f100908a789,1015,bma-district-1015,,entity_assignment,primary_response_candidate,3,"[""54681e289d28e245a707d36ef13a1e781bf37703ddb19500ea1497f562cd707a"",""8b21a1854d8ac96b7801b17903167771acf1133b14ba487f9f4860a2be697407"",""eaa41c83469e6e0319d9b37fc15521dcd3a3b2ecd677c66e51b28a080423a84d""]",[],candidate_unverified,0,1
a26bb2d8bb8f57b7068115ceebe0193bc97167b0e521c05f8d2fac7de5c02c1c,1015,bma-district-1015,,entity_assignment,support_response_candidate,3,"[""8b2ac5e70ea3efe40fefdbf6f11b9c579ef96892237d09a113410df679cc4baa"",""a77ea854586e5190b18a2a6486a8061995c78e152bd5cf672503a7507eaf4010"",""b2cba26f3c6bdc467e7e849d334caa446c2513ea7a899acdcedc43e784c7f8a8""]",[],candidate_unverified,0,1
62c65ec04e157db849d766386dc7bf253c8554380cf4d1c2ce5e0d3e8d3d59c3,1016,bma-dds,,entity_assignment,asset_owner_candidate,3,"[""8049156494b47d0854d52936fa546d8e6cde3acdf6b9ff84b83763b6436dc810"",""90272b0f109a99af16d563850cc90d155359e84acb6b1b34ecae67dca064b2e9"",""9249aec3554628f35eafe44dbca90a222185e5ae854fa662a014ebcfe374cfd9""]",[],candidate_unverified,0,1
83f74ce788be0f3d6c127cf249d7492235d1570088b1824d0b2c69e876b21ee8,1016,bma-dds,,entity_assignment,data_custodian,1,"[""e9ae269ac20f8d9bb33b8ae6ab280a0ee71a7953841730f7b033d46664a19f60""]",[],candidate_unverified,0,1
beb7db6d236cb8d1bbfc95274108ef1982cb017ea9699bfb57d22ff7c68b4be5,1016,bma-dds,,entity_assignment,support_response_candidate,6,"[""2d6611857969facadc5ee6ac031dc217c1a28c004fff9e494e22db560e6d58ae"",""3a1eecd59f38ae5b7c742c84888f412211152e93498c1b9ace1cd45325387bb3"",""8ddf408d81fbabbf7a8e991c19e428a38c13c6ea76565c06ff331ae929abba62"",""9114ecc754e2371cd3a553fca1259dc93929b55bcf9d1c0399b2a2934343ec8a"",""a8e3ab287f099040f73a4346455a09e4c3a3f879261c2a1ddf0c362554b996f1"",""eb7e0efdbf87914b0da7f30ad721825bcfaa7525eca42ad4717724249195d6d9""]",[],candidate_unverified,0,1
183bd1bb668d8186463b772c052dc55a574d36eb3c2c4eacfa8166ac941f8c0d,1016,bma-dds-canal-development-2,canal_infrastructure,incident_capability,canal_development_candidate,1,"[""ee8119a760c2b055f6000b6720f5ea7876faec8ec3b36526d5789047acc06c1a""]","[""dds-canal-division-duties""]",official_reference_unverified,0,1
7eb6fc7e68f1e2d1c604bcbe796128333e112032a645e4223f589ded5047cd40,1016,bma-dds-canal-development-2,canal_obstruction,incident_capability,canal_development_candidate,1,"[""3f9af179cf0fe47a2135d4d0efe8f36682dbe9d1d69c41f4e1e22fdf58ff915b""]","[""dds-canal-division-duties""]",official_reference_unverified,0,1
ba7b78af4c240f23d724fa23438b7df526ba8374a9b6f093366b8ec3226be0c0,1016,bma-dds-canal-development-2,canal_overflow,incident_capability,canal_development_candidate,1,"[""513e2eb23d9196b39ef107a86e85cef0b7f6801b27612598bdd801deec36ac78""]","[""dds-canal-division-duties""]",official_reference_unverified,0,1
b00de7942701dbb6ccaf13f99248c7101de239e58422d2c1aa7395bcbad2b097,1016,bma-dds-canal-development-2,,service_area,canal_development_candidate,1,"[""df1bbf6847c176e0b7573b2d1961414b79d8c0d90ba539f2ff1f85975ff8004c""]",[],official_reference_unverified,0,1
be9fc709d64436baff301d5a1d940828702c624551ff7a5e2830594fcad186ea,1016,bma-dds-pipe-maintenance-2,main_road_pipe_blockage,incident_capability,main_pipe_maintenance_candidate,1,"[""d6dcfc79053a1a5ad73ded81dce0bf93506fb0167725c00670ca7499915de52d""]","[""dds-pipe-division-duties""]",official_reference_unverified,0,1
f8eb1b8df181df6849e9c3a19dbd47a074a73ae994528c9af4949c88d617e032,1016,bma-dds-pipe-maintenance-2,road_flooding_main_system,incident_capability,main_pipe_maintenance_candidate,1,"[""5a920ec9e4746fd7c15eea97e20c27b18dc28fa75fa643f65995e8f5b8751c5b""]","[""dds-pipe-division-duties""]",official_reference_unverified,0,1
84571e34c396aec9a54ffc642c9a73a2392868006f95b50dab1f529eca08d8e0,1016,bma-dds-pipe-maintenance-2,sump_failure,incident_capability,main_pipe_maintenance_candidate,1,"[""c7dd7e897f9fa2a200fd68c8821dd4a408bb708234512a3c0c7d304071f7a810""]","[""dds-pipe-division-duties""]",official_reference_unverified,0,1
b14c777c2a4d89e8a825d47eb56c24c1a5cdc011aff4c95e7f29d6c32ea668c7,1016,bma-dds-pipe-maintenance-2,,service_area,main_pipe_maintenance_candidate,1,"[""f41f7c4447326c116c6714ad63bdd59f8996e0a5736077d8a52c24f31e35c98d""]",[],official_reference_unverified,0,1
48e2f30df23b1afca91d820be396b054569f675b864edb1a7e8a79f8b34ef27f,1016,bma-dds-water-control,,entity_assignment,asset_owner_candidate,4,"[""1149c5a5f23fb1810c5e700de402ca72e4e12127a699d750e1076d20aac23bef"",""88e3dae1dce9812c787c7a6f8439f14ff905f0acfc2e7adbd9ba7ea4f54f3396"",""b7ec7e00d10a6f0dc369f3ac7fe90502aa8f4706d891638d5b689cc158127f1b"",""fa37e10d19448590524e72dc691ef72fb621c8433ee2d4cee05b109b98744d4e""]",[],candidate_unverified,0,1
5ed4f16f120b071e64cda9695ca7e411fcf8c6157070bf7d35c16e0f946fc410,1016,bma-district-1016,,entity_assignment,asset_owner_candidate,48,"[""03cfd863c72cb4548a170fb6d736d41233374ac081c5b858efe9baeb2feba203"",""095dbbf54f5c0a57310d74906da81f704b0a4b0058c043e76fa81484e64928d3"",""0bf89d69b9a874685be89c99304a81010bffa31f661b7c07164caa757c842e95"",""0eb113996abad9e39161ca2a45079fc83e6b129de2144d9e4a96d83e4537b4ac"",""0ee3b57c3f60a2303f81f3f546e3190ac4f868d3157cc6ea169fd4d90fb58183"",""12b551231ca64d9a14d72ba26bffe4200fc7ea55e90577346e0343a5e35b7ee4"",""13a9944781f084ca9e343a1a57ab46d459b0db1732aa8fcab0e81679f79991a2"",""1454e2f5a5968a065ac5254f0c4e318a63b94edadf6496c3f1f56e12954bd0fc"",""14fea69e5f45b44a67eea75eb62b42b7b7e4bf58d717415fb270b2550f691b63"",""1d637dceddee769a796cb565325193587467bb5e60d38009bf47c919046ca294"",""254e2e2763c52734358cc0a314466a9d082afe86601f5274838d20291d8d6ba3"",""26f49f9d783685767748ab105a3688300e1bbe01c6735a0eda6f65b859e464c5"",""2a7182386841c91b9897ca398596fc35736fd4d0a7f9f1cdc691256037025d92"",""31d94f97068405205d7d2c42e345c3c3c210e1fbd5ca4691805c8c8a8f8966bb"",""363852860054331bf71cda5b8c9f77159fc569f2b4a679a62fcbfd6fe6a8bb69"",""381dc27461a4ec647c7f3be33e7f7da291d91eaac7b59f0570397ba718ccc6fb"",""387a75df21de173a5854e8f0b38414a8b69bc9be878c8ca30db09671e6c960f1"",""3ebb36e03522a80be6cd9ee625bfc4945f7e5b4d3573235401ab76fc9a47529f"",""41dff14f59f61cb4df8254e40be9b6236d0cc09995727c3a195b12f88e7ef3ed"",""47403ee2fee011f433ecf68fbd51652820a86fc48b2014df8c334e5dd8626212"",""4b6393dd6ffb8b5d2e3a7d2026d0c2fd3bc6cd4175722ac346ef9580e9fc3880"",""58c80520a402ce14ea9f540187bdbe885ecf5a62b0e87fcb59dd1b279611592a"",""5a351efb5838743784bb032eb4a7c9be7868c44d053e97cfb2e1322986ef767d"",""5d807b5da728233e838161d95088392182159447716ab5dfaa78601ec89affaf"",""5e126a0962d5c00324d4faa98b2f2fb85bdc6af28c0d41faa994420f14d9d03a"",""63cd27ef4295537a045221916c6b077d7f0d64d33ef6a29b9f971b5a09419e40"",""66277a4800fed5c293014684460b640b9d343d151252d1656c5b27a109523a2e"",""719e70310daef4088c9a6a52462a946ee2ace1b428b31c361041f2aa40ddb280"",""727c00cd2feaee2f53a0024215d61a2313630c994044658611dde37bf98e016b"",""79cafb90183be5cc4686895b35527068c806923a3a40968082b86a15b78154bb"",""852989165374d3510f0b475ea460186c92f491a7fbbded94ff55acba144938d0"",""8dd6d89a1a2d3ced76e71150e8d2919f788d0a16c79ce107bedbe6472d152e40"",""98be6ca342b8e76a97241ff0873ce1e05000c575683f398adf77ed195a8c0b09"",""9a8320dbf980c7e24eb937ebc65714cf07309f15eb94144b8f0be3936e5c0805"",""9b1e4f6c6ef926239344782c980cee7306d21ba8dd88be218b7627eabba2c368"",""a209f844bdc6fec3ada4e7e8607cd7bcfa89990239c910502f9d04fc59645545"",""ac1c932148297d8dbf497056db3ac7a69e2a4bf5266e0d21bc12fe746bab6a7e"",""bf363cb8337c88931cddbf4199d3514e060f47f55b7ceb503a6bc0496a0e1662"",""c83d2efdee0c53acf37fc504fe0091ab3cbb7b7b9d0e5f307f5007e867724207"",""d08e776706e3a2bb7e0c66193b04772ee5e257aa07b9ebba1870b3e5e0a51de1"",""d0cab58111acc010c2bbbeb82233f68ff9a8e5be7618ee81f4a95383aa75c6cb"",""d75c4e9b7d721abf597a637c83b21b691c773ece252fedac36cf417fafa926e1"",""db9ded7ab8d2df1689efd392797a191097980e2f94a16e97d887805309caac43"",""e4a9b7da21d16c5019f25ee32b2eed48e08e5b92dfcb885622d8cdb38ab3577a"",""ed8ba599e0055e06219e496c07f06926c044371b6ad88134f680b33538c48406"",""f13aa0dbc8c707718404aabdbcbf4e344ab0ed02b8d0c9534c1cf66f38db6a4b"",""f4c88edd1833bcdc105d4effac399ef6d28d1587696b87ab6088ad31f0d9abd6"",""f844d89d610a7d8eec11f3ad3c9ab31811951d01cbf5f96db0feb8a3afdb538a""]",[],candidate_unverified,0,1
2a6e4b3355df95fde7972f5605626d964d18c06d697bdeffd7bf1659ff4a5bd3,1016,bma-district-1016,,entity_assignment,geographic_jurisdiction_candidate,62,"[""0d54b64fa776347d0564ee6c8a55546ec4c87e739c979170174bc00c00255300"",""0f0f6deb617179aeeb4b02413e7911388b0afc92f84c4d6a8870c2041b6a0511"",""1b18e86da6c0e52a1562fa31839dcd7f0db02e08656e5f0ab82fc90c6fbfe732"",""1ea5bebb5757952c24554d54fd9d8dfa1b3564789c75acd43dcb63ed4233c8d0"",""218e0ceaffab9365ab13514c4830bb2ce241288a360b85c7f771e0ef2ea40166"",""279bc208a2e22582f00ac394803e41188f8b71879cf0c2070d466ada62308e0c"",""2aeaf4b0bf1ac7987caeaa16beceaba84ceb0c5d9c16a32582447d07d48feff5"",""3aa4980fc2b5aad73d81989a11c5b23194fad44e496f365cd6254142625f4419"",""3d626963d1cff557c420c992be74dbb9707a4fa0334dacbeb50eaf600c29f824"",""3dba25907c2c43b20592970aa3ba89ad256e82f5b681fce61a28d5ab55b4251e"",""41b53c6e4996c072d523b84ca925f98c7a570a52a6978260ee2c09abdb9c7a48"",""4334f071985bb5014d66c68e8ba35cf01cc75e49314d82f57001689a024880f1"",""558a85d42df8981fcc4374a01bb90b29caa4536badd174537181dd49cf7a1fa9"",""5ce58ca3d1109ea9105675e255f58a613ec1bd1df3bfce37dcc8ee6b533f7995"",""5fd3775db1a72645fdc2142dacf959ca5fc0a98fcb593c5949727bc9b7e8c5c2"",""6531ff1ab7d4c08b3d7c52b6bb2cc87f1b1718a2fd892f54a399d9c9c52009b6"",""6561bc5f23d8187968239480f579e06d0e3f0ed4d755c47d9ff49c2b039e516f"",""666f1b09bef9c42e826699a54406f93dfb867f7731676ccd8422d9ac3dc1ef60"",""67b29c7dbead99ef8e1de1fbc5a0aa5919d455463fd3807d9f4cc1dc770c6645"",""6b3e574d3a2f9046d64469bbdfd8190282f35a36b065286d46de8d170fbb6ecc"",""6cd9c6bd672f6a73e45f1480576cabe26b42b04b18114d595aa54f31b561daed"",""6d88fb1bddd3a909b524b600934b818f5520d55297624ea3330ef0d16d0b58b0"",""6df97cd1952088d6bda39b516ee6f96172572f25fb430153ada8e30ee2519b31"",""6e820683b46df1a388111361e12ba53441a4878a497bd7d67eb3bc3ce4b5d8f8"",""70f9a3f4f546217cf6fe74169beb31be9f10163e4dcec9540b457ae0a309cf29"",""728209e0bfeb61734fcf896c8e2800c9a9e3ef62feccf09da0ddee1befdba92d"",""74cc79df31b6be247a17c36766ab0d5ff4fd5b72081db6e8504a2135f9f79197"",""7584eaa5b0026593ef42a4b55133fdc96a5c0b03b08491c57fcc7b6848a4f301"",""775281f623ba6b3cb72930a8221ce4eeadcbfa9d6988cf75969f106ce1f46491"",""7851d81c3204c653011ffdb6f835af1f7efa10ba2bcfe824c37e9577afbda292"",""7a551d218aa940f77ed581aa15030669e91373071b569dc3397e0f8b34ae4fa0"",""7a8d41adfd213fea33cfbc7eca67d02920ace349f3383c2ee69c64092ca6d339"",""7c61eea782ddaeb0a3f42c97f8d7e7958882aad3cf181394e48404cf87bbbb6e"",""8081f0d42779ae4f1eea32fe8acfa1c571f97f33c5e8ddad58ba12b728cf2571"",""80cc0fc2d9fd210594903496e07a6e8396c5bd3ec8d1f06e748160bbc3484377"",""8793b62473cb5d9fc96bb1a1e99a811ae456054185accc3d315bfdc03062b07a"",""8d7683d1f8beeeb58587b7b951ad9e6d4c47ac955a2d34a5981b2c1a1607fa08"",""9c107f573567ab86fc76b048809d799982fad21b09327ab0be79c4c7e75e3914"",""9ce6c33294475ce91b0a4b9b12ac902ec51561722c631ea753462a4fde2004d8"",""9cf6b14346bd3b63b6348f0a2af3af1faed9286a1659bab3201e065e5a9bf5e8"",""a8396f2e2246acb499e752ca97cf8c1ffb8f21e4667b5aa7560b7d9ebdfb2b32"",""a96a08cd1de97b5f44da3425b6efa346d802a3678284548562010ed2c42a3365"",""b0687a1c595a29575c56e6bcf34313a74a3b31d3d963ccd102f6165e2c321fde"",""b07470c2e716eb67d5934f3af9587a6c3ce1a6cf8b677609e57b498b8fa52ad5"",""b1fb4edf149fafa954d46f7c25f94e2b705a42270ee81d034a6e6bec23f266fd"",""b46f443ba3cb2fca1758e4cf6a18d26d65cca326b16aac6f9782fb6a2e8c913e"",""b4bea9b469fd5a0c40d032f26b3486f6cafae1c096a4fdab35c3b6d2658c372d"",""bb946902829b031edde93012c30d8a0206c7ca391cfdd9d8593a6b9fb14ab385"",""d0972ec63d5d5b6f62fe6d6b45967911cebbfdcab85788ba0284d21a5fdafb4e"",""d340c21be9ab1d7c8e03f0a1d9ce84aa68cb5dc2af45b52e42f1de553104997a"",""d40b043ac9237bcfadb7ad2014be5ed01abce1ce7533055eac8d6d233cc6ede1"",""d4c0bef7e127d20d5aa6081ab627c152adf08f85cfcccd6331cd5752251a1987"",""d5fe4d146354f69628c65701bab73a5519e7db50ba6e56576148a6d0b3a8ae6a"",""d604ffc928f8942b9453c4fb66d39b988ffa49246bd02169b5291dfc2dae9042"",""db8dfec2dded6e4300d4a25a115611eded46963fa1057c83f383f99bc92e0c82"",""de5e277ee93b7eb80b78f706034d7b293312d27a6b9136b5803710c94e8055f7"",""dfef0bf3f80a62681835cbb1e1c140d72ba0e18cc74f678ac1b80bd4bfbcd84f"",""e4848a6e7875c7126ae08cc040f3251f458c6abe5025da7bb62ee9cc0b81c149"",""e8fa3740a2ee34f37e114e5beb0a788988e5f6f09ca064e2e58e5c3d27ef7c81"",""f54bb1291627485af69c47e30c241e0da9a2a00cca102b0ce90b139ab7745460"",""f69241655daafbd4584ca6a6c4d8624d5cf407fef7668d1072b44a43e4dfab1c"",""feaf44a4115a37fa4056e6ec527c75fe2a5e157a054481fd639a62a701a8144f""]",[],candidate_unverified,0,1
2b5e93b339e954dcb39b4fadd8fa1c85a30840571494bd7fbde90add26de97e8,1016,bma-district-1016,,entity_assignment,primary_response_candidate,6,"[""4739774ca34275c8cac5761dca1e0781bcc9621ccd7c93acdfdd47411f42ef4e"",""6a8118692a4fd099a872e18e20320347d72ec40a47736368e0f04e5e918e70d2"",""6b0fa414fe29c7e53ec9f94db52861dc361511622bb26dd0769ef060bbd179f2"",""7946e29c1e76f1cd79d9f37367ce0d636b453543aa9eeaf93c1a888a726fb981"",""888dbe913075e540014d7ff050c6e13ef408bcdefbc6c181615fa08dc4ff289a"",""8b5a2215bc91f9d7527ce630725d670b456c0e484e812d806a75b381e0b2bf5b""]",[],candidate_unverified,0,1
50c7da9ad76a4b346e556582e226a65b4521f8ff74abb587ec60ba0467d70167,1017,bma-dds,,entity_assignment,asset_owner_candidate,9,"[""52eea48b7ff5a2d8a5698cdc6b16beaa7d6e8eeef7f0b2538247e7d54498274c"",""5c955777312b5acb7f63e587aa99bafa604a9774b1b235d0e3e87058f648ada0"",""7ad744e92e76e9ae4c0278a0cda6fc97f278fd0fe26cf9756168b81c6667d9e1"",""8d2ddb25ef8167cfb53df65daf7a24fc0da5a9efb8ee37c7366044bc23746163"",""c9d3220f9bef84fd471318558c1e5cb7e5eda81e3f5111c1a72791165bf2e341"",""d6e4e6cfda96d24ee330c23722c6f66b760e8007cd76da9cab5b7cfcab7b41f0"",""f2d28321e71e8a6b1ab4a4e83ed4e344e4900ca0abdbdbe57d801ac0991fbec5"",""f4ae20fccb4b7f897c167523a79c1c33bead9ff40ae70d65c4aada96f59d3253"",""fa6475ffc678698732f5d177d4d954919574516fc635cb32cf3586edad39f9ab""]",[],candidate_unverified,0,1
fe338fb4e343fb7077c4fcfca7c59df1c08d72925d8b728eba6f8b7e357a2bd8,1017,bma-dds,,entity_assignment,data_custodian,15,"[""3bb56abfc1b5b04055587b4ebcbb06191cdff2d03f33cd16bd551086b7b46e51"",""4b500e76849c2b449b14be2b25b03f510625423be7f389bd30d492c0cdc7f745"",""636ad239b5acd76b74049ebe8aac4bfc76443f2fec3dca1eebf4543ba9e2c18e"",""63f9d9163c5b7dc4c028f3880e3c13516dfd007debadf91c413d89b06d98acad"",""651c9e2a5f32c75730414521e63f65e899e4ed4b4145f98e3eec8081b58495e6"",""6e95a313aef08f0fbdc99557307d58b2f7537b5603644f9c0bea9bf4a530470f"",""79889900bc68e4b03090287ed9905bdc6323a1d7e6c6fb141721f50430f07697"",""87acfe4cb53264a6edc976a41002e6ece8a298e3bb89664e3f12bcabb946e344"",""c1d1cb34d67c016ab4ba6a307ce93a35298aebd33dc6e73480438f6014e81f5f"",""d33a14d8a676fe025348b65e234e2ad4f005beaa75d57e26eb8b7cebf0cc4c4d"",""d6a98e6897ef87f6200a6d075422ada9fe8496db705a7e129ddd37b7114513b1"",""d8844d5e1ea9867e6103f8c34c319771c62a6ae147dab0ea8edaaa69fec18b98"",""d8fbc112bc54e5024358049e9100faed4a3427be5755900741abc089dda9e396"",""fc3d89d65e780766efe85ed69ba224c61b67099e584c1092e379d906fcef24de"",""fff2824992d90fdb0279bee5bff9b4cde96ea361ac82786daf231b2c6dbb611f""]",[],candidate_unverified,0,1
daf91d92d932b15fd407666a5aa84185cc9539fa50789dd0a309416e441592cb,1017,bma-dds,,entity_assignment,primary_response_candidate,1,"[""4a01575d2d7a430ff0ab2be6269f0517d4658ede166655c7e6156e057bbf1dad""]",[],candidate_unverified,0,1
eae699b0058c380390bd3d3dc32dc1ac3f291bb7804440b4c323c72c0c638abe,1017,bma-dds,,entity_assignment,support_response_candidate,6,"[""0f36cf7063efd922cdf6d9814c1885ef752a09f834ca6106f378389bb8dcfe65"",""2a3667e471c4ede86395a97bd6b538526ee851563ff23b1b110cf07a85a6da60"",""46ad3ddfbeb6a7b12422d16354988adf1b1cf63eab52d36f267984c366ff6130"",""576f39cf1ef377ef567f7b0949faaf1c6262f0a30542a1c6991fb892aa4646c0"",""7269cb6b54ce2a8b7c197312e9a93e67c6fbf92d3f680c082855760e747e84e3"",""c777e2c1463d09a4e6bfda5307a596bc9db1492c7d9a398bef7275ecc4b2fe0b""]",[],candidate_unverified,0,1
7b9c7b80b2fba9fb30bd812a071df54e8b42b82121b8c696ac5f3b78ed318f81,1017,bma-dds-canal-development-1,canal_infrastructure,incident_capability,canal_development_candidate,1,"[""819d883fe7aded00389b7bfbdcd30afe76678ac838f46bb6133e0b5a51fa48dc""]","[""dds-canal-division-duties""]",official_reference_unverified,0,1
03ccb2347327fd3d0ac26f68afc0ce8578eac4ea2a168d129a51be45a096f711,1017,bma-dds-canal-development-1,canal_obstruction,incident_capability,canal_development_candidate,1,"[""0863df20dee2a8dc18178a08488e6a7d5a51e1f29f47640b2daf89aac66ade57""]","[""dds-canal-division-duties""]",official_reference_unverified,0,1
56229d3e52bb5b5442c40a86db7ae5404eacb002df2d8ea580263c6bd23fc957,1017,bma-dds-canal-development-1,canal_overflow,incident_capability,canal_development_candidate,1,"[""cab066ce45be5669d5b93088c3a655565d0b5bb3793285226895ebf73d1907bb""]","[""dds-canal-division-duties""]",official_reference_unverified,0,1
c8fb5ce9e622b6131bfdbf117047842b2e6ca1e23bfedd96c56dfe2beba1d486,1017,bma-dds-canal-development-1,,service_area,canal_development_candidate,1,"[""85067ac6559de315af4bcb591dffbdf2561a6f64b68764a7b3b62a271e0f9f8c""]",[],official_reference_unverified,0,1
9eb828ad202d63bf489686cf3a6ad202e0f0e00c20386f69e9c4e3814173bfee,1017,bma-dds-pipe-maintenance-1,main_road_pipe_blockage,incident_capability,main_pipe_maintenance_candidate,1,"[""3e29e492a612eff2ffc1470febae44e242e1baa2af8e4d092b97912e8fbcd96d""]","[""dds-pipe-division-duties""]",official_reference_unverified,0,1
4bb208f0251cf31537dc23dfed468e2c185ddb91648fa95e2bb9b2431c78bd60,1017,bma-dds-pipe-maintenance-1,road_flooding_main_system,incident_capability,main_pipe_maintenance_candidate,1,"[""d3276f570479180e83e6f5c55df53adc019394deca094f4809c739a18a43db0e""]","[""dds-pipe-division-duties""]",official_reference_unverified,0,1
69e105d877ca06e353bd0a52f9ae7b0fbc2efaa4408007f0723a0ec1889de064,1017,bma-dds-pipe-maintenance-1,sump_failure,incident_capability,main_pipe_maintenance_candidate,1,"[""7d51f8279fa48ef4f82007d275207693b55207cb46c830d7b729e3e72a60beb7""]","[""dds-pipe-division-duties""]",official_reference_unverified,0,1
7da6ebcbc5c95617855ef6fc1c527bd479becbfbafc5aac10a3e755acf5d885c,1017,bma-dds-pipe-maintenance-1,,service_area,main_pipe_maintenance_candidate,1,"[""9ad50a697c07723ce76f792c5f21b3de24e59bffcf85d7f5101f13face467de1""]",[],official_reference_unverified,0,1
756d420cef7f322c6e9e0baa73bfa0c6e1471dad7965fe6ed7e03e379072c049,1017,bma-dds-water-control,,entity_assignment,asset_owner_candidate,7,"[""07dfe7e965c7a852940e0fc21ed42d96b05cbc3c05cb9332f88bcdcafaf36035"",""5106edaf2ee4ddd973a1a338d5dc1c1e10c14de438107a39117ef1cabfc5b20c"",""864f01499793bf5d6a99287b76a25d709ba394a898de61591f42649b70befb15"",""99181731c1c26fe2ea34bdb1080456efdb5a8516b2dac1956951cfb40f60d903"",""c4ae54f16de45a14c4cdeb84037e3881bca6a7a824466b01c79b60a6c5034f57"",""c6d06c8176d67d3a0fb44d27e99450fc47e2dfb075e695e770a8fad6b16f350e"",""d8c2c2a41f858c2792a65d21a5aab4a120a9821912ccd6425828216e399ceff4""]",[],candidate_unverified,0,1
309642cf1775a66adf84b37f744fb26d6b9a3ccf839882571bd0dcd65dd03ba2,1017,bma-district-1017,,entity_assignment,asset_owner_candidate,9,"[""0ec23cb2c94964e54d800ce8aada547c1427fa9ab57e48c0362fe56b30493a9d"",""1dee260ff43308aa7a9e8b7e0b0fa63d29d2965f70530f5f84b1edc3052d6b9e"",""230b100a6b396fb231c129e86fd32c1f3b8edf86bd606e96dcedd38d398e9688"",""2d1361d17ba3d21d2a5ba5903df76e2855d32b45c889788efe54a60b80268892"",""52e8e8973e632cb44266c6ec763f7d6d8095ae38397afb6919c7e770be946db5"",""5ca03c4032b0ffeeba32e43a19d875f023c53949e1518923613c2603dde6c9c2"",""71ebfc4c0944b29195c694c95c3f7d55cd6d702dcc19ea39f04898e4a6563b83"",""9ca84ebfca41e813db69231478303b72af913915384b5d080c6f3694a50fe261"",""decc123d04b803a1a954efcb4c0b3feb4e17b2357ca67b11e8db6838acfa4c26""]",[],candidate_unverified,0,1
a50e3096803be7d2936be8faf5fc4914f8bf885337ab1b8a71181dea8f2726ec,1017,bma-district-1017,,entity_assignment,geographic_jurisdiction_candidate,47,"[""05fca01ffe1a23e48673c8688d9eaa26c196ff8531c4c7b5492a300cfc059031"",""0755b8c2bddc77a74241b12462ac5cbc78e821a73b212c52433884bb349705c4"",""08deeb55b2567525b203f8853af52d27dad08f195c3ad0bbe2da6b989bd94e53"",""0bba8992223140091263e40207207081f59488329784088ece33eada3a77fc07"",""0d22d42948649bf56d8c8ad3f88f0a4fdc06f1a0418178d7d85443ddbf3a8110"",""1b572b7bfe11adc8b1e8e8e8a74c2913550f9a43e35c6d6a10ff023ba5a2eccf"",""1c5ae1502e59ab86d6c1b3eb101880452210d208ee3e39b8ded300f733cec112"",""2cd9b409b9dafd7b0d90c2edd10ff7d802b9bcb99b968fb80138f2244fe5b4a9"",""31ea8cde3ef166d7bbfd6f7d523f208b1802459d0d1a1ca603bd2f8e7e2567cc"",""3311d875c12b49ffe8c79f3dbc5112f194b7cca7dc8f30ca3b303402f0190d16"",""38affc4678c9ae15aab028a52405c1584d8046d95f1d1b3ccfc3f04f739976eb"",""3d16beb227badb2e7d35c4bfba62d48588275c2a3e01e87b9fcf1af5e1051894"",""4052843aba6d9d1490c5d8c5eb32b85dcf10f392d40258c9646d5d04c80d3b82"",""445623926be55357224fb2f12847e9a17d7b5157f76d456797b8ecb938313341"",""4d81e1c1327fd17d851e2086e9b4c9d51d32bc3fad2cde5de71960807574bdfe"",""5009d9b71b15263d5578d86fd1e441bbacfb7d87ca79ce2728ad73eadab7c581"",""523e7bdf2fa9fa6452b5db08841ccc04b519e61d9bb10163eda560d2c5dd4b28"",""5521c5fa736e04c0d6ec30274cb2befa153fe5cc21ab74224550e8ab21d65fbf"",""5581451405b11efb4e93606f0f2ff5e8356a4dd44a79273ab172c9731bdbc051"",""57cce7a3997721a180ea8e508c39f304ebcfa4d5c2d563cd6769acb01a73800d"",""5db490b4e2162893a17fb9e863e95dc3f525d3202e2b94b137665b7293424d2e"",""62c219a2574b1ecee0785424f901a1d27be0200f05dac1d13638ddce17eba170"",""665b50a3482418897514acc76b1a54a51733f52ad27210709b3382e94319237a"",""6915f60e22314a57d24ee239a1b215b66afbbdf3f9e56c2f3b2cff701caa2a1b"",""6f12ee1a5ef44b0465b9522dac64d725af380552a6ff5eb6353edf94bcecd1e5"",""75486a2cfc90c866773fd356ab1ce7a396b80f6509c6d9d1721c6abae303c9e0"",""7bbee35aa7fcc2510292e3e851ccb8c478961aa6868d8b88c210c739938f3c0d"",""8d6b79b68f8682036f45d635db30653d16905738f813c4cef8e7b6f4c30346c7"",""8ff0c4ec0240689f779e8f09dd495bbc20325d3ea2fb6b0230d53e0aee42ee42"",""9056b7351745165d74d630643bdaed474e0eddbb57d22044c064594d4f6899a7"",""9180639f60d710b5db3f08419800ea718acae82f8032a63eb058ec3915460d66"",""95e1d30ba6e356e576581c7dce57393526b8dbea8908c86ec41962fcf424379e"",""af18c4ae765c738c42416ef97be58200843744f299cc3e1f6983035c48e7d55a"",""affc1c817d5bc5fd65213b3533174ccac87880a30126b04daf67e8cecfd091a0"",""b021b62a9fccb08e51ca323c2a6dd09d2faafb7f8e19d4bcfef5bbed5c58771d"",""b0c4ed8c3f0a55875140aacaa481c4be77a6a747584236915a9a97c166a6707c"",""b5eaffee624abd4ae73e3628aa46fa75c64d67b443abc91e7add6634ffe28e59"",""bba4eb21484493b03f9ef869badc3e751936c8674639129a451fac2bfcac5ece"",""bc1bef724b1182930c70c1572a8a7dde1719839b56c7190d6f1c65dc828bcd81"",""cc40e82a6955c92946b61cdf4170f0da9b04f5dde783c1f416b6e871908f11e3"",""cdaba1c06e68299c827138be8035a81ab7d9d46dcb8f9343b4d3b8c68dfc55a6"",""d514552abd0fcc5bac084c9bfd2d51bd0f9edfb41cda5968e029f280de9810c4"",""d58d2483225594f6779d44535618420f0b0c8740c286796965d212ed51475a57"",""e082720fdc46988d41d63937cd076cd36955c803557aec0543e215d0850ea0b3"",""e6c67ce7597ee684e53f761da320ed1ec893df65df7914c9c1be4fb8ea94289a"",""f54a0ca594b355e87db22a3bcbaa7e4bb6f2777e062751b30e4d5187428bd438"",""f6c0db7640b1fe5f949056aa91321409c19ba566b7282f3c19773a6eeadf0016""]",[],candidate_unverified,0,1
6317d06408bf7add26948e4ab68a2f13053cc6e62e188adf4163b8790960315a,1017,bma-district-1017,,entity_assignment,primary_response_candidate,6,"[""4495e612f3fbb0b5cc820fcd455c0d355655a9d31f465daa632dbf7381f796f0"",""9b14dc6db01620221a5b3924cd661d427c86a97fca2318d586e78003c1cf1555"",""a0e9ae2ee7bfe46fa733d27663c7feb09ec23c4b636be0d6b5025b6f1d587d5c"",""a280b2a6833b7c7d784f83894de8eb8e9a45c7f123e8eaacb6a059ae603418f0"",""e6f741afb9b679d3c9c1e4c3263cbd835ed9ac8077d2cae6c5ae4d9193ce679a"",""eec2d47f23e4c9443b98405625ad8eb8312ebc7e0e6b3409f3c85bc70180fd5f""]",[],candidate_unverified,0,1
23c5e522b1130e87bb568b29d62abfc132d4566e1075addacb5d3d274eb637e0,1017,bma-district-1017,,entity_assignment,support_response_candidate,1,"[""b8700438f5c3f2dfddd5c35ce1132367b04925da80518425f332cf11e0f95e91""]",[],candidate_unverified,0,1
5e2835e930236aca4f895045d27bc831031a79a190ba6a4bb02a8877c15ba05d,1018,bma-dds,,entity_assignment,asset_owner_candidate,5,"[""22affe6e8c35e50e45163dd5c44805d131563095da204df5f21a74f260127c42"",""4be503cbad4a28806fd580c7e0a6b11c4dfe000ae3dc5ece6dca2b09088cfc09"",""b7cae3817ba893a6274abb0f95e8dd1e0f5c7a2e444bb023067fa8c6924ada69"",""e1bb0b70cb6779200893e083a73fc13ac7059eff93d65c3e5ca9d3d6fa2af53a"",""fdcf184d99fa9f923e33611d3b8fa3a42490a7c41e37f9be3d7bdf43e1a1a33f""]",[],candidate_unverified,0,1
2f9dfd28396421ed22482ce65510199e251cf4282e8972550e9e90051e5f43a9,1018,bma-dds,,entity_assignment,data_custodian,1,"[""6ba23a0572de2185ab5d9d66d7137061358bc74f0cd610ecbfdd1b33c498d056""]",[],candidate_unverified,0,1
3fab761208ee50073fd61b5fb70919e86e50491f1e96282fb9e83907eca0c1e9,1018,bma-dds,,entity_assignment,support_response_candidate,2,"[""260d2a14325f00d11d157d0a60c20cb695ec6d2f066a811595417bac26a1de63"",""deb9feace18d1d3f6c7d013d82af09ffe383262b3013f17014f552fb560f4f1a""]",[],candidate_unverified,0,1
f1a2f26999932cced15de5ecffbd87a273e8629505f69c73fa2f97aebacbbf37,1018,bma-dds-canal-development-2,canal_infrastructure,incident_capability,canal_development_candidate,1,"[""e7fb53068c41bb57a0ead1bbca8406791741f2d1dd9bec4c0f1d742d16ddc14a""]","[""dds-canal-division-duties""]",official_reference_unverified,0,1
79dd04dceb1997dc09b5f4b0ff410fdd266be56b8aaf0fc79fcdc83150456446,1018,bma-dds-canal-development-2,canal_obstruction,incident_capability,canal_development_candidate,1,"[""d8acb0ac01e6cbc4488a349ea7bd76931d1d4710449a4644f637ccb079f996f9""]","[""dds-canal-division-duties""]",official_reference_unverified,0,1
fd47608dcb526475333f119ec89c14b2c56b79202014907503d06f1538d0737f,1018,bma-dds-canal-development-2,canal_overflow,incident_capability,canal_development_candidate,1,"[""bd7a1f09e379eadc6c09be1443a800302eaefdff27ddb77f312b09efea975a9b""]","[""dds-canal-division-duties""]",official_reference_unverified,0,1
4235a272d34f05ea606c0a787cd8fb815097d9cc2c6ea967741cfdf16ce2b5ce,1018,bma-dds-canal-development-2,,service_area,canal_development_candidate,1,"[""816f9c0a5ad425d297ce5dd4ceb0dc497bde36dae5b2f98f2230153dc575d9d3""]",[],official_reference_unverified,0,1
a7a93f5276957d40b0c61e1aea5f655a785d17e1d1aac970e4e991195bcdf8db,1018,bma-dds-pipe-maintenance-2,main_road_pipe_blockage,incident_capability,main_pipe_maintenance_candidate,1,"[""5ea2c2b8af15f28e331e3f71a62a0d94395508be6981a5f44d40bcba47f1b4c6""]","[""dds-pipe-division-duties""]",official_reference_unverified,0,1
23fcb3525f6ffaa689e8540637f0936a3fba5f990fdbcbf203f4ad38c82b3834,1018,bma-dds-pipe-maintenance-2,road_flooding_main_system,incident_capability,main_pipe_maintenance_candidate,1,"[""6ec673110a096955824b247501953cb1e8adc7941bceca6ca665217822dfd7b3""]","[""dds-pipe-division-duties""]",official_reference_unverified,0,1
7ae653d822f533e0ce504ee5c92c75befb9c81bebf89ac3ab512ef048f448129,1018,bma-dds-pipe-maintenance-2,sump_failure,incident_capability,main_pipe_maintenance_candidate,1,"[""d0d8eeec2efac8fc6012debd8eadf12e2cc1a1322f9e2f0daba6ead49e51579f""]","[""dds-pipe-division-duties""]",official_reference_unverified,0,1
691af618081e0e40043897f2815f780e47487dfa68216b285e6807dd68180b24,1018,bma-dds-pipe-maintenance-2,,service_area,main_pipe_maintenance_candidate,1,"[""7867bf79f58f0ba0cec5747660611e2342af7821cd4d71a6af7f9ebbdba6d71f""]",[],official_reference_unverified,0,1
123821a40f8536e4d799eaf2bda3e17bd583437931b31c6a66e527e14c116438,1018,bma-dds-water-control,,entity_assignment,asset_owner_candidate,18,"[""10d6da17f69c988b1fa1d0ff267942bee6e59515f5948717b6009b8e9e5995e3"",""171ed69c91eaefa96d88709280408d46c2f413a518f478a7697380d9683b412b"",""2470573aed63f796340ba50003effcf0e29fd5da5eba29988135fa0be3d7b4e4"",""2c260801b1e5d593273770acc1ded1662c163efc5d501e79b0a4fe58c55694a3"",""3adb1a17ba184e064fc01cf1caef0decb06036574ffa7c4f98e54242ecf3e7ea"",""7e2a08eab5a81ccf3c60f9b115b824ff83e56622243d32d91a4aca39f7ed7b78"",""896231d6648c99c721db4f1f295ac26933837f7ac22dab57c28b5a92773d2926"",""93786df8b75b1f24d3c4ba11afb3975c1ee46ed0412cc0d514e669de8f89bd0c"",""9d8c6ffcd2dc2bb32532a4fb9a10bb09d5803b1d8aea5051dda35894cad21e66"",""9dfbac54e4af87888a7f78b977e96524b8d35f0ba040edeb5aec2f52228fbbe8"",""c110c18635241325856343d84a4e2efb585779a578528a0014849b149a6c3dd1"",""c630c1add898a2fda9fb0f22ed5a6ab60bb1f06f71961f4f5ffa7e86d14bb151"",""ced211c5c9b6662bc8d4a6b6606bc5759cf9455856af5ec3a32c60ccbaf8fbdb"",""d1f785b52edff51833fbee06aae3495f5dfbfd77ae18bae5db63ca830e2eea80"",""d8ad561e14f6c562e8212e186a652c588023d0f87208a5777a3732aba3c85bb3"",""e0eff701a459b5843a780fae2ea036df9a697090032d9bd01b0ecbbbc82a8da5"",""ed9b8e3f0bb5d7a7e49b126c8059f0822e9030ebb3f6efb657f9599590393557"",""f700b8109d5c5f23d71127c1a34c5f51f053ce6905b084c07c450cd0b24fbbf7""]",[],candidate_unverified,0,1
5ef446667a46614b1034a7abd2269b53ff5dd734ded37ab6bac28a9ddbbb853e,1018,bma-district-1018,,entity_assignment,asset_owner_candidate,45,"[""0215e22d378592df5eb20a033810f94abca33aa25d203bc28c4d43330c19e9c3"",""024b39433b1b80b57600de9c915ecc6c7cbec9665a4e610ca0b1739b0ae01ba7"",""0359a19a5bc877b7194fd17879269448026c105229df0d355a8b77a83204b4b3"",""156810a3f003d69cae05c430fc65086d25645b2790b2119dcdfb6dd43ae2ec3c"",""174342f5218bfc247e5bdc4e2c7078c50b1b9d89b6f41877a232be6b3fcb19b0"",""22bc191f155c6b4ceab2a06460925a6bd5bb2cd01f75a05587a3cad4cf553603"",""2b692ce94d1838ac5cd6fd10407001e2068dffe010381f9a38faaad98ab0d326"",""36790d8ba95d92ac9c2fa31c2171363c6eef036fbcf36d5679c7a4ce1c88b8cc"",""36d96109f627f427c5a6bc70d8186878ec8523d5e8bdd8d1466d9514bfaa9777"",""43e2db40d6b53398085c14358490418ddbbcaf75d1bd213cb25320ad25aaf5e3"",""45499967d4e784f76c5f95f990010ae08a0aa11cafb7fda5d91c07f10debc46c"",""4a36afc465c32f8267a1da67c4ba191217674b23d3d9ba094efb8d27e73d767c"",""4c118daf93ce93069917f96a624df312d373d84b7f5d8041ef1e86d41b32a80b"",""50056c466d8783be3c0728a20120cabe5a4b64edd2992bbcb1a3665c25e77fac"",""53f58fdcedf7ca64b2a1c9d0c1da17503ba1f7864a20b05113ed0f7a5d0b4b1e"",""55324504f8291f4afe498eed4c80f95b68883a928483935849eaa4d44764a2e7"",""5d83ac3054dbfb6a4ccbb3af8339fc945810157de54179309941b307a8b54120"",""600cd81418c338c1102d5fb34c87d28343fa942bbe186850870d8f21fbb6e74d"",""64ab71fa2cbeabb4c4722ed1d6c795ca236dd461d20b77da17141dd27bd4078d"",""64e7d0807bdce7ea103019f5a5abadcf00d6bab8dcaecd42e9d173b312fbd201"",""6ea73a6186c976c6ba23bee1f92acd4f8d459f9fc4dcc077212626972ddd0cd4"",""7095df4d42e82da1073abab78f39d2a01f28df1942d07c24dec4d8122e55541c"",""70d8d7b46a46f9a2a2868376de17ea788c7749c4bd466b0fd8d7e3acb7c41fdb"",""718b1cbfe1f480fd11e7730207b4f3c292f732aae8068dfb9430489d2721d6fb"",""77e779563b5f81372116c0f6b5072f1db4eaf94984024307c6dc8154cfb3efd3"",""7a1d3a28f117249d925bc57a829e2b6853ac96cba50585e13e07ca4b8133fbee"",""81fc939761b921a8de3c1e6e712a3d678cfb261849a006fe2aec7a88ebcdf9d1"",""8adf5f115070f815a764bd42952974ead04ccb334739ae982e31294d453f5e1d"",""8beb9e20ca4a0e93db04139c5934031cb84fa14c4ddfa63a232c893219e57346"",""ae866ed679829d0187d6746cfbf2ed793ba2e3839d085214052288cd3088fe15"",""af9c5d664f171065d2203adf1b71e5267acdeb9060e5f68c03dea61624e95fbe"",""afc2f42e526bc8102d94d3d682cfb4b49358f1999a14403029137f6d7b019481"",""b499df80ea1046cb4accab457e9a2833a71c1a305d81cea4048f491218c6d2fd"",""c3e00011ed9f3f044f0585a44bf37aa9d9b1809da2f575ce1c5385a68c9aa78c"",""c6254644cfccfbe1d8652f7936583baa852ecd2c65c182a440a71a70950654a4"",""cd70a479afc7cc1442fd1b56d49e4bf3cf929e10b38ee298ce7385344c7a621b"",""cdd4ea2e733b28d9a242abee6db54ea5748272588e05ecac71d658b8b50211f7"",""cf15ecf4f3b33effd9ec62c66b0cba8c7a3779154e1733ff79a36aa31b2e73b0"",""d20394785f470a3373997caacd13fa4a52cea5e2d3e5dcf376afdc3b095e3e77"",""da1856994ab9f548fb741da001de48f89177cd67d8b19564dcb7f167553fa371"",""e1d251b1cdacdb5be38b5e6d55f7951f0564610174a08903d6e7520dc0ace6c9"",""e774b1827c9e4129f6614d9b9f4b00f4ad5437f5f1bf5280973b4b30f00a57b4"",""eee0a78f2e5ce09cfa80e5583f8782ede4d61f540bdea4fa76a46af9e5570482"",""f8d1ccf1b9c55146395c3111a68a08b9d9c4f1c411acbd21d1dd810266278403"",""f965c492866c57ee4c1a560702048f0c11023713937f914c3e0ada91316a063d""]",[],candidate_unverified,0,1
4028ea41f6ebd92799a39b45454e5840fb60ee4ccadbb0e3e645de20430662ee,1018,bma-district-1018,,entity_assignment,geographic_jurisdiction_candidate,71,"[""01365c524acde96ac5dd053851e2735a7a1bdca052ae1f15a16fc9ff09a4bc99"",""029dc9e380148980cfb765683cd6ef59a44fc4f62294fe8d2776195663e6041c"",""034c5b6a56c91c8bbb285e050df3f418dfb224d489e104cb8cfc0309887d60ea"",""08c3b0d065e4ec346ffca48eaddaeaa9f9df3700186ba504c778c55d0729f71e"",""0ac915893e7615afd52cfd4c2256e0fa585c41f3b8960582ad671d3a7b73c823"",""115b1a5c371b339cd3e84ae78eb8ef3457c4aa8825cd8ac13d67d6e8ee6d92b6"",""14ea3dbc586d36ac57653e6d4d6709693da6e5f7138fc46c67d04c58479e3706"",""165caa92ab975a080cd6e1a52d8f542b003af9addfc46da133c7e463f4fb8feb"",""269771e55f73c77e5157440c1f2f8a8a34150b76f962332e0a6dcab0216c5e52"",""274cdb3c67b8f02a6fb234c769d6962d97a19e8778ce8b30003a66468fcc5924"",""2787aff2926c0e030e9a0b1291498d6d73a03d1273b0cf0348e9b231efad2b54"",""291682156b2f3cb62f0a1507508d5f0cdf4e6afe14897641af86e7ab1cc90a92"",""299d563c6df94de6f6f703f7867b8ace0cf663d3339d67c5f90e20f970dec88b"",""39a7c522f9a201543ab9bfbc275120fa76847884112ef3ca9304236e301c62c3"",""443b72630f5b0d113679d5d7869825e6125a8c5a77a98902aa585dd53ac6b6e4"",""4b68258e79c092d944f10afcb4c2d09d1187c7d26e6a4ea64139d5464dbc9355"",""4c1a3e7557f1a61467c35eb805d8f2baa176b0130c5e1b6ab8153334be169bde"",""4e58d521c518612c4edd7c1a433e3c7827cc63c41480594caf2518e4b41a05b1"",""5bbca40b2a4d79a43bda28c5816efa6f4f99a582a288886b08006ac31fbe2319"",""5c0f8deb1c96c88f139af49b7b4af9d1aaced2c7f2f7060acf168faff74c53d4"",""5d9f2ceb83f0ea73cebed3f17d3f7a99112c37339856a2dd50dc0ee32644ddc1"",""5dcac7287316bfca2564c354c95fac31bfa9aff3782868c1a16c891c57bf89e2"",""5e9f676a6d057852dfd38749fd7777e64b32732dff8582db73f9bdea604a28d4"",""612ac3df17077e5df8266cb601fcbc94e8421518de667675ea13de66d8e12dcb"",""6428bebefa692a59f943b21440d6c562a86d75face0bd34716e16c0af740bedc"",""655f8fff3936e9ff84a6041d39f0c97c0727d125344b7f7aaea860c8387d0c3c"",""66f05020c0afb73906a20eabea90df2a616121fd44c554aff248ab32d325a96e"",""71b1ca9ecacbf00c7ba2c36131f8cadca64b74d90d3bd17fe6491aedfc5b1561"",""7509dc5bfd34c9809ca4f54652f61eb729a41a96ac3c91b7df73e1f5c0281282"",""754d4dcbf695bf0a74ec77b0db84c28c4a9bd53d74269044178db3566cea8b4f"",""7603eb5828343dbca8d5b6d1427dbc3c6b5f51f91f10641a0e47543627adec83"",""7729e26f92964a9da1886bd7b84bb607755dfaf24888fa791ad66d14870c3348"",""7aab4b12c0e47a060a5580123cb96e49de4e63a16d02fa06b8976f6fc2b94202"",""7b7a0e9534e37b383373c25890980177c30877f55807540927dec575e8c8bae2"",""7bd82e5e6d4c51adc442a665f3343b9b174c6d7013f78088bd85d53224e81a7c"",""81f67cd04ff7c5ff797a71f5d2ce2391adc162c75e109c23f8acef469318b17b"",""82157b254915a1574b0bb6bc32f46cf9bb1220a08a6131a624fe1dc2056e9c1d"",""8a4f4d83a97e230bed25a59c3eecc7d970299d68f5fcbe9f8150b3abdbf2c2c6"",""90d86893c5c485927fae181466226c0f13ef54f5dd03b678f0978f39dc2e3c6f"",""94e8e43729e873bc98f699a53d1b9ffa6d19ab8c25899d5e02e56d74d2ec0463"",""97e783e9eeedf6b645a25cd94d3d236a939b55e4e91cc209f24588ee8f08b560"",""a1d35452f26254a2c8f9fe283bf72e7fb0f33e1a1929f8696a7b641a03a74120"",""a733deb868060ab1568edc0363b0b82844da398461ef99b825c0c19fc82d399d"",""a844a191788508c33e0e1614bae6ea22d5515a5868ac7fad73f909002924ba4b"",""a900510bff282b03286755fc1dcc921f7fddaba61131aa66c8eea4dca556d36d"",""aaf5e055b55b79ef448c362dbf5c695814187c08bd35ca26b8e770bea49f38af"",""ac76be5a73b082b9921f236c9ab0c2389d309462486d892fdaaaa849b0bdcb51"",""af7a441aaaa7b827a35357022d6fe69dd0347d2565fdcdf5bc508bead41ed7bf"",""b39031ce8f7716401d5918e1725c34ef6af9594271c87c764df32996add76e81"",""b772eb14c7cf948b68a828226da517ead95a1d740d7cb9f1014c1a8605d06835"",""b9c58ffdbb62cb31a229084a31ff07de322a83079bcca5de603566fc092b6ac4"",""bb9b88424790de170255b1839d15271ec920f77c9ead925134413584ffaae8d1"",""bce75938f569ec6eec80d9edbb671e6c0d2f9db58d43fbf8688fa36d9f581d01"",""bd9d93318122cf680da32d5ce7808e52b68b9738f952be3a1c5c0f2e456b0aea"",""c213d11fc74a1d7ada150fd8022e95e979d16d627d3a96b7e48584d57a73b293"",""c4f2a397232c6eae9e0b682ed64344731c8b90413d7de1edf51ccd433f3ef447"",""c533169372d91562e03f91f5c73024ec9fb6e34557032dd59741fc6d8088c901"",""ca1595f04fabc4ad9d826eb385f6422ceb7abdb3b8655dfc69486b96bf6f930f"",""ca3086810d47c53b4f16d633248b67e682c0c1fe10d05d2c103736ed2b81b046"",""d1e7162c8019eb1e2880c85eef9c06cd5da7a9b03323fa42bc305ba3ebf9a315"",""d7dc09923025f7068f2ac13089d9634ec718ae6c9876be7e089d7fff59885234"",""db35b10c0f7040736e050b5429fac553441ee60f6c4e7ea9429b0dc8f4e42d35"",""df28f4484d1eeaa1c82bbd4d7036c350e7ea1641928a33ce36caee23bcc56811"",""e2fa5baaaee58cc940be8258b963afc74b5ae37d6bdfbc405b1dbb666c0c719d"",""e3a2486d8650309c400b02aa6d6540cacccc79b9296e1f8ac34fcc91353e7d28"",""ea1306a25da31f89e2d4409b8f7fcde3e3634bacb02446b65157e7b8c9a4db4b"",""eb583afefb3aff13ef07d8aae7a18c0ba882fbe91666f3d1ff61c6741bbac130"",""ec2d4f229f275b3089f0673a7148eeb464d5b248d1c790e19f4ba2afb791c08e"",""f0a4a32c1872ba0a27050b7e05e05096f36bc6987ecfd241b707c6ef91881c80"",""f9fd7fc5ed988491802384f197e20f3a6224e202defa21dd749d2f78f30229d2"",""fab2ea166db11651cd125034549db326c1575c1d9f881feea3e7e2be58fac468""]",[],candidate_unverified,0,1
72376e9111770f58365708f9ea2753684ad1301f69dfefc49e4b116e62cd236c,1018,bma-district-1018,,entity_assignment,primary_response_candidate,2,"[""773f6d55bc5c23fdd9aa8fd9240dbf04c1293f5a2f0de2dad2f5304fdf206a1a"",""c2ce78725aea20c75cc3396a8d342901ad8bca57a39b60f42cb3b414f37d99eb""]",[],candidate_unverified,0,1
32879caefdc154524f709b00aa99fa95eac09695b225754b65af704c9f2047b4,1019,bma-dds,,entity_assignment,asset_owner_candidate,7,"[""0344d5217d8c0703a1f1eed28081f2a58245560e36015fee3d6a8fd2c6f3b2d8"",""03c6184c4c83a7171ac65bb93161d8742123f9d989dd10367b3de7ccbb750b15"",""216b7a78fdc9363f00d1e15d5cd095d5afb2db3d2cf0b5a76d2b2cbef30db7b8"",""80daea358477bc28c3b1b5b5185ee29bb7cf81743aa8f5dcb97a0593fd1d2850"",""96bd419f04f3e0a2965259a8e155224b94709485b2f029a1db8ac2f2ab0af9e3"",""c245229f881728853fe543ba1a6094e47cad94398ca76f67abeeadbc238bd236"",""cb1861efd36932eb69cdbe42c3b0c34b0eb0d9d21cd5c65eb325087323b65d57""]",[],candidate_unverified,0,1
01bdaa83386ac96ab7e1e79551bed93d3a58ba26e4b539dc913a9a5fcb872c0f,1019,bma-dds,,entity_assignment,data_custodian,10,"[""1cddafb20114fc8afe9dc7f7ebfeb681eb684a955610e38614880b03171a60b7"",""21e111fad025bb4327936c9d3240b6a677058a5a9903f331bc29ed12d9af6cbe"",""252681d364a0d41b96b63f67e0e82a7b87f2f5c3036898629a02dfebf6dce632"",""4e7431a7f5ed83eb04e02fa77634f5eea078f454933923460c366ccd4f68bd5b"",""6167ba6d7aa2aa46bcc729fa59bd34457b055c9ad8cbb15c7ace7492020156a4"",""689d6e5740f25e3defa34367ff6e997b5c944d3a5d5dfdf1cd719fe9469c6ad8"",""819234f7fbf11002da7579479aebc34a68eb7b40d8a7af62b1b5ac9cc3fe867f"",""a52396464bebd2f692734c3ff3de40789b16c166d1b4fb1b148de7e513840c34"",""c2385e75a2d6de010911de1e012ac0c4121dc40167bbdfb4aaf0a15bc7baa834"",""e0fc91c93083b2c42201380bbbe180b31a96ad47d443dfaed609596ac96aa3a5""]",[],candidate_unverified,0,1
1498cfacd8f832a70f80c2b93e7372fc5c1548ea5bb5e4f783a74601e6de04c4,1019,bma-dds,,entity_assignment,primary_response_candidate,4,"[""032c5fac1325f4483ed10c76705e4a25414caa87092210c90eadfdf1138e0e42"",""13cb2ac7dea6b7c34dfe466138e4ead1ffd61590768870659ff863248e64b4da"",""432354ec18e0271fccae54a83df8452142c83863adef18c0f65deda68e74b568"",""661103addcde9b5a20b24858442851eb5cfe1c8a0801202a78f2914c92f9a993""]",[],candidate_unverified,0,1
b4bb53c9aab9c8ee504a5dcee22f69e1620f53b8d860302eec723d2721ece691,1019,bma-dds,,entity_assignment,support_response_candidate,3,"[""5d637d06cc91733c4e50d4ac0f6077c921891c4df0e76c618d25731a4ec37bb5"",""a598b84aa63fc9a83fbcd0d52887849f729af82c84963db6fefedf8cb30f152c"",""ae3eebfae049bd99527b818a9b50449a6b6b4bceab081d44bc9815cd653e05c6""]",[],candidate_unverified,0,1
dfeb66da94bd6af535744a0b826a626c3677cc37414c91a11d90b04cb1c81117,1019,bma-dds-canal-development-2,canal_infrastructure,incident_capability,canal_development_candidate,1,"[""1362618f2dbc73dd07d9a56e674d7a609bcb2bfcda9386c72285359b5ac1c817""]","[""dds-canal-division-duties""]",official_reference_unverified,0,1
d4e3b0601ec2bd8dd7130ab1a21ad79613c55dd7dcaba3643217cd2a29cb5301,1019,bma-dds-canal-development-2,canal_obstruction,incident_capability,canal_development_candidate,1,"[""1ad093ecb5fe6b6c0ac507803de83c7403d30b8023ce1e02d99f7585150ccd28""]","[""dds-canal-division-duties""]",official_reference_unverified,0,1
78245fc7761b7c1512163c633570070d4aa7b6c6c14852873075672e26535fdc,1019,bma-dds-canal-development-2,canal_overflow,incident_capability,canal_development_candidate,1,"[""4fd172a4ea9f839cfc8233cab385ab904d807060b704df1ab3cc515a37a9ef80""]","[""dds-canal-division-duties""]",official_reference_unverified,0,1
c296d313fd772040cf9c08dc5ab7bb40cd10f3edf6f87b18197e95b0e8432289,1019,bma-dds-canal-development-2,,service_area,canal_development_candidate,1,"[""b24d92495bcd4e36c77d7a1db29c5a2c98db58f2539ba4852b4af9c0f35d3695""]",[],official_reference_unverified,0,1
d076515ef2e66ef2161d5f5b464c365490f44ee5e559d175e382b4564d085358,1019,bma-dds-pipe-maintenance-2,main_road_pipe_blockage,incident_capability,main_pipe_maintenance_candidate,1,"[""5c32c5df11e87ad0ea3db7a0f6973b0df3b6ee56b2fa43c667b088400d0a0bc1""]","[""dds-pipe-division-duties""]",official_reference_unverified,0,1
36dfd3cf73b8d168b95829f7f2211eeff98169c5a563db9de96a4a477baea41e,1019,bma-dds-pipe-maintenance-2,road_flooding_main_system,incident_capability,main_pipe_maintenance_candidate,1,"[""0c67c8bd675b27b28e6fd10cbff6ea131adc3d25b528f6b5a14f6e505bdf6c6d""]","[""dds-pipe-division-duties""]",official_reference_unverified,0,1
2db9e27982cf9f435e117a7e2a66aa38e359f40d8e77ceefb0728f11d5cff640,1019,bma-dds-pipe-maintenance-2,sump_failure,incident_capability,main_pipe_maintenance_candidate,1,"[""5d4f94e0464554d0d9567b86d33e928f4d0fe132646101f197972d89a94f8a99""]","[""dds-pipe-division-duties""]",official_reference_unverified,0,1
a4b4012fd19a3f4d7db5f80272a67297213ae4f32ff4c7c0c16613417889f126,1019,bma-dds-pipe-maintenance-2,,service_area,main_pipe_maintenance_candidate,1,"[""ef7dbb16d64014cd30a60a51902ede0a0a0738d99ca2c00fbfd7089676c576e0""]",[],official_reference_unverified,0,1
2e98065063165abfb836f440883b266a5e70f2246adbac96607482320bc61bc1,1019,bma-dds-water-control,,entity_assignment,asset_owner_candidate,8,"[""20e1f0aab1607226c87116d734cf418b2bdd3d913e0f8a5da78d31aa11ea8a53"",""29408baeb32e4d3dc869f80775bf938e1217847ac5d202e0f722aa58d0c51708"",""523d7daeef6e34dccd79eb047b010f31e00e5279f4c7d5951f7ae65ab6c8a166"",""5271789cb270e8b60e1b045cf410150ead25124d1aae735dec4b9b03e7cfb891"",""6daa3280efa1eba9465f31b16cb7d07253e269099bc77d5c2fe2fbd5a598f2f3"",""a1cb9aa5608e6043c3c637420cc43380d9f0691a925d30a44e59f017879fc36f"",""b476bad4d0734a7564082c1ac61fc76e936415c05df5c10fe293962d4957fe15"",""f3d1125f43d7c5f50c9b44c4f11ad0a5095b163cd4008f1c100b4e6a1e316a22""]",[],candidate_unverified,0,1
b0cef086133cc8215d446aad91f61876a71a235fdf26ec14c739fa3568d41526,1019,bma-district-1019,,entity_assignment,asset_owner_candidate,104,"[""05962ee267cbe7b59ab0d0ff870b5abc2b19ae62b56e430af6949e3d4ad43c8b"",""0a08677238c4c9c6bfc9c53f6e5186b10b94ee61e336f8e0279d38aa5c21e7b1"",""0afbb4d3c2bddafdce895f0b658aee15c99be185f72c07bdc806fee6ebe1eaec"",""0b758b0fa1bdde2f974defcb1dcfa2170d06c2d0d0f835db3d8d0c927677a65e"",""0d3a9ec540a68b97b4e79e67bfdd505a400c316bf7eb2305475db2cd1ff013e4"",""0daca06741320f2f66f1f578a1743a45785606c8b185647d018b1fb186f49018"",""0dce627b3ac016ec24f3cb992536173e95cc5ab061e7c8a8a22125c17f4aa45b"",""0f3a00155f72de2a40052a593affc7565deee97b31d44ba267245a83fb4a0e1e"",""126451e900b94cbf19af5e6cd5e6d1756b74871857fea7b38342b8bfa9c98cde"",""13f9623d7d7d91c62e77280fd9d0d1db272098dc55366ee625e5bd361aeebe42"",""14767e36cc531a75f28efcf813dfa0e2ef3f069196b00d61685c9db9c8e124de"",""175b431ce90ccdc1f39808161cad5a394d6e3c900c7e382a88c30798b381c355"",""19a37c1a53742009d6ccf7b5e55a29a0d2dacc33c2f62342950b958dfa8e2179"",""1a1df4b05f81aa0520cea85db1420d6ca194fb510896c0000af987924c1df499"",""1a94fd4ffa9d045ef3007f5f07253d0c94cdb7cad175c8c86855ddf837e22835"",""1bef6f3206d1e987a924142d7eebb27d54f55ef4c40f03cf4b6e96bd655609ad"",""1d3be1d784e7e9d82ec1ffd7eca3452e408747b50524b0001c4793398a6270be"",""1e4b046220cfde52b09b4fa40559f4e0de2d4ec2ca13d16e5b10286275446368"",""200dc26d31e035e372b9e42f36636bfe6d9c032aefbea36bc24d1ee71d7e4f61"",""21229c2bc8e776a4bb86fdfa8dd38506ca303ce2fd2ba5bfb566ff6191e1239e"",""25834903b7f3a395e1c18fd78075512ffa258397c111279a1d4a1e9969398b3f"",""285dcc3d8fec7d82b5a3da9cd6b50df2ca52e9d86806961026fe22a1224b5019"",""2b10223b811b134ff02278f359cf5a0eff530293968a2144329c046d410ab227"",""2d997e2d7b3b56ced003d1d637ae9dbd0b46e47cf24404dc81d0760e724a95d0"",""2ecab4b483170b6f9c200b11ccabe9d3ddb563c637d3da5fd2a3892569fd6af0"",""34951d7ee1c51815bc06beef77292e698824b6ed7775b4f16cb5108b1d0f6013"",""38dc5921436e7ef519f22d2dc3d0dde524f345fde9977ff3daa8c03208921cff"",""393531163db1200266323144cb768d5216ece8ed71baa32e900406ed64041f9a"",""3b293c65bdaff9c00411661df845f926503435fbdac67c80d7e7be2eb5389408"",""3c508e5adc618343b0a4dbb9dbdbc0df97b923b11f4b38213ebe8b8fe38a86d9"",""3cc5512fa8c068ba5659afc00b09fc5707bd81dc3b4c26d0459e8ae83ed07e52"",""3cc7999ac60cbbe6d4e25a451c79b4f6b4c7438d9ad586f4bf5a8ef3e850103f"",""3f32ea49cc06970bbac6d63f29b7e380f227d67a1bebdbcce0858b474cd1b973"",""413714b4272132fcde14c8d612ae61fe6cb8162f624336c60e985923bef73646"",""474e9077911146f88bde94b07b2baa40d7a01e1f56fe9a85697f080ab0b154c4"",""4b6474eb4b058bcba24905212b90a07ed9afc33884fa5f69df9bbd20e4ee4d28"",""4c5ba3e57665b599057ea9c8dd3d6aa2a51a69d158964d0c58510adaeb7bce86"",""4ec82efe4e3f5061b643accb22d105b958c2e53dd82e947097a60843037f4f56"",""51a8d49773b2eb1d1a19aa457ab811f45a1459e5e00a00033b921bebda382e40"",""5270daf8a0231fa2f53ddb3c8b3e2124ad621cfecf98fb6658c735842f6f08b6"",""5aad31383a710f0570c876ddfe36db490a10f524ae27983b2675b5c1c16b5b26"",""5f36d93d28f3488dd9fae663f1dbd6a17575cb58acf5099dc4c9cb2c03334295"",""601ab05ee4a756f2401a28c84fc6f453711358f64a692a5b16b8d1094eec2181"",""612ab5081ab528baa3b0193f0b0d575eeae2bc191ac34095ce8aecf8e8adc70c"",""62b4ccd7a67074057a26535ee538a9642fc5c3aed1bedeeee05eceb394e4d35a"",""62ece6f519b9832dc8c4cb76d2ef18fabb4dcdc17c3766f0ab6964fc48aff236"",""6545827a9b55a2943c08500fe3451583ea1e51559a0511bad550126e83a77d53"",""66f5df34a0ac6ec684349cee58d69123bf02ec9cc6bdc280bdf454a5bb52dc38"",""6a25283e9099aaebaa5d2224e64d11a9f941db6519c51d72cdd00d7e39e81856"",""6e6eeda892734a9538c54021eabdde866eca0c9d8e0544f32139d989336ae293"",""7041b5f66a48a3315e5ed28eb62564a756ed6ab87cb97a6a18b869b54860ccb5"",""739db258bb589a98df7306aac1414e5dc0db6481f4a9476f2bbeed8d3a3564d2"",""742a20b35d845af32002f9f871b472a4074436f9ef7ca890d3a52cfc97efc57c"",""781fbacc1947feb6485e3d03a9a6507e5bd55c9a24f7d6db9f33e7a837f1bf95"",""7a985dfb38e1e9a8a111d08b271b1838d669c02dbff9b97fa29b7fc63c700ccc"",""7e22abb33d6c7c13815f620aeead658b0934703293940213ca2eb8b431b78584"",""81d02d08c30f998eba9ddfac3168d684110cd3838fd89bfe002cee716f3407d6"",""8b3ecc825360305bd7659bdd6e61ea279b2197941b23b32b97bcc5c5838497a1"",""8d3d61e09b17f464e29e3964020fc48ec12241406687ced458d7b32d700766c8"",""925365a0ff5bfb9da943c1bb969a7466965f453a0291e95268f8f52fab183e56"",""94802dfcd1e317e3884271a2e0026fe1b3c39b6bc59e21941e30921906cf9123"",""9513ad32b47dc7d3aacdfd98fe13b52913528c8b7f93687c311ac6a7707e67d8"",""9a3fb8752615b5394f54f49535b3ad4f536a32da435ae6c71012e3dc48d7b27f"",""9bc7d71708d02b58b6886f279b23a03a8c91feafb781c29fee8bcbb4ee73c02c"",""9d97c4777a95343f92d393a6577d46dc8886cb211ec763aa2a31093f76ea59b5"",""a114d5fa64c96e56ff92fadf2421af0857bd71b16eff8d50bfda2d1f43c70661"",""aa54bc69cdbad914efa21ffd4006f93073287badc0c006d43017f16247bfb7e4"",""aa55dbc1c7547a2d9cf442480ffae89bbe52ab8dccbccfe6703f85658f70b148"",""aa8ec5405293ec8fea332d375ea3d42774f7caa07ca636843deac77de9752997"",""b17b695be0f7c03f329111ca8ddb21225a85174de865fa5fc3c395f48cb77122"",""b3070d73227f415c9d946da6f10ca3e8c13dd421cdf3762e4bc8460b322601d4"",""b68a152f5477e3dbbe6948d312c2b1e03638f84558440f996e1cc583bf8809db"",""b91d4b7ff20ad6bad258ab737fadcaf9ab5677f37e36140f9a6a0c051a8135ab"",""b952590957f9a9228dc98346cf4da62424024d7fdbfe608c47df83de2c8bb94f"",""bcd699d8ddb1e176a3f95a8259dfabe820c500698f841a3942d8380650e45077"",""bec77fd7023559e92d88c4a18f268412a24cdd60e332ee152b4c3c5029561221"",""bffed04390690372daddda561bdd54ee5697dd021fa8ae4cf0c3aa8d6be99081"",""c17de5d69db4d30ab330c6dbc26e586f25c4ac4cf2d4e6eca32155ec264c84a6"",""c333baa7cedca0bbbdef071eaf5053b7bedb98c170e33ce0f6d6fd8a4bde4750"",""c5a9003556f54c807db6d57613c3255d19d5bfb33f997ebf9b20ed75dcbaad13"",""c5dc25145039a0d6c03c2feefd6c7f91b994935422281dfd297eb45fa4e4867c"",""c92c39e5ec550202059e119909bcca14142d449fb8b4b1520dc23e775c7c52a9"",""c95a8c7e61449eca398f802f0ee7e23901d5d5aba5ab726dd39a837b11c27a29"",""cf9495f68f8019872c73318119748abb36b534d3ecf88b5ff8030ca911323aca"",""d6e767c6e7240dabed32e1049cf678954dcbaf6c52fc0c549813ef951881346f"",""d704ad2e3015132ff0c9bf95110ceb86ae00fbacc9289ca26ca7f672a87ec578"",""d7692c11d2f3bcfe6ed9c4d057fb89cb2b05f969e0b43bd6a94f66a1140fe5dd"",""d949b532393fe57691ce85e054dd579b115ed48ea846f70adfa108e99c7359f7"",""da540ecf666b75c25ffce81396337b59b980fde6e53e1b582e15c6ee65bc9c5f"",""db2e2471aca7c13a121afbd95d52300b35619d09e7d2abf5fb871394a54efac6"",""dc5851476e7a615bb03c9c6315f95d492f97db71e6798d03a45b394f8781c5d0"",""e80d0f5e363ae3f614049ca5730e7e10c1eb7366605962fd7468c52f0bd0d289"",""ed523d3cce3171776aa4775c2ab101cafe75e507d3701dc473ede13c7326d378"",""ed95d06f1600bc909157fb45c0a82db5cea62fa827df73c98d665513b838ba28"",""f40a4c6983f8706fdeaefd7dfaca140fa6acb86918fec2948a880ffb55349f56"",""f4d1d5769dea84dc9ea61167c41321ad830b782c06962d46f768d142c54d3ad6"",""f4d3bc7ed9dd0792ee439caef7b81b006ca82b30cf73e62d57df111ccc60f81f"",""f72770d444af184423e5d4ff5bf5efceddcacf70db9f7425b0b4888e76ecae18"",""f894f5899a3f10aa3e54dc47a37e1cd7d8b0406b0efacd803c614cff5614457e"",""f92a40b903cc3d73b78b9aafad9015e4e814ef3bcb3a8a90cabe9de723b1b289"",""fc80652d024918504e1d3176411f7a090cc94f07588a3938d8c5611ef2cb02c7"",""fcc910d286797d4e4623f2429018788640f9f6bd7b29d64347e0a92ad970bade"",""fda021cbced3b06ed9d533bc783e105e19985c42bd5a2072c14238d53ee02e72"",""fdf6450a90e41ff5a274e07b2cfd962e7782888b20475bdca7ccabb181572bdc""]",[],candidate_unverified,0,1
20ca759649a7c5baff4e996e582fb04b682682e4c7220e1d4d97491325a38661,1019,bma-district-1019,,entity_assignment,geographic_jurisdiction_candidate,168,"[""01805fe3bc33e441c13da48d570a138e72906396ab2166e6f72678d494247142"",""01e4cfff6344013c6a767663cd243b6a1e19baf6cca634bb6547a8810431cbff"",""0373ec29aae3092c12fceb762290b70a9c9039eb5ac2554a8cb644a75b739047"",""0396cd981d9fc49c62580961550c0bd390362c830494ae9dc9ba857d9d4f60d1"",""03ff95247de72512b2efac267fdb2b76144c51249f656bc8a2cea5466999622a"",""04922abd49ee28eaa2400faa119c7339681718fc3b21860c8450b230e1c17bff"",""0741308ebb564966f049442b099a6aa55e849107751632b87e4ce35d24cf9f75"",""09010283f983ed433df72e5f509e4f2a2ad433a8fc88412d38a8fc4d0794acaa"",""090327b6389fb98fab9caed768c34bf989b18a921a4ad953de171d2fe6bb1f3b"",""096ccc5ec4b2749c1709a1f91ff8e4ce88b5666207dedfe1d32789a08b507a67"",""0c75cd6d1a03ec5ff527883819a709fc9dc4838edcbae90c59e0931a9bc90133"",""0cbea04516009c81e3464f297732e5d3600d35a1f40fa89eac4fb8484ebf1ac3"",""0d7d3d8e8b94ed5a893871f68a180e19fad259dd1c8f95aa3fc25854bd62c850"",""0ea6dcd8b4ebc519105e5e849297f137161fd2f9266ddaff262b1a82c1ea3d78"",""11201d99a7c00b35d8bf4a379855913252dec923b528a7671780551b7255bcbd"",""16d03c2fee78854df58a0aeda7a8632b292964e0d092a6b6378a38a84d919fdc"",""19531907acc94b7aa7451cc1d0993fd5df64931eabccb5de5e255ab676a66d71"",""1dbfa143c25f2d7166d4f0cf9b75bd9cc3321d9caf728468a6e69cf15937fee0"",""1e29d5857b4b688a11fc924421c2ed8af973795902e07fcea56e5fb6ee7c382e"",""227961762f0bb5421b19e748b0772c5f8b8eecc60ede29bf366b24eefb5f9708"",""2541839b8d698830b79f7d4dd23a57445b99990e927581c562b6d5d22441ad78"",""26d6708124c17313f98c1c8105ce213c576b9aa651077cb070ccff49c8e141f2"",""26f605df7e954eadf3deb6582c243746cfdd40c439b943185fd8e141c4ad7e16"",""288cd425dad59fcbd9f0b68259b0c459d67234f3f7673b3bddf39d3221b4fd0f"",""29896e83b593ea14faf45e0edf4d0d82c91f8ed7125c74346307997b7e0f9d69"",""29d5a789d9d976ac8c23c52b02e1c4bd73ba99644d8baf385f226d5410e9473f"",""29e6c58aebc7f8e55a2b4b4f68aa1beda0d92c0c998eac23c02fd374d2560aec"",""2ca51485f2efb5e646e822a0731f7f6c2624b2bf72b592e2c0261743c2669dd1"",""2d3a3696c1a16ca13a827c778883ebc2e00bae17f650d6648994c9fdc792fcd3"",""2d9bf56d95f0bb860c877b554b2e806ebc07d69ff9c2228121bbf165bccf447a"",""2fdac7a8acc29ba118a1c0778f4c1190d5d7aef0692dd1a317a9f411cca32456"",""343e1ee221e674bfed83c35c7aec98e1c5ca95f29f09300d15f84229ccf4c5ef"",""348df438eb132548c2600c5615f8c9a6b92256d5a80e48c63f7c20a91301d2f5"",""34b817721bb02be5668d5fb20632473edb537f943e341b42ebeac8a5a5feb2e6"",""3537e838cc3ecb8dbd8131d930a66374a68a211aae4c901bc728d1a75c50b033"",""3574ff9485ec0ba2a1e0c0fedd59ca2230aea999a73db989d5b24020e7a73e79"",""37c37be7a560a7f434960c909267e3068b86f2c6b93aa6c3d1f5c0864a32e88f"",""38c4e79e029621930e06768c6358b60e81d35a0b5633588fb5ffd4309f2e5b3a"",""39c099043eac3d749336ac4be8ccc786566ccf949ebd9f91c78b23002ee16254"",""3c2a5ef809a358eba0e154dbb018c9b4cc5b0eb330aa9259bc08f73ec0a23319"",""3c395210c52fa1b366dd0c1629edac8f4f12b15f7188acb952ea020a4ee85ab6"",""3db937d545b8314814e1393d487447e9f527e97fa48757cdfba2b37a8bc1512c"",""3dbac4836f6e742e0c01be4757955299ec46c7d3751116d499d6171fc6c4d165"",""3e9fc750a4eda67f78627954e2fdfd31207f0f398a7bcbe8bc1b6028f7a1158d"",""3eb5053d6ee54402ea0157699ce4f98af4dcb179401e3d6ac5a075999e5b4480"",""40d1256869ab55b04fdbb0cca29f0cb7d4039173670718ce9a140f64fb510e70"",""419c42e8e7874283fe7f64b7837368483c6ef929e642176021a00cc58a7fa4de"",""466f6697dd9932797fc256174077c895163be31f763b2e492837d9da52b1f019"",""46c452bea9594d2a8144d8a484e9b3739630679f057cae195c4740c2586c03c8"",""470be69fc2b836657aa36be10bf4c5eec94437ff84090d3fb855ae8ce715701b"",""4b6754c8a7c4098eedbb6ca91b610f2095f63a6389a11030ff28c5660a48900d"",""4e47ccc0fea4b248fd389fb971e17abe6082a41f3f128b1871b9efa013fc28ee"",""4f0ceb6a8df53441c0223c575bb4bba8e20e6bd398715fd024ccf3033889a1cd"",""4f2f7a38e4572c48fabaa7d3ac7cdfa6fe367dfc5e8f4c769b41b819d2ba155e"",""50432c4627d7ebdc3ce6474afcc1797f64c95858eaabc87d8d9a256728324b28"",""5090eb86d2bdb4e55618c0cc976c19eaca889f52630406b88e8a02e63bf4ef4c"",""5130ed2dbdf4d8647a6203f15f23d2dcbf78778ddc3c44b4fcbc043a115a9fee"",""532c843b66b0c66e8d09442bd869459f6286bbaaa7706e7f272644013f01fd7c"",""568d28906f9e5b77addad665a9d542d4cdcb47991c38e98df642ff0132568909"",""5819874ddfc44233cd7e8ff881cd65b96c856c643a7fa2e01bf8c9d096600d31"",""5873f20b8ca86cdea0a2bde0ebf8aa29e6daeff91308dcdf8895f11a05271e1e"",""596a9a587081152e2da984547ab19898a78cda303f4d2fee445f23ee4718bdc3"",""59f07a0df5bcf97eb6342c3e280848464edd88efc0f41d4b0c8e7ad0a1d8d494"",""5b3285ecf2b614a9f4093a709bb793c78f17573874de9207a717cc705cbd2282"",""5c8538fdc64048e55a79ec9b8285650db6c45dc09ef098280ae6f2900af6a17a"",""5c859043bae5c271f8341371a383d741ab8979ac32676327bcbd17fe17a612e2"",""623ea83275b6db5ca1e2742c914b7c895282d88e2e42cc99f84aee514bd629c3"",""62e51c1e4ffb427d04d4018b83b0df89ddd81cc1e29d82136a4d81ee96150c0f"",""649cf1b6139724ddb8e46013d174f0fc692e8596dcf919ed3571e217944306f9"",""64b0d429a39d3919ceb56a92963d4a18438111dfe6972f6454968aa34a41f85f"",""65aa0ed556c5ca2c6b57bc6ec7ef80384771920585237b30a4d56d4a20b64f00"",""66862ce5953cceb84f4d2fc3447c16c3b46b0ca0ad03052a4bc2994e5b0990c6"",""6857048c197c6cf534686e4dc0f1895f61cfa4897fddb4c8ba1f17c4febf7c88"",""6932339bae625927b6e8e79a6f6130b693ae04efb3b9858a2036f729f78a86dc"",""69b94444ac858154cb0d02f4c495e687e873d07ba49239aa3cc8418cc47ed0db"",""6a89aa452bb85d95fe313e937434ed21952c79bf13dc4643a2d329c030d25bd4"",""6b656060cefd608e352819c2902cb2b207ffe9947dd981ee13c5084e06c8984d"",""6e7f899570d1bc204eeb3e2d3c4ae24cb53954bc540f10c2c45f988680aa4be5"",""707c8f244b395d23a31ad9ce93a225bc68ada94932509a3984280257a44f53c8"",""732609dba58cef0991f08d5ed48870dfd04b7987509d5fdd799f46e72de74566"",""7590594cbb3d184e0cdbb45a1ff73f674d8137d8a705110c7f661e3e17538d5f"",""79923ec056abba7b94ddcc6b297b536cda2999622cbd2cd33975010ce1af4ca3"",""7ac13a57a84fb21a8cca20561ca81f706c0948781569a0c1f3e55e28a8b6d1eb"",""7bc411c98118dd166bcf3105816ad8c98eb3e3f0461ff06b1ca2ccab73a94959"",""7c59e9b39279434f19180655fbd61bbc188a225a673920e9d00d034c5e22f4a8"",""7e201df8b526205053654f370b18f63506df9440eceb0fdebc1f8173049323a9"",""7ea65100bb322ef4b1e6a5bbf889e3e7ccf1bb72562bc265b869b9d96dca8442"",""82d19561e9b90d370302b1b99870f1401f698418cc67d6070a18ddf5534f669c"",""84164388c8449a951c56798874ef334850ee7789f46a7c6e096def0796bb82cd"",""85b7bb99e68381ce09bb14637601c3d11c11304436d76641613ea76379f07a3a"",""87b699fc54e9e444d3ebcb59016fee39fffbc4150e6ec8ea02484f9949589754"",""893129454f183cd788ba286de430c960c569dc202948884f2d04ea2ffa820bac"",""8944fb25a8c0004c43eb6dd660f0e8beb78611e390bbdbffe26eeae2cb57bdf2"",""8a334c6d81fadd3fa7e3bdf1243fcf4ec149b838a3ef61d49d161d97fafc2f16"",""8cf9df0e52cc7b8dba77826ba68aaeb23ca09d3b0a5406420989952c1397517b"",""8d70d28706e221619a409394dae6d3d4e157ba9a0e81e3fcf1fbe8d29b79fef4"",""8debf62e3416a476bcb7c0a959b58a07cd73601a09d3d9de5b172dd492213495"",""8fe5d478558a71da57b004bb86df862149198b32cd09fd09c639ac36b09028e5"",""9467bd365254f0668931bb065b4e0cfaed02883e904080a27dfdbf56f17762d6"",""94fc01aa5901c43f60585ea259d903860bf63e6659c35c4ebb76f58d3bbb8412"",""950e4ecf5781bd4be143b1470262c6805870a2ef8fa04bf006f54a58d4fa0f02"",""978cd03f01430317aec151ddf30ed2623fd34b7f144d3815fdc5ab5dfcea5412"",""a026befef4d59e750dfa3a4d3a0af7de3e34541d06a1b94d35b04fb7875c3a7b"",""a79fc7acd75ee9a45f4ddd0615654aa0104f24bcc51c76252374ee891e118d4e"",""a89be9c89c1d549f6f21d4b7dedfff34223fe6429b923cdf09b4b1e40d389df5"",""a928391ae89768c43f0d04129e0b1e31d44287755adb510dc0ea6f8baa7c5d30"",""ac25573483e6227062c6297b2382915d7a887d16ac2555516ad9db43f4a8dc2b"",""acc3a0976ae9a218ad38f0973a23339531047900ce8af77a1e3c56806178b508"",""ae3985fae2de3e299aa9c901aa93fa0d391d0041726875fe4f220532c90eb989"",""aefd2175d529d505523ee7a166499e0e77778d9869a5472a4b0f1111d0dfdb8e"",""b0af30f01e751d5b8753383f71896a77e42e134d6e8d6c85c47653d774c59414"",""b0dbc8747950a97d732aff98a9feb5ec53182a7b860351e3bd1cbddfe1c85d51"",""b11cd73841ec9d868827953185ecc1e46a77542b1ac3e41dbbf5e42dbb41f403"",""b19eff8ee99a2fc48b821da50a3e4d78c059344b6911c04b8fed272957072259"",""b1a5cfd8d840342853b5f25ac2ea92e93c663fa863d7bb92cfdbf82f00f54ed3"",""b533faa25a142536edfc05a969a75029f1f9a2eb54f6368372db48da374a5e62"",""b552e8c48c939a8cee56ca730a094338a2d63e876967f3d3a57e735ddd329548"",""b6ee88e2cede519762b758af4de691ab1ce36341b329de8953bc2d38f3c02101"",""b761e0683353125a05d58a5cf5ef49edc2546feb9e8c329acbf357ba0dc98a2a"",""b7864b7417bdeb8756f7404a33ba956ac831017e29c02155740f2df201419f99"",""b8e57f3614031cb28233d27e66c43ccfc1e3729eb5e4dd5723e7a3a6a91fb44a"",""b9a56c04b24dd09171cd151a2b17399f02c9642bf4e16d9fd036a392a982f6d2"",""ba29cd39d7c5e1c73acb2be348fb89a36375b191a06fcc8fd7f69ec07ec59494"",""bb7d231f1490a9c1184b0b52c161cc6898d9e2e67edbd77e0b2d884fc7612db7"",""bceab08ef8f596455cb00111f552638b72e8a3f8d44750da82e2316003308494"",""bdcb3717474bf4ec8bd77b7da08407047703e253b03f31bb53b9c82d2ae51eaf"",""c0bb072171eeea7992c262647180fb2119d33e83505ec789b1f24078ba29b55a"",""c1017ddee6c97fc8db60699f57dfe9e6eb03a15a1012eeb0239cca9625b84d9a"",""c25dba95aa9a2e4a6a0b96ad86c4351d790e7b0c9d52aa9282d80d9a112afd60"",""c53840337ae6b892eece26020d72a24c61e21f4326ee1deb61969971017c4489"",""c57368015d38ffc0da4c9bbe1dca55f0cd7ae0dacdee62e5c1393029e5d31c37"",""c8fb91b08b51611bf7bdaa914e34b19ea7a1262c580011a35342674eecb8d882"",""c92af41452f3658a8a8844b187c8b5bceaf908249cb7b271f347c2f4ce9b0d56"",""cb996f866368edc579b0f021216996ff49471cec60c29c1fa58d6ba2ed449cf7"",""ccbd6a74ada14ebf4ee37fa06c02f94089767b3f0a9ba8d475cadb318b87c113"",""ce471781a510a1dc0daa02c738c35db2585763f460c8bb0fb727f32298d5fa32"",""cf6d64cce999f9df40d53e99a06a982166aa73eca955f8312e44d6a853af23d6"",""cfca4590fa199435821e2e928fae5d7a4a87d854032d6653648efaad553f2f98"",""d305c19cf76ecad9d710ff25604ceef975d2bdb7aead2164f5a40dc749ccd592"",""d90256cb7fb3d51e6bbff3f3e0d53c2903d4a36bee0bfbff7219b66f0bbcee4b"",""da4e831ab88ec31f2a37860972a9caa285f4fc4b957d285405d32561be40b373"",""dc4919bf11d3208bb1fda43dbb1a68bb3bc9f8e3b394cddeacd76b7d5dd8b682"",""dcdd107ecc32d39e810e9afde6957cdfa9a4d3881d78c7fa6fda75752c1ebbf4"",""e1490f10457773e7509d4ec0e7c109f909fc1ed95ab2ca9af41cf89dc2e4e3e6"",""e2162164a9dfbd9de32b0646def0be4114fced6a17eb68962e6b9026509098e9"",""e27737afe63f5568f6c3f83aee68029fd08dc191acef4e30e2f1020adaba88d7"",""e3399aee7843de7269c3c63644fbb20ffd9253e958ca88bcdc5c93d65185635c"",""e512893717d2c61d5e6a0403adccd9e77f45f95528d611e26c6e3b222913d8c4"",""eb04daac2730bcfb2a532b33dd5cf8cc08e921890cdd77149bd65ec91ccc09e0"",""eb0f47d058968696a10e08bc4f1fc988eab08d2debc5960962092ed767d18dd4"",""eccc5e32a939a33e1703c3346d17faa9c3ac474e843becfe9d09d4b790713307"",""edac7eb9050ea6306e01d8a530bcf4d526abe7ffe15f453cf7a738c2e06d030a"",""ee1bd46bbea5d1788025739d3d73600729cb8e34200bcfe01be718b13c4a10b9"",""ef8b4f86a3da54f7a59357a161635c6479b5800ab4a5521ffd25c157fae3a434"",""efd67143d1bc29211d2da672edb1355f38cc8468e1358afaff4e10bb8c7fb6b5"",""f28315290818a18478e2416d6feb9d8fed56902621b55873723c1482a973072f"",""f3db8a0723eeeaf88f8d3eca68ab30b501bb910cd6ebabbd20a7fb4daf87a8b9"",""f4214fd8a6ddf1833c8364beea2d7d56b90887b735db1ddb2a547a71cda37cfd"",""f62e0f3d6159942b0f55306a9572b792e8d19cd087274d81a90a3cccec661dc8"",""f704f682f15215844e5ed11b36afef247805cdbf79cfecd31f3167c0628525b8"",""f93ea62edd1c262de8f786ab478c48847b2f87fae08315045ec43d6f24c1b6e9"",""f9d149fa57ab501af1efa5796dc11ab15f1e2cdc71558aac8b735a104875a275"",""fa845d9a58d9b4da28f9cb1ade1e3ed1bca202414805948e2fabb7248eaef059"",""fad6c309ddb2e77745e6e94851a129239414166fea2589104fa4d22f753a51ee"",""fce9b0436022afd3ca28fabb605abeaf3accdd883666ba1b8a6fb855d6fcf0be"",""ff18df3f23d0a738f6ca2cc5b7ced20c73ebe501cb3de9db6503e2164a87a53b"",""ff2a978390c02c7cc882c4a8b2c787026950931b4a0e7db79626d4da0043e6ba"",""ffa8099c09afa9f4dd3e7072862f0960cd4d4ddd6e6d87672421bdd9b819fd2a""]",[],candidate_unverified,0,1
50c1529aa8b464d8d80b41299912b6e5eff7f5c867ec7049301aabbaebd9e82d,1019,bma-district-1019,,entity_assignment,primary_response_candidate,3,"[""ad9b624090829054eb21c09feaca2988e5f0c9b4c678b10fa27065e03ce22df8"",""d29401c5452c739dd3c41e0e6f42a45957d226555e38540a15f999e864ce167f"",""fe07f51721f4164a2957048060d5d2e378b42bed68649ea9813fd20cf6c513a8""]",[],candidate_unverified,0,1
fadfe5ad67124eed1bf180d63a48cf65bdb6d9ed480a301c97de63fb1c270fe8,1019,bma-district-1019,,entity_assignment,support_response_candidate,4,"[""0445fce37056666660ad8c47328b591a7768eac86bcd0a969ae0d508601c9d65"",""0ca3167e2cfcf059e01b61da63c24b9eafc65749e87cde65753abdc100d9e46c"",""2da3474e2cc254ee2c50bd5cd4fb8cf559adabbdb5cc3c109d3bf155cd7dac14"",""86fa55c08800603b61402145029a4255cf0b3a56e89f9fb047868707b94fc93d""]",[],candidate_unverified,0,1
e344ce9d4fb9d88cb5b7a2f594648191654235d0675f5d620c61c69f5abd3116,1020,bma-dds,,entity_assignment,asset_owner_candidate,9,"[""17aff57a1b2d24da180ed954d0905973691a686e723b76f0ab2e4b8986e3b8de"",""18f32196fa5a4f6a21f9d38859dde167f8f4342160937aaefba1509c5cf2c4a3"",""50da6b930564f1a4305ef777290c2d211b6f86663bfe4a2304196de8be825f0d"",""6c2da41a4078b8c5671700c357e610f1dd37c468e2e51288a432c40a5db98608"",""6f7db072818ba3c2adcad3d471e7afa5723a8f96151c7491500b627578258ee0"",""96500396fc4b7a770e393f5ef52b5d9003966b4efd3e1a35a6319ff9024e17a2"",""af04a9d35442d25452a1a8d5ef8ae3b658741be468a4a596a92296e1a77d5a31"",""b3c53551498d252645003ad7d2c492b6360b475c0f67fa45d692a1dab9c3125b"",""c28b5300a4cbc4e7607c309bf9731d88ea1d198b269b91a73e5445cb13c49e62""]",[],candidate_unverified,0,1
1a05896360ae9595ae2216538d4da963fb0fcf3f355a3073bf4f2a62edb1a9bd,1020,bma-dds,,entity_assignment,data_custodian,2,"[""92f573c8e90f4a8aecf6edfbd5d2dca3991bbf1f35f91736a1dfc325cfa6a099"",""9981904cd5c18c03f4c8675aacacec06ec5a2e7090f6dbbdf98fc0a381a8e159""]",[],candidate_unverified,0,1
7e04ff59e92ec91c3ac4a28ef82d5891862d7ddbc4280aca29f7d0076967bb9b,1020,bma-dds,,entity_assignment,support_response_candidate,3,"[""65b60ddcc079887e9911aba704e99d9192b898a9bc0371ece44a562949e55ebd"",""88a7fe533a4f95b3b6136054f119d09190c36eba6fddd5eb7d91c6f5d8ac6946"",""efd57380ba7936d372067290d2936bfcf7e9a0b9b56555fe54548696f93f43b5""]",[],candidate_unverified,0,1
e6fd5aad1c56ffcaf93ea581693c3a1563c9c4c45b49763a3642e4d47712a293,1020,bma-dds-canal-development-2,canal_infrastructure,incident_capability,canal_development_candidate,1,"[""49a7027302484d18463cd22919b02c1388ee394b2242415f08f8feec41cebce9""]","[""dds-canal-division-duties""]",official_reference_unverified,0,1
b2f277963f6f1ee96eb7a18d6a5bd3e5a48ace48eb4156ed4d36892e5c538794,1020,bma-dds-canal-development-2,canal_obstruction,incident_capability,canal_development_candidate,1,"[""f61c16418faec600bb727d0603c05b430f03547079f8e932466feaecdfaf2842""]","[""dds-canal-division-duties""]",official_reference_unverified,0,1
91ba05a909cfd4e732c3ba41c05d59da74d9e24f2efacfde400d4b3765d38b1d,1020,bma-dds-canal-development-2,canal_overflow,incident_capability,canal_development_candidate,1,"[""d019b8ac9a5b78824aff8c470ab75f635c1821cc80da228073e4a085b44d0c0b""]","[""dds-canal-division-duties""]",official_reference_unverified,0,1
2f6f2898108f2a230b51db0cd790726f0b8fc745e924c0e5f6e71da5becaebbc,1020,bma-dds-canal-development-2,,service_area,canal_development_candidate,1,"[""6fa558389aa2a619f154a6253fdc96abd5474fd339248001f4ed3c1e0732e8ec""]",[],official_reference_unverified,0,1
48f2fc00dea297d52f17a1b9842abb454ee91d8a01d0f13ca8b975e37bb4ee45,1020,bma-dds-pipe-maintenance-2,main_road_pipe_blockage,incident_capability,main_pipe_maintenance_candidate,1,"[""3d3c7e0e74e5a510cbaa27e346ae12d40e5614bfc0d00ae8b94432ba34d5072b""]","[""dds-pipe-division-duties""]",official_reference_unverified,0,1
97fb2b768476812ae57e77593934f26fadf8250821c509205558548cfb801506,1020,bma-dds-pipe-maintenance-2,road_flooding_main_system,incident_capability,main_pipe_maintenance_candidate,1,"[""ce107cb43ac762cfe8deb525eb0a56a37bd3da65c314e30e3037a4f0541aa25e""]","[""dds-pipe-division-duties""]",official_reference_unverified,0,1
ea068823270bf8c3884cdb537c92661fe09049c510256581a4bb736cd3a4dfdd,1020,bma-dds-pipe-maintenance-2,sump_failure,incident_capability,main_pipe_maintenance_candidate,1,"[""bdd2e11f3adcca48ed5ee272b6f4a9511b4680691c239d67899d78e4d84819e2""]","[""dds-pipe-division-duties""]",official_reference_unverified,0,1
96f2bdee9d24bf82d4c543c2536a518b14b76f3a1b4b26eca835666dd2fda014,1020,bma-dds-pipe-maintenance-2,,service_area,main_pipe_maintenance_candidate,1,"[""87b33c5566694b991f269affcb399f73cfe736883b1e26debd62f53ddc58a5ff""]",[],official_reference_unverified,0,1
96fdda40675d6e732e346e0d965a2dba9860f1c60dd303734bccbddd29222cef,1020,bma-dds-water-control,,entity_assignment,asset_owner_candidate,33,"[""0299ca4df1d2eb145c2f8c9a9d0c35757e764c582ff4074b8a2f810732e2fec7"",""0531582409096ca18fa06cd870e61f4f78dce18a120153b7793988b8fe1012dd"",""0561d5bb383e045687faf604649a9f9a393ecf2bfaa4b70fb88cbacc33af8d75"",""0c1a65986922378636663e24b5f4ec64fee5f0e6a0e836319f0fd3ac8db48fd4"",""255e52f65e14a4a9fdff75feb7942d7ce776266c0bfd0ecb415766fb7e3015cd"",""29eb99fe702f8b47c245ec439f7b00d8dc1ceb99fe25f831b6fb170aed920342"",""2a61c59b6dc46d904582c43a81778780a93a7698618e6172a5384cc38c116333"",""35f6068d669db89aac24acfdf18302afdfdac43bcbfc00909e0910fc32f14347"",""3996861701c88967becd9688272155ec499620b43e780a3ba7a85568a71a4c38"",""3c815b22d060c972478255d171025e944f7127cd601ec77891e2896653267fec"",""4b4eca1ace7aa7c71825c53e9621e1c06dbead3ba5a527239f7272ad43934682"",""4c5b4434ea8c5a697c8016970e0cca3652d6f6fd6dbfef4ac6d613adbe1a3843"",""5b44643de8fcbd409061cef59594ec9436eadfaa292d7b9ec3f4511584d11f6a"",""5c4db6cfe55e157456862291120a6caffcc5e2af59e89e19bbe0648de8e19347"",""6b85c60d20965a2046860dfcc50232cc6f5a3ae5353f8d0dba7e86573b46a96e"",""6c5c45ff04dcb59b8da9cae3672e8703c8f5a6e66f6be690f3eaad1fef595063"",""73e1b13c9b8852b8991e17765d409caac0b040e4e155eabf197c5fabb95ba192"",""76d66997e9af75a4af80743eff334745fad4c818186020f0b40a67679c77ba71"",""7dec6d9f49545e20f9aeb3530841dbb7884f8c2ce9708bb07263799ea384bc2d"",""8860ecb9edd2ceb30fb91d74c614e62d702568af9573b4bbe3300347d8d6a715"",""89e9328602be598c4f993631fdcd8c65896f350a51e5f6f0d581bb95722a5430"",""8d7ea608e1bb9c5a12517746db9c68e497c072a1417d26d22194a0b529c62630"",""9014749fd5502a6ede63fb7ef663291732a6bf6dd641b4de58393c1116fd5aaf"",""970f4c9739c3afe0b5f241b2b62b58c43f2672e22019343407c958a55fbdc973"",""ad14aea99ce02969f43c7605a893310c0c2d5a05d895efd62a2f0e6cc83a43eb"",""b99f7ed80d057f2b3c9fc8b8ace567b2b516052d497371624081eead8a27d966"",""c2b32781f1380fe89e8452d04c642d3f0b24d1941383fe268a07fef332efbc2f"",""c2dad3f3d75400b1c9b34ead5342b31f7fea633ec4b6618b0aac6dd3e17066f9"",""c66e007b8067363776b0e699082601d79325a6a5c334dff7df213e5522944342"",""d16fdcb0e253a739289e525d9148df34c3317719cee5d4404cfcce8cb66c7ecc"",""e0604cd3f901a715769d9a75baf9af5a381de81bd711f6743f353d754efb451c"",""ea845a26c687e2890757628c4c47dbf1d55949d6dde5a8007b6561ce95ac319a"",""f7d41ca0dcaa36477018554a36e81f6dbaf193f91cd917428ebe51538a17ff01""]",[],candidate_unverified,0,1
e9b81fb8d94660c01fdecf13e170d2b77bd837fe4872cac8393ccaab66eab329,1020,bma-district-1020,,entity_assignment,asset_owner_candidate,58,"[""0469790126a71b7fcb58cc55413bd98c08aa799994887ad96568ef695e47284e"",""05e0e175a52e664c421b5a6db4425297c99ed556d502b44ed4b85a9733892c9d"",""06cb364a471d8dddc7fd736014bbf319aeaee232c1d90c1ecb4cb804e86917b6"",""0db43eed25a3f29db06fd6ab39fa35d8894c2a8ecca1830196c1110825c8933c"",""1487812ea6cff56011f2a13eda828be9aa10678851bea56c779db699fb4072ea"",""1879c22fff48380cbde3900186e554f689f8e046de74bf0ebd6c6d579036a59c"",""194e6e8bf49eeaca7c396bdffa0b4746568a34bd9ac0f92f1ac421b31b20f17a"",""1a373ee2f30cd6539a471410e123bc00e5cdb976f51930d204aa435d44696cb6"",""1dab438356ea48b0f62ba7806c21b92f412df7420e1c537adacb8ab25d1615c1"",""1db4417b60192830ef86f48992f66237fe405ff5fba25aeb823bf7cd2bf38d20"",""1df4461b4024f01d7d4b7a7cef55665632ac88f568a39bbfd6fe48f9d05990b7"",""1fd0beb2e7d2816bd61ac69e16bd3430a954046f5d85bb31cbdd8a907745e771"",""2134fd5a667b89b34c3d81a3846a37763276a3f845f398a1e5fc4b674b1f3c39"",""22889f2c8fbd115e42b268f87bffe64f04822d7ec31d39a56f3948f6284c3d4b"",""256531cd21d5f28e39f42719a2a65eefa391badc07f0853b524501e74b1082c1"",""2f66c071941d9643c57638cc6ffc86e8113177b2b247e854d17973d58d5eb84c"",""3089eb12be8a57a9af4b4dd687a473254e48c2e378f10208d58f696270400524"",""395023dbc2e2380112cba973452f906f332531a9db5dabe15cb0e2b78c67f53f"",""3af145c7915dfddb1cb0d84575a557dbac141824656c78834f29334d87ccf970"",""41f5a0ac8e29d1e69f57b984a6075a83133312438cad81be2cb9e674a4ea4aa3"",""4258a30c12f6ab7bae09178ca57dba504d7ab9d807d540607732d245ad6ea832"",""4522d341f1169492d87596e530a4100341d8b831ec9d4ae2b1d1a9ca6832e7e7"",""45f7a1f98fd4b9bbd4c43f1b4ababcad7e3d21e81799adcc63aaac3c8f7f841a"",""47ec67161afafceafcf3ae02e3140303df1917361930a285d74a0c366e88fc49"",""4ae205f5c72f690dfb84b2278b76ddc3d1a1fed1e5e8798b35699b9af83701c8"",""54ad116cfcafe91b101ef9fd43b2ad77f3831b135ebb9aebb02bd0020c25172e"",""55c5879d6165f98ee0c4e4aef15535cc09634f1b2fddca413da3247886ddd27d"",""58937ebaf998adb0ecee914070aeed7c2cf23de3537e25fccc171aea0059f44e"",""5df8b3ce24c8149530d13f09c935341f9128241ba5b188cf8d5e13186a9b4bd0"",""638011a2b53a45c124904fb54152929460a6b720bcfbd0254cb8a7f1d54a8fc5"",""6d94b91ce68b6e1d4bc016445841ebb23f729e878af56078a196388ccdd5757e"",""71853060b4d1bc81473efd58e60d50570aacf8cb78459ea4184885fc717e8554"",""75532957e64009de123ec28d93f001600d4364005b36d8f041c405950177ac92"",""757e9707a9c09d8ba96cc941bb6210df8f5299b98d459233f916f30eb461cb0e"",""7d88169ab3ef9989f2e5ff24d186cb3cd4af4f4ca8cbb1b36370e1a9c493c09e"",""91b9db2a71f182376562bbc3ed05aa3e5d2131f7decd36b831ebd67dbe61c86b"",""97c7f3fe3ebf0df02d2863b0573cf32a707fa8944bf5705688d0998df3c4e8bd"",""98af97c00dac9c08b987422bfd496a137dd31150a72f787e45043297dc221032"",""9bfed286297660777d36d947a0b7840efbeba46c5b5024abdee3330b04fcc9c5"",""9dd608184b018ea1446b17f6176ae1a231775029fcaf00a73797d9d995befd9b"",""a3f2a738031775169be23036cd4848491c881a1d5a918f62326b7c7eff85f4e8"",""b1a9e22d985dba0f499e3c2c9400a53ed744d6388bb26e29ee91066e5eca3d7b"",""ba1330630b488abd329764c617bb827bbcac521a4b09c744c3ea7a076a4f2429"",""c1323714abcd019141ad79efcf68f4f15514352bc9f81c2460bfb67754564ee6"",""c1a5ee7f08de25b64ceff9bc1c92ade9ecaac07f40cdd1917c7cd0665f972516"",""c3a9252408b19702dad4e3586098d63ec186366aee13fed0811114b81fd99a37"",""c8547dce3bc953e02485f71876e0282da45dae1e36bae3d640276354f3c66a60"",""cc6bda1c05a61f2fc430579ed6fb6764fe433718ad791ab962749edfb8d5b633"",""cf6898faf8e208a9be14e781d946383ce369e3f920d4299aaac5783064fa22f8"",""d06f7f13145f9cccc403e083361a545922a96ea7e930614031f9b87e4b68b488"",""da17bea2e15aae97ff58de2560a95df3f6c38d0c72c8c3830465859ef3c1585d"",""dd5255c90303678968e3588e17060e2a4b1252a47c8f72dadab19705c62477fb"",""e234f53ab3c473bd24ae5f1540abfda826945ca3d991f42d25e52fdf236b4d72"",""eb3dc8c00aa3d512b68bc04d4371cc31cf5e5d29adac823fb4b3be2911eac9fa"",""ebdbca7b5bccca67f05b92c829e07e8ae8fdac516e41f63e1719a8dc7ecb4033"",""f921cabff90f3f71bb599d7ed9d0e53f90edc2dbe0262e32f790e4254af62623"",""f9c0bee43453e606ca36e0068e591f4581337754aa1ba178a1bca93bf122e26c"",""fb4014e21c0921f20686bbdf7b029a75f0309fe985fa533192e352a44536b0bc""]",[],candidate_unverified,0,1
e5ecefe2920c186f23a3235335e3163f8806c803c38c504bf12453e67d1d048d,1020,bma-district-1020,,entity_assignment,geographic_jurisdiction_candidate,105,"[""00959657a9c0cf6b2a77cb15788930dff493e26c9f29fa05db5f263b5f9ba44f"",""0283e35dc63806cca1284c77d02dabd0ce5328bcbc69f74984c1562bb22af669"",""03a417081ce26a42dbbcce5f8a20f7ca0155afe2f768831516e32f647d48d367"",""05a0e82ada985f6f96c1ee81c04382c09eec7666e744b57acaada9e5d260d21e"",""061d13a078b1be7b2f8a58916c117c7e8ce6654d499378e58f5d17ec881fc48a"",""0bc34698ca70495aec4e8bb20c363c3b4efb138ccd72b657d26ff87f48fcfde9"",""119a931f6fc3b90d4ca4ad5c68e470392b61fdc54c841a2b54e92ccd1e439686"",""124ccb14fe7e82c9cd64332c6ca318867ca9f2e4bf66751110e4cd36858f3046"",""1532cc9753d7398858064dcfba1ab125d033249d9df1c1886970e4a3a3fc6c9a"",""1938f30f34d34e23b492ff26494ba71d5d5330ad4125e4b51a97114bca04f30b"",""1dd88e6ff1951f0bc5b35cbd4b350d26ab8839866cdaf04f35bd0afd3707a70c"",""1e3bd6dd7e42d4a4dfbcddba1509ea99bf7c789d8eb3b662f22de66779b57575"",""1f77febd0cf5c3ef1df307f22a2f81ad423476cf7f819f0c4a702dd6185c9be0"",""231933cb1b863dbd22148faa6a5d77cfc54344ce499b2a92f22bbdc7d3a7f526"",""246fd4965d3e36e38758a89dbf61a42d66446bbc4efdd0ebe8b198c38d5e7a28"",""26a2e098dfb88e4afd7c1b9a10235e2567f3f033d9b115804827d05f18a92c6f"",""2c670470bae7f115befb37db61113b93ed57ffbcad88c3e98e17fffbead20379"",""2cc2937af6051409e44bda9a5bb2593d3a25f061889fdd5a7b68257a4548efba"",""2fb0e18b7cc037375e5dc9038bad89a8f35a720f118139f07d0f6ce7d50ccb70"",""3060067e05d0610e33d624032dd5fa4bd302ba9d76d34aa3480d242b69f56273"",""31f5ae50dec90d5618daa2db4d58ad11448f07e46bfae707bfa617752ea46ca5"",""34530b02482f4a95973881afb8b7aa676ffaaecd5efc947e77c6d30871aeb497"",""367048d2342bde578aea6c6f698a42e1ea5f1a7a88540269b3ed8ba781cdde07"",""36cd6ef386495643227f6c512e4019c5b048eab14ab70e58269fe4addc3e2ec3"",""38ba478919573c6ec3ffc661b98738f6c91a228e6b07f9290c84c78db353518b"",""3dd0562a839d028958198b12f28d7328d26fbb809c8c437390a38f58e4e35d9b"",""3ffedbdeb37b25d251b4bc1485e1b81df05b2f68493f9ccffb7069d1d38b5475"",""40478fdcd3225e06434b716ae685e8134090a5b9aef679e4945b3fdd51351484"",""433970916a1c300cd69c48b7fd68b59fa8dc38099a486efecc403506a11020f0"",""471569028d872232a1a142337d0b97c27cc9b2b9680bb2a4f2c23becb8fbf209"",""47aa12baeb5adcf6e29c7330361d2c9ff95b19bc8c121c7c7a4663259a9ffc0d"",""4c88376ab5bfb3247c1f38b9bee7fa658e7869259fff0891016ca75f4e34f1da"",""508a9011d1ecdeee864737da1c367b6daede5598245f7b2c4f42ee6f99e071f3"",""516fe24e11ace670c2f2de37d623f8ff31238989053950d936ce144d7785efea"",""57098453baa50316ef97a61caf2f3ab8a5aa16bf229351f5435cb748885f5d8e"",""573f3aa7e6e7304980f0879c462b3993275361c99ce43955e03645c883669219"",""5841b30ecee2f52f2126793442900bb5ed9d8913506eb8bb5823f25a400eb7ad"",""5a29f96b765b846e52d3ce6bec6379120b135acccf4af95994acc7e97acf903f"",""5b703cc24ae22384c5e51bf46ddebf5c7d0d14b1cd599a1250e91d3f59938b8c"",""5ee2837239c41da5d913d1d17ca38988ef47d7c1a750a27ed5b15985e528afab"",""5ef163aa82d3f5d9714cc4e59bed69ff3905675d10b5d7a6cdb81a331bf9c450"",""608730f254e1ee7066fa7fd9e605e5c243756935bdf5d110185c11a77d43cc36"",""61892ed8890845aedb36346ca39a1cd20c74e08759408ce303c3c0d6b6855a33"",""6345802c1cf7899934d27f77c17e713465c416ca832f2f130c382eebf19d0084"",""64bfae2f0a189f51ad79d11d8f72a03157a828150dfd8005252eea10d82e5e37"",""69dba6f746b4417bc1356eb681191a363a923f144ded868611d4bc87ba2b0004"",""6c20cf71f2fa287f74d064ffefb4f5d0a0e767e866eda05968c510f67343dc96"",""6c428dabddccd11352e9bdc80af1b4d53b4854a14ace48b10922c7a0f31e4a0e"",""6d2d51332e19e308ab6175847efdca68180754d89b00989cd8b8624e2647739b"",""6ddba2c0a008075c97e7ccc6f35f592c4166e0a67a62615cf94fb568e8f88ee5"",""6ec9a780814d3a2b218bd44564cb5ea76860c947d23e1eb389645847c42e43ff"",""74c66d0794dea814c5e35c070a1896daca523473af1cc69a349ca624040b77e1"",""7520526ab2063ed6eb2240dde7409be693183bf9827718da1ede2f5970371eb8"",""758765fa248af53fdb2a75e6e56ba9ad55f15033d2c28aa906f136ea3dc8b644"",""76632c3d10f6f65bd8d260ec9f102c2255f58504b2c0fc209ffce641006777b5"",""80c1e66bd24ca97413543f9c23c35e31b3eb09bc53107b2c119efcf267ed5d68"",""8172cadb4b66c2aa2a6c4c191ceeb74317c6efe682011fa051c2e601668d24de"",""8265301436026663525156dca01967ff65a31f9177bef8922e7345879478fc24"",""86dfe79b06fdceec490c8c90cd387069ad6ef565491300e4183772572c2687e9"",""892e3f8160a3d7df1522ed90a23f50a413ba43fbf6cc45e995cf2cbe0e2c0a71"",""8e695240d7b2a8aa3af079af46866797908efa943061ad83e1fbc790af2bedb9"",""8f14a625813e694859c52cf5e1fadbb8bc5dc26bde7dfba13088198e7775cd2a"",""92b4a9f429ab1fc364534a1fe677ed3b7ef48b60849a6098118679093b48ddfe"",""93bd33a7f8517e695020e8750120d41515f3298059b8f8c8cd6e22c10ab59b49"",""96abf89cc0b2a06c984011830c84d75b5711613ecda85cbc90cea0b7f5dd78d4"",""97714c4cc067a300f182785016067357ad6b7dea54108182882d2c438d4ce99a"",""97b5bff1744cf589ce14aae0a1684f92af2d180517944e550ff23f28d7a4e967"",""986b1dda79a47fee1ab8da5f297fe6dd84756e28e6a1976424123c2be6fcb823"",""99b9f5078b6419a0c02621c3b23388849a1b867975cc3136cb39924dc2106768"",""9c04a9071034ceaaed231941846a972b6fe144e1e1709ef43ccc33692e49a5e5"",""9c3388456a7a40a48480d6028d05ccffa20bb42168b1dce55fbe5f4a5ddaed9f"",""9e9e093674448b1b0685e4466f09033a1737c4eedd4ca81609ad7b721c680302"",""a421eb91d33582bec3ce1426b6e4d5c6688c3943a38d735eadc0b8cff89a9c46"",""a51acf3459c4a1fef969ec4a6448f633b6ae80a893f1928163f6e4e613fd4617"",""a9ea7c584b15b8330acb24fe5c5925b113a9fdb97471514fb4bb4da0a437a36b"",""aa9cf6ea0b01b38bab8968ae943ea5b26a3ce729b3aa37a17c6734e839c6b904"",""aef0fd8832760f8552d82399c8bb7373baf9627818c24b1fdc16dd097e1f8bdc"",""b0ec7626de0c6433a7a82f17c5b06f717679158f50e2f053ab824b3981a57cbe"",""bd0d1267b51d205af6c0ae71c481331d9ca08dcdf0831c2c7fb3a3d70c2ec0e2"",""be8aac2a2d1d8404402aee3529716b7adf97d383e23caeeecf6e49beb3e3879b"",""c15ded6601124cbb3061b03ccf39afbe3a88f0d5c98976bcd663259a56c00308"",""c84872a57d9edbaad0cbd9f0ed01840b25837878e64031665950c3db3417506f"",""c90a97721efbf76c1ca257f562f6b197a692caa0e78262515383ebe80ce13d59"",""c96672a643fd7e35e9e2c94342db49599cac359381a799f3cd7f07011e9f5b7b"",""ca7b4c47b7c12d067dcc147cd09691e3a639b89983da31188c975e6582ac36f8"",""ce7f46fe85d3f1b8c332c78653513b0ada3e3a25ae748382c7df4b8dad6463e5"",""cf952acda01874ac9af0fd2a6b5b7c118b9cc45f7fdb5a3442651187fdcf5709"",""d02a2d61fc207d7da2854e73bcfb988eaa2a9cf18641ed06f92875f4d7e194b0"",""d1845f7de052b517301dc7d836613b02c8d41bfddbad537bc14754b164f3f415"",""d587e166d6cf0043a5a313432e1fe107907d686a5d1362c0034a9eb0fe56e1fd"",""dded150f7f31b94fb895edb8386a628a2df8b611727001fff50fd2c5363ad224"",""e10d9627fef905730fd670686c05ea578ada11d98b8c3ab3a178720693570678"",""e3100582268b3cd5bb45913f7ffd2c3997d4b61e880f036bad46161fe2429adf"",""e317b787b8ba0398481553d54c7e2069ab53375ce028d3c0095fbe2f36bd47e6"",""e3d6f9f71015862e3ec29b08bf13b87982b6867dc6b57218453b88eba21046fa"",""e4c5f01592659796d77e7da6d5a9860c798facac2bdd53d09f4e9b4bfec6762e"",""ecbc361ca039fc596389e13ef8996511e584cd1bb43b4fe29eed2684bee2925e"",""ee23b23ee950d16a8a22aa321d1efb247b45b9a1d89e47070ee20fbfff8aaf0d"",""f0020cc8c4f841cd0f6cd66b893fda8314b436dd73520909e5acbf9e06d44f5a"",""f05c4850fe0011f1a31a35438a251ee6d7f2f634a1c9c5eea9dace5e22e9cce7"",""f0ca12448c08cd657aa44837ed5cf2e8253414301a2e957850e85442303742c2"",""f2b9a5299d3140131e20820bc9a2a9a5a208d56f76c19ad60414d3d46331c4b9"",""f2d172722b7ad69058c439e50608cacb3dc164f8c462dd59d6d43dcfe425edfb"",""f5e6ff2d9fbc42bdd2c3bc9a2b02ccb7c3973b1a1a3b2766ca63cd8cae5e0a1f"",""f882f69608edff6a2289b18e964c6d5e38c4ff4557f141b5bc8f305b81e45e44""]",[],candidate_unverified,0,1
81b2cee9e131176069b77c94077252c2bc779a2d25f4ce0c10c3135c7f241ce1,1020,bma-district-1020,,entity_assignment,primary_response_candidate,3,"[""1e7713ff815e9fad95004acf622444bdac777cbff0c46083a4a524b49bb8c70d"",""34f4fc35ad1d29c8e6bc2684d9e68ce00205e2e3662bb3e63decb7fe6b1aff94"",""915b7f4959d4ea29d1cd28a44f45f8d6e0cf2d20cffd2acaf4af4ea72232d054""]",[],candidate_unverified,0,1
9b80b92faad51774eb45e1b699e868d90483a04a325d3d5d33e0eee4a7c5f664,1021,bma-dds,,entity_assignment,asset_owner_candidate,13,"[""152e154379d10ad333a97355ec9d0122e8b0e569824e51df8b267c56a469da8d"",""2f22ebace9fc679fb355b4eb3e257bcb673ab342ebdc2b95efcad318f88b3afd"",""64ca10bc8d7dd6d7cfbc13fc44a97a1500472420c4c3721066dd254d7898e5bb"",""68791021e9c4c8b9e4807e7c58e092d513ceb6d8b46c50807a4d8ba708672526"",""8de9b5e66199f68c7f2bb3d909e862197d336bc9cd2859ea24461037e968dfc7"",""96fcef6d125f2cd6252319bd306c773de4b4d7006b6d7ca34da041998e19c1fe"",""b5f15393a3b28aed56fa3eab3652c80fd62391f93cd611d7292bde68e214735e"",""c0fbd3d7ab2db67151568f1944992fb96794b60290eda2d25933249b8490550f"",""c85861d6a475c10e05bdc700b2eb5443ef6f5be60c3089e90142ecb088c08038"",""cee531ced90d2d5187483d5730d4a6494ad67fd053deb77de3c034aac19b4981"",""d11d8596c01d566015ee428dbc9fa02b84b09534071d4ce846ac0ea08e1d460f"",""d66afbd1b8b2f9cd6edb02e0f86d99affe5771ae133a10b6caef1a2056d0d0d4"",""fdb57e6187015d4095c32684bd5a50eb3860183bd2b5d512ee4f356df31f87e0""]",[],candidate_unverified,0,1
1026957400c9c67f6dff622c022b8d4c1f15bab4d9e3266c8e06b3f520ce99d1,1021,bma-dds,,entity_assignment,data_custodian,9,"[""0b714cefa873a5d58a65232badc9f52f7dff656f5147061ed57a74b8f21ab857"",""0e4a3d625e0eb43d8e925f682fa929227b5cefdf565cc5eaa27f0f8dd7c3bf7a"",""170b69f24087f63da0e7e172766839066b6a3c14b888061a60b2b6214b8f0db1"",""4f733b6a768d4971642bccc4ecd218c7c937b23c119288bfcb8a3f84b824e344"",""abf1cde62db89701e9c861f2533d6d2106775e6cced2fc14191b60adf802d02d"",""afee653bbba5d8c8ffeaa2c55984b8c70d249301d894cdc3b66a51d4ca74f457"",""dd758d54d59ce16ba3ace903d5e75e9495fb1a2f57ab1e6538842000a178bac0"",""e0816162cc323a42ea78dc22ae5244eb612fd092b99582759af4934cb5b2b48e"",""ff13ac4abdd88f156f8022ddb484939e18829beef2e9eb9e842c424be51efd6a""]",[],candidate_unverified,0,1
ed48f71e30f6f654fdcc21abd643cf601c62051b08f38972a51629c201ff1879,1021,bma-dds,,entity_assignment,primary_response_candidate,4,"[""2a1531ff8f6449546eeb2b0b7ba198c013e7d81dd9542dde8d20c233abb11b34"",""3470e42efa05d5b3901f5b4f70fb831f5c84e7f1f6a4ff5758397acd432ef420"",""be6e08326791712021bf4252b24753994d8282e2c8d5d7bffa8a0d7e83cb5646"",""ee41948cdc1401f4d639f3a122d72f1afe663929e9de5432d79e8a60f83c3ce1""]",[],candidate_unverified,0,1
bc09c2e5cf3ba68f20f0d564710424eb0cd4590d25d70904fd294a264c8c432c,1021,bma-dds,,entity_assignment,support_response_candidate,19,"[""066ebbd9301d58e5e6ff41f6271dbda2c7ae372a32a2016f36f2e767661c827d"",""0cfaa7ddd958aa32a7bebcc7d3e5eef61396ee80ba396c1891e6fd29a0aa90ad"",""334d89b016df94911ab9baf9c3356050d16c4a90ee83d48917e5bc4cc45dda84"",""36c21f62f9ef014758cfe21db8b3203a6442e0690fa8b265901ceac83d420ecb"",""41bab9f16190565033f4e439896351ea5fa0e9ad3a08f24abdbccd95aa2c3260"",""5ab72130a94314e6b19b3113a9c860dad32bcbc48458e6cfce08b438f821dcbc"",""6b9a62739ceb4aab0aea52d19fb6b25f43490b44a79ba3500dad02dcf0a076e8"",""782f125c1cfb4641b1ca21294ea03788b32f97d377b150be4710c5df01cdb6f8"",""7db1d80bf9cc0e8676455ffaa0e4c404cd21b24342d1913e0245df882d0a1197"",""8164fa16020edef615d58bdeeced7469f120f4824945177516af5d64eff43722"",""9d6f4ee46ee09a95263f2953b6951dcf8b77b68ffb7447094eaa5f02064d0afd"",""a1c7280ed333491c9a35f4679f4ef2d565b523535492155b167cc7186f0a4379"",""b73319bec44eeaa645fdb3f249e47fb3dfc6fc4cf1529c981795defa186969cf"",""c6add655663b5f42088ff6ef9b40137c4a206bb4efe6e92c7e816abded2f2869"",""ca36418c8f484249a895b2809ad92f261b7c13451b27353e33aa6413ba711306"",""d60417c03e3c51b35b52eacdb45574b7a3625b1ce68ecb290ed0b3a2a58f09bd"",""e15804183bfaa88622dd4d6f8b22ce0151817197bbc3660151d9c8266581fef8"",""f79b7fbf30458c1b0e18db5130f54763283891be0d7ad5d237384ed08985d01a"",""f84141afa869bac49f08d5b2230a80f5f2c2ce3fecba0c55039ce27a0ce44b1a""]",[],candidate_unverified,0,1
bada6ec2cd2cd719e9660f404e81fd43404a61304f87f6192900d0ed776e4dca,1021,bma-dds-canal-development-2,canal_infrastructure,incident_capability,canal_development_candidate,1,"[""626b374b9a9e1bb183c0f9b6790d55979c1dd4696ae5b69bcfd36cec92a63a3e""]","[""dds-canal-division-duties""]",official_reference_unverified,0,1
54bd49fd8d8330aeebef85824ef427512ecf9dd2d000883455049ae717d19d11,1021,bma-dds-canal-development-2,canal_obstruction,incident_capability,canal_development_candidate,1,"[""47a9c7dd238bee646827f3191b7e5dc50d12fb149942b3f4a31147981d00d668""]","[""dds-canal-division-duties""]",official_reference_unverified,0,1
18f6cf8e6eebe527818a2bb058f5cc2db8a69c28e10ec63339299a8ef2153306,1021,bma-dds-canal-development-2,canal_overflow,incident_capability,canal_development_candidate,1,"[""f8b9ff1086e384371a7bbe6f7bdb332d31aa67bb7429d9a7f309691b1cb933dd""]","[""dds-canal-division-duties""]",official_reference_unverified,0,1
219dd046aa03d04c4f90a489539a0cf987391a3fa4f0ed2111468893d4446f21,1021,bma-dds-canal-development-2,,service_area,canal_development_candidate,1,"[""b147204fa5613e53474a8457d810228ff7a06c5653761b760d7362e62128e2fc""]",[],official_reference_unverified,0,1
024bff7ef128ed22ffbd938a1c7f6582196a9734dbb7a3f5baea237ade389651,1021,bma-dds-development,,entity_assignment,asset_owner_candidate,1,"[""de371b9b59eeb2d6b0b70fd1fdcf6a0bacab98d63387a86ed1854305b5a73b1a""]",[],candidate_unverified,0,1
9ba7f75b886de9abefbde15b61646e7608ae5949ffb054bf54f3523d4a002772,1021,bma-dds-pipe-maintenance-2,main_road_pipe_blockage,incident_capability,main_pipe_maintenance_candidate,1,"[""816a993f39b29079b5851da9769370c11a221a2af70432d30a40a30364fcf240""]","[""dds-pipe-division-duties""]",official_reference_unverified,0,1
2e3b25091587d01de77c59408a8865db9b0c75a9e1e02feb6ddb8ad35f893ac5,1021,bma-dds-pipe-maintenance-2,road_flooding_main_system,incident_capability,main_pipe_maintenance_candidate,1,"[""a0f76d0c187e433cf830077c4ac2f8b9b8860b4190faef5c2b24247a518e9127""]","[""dds-pipe-division-duties""]",official_reference_unverified,0,1
49d484fe50a3efe2b5e5d0788ea11f2d3dfc20abd210fb301e2653f9827449f0,1021,bma-dds-pipe-maintenance-2,sump_failure,incident_capability,main_pipe_maintenance_candidate,1,"[""ceaf84a6bad2a58c560c3f1c86621ef85c727dfc2f6a9318cfeac37a76ef1724""]","[""dds-pipe-division-duties""]",official_reference_unverified,0,1
58bd16a89a15c3040c55ab45b667500c512fd99e025b5b2ef3c41321df9954d7,1021,bma-dds-pipe-maintenance-2,,service_area,main_pipe_maintenance_candidate,1,"[""268c9c927a44cc7677e219bdc643a317de3b80754a14603ec37ce8474d7251e1""]",[],official_reference_unverified,0,1
f12c8caa5fd5b8a36b953a965c7b9e1fde3ed0c634227cc0f5a3eeea0a20f6cf,1021,bma-dds-water-control,,entity_assignment,asset_owner_candidate,22,"[""03205c00c51b0f1840add4480159d9ff96507e2e2881601df4c43266bd4321e0"",""0eb4e5f41bb95dbee4b8d711bf1f931b9740154aadedaf7a52f5e497d7db4c73"",""13acb89306bcd518b8b3ea4376035e6a7e7cfaee484a544f2945196c87382644"",""17980ef5a93cc706416e167bf84dbb48c8ee33d427685982bfde7de7868dbf80"",""1e62931ae99e3d231aece4d8e245b623242872477566c611f00b8b629bdd6e65"",""36b697c14c6a8bc06fdb35a702454ef8dfa81c66d7c585e241b914f3d7cff6b1"",""3983bdcc14cf474b0e34cfe74e2522434ef684aa2fe7e3308dd64b59e1a990b2"",""3eebb2250196f24d65a024d9968fc80e33a0e7ac58147d6675bb4c23302694a8"",""4cf275f0f77ea8b413bec91d3c292284c0866c1c84f74a7e1b1f7f57a3646eef"",""514fd830407da05b76c2674ed47af6a24085f7f78dc28bdcc839eabd1a1f8ead"",""52ad6adf679dd9efc76698758cb5091afea74ec2bed119e780b926354d1427a6"",""6631d0d0add80ae3125b995d791b88e845e87d709346fe88e4b243bb6d9198cf"",""6861ccb774c4ab567cf773ff6300603a07c8b4b34d34f33166ed2ee958f57f05"",""6f98408214f241fc96b7a9984d318feb732aa0afb6422d1b632c30b51f8d6047"",""a81da735a1c2b5ff72b28c001ba0bdc3690586c0aed7f45dea45e0173fcd5a49"",""b0f4659f8a9866c32e89b8c7e9b2f0120146ba98c365d355b3c4d1aa4a77d5dc"",""c1cef14981599e49628e06d397077997fc849eac804f66dcdad693cce1cd52bf"",""cf7a621cbda86143af973b81fc81d2263603eeabc32f669c0cdcc9f3296092b1"",""f1880d9514d7a78e8a473d4891769c01346e8c9f32bf1d8783248e19a113da83"",""f2c44f0b5594e42ce900ff89dea719c443c61dcb7e8a0a3f776fc00fd7570676"",""f93337c144a7e28db4a50f81675827ad753a532746ac537cc2fc4ba12e495ed4"",""ffd6a20e7ef081f4bfd62a1ccde76ba6a1898f88bcf4e1e95d45dc00582c0d7a""]",[],candidate_unverified,0,1
868a30570dd2722bdafddf094cd19ab6f7bd3aeed440d41dba43a4fde3b37aba,1021,bma-district-1021,,entity_assignment,asset_owner_candidate,96,"[""0363239d902b9c526bba300873f50ce8e407b63d61b5d5aaa694257afda54d31"",""048a18da4933ab69527b551e0c3e3971fbb0af1e2d9b4f79034e636fb051f5dd"",""05693e34200feea053a88a236012ba85d481973b7c89318f2af7aaf78b49e719"",""0744d0dfa43a31aa8ddd45ed6684c2d2c29bb0c52b8b38c92530cb701ee8974a"",""07ec03c64c3f27b831053203dd02d16f9dd7c52bdc1293fb239ed7c6ff1ea501"",""099e09de068736e0bd6ec5d15f7da0e35bd4893fe707ef00a0851efb868a83cd"",""0a562bfcf308b66eefe52ffc6f0a9bf6e19d5adc00744e7c619e440430363556"",""0b3d964a11b445c85a72a4a043bb234e20d0b8d62ab6adcf49b8bf3de4842f6d"",""153924f7cdd26bd1083b4220e63a32e01c412d39a23b7a0b9e9b9ca6394c8730"",""1cb13e9fb48708a57947a4f94e6e212082801184d0df450d03095a2d17db72b7"",""215c43429c679ae52bbaf0a362e3b194ed775057720f731284daf4738c603019"",""21dd610792b7dc5410bf8b1776ae7ed8f9fe21503cbec4966e327a1d1d873217"",""2249714c98c6a7e3b845ad6d7702d48c41fe705ef81ef2ab85b5a789487c8df6"",""226162fa72e79d264b8bc4131cd3799272d55a3696dd12db3a504902ebd0f5ce"",""24953f49010a6b40a847e727031933aa1bbeba7cac703f6702ac9b349a0a3472"",""25873cd47187a61eda4bc6a6a1da97fdba159e14a1d36806ab7285d80a34add3"",""261b253e63fc6981d980ed68b2ba73b17db5b837732f3617647a8558ffa1f493"",""2789eb024e0a568e0503a2461a4aac77b2b18d277ff777f9e54f2c843d029e30"",""2793e411514876efad4c39afb3d145470edb3add1fc7815af08806ca17eda3c4"",""2881b5924c0c0e8db524d22be4ad9e6a5246779a0ecb05503305d57d2a67983c"",""28fd24f92305da58b308d59395eb3b6f38668288c4bf0c460e173bef1dd6c8fa"",""3060c600eee8d6623fcab5c3a0959a5f1433c6d6e9ef00b58b861112a6ddefe3"",""30e9c97d75a1a0d29def3dbd7bb1e6952258306eebcd95ea0b5d9e382c68b936"",""332eb2ae412ee0ea1e3a3a67382c4d590d8ce525b9d3547718e93485b6580996"",""3683ea889af71b530f608d21e3edd93a2bbb6c491176cb70e9decd1e1bedbb58"",""382945d3ab795fda8892d8f22293f06967a406205caea75c4fe7f724d59f41f9"",""3b3a689ec8527936d43e06fe052287dac8b4476cc88ca7bbfc37b9b60d38e9e2"",""3c3cf6fbda91c1b3f5f75f1874072a4d2ab8b47aa5280c9416d9eb659107c55a"",""3c79db44b7a317a41d132028645f55fca82997f18bec5959241019f8e75d7401"",""406cd48e37b2948aa743906f51ebfba08248fc7dd3e2f632ab91d5477667f764"",""41f5f52dda12c9498f5003de3e361a6818192540c3079627b4eeaf666c991fa0"",""434e08b81746b55d05aa3d37a19691db6f621ca7f2873032426269d774d76259"",""43e0c06807ad8ad802b436e76d37481d4bd6bf92f7b3fd1f87b7510a80026863"",""45f0a8aa175ee5985580540184f2bb4a81376ea8d42f3a14d25d37adae806c53"",""46631aabe16550bd5a7606d598094a0df0c5ff1c90d52af89595a34ac02024da"",""4768c2786f11800b08a13f67ac066e5c231209e86496330a9614f009e30de960"",""4ac746477654911425b83f7348b408e3a6f4bb74c7ec180a15b2dcef33525e35"",""4b4b5b43c4cec1c155c1136cc8483f5da60f39ff71960a635be82952ac3d7996"",""4fa37660a89f544fda5fae0dcc7ec04ecee6b01d0de3971300327ce40eb85daa"",""541f4fdda6344cb023ac2a08c8a3a804f945b83342ab4d9daf5385b986f71419"",""54ad72ce1377477ff6fbe6bba6f1f84c1cf415522e2b6e3887bdc3338e58ffcd"",""54cc9bd886167ab55cc63986f7a424705f09c16f395f42b99d854c9dac655182"",""5c92f6b9eb37d92acfa73513e98a35aff4959e0181a6387ecfa52122c12f1a4f"",""5ca16620d7128daf20653841d5459d057fa551d864d7a42f48a92c1fa5b8b310"",""62fbd930c6dcb11fd826ad701590f391a7d3d1cf304261a9771e1063f7c95280"",""665a0a49646dba55ad044079a337a0cdbc99b1f9c22454a02eab0c191a6f2325"",""66a349e348046036746176c48f4aa700e471733139b8afc0e6fcc2943f58feb8"",""67dbdb8c24f863a9b0741e709e2797b4c086aa940b3ba27afc1d9fc405047460"",""6a6248a0af0d6594697bb9f6846b146bb2929497558957ad74b77687fb5a024f"",""6b83c895a1f98b665efbac1970db155bca9c42f5e1c433cfcb62056ec0535e78"",""6c6a77e72d1f0d2aad7ab41fd434cea1d7ae1a752c19fcd603277c26bd2e0acb"",""6ef0197ea8cfff33eb59d35a63dcdb330169bd51fce113195b760d6caa385cc4"",""7ea189d587392e96e65ec1129c9d7b3f85ea00157001215654c7db2377c4a34a"",""81fff7017e904b8e49cdbd22cfa0dcac75af0e20548a4081fb3902a1611175df"",""843bf012bf145ab44703f70b0ec581347fc71af68c0ca6dffb9ea83c4595a360"",""8d6d651680ff125e365a7016c9e41ccef90daaf0090de1dc1918087dd1cf1c27"",""8e39cf25506d7d52eb8fb1aaf256fcbccf9024cf13173ad0d9d36a523c89f48a"",""8fc7b765b6f8f6faf24e5de77905d98e148988af61d108bd543b3274b7940700"",""927f89be74d60f60fb5d9a63e9092d14c2b3a0128cdc64761dca0f2412f795b6"",""931f70b21db2aba26fff1d444d3a35c2b609747322734bf3845c64a78c458c28"",""9356c5b7436bc3910f33fdb47a9f071f88c6806352eb8cca51869965923e1fa2"",""972dc6df9a79226e1c04b5271363030dc9b7fda5fd3ffcc8309cf4e0b0e6f666"",""9a5caf4cefba8e8d7e410e95fdf710e804e24d7a5fe750406b527a23b1291034"",""9a740f7c17c239bf71fabac69945a9fcfd77ebd75726596302b7423898fd446c"",""9df90fb67f213d847df677516f075cc95b9cc7e3cb7f5c92a3b7896a5bd4c1b8"",""a211458e7bb44b2cbb2ef593ca291f7dbb5156c2128e731dbfbbdefcf7b7c1a3"",""a911f9ba52e9ee663b585bf40ec18a3649905b57bc345d1638c5f948b9f40bd0"",""ac833f8c301cdb865e772aa4e209fee88cdced13d9ec69c8a4daf5376c9619f9"",""b050dd6deb433b22ca25558414e860bbec4d97378623eeab8f3e435b65d83540"",""b1d6fa2ea486553a25936468056b6fcd46956a8b8e96ab80fbc4a5480e4fee7a"",""b2999fcaf68b1de4a404d0e2609ef2fbdf4d2f7529ce679e26c858a3975e1f35"",""b315cdc3cb168a6415cc1b6763f0c8da868e63bf20e50a449fd5dce09f8cbcce"",""b38435edade4d2708ba529a171946ac6e120efee609fdf271a2027f356e010ac"",""b4335a2d4bf01d4473d179ed4699d973b2994c9a469cc56f209723360a39f3e6"",""b5b61beaf95a1067a00598ad0d1f91a0262c3da6388110824138ccd33db22742"",""b813f6ccc26e4367be8d30fd230bbaafdab0ef645cfcb8cf6f7d8108245efe7c"",""ba0bcccf2561052f6454c1c5d16deae5ecc91efdcdd97f6bbaaab0e131e431bd"",""bbd0c92ef7619585b20929f20086a98bf4dfb8e239f7580c267583493912164a"",""bc08586825125ed182d5ae8d3ed8848ede92ca2c77937d5f0078e7583f7f5783"",""bf170f3b82d5a503b68db2e553dabdfa72597b888ba22963b8f579f4c1f9d177"",""c57b061a070b6e376f010e3b992b3c51b45e685be9a6f7f132375fa6db7e2789"",""c7b3a4ee092abe920304aa37d66658276114e7176b815a9afb26a494f120cd26"",""c7c227a6b72699c3bbcf588c1e669395dfbe2e58889414abdabf0d3a2f71c160"",""ca379ebb6431cf72dfae2773d4ef03e97e397307af46e8e7db7d11da7b5ff33e"",""d391b09f9d61223778d012f5c785326aaaa2a3b57c619a92782fd3f2c829594c"",""d4f2256bae0b01f9fd7b5991a60c927819bd850a7ac70ce5d3879fe768d053d9"",""d816d87f6847a644b029d384f63b845f7b2c2e71bc6140754e07948ebcbd1d48"",""df07b97546a97f17773bca49bbb71b378c16382b8bbe250237152540e4ac6f06"",""e2afae7bf87093427e22936c99b4d51063327fdb7ab701c19b0b75561d7476ca"",""e6f7cb92bafccf56ddedd8b7f9b90975ac4303e17a49104ed7448dc520837d64"",""e7d123ca50af411b05d0d54a078ee331faeddca0dca9e78994b2cf219f5180ee"",""ea6d535b9169ce4e660bfb8cad4cdfdb802f867041734856a62aac1e7797de8c"",""eb6a413845c4e2b50aeff73e53caef799a0cd5f98ead2244d14f8e4bb33636b3"",""f9e3c1f56b4e9d7149784b02c568143d6364076ddeee7c5a6fa027c5ee6efd31"",""fd6c4a028862b433b5ea903cb39d26036835fd191da56f74615d3e820adda552"",""ff9dfbfa56df24ee2c69df6d2d4eb42cff48fbc9d1cd6476888436ed0104f91f""]",[],candidate_unverified,0,1
3670886e63d6e2bfdd1e654f2ad7a9aa7ba37ccbce35de60270af2e7636f919a,1021,bma-district-1021,,entity_assignment,geographic_jurisdiction_candidate,207,"[""005dbe6b5e12ec98a0605cfbd03446d5977924e09839ae4a3f209cf3851f3389"",""011dfa68dc137de767e32914e7e396962e7c4776edc4181caef58bc3047f9d32"",""03fa5ef7a5a4854513031ef8d92d35f9349b1522f078d5d15c2cdbca14ed1e30"",""0516924f855d38641609f8412b7a713d111dd83170c701c56e2da84827247d67"",""05cc008295f28341e9f4859da11bd9ce62b9baf1ad7481a834c97bd810c4f727"",""066addac0837232359048503c65bd41a16e2078361970640c39db35f09110d6d"",""0d9b1533cf482c8b1fda6e68b4981cdc47a05c78617d73148babd42d06aaff51"",""0dde48da439385d19522522d1cd281497601b970036b4f28615c0c620bc9a5c0"",""0f470fe7e9ceda4fdf51361bc0c31431063830dea7d48432cf061d0e4456d748"",""0fd3b81bb62481bfb1501f72add6262e5cbde456e8627bd54f9273ebcf223eed"",""1036c090ac0b9cfb8b29611ae1bc69849d3604e38cc49aaaa6ffa54353ed49fa"",""169476bc5fb3d35285986388f0ea63a3a3db3e12f7a53bea922d4a154e8b3ceb"",""1740b7b8fedec0bd0f72d1a3b62ecfab427e0ea6a6dd492878d56b4b3a7fc6f0"",""1a9c03797788353a24fe122b9a54d215614c2ebf376a0e6a73a5e2665fa1e2f7"",""1c278eeb571ac7855c936a3b570c584789b7fc2a5f02cf2ce205039a4129235d"",""1c6cbf13d5496a97b4cb54835fccc22434696dfbf74f6e73ae9395e34065132d"",""1d15b265f6cce9ba19edda0a20092bde59a5135f2a7b05829afb00c237b65df2"",""1d7d93cf1f5791781bd48e18bcec2a5dacb67d872df7e08555404a7488fc4d8e"",""1d95d3a5cccc687a3332a0d90b360a91934707c068baf46f9b03c1471e566fa9"",""1dcafe23eba2b397bee6b228f8b9be698a3ad51f965485a292ac5a3ff995c02e"",""213d592746697d947423759bf78c1d0e9f6c2b3ad6f1fe63ab23a3f360c167ec"",""21732298075f62df95775d00c317a4d50ca9fd447812af3e96d863564a7350cc"",""2184066f10008ea1b044d0da9a8fe25b98df469cdb361e87b36cb7abacd240f9"",""2320299fbee5669eddb43eafc49be423a7c9e8f6ff5ce1df39607f43094ca207"",""24c7367cd6be80a35a8dd055cd8aecc34c9db34481113c492fa43f1363efda7b"",""25281cb616c0186e515f40b0c26110c4b88ee6e9e234230efdfbc9d6441c55ea"",""2544d045e186e607295966cbc1a2e2c2eae332b18b3b12194665c5f5e855a060"",""26400d1f95ab50116efe669f7b341de624b5a141893e1e6379b3cad3bf7d52ce"",""28663233800eb491b1325457d09cc10a329cf628b4c750f2c19b3d53454f5a33"",""2b3ba914c55ce02b1454062b53238f05a72b76e22885d18d50c344292abf7d03"",""2b8164cc746bf63330338200cc1b870e8d9014b56445491bb8e1eadd2697560a"",""2bbb129d27a117001cac06f90ea64733989b5ba5243d1878bf184d97713ff5c3"",""2bd9617fcd65d3a14d5e90337bd2b08db928dfd92e8209c5e01e034b4d98cfe3"",""2f7af276522eb4a1fe3c2c9bc2b161396a6161d0a6edefa757ee5518f5112c28"",""32557b3fd85355c2d636af466a9361af0a1ee2a7cf14d7af4f2fef527c1f876b"",""3272693920aacfe8a29ac43cc28533e45121666085b6c3e242abd389440a120c"",""32bcdc568946a8125a09a2ff56831ca68ab83c1b2460d6e0bb8ecda53742464e"",""33423a393aacb6af41dd6b3c13b2fef8f9a925c84eb76c517ca7ba9ae68a5c08"",""334b469aff9ae83a26be1b203eea036fd29548088444e51707106ced66344f24"",""33fc45451fb04e90867a3ae4482eaaea83391620f2e9b238795c447ce3fa9bb6"",""3508850362bcb1dd230cbcbaec955fc33dd74ae731dbcea230cbd25e341feaed"",""3695babec36b2c9f55a346336397f2868720fec620f4edb43bb447550a00772c"",""37a00d34c122c48c9cbd3d42633cf34d54e66ccc6e04372ea16797f88eedd3f2"",""385d6bb182869eb14f38699550aa43b00e52dc71a4f40a1ec85091b54eaa4681"",""398ee9ffe13513d048df92733b528c689ec3c134954dc113c6408816b7b9bdab"",""3a7e315dbfb734b23df2bfe32e64fd392e2e0368ed34dc2386f6af64c6adf0a4"",""3b813eacaee9b7907e15142fec786882e3a5d98b6aabcdff5f16369a24a35990"",""3bf312f0b573ab559d9b1b346fdd7b1c78ecd9d22925513a2bea9896fce6ee20"",""3d8256c6ab8f7a54e56c5b142ed6b254d2955cd6ae852d762258eaefa32f4ca0"",""3dbb61c4c0c69f14c77454ad2e508dfadaf59a92a3c20e3a69a804003e771105"",""3de8d322897cb99170621829db858e076436033096d2f5427656d9b43e4db524"",""3fc941e83754aa5205a2753aaf7495b09ebab8535bb67fe6be69b95d5026c461"",""4066f383256391dced5ff0480f83a4d4cfaf9cc36725338e74a1a95b200f7d10"",""42cfd36a583c0eab4441bb44fdd80e1a4636be75643e52aa7e75543bd092f580"",""45d4b221cdfe8e2847c6b8af84a99fbc75e72676d2be5ec0688d052af0c2fb1d"",""47afd237f47450fd677e093783b5021922afede8b99216751007a90a5ba87b75"",""481d8e2c50b0a30cf329fa004e1c70f036beeedc52ad59520b929e0390b3c769"",""488d9482adb3e45c365cca9137bc52142a77af256febbc95e0c9ff45cb8442ba"",""49c26b0f2315babddc6835691155f0aa515a4f6eb4ab5e1f7d974337f3e36da5"",""49f19d423e147f0692797e87905c02081f319ba47a43256892cd841b5d18f677"",""4a8382c67326d556a41de5ac8a6af03f458d41a2958c9367b7d950ae67c6f2fc"",""4cc560671136640d257de01cd912c89c673d374f4e7d5c09501ba367bd87ef83"",""4de07d01abf5e9f85b2d8fd2a3505d76b6d911f35be40eefa2a927469e5223ee"",""4e35ed3033c0a6b4f7912fd0d4e1ed3e229a5d0b3409a2c5cad3992ca30b5beb"",""4f6b5f40373aecbc31984e45f9df0165567ce6255c8e2ae1c0f6f360de5fe6be"",""4fc62ffcde07a86335e6b7e6cf2f8b854cfc678432cd96df9a3dfa2570877065"",""504efb4865b2510ef408ebfd24217a067220e71791353d93243ecbcf42111bf6"",""5178c616a5a92dc866265645922fe91c33feb628928c5e392aad41a1cb98522b"",""5351f3489a18f66087fcaeaa6d2f8a2c258733f17b8b889165a993704f6ff494"",""55baaa54d2bdde0fcd08f1cfa509829829228e79bacb2a3c9ae211c22439d3e0"",""573f1387a710c8df4d9f3ecf58019ad3671901cb2f7ffb0ad7f488c08218ffda"",""5800a3b1d7591994e6f5f86009f5572f8e61b9ed05baac1471ed77fe3bfd77c5"",""584a9c668945734a57f958f175beb81dee78220a61e7649daa8d1449e5ef8541"",""586ae0f1d79f2d5f07e3ce0ff1b6371ad38ab8f8551a5afb106ba4e5dc44a329"",""5a7347a789b17ec423cd51050e42afedf096f42d96a6d194c6958fd063b80de5"",""5b58d41d37737e4952af8c893c586521adbdde90339e1988ef15e9e1310a36c1"",""5c1f3542a990cf49eafe379795771037db456c4b12e8e6f2f041444dd790c492"",""5d1664c1592ece21955d6cb4112799dc3141417aea1f26719e4ad679dd986b57"",""5efe63f9961069632837bd36cba6dcbeed050621ab4a15485fda46c2a5cde7cd"",""6297f1c987dfc59df358a1930573737cb16f3fa0bad2cadb9fe62708b564f58b"",""647e9652bed28ddd2eb00dca794e44d35efb4cf6741a6c422901ab50baa348ff"",""6511bbcb477325e7b232caa21ebb20a7f8d061b9e73cdd972d1daac637b9fda3"",""69ec6e2cb015cba061696b337bb4d3dfbb9a6dd152c0ce7fcdb64295e13335b3"",""6d7e01147a5a8266943737353732c0a79b1d64e652fd1f0a7b188ec3b356dd4a"",""72ceb17e591b78f01f67e9416aa7512986c4cc9295b6d0495c5d59623555eca8"",""775718f2967ca2f9fe9332b8b3e388660f051b0b127dbf7af93ab6c89bb245ef"",""7796e23bda9a54bae21e792ceb6178531669b6d385bb290e6f22c5e9134540fa"",""79d636b3ccd9f63b1ff1777b9f139ad4d234ce81e8801e2086c99af5a8647b31"",""7a5341b7876b525f02f3ebc24d7cf82975e82570c0f9571d9085d4f62446878f"",""7b64ab4fbf7c039c8d89014d05ac1e5825d3bf3e774284332ed1c171f4ee3239"",""7bdd473ffe922d71c5dbd347ec5ae379fafad2d2e7e75cc50d5bb1043c8bca9e"",""7c69fde483961d05c717848cccf323560b226921de4f40f72bad14703ea28744"",""7ee0212cd03a92f6375b00464875f48e92018b370d0b8a1bbdba7ebec40129e4"",""800dd7b84fbca5479f1a4f588507f722317f9e5c65f4885020e837bfcc2ac36c"",""8086304c386f83b23e95fad65ec351a3e940a3891c93db698bae3389aefd823b"",""83407e74ca146ba886d0b11068815e0366dc35c208b4ae69a49fc1fd62bb7204"",""8503dae34ca3d41421f5a043088a62068845ef36ec498a2643f01af34e050da4"",""86901e665ff555e9d46ea0552933c7d3ca60af0cfbd838e21316e1a76b35f89d"",""872250bc720e0052f1cc37648a05b16f4ace1e0e0dd415edb0c931f91853a203"",""88406323693b453c56a4ff7f5ee310046e678059b17ec51ce95babd115efbdeb"",""88c85f290abe0b1bfc2d24bdb6577690aa71d689367533b12b9cdcdb00603921"",""8998255b795093222406f8548eece45ca51f349e380a6caaeecffcde99255337"",""8acd0f0495167b150ca4328d1a6b0aeb09b6810cfa728ee3e51bbbc0244a75f6"",""8af57437f8bf12415e890fe44bb1a30c9f6b362051886c05043b96e3c3e6f755"",""8b2865dff0c2889f2653289614f98117c722e869ffdef1b12bbc6438e1124992"",""8d3c5ded5dad1bf4476f401daaa359bb84224e027df02b493bc662ba38b586c4"",""8e87bb2809a1f03837b240c467fb06a1c19b60a5bc5028fa243290977c9d950f"",""8ec2483642fa9f2944c8d9985ec19c8c25b5856659098b71736bfe11e10692a9"",""99b56c946ddeffa1a53285bbaaeead212b7ca5f05dc7fe4b3ef53fa1725fb1a0"",""9a9a6538e3fd31c592f0edcb04796edd450e598e42bf7130dfe4f060ff7c3859"",""9b470b2d6ebf7016c31eb1f0f80ee3b7847ed3e815208b0e7153d37eed36fad5"",""9dfd61188b669335d81269fed47eb170f0022b9aa2c6ba92e9ed18844ca96343"",""9e6787fa9d77b99ed1eac3515fb074bf30d7aac276f7faa6d81ce3f9c265030a"",""a0fc55f7c301b5934008f32a0edb5832e0ef3cd0f0d2a4a6b6f488b2397c3172"",""a16c0066deba14f2e0b02ae1d3395e1c4200442720aed4971e630d206917eb81"",""a16caabc753e33237adae7f060d7f79eebe3703c5446699eea0f97cfee9d59a5"",""a19f03dc3b42f9b10b21932fa86f7f1785600824d3b007d04aec833d79665eef"",""a21fb4e869c25477d9f9e9a53f951f53db3895708dc1a1c92796ab722373e979"",""a39dc861c171a6c4f74c083271e39c319c880a39f731bf1a0a68cb0d08447298"",""a43841c998692ce21fdea88114932a8b206fc97684894df58976654a18474fec"",""a48b81b540700a94c23e6c3407f1201a06416a06d1cd22442ee4a9c9783e6412"",""a5ce0af0c6064ec12750c0909c0e49bcd34d51b2d080e24f939372d6c51f6ba3"",""a68787c5da59af6adc9768b489bc5bd938a98d0a834cc5b3deedb8c5894f798f"",""a89aefd05865430978a19a80ba474176ca3fe5024100d3ce4ac2804751337546"",""a8f7209f038204b15bfec159d2cc8512205bfba2e9ed2edfe0cbc0863d9c8b39"",""a94c7257a23a15e279c0fac0a1db2c637059271cc43bba3837530be6be7b406f"",""a97a959af4112e5ea40389df0eaf9cdf69ceb91f21df72080a453146345251a7"",""abe92e5f0c22a265d6aec1650504d5e41bef706d684b157e9ab9ef28a5758ecd"",""abfb7324328b94c5f7407fef4bd859601f5cd13c24524da1a7b0b617dddd05ee"",""acdcaa54a006efb24431363601dffce01f9b5aa6b15dafd730250a2a6b2753f2"",""ad1c6aa77b112bb9672ea9391a6041204eff0afca08c3461a699ee235821ebb4"",""ad44c6e1618408edab1a5caf5bb3ec58f59f28dc783334a42916d57436f09e28"",""ad55d533b9802d10cfbd62f62373db091b8a450e179cdd6005dd14758d995075"",""af54d7eb1e115a155a8f6aad93b5a7b8f54d30563d5e9b1ee20f4fcb463b2812"",""af991ed2c33d54d63770e61374d7cd4fa0c27e6d1fc2da586517e43494988034"",""b2b1d09bb1e7a4e4d3fdafd04cc281a1b1609270c0a2eb5b4dfbee472dca38bf"",""b43117a0c8148442786c5bf74ac41468645837fa1f9a1513690d3f2feffd2429"",""b4b137be37ada19c9f2e73ada9c725427937ee8bc632c2808fce029efa9cb7c7"",""b6035e40930b38bcccb7f30fad959d251210486ef3005984b94040307fa23aac"",""b650829f3e0b9e82e04d90c72419ed6bce610dc00ca921d2edda8e96bdc9ae1a"",""b6c0b374eab4ade1b4a20dbf205b671270d4979c02f36c8ee212fabe02b11c0b"",""b70b9832bef9eb253ff00dbd5325880ddc322727fde9ecd70378cd087d705922"",""b7bc39120037e9c2af6fd1c97972bc2c8b68a69d126807945e679e06ef68127b"",""ba924acd6bacdbcf636aac78f70dbb82b1ec664e239b52af8a4c283e66215a73"",""bacf7a75793fb237d508a524d04694116152e81756220e3505502d01e3915c47"",""bb5e5dfff82d11ae0c48ccee67065431ebd0c6318d71bc14d9bcb339d2012141"",""bc7b1a90b2f94eaab363ccf0bf7647a8ffba6f374ad5152533a9305e0c3d96af"",""bdfd1662fb396688eefdaf516fe2863c9000230e6acb0645b15fee5b04c5b1b7"",""bf441aa28515d30f7aeab645e4a29931f41172907763f4c4cdf846d9284435ec"",""bfbeab81f07edf314ae42ee48c92f22f074795216bf94080871fd868f1315bc4"",""c378a136d0403401267152eba5ca775ce22bd09cac615b4faf6c4c3c7a7b8355"",""c5a38064d5b6947100404f3db662655a94c1ebbdba412b258804f9e1839832df"",""c5e4db2a3b9675cd1d8d7aa501b021480204f4d106f11005ae03b90a55f612b6"",""c5fe64496bdd857dcac21230903512830ad9af412c566c037cfe68f56bd3ebd0"",""c9b2fa7bd6f50d8e58c8d8262ce0cbb08ddbe324f959fb0af819a0b01cbe3386"",""ca2c8b946d8e4b2491c2fc2a0b4a54d5720fc559b017852033d3f05e08ed5720"",""caaed82d942b16d5d43786562f6a896bcdde0d7a81f2eae366d60414df708396"",""cd3606daef729aff6384b91c03d6bc50a5b55d2b38d050312d388fe217585a50"",""ce5f0a12b17d8d048f5b235f8be995d308e823f6a7901a2b7d146c4e84d29ed1"",""d03d608082c65d7950e0066f5af809da4132dbe540d8099b6c1620d5da81cb12"",""d04b10f76f833813b9730011c06693fae77ff86c7577d990d5b1f8ef75b53fe7"",""d06cdabc975ad3a437cbe3564727e37aa551577eabb0e7aeb1faaff1ffbb852b"",""d0cc684825829d484383d14738b09feb373147d3b0b827e045836835721631e6"",""d10f5573603d7cb76a7e79247595ce1566001fbd8ba5ca70185d29a60c720926"",""d1ef4452f1334614d372c3a883e5af5ca09adc94ff446df3e1cbb4c64d4d1481"",""d293a4a43164de7c843e30ed012d79ebfc1f7475c7008da9dd444d1ef826d3bb"",""d62985fe119713252b5b35301431957b2f9daafd9556c1d652008ff3a196d346"",""d635c72fc1cbd4857309e844ab74630c4a98dce9b188c8ac86e9594645190e7a"",""d7a45e0bf13fc5462cc46e9966a0edca81f934ffda074255b4ea2f03a4c39795"",""d7a6bfc42ee7f5de9861bbb3054d4db28cb96089332a8bfee4f27ce587fad206"",""d94034e2320020a4567a88c3e57593ee3a50394137a43649d10a1374c045a685"",""d9f6fee90e4e18a7091ce908a73732f75c831f7698a332542642b9db813c483e"",""db36c0a9f5fd35affc9352973ba37117af198c2c4802e25ec05828bd42dd2265"",""dc2eeb80f04cae60cf3ef84c36753b1aa35867e3cdad7913828ebca320ce34a1"",""dc66f967babbe9bbeeda2bcc2eb73a771dab10e4a3e3bb900f84e19a32c3adbd"",""dc79aeac1c464c6600bbeb9618a8e4aafd6bd24a7df141abf345c007da413cfd"",""dd982eaaea1b58ef4d092db8b6bff263704784b56a4446c381a8653c900e0322"",""de15a0d50427aeb5b45ab5fccee5cd00a7c67db978115a3ff6ed9f2d6e25de01"",""df360582952d80d125543c6142537ff9772fa5d4464e6455748c3566f7384b68"",""e12aa7ed9c23828123057913fb811a063df89999715617bc654b9cd667a8722b"",""e25d5e0699e3d0253048d926d5dc7343a39aa36ac2a82bb69e8b4833f6646153"",""e2bccbc8747e44caf065d9b76c54e0a0846dfc77b39a268441b702e614d47711"",""e339231195cab17f757b227669a9fc667921bbbec878da7136ecb98f45e36e9d"",""e4c7bd0e385c72a74f2db86bb5cda009004b1b995e30cd8dc3bcf39b25e02ad8"",""e5dcfc238300159b32a127c1f3bbcbaa84076c93a81107cd7c71d91af2ee7543"",""e6417037d34d78b6cfc30697a600d028ef857239834375d97ae7d23b95db6db7"",""e6ed592d30e7ff24b0579f0cb88ec8ab91ccdb4daedbf04dd71868355aed5692"",""e9c1dab026d84759e7021a18f1ab9579cf9430fe6c978893b2ae038fce8f5b65"",""ea62d5f33a4bc351d45cd569ff9328b8d97461f61e2aaba53b0d7299853262fb"",""eb9271afbfb088ab25e5b842bf5b1c834e5ebe327fd32edd55d26956b14d17e2"",""ebef98890974791d384aa81091757cdd4a21aec7ae02eac3e9f585a1d760fd4c"",""ec458ebdae76212665348b542e8db27a24794dd205cc2deb8c8a415a3e634440"",""edaa7ee2b8411b60c7aceaa82676bcad56c1bae786f692df2b1baf07b8b1ca12"",""efb613bba79c46a791605baa1c3c52cdf1dd49cd124e19fb0c393ab72c3341f0"",""eff2219ccbd64b3b5b8b6986cf735236af4113381858dbaf70c9b41f52acae90"",""f0d823e2e6dabc74314bcf9114890924f9d63d9fa0d48fc94b60f8d9c6de05c3"",""f19a73e774e83fa2c95e5bb880bea092ac758ef5355a4f23b5c2d40d4ac1bb75"",""f29a34c81cde46f5b57fab03da8a3fa7a288c7431241d1d78e5e70cae5f34691"",""f6030b836cb442677f0a047f7f88e36125577a2529f514bf5ce95d17d21424aa"",""f6e5be734ea85aa0c3a9e3ce57683bf6ae290dcc0cc65db3b4c80b6fc12c3dbb"",""f7e65babe048fc41996b7c4ff65d5769200dd5ab255c9eb1fd6a61d909265147"",""f8bfb421f5a291002a457b67e43230ffe6d6850d4bfd7d27044629455220b0c5"",""fa26508c1078e584187781d2734859d169de00639db988e0526633c02d1707ff"",""fc14c42fe015b7a0de4314bd0c9bbb3cd34a14fcbc4f291250f7ab7c15f158e5"",""fc422d9a4fe477466b5a7721550cb1ddd6fd4db117356194831b6ac1b4dc9178"",""fc64f7b0904a921762df355e42fa56597347aa2520bccd1f274ff94f1539371b"",""fccc53d7e45d2f851d3ece33d43f090efc88858bf288189881b58ebc2f0f519b""]",[],candidate_unverified,0,1
4649bb1d8b1e068186c1347258ef6f3833b24371352d429446853b2b7777cce0,1021,bma-district-1021,,entity_assignment,primary_response_candidate,19,"[""01d31aa6d50c01703c2e19a3ca93aa28e78e0c22ac718d8db51b637eeefbe99d"",""0b11ed3717c6ec08442502ae0412b8701635ffc23c8efe46745d545618f695a3"",""1ab450e309af0cfaad84702fd1017b2c7f649b56735ca5918e9049f3df57e486"",""20e3e3aae83e7104544fc27e50f53bb074392315ebd89e63b69bb12ed73f13c9"",""384749f5db22829f041ab91b7840da268ec03d5bd279a65cd3aabe74a89bac6d"",""43e823a25159cc881ea5f438a44d9ed726a413788cbc3f605f28b892e6fb263c"",""578155085c81cb44b3ebc8878e8049651ce7942440973728c2921416b209d2dd"",""5f6cc532ce6d671535823ee4eeb1b9e47321b7c7ff06772a7657134fd2910b4c"",""6ec604938dbc24c55324ba006b54d109ab86803800f24ea25eff0c88fc7356d4"",""7d9bf31963d518cb1632f110e6620c1d11ec43a48777df82d61fe1f1b80cdf2e"",""7ee54dd1ae9c51c50c2b4103f49d8ef938f94bc00256b7628ff0e2e50a3f0b73"",""8643be3987c4f0014aea012147c0e998c5478cbd00bb76105ae4972993333335"",""a021d4529870ff0942f9680c683d37b4578b2c19f5c9600314c4af5486ee17fd"",""a5f33401fb0821b5162620d88d8730373ddf9597a5b902f0328662ce19485032"",""b1c9eafafedab2eebb9d9bf99306cf4b7c6fb26111568973a783d2edb98d5fd0"",""e928785f720a3598dc845e7bf530acb38cd9a146b4f563ea094baf3c6363c44c"",""f36d0d6d79aa5e4983e60e67c1578f39a23175faa1cbbda7a74f94a7bd9224ae"",""f39ebe0a965066696517a86cc13a732d5df0954e8a639ed2c3286ec7969c2aed"",""f9c58a5624c0b0cb3cca94e86ccd0f37fca162f43b66df5b7312de4303cae70d""]",[],candidate_unverified,0,1
1d517b975b9bd720b30ec7cf0e02a809f1d90c6b9fd5ce9497c6b6c9c223254f,1021,bma-district-1021,,entity_assignment,support_response_candidate,4,"[""2e83b7eb05ae9228c4a66081ccfb1633edc5ce2f2dfea6864f19170bdb30125e"",""acfffc9a36b3a9a6de6c4f0bddfcc74e74fb61f79eea76f25e20cefdd7b1c26e"",""c6dedf3e0aab0d919d79fda14abb8af5e3e56a274a9ef9f4e3c003bb1567e8bd"",""fb20ce353581b00423753333cc2d361d6cc96d8a0ad2821757b22d2a697cd28c""]",[],candidate_unverified,0,1
60f88619e2f3a54611b7e6205702f253af378b0a7d7cd1f4b025a681d9bfe15e,1022,bma-dds,,entity_assignment,asset_owner_candidate,15,"[""01bccc6f33fcf661db3a081a4467d637a1804b878e31eb33c197c00e3346b228"",""0d2c3d29f21d8f018f2552149afc9b53341c33a48d12b3fa6cd9cef3c4d84fa4"",""0d3186f56f5fca11143cf93e91df74739ed6f1186a5520f1a2f509d85d86cf6e"",""33321256fa46042f509952e74659640b10b3d94dd00221acb8639d743ee435f7"",""36e730c8a4627eecdccd9eb1eefaee5ab0bd7d24142c510296314bb6cc72d686"",""4f78c536c88f333e55fae957237201b618f3214be6c69f5701e018adbef27448"",""9ba5b64460c94487edd231b5f3c260c4dc6c7fdef6a0f781ca70c71b0ff53073"",""c15c02d00983f60687020939c6c672e2a0e258ab4c6e867f95cc903f23339cea"",""cdc8cbcd98b1b9a115fb51a3399601672289f2382752251e9634b4718382eb51"",""d629c05ee32b3f53615bd895d66742cd2edb7e7687fc2162f0f4e19ac3ecae8a"",""d7139cee569444a47265a78b99fc0a6ceae9e13707fcb3c416610267dcea57b5"",""e8600d4dcaec93a3f4e59e7e6544001f673b7bb1f50b18deeae0cbc65aa26bf2"",""e874aadc97b8d0c78cdc33eeb43280f7b0e46bdd7a01c61f2569be3b1de4f477"",""eb49a31795eed2d90709a9a6fb0837bdbb7d0e43fef7264ffd435899d457c20d"",""ef0021280b0bb45558eedcacd54bb07675ad2ca4e024b49ff8e848c57acb3fa9""]",[],candidate_unverified,0,1
92b4cc6fdf6cad1ca3bef7669823ff8c9575e5e8eed5bb9e6c0116bc8d8aa51e,1022,bma-dds,,entity_assignment,data_custodian,10,"[""05082ee60ba010aeec35f883281f4d8597c8a794bfe60ea0f34c477c3d76a763"",""4a45f830a69d1c42bd45e990d1c119e2b0cb4f51375a93a821018734e6932bed"",""4e82b1e21b7b9e8ad34b5372f6924bb28551f4b0911551ac6ec48cbe1eeff8f6"",""5790801d21b7192aa3f1092e7a23fde386da960ed7bd0c56f9d133c9be8293b6"",""59e39e8bc13507a02baa778f429bfba5dc93e785c7c2e0a3f0583c71c2e789bd"",""5dfcfb3948da3dd7395338b2a79d86d3a7566086752517b61f09fb31e6fe0f0c"",""875dee321505427c3bbe81f7c1d7ad138019a41cf1f052a46134e91086e9696b"",""c5f6048c6b4c2b62b8f74c8ca0fdc9c870497f5acf1bb760755c4c798eb5d3e3"",""d932c39843cefa71c83c5de08af9cab0cccd67edb884bfeb665859b24611e9f0"",""f7e8876ab58ba8ffa26beb016577e8b458c91dcc2a5f95d0b30f072c2efd8f2f""]",[],candidate_unverified,0,1
9c6fa449ef0dc5671aaa6732fc3cb67f7c5428cf2ef1eee78f71394f1c513aad,1022,bma-dds,,entity_assignment,primary_response_candidate,4,"[""4fc40aff7e1625678406b484c97be0fe907ea822c5c34e0eab80a9fb888588b5"",""739ac2b2dd073a754d55de5584e33f7970e31c10088a29b816775c99edf73835"",""c3a613db8585a002383c36df4a37da15ee359e84b71a61606a285289ba55b4f0"",""e2934aa50249791d0ceb3fb9f860fb6d1266fba365854e1ff8cb2ad2cf764c37""]",[],candidate_unverified,0,1
8a2ff141d458c62b2e8eab6c6735b001d4c2d0cca111d9681133cf3b84e515b1,1022,bma-dds,,entity_assignment,support_response_candidate,7,"[""9c48333a644b0e234e7208b37a92ea0c42c83e5ec77346874d50d298ec73c992"",""9fd8b468ab407eae5907c7566ad952f95f93401ece8a01483346e3bdcb58d426"",""b24bb8c3145446273fc09e7f095c88bb14c245a7f712b705fa3fae2a8048f767"",""b4163b2dd6a18a0180ec0e12a8eb30ea46723c60d42a67c80d88fba05276dd12"",""b6672bcf807c813635c02346e28534521a3cfb7739cbc371e1a6954377a44d0a"",""ccb26bfe5f72c8f0b4d45c931143e4a5b49b45426f43d01a00581ed40c9f8177"",""ec028dbb0351c3b208b294b9392ad849f5687808f52adb206708f3154dbf702f""]",[],candidate_unverified,0,1
ca91cc28e598132e921fe3bffc3d8e11cf3866c78030db5049632da99b6b38fe,1022,bma-dds-canal-development-2,canal_infrastructure,incident_capability,canal_development_candidate,1,"[""3b83f6944ab408e56ec068810578605b0d4a8633ee8185d77daf63d37ac66e49""]","[""dds-canal-division-duties""]",official_reference_unverified,0,1
84df2475a593cb348e3abd7f64f417d9766d18423c9b5aa64da1f28c4184a077,1022,bma-dds-canal-development-2,canal_obstruction,incident_capability,canal_development_candidate,1,"[""dbcda4ed458059a5152b9308c178f1c54f36dc53a21b051c76a7205c0e97cd6a""]","[""dds-canal-division-duties""]",official_reference_unverified,0,1
1cf43c3393a3e9f6ee35f74abd08434c60136444fcb6e27a7e7fee3d80cc12ab,1022,bma-dds-canal-development-2,canal_overflow,incident_capability,canal_development_candidate,1,"[""6ad98b73357053e3097dec72e5700ddb6f5b72fb856dc0a729ffe794f86d92d2""]","[""dds-canal-division-duties""]",official_reference_unverified,0,1
8d1a7b335460dcad42c00867211c4c5343afc3a80da4ef6a32dc536e4125a820,1022,bma-dds-canal-development-2,,service_area,canal_development_candidate,1,"[""baf1f2fc745489bd76be4055edea2f956416be6ad8ab5b3b663f23e1d4b433bf""]",[],official_reference_unverified,0,1
5c6bb22d2d893c343e376a7aa32e402bf5ca313bcbf01fe3514348c8d97090ed,1022,bma-dds-pipe-maintenance-2,main_road_pipe_blockage,incident_capability,main_pipe_maintenance_candidate,1,"[""8131d39f8ecf2df7957657ee692993610564ce424c5fe7f2f162ce3209f280b3""]","[""dds-pipe-division-duties""]",official_reference_unverified,0,1
a4e72ff67fdebc8cbd750043ea82fb8b9eec88be387646174702da3357872ccb,1022,bma-dds-pipe-maintenance-2,road_flooding_main_system,incident_capability,main_pipe_maintenance_candidate,1,"[""d98c5ee459d7812dc3e69b1aee536b407bb04a5c034adff63648e49e9680979b""]","[""dds-pipe-division-duties""]",official_reference_unverified,0,1
933e89041b743277f2e584144ce1fde4f87fdd23da9ae57ebe3fe1e59f99399e,1022,bma-dds-pipe-maintenance-2,sump_failure,incident_capability,main_pipe_maintenance_candidate,1,"[""2bee94d1d4771e5e1dc9cf092980b81e8647e6605e6c5097e502980a6bba4492""]","[""dds-pipe-division-duties""]",official_reference_unverified,0,1
95816ac62fcb5d5d8924632614f863da796d9e58d1e7a3aaaf8bac1b6294b3be,1022,bma-dds-pipe-maintenance-2,,service_area,main_pipe_maintenance_candidate,1,"[""39d221b22c7767c909310303fd804b054d617ce85c90a71dc23763b9fcf451a6""]",[],official_reference_unverified,0,1
2f83c4fb3989b66e244044c2c2787df44e878db20a910cfc4c28175e9ea32e23,1022,bma-dds-water-control,,entity_assignment,asset_owner_candidate,1,"[""4865dcc5ee5282bd9712b554db248edd829c2c2e732656c5b95095155e6dfa89""]",[],candidate_unverified,0,1
4979f6b1e2db53b0fd7ebe4562fa83bf599dc554afcf53435fdae58ba2e95e47,1022,bma-district-1022,,entity_assignment,asset_owner_candidate,139,"[""09d2d31de9d5da7ee179840b493395dfb6d22c6e61c2fe1bb2006bef281e12e4"",""0bfd8fa24ac8f5fd61abe5a4e3ba34ab042ea8884aa1f1bc7169a0064c8e4bb9"",""0c36b8d13137e3ab46b5974c3a2d59df24148e6ac333eee3e92c97505ef56801"",""0e40bb935b5b1671b716f9d3a9207902236e89aa1579382911e66c1eb276664a"",""1018fbdd82c64f76e66b5593aa781e5d67e43e56ca2e6d48e3806279cc92571c"",""13827541851256f4941779cd26c20236040533fc7b4cc9b78283bfb871278866"",""1562b472517d230bc4dcc4a3783cb60fd0072391e8f936141de197cd906ecb44"",""164bce3ecd498994a2809f7f41831d736c79bb0a9158eaf358fbe06d94a0dd08"",""1815f061d093941a6c97a7ecf70366a51743680b9dcb20da95b3e7bb229acb1f"",""1977f4cce54d90a8d670d77e3e2ea4f7e3827071311268f7595a6a9f4f205824"",""1c3b7cf826acbf10c234fdf9c99a639a3f048202e157371f2066c4db8180079d"",""1cbbbbaac68590ef2e9bc02dfa7a6f67fbf11e8a02b89fb787441032d04b99dc"",""1df3bc49ef0e4ebeca2862393af4ec168437ad6a288dfceb8e276eeec64b26d8"",""2237e7d1ce46cd9979d916a815ec11be61a8c822f36dca9f3bfc53c252fb41a9"",""254264e3a82aaa7bc639517c775e64939d1ed43fa48aa660658d7f3df3e0c99d"",""265fedc2cb229255a963e9b4661dd194ead8624575e9a7cfb4a5ffa6fd067808"",""2adf9540b6f0cc0a47c937eee5d1ea5da1d56d06ddf94f8cf7a1d7f1da189eb3"",""2d0814c01e446276e57b22fb94ccb2fcca07d3c226c34f4c9117ff7182dc0f85"",""30c0031096f27773e5549f9d24250923e9fe2cdd53acfc3c2093fc4f42fee317"",""328716dae5b2e400a29e75790cc97dad895e9182372db1e6e8a099382e40671d"",""33e1230bbaa107d9287bbb8740d396d2a4eb74a8fae90e103a71ce2f7bb639e4"",""3548e6118448f34db78360d3eb573ae8fa047231f1c25e5711a48ec0fac02f26"",""37a309dfb0b83a90ce151080e8d1c6520496b1a97e20238a16e439cd1ea435cb"",""3a6adb485fa49f68570807a0920b8d6ec5b16172394f98c71a378b8296fb5ead"",""3ab6339d45e559135359afb33e313c1dbd3fd53a671e366f2f015d58d923d087"",""3ac30ee049da189d0bc02187c702b0e3d81555f1f6a48664e696115ebc8670ba"",""3cdcdc530315a257cb0228025333d8e46f572be9d2597ded072910641ae7cf35"",""3e0f7d61bc58f677e38653a72a8f193b90325871e3e2fc9d56593e769df3cf9c"",""3e5715d0559d275e7b5f6cdb2f96f726cfa5add75af963f695bcf8e20e387910"",""4084418f96f76d6dbfcbcc4a5973fd01611d2368b4bb540b0122f83a2d13c276"",""47b53b30902e47956f7cd8e17ec81a4b3e5a7e048748704d822f5096d44d0882"",""4809ee9627e68fc518307df13edcc9a90e33059daa7f49053eb6371b60dc6a1d"",""4c25da4c83d8687f2565fc742402e100a67c871a9aec1326c5e3fa00e8b36011"",""4d0469c91d5174ede43a51452531609011e7ef03cf058be95952c413b8c3c227"",""4d493b8eb526263b4389e124fbd940ab7a135e00c0e96b5a9aafe2912934e96a"",""4d93c350b06adada0c567f4a3089ef55164156f0746495087ccf76e614eab8d1"",""4f402aa610bb0185d3c6863cff889d8b2edb7929c1c91ba07930b96d54edad5e"",""4fc39d55be1c8082f59d8f0149aaed7da9be981009e5ad47d0a7e720aaa308ba"",""515b5a7dba7d42bcf22458391cd7ff3653e3b12d43feaaffd7cf5a6a6e21b8bc"",""5526f1f399a85c9f636d1b1d10d1a1bebf8af9f15c7cf01caad0af80aafb1a82"",""59c3233a8a90e736066cbe29ef704a6039f4b4db11efb29df85f3a7ca18ef92a"",""5ab5a630f9cba3ac51df87a36eb2f9f8fcff22a4122cacab0a636f723ae50056"",""5accf270109abd65e5d34c88dc05fd33d11fced566b884b7906b2e5b79f64c03"",""5cd1780efa970f99dc253bbde6b74262ad2a0ddf6f2a579c4ab01e011777f5b2"",""5f2ac8f56bff64aa9deaefa0149aa3e5679494fa5acb457e3fe50da0d6e30387"",""609383119c1a43905f9610c9823f8d3f1285fab805d4478e52f29d1ad3ed84d8"",""62146dcd00986d983990872e65a7022f97113debddf6c673bfbe10538593fab1"",""622ffa9cefdfe4b009d2d93c0110c91fb0818ab65c205f2aa1139203aadee0ab"",""66122edd9f8b15ab60fc2fba549b73aee782c94c93efc3d26059b7401caf4bd5"",""6a3a024e29f15b13b6d61eff635998ab5b1f3ba48ae75463bb56cd598198b415"",""6b12635ac853552d8e07789a772fde561871da2a16a2675fc220b7669bfa2931"",""6e7d2d0d42d5a8533b50e47af711177c1708e7dbc2c0647e851e1f251c33c533"",""727384171df73ab17706c85599b6755e328ed71470f3887d57a474367f3efab9"",""72c342a3dcbeeeb003d691fafd494a6e46a56bfd27a0c4fc2ac4d09e07eca26f"",""735a25c2a7de7f455a1ee2b405397e5e39d5d0887c1ba784ff5a781367b065f2"",""73ef94bfd863101266b19ae1b5243b031909ee6f814cae35854517ff15234951"",""758f968a168ca52447cd270759439772ab7d2455120646c9a3d1c0499733c5fe"",""75e8e672077c91e8b89402726d161b20ded176c8abc39ec4a9092188cd64b66f"",""767a15566744d4b7c15971820f233993dd6ef3a7da77f3a153c02e5cfd848b68"",""7b5bafad54d4d5a5c062f41d8e43b74aee97e44a212c1ccd71f79e2ed87e6573"",""7cd1ae441c417e94f9a040792164cb466d5efc9ecaa7fb18e4c1a374d796e01e"",""7d9f34306737779893ca89b4a9541277f82ce5619b4280d8f603c15e35b38e2e"",""7f0ed07773c3116b32d7bc8666f68049d146de9919650cd72e87a0c85f6cdeb6"",""8041c17b255c3bc70124f5cd21f6721ad23cf66acfe56ece694af5abdcf3bb94"",""810533b7975720f1f0ad8713edd7f8d8379a3d5fb4de6541c3ef03275bc037b8"",""836ffc4f9804ce2609068cbca57a7963f9b731ec1dffc3b0379350ec5e415230"",""85d36dd033e3427364c50000607c1e26d0c8c0c124a7ba7ad89622758151e395"",""88f1dc51dc12753994d2d210eadfc174a751ac9064c6be433890fb9cc7727c8c"",""89264b026fb528990b281c8854f8e0c11b66d5ca8a3603eb2bb618371b9be993"",""8b5eda86ca7a825a54b90ed07c7967969c853ca93be801cec24c4933078bb972"",""8b9d1e84d9d95dbe87d7bbb81d391cff6a24d5db353bd852dc8e2975445cd2c1"",""8bc8ea538c83a654688ce019c120ad55cc1f4c6174d67d810610da4471314be1"",""8c87d45186aa07064e87c941145011e9f7f4b8d97b880e75d1d31f54b48f4057"",""8d5a93dfdd0e49b4dade3491e7de1a4c9a8784d4246bcb6be9e8d5d5d4de97fd"",""8f278b210e0c7f7e95a50c71b494f93e6b68d749c6e8944803906a30e9277d2d"",""8f2c9dba53bf6532af472e6d3e02e1899948630cd39e3484e1ef8ad3ebb2904f"",""8f34f651a7c2bc7e352c4b60a8f9d0ec6844eb964de99b352971a6a7a7b5806d"",""915ab18147956c278758e5865fa14fb12f9f4e00b6b18f74243793e770cc495e"",""9409f93a7d511f011185190493ee622df39c53724977022230d1ba94697880ba"",""94a5c926fcef5f6a50ca4ea14cf4cb28bac644393b6c32ce0142edfac3d77e25"",""9b527bd271d8932eee6553abb9b0072ccc888897a77ff1832b04860b168d16fd"",""9d11e78ee048ebf4a449eaad906e664fda21c855e081192eac9fa3ca23b8d205"",""9dcdc5719957534721df9f20a0e8093780ad6702a68c5bfd953cca96a84b12f9"",""a0f7b6bee6d82615751d0c1345852757c346bc653cecf6a950154776dbadc9da"",""a17ae759c6f169bb08454eeafd57202efe6f6fbfec402f210688e94c0bff168a"",""a3368bff1b7fae6b2d9e0017a75a8b4e690569c0d074e8531667bcc996f99342"",""a71578018c054a3ac1482d1e5adeb82438a91dcde1268967744a629f0086b5a2"",""a76c10411ae8721297cf2d708155856943ae57c30c089ecef0513ea49d4ad67b"",""ac077128b5be137138e7e4375df13231d048b36188372fadd0f3471f8c8dc611"",""aef2be2f186f1831f48d3a4ff67e93e0f852a054e0239d7da47365c4a6a1f529"",""af5b0c0d409269656f078be3e00c4bf99233e20da759a5e62dab049c1233c0d2"",""af5e363b85e0fffb4f2236c3c88df674170fdecaf1f43f63a1c6cae985885bff"",""afeae20c17c42dcd540844876517fe30ea4909af1826a6e184007eb11c7ef496"",""b17d8251ce07235e12f5dfd49b37169b2e962d623efe6477aced77f48457ed13"",""b2d59ccf03e29115bebbcaee36b3e59b016ac190361e8cee872349fd4c4bb7e1"",""b3a21e98813a53ea9497ea1e35f11d1fea5ca8e9b59df43389523a2acc6da731"",""b3f87df80c2d853b8f4eb4fd29de844cb2dca5f706996723d26b112f2d4e51d4"",""b86150b5290cf3f3590be263620a8d13de12f791cd854beaf2ae88cec3816104"",""b947dee2f03a94aa18687866358346321eabe1125995d0a9f0b4b16e5c0942f5"",""b9dba6dc870ed194c37201aa8d38ae329b56942d4190c5b1509fba3b5486fe4d"",""bad6712b8466eafc912a31ed153331f3e4736a6f74d55e8f4369092aece70c2c"",""bb8c63556dd36a59dd942dd32df1896608d22fb840e0fa6e940c2d39e8b560ae"",""c08326cbef6943d940f76a53ab1e8296ac535a001b0d82fdb5d6cee008d8d61e"",""c34a6b009162ae2db17365fa85a0d580dfecf38dee1b55716cb52644dfa5b610"",""c3b369271b1b7793aafd8d94073d2ea89785fdf06fd0407b5ef617deac86fe1a"",""c4aea0c764a5d3b3ee0b53ee00244cb5b16546c64d17bc10c127cf2120a41dde"",""c7fae5f5e989d0cef368ede0d49b0d61c96f9dadffd261beafda317547125d2d"",""c9ce760634ae89faf19054d26f5eb19b6b38744541b92ebd85de933cfdbacf16"",""ca5cc678634bde5a87ff78d3da05a1f297c182e01e6ad0519530b796fe72ca6f"",""ca95db42d093839c11cf7b462e4b4daf9e43c9ec70d887d31ef858246fe30d7a"",""cd1059f8988d1b7b73170068729bfd5632078bef06b4f8f9c4b457eb0ec98f6c"",""cdfaa0f4962c4361d0d93744b0f4419accbb4f20a4a0352a073216013ab440bb"",""cf18de60cb2fbae7f57f184f75bfca7c4f5350af25b7554113fed6087272bb29"",""cf2e5a905c04e92a605fb352c57265bef89acbeecf2c5b6bb6714f78c0e6bc7c"",""cf4aac429b792dd64acb4613c08fd00cdf253b537bebc4e6eec4dfab9350bbe1"",""cfa3b00175cc84dcbdc5b7c4472e7924d34622d4a28599a8d5bf318360ecd6e6"",""cfeee8fd5319a6deb9a4358e60fe97a1ef32765d4c318b96b03ded9587c0ab97"",""d2763512f1743d89f9f57fc7d2dfaf781bf54fdcbe840646c5dd0ec07f11962b"",""d2856c22ec4294c467f382ea5322e72adeb2b4bfd57c739b610782e5f7e5d0e6"",""d49efafa613b0f4ca88e17c29a2f77e8f2b05afe488e7fa3bec8e89ef49851d7"",""d6b12359d1a2a888573b4e600f66b69ddb2bbab2ac4a14de41b0fa64f42af179"",""d72c7b96152cdb80225c60a8487bdee315f281f4e5d9f28b84af9ef9f5d19b8b"",""db2ffcc828be8d19346e1d8fab85674059d2cc2a178932784a3afc365d12b7dc"",""dd54e3097b073ad9f22642f96de9f75747af612ef2c80d4544fd2889b8f4bb96"",""de59de862fed5f5fc77623d4835a6216aac76b3455d5bca04677ddd909918881"",""de8e543695f042b6eca46fb4abfdcb9972110ecd308b16487bccf0bf96ff211b"",""df172962446e91f9a93ee5110a6d91d8c68e601289fe1b95588926ccb502bf59"",""e40fe3d413e677ef3487765668eb19e144a72c2867df036cce4d29d5f54650a5"",""e50a3f70a51852de243de6763f946f36cc4d3200ada59ad4ea5392cf74c3ddeb"",""e7f9517f9239523ad269c1422e8d17799eec1e636dc8506a63300116666dae12"",""e8294c9ad77e3c7dbcbfae94ce75112a5c3838d04923fe1a54192960959ca608"",""e9cdf0de537a0c859fc0d09b6f8c5ab708a1073158136ac04177a67023cc3778"",""ee35305f88be581e178d595871356ae1ad5063591373b9bef7307da16ef8b89d"",""eee61c4cbcd065889ae4e83889c7904230ae2ab81f0365ade49c25755d266de3"",""f18771e296e58dad966333f3e9969c530fce52beabb532591fb5d8bb4de7ffd7"",""f646a6ee78e21c6f2f7d32f93572ba5d885de0c983e3b9d98b02f4b3074bcd93"",""fe360e628851869620eec0ea23cf55a7b0f830a1ba205b1074c77e77c5e61fac"",""fed4e603fe2a9f5f613c898a450c2313e84eec315e8d46192cf77a62bd25fdb6"",""fef6c6e1ede7b42e7fe089780eee1adc1d7ef3f196a51928bee0249b0371376c""]",[],candidate_unverified,0,1
6cc8dc4cd71f2bf221924908366a7c21b38265a208ac6adff8f9d27d922630f1,1022,bma-district-1022,,entity_assignment,geographic_jurisdiction_candidate,176,"[""000ba0270cdbdfc6654376e4fed7db89a6f963cb4499e2442988875069bee7df"",""03d8592e3faacf8d338f3441e673ee4730b0bc976d8a76018f121cfda49f1b1e"",""065ab673d24fed8b4e0ad0a3c6e17c0ebae6490628091283cd50330d8b3d3533"",""0ea86ed29f64afbf01e2b7ecb3c1e7f697a28884b49d2645ae9200bce45a4a7f"",""120ef3ec380af39265dcd159c90c69cdbb3f3b97a7316314b8b36a6c6472c5da"",""137ceaf3edd96efda19dfb1a6022273d71c4938671f80e3547415843ccdd4539"",""14b651ea7d7d71eef93af5d907a0de288b01abb6e41d94543f27e84cd25d04f1"",""14dec55fc842c4eedf1dabbc229451dc3a3f9f0efad5e111cb96bcf1efe264d3"",""14fcc79aff6c531e2e6bbc0744c1be223a1ea5e15bd7327ec63b11b54c0fd6d6"",""1570c6172802a39f74a666e60990f01b284c7b4fe8034997ff9f075ee76fac0b"",""15e1e3bdd0bf79695750c7f34b104366ef0adce17f4c089ee763754fe478c73d"",""1a50331c01d2ddf73aba283da419c3495b353b3554649ba1cc9ba46fbebe0aaa"",""1b3050f8153e57f427d1b63aec8810d982ea340b5aeb385389926c175d081f7f"",""1cdeba425ca2d4f19ca2f78a5b28128fbd7f1f909c43467204b7e58daa37fef6"",""1dc26f10045eadc2c7fc77c092a7f503df13f983989389d17e541a991df18ecc"",""1e7006ebe4f504b2f7ea63472c3afb0eb8872896775b17ccddac57ee660047b3"",""213a9cea64b61dfa3ebdae2c19a19d83a6b75f26014c8b8ec70b2b26fed268b0"",""24b24e00e301a5a35161e43cd4695d17e3a0b23cf54c552c9bfbc602b20b2e6f"",""28b2a0ff952b5461085e6bc53bc54ceccf59475db6cfad1ddb8eeea86527afc9"",""29b27193cba94dec22c63927b9bbacf27a8e8acf0de58da8b68d1326417d830b"",""29ca2e98d2361d856962a14ede667b57a3db699e583b6e0cdc682b24f9ac689f"",""2a025109845d7b84c2113861c8260ff63512779d4b90d745cb5ec5e0c8bf44d2"",""300a658816f16a5ec474202d724829585de57e53a63b248ead6fbac1e6adfc5b"",""30cbde86eff8db9cbe1a5f1bf5f53a887dcc1954a663d0d4e95742636d8a969c"",""30ce835bf3fdab12c809bcbd6279876850f568301643605a668f90174628a6e2"",""331882451f92aace45740b502230e748554bef79ab69b038e96fae0841c366d4"",""337250de888b969d5d6237f176539a555d37a575dba98c118b5bdcccad6330be"",""342ce75f4c771bcd570cda10aea392e0ff0a28d3d86f3728ab4fb59833a88228"",""354c3937d1cd89497d5bd80c7734a355772428e09d858e38914d6d35c1d7e190"",""3595e39950ec232cd65f4a252c38c24149472e1868e5a0ea769ab914f759ecd7"",""3666917a6b04f8da520950f7e97bdf6bfc3b45fe98d6844320d7a43807091563"",""3759eefb802c0d686afe96e085c469115692a8bf32e2580ac2ba2823e4e9770e"",""37dac59564e3731bbd525bbcbdf84dd0910333d245a22ac13770fae25b19e712"",""3b4fcfe4df6d34d9ad77f6a04c400f6c44354526ebb0f7734a457f3fd56e6fd4"",""3c86c4c440657e7a2928da0887a5c8c41847f307c54aeba595bbaf2ca5abd523"",""3cd26010080649f4da5e35abab0ae72df3b47b2b3dba1323cb424e14d1d2d273"",""3db4c09463ce036ebe98fcd53fec1fa502d5f283c1f096a3b5ce6746f1dce1c9"",""3ea3f0ac615664f664901b78151d6903b1e633265f04326764a769110c69d45f"",""3f3f9251ae344b3b4fb67416b58c8bd3a5765acff36008f975e9b4e6d358817c"",""3fdf5d6060618bab556bc15dbcdb28ca603ea31a3026f2adcc6c33d3f22d8da2"",""402105de6d3800500c0b46ea836c7488e6fbae3ebffdf7c18e447e0c3aa15fca"",""40984aa3eef1373d55ce0ad61b3070aa806f291cc903123a1299967b27f58841"",""41d8e71a03d080de31244c664e376802ee2d4372d846a1f9df57876825960bed"",""43f2b961626d7533b05945e7d08ab01a957a1fc22cd569af8cb3b98d0c5589f9"",""443c6d1d0e6c2ec782ec131ca9b05c1acccc344db34a191edc5d30eac3a7a73b"",""45417379fcb57346dff332b6b2378cb00a887aadfc395813b8c00a965514f10e"",""4670d37769bb7d847a35764b79dbb9b0d82bd1fb759dd94ae1246df6df2de6ba"",""486a546bcf8956782140ca32795871370a3017977bd152eb6c06a19b88ca7e77"",""49610b5f31e30c91b4b4f1dbd3c47123f805027cdad7aacdadb39921d5162fd3"",""4965d7b5eade79c7ac8585342bbd8ed3a7f25f93656dce4930cc327532cf3b74"",""49d855f32f12851d1f00490fdc167b45077f0d8c495c90a16b17c486aff86866"",""49efa7ecf96f6cd061c6b831d5fbb72ae8befea684f40ff5c20f397834ff8a11"",""4b22b2856702b30ce5f21d8c18bf77b227abd624849642e4571652aed5968dfb"",""4c13285e07aee98a04584d2f3d5805bfa03e8bf9464d2b3ae84a11a92d445068"",""4d0a56ce083d58467cc01eaa353435a1e0f07022bf6ca07cecebd6fd30bda016"",""4dfa07acb56b604af09a35936ba9ef439738e0a634871d719ac6ba8a315aa26c"",""4e11b487cf5a1ee8c07f9dfd38b1056a37591fd81ad981c42d046a7d351b1c2f"",""4e2b9a09e1dbcf10a3ade974653539b642c97bae41d9ff926fa25c0336960275"",""4fa5eb7bc3877f38850d23be1f24a20806d9cf1487abea2c3bc365996258c9d5"",""4fce63acaa0fb94d3e4c94d3f8cdbb5797befbed4ec6ea9bb2a47392aacae7d2"",""51e6845c31ebdee91d7af8a6e3270db4ba65c7d2113c347dae0df5664dd5092c"",""556a1d7c29b212f48798b732f0ec2c053fbd84aae31dc501ffe3c71de4db10d9"",""5905a9576189214a62ed9d54e51d1f29c06d87b7b1da7ead9ee8f97624394f96"",""5b102af63ea4f0b159030917da6d221b6883588675db96817c397805c78b87a4"",""5bf8c852cc74831c215f66196b478dee39c3aba20ac8d971cd51dba4a40b17ef"",""5cb3ef8fe15ccf9717ff6a08cdbccc4a6321f17c9a6648c6c93a5da94f93df5a"",""5d5c7fab0a7db83e47946577eafac374f91b83efc4c975c9d6ead9dfe8af47f3"",""5ecfa603558512877827f9a08870452bce4007a0fa93b7e94cbb72c2df238ffe"",""5eef7bf72c8dffa1b3cb8f9da49dc6f342e319a3876d0d7aacf897eeed5e4310"",""6321fa6825569d6298d7ec1789c1e9cf496a6bfb6c83bcf0c84a802d53fd72eb"",""6351ba8a56296907badb6d378cc53b2607ca732f785b3f826a39b6f38bd9ebf6"",""645b2358b0c87e7f3b903ac461ef29e889ae6d837118357fbb9a885fa310bf5f"",""65399fa13c74f173a4e01a909db66186a2afe8f1dd4ba58c394a034589ffaff1"",""65912bb711c581913fd12731222aeca7677ff2010870c1038f3d73124e1101f0"",""659d5c091e2516ecdf3c75be8e2be6373e50d077b46bfba16b13449256015fe7"",""670992af42fc7d9ba658be05fce0e9fa00b3d7d1cb83e77b015025bb8e7e6f85"",""6928843b67559600997679d0ec168fa4f8e4b108465ec291dccc03fcd4a8abc4"",""6b1db99a948af04c29a33d62750149d32e6bedd05206a09f3fb3da534b2016ea"",""6ede36039f7875b54f5ac3dbb76f3dcebb0706b63338dbc101836f33716d9a56"",""6fb91cbd9d49463ee57cbc31be726c3509f66520eea6810cd8447d4d73f9eac3"",""719f7a787f4e85170a7719b79d6c115ac78c26d86094d5c97bdf85ea58fa84f1"",""71af94495daaf3cd8cc1f715a581450ad7fc6e329217ca3ec7ce60d316a609d2"",""7878ea72c70a412b8648cb1fc036eaacdc7217e6628b8b2ec3941d6e919272ba"",""79529afefd971057d37b98d8e0e35bed8a910a6d89b3e2f4d9d1cbf6bbeb46ab"",""7ad133ef430ad48e8f9498e7bd71b0f57d4319419da857f5d70d068514faf37b"",""7f3a55cad411548c6b1acc59842fb2dbf8dd34a345ed67f083e4806ae42ebf67"",""7f957d185bd9068171fe22edd3ebc0df4c1d35b37c50458efabcac8d3009bd42"",""81ce7e26a620b1973a60ba3c629920bbd2b56565782c856ca9cf3bc15165ccd1"",""81e9d627052c054ab5ad53e412d63baab71c2bce99bdbd4c7d36e1dc02061937"",""81f1d1d7e129f705324f6a4a82088fa0ec7148b3dbeea2d7446c7bcd709586f1"",""84ad93c1e00d7ed46829200f30ba6e17ecf59cddf4a7267c78c784c4db4c0175"",""855e498d6659745cc1b0731c3ca840f95465282f02697a75d87ffed25fbe9ad7"",""8656691d21b6bc9468298567e06581e3f78ef4b946a0cd026cde3e59be676b82"",""8896be8631afcbff84ba99414c0560aa2d95ae73e12ba0e67a95aa82a3a25839"",""8a33950ef2a1cc447b27b29674c0d537b301b3a7eeb04341b8a36a3f32ac1a95"",""8e8674f29d6d7c4cec3c6b0f5a99f71967e688ad362fcef68f99bfc291944615"",""8eac120f3c644e915f8ea3cf1c2516cccb6f005a27f02140ba0ee4e9d884cf99"",""8f6880dbaee7449633a3a8ba0514578c75afdc89bac046b43f78df12d45f03c5"",""91020b20179f5f398cceec37ecffd800805cea1adbc45c74402b65b801801e47"",""93edcef78b7a5c2a39a9afae0b215e61052c83ccbc0b1293fdc6ee9c2f5b3196"",""94a2057fe3921fdfda6b9b58a6b342c610d3d9a3349c3945785c7d6c36ccaaaf"",""978fa5d35c9d5f6f8875968777dfc83597841b37a4c309b2891b1af516e253d8"",""9909198db73d4647962ac7fdecf00d8ce98d1a9d3cd09699a9707b8cf35b2cdd"",""9b040a378a00b50fb4568f1606606f8c02d98cd0caae8c4d6c4006d7585638b3"",""9cf4dfe3ebfac3145d9919ef78393ae1275fce310ba2110513b102fafdfd905e"",""9df13b4ff2cd67a7ef49646776690a1b7eff79ee8d0794dbc2c842b21235b2c4"",""a0933cdb1f4624381633eb1b0b01985689d8b64a204228f7b4eb462aea977a36"",""a51d5f0227a8c5cb1e0337afc22b31663e3896f0bb9faf47558e93b351850e11"",""a65aedc0294d816c44b1ef5626662ee15204dba21eb84e0ffcd6c9808914a30f"",""a7344386c2dcd6d7b6ba3d712e875064e46c3775f3162d2b28cdfc15f47fcbe8"",""a7b7ee07c52323b773de60722a6ec7c7328108c4cf1c858a068c1356585d9bde"",""a9ac5fbcaa61fb0330eaaec48ef78b804990d44a59114d718196066a3be31530"",""abd891919c39478eccc0814400f07811a8cd12ff71ae8b6a11554998c9b9c8b5"",""ac0251d20ce81e1142643def812753073a6cf0dc29e6ded159df2947b5e92691"",""ac0266c3ee8daaec11b36cd62101b9911faf947bcbc2a7e22fd089e9d413c0b6"",""ac940316396d8d3be4cdc821529d71b53b29a652a9545a17160aad5a902be3a5"",""af19d137e499c3ae3e0653056960072133041e0e4333b3358555da358de224d9"",""b3e39a83948a7ca34e2841072f6bd7613ecedab1cc034a514825aa74c693fbe2"",""b562c19f43be55ffdea978e826eb273366e2d74c6fe81703dff2482b341d7100"",""b822a15340a2e8f6f67984c97275aa75231ac2713e9a9abf21520a2cc4dacf16"",""b9e8d3e7fc4d0e465c4745485f46b16d4a844e76251d3fcf33b41394da20d08a"",""bab41c480ef38be9bb19cd6024f5f6274f4115e3ddee39f604b9e0074ddcb791"",""bada2a6c1c23f8c641cedd4f7c09dd88c0f859a9f2ffaa2b460f494cfd33298b"",""bae4ec080041708da81bb92b3f1a4acb63ddb8cfa7a86ad377b9bb7b4aaf8a46"",""bd2bbb0acce9e51ccd6d38674a0d9ceefbe9f8df124fb7bb4bde69bfc93bd8c9"",""bdb99795a497c28ccac063219b6d2c3f8a7df1275b5b3fee4b5049b4863dbd01"",""c04dcab3607082a065e7d72662be8d7e93d225a1099edd05878f58f142c8c713"",""c0ecf2d633a1b3a1926688807615add69c60787d475c92413513c34f2c04e849"",""c2a83224d9531d9a87f4e28bb46409b90baf54ac410bf8466fb3e1dd1acdc1a5"",""c2b087f91d776edb22224bc80c80100d668fa6c1f4cc6581553965784dbf8f22"",""c2fffbe508a8750ad50c0a7eb1e79ba70d875decda4b052ea4cdc8e76cf4ebfc"",""c3b2d9d4d9212cb354f831c508c6c238d4db6274e19fb4cdd16c0f78ee418489"",""c7af94cf26b415c2874b3836edf622e177be4ec855ddf7e3684795f7c1ced9db"",""c99ef2786a7f2f08f5fa2245b2c492f4adbb493a1a604dd05e93d16e273b5d0d"",""cb1f5c5c4d23ad229eddbbd8727b6271d55284356a7e89dd7df6f03502512943"",""cbd1375a476f78e1b9dfc5b348ae1419ffd31ea378f3f8eaf4149711e4a2481b"",""cdb02d781cfb660a82fb41801f3555e57eb94fbd24cd6046845e2d079f1630c0"",""cf06f3bac856aa2d00cf76c57f71d2d5c28f5a29a87f78d4ecb9174c79e41364"",""d280cc55fdca66733c8f7af40bc00c1c5cd2b75d8f20759650781e7e2d7bdbbd"",""d3333f27013508ba33ed5a07d39f03dfdd88011fd3c78260a477287e85d18de9"",""d3fbf60a29da61978935b16531177e7538daccb0fba77651171b2d710c6384c8"",""d472e8b1eba9ee3e371a5b4f5a9c8df9cddfa46a93215ac5278988dec97e32c7"",""d474ea8d82e53ae593c7eb09cf63e0ecb56a927864b480d6942203aff92636f2"",""d6b134559e0befa7de5fa36c4ddc6e6dec21f66b9949d30c043d3be7f140c558"",""d864ba5f9a0b7d90e1129d915f5bb8826116203dc419c5b42ee2d7c029d48aba"",""d8c26527505af4c36aaeda01a8b42f207bead75110419d6cecd1977f6ba55f65"",""daa40b02dc7f06fceaf0bd4fcc51b19ac1d49e9d543c96dee4414a97ed82aed9"",""dd5087936640a6ca2acde77f0090059d04ed7a078c2debe776826e0f6e701cda"",""dde7cacae8aa8bbd2100b084b8fc8c666c7fa6d9dd1988bd7dacf262025ca356"",""df663f08f9f4a60a08e916a2d04367483a05ba17ee255035e1071b8b8ab0031b"",""df6fe0b881472a78cda6da04fc5ca65544925371c10a0ac5816ce905858f475e"",""df990303c5f254a68fdcfa3cf5566f0a0121521069bc811ef3337d5ee1fec818"",""e0df431edc9311492e8bd88c167d6283a064475adffed179364f1c7b7292913a"",""e278163ec5d1eac2b467c1d4a6d3cb346f86b3e3af8894d7b6a957f94505dd72"",""e27eb7b49c344bbd8700876cc97bb6ca34bcc0e817beca757bd1307bfc8ea1ad"",""e626e3c2e9ed953d66047ee7b3f16de5550d2b4e7d0ef73f2b5d34d7780d72b7"",""e73b360df33ce8163a6e1b32226a6ca6ee991037b4a4998f157d8182041147fb"",""e7ae0cf42f7a507ba8d2ba791529c3eec697cf02dea95e1f28e9ae2df6c35858"",""e81e818482922cf8b08fcbeda76671ee910c5f2e5729e6f7d3038cbc094ff607"",""e82e58b0ca03f298bda63880aec10d9d3f62fd7309038a45c44e15f252105424"",""ea0019d935af885072da64516b53a114ddb2382208b39325791f2e9aec50ffdd"",""ea4daf133f985a9d374eda2bc4353cabb5f826879db03b0603d92b8d9a10156b"",""ea4f816d0b6ea2c395a223ed886bc9fe575aa0c1eea41e6b79d4c327d45234be"",""eb13cfdd6d2726c8a397550b51f49d16ccf5bf8a22d29feca151d939eff30b58"",""ec8f1d4bab77053bd232295f45b4eb415ab38daed5b74d9006672fc1624765c2"",""ed2523da06c0ce5719063de008fac45272ae6a936297c3d6f05e84cb28b9c51c"",""f00f3f7b3b7888cf06d81210b1b7fa39e6e2f0b21ac1df69ebd8c91515237240"",""f565914bf868c2c3a24ec42b87646c829b95458d89cfe115f80d04a43a434bcd"",""f925e8fff90110544dc8608fe913dcf91fc889bd7821ece6915b930f79376a92"",""f9d73d81cca0ec57a74ed5f9ab9a4e1878e10f654bc77618188028d285f053b2"",""f9d75e52252426d5bc886aafa06d3fddf8cd86dd839868238c33863f53d1df20"",""fab034f3092608aca34f45e3f07566d2b747efe3d79d179f3fe516c655ea13cf"",""fc9b163bd9626d8bd423aa31589ecbe879c2a549b09aa693a337b24f324ca621"",""fd4387b1f9dcc41a4ec3e86254f081c9615b0a65e3f3ab6f8a44435f5762190f"",""fdb1a88a2354612c4bddfb7777e264f8e92470a0891e80a732938dea72a8927c"",""fec206a08fd00bf02b74255a54260a867fb5c38ff094fc2c09763d212235a531""]",[],candidate_unverified,0,1
f367cce00baf28cdd0aa2e78d7574ad972fe873ffe57f61bdd210642bf8aafd1,1022,bma-district-1022,,entity_assignment,primary_response_candidate,7,"[""00f09b198e486423d82417dfdb5ddd8c6d0310ce0f3d9ae4f7def9273ddc77a2"",""1d8db94bd008de27df2cfa0cee2d31d8b202557357094cbb93d572481c4e7f79"",""547acdffe544886d792a5b02faf2ba1b7e4eb0c4757eadc6477282fa1e03df7e"",""61924039e91ea27ea3bb1859839a36d4daa66f13cb2bd498e69fadae13d54f23"",""7c5c4c92f4c04531ec8c5570b79a4ec10904e6e74138b295fcfe9da8e0213af6"",""9cb5494da8c009954f10cfef918446de8fcd2568b8e86ea5d32cc7c8d322a8c9"",""9ce489e7d2940e2872709ec10f1e755d8e8dc4f2963d5d20bb87beb3317ba30e""]",[],candidate_unverified,0,1
87c4d90093f388bb17cfc39d566a27ad6adc027e6e60e07295cbc32e638d4423,1022,bma-district-1022,,entity_assignment,support_response_candidate,4,"[""32e107147427beea806372ac04745e1e4493a7fd5bb58468b1de6cd34b0a3483"",""705728273672192ac0c8c61f70bafc82bbd9248d1a331551287a937c21b791f9"",""73623125e304065c8f75a9961fee583805175dc6d361beb2f74f29ea56941970"",""9691939d06a196ddbbdb1f786aac45a18898295631caebdc01368533f5b49c44""]",[],candidate_unverified,0,1
5861c963b37d65e83c52d6ef60e9003b28585e097d6c39befff38d2a416fb6df,1023,bma-dds,,entity_assignment,asset_owner_candidate,7,"[""09c7d2feed3d5fe0531d2a3fc59665071f289b3b5bc6d360945f13e676c9d37d"",""3a8321117a168a8369c8b1d7d105b0d9fe03163321c733d5378cb47bb0cb4302"",""8b5a8d323004e6d5024c9894582e17c05949f4840c5d54936df9006ee249e617"",""a8fc5d3d5328c1637fac52c745b4f224da469d835b79bb2068b3ee01174439d9"",""c25bfc1b511d2dddb9441d8b3730c7c97cab5b862035f2d4714e1e4137c8701c"",""ee1a127e07f2f414d3a0aea338911426ce448cf3fb55b8c4f4bf3d8a4835f264"",""fa7db72d428f823bdbd61467e34ccb80ab600f84c88bcec3a479abfc35fecc02""]",[],candidate_unverified,0,1
18dd1e91b26755ea5a513086ca69049875587a2ebd4c73ea7d4de8806ffcdc86,1023,bma-dds,,entity_assignment,data_custodian,4,"[""62f2a301409b4b45f6ba24a39751c6eaab6f3e68b15a78fa0bc443ffbcaacb95"",""90b2117226b9d560ebd4af2ac37d9df9383815c634ad802a873f13a481d4c069"",""c577317db7e274dfd971f815a42927f74456b154d64891e314806b007bbd4520"",""d0e226a516c1d194162bcfb9b7028689d73af9948912724ffaf579121fe2166a""]",[],candidate_unverified,0,1
a216866dc78c5b4828e42e25d0668aeaeaf28bef7f2ae441b7a2a8e2c7a5f67a,1023,bma-dds,,entity_assignment,primary_response_candidate,5,"[""54435ecb5a8ebe90ba376730c640bba52b8c183215f058033c12d1010616ae8d"",""6b8b1cef3bf5f40087d32dc6db12158c5cd5b07c942cfc64732821356270ca14"",""c875d67c4bd6c614af835cc6597cd3b04c93e99c7e57ae650876abec976eb404"",""db28e490e905324acff5b52a8f09bd7f66fac71e2b1ce2488d387e4478cb2a6b"",""e8cbc132b7efdb4b043b43581e1c01ff7d6db5ab3bbecfcc7bf1409ab12a3d79""]",[],candidate_unverified,0,1
2e4223177bf110275485d448c08f20f3bbb03ecafc42fe37b6200f68c3711fa1,1023,bma-dds,,entity_assignment,support_response_candidate,9,"[""08ecd422e7d817fd80c2ac752ac1a84f84fda847f4fe86e2da7dc5415b8f737a"",""34e3417f76211fd003237c7f38b8ddb20875b7d89b93f17ce806d34487981ad3"",""64e8a5860d5bb77de8bb5433d8b59176e596f19ab11428bc0b9cfe94c35020ce"",""786e02f07a7e469ab245affe1cc8084812ffb3e5334faf31deee65c066f77768"",""9f9a38d0b56529af7842b4bfb87c694eb0a6aa8e36398730d61d24ada1cb082c"",""a8101fa25813f48f6b126270e97913cd6283355c7185ff4268957830cc21e82b"",""f32200dc789c394e49e08440bf4d1ca10450ac271d16b75208f3fba0d60176f2"",""fa27fedb8a9c2fca0b6a6f1d8de3f9278115fbcf85fb53ceac1e705cd8eec74f"",""fd5f941202bbb2c417c874e24610e356f121437b9be6f686128b91c6d6f2423b""]",[],candidate_unverified,0,1
c21bfc07431c7d0e63ae9cad26bb1a1e35a40709b09373323c9407ee88bafa18,1023,bma-dds-canal-development-2,canal_infrastructure,incident_capability,canal_development_candidate,1,"[""298713221697a98491c65b5903c7a2a9bfecff9683a12d1db6aad78b9b2ea4e2""]","[""dds-canal-division-duties""]",official_reference_unverified,0,1
2ad7750ad2c57ed92598e4260173ce42df1b1fe1e43b1c07be84ffeef38f781f,1023,bma-dds-canal-development-2,canal_obstruction,incident_capability,canal_development_candidate,1,"[""07f9bd0f650a6beab36192889b594ed719ba67cae60fd20535d2206f6f89a321""]","[""dds-canal-division-duties""]",official_reference_unverified,0,1
6336bc3eeab72a730d36710e082be4a3fdd779cfb85877a787bb949bc2e302dc,1023,bma-dds-canal-development-2,canal_overflow,incident_capability,canal_development_candidate,1,"[""30d471ca85f0a8d9a79a22c9b11881b44133e405e4e4cc207cff2e38bc008472""]","[""dds-canal-division-duties""]",official_reference_unverified,0,1
274547d2debf3b72467bbdd68ecebb3454a42ab7c640fed4f28739aa101a05a5,1023,bma-dds-canal-development-2,,service_area,canal_development_candidate,1,"[""ac44eb752e494d07bfd8649932b148f6d573142fad0840d806114154224c6783""]",[],official_reference_unverified,0,1
c87a701040cb1febc2976ae9b9c73ceb3068b0acc074603d21d2fb904fd83a7d,1023,bma-dds-development,,entity_assignment,asset_owner_candidate,1,"[""fd89e43a262074bf13bdece6b2dd3ef02cac8f39143e04891e9efb59a65e8118""]",[],candidate_unverified,0,1
34ef86b9db645746f68ce79afe7bef24e2cb12d4ab1436f9ebc21ca24d750abc,1023,bma-dds-pipe-maintenance-2,main_road_pipe_blockage,incident_capability,main_pipe_maintenance_candidate,1,"[""0bcff4bef83e328c8fe4462e747617e78dfa8e0c6f6e8d4ca7c3335a2b1cf478""]","[""dds-pipe-division-duties""]",official_reference_unverified,0,1
2f6cd5eda41a2bd25d1b61f55d004a57c0558f2a1f28f5dcb416afb269d61c05,1023,bma-dds-pipe-maintenance-2,road_flooding_main_system,incident_capability,main_pipe_maintenance_candidate,1,"[""c75fb497e1124d944cc35c4d7758eb0e7fd377e7aac3157a02c2cc7e741ca7f5""]","[""dds-pipe-division-duties""]",official_reference_unverified,0,1
1a0d7fd58edd9d7654e6a416d46eea87a2957485a6d20e24b2d63ebe9483ec5e,1023,bma-dds-pipe-maintenance-2,sump_failure,incident_capability,main_pipe_maintenance_candidate,1,"[""051adc2d1f0a648986a7208cd4ec4f4c05c3394b7d8598787bf778a044d73f70""]","[""dds-pipe-division-duties""]",official_reference_unverified,0,1
0fa3cc2905ead3a799cd16afc68b6801abdea2f068a68639c1b179db08e8b416,1023,bma-dds-pipe-maintenance-2,,service_area,main_pipe_maintenance_candidate,1,"[""53c76f0a570f32ff829a9854b4e01a5abb5d449165a2f85fabd1bea88a6a2013""]",[],official_reference_unverified,0,1
f1349e50f28a74ab47f336d17e267e2149705760bf5942e2d601acdfd3b9387c,1023,bma-dds-water-control,,entity_assignment,asset_owner_candidate,10,"[""07154461768ed180d70a02206034fefeedcf37670b58d2a5f501371e48f0cb5c"",""29bbf0e6e1180afead1f8a38b62e78282aa730594bc7015ecca5853b727d226b"",""33bfa2b2d850cc6262e244c570e2b35fd1c273738102edf77665c0620571933e"",""481af7cfcdf5c10c3e36f2434979017705237b4f39876eb67293bf99c85a5ffd"",""5d3ac57fe3c42d4338522c45cf0246922537a1754dff24eb54f76fa74f9da27d"",""70f0b8f249f6a980b5fbc6477b0f575ed0e5f997d8f0db667e138db3cd5881b6"",""7477914000452a79a6b0ae4ece8154d8988ddbcc10aef0c31bd8d1c336cb6841"",""af1dc0d35884283bfc02d212cdd2c2c70b70b7faa0aebc31a48a120b1c8e18fc"",""c1e4830e38e378166c4b8efa4ba6198e7db07f5bc3b0bbd766a6e823d144055b"",""d2ca258107c4edd3f86f9cfdb3548a83aee6991673783ca19e8ccb08c46c0949""]",[],candidate_unverified,0,1
379c98d5901649705f7dada3a8e1f5aca72826ba2992d708a9c25e6a4e81409f,1023,bma-district-1023,,entity_assignment,asset_owner_candidate,20,"[""029ba4a33d2a8eed25eeabb31646a8bcdce0c738bbc199c65f19c9129abc3b28"",""10be6e8911974efdf8f27adfd7c573887855b936e735d1c63c4bd9dcc1d4f108"",""422fbe254933bc6e1ea1fff62e2a5d527d8b887e4a979ecf3c72b223ce8c4741"",""67764eef8ac8c3bf5811d3fe0bb4108b6497fd34cb03e9e4b99383bc34ce2210"",""6ddfb3d09f2301dfcc2ff9124f3b6e4793522e9e9f146bcde090cc82f310cef1"",""70e7fba73912afa3a2ba93682c178284c15a002fc43c07c9fe1366f372b54257"",""71550dcca6bdd8ad218896bf0c3e5917dbd1a0c18ec0072f0150d69243793ee9"",""71b34f6117d19520f0bd18ad9adb4ee943dd4b5ae4ac98cefa5ed27fbebe9ec5"",""76754269a4e1a8b94d61e4b146c458260a17192fe48d3cd49d5c94d748c4fd15"",""99722b456a43aa2e8933f993e8af651856e985201dbede3548021681f3117ac1"",""af39153557f362213e189d090a42c901701131f7dafeabb9a772597415e690fc"",""ba2c1519ca8e485f81a50b3766ef3400313cf99b70c47d2b042cc6e3a58ba563"",""cd1950c310de12759616aed542c2f457f24a36b19b1328d2141e46b7257164e5"",""d94bc727611803bf31970e255f5f934424f843d63b5393747062c464f9c252d6"",""db17cd51aac31f50c8a30ea77cfc6981fe4cd72fde346401ecb32470ed2a593d"",""de3d05c2135fdf677d00edeaa4cf931f80b0ef7d4218e0e3fc6916a49faaf513"",""e011949f0405a0c4b6e1b20c35f39d6f757e01bd5bee0fd244eed244a9568b48"",""e83e081007e4f20baecfff04175da1558b13270c43cb71b543ca635f60144de6"",""f2c8edde0790b3c4f50abfdd8cfd13827c75046984faf6dcf0aab5f6bdcc52e9"",""f5d430b64275d548926082beb94d3b381a0f86b3f4058a82e5c6411a8c908fc8""]",[],candidate_unverified,0,1
7c08d7669aa7ba042267f4b6d4cd4eaa879b8105ec34795eb790f5d10b95fe12,1023,bma-district-1023,,entity_assignment,geographic_jurisdiction_candidate,78,"[""047a121386d69a10e9dc1be52a92a13f318eb252683fa1029d3ab72ab432933f"",""0aae71e1f3d3b5b94fccd3716b480952ae72f4fa29e76e801cde6ad20c1e21f4"",""0c2615550df913517a66a316cf162c0fc3d74b192a684798a740abc3240e7757"",""0c728f5ed918c2712ac87fd423ad642d451790f014c30330db432dfcbb21bcc1"",""0dd5e291cfd09f033f3ea9afd7443731388aa3a47437d08f9ae8437c202a0635"",""0e6ed3eaff96e09dd7e03236eaecd0158ac8a94dfef58e97df2103156f745306"",""181e1140c67e1f25f07ba191d8a433f03ea8bdebbc83a8db039db279ca85e8cb"",""207e9e336332518dd66ca5b435ce81c567b061ed91a8dea34786f19b428dab24"",""23c09ca328969bc12240cf6ff2546650091d18faba11ddebb359c27a51501b82"",""26051eb02d0c69f2424600bd3c2a2afe8897a8816ad0ecc6eb0cd880ef0ccb3c"",""28d21760261bd093b35deceb4de6a16261c77e08860b363b55f9c0b01c544c68"",""348668efd4cdac505010c7811b74b95c84f212215adf584e1b433d99cd5e74af"",""38d27cfe794d135455099b3ab7aa116db382b773ac84e3794ef856a4560798a4"",""3e0e9b91ecb14ba75da8b84d2f9fbfe02289d8e1953b22a0e2e126e41b86c2a6"",""3e4618ac7a0a089e50eae50399f55b044ac07da3873fd07c6d3741d22e9108e1"",""3eea5220df9de65dba3896677c806cdd8da84cc78779d9289063a6256790614e"",""3fe89076b452a688184b27af4b9d990d9fcb349828cd6897d59c854455bc2588"",""46586f8d947122bb2976c22e9f07e3416a9987d9618eed726f0a36803d62bc31"",""4af73c566350ee95eecbf7750a7f69684f64c12b95a72a3741a970beae53801d"",""4d162b8c0ee255c14be16639209406ccff559d55859d193329dd8e574f06c285"",""4e8a9a276feab3fe7b05b9d3d83d2f304f939a4856abfda04d26e5bdb51f2d24"",""4f82b382447b3f158c0d04912a45bba07f329fcf7297e5732afc904fe433f876"",""5006f2a625972d18c745f98908deb334f605464b61adec746868c0f8a2f34a55"",""52c8fc8812f526b35e2e2e89f09333865ac1c3ee1dcc585743767fa144a5d5f9"",""532d89725b55968588001324013e61fb67b240e7006173ac313f2ace31905f16"",""56b38925ebe63847cd564449d22f5a4c22fd6c38171a57f3ea614662e65a5e58"",""5974fc4853734ad611e3e68e988fe607b4bbde1355b66ac4075b19f6cfe89905"",""5fd1532caaac202eaf8357ab3ef2aed9c6c521069266da1cdb97b6667fc9d5a1"",""63aa488f6f682985224cfa7a4a1436dd27d42c2f5cce48e0d23f672aa51aa4e0"",""69562eb8e15bddeff9348259d640190d56378f9bcc7678878f0643918490a445"",""6a25bd541bb1f9eb4123a998346f69b1d432edab66558f26a85fa24d1e72ffa9"",""6aba1c8b0d39e35877428f2a744dbfdacdefee55de804c72b679e3aaba046fdd"",""7095dbc137ddecb4cffe279059e59451eded317980c7ee29cae6f3b24bf6a460"",""74c393574b8954b5e5f5348cec889b334533a2e3a9906ff4c2cbe71e60d3e55a"",""753ba55362fcf6dbea534d2be2ec32d72b705da665f515c460c9150b2d819900"",""767ea3c5b8473a2a1e7302ec13a565b8403980030493f0ddfc3383d1a292a4db"",""7a5e4a6950699c8d2a3b89db49d54481a80bbd279c81c4841bff5e868ecec324"",""835fcdfe88314ab7c1fc96a197d8da899dc9c931d7a9d2f2f5fe951d7b0dea2a"",""83e8f82f2099ad74a69b78b2157c026f0760d78cb01d007e8183a562e6fde1c1"",""85d25df576ba17bb20a07ef9724caaeec66bed461f8fdbd4bdd11cf618e343b0"",""8b828e58ce765965e37be3d83999c64ff88db7886dcb4443b9fca2940674d954"",""8b9fbf30ddc586f70aa5640d5084c1f6c81801097d24b5618907b762e15f86d1"",""8bc67d63165bb729fbc1b78f4dfd70e0e84517dcc60e8272196a2e7777393fbe"",""8ee91ede264379b9c0d0bac4f3b3468c3e2ffb1e524cc8355a0e91d78ccf27c9"",""97f2187df31f4157cb734471284ecf22e5ab10a7a15a2c5ff8ccacf66b712bc1"",""a0cd307ab8f9329d6508be5c6564c8e16e1901441b1ca6e55fafcbb2b8d90c27"",""a4bf2d30b93d268cd7efc1532eb7ae478012870bbde45b3db0b1f4542a641a34"",""a9e5186e1d9cb2fe958aa92ce15241d466069cadea013561ee1dc6d886fc1474"",""aa01d952d8527abbaf223d90cc583a4714e536fc95ae07ceb81be987aecc2b8c"",""aa9a4492d292781f291817e83fd769bebcc406d3db099f47420647233eb337fe"",""aedbe56891f4a5de5dee0f45067154c6980a746e1bb184a86e600932d4e54044"",""afefd5f8304470865be5a867c64eb818fd4b68b9f26080678ffa05e18212c579"",""aff54fc2bc8623dc5b5e1636204d3f8e91954732283bc574e2b898296baca4da"",""b1ddad3abf1699f00322be9e34e5dc2d2f21130145a09783110da898bfa1306f"",""b87539883aeeb27047643a8bbec291ca4f1607f074be9cad07f3324b67521924"",""baefe7b33683e172c5e614cf085ba803c7f0da6bb8cd4d77b868e6df2df5552d"",""c6e08c3bc188bafdae8af9b8bd1cbce0c895cd99b36e1797df3aab684af26202"",""c899ff43dbc264a665308482a7588fac5b34f2abfc27485d9f3bbb186c71dd35"",""c8de386ae5ae94456aa3ae69b5000c998d1012c41e2a7463593198a4d2f34342"",""cde65050bd629d02ddcb67d3bc04cfce22b566fb901bb11760b4134400fd0636"",""d04f49493009be0041767ef111338ca97e0b0432ac125166817049a2d26c8afb"",""d15f5a887a597115bf0969f522e3b2507280277a1d91b9974981179a7f000417"",""d232f549469be2546ca84976096a3b1370954cf0d849f9c9d8023ad04bfd57db"",""d9b288c0b2116559da62d27ac3b926ee5bf35bad2d333d114f28dc6142213cba"",""da09d2e1d9dcf506b9792b9c9c384176e4e6266aaa0f977eb9556e845ebb7f64"",""db3d63582a092cf0e11d24b5b7204c2010c0edd1e9d50e2a187d5d8c32f85ac2"",""ddb278e4e28752b2433e671be8644d9395468b6383842e374d8227bd254d750f"",""e4911d3da8ae4c6822aafd21bbb6734bc9a451bcfcddb416325c1c7ad4cfecee"",""e7542f79839ad5df974ed458398c71d041d8b0cbc973ffd95f5b2ff3ece6bed4"",""e83be4a8841f10e2020065fa02a70c999a1f0cf59361d1ad3a160fa7e8deaa24"",""e9517f7145f3852d527040ea406b5a7db78fab57d1ea4a2856dc4c61a5b0fc64"",""e9f8eda9ab6c7357701598a0e16a44bd40f6fe23be5183f59feb9eb0d474e299"",""ebc132ca053ebe220ff58a8f89c46f8a98186f7b9b8c1e113b477ea069b20daf"",""ecd9d0421dc695249a8e1543ec7a83d88e0086f91792e4646c0df749bff3a8b5"",""ee50b548447907b45ea6ee87c9321f4d6310e47a5cb53d07844fc23811f2d4cb"",""f2fa783a229bf3e74a1b8c35d9d40f391e642bab592bee5aab6bf077d433e34b"",""fa69d4792d14c2f16205adbae48b0cd6f7ac3b9c01093f5fdf3af935e259a3ce"",""ff1ffbe95fef044a1a2d1e58bbbd0e0dd1b757ff5c26f36b915b936eb051610c""]",[],candidate_unverified,0,1
1026a0d84a562d3e4226044bc291e3e28828ad192d5cce70d91226a70285ec20,1023,bma-district-1023,,entity_assignment,primary_response_candidate,9,"[""06909585c283390ff35b841ea59d13f7c5930a630ca4a3a8fa87373fa8a0a5ab"",""501571bda99cf3afca9d4fa001746e448c19f638129c6c288fffe2d5055804ce"",""5b865def53a0a91a892cd6c8cb32a672518ad24f5ad8c4dceb78f145e0961df3"",""6367b48f15cc00fb494d76af9b4903fa2bcab96fb7fa5934e0f33a3594242886"",""69625d5972f42dc2de753272c2ff1122cb6443c37705152d48dac6c0746df99a"",""7da7942aeaabfeade41674592d68c144c3789d9b87185ca095a2a59625c89210"",""983030faa14d4d36261dca70d44270bdd6527e072b2b8a30c54567654e04cae4"",""e8402e9b88735dfcf7a58a4e5d71be121eb53663d6a242730a5140fc9395614a"",""fa77b855e8509d8ac98d74e5f50312325d6751a3d34df8d3f5b1fa294fe0275d""]",[],candidate_unverified,0,1
acee6c5be7de23e95883c67fc7df8f165d177b9d69198c025b240da3a2452c34,1023,bma-district-1023,,entity_assignment,support_response_candidate,5,"[""78206255b437e3ec1b97517daf2f9d479af430b52d89c1db1bb9f1043effe95c"",""7aea80fa37af4b707d6659de2c9e5500782d9685bcb15cf96730fbd48cf2b351"",""8ace8681da56c377aee0811c998bee801ddf28a96aa35f637344f6945979be0e"",""8b4fbaaf20b094697c69b8d8c5ba590af29b48d643d8a1224e6e10528045c124"",""a5d447cc5c8f5821926647d14b4c9fdb8cd2486b9e4e75f1f22d159402514c41""]",[],candidate_unverified,0,1
ec26733b95b158221914a4b224905f71b29d42a0d71bbe72a060ec029e7bc2dd,1024,bma-dds,,entity_assignment,asset_owner_candidate,5,"[""0107c6ad2271a9596373415125135c674cf719440d8069ee8b4cc2a473d2a71c"",""c30d448dd40e8b440b04fc9f6265d0b7918c466e0723f2ba77307ce915024b61"",""c38433cdd9e41e06f8677a0a4245ef49f80cf756d5554281034ee9a37b7b1096"",""e698b61651b615a7e03f887b3a2daeeae75b20ee1cb248231fcb299e76e1f5ce"",""f2ac22e03034380b7588d592303c2ac115673c782f7e551e0b079c4b895699ee""]",[],candidate_unverified,0,1
2bbbbe1c63d911dff89171964ec5e81fdc907057b0a7a03b9eb7e759c3ca00c3,1024,bma-dds,,entity_assignment,data_custodian,3,"[""20ae7f21012f49e6a8fd8304e403ecc53e1aa59be2a976648d51012009876499"",""5d5e83ff3e11934ff344389d9ec76b1ada5a51da46edac2a69351eda4249570c"",""d7792e2adf81e3c07f49e12276aac05c4c8848e0255f9d833a338a9427077cfd""]",[],candidate_unverified,0,1
f857e8b703b7c45a86252ace0618a83b26237c862d69a484c11b95cc481221fe,1024,bma-dds,,entity_assignment,primary_response_candidate,6,"[""03c84f0f42e9867c6be18d95437ea41d50043f09f9a4c468fa46f9393228c7ff"",""32a6508faa18e409ea215c50efbbe934d0d4f17a2e58fa5eb43662e628b263f2"",""596238a1602bab8efe88c384b1b63d8689deb169d34a60d74eced8eaab5307a7"",""7e02d1d164697531107c89a8e98c890d93b0e2f3073bea1127cd5a394c9d36dc"",""ca42854952bb9931587efedba387f677702c27bd341dcd9b409358b892578b87"",""d14db7254ecd4d447f0d294844264208c6811470ac1991e4cce1473f6c6c875c""]",[],candidate_unverified,0,1
85408c48161c1048785e15dd374356812d991e63d3eb7793db061d3fd85774f5,1024,bma-dds,,entity_assignment,support_response_candidate,4,"[""3a88b68c83124d7ee84b49039d97d7e8609d48d1b622f3e3b1daf4ce0d8b10fe"",""52d96a94575d0f8cc225d5f465f62db10b7c7dc270f889e0a2a91b9da70d3c84"",""ba448f432d8c3fb8b27b73c7d0028496810b3fc60c84c94a58e3200cfeaaa1a7"",""c1bddfb964c9c4fe5f94954536b0a26e29ad05df040b9ca6d99b2abf82b13996""]",[],candidate_unverified,0,1
ec225bb97fbce899a12ff81043ad4e099077113a51a6818bb74dc4fe7f798b3b,1024,bma-dds-canal-development-2,canal_infrastructure,incident_capability,canal_development_candidate,1,"[""95104d7aed027a5256c15d1a8b5a75b5ea53319239f60119b65c508cece5c36f""]","[""dds-canal-division-duties""]",official_reference_unverified,0,1
1967b3b220b964924ae511a1c20698f38f824fe95bbf500b82e4982379881941,1024,bma-dds-canal-development-2,canal_obstruction,incident_capability,canal_development_candidate,1,"[""0052ad0c165031c9a5550e599179946a55c427c245e04213b1a5ceccd86a19f9""]","[""dds-canal-division-duties""]",official_reference_unverified,0,1
b2abb5223f21ff30d3032360df93fecc3fc6e835d5b744c758b1c23bb43ed17a,1024,bma-dds-canal-development-2,canal_overflow,incident_capability,canal_development_candidate,1,"[""0b49e8624bd23f3fa4e8e84f7afd5151a74d5cd157b7cfb0df705af504286c8f""]","[""dds-canal-division-duties""]",official_reference_unverified,0,1
3603b6a57aaf502090d80a20b09cc42014daacefc8ff47644e0d487265a4d44a,1024,bma-dds-canal-development-2,,service_area,canal_development_candidate,1,"[""001bba3cde2eac81e082dbcf8467c4eadd7fb89b78440e9568c5ae976a1ae50e""]",[],official_reference_unverified,0,1
8335369105676d4ed2b8baa68a1372e340b2b7913b979c9d6b1f96d026cc3f0f,1024,bma-dds-pipe-maintenance-2,main_road_pipe_blockage,incident_capability,main_pipe_maintenance_candidate,1,"[""01ff56bdf8c0f5c1bdcc4d3cf1082cb1b248052290a4d2903da03a66b897611e""]","[""dds-pipe-division-duties""]",official_reference_unverified,0,1
599c8e4e103ab374a70ae7f471404b86cb61cd2ba1b82d6ca9850f4e804774cf,1024,bma-dds-pipe-maintenance-2,road_flooding_main_system,incident_capability,main_pipe_maintenance_candidate,1,"[""bec2cb4f5a3e14d786be20c967c0dc6424dc1b241ab42bb1d569333daee06057""]","[""dds-pipe-division-duties""]",official_reference_unverified,0,1
4434cfdad8a52ca2b6cf0feec3c0d2523c6eda0e6ca1eb61093a7b93826fa93b,1024,bma-dds-pipe-maintenance-2,sump_failure,incident_capability,main_pipe_maintenance_candidate,1,"[""dd47871a5d16f226d2aaadbba12cdecd6f4ee1fca70d8fc22f4514571dd71fb1""]","[""dds-pipe-division-duties""]",official_reference_unverified,0,1
90d31fbcc0408bf1e8e2a799a495c4a5af8532ea7916cd0bdddef904be477fd0,1024,bma-dds-pipe-maintenance-2,,service_area,main_pipe_maintenance_candidate,1,"[""e01114cabbca2ac15b666d6aecc4286c14cd26f03b87376c451fa783e05b0ef3""]",[],official_reference_unverified,0,1
31d09e0544b3a1cc025a5014a4249ea20e7e352c08b5d1ebecc81d481fec6b9d,1024,bma-dds-water-control,,entity_assignment,asset_owner_candidate,6,"[""0f4300ff304794bbd88bf7de9bfdf5a24d80b51309d34fd87c4f49dbf04f8011"",""3e9cb5b6b9e781b42c8f9c1d75b85a96f7ec3a45d6959e097adea2b1edd10e91"",""3eb6833c9c284d23d23a81ae224ab951be4f43324fe427a697d2f7f272d6e388"",""4381e7305a35d4baf841390ae022d8c1dcbc96c57b77ae682d9477cd777a2917"",""55e8a9c0d8dc3625f9f99c9030add2375922cfa96cfe8582d319ad6ffa60acf4"",""e3526ef97b5a50d53d7b827b7426a6ea77b02dcb424e50a46b7bae12d2af9bcb""]",[],candidate_unverified,0,1
1dee7e0b98185ad0e74f139ea042cc41787d373b406867f46a0c0721cd313383,1024,bma-dds-water-control,,entity_assignment,primary_response_candidate,3,"[""077ca475e2e8278c72ac5638013f00617e5c317190227a51043fd2fae423f5be"",""4d6eddd90d2278a085c9cf641f4aa5841b3f3ce9b489b48ae951dff35f7126b1"",""ec99dfe1bfffcfcfc04d473ced7fc7a58a7a7e4bb07708abe787c6217d6e05d3""]",[],candidate_unverified,0,1
757fbe69e89da00cc5aa42605c58631831c3581c89e81927ba395201f665c74d,1024,bma-district-1024,,entity_assignment,asset_owner_candidate,34,"[""059137c092e8e31bc677c9f91f2aef82d34347e30e281ec9ff9bb08659b188c9"",""137dc05a46149258065f6a6f968edc56449e1699ab031c73520d41c67521222b"",""1cf35e7b8b78bd574c7a1fc15fb618eae62851f52ca5674af9ab03c9b68cff57"",""20b400a8bbb34e4322b8098c0257b6e4dc2ac8f9bbe2f4a54171ca635f9d4d0f"",""20e60cce0556af24ececea569f06d89fc313a62838b0fd042ed82465be0a5b12"",""21901f112e2bdf9843159085e365984d6e96b2c9b07c257275d99d4759cd1af4"",""233b512d5929eeabb5b64e8144705cb4a2286bdd8f7800f4b98cbeefa74d48bc"",""27bb12965c8e29a2f8709886cf66612247d81f68a53b2f492677743ee43da75f"",""38fa554a1f615bf20ee1289a2f240598aef8cff0ee43448da0bd9872a5497f6c"",""44aa42126426da21902a2c6d1bc3352c04904b4ee397407cf58f762bff4b952d"",""45f8cc3538873a53a71b9245ec0bcfbf3cdecc4d5077226b0a697b4dcc89aa52"",""48850ab8a3a43eed10459e1b3efd823a6511ce257750dd71fe0c32800b47bafd"",""513cb01d4e3fbfe616f7f2c94197c84edd1102e5c458950ab9e91071f09aaee8"",""5fd5194f1607eb2370334f1220982da54a5644cd00f89f53848fb5a43a00e109"",""644c79baa54c59653f4fa34839d212a3473acadbba6f8597d871508c4655d5de"",""6666564c7da9711c4de06b692ed7d5db51ec3d41ccbfe3f92c4b25b89b2c3871"",""67def21d2cbcbc030219be21a94966984703cbd984cef24b376655ee4290e3be"",""7891f9c03cfca1dd9f66cbcd5f20eae0c5ae277964be33b201d6ec5a0d2a8576"",""7aa0dfa2d78dd362405687d2489bbf7ad02ea664bbf7b1a88ba56bae3aca31e0"",""7b1b9609c85b5626ab6ef34df0099038af80f0161c1b2cb49777cd4bd7f1130c"",""7fd12a7ae9b2ae0846c4b48e42dcf1c7921b79dac858c420cb89d2adbc7a742f"",""8196c124d75d40c8ba4cf45ed199450e2298e087fa3789dcef88a01d6d5d3595"",""828ddb4419c6a681c13c9740a109758bcb4628bbc656c4e9b608914907d81efd"",""8453f13a7cd39be12409c7a35d6b4e4d1982040dcd2c0c8b5069ad770d8c0f32"",""97da15a4bf29bcfa809c89b5126927af265a3c18c76e391179f8d012d436c711"",""9bec0c9b9d093f358dafaeda2bc20aa5ec067fb4ec4251142b243f1519cdbcd9"",""a23e17e6704e940263360bd2ace3724f00fda9a4fa2f0d32167aeca6c19a5587"",""c4e2eee4e0c85819335f2b8b8b145e429b267cff517c6b7fe65bb939203c1d58"",""c76fd3268ae203568047caf063c1aacc1de58daca74831f13f3968ae5677e4a9"",""ce44e472c10489c478b5d901ca2c40a3f1b5816bcf6891a40b9d1c03eb0f1fbb"",""cf479374bcce7a565a3739bb65ea33522738b6cf297edb60d855ff8a9686787a"",""cf5902db154a9f00ae0cdc15a60ac153fd348dab8ee20af21ce3d45cd2680794"",""d3b87ffa71738b274231750c3975b43c9c3f498f35a9da92ea4e63eece62ec7e"",""e72d8acc1e6750c2954410325ba50c4d5da8afcffa0b244be7dd26bfa91e3429""]",[],candidate_unverified,0,1
8eaba5b86469e0511cb118d8b54d60c252583b90d3a1297b30ef8315e318d422,1024,bma-district-1024,,entity_assignment,geographic_jurisdiction_candidate,61,"[""00e0f97b0b9bd0ee0cbf7cfd02cc3425ae072eb1beff6288200c7a58e63d1ed9"",""06edfca726cf96d19760a23523387e7089efd40d49b3311fec98f0b0dd680fe5"",""07425681f2cc859b26a16035fe10568242d2102919834334443cc47eb50d8940"",""09219ae49ac88427635acaae29b4cfb79d116036576834243050574987274b86"",""0bfe6cbe7b4c7e9ae104ce945c227718596b5f19af236a31801e1799bf1e3a76"",""136419b054c08de6555d906e750881f59f64778987dede0dd9697a53ce633be6"",""1d7cd621ee5a2a36754aa0669a42fca432e8185ba08842a236966c80cc8bfc25"",""1e45d7a68ff8b243b2a07495639f0c68e3d1f9a25b56e96438501db1d965091d"",""22a16104c0ca0955f34159fee72a592dd916a7bcd4b72c6b8fc42989ff04792f"",""2ae8b4ed33a8cd5ec95700eaf1a210f1667b0d0a92c02b8a2a9af7e867505412"",""30b2da0a539fccb4ee67d71ded75cba7d430a6b803ea0eba9ab4e40916ee7f34"",""3352828a92933476ee680957b2b2e43780b1d2be53a567f5ff3b53f81886f396"",""34480baec81b1676c6109ce0063ade1a3b4a4439414a3d0cd3f46c1434529294"",""4134f05a8cec2743124812084e0aa872a2698521be10b9729f1f697d467b66b0"",""48f0cfcd37426342b9ed717645f65d6ab352d1ff48a0fe883f63480daae407ea"",""4abdbcddf49071de33005073d8501067c5384aae1744da45ef974262cb506267"",""4ffcb646cce9e384bbeedd029b43fefb1beb082f3fd52317ae3d5e27ddee6f16"",""514232bb777c21146a6f5782957eb14e807d8309fbf613bd11575b1deff0798c"",""51ee70a8c0e79c9f2944c3b67c1e9733ff3ef0b2723e4a62409b1bdd58b654f2"",""56ce4eb20980092c3582b2e0623eaaad00c870f1439a006d1a52d9140359e8fb"",""5d1e87cf693c0552b4d0a90e503a262ffb21e3fb7a168f392760b3bab94040bc"",""5de035b382c35be9dd3ff908782ae1795978dc10931cf5e6247fec9487f46a53"",""615653be9bce1009f61245b2349af93dbf464f848bac36c6cdd11f0b15988c3b"",""64919760be6c02ee88f138f72e3eaefb5c004fadd000ded4a9063a4201542aac"",""6805aad82645da1523fe93e2c827d88bbbc841d8c61a99149cfde81e5dc0fc44"",""693c68e086506fe27f541d1010c5f30a2bfd33e4f7674cf94d7f7ecf7648c19d"",""6b5e5c8fb545405cdf3474dc4641353f6ad681d3d1d9f0e57d1d5ae8c551fb36"",""6dd215f9ad10b1daaecabdc664caa79e52e99fdf9b5c80ebf0d4e4d20fafb81f"",""70ab6850ab0b44ac0a4dbdc25c64e68dd7475af1e5953be247d427b755ae5ef5"",""76971fafcb4b352afe9e138eb17c8327b9f00c90b69c2126c64448f7804f3952"",""787d13b092412e0349b540b8b682d773dcaf0ce34f5792a5459f3fa8fa364264"",""7dedeee47af1fe99018988e030e9ef0d621e0b230dc39e1b2f9ff518fc5189a1"",""827eec64b4ff4d61158f55e9e4f6fc172adff8d4140ad5e2cbba0b8948c3bade"",""8c7d5123a90b1f457d86177a8b3d197a9ab5aef1f013c1b4913e3bb2294b573a"",""94b1ce9a209e4be1a9934e9da2c8c702301c3a2897d5c02d7a7cc62d7d341bbb"",""99aa3432ca0179dd532f21fb916ec9c0bcb415058d8c5624c38f4dafa6241b62"",""9a0ac3e581184efb8879937f4a0c34cd2a13fb605a045e3a030a6aea8889aaf6"",""9c1b3c123c6cc3f6e88c7cf0c378570b0d3e16d8a441a3c7fe5783a9550c5910"",""9c61a2a5d5a697c6bb55c8a5435795babd6d919c1feaafa79dcd0fc44eea12dd"",""a083db796fd955a87ddfdb429d2ea5e088e7fdcacc3cd9b31fd1410971437b0f"",""ad8113961bc70b39700e08946400c147faad7b6a27e691e862f819e88ff1128f"",""b1e7e4933b279e1ec7b386baaca45b9db79e2cf6a16125043ac7bb81954d5e53"",""b76a32aecdf56907804414fa6e94770f21de44c404af6911f874d4437d79ade8"",""bd072a812dc2ca3712fa0ab768ef80f4dda030eeba7cdc71cf4a4378e4090ccf"",""c7931faf417c752ce54401adbf80ff3b40f2539ed637b881ffff6d2c370fb8a3"",""ccd60bd04b223bca8c8ad84cda3e5695dc92735043fa94e988faf08add88d660"",""ccddc6dc49aaa820e31228acfb73d9fd45c86d70569bf0a22d1c3261f269ad85"",""d2dbffbc731ecbf1e5950a356f2d54726be1b976ff1b9ee687e51871d4846acc"",""d2fee70012fecf8e42b52a161b5ef2de79077b2df6b8b8306dc1c389551b7ae0"",""d565557719c111bb4bc0175c20346227c6a87147aef3893b6424a18ddd74cb89"",""d86691f7ec5de56a13e21d5e2b14a5f4b34f681323215127ebfd3f452a1aa08d"",""da7ab14578c962402f7eca3789f751ac73cec7a95b52ff7c7d0816836971bb2b"",""dbbedf2ff540a8e680ae2592f098b55ab9f4323d3eebd025e93c8be4ffa76140"",""dce5e91f58facaf3772e6c52fe8e74b8caa4563c4c70d76564c615fca6ef89b9"",""dd8a76ad6158acf612306642e182c85514d3fac0348eb0f9d0da03301b285349"",""e9b418048c89f85b7ba2e74cc65f0b5565809ca4fd8e9603373b5415f1a8070b"",""ed0ad1375c3abbd628f480ab9d39b08cb7a0f7af168b50319a1e4d10b9867344"",""ee620b04de8b19422cb8e1829c5388e8f356f23b5d1cfa7a0e978d8ceb274a9f"",""f4759457077dc646887eeae39a8bcc20dd4000edf8e2d1bdfef7ee946b8f33af"",""f8e524507b43beac94f6d91be3a6e513440b02008190f03d46506b1c22272762"",""fc5e1e5fca2560263cae2e3d90717b7d53f0c2388302fddef711e3e0da91854f""]",[],candidate_unverified,0,1
4bf6096bcc01a9681bbb1ab6faedb091703d260f1e028f5d1b4007468e2c44e2,1024,bma-district-1024,,entity_assignment,primary_response_candidate,4,"[""086f1fa3b95a4c7760fe79adb4718db0098853f979daf552438c5ee1569ff0a5"",""3fb890f7442c465dcb8c214433546f6a08f5d271a7829303315e7282ce515523"",""99149f9f81f69ded056b411d2b29dedee542b16f937f1a14b63ea9643666979b"",""cc600cfeb69c398085506d2245bdf8166668c7ce27d9adbc2c526994d661145a""]",[],candidate_unverified,0,1
413b1c710a90789c34969e3956f17cfab5b26f1f82500a1bf2a489bafc68f5a0,1024,bma-district-1024,,entity_assignment,support_response_candidate,9,"[""553b06902c41694df25ad596dddbbf7b23be8afe7c4e49e59b34f4ab5e501090"",""556621e0a1bd55d7e4b4fe9b1041729ece5548ccc91fe3b93f7850efced1a534"",""654a32a32fd1314a12486e54cd973ace4d1b4a812757e60e3d1110908b4ce408"",""94ff45e76865f320ba61eaa23df13cc73f44d657a25a37cc8dfe393325674c3a"",""a22385b78e440e2b8c9a52cc7483c3f9561c2f9b6750a95d978aeb637d7fda48"",""b5417c6d3ce0c52f2a120bd53035ca07917b490b3dac5f97813a506aabaad8de"",""ba9c459868a9dea08e8d75c00ba6122da161b6303b29e07b81f464436e93e38e"",""c3e3b975754eec5bdd24e42005f9f4ade438e554ec39e91d2ffc6d9ce4a2c2de"",""eabc376dcd35219b430d1c37f3e749fd40eb44426ff709799f2acb86c4579d8d""]",[],candidate_unverified,0,1
62c0a2b5988f383750a668608c2af39f01a1373c82725063c765ab6e47f1c045,1025,bma-dds,,entity_assignment,asset_owner_candidate,8,"[""0a7a3d9a37695b71c62d8e2a4dc1a784804aad125e4e9df1381ac4e9b2b215ad"",""2040b7a8a9d826c3d23e2b2d5db32a0dfccb58aced8f58738a6e556e22687088"",""5a85e5a2458b3ffad3fdec19d47391fb0f4e948747faca9d00fee954b3b5984e"",""7748a6bce11d5bc7b7776edfc019920dd643f6327b37fccb357bf9432a0d7681"",""8b427ef88b3bd7e9359d87f67cfacbbf8e1d00ede3398d84b2fb9c89121946af"",""a428c68b58b4ce2a9be23b56abc0de072cb0d15a7a76b29b42356ef396ce567b"",""dd93728e79e72aa4f3440b64c49f6ce988a4ccc99c57299cc613ad3bfb5c5117"",""f9fb33286bc6bea5c1a8b1215f7675d8c03ef281fc331f595f4eea8c0fef14d1""]",[],candidate_unverified,0,1
f3fe5c70bcd224ce08207f010fb8cb7e575b4b46b7b0ebaac8d58bb95484eb99,1025,bma-dds,,entity_assignment,data_custodian,3,"[""32990fe1d3f9149de378e2e019dcfed6ba529d78244b76f53cd6d702c12c4685"",""33876a8336ee06282b3d3e0a3f14daa440e3ff039b53b7b00778f43fa0297fb7"",""d9cc3008a20635f8ff2669255478130b9f29659e4be01bd0f219bea6c33a82a2""]",[],candidate_unverified,0,1
0e75a114921b9fe70068a6919a3e57d7a3f502edb6d8a4ed78f30337d480602a,1025,bma-dds,,entity_assignment,primary_response_candidate,2,"[""ae1d33746ae62a76d9d4460619bd1345e9f8ca50b376c344d81acbf6d77804f7"",""fabb3e20c896de0a3f84391b68aefb185ff101c6d472e1c789eb39ff16570890""]",[],candidate_unverified,0,1
8fe628f439e395d97f2a55c564b81cd5aba4c891f47c05f189add7baec7923da,1025,bma-dds,,entity_assignment,support_response_candidate,5,"[""a8828252a3cd66d2ca3808912d5747cab6e4d04c53ced3d6ad7e210654bdf955"",""b278d17b2a732485c9a7c9c9a6cd65f831a00433d42e8714b0a20d74cd49943c"",""c975614e63fa4ed3f8affb5e9877faab05123b6e55afd83d1c1b574cca96b876"",""ccb3474473d57c78885a89c95356faf82dac93552ad899788a3121282d9be535"",""f0bdd9ce573265de45ffab0f2214e8b57adcf38263f2b9718522cdc5a2ef47af""]",[],candidate_unverified,0,1
7176c62d7da7ca6ace207941ef2df2468c984bca36f88923633c7f751787c7fe,1025,bma-dds-canal-development-2,canal_infrastructure,incident_capability,canal_development_candidate,1,"[""5ede4f6ef622be7e8c9a7bbbf0eeb28f21be55ce4a854463e80423565f5557c4""]","[""dds-canal-division-duties""]",official_reference_unverified,0,1
cbdad71f948658e0d8eadb81777f96bf744278d4c315dae8d95f1b743a15473b,1025,bma-dds-canal-development-2,canal_obstruction,incident_capability,canal_development_candidate,1,"[""0858a593794b711983adbc54e5b3611b25848a58a8d602d0b5421d8ca9922a94""]","[""dds-canal-division-duties""]",official_reference_unverified,0,1
062e735a39de70a24bb82f691b965d0a54c4fe15eb1390db23455c89263644ba,1025,bma-dds-canal-development-2,canal_overflow,incident_capability,canal_development_candidate,1,"[""78a55a4ae51ecd921f11d0e00af0337bf29b67f841af3b69aec4d32885288020""]","[""dds-canal-division-duties""]",official_reference_unverified,0,1
5d2a600be537eae4b79ec0979f14fb01608e44b65706495adb2c1b2e1c8c42cb,1025,bma-dds-canal-development-2,,service_area,canal_development_candidate,1,"[""5722657a62de757892ee510731db8b97de8b244b33d80d661e904fc15c5b9cd0""]",[],official_reference_unverified,0,1
fa8cfbcee52ee6bbccbdd7c1d9bdeff648581d0068cdfb178599e1fd87a10e33,1025,bma-dds-pipe-maintenance-2,main_road_pipe_blockage,incident_capability,main_pipe_maintenance_candidate,1,"[""ab8846acaf30e938d64a2a93e06e63e7137d4a309a7fa5956f11be891eb07c0c""]","[""dds-pipe-division-duties""]",official_reference_unverified,0,1
34fe680fd56621d1a7d57bcb8415d4ed194177865eca528ac6bd261f38f264d9,1025,bma-dds-pipe-maintenance-2,road_flooding_main_system,incident_capability,main_pipe_maintenance_candidate,1,"[""20e77a28eb4ec80df4f87c707140955cd66b2c2163fd790ecb3e2887d24b8183""]","[""dds-pipe-division-duties""]",official_reference_unverified,0,1
b485600bd1b2058d7b7e84d0f1bd1dde3b06053130957a238219d0dd2fc89510,1025,bma-dds-pipe-maintenance-2,sump_failure,incident_capability,main_pipe_maintenance_candidate,1,"[""3d4a80a548154b26a8ca931dd41ac5b1ef3e8b29908dd192b2e92ed863bde495""]","[""dds-pipe-division-duties""]",official_reference_unverified,0,1
f77ca4dca1bf2272e6363df209d34f8c38ffc92779a27a76b5cea18c37a0af84,1025,bma-dds-pipe-maintenance-2,,service_area,main_pipe_maintenance_candidate,1,"[""8e8af96ad2789e7be401a8d970bd6da61b5f39f5ae973c45a25c89d6c5aa9a55""]",[],official_reference_unverified,0,1
574e273917e32a0dc0d7af978314d729ad28b5a767326846c39d94e4b0edcaa1,1025,bma-dds-water-control,,entity_assignment,asset_owner_candidate,27,"[""02146da556a20bc15f7984f427dd642d6a0fdba0a68c9528be7a42cfa26d2068"",""02448baecd30777580d88f24f970deebf53c0837e0209633cf95dcbea68474b4"",""1833ff6bd608cf58456fab5de1ec75fb0b8e034cbdb949bb83466994f173923c"",""28bb23d4355e8f9c76fcf22823a29181bfa8e757ded45f6784285d4cb63e793b"",""2fee190170471dec643d92f850b17886cb613be00fc91376dfc6d327db6f8024"",""33c97de46a2340dc6ea6af5364bbe0338285e6e00025aa13ac8fe5d1bc27809f"",""412703f6b9a9752101353f4bb0db73612b8669da59153a5cd1814156c38f7544"",""4ec3755c70469ab0a9e3bcf8275b4993e8fba0468801eea432a9e3072c2530c9"",""53503ae5255ce64226acb32fa1d76811f7dfa1510b9d2f0b94aa20d793fbc953"",""64f6c774b68d22ff6c674ca237b3f552fe70d98da84f2a2261295474e741c0a4"",""691c02625bf0c53fb9f1b05144740742c6ee4f1a50e73fe07b7f4926ff3993e3"",""69f011cb8b33506c9d079d1c3534b86c103db2a04630d34085ebe6e12e35dc2e"",""8c478c907e327fd4a34d7df7d9dc5963b145a112b09e328946f6150f3eb6e53e"",""91c91eb11513c86d710e27ecf1b02b1713da295fe4f12cb190a27deb7a82f32d"",""b3372c6c4f800a04a6e854635374da4f57b7a86082ac0502e265fb3fc7937546"",""b6e8bb83a6df30f2d04f115e36aa24041b4f58fc3f66bad08f60bf4739f941a1"",""bc02f4c1ea746625aadc0829ee9670020b911efd43745138ffe5b6a2879cef0e"",""c64a5a6721f139c1b419c96beaf66b88bfc03e31853c9690f1f1c680abdbc02c"",""ca16adbb4af9f3496357883885f6475827792bec29861bc06697051b102c8e85"",""cd3a900f0bf36e55928cc8bee609c857a611ae05de85fa13c01763d10e7fff5e"",""d4455623bf7a17c44d4ef5a755b586b8b36ff477a57a4e2960c4123930220dcb"",""dbb67b6ee986ae21457a27c688eb84594e781ab2c7caba9f803431d4028ccbcf"",""de364018644264a2af73446d8aeba8d841aeb4d73c97733c621a83d354deacab"",""e27152871a5c0d1335faf94069386aa2433ff073dcdac4d64b79243f20c588ee"",""edc931c27dd3a932f84cdbc5ca892511f883fd41eb4f42dd0ff50d066ad90c41"",""fe04e0f7603f8051a2710c0b8540def711248e0864b79474f11d83a4876e7433"",""fffb50360a7e78ab59e1f136f67add548a0389ab3fafc50754383154c25542f3""]",[],candidate_unverified,0,1
82af3a44d12aebd922de652761f3b4f143525acf353dbb1beba646a200a6ca8d,1025,bma-dds-water-control,,entity_assignment,primary_response_candidate,1,"[""087849e58b419b6eaf1681ac803988f10bf0c99fe9cb193e660943502c82431a""]",[],candidate_unverified,0,1
8ed649e38f7d92c067c8e39c7430bb02dfacbdc89099143345b4334fe2b971ea,1025,bma-district-1025,,entity_assignment,asset_owner_candidate,52,"[""00997f6185fe49e68c9d928d4345b3bb6c608028279a000446a42cf9eb83c4d1"",""018bd7f220ca6104469443a1e870b181af99cafe73aea88092bee75217c58d68"",""0525a3c6d692c6a25225a7e8280d53ce9efd937f7552afa652a2b96fa097667a"",""087b7a92d3b645ae27dd78b457ce803a95e0526a1efa655395396e52e70b88f1"",""0c19142944c7c1eaf19774ed0f174c2d1a9cfe20c07181d147605c59b088438e"",""1c1230485445fb8e16abaa29da5cc2dd34c0c647682806ac5f8d2e76ef181172"",""1fb36ef3cfb08af69fe35c6ecea2a0363acdd463cf5768d84b052bf5366c6771"",""243004f1e60063d6dbefacf6cdce7ac6a5fcb6cce9847f38169c415e71c0c875"",""2c567e654cf16b787f5a9008790ef2e45ce4d14c9cb950ac651b1e945ee88b47"",""2db4816c877d9cbf45b16291dcbf908455ce4bd11f2b90e5d899af5ce65d8204"",""30893978439b98bf89297cd3adb1e6b999e429613d6d8980eb5565c770004751"",""356a6e3116a92ad2c5b8a81a3a3445c39c7e29f4aa0cb5eb12b21a4cb09c1cd0"",""3fd5f852a0eb263cb192919636091d2cffcdbadf82ed8ddb87ab4e82ebe7aaf8"",""43204f0a559c2b11cbc98bc3ffc11dbe1aecd4536c50240df536976eb7e1b69d"",""457965c62963deb82d2dee5f6b917c28213457f0b6695ba7614856dab80a21ac"",""463acfe239430a46ca504b1a4db6da06ca74e20e34f7a043b164586357ce8375"",""4b3737715feaca8f90fd1699e631a3b923dca4704437ad9c46ffc881ae1aa441"",""4beb528414f3fe4afc2dab327700ba35b4a8a82b62c18e8bf07a8c009ae65b18"",""63d2bec7cfef5b5f40915769f5f92ed5f1c440a5ee1722d8d9af7314343ae83a"",""65ef7ae049b567be3ba5bb52142bacb6b6fc3073c05ac6cc4f9f6bfe03987c4a"",""66c013fd2b6cd4beccb7816e851c9a15c09c714601dd14c1d166efdaf3c9f47f"",""6ccc95067c8eb330cf81f3d5f05fee8c51a2c96aa4f729faef2a93c064739d5c"",""6f6609a0040af7584a3939d18df9691130ee6de3e4352e224ffa081f9d90e0b8"",""7310ef039f060f527b848b4340c2048c88bd392ac81903b21ac0ceef1a40914d"",""7b11714f9e10b13e57677a4565177f82362993fe8c9983869e29f326cf628714"",""84a5e21f4c8de9021db1dc39c7d42d31a30d54640a2d1130d8655cde2ab5db04"",""8883c791db81bfeb7893158a7c53e22de96381c4ab85eba80bbaea5968740ad9"",""898243ab6d03b4928431c333886b9257730df1e832ba6897d1f683df4b2fb6db"",""8f34a035a1d952f35b4ebe52d3d3dd8313b5902856ff4e2cec3cdca39759ef3d"",""92db642e079ba8ac539a9e6bd589706ac70769b52165227dafc8e988e750fc95"",""9672c6fe520af9f2bc34ea78c9db9d339609bac416eb5d0e3a5283323823c309"",""97c8bdf1f2840de6c12d351de01c3ec7c26f2ce6cc88adc7ceea50610c2db737"",""a262426fed840ef2059e5dddad90cb2fe6382394ef058c491a74cee4fccf7025"",""af31fad8f6f09e46475da7a6c79f33e54815203eb78e500c78a72d4882f7ed7e"",""b40615560dd4d4a0e3e398035915d8910ea223cdf789242aa4acef9532c10833"",""beeeff7f5b540a405fbf07b9f1e877b2212322ecad4153eef4e15faf537c88fd"",""c060718eed61abb2a1c8d6ba3a22e839f2848674582222342b2554434f7259f0"",""db45b21d6d577e9f59ff0208eb716c2c715409982cd3940369d78cf75fd66c26"",""dd76d4ce513ec510a4250fea0e772b730eedbe6e9854b412f3e2ee9b6dc97199"",""e684a86ab5b7d402edc55c78f0f262c99bc0ee3a73cbed557d00060f4def113e"",""e6bf0e852d6ebbc378d1a48167344adc3ee0042e1f075a301ef30713169d17f4"",""e8ae944b9b8498aa74c4af809ced0c2512230f53ac659ec25a8fcf5b4e9e2eab"",""e90f0111d73dd56ffebdb8134c7ee8f745ae368ef2513fd44d3250a7395c2f10"",""e95650be9859ac2fa932621d0e22d9f2831e8d212cdcaf2c8c71b5be6f2576af"",""eb262017961783b93727fccb9db2e4fc2bb58908056526ab618abced40ab5ff2"",""ecde34ab8846fa732414f92c7cf5de16ab50657fcf286a5ccd7dfe6b4368d4ce"",""ed1656446ffd7e4255b29bcf6ee6424e22ae48c6e0eba3c0131b021b9d15c13a"",""f0c6e6fa4b5f023d4bbd0930e5649ed508aef36211bd6798c7ab51a0448f0485"",""f31a3d06969c466f0f1c8e041662de11cfd84cf94e3c1e5f4bfbe73704f8799c"",""f3a5aeab54028111916024198f15d48959fbd345062943c93f7ed8d4a1d0d237"",""f72c91ae9197604e55b34963d148f3b9e8a20f6338064b7b8378c6410ddbf202"",""ff2727c90f9b287f316b65bae7be2d5d45b299bb9ec5bcd79ca43836e8b2e06b""]",[],candidate_unverified,0,1
10193a40733c7d580b750eb2f7dedb923c5ae385627727f14f68e0ef0da99653,1025,bma-district-1025,,entity_assignment,geographic_jurisdiction_candidate,98,"[""021264ca6ac1d717dc2e3c28e46917c9ec6993ea0e711722bd1379eae568274f"",""04e41f70c15ed995315eb039d9e13df39cafcf0f113d7a38c5de98425ae4ca25"",""082e1464f2fc3c4d5a53deaa6d56fc83d3e513e35c61bc9720f55dae4bc774cc"",""08926e0ec71830b781681437e3d0e16ecae44515b3733b623d512b57862f9a1f"",""0d060ec05d594990fb31e403effc1b21b141ff6b1ea2b4502328d822b0cb3aed"",""0e33a775c56081f01fac0c1805a6f780b3d2d285f26311beeb94318e5942235e"",""11df83eb715c49eef49689aaf6464c0ff91e914835f919d330ba71c21cd27b7d"",""19d6491f242809cddb101cc6a8ea11e01e9fcfd6fee1239e53a4e9cc752ecbe1"",""1daff350fea3f78544da0579dfc3950439c77b1f8dbd636393ab698c0f8313d2"",""1e52acc719b8732241a6443c194298ed251c57c88b31a5375c3102d450d0295b"",""228667e1877c88bc994ff81a82e0133e9acc221c121bea4004d6017d7c1da555"",""22d0449faa6dad18fd923b4709e9c3b1f4ab85ccb5ea5053beed6b7050335c3b"",""2f0e55f572130b3b53fdb3b84a990adfe304174e15037f44cd61fe19d970f208"",""302eb7965bfce6d839bd1af39024471ac4a5c8111db5d7b7e2a6f2ecd7dd0e58"",""31552fc23d6c2605e214385bf5c0b9f8bbec1a6de0e806b0607e6c16850edbfb"",""3afed62e83696bbca484b81b1898fd41228fa3074768000b01e534c8ba7820d3"",""3fcb982763ed986caa7221b11f42621244a94b169a9d2735cd3d4ee6b76b8a93"",""430c28463f635665f6cd389f8e312844ce813d3d57685a68aa65c3f90d589472"",""4328ee590605cb3058b229a4a144acc287338040233e7cae1480a14767e135d7"",""49246e23abca70a0f641b5fa9b6bb74e035ff0f7ef07aadf77ec5873573da06a"",""49808dae3a3181a8b06e64c49ce09426205b8d156519790c9be159f2018b82ef"",""49b2e1e463721b8a58a5cfca53c89efe6d16e41ea4abe8bb808b4a4de54d22ad"",""4b40103b0e64118153ec84476883d4e36a6bb9e29daef44bd3df922271524d5e"",""4b648347e555fd7dd4463c72d2d5150eac6903f978b1a92a29563d61fda130f7"",""4f6932adccc3973bbf49f4e71678822285ca6e2483cf54b6955fbb34c856756d"",""50afe275fda01e7d01b4ad112e226d2b15586e45a88c29998c519dc8dedb3295"",""543bcedb3d9aa32657a308ccd63c29693678f74cd269f371f95644466204b666"",""547f7f4ebdcb4425df551af7f33d80cee56e7c5f5dec2e5ef1d8e9c5afb71f38"",""55dd43deaba3c48d674058c2768c566d966fe0ed1778b21f202b3b5f5946c0b0"",""57d39d2f84404d5ef257afb052437d0a0975bc21f83719fb6c113aacebddd349"",""5972b8b8684af0438ab83a09186547d6bf0848d352f741c4ded564119157242b"",""5f0155bbd9f3fbda959f05c111dfc8bdf19466d4076b6a39af0fe56ef1b2c5cf"",""5f03ed6bb479c430fe9ee1054a0f2a7680de3dd338bb902560dcb5ee16e2b770"",""5fc350c99a93278a550ac3700be4e0f69b71d65c91151d5e69e5d63fb5d04624"",""6191a8735f73c84f01e92e2df5fc62cc3a42442bfe9c2fefbf326c5c5ca6e24b"",""65bf31fcb44b4b4f5a2bd4cb2f4e8cd5a19d776a3c412a139f607ac8adb797a0"",""725450a98f34a41c2cb27cbd32fe615a56349684cf9c52d78aa80548c65c18fe"",""76bfff5690ccf9aa9d459eafe11c437ba50bc022ccb407772c6d20d07641b263"",""776b9c6dbda4f63c0ff9d7530c475d53a87442aa4ca77ef1ef639bbc7e398422"",""77919a06ed8695323eea273bafdb6d24501e1a7fe30f25b3b864a56ace370451"",""79ab01acc2093cf7b8fee5d37724d64a16d7e725647e7110fec943d77ae346b8"",""7a5c7c41e51660b313c43cdae8235bb5662cd1b7a485e1d2fe711066e8b80659"",""7a94af8eecb436a028ed2e44bfedde4ba8061016c34d778a3c8a3883115149ef"",""7b41cea48de07d915fac425cc740f2e545df372c6a42d6ed2bc7dc35fcb952da"",""7bc3bc2bfec01194ad57f98772e38eb52c8797af00178e8aebb925a83b5e1ded"",""7c15d1e7029eb1a8c5ca15d75a68d4c31abe2229bdac3b806a2f6fef9dc4b155"",""7c7065ad1dc0f8419207ecf38720cd0ded5b01231888cb44d8685283b1e2b351"",""7d389fb334d7aa3b274c9c8c7f9623e8858dbf79bd66d1630c905e6932df88d7"",""7d45653119a553481d8601b2d854d9a29e0004f12c730b7fdca705b53ba5386c"",""811730a72dfda0b2404a0959571fdc3152f3580251b4146ad3a8a02688978b4c"",""81b11d40fc374cb8ccde3d9a5771f7d289f5cd0ac5cb148e436fa1ed411c95d7"",""838a09d1ee8393e176751489ecaa043649a281c5c8ff069806d92d45632602b9"",""87ee9459a7460d9ae54a2f6a3143bec045962629a70eae992b386a953e53efad"",""884c4bc01fed64ef3cbab8252f679867e7d145a8c37a0d11dea4d8a5190c73f1"",""8949825fd2c5ed937b6535e6fbceaf97180e170a683a6f0f109694fabb1ba6b2"",""8b630519c224eb42ba7cc9591f5f42398b538877208c0d04db1bc620faf6d7c9"",""90985826b547bf7af6f49941ca2231c2ccab255cd05626048f84042505f71b38"",""975363225d3e6bebb6ea67a4ac3792346cf90942fd57824fc6a89eeec125e6b3"",""98b4dbf8219bff46618b982876cec8afc248dee399141da93090f7f54298f30a"",""999b32eb2fac794f79f8db15adf5824d32966bb4739782dce85e8114ec01caa9"",""9b4c945660985fd5b88285cb4f6560b792548cf0f0fe96fe493320ef2d313ef6"",""9cb2ca2bd70303cd373ae9922e40605811e3ce2421404642608e8486dd764798"",""9e627f2081ab2b5eb2f5d3fc8c919b7365cace1eac16498be7efe85ee171f148"",""9e85de435208e3d56ea1d3e61ce329cc31ea17ffd1dcfb67a78d49d8ebd5c450"",""9e9fdefc5d6ccbbff2ba752f43521404c4fd492ef1d82713656ea03f595f3b76"",""9f883b21dfb3ee491bd844193556cae886889444e7d1f6a1d64ba04b579f19e0"",""a4b6a821d9f11f21519f47f87e7fb1481eb457fa1736d1bfdb5d7fa52f62bc7f"",""a58562b7ad7e94018e4194bcb04e3c63fdffc2713c199145ae85d6d24731e174"",""a5d54fd32919944497f0eebdf0b11da8e64177499372336016672dda07c61d9d"",""a6e2d2ee1fcc79d34e978f9d2c00786259efdda74e054a877b22153cfbe5726f"",""b817dd790bc6e0a606c364f9d1d9c9ee32f624ace141a0a5e33b15db7be43f8e"",""b84f1326e42fd9045cf210dc24757878e3b679bef933d862c265c7088cc0433b"",""b8f1855a87f4778bdf4ae90bce257b384703a6a203f703e94572574f96b5387f"",""be7b6eabe49f7713792a52bbf02bf5f970209e0ae76bbf0c740e57bb21553aa3"",""c0668bfacfc1ecdbe6085bb1b9f3387de35b991755871be35a7e807b62b01823"",""c26c6adea9e461a4741ba66e0385b1e1573314f9912bffdcf088900695f087f7"",""c36398e2bfafe1077fe338c823e48ae80de60f1409985869e841bda0de632fed"",""c58dd17c29189042ffcac1e4a410b4f9074e1a5a0f8b019f3ca5f3cbfa018ac0"",""c915c9a3e61dac4fd46e8e2a400cf28ec6994bd780d2db9bf7441c4364515883"",""cb594dd965baf672a13f94db3e545e2d21217164448875f2c3f1ee4830bee680"",""cb6afe7ae7470d13dcddf321ec5195841e0e9aa0b0bcd41b6913bfc566d1cdcb"",""d1e4123b0b84f1a6464a2a50ce155f33ea91c649f3c13b411dd9f4cc781c37b5"",""d2a0b5155e5729e2fba9e0a0df2ac3df6add5e03ef7dd7e61883db1204430981"",""d6c7c5b41a8a93a06a22958a2798a146292e33dc244edcf5512d603bb9fb4441"",""d71386d86371d59f2022ff0c6dc973da02546b95a193522e155b4f89b6a405f8"",""da848aaf977e31f0b4502387db05d9be08768db4312d9c6f58e30dd571d37d34"",""def37da7fc49228255ddf861b6cf64619d6bab2fd07136a168d368231c53bfd0"",""ebd07ed0752a934026a711e4e737555e49e9e232749724a075796712553fbe24"",""ee3a4edcf7e9cb6f2d1b1185754d4c620248e217819eba2dbc56bd2420b689d4"",""f0d76daf41a37b425e6396c044221cd5a948a0bf09ce608dce6bbcb529906e4a"",""f13904f6dcaf311131191674312912b7073e069671f9ba1af1203c9f0835a44d"",""f6f7e296a3f6aab307b35c51f8dbf64cb13149b07dadc0ce4a2c921e335d0151"",""f7cc9303fdb9a1a3041e1f4150ff3c1c680ec10310f0298b31ccaf7790bdd805"",""f8f9d0be50aa45154d00f5daaf81e1274253d035939d2b10743dbe0ec2c0986c"",""f9a9948974eed5595c30d741d3f709da72b14a31eac736ef0c63c9a99cdf986e"",""fa05a3b91c3aa5d46f035d7f762faf2009f9d231b5d7a6e0c8da8e30b8934515"",""fb2c76797dd4a79c746f096fe372bf2e18afc853a2e9e3b05566703d32cfc6bc"",""fd40df59a2e089b452841e59f5ce0d454fdce9969f32ba9eee9d653f672eb13c""]",[],candidate_unverified,0,1
a7bcda90f2d4c180d865d0de5ee80960cddcc132c7c5f5dd68dfe93bf9e03504,1025,bma-district-1025,,entity_assignment,primary_response_candidate,5,"[""0bd8f160829e17f8637327c7e784290c13e10b0d1edca267f99dea50134a5cdb"",""1f7afa5822685f315e1dc1f1f0af862992cfdfbdca40d3846d8dd780feee40e6"",""48a786f3edae8c1e7688e1ad209621d5b710d92d268448227dddd9a8872d8d5c"",""ab50f99745600ff1cc1282899b9ed48d490ab6f1742aded05b5ddbde83b1f6f6"",""bac673780e6231c7abaa2fe09f5433cfa50667805bfa42ea2632b08ff03060bd""]",[],candidate_unverified,0,1
ede65289d2bc997dbfd5ed9ddcf10a60b179458ad748fbdb5baab109f1a3e17b,1025,bma-district-1025,,entity_assignment,support_response_candidate,3,"[""9912f9e5a640df2b61548182114373dbf7368fdc9a2cd9ea6fa42dd29247a998"",""a59effe32d870b695b01cba138d3cdd78eaf9d339d40dfff88d2216a42050f40"",""af3093ce962e6357ea06a2784ebee2dfb3cf7a2561d4e2bde1549ffe743671ed""]",[],candidate_unverified,0,1
b38dc824f75d479e02655dc21301a65f74bd48477f1ec4297dfed37e605989a6,1026,bma-dds,,entity_assignment,asset_owner_candidate,9,"[""8f465c2c63c30519b255763670eee760489db4ef05bc0514f0cf69c50c962b2d"",""a365b99229035466d3adbcca68d3bebf5a4559fb4000b2ae953133c93eb781fb"",""a5de98cae5a7e61296c927d23f89dc942930d53e176e5c56da6903ab20a2df01"",""b7189cea3331ac065bd7553e7a4fa3a2eb5ff608dbc0df10ddc949fa56065ebf"",""b9e5940483abf1ccf94da0ced02e28632d3ad825795751bcb456928f5e872cca"",""c39716ae489899b04251dd35ca1b6b5738b3b41c5580acd8dfb41558fed51b88"",""d4a9e078cb7e4ef6b24c69c33b524456c271455fdd74a060354e100c6c7e13fe"",""d780f96f202c04255dbe8b008967b1868f1789d921c07aeb491f1a1ac1411267"",""f4470a8a55d59dd2d6b718d6e42b4fa97a570257300155f33ada0b10ccf6bd44""]",[],candidate_unverified,0,1
0ef0753f42a79fcea55ba14d2d02b868ba1650e6b2acc23e54db3bd8359c52d6,1026,bma-dds,,entity_assignment,data_custodian,6,"[""0ef044b3b9a1efac903a7ec195c03e31850c1b5db65ce0a90fed1561390e0b7f"",""1d2839d7c3c62aa50fba923c7e93eda5fa669efb4703cb799ec75848f2978748"",""9bc56c69a8f11ad547becb22aa379a1d6552d6291dbfaba11194342bccec8823"",""a699098e04f827f53ae82db506bf578f0ac1a563cdaa8f9aca0bee239798c821"",""d04ca308ce10daa94fd95667e9cdd1f724e7f55fea3ad48262e935e562f21fe5"",""d40fae637aada3841d1d11b7808fe13d0792571bf8945f2732f14b53a629ba69""]",[],candidate_unverified,0,1
26dfe32aee9b987062c9371802f63b23baaf2bda3df20db27e9bf538038ff8e0,1026,bma-dds,,entity_assignment,primary_response_candidate,11,"[""062578df8be375281a7a754fbcb550348d2d717beede0781f3375bbad02dd10e"",""101edfbad3a6044cf0416efff023645cb76252ebc44b6815d1b7768f7072334d"",""30e2dd247e199f1450ae938f126da2400c901df9c719933fdcb42b0a678ea99a"",""40d228a8064c3848f963707041dd454c3a5a1b2c9d02d53577f3a0e31a1d9be6"",""41be4a2ec02e747b8813114d18f18242654643855c2f03bb654885b433a70038"",""6b8263f9228fd077bab703823eb093649c0a99bff96ec027f81fd9f45e060942"",""b86d91bbc8746afb0aa844394e01dab2b159b3276cb3a5373c124df5944961f5"",""c1a12cba00f1b51f6d65d64989a03b4706fab2ecd993ced61bfc1f1d30a442c3"",""ceaaaf93cd182268fc444a3432bec13e4cd1ac52ae2ff8b8d8fddb4dad40ccd2"",""eb51aebbdca87f3c11ed0cba0fc70fbf44b2f70ae7fbf13e17592cebf340d466"",""ffd972919e42adc5b1df9c06d570434f251e94517042757d6c1cb18402262e03""]",[],candidate_unverified,0,1
2c0bea512b24598235557a37113e8367a283df178480312abd63f98a37654283,1026,bma-dds,,entity_assignment,support_response_candidate,7,"[""1bc6706b4265be35d154f1ef1622a342789042476d69bb0dcdd0aedacd6020c5"",""1c114487fc875d113a6146d6b6738cc3c5becf0ed0d234d67ce90d34ce968a41"",""1cf70c3e30650ac3805d8e4327ccd8abf062e4c525b8699b3ae9c963068d4138"",""2807ba1f9762d5771754dd8a3708e62e747c283854a98d4371ea00b6597839d9"",""49f265746d7a54d6b217c302da24edad68304cce5b1ec5ee6c2c1621ac1b96a0"",""52a098c5904b15e8820aeace21bc5a68b4e94dbbc777b0be583206b6e40d27b8"",""e9a80624484b6794b09996ddeac0c25099c14ee914b8fb38b3605749c1a0ecb8""]",[],candidate_unverified,0,1
c06b45b0858d4f156af31990ca4d5e0fdc4ad01616a51de63dbfb3d2d52e98f3,1026,bma-dds-canal-development-1,canal_infrastructure,incident_capability,canal_development_candidate,1,"[""7b4718dced243246f33a9649f42a348f5f70d82899f370f8a42f69ad4e4f323c""]","[""dds-canal-division-duties""]",official_reference_unverified,0,1
c630f32a23b4c14c2069ea2ad71b526410cf4e0c6fa8717c65dd4b017c04aba6,1026,bma-dds-canal-development-1,canal_obstruction,incident_capability,canal_development_candidate,1,"[""81c8f370a889d4b43c740d2de325acb992b3730f229dee5cfc82979bb9184940""]","[""dds-canal-division-duties""]",official_reference_unverified,0,1
55c00dd4081dbc5848c34da5880bc65ee28cc02261d46cf787c83222632ed5f6,1026,bma-dds-canal-development-1,canal_overflow,incident_capability,canal_development_candidate,1,"[""4c8acc3c5a2ae63a83bc4dabb3cc991f2589b6ab23acb8532339db499d2d3f9a""]","[""dds-canal-division-duties""]",official_reference_unverified,0,1
a58de5185209e61263060215b430949092b0f3e1378e98b3909f4af2a4ccfa8a,1026,bma-dds-canal-development-1,,service_area,canal_development_candidate,1,"[""e4b83aa30a421b78f7278c839b9298b7df92f95f544d95cdf872633d6f1b7b17""]",[],official_reference_unverified,0,1
9e95f734087c549c3ea83691196c75fbdee072cc9265bc723eb3ff9a304e308b,1026,bma-dds-pipe-maintenance-1,main_road_pipe_blockage,incident_capability,main_pipe_maintenance_candidate,1,"[""dc07a0345815e1162056d3bde1796689cb24acb588080888520907090a66fa32""]","[""dds-pipe-division-duties""]",official_reference_unverified,0,1
0e5c3e43075b2e127867fff1f58d4da65d7ddcc55b54057d6d6ad28374a716e3,1026,bma-dds-pipe-maintenance-1,road_flooding_main_system,incident_capability,main_pipe_maintenance_candidate,1,"[""4a625035ae055fa8d3443ed089e949afbc104654f07847e0a82ca66bd514c7a2""]","[""dds-pipe-division-duties""]",official_reference_unverified,0,1
a24bf7e616287d5921fc2517cff4ac1c1a16116220a2e67450b22918dd5724c9,1026,bma-dds-pipe-maintenance-1,sump_failure,incident_capability,main_pipe_maintenance_candidate,1,"[""45d6079fafe9baab4566d8edba859c4868538e501426d4586a6e323ef3543c5d""]","[""dds-pipe-division-duties""]",official_reference_unverified,0,1
e3188d19ea4cc371aef19446df47c8c45eb923d4664728a9debc82ec23367fe0,1026,bma-dds-pipe-maintenance-1,,service_area,main_pipe_maintenance_candidate,1,"[""0ea2071e412bd41b7e6fca3f231408169a821c160b6975eca79434f0afc4a7e4""]",[],official_reference_unverified,0,1
6a93f8cbf4cf31d22230da1e581c6b97cf5c9f4864fe9feb9f9f4af8cd2927c1,1026,bma-dds-water-control,,entity_assignment,asset_owner_candidate,8,"[""477510d5871a806a72ced26c0cf8e3888993234699f268d1c741d8765fcf56f8"",""57778a901478ce4141973ff87f5c0ca683e9f5a8dd6f7a5621a42f54b8c606cd"",""84bc0828d2ba5ddabaa50318bca758596b3896123fd9dd9fe32650b163e31dd8"",""87f7f85e451d51cc770615b9ea35a5626fa80dcb7926e1c924460aac8204d689"",""a32a105e9bf39f016ed378d9a33b48410f6e4cda113547d3557ecfd00620bce4"",""b1a66464cb5561151f913643d8a02063c8e114d1b4de64f28492d6afed38a868"",""b57069058e33bc874ae8e8c4d03f92e6e386fe0e8c1f7fe47b431258b4209cbb"",""bf271e975d9bb36dec965721e3b4b50827b9c71a34530afe03454776466463cf""]",[],candidate_unverified,0,1
a7a07ea8ed450eb6c32c73bbf9d39ff83f3caacf980b06bbb0ab134c85a6b43a,1026,bma-dds-water-control,,entity_assignment,primary_response_candidate,1,"[""6a230ec4f81411b2823aa596d8abe69339dd435c69a275e5e88ff68337307783""]",[],candidate_unverified,0,1
5bc519ce01958c3b09b4091c2350664044f197af0da614194379947f7c9beeb2,1026,bma-district-1017,,entity_assignment,primary_response_candidate,2,"[""28ba1d09ef5131ca5313af30d6be9a8f4b0b2e584017fb92d42558eeab0c64c4"",""b80a827ecdecb2b17e6f7c3ffff86340a77c796f7923ae830c2c34c642da572e""]",[],candidate_unverified,0,1
272a38d5878a435786f68c47c31e76fbe3c06d267aa419629fcc560998140365,1026,bma-district-1026,,entity_assignment,asset_owner_candidate,8,"[""0359c771a521f4a659f996065c6cb0df1934d25cf5891fe52fd3271765b33870"",""07372093f439be20e1fac8567ffea9ecf5d9172a30b982dce5d18cdbb838e0f5"",""12a4aa6cd23bb939b14d0d7932c6900fe4540cb7afbcb8636573cab736b1b15d"",""359d92ec028e2ec2c3d8d7d45deaa3a06b3058031497a759f5566cab0ac12815"",""4f5f768b585c28e9c99865ad5a0e363ea9705a550c9625fecc84e2d0769c6014"",""678b8c1107016c042add83338b6be55bb0b76ef817bf55fe81d74dcbcabc08fd"",""767428950e08b5db7fcc89457d33e19de89f9b537272602b52f5edc5c25c338b"",""834390a35754230d90b065c004b72aad0da07b52cb51250714df51f1653f411a""]",[],candidate_unverified,0,1
1ee582e80a5dd801bc1f64e1a4db324bb95c627862a9f62e1254cd05b1365d8f,1026,bma-district-1026,,entity_assignment,geographic_jurisdiction_candidate,50,"[""0042fb94df29a29a580939cdd898692e1e1a4484442736e599247ae4abac7458"",""0fcf69c2e1fcc2613e31bb8c3ed316eacdc8834e277b1628a5b23f635e98ea09"",""116a7e19e9d263c0e61d3ae7ec23fe29ca73aa31555ddae95a835beb76d1b5b0"",""167e52889dbb689fe794c219fa78439777e4380ad8eb6f6acea9825e36641856"",""19906bf02976af76b171ee6be43cd4d4c4456267f7957db53cd763fdf16033d7"",""1dbaf37e6b732f044eecbade76b060bd09b640fa53e69354eeece20a4ec1dd97"",""1df153a705fa82df744aa95669823ea84de3fad35af8d317ecffeaab7283e439"",""1e110799341c7e8231e2c2e696e68407d09761367e8e72a35066bfe74e53e0c8"",""1ff6dc2d6871bc6a197de461a60a30cdfaa8464a01677f417c99c23280c63065"",""24d9fc240edd6a4d2a1760bae524b577c2a9b5e8ce06ebeef00b9da337f02f2f"",""39d118aaae37a588c47f7e9f69f428428b1bdd83965846c5253a46ee0deae534"",""3a6a79af78c99f1cdea06221b9d6a4baba2fad7abeba8c5845f8e321c85aeeac"",""3ae59b0f754d52378a6d099f2ba7f80fa9604aed8902b2251f7cedc18bef8a57"",""436a414029656437957a5ff28eda353974a208a062d4e58dc7ced0ca6fa1babb"",""461e9a784c3f25d592bcca365c29046af9fa654f7f249117fa904ffb62fe4e01"",""4a8b974bd9e7cad6127de76a1e5c17deaad18765483a684a0d962b7afdcc582e"",""57c45723baf314672d7ff0b54b249a8cb2d6254c56a6f5506bb7c034d4ab32f7"",""5b2623a527240999935e4c525b67b675b041950bc170b780f43f520bcd713821"",""5f15509034f1ad8f5db5043a10ab3d152df58ccca387f236610db7fd699f5e12"",""617980d06f177cb2da452ad0c9c0be539cd8ba9baefc1f63020853e145e6f802"",""635a414a90135918f787f397eecdc90cfe9ba92e252450d8583d9c181f3ad806"",""63fe91e9e9c7d3047f27494fc49829be88cd1407912244235d881d2803c8bc08"",""67f2604567356a9e9fb23e18bca6931f92a56bc057f89f2c0a619000ba5b3812"",""6c805ba165ea4126b37daa71c7a4e799f3e3e594b7912616e9da5ef37e8fed3a"",""6cf43d0fa1e473099cab7fbb3744053be1fe7f0f733364df1978865e0db89656"",""766bfc966c226c127b97f3b022698f897a420ddca74c181ac9dad81561772200"",""7c8739fe225f6d0a91994273b2fc6b341008543263a309734df4494b563d3324"",""7cb4ad7153d64a5a15d3a3265d03f6d6a4b49d0a41e00162e985452a1daa50c7"",""80902ea4b05e51a762a309480955effd6e0c082f7950517900ad269907b777d6"",""8237080bfdbbb6556785f4bc65319ee7dec4a4e1ce905c9171122e04a944cc31"",""8a4b41f3930a434172433084936be1facbe50f70f18c2ef38c50354e26713594"",""8e99a189cbec2d1744d64fef26ebdd7c5036d31d8ec7c70a2c98a6c8a2860ee0"",""91399ea43f9135b8b27e93f8e264eaac7c6b612607bd51bee571d70899231f13"",""94640f8786f3a24e5f277cc1dc6b7a6c3c615c7c0fa55b69a1519fd0e30589c7"",""9c50fba7e947b9dbe92ba9e9c043280db0cc6455a23307a4de7ddd1996b139e9"",""a50594814d97106b608db2a39d758e01a89480b2a7c838e26b44619aba06dce6"",""ac049c6c7bf44cc0201e4f21d5a7361e5f2a593f3d5c3302c7c2ca9e9f6f1dc9"",""aee1c5157c8e23414cec890cf12d83755da10e7d51a63f9ee666e98a55da18f4"",""b64ee37ea28458b781f703106f6e8301de81993ab353b2a9fd09c062a9ca6c69"",""c250958ee1aba12d40d35a995a6a97e163334b01812c22a6e65f92381dcf01bc"",""c4655f7010bea1672ada1a6db1d6a5f3e45e236e462e90c17383755b4589ce9c"",""cd2a2f8517b50c7748af0842570ac14ffc0eba251da5ed0b4cd416e4ea783c9f"",""cdc90f113bc4b52655dfd6f028a5e8a579373528474055232b3e8315017c2f71"",""cdf06c3641923979814f6851433de103f92038a520b96ef75557f5798784404b"",""dee5fa44dd8b68561d5e852a72bf55ad965e3e6ae707ee6d291e7d89f1b9f45c"",""e1fc9835b87ce14447831bbcdf1b661bc45f76d4fb9b238f902521608b6f68bf"",""e2c1c1004d17b9d6fabd1a444a2fae072b633179b1610c3b14b848e25808233b"",""e688b89bc79de7ce9c93930dae0cf840ae465ce23fc9cfcf54111ca72b754f0f"",""e9f22bb5baaa834075c7f97fce12dd3b3e511b4657ad8e077ad843acd0a9d125"",""fb53c4312f0d4258b78e047df1d90ab188b4d76c53257b18a27abcca06c24c98""]",[],candidate_unverified,0,1
efee83d58452383733eb40fb94e0cc578ff40a3de99599ead8ccb7cd09948441,1026,bma-district-1026,,entity_assignment,primary_response_candidate,5,"[""1b1b2c38e0daa409d47de9fbfd0731f005facc43507d2f5504cab7b592f4cbae"",""25c7310483ee17693e09792489c43fa271210c4112c433c2a2aa4c484d4c1438"",""3312e8f665d935c5effd245e5c8b2ddf5b3a097bff1fa6da5ef358e23a9e075d"",""89047f2918e86c15bdb6d66e45c6ea6559aa6ca17adc10a3c8afe3771aac0886"",""aed0a4cf136c29eb1810135e30b955953dea7761f9b365c1de6520e29e6b2cb5""]",[],candidate_unverified,0,1
24d9ae1e5a3c436893902edda3b9996983f6d0d9d154ae7325d0835822c651c6,1026,bma-district-1026,,entity_assignment,support_response_candidate,12,"[""14ba15333698babae3a7cad802047d8748cdea127d6f62f4282b056ebcdc4e22"",""377a183d8465500df30c6096babc31f11689b20c77d1c25166a7e83a6d5f2a92"",""4a6b5dfbec9472be68b4807a67b9eb70c390f91362d724186ec3bbcd3a45269e"",""71882558f6f4b6c27d796d525f279cc786d400a000ae97799151b7350c3e02f4"",""9dda8dc19b61d298bcc2a59a8c0c262f1ae10dc9fdca458308a41da9e77fd0b6"",""a359614b747c77e58e1c4ac26732f8277d6ae411b4897f82cbdf6cf3758fc4da"",""b36cc329d3052144a0e914be23c33edd25c7001ee610c9a262aca8ccced2eb2e"",""cd5014f0f9b6ac4c0d3ca3e4f15226159081c1f81681aaa66c627dbc115025e3"",""d35942fb0b486d02190cc9b37f72d747ccff2ffab59b0abd9dacb8231d12efc6"",""e1bd8b5b70fa9759de34584de4b0bc79989763bfdf7ebad4787e71746627dd35"",""e9f4e222c7243bbcb60bd1aaafb23d3ef947d217b85151517e30bd53e3f26a16"",""f2b6e8ef0c4effdfe20bd750c247a3a01c160ab03c4f080dae06d0e630aea1a2""]",[],candidate_unverified,0,1
01a76207424ef95fc181bc3ab2f0a67de58e2cb7068261d311c266284197779c,1027,bma-dds,,entity_assignment,asset_owner_candidate,6,"[""17004ca29f68ab5a5a6422d5d73c57cffd932b114905bf5a66101644df17f346"",""550cb24ac76cdbbab3e62a3004a608de71b11c53af77c8cfd19806a0bfa47d8b"",""69a86eda557e9516da94aa55c99c3e775a7b7f27a040641eebc42c19a9a1ae97"",""879543701c25c5be24a10a46653ca0135044feed166d5628d7db56d3745b8998"",""b816521a6abcc9cdcdaf67fc72ce17c49e829272df384eff07a82cdb5ffc2102"",""ec3377905fe5a0281dae6dd2f30d6ddd998ea8a3627fe6c7db2d335509e66545""]",[],candidate_unverified,0,1
b36b28682bd8bc529db65ee57de42ad326555b794c72663c099e8c549a7c2a47,1027,bma-dds,,entity_assignment,data_custodian,3,"[""6289aee9f854bcd730ae075c300da522a3e17e467d7d520bef21985c2a88db34"",""86f821be2e03027486383e9252969f5e9ce6f85c19560ad966ebe0b31df4ec9e"",""db94a7dd28f4df4619f9e48e84ffc14400ad78ba12ad4a3b95752b7c43d55a7d""]",[],candidate_unverified,0,1
ae7e3d8838f6a563f308b2987bcfb2a8c843cab8e225d6fb91a367b1a3d7862f,1027,bma-dds,,entity_assignment,primary_response_candidate,7,"[""0a13837f65d7b2a088c16d2d2acbe199f5fca57eaa712a084791a6675336d423"",""29bcdc3d5d122710cbd902a196a077b855de6a868b0620081289bc31de471f7f"",""4181836d48b0dfcbfff262b47ff14891bd11f154b1ce79db7a6c1a5e75c28548"",""b7636170246d86b7df05e0025e3c83011bd0a5883aca93a428ef742a61bd0a20"",""bc35afe13e44fed123008f17ff5369e8b2d6736a2a71df197e187d6cb9b472e5"",""c4174809a7396b17f83b25a465604d35ccd5eaf22ee8c4c9deee626b5f9091fb"",""c6da4fe3803681866760de78f6101932fb5a97d1a2be83e739f0b7c9480474e7""]",[],candidate_unverified,0,1
436243494333e3843079304b2d811fb43284c774e3207320f5036b08e17a1bcd,1027,bma-dds,,entity_assignment,support_response_candidate,3,"[""8117004758bd898b48421e8664ce4b8b1faafde903d226d422373f720349397c"",""887c14e2428f894f7dcfaed561751b2c2256573b70a4d85f8491e70cbc2f47a5"",""b41659cb1480a90ea773ece9689e610551fd2930049a7650b9a7a0f6b551e8ba""]",[],candidate_unverified,0,1
b4c1091d4473e972d95cd87c2a8f1064896b7252ca3a47e1c95250d10edec6d0,1027,bma-dds-canal-development-1,canal_infrastructure,incident_capability,canal_development_candidate,1,"[""67f4db590987187b4c2894f59e5bf25b5e62afaa4a0b6514a636ea7287a145f6""]","[""dds-canal-division-duties""]",official_reference_unverified,0,1
ce77eed402d7e97995c1a540db85d3957d14683aa08f0f20d002c14d2b8d54b7,1027,bma-dds-canal-development-1,canal_obstruction,incident_capability,canal_development_candidate,1,"[""670c1e48cfbf2469114960a3e2eb7c782147cf20d9723b32abec382f2145914a""]","[""dds-canal-division-duties""]",official_reference_unverified,0,1
6d1387199636a55ffde66abea9e84fc6f5c36cba9fa20fd9c2961990ec939a5d,1027,bma-dds-canal-development-1,canal_overflow,incident_capability,canal_development_candidate,1,"[""c70176ece22c66d7ee90019a2d16c84e889c299842ed429a22b0daed2692edf1""]","[""dds-canal-division-duties""]",official_reference_unverified,0,1
628ed613d12b660fb324c4d2f1c29e4b68b40939382cfc67c4443ab0800e029e,1027,bma-dds-canal-development-1,,service_area,canal_development_candidate,1,"[""8f6631255b92781dcfc96a061c4fd3b379ccfacb4336c0e46d6096e1899e667f""]",[],official_reference_unverified,0,1
4dbeecd49fb5cbd97b3eef829056d628188d9e4e820fc0e42a6aa35c32425254,1027,bma-dds-pipe-maintenance-1,main_road_pipe_blockage,incident_capability,main_pipe_maintenance_candidate,1,"[""c7cb49e4d01ee3b356439aad58878585ac1bd0a508e1ed42e4c252016d50cb7c""]","[""dds-pipe-division-duties""]",official_reference_unverified,0,1
47082c3bba3f742adf1c64687f7ab8708390cd1a949ab819395ca4b05182a1e7,1027,bma-dds-pipe-maintenance-1,road_flooding_main_system,incident_capability,main_pipe_maintenance_candidate,1,"[""e017e066120cb2ef5549d62da6043ee5acf1439152345f33091d2323f03742ef""]","[""dds-pipe-division-duties""]",official_reference_unverified,0,1
f02fdc5aa85272846d71ac17b2aae9225c078071e52c34032790f7deb2159e4c,1027,bma-dds-pipe-maintenance-1,sump_failure,incident_capability,main_pipe_maintenance_candidate,1,"[""56ea5abe8feb0549d7c8e96632f82036e2f2af49b9f1952e452f535eec79cd55""]","[""dds-pipe-division-duties""]",official_reference_unverified,0,1
899fe405d69bed505a2543f20fe035061ff54aaef665d39d408e6760b0778d92,1027,bma-dds-pipe-maintenance-1,,service_area,main_pipe_maintenance_candidate,1,"[""d39fe5d85e1b1b44b7cfcaa8af53560319a054edc92a380efbab8da334383784""]",[],official_reference_unverified,0,1
e0a6dff6321583bd6c14076dc37ee9d90bd3a31c1e856cf1dc1f9eab276a2c1f,1027,bma-dds-water-control,,entity_assignment,asset_owner_candidate,15,"[""07195535a1f7731ac29e45c559fecdc59466ba41a0bbbd04f6acaa9e8b559f1c"",""08c8a6cb3600f1aa2720851d159fe293d2b65a1638b05e7add91b4da6fd2df34"",""18483666a2f8e5d464ed05f330d5447f31dca8d0a3626e6248ad545a78697030"",""38a13aa3775fe2d01c7ed23727489cb4d4e85514c73833081ba2e5880d37c817"",""3eeb301cc6d251878dff6bd488325bdcad4c2f492bfc59cae6443662d77fa0c5"",""492cd07610bf5d9ae283a6be5b14f1018b39cbad8862eeb27a6f3b9f13f5d0b7"",""4ece80a7e007fa39ebff9f42e2fcf14d2f55caf4deda5fdde2d51d40818dacd6"",""5798238af6985072a57e3b1a70d27f91db3aa883fa9cdce5d654ba25d6bbef9e"",""74d7081ae2a0ba4efa642d60a126027aff09abe144a22426b77e0ed9276637e4"",""7d7bd38e8bb91a74d14e003ca719687f5ea1f9cdb05d620c467c0a8c4b5728f5"",""936f150402afe441f374ef1fcc34d7811b6564c1c25e295e0a3821dbc7645da4"",""bfdee0a323c91528342c1bfd5ef0f6fd49fde225434127729a1c84a08bc3acf1"",""c6525490bec70c53d54a4c57aef1ae85402b40d235230afed64a4d7417f5182f"",""dfb718c493df46160d25ea154eb679c1d77b4a714a32c964dd322c79fab64c69"",""fabed81aed4304cfeb5435f6150afedadecfdbbf928daf32b3d85c8fb87d526a""]",[],candidate_unverified,0,1
f690ff93b7c5b9b9684a53a1a1c88a06bd4893bc890800caafa1850ec38e27ff,1027,bma-district-1027,,entity_assignment,asset_owner_candidate,19,"[""05838150d0d7d507106eaf6ca2e5cb23bcb8cd3e838b08c46014fb8787924255"",""0ad614c04f7911a8d000ea7c8c60d6836512254e111158ca2c1747f433ce33ec"",""16ee730b07ab7c1b188bf7d13e6f1e22d3caff80da4f6c2c851ccd97a5a4deab"",""3bd5ca88d556873df763e84e9ae6c3e7434f852fb5cf992a6f5e81baffa787bb"",""42ed1c684f5e9f6cef8f4173b7dbadd6b1ed9bfd4176b7cf646d0d63f86012fc"",""4a4653117b35de45f1d7ba43f9aee105aaf58572794b39eac1196d3b25e8ebef"",""53656bd9f3b94062ce934ff6978ecb69851aed1a05f9858569b35c6fdb80d240"",""5492cf54f8413c1b27949598b25588eacecdba224da3ce312568aa2e8f29179c"",""5aceb63a4ac77b99129b17611eded5dc4ab7193fc340c33d096bb66bedd76931"",""5b83eb07a63e1cd649bf2f737314b3555a1473bdbea4dde6fe355ff05d3617ec"",""722df0fd03977bebd19559b14e603ba0715b88413717756c6ff93d6e1d2df6e9"",""7e7d0683e44d2d5af857cf47afe1b60a0c2c324b1fa759f4c48fa2366fb6b9c5"",""818780ddf08fa07e0892c25c3d2d5f2639c6de136ef34cf81d522d33e70393c9"",""9a62a0ad09491ea0b5c42889d8c7071a0b82ef8010d81a0262f7914fcd042017"",""a66ca8dfce7b83b65c58de1c681d8ae2daab6c8b8f5b388b9f63803593097312"",""f0541ffb9e51741fd20c421b87b20d05571e2f5e6d468b7cfce8a1fcab43f8eb"",""f4e00ed1bcd976dfbe7c98d321b9535e5fb043b7c87471a55f9a1e6083d0fac7"",""f8107ef2fe354d9154f78965f33a51cd4d74cb72d5f8c76241a5a55dc8ead9d1"",""f8e7926b9f37fac566ba3b45c4f009153a5068637378a5c0ca9491db00ca0a78""]",[],candidate_unverified,0,1
4377461aab0467538e3a650627bed7d40363acc3857d62ee440a0277de60df99,1027,bma-district-1027,,entity_assignment,geographic_jurisdiction_candidate,53,"[""090d57f0567e355110fa975684fcc9eeaaeacb512acf181d1c0ec01960f25559"",""0d90dfc92777e53226d02c64c1f2d6f1000774f5d4d1c6d6ac8b570dd6f77c9d"",""1021c28697af78a06330c9f402ec4a8ddf6fd01a68be7dcab9f94f9e96df0806"",""1387d03a8ff77f65e7fd71006fead59bab9685cc7e3b4d530b76989b2dec48de"",""169ec6382e70086775697efe78c5c74d004a1b2aff0653e729349123dbebe6c3"",""1a11285e28e05039f2c31c0ee0d3732f4d4ce286526f0bc1b9664fe753f94fd5"",""1d0520e4280402fab7a178b6876915bd64771d0fa73612f923a9660581fc0d30"",""1f7a8ba0aa49e6fae025f99fee3dc67cb1c224bb4ef475ce53e120b4ed358196"",""23169007c88b121d24f9d89fb64e418aaafd321695fe94d025fffb2738d3e1c9"",""2c623515840813c8d7b26d2d5f56f7da0cb5395f95c7158e9bea93c77aeff178"",""3973d7686d0beeaa0fc60c532ebf8e507c5139ea85818d6d6a4c27d8639808b9"",""3e573da2187816a562f4e1e820fbcbe9a90cf2d016b3ff7ac8d2e2fb0e36d1f9"",""3f27a68e32aece83d6df882154038a61a2e73149037144583132bf15bf704ee1"",""4403a10cb8ea90b55d5ae84c605b64fad00299697d6b567d0512737132c8fa9e"",""45de1247ba0fb507358aaf0ea46c4097684154235006dbc51bbbceb68a9bfc27"",""4b69bddac0f1b4c1c09d99fcf8586d2bf22edbc90aff8710e4368e2a23cf0f63"",""4f6387e584821a63c17d8edd85440bbfa9a8f895e2d96290b0e0b74e2f550edf"",""52b4c8d765da61dce1df3753a8346b4e89c39aa8cef6d1e651efd9f0b7843ce6"",""5527a4a9e5b4768833fbc0645cc61f2eb41cc48736bbb813cd7bd7c10661a152"",""593f046bcac6d09b4c25525c0aedcf3147f954905a369ca43c8a7badd3fb425e"",""59b4581aa6b1f7eff160d02889fe3cf0023d36182d3150a9c0f711318fa89386"",""625105e4e127bf02389e7954f90cde1fead052dfbc54358beab9052d3d9183b6"",""65db4ac6d3e8e8a0dbd4ada72e2db9d1967f4a1983c235cf308e87375de42549"",""6c700214a26a19905ca34d2fba7aaa8b80de9f56fab4e2b3d08c9586a9d9b98d"",""718dccd0452caf060e067aa161ac486c44ef50b75062544790778d6cdad22809"",""817bbbb98c80c5900269a33be48573eec60f4a2b44e29fae0999128daaaf3c36"",""8793a11a415125e7c47fd7bec9c32bc5f1e0cf4e60791a0fe6a5bc0105a00e3c"",""90de503470062cc60424ea26225d5ddd03676d455a2d75b29b16d02fa0dd5ea0"",""940a76d1e651b2f9b1071f042dd065b5d24ee592bb8ffac2e4632799b41cc4ac"",""9cf52bf21c3353130cbb36dce535af8093119d7a88598fb857ec05ac601e9236"",""a2f4b293020bdf78bb75e1a16940b289d8ce83f21a0f484df01193bd6c51f95f"",""a569f45d9635f080d1c9941584c97ce697b87be4ee557928bb9550fd37c9b74c"",""b0e2f92ca8291586256494bc62c7ddb1ecf1a3584147793ca768abc02fc657ea"",""b36084dd731150a5ef99e51d6a209cc89eb277ed9c790fb11156c2a2d44982cf"",""c0a6130307107c5d81a42a10402cf0ee6ec229d13abe93eef2874dc2ad7763d3"",""c1d9713b8bf9f356dfa9354db4de337dba3f6248073198fd3311a000e030dc0a"",""c2bbf7cbe945f0854212475769537a09001b5dfbe3eaaa9c1e1c5d008e909ed5"",""c4aa7666c7c92936a42f80d6a7c1397834b4be07beaa3551fe6f76e868ea029a"",""cd72bf6825cd778ca346e1f564db23673b3d150f999b087cad2c50a8d70be962"",""d0c25f96bb68763ed1e1f3bc3b52a60c894ce881ac7a7ef902f96ac5725fbce1"",""d10ffbcb556135319a1520e783153b20d13c0574f0dbc701a49d213a5ec2a876"",""d6a059fd8ec11c71dbcdb4dad18ea98a1fcf0bb543e91adf71f1c57a8285309e"",""d748718ff7d8ea41689268e18c4b76772a139a9f94fdff1296da5a72bac39698"",""da9eee4f18e270a4a6bb69731f0c15adde11bc662e4590fe33c22c78f89fae28"",""dbd5509c7cb6d4308cc68b3274eddcb825f21ef056f9219c680ce81186c7ba6d"",""dd2d5532b69af16ae6d6dc2f51e53218bdd5f6a71cda140226fdb28021612bd3"",""de70a6bfb75c821bf1a93783c022582e0c05d16e70af5d5201dffc88eb2f7a62"",""e636f45ed3cdd2cde6adffb1d3689c25c05a9134485e9dac7090e08a3f383fee"",""eaf80c4e87939a53672677c0de0fbbffa6ead32051ce7dc1269fd08349e775d6"",""ebe75ee4d84409396b1ec81e66b222c15a97255e6c4bbd2ac7e03ac6664d7e72"",""f2f7dcd695fb53d66f99144ae2c186a6b13d8534a0ba2ebeb91a0488cce95c7e"",""fb0abaae99bc2f2a6378a4220ec5af201841cf32b27d11d510a466c1cca8925f"",""fc038f75beadcf4914739e9b6fb5ad97422d7566934a2274ad1751cfb103a5cf""]",[],candidate_unverified,0,1
75e932ec736c9e167908accb1372db55001257aa3712d8b7df22755207f9f776,1027,bma-district-1027,,entity_assignment,primary_response_candidate,3,"[""4ff53965f705b3fd077e854dfb735508a4f70b56c151d589f753df59b3854327"",""7c83c62dfcb40b676a4bca260d1a3d2ecff43524775771ce11f890b1fed64603"",""8c88a94e4345fb99e03fce38b67471c0e868cdbad0e834e7326e54f2e9ac1d9d""]",[],candidate_unverified,0,1
2e700a3c735462cdfa4b3be1d042d632f7d3e297c1460c86b6c6032ab946d87e,1027,bma-district-1027,,entity_assignment,support_response_candidate,7,"[""3fa5b79d58eb321f254bd90eb79f54f795b2e1bc59d2fe27cb43262877044f9e"",""540a0345f6591bb547eaf65a8ea8fa1b862cc80876121b63a5bcadd8fe55e7b3"",""75a01c062954300bdcc38255dd11295128d8cfa0057d864dcdc5f3604731d439"",""c1b5b6b67435570d9a45220883e1ef72a613d93c043af87b66c72091b466d675"",""c5b9aac10d8166520bce778c29d6de53fcc7ff3f303b511fe000053f8f4627c4"",""e7883571715423eb3fa956188c743d4be4df118f799d13211c7cc31db4eba763"",""fa4c616c550bda55ea928b58a5e7868dc3612eebe5793b5cfb4a5a957aaf29ad""]",[],candidate_unverified,0,1
04a50cf5666df5d3ea0a5bff052e38816fc332b3e2bce52ecb35ee49dd34a856,1028,bma-dds,,entity_assignment,asset_owner_candidate,4,"[""06ef2d74f0c1949a8d770ba2accc92c1aa270056a3817fecf1be965c0aac1bc7"",""92af0cc4da185a9745ee723c8df767ff72e9df0f0b45cf9f422db70fd2731cfc"",""9aa0a1cc081866eaf0e885c45c08b7e46a52fd5dfd274f34a348e4afcd1704cd"",""bdd5bae152c9baab067afbc7edffa704eb78b4dffb3711bd5223de3bfa988919""]",[],candidate_unverified,0,1
bbc61abb296a08b5f5f153dbd34568c7a4966172138ac3da44b3462205491197,1028,bma-dds,,entity_assignment,data_custodian,2,"[""1839dafd2662d1ed712870ba4594a75fcd8cf8630cb4ab18ae3e1031261f5d55"",""58cbc977d5e2cf1f46e3f252ec880f8166568b4e265affcf5d471036249ac660""]",[],candidate_unverified,0,1
b954e73fff4d3659d4133226f24d12fa7046c9d09349611ca25a68428c95857c,1028,bma-dds,,entity_assignment,primary_response_candidate,1,"[""db2f95cbb532bc1eeb3db773c2604dafc72d799d1a94d03c72c98cb321f84d3e""]",[],candidate_unverified,0,1
9e45fabbb050fe77457d3e6bdc77774638124fff6f402c54b9ad233ce862de98,1028,bma-dds,,entity_assignment,support_response_candidate,9,"[""18a3800d44ae81b6e0c61c9cd4538c1d42391f592fcbc698370d1bd3f038ce49"",""25d5209e4171930d739af12f84e6ea5f1cf99a15cc7a579d058767d87f4afb28"",""328b190de6919eb3f3ebaf4fc042bbb1af3774ea488de774d831cb0e078c9ed5"",""4a36b124c2945118886a6c72eaf4dcd6dd18ebcfd18bd351169f82b5ec7057e6"",""7c5515ba1c067f532bc7fd435f0b2bad7b11a31cc1eada3776303b534780e21d"",""974b99ee1bc27329dee780569a0136a682b69f3a97c848d3c4bfc4fc40d4775a"",""9b5d2f49e9a51fb819eb3b1e8d019ed68d3bee3b069b89e70ad12f12f2d71b21"",""c724bd945d3a05bb10758209a5e1a6ecfd615b17bbaa451b3fdb24017e8b074d"",""e2dd010f9c41a672c6088fb20edff18e22f3e22dfbbfe1081dbb046c956fbaa9""]",[],candidate_unverified,0,1
7ea6bc14dcb1ddaa18745a5d87b35dc208beaac6b521511377d0ba941aed264b,1028,bma-dds-canal-development-2,canal_infrastructure,incident_capability,canal_development_candidate,1,"[""151c973704e96723a19a4acb5aaa768a985ff81089527479da1f37308ee32982""]","[""dds-canal-division-duties""]",official_reference_unverified,0,1
292b757217041f3baea5173ea556b31d6124c3859df8eef51a06c1b96c260b03,1028,bma-dds-canal-development-2,canal_obstruction,incident_capability,canal_development_candidate,1,"[""7d795171523ab29d3564d0582144bb63e98108ca6b086887b4c5781a0ce9d2a6""]","[""dds-canal-division-duties""]",official_reference_unverified,0,1
2509a8daa17da78ae935d96bf17466421ac75e2d8a89b64bb4d19fda84ccc169,1028,bma-dds-canal-development-2,canal_overflow,incident_capability,canal_development_candidate,1,"[""5469faa8a35c1c084f6e3b1b343bda1d2bc162735f7fd8a96b7e50ec091ca1fb""]","[""dds-canal-division-duties""]",official_reference_unverified,0,1
1a591663ce00c22f16034f57d7df7db02b7f3beb953ed437925413f2e68ba275,1028,bma-dds-canal-development-2,,service_area,canal_development_candidate,1,"[""c0bdbfdfef373b02b81d8927e4270e8466d584ec9d92f494a04ddea73931cf45""]",[],official_reference_unverified,0,1
2c989a9b0d450bb3d61c64b4e50c37ee6143e9e01df2004eaf0acd302013df45,1028,bma-dds-pipe,,entity_assignment,asset_owner_candidate,1,"[""c144f5a5b03eb9a904dae83fe36edc663ba26a07417fa677bf9b60094f125ca9""]",[],candidate_unverified,0,1
493f2d34c08c901f08ab94e67cf7f6979b7f1d9fb56084a2721caf76f6f3e50a,1028,bma-dds-pipe,,entity_assignment,primary_response_candidate,8,"[""1691632dcdd2461cf2d4407b5189612a7605494b5901bcf19f958b1144dffccf"",""31f5269d75bab6b58f3b670d2c7201dfaefa73dc6c93193a35f5165ec8d24244"",""38c784a6d2abdc95b63734e5458b9a0778e68ebbf48e8911d45ba6303ec4fc33"",""47034aa1670238f5253050667b9988605d2cbeb86e2b65c408fa6a8f945219d4"",""7dfef1f541c4ae60669f2819611029f1013dee2d6cb8c68cad514205bae91d6f"",""a28d4e5ed24978227b80c89161ac4ad62740cde100e6121ce8dd4f5506faa73f"",""b3c219e41df909ad16752e2054851bbc47e744dd0d9380824dd3303bf6de0096"",""d172bb1a309f90650ae3b16bfbff0e298e86915f414624173f34eb84025745c4""]",[],candidate_unverified,0,1
c3d24b88dda8ce3085c7a909318fdba55eb8ab7de803fa78097152a259a8ecb8,1028,bma-dds-pipe-maintenance-2,main_road_pipe_blockage,incident_capability,main_pipe_maintenance_candidate,1,"[""ebe53576e3ebe6a930493607748d706ef69da117ed1883d81eb6ef8579b13ea2""]","[""dds-pipe-division-duties""]",official_reference_unverified,0,1
1352a6580a6d12f0591480051018e646bbc8d664f4796c754e0acd4c39b1c79e,1028,bma-dds-pipe-maintenance-2,road_flooding_main_system,incident_capability,main_pipe_maintenance_candidate,1,"[""5450e14ecee76ca41529b67fc5a402be33893052cc787c50c2b2f8e45784a435""]","[""dds-pipe-division-duties""]",official_reference_unverified,0,1
53bd004ba10f8964c79fb0813f28ae8fccf12381dcb27411606d1a7cdce293f2,1028,bma-dds-pipe-maintenance-2,sump_failure,incident_capability,main_pipe_maintenance_candidate,1,"[""e798ac286c85bed079dd72e5edcb260353278bf38bb5d3e06e4c1a2fa3e89f3c""]","[""dds-pipe-division-duties""]",official_reference_unverified,0,1
5bb5be95b275db28a5e71b6d7b9d7b099f0970e39b608df89edc76beaaf4e0c1,1028,bma-dds-pipe-maintenance-2,,service_area,main_pipe_maintenance_candidate,1,"[""70ec688ed1e9b295d6cbc8145d36ad15da40935449708b8fdaa9b2dbabe0d941""]",[],official_reference_unverified,0,1
fa96fcc9654a4cbac01cd9e82f6ae3c842129b3d56c04188bb6efae8afd3bd3c,1028,bma-dds-water-control,,entity_assignment,asset_owner_candidate,2,"[""1d32d3a4c5390f67e9bfb816f988e243856bf36ee12fb343573a60debe7cb369"",""41877cdf878bb7c2c240894184aa97fee5bdb9e44460b5b38a0a0557d4790011""]",[],candidate_unverified,0,1
66c3ffd36618e30c90c69146a7b1b1f0e29ffa2fec59e410e377aaf950bc5469,1028,bma-district-1028,,entity_assignment,asset_owner_candidate,12,"[""15ca8368cbd34db495de17e17f8b9f508e85d361afd883bcc2312a4328277ca1"",""166947b7814d6a94d7ecc2aed722271cf3fd093dfa94984995b0c7c63c7e36e1"",""169c32ac90c2275c5d39c8768f27ee73748b8257245c74662dd8eab382586644"",""26b53134f2dda58b8b292dcd9c808e0a6baad1013a8c4f64af55488ea942b535"",""4eaafa1d0d81e232c8a483b5380f1e8b915552ad4a98cf51541101f4d7899afd"",""56f8403c49c2354bb12f49b77b8ca793abaf2b99f183c4b2e655f7e22e640100"",""5ce233589bff3df342caef44db6d3036a095983b4d4ff10b767a176a96ce7731"",""715abb69df288cae2fdb6ca349de2c7aee1b9890cf194e77fb313f15d8b0b54f"",""7c1652a42c8d0e05556922731f0fae344d7b6d581078cf9badca0a631b5e83b6"",""7fe9d52d332597a308488a48c2cbb03c30e08492b31297216afa987e78f74870"",""89ffb698664a60744c249957bf639074c949c279c0293524ab873d9a67b0e9fe"",""98608727bb73e990a7f38b8178babdced267d2cbff64a26b4ff46ac7dbcfa5d9""]",[],candidate_unverified,0,1
2c547445902706074614136ad758c076ef19836d55fd593de001f17513fb4127,1028,bma-district-1028,,entity_assignment,geographic_jurisdiction_candidate,39,"[""102ad9b1f54d7af398dc1b8696110ee3831b1009c93c4f3a2594e950912c77da"",""1f8ad2d250ec3c3a7fbf4a2a812116e048af5d352bd6602d32b63048beea954d"",""332a057e8468ee05a277fab84f0a406b9a915e81471e15286507bcff04466080"",""34466766037816b8f5102b270d871d768c06ee9c6192e04c0c59c266d7dbbf9b"",""3581963f2989c80cf660a5d48865f916e70bff8ae47e127988862f9e9b428a6d"",""3f0c9ecbc33b66b87db4a0d04525c4a6554eaf6eac07ed9a0d5576a458a877f5"",""651c32a9f9a2a5c6c6cc45248b62edcd9dce45d4cee00a1ea908b56f0f54e778"",""68d0b83e28a9bce163d6f557aebd4b6eb625bf5db892ac56bbb7dde5fe996d8d"",""71b467b4578eab6f8fbff3c3eea640b0b30579b9538209fcfa67c17115e85879"",""7268c7f511f0f4a5e4d00ffa37ee67221d6d2824dfe3643d730665aa44e978fc"",""7c72fdac99e0e5a352d0bd27e40133920cb465361e0a9cc9431d51c397014d59"",""945bc73434a6d958a89429ebfb4500d4a65e4f29b904a36d79899c7856ed0b85"",""9550f24208f9f7ad4fadb91339f643bfaee573ef647e9ac40aa8438ed4f72293"",""9574ff08f4bb915932755a052fb4585c01f53b4314e1b48ccda4becf54d0a421"",""984287eff27fcacb17b14b6d7134f0b2a4110f5b0c5cece9f22cecfab5485b10"",""9c096479f1198373e951b7a2b22dd94d6233f8c31a5630225c71fed27ee0ceab"",""a30b191d6161b4edc33f33f64536656040e8f2f0e789f9e6c2408ea30f047e7e"",""a34503bdd4da4aa6e9499bc2c1aa65757764bc3c10c4044938ce7f7bc110df65"",""a38c4e0f5a8ad25b427bdb49acb9981ef51bf025cc27cbf699b62477fbff4e44"",""a5886e7bbb90711120fdae057b7bd739d4d577c0d50c208707b9f8e5a6e1197c"",""a6977e0c0988ac8bb35a4b098e60cfe0a160b191a904669d9c8927f8ef92a82a"",""af9e50fcd5b05a65844be50e60e83abc6f41244cad5af8deb94d402d1e906c5b"",""b8a5a002b5560de9f8bc284be0fe68944299708892cbc05dfffd743075648328"",""bd10c0ef890435979b3cca2e0aa8cb94552298584ff191e544cc58faef25f13d"",""bded8d936f4e8a38b6becd9b94bc76c74d27f5855b157d23f9b8aaee14e245b3"",""c10dc9fe9c119e0012070e9c7ab7b33e9c0b5db328572bb2e9d3f5ee69ad63ca"",""c2e1417a4a040026fc9ec13c93b7e45d39a26d653f6ecf2adbb3ad879bc739d7"",""c5c8fd9f8560037577663b18f0af488be59789f9167dce37cd8f791304f6bd17"",""ca7b4af77c1be98516a83e7f4cdf815b1d9dcc95bfa741b5e69fd21a0acb7906"",""cc61818a12fb83cf26200f5c4f8404b95ebf79c8c0c4d7cb8394e3df2147a30d"",""cf9324111069c3cd9285be81d451854979bd4d94fc3b4b50160d75048a17b1b7"",""cfdc28ab77fc543c16b18c281a86c17933d52db9e6643570e97d8db02d9888a4"",""d324e867cc8a0f6a2e2c6213e0d0f4cbe88002e95d917e5603078801bb2e0bf3"",""db9c6e63fe4d6663413c8f2373f933b66c3ceda9d82a6c82feddf361fe1132d7"",""e50e4adb7651defe69bb834a6cb6cbf4b7bc8c4b496736c74fc29092c8db6cf2"",""e73cb3f76564514094a4d1957c46c07fb2362b12fb51cab455f6fb707d6b873a"",""f59c882ef1a6b09ece5de86b30c7d673a161ab1e6000e7c95b4286a4478b87af"",""fa0aaa07d5531be1e8844cb99b867e91f339c65da4e88678ce617c71093328d3"",""fd5d71d8aeed6b77a2029d05722a4d7daac9d553bd16acf110f2769c38451e15""]",[],candidate_unverified,0,1
6c481d2e3ec1cca7f22af151e7b152f4b05258452adabcddc4e8bea0731646a2,1028,bma-district-1028,,entity_assignment,primary_response_candidate,7,"[""2406e12fa58566779248cc163fef26738ed0e28603bc8e1511db0c2f909110db"",""5c56b7092d375eac697d2a955a867f97a038d47a8b7fc41c6366cf30f65226fe"",""6b661aa9f19f448ab4361ba70a2509af8f9774a08cd7fa665c6a4910a1d3a818"",""7940761c6e0e67833ec0a310bad619146a0912f3763668a5442f44339b43e17c"",""aeae9808678ef4f4335481ab1a36aa3e55378aa3f12fbf19c74e6a381d43e4e1"",""e390ca79c3949f23c8afe096a2b9d862f8d838b95270230b6f35bd32894b4da8"",""e5355a43d7120cca9781be10491e05ca267bd8b95b9a88eb3e5e6fa34bf39906""]",[],candidate_unverified,0,1
9a852143f69228eb504ef510d006b8d0e847c7ca2d389f979e38b2db51d7f975,1028,bma-district-1028,,entity_assignment,support_response_candidate,9,"[""124f31fd4d7730a81df612c20fcf5503bff6be74c29b078049b9922c0853cbd1"",""17de49234cfd5770b1e069806ef12164e9d5548e8c7d566fec034e5d4bec01ce"",""508e89651f7641c1b9e7f2c221f3e616959f8b32ff2a176dd405278f3f1b5949"",""517c815f3cd202851b7639d56e56b53aa97cb32686656b70c685471a6807e10d"",""5c4dfb4ae9a408a4a0abc6186f2bd947ba4300912682c7c42ab2b45557319218"",""7a72c0ed08109760d02cd80052ab9bd1df5f1ded0c10a626eed54f13cef51736"",""a4136fa9a4f4bd9483e1d2117bfce032b315b869d8fd124e2054a53630ca1e53"",""b7224545cf005ab3eaa81480e2eead1e3267c1a4aa16d00c1f94936e48d03e24"",""d3d10acbde8fc30176de4a022e68d72e8ee5bbe41a99998348c62f6d913ba3ae""]",[],candidate_unverified,0,1
f862b8b20d121ce7e019f22f00eb854e61ce703bfe0f2a7e155418e37ba06b3b,1028,bma-district-1031,,entity_assignment,primary_response_candidate,2,"[""2fcdf25c702ac9548522d81d4791d679279e720e1953f4123c0a4a1754e6edfb"",""9ff79d57592236145860815b6f29850815a7ef2ce0150cb9cbb25216deb3220a""]",[],candidate_unverified,0,1
3faed48eae99a84431b8810d4ad512c01b77cbab58b1731ad31562771c855044,1029,bma-dds,,entity_assignment,asset_owner_candidate,13,"[""07d22670731e5f7ab23bffaa03b87806916d90226c33f30544ae5939c4b30c7b"",""51d2c3f53895b215912b37e752a66fbbdf0fa35bfded9c7f02571ef6843d6213"",""554bc87289fe2ac0938ff328cad3b00bdf84c7e5d929316d34051d4f26cbc9c2"",""62cc4663e75145d3e2eb2bb6dbd34226a57c6abcf4118000c20b4125faad306a"",""764fc0cd9fc24d0b2a511ead7babc4f462581bc6fed6c8ce2af3ef7ca68d7eda"",""9264bfbc6c673d90c5ec9ab77af9677bbcdc4b837aa8d934a51f3f9be0183808"",""982239fe99f03fc3c9c0e1859382efbf46fd64f5d1b26cba4ccd45d225b25d41"",""b60261dc86972d1defad87788b37065db21999e4dc9f37f8e5c4992546a2de85"",""b9f218e60e62989932d0931949756ffad00444017d49d015c2979b337b6e0228"",""c0088ad4e235b7bd7d2eb3a83c5ef16747c5126a407b0a7150cd78b27245f849"",""c02a5dfc0c73540f61d17d4a77d9c0fa8213a2884aa861f6213f2bdc59716302"",""c7ffdc402fdb9cad282c08b777e256835c8743d4c434b052468a65899227b827"",""e53bc435c0a2170d6f76450d96d1c1bcab9cc35ea207f10db5bc4aac3eaa56ce""]",[],candidate_unverified,0,1
5fd8344d329d0e411824619bd5bd4dfa9e3c9c444fdcbfe35b82c2aa578b1b84,1029,bma-dds,,entity_assignment,data_custodian,5,"[""30abf22cef0adc273ad75ccf08d477571fb47a8749d2ab50371424b0cf1a430a"",""6c7a6814b31457a140b90ff0bf7eead078497427bf3d0e3a821c91d546604052"",""9b2df16821f20aa3c83b344ea810c01c500e6f80ffe1dd415356621bfef74065"",""a628b33d970073d02b610428354c7e43dce550ccaf036427ab7acb2e0b82e53d"",""cd1ab1793d6e774a916e2b57e23eb977d322155b311cd7ed3edc54674b627504""]",[],candidate_unverified,0,1
431e7f0ecf8a06b7332bb50da5e709914634957c6e604c719f0f13a355e7d169,1029,bma-dds,,entity_assignment,primary_response_candidate,3,"[""2b22c078673db1b3349a6366f339e44d62d9b466da4d5e1656042f3e26ddbd24"",""609bb6eee5682261b9402c3a9f2a1a19ccc292aa887daf712aa0d2b794c82b7e"",""c78583ac940b8f4a06d22d5b6bc7e02dee5eff89a3bc24d1cf99273bc01198d1""]",[],candidate_unverified,0,1
fca0e043c53c5ddf5b6b86764a6266991e2b27db18e1d005546caa6c6330b315,1029,bma-dds,,entity_assignment,support_response_candidate,1,"[""dbb8623c75e5171215780f58a98e1b0caf44bcd9539d60b65b1d34635c4a667d""]",[],candidate_unverified,0,1
04a4ae28bfb1794456af3213f3831d648c5342414bdda265f59c68aec7321bbb,1029,bma-dds-canal-development-1,canal_infrastructure,incident_capability,canal_development_candidate,1,"[""f2aed0c510e8175239187df28f6fd01e0382622ec25735b2cdf5fc0cce308e46""]","[""dds-canal-division-duties""]",official_reference_unverified,0,1
112370d83e210458c5a7e769849cfcbafeb6e2319af19e0676bdbbd93395bfa6,1029,bma-dds-canal-development-1,canal_obstruction,incident_capability,canal_development_candidate,1,"[""76a89fa7b18ab2d663663d3b7e60c8429e30d67b2932b393e608b510b0226944""]","[""dds-canal-division-duties""]",official_reference_unverified,0,1
fb860742e0dbe2af264174ab2e401797f16c378d143009b21c62045cefe37ff6,1029,bma-dds-canal-development-1,canal_overflow,incident_capability,canal_development_candidate,1,"[""734f28fa9178bb8a4b111277f30d42d150da788c8a38e68f13e0fef19440f04f""]","[""dds-canal-division-duties""]",official_reference_unverified,0,1
b7607ced5f7619f0ec77fece5d132b3ad38f55c8599c45aabb5b5bbe744a8804,1029,bma-dds-canal-development-1,,service_area,canal_development_candidate,1,"[""97392bbd5ae973528c075ffad81ba51c1df3b8ff94ddfe932652ff92cacdac31""]",[],official_reference_unverified,0,1
2196f6fda627266bccde4269476071c7e18f3373dccf51aa6d253c86e1e230a1,1029,bma-dds-development,,entity_assignment,asset_owner_candidate,1,"[""c0a22f8ad7b011d29cd46965ebbb87c93036defc48f8a30a9e3519f0e202f1c8""]",[],candidate_unverified,0,1
bf2ecd5608ee38de674458bb4a734faf5ee6931d5ddd2edbaadf763cedb960a2,1029,bma-dds-development,,entity_assignment,primary_response_candidate,1,"[""ebceb4c5bf4804dcaa27720ad4dbc69ea0708a4b8961493727210fc86e8d29d2""]",[],candidate_unverified,0,1
647c50f06492b544f841d847d04f9e34719e540078dfecc14200a839c0e92be0,1029,bma-dds-pipe-maintenance-1,main_road_pipe_blockage,incident_capability,main_pipe_maintenance_candidate,1,"[""6d87569d591f01125ca6074f2c8159cb05670854dca3c166d904ca0ce5cdd515""]","[""dds-pipe-division-duties""]",official_reference_unverified,0,1
78a891136c31c9ff650c3fb4b5e359e11f7412e211d0ea2e0d97bf4161756d38,1029,bma-dds-pipe-maintenance-1,road_flooding_main_system,incident_capability,main_pipe_maintenance_candidate,1,"[""2c7f2bbc8ea2fdb924829982ae7eba3c95baa63c2112e9d1830dc39f764d9241""]","[""dds-pipe-division-duties""]",official_reference_unverified,0,1
940028b1e8e6e3d7faa1d600f300712a60c02dd35621053bf66ea80ac2134df8,1029,bma-dds-pipe-maintenance-1,sump_failure,incident_capability,main_pipe_maintenance_candidate,1,"[""799105d05f9640bb84d6f448cbcd32fd22357d17c8a9f91018f61038b28d8aa3""]","[""dds-pipe-division-duties""]",official_reference_unverified,0,1
43c14a60e745d5711d3c52dd78e35983956d2bcf5d8e866a2af1c83c6f6a0170,1029,bma-dds-pipe-maintenance-1,,service_area,main_pipe_maintenance_candidate,1,"[""3a9e9ce6d9f8d1b004e902dce80e8242f57aabab21bb3b8add75a9f6a0272a7e""]",[],official_reference_unverified,0,1
d498512eacd458cfd49dd7e3153d9476ef66ca5398ffeb4212c930318667fa19,1029,bma-dds-water-control,,entity_assignment,asset_owner_candidate,12,"[""0dec0a6c37b450272371c3263b61aa67e35813d66d4bd4c01fca1c467c3766f7"",""46889b1b9d04b5c8d4fb243f1d68153075201f1bdc1e69ede6ecadae09ad5fba"",""47b15c203c626386d58ab66bcaeec6c0a0b9794406c9f8016619ba47dc787a02"",""72a066f87d21080ab2e31bfacff7fb74048971f211f023786b11954263fbc239"",""7981e1554394a2eebe43b177bc029516e8bae23581045f97bbbec261a13b04f3"",""7ce8c50918ca88ef229efa41832e455f51f8d1729185d48db2d6e6bfe7dd60d5"",""7dcb45f94a86b265f57cec75c2fd44f4d69336312b2bae199033393031496b44"",""7ede9a17f33f916084eb9a8cade7f701b992f054c99b343bdf00599e6a8c0776"",""a2814d1739e771ea9aca007005629e1f24270cafe19bc2e9b1b04305f5e1d89c"",""e3d381d9fa5ac82b75d789f508ee48398d6808b36179efb84cb40cee4b19b85e"",""e9c9b5665cf28e45e0294716352be3a222f127fcb40bc4f44bf7e0c0422873c7"",""fc063a256b411d5b9e45a51f699423fd22924b89dd77647abf0e3698b03ece32""]",[],candidate_unverified,0,1
57cb380008e347de25e14136c83e66e951981af197284f5a9ff79c823003999a,1029,bma-district-1029,,entity_assignment,asset_owner_candidate,24,"[""03cfe92c8551fbdc15e245fd2bd4d67c52e88c463719b0eebfdb26672f2072c2"",""07aebd8a8df28b47bb7f0cf6b2005afcd2bc0b3d3e3afcb3e15da62920e54f23"",""1a088199ce68be397e7344afa7851ea99638a314867ae7fd428036641590b7e9"",""475e5a938ea259f80534186bd1328426b369032654081661ad7e19eb060580c7"",""6567007336004109ecb4264a9a5a6aeddd1239274389c4be700dc4eb9c3843cc"",""6c47d80533adf190ffdef1a621fffd30ee2fcd9afc98342e3bf3165736cfe075"",""7c03adece501e8631abfae46001ac6fd844307ca53364b68f9945dbc9846ed2f"",""9fddc57ad247c04db0a650314bbc7cddc8b14b4c1f62675ef9594ee1c781b656"",""bb589d2dd0ed0407c922c5f5a1f29dc27b9a8ee4279d6f71f99a568d8d7a2d08"",""c638073170690a13b207e828a691492b4a497d35821768cf82648e1d01c92e6f"",""cc88568734ca867b8ce3071753420d8b43fbb04cf9dcb85a9fef4a4f8af372ef"",""d43c9ceec10ce2c34ae1795f82be8449a6a83d2db8cc4235a228885ff49b07a0"",""d47ede5e4729ea0ef52406a6dd6d150ae815f167b1060780ff2d7221a28a07fb"",""d59ae2943b332af6942c441bb9e00252ad74cfff1afd23e8da97364be5decc12"",""da4b35d4b62c04429596940de61786f8496d74acff4216e178b96a5b4505e193"",""da961dfa8eb37b878d3c92026a8c15926aafcd350268e5ea207ec966f7413178"",""de48223f82ef2dd9cf386c13d5855acfb66f5cee9ee6bbe731be34221d01602c"",""df516e23f559000cec2d338ab68523a767555281a811e0d701941310d5e3e804"",""eb9523d92d0646bc45a6248c5c8c078f139305bf03dc7c5615ad1619a90f988f"",""f10f255a0205536252a9ee386aee5d082ab7b4913238763536bebae966d2e663"",""f1897febf904678bb90558283d7c387001fc6155b656599d67fb955e767fa0a6"",""f38d753c44a4816320f3c815b9deec0dac71b70846d8537dac26dfed7a7fd183"",""faaa144ac3747871274a217ac12fe37cc60689bc112d2332cbdb039c5da07542"",""fe3edbc3b3f153be33c7f053b7c70e037118189e1f4604e3ea7fb9d7c9dbaab9""]",[],candidate_unverified,0,1
25e7ade36d9cbe95f110f7d65299fab95a0ce6f11ce76b37edf7115c7c8d4153,1029,bma-district-1029,,entity_assignment,geographic_jurisdiction_candidate,60,"[""095c7ce68753e3610d64e041d9336a7981b737bbd009ad29e883687a354b9671"",""0c51dfe290b2238ce0ae99010e5d5cc7f51d49d5cdfb06ae5998a207f5e44f15"",""0e0812af297a0f37bfebd39e7ad77798719e84ed2c7957edc814834b54bf069b"",""11307ccf064b47c7d1b13fbf15ed014734a8834b0efbca6fea7ed4560cb91fd0"",""21fabf2f40244bbc05fe965d247d83e4c63c7c47f16821c1e2428bdabf45c590"",""25ec554378431fb0bdca623db014a8e746fd0bababe2490fc28eeb31ecce6f63"",""2bef31aad714a9a776016530a266f803944ea31cdf0690e8dea823300a728912"",""2db4273905c60dd8403584c3a32d69eec41e748527538e06be05d26c1e7da824"",""30e2c3f2a3dca1840a2ef5cef0fd6d405e8259220273df91934be5012499169d"",""3713a9a965c30daf23b88df8e3490e8fb6bdc9bd5cf82be899c2fdb4b94b7516"",""38a020b4861a8483b0f67fae6d43fb58c805b274c52305904a356c2d82adceb9"",""599aeb51233b8be3510f02b09264f403750e1dc69ff0db9473e1554d83f9dcb2"",""5c12fe43e9cb71d1142f835a386d709852a2bf74593390acf5253b3cd2ea7dd8"",""5c66a2194cb26b1c7513e4e1c4357ca331c86c29a01dc30ec9225c19ea1e2d2b"",""65db2758f52021669f0b3321a61064c382312f4ba6f35c243dfe1779b670d66e"",""68f5de4c09ddbe6cd576a4bdb1fd475af5faa57a5d8c16004f29cc8d60c9c97f"",""6c5622dad805f33f36ec4a87c1892e3802022948c837dfd7fe11d09664681d1e"",""6cbc1138edf55470155252521ad26a024742ee40165d3de712f9de65708105b1"",""6df16ddd5595a15b822d49f350b389e971ea04362a9ea9f8db309bf765cfb9e9"",""72ee85bec316d3595c878f83870a4fd97b5f20bc86dff14b92c66f78c6326d8c"",""77d21231c6fd5f1f8c2f008bddf4599cff7a628d89f3662311b1c8453bc15ac5"",""78c6597fae68c4afcb4b299a17a110228e387680a27f7e3da8d8e82063358af3"",""7bd9d2b469ddbbd07043b0741993b348957370870cd27e5ef42dc3f4a9cb2164"",""7f1d1be3d5aa4b21b3ae40ba6104476d312c385f3e7d5de9649bc66cf5038912"",""895a4bd99912ba9f493e0bfc32f9fd1137c0a23e25eadc357696eb065f11cbe5"",""8a2e9d54e88ad348500db44b4ae52221f23894e1de412fa3e392064f78043663"",""8e0410a8c6a367b4cc9db8a9125b103ad121d2f9cbc0b73dbdb77dd598f90a83"",""9a695e75f8a351739be72eec50225ebff91b122fe5b415810dc7e4644d3184a7"",""9dde83eb17a434384d241a6bba6b977696bdc633e9db1d9ec3d2dcddfe86f9d5"",""a0d5749a95f87775cdb43365620b69a8ef0a246aebfa8416f1758ee49401d4c8"",""a9114330cec563392ea56abbda0a45a91549a7d396347703630e789f985cf47f"",""a9608fed5113f11c7d3a8f59764f6ccd402816f676211945054058640229add5"",""abb8c4c9367ecbcc7682c1cbf27cd56a78b718dab867736d349ea5786732e673"",""b09a023263c8c0fe709054bbf7ad3ed78f414fc4021f2030cfded9f6e822324d"",""b5a66a71a835853665665146103bcb661eb6e451caa4422f2ce3430a80403c2b"",""b83162bbf174df3879ca15deadf22424277c5f84ca50150bd32631f56382b037"",""bc0c75483d45a1271170187a75f2cd74b1167075f55de4d5c314ae04df937aab"",""be001c2b51418dbc87b6a4aadfd9941e00b33480b190ab2ed2fd0f90ec67fd2e"",""c12c14235f10bad8154bb0569efa6faa8d6eee71eff65ca185ee53b71f86b39c"",""c639ddacc70000d558896cdfc9e4c925d0d7032545517dd182618a978e744ebd"",""c81bff38d77de55888e2f0e954deb4f13671bb05bfb701241e92d7965641307b"",""ca34b380e2f5030ccc989c6448f4ab2375650ab9e7a2c62b59e0de50d3cc2a25"",""cb0a35635c888aab34836ee801352a13f6a832e7c9723213ca305f86cc2c62ed"",""d4ca4b77322fff53610797600f9f73717f478255ce745248d76ff05ac47983bf"",""d54036152eb97d61ed8d0c90a9693be8212bae04d9d36f3c0a86b4d611dde44f"",""d751b1815b56d1be281c2a18f861e065cc63fa461008fb32d771f4eeec7f97c0"",""e07ec9f7d66d2cdec4d6cc3eee5c58c68b3c16d6dc0a25771a471f5e76e66c57"",""e4809a1ec0c130c903f09638a9b8ae1578d4801cfa6535879056d14d1b0c42b2"",""e620bb5f02e6e21c3b366535c73f10589e6151fff648ef01c1f531188bed6a7e"",""e724f95c51b5ab50e04e1dab67e2bf8de059b07ee5cdf162f079bb871c8ba965"",""e7eed432edd6fcd220ad7f7833a4cdc1d9b68e89c3e14fcd1c7b2ebce8d270c4"",""e80e7445abb329203dd03eccc775a1e81ee7b74483a4630db147ed7ea8ae2b58"",""e8af7fc2fd4292b010cfb207f3ba8fddaa35314c0be83a1b271584bd9d0d5f0a"",""e8e0ac05b1c268ebc17b5aa1f9eab1e80febf5997c2726c83b2c6ff5a1a3b2ac"",""ef0b3bd34e6f6062205879d7c8dd0fb0441d86efd5d76bebb76542319c6f439a"",""ef1a7cd52b9232edf8089263e41e5af590fd062743bdc8a5b6beff74d672eea8"",""f2df98a888f0ce3b3c5e441fcc5a7050a52ac16b7e2786b735d59a35537f8dfa"",""f77bb603096cff3e5b6dbdf63718c50a369c6ef2f6bb095e9f4c43f890fa0c8f"",""fb770d10219cd4ba96af9b59a397e9b9cc5da857882f49dd859fd1725e4f435c"",""fbdcb6e9ceb2034e9f6c419b287b6afccabe874e9faa5c67a7fe8f7242293cc3""]",[],candidate_unverified,0,1
fb1aa005b918f11f6a564977dc15920a6114da812362e24f3fc86eacffb114e2,1029,bma-district-1029,,entity_assignment,primary_response_candidate,1,"[""d7df53e0ab7aeb9e1e07c09356c95f3ab53a6e4f74433f16d2e4a33f78f9b546""]",[],candidate_unverified,0,1
34e419c3e81b6b10a425bff36e6d4ddab927670f80c8ee4c05d3bc38cc8d4a25,1029,bma-district-1029,,entity_assignment,support_response_candidate,4,"[""27e0a6cd147085cb33720ba016454c944e200d2070aed709ce8c907ef097adf9"",""92000be3c84da947340fd5f67bdd0dd6a85f09c6e6e4ab12731ab5ffada0e8cf"",""968a3d05f8706098c9a57afbcf03b88b59eb3ec41e2895f38990ffb7e542a28d"",""f3d8d046f7f714380664d79aa5a00029503c18c6c9646538e27e0d2ad7a92fbf""]",[],candidate_unverified,0,1
ac5554305bf9107833010d09407e785768684eee2ab43824e24db020a8616660,1030,bma-dds,,entity_assignment,asset_owner_candidate,8,"[""019a6660b04a611e468ac5d4f13f44775f6ca55e6282aa05b872de823524b16c"",""1f18c347286d771447dcecda2149f32386c3ef63d48a6d1b40cabfc789772968"",""2ca6be4d0aff7009eb5a54912105d0ea79cde7fe37684e9b96a2d2d679c2c673"",""43ead71e3cecfa7d5ef39ece3b505a037183219087c97041d4356d6450dd5460"",""654415fa7a70db58f3a97b99e38bdef525ec25bdd8ba77dd3c64b98b1beffe6f"",""6b283f6d35200db57c442e1460e4e19dbb03b44933e7280518be72cd4ca7feb6"",""82480a65ed6231cd1171628ce126c5ba4aa6f1e12b8ca6cd8442c483176eb13e"",""ac036b7ce02d561723f2ebc5dbb5a9b299312ec8ddb9f96150c668185f115dec""]",[],candidate_unverified,0,1
9d62c07b1694b8d69c6398a8b1d378d8c06cf5ab1b80f0b7499bc62af455083c,1030,bma-dds,,entity_assignment,data_custodian,11,"[""0494868aceb94e3f68183e01dc2028e940562ada289d2a973e9f7ea3db765cf2"",""129ff2e3f50e0c925b4f0d81207a86446b79a9a599b7e750d6bf71ce68e7aea9"",""66de81481896e6af751bf85344cf3ec9521af60ef478e69114d94454a4da3555"",""8676e737087a7aafc7857ad9f16228a341dafe19ff0fc69a9bbb5ef0a8b0a50f"",""92ea356d00ab6a9156a793772c2b3b23b179ec2461e61e157783a9c744b8e5a7"",""9dd7d4508ad09a737a455732f70a069f3141c64d644cd44a924aaa0e2761a996"",""af8e5ae949db1ee3f358d80685bb1ec0a1c387e25667bed6da008560e4cae8b7"",""cfdcff6ce22661db4ffc5fff25872736f09404c8b0445dc60d149fd11b68ef01"",""dea8ae72cdc6856e222b69a620dd17d12ac213e6413cef8ffee787bc032de9a4"",""e482ba2ab9a09f3535f0cc033e1c284904864d691373e271d30af8d537f54fd5"",""ede75bb07057d9dc94c0859ce7376be2c10ca02b64391c7891a27dcf2c9cd7fd""]",[],candidate_unverified,0,1
fc567ccebb3e4fcee53efe0bc18297b09f91c4e1948d4d24b72671e437d4974a,1030,bma-dds,,entity_assignment,primary_response_candidate,5,"[""175151bce6f66e20df1175f8f7eb9e7910aef0b3bda0830cae738e9ef08d97cf"",""62345b4fec64597c90041f7c088fcdd978df1ec39731da64de9c0e7cab64b7a6"",""9194d1d17e59b94475d5f9d6fe50ea9717f9865f30723866bdb0aa9e60d6ef56"",""c7e8a837486cbc822ca9b22f83a8367d5ccf3a181e11a0ba1682de6828ff0a91"",""eec7c1721966003b7d4ef9b53c4c83ae64844145bfd6990b918239dc1150c2db""]",[],candidate_unverified,0,1
22fdef19751c17b5a9555d4828fa1551405ef82a169f180ae38873fb91d17a2b,1030,bma-dds,,entity_assignment,support_response_candidate,17,"[""09cf162a4248720bdcec6959c7c3f6b975f7e800cb71676ffed99ab95d3cf901"",""40fe2cf08c8489b2fa1f998b043761650f572910d878bfe27e92b05ffc446141"",""42ae313fcf9e7261458a2b113e71c065dda76b2f4962ad0159e0e099fe79bb6b"",""4dd16b5b0df25cc3ef796abea3727ab8f5a6644bfc15b99186aaea0fb21d149d"",""69719f0fab89103caba8d031459a78a3e4bccbdbcb5422256f6b12f33db5bfe7"",""723be4d6afd6902160864aa20f7758987ea2e61ac3e5c9875b6bacde17d1b265"",""7d63f76018ffba736b92980e875dcf384a2f71b4fad7eefab398b9a1e9ed645f"",""8a9539392271b5cbf5c3935e90bfe15f62631728820c54784d75cc872cb1dbef"",""9173429fca46a5d669b6e12241fb81d25ba5f274047fa05d5a572b838f6c6216"",""af4182e7601383aa30c0d3850c506fa76471c2ff2b597997b078ff4db146a66a"",""b74199083abe400fd270ffae9f64efa1b99b7c12e9fb731d4a641454d5554ccb"",""bef1f5bb5e5d6bc456931ba74e07d1cfee115372e5d5870db26894c76998ff29"",""c297799836423fab16a6c999bd29f01a61bfd86dbd91aa1c0694a67b13888d43"",""cc4fc4a6244ae6a54b8cac866e8595f4a2bd8f5793b38ad8378ec80cfa430042"",""d9b5f3affd412e4c9faa53443c4c79fbe49e04d7b5e55992e64f13efd3baba49"",""df0bb99469f0ec7324c1452e1b95c8ec0a2d815245cd9a12ead69bb7e717ea24"",""ec6f1f0d38257445c1c4cc9c5ff6c32c6ea8f390ec5fc231d7fc115c6d70ef08""]",[],candidate_unverified,0,1
51ab2d2a45ea0f856de4aff932dadc738094ee5ba95614263593ee988f591f54,1030,bma-dds-canal-development-1,canal_infrastructure,incident_capability,canal_development_candidate,1,"[""e388115f3f6c9c887b59550028b89e16d0f71dd9855d243f5fb96af1460a8863""]","[""dds-canal-division-duties""]",official_reference_unverified,0,1
c736ae11f62b54d5e984ca51b3820f5ed5608c6b04c915e4088cc1b0a5e52ec3,1030,bma-dds-canal-development-1,canal_obstruction,incident_capability,canal_development_candidate,1,"[""fbdadc83b288247ac71d47aa19ab366f5109b0c7df5b8d38be4aae95e374d454""]","[""dds-canal-division-duties""]",official_reference_unverified,0,1
0a96ffb5362d85884e6a78a1859e903b8216fbb1ae2c8d51ebfa645065f353ea,1030,bma-dds-canal-development-1,canal_overflow,incident_capability,canal_development_candidate,1,"[""8fb601ccbb890f93ebfb691a6db2fc6de407f5da45c1e546ae698a7b40a76ca7""]","[""dds-canal-division-duties""]",official_reference_unverified,0,1
e13c546610fa6c88c3f14b19a4d975184c12f4618a1727ca8c023759bfca38b9,1030,bma-dds-canal-development-1,,service_area,canal_development_candidate,1,"[""76a064e63b9cf0716d035d73f0e2143e8257acb67ebe68bd731f1b2348cb6f35""]",[],official_reference_unverified,0,1
5442b9709d96a19604a28f07de9e746ccde09e0dabd52dc2f6d8a1d2e6c96a6f,1030,bma-dds-development,,entity_assignment,asset_owner_candidate,2,"[""04f09dea8052a289db406602d110962c0b3ad8209aace0dbfa6185c6a8a5a31d"",""489549ea131f0b9c91fa132a23489d403188da57a745dde8b77fee10ad9f27b1""]",[],candidate_unverified,0,1
43925ff353f42562cc76c502773159a452f4df0f1129b2bcadf24692c52caff9,1030,bma-dds-development,,entity_assignment,primary_response_candidate,1,"[""da80f23c35f429b3a01123ef2c2f3bab4a5fa9f01f72294bd76fa5f4fe9a80b9""]",[],candidate_unverified,0,1
49571ee17ce046a4512e800a31255caea5363bf962468e9689b135e003291e27,1030,bma-dds-pipe,,entity_assignment,primary_response_candidate,3,"[""008f3aef280e71374c031166c7f4f937d2eec13075dcc3b4c800c075062fa17d"",""1f8320390033b4b04a9e58256be6f0c06a708634557e23a48599ee2371f05ae0"",""adba061a590e97d983a91bb43268d4345e4e92c3a2321ae0b67818dfaff15da5""]",[],candidate_unverified,0,1
7482b83c81c348fe69e7942610fd4e3fee64f7f656b3ce49adb371a1938ef32d,1030,bma-dds-pipe-maintenance-1,main_road_pipe_blockage,incident_capability,main_pipe_maintenance_candidate,1,"[""3d352a1d57f518f4a3b654541f01bca6db92eaef56fa71d0ec03455ebea01b14""]","[""dds-pipe-division-duties""]",official_reference_unverified,0,1
781d8eed0dc95a8766b544bc0931933aef185f27064ce2baa6e71f1847b5e9c9,1030,bma-dds-pipe-maintenance-1,road_flooding_main_system,incident_capability,main_pipe_maintenance_candidate,1,"[""401252e585020aa51b7fd01d9afb52b992d3a1f91c88bc01197408a986d08857""]","[""dds-pipe-division-duties""]",official_reference_unverified,0,1
8116c43f2b5f99d4065b233a16b8436239f8ce0bc1f6a620c761305d5d7dbc47,1030,bma-dds-pipe-maintenance-1,sump_failure,incident_capability,main_pipe_maintenance_candidate,1,"[""35f022f6efba12be506763a9871411425b43979419e920b9c260cd2422e0bc2e""]","[""dds-pipe-division-duties""]",official_reference_unverified,0,1
ef94ffb9595c8b64b40d0a15aa179485db9890452450a7ac743e6503f15c25d8,1030,bma-dds-pipe-maintenance-1,,service_area,main_pipe_maintenance_candidate,1,"[""35e318703c88959c91ad98e520ef696c11a69fb97b43b6633361fafb0fde9a05""]",[],official_reference_unverified,0,1
ca43715dfc198298c6229f6967ea69a49fe7622fa88cb4d769a78b1bd829a53a,1030,bma-dds-water-control,,entity_assignment,asset_owner_candidate,8,"[""8c213a2fbb5b1370ea56fcda2c51c2c379427264d6a34f7a665b90399fd04167"",""a51e9ff0cb2770eaf41e405451eb686a4d87bd830cf65f46d454bc83a84da74c"",""bc82fbed814a7e5ad2afa7d28383f8eae5e7c7f28444a59446a17a197a6d2d18"",""bed55bd14da381468a01b96641db6f19ca5a25930174947de5605a67a9a67520"",""d7778d27d89cde3b2d875c462a76044bce903876fede4cf6bb630acde8f75e0f"",""daf68aa8074e70f54c8a6ca93f6ea249c18e6c227f93145e93eef0f48d0126fd"",""de7902ad16541aac9764248288c815cb0f8ed68268961cb3c173bf48d73b9bc1"",""fcad338297c2b0f50d82f6e0a91d07ea3da4486559d034d8318e53149aaa3fa9""]",[],candidate_unverified,0,1
c1f89ec1aaaaadd14a575bf74049a1c97f8bd8c562fc16b2fc8f47720c7000d9,1030,bma-district-1030,,entity_assignment,asset_owner_candidate,30,"[""099618861c0b9742c693bf0c64dcce7f0d1756b8d7b240bab44da31a5da9fe7a"",""0b0c729243b03c3ad1fbe051c9c7be3e8f5858d87239e91893a19cf7d8440037"",""17fe2fa926b06d741809e7aaf61c478b401d97907706b7cb3a84d54585c0cc45"",""1a4b17ec1a79a03a29808e7153a58da89d185e7b046e98bfd8bb99e9814ec322"",""1f4a9dcb400737e5aec43d85fe937e062fb14adfe490498117da7469594ca03e"",""23794c203229792f152500473f3b5e78f2f5df9a6855ed53ef3252b010522f21"",""326d0ef3ebc0b4c6766b460c41b761fe32cfd3c40149a37a358f75303c83e381"",""335dad75d65dfe6c1d698ad8398900093359938a3b69e14fb24ecf775900c0d1"",""3af5fd0b1d8083cb6e4234d09824f5e49573288af1f3c1807c26aee8785f9124"",""4ee4e7f061e8ed42c94ec73290efda088efd2f484fbb8bc8475247dfe25c163b"",""511271600ad0793ecfe2b52591657d14d838f0e28cc62d5ba318b4cb483142c5"",""708b4b6cf3f6502e8d38c44386bb2d75bdee9685a4551d80f5688b83a729d903"",""75f1f484d401e73a09a8f4339029b2b746a2aff5a3ade144f2a2ec4f4b08971e"",""7795e8d465f2a0640621363d7023353eddae2aeac05b2280569c45f148366c29"",""7cb604719b2529e41f82a2f6309852cac3301dcc41e0c5186a682cecc6a5c9d5"",""7d2e91a112955699f4b28b75019a873065ab7c6c1484e65bba861cd78af70b73"",""8f02774502bfc5cd2090951ca3d3551b148ca3f2baaaaeda7ed36e280a6e55ca"",""94dbebe126405cdb364d881c43cfbf449ffdaa5f8bc1a1ba2c76ddfd5966fb92"",""a58871b09172e03217e63a0a485d9cc4b9be086bb5c1f213c8283bd5ac51025b"",""a7e4e11f0ab989d9d228df309125bf89a56aaf710bdd2b8a170d2005b45448d7"",""aa46ce235876a99538ae9112194190b1dc565b6ec9417fff455c193d15785424"",""bf6c9d754942e16bc5644a61b685d12c35e51cc870b0a93d444836ec42ae8c7d"",""c06a3e77783c098fd3f56f2fafcd0582cfa423dfa49b7d990c45111569f52323"",""d9d7922a927078facbc4063c8626eee3162d59732b4b192ec9f3af58b42ab3e0"",""df7f3f0c807455168c76ac312bc8be1ec47fa56a2f13062ea812d474ee1dfea1"",""e1915ce8fe121eea6d6161ad611e54426869358155ed001d7dd7b4b5ff10ca34"",""e28f9a57a56764a322587b114289a52db8d3b356c260b357f6c1d1ac9abe078e"",""e74929ca37fa96ee18a7a7934c915f25e50340ce4ef3e474c2002559426dadbb"",""ea7b15afc290516ff6da8c9a3f5119cd0e1ff122cb4728ae281697650927e541"",""fcf474be8d0828dd977255e5dea3cf3f7d5e12dc35d08cf8b6358b3c542e0712""]",[],candidate_unverified,0,1
34c6fbefc63fac31be2bd4fa37fdebb736e02a599bf31136ecd97324b1cc0ae2,1030,bma-district-1030,,entity_assignment,geographic_jurisdiction_candidate,88,"[""03aaf176592e46f87f7cb052248552d51cf6b3779384b61af7f2748815e682c2"",""07859e4fe8d9ff8b56f23355ea3b2a2ad394201d5e2871f55ddff1566d21fc23"",""09cda1afe8c0797cb4122772270c760682c53338b24586dfb38b2c2efe7157f9"",""0a47bfe14dff38dc83c3249e5ac767f4cda854126b542471b8344d50d1e9d800"",""1003fccf484b62a8d48387722d2137be533c047120524a6caef79d256e7e0be5"",""1011a465e0cc873a4d8178cd3b24b4a2bed6b6cb98963125975eb2184f66f601"",""101355dc9e87ccfe1705b7bbcdeab6e65006dcdf78ecaa8bf1c16f67261f6f24"",""112f61bd94ff23f7b67d3e8265f817fb01983e40998526f36637ccf3cb5e5841"",""121bfcd3d142252b5ef056d4b4d8c7d2dc62df1b391de7bac5540fb58b9fd603"",""13600daef711284f2ebc8c9f4a111c7b18ca83bc8e53ad908acf1fc3a7ae6849"",""177ec985efedf8c5ed3249bdd69db94a9c0fcdecc3dcfaaa82a4f03f50b7efb0"",""17ada48c74eb5238ca0b6b0314fd86dfae162ba4e1e7a835a491044d29c26b9a"",""18c59ae5528874e6f8fae0ced63e99685760f1c4f613ca272e1a21fd4b9531a2"",""1dd9f33ab2c9afe04612b615af5814afa33bc49533d6f96049f7e065ba1ef566"",""1efe5bb4eb553731a3afd8a64f4a4132a6eea57f3a2ffa9e9592f1268ef900ee"",""21603792c0aeb9679f19013a8f46155f7f4bdbd872562b17e630af2dba933085"",""228580313dfad59782e18f9fbceb13b01ef41dd674db83a2bad13def26bb45b2"",""24a7bf997aff3b7295f173e1e0d014c700960d1a8398238c9e4832401d0c735a"",""289a36d84f00a88024d87a4110993ea0df9356a8035b0d3a07fc56c9537e3d0c"",""28f907d21903cbd7fc59404055d138a87e17a7361482f7a818f6b06358a91566"",""2c520685191c6f063569b150871b10f2a75506ff7fc4aff5b3d6110a7301bc34"",""2ffc33bdb551edb34f7b8bc0aa27edf5b790db733f6f30de94b0eaa5d3ff8a50"",""3400f9b251bc2db8a24a15f2b22ebbf26e0c1b6e54a5f970bfef89a576fe0f31"",""35a4fd2abd99ef36e826e17d802466cd75e41ad037d91f04d36eb68a09b05a27"",""369dee92e2970dfcd23610a14d7154d8e1dc07f03e42bbf8d5b3c86722dd756a"",""3f2c46943b1079b1334cbc4201477b4f89a83d1072b269e93afefe992d8aec33"",""42adad7103c5ddb9382a7517dbc678344a28e3a5bde454cf28d28bea30816858"",""43a493153dfa944369dadf5fe54f54b40039278a03491bb30d9f4c583365b1cb"",""44f3dd68b9e6fab4a6b121b487554d12455f4380ce2dcb78c9d0ca047b564be3"",""453b32d8d6837f0c58b3f8914f8609cb384eea917615af9c2e86355ce4d35a9d"",""45ff610a77ce337b41b35365a029e01fe885da37276d4502aa10ad12c2984246"",""4712ba82b39abcb16ebf53e6f03184986b4beb2836b66bca34547b7e4d3eb501"",""48bc2a9193106b589efc817b2a40a5686c9e7fbb23db6f0a92ffc5c64ad644ef"",""495ce27732df79523ac92ff57a01e96eccb9140cec0135250b80ec91b743f89a"",""4bc48e28172e38fd5e1374a613832401a855f769ff4ddb863a927483aa1e1301"",""4bcdcc344d5769b90333c4e67b79b2d89d0e6a806f71ff5fd07a51a1ed53db7d"",""509b84b5f2815b5395335ad6a42d569d5be56da4967826139d8982a62f9350dc"",""5d0cd7dc6629f76464183dcd2c31f238d889504b4257991108f20a2a879f7d07"",""5e3f81d1e6facf62ac13a847b06f24938c4b81f11f9a0bae3662f81775b6f196"",""65faabe5ae2424f455bbeb67fdf991ba4254dcc0d083eae9e7d79f1a60385929"",""6767d08ada17291cac36948fb850e489edc17c1a9150a3ab5a26b1b4c02e239f"",""67cdc4822f4fac20e839949cae947b3afa2c86b71c428bc78096204411d221a1"",""6ca2072435a2d199b575baac68c72e21978ec76ce55e4b6954fdf8278ab2b779"",""7b325c4126c82d540b6966c14955e3f77acda622c0f9cc6efb00fa224f8a6e9f"",""7c69b7fe94a6c18d97d08149350f5148c8a32f645a85b119c9d333e893b81155"",""7d71342cc27c638b09d6f3a7b637d4adcf44c84af5cfe3cda90ef900237848d9"",""7f1b2d60b159ac88f864e622060d6c5e25436a4d2f65ed05487ab4b28f3aafba"",""7f428d1aebd4483387393c1b2ff5f1b19c420265c8808ad0da9e88d7a70f6aaf"",""8141d2de0e8d85231b7ef080e35adb9110726ebc67e498a9659ac0916b05d628"",""8220b76bf14f3593f6f258e056125bc97147b4c95bbc200545a14f5c912e803b"",""8a8cf22577040e08bdeeba625b0a7f39d86b8dd11b18d6153dd9178bff118ba7"",""8e143316a2449e86e2e5ae6ad212806e314b9295b288c8abfcbb88ae9b04dc7e"",""8e9e457b3dec1bb06b73c3fe6d0dd8eee2ae5df412702da59bed850bec12965d"",""915a90941f5dd0d1e7c9221a000006d6d0c39a4ad954f8406bd4af8fb454ef85"",""92c30045f8d693654d1e251594bb361dac13735c2e05b93d2bedf16eb9329d68"",""96f2c38622749cdd7e761b081699ba257a7688c11e12c4c9c31c3cc6f8ba1152"",""9f0d7c74c802af317549b69cc82f3fc109d6bba4cdba748c43f460a055c534a4"",""a200331e8aae6f40c7d236c20a9f50ed788bb65cba301da2c640c59cf41f6f30"",""a7fd89ddf532b1cac258321aa9f5d1ed9578fef3213157742d54ddd57ff38663"",""a93f426228ed24b592694cb828ca87049559c1e649296935d027946a718278e2"",""ac0dc2989dbfe12b12bf336d15b47d2170f278dcfc7a966e5c60bb04f5b08399"",""b1e3b00d66bc2ee8c814827eff95456e55b3cf7662759bb91fe98641e0ab2584"",""b7c7dce26ac54c7640aadf30bf1186f49482b5ca52f7acdc292310e6a99be9b6"",""b91176c82f18f87cfba1a138361dd63838c5797a6e4ee113cc257f71ef1d26b7"",""b9cc415b5b59116fd14de0c41f5d7b3157679356f1993dd16e37e8673e47c3b7"",""bac222923f5923fdebd5d9afa2393e8f8eee9a89dd7204042ad08c0b1108aea5"",""bb3447d3f510f52b7a0cd80c4391defa0e7639a71f6243a22b6449c2e095fda0"",""bbc504e6e1f0042659b40585c8533d934cdf1c3248b64e5321387979cbd40fe7"",""bce7eb554ee073cc477bbd3b6736fb23e728a596cfa16ef5b765dc488f57c6de"",""c2887f4c65eb065b827f9b62ca9cfbb0dd9bec01026628453c1af9595ea403cf"",""c56348773fc4e38b4879db29b6f58054f7d5e5b6514a46526446933c3e15502b"",""c59bca50953b24ebb5377dfa4ac3928d0d13773873cc4148e0ce8325b99e1bf8"",""ce47cc6e94f0d6eb3083416e475283db362977f1e2651f9efc420afb2af8bdc4"",""d6f7bb703177d2d6ef98e14d787a950abd2d442efef31f6b65695d0f1c78ce60"",""d799a5f385e7318ce3dedb21d7b43e98c5355b4ee357831c18389dac36a43fb5"",""e542e09a85ce3b946ff4611cb18a91b88172fe2f2e5a6820847a2cd34f611d3c"",""e684dc804d7a2c46a2f316a26f72766bf1a139b2c477508ee7e4d87a43f96df8"",""e6d8148f5523b990411ace77ca3808065bcfcae5b8abcc9038c60bf00fec1d87"",""e79b2e7b3ebc783f4e2d7737c20c4fff8303e653222edbd00341353389b76572"",""ea143ec686a744b782468c6407a73c4c45adc1832aa52e42507601e8a0ec8ed3"",""ed46ab4311c18bab4f27e03d592e9c9a3d39762cfd7ed2f69adfd3691a7a4515"",""ef68037a68ef5a97580c1ffe8ddfd137650c6a87d5ce1d8c4d6c21e78953fc72"",""f240b39e3e98a6a9577b3563af4c2650afac089ad9ef06618cf18994487f2f61"",""f36c79a32f20b73a87f856d970a0de601f79f4ce49f3d93a4676d5d32b980819"",""f77fc82ac6afd7455f80631cb4e8a77ea6935e20475c0c19dc9845a68ff157e3"",""f821184fbfaa74a67f9cadfee671a5c4a76e7d5e19e44f3174c63e16e556aa1a"",""f8d0adefdabde5a60ec7143345d4867886f4bf75e3da62c3b1dc7278bd3c9b4b"",""ffafc595201d94bc7f1c347f0ac1cd303713cd1a8959d033bb0e7d3e65968f45""]",[],candidate_unverified,0,1
d05d1c09ff00fb9446f9be75fd605a12d3835d095b50a499f0e1e64ef0315376,1030,bma-district-1030,,entity_assignment,primary_response_candidate,17,"[""196a4f43e3bd5011ec578b51bf1c19b12dfdcf13c7378275909ec72a632a4dbb"",""19ea1bf5e090b34042a1b4beee681505e5a072af7efe81185aefa24817060539"",""34ef39a9c624224b45d9bbfae5ed1ef3c7c24d894a0057421d44144f18aad801"",""38c2acca8bc1cc22d25eee3c56479a943e64466662a24e5eb7bf3b040e3694ee"",""83c888a0bd659f737b8511cc3112b342e9b1ec0f4c1c2b46ea54a481f98e82fb"",""901d79de01d3356ab5078194bec0ce1021ac22bc859743e4d7fcb18ce3d2595b"",""945877aa63ae93ca80a2432dba8e70a69fac01830681f8f896c77f40d8225f67"",""a19008af53466ec87632497cd996dc255cb3304cb034ae145504c743a784755f"",""ab962f18d9d3293f82212dd4d5d5c6b5d98b6f00f6664c9ba954aa180b6aa357"",""c5e1fefaf8e462b585bb20be38ec4c641f46b7d87c27d5c3edc026f40fe3858f"",""d10e0f51d3f3b46c994379e527d62e0633465de53115af179cbcacd7368570a9"",""d13edebe3650fde87b97b26afe41f35fcc55fb6a5360fdfcfb99314f453f4c1c"",""d32938da73172373cb07aecd3890df4faff7d9e387a9ab65dd1c9ed393fa9dfb"",""d929d4ec61443a571a494caab7b5fc3436808728c9b3635cb6f0bda0a798d441"",""dce0b9bc0ef31bef41f3739f9b3568c52e3335d0e182659062fae62337df9f00"",""e16f1b4f12802ebc0f1a29dd7bfe0577b5482b2ae4f1c7bee508c11b81f1e250"",""e9fea2d9ed370b235eb1da5c817a93aabf0d68ddfd818a018a845b9664f7fd98""]",[],candidate_unverified,0,1
dccee25c503fec8f5578415965e84bdb7c303762ae292723be864dee31a7553d,1030,bma-district-1030,,entity_assignment,support_response_candidate,9,"[""1300bffd53ce4098f43319dc94b8a4e87e00909ad141bf5ce885f3ea3f4e5c19"",""254879d1fc312c1db5c170c40d46085bdd63e73e35e8f81d550242994125a30d"",""36b2a9cecc267ca845c64ef0f2a0c32926ef9e114b8c18cc8e800da5bdf395e2"",""8d1634313fb103278f94e2e3f80bfb73cac6a49f36d8e71ebbca060d0ca2dab1"",""933db21fa40a34e6fa1948ee013a152d007c32d123eb33f4a797106503847a9c"",""c1bc4c0b32463736626347abd7061b584b10aa52c360a6b74ab2a399a2fd83bd"",""c2b061c72c5330699d0f8ac3419c84dfd8cd0d476c9c3baf222667cd25bc085c"",""ee44c34bbd6f4aad6cb1dabc667d7f6f2b61396898610102492ef101cccddc33"",""efc86e201e20f4e9549d0fd6439636d1e0d2d0b4f2ac85ada1589df36fe65a27""]",[],candidate_unverified,0,1
30fb39037a3aafdf63b4390aabe07d89be03479d60ad35ffa4aa7f9f0b4ee898,1031,bma-dds,,entity_assignment,asset_owner_candidate,12,"[""0387906793380eb145016214b604e0d5f6ebe79f68117d450ca3a5505de8c757"",""2ef21beef6ebf645e52b33bfe8150367e89faf2166e313089a44fa07fe48684e"",""5ae167ddd60918b182e1757a367183cdabcd771680fe00910fc9a77ea88c7a55"",""640ad97ed81ead088698bf5714fdb4bf536711e5a9324ee638bbab741b16d22c"",""8b29ad2704f1098144d6a71524501426bca3541a5c4a82e3cd2dcedd4e2df303"",""9511ad82c1119a5fc5835e9be540045d9aff8009959369b1142e52abe0439d81"",""99c1dfc36a5f869a9243844b0d9f5fa439ace13114f8756933c1d28f2299463f"",""a3dee7dd7b31429c0717c8ad4678ef4bb8daf457bf6d52514c9699101584c39d"",""c6867c403c29cb56fddefa0bf01643b064b9afe2caa7c962ef50c463573643f9"",""dc7ed26836ac15ef06b467e907c60bf7f831785752dd13f1ee341ffa9416938b"",""e6ead03ec9a85e5ee93c90951b49f743a79597077051ce783bec3adca9dd21db"",""f181c9ecb87a77628fa82b535d28de443eadba584294883be387d1a62f3b4303""]",[],candidate_unverified,0,1
4579430bdc96de6de6e29d2616d1079a6ae9e29c99a53abd68b1984073860a93,1031,bma-dds,,entity_assignment,data_custodian,1,"[""93641d687a146d38ddd93cced54a84b95533d736a272f4a95b646e5f03c62cf8""]",[],candidate_unverified,0,1
0f6e9122d9ef75a75acbf9598c353ed236b1b9619d9cf40638d0c636f89363b5,1031,bma-dds,,entity_assignment,primary_response_candidate,2,"[""2b69a36cb71ab605853906c481d8fda1705a2f6aefb852153e50ea4cff86cee1"",""e20e4e8391d867f38be4336bcd00f9ca0edd7089d01a0e7b518c9713f5e7e1df""]",[],candidate_unverified,0,1
ec539e348b81cb59d3e8d0bf012f4fa98ed0d2720e153bd0451d29df9e1c02be,1031,bma-dds,,entity_assignment,support_response_candidate,6,"[""04fac1c5417975ce15286f509d4f078a7875da30b4da4cf5fb0d9089c1c5fd52"",""2a9139043b37eb6869778772da143c67b2a964ac4962ffdbe450da421a3424da"",""2b4d006ab577394a2b927791ba7bf0293d984d038a8046b064acdec07bd8215e"",""35f4cfa019447d211f9fdceadc24840ee52c3b07dcf7d834172539f02db2f01e"",""85cc213c977f4cc59dbdb557602ec6197b40a80a7eaf556e39a459fa95bb77fe"",""d72fb618cadfbc53a2d38fd8198cc4cfe9c5278a8515ce634a677032eda18530""]",[],candidate_unverified,0,1
9f7bb53e733a470462c47f6c4cbf6801ebf6698fd25f06c3610d55ec190afbe5,1031,bma-dds-canal-development-2,canal_infrastructure,incident_capability,canal_development_candidate,1,"[""19307cc006bc9d61997b4602adb9dd19bb2846575afc685be524d422de641f45""]","[""dds-canal-division-duties""]",official_reference_unverified,0,1
364df20f89ea07bd48de09c53a742a529fb2c9e96b8d137281e110e53ae3ea89,1031,bma-dds-canal-development-2,canal_obstruction,incident_capability,canal_development_candidate,1,"[""e361ee8a230dc1a5c0262f39abb398a69817f3eb42dc327e44a4af4f467116fa""]","[""dds-canal-division-duties""]",official_reference_unverified,0,1
0dcfd6c79e9b32283dd32dfcae7e7f561135fc6d85e34de91946cece6e561a4c,1031,bma-dds-canal-development-2,canal_overflow,incident_capability,canal_development_candidate,1,"[""0dae7bc6675694b2674e171d33ddb9d4bd621605a9809a27a6530fdb6b8e5360""]","[""dds-canal-division-duties""]",official_reference_unverified,0,1
72a498e671c48fc3e7f9da7a42ff268682224a3206004e4782d39de57a419fff,1031,bma-dds-canal-development-2,,service_area,canal_development_candidate,1,"[""4a83feeaa802cf123d39f49ff6ea075c4573affd421d2af095f20020d7383fb4""]",[],official_reference_unverified,0,1
823161d5f033ce853614033a88b2abb535c88324ec802e1b09a1c0de56de6e77,1031,bma-dds-pipe-maintenance-2,main_road_pipe_blockage,incident_capability,main_pipe_maintenance_candidate,1,"[""8c27ec195b5269150265e8ce8996c72ebe596e9c58f053d1099b072a7d1bf4d2""]","[""dds-pipe-division-duties""]",official_reference_unverified,0,1
ea622297a38b7471bbce38ff877a29865f727293274e59f54f0319088b6ee10b,1031,bma-dds-pipe-maintenance-2,road_flooding_main_system,incident_capability,main_pipe_maintenance_candidate,1,"[""667bfaec9e74d43f6e175bfba67ee468ea898548f5a535d2c9974d6e28bc970c""]","[""dds-pipe-division-duties""]",official_reference_unverified,0,1
b774a4dc855bea9a65a64406a17d08375e2b037b2b1cb037351a46ed0bb2ae3c,1031,bma-dds-pipe-maintenance-2,sump_failure,incident_capability,main_pipe_maintenance_candidate,1,"[""0cc951d1c12e26315028ffcf7a9aa6f4fab2cdf5d2fce7589a9ff85d3aebf618""]","[""dds-pipe-division-duties""]",official_reference_unverified,0,1
db2df807d3b02c4113ce1e8215230e7a0b5c689b57144acf42b66fab539d8544,1031,bma-dds-pipe-maintenance-2,,service_area,main_pipe_maintenance_candidate,1,"[""b810d1c973ac507d43509351529b84db7c7dab590249d0c265c16e38a9f908ac""]",[],official_reference_unverified,0,1
1659f6043e8222f70dbfd59e1307425817bebb189606f5aecc24884b04494aea,1031,bma-dds-water-control,,entity_assignment,asset_owner_candidate,25,"[""11bee99ad35a88ce689b6e436abdc95dbe3705688bae142ca1749b0d44e33260"",""29b999566e584c7be5a9cb9c8fd77f6cb279258751f61d340f6bd9037271bd0e"",""2caba2e14e4087333416a27a5120f5b4c15307ef43b8eb6586d37bd6023889df"",""31242cf2f869169e8068267233bd0c382fc5478c301acfc85e46a9d73a6f9ce1"",""3173edc2e1f75720058ae1abdc8e51739a5fa15d6b17863da9afad3f912f8019"",""3aa16c266eee7a823c789c7733feb53f66ef68cf0f3391b75f7709d8985f070d"",""54aab65ba4859136a6b1fa55a984093371e6cb50d0bdbf5fc511480a6be12c63"",""729e2a96a5cd41086d1c5f3a0281a165c28b10fcd1e2685c1b782dae9419c940"",""72adad4ee2ad10688cc7819b1374adb2d05e0c5386c3394930c93f9064a009f4"",""836b8804b19ce0fdc7b7efc27d593a0ace369c1b9cf2cd40af0113fc247e14c5"",""892d4828bf1ef64fc96e491b4dc9a4fa40c2e80ece9274790cf8a8772a0911ff"",""9a9ee9fe6f70c81c20dc5a91e4997ee79282cb01a02d3afac34f121882dc4458"",""babf151e24d1980cae778f731b78992212c3e636f59e7b01213e43a843b80d2e"",""bde32f25d9daf307c0d2fc4770eb50f684120dc41c209f1028cf1bdd97e1c676"",""c610be96c4ac47975fa5b0450787309791d45d090973f77d017c152b6eb93983"",""c8fcdcfd92a5a0568690b19308da914d660abec6c0d9049cfd4c3822f3924346"",""c9a3db391b3aa0f4847f943e658e12493e65ef81ba011e050bb10c25a85f72cb"",""c9b0c2f7269fc2c546890046866a00ca3ce3fdbb023adb3847789891b55b938a"",""ccf99e39d7fd6e50af2b64cda659020b614b4dd9ae773afeece755b3b13a8902"",""cfdff757abb8d4c56f4465bbfa046fd411ba901b2d2aec6c942849c48d5357dd"",""d886a9bdb17cbf70ca7286866345fc142f36c68c93e035fb29550cbd710f174e"",""ef4b35505d173493d2cb67c64d397f3309967d043226847597963b625ca05bbc"",""f77eb380a63ea7df002ef6ce33c2875be31f265d9a6bdd5e1643c56caa33e7f9"",""f9db795874ddead1452293ab6519df6a5db7ecd41390aa6c4744613149c7eda7"",""fe4e64a1c57ef922f8d4befb8ce2b84b8b889be9359ce4019d7eaa2c25276e38""]",[],candidate_unverified,0,1
54a8ae152c8a165e1ce259349a3d6d4fe6a73e387e1c8e7a9d8adb5e9b5701eb,1031,bma-district-1031,,entity_assignment,asset_owner_candidate,29,"[""148415dcdbaf280a414be81005a938cd5b7762257d0e1ca96d8260a227e26dc0"",""15df6520253269a645bdaa2b1274045db282d4764c150019fb862d0fbba9ed1b"",""20502b3a1be85be9e55e29a8d27b16619dc5b36d2e4c3010ae79678dde70de5a"",""3640ec7494fb5335f982c9477852f76873e9c35e0a1afa9670b22063501e7f8a"",""4343ea74047297be8eabda6963536b0cf54ce74b551d4f3b5edf98f6bebb83a0"",""490d475978d9cccbd277c356f9f590f4e622ca11dba713efb7e2d2d7296d8dd3"",""4c03a397e66303942bdf133a313bed81ccabb591777f10503f59fc1de1f74514"",""51c3111145efa06251e8d16652999c6d4b0977bad266e43488a67155cdf3c68c"",""555cb22208a6b4acfadd464d2ceabca6fd69089a3aab2a5d8e04f7d84bdf35e2"",""57af492bc5558ad34bafdd30ce22780a01aa71749e408df2e5d2152b6f774fc5"",""73c458655113f06a94258b730f05ea03e864acbd1ddcbc5f48b5cd5cd8cd68a2"",""97117f9fa22b6d02d3fc03ccc6a7252a9876f03ebaf6f607695943acfe92120d"",""9d22ada2589a895fe6c8b85fc186fb52af62f9e9cbfcd4f4dc190eef20eacb4d"",""a363975b77aa2b2d1e3febfc5665b8f02dd634c5992949f6cab22a89840decbe"",""a3aac7aafbf2f6dc189c77bd3bca06d6998c0a1077942429c151281d710abf83"",""a84ab7391bfd66244b9264e8dba893e2cedc43036b0ea3a61019dee05f527dc4"",""ad6c25620997dfb2e250f8f9aea83a34521dd45d9ee7b011f5df24e51ef57379"",""b67ba0a9fb7ddbc1c012ef898b1545aa28890ee5070cf72f34eaa271b054cbce"",""b6a5458864b5ab6cf3fcca90e09817d9d88699acdfb09f8548b48be8ab0c0c1b"",""baa6b9437f991f22b5cfa60d769e998dc998fd38dc266651e0ff4e43fc3e9256"",""d6904934689b725342db3c28f3ce4a3d32e6dd4eb7af7158539e490677675603"",""de17f37f0b3853bbd68117ddc20da4caa2837180bd091efaafbb0466fd398b63"",""dedabc83e1e11a0b1167c8410a547006305b37de0dfa89c6560daf3aab9e537d"",""e6a0c62ac45c6350e153e081ba54e6bbdc588ffa48ba4256df24a4f08cd3313e"",""e9e0fc053e07ec35c7960ef982af0d9cfcc2751b008572268065d44290f8b278"",""eba31cf2a4fb30efe0e419eb593e80807c1fc1e8ce8020452fb118410a3ee830"",""ed11390335ae77a6035db4101ce7a0a9206855b0c1c9aadd57e590a2b741ecdd"",""ef26e473b408feae9df7bc61367055330fb367c9a702af58abd876f62a7dbb0f"",""efa8b0c54c7498664167f772319257dbfb8c3fd36a669323ec75e5b5ac715695""]",[],candidate_unverified,0,1
c3696faa01cc63aa420bad265ce3a5963d20e3ccdfe0fb5ba6d4d455c8f7f086,1031,bma-district-1031,,entity_assignment,geographic_jurisdiction_candidate,78,"[""02a94812baee19cb6294ecb50ea4fdbff2b2d337655046b5837015cae951c37c"",""051fb093abd30ebac2091c856a46b8ec293351e3d97c925a7b1fbd121d466bce"",""0675c641ea2ff721defda5cb281cd42794c292f60b085dadd59c91ae68c8239c"",""07c1a717770f44d238664548e1159af5a25ed199f5c40d51285560bdaa3db15d"",""0cfae321f3c41271fdcf46209893501bb35a9dfe5264c33d6c0bf8e5d4d62713"",""12bdb9e00ad34e7fc16f9f1e70de7b619e5f7352ebe24b2fc82957ffc3a27664"",""17d3fda888c492873019045869d0810b633176d2da345bfab4eca7a85c279a97"",""18a5ff75361001a0b205f507b6cdd448a7ad3e8b7316974c0db2e6bdcda149e2"",""1b2f61ee61174d24b97c185a3f3090f46be76cc1f7464d9bd3a5c7007bb92014"",""1c741254f158fb47a7a05a152be51da1c7cc656815b679b5536fc65bdfd36118"",""211b64ec6c0487d45b631a8716cf1b5d6f0a677a013c2946138230a74f3f6953"",""2262b23d37717bc099b1460ffc6383c7a00ba303d5721e101c51e24627608495"",""2610c1da6b3468a18e4b3dc02b41996492826101fdaa37701e033066e83f7bee"",""2662d8c0b58473d7fa5a8a64428f4dc1d9accb6cdadb7a0e37786eb5a2868a5e"",""26636ceddf76af73d031c3f0f1668188ce9a4dd5be8a17de618b5b049c15e079"",""2711761afd458bcb063c1bcf575b3a791db9c0693ab6e600707aa33fb47a3570"",""275891d153f3443c66a0f42c0c2fc7e96264dab1c7b246014b9df71c3f9f5cf0"",""2af94531806f8a9b49449bc9d4cead351286b2c2180c9570ca09ec6656d70870"",""2b54b4039526c6e7e534807691657c8f2695d3c543e4d9b7e7e4f20c50eecbf1"",""2b908409e484be86efbae5f727f28132706b34507d5c1b3810bbf3ef12ce56d6"",""3042698faeab9338b288b2f517d0a259d16ad60172f873aac0a2dd2e04b2de85"",""30ce1ddcf315444c574428fcb73af0940ca42f0b012d2cbd9170541e7e20f879"",""329cd9561852c925c7123356f2c1f4b17a5b500d54f72e3c3d3f86942eb49137"",""3379eff57fd88fab2afd68352567f6a8d7bc3fb0220a0dc4a3b7160bf0feb2c4"",""39a01234213f4f8ddab6318cb95154a0c3bd39370d80dfff88f7f5dbd5892f14"",""3e41aec9bf8090f61486d9de136acd492110b6c121980f7a4c475dc06cbf81f9"",""3f01e8bbc4e9645d414ebe014ba11f335760e024e594dd8dc9f17b3d37322b90"",""41c6ee4ec980797de47a36d8df7ccc0f2ad8353b69064b788ff0c618276e91e5"",""44f908bc05c5a64b7852787fd2add1149f2940e11646c1eea91b18faa9bcfc1c"",""4c484b1ca7147c0aaf7b058a462bdce3b0f43e0e540061498b20907e8fe5d7dc"",""4d9d65ea2b40b09c1fedbf0dd0479cbb4b6f40fa65dbfc63e43904bfd3ec9f22"",""5260ca97a8c7f6639712f2138bb76f0e155e0673c9e54fffa36516eec923b142"",""52c4ea0c4ba101edd1bafa07d9deb383ab38ed8017ecdf83b3363b0c5caf950c"",""5c9c17bd207dd76df2cd154e594e295645ba94fcd143c3d76a72dd596d9d739c"",""5cd4e37296f24112d00ac6c9bc0b7648aca77ac888438128d461a5f7dbfe7944"",""5d2703033fe9d17d2d3513d17c0f655449f300a681b598949d1b9d4e437c8278"",""5eb3e8e4aaa525a08b65d69a4eb3557e703134eee729172abd7239a3795bd973"",""611a463ff86f36b3bbce73fe87f610e89fb8ed0c89a9606a36e7d5b5f4050e78"",""6568187b283f1791a262a2208834d9d98484c27f816d87c0190a0bf697687e8c"",""69be3b96223e50ce9c856df72cd559b8d1e39a7e37539b316cb44a6edc17297e"",""6daced5d9bd24f0ed02ddde2549fa8a9784bc33470d8399edf63c0792683c6ed"",""6edcdc51a864362af42cca573421b9eada6033e876d9323897344b3c4ffcd73f"",""74722a5f17dd4a3bfc343e307bbe4a22626d375f3b8d2c4c2b875ed2eaff8ea6"",""82a4ab340a44458cdde5720ba95e877dd4809e19c065848df26c6e4ab6f2f07b"",""83d23e5109f2884ff49f936d6daf26665914dd2db377acd119f5af61862a4f0f"",""8626a2e3ccc624edd210e75a591bfae7920498b8c9acdcd67b575f9d41ea92cc"",""8952090c6126984be8f03b05fa5a40beb70794f6548275ac611a170134339d48"",""91389b7e2e6ac5144c83324811c167c2824e38042c31115e51229da9a44a0c7b"",""9276d45fde9618276a4bc0f6cdf2d2e098a93dc8e4ffe6b7e61c9a80e25a6a74"",""9a6129ec5cbf36f129c2e24d921b6a21fad65e17bf1b61afa9403d9771849096"",""a37c998bb0ab2924a0c38e6656ed11ed691a4e2c55e2c2ef20c5082b056def62"",""a435a727e2849670f2f5ee0cc9a206c03227c93662f6a8d168040a7eb65586b9"",""a5ef79e959a592e36bcd5303421b5149e03b9154b09fe46c41e92164b4f29957"",""ace0f2d5b95f28e461da86423ecacac95a2c4c82378c937d0a6cab2caec755c1"",""ad77f1aa1c4ac445a2b871d80f0486a722d5a9bb6909a4c6d1ed191c223e65bd"",""adba415264d840a541502b2c82b244de17da22cc113e36f7ca510d48f02a825f"",""b0e97d8e4de38776441624eae6a1f8633b20229ba8bb159b7cee35e4fa441670"",""b1eb34ea55d2652d9efee06c2703ad35a69ad7be47115cbe557a5e43447a62d9"",""b41960d34c67a65e9a4ec1e387375af372517f403abcb2ba069a421a54cf6fdc"",""b4211abec75ca94a90f210c70e96f9ecb099776ddd8afeae907e29639e0e6df2"",""b5ce5c772f8b32f4e6afc8eb3918294346392c7882a83afa5c01fea4c2f0bc3a"",""b6a59a536cc8b6838735804a91383aba9de589e48b0f067b4d7a44f414b73f17"",""c22a1f379cd32893246872961092f1b44c03f4823bb42714b76b2fd90b5c0fbb"",""c57a9758d157779975621e1493f774cfb972b0f201dc9d3c29ebb9d589f1aa5a"",""c5974ad36f0b568ef834b9a94dffbeb3a68011df58b27b0c9e9bfa867098941b"",""c97892584846093865dd286c800b34e4f83171455545ef8a4d0b716bc10471b8"",""ce7f08ef57376ec47ad677988fcf7f5c466ff26aeeb5328a24db2ec766d21acf"",""d5260ba241e2554cb819d2e5113c5576c260ecac90b6152cfef93399a2998636"",""d6db62b2753bca8c1dedb14e2ef60365c46102da84cb0ceb7f7bfa00dd13873e"",""d6dfbb188cebc2e0b7dcdcd50a773756cbf3415b2d4198d08c12df32de178288"",""d7610fb6c9ca5ecc8be9c74eb9212afb6fb4abe59dc06191811ad46eb2ea223b"",""e488a5a210b2c11a7e12362250e630fab88fffcbb79cd21d61903d176f5ca98e"",""e80d749c595c60a447487bb3f3a66f1d8282e2b3bd06edadd0038900529da0ec"",""eae5fe6e774f521cabddc3520c70cad957dfa1ca8c487d499a52a5e0023a5895"",""ebe9faffd31fada3404213e78132a530679335a8e365023e08e2c7972ad03caf"",""ee55b3679d820dfea5c419409587c0c91e3536a865a3235dc2d9b7b16d8f0236"",""f32bc7079c87a487b3d7cb08cdd782272a28b3cb302451d58763d955483f5cbf"",""fedff5e0b6a212d307a704ec994437483ea9aa09b891f9ba0a9afb6b5d142711""]",[],candidate_unverified,0,1
ef2b310a6726c39faee413ad35de319bbb261650a98a9f223786af4f1b05e482,1031,bma-district-1031,,entity_assignment,primary_response_candidate,6,"[""3b6236d1caa0031a64d92cea0f7c325ba6d79a20b77bd600806250dac6223fd5"",""a10f1b8650c92d19d3a81524174c309e1e641fcdc372d2a459e7a60c2eb020dd"",""a185aa95a1022d05f1781491514aebef66aee1022f27186c0cf864ee6b5a5809"",""a2af7f36887634ae5e4d0857da8f7c68070125748a446b6335b6331ea65bf142"",""e1f907d04b9b97e72f1e4dc4611585f83e380403f139dc1efab1a13d9266a35c"",""fcae9fbb4f6893e2e31a5c104ab8cb4acae860155d3aea020215f6f91481ed9e""]",[],candidate_unverified,0,1
761dae3c203dd253e3dfde12871f1b58a3d207c6aeca3267f6a675015bb79681,1031,bma-district-1031,,entity_assignment,support_response_candidate,2,"[""7e83fa3c28bcbe5d941bab0dc45ce3a8a5eda5fa6ab656647bd49b1ffb904feb"",""a3fa12523da679c30fbfc2ef90c9037849bb0e80604110f0da8385643c667951""]",[],candidate_unverified,0,1
36c68eaa14668e22998ece082dd8fcf0b498e3df533450f5ece7946281cf94c9,1032,bma-dds,,entity_assignment,asset_owner_candidate,19,"[""253b02d80aae7318729313f227acb66430e19ad6cbe0b537befec1e055640856"",""32365b3653b9d3a3cc9ab05e9ffd758d9fb5f9ab702c24eb8703019c0bb071a4"",""6076038c0637efea169290ee5cddb4597d3e520d0f1970c0430b4d7c1e4431b1"",""6f3887296befb87a4b7515be88914a8c1f0f83cccd4c7f5250a0803e4ca7159f"",""7d2362cbec07a72265c306dd02485781f4b58bda29ffd14056a5d3282f88c5f0"",""88a84f12f15afd5d706356c0f07fa7c32f871ef97e2449cb3f92dd6dd292aa09"",""8ef51ce5ab93ba84b575f2525b7313a1614cc6f87334b01cf532cac226c78ca9"",""93b119c9e851458e43d1073833c4f7d4217f9d9007bd6eacddad40e2ce740183"",""9920f094864b75ec781869f270d0655a4910d309ee017e1698a290bea6d012c3"",""adc7980e9dcc211dbf6101d9fb4417d3717f14135e746002e1975719b8fa7753"",""aeb4953e3e20c39d9e3a152893ed42b7a26b4f38ea89a300688b1010638a228c"",""bbb8ae9e3d87659fa78a968ff007c8f351b7c917c8c758334a26343de9ef4808"",""e2c5a4a9d615c1b2b6e539516aa3727892ab1183fdc9dd72b26bd0089cf38d1c"",""e46eb298e907add2f6e7cfa3435731d2887be0cbb6e0a7ed6d59a6a06cd2c6a2"",""ea4ab22fe47510ba8d0ff2a4a49f81c2e85436db2e9c5e6867dbd1b791f8e0ba"",""efe6d2dcda7ae843b1555737e4e91621739db43b62d948bf303e74fb1d4ca0f8"",""f29d795f8b7c1f38928b1e860afa6d48d4904edc09c290e86e10098e264fc316"",""f996ce0d9070b3cd65a44f798ea21976e8324ad392c95653b692a048c875222e"",""faee14f0d0a48331950693d071bf459a6903fab9d351925d72de58864b841fa6""]",[],candidate_unverified,0,1
cdff108b988dedb8424524771c79db1e1c2d2a9ec3929bb9e0e26d951d0834a4,1032,bma-dds,,entity_assignment,data_custodian,13,"[""19aad62248c6f07358cdd02d1c8e0702e0e145e12a03edc1a443a20427c0fcac"",""248db8caae6f905370df924968da5b10522685852c84edb18ac778eecd185dda"",""5aa6f29d8d499cf3ab2be98a6846ab1a521705dc538e9083c7f9973d29e07bcd"",""66cb733cb675f1d72d9c5d965327c0036cf41ed4640552eeee476243d02d7415"",""6b22cbaac17824aa9d2b7ea2cb71ada7d590064b2c7c9a6913c533a03419d7f1"",""8330a11a5575ec99a5e52b1ad7a1bcd38e6a765c70e9e056fa12d9ed1179eb77"",""92346c153cba7b86f246d39c0daae49a7be79ffcaa7db864020acca0c94bec2d"",""95720328c433bf01b0d110c0a6e2c2904d4ef5bb02985fc67709301cab4ecdb0"",""95f537412b356ef924d3fbf953d02feec2146d128733dbe7f3b77929ac290874"",""af3b2422017a5de1328ac1d0d045fdc55ed3f3ce0e9129a991d4b64e65d9cca7"",""b85f0fdf434bca230ea9cefa6f03bcac8b6516b603009d049936162a185936c1"",""d4c4dd43d1849528c61604877405c7810579488fb07f769fe0687caca6d8fdcb"",""f0dfc463729af6959d68ac88340800cae878dc10b015711feef71e4460adae73""]",[],candidate_unverified,0,1
1d7adf45b0c5e4a26490857d6293a4f55e99e1b229fceecdabcd6b47ecc75317,1032,bma-dds,,entity_assignment,primary_response_candidate,5,"[""059af48861c7e2c135561271bfb9a6476c205148b74e1fbb6c83b00ef71ff856"",""35d972f5fc50148e1d60e003b5e5c3864a4058dca691bbf7c505201470981435"",""7ba85b65473f1322835b8137ec5644748ca294aca46a5b63b246043ab9cb0ca6"",""d39d227c6f5c3b6dab88cf19e7c970e299a88923faf24a712221969cb7b213da"",""f629761794d9c3100f87ae3137076420bab0f44a1f0b64468bc3fece58d79c13""]",[],candidate_unverified,0,1
a7da163f2990da260f1933ec121b0264defa9570a514dda251e0509568c78ebf,1032,bma-dds,,entity_assignment,support_response_candidate,9,"[""011d2dcf331353dd30dec62a314511194ac6b26f544aa3a141db409e2895405c"",""0221cd8cd70058b90b961c8fb8dccf1e9df1a007a32433c6dde2fc4bfe8ad206"",""114247e95a1dff6e0276a78baebde08354b70c3f531332b6900580db3b57a32d"",""215e8ea0cf37bede2e10491676b10b9cc586b1d7daac9fe0909e8adba62933c1"",""9fa6bf7242332fa9b335fb837be15923dbd0845f9fb0ec993583aaa6bff90ba6"",""b1b3cda768a964201b5a05dcbaf02827a4766c25a8a18a1dd504ebde69652b99"",""c6b881c82de1d15c502d7a9b2e4f9cffd9c7212eb3d7de60757557f179257ff3"",""c78d485c64ee2aaa1f3b3420714e50fd80f84e1e0487c4308b93029b4b31804f"",""f8a93166eff70774b596b7bc59939d53325de8f78f1d0046e49d1ff0dacb6613""]",[],candidate_unverified,0,1
b997d96a94f826e5d8068722dc69333772e6cf676a80f4b4e1c64e5de1e86df8,1032,bma-dds-canal-development-1,canal_infrastructure,incident_capability,canal_development_candidate,1,"[""b1af3659bd69fba1980fd124a2104265d8e4fd1adb9649f750b30049b39c39ef""]","[""dds-canal-division-duties""]",official_reference_unverified,0,1
f79c58805dd4bc8c18d4bec6c55fd5e9227b51cf3d896033e562df4f946b6a28,1032,bma-dds-canal-development-1,canal_obstruction,incident_capability,canal_development_candidate,1,"[""3c56882b02aa595c1679a302aa19e8f445bd3aaa76a72da923501bc9083296b5""]","[""dds-canal-division-duties""]",official_reference_unverified,0,1
7f86947eeb863371675aa4530531d338726cd9e31e96945377fa59a50eee40f7,1032,bma-dds-canal-development-1,canal_overflow,incident_capability,canal_development_candidate,1,"[""7ea39ebaa5101810fe978d9bb2d9f7c4f928be6c2b26d371849ac2135ebb839e""]","[""dds-canal-division-duties""]",official_reference_unverified,0,1
3ac874145269588cf59d8f4b3c146c33ac9691b4f4c933ccd46d8145b6e12f17,1032,bma-dds-canal-development-1,,service_area,canal_development_candidate,1,"[""747abec8c855eedc193394db5e072d23f53db7306898710f899ed26aaeb4e36b""]",[],official_reference_unverified,0,1
52edf4ceba389ce20d9f8f200ebda5fc6967a4cebdb2bc397508d7d569716281,1032,bma-dds-development,,entity_assignment,primary_response_candidate,1,"[""d824a93355514693cfc97e2f606f8636889ae1a7fd6fb404f252470d53060b03""]",[],candidate_unverified,0,1
4fd27e05daaed8e996bdad4e68d7cf55a8145df4bce1093a9e6cc85d3deeef89,1032,bma-dds-pipe-maintenance-1,main_road_pipe_blockage,incident_capability,main_pipe_maintenance_candidate,1,"[""3345f817c23479180b3e80fb8f54db999398ca34444491382dbba95ce18ecb53""]","[""dds-pipe-division-duties""]",official_reference_unverified,0,1
af0be22f8438e1cb8e39f80c235734e2736bedca5b4a95d76d07abf547bc5ab4,1032,bma-dds-pipe-maintenance-1,road_flooding_main_system,incident_capability,main_pipe_maintenance_candidate,1,"[""d21d3d1aa13e8980befa9af29c6757aa62a9732986a129c1bb635b17494a723a""]","[""dds-pipe-division-duties""]",official_reference_unverified,0,1
a223a546d86296d173dadb046bf70083094757ad91ff847b46c1e7eb62989103,1032,bma-dds-pipe-maintenance-1,sump_failure,incident_capability,main_pipe_maintenance_candidate,1,"[""4d46204f7b5cd5debf77c621135387c0fc7bf9b036373f6395cc7cb1c6d6b9ec""]","[""dds-pipe-division-duties""]",official_reference_unverified,0,1
5fccf511b2f54f9e0bc9a637f8e3f9c82706789dc28dd8639fcdf7b5a8e8df6c,1032,bma-dds-pipe-maintenance-1,,service_area,main_pipe_maintenance_candidate,1,"[""ec458acbbf066be492dc4c8056d0f9c86b1a1fc298441f47a9c6c159efc43d95""]",[],official_reference_unverified,0,1
4d96ef183068b442d552eab3a05f07ee43bc1b2c1da23b9786a4a3702b878947,1032,bma-dds-water-control,,entity_assignment,asset_owner_candidate,16,"[""0772b3b72c5a92bcbc2daadcdf5ec40ede92ebcf9cb1bf6523b0f101e79e8d14"",""3eb32b51093c20271ab76639a24ce6e3b743186e9fa20e2256642c9242b3f33a"",""40b56b638789058a1d6f0f145ad18e88fecd81bc1499e2ea9ec35daf36a2d000"",""518954b61559296ff5cdf2bc4bd16ab5c0776ceaa2d353e9fdae18abebe1c477"",""5a82516487ce3f369f4e364ea0674d33ceb2c79e0ab84dbb7948cdfb0987c3cf"",""5c4c8796d1a2d2556957fec1b4c573738fbf800915f5422309da19cca3ee405a"",""6089d66c8fd3dda44e0dd55c6e6184ab0aad8a7fc978643702cd03817188f61e"",""61deaffab4d01c80d68e2378c68bd6c29599f09fa8838f376c2a3386a106dbb6"",""6f1092324f480dcdb4bc6d73e3dbd13c92cac46c9454915cf534190ee5e05131"",""7aa308c5c1f9dfa6dbb680286820dacfbf580382204c85fe62f819452eb4389e"",""7fdfda3cbc0bab0ea2b33b4cf077c7f010c34e48cf4105f3b4100b69c5079477"",""af50391de335ec5d57a4ccaeca6da1b1a79d6a1c2824b7f2dea23118cd33aa65"",""c091a0495c8eb8265b0fc711b35f2563dbe47a6e40251d2672d03efacaaaa342"",""d66ed136aad3e86ca4ea2bc43945844380bb40565dd8a00d1a3a6b24d880f389"",""f4cf39399c013e4977672876ccba174924b19d24f1317c41b03ff9a94dbf1589"",""f70f234c7deb91b996c967d53f90fe8f00d03bf633e81dfe9ea6e7c404ef8e82""]",[],candidate_unverified,0,1
5bd342bfd3b7ac1e8687e6cd61406f5586e651f20e632937c91892280850ff05,1032,bma-district-1032,,entity_assignment,asset_owner_candidate,18,"[""00581c2ef902723a7d19878eedd9e6ad03c568f553484dcd36b79bacc1a15532"",""262ccdb3eb15683a6348c563128130b0c460c4bc5176e5d709c21273e5b779ca"",""2f570127f6e1eb8ca0fa19d926f65dcb830d58b366eeb77daae02d98120fb9a3"",""40c456adac50f7c25ef9142b6cc588357a5fc283d8c29071982ac5eeb2ffd446"",""48db66daf671a3a051fb14335cd009923e724f94e8deefbad9c90e6ac110f84e"",""4c56163fc40c8e0ff15aab2e67f1f521e05dc6a3ffa46ea1da6976080e512c71"",""5549c7f65e6f68676655e15807724dfc02c72ee166f25d6e0eb822789eb04270"",""609f4ffc8c97084f13c3d1c3108a912f64ba4b752f05434eefb7dea83a5f1970"",""6b7ba694b8855f63bc3b274dd21dbb4ca2ec6b9ed484e5070163a62c4e15d7b0"",""9b648a0b2e3bf55f38ad656849ffd0ce40833997530cf370bb42ffb2b95db209"",""b3de88281995359192642c15d78a29621560be497cdbc2fba3e9f94eac26837e"",""bc281c10f347573318abd8d71bd8362d033c8facb305ea326d25870c768311a5"",""c1a981f20ffbd35348753aa08edd520949ff85669118f864b1e0ed2229610834"",""c701888ded0688624dda4a6bd309f99078f0c6ef3e74643d347296bcb483a8ea"",""d6eb7c5e180336f7ef6e12c156ad0010684fd3496f021cdd27fadba96056a5bb"",""e0480de7a29a5a4765b8931f4ebb8d8e6196071df7f7975c91b921537c097421"",""e3e51903ac46452ee2ce4501b02c2e6ac3fc9e0e689f20ad29b12bc44852dd81"",""f1d562ebc8e774f7a78e6d048a24c9c39ae88cbaf38edb1130ba6675a63e4c44""]",[],candidate_unverified,0,1
40e44821affd60d88626940e23db9c4e36f5f8a02e830779ad403f2ae704d5a6,1032,bma-district-1032,,entity_assignment,geographic_jurisdiction_candidate,81,"[""0399ca0f5976a39fa1fa8e315eab57a0f7461375672a9e98bb1d0c7ebcfe055c"",""079e14c29b721425cc08bd81138f301e3828e3c0b951e76368668d49145e6c2e"",""09ecb8de14337f3d4f4dc7fe743045cb52ebb380870d76ced3180904364d17b6"",""115a93c15b1656c237af7cf50269d6b6697ceecc1ab789496a81b3004384d71e"",""1338f801e475dbd773c8e80bb821f1cab0c85675d156421a3a89e90b1b688f2e"",""1885a014737421e9e0f94fe39f17dd0a39dd938115ad3743ef3340fe6603397f"",""1c112d1e8ef0f7081360247bffd5c2391ef2afd8bbbfc8c904316bc5f38a692c"",""1e551d3a7ca174dc1dad83e0469bee187135695d6938ff0d2ec394dc62d15727"",""1ea66433ac146c0c43c6ac574bb7d5139f9c312bb18013c9bbd38f7cf19715bf"",""245ded7358377b83516f5f8f38087714e4776f47edea7016e4471332b59dc57a"",""259c4727fb0857ae2d74afa64ef46b0e9ad47af7db2678bfae3191481f75e281"",""283c18a3fa0cc0d668ec4227d043dfac551300a66177c83068aaeeee9fc51ca6"",""2a80f366bd79c6b7b2d42284c6e64bc38b676a63975206fe6a79df676f0dceff"",""2ab944ae2c4bf2b2fd91d7d587c126ed5f1a5232fea682b967b7af831b235a9a"",""2e9556b3c060a61b2bc2cf0b3ec3954ea2a9a6822716d02338dee7fc1b264c55"",""2ee90bc7de6cf30ab2079ea869a82ef2b06e3e01c45827026fc8ed3d17149e0d"",""4213171aa6bdde482dc3d8391fedcd8d1d1ea35ba9f39951ce6229c7dd61ffb7"",""46fc0ef59b36bedc859b911bae4f43f03e72baacedfa0fe54b2a1ce3e6982ec1"",""4734502a3ab1f510561b927343a1ad02d6ef7a26b1b06a483e63b399690cae30"",""4b58fd05c8705b3d1155017c606a4523994090f9334c752baa7d61b4c3726985"",""4b6c2e3f77fefb8ec04026b96ba5b1e68b130548472e4fbdce65489ee3af4c2d"",""4d1f98cc3f0969ee6ab58644abf73dcdfbb4669c067316babcaced78a77dccbd"",""4fc4bebd7e4798e20409d9218b35313cd1164b253496c937f801171daa608d88"",""58eb2ef91ebfd3802e923aa87a75919d00a740312bc71beaf3ab405ba28be75b"",""5a91f098c955ee052b71208d14b3f9cf9b8a9d5ea15c52d3728bc14ea8514f55"",""5ce2415220566e891b7ed93b8c6045bcbcd24e174817770c0b6f7cd8da4cf346"",""5d86287c48267956c3b17b05eb3725a4ad83f90056be7a77f76c67404f9bb6cd"",""5f2ad673ce6fa5df69c83471356de93c26e547aa6dc37f51413ebdd3ef0b35cb"",""67dc0cae6864cedb159dee3cd2d5c7f2019e8fe5afb40eacf4b577f65c94e2f8"",""688829a4306f56bc58bf369375bd5578fe10bea46b701c4a9c11e178c58480ae"",""697af8991bbf43b97f20c902359c79ba8bafa1de81b2091b957cd769ea86ad07"",""69910de616ce9d4bea1ffd40b5f5390ac4eba85ffc72ae948d65f3faf5db87c6"",""6ee47c9a5075fc1324830e45d2f8c1e368756760a5975a874c45413c60f82bc2"",""7114b5b3d90dac587c2bb82ec80d734a264f8f942df1d2fe2b355d539e44d42e"",""7787dba8d72eca2e828a8d714acbcb982cef649b05fb644f01aff4368e36d51d"",""83d8bc4bb4f42e07c39717996468b9a46d08b2fe279c019e811f1dd0fb7f3768"",""84ab25829b9678b4712a68f98e5e6515d023af5bf5f5ec09560a7346503d8cad"",""86ce999a62fb4f9b2ba9d6153ab364061e24fa2efc5b077649e0cd114d1aabea"",""887542e87b38c7cfd6e49c82388e48486e135344cf9a38e8049ed04a5707c812"",""8b2c155f931e79cc8b02afd0fbc2f2d7aca37535d519bf7306fe64173184de8b"",""8ddc6ad736890a4b8e40cff1c9ccb010736150d5fd280fef939047a78dedcbca"",""8f8a0850ef57a0ec302a893dec02a9e6115e382709ce1c10fae3a17905e81189"",""90aa242cdae8c8892c7edfeb9bdbcc8225a7f7c9d95097e64fffdfecdf548d30"",""915b5c8e03ee84acee63e25da7e5b37f1306b4c4d3ff6ec06a4214ee128b0e89"",""920c9c0f0026dd03764bc949900bb4d238820300ca5817856706670de524d15b"",""946de3a27b761b2d4c26e289f29fec61550c2ca7fb3b0a01df1855f4e44c195f"",""94cec2905014b1dfbcb5959a03687e83bfc0f0010a3084586db3cdc2cbd8cc71"",""95027a5d923e57be295d3926cf2095d3d91334ae1fff1bd293436309a4258fa5"",""95532eabea4ddcc12d1d2c9360ca5577ac6c66e15d53ce55ebf88a8eb0fe8bce"",""95ae52dca682e6283d50ee9065eb0bdffcf35970f7eed881157300a9597507c1"",""9b3d5a25c84b9c9eecfd08612ac078ee31637ef4640b18145742de4ece3dc0d8"",""9e6d5d969ee9dc37f43eb01184d234cf67a6bbbd521c7da146eb3c7fadb1b0a8"",""a1a95d8e753f214598af48f368f9a0db4bfce17a3ac872b55561f73ab67c2362"",""a27e768deac6b0a5534fc8ffd9a32dd9297094a1831647f47902dabb20bb41e4"",""a32b739f58daff483a096a68ada711e0a1cfd379b8dd9da3d0230fcbeec5832c"",""aebb0c4d1d252b2f4fc793ea2c63a6e89c8bd5f0a859dbe14e50a1260e788828"",""b1e1e7482fb7c8e22beb2971fe93cb54de88d4a1c76962db8b62aef1410100ed"",""b5a697cb01f188b8f4e08eba78fa41c9a323b8960742c1c823045734732fc44a"",""b93609649213679568ad46e0a3a17fec93a220b964eebcb2910bc437db7a5304"",""bb9392650d21a5fe8a1cfce2cf2df61336ac626025aff46a8685d71b4cebbab4"",""c34ecb213a7ab734d7cfaf0dd44489a110be06823c9a6769a32cae46529d3d3d"",""c66ef3be448a88da468719220e88c273fdb0214515b06b141f043c64c19f6002"",""cb401e7b902875eab555a8eaf39e04414f39f5c58bb851bdd4e9f4cd220e506a"",""cb800efc96d110a3bfc6ff974917516dca42c6f7d8246d1bed2ebb42b3fa4135"",""cef98077c6262b9b0179e0be4bc3740e6e7b472d0e287d2a3155a891826fec1c"",""d49d63fc2c34648bd6196a1138ad279fc6b04b0a1f87f587f042c982f998507f"",""d51c1c1855778b24bd7441a191e9f741da6c467b972676b8dcd0919e02c4a912"",""d95946db783957112cae943f5b9402561bb4bd2a6b28cac99f6d09f1e3299342"",""da7d71119a0d06f977844c482160e22c48c7cbe8c930ff9472b7de120f1818ce"",""df6a54bac5cf1824c870207428cfad574c0f8b6b3f1af082f03b9b1996a17e04"",""dfb5895829e02cf2578bc68572b9bed25bcb3ac687cd55335a6bf7b0ee2163e0"",""e0df7a2b7bd3408aeabc7963b8ddc2af8aa51f799c3b15a30fe59f111b35cd5b"",""e26c73e31141cdd4ce256cc92fed82b8aede3e4b80adeb33227719a20ea4c384"",""e2811ce8a8a0d6b90bc413a272b57b9c2fc4e2f4bf2d2ed705569e08e26e810b"",""e43685285a40a3df99539f02ce1000acb746a50af2e2a25a39ac763ba4b5a7c0"",""e524e5be1e63fe023f0cab02068760d099271a7f64365efd71eb47c1dd176b76"",""e61aae7a3d7622425db88a054982936e89f338553ac7124a6ad64546afc841ce"",""eadcc7ecede12ecc489a2cedea238c4868ce276616123902e871f55905f134fe"",""f293a622191fc2ca21d0c6971abf962fb460273b6dc2d2085084bd570a91a745"",""fd4f731f108d2edfdc03cd000f2be540136efa6308dc840074d2d1ba85fc094f"",""fef0bb8c3dd08c752f9eaa8ba595ed40225d16f7d476a1b34fdca79669b0b7b1""]",[],candidate_unverified,0,1
2cd35a525b1fca3ae6f74d8b24c281a6c6950520e92b6ffaac52a3964135115a,1032,bma-district-1032,,entity_assignment,primary_response_candidate,9,"[""14d53c2c7ea9beb3826e2f13a0c9d39c9e3cb2d39b092d0f47a680904d6baa44"",""2c7e32ba7099d5d02d2a8d3d971f7d68db9fbe5be3c9fd63b0ee89beecbd59bb"",""47eef0e7bb5db98dbbb207d596f0aa8635c88becc15267d35dc5c71e23b2a983"",""77d8735e3bc1dc3d1fa05b1cd5bba711a7c6500cc23b45defc5b729f589a6d20"",""7805fc882398167925a6fd0f2665fc9e5a3f6d92ddd76d397fe2ad09febb42d6"",""8a4faa44a3e43422c720069bfffcacc4af798eac7982f9810cd8879c696a4652"",""9f5297880e723544d505b004a7eb765957506419b04886b313868c0e31dcd700"",""a5dc0260e4eecbb0639806311d51ba6329c52670b30535c36bc636d39afb3c44"",""e63119abbfc4f6fa510f4258dd498c3fc632e57cc82baff2fb9735c091714506""]",[],candidate_unverified,0,1
f6ff520adf399ea17d4f38b51d4024919b746c0e99a38211df5b34d36d5724bf,1032,bma-district-1032,,entity_assignment,support_response_candidate,6,"[""3ae915776532609852539b8d734d8dfd74e940518955d7fdecd5730d7e19732c"",""4d8ef271a6ecf1735cec1c9e264f8435f3cea0bc94277f65793a60f290d755bd"",""910a2bfc63435530692522b639917dfd60eafe844b84c3b51f2533958861488c"",""add2c452b652575cf16d5d3851f06f191c6e7ed507eb3f5b4c57bbc8d0235028"",""d2fe705532d101e2855c782a5683ef0ee1d2ad1ce67bd5089284d6cefbe89f59"",""d4b4620fc525e47f269fb802c60bca3b42ffbbeeb3321510062f5c9247adbe3e""]",[],candidate_unverified,0,1
6b2fa1da231a14fe732c77b733e62be5d1cce9f02c653c2bfeae2258254f2875,1033,bma-dds,,entity_assignment,asset_owner_candidate,10,"[""485dfa2a5254ab646c9c4a42c740e76df9af42c10242210797e4f2e247d2355d"",""54c0567654e48990bea960090e6ba6b09fb515192292cb5d1b15558669c1c7b8"",""6d760480bd0822008ab6f56b33dd44494315c10e44836173d6026e1c380fe744"",""76456a298c3ad97e8c4c8d3edac0e0a124cb68dcd9eb18092b1f84ebd8b56b87"",""8f2b931fd72618ff77073ccca4666c58ced0d88246f0a60d2ce871eebb95b78b"",""93dad5088a2862cb06a87f2fc68db17c6d347782cc8b972c85a8bdd2323c9a8d"",""af297caa730eb0e6b8f0eafc70149b654592ea0c4f60cfa2d6e580aca48278d2"",""af2b37ce2cd1e63f81121488e890cc81d1f9582ee3eb71917bd1b841761fdf24"",""c69e335abe161c3025c7f655fc71f7dc2c8229482346ade9c3421ca945c838d0"",""f63c36cd952b847a1e2d23e6f08675b633ee7e850925fe43c76fd9ef71412c51""]",[],candidate_unverified,0,1
a1686107a71510ff11b213c06e0db4489de981b9c0d6e292c70f06f6eafc283b,1033,bma-dds,,entity_assignment,data_custodian,2,"[""298ba54dfc33396c333b57c4c3314f98d45a9aa55d9285ab36967faba4aa20f6"",""d2926280fcb12db9368d012b508385c0bd3b02c11a3173b584840def55b9a73f""]",[],candidate_unverified,0,1
4b13860b5962c52a9d71f2eda71f34116274a2b718d3630fa347198a1aaf1cbf,1033,bma-dds,,entity_assignment,primary_response_candidate,8,"[""0451d57ec1349ecbcf4622d59d5cbaca70fe462a195f519a3aec13e82149647c"",""11e61def6bdcd35fcf158a94364665c93178f482bb4f8d2d5da29e5e914da51b"",""448b0d7ea80dd70b5b84c3d154ea288f7d843de92ed8c413a2aa222723d117ed"",""4599bbbb55942c14390806f7736ed3f4ff86227ab83bc145807433148359ba3e"",""4b5db8a29aac3b13aa212ae204805d28ac1a9e2a83d15bc1601cb9d45e48404e"",""50d96a04afd1fc44ee4b72acb86ae1d69f559e016270afd99e7d41b5ab5ed55c"",""6574dfe0d21b0c09220991c871953bf9e1ebd56f457c57542231eac675528366"",""bf9a230f4e1af4da8f0f9d54cd378e9ffa40deb66b3205d33fc9e82afb0ae222""]",[],candidate_unverified,0,1
b2b0381ce21546404fc6b924b2b4a0f064b4986e33bbcb44ba4ab201014435c0,1033,bma-dds,,entity_assignment,support_response_candidate,13,"[""0a7856bb5c0fcec616824c433fb55852dcab5eaf7b4e16d10d9345bcee95a48e"",""0b330064ab9a01cce908d4c3f3b2e97150725871548cf79f86cba77ed89de0af"",""28c0c3e4c5bc19f0d71a54e1404c90495abbc4164faa71427c5b079feb540123"",""3e2ac907a2924a653ac98429e48b3f1ba317bcd53fb71138b0b7f183bad4237d"",""51d27c7f8ad21e429ac5c70e7f7e472e6b68139512a607740e645cfb4f689f9f"",""6c8a766a8b21437d54904f52ebff9f44ff435a09144a03faa7c86b50f4f050a6"",""75e030d5648c225420c77a542c5f225c6d8be33cf34e98eeeac6179d4f4fa909"",""879b5644a4c6fff41c986d07d6448b5836fad5612f0ee1559c8a4a494cc2109e"",""8c3e94ae2d126f28d73645370f0bcd13d9c76dac1f7dd03d2f342ba60f482d50"",""945838b6a0b98d29a477e746c3acfe8f40599f673eecb8ad92b78ded4df0ac80"",""96bfc180de8ea0225cd1bd2a1227bcc7865c44613a43af8335e261fd4f3ceb64"",""b89a6205d2905076f92589deb114878cf25abed5c0c6194c871784c019a636d6"",""c7ec4122601786ea266a6f944af31823d932157dfd4e1179c2c0ea4ef8f25f14""]",[],candidate_unverified,0,1
d192334e42679d1379b4c432b9666f18b2efdb37612a0f4644a976ef39d48556,1033,bma-dds-canal-development-1,canal_infrastructure,incident_capability,canal_development_candidate,1,"[""1f2be20d447b03fc4dd8cfe3de1a68eab84dd65c9cb48237e2a2d95a9fe126e3""]","[""dds-canal-division-duties""]",official_reference_unverified,0,1
c9c478a9a02bea9f52980c2a326035a2e4e420e1582b90cad7810da64d3b9107,1033,bma-dds-canal-development-1,canal_obstruction,incident_capability,canal_development_candidate,1,"[""3bc41bafc63ece9c62c90a2d99c036b78b2b3933393344ac24f3d9973c70be0e""]","[""dds-canal-division-duties""]",official_reference_unverified,0,1
8a320a54cce59bb91355560175089246bba65f2b6fa8bd2d0b37785a277b2282,1033,bma-dds-canal-development-1,canal_overflow,incident_capability,canal_development_candidate,1,"[""1739696708be55d88c98cc9afaa2de99e989d308f63300ed663b3087f4d6003c""]","[""dds-canal-division-duties""]",official_reference_unverified,0,1
7e0b79675a425f5af4959bef50521da104a9cf4c9f7c974c4e8fd742eb9e674e,1033,bma-dds-canal-development-1,,service_area,canal_development_candidate,1,"[""c712b36d6f44f6ec870bfa77316895bee994b7432e16acabb3cc275a61c385b8""]",[],official_reference_unverified,0,1
e5fa0a5be81f014867ea58acf1c9583bdb273e7774194bafc4c5a17294924561,1033,bma-dds-development,,entity_assignment,primary_response_candidate,1,"[""197fac45d16c84a3ec5d6e26f9bd04293ec7398ad9ca050c0bf855ab8627a4a7""]",[],candidate_unverified,0,1
e6f70bc24e51cea9e494faa92f84dc07f854103bca40dbcd7fc855d5b5e829ae,1033,bma-dds-pipe-maintenance-2,main_road_pipe_blockage,incident_capability,main_pipe_maintenance_candidate,1,"[""b2bdeb64ef7f56469f4fc7fce8cc640e2b5af36fb6e3f9eaba07f876e1238b5d""]","[""dds-pipe-division-duties""]",official_reference_unverified,0,1
a51c31bd2b07a0a28ffc4dc24eef083710e2c465feb6e9e4075d4a79666637bd,1033,bma-dds-pipe-maintenance-2,road_flooding_main_system,incident_capability,main_pipe_maintenance_candidate,1,"[""6df4941f25640b3370b96654a42a453a4db32fca57719d5c3167f4624510e698""]","[""dds-pipe-division-duties""]",official_reference_unverified,0,1
e606a461080906f12b94ba0b1d424c60d5187095b242d8fd8c3a47c1a2d5fa11,1033,bma-dds-pipe-maintenance-2,sump_failure,incident_capability,main_pipe_maintenance_candidate,1,"[""9cc20e6e55b933d8f52312442b192eb24abf55e3e8aa354fd5d91006d1dcbd85""]","[""dds-pipe-division-duties""]",official_reference_unverified,0,1
68d6ea0cf755022e3af2b696d6beb13277f6c531184f1f93a61eced98c9e90ea,1033,bma-dds-pipe-maintenance-2,,service_area,main_pipe_maintenance_candidate,1,"[""a2bd2a3df6b005b42eceb75439146de80f28518f65fecd9931bf916142b124a3""]",[],official_reference_unverified,0,1
fd4beb3b496bc1d8facf60ca1ef07f05ae650dcd5773d321e7852bb11a4eeecc,1033,bma-dds-water-control,,entity_assignment,asset_owner_candidate,10,"[""2fe51427a82cb018ffb0646ba43562db39afe2acba211a94f0610c347418f238"",""3382ddb13235952c1050f69976baf77ee01fca2090baf9b501756aea48cb0311"",""36a9a15a83bf032cf8b0cf5f9b38b529ddba92f77003c50bb193f28551009f47"",""3e5d3fd5e654bb139f27708bf9cccb74dddfbc0f855df055577d5e6c725af8b9"",""3ea43858fa5a2f3477a98a0de4494856e400e16ed68396be00c2b4e003e7ce7f"",""514768ec1945b06b886b18e6a818e8ebec1e312824dd839c2ca36273372d0ce7"",""5fa954da4ebdc97f372174345f25d2f38d5565a61797b765b53cc67c1f3393b6"",""7bba428c68344dd382268feaa84eae912245de8466b1b4d44801bd70e7a351bf"",""c83e3b8b8e367055f341b159ce095af2027d7338df5676964f84749ca91f1479"",""e29f484e9a76f58598a7aad0c6fd36b63e4d7988cf985509fe1694dcc297e35a""]",[],candidate_unverified,0,1
8ca02e7d4508069fdfe3d9b2a017912a9b56c1025b83823a676f72a56d219179,1033,bma-district-1033,,entity_assignment,asset_owner_candidate,20,"[""08327ce7154d052bc3db43999f819aaa4810345dfd88eedae8617995e6fe17b3"",""0b19346ad4e72bcab46e1bf051a5f82c8d9d79a70323507ae967314c86ebb0c6"",""21b5876adabb94335eec2e31abb46b14bb5a0e9f2f7f5d70ccec1ed270c0bc59"",""2cfb218e28aaf8127f0770229072a1f646a0d72e3b5bb8b1a9b3af2d8736a722"",""2ea0cb0d286f12fc28d1d1487d6b74085c4239b7ab317865f7bcfbbd12112cef"",""31768018ed6b825df04c85a77e4a1998a874a08b315a64b50eae460605e100c8"",""33817a7ce28c0aec50e88dbeb95fa45ac0f76d39174dd2a889b22795964beb29"",""7626c7e2a48b1a7f50ad93854f8f05028f670a83047d25c8c0ac1b74d4c48bc4"",""8b064383d85de4cdaf3f7b45b0dcdc27fae2de1f39cdca936d6b545a05964de5"",""92b7f9317ae7925e10d1b54e7c21e13106e0667c468776517ce84e7354b42479"",""935ace7eabe92485c4d75ce45e12ad7defdc65e26f1ddb887c1a698ea3c94062"",""a2015f3e1a685a0c068480aae7a95c98a8bfd69017965b225039b5132b57c880"",""b0acb0131fe4fde866c13e8810d1e00e2f53981493ade08be7c2ce4ff3d61b05"",""c66cd69478a8b52e4c74f6fb03b17bb7ea4204f7dcbbdb67844f455350a39e9a"",""d7c157c3dd8552626f9298e01487e726220417b7af3ae415a62ce1fa4e887d5c"",""dbf7f300049d0be034093edaccd12e5f189843e896a681f23017542955f7e8a7"",""e6fcf33db57d6a2330936661d89e69d004af12e502fb7425e89c8a69943933a4"",""f0c3b6ac94a244e51245c0a4067afce8da519571b6570203437fa7024c8820a7"",""fe00b994619bfaa53091e144e4bb2006c23c153191c850d6c61a1fc9a58bb9ea"",""fed367e1aa0208b57d4263aefa37ae0988a4d68cb2771aeb1d4af46f65d88a73""]",[],candidate_unverified,0,1
e3fe633f51eceeefc7f672bae0cc91a2f9328280cae2afa12df4095320426ea2,1033,bma-district-1033,,entity_assignment,geographic_jurisdiction_candidate,64,"[""06df6e92422d342e981c0a4248d02326437f5a0c21ee6f77f2da4a807b9799f6"",""06e2bf0565367488be65c9cd0e99fdaf2e682a5d55aa5178a25d1106e547a091"",""0c2ca577122ab85ad86b4de75a01048dda1d4280245f6b47ae71dd806d553a73"",""1083678d72c6703f37a7893b9cac25b6e108da4cddb1009f8ad6e0373f577949"",""1331a52bbd44b02428d902d02fc65ff52fb41cca1ffa5cc6e0baf31a41b43a48"",""182c2dcc3cfcddbd0b526eb49fc4b9636f80ad768f9a85828871c8fd34dfcd4f"",""1bc3dae98a3bb13849d012b42ae9fee9429c9882e538bd89418e41241c91190d"",""1cc3c6eced1799accd5e7f75c1059265c540713dbdeffd7b21cc3184893ec6e8"",""1db1a43852a77a8e47602010dc3540353ecd41690791ae74d3d522780da31f0f"",""2243866db7a88e3b13ac8a39d2dc2a926b12ac7dec6a888a77cede7372d71e84"",""227ac0c0d23ea0ff062e4f74de33e6d0cdeb5eae03efdf3a3cab711c0734c25e"",""2cc04ebb0c6787f94d6d04ed102421bffd3607a3bd6ae4dab943e3d835440557"",""2d8337c3bd3dd852f80c7529403b9c348a37bc16552781a29531d49db13c1fbd"",""317f8d8185728c16266828b4ef1efd97b9c80ab9b36ecf8e119eec038db8c78b"",""322c121a422fe811621f1fcc8ede6594738654eef09ce9ba2956d2d0e85c6fda"",""373c40e4e0ab985d8941af425a011c56fb2c6fe7101e976312fd0fec3b8882cc"",""41e9847b193b01545ddadeaa1286ff9e70b5a74d40453d9baf134deb142af7ae"",""47b50debfe6edf1e624a1274cb80319c028f70e6f8a03f2ad6af2703d6531b19"",""48fcc55ce27fd9d94ce791006c1a528fa7fe83bd5bd9e5f5ee1b11af907670dd"",""493309bc1c96d8079511976b052d353ad2caa4de21c2078a30c64013dd7afc69"",""502fec1e0d29f63881ed8f92ff78e1acfb658fe11de61d5bda21a3b6bd56a465"",""56d2841d2ac0e307bd75222093fc792e42ecaea3011c3b96a4b473c17bcc3f12"",""5a40fdb9e7c82418f2072fbf1b6c3ed9176ac58ee5dfd6f26833ff7bd494712c"",""5dd5e1c9a0609876ebf721cae2d7c4f588ce3cde0ea27ab4e8f6e89ad5cd61fc"",""5ecf55432cef0f049e2f2d08afccc84add63010969afd769d4accb7b475550d1"",""648c1680fcfe8ee790d59769a1591ebc34aa4d32f0153f88774ed6a0444ddb86"",""64da10967a02b3875aaf3733cec6268eab4ce1aea64cabd2d7c1bdfc271eb2b1"",""6b055a67c0458cce05223e3918917fbdffd8be11ea690a73508f988225e32733"",""6d460fb62850e185301f2bd0e87586a719459b935818c6557cfab46e4e181863"",""7360f462b8fba8fc2e5d34fdba048543d89e441a15809a8420b4e94827d77fa6"",""785dd5f9b1945c5539509a138d2b2b7b80765d2be62cccd3e62aff9b1a193f99"",""7bd7d4d288014d39f02d5ba1ecc60d5368f019b972a0e79b15cd2d04b342b50b"",""7c4f983aac2ff1260b1dd93f171b38bc67eb0d067b43cb57f299184a5a30c173"",""7cbd29d045bb90834e1bce7d6f917ce519aeeff82a3c3d53cf57a08a59e7667e"",""7edf71d1d3a64a22db9d5f360cde88ef395d2da364bf3a70f65753317eb02947"",""81c8ce0cf44ede4c079fefbe61bc684e1af9d0ce5e103d2b82781eba476e7b05"",""8e79fe65658f41ae702be6854f2daf6026a660036f526d401d1644237728b438"",""9327e1d66aab497eeb24accbd4d26c821c004f6f41dc5cc815bd15193078e0b5"",""96b5a9d657e3944476ef1b23504f0c4a40cef43189b9edb51deec75de94dac71"",""99f23041252b2680cfae40c5d036e91551a25ef47330ea58eeb36f10df57c22e"",""9a4fe6cc7dbe7a39a2810dd38134598bb39c242b2bdf858fda4e859a63f5d4cf"",""9a78e196b124201c6539f908b5ccb2b467577bf893a76f922aefd8a1ffaf1859"",""a206b8ce36212ef56928333c4373ce7760b4386fea36072afddeda9464dbb10a"",""a3d5a62d631a7c360562611cd72aa923494ffb2b398d017df2913e517a9a50d7"",""a40f30bc04bc27274ab77777416326eaa1b4745b410224b3d7f8a61558f7d518"",""a9656bf303e3f343d5a9d5ea4784a9dcd35fc80cb9dc31c5ae3d5ef0b5d72f7c"",""afe6020fbb12602c5d952df22fb3462bc4a47919377451a8cee28d25d53ae156"",""bd13e8ac76644dda774c398d7e5192f87d19c9431fa3fc0a1861802b8efc1310"",""bd9e60c830e2d454b388c6de65735a8f38b520758dbcd531a7215a169057e6d9"",""bf6e572b25ffa1dd47f32e551bca1e8e5241228a5027f7bc22f6eee4f8a922e8"",""bfad651dd11db321072f4886444cdd2e455e70579136ff0051c6a16d24b64c06"",""c45f63b739a8cbb6a54ec9b0045f779ed35d48b8031c6d206e739a249e1502f8"",""d29bc3d3f335254fa895e31e890edb74fbf61833c46deedecbfd693b07de0b8e"",""dbf0fef2084a538982f5c41c05319e919f9a30c8658331533f0de32ed47fa4a8"",""e1ec2acc2631083e1665293360196b1c59cbf69eec002199df868c8209a4529d"",""e563d33864393ddabaa8523f0eda48ab6198a7aa6126824f475e78197d46543e"",""ee2ed8a6577528d32da9918b0dac67c2fe71e5eadbd8ba5963c3c1907fa728e0"",""ee8557aa74a5bda03eaeee64a8f375132a208816aa9319abff15f17a07a0a191"",""f0aecc25298cc17457bdaedacea76e7ba1e1c566780106b77d87a2dae9c30212"",""f48275f2c0db1a4cfe404a44f3b871138165d69c6a2ad320260538614c9a4a79"",""f5583c76a23090d961b9601c3cea8f66a92dd9fdaf02ddf7381d0eb962deae20"",""f71164af0a5f68d35e5b8c0b35fa6ba4f536347d25a26363e8726517716a250e"",""f8e5e57b322e13939cdd96a6c98fde257675787609ec7c2daf09c4fe63d82511"",""f93391a0c44da93a14906aa71bff3d3eb89bbc098a0afc4271f84dc566c7dc16""]",[],candidate_unverified,0,1
1aabd771b7702078a5cdd970def9173d6f0932b16f42bb55b132229941be4249,1033,bma-district-1033,,entity_assignment,primary_response_candidate,13,"[""0620834154f89b64e250aefbd1103fe0fe2cfe1755d1d1b475e717c80abaecc2"",""2ddc1a139535477e348c0719e4e4b825135155a5b87c6c3ff06d093ef73bdd06"",""367490942caa462888ab40bd70b24ed2067f430443527cd4846306a504609d90"",""48c7dfc4d31aa50fd0d84005a769a67731b45c59ed4518de7fb752af3889ebf5"",""4b037bfcc6f5e9f1a07a40247238c6a76a6edc51399e6fe72f0654dead722884"",""5e27cb806107d43de941943575e41810aae4d94f52c8b48d119ee522d17a46f7"",""6038e0ecc870b6b16ab1956f1f7605fed6e6d48a3b7365215e82fbc94fd3823f"",""70e9918757838f4e4a3ab26b766b2f3cf541d64508680d97eb3faa0768ef4a01"",""80dfc85108b4797a6b1672fc43ea4845d1f3ba445d6b0d39e7630adfd86b61cb"",""a37dca75e202fb75ca4b3d5c09d3233cbc76853df92a14a407b0855bbfb45bee"",""a4e9faf89d65ecd29d336ecf9ecbe1487389272bf2768435bd82ac8e20668800"",""d815abced54ca86a19b91b6b9b6b2f6b42302ca011729fbdfe5ba54a79f5f3bc"",""fb6799d12c88b9314a66eca774f9dddd6cf8084b5c70130854d1798d468a4c1d""]",[],candidate_unverified,0,1
5f2d94f4804823af57121e09391eaa0ed3c38b4a20fba28af4c59544eb04f98c,1033,bma-district-1033,,entity_assignment,support_response_candidate,9,"[""03eb6d68632f5a10530c8a4d680f2ccc54260c4302fb753db815ee00e6e0648f"",""15cd97b81976e7a3832f287a412b2d4631447739c8f9680902fbd9a0495f450d"",""17c6b7bc44950534ebecf96925f94d4d64eeab8258285ce67322e3051bbeba59"",""316e758256f7f37807affba049d75a0f6f8475b446dfc69bc4be4f0b2777dba8"",""3e80fdf99d658da283c5e148eb9b3a9064bc16e65ee893b42966d57b1eea44b3"",""45ac9e12c79404d3b287abac18cbff53bc48458741dc02688052711f7175f3e6"",""4ee6c0b7fb15e8538addf54672981a30342d60c2f046b919e3bf33503a6b922e"",""57d5e97aaeec5c27b968de8094f988ebc1d8105098a7f051c638b275e99cfd51"",""865889063a3c63a660a39751aa6b5aca0ccdffa73573f63f5433316e20a4ca89""]",[],candidate_unverified,0,1
2bfab2a2593c7203c43a0ebc482458cd48cfd14cade1abf995cfe4849e3e7c3d,1034,bma-dds,,entity_assignment,asset_owner_candidate,15,"[""074956d92c8eef1eff9d4294f9b8bd36c43ba1ae41fb394e26a88b1c989f954b"",""08e92da19de7a223159e186d9d3b8f526fe8fc1abd33de2692cd07c88d21c091"",""1ae0e41227234a9ff98c473b1e9fa12fdb849cd87f217cd759349be9639f1817"",""256d2b138c4c57e8a883572a5397bcf3fdc01de24479afc0db503857378bb1d8"",""2dcf5cf92de33498d04e598520269625371082c853de45256a3d823ae8596f13"",""391f223625974a6fea3e3b541983e7c11669dfbf28b3ac010bb53e2460eaad5e"",""3a6764ee1d5d95af658246d64fa9b5433b1db3cecd5d83d0b4fb870f3ae34395"",""4c522619f58f5f0192f295223a797bbaba762f9594603bc3995ad45c05474d5e"",""562c3e8dd4ffbf179f1f4b8ade78cf3011442095a59064c1c243e01ac3fb5551"",""7ea96723775a3e8aae1de9ab9afa7dd678011060926ea94a9fa599e76a5862c6"",""99e031f05f14d32e320c37a209ef03803f3c38c2207912cd456865e2497158f5"",""9c257803acaf3428aa16fdbd0b839342a1ef6418962f16f297772138c9cb1c46"",""a9d1265c187d15e781408dd28a3ce7b9e70ff8c8fd366252d41a4184721dfec4"",""e0b3281ec3225dfe9fe25a6b313e1ba84987e6f340536f1d0c0d1828d5a4feee"",""fa54b9c9fcac0d160957c26eb34180740f6e6252fa3a46d17187130b53870fcd""]",[],candidate_unverified,0,1
bb92d6758e415d8fc18e9903c4586aa5000fc6e9d61e0e940e153119abc105f0,1034,bma-dds,,entity_assignment,data_custodian,13,"[""36eea70ad66d90559131c4862f3e8f2c64ab7ac419bf060876e5c249932dd7bb"",""3d72ddf5bf69ec867e1772ca1c385cd046ba022830c73b14a1cb64c09b090a3c"",""4b4eec495bb9752fd063b11e9bd00e43e72df42eb39304037f21290b7bc00860"",""4b8b0ffda6fa951119d5730567b607d46cfc20141df35e092d4d638b3c1a1637"",""4e8b71627eeabba743a77bef03062052799f91d90c4fbbff0b3a4b858f875bce"",""8328ba1a524a120af2d9687342acb552e82981a334896d5c29bfaf66d4164bc6"",""8bbdfb89dfba215c95fa0ea2daf9018c895030943e9d9ed4137c7ffab6e86385"",""b7b66dd0372191986b4598bb16d0c60fdb591ea8d778077162803e10f0591739"",""cffc13473890b3bde18d281d1e437e6e608c59f8f433c9996d0eb94c80f61978"",""d7061b4c537160539e5763db47ca22d29af7ed5ce579c7e1770497145d621713"",""d7522bd8f672b6bb60cda272f090759345925579bed21f59ffcece78cab3b881"",""e78b1baf046fb5ded3b561c68866411496b9c72a82e0aec72af556bb8265cd97"",""fce44fce65757cbb5e4f1c92504a7cd045fe40cd0dfa616b1f8c480f58490a21""]",[],candidate_unverified,0,1
fa9fbad6f5cdc9b4f23f68565897de80e239cf140feda4b80557c2cb55fb47b5,1034,bma-dds,,entity_assignment,primary_response_candidate,12,"[""0194f5c86c3b6210145d23a7e61692ffc73d470c6e3671235ad52988c52a6078"",""0807ba6100327784644c60e210dd284ec73fbe7592aacdbc7bca8442ce95c4d2"",""394586890ad31ff56f572df4d2bd84e2972028bb40a7fe05a86a4badc41d5be3"",""3a1adf5bfe9cda4205678b163683698ec871e490cd61d76b364248a68bc84c3d"",""40302d9e3a24c056fa56e5d5c3c758bb1d4985ee8ca5ec60de73ee4b9372e3c3"",""466f5651b48780393d9cdc512ebd651ec4219c65e2b2cb6d7e26cbb189fedf17"",""472104d26b110c0b6726467e14197528453e6bed9e9a8a76599a373008cd5ca0"",""820c230f1761c30715a5cbf6112d79292cdbf61f34af19410d8650766b5d1d02"",""b6296a86dee5d7d44c98ef3e3ed85fc72d001f99c3e0885b81b8307749c26b5a"",""bc094adc07f2400368d46e08d6d98d0507410ab0484d109b4505c3c8c3a85881"",""d623b7780d65a76dc2683d13f8cc5894cc962b9d95c30107ec4704a0e904dc8a"",""e7a252136baf4544e5740298cf62c85a52850d1d086c17bea3cc8434dfc0bfe2""]",[],candidate_unverified,0,1
0984ef81a010e4b02c5fdfc700867c75c7cb55ee32284ea7d34fb0737ae40a00,1034,bma-dds,,entity_assignment,support_response_candidate,6,"[""6f707f449dc63b1960010d7deb5f0d6c640a565d9cf846b3e51b3e9a532a8a00"",""9a15fc67ea1b01aeb046aff74236a18dcc2ba101a89c1379f1520df2f712b96e"",""b536c5a0a60fdd41816e07176b0e7ff7f960e231a2ac955782b91ef5d002755b"",""c54e4d72f9c0be2e8f10fecfcaf1efca51de5471de2a91470646eca430a3442d"",""d80bebb87598884507e14e277549e8de78e65724885156b495ef9bcec45fbb5d"",""f6575809c3db59d162ac07caa59eda695606a0edd648c3dff6dc51f237b4547e""]",[],candidate_unverified,0,1
aa83b55dee952dff6ac37b1bed782368e81673a2d1d2131feb7f7f2a846676e7,1034,bma-dds-canal-development-1,canal_infrastructure,incident_capability,canal_development_candidate,1,"[""f7d2b93c89023f79785a97f35199a4f24cb1a7524eb6908e79cbdfb898e292c6""]","[""dds-canal-division-duties""]",official_reference_unverified,0,1
1efa843d6480ff5d4837b4d6d3c9b8724c15a8b3b2897c0d5df7cbb8f20b397f,1034,bma-dds-canal-development-1,canal_obstruction,incident_capability,canal_development_candidate,1,"[""b79e043738c916722492e453dd0d12c8e58bde4278b1bec649fa7ca109c54466""]","[""dds-canal-division-duties""]",official_reference_unverified,0,1
0ee9845e3f0843a4d866ff14f8d2072f4d3eb57af2d3ac43aed173f263da67a3,1034,bma-dds-canal-development-1,canal_overflow,incident_capability,canal_development_candidate,1,"[""d0426b0399a9d18a9db34655012220304cf31e45bd46ea38bae1e40462b033c3""]","[""dds-canal-division-duties""]",official_reference_unverified,0,1
848edd7376568caffcea285f5aed486a662cf70d440d29e32ca20dbc2ea2682b,1034,bma-dds-canal-development-1,,service_area,canal_development_candidate,1,"[""32451988cf99c0fd2a44d7010fcb060067a01c5112beb117c3167a7906328f3e""]",[],official_reference_unverified,0,1
85b596e702649d5f93a35844c2dec3e68cc3c8e73d9497e1b8b245d8fc44362e,1034,bma-dds-pipe-maintenance-1,main_road_pipe_blockage,incident_capability,main_pipe_maintenance_candidate,1,"[""582b0abda1ede609984aedafe120a9a0bec67dcf6bdb845bd9d9590fc0bb8168""]","[""dds-pipe-division-duties""]",official_reference_unverified,0,1
66d8aca87c372535edbf03bf04b96529ab163a5d9c4f0dbd84f64d8a3ab00526,1034,bma-dds-pipe-maintenance-1,road_flooding_main_system,incident_capability,main_pipe_maintenance_candidate,1,"[""848f067abb40002d89e9ded19868b8f53e32fad6e4eba91ad380d6d67f9df9c7""]","[""dds-pipe-division-duties""]",official_reference_unverified,0,1
41eca9b4fb2869b65f587ea7441fcf14027b82f8aee17d68edad2734f9d798a9,1034,bma-dds-pipe-maintenance-1,sump_failure,incident_capability,main_pipe_maintenance_candidate,1,"[""4fda0815afa70adbf43d409e4b11a4d07508b5bc4b9f6fe452a4adab1d513c39""]","[""dds-pipe-division-duties""]",official_reference_unverified,0,1
7af6b9d69eb5c5c1aa2926245467bd17b3c1714692700403f80e9a88723b9c0f,1034,bma-dds-pipe-maintenance-1,,service_area,main_pipe_maintenance_candidate,1,"[""7b19fd211ce43eadb2f9fe8adbc825f51959adc300271f66c96248f5edee559e""]",[],official_reference_unverified,0,1
559fbf6b55ae2f56ea04b829eb24ede99b624be9a9af0a2545a0d26fb38554a7,1034,bma-dds-water-control,,entity_assignment,asset_owner_candidate,9,"[""11160b9f002f67af5a8df36cc1a7644b7a6073f220b6daff9321df14ea74038d"",""1cc6e71dd5f647d842cd1240bb6c3ed7afdef36a7edfedf8caec4e732bad8afe"",""2fb9ba0b75ce2d4eef621ba02dfac59e5b82b474b08a0a64e788c609e0ddd082"",""4cd234eaca0304e9a2df82b66d928d7a3a579e66e9ef1501436518afba9e43c0"",""73a9488b3450914268f13646a521e931c3a4370753b6201095ca93c0a6c7c0ce"",""7f15425abb2e2a8cbbc84dc7a65104bb14d826c13be7d896b7e7641886fd9289"",""85b0c0b1214ea13cd604ad878b10338453319e53182c5af2e2a6e4e850326906"",""bedcce6fde20e617451fa67cbf371e4c89199897a17256f6f5aaa3b856ea9074"",""f1ea255bebf43fe54357ef9081348c5c916e020ec05b274c9362d1f79d62cf07""]",[],candidate_unverified,0,1
94443132da259c02d442517ecd5942b819c1071176b09f85705ab1dcece6b737,1034,bma-district-1034,,entity_assignment,asset_owner_candidate,29,"[""086dfc97358a8ba6ed8a6aa0d858b5eacd35fcdb9417be53ced94ba9dbfc10fb"",""08f18931a4fbc92f4535eb20d62af895120533afb468ff6c19fb1ebb980f2c78"",""0a338d0ad1ac0c10f22a55ba6ca493c0f231f840ebcb55605828a454581feb2f"",""17fb6b17b9a3608342058238dd448efed25e85b1e15dcc89f1f8c434eb2bf38e"",""2201cabd62366b5b565ff06a7347372d4ea2b30f7b1b395171a8d3c8b8dad3fd"",""38276c82edfe69f7a62414701f155c5ed492017c84d9acc48e7ec4359904582d"",""3ab8adcc5cad1edbbc1bcfa8c9f96e6842cf63f96b85a9250bf5f4b45a45a0d3"",""4005d940fe13f631209f8fd6759dd7d7e9d01311e85c1f1868764e0cd1b15737"",""4a3bc609edf9320841380843b43ec03314664d16534656d5f71b777d87c95531"",""4bf3cead865f5c36be61c5260f2c606e2b41eb42d6a296a92ca9cb1ca3483812"",""575dce0877359153624dc977a528c4bd71a8d5f1b8cabd0f11cc69d2139028c0"",""6073b78143847b84eda5e42b89457590b729f6199ee6d7d031a25c74e11c6352"",""6847b66d43735da4972705c2e83b7e9e0bd49749260130cefcfda74d1070879b"",""6bf73c3e04b7bb22997155b5d91b29f10c82ec5caccfa72882ad1109e1bd4876"",""7d5f249f8dd38267f19ae3bd74b96e81c09b604654d4f2a9bc109a13ff82030f"",""82bb2c09cdc895b9be1510b6064865ecb3a0140b4b18cc434710587a84a9eb31"",""8dc41cba564902c328f3bbd9558036ef9a90dbedc8f11568e770a649f312782e"",""95007d88fe55e5dccaf1bc21644ff9191eec9a4c2ccc151ff12095919a811f0e"",""95c45a94debe339f22669fab9f6b510864a2a2491c008ce084ee57831cac64b4"",""b10d4a309015fca43090268b32e6e7250031963b50146090903b912dd6d78523"",""b218c73a201b5cc88c805cc1dbf46fb55b29dca0c8198622273124ff77859dc2"",""c459da8ba8d8e70c30d0923b274785b8effea683178ee216ff28ffed45c51150"",""c7bc877035752bf8d690e53278a1a0cf8ca1ac0597faf31fc5c498b972d54501"",""d40202cb8e440f408c68f2a6c86fb65dbd2ce02732daa0ebda1de7d44ba1ca41"",""d78655ea6d17175d8422facc7b8414115a95b1eee2f2a32665f19616d90c571f"",""e1074ad06fc26bdf93f6b06a9709adcdfcd37cf98b6260017f68605aa826f5a7"",""e93d708eeea660aa0c0403b161eba42fa55cc337eff0a001c8ac4e99d00bcf64"",""f67f0ada1e51f8b4228bcffbd0a414c1077cc6783b00e9a519722fd1bb652d2e"",""f903d4ffff3edc1ea5cd377afa6999c301a508dd63770af894436d303329a1c0""]",[],candidate_unverified,0,1
821ebe6d1cc053344d6e7ee8db249e7489dd19773ede56068d95b8bb3615ecbe,1034,bma-district-1034,,entity_assignment,geographic_jurisdiction_candidate,91,"[""02a3252587de2daeb891deb1eef5c191663638989dd297ebf7ba42ad093bf56a"",""0922e764c18578c662dbbce5fe01a58df4ece8aa64c69654a6cc7487e168663a"",""0fb57e7c1ce0e32f024c8c96d68b9671c0fe05a024615a25a1d07ed941a206cd"",""1402a80c2a20662ecda732b3befe8c90d3bb087b46717d478ac34c0cab3ec1fd"",""152100ab93812dbcdb23e123ed5f0328efb1ee898cf0e2b637a7bdc5e4b22a6b"",""17990095164d2b174f8c3995674985ee5b60ba7f9fb14d329ec6f78224563946"",""1fa8719e2d46e1291462f803fb071ae15bd71df9d6cddf7cbc2a5ba0969c3a1d"",""29b91be1f41570256b61858f0b9414b6f6d13f37a089effb229c175ddbe64361"",""2defde4ab9369e58768304e5e2fb8f42eaae141a7597f6c8f80aa8faaa3bb3b7"",""30e4cd8708802d7bb18242c15a8d8559363cc31de008118797a275705f911906"",""327eb48a2afee59ce8f08f18e5be2792767ad60c23c0ba46d28bd485e31cddd3"",""329d4110e5d339f542c4fd1f39403dcebb45effce4b6cf945a8d96f648f1dfa8"",""32b18c844407bed660b11b8be9ac8f5d66698a9227494073a6f07909b14befcc"",""3751d359cf72f536c45a992432372367716dfc0e06bf5da70d4dbbd1cb335fd3"",""3c976b21c6e88c926602ffc5ee6ed9d0869c3cef42b8544a45b9dedadfe11b86"",""40f131ca2f1b84f0e6c8cf07928c4b6753ad8195b31fb67e47c8d1570b5dea84"",""4485bbe8ef7e721dcb41099c6442da46cde0d4e49fdc0ecd5eacd13abe957cce"",""450968a27e36947f5db085063477bc94547b218e8268bb04b8d4a53d03c93bae"",""46d251730d59b45c6642f06e4119a5dea8d70b84b6a4bd7ff8d417471daf1505"",""48bd3de0b53d96ccd16a89420fa831e494bf12ae346b01da0bd5718c177e6ef7"",""48cc8028c8a15b8bd004175d21e8073c595120d7fcc39548af4bf741c66ddfd4"",""4dee2e9b5eeb91f911770ffa2b0a8e0e3733af5dbe779c5e61ea9f538b74478c"",""55ede42fbfa7117810f118d53850c44aa24c6c6b77b5df4e6ab8d5607e305351"",""59da49f3de3b103b0dcf5a504adb3636b95c8d5abd1b77a21ffc2f4218986556"",""5befa44ab975ee61216a80cee94a5a9dab72a3db70b4a4bd3f51b435733337f1"",""5e4ba8296f43318f7e7a669b63e14da4dfe77d9657798c0d2a98adee58a4778f"",""610048173345aea375bdec80e7e0d7bbf8352b4a649aa411f5bdf9ffa2f65291"",""611d5c9452b125923cd9bdd08ebb2844646054421f621ae1368eb60e00dd5d76"",""62441ed88c68265ddb30129b5c55734ddbdbc44d14b709bd6cdab4daf9cce8b3"",""6268d0e1f18553e4dc1507c83a2975ab1aeefd11378b730e76d99fc5449642cb"",""6594ff4ecc5df4f1dc18c30ddccdf29e382fc232c90d63bb1ef61c03a5226ba5"",""65c8a6a115e90a20bf367fcfd42eb87619d2caec002d79447b03634ea42e5023"",""66cbd7de2fd5fa8574819889d2aa08a1ca0f5f19b8c52a776602153027b8e503"",""67954b032968a434dd40c027d47f6685fb087834e3745e067e28ea77ccef4885"",""682db57f15bc8de419698d6e6c9052cb10dd9e2598934c49adde44e847895c5c"",""6a98a779e13ccc14976f04d27e9d3c319a6825578a184f62c4ce3a2bcf846dec"",""6bbbf32431cffb7faf9af08dd5ae251fba29894de5c285ed783d43d7deac92e5"",""6e90d02df6aa4a404006d0a5599b458a7daac2d6607281cccbd84e950840134c"",""6fe546d37ea072a5308214d5df574b430a931091063d0cef697997e93c67088b"",""73f3e887ea71c03f0e005bd362bdad9f072ebf58d7cd9f2e63b02b921ab183cb"",""77d0a27f5333c32dc354d931f592ac5b4a31013dfd46d2470b78f4de75fb94dd"",""787001d2d6c83e8570e716512dcd0f5c3f850bc91adc27e78e660c661aae85d2"",""7c73b8f6e975e07a5cb8f12df65c27b782b8c02c900adb0c096a3029c8ae9d16"",""7e3c9d21c783232f0dfd378f0494dfca5a80620cd30b039c1c18116063443393"",""7f10f09debdb66ba49f7e8a6bb8a24342a3a9409dfa0b7b778445260659f44e0"",""84f41667a18c2230729d2e329ff1238a80bb390803d5c03bb651536ac8f067d0"",""8517445d294e214ea29cc7f0599e20d304ade2e978a84f43dfdaf82894a5c44f"",""87cbeb4b2a2b2fb5aa9ffaf0f4ec1d0d608d9a5603618c2383ae1fea3a592be6"",""8c189931b90af39968bb6393c569d6be386899e6a8e0d89294baa098226ce65f"",""8e03fb1d584ede4e58c27cfc4f1e42cbbef792fa1b7fc53a4742b69308e4260a"",""9276e65d4c4d1fc728527f75d9b80d96ecd1c90b2c81163bc609b903b6bdbe64"",""956b798f8af0e242ba04b19ebae4046bfd408e7906c9635cc9ef327b8c93b6dc"",""9720924f60318eeed904a7f39282e381fbe7cdac0ece3ea3542997e3c3ac8334"",""98997eb537f55338474d7d106ebeb412f694ae3d6f3339db63091c43fa33bb20"",""9d04497509e6586322080023487de91d7d7aa5dacbac2d56931f98ba76502f3b"",""a158cdcdd2e2fd4d30c9130a814e80a05bdb3ecc0101a423fd6e52acaf63f233"",""aa9031963ea54c23e394d6b9721e301ab581687987ee3b3cda44d81ab9181228"",""abd1af4ff136e8aa8b1ca8717e9e906f6e7e9befa514c23003cd2f8022867417"",""ac55f6a381054e3f511f02f6acd1165b5e675ea98b019e0c42d81d5bb5329aba"",""afd66eea578e25ce7d27d5642923f8bb6e87fca3eb63bbf6141d16ef50d521f3"",""b178ef9b2e0f210506c670479cfa030485dfad25e8dc4cd750831047859f30ea"",""b2a87c18e9598e815ca9d4272ae5226eab934355a68323202de0327753705ee4"",""b3f0045d432dda227c3c431048b97fddeef08fa1cc632ecf2c7fd2785fa77e2f"",""b66b1e40e0197de6a0c006dc309e64698eee008dde46280677cae46fe5bad59a"",""b8c925487e3c6776d6b1fb39946e36bc6a73eab21bfa76ea5fe861a49cbed26d"",""bf7627c266a3edd69fd99a9f033f1f7bca766eec4a9a720cd1532d958311c31b"",""c3864ded5b66e41e62ca29babfbeac5ff17f0c5988b65e8e0707a2134c397e93"",""c7001f209573e0ce4b96fa7116ad45fdc234d3e24a1673911afcf272a2a88876"",""c77447f39a4d550cb72782de8f102489ceaec246c609daf6ac7e4bdab90c38e6"",""c9eca69046a214b374351f363f1c3a476c68396ed1ef8720d9fa8293a128ae96"",""d11c57d4b61d1ed6863061a7b0ef72e5874fdc4431f1e1ac25d9e05fcca31edc"",""d144e9758dd6abfe3567093b91dd85cc39a5b94bc15e54393f866a7fa2281e1b"",""d4c4a12a9d2158115ced198741757eec17f56f2f1ccd26decb4d309e18478988"",""d7635f2fdf107ec8619ef2e31fcd0e877ee6a74edec180a1e46774edac590833"",""d76822ca8d384d5c9b97e04b695402f116e429574a9f58b1760b40019a999d6f"",""d9699f9b436038b30901f0bcf1925b28e2269f438b27630009cf125719631820"",""d9f24543c1e991013a448e45df7b91f658987e074a223133fec744b0e6b960cc"",""da5410764b8a33501f37edea76ec1a08f6ea201789c5b4e83ff731e1a70f5d58"",""daa3483ca6a6cd8d933e59aeef1c3583e6564362e8eff286f3333797ee26d3c0"",""db244874341d1a157a7ee258c08260dc2b127b287e3ffe4e49e892e03a31d0b2"",""e189af7a4d84d2ceeda2becf4ab4d6082070c76a5207eef03ff93af02f41a4bb"",""e974d3e82a14b3c2e369e8ff4868ec6761c2d1a806a690be6656e2e788a74886"",""eb025c0209322c4cecc10c912c914aaf4b4cceb413b2c88ba39faf43b8889575"",""ec86061a5bb5363cc6a797307dc04493177425c53019e997f08cdb6137086edc"",""ee0b58c31e7589aadced09dc7161319a8389150c2f1713efaf50011047abfa9d"",""ef22d1c978118acf226e9cb804ff88b071fc542dd9cd052a421e4702c28e7301"",""f2a4b865d748d0917e76dee9f1af5e269380171bacfe7faa81db91e225712348"",""f30fc580d07184ecd44d9a4f9608def37c04802253caf0cc7dd9c0a3a4faa109"",""f6f700a7b94491645c10ab7e8f4eb9597574999e47cbc49f91e3e0a5a3e69105"",""fd537066264f0b7aa98c294708638e4316b69af098408137f846a5536dd37e1c"",""ffb5c061f45f09d6444abcd6365c536aa1c25a599439ec7af9d7ef637122ac2c""]",[],candidate_unverified,0,1
98cc0fe41ef6b036d79020294a42d13a481c8a5f49b9ce82db4e36fc17eaa12e,1034,bma-district-1034,,entity_assignment,primary_response_candidate,6,"[""06d8f5c7853a7c5e6b6a63280d0cae2f1674cd323701aec3187bf407e8d141a6"",""20db6271a720f52b8cc1981babe249a19944d3774e9575404866527358395620"",""4684b490817f8b692d999b3ca868df5c43850de8a35e2c41afea781fe53e4ac7"",""5d1fc035d0fb46ce9ef367e881da1c24c57c831d12eb05897837f07db954d0e5"",""93ae77273f11fcd87f10ce193e482cba19effd097a4b49aa925538cdfddf3661"",""a918cc43775a706ed5dd05e85f50f96e0970dd018290207326e022e96493a695""]",[],candidate_unverified,0,1
54e47bd1ade6e398cf62b126acd690f50621ef8213031da07d8f1d5d84b4fd19,1034,bma-district-1034,,entity_assignment,support_response_candidate,12,"[""10dcd47efab3180390684500cae56b9c7d67dd41a2659ab6b025fa6924dce811"",""1b96bb7a753403de47f7c89944fe7a0cda4a0e9851c334ee947edc5db5312673"",""1e9e48e1482242e3dac436c5087af246d5ca868e3b81bf90ce8534c81a748cb2"",""57a7953788fab0fcc4de30a13d1ca50fe4b0b660c314b007952e6800db70ab94"",""60d02a83a35dc4177d3e90608244512630cf4c1bad90bd93a3ea416dadbc011d"",""6181009a8793a41c3a79696dea495abaedbf8c24c6613612a649d15b8c929095"",""89c00e0543e62823916d58ee1c8069db91d9ad5f02e58c89f3cf2196b4dabb31"",""8edbe207962de2df31ac27c91f06970c32a046bf393c19a486d0f5e92cef74fa"",""9a432465f73eb7f50cf039c178d1bf39bd6683ba583b5db259e284ac8108ad0e"",""a9e1bc1842fd1aa700c54a91436b72759c3a87a17efd53ca71059a4f53f9ebc2"",""b91af2ff2574fd7572a573e1a9b7731f3b33b7abc6ee28b7f2fb4ba72f68b93f"",""bba699219de9b1b829dd00b65f5c692073cba6ef7f9f15f36fd154054943a3c9""]",[],candidate_unverified,0,1
bcf6d81c4b7caf60cc1ca07e49992c04b91fc4ca0bf958ce36e1679f244c8210,1035,bma-dds,,entity_assignment,asset_owner_candidate,13,"[""15a4c139179ff01aecfeed66b7c27c816287ff58892ef6586410316ef47e6fa1"",""3ef3f0de82d65b26c13da2d9e79610632500ac6c410127f5b236c4ce01944c3b"",""4973a31845d1ab12d4bec46aeef590b9c360a8b08feb61eeb0f73a5b8f0f5cd9"",""4a095ed6ab8d82b5baa4589332c19d75ddce51cfca92d76b8bd575ad283b0ed7"",""53c96b4020b6cf7b4d39946c7736b17fb119bda7a732d5e1cdd4dd2ce04fb069"",""976872daca7c9ea6b5ed1097e09b161101a061a86b3d150bea10ab7ae3708255"",""ce91153400e1901b799329eca44a41022f454aede3bf86f08bff6de012039dd4"",""d1cb9359c1b86646072665c2cdb57c15754a88328878465bd7c165f2d352a149"",""da199804d8aeb267832a3cf9ad31e50f8a58aa71a6b205d322d08d46273b8eec"",""ee4b629e940c348b5c5249feb94d8b071b66e685d2c5c6583adea3a071e949ce"",""f6f11b92ebc09d5b10af3fa2b82157284d9f34e4a39f4f4fee517a3e73468a59"",""f9eb110b324f8b7ade7cf2672068cb964171122a6654e91654f89a6f7a83092f"",""fad44e2e963a3ad33547b759b8394dff56c09fa9fd1eb17c1cc82ecda0f95161""]",[],candidate_unverified,0,1
aeac02a0075b5527a917b3f98be39e1a9c2ba84fdd9e6c3de38b033c3ed4e509,1035,bma-dds,,entity_assignment,data_custodian,1,"[""28745d70abe96b7c25846ac4f5be2151cbfcb85bd8d0018d7b02f766b4df559c""]",[],candidate_unverified,0,1
c9dcd26f0678e1dc9825ac506bcf6651fbffc6563bdd49f072644a5f31269888,1035,bma-dds,,entity_assignment,primary_response_candidate,3,"[""6c1baf0f5361a769545d91b78ce8fe0cfb8ad8e12ef5eacfbc89c9a3cdcc1081"",""702be365d97540c4713d838a90d5db6a3d0d64cf87eb398b44cb710109e2d1c5"",""b169d1843186bd62b839f31bacb63f6b7088e24f9e1f1a845885477c001d41aa""]",[],candidate_unverified,0,1
3923d06d555e78e68587edfeea04f57ae7dcd2d462a4e1ae54c40321738b207f,1035,bma-dds,,entity_assignment,support_response_candidate,2,"[""4d7faf9cbb1bde3c7b6cd5a88957155f6f7fad93913d63eb5c4527604b06f81f"",""9987057f8ff38674aaef3a3f03933b64aa845d187d0dbd84d825d0887b3f048e""]",[],candidate_unverified,0,1
ddc34a1a7556459d510a6012cde9be771e5c5a1b40cbf91637cb57d3a3952543,1035,bma-dds-canal-development-2,canal_infrastructure,incident_capability,canal_development_candidate,1,"[""321b22b11b0855c5d89ab8e57eaaa63d68afc5ea1a6875a00ccc45be57be93ad""]","[""dds-canal-division-duties""]",official_reference_unverified,0,1
ca067444753e1706c2b6370f717e51064256d06a0f2635ff2168b140c0311280,1035,bma-dds-canal-development-2,canal_obstruction,incident_capability,canal_development_candidate,1,"[""bb4127cd582bc6a7d83331b260a75eae8336020189ed858daf8750c66ae490e1""]","[""dds-canal-division-duties""]",official_reference_unverified,0,1
82170f90bc9248ac12dd9e99aa113be854671448e995e916bed186c5c50ebe4f,1035,bma-dds-canal-development-2,canal_overflow,incident_capability,canal_development_candidate,1,"[""d04d8dbead0aa1d4378bb6952ff7f1a6a3afb8e50c129e85ab63525c8324a15e""]","[""dds-canal-division-duties""]",official_reference_unverified,0,1
9e392497b720fe452263fda110ef35434c7765c383e33ce3e8163cbfb7c6cf11,1035,bma-dds-canal-development-2,,service_area,canal_development_candidate,1,"[""ac1064d2227043aba72c61d454e56a56510043f1a39206555f631f04a20485f3""]",[],official_reference_unverified,0,1
f01da64d89d62e9136554dc19ac3e6cfb8ae2c027a98fc5f76ef496aa98061aa,1035,bma-dds-pipe-maintenance-2,main_road_pipe_blockage,incident_capability,main_pipe_maintenance_candidate,1,"[""35bd7df1f7c6a4e5222ee96457b6bf304ff85307be2810d564d190ec41fda531""]","[""dds-pipe-division-duties""]",official_reference_unverified,0,1
ed13e1cddae9f0f222b614f0484b792960da6ba4b0497390207ce92008988e96,1035,bma-dds-pipe-maintenance-2,road_flooding_main_system,incident_capability,main_pipe_maintenance_candidate,1,"[""aa4ec719ac2fcfd55d03adbce4d008ca3a206a9982744696070eb165a69b9266""]","[""dds-pipe-division-duties""]",official_reference_unverified,0,1
2e7ef5d0c459d2d98431758ff8834bd872634f66465fcf898bfe0cc055b300e9,1035,bma-dds-pipe-maintenance-2,sump_failure,incident_capability,main_pipe_maintenance_candidate,1,"[""6550de214a0380c22deae63d5c3d03caad121789dc41f4ab776276169c43effd""]","[""dds-pipe-division-duties""]",official_reference_unverified,0,1
e569d7e43eee8fa023776f42ad68c35ffecbcb89832b6291e7adc9fe3e09abd3,1035,bma-dds-pipe-maintenance-2,,service_area,main_pipe_maintenance_candidate,1,"[""165d0d782a2721f67fce2d4ab66bbabe4ab8e4519e687f28d587d0ea6dbb66d4""]",[],official_reference_unverified,0,1
e851944f3d73e2431622a2c71a886428b4d0a20d5a47425dff4ba97fdb70cd9a,1035,bma-dds-water-control,,entity_assignment,asset_owner_candidate,12,"[""18151653940b0c66c54fe24cfed1968d77661f6ec273d380def23909f41a27a9"",""28bb7dc57a35c68134f14daffc4d4f39754e668089cd8c91b786f8fd88a5687d"",""33c654fde577f88d6fc3346171f2fb57d86b8c285326cdc9a0e1f7077bcc858d"",""47a2c00ee6682f9d78d57954da95915cf3e05ecb7172d4c715fc0d125896b093"",""aafefd7e4fa7e151f50e9e4790750ad32be6767a174452b36f20fd3db82a393a"",""b2317df2cc344e091f44f16f4447ecf677017edd3e316b37b30398a35d0dcee9"",""bcf72abe48342c94563bc0fae7d718fb61096281b388c2fb5b9a47717804fe82"",""c66df4dd55db28a701e7f435dcb909a924c69170ed392d46b681307af2dca60b"",""cbd4b60947eff317b754c2c42e174883178d3aae01e276090d51dbb9c5a0dd97"",""f23ed29d03fe5852291f87aa4e9e2a03dc4a79098d5c9fcd7a3301fd2b88ba7b"",""f3f1800751a7cfdce1bb646995aa89777b4eb0421b8cffe97e9592d67a9586b6"",""fefc3cbcbed8eb005983244473cc00fdeb2d689f0218f46ea45bf224f33878ec""]",[],candidate_unverified,0,1
2974c31afdef82f86a9f46c2e6ad074fc115be92cacb35361c485054e63a6c46,1035,bma-district-1035,,entity_assignment,asset_owner_candidate,111,"[""00a3a38a6b709c4dcddc3fbf257058ed2d9cbdf09c702480e64ba8402cabd220"",""052dc06918aa3ec1292fa77a5b82d532540e5efc7c0e40e097f92930e9f46b92"",""05382dda7b7775ea38afa47a43622b83b89448226be42df9d8c7626b6bb031c1"",""05dbb7a1ff821c23a80493f06f5c83640df4b97e5d7f11761d0e51102eca8125"",""06afda06e8a1868ade58a8be8aa00e85fc5981aaf761d8a701324c635e04887a"",""0a3d52a2fe303df4735d61237756c3fe532c17f20ca768f731b2340b3ead329e"",""0a703f60ee0c3b0a14b1ae029a8e260ec528b2d58791698693e46764ba8c365d"",""0e056228ab82d889460fa1effda9ddf15b0f5b8eea3405feb819ab16a07deef8"",""0e132b490a5ce89e22b456d9692eca70a3cd851c9197a0289ebc31db505a45d1"",""0f867ed211d0018283b51ff7c80228bf64987c63464d6d0e9f1643cfd7e75ff3"",""130fa397d6e1b6eabfad5c6c70654516eb063deea41c7381f2e108819972d55e"",""1867b61d5287204e86e4f169d08b5eccdf5bbe0492fc660867e8460b900df305"",""1902297bfd52dae309034325f3b4f453b12d6def8094b3da496273e030196ee7"",""1ae16e8a326fa828d4d818afe8553374b283e41d036c6ae74be6d04a851a120b"",""1cf626af4d6e40681eff01ba255f9d7efced3bfe4acc29582e2032bcb9acb851"",""2125505c44cb0ab9bc255c10a5c2e965b22c9872ee4fe0fabe59ed49c84ef179"",""21d123dd4231722762da14c7ebbfbca0e46a639b12c20c74eb4efec6e60b6266"",""2599a8b0a20b27775fd0208a95c42099156fe026a03b1cd617f5c88366ea7ff3"",""27d41d8397b31aa338a2480a9e0e83b961e15c802154dd2912358820ec027113"",""2891fc08f0e9abad3bb7026d32463e56e56f8a3d09c1737e6117c3db30eb82a3"",""28d0bb0de61dfb5be9b8d94818a1ff9f979936a5471669316dc2dcb5733e7fe7"",""299c07d5832f384e6ffffd948de4dd4ba5f81c5fbebab4b8b2857867abb7c2ea"",""29c823cb1490b53925f55b7c2ce9c4807957921f2ccf069b72b39572a0ee0215"",""2cbf76ca8df0b21693ff557ab908ee11ee4377e31ea975371e710f3494e7d62c"",""3127383470bceb8453a20501bec5641a008a5507f25976a4b68ffb8bfdc1f8b1"",""3540371d104c6357a82fd7cef175642e1605df34a273374f6095c5325045db08"",""35c359d70893ca4942ba172429d6ab1cc6a34e7f1ad5b9c05da0474270df747a"",""376eab0dfdc0ce2d16949393b790b78e2b26c080a7670bb3ec8543c368aca34b"",""3837abc412e34428a5b645bf7423cd628d9b1b7e3caaf3de988e09537435bce1"",""390fbed9dd8dc10d72e26a49083124747c13fecf43294d8f1f2599fece0d7a2e"",""3a23fcf8755109b49f94097772fd39cfc64c48eca59abdfac50f31fa4c88007c"",""3ad26ba674de89c6ce46e8e4a3d1ceee9c80f2dcd75ac52d95aa6869dcc428df"",""3bcb877ef0e6fae5678c10f62f95aeb26e8de6e4f29942e3d58c1b8432fe3d06"",""3d84dd741299b6b6857f901ad429260fad3f195c366f4beefe1c93e4e71b6fef"",""402ec370cfe0a69bcdc04af843e417b7cb1c5108220a424e98fabf975290a20d"",""43a8be616238776596ea59806111d0350f90f1383e49db74d4443ee4065b7bfd"",""441436dd2890b310a6d28bd150b2aec2e58122655835cded04bbe1acc278dd2e"",""44ee46bbf8ac393d49637dcfee3abc648b653c2d99762b18e67d5c23c14813ef"",""4589a73f1e9d2d83c6b20cd5b60ff1e1d3975ea5ec1a1031cb8ba611f070ca4b"",""48871c86c8d19c15e476553515d29f1c256a202a1aaa62ab6e0c6ff8e5da9b9c"",""49da2910e08e24bcbf5ab8c9f0e7136d6f47e23c2126037be33e078b8b36c5ea"",""4a7792614aa0bbee4c16ee1d8ec088fa16d1b1efd7ac6d5577096ce34fabdf34"",""4d194f5cdba77d0847974f722417696ba69f489a43b18793660605fa07780220"",""4d653ad12a9ade24736cce2fc422d2efb6fc5c596273b28b8a4814174355bc6e"",""51ff5459543cbdd2b80315c09d593d2194cff1b4795ecd355b7c1005ec58bf23"",""526cbd9b1f3b1fb5fea6ab8a10b4851dd2f5521ff34e059016857f75a657545c"",""52cb4fbb1495e59734af11ed3432fa9d165e3fba79507524084cf065d12cc76d"",""588350131b1369ff85530aa76c2625089135014e9b5dda9d86267fa0ea6c5d68"",""597d574d288415fd43f1dc8535ebb699a99e206b5eb081d00f530420fecf748b"",""5d93ddfcd645d083710ce60286decbf3cd743cb1ac535c29452f35aff7f82929"",""60873fd0daa7ad2aac8f14cc27ac2085438dea688ec81f1401098e99b4b142f8"",""630940e323e0b607f47c5d12a2b27901db7aa4ef352a2d45f23fe5ad76e8a1dc"",""698fe7833d01fd6447217e32cee2d985cfadd28d7584955227f80c71f419ff5a"",""74123e8483dc7d0bfd9098ea08c57b1f529612eec50532e876f29dd18b51d5b4"",""76e956e9808288971b87aeb2acde6b5e7f2992e9f50c80e85b9643533a886818"",""7f22acd07bd5351b0e57a54ca0b1ad652a7ad521ba0a3002b39a351e810961cf"",""80a185ce098d10a24f6e6bdeff1ca4b4661c2e19f1c65dfc3eea3c81b8b6ec01"",""8110d466c487faca1f4630b0f826984e55104dad9bf9be8e32cf4006bb4f8a93"",""812a0090f38208ce28f0aea22dfec5d5132a44f97755fdb87c8fcd49a0c183a0"",""86e0ed69ff7721a5df682a424c89690b33f5fe9c12ea16be9f0e8e048d718bfb"",""897b0ac6b4af556e50b0596b12f7ffe27d5feba9deeb1603d3fd8837ffa79e9d"",""8b57189a5ddbf1b14c8ccd7c525390c1cf5fc5f642a5ddbe22dd4fc47da06a9c"",""8c674b20fde19d2c4529c8867f55993cbaf43d279eefc4285ae612a6ad306161"",""8dbcd3ee1d03ef5f7410ddfc9cb508092628a0949e3412d314adfbc79cf91c6e"",""8dc2f4b2d78531df9d0851d72cb03136d73181fd9afbe479de11359bedfa161b"",""8f777920a4007ea5ec8988dc2355dba5b735e43890fc35d98cbc8a816f354506"",""8fe1f55270a4442394798be96c5c642e03afecef01fe08b871dad0a2316b7c88"",""932c8d8cbed605ec5a0a2d8cebace24d54ebc07694524dbcfd66455ae9aab3d8"",""935343f0dc22848114e97ca9cba10e8fe9e79bc4aec326cf14e23501839835e9"",""99abacc12179624474f18fcbb7df1baeec3547034822d434786f567762710d3f"",""9bbf2c2fc64a3d6728d232607ce1084ff58faaf8a9430de0b1290cd17608363e"",""9c89e37be177deba39fd699be5b8c442bdefcf15b02899f55001d9ab522c459e"",""a3228f09450b9a2efae221fdabd6e538803731f4a7f4854e4e64f6de74ad77b6"",""a5e1d030eb80a94b734fea6597726833132075d8e52c4662cb9a0fe99931fe3a"",""a635e39e2be1fd13453c4368ea7fa4f03e1a9e3bea680814aa403e2348750fbc"",""aa34ee1f54a4b8bfd5107327b1f5765ced08e8d8cf89accf01fbc9337084ce41"",""aab8c7d6008b68d1a3311029cabbb90eedc441017ba92c7deb9e979fab791d50"",""addd615d28ee47487336a03b76328cb7113af4928e876fdacd8a76a5d6697889"",""b1f14d939f0b47425e79d17259ae5c8473c1c66ca642f50af8940a4d847917fd"",""b46545e11489e2c8c74ae392c74aa46e900c9b87cc78bf084c71f6095a9519e2"",""b620666b1ea3114d27075c3ebb28b0306e3775b3099c81c31b16571a70c05d81"",""bcd06ee877fcc8da158bc89cc3e9ed3f6cd2e498e846c9190698086116354e1c"",""c0dfe1f849dfbcb47ff46115eedba5be8d2b8c3bd31425994d2722469636ac94"",""c15a21dbec49ef21cbdcee0fc6f6ed21101fb97cdf0014bc494ecc26d548e7c1"",""c17183d0d24f2135412a2e398eb862d77094a22e5a8cd53b47c0167caf4dcdab"",""c50b96f7c50f14314b15df263f90b05170c1553b2ead806515c41725a3a32fa1"",""c971018bc719bcd74f9b03bd442c23b0efc6b51cc04cdd97fe3de7f1b5e8f7be"",""c99c661ff0c0828453d8115ea1c9f35d995a9b8cf73430e1cd2ffc4e18f34df6"",""c9fe6aef082fa8581e15a3295fab9da0903cd9e0ebb34b7170f63aa52bbcddd4"",""cbd68d9d2d4176db42fecc79ebbee2e144f55ac3d4c6dab8b71319bd6210b9ba"",""ccc8872bc49495c67cfb7d871a4e8c08b241fd31742e2c0151e3d004c862d081"",""ccf8934d486f6afe718c5b5e51353ce0c5fcfe33c6b96738718d97424fffcbe0"",""cd03c93f3c9810fdf40d188be5ddd15bf1ea2456e50a3dab0d8781231ef52d5c"",""d1463c44c887fe1263cf09e2b772e1a3caaea2f03a6e124b70ef687b72cdd4c1"",""d2fb81389def7626fd77b48b994f2eaaa108126c1f79a64a94a0ddb04cbcfc34"",""e0370146e566de7627f7f8a84048e4e40be83e40184242ad89143530b44395c6"",""e2ed825436c764aa6925f65ff484e6e6787ef709e1c09ee95482dd3827b74794"",""e9fbb13065130d7453a15d77b21327db271b5644128a18eec3d30aeef1105864"",""eba61190bb52950087acc9146ba248500dc08c2a45fa6e03660695f1986a47bd"",""ecff65a33857146d7485d5366df27ef2e60b99337c1c88981e0bcad21480bcf2"",""ed9171cfd02d3394a2bbc98f0ad70c90020e0dd31aa22ec565f376f6727f1754"",""edb47d718eff361ea5886f9514446511eecf237e0029792c7409bab2f64abf08"",""eee61a923f73388742daf5c4dcf6c8496d4541712f563234f8911a348bef2bb2"",""f266e3a33cff3415d1a31c06d265a9ce52d5eea5d132b2b365b47ad5e206cb43"",""f8b79c2fb7cb201facf4251065171aa08142ebd3995320fbec059a3fc9eee272"",""f9006bf375c220dee798ab41de6b47b065dd66b3101e23d692f42f45a72f903a"",""f9f12a364cdfa7d7b53b90f38f077b2d9451161867ad5d7d4e0f8c97f9deadaa"",""fe61d566c7c01626ccd5db85aee2047c72ca1ae97cd30119991dc6ca763f4909"",""fe8dc18c8e49190a6b729b37fb8dba607450575660b03053cb5af892a8a1011a"",""ff425ff85b91e492e96796c777aaf8ed6889c2bd5fdee13641244049ec564ce1"",""ffdd27ec991370daaa9f0e1f026919a6b2cc4bc26f145698f5e4ebd3bf6326dd""]",[],candidate_unverified,0,1
82e959674ef0d2937f0da6dfa671e28184b5e6d993c65389bc87cc2df4e9e5f7,1035,bma-district-1035,,entity_assignment,geographic_jurisdiction_candidate,174,"[""001cd95697436af31589ff693b3270774a1354cbb2c3b8b499e715b52dc9ad95"",""00498d6b761e9bdd58360ba1fa9ff94b45ea713123fa69ea344d4d24c35a79e8"",""00cf7197ab7441eb7937c88c9becc507c048fb46bc0ba5f6bbfe03d56983371f"",""03dada4bd9ad5caeba98039d8fd3f9eabb163a3925a98e9e0141770c1aaefdfe"",""0506c9fe47a407e76f5e1d8086b64bd164788d461e5e655cda0e56079cf43031"",""05742d6db1ccbfb39fa63785b481a663afc6ebbbcfb48ce02d6693c41158f389"",""0809478dacc2d64e57211e1b78266bcf16adef8db1f5da3235cb50442afb25db"",""080959eb3c2c7db6b98c7a846842768139b69b1f808d201e0a7a882724850eb8"",""084da1683389a9c02c4480da0a82b7584c9c8dc74ef7ce41e1c5bc61494d4d8b"",""09141ddd3015d4468640e6b291b7c1ebe280cf4f105f10bae417390d49013004"",""0ca6a80f22451c23ff8fff3b881ac27ced7944d6afe076a764a503d1a839b37c"",""0caf8feedf911baa208509b5ee2e0964a3d4a9fdd99ea9a7f630694985a15cc0"",""0f19994990c3ca662d07578f4e5908622807dc84e61fa5995e65344e44ec7f51"",""12e0638aeef492c1749437f8495610987105c91ea7dd900f6ad05ece8e9b968c"",""135c092f13aef18bd669ffdcfb99bd8f715a9efa7ab28503a2efc9cb4d88ca5d"",""15bf395b8ca43431440ac29d3b4e69e112e81e50c8e123d56ad75c93b2fcd128"",""163f43bd85cb7314416d7736508b3b2fc56b3af26ebbdf3aa1c1dacbe573a912"",""17c2e57de06881a397b86e1a1091d5c83d9911eda2ed3d36fd03a41d67ccec65"",""199ca093bdcc4bf76cb23d259562c890f1fb90c4305d5408491dca0759078377"",""1a0cc125320afeee11225c292e8bf91c33bc01b946ded40783b689e305791f24"",""1c536d258661035b295ad361fa0001cc4c94f32f198e2c7180323a0e5fc6bc03"",""1cb2f01550a820db9f84e91f90d9f99ae24f54c7b9f8f507ee971b306b796a9a"",""1ecc116e9c23bdd0d6baa8047fc4aba224c62280be1c91ad956ea34239fab750"",""20f2ba9139827d8de178ec8efd4caf57344348b3c6b15f2ecf49a0315107df15"",""21fd59ef7fd5c86fa5044c850c911dd9e0295dbc0cb56045783eb881f8c84e98"",""24155370e582c250e4e4b61f1e46269968159a5da144a790f66ffb5720aaca94"",""258d20371531f1348557d437a900905f028a13b659bf5fe895d7c1ec8d4e683d"",""26cc7e678cd9303b68340f5e42a16405e8805d43bc0b65e1002367200d13cbd7"",""278b6945f330827df10ebf86a5ea18aa9d6cb0d1618b8efc65d7ca26c179229c"",""288571bdc192c9b84f6fe0efde82c2840299fa1e61b5f57ab549f2ef3b5c806c"",""29c571d3c8d421cf1d9b6951e2227547275012e22825b50e4ba5d1489cb82705"",""2af10a2f88b325f89d418b26e3cc620d0996eea8809a5aa1bafcc479e2024007"",""2b712ab69c6d279bf53803d94f39d919995ab8641c4d5baf9f104e29772540a8"",""2be176c49f78e7e7c8a44572f021af9cf7624034d6fe0921c7fe45c3e4afeaf7"",""2d72a74a4c667efb4eb101f712a590304cc86c3b85304b852d97c821df8f83b1"",""2fbddd4d0f59facc2df526facbf3c285b3c0f685da2a8e8d44b3cf70e0541cc2"",""2ff1ef7439af5bc3a4810a61aab4d0c7ba10516776b60a3d8f260a5a8df5e622"",""3024de08291cc52349c257b233c928874d31c2b7eb5fb64049f70dbace8f37d8"",""309953ac18605d481551921d06a616a91f2a765d8c327ad256e6f611d3bbce9c"",""33d86764c03c1b317bc7261313c90d6a6f7dd46f60643d480731ce363f8b8d7b"",""35b136733516d5384d35a067f9bf81953618915d449b146c63e43f3b0768eb63"",""369d42ba3678663b72358825ecebc4a854f7eeadfb5ce918e151dbfa7a2cdf52"",""36fc94ad73493afa7f38a86054c829734656e424c0813796d48dfae7503bf4b9"",""38e65ec3d17441db2ad08d78c7031a2f594ea0111cf70c18ae966d89d849360e"",""3ae60a228bcf613a838f952497926eda8e1874313b676cc2db9aa669a7fec53c"",""3ba770efc6cdbc65c8ca75347ff22eeaa72b25ff3f070d76a4ca34213646c9ad"",""3cb07500a3f779fb0e500c39460a1c16313e5f3aa477ec772ad674d5a4f1da76"",""3de67392aada1dca4414c8f67151cd2646fd6b88c24df1fc65aed0e54fc290b9"",""40f4a0134404d1d09d2d760d25fba0e15138c665905072bbbc53b7c2910137ff"",""418a42219ddcaed5028877245f1eed200b5b6de8942bd9fe91838cce04b11bf9"",""4239db4ae1e40adda5f4a3efb50bdf88166426a70229365ddb0f76f817290c58"",""425581f468de0538ea512d0534a847996492b7618e23cf6e704c2d895cc760ad"",""431aea3c63c46be6bda810c2a1361ef52e081b07f5123ec44e15cbcaa3797b88"",""465cc62b39a367cccff204f99e1f9f93dec3ddd5f225454cbb2640df41bf0ffa"",""473f10e9cdfca27ff4e93dd124d214ed4548cde1d87f7f412219d510115751c1"",""47ef16756c75d35add1ccf1b216349d2d6b6e483e2524edbdca15655b9a28818"",""48f0f395a3f9b7c9fc32b7cd4d2c73e79a844e24074d163e9b694bc7f6804068"",""4a098485cffcd4e206194225bb7af7c55f4a090304e118aa8e4ab7418d29d29e"",""4a870d5cae9168583df0375d62b9be9e576fbb1895c372ff402eb49d2ff24290"",""4c397cb1276b776e2452b6546cbf8433e425a739c28378fcee02a90ad95a9c1b"",""4ddd5b262d42df2bf24b888faffb423620f9c73542e82b97eb74449e9a6a21b1"",""5079b5b089f80125ebcb913a883b2dcb51f1b19f2a6b8c1da45e34f88ef725f2"",""515d583700ab2095578115230683eaa2542fd3c184592c2d2076472ba09dc6e4"",""51b9f2bc675ff769c4a71011ea9a53d2c09738de6bb6dd298a47263fcf303c18"",""53a65e9b12dc8638c9ecc3f37085663e08307213b8008dae449d6521e4b3ccb1"",""570364283c7ceb618f095356f745502b1334d22015f6e85feee1b5c5988f8ae5"",""5a5e1d691b30a0529e1b49b80c2a2d9b425eef5e3f2690a485322e7657d21d27"",""5cf6ce5d2101bd8f11bccc839fac9043e46b9b3bfdafc043885b87c34f75e637"",""5d086a023e6055aaee785a629b90cab2818226cc325b2c250662fe080d0ddc67"",""5da4ee0aa42cbbf6ad8d1fc23456a5b20c12cdca5726abed4726b578646dfd95"",""5f2fd69bce7b4b03a891ed9c017e77f27a314c3dec8ff4d59906ead344b8f652"",""5f44a9fcae20f893c76a2e0b77e4eb1b420b4856ef60416dee226ea515a6c001"",""615197c2e1b9bff7156905f2e4c5467cc4d4685ac56cecc3c8ee32c369d956d4"",""6269a46b660426f05364c4306ec55bef8057ed920dd415688b896ca0db3d7a83"",""63bffd5464ae4b39c4871e5a6e2968c4ca6a27e4f3899e6ff8073de465a418d6"",""6460f4ccb2d380c0056f277f49ff5dd539fcffc1187e5ef5735079678d2c7a9e"",""656625ca4115d3bcd599cd5897bc46c5b23ec608ad4b802b37d380b16c80c156"",""6bcdb40f31699035a6b53a4ab755c2f54077a2209dd40fbbaa715b5d7a78b1c0"",""6d8d859a319671c09aa6c4febc8224a3a1eede7ea6f9e2eb8f5729b57e1f2f68"",""703333122d4dae435c48d2c1bf4e8b8eb3f0796fa8011bc02361e217c8299bdc"",""7370baf589755eca273beec0c24558b4c51b415771de08a27542fdd52b4b6ed2"",""7381e079f5a00b59ea8d31b2589fa99d0f298aca72964778f9133484624135c7"",""761e5321429b2ab150cbcd0988d777ad734a0f9240f0cf2284d58ebb2d8290e5"",""7715528d86038d6dd735c8a7b5f5465c6f9eb797915c533cc6ce6c4881902e4e"",""77915a2f032b94c91de2923afef2821c12ffe3f8dd82136187f25e439d0d9475"",""782274858ebc6e2798150494f1586e8b67f487154b7e93d37ec880b4201f5d7e"",""81420e6fa3a0d2fbafd787f0f8d9b0b9e06158e132909e440445e2472fc9c1b7"",""822fc3c4f73d7634311bd09d30e603cc51491aeace1e410e1c486aacd20c41be"",""82fc0f7987cbb1ecc2acc44761ae0a94e56a08251eca5dcb351315bf44c1ce90"",""830e633472633db07889c0b23c89d7cbbf8280c00e1e32eac78e44342011f4e3"",""84b5ff900d60b6c5e9cdcde1db067038b61171a6d9a09f45f4b82f8d05b2041d"",""855f3fbb45bd6e1418d6d96b07146113d85bd0faff12dd93b4d370e47eed8d16"",""895931c20ac1d7621518636233bfca962a2f20c5c756121b51570c6a0f16a855"",""8d90e29c1a101dc093df0790df5bd3c2f6349cc027d51e3e654887b8f960e239"",""8fae732cb0a787e60c3285c0b1042bc2d7b34b4deb7d00463a697e1c9b81b107"",""9207a1a8d8f869959501f2b678215d442a1ef74d55c69de90b8f21f5a25b5d9c"",""9468d0d9717462dac4b2bb7ebd2702ffb420a8e2898e62abde8fa82e11b9b096"",""94ec39ce9d67bd8f9390ce2627ae30cbca18751ca5104d8015cfa045748ecd5a"",""951975f4cc1a8492caa80b0c7d4391220de89beb5aa88f734d3389ffbe3957e2"",""9525b52e7cd0941e740a512ad169fdd0fb5a5c2a3456eff388c9c23d810eed04"",""95568b728c3e57735a09927c19f5dfed8923302f9a09cddd6bfc650941a3d20e"",""9811f73bacaa5f610e7d0fe2deb508c72df101dcb65d7246e1cd237b99905f99"",""9892c3c2bece183a31238651b027c4f59165e156649248a9d64c1f8159663a21"",""997d39139b25e19d83594548b1a4cd846e4aac37914d4f1a7a4948570dd2a0e4"",""9c35b52ae51ee8cfec4a768ff660b9cdaaceb9453003d7767c2b17eaf721cca6"",""9dcbef292d890f772f49cf05ec708e5b5cc21ff262ee9279d63e210b885c15a6"",""9eacbf502cec916c4a80ea29f9511924f7c7c703b0df55216b43f029fe98220f"",""a0013b4368cb036a78958274129259e2eabc5258f4740418c656d16f6e195deb"",""a006c0e10261191de5082e62db105895dc281e43ca791d31399d56ee55d11d48"",""a0391d7bf0ff1f71a40457a97f8704cc6dd708f004b8871d2ab539893184b6dd"",""a05cacd6c30195779e8d3921102365ae82b96d333f51378698c082ec7516076a"",""a10f61bafe21244629e0f8d4754dbe6a8a6b5caf82db44ea707559a30998aea8"",""a1d09b4a8d882fea5204f5fce093a76e9cad5becc136cd4a97f147927fc8e1e6"",""a27c628ce22d1eedd944c114eac4c46ba527deb83ed744140bbc56541d74a86d"",""a358ff1651b3b53b5af4710edc983907bd7dface3675e9da64f748742671ea69"",""a432b839d17743e9af9c86ae7e6d2b41e50a24e15c1fb8e862d0a846deaee1e3"",""a53d9ddd4019dfcbb363802cf0703494811a1c56d8d45e6d679ddefb7f99a65b"",""a5e41e8cd6aa104ce31498134e69eb3c118207ff86405289ae035d49ab7a26c5"",""a646edb7d53c07385d0623b70e074a1c1e86691ae9f2cd334095f52064fbd5f3"",""a6eb7397f5e774ae5ec914bcf51df78edb7bb543e4d3ca5f23c1875f0ec13ddf"",""a803cb0d6092702a136acf73b62dda199339285873cbd7a9817a5d7bf9e2129e"",""a8af19c0dab247ee92ca3d83e93c4b54a55b712fc01e926f3dc907aadc56b691"",""a9b0963d945243d69f1fe3879543b5ed8c8034b0568769b28ba1543d43abba36"",""acf483249856f9d582aa5371dbafdd2d28042c5e3cd6e04309ebde23ca79da92"",""b14d6d8864351215b505ad4747670a9c2bd8784a2df7eb5a537998a8cbebdc99"",""b201e1221e1dfe1891caa579e960fbbcef3fdfe7b7bbe35ad15a0cd6fa2b38b5"",""b230b2d6f09e179958c186f1bd99c0bb157c8e5456483ca77582812136e6d875"",""b4d37c28709ab1e453e3d86236fa29f78dd80d9901810bcd2700144e9c0e1604"",""b5633c244222b55faa25e1c9b40173992cfc5638347217dc83c07a043b20f2e8"",""b7fc03bf522ec56632e144326f60ec6f31ffb5a0a857573cc638bb5eea1cb618"",""b873bba8de1088283cb6a2d535887ad49db21bec8011aae2b1e1fe189c5cb8d7"",""bbcd4a9765e3d7245fff6ae4f5e84469972d3f27c1e264146ca2e7608b338b35"",""c1881a745a199ab1801969dd4153dff872d508f701f70857bc2d08318562f6cd"",""c18863a9c2b53d8a7dad4666d321b2c145348149b4284b40aeb16a9de1142b8a"",""c558e02ca4ad263a4e62fa0637f43bc7b612f5ab925f2b1e30b857e4f0fdb071"",""c5a1ce8cda4792704adce0ac57511354a854c4b956d15c4277c62c2d600a254a"",""c6c9e3e2d8282cb8a845b31a33d92632ced39a7fd85263049fde309a4aded5f0"",""cb1057e4d9bffc07f4b579bd8070c78877fb78a57b3576d26526e157bcb1bc3c"",""cc6b5ecf448c23f0b139218de79395326842e8034666449b7e71b16800956d2e"",""cdf28f64058dfe16bd4c080011a2c9ee6ec9685677cc694b9099ea217a8f909a"",""cfbd7357b77389b5abf2f9629d7a9a082de1c91a3faba3382c75995a3687a111"",""d0474fc8689e3cfcddb64019ae5fdf1d08a3c3d534e28a02f290c1c525ce0f4f"",""d32c5779b7dad7b0994a3efbdf8d113ee0ed1c401826345a7ab85c708b9bee16"",""d3c90386c39ae7ec50e9bc0d862851cfe8ea8efd23b3b62983ac86d7c22ae055"",""d5a52cb54bc5f80f0bbf29d036dfd2fb0fa0e6706376d68c24f4c0a54fd0eaa0"",""d8202c8b910bb62124e230496d06a8112e52631c9f6bdac8d1dbc85886eaa4e8"",""da7ef276a8fbbd38711feb32af978f068c1dcf315c4a9ce116a129a6f7efd01d"",""db48bc9c16277eb6a1db24daced4a00aeba1fdd60fd410330db8fb1446253464"",""defc52041d65dca02807eed8c0da0328bfef0a49185844b952bdba644300d84f"",""e062973debf6e735b28a479ffe28592e4aa41a31ce9e921b981aae5cc9730e10"",""e5e123cf97ad2c7879f4a2b6bd0e1a8d510c6569241fbb2e6d1d9394c9483c54"",""e98b6a1c89bfff5f785850ea4b24f05b0c9702543b011e7ba27bcec6d2f91b8f"",""ead392f7f0f8d706c049d67a98b0950e4c851ab6a4814c2ea862fe919c4971f9"",""eb7ba4460b47062e7de70dbd8f3f6df69c1c19e6d0598d36973dd033928149bc"",""ed2b55e4fccdc3406761c5a934adb836b72a11d750d805d1da497804f8090339"",""ed31e14f10462c58dadb8c02b4b256d53ffee21daf7633fbfb119321d9d87557"",""ee0b39b5f342c134cd47a438d3da232945509692a8d0defb70e0540bd0921439"",""eebde5a79c89f6b8fc9d12fe6911d2fdaa982ddf249ac85d9930c7c0883fbee3"",""f08ce65181af0cc0152e975157ca8c97ebd1d84c435de0dd40a6f40f576ba471"",""f0f300e38a36238cf18755311d35baec6a6a6ad9f2df425ad72c8d45012b46d4"",""f127d454f4215ad6db70061c5ef712e497d5fe6bf22f9693203be66d95f5318a"",""f1b3b2fe742c939afd784c20ff681ab321731ecf9502ebbbbb5679fbfcedcbe0"",""f3d342ba967b935b35e9e81824d116f53168de45b1e2e55112f27743c3900acc"",""f3da98b65be7d4e2fba2dbf6dfc813e208e3f9af7aa9979ebee39f517a6ac852"",""f3e2c3df805635e7011dc71e52cdb92a93cac48367969ef6691137e9b11c3d4e"",""f7c0493e0075e87d1aa50478d97e1008e299f46cf9293a3b928eb1b84fb1d339"",""f86bada3191a0ae2f77a8bf8d6ea51f48d7103d072efddc6b8e791ed6cc92a11"",""f97c64ee591f84d30c571864783c2f8238323a7decf777039c1923ed7e55c62f"",""fa8c7c9ee77db5f617f21f4318325ff18a763af3421ffcc8f187d479fd2d545e"",""faf12fe8c8f606bcdc363bf07a136fcbf39dc22fbd076ad371538637f0ab5cdc"",""fb04d92283e9a2f329545cb4122a6a3d7e202bdfeec1c6d58fa06fb42d079451"",""fcf5eae5a2f3bb6fc319720ce98605030eac4d6e609c46fb755bd69551993989"",""fe685a97b30c835c46b0ebd1f81e727f712f2980aa706b76e73fa0fad01617f2"",""ffa95ee84b0b984be2e265673caafa9a2c7ff27a4481b398b88f1551951bb66f""]",[],candidate_unverified,0,1
9322780f6851c6646c072568322ee2a00ae39797eafec0dd7cf37bd72a47a08e,1035,bma-district-1035,,entity_assignment,primary_response_candidate,2,"[""039f641dc44debadd25c2282c887829e0c7e2f7c14f5709e9c5166d06323b0f1"",""452c2196fc1401177d60c46b0a4d580b35df88aa821072fa78edf95af188fa9a""]",[],candidate_unverified,0,1
abf190527b886a120dd15b84d3dfc02af4839fccfd8adeaac6db19783c426fe4,1035,bma-district-1035,,entity_assignment,support_response_candidate,3,"[""09b0f1b1fbc19e2f98b4e761dbd8abf5ccf334a9cff473dff570fb1017ff4c3a"",""b68239b984410031e0ad18176a6fa853786e8561f3d2c11e7de091b42a0460ba"",""dfec1cdaab38a860963e9d8ff228d39c72cd4b09fe4d896ae2dc35f4e1733927""]",[],candidate_unverified,0,1
cd2bdf13b24d72bdd19979d99e1e267345311f6154fd7496c24b93969bda9dd3,1036,bma-dds,,entity_assignment,asset_owner_candidate,5,"[""2c99fc0b62d3adfd6745673eaf089e0c92a57298e8a8ef9d358502e09feb0739"",""3635f9ecccf34884b29f2bffe0fa451045bfd76dff6a84c4f251b815f79ded73"",""73a49d6d0a2e975e9a9da50c39657c900a9e829729ae4b4422adbda1d2b39211"",""8a996be79c030d960ae14f0558cc0657204b210121fe21fd984b6345f3e0a7ab"",""e993797d1840fddd21d1a1f6401f97bc9bd810481d4386c1358a898c1966c7d4""]",[],candidate_unverified,0,1
128393aac2014a307e75100d59718745d4fdcacda0ee2d9c62b98ddaa6d3ffdd,1036,bma-dds,,entity_assignment,data_custodian,11,"[""002f99a9fd56ab708054196697122290a017947cd18935eafda0154642428fe1"",""039dd56824259c26e730e813e1d4072a43614a9ad31d6a12cd28d053ac7af6de"",""206b2aef1d2f3b33d08ea49b859e235219a04b28d6eb4a7db39ac2a1693b6516"",""28b954fd9987d9198187bec2dac8614a05988bebe97f9bd6104754f3cfd5c315"",""3e98bb18d6778da96608c38d35ace78830c0074083218570aa34b5d2f5b61f1f"",""7ba839f4308970a57a99f73ef1f9c50877383d0c2a4522f07a09d1651aa6504f"",""b93833c445849ed57939f1d6162019c78c2f65e0e1b34eb30abb1af86b934e15"",""bf940254a70b62946cfc7bcc800b1b2273b0055d405ad97e4d165e2fa585e096"",""d1e653f88e9c254fd15ee5c2149bdbb369fea554c0ef7a35237e7a3d85d05064"",""f4ca09aa3573b8531e8c4781887724d0d8575ee20af0f87988dc4a8d49d34a82"",""f9f1119c44a0734e8eaa4702111df8a5461f2dd7cb97511e52bee09ae64490b9""]",[],candidate_unverified,0,1
e809b4408ef9c933e62cb80f51381deb33574434eb9f1c1b237a8470e48e01c4,1036,bma-dds,,entity_assignment,primary_response_candidate,2,"[""43022082a603d09360fc43a35f541e821da3f53fd217009cd3a0b802276fc969"",""ea794a025a2889d72fb3394582e45eb44ae61f142c4dabc32e2376de2f70433f""]",[],candidate_unverified,0,1
88df09fe726c1e47f14b5d749cc2eebdbe84ba63f20a1159f2c10d81e78b5580,1036,bma-dds,,entity_assignment,support_response_candidate,9,"[""0315c1274ba6dca90f8a2c1e365f167b11eabb3873cbb899c71f8d8e018ff679"",""1131654e15487d6033165802e6acce0a7ee6f3671ced3cfb64d138d100e1cf92"",""3601acf0f66f47435254188c57217e096a4bdff3ea752985d8b8a3b3ead5db4a"",""53def648a6324c2eb99ab9e8b0c2e274fa0f7a00ffb429392a0ac0595db157fa"",""7e9096267d8f1cc6bcd0899ca3a9b93bbcac264144ca3133d04ecec91072b696"",""a0a79dca37139d5731482689da86b29161960d34a48e7cedb7c69a80d77ab3fa"",""c86eae11af44e42ed19db526c3baa089793a8907d1c788c9ad5b9dc6497684f7"",""ce22a004c37a690f70a085f356bd8022bd1cb07ec4a33098395c0cbe2f8b847b"",""f6cf3c07309acc90f53847377415ba28ec4c7c0a06792d04d302322624fb89ba""]",[],candidate_unverified,0,1
7f78d856e9177c67f0d21e98fee21a669b8362194530bccb6fb169c5afa08516,1036,bma-dds-canal-development-1,canal_infrastructure,incident_capability,canal_development_candidate,1,"[""2fb14030b5639cd96332d9cdb862ad4622a6355b67e2245a04cd4bf450ca5122""]","[""dds-canal-division-duties""]",official_reference_unverified,0,1
d9d20f188f7dc8fd92babb66da0265d1246a74242b5550f560829af68b587221,1036,bma-dds-canal-development-1,canal_obstruction,incident_capability,canal_development_candidate,1,"[""8052950125278a37a6471bf38f6ccc6455526d9fad663bf150a28b09b412b684""]","[""dds-canal-division-duties""]",official_reference_unverified,0,1
5d4648b39466932aab56cb632b2f46c3364e13ace863191eb2cb9cde04dc02a0,1036,bma-dds-canal-development-1,canal_overflow,incident_capability,canal_development_candidate,1,"[""3e73d7198d8bda508e86a7e99b5564c267f9992791128a493993e9bed2c3d84b""]","[""dds-canal-division-duties""]",official_reference_unverified,0,1
2296fc02fd97e3f7bacbd1fbe187ebf30d6895a6a05d8ef5db86f07c541cafd8,1036,bma-dds-canal-development-1,,service_area,canal_development_candidate,1,"[""a5ecedde0879af1118d1cdb991b08f473de49ea36a157bb718588fe1fb8ecb87""]",[],official_reference_unverified,0,1
db5c8ee842962925f539ae91fb974a06c31a921a068c5c33f3f130e46b1112c9,1036,bma-dds-pipe-maintenance-1,main_road_pipe_blockage,incident_capability,main_pipe_maintenance_candidate,1,"[""47f874df9aa891d6724c49aa4f72a0f62d900946d5dcb07007e63140a81f5bf3""]","[""dds-pipe-division-duties""]",official_reference_unverified,0,1
5618acae70615d792544e7587d04b899a748ea65cbfd5a165d550a24695e0b1e,1036,bma-dds-pipe-maintenance-1,road_flooding_main_system,incident_capability,main_pipe_maintenance_candidate,1,"[""c857d317d13e80af7144b19f66372531c291f9a6fbfe44efd092f35dce762226""]","[""dds-pipe-division-duties""]",official_reference_unverified,0,1
73d319c4da17690b506859b0338715e987d8a708ec8e46e523a2843d826dab45,1036,bma-dds-pipe-maintenance-1,sump_failure,incident_capability,main_pipe_maintenance_candidate,1,"[""12a0f87f5f60455041ff638836c60f3668bc9c6e3cbbefed4349c1f6dafc0d5d""]","[""dds-pipe-division-duties""]",official_reference_unverified,0,1
f054244dcec69bb0adba78fa68fdf94b85c254e8157b23eda04fe667b78d6a0c,1036,bma-dds-pipe-maintenance-1,,service_area,main_pipe_maintenance_candidate,1,"[""bf0a4f4cae40616980f700a2b091e4928f634581afc7f0668821b8b202f50048""]",[],official_reference_unverified,0,1
159549f64d17d207ba7e6e34ef5a6c87628a4856113c33dce740dcd56d9e4b4e,1036,bma-dds-water-control,,entity_assignment,asset_owner_candidate,3,"[""519ceed2c84e003e0d38f40a1f69cf9e0feb56ab5a1c99a92c6defc7d50d54f5"",""89935bbd8b9ee53a1d656126798726d6b97883a8b0ba313aa20d16487bf48a6b"",""e839bb70f5b1604fe2af71e8ac8f1e959fb202697f4d38e45286337a2c1073c6""]",[],candidate_unverified,0,1
37b533c27ddf29cefcf98c8e42e42695d85cd1f745ba3fb49c391e3f295f117e,1036,bma-district-1036,,entity_assignment,asset_owner_candidate,9,"[""2ae8384d8bbbd2d4b33b69d9c1b627146e1845eb236df9c5ad1aabeaed4a0823"",""3d83f888b23fe9e6bc014f2787a62c764a66219b7b5202092305d4385b33c02b"",""5cfb36b19bce53445bff5585b52ff500cd965f0b4d6d3ad4efe657f46fde358f"",""8df782e5089f85e104a9bd79dc2133119991a763d634b0e76ea98835faea857b"",""9a523d37d6747c3430e8dc0fc0cf613726d92440f61fd980afb1f4bc2a853a04"",""b09b632145e48f45c058646cfbe20449bb2a3bae90fb70c363b326ce18100585"",""cbfced836f96d5db27903294ec032070699044daeeabab57b001e71e073203dd"",""de9329492751c1f2ca55d0145ef4149ecb26ccff7a91cd1b6fb674263bd24274"",""ec0858c2aef0e8b675ea71f2155360698b869a0de5141f5d1fa233b3756aa18e""]",[],candidate_unverified,0,1
352835d4887a97134404e4dd65e210794b087445a8cd3c16be6ad22b98d8cd85,1036,bma-district-1036,,entity_assignment,geographic_jurisdiction_candidate,39,"[""0697b4a8d899e4fbe801a4b3821acb4382e5f894aa57a0237235f00fdffa7a34"",""0b9a7a36242f6de7a128389b44d142784c02d5edd5e2f615c29e659eee333831"",""14701fba63a28e04d08b1addc76ccece8888055f886216519b9c3eef342a39a2"",""16abf8752cb4df9e1041a5112394bb21c875fc947687bfbfeaf349d531f64bf8"",""1984e8277400276a66ccbbe39fbd6b3008d8ae61d26b6df0b46357a457f38e63"",""1d1d370d30a03ead0ca0be504c122c13daccc209c4842c2c19c18a67714a1751"",""21184d8028fbdeac2d412cb915fb52973871d62c545b40dbc908332de43cac75"",""22c1784adda569b1688f368f0eaa036c644bd32af1ccfc1dc008b7c2b93e8a76"",""2f476b66ff7b8c66e94b2564b232a4081287fc3469dbd0de5751c6cf90842fca"",""32a7a558f73dead91bf928f3317ea7a000e84dbbb19739dfed190a58c28ef30c"",""369e6ed56b9aaab83619e00d4e5a541cd8eadde75f68ec89dd354295ff110557"",""48e737d6e3922fa23ae4e886f2d53d4e70f752e4b09071be847b2190ec0fbe94"",""515415861a173c39bf2ec4c960dc57ee098ed566f6e643cc249e4fe719c8be91"",""676c9f02bd0fea894c7c3415f703ab3c214966110b66aa45778f7812a6797e9d"",""67e93befe7cf410568e21dba29fc71913c8dd647646a5e811a4169410c81e02d"",""6a2b6afb0413b5bc41c270d54667d04896efd326419d4ad693a08d5d7b3aec19"",""71a26ffdf1fce56d151a8811db794ac89347859e0d4be52fbd0bb2d482a5bf0d"",""77683dc8f3e12925a6bb0fd952521bc5389966454f54acb118e9b5a68476831f"",""77b39a1b5f66416e973d8ae2b16e45c0783f3b96c0f83a88ae658806bf503d5a"",""92d5c552fd83336efbc85847fe4d30e186d79041c57ad701052f3ac53a94f0b5"",""94aa74ebb0fc10360df8bc8b5d9c4f74f2aa9b1d81eef24201291dee16e6a637"",""a18f2ef2f7e98dfd06a427a795fa57e37002a3acc237fbf3984536f770ff1162"",""a210c0bdba34c988e1df9d175d1293b98ec1d641f9f76031d6f32034fe250659"",""a3b2c43bf46adf244d0b2adb30631938917dc756417672918225e4cf749a3ae2"",""a61404a11b5bdb3675e956b23dc8d1a711a0116b8d21a70488f710a0c51088be"",""b5470361741cd9eed84e4851fefb23e86cd3f9249533f83975247fbcdcfe8c39"",""b55640f8abcf4348995666e01655e4749f327cb480f3f30238a8c07fdc0dbac6"",""b8b0eeba838c6aef19a1400ba98fa1bc365addf7406bbefe8e4fc1dac562dee3"",""c38ff39578d7374db103bdf1812abf04b28d060b9343d991f4cd7b22a58f57bb"",""d602de095b3f46020126bb5d278504e68b44aba2879adcf2a37e8735de190015"",""e3fb7d1c7fc065e5753f2d415dad8d67ae8fb127a35f9c00fe9e0fd8cc4d4a06"",""e81ffeca6c04a2dd2ddf42526aca75fce84378248a471c6e3fe040ace49818b0"",""e8f7a68a3ab322f840419056c8db6e684f7b5c979188a7e3fcf3cbd9285c9566"",""e946b5eb9ba425a08f551a013c763066f3c0fbe59c76744978b56d9256ac0766"",""edecf6d000b4ce3a224861752b8e46fb885d9b1e3fc1f991345b27dab08e2253"",""ee3c5d1b495eb999bab69ec85c5cd360b53fab4526803f1d23672256305dd35f"",""f39eca2a6a4c6679b31dffbc35c63c826464fdd34c2ee5bc37ee8d636209d6b4"",""f5a50df30d80b9c1f138abdc8cc1aab1411858472318dd08490a74ec7ccb60a0"",""f9b1c204086880ed1e177702a903b44a8dc7d431728f6f5f2e5ed27979f45187""]",[],candidate_unverified,0,1
e3c0fb22c22bdcba3637be1e0dd1b1cf074e628b1897544df8c01fa718c2ddbd,1036,bma-district-1036,,entity_assignment,primary_response_candidate,9,"[""31c478bc6cd4667b153359aee7cdeb7d5784e43ad171b0c9168ba47cbf57d47b"",""4147762992dbe7cfad6953f6f57bd862734c2c679ec308916679b59b05d62b26"",""4b8882181fc0eeaeba840ae0ff954ce803c356ef6cd91ad0d93c4cf0201e91c2"",""8a577b85760d24660fa22064852135fa68a486843be567bb0d861b2477a89112"",""b18e109df5f29aae19894d17ec9b722bee1a381f6cf16bdce884b360ed148f1f"",""b72578f97c1f1d3b5506d3f7579ef2516b461020e5d10110e8e213b86af74740"",""e023b7b5137a5000ec215bf37413d94f1a72078e9b390d36864fbfa797ef08b9"",""e76db1ab99dc6ca4a335aae6ec4fa18164430936aabccbb1514b0264374955f7"",""e9872278ac81766405186b15113e326ced6f95fb78a9bafa19942ff7102c8d53""]",[],candidate_unverified,0,1
b91a30b21ffcbba5fe4b077558429e7c726bc48a6aa637a7ade27fde375227ae,1036,bma-district-1036,,entity_assignment,support_response_candidate,2,"[""dcf99f549b3a1abe58d03502992504ec5f81523e2caa7b98240badd06d8e96d4"",""e6c849a5af346176509a384a09ceb6fc6e36e62849722ff48b4e884e0afb04fc""]",[],candidate_unverified,0,1
df75b29b1a424f865c8ae97ad3603bc49edb62e7b03bc8f25a0ac3c5e4e5ea8f,1037,bma-dds,,entity_assignment,asset_owner_candidate,2,"[""36c5e9c0b9f855d9347c51fac2396ac6bb0fb3d640607dfcfdc9150a426b9d04"",""bf5f4eb7a610919509cd5418d9da175f77cfc4ca7aa2947cf4c94c6a35fe2e1b""]",[],candidate_unverified,0,1
d0b08cd22685da3ed180df263abb64ca0b177060019b16372be528aa6ea69ec6,1037,bma-dds,,entity_assignment,data_custodian,3,"[""1967fbb6fb8de826baf69fab1a92436d8f3cd7f927d560f53889fdb785ece87c"",""41543f50a9fa879d97418b01c5b278ad3b103dac80d26056a52235f9b82bf870"",""9e49185fe526ef9895a6e07c585cb6b41a7eadf860a53643362755c000650891""]",[],candidate_unverified,0,1
a0f11537c053d280aa0024836d8f4061f7eeec2848dfaa34c77f6219161b9b3d,1037,bma-dds,,entity_assignment,primary_response_candidate,5,"[""193c85da5a67deb18d2252a3130f57e793f7d7f9668f7c79508c406fbe5c83a3"",""4342f7d846c7ac09584193802a85241705f7c2c06f2463591a9ef314b8ee0e61"",""43cec943aefe39437de46d31db7cac7d8e6e81e6748a88c2d0c569d3be1842b3"",""674a2a182c3832b368741815031923df1ce61be81ec113f04680084842add89b"",""b2b5ecdf8e43eb28d198bbaf98095eecd36e39e051fca12c8bee1768e5ba224c""]",[],candidate_unverified,0,1
3bc978a9da80add1b3f82fdd7b3b4e6080b09285034e2852636080e725d81e85,1037,bma-dds,,entity_assignment,support_response_candidate,4,"[""192d7f015a81a72f849c6a82a73923851a43b5dd377d6cecb6d0a77f256be93c"",""4edba79a065bb63726afb056cbf0b3122e1086b39bab612c011feeedf425cf8a"",""5930ba22b17543b60cff2972a12e52d0d2bbab9be40349b83abf679873948ea2"",""c7a78729edc6f3904d2e28983e918d9e71c0f244484edff7aa4b9c77d7e17961""]",[],candidate_unverified,0,1
ec26696178a96e3d58d7b8ce4c195e6dba8e992105928383a471a77537e59c45,1037,bma-dds-canal-development-1,canal_infrastructure,incident_capability,canal_development_candidate,1,"[""4d018cbbb15b7aaa1ac74608270a400acea5395a196f129698a833ecfc3db582""]","[""dds-canal-division-duties""]",official_reference_unverified,0,1
2f1aa1523fd6915692bc5c94b560546144a80f316c0df5f438f4e731dfd965ab,1037,bma-dds-canal-development-1,canal_obstruction,incident_capability,canal_development_candidate,1,"[""aa496fe0b56bb81cb20dd433537d95735baa9436ff90ff3a03a2e83ccb11ad1c""]","[""dds-canal-division-duties""]",official_reference_unverified,0,1
344e5de429515446de0099b2046f0c0653c58d02cdfa799f01ae17a61a9142cd,1037,bma-dds-canal-development-1,canal_overflow,incident_capability,canal_development_candidate,1,"[""f9cca06eea14f6e8e5ecec512ea1b21ef9afe96770e55efc80dbed3934ab1e18""]","[""dds-canal-division-duties""]",official_reference_unverified,0,1
fcd73e6d2cb6d574b42a2e1be7d6c0d5388514b4add898750cb02c5498d124d3,1037,bma-dds-canal-development-1,,service_area,canal_development_candidate,1,"[""c8307bfd0e721275db520c096dd38314ddbf4000a0e520b7287f01299047e109""]",[],official_reference_unverified,0,1
8fd6c634b433525b57c0b60aacb951cba10019cb6292f3f9f97682a76b0130dc,1037,bma-dds-pipe,,entity_assignment,asset_owner_candidate,1,"[""2b7c561275165b7c9a3294ca0ae49c2f22465280376ef685bcbd0f4f58346cab""]",[],candidate_unverified,0,1
c900fe2389e4f3f49ab4fd585775fbc21174069ea9bb61391bda1a3ca49f13e4,1037,bma-dds-pipe,,entity_assignment,primary_response_candidate,5,"[""05d8b8cb0a8c0585367189260d75698198b381dadfca763f16ffcecd37fe85fb"",""1f9323daa19b04a551bea2aa12befe44f933b02804bd901500ecdea52427fa47"",""8d731d618613395ee923c5c7a89444cc6092cdcec1de28640724ef1f41c192eb"",""9b7c3b2d610bdabbe34ec66d9b7f340258940af290353eb1865c2cff2f733f85"",""ac24253a705ff118b6b6f06d5f7d27eb987ff444cfa4b9268d5ee96fb9f6b0b4""]",[],candidate_unverified,0,1
3a40991587967bb002780437cab0baf794709be965e4fb91cc84db7c0b1e7e8f,1037,bma-dds-pipe-maintenance-1,main_road_pipe_blockage,incident_capability,main_pipe_maintenance_candidate,1,"[""109234d3b031bd1688884941890233060d06b1aa9ba35f709dcca951c34ac1df""]","[""dds-pipe-division-duties""]",official_reference_unverified,0,1
f87fa263f86b33eaab93ef569337dd7cb894c86e69b481887747a04b81dcdeef,1037,bma-dds-pipe-maintenance-1,road_flooding_main_system,incident_capability,main_pipe_maintenance_candidate,1,"[""323b8af44d192a6891e626bd39b0e78882626fb7a0c3bd3076ec4bdb87ffd9d8""]","[""dds-pipe-division-duties""]",official_reference_unverified,0,1
f7ddf8c2aebdf85b3f513dd6a46fd9770c4ae0d50cfca616ffc974232e8b70bd,1037,bma-dds-pipe-maintenance-1,sump_failure,incident_capability,main_pipe_maintenance_candidate,1,"[""05f4c9b5a66ccfd596f6a77d7cc3d9575a26102354b896cbf0ff3c515c3cda76""]","[""dds-pipe-division-duties""]",official_reference_unverified,0,1
f2a55a12db97739e1fba8d8f25cbf83fb1e317f90346f96b3299a84f2a8a2e75,1037,bma-dds-pipe-maintenance-1,,service_area,main_pipe_maintenance_candidate,1,"[""29b0cf93ebfabe8427f65f8d2596918678ff3ba8463f6f2333a0be8e1607b730""]",[],official_reference_unverified,0,1
272f546198df732de5fd16ba5a724fac37d4a7418f69935f00d980be69942fea,1037,bma-dds-water-control,,entity_assignment,asset_owner_candidate,2,"[""0a3a1fc91fca8ee6c1b788921bf5c9f45e5e0de3ac185628d7b22f3b6132b8fd"",""f2c8f02dd10b365627889e53ca40be271d6ca0c5ecb6390755fdd9d5888ef880""]",[],candidate_unverified,0,1
2b18c68d6248864bf7a267751b537c2d6334485f9ff39a6d007a80a4efcd21b3,1037,bma-district-1037,,entity_assignment,asset_owner_candidate,26,"[""08561206317e2703535bdf7a26898677f8768bf0782f8e3a7bfa5b2313ff402a"",""19cc4bc685f2db77a45d98d640820d61fe63cf687687e99a1868e15d96efd531"",""1a80453e92721945a17899d297486d4f5b139a61a8c06b1d3f8ec8e053336530"",""3b3bc69ebe81f02134b41f557df9184cd5a7f8a1efc4d68e9eca26dc73d5e725"",""3df30b428459767d1e38b126cf42fb7dac753e59e3f052319745e94338286aad"",""49227772365ceeaf4d7be8673b239f1d9d656f4c547e150d1211900fe36997a9"",""57577726b2e4f89a9576e17e5e05ea2e9e76476c2f6c93ea3583ffac4496ebb9"",""58b7681bc48614792206ae05d1172c87c62bce00357def1db961e6bdce2413d4"",""5a7e680adc0ea0075ad04cbb8272fbcc7d5bf66f700f3e674524357dba380a2c"",""66d6ecd575c35974575c27dda803ddb0a693cf2c75f9812b61b1f95c2e3353ca"",""749cb8ff6d6162082baee3ce1209955a2a7f24076223e9564dd80caf76267eb0"",""793cc5d52d57c9bdc4ac729a00b0ee5809f3abddd2e7aca086917057af0cc539"",""7b958faa5b52933ee87fa6b9dc7fc6bc3ce58b62f325f1c3970e246277ef3c11"",""9f8bb04ad23c536f767faa377ff3e945bad0cc2700eec3b795a259ac86bce920"",""a0ab5b68c9dc3bc931e244eeaedbc6dc4ca031d4258a68a50e8dc080b2427b1e"",""a35eb05a25d26bef7e65f2269bdc2eeb6411d10696b362fe4b9e6d521c9886ea"",""abe98c68e0c5e37b970c88f28a4a78d946abf1c0ba850937852380d101129124"",""b1947e074b296552ff909a48c7a404f85ca38e00d8fb37a683664897745091d4"",""b1ce791664a8339abcb74f4bec843f7c770113be000f2d0cbb250d10e5d63748"",""c87da10bec9f88a6257f03fec2d1ea0eba02d236518f8c062c2342c19573cecb"",""cccd9d313970282f04cc4fd6f9f37abe3ffd9b4a1d624a1a13739c446a6cf763"",""d7ec7e33b5b48e842e7cf63ee9e4195bfb71a1106c2171cddfea8232f46deb67"",""da62522279c58d3d102d2bd9b47468f0e608157d7afd210d6657940cdfc977b2"",""e621653c3faea25c63e0c3be24f3b696181f6d743805d88b8cad1df47826826c"",""e767457c9187fa1c6ed1849d870d88c8772f743b448d6dfb1f373c8fa56b79d7"",""ebae896360f1dc198e89c187caeaa8a5c1db6596c42e7072cf67b5f48a89f9a0""]",[],candidate_unverified,0,1
0ee90d582d37200671d20fa99281079c51a94ef218f030c4660f045ba715aa22,1037,bma-district-1037,,entity_assignment,geographic_jurisdiction_candidate,48,"[""02421f98f63e468d2ab5fca62ca3bdc1ff3acf4a28307fbda6ead07577d4c3d1"",""051721a1aa3fc1959decb95528777a4862cf4f08d19ac1db54d3c8a94df51da9"",""0aa8adfe8bac2463b7e18cc60f8fd3d71ea2ec96887d94105f22c559d03df4c9"",""0e949be0f3601698d02a681265d9c2357a9f74de433c78e7d2b4e38f13751859"",""1048ed01bcfee105094d919c3c8cbd365a860daa9f99b8940b51476b0d9b366c"",""1c4e28a1d64ca4f2ed35f2cb1278aeac3e2665efcf734c5c86e9d62fd6a052d7"",""1ebe3dcfa3386864e970edad38e5ec54dc1766a621b7bc7cb76ddafe62e93c53"",""22093f866bc2780b1c775231fcbb2e6aba84ec803f5ff9fe4f4065e6aac93786"",""2772f6282ecc9691f406928e36f402e7848c0ecc4188c7d1ab1ea5dc5a409f29"",""28cab89c539578a6aa95d4bc7cebf0de615ce17d9c325d471782afb0b5861854"",""2deabf51f83ebd6ec24e635bd8af01a76ce1fc80b0ee9250acb24713699d369b"",""37cf29aafa2de083bb9cd01305a1a6180dab26aedec384a863cb45c02a17dd6f"",""3bed4ed4deea406ce9bbc1abbbbf6acc80ed31ec628794b450dafacce7c24e98"",""40c85bcf7d4c99325db890b6d0705dbaf909627503f0350a153778b9eb8bf7b8"",""4af1dc5e4f73a8ebe9669d8c6576c912a6ff6ae862b47371cdcb76e59bec7c82"",""4e393d6a5483ad9f0ccdbcc5c8553bf565dacd2ef7f34b566da02001383644dd"",""5018bc8fd08cd0a10030ea7bf4dd45a22ea95f72890e33fe801ac1d0e253d4da"",""569689d193ed24741cb5ff52a88a61ea2d2b77e963379f5658b3a6929a4372c0"",""6896da713adc1e6f2f7fcc7c9296ca61a1a89b983209411ba2cb6f416e696cf0"",""711b440115744acc59ae1e705cca746a2a3a8469268911187ddf0ff5acb1c47d"",""7e2c74305d37927b4b472e07b2fd21aba0e02ba78212db37894cd1effc365df5"",""7fd3fe0cbdfb31aadaa5be87b714d942f1a889a7faeb6cb21af89c082bbe706e"",""8a3ba25f5499631caf2a482f558a9ff101974b73b6ecaaf57f308071afb972d3"",""8c55d688b671356f18a87fd36b1a60d4911a0479957fe1a8232acd455b2269f3"",""97ea6ae65b9bf3d878cc81e2784aab84c9928e47aaf59f5c826de975f3a69de0"",""9d18d4c2285a991de9469810295a679a45167006657f0075baa73701bf8ca8e5"",""9f072ad291af9ccbc7b477d313389e3d61ace6cbb2e59f066014aebf6992a1e2"",""9f3f38160b8f870fcc245665c7e264b7ae74cbe674458d3de8bde309bdad4af4"",""a314ad4749869c11cfbbe3c1fbbef9ba6b79d9a93576d1be8bee45830ffb859c"",""a3e45323a9fee19c2af0eb403340b3a044bbf89e2cd68361620df7b572cebac1"",""a8eea2b06711fede73f7bf3daa6d1f22a8fb99e26bedcd8a444b19e1a60130de"",""ada797927719011ec2a32fa183f4ff7f7284be4b6fcf31f3fdfa58b0793c05c7"",""af7d34ece967fb9c3559f6487833b93f91001ba085f0a35d8a682b0d2943a69e"",""b0574b7c2408eb7855936484f2f9735bffff8f1617a6128d443b96a65f69c283"",""b09e3e975bf382c78d36c0d77e96da8ca12ef12c6f56469503a8a2e2469186cb"",""b1bb999fa6fd44f174fe193ad788c142513efdaa3d9a1b022631e266a3fbe9a6"",""b40fa37e9a3da8494b8d45e55b09a0db3212ef30292e77409774ddf763b5742a"",""c39d9e6146ef999b059366065b85926d373d7341a5d95eb1c08685575233ba4d"",""c3fe31b79c827a66de98b904cb87cf35c5ec541b208f119a37c1bc1985957a3d"",""c55d2cb612eb7195d9de151882e24fdca03e12f43c4ed38ea177744a01876c1b"",""c9b0e11e9c1731c878404c75ae5d1f0b24fea3aca4b0d411f83c7e028f52b7a6"",""d1b00908f804d35dd875962211041cf5c49e3f587cebb3a4dc60163a3b257682"",""d904c29003e79592e0f54f2309b29c463764dc9a4d970da4e75931013e8f3958"",""da60f03350ffcf4971f18af4675d6d95b6273185770199747bba1330de4635a3"",""e31d683350a42019529aa6a6d57af4c5aefcc3077602db32daec8c0ee84352b9"",""e59e15aa243ecb9ee89bce9a80da5a84fce40642454846df8109fd77e567513e"",""eed614766f733f28a5a73de007beed03e974f3c947598ead4d9c1fd5b8944032"",""ffd32ad38236d09fde1e7672705cdea23e0851378bdf58a275ce697c38bcd61f""]",[],candidate_unverified,0,1
d3485e59c79c1613840c05c1afa628c28827eebc0558020a89a9dfb9c4ee90cf,1037,bma-district-1037,,entity_assignment,primary_response_candidate,4,"[""1184f806644ee6be7330a5e58141f1c5f2a47af8250b2a2d3b52caa72f08b232"",""3d14a84f8ccbcbdef86388f51a545a894632ff41f66e3df0fd22958bb38dbed9"",""73584a9ed553a333607ceff3e53d8f1693311cda38c97b398535cb2bec26cd9d"",""de8f39d33e6badb7b909892fa76b5c86569acda420ef88a91ac2876cdba51756""]",[],candidate_unverified,0,1
2d09850a61d6c00b235674c1750b31e76dfb08a3ad311629f65adec0fe104846,1037,bma-district-1037,,entity_assignment,support_response_candidate,10,"[""0878442ffeb91a126cacf78054be890fb2461a3c20f26537fed35b45ced0249c"",""1ab567512ea4cefadeaab8acbe31e647c2eee268d333c0a300a6d43c6b20e988"",""20420dd2ad9bf3c8518d9eeb14e01116a730153df34d22fccbaff4679461bd97"",""391f9d6515651e11f0bf5e34066bdc49898d58d4d721e5ded9d90f1bacd0d9e6"",""3a99140176eb1faa6bb6449f33a7008024c4ed84b665659d7667826d58a2ed5c"",""744e2dedf4bc1ee53ef64af5bb3770579dd261401ec67d96213f09d3a83c7862"",""a3bfcc2db2dd8725a00f39f27fdf20d733176d55a8a74413af92b24bd665cd16"",""c12d3a51a531428eac55f9f89ecd62e51452cae70c018bbd1ff600c84e12037c"",""c75437c98097475ffb93d7501d2f6bd764c7c3cd091d4e2f137e38bd3d4bfddd"",""fa4b1c5cad98c991e0abae835a917da4e00df57b9235f63dc370c41d16ead751""]",[],candidate_unverified,0,1
1d042131cc41790c1c778e1b8379c14b454ec408add80fd1d539852607831736,1038,bma-dds,,entity_assignment,asset_owner_candidate,6,"[""7f054e3f5632a53df12a6b1929ac53d7e5080b92ee684be4535955721bfc23c7"",""8f59d50966c7868f8958531bbdc77c6198521dec067237b91382f0a98655fa4d"",""902738bf7ffdece69b58168a4af2ea47abe6a0fb0763810c53c6cbb18ce36dad"",""a4c1cbe35470a7849276409d04f5f1f22f676e1fce2247e15a09581de671e847"",""b038c882ce4ca6da75801f37bedcbe068cee09111d020ac7741d4632ffe35e67"",""e68d44ce0f76a0ac4d077b3de8b1182f5986b14326e75c92a477f4d38937d9e3""]",[],candidate_unverified,0,1
f612aef0ffc13afc7a263c990e75e5685b5129597a99fd3100ad91ec93da82bd,1038,bma-dds,,entity_assignment,data_custodian,4,"[""1451447a3afbe5ec064dfa6a4d030c3babbe349413b80d9e437a5a9250ea8ee5"",""43837bd59ad031e7b14c688c41924bf6505e522225bbf099cc21ddc024fbbf72"",""b00c3b45a3e2502892bd9343310a905144f4fd8348cb712a28599e2f1988b6d3"",""f4ec2b68a9e82905c9289e6a9622d5fff75f51242589d07746910f0708c58c78""]",[],candidate_unverified,0,1
48df0f827931c1ddc06047467fc421ab0d53e6cb2772c1cb5e6258a43aa780e6,1038,bma-dds,,entity_assignment,primary_response_candidate,7,"[""0b217bba8f6b16ca8d9b15fc221081aab0be298abc78d00347752245ec1d3a46"",""3eb5c03b19c5d94da52985e41511aa5e650ac833e78252419afa71f2fa215957"",""596eefdec7a93b1ba9a9300dccb3e281d71be343a604203129d3991b6cd92975"",""8537f534efea79aba5bf97c8eb437f5e2119efed4618490ba45f8292374e7a00"",""a0be7ebd1a5e97f8f4a30d9ca534784ee71227530c31a664062f340b29bb34cf"",""c86ba3fb91b4fe9662835f62ad767adfa0ca9e1381ceac4b978c29f5042001b7"",""d0a650de7314463c0250036a942e4e09dde959f85de3b7d9b66d181ee28d4b5f""]",[],candidate_unverified,0,1
ff66d418a20fc0c67d2567061c1ed04d139befcae5e187c593c5e5fcb5ed1dfb,1038,bma-dds,,entity_assignment,support_response_candidate,33,"[""04922f7b36163f35b0fd1ebe515dcf353fecb03fd45a381686b2d4c6240047f6"",""087c54ce5d3b35165dc1184ee7e90d135230ff04b1200fe8f580aec0100a8315"",""140581afe181f482e46fe2b8565d2cff6acb83a9180921a8b44983b3a163a1b8"",""283a04845fbe06710312eb240c9fc601a71991d483fcc98b69c2331aee321a11"",""33394a43f48d4ba8fbe816fa214b9a746ff3ab1ae06c8abc5ddc6da773e214be"",""3cf4b3a3cfe60ea3859cc73c195f86a2fd849d1d25c31070a1879703d81890e8"",""486bce26f73db51c6c03f110ef56b5933ab587cc337560b8793564940842a085"",""4a893ede314b1b526ca96125a4f2465ec261f436e9b1a9dffbdca05171330edb"",""56ac8d30a0693682a8cfb2cf66b35574aa7cfc9396f70036383d8d8db086617d"",""576d5d23d12da93fb4a8c56347d2071e523b326da4235a5b6922f2ac1a23fa5b"",""781b4ec884563bd7db39e5e76d7cfdcb5c455c661664e296c5134bef38f595b8"",""78f3cc4bf57c8d6b71437128e8e5d5dfb769a26dff28e09b0db18ffaf7b1aab9"",""7bed72b89bbd35f51f03b468ad5fc95a5af59d99bbcc77ae86f93e7c5c54cb36"",""8b68abcdf63ec9b2af18f5af0eb8c26abdff2a2f1655adea4fc450d3042b563b"",""8fc7caa4607e0303bab580c6e6dfdefdd9314bac65f989dd0378ace8698541d8"",""97506e60b5535a4576a9fcb69882e45c0a39ef3ee43b4153bd058360e462bf2d"",""9e4cd01ac04af31299a2dfecd31134ba1083490129c6f3d9a0d06e0b59dbd222"",""9f1ad20293c377065b0f9c17264d0dd47ce2aab21774222bb5bd0272d5e17a03"",""a20d6adbdb7c354b957269e580e45ac3253be6edc6bab6fc208982503ee49ac8"",""a8d00bb964c7c8e0c79b52dd39e7156ec56531cd293d8c6de9d51eea71125c8b"",""a8f4a232ff092b05d977f82510afdf09afcbd4aa37c5de9dad2645399c100f1d"",""ace55cf0ff824e8a957d818e3cc7cf850bc9ca7d5ae5fc528f5ee42ad028723e"",""afa920138fc175c84702050fa72181c069d7cb0a166c41f477a5ca4938dfd2bc"",""b074f8f81a0830b86322cf7d503d44250890132b94154ea041c0165dd8d12dc6"",""b2186d2a159652c0511e07b8e065bf8c282da055945435b86c3a141f2c02b7cd"",""b6b006eb50df51ef725fa8d00a5716807654d367cdd2db5d79456486437cf7a1"",""b91176e5d9e04e82f0f6095dcc46b9cdb1d539adcb17b5441ca6da45e48f0673"",""c09f2444fbce2fc880425c4bf573edd5e5cda25a0d92527eda339ae6f551119a"",""ce31d357f5a2ff036b8f2f471c645750a420c596eba3f22b282d4aaed90c9e32"",""d1105f84c46d3f070fd57ee4b32a821e6fefe87d48420b91efc191d95de13e98"",""d967d307151c7221e7e51b3c74581389f514a947fe7a5d16ce96439b5f620c8e"",""e469fea982625e3f830154e2ffba32d7f90645adad7a878868712527f2099d41"",""f182b90aede065be32d9b3517b10ec1ef1bf62a980977283541bb55bca1e26b8""]",[],candidate_unverified,0,1
7fbbb3c1293c4301ad56910b7c79355c960920fcbff757eedf2715f7b9ce8d15,1038,bma-dds-canal-development-1,canal_infrastructure,incident_capability,canal_development_candidate,1,"[""736f02758afef5cc7408c6fc8ddd90714d678016e9d894969026e7c66438f2e4""]","[""dds-canal-division-duties""]",official_reference_unverified,0,1
eea29e49ffe91d232ceaf5b04b360bb86b9e6c18bc33f0a58c76002f86952b08,1038,bma-dds-canal-development-1,canal_obstruction,incident_capability,canal_development_candidate,1,"[""cc9be86a9ae6029c7fff745dfa06cfb1c107a7a3da085e3a304b18fc819595e3""]","[""dds-canal-division-duties""]",official_reference_unverified,0,1
56e6b82003a38043ce40a91613b8977854dfba7a4905fd841bbdcadd31ab9001,1038,bma-dds-canal-development-1,canal_overflow,incident_capability,canal_development_candidate,1,"[""ab048c867075fbb99c24f306f9dd5d0c37ad25280dd2844fcff565b4b405661c""]","[""dds-canal-division-duties""]",official_reference_unverified,0,1
d5492242caed893fd5e8bd25763e431efebc61a375137304b49414adb961001d,1038,bma-dds-canal-development-1,,service_area,canal_development_candidate,1,"[""c90828135ccae78e1d98ffb4069c3b4dfbf9c9fc9c5401b4f9589a2c986b68da""]",[],official_reference_unverified,0,1
7dbd7bc906f87ef25d94a07a4a966b2b82f30e088447f3859f14c23208d1592c,1038,bma-dds-pipe,,entity_assignment,asset_owner_candidate,1,"[""779900c64d584815eef33565e6fb8e2cb4ab9c93b9a488ce48f6cafb3de4ba47""]",[],candidate_unverified,0,1
add0880063ba9aff0724272b456deb2f08d0d2188f6f47caa1597b8b6e52893d,1038,bma-dds-pipe-maintenance-1,main_road_pipe_blockage,incident_capability,main_pipe_maintenance_candidate,1,"[""96bcc7ad1ab0589d132bbef75149f544695569aa105d4ff3bbf075b4b05248f0""]","[""dds-pipe-division-duties""]",official_reference_unverified,0,1
68b30d2977d1bd3cc215cb7b8b0e0ef4a826b2f5db0d8ce9b21e023d7c22f8ed,1038,bma-dds-pipe-maintenance-1,road_flooding_main_system,incident_capability,main_pipe_maintenance_candidate,1,"[""fdde399e26fe3902aa0421590ef49811f2d07108931262d2df54295b68686aa2""]","[""dds-pipe-division-duties""]",official_reference_unverified,0,1
7423e05cbabc2f11eb4ec9e90f263a5c0bfd1bd9a048e416c842b9d32e02ac8b,1038,bma-dds-pipe-maintenance-1,sump_failure,incident_capability,main_pipe_maintenance_candidate,1,"[""35929ca8e0cb24ab7a5fac94f7b78375e41080eb4e56a27e6b82cb4e87d90a74""]","[""dds-pipe-division-duties""]",official_reference_unverified,0,1
27d5f9e7919266363219c6d576992b0bad5aa5131b789593e1d26b9c6f89887a,1038,bma-dds-pipe-maintenance-1,,service_area,main_pipe_maintenance_candidate,1,"[""6e939faf100603d2b879a846fdd24145fdbdeeabdc66308bb742f22e0b399cdf""]",[],official_reference_unverified,0,1
b4e6119cc2a04c33463e912963fb64d9108e01a9d3450e98f694e1b03bc35df5,1038,bma-dds-water-control,,entity_assignment,asset_owner_candidate,5,"[""168b79568b37afe716c8950b93782c4a06b00a61fe0fc84ec807354f97bd17d7"",""4a605a5b34a414d8107a0a0e086c1bb2677a89712a2732c8b8bedf24a9ae4471"",""88e15007aaf699690f501f69c0072c19ba1fa1ba5d14a7052274cdb2d2f87d5a"",""ccdaeaff057e3e913f162d76720452a0baf32124810ec91a492bbe1ff1bea853"",""f515cb424239fa8d96f965facc0e7235b3fce9ff5b60f810f3ade196f73debb7""]",[],candidate_unverified,0,1
5e46951820455c5baebf176482ba2776f0a02a68f36cdbdd5b19f3e7e8a7018e,1038,bma-district-1038,,entity_assignment,asset_owner_candidate,8,"[""25914be6776fe75f6d39e1dcdb62480beef6cfc55b2c362970a5d44c6759db40"",""2d776576ede6b21337938eebcd78f0ae7b9928f98a0268e4e02c66e140a3b077"",""2f0e3c6227e8f4b7fb3658762d8a27d22db03646437a0caf6407541353532e1e"",""79097904fbe093f56054606d029bf88097eb3ec2592dfdf81acb41290cc8dc39"",""b2e971f2b5201772137ffb4a44ac78bea99a9db3a727fdd0680c3b5dcb166361"",""c66718adcac5f9635ad70f3310f7bd5bc18ac1c7bf59e997690db8e599c32307"",""ef5295564572cf19b7d639bc8f648c651e8aeba49d5be638804a26ef693cfe91"",""efd328bf7d486212311c13ea5ed90b35f8fd886150272a399559c117c93c1c55""]",[],candidate_unverified,0,1
1e77da5e15d7ab0d1d2c46ba2a71b27ac3a6ab70000adb04fc721f48b8069d15,1038,bma-district-1038,,entity_assignment,geographic_jurisdiction_candidate,64,"[""01d909455fe1803140b7f1ea13d42eef5b2a65e7720197eba91a378fdcd08993"",""02c6a8def7422373273d12e670e6377851dd57753dfab78e5d5ddbf5ba2c0cde"",""0c8d56d649fb54cb167ef83c960bb13d2c712faaa3f998246214a535cfb3f2e2"",""0f0e5bdd3f4fd7f90afe8ce2c479b289599eaf6968f51d26dee75ccf2b11b7e5"",""119f7277152f760ea082e27bb66a1c2ae81e849903abafd50ea1b7860dcb5376"",""17e04027299f350d5d0a1515d96a362040968e372c536940498f4c1101224904"",""1a8bc7945518c9c66cf753360c02ec4d148d3929e2df84d9b2e0833a070b47aa"",""1c069464afe80df882da7754986975d28d10c70397728b800b2902a367b039a1"",""1c5c6ba36083a28f8a654defabe2398ddf78a223e27c98cdc30f835b6f2d1320"",""1fa6e996653b7bd33f0d2fc70d2cbd3e082bd8572291f017123fb7d17107eb5c"",""20f37e1e5920408fc9ae920ecef98ddea50cbac1725501c4e54dfb4e7cbcfb43"",""21c371e1d2f209b95f83143909fdbd8a55530fc46ceebce779b8e6c9969a28f3"",""273237ec076c655f840c8e5fab8b40a3c047d796dccfb1d20b754034c4b5304e"",""29312a1f7f31f8d9a336c4e1211544d38640d93547079574c5ebb0fd5de65dbe"",""2aeb7a13430b8abc1cd0f8cb0c4d39076d8627d46e9f8fb0a97c7717686c544b"",""2b399d1885f6edb43c0e8a766812129f2f498bc86e1adab9d861968ca1f38d27"",""2e89fec44039ee286fb08246c461238abb66d2892c9e486efeb93319916abb4e"",""34de58d2ee9d79e433d6fd8bf40a852bd795bc2a50deb8575c720920a25acbf5"",""3c262452c28e878437dd0c764c37d291b73bf833de184987f8507d0b8ff3f0c5"",""3f3925ec3409b4cd7c5e7fc9ef8d1ff7e9015c6ae9836c48bd56d89bbbd4540a"",""42084f161b2d79f5ec79edf8451569155217305b42a5e0fbae26128cc79e9870"",""439632d5d69b0fa5906cd2a3c75bbbcdf4aa6d96ce03b0046ff58f18bd02eb76"",""494ac11b794d4200c2c6cbc9a49742e83c653e3ef31b25b3fdc566963db85134"",""49f91657fa526551d70dcaf01792d02f9ac4fe26d932d72c948b5f45142b554b"",""4b500b668a498d90bf81cd23d396c7e14965428add7bec5c0e8e6b5cbc1ff818"",""4bb899b54c671ef586dfc12272cf36b26bdcea6f48eece540a9cf346b34cfc69"",""5080a017527398e3d583df39e3ac479483173cdf3090c37f41ef0b3403a43be9"",""5503f931d250d47a1c01ba99e83d95247c99ab333624ca65cc6a1acee74213e8"",""5e688f5208f46c06712f207a219eaf5a1afea00e7123826a6511e896c476ea50"",""616ae95d99b09fa4efaba21c31cc6b381a445cfca568046460ae7aaca02e687b"",""6238f2d5f5aa7a89f1fbf54dc378b1130d2ff606e0b9d122c250927b6ceac4ad"",""664b27c5278a9a2f0e2b5a2023890031d6ae7fc6d143e14f22dd6daa0dc22303"",""6ffb655bcb07d142a2e70208ab1120f6855abce5a606889c36339b6c1203d544"",""735290cb52794336cfa84859d0601bac3670848fec6d6d7009eef4eb17d26a9f"",""746bcbcda15dbd377a930b44488c474ec1b07322bd1af49f1bc193cdfbff2a2a"",""77fcd8a9526eec393ebf1c1de692964e151211bed9b13afa27fd4b60b580c0fd"",""79c48f8f37cc5d3254ff522837b3edfb61c975053a72ccd7acb457cd53254049"",""7b1a4b82a7a43579b1bd27f133b78f7f507c0092e0ac9a8817249e00cab4f5d6"",""7ce868240ce810ad7be605ba52be6aea06f89d79251f9ece6f1990f3855f48f0"",""8105a24dc30361c431656b0ef9a40ede12c7a35fd7d298dbd521bbfe1bd24981"",""8acf0aedf3234fd88e509cb91dc7ccc1001598b50b389aedeb674dbb32b39a50"",""8eeb4f43250a3a7b9290d3a65b4e758199954de896c7869d18161d04c3aa8939"",""90341e0575bf51add1e9b4a2deeb43a3af6d2f4dc5cac53a2587018cb778b9a5"",""919cbadb79525dbb1c62d9330929678c71fc28b942c5fc5fee6a3af0fe26cce2"",""9871273f635abfbfeff4690f1b48d17e5eac0d04fea27e8954858ccbd07a63d2"",""9fb408a0fe315a4eef7af4793f6b4d2241db0c0cf1a72087dfca1dfda46bf3e5"",""a2352628f1a8b3f75be8b3d50636bf4335a24147c354f92850d369bdeee53969"",""a697ffbbc99e229a66dd019a7e7a2b0ba4df1236ec9dca9b49c7fc96c7532213"",""a83aacdbb62eaa622786e988b780f8589dc6a8d233367315c350a80fa340e756"",""b30e59d47818d264360a5bd17ae1fc6c4f77f9c9c5e168de396b44a1758d9a96"",""c8f8d60ce097eadad52cb4beba012b7dfd059fbf08011a7323782b2bb1d61f7a"",""cace07fa26f8b93822e726e6fffb3bdc131dadb54deb956ec2df6a812f99819c"",""d4363c75db02e620f8f18fba0e54d1c2f9d40200abf818d006a39f47f6aa7817"",""d6b89c70a4ec82487488302f144f35ce45a8a16d5fe6775c66b7bf20615345c1"",""daeb6788dfecc94ebd439281c3d2401c0ba198bd2a4dca23212f082fa1ab269f"",""e03db86514826590c4dabd200027a85d6199923443f784775095ccaa3106eff0"",""e4f10344e47a68f656e0bcd1a4d69ac6039fb14efd348d656840ae360bf3f171"",""e5a455c2b991022d6493b82fc05befe6ed375dc72fe6adb65a6fcb2de84f6804"",""ecbd5a7a9f16e971f3de74278383092e868614ee919819d93d17b9c15bbab232"",""f47869c7c5a7ba2c0d558b7094d874b45a242dd1dfb4cdfa2c6e5aca751bd056"",""f934e523629cdba0e6beac576122b7fe2b7f9fa9cb465de007c639efe416ef2e"",""fbf220dd0cc365b7957a564dcd700235863c05223614d5023a3da693e073e5f0"",""fc0b18b473e243fe9d5d26ffe9d3d512a8db1d37203d067c6841953ad00f80aa"",""fe6b91991123e5d88f4f536747ecfe2da1dcd7609bfc83551cabde7c81f98382""]",[],candidate_unverified,0,1
7a83c28fd8043311a8f259f2637a40f5fda57a31bc63ef910a17d5c435e4bf66,1038,bma-district-1038,,entity_assignment,primary_response_candidate,33,"[""07f8449b2be29d30176591b34ddfb5a7aea60cb6e4a93978f259821bd4a94e9c"",""0bf2cd5204d1663fc844b53d350b1d60b7ec828d09d92e3bcd80e438771806d7"",""0f2b3b3a90c0eaa37ca65168df64758b253d2d2d062de140ba59caa4438bcb78"",""177d75a49b322ec9987e51a61e489b1cbd8854f70b8ff836d0934d536fad6f2d"",""205500dcee075f77f84e978be5a822d894def489e62fc66cc2fe34ff7a99ba14"",""254d93fc8387f59648fbd6831e7b36eba3f9044f9cc2b12f5068715dc99fdcc3"",""276a2a7a9916a4af5ef9fd6dd766fee516e9ded5485fba13acda0354aebffd33"",""2dfcf8b241bafec888b1d398725d5fe86ca431704b3148d4e82d3506a0d3e64c"",""4c6f375c3f8dbf38a19e30f5b01310349c538dfe2464e5cbdbcea598aa4896d2"",""4c834f93add37473af5b11b632fead0bacbb138bbba19bc2995313f3d307cec2"",""4dd4257462818622b6d0c53a01e71b2320fdf984f3fd0fadfffa19af32d3e21e"",""4e2824c769ed69dd23fffd453d270f0233c0056e999d0c2aa54d51504edd9932"",""5104e9aec625d7a12faa812e7121d0a1aac5168cc3a80e1305e1bbe862274ed5"",""56165a4f6cb16043cd9c492cd58c3a285d2fe3682ef2e6f8ed5e688b762eda1f"",""742f1a01cdfccd13d472d9f44515d8ae60cb8dcee49652e2c41e622036f99fd5"",""863f9fd1cbd337d98dede7b74a77630cfdb520f1cf42c21261f4c9094a412439"",""8ea7e58b56c24b5e13fa81f3d12bc23e22ad906d23cbc165c9efbc205fa4cc90"",""939b8b2c1919d637b98478b8f3ab01d5dc6f9ffc45dfa65a49b830a3cae9deed"",""a42f210e88d072b8acb97916e076570d5cd52df592caf35b2dc8c28aa0343698"",""a9999c92478989a0675484d0590383e24472ca6d40bcb967a16255b96846a916"",""b244936a2766894a3009d5a7b98e287d32a1200534c0fb025a7978d70148091b"",""b2f3a4cacbb865e5717fe7640b5f080ce370acf43f5c666e1948431d7397a12d"",""b45ff54466b4044292d2c828418a2245d2d9c2837a2467354d3acff5939e5e6b"",""b4bc3dc4dedd3be4a9f9b1664ff93d1e1b285937812de69f99c3de7893181349"",""bc38ceb2b54970d610bcd1231bffab39bf14030099be44a11293f4b336b3c8e6"",""d128d1bf52142d16372a14bdc72a4991eef3123e2946c4744233794e8c3380cc"",""d52ee9ce026b39aba3bd3403e283ace9b2521c4f20c45d88529da90b6a13d91f"",""d880d14fdbdd36f77e01a2f787d32edc2b9509581a876bcbce481e268e88c905"",""d90e6f9dee9d5b3dd54a37c3b05005c33bf7fabbda4ec8445974ac5d4ac8d5d4"",""ebdc9b4d488150d4664ac72b2510d89b4ddee45564ec2fad7f38a871224ff8af"",""f2d9335dceaded602c9a746217faf79d043cb4d1fa60c4f4a0bf348d8e98d919"",""f4959deceb5d1b4e65c423f21bebbf2836d0217f2aa07de1bb05ab6ae9f42c55"",""fe1093f2d69118898b46be543e34d0221ac1b2dfc3bcabcc132150d4cf42ef36""]",[],candidate_unverified,0,1
957b90a22dbace4a772baedc67a8393c432ac9acc88727dd5546991a9668368b,1038,bma-district-1038,,entity_assignment,support_response_candidate,7,"[""1533d12af2da90f65357fa8b49412a90456d9478eeb801c439e1d25257a974cb"",""4291b3992d0164f7f7084d455c174e0d1f7a5cb3f124186a9c6ade4536f176fc"",""446e7cc09656a2c404329c8298bcd10b93620542972c02c6134a555b290b93f7"",""712df74e742befd19fcbc30f71633cc5ad856e8033d9ff672700c7fe439590fc"",""7705eef492e4c86713bbf851437d934b3a319cfc1471d2430d402ae6ba371ed3"",""c2f2afd7afa3556ebab76e3ed01ac089c6742d73180b7e6125863758084cb595"",""d5b35a00d23edbb8b9538fd45bf3cbc0ad8dfed5d3e1b64918e163ec3797af25""]",[],candidate_unverified,0,1
0cffa39087ee3f2f13b4a86788527cbc24df41dd67599c4e6b51d0c3c9fc6290,1039,bma-dds,,entity_assignment,asset_owner_candidate,8,"[""02804f4fe848d8cce1fb53194c10e50034735383b660506d5f48072a2fd3db7b"",""30d0c95c24f110a03b291b43c446901559c5e5236d76c05abf736ae3f5ffbeef"",""360f68add46457cc41d3f20c2e5102e61034daa3d1864da7c088dd6fc1a95e48"",""4323ee4bf745b484d9fbb89d513cfc7a355b30de5fcb49e50214730b563a3501"",""87487e9662df52afe9f7df165bae17c642a5880a449b1e1741a51c485499a1ae"",""b3a33c8a62e8ac1e70f4bd9b5dbdad5958f74bbc2bb57ef96208fa20ce538319"",""e65069c528da05e1421756a40647902286d0a9358aea6b7dccde5c5f8a6c2f46"",""e8464b65a61ee0b6aaf917d98abe4bfa9712133962f377fcb1ad8c16b6bebe15""]",[],candidate_unverified,0,1
5812b0f432191c3ca09b44367f53cca3f8f4f44a43a8ec4c83b5c4d23bf5d97f,1039,bma-dds,,entity_assignment,data_custodian,9,"[""0c24aa347e2bb3eca8e836ef44d45883d42038b7f8260ab18d9fad7dd4c23dbc"",""0f2dc93b51c01072c18a6009a824fd3ca82a21c72d7b37134b5c72cd76c0e7a8"",""1090eb5aab14316e2b9f0fb2cd0ece0ac4c7aee452d1529534f9132251755fcd"",""79729abcc983a05e405234f1a13beb0c311b6d590d429cdb262b2a6c6c52891c"",""86fdb1a624b7b926cdccf5fbca61bcde1260ca27124390608c5dc8bc956bbd65"",""8e203af7df34cd7c7cfb20023fc3bd0a31cb76bca920ffc4af449dccffc14d3a"",""973aa10031956e278f51226de0404d02df665cb9cc2fb444afc0392484d45101"",""9bdcf17394af7f4ab6f474346b090146e9691b8e4785eab1c3690556d151fa40"",""aed739e38f7d8c3eda0b0a36be409a93df6f0a7890c4ce3ee2131d4db439323d""]",[],candidate_unverified,0,1
98f034257f3123ef20cb6d58d428e7d82cb0267c6b6d32e09ec1d2c1b5c296d3,1039,bma-dds,,entity_assignment,primary_response_candidate,6,"[""04d3c988b74c664fc9c278cc1903c2f9a8218b1fb16cff083ea0b2748e574bc3"",""24a0fbf3da6de1f13691bbaeda9be61a04d6f3d15dd32c4a536a64ed3cde0839"",""6de75447fe2734a3f1c0efacefb1ed9bde6d38ca4784444c0e80508bcaa94950"",""893df287562cfc8bb7433381f592c9780f4fd85e77444cafb384333ee53a4a36"",""ac72914c8cf85600ff8fb8405ed3eb6c8e00eac4f0983f7dffa76a75996c9c57"",""d7b2bcc52f4b9b785732936c210b4b9e92bcc36e884557917b24b6424948e77d""]",[],candidate_unverified,0,1
99f6867b3c03518693d8400df97081c893a61644caad14e4db1079b0497c7d51,1039,bma-dds,,entity_assignment,support_response_candidate,12,"[""00ed2e3c6e2fd29f85c65df6473a23a45654a7cdcbf7c4f2c20a5531b4fda057"",""0b92e762134e798d6b36344edd5f6a6aa0b32c714eaf99392aa8ddecae091aee"",""0c824a3e9d3cda6ba20855bb0d06c266569b039175c083660c441b15faa78afe"",""0ea1c51e3dbc37dc53086e8ab704ab99cc95b8804b9446064c870e4253a0f8c3"",""10b0eaf7998ce09c8527c223bb273b073564de14e858b1443e5c9eac9fc2c0e7"",""2dc41a8e27bf02de11dc4dbb60b21cfef9e28c5b84e0d2162014e32acf7986a9"",""32d9e23e3a099a78fbd0b0ea1cb23cfa0d9ecb56db59a7438265896593295082"",""43f0f1a891f08af11fe5f2e53750dab890f7883b1207a5c8fdbfab1b433e6a53"",""59fcc577542dfb115365952f3641cf10b96ab6602376ffcd0f985b409a2de6c0"",""6cdd66ef9fe4b1fd91df67bed231e9b76588ec3a1d1cdb5cde0e0945b5f759ad"",""ad51085343275729d5c78f2c690daa9a17eaef1bc23e0248321dd9286505f77b"",""b2fe2392f7e4a49537601c91757293359f8086561e0a60353f1187202a0320a0""]",[],candidate_unverified,0,1
9ed0362e3c4f8510d6ff51d9561de94150a1eeadfc0ebef623432e2dfc7b5f03,1039,bma-dds-canal-development-1,canal_infrastructure,incident_capability,canal_development_candidate,1,"[""faddd6a7329b681f2cd50804d86dcb6d52e9e6773f79749f8c79c3ce71a9b0fe""]","[""dds-canal-division-duties""]",official_reference_unverified,0,1
3fe30f56726885fd637f03b438940e05b19321427502d9938f6c6adc60f81f87,1039,bma-dds-canal-development-1,canal_obstruction,incident_capability,canal_development_candidate,1,"[""f91214c995d2b9495fd002fadba30076fbbb672e99b98cec1a95c9d4d9a8dd6e""]","[""dds-canal-division-duties""]",official_reference_unverified,0,1
6142738dc6ede59d5a87d0909d6dc9dbed57c4064f4df64f3b6ad19cf1cec598,1039,bma-dds-canal-development-1,canal_overflow,incident_capability,canal_development_candidate,1,"[""fe8dd7d4e68ba48449639417b1226b222063f227deb92af5bf1d0eaadb54f07a""]","[""dds-canal-division-duties""]",official_reference_unverified,0,1
5a92e172e0fa5d1f3fd1448e8c4df69262a7c616f8c9a7c2acb5bbc4c00539d3,1039,bma-dds-canal-development-1,,service_area,canal_development_candidate,1,"[""3d2f86f5541a385791cde5842ee0a472e23cb35ff5b13c3cdd606716d24f3923""]",[],official_reference_unverified,0,1
dca19d49fb583ecdd8a34381084ad5a5ea8f855b63859e6a05f11279775405f8,1039,bma-dds-development,,entity_assignment,asset_owner_candidate,3,"[""4fa4e37d880ca6ebca657e1eee5c30b3287d77a08378a384ffabb99229ab27b7"",""6036afbd093d299e41bd5a3ef173a26357f2b62bb70ff8dffc265ba43864a76e"",""e348e520c6dd637105ab1511d37559966bc0bf865a05b140f551a677ac8e566c""]",[],candidate_unverified,0,1
c8a2a7a97dee2c2d320eed44fb7c9a8188f52ba21d3f78801d3205856aecf408,1039,bma-dds-development,,entity_assignment,primary_response_candidate,4,"[""10a71b32df22fb354fd4ff040d4dd5622d4df97cb38be4e94c5fd5ea662b5134"",""2efd89b186097fc45241ce4e0ce3fdf766963b32610d00e60e84c32c5c4bd871"",""67936a8da688485fe46220fe1f8e6636567b4a901ea28a57e8a8b142cef2dcdc"",""ff75722c453e546ed270352529c6707422ab50dd7d4b2c4cc6129186e5a05b5a""]",[],candidate_unverified,0,1
308ff3c3f8d930f384dc7656aeb3e14809951c0913463bb85034458018a3d348,1039,bma-dds-pipe-maintenance-2,main_road_pipe_blockage,incident_capability,main_pipe_maintenance_candidate,1,"[""5ccd3c4dcb85d21e9faf8ac2050580bb2801cc8023a98ce6f0d0e16cf785d7a1""]","[""dds-pipe-division-duties""]",official_reference_unverified,0,1
a33d1a8dfca99e60d4487727f9bedc26fe988aca5a84df9ade3ea2308c18c570,1039,bma-dds-pipe-maintenance-2,road_flooding_main_system,incident_capability,main_pipe_maintenance_candidate,1,"[""53fd4b648ab5d44ee0aa2e68b621b1a2dbfd7088e241b2235563d11abab86cfe""]","[""dds-pipe-division-duties""]",official_reference_unverified,0,1
89aa15ca845cc63734b7071b7201be2919b3afb4de94d6ef572e842855495a99,1039,bma-dds-pipe-maintenance-2,sump_failure,incident_capability,main_pipe_maintenance_candidate,1,"[""e954af40d5c337ab32b8bd2c936b9bbb1dba18ea042d572dc45e79660cf1c402""]","[""dds-pipe-division-duties""]",official_reference_unverified,0,1
e120793ef0b1c15383b8ac0979712045925bf32fb3105beff20d2f6c6b251cf3,1039,bma-dds-pipe-maintenance-2,,service_area,main_pipe_maintenance_candidate,1,"[""07b77c62e8608d3a0bbb1909a6fde5428559568cf69f50fe42f06ae886f8ecb1""]",[],official_reference_unverified,0,1
58c0cd6f9741b054f474d1dc9bc8895ead8e2df20d5d28d48fd76f5d31a4f140,1039,bma-dds-water-control,,entity_assignment,asset_owner_candidate,4,"[""2668c629b4f66692e7b321de0ce7c6391a11ad675c37ba208bb1979e291db3f4"",""43d58bb3f00e38c2dc8af93917947c2e73367153839ea64e103954b27fd536f8"",""9d88a1c4f1bf4de477c4ed2e7100ac79d55b7ec47b7ecaee29f62771cbd4b6bf"",""a32c090c32c179d0c05158617dc15f7981b3412c996d82491572c1cd092a52b8""]",[],candidate_unverified,0,1
082fcfba916300f8f85cec0fcdb7ac848d14fd10213402ebd83d555d4fd08760,1039,bma-district-1039,,entity_assignment,asset_owner_candidate,25,"[""178018d6ccfeff5d6643bbb4c68dfecf1332634ca930958dd8507e071f421954"",""26e62a3325606a4041136cd0f2ce46b66165190d84c48424df799720e90f0997"",""2f40a7e99ad0225a418dc1f4bdbe6a3c5a5fb0e1f279cb2d85f2477eef14d4c3"",""343c5d52491a72df0299b0938f6b2087bfd3127eae4bae5dbeb540f5118ea8df"",""420dd3628c1551493ebdc8851dab3d508db366db39e8b946c1c4fd2f2dbb8de5"",""43d8f0b53a3d3404fa7a3e93c0b083aa7987636734a8cb82cd0fc27f5ffe92a8"",""66754e42ea216355679dc1c73d26ac13e8cc2da984d0b94f6fb1338397bcf049"",""78a52c17b900dd15c51b076bd00bd33a9ae12823dc92e1d1115bf520cac5cdf9"",""86959525d269a3262d3eb1566a099225b155df386c9920fa1c811fee54c7795d"",""87f1688af15de197108e61fdeeb031b7d05ada8214030822b43a937f27306142"",""93bb0a8120978754517da264b487cde144fe35d3d44287179c22805408689030"",""9cd5d3b67e920d8eff5cae2defcd49c95d3cc7fb8330ebb41b1b0dd5d67ccb3d"",""a9cfb5a07b52ff796facb6ab9264373373061d7555392344837eac0198e503fa"",""ae4c75d0ed7a28c08168b66ea7bd59232b20679d30aaa41911d2693e61256aa9"",""b614fd16c5f2c8fd09bdf3895f14edf7f39e977730c59f05a61c21acb4baf7b4"",""bb8528deb1823a196f61fea41a6bc443bfd0868d384c81da95328c36b01286d7"",""bde9df9db57a90a4db5cadd27220f5ba0abd47b25de0ba6b11c3c511181ae763"",""c5371b98277523e61869db64aee4bdbe6ff494934c7b74dd16762bebc5d2e26a"",""d6be2000cf87bec5aec4c4e123af6999ddf75f319df29d93f1017ecfd84bd6b1"",""d83893283bdfc726e79b9fc964bd0b8ddde3b2a5f2d5574c7385c25d58277184"",""de039d10a8913805f89b91da800ef1388d5c88c41199468730fc0c0b122a8d8b"",""e08f56a3d94f7912fe3bf806b039f0bf1b333bd348896091ceeb8bb35a473ad3"",""e379101ba91afc714b7b14c15971ac26024d65159571a9af4b116eb4da942d16"",""e38f33c37f75bc44ec14e5c8afcdd63efcdd8a6987a9be4ea34e34e02ffbff14"",""e54efbed91fb321b5e4512f2d5f388663a2d84e1b7fd0c7b4977e12fad3de7b6""]",[],candidate_unverified,0,1
cb419958165b7d091698de614a83627eb6bca386b519f496ff86a47d2b898942,1039,bma-district-1039,,entity_assignment,geographic_jurisdiction_candidate,71,"[""0b5d1230b69619d43acf066db9697910680da708b2e8a89f877211c0f4d05cca"",""198dc4c1e461fa6a4f7746fa306a1208a49b812d4dffa60e089b2599537996ea"",""1a8f5e2cf1b0208381c4100d890ec32c58f5b505f4efdcfff0508ff07128db20"",""1c4cc33f202074015053781183ee62c09d59d0e498a65ad1189e9133e66350b6"",""1e8b2d38a772345fdff52fade01cda4927cfe6d07d4efad4ac95471703a3a9f7"",""28f1d873ecc0e002b09e554b8a6fb8e2ac78d16f8cce19996bc51cbf745249c0"",""294841b04ca066a198e08f622436849db3513a2957a40262ff2c112d94654850"",""30f291ec986302bda1865e333a2aa1b66f245b1cf68d49e0e803e362bd7d6f8d"",""3590125bb48fbce200114ba50833b24140ab7c3087a118f68dd8fe38537ef572"",""36e79fcc512ba9cfd3164ad5497ab936a0cae4497d21b75fea0ea62b4be5580c"",""378423b612c391e8d826c3a5363af8acdf3f3c55a70d294150041e9a8a0a40e5"",""38f6b693a7fc53ce660a03fdf602fa4ebd91d35996919567e84ae526f2feedc5"",""3de4333e1c6001eae680fd7c89cc2fc565a49df36ade9237c50db516436151da"",""40a869ccfda1a7c95f18c4390be390d20c547533c944e271f2b381a47d4ab981"",""4175ccb65199a75b2daab7df2fb0f026fbeb55ce075ed4e85a309f3e8b496354"",""420cd04b972050152ceb14e085252baf7c9d6edcd3c48508da24c7ae92c1fb88"",""43bef63e9506af9d6df72e26f8ca61927f74d02b454f083774f0e86d3ac9b80f"",""46a4a42b1513003c7b46a575359157200dd036c22092e8e5dd8a665738b1cbed"",""4886e8cf6b2a5bcb46a8a3d382b7b4bfaf135e4eeeaf6dd3261c6b896ea879e5"",""4919b94d8fb55c879e5631c958fbbcf1d54932af95e6c97af79beadc26b8f16f"",""4ff2c029fead2f83ec5233957fb48de7f2f7b2f607c4c11cb40056a2552b3eee"",""52e498b7b1337590d2da85670d8cbe810f07e441f3dceb487b5d42abebdddf31"",""55a8ffc63f41905b61669ae42265a1707c931464c78f2945246a7660d626977e"",""599d51a1fa5bc7e322890471b0df0d689846b0ff19054375190beddf54f1c747"",""624e61a39fd46b6322ee774f09dc769f17eddbb7a220899dd17d958646218294"",""67a8c8fc4690efabd0ecc381ab4afde47f7d4ba9a9e9201ca4c1b89b59b64da7"",""696a3cb5c08f45c5b2289b461e5c016f05925b0c580c2fd6c7e626ec503b350f"",""6f2b87c1c6f4350c1ab906e913b08cb8e197fadc9783dd5d957e02dbdf37d286"",""722713535b718dfb0d636974f3f9c9f6311167997747cc6e0d7b4bb30cfe074c"",""74c6ef6d5244df9b9b9b6503cdb4bbe5531020c8611ecb645168b8e5622cba12"",""7e3b4786acefe1259cae5a8ff5101889e92275738f2484abfa36f4271889ae7b"",""884989ba81304b32a9712080a60899e2c8a5466ec234ef7b116e881deca9c22e"",""8c97a7abba0604cafe74cbdf594058955461553ac6be94c3295e2078c9e83142"",""8e94ed35288b472a53aef7f999ef8d40f086e8f6bed7af62dcc6893573d93571"",""9301f0a275a69cc0f1c91dc7a7d7b41d35b38951bd91b6ef3b14b08f5a36a0ac"",""93315345a3c34089b3e8ed84b3a7f3caebefe07a715595a8318f4ec43d50aa96"",""94a2eb0170d5abd7e5ca3d48c6e707ec4ae1aeaf11768b005c9384917c17f573"",""986ce3a947a6ad2c6e2ce84c9ae514523fdb3880384a9d50b9d28cc17714d660"",""9dfe2a3f95b35cec26aa34dbe0e1c88a24d1e043e8a4bb118147d01a96c657b6"",""9e86d7ce66eeadccda0e7cb0a2393e26354db9c53d241d7a84a39a03b1a7f187"",""9f57d67ef62be334f1384fd8044073923161da687dee8ba4bcfc72eeaa02d719"",""a0f1ec6e681aaf167f8dca06e2dd6140a2f57ab89032fb3884511348a7e06ef6"",""a5991b8f5cf65a487c19ae2837ce319654de412bda47536742ea84a13ea43cd9"",""a6dd257de8094c3d7d65c832ed236b24a5f2fbf7d965e340f8204cb634c42cf7"",""a7652e91a7cbf398855373b1509d1d3536ddcf049d879efd66e09fcb8eb19093"",""adf1e04f91a0e98417c44f7394e4a017098311b851de2cec7fe109aabec50ac2"",""b017f8fd705721924c949ab300bbb1712a80bcf8a62a6fe6085088cf3cc89d3c"",""b1581a7607392a41fe3fc55df962121af11488824d446d8d0d055fa1d60cd62e"",""b645d4e7c99b4505288b436bd22ee8a9e5234efb1a5ed6d5b73272224f0776cc"",""b7912eede85391598cd46a6f789a9c8443684388e4ea5d29d6c65a9d3a630cef"",""b9f98bedf238a0ec78d3366a47ce3c64dcba024b62c2783590ace280dbc1e5ed"",""ba47be9261536671c21467694f991fb6ad5a079357ea7cd04c1a615787d0e5f5"",""bc30c9ee2666a5dcb19123805cccb185c3356dc986673f8a04d8c951fcc2c68d"",""bd3ec71251bb94bf9ba82d33ea3fbe007dc8082a9f579cdc95cc9b869915b78c"",""c1d7f0e99c0d52d3878d10957141108af148586fdc550f8e3bf1a4566d421ada"",""c39efaf533a80a0fb603b9e6b0418157a3bb109e9b979a62522f98be2a95e170"",""c98444f70a0945099c34a0362393105e7a34d783f039201c307320876532a51e"",""cc90376b43c5d34094a315378499f5d5511be9da11d1b0dfc9a848530d40db56"",""d0b072114b1a367b9f4c5783248b825ede8b5c56d6457780a8aca9d032cb174d"",""d1dff722f296ae98b8c1fd968f60348b4927d22de0efc7d18a63e114cdd1dce7"",""daacf0b8eccdecfcb1a02ba26bb0b13ff9f5f47bbbb8465947e5f9ae4097bd0f"",""db9d7642bf5b2b11b05056cad0622a23319a6add2b477c77d41e45f7ef15fbab"",""dd54631b038f122ee19f2d05ab69f2f0b41810cb40537f99628ce40d3e11ce04"",""e0461ba0b074251117e21f231bff729eb33dcb79502ddd440500313edd67a673"",""e69ec794b6d587f46ad89699a014378c24443c87d65b3ca8e32221c11fdf2a2a"",""e8d9d61ce3279cf1124d66f8e4b3ae4c6d575c5c58372805012ed5e0856dfce8"",""f5696fb3621971aac440c094fa3af6ca196f350b1d4d07f0ae092e96fd2f539d"",""f57b469f65ee3f2ce141131f1e61fd5673015deb4a29c01a81bd2b66d5ad6f0c"",""fa3eed6cb402b60d8468591e5a56eccbecc0eabd45d95cd49185f3c4149682f3"",""fce4b96f7a310251a6c392dc82066527fae0bb15b11d6c29739bce9e8c13a6e5"",""ff990778ffa710f73757a789470193484ecf2faf3d1e5e01e7a7838cffdb4e0c""]",[],candidate_unverified,0,1
4af10613ad52123201a0786cc973cfd4993cae16ab67bc600e004167061d98b5,1039,bma-district-1039,,entity_assignment,primary_response_candidate,12,"[""10dd0224400db1a5c56eb6a512f8c718baa89b635aa2c32e50f40e202f8c5055"",""1a6879a115f2416c3d2344f98aa4926966452994b962f8a8d64289ed430fe404"",""292cc65d45ae62e30538e83cc014ca0a144d874de5c4b0116f7b0798bba0c3b8"",""3b87126c11e106c12719eae64187eff843d8f984904e56802a6c59d56b6c52a5"",""4eefc11be64b00b9455831d6c87f5487c2384f203ee32c2e2ab1e2e96e33a085"",""759168e107e9cb9d90f25f096b9f4b09ab29a73564f65d914bea00635333b3b3"",""8460a250e8757c51abecbfa6cff1627fe97766a2fd79289f2acf2391470b6738"",""8a3ea098543f6250b2de4f1da2394148c425caa48fb8310ffe1b55514ef37582"",""a6991ed38b63be821af939f306faac93cc7b29a865f0014f9ee5869801bdc16d"",""ce57436dab8e3a56651ed461a7339dc886cf79758c5caf3c51be69bcb0cf98f7"",""f0522ee8ed1875d4fc9be66cbfcc002c22234eb7f6e2990de3df1c0607ef4b30"",""fe9b38516fa67f2f09fb4e0ed60402efa3df95c9d3f557885ca44ef5d2505b9c""]",[],candidate_unverified,0,1
79cef566720410abc92ca42d54ac38b020eeb517d71c19d3c56f0dda6ce47aea,1039,bma-district-1039,,entity_assignment,support_response_candidate,10,"[""2d12a1e06450386954b07c9c40757f7354b8f3d9e9b6b9a22a4c84334f9b494c"",""2f589fa4933694ebde60323acd5250c495c9110e5f7ce14285fb5a2a7500c187"",""3777665a818f823c6f453f1595d4cb851b8ac4632d9f8ce248f4a7c9859fcc53"",""5390c738348ee4a4ec4afe644cea0b87a27dd87fe6f2066702b410ab1c7dd8f3"",""594884a87f4ab4f76dbb06938cb08c292fcb5c7994f321f3d593ff43982f70da"",""79f1002e01b46598373f050044a1c563606d5ac640f94d877cb72e195e77f33b"",""8c808228cde51981c3e7072f8dcc5a85378019f346bba1e82f18b951092a7367"",""c233af925ab57c903fd6fbc84055164ef61a42dfea9e44b31e85d700041acdce"",""eec65d08cd24747dee8a5006b43dda3e73c10eae97487c56bba63ebea64030c5"",""f39778d5497c3ac7eb2a07c400452fa6a4ba59010470344a13858fe06a4d9af3""]",[],candidate_unverified,0,1
ef4a048a82960d0bb27a62e9d64a4c56895c49152db06f11c07824792e6cef6f,1040,bma-dds,,entity_assignment,asset_owner_candidate,13,"[""1385fdbc758ece5b2032ebda10e7da92b9445b205d7471271d62ef2acd7df850"",""1bb3af017715ebbf2ca69d7f15b747e9bc69f4f90eb2ac5a5f6153fa652c0b23"",""23e88d0cd7c0ea9e7bb0a79501348a7c4e438e2680972ba001b579a45ecd7f62"",""4cfe279bf388a18dc206402b98c37dc495ed4d6ea1c2f969fc8ec5d854099fe7"",""6d5016a0977aca3abe938bbc9dcb0282ab867461f3f8cd325e3c09a230c8853b"",""849e6861ee83317ce19ec8359e9e3fb9ef41db80352bbf9d1ecfa04894304634"",""950e66223311d7783a8507ac5948a9f4f1aaa094065ece6e1fb3343deebbceff"",""a7d97708806ce2485c9a57e9ae10ae6469184c1920666c1b063bee3fa93baec8"",""b160eac90adf1c8fe19c3ee4f0341f96ac5519cdfdf91df4a332f9adb09cc522"",""bbbc02d7c24e6bbbd01b3c07fda1b3403cb1d6be343c0108a3894f5699c1e7d8"",""cbed618417daeac2b146bbfdf439b653f2625bc80eeeabf96340779752370ada"",""d2aa9c2072ddf54c9573e2598987dd85e6fbc632c27300045aa4e826f38aaf2a"",""e2e66bb9539e27a0afce18b91b337f0e420b0d4a962a6f94142435280fa098a8""]",[],candidate_unverified,0,1
c0c3a5aab9043d8e1cb1b7bcaa043d77ee828bbaf273b2201c96e812b604bff0,1040,bma-dds,,entity_assignment,data_custodian,6,"[""009c2ac961603f3bf7e8d391ea4e3a6f3290c7514a3357af3a20a15117bd369e"",""16f541ecb9e2c7cb5aec26bd0d5987079c0813b3603dc8c0dcc3c070c7518d0e"",""219bef03c82661701fd877227aaaf32fb8db76d1228d8d81583556e6cf022df5"",""6c470eff3297749b0891ae315305f231ca94a592958bb04028b6c8f88548e278"",""e75425d6c2b8ec03cea7f78d78fdf9a1fe623743ca667cc2f8279bea5c7f56d6"",""fded16af5d84681bd6a82f9752b49037ef9866039803220b0918a1a4f950a39d""]",[],candidate_unverified,0,1
073a7688c2c6eee42c7f236691219fd7c11cf17605bb310c1dfc18912f27b7b5,1040,bma-dds,,entity_assignment,primary_response_candidate,7,"[""0b05eaa837b306f19dbabadbf261e8b8613e3dd095bf01415be52f2abee583fb"",""1d852bf979ba39f72ef8055179cb7854b1eb89289a990fa4dcf050cf92ca874a"",""24c94bfeff0695dd156379ac1cd1432b647545e5ef9003b89eddea6a07a4da9e"",""4027c4205d3925b241a9b7598b654e06a15d5cde90bde8c782cdd0c0cd00cb9e"",""4ac9d2d62cedcff737b5e0cefcfaba4409bcf901f8f0c66cbb2d8d43e28633e6"",""887ee912f4581a493de9aa9d8d7f1c20421238c65cc57ba14abbf4b4d3755888"",""dfb71b37a04e76b28ba6afcd3ac8e962079cbe2e43b620509015bb98f466325e""]",[],candidate_unverified,0,1
cab24ab32d5fbfbb406bd446bf0fb6d6f066dac1ebd4ac16f0056d5c39a83c76,1040,bma-dds,,entity_assignment,support_response_candidate,15,"[""0b082f0c70e1fe36a2bec72d9c8ca1a915a84d821395c4bd4da939cc233365d7"",""21b18270bdd5b8ec777594132808e90444a75c8878f8a79c5dda908fa28fba07"",""38ba7b2957923bed3a52dbc957b68329ebd63be4a8da5bf6fdb0961055f39797"",""5c1c27d06cfe85188459a10518b6ef407a2f306858137ab732f93a71350c54f1"",""63538fbfa69f3176d5aad00c7ea5382be4696f83946e352745b552cb9cc3cb7e"",""6d88f3b276243322e5aad559433fe5b340648687ce2e5a19d48e5a1c5e5a3b45"",""771360e99dbfccb0d204710eefccea0c9205ef17df1f14b5e5fa682d7e85b75e"",""7a81e7bf0d868997866ee6a470889fcfb950c1a2fc6a947ff152698dd169c578"",""92ed3cbd19f9f565fc2400d7050c9e128615e40a0dd7e970f69974d2139631aa"",""98e14897d06b77ebb70f60bbb68d8e2f497551e8fbd96256ada81396e6d5e997"",""a07728eef616c94e0722372fb980db9ec831b1582957b2f945157725096f8ac1"",""a29c98d9a29764ad2244ec4cc9e95ed2b1bfd571b511125ca82ba844d3203c87"",""d1f2bd3183085624991ebe6a23d6791c5ccdbaf7168e0be9899d6f11aa615765"",""db09081fffde91eb6f762bf4a8bd421f229d2d323103e11b611d83875880876f"",""e6f84a45f29d511f5f415741465b25ef685fe4647278cf41b8ed0b5260982af5""]",[],candidate_unverified,0,1
2d146c1a71d020aeda431f07f8e5878fa711076c52085d783b90ebf585f60865,1040,bma-dds-canal-development-2,canal_infrastructure,incident_capability,canal_development_candidate,1,"[""85ab15a305af3dc340bec92956ddc2e365547fe8510667d2f1c072d0cd520f68""]","[""dds-canal-division-duties""]",official_reference_unverified,0,1
d625cd1e24b3f085e3db9a547c62257e98b8d0066ccc619ed75acccc3ad7fc85,1040,bma-dds-canal-development-2,canal_obstruction,incident_capability,canal_development_candidate,1,"[""c142cdfcfc19ef3067d184e728fa9cfb8cd1154c7cfa946eef4ee80855f8ea2b""]","[""dds-canal-division-duties""]",official_reference_unverified,0,1
c7c272d3e5dfc4d996099395b520f33d8202adf326f2e0b2d53da4bce3ea0296,1040,bma-dds-canal-development-2,canal_overflow,incident_capability,canal_development_candidate,1,"[""99782eec52061ea54d1607a7f8006674b96c648aff4b2db652242f5cdf09ab5c""]","[""dds-canal-division-duties""]",official_reference_unverified,0,1
62ddd42d5a951c99c6fb7636fc2a12938a89a2ad41f9ba82d0461f34ee7e667b,1040,bma-dds-canal-development-2,,service_area,canal_development_candidate,1,"[""1ec860c887d80ed0e5c6c5c532efaee1ae86287bca206aedbb6b06643125f3ba""]",[],official_reference_unverified,0,1
5e81d7e76b489ce66c2985a8b3d92d06000e1931ee9f15dd3e31b6b46d1eea10,1040,bma-dds-pipe-maintenance-2,main_road_pipe_blockage,incident_capability,main_pipe_maintenance_candidate,1,"[""2dc433ebd6684cfc74d4ad6bfd1a095325bd898db844d18a8bc6e237c2421cc1""]","[""dds-pipe-division-duties""]",official_reference_unverified,0,1
63cbe015fbd585821645350e171cecafebf8ff81d2ac62fc16e594a9846d1954,1040,bma-dds-pipe-maintenance-2,road_flooding_main_system,incident_capability,main_pipe_maintenance_candidate,1,"[""575a4ae12513e836a8ea8b2e0c487d41d64e0301999f8ef372204b4ffced6f9f""]","[""dds-pipe-division-duties""]",official_reference_unverified,0,1
95e2dee6fd05ea7a201ff4875f6b80d5eeb02b60bb2b8a7c2d9beabb4bee945a,1040,bma-dds-pipe-maintenance-2,sump_failure,incident_capability,main_pipe_maintenance_candidate,1,"[""04323f9e64fa7c08babb1ece3fb9d57846e7b28887fcc09159788997714bab43""]","[""dds-pipe-division-duties""]",official_reference_unverified,0,1
e3f8edcb3f2e3ecf51726da993ad6201e7986230e394c126995428aca1c7f02d,1040,bma-dds-pipe-maintenance-2,,service_area,main_pipe_maintenance_candidate,1,"[""3ba54ce507579a9c10e005a8168f277bf5a847b7a6bf0bd3f42a1175b0f615e5""]",[],official_reference_unverified,0,1
39c82b532078ec1c01b28012e708b7f8c8fd49de657b280b95b66253ff76b7bf,1040,bma-dds-water-control,,entity_assignment,asset_owner_candidate,2,"[""748b22ff2467f2135950ff24a780913653d27b0b97fc9fb3704e391353159459"",""f65727e7eadc00b1dcdbba34352c7e0173e8bc634a6244db345084b0154117be""]",[],candidate_unverified,0,1
31bc9810092c47e8cde9f5e03d1a47fd5ad95b4b5a5353fcb57ee84088f28195,1040,bma-district-1040,,entity_assignment,asset_owner_candidate,140,"[""0306e4f261c9b051405e7aae6377614eb0d963089055f492e7ce3035b5d4572e"",""05f53a6ef766c9870321518b7e3978f11204e36f6c3e87d985d067e9d8043922"",""085467df9d186afb7fe6861d8bad8bffd5470caba8b4d1f7010e7333499c7a99"",""08bb5b732820a0cbc8cd5d426cdc3361c7c3a5006ac0cc2ff06bc8d7a37e61ad"",""094b8d57342ae0b16eb75f23c1d34102072dcf1d07a9658269f86a47b3650e5e"",""1266f2ecad49f831c9671e23e765a9d458d62558df557938761b4f202bbb27c6"",""186efb1c2bb9a270f705c04e0164b818724a5cb9ffe526a9b099718c0b466b90"",""193a272d76506179ea560b89b4b9d03aacfbcf2f89002ac65194ac3a51a46909"",""1b040aba298ba10ae024ca3aacf81c10457b22c4909777a4de704a6da502e487"",""1deb298db8a2ed9bd942c3ccc4fa0753950a6b363e8296e322642320a1d0c5a0"",""1dfd6acacec614c002a51f89c3cccefc4e4f1e9eb4822ffc71657132208509d0"",""1e87279fd67dc235c67ada2ebbce4b349ab0cb369b3955c45408553651965b93"",""1f55204a0d2f472b1c322a8e4255bfa4aa5ab4b45fedf84ad40d9dd08edf92da"",""20614ded07529fa30b5a9d8973487f26155cbf127593a1a859e987bda9310a19"",""22431e045aadb0394b352d2ebacbb8bbfe04e2a8bb3a61a92b271b0272b65f3e"",""2339d5af93c30912a7334c3847be5cafd141966e0791d975867254ff8630b3a9"",""23d945817f932f57e626ea68cff7eba4d7408cd039c0b71d12db4fc4eceb2ee7"",""24e85cae1e16edf29778dd4d7c13339fbac50e9e7748b68c53de8588c55d0782"",""26497ef5da8c5784be37e6ab9df390b4a871979aa7eb0de520282d63ae8e4b00"",""28eeb9da49f4c52fed2121546aa72f68e8bc2fb73a67145cf777d7d486bbf189"",""2983f2844837ba2789c8abac330d0feb7baebbd4affe5b6755d5892dc3e261c5"",""2b44a679df4c1362c63a42e29031d10eec90d4e6eac45b6895a91e95ad5734ab"",""2cad2c78ba066a587af5dadaad7c2cddd3051563053d2ee1aeacc50eec4ca41c"",""2ce66d758b5ba24132c684b92221006cc82c58d863284bcc6c6454ef76782cb2"",""2f1235695873cf032ad9730063c5173aec36dac8e06974afd3142b68dc10ae80"",""30f444ccf84b7f403ba389e87766aab3a1ff335b0c01a11d8b83c54ed4273c6a"",""3223729ad05220f1cb6242b936badca60bb823e4a9f652d08dc37795ced77152"",""34a9a35943977c291f0c9a66fc7512256bd5d200c29a71a1d8e599067e04fc3f"",""36dcce74296a746c15c53265c46baf8b63fbfb64009fb9e0ba18d41110ab14d1"",""392f484e6e3431fd8791a819d7da867d252779175b1199e3eb895b6a321e3eaa"",""39fdfd48d2ff8ec31c417d5936f4022987f8bbf118f894499390850933f53797"",""3c03f1d944617a59a4a6b250d8553ceed1d27745f8f9a73b9b48c4c7a2ad644f"",""407bd2d0e283455d7f1a870ca86d69996f6e6b660b604667837e589d0467cd60"",""432158d406275adaee1640f32add6c3313650eff546cb5c05a65d43bee10c1ab"",""432a8f0eae9d8b27a9e1d3239dc28c9c1b7dd0bf619473dae86a3a3498bd6ed6"",""4390f3ac983ff1165e24c17c53502aefcbfa08937a86448e3fb74c9ecece1a84"",""43b0bd5e5374f7714b05359a34dd3705dd530f9ffe7fa32d4a38106711fa7131"",""43b3779c85fce8db63213ca4149747bdadd12d18e4af135eb9c95dcce0b431c9"",""43d903b8a629f3cf807071b4ca588de1ea9920aecd70729adf4742391913b1f9"",""4541fbe0ab02b9e2d86ef7a027f8d67626b8ccc4f9fd4ad4fff0f6b8914c82ff"",""45a0865953beeb1426105343b4b1a11dfc7fd5c5dc591585064be70bd90944cd"",""48ab57e92c6e10913f6e5cda7bdf50b152c7a0656d31220a101b261fb8dd5343"",""4c3a151bc9c7586ebbd4d1237aff6b5ab6faded0203792f8a58d8e832b7cfd98"",""4db4611d6a867457ad1f32441b67149a03916002adf554817f3a2ffff9d33e1c"",""4e03617bbe6b2fe080bab4efe0f084a5938246d95a25dfcc718639536c9bf639"",""4e4b9488c3f9661e5c6c0c8fdd109fb75cc8f289afdd565160ec937eda89c479"",""4ea749840173fae9f3a2c84a54f3f4b5a29052f44026bdb9bc89fca3cbab98e2"",""4ece1553673ebdf9aeff45bfc0279f95008ce74edc8a0a08a6adac2aa388ec53"",""4fb1269ef43cfefe5a8d5b0df7e77ed42294ac9f77546710648e9b813bc281a4"",""5209eafc86e0e8235673bf7a0f5a7e340b7bc6a4a12430e82548d68c37247603"",""543cc627e977d6f0c8024aa5afb58cdf2f4a321fba99f93cf136255145e59ab4"",""55b65941cfb6a5e019193bf4464fb55e5ddc0fe856e977ca8f7bb4c3f322d6d0"",""5743ac2cf28ca1eeffd539c6e8be7e13c21cda40bc91a46e20690d6dbd4ecef7"",""5c637821a8408305db4dc5d2dea7c30c04e224edb13bf0cbca758285d01b7f9b"",""5d77e43dbc3b3b9b663f682285a329804fbb682a6a87f8180c9086fd8943056b"",""5e14a5402a15aafb2ded6b9a405b61867a23c5c0f5958ea8601ae6f6ee6d81a2"",""5ed05f0722c29c521cbe77098a0fd53a971da84042dd3db71ddeb60cb8202813"",""5edacdee8fa8e85b70420a3f51497ecfbffac22e166dcfddd7f172cc6dadf57f"",""609989a7eb8a28232b4693ca0a0752cb45e8067a6fe589ea72abf50e4f7ec85b"",""60dbccfd7377f5f38b0b653561583075dd809e55a6a73022c0b078ee2aaa4eb6"",""650b4d2ca43b536b82ca4e35e3060b8e79d91ff87e01cd094c477c53426a9533"",""699afcd4fed0aca8aaad7cd3c4232105fda9b358fa1761869df7bbc471145660"",""6ab0728b6a1e964d8a1fa70455af161a502a6fb6ec394f48fddda91da0568625"",""6bb09df8b8ed06a0bdc5f815fc7ae226669e589070bc2df9ce47750ceef95397"",""6bc1a356fe796adfbf4d2b40b34e6fd9ca474f0c1a753a4db456563acd13bdd9"",""6fd14ac30c7aab45b1f66f536e3d1ae58c1f975f5024db26199d1eb4638ea7a9"",""722181bddf22ed226b5f5fc2673204036104e1420d10ce9470ee39ff9490fcba"",""73c6ec6a6d4c38c59f12b5e41901ae6ac88a885b266d8c7e5bf256e1979fd94f"",""75447916a5ae5f3fd91a58157e0c11e9d184e0cbd56fab968e080331d730bed0"",""77a9b0daab34617351b8894f24c44748dda9f708ed80717bea2ef36646ac1a6b"",""78878e9577268b4e220ae9bb90565bf9eee989c6a1f3330217d1c91b5eae7ce8"",""7bc3bc589d245e2f4dfbccc5992cd86af29c6e2921250f6aaa0731b12f4e486f"",""7d586865b34a7d4e97133a3bd0d8d2730a2f2e382e95556c502683cf9e75f399"",""7d83df9a1936900a68113b65b0836a4f5ab6b63b795660ebcdf1c60da56e2130"",""7ddcf3644e9648003c93fe516dc631deb108a2b1d36e9f8068ef5ba3f72e27e8"",""7ffe1116643e049c615cef1ceffafd411e90c3a75cfb7f3bb91cc36a414e3e08"",""801376fb140eecfbf07148f74e564cef122cdb0b9cf50d690b878d9debdc4c52"",""803fcebc123a3f96601125d9f8776069bd84756b6ed7d33f3fb6b2ec308f82cf"",""80df12df3a95259ebe8d5884a06233581beb001b6b6e104c4e00f91451c0d5db"",""819d3f0f7f87ee53e07998d36608b80eb973c5eeb03cbb038375e00a490c3f54"",""81a9eeead51fe43666b32eb4825108e6ec1623b033420daa4dc840be2ec9845f"",""825194310f3e7dbd8c80af7609e4cb276e2f8eef0916cefcc886167ae2c64243"",""830fdc3169ae9efc2906692780167d442293d415334b652199bfd013b0aed4f0"",""83bd7782e759f74416643ea9f0c231f889cb64711dacc29111c3fffc443050bd"",""8453364f5fd0286a37294bdca1b4477c5527682f7c4af744320333a3093fdf66"",""868c9f19e37050e0786c08c4f81aecf7f1358a91ef172938a9f3ea8ae8ddd8ac"",""868e02c9bf75c0473ab31c6887150eab50003c1727d41f92b03b49e547ceeb23"",""8c04f8f9b20325527a7b1ea5ff36173e5168f0739b4b8b60fb6e79300061c52c"",""8c83cb0a94cff82f7a042e3c78715017a1813dffb92f74d4aec9e15a7c2210d8"",""8df4e0e46437ff0a858c567c96438cec6f7bab311f7dca4ddb8a5d5abe99e52e"",""9022b2e9ecc5a4a9780270e890fcb9deab6b13397315cad32d745988706bb12a"",""98a31a9720b55a96c157cd68edb4be56d6fffc8351750294de828ea9b7edee51"",""991a31e194dc05fade5ac009b9bd8137f634c0cea1f199ac4f5867a007cab7c5"",""997c6cdc122511580bba96260f9a78dc29e3bed906bdde570face98ac615ab5d"",""9acc121fb1388f504f56699300b7de36992535241c4fe6b73764b8207a452af2"",""9d5a22924995213a6be9ce89761b5a98d0eefd827482119791414eed8649858b"",""9da16adb1eb8820a63306f1d739ab628ce7dc7b7ab93d0efdb3d0b3f86d80c40"",""9f0ad9ad2b948038a6564c7c7546fc3b9398bb48bd58c4f9d6fdb65a425bd34a"",""9f0b2a29f315d174d1c83aa5855fa184688b5a2e0eddaea5cf3c72ce46ea059a"",""9f4dcfa9129470c9cd333925acbf2b6a486e9dee2e27fb82c50e39634d02af33"",""a0f24f8de600932b758f15490d645b63999bf15605c036c2173da427817e60c1"",""a53c91aba19571c700e87c2dbc2b39f5a9ab7e6b25534614998d2dcdeedaef5f"",""a5f846217c4dd0afeefb0b2a7cff56851e44277d94178b9f3e74fc157ae30cc2"",""a7233977551fc0baccc319651624cccda2c866660d461ea75661e9623f7041d1"",""aa21021299e09d1009258fe3d65bd4528dedee69f7760b66a317a7ff78574959"",""afcfea21b7c11df3128c019fa31770fe987f5c0b61f2306c423c9a95b968ea3c"",""b3296772281ea783083b3d59613841d90e5e4870badc8ab27bf868b1bede4c48"",""b3966ae1ed57de798d2b732d667adabdfb8e9f635131b0c685a6ca8ab375d419"",""bacbef6d9df8301a5f606417e1a12753eca1541253dd2c5ad1e7bac503cacba0"",""bde294a81a7d7ed3b31411f6f5fbc43092772844398f223e3b1c05a1cfa03920"",""bf680fa6e107b7ba423588a5eed775d67a3617df4fe704c4bb69143602cfd750"",""c283e4d2681e8ba49fadae158e36a34deaf62db9dae2f88f038bfb208617cd48"",""c48624d175ed87ad24bb7b41e7e7faacb99dd45224cdf8776a202b90f9017e65"",""c6e9666f5684346f852cbabbc9722ee9ae6c82e870a1558b2dcb1e1d9894c760"",""c9181466a7a89f7d6474e046398b8117f791c23b23e97696edd6a0e0cea70110"",""c94c037978ee176ebffddbeb1a41f597ce8bce9447611e8478d88987ffcf3d71"",""cdb9213e029fe00b33b7b21e719b430e57eb2975bbee35b71c8cded4e7f7916d"",""db2ade3c692b590b6550133580d8164df902941c1faa28f9cb4957d9e58f2e9f"",""db6ec0261dc356ef2a0997c823aea78edc504671c05f33f2a0cd21cea36b9143"",""dbc4e2e12af40c8a27df8a5333f2026fb28a3691b534bdf77f1aef92fdc20f54"",""dd11ca3d48fdfe9511b0d30ada6ec5e138416cd4be1a37904b77ab29bf0f57a0"",""e4d117eab74a659361f2af6b0f0c1425c276931dd8d35a0d83d16c5dfd9abcb7"",""e5b25cd1574465692779595a84b2af9604fe595f4aca257d7cf057674fa60ad2"",""e632d2cbfc9cd56c7e4c33277383d8d02c34630cab887101ebdf2dc08ecbdcc5"",""e6a9612a23e44ee9fc3bf3b9a0f7057cab826683123b8613602da1faecdcf7dd"",""e6ac7fe4612dd7821664d7467b641134f04e1f73278d83830b5f2756bf3a5387"",""e6d57dd338a1a91800aea79eb78e68abbe9a86b5353b6811af42ee25d4ab98a3"",""e7397a3d4d94ea9e711119059f7ef471231b7ccbba89f2c2ee499738baec6b6c"",""eccb8b58dd1683579cadcf5a31ed943c237493e91d791a9d072efe311ac79b24"",""edaa6b49052ad0accdc6ee7ba495138cb4c5e64cbbafaeac61a94688ec158df6"",""f16cb542c5bc1304ba36568fa89f2e82d0bf46de1c6c15a63715f9bfdea665b9"",""f1a7ea08063c8e2579f5ae5b0f059d577c79d6951a8f2897ee3de4b517226ab3"",""f29a989366d5ce6c004d96aba9c3bff63fd80fc45ef76b3d6c789c3db2624147"",""f59d9df2607168bfc23ddefd030dd8da53115149e5667418826f0b8908adf936"",""f7517db09539d4bd54d1cce0e3d5e9a225d6d005bf10d3d5bf8ab06f90adbcc5"",""fc4550c2969bb4388adeb04c47fdab64291b2a959f048279eeaf86073240d102"",""fc5946747b460aa586f862b50533bd0c4ea4044d8ded78ba5ea0b98767d066b8"",""fc7a6d386795129f80de7c82e20e74b8f374dab1843ea9e19650ce4271ee9f18"",""fea9c8a64ff6d9aad4912a8a64493d8f00e0e6698837462bcad4f682360394ee"",""ff39aa023107d9a35e274911cdc0199e6e9786e3428ee54be1d197950c825987""]",[],candidate_unverified,0,1
2cd967dcb45970e1baae247524ff49b48ac2f25bfd64b8282d052c45f0310021,1040,bma-district-1040,,entity_assignment,geographic_jurisdiction_candidate,204,"[""0088988044188c7bc040cf17e4e0617f6bb250dd08d0c90e0abe8f5e08298ff5"",""0767ca0bfe611cf5379194179fa9632ca402b060fd32adb2a898756ba34faa69"",""08c0fe09309ad6f5bae1aac1e1ee93a3c71160790885aa1dce3dd7731224fefa"",""08efaef8d44bc97491bcbb2666bb9c709d6961dbd2e270e6993dc81a34f65d9d"",""0a076d64b90e2e700de5b5a21e255a5ce7b7346b90490f58f8bb582983eaa967"",""0d14575c6bede33b7b499b1e5349b5c3c0ad7c0b8bdcc0cd95194a5e4bd40340"",""0f7a6a78685457c49fb9cf44693d8567027715cacdd38262c5c0bd2f7e690cd1"",""100a65b8d324a88986fbafdb3a542978509d183a28c82f35c0b7a713ef8a4840"",""113332fb9013d79b1cbaae5a260cfa567a3d78f59f9318685eac963eeeb7fc2a"",""1388cb837d93fbba0b0b5d58ec0bb9c540261febf276f5014f1cd85ac04018f2"",""13a4e22b110002ca8d7a8e5631d5c3cb45e9768793a5d5fd6bbf4826193bc624"",""156dece47e74afca63ce1c35ac7e732b2723689a65a76eea384557c9052f2bf9"",""165086747e287511e8b6fc4ab40a04809700d0cb1fd10e5cccd3e739231a42ab"",""16ce6f88ecc10f3a53393dff87ce1c1f219d8c1b025276da50d35627e70d31ee"",""18a06d8ec4dbea5741d05d1c9e69b7891f7c60a872d73e4a2d66b7c504a1ca0a"",""18fac71df9798cc52bbbc2431b88ccfc554ff3018f0917e714b09a085203f3e6"",""1c15b40efe7e14e4d66388caeac82f419f6017040fd66600b8edfc0e91187e78"",""1df81bb09231fb4ac0e38e98cf311537bf8d8e09b683b11f81bb93ee2fd17376"",""1e4263bb2521bfc3fdc0c515df4eea36d8975516ec566cf56200ee5f001a05f2"",""1f42a99c13889820eb2d9b3a80ef574d2124ef2ff42fef6c1ae6ba9bdc401a89"",""1f47a34fb781d5d0aab3d9b2bf7cce22b5f53d7e750d85e7f7a229978b12a066"",""200877beb9087af2dcaa9a117b8ac0b98e8a3e73eea18487b59694309c5a70d1"",""210778242afaa58d232033c7d3764d746ec7c56dc750eeda75ecd0dba9449ab4"",""2378c56dd0ad0bf4be7231f01771ca3427176358b813088d0aef5dbd93c748a8"",""241b894aca38896dad9567f372a0bde0353460b3dfed6a97e4d6ba858f47b4fe"",""2420d1c098685f73c16bc4ce674c5b1abe224998181b1ea28b66d45435634c9b"",""242736632a4b19451e05df05d95e2e5182cbdde0fde053a83ea21accdeaed5e3"",""26087d717c6a3a4f85e4771b0751b7b4c90576f7f415db1f7899662af034b3d4"",""274df317e67010cd5c4892eb7230d07a6778ad0b5f70c47592f1964d66cf4c63"",""27e7d34e2115f3aa83c196cd9660b52f2646c8b9d1b8e743d88c7647c34f40b9"",""282ce66b1500cea131ccadd4515b897492cc195b70629e7cf8c4d9e0ee313d63"",""2b089a53ba3d4e7d94bf2bafc1db4840555db99ebda79b138dbb150c8ebcd401"",""2e0c6de1cc6d50fc450b020043d5f5ee182f4453c418348d9ebefcf5a4e929c7"",""2f56ae5a8aa1be6b5586a23091705991038ba4d36014730f231e9e2ae07a7d69"",""2face9162d7b7029a337de52981814fd23ccbbb90df7ff40fe61d011aca83641"",""3073d0f39798d24669a6b8abad70a1946c4adf5825d069640b6d92758776f951"",""324d52bd0545c4ad50e5295e774ac9e03e2d46ed7309678e2d3259a557c62127"",""3727e66d24e65d71e4ab9214ef1492dde5a23a32d543b8674a3d562bd63a6632"",""374ab7c92a5ae11d3963b7152dc809d0d4e0199ffc57240d14d419dd74107825"",""3806aae8faae465b7ba58346619983a6970d110771a05f03d9d1119bf1e151dd"",""3c86b411e29bfaf9f4d30ee3c4ccfa00acd4100b45cc3e12373dd01ae9c11dc4"",""3e5326044016a3d7473505a059d0056e6bace675bd400a0887d242a9627568ad"",""41da162c03657dfc1d964d23c47a3014b52860130af477db1958570badf3f2f3"",""42ba21e9d69c78c7b20d99fbc2432df6c385c47b2890c696c1ddfeba0aca8e55"",""443f10cb6a7da8d687774c7fcd03b412b443ce621a08bdb32599b8e1397a0244"",""45454665f2db731057153e2a770949b374835895fe1634162a92e2bf16564743"",""455ebd84e1643a32700078130095060933a1f183b2c046b7f26e441057e9b60c"",""45788899f0913d5db91c1cfda26fa8e475b7ef483dcd60b5b392cc0b9c683aaa"",""47a96322c94c673c4e6b69e15981ba70efa3dd48a002812e3cb94b46b1b4b9f0"",""48f38274b0be9aadd41da35f35fe20a29ec16c44f7ca8df0d9922bcfe33f1adb"",""495606bbb4b79305b8e3024fe640da5f098239264bd84e0d109583ef947c2f8b"",""49beab24bd86028b8be85e7d43a4b6482875828786e06c02507473399bf3fd82"",""4b26254ff6107faf4fbbd4be6a409ddddb244077a36c5f2e2257990de5bad1a9"",""4b2c3c648afc6085d2e8138a289896144d938309359b5fef38c172e43bfa4e07"",""4ce749001c7ff3043dec91197f33c2aab21a16138f453365ba95afdc5a7d9557"",""4da9b07046048fe919fa7a66244b43f223d22cb63541d7a5572ee90b4147764e"",""4e2588d1f063b62d83365cd13a5226276365e3c33b1fcf9f740da7c9dc1ff941"",""4f76f3f381d40529ef53770fb970a01601e1fb3d2519ac1472f0ef335e5c07b4"",""4ffc37c6227c5050f09d865feb266dfc7f10c5581a44583ec5708fd428e85d61"",""5100a83e9263b920c7a72e97de875af9e052083fbf7767848970dfa432ab7e4f"",""52e4abb04c48433f225980d2bbd94961c9b7e8ee9e36ba7a2c66151c9cb5c8c6"",""53ac1a61fef516485d4d9500ff8b4a4ccc81a2be008c6e75d33c512a2c58659b"",""5a1b6eaa41029c8f9c2c9edf5c6319e823e8097a915645924c1ef8918b637dbd"",""5ace5ac0bfe714c435fc2c5fcf47703e20296f4b3e18fff8df3a3743a0027862"",""5ba013b988977471ee3448e158fe2676fd1b66d93f06dc13a98fafb9755cd1ed"",""5e3027d0a54cd2e4436895b92555ce0ca729904654eb7d286555f5506c185f6f"",""600f2af9e16dcaaf8d537dfb395dcb235b0ea6fcc789fd1e9c49f5d4e9e5eee5"",""63ded535f8cc3317974a42f4f0299bf2ced83d111158e572c88eb2379bf1e42d"",""63f46b67ba8ef729cca8e24a391d25858f7d26d9c696a121858c5ece18b0daa8"",""6527266681ecea0cdeefc14b6c045566f360f6252153d824ea4081a3b8f8e3f1"",""65e8398140e41af305b3789d65c981f74d09fe74ba47fa849c04f7a3d0bb3161"",""6774e8d255f7781ff79d14fd2601d185aa6297c1d58df0f5e8d6723ff1561044"",""679d98cd409738cef939709d2b9022551ede2a20b5ca830a3c496cc670987d11"",""68505b6cf8a426aee64071504ffd662675d4c0f295bff4b5c2df12aaa03fdd82"",""69cd2a7754678af28e62d29e51840776946c2bfea6befab7980b8babaf1ddaba"",""6f9340b7cfa577b1f18d318f1c72b89a4f556b39a82f046126ee3946875310e0"",""711db8445d18863cd3d95cdcfc48392215b10a41f5bf0f2354b296385a3d99ee"",""71a09f170d58422979b76c9cb268cdce0e6e819fcb9b4dda799f98c75968f052"",""73b53b184327d523b83a082dc0902ae7e533068de2e33ed87cfa40231a90e68c"",""73e132f3403ee592746ad63d6e12c2d7bce11fb3722b6737e8099827c8f387a7"",""74fe4c5428887853022aa3b7a84a541dd28388254b3a94f47da72f1568cc96f1"",""752a6e68b6db134e4a44723f81fe1f290101a8e9e8a0f34630ec3e3fdd968d9c"",""75441527fabf05ad02ab927f5cf310c904f3b3dcec33e0aaf8381cbf611235ba"",""759e63e62b62d18b86ae0a2a49cbae3c36c48dcdc4758d910ebfed403d51c6ef"",""7629ba2ca2cff34a4b3af2359e2f0ece57198aa301d5436d25caa123b7270304"",""7895b8711fb549d85ea0dfe52a15d98063b14f69c34f2c0e4b6b4714441f1a87"",""78b2f57c038561d44174f9714dd2e5ca8d102835aad054630f918071abbda12c"",""7940f1e4a88b8d14d5c799f12a6c634e0ecc3c5a36b3495513e402ffea320917"",""7ed3708607e946e8f390eabab1b728cdf77d22b010546fa2774fff0f61ef6ab8"",""80cbdab3b22e64533833ce6ac1729cd077f8125b29a55247929e7196b5d841f5"",""813948e02d380bd3a0184d478710ee4a721f9473273313d07adb5cdf8502cdff"",""848a51232066dd8f11b77b0615f8a2f185170649629e0fa9feba93aa57527409"",""8519635492e0f698aad5043f045874767459a9332abe3edc4e8befb314545989"",""85d8175ab2d77aca298d8a3f6b8a340c8db5beacf3489201ed556e27c6e53064"",""86c4b7d53de951e8d94524bd1427b7e5b85f5f87c7149378a20c9e7037a47ad9"",""87321b498d76df7781798a13e043c498a770017b18d79003759fb345641db31d"",""878fab46667a5e08be59853dc377683b399087721d1ee0e1f939a293eca29de1"",""891c728efb49936434a877a7588ad7f28af98ffa4c67c77d9c800bff6083025c"",""89236cb4d122c30f352bfa16e1cdd684ae96eca9cf2c41ac68450b1f152f8510"",""8a9de4e1f075c09e9c22446079839b7a2d538eb684b89f07247784dedff46264"",""8ab85d71714efa2ed25533800f3f131f0e8e7487f2dd8cfdb2553a3839c3b63b"",""8acad4f639590e23b0ab9c677162920d48d891424332718df905a4f42a5d3156"",""8b4d13f72e6d68a18cf24de85e5b0d0e4384e31dfb355fcd9bb29020f5ccc953"",""8b8b3bc19e0d80e6689e88fc18db3704df448ce5a3902cdd8bfff728bcafb50e"",""91c017985fd395aa9ba28f56be1d6469100af7476917f0c55d68884d3f7b2480"",""91c2b122fcee097d0c6ba7ffbf707fc3692c184186c60cc5496e61f4b8e517f8"",""9294e04e0c41808408d9ef0fc3df75341654a659c2b6a251be69abd0a0e427e5"",""956c9fd280cafd03e9c7df73afa8db9dc4d6b4a89afa8b970eef2ff578339309"",""96543b1f213bde1d441e83c11c0f79bc25eaa594a3a0d83a0b10b60bad2944c4"",""97b102c41925f6154925835d97c833ba43d486568d64fef207a7a1dd7d7a09c0"",""984f891087c8da8ed91a93a76431b9042cb8680f53ecc21ca6c8207cca150e20"",""9940790d70fa0aea174f484ead678a52085a678c480325c390298f89d31e25a3"",""997135e2c02f04d1be08a22a9a6727553343ef73f703b001791c91d691dfc31f"",""9e3cc7b164f66b8441d01fd00b80a347d88044d56d86b8e0e085d30e0bbb9a01"",""9e9b0c4b7b611f980259dac998f1164974c0516748def15217223632920c18c1"",""a041a7a56effa9ad38af43b38dca269944484caba6502b79f600d0fb898d4c11"",""a086c6e7e8baa073e8fcabf90bf861e9b9c9c6190fcd79c3c7bb8a803819fabc"",""a1a4bfb170fad1974f9cd927a5b8d4fd7c8baec73c84ea4aa1011883b3ae2004"",""a34ab071f5b26a58d2cb6366c8922e1158eac09ceedb6b276bfcf4d510da44e9"",""a6a88a15202af4791405842be2eebcc301a48dc2cfb70f6b889d794b2a842da0"",""a77e81e2c63c91b858a71ddce2afd76e8ac5ccc6b94d026ab139ae7f40dbd161"",""a79bef13c7155fcb03a4a359c81684805bfef9d609f40859046943ce9e00bf69"",""aa01b4c22d865c6d64242550a217d0cd4bbe12961f67f04e7481df99491c85c6"",""aa669e74f2b28d778f6c16e0e95bf262fbe60d052966582b402ec94a666158ef"",""ac0687345dcf854223fb724b67e06e8538e4c10ffc0cca7aebe2cf02f7d1ad37"",""ac645ba449635e0ddc2b271e76de32ab03140aab0bb4ee4c9c03d28f5b508b82"",""aedc5ec08325d2e0153b33e954875491ee28e2dd9cf26ce019061cfe4790181c"",""b026824ba6e980026279536669bb33478fbac87764a84a4e128d8ffd3ac0e3f5"",""b17c8892cdb7c21a0a3bc40662f25ac3fe0a634e72fbef01117b4eef74f110e0"",""b25ea89c2f002120a10148238e47dc1b7ab01a4f364f8c57874327d3465937f2"",""b2b0ef0b21bf418e401e39b1463674248fefb9d18f6f8ac6c0acb671eaab89f3"",""b2c02ce93328c73091cca5d5eec4ac96c6f18e2d54d7e7e1f9709b4ae0129f4e"",""b44320f8311cad5adabe150a4c93f4711ce2adfcbd89dc9fc4811de21ffed94f"",""b47e54cc9b71e154f8cde7976e95989cf9597c6a1f28f8d50fc3020b87043985"",""b582d8edb80be678038f7e3a9b2163a843d4df3641d8b779de8862c87d121485"",""b6e327ee5ac02ad734c6650d0a0fc00c1666e8e9443c226f6830a76584c31b5f"",""b6eafc8b662e9b45714185c8abcd69cd686bbfd10f7274f5ea89b07b206b542c"",""b6ecbb71f23ef060dfebf3da5d8d17935d8f65cc8e15a1c09afe480f3b276e77"",""b6fe106f214a8d792ab63dcf8fb81af5b2f360953cb9c8aee1ef563b7f237c4c"",""b8d0f4d1496acb048c2b6ff18f2df7db6379c931c9d9ebf3634c7053326161e8"",""b95b5b60c2018b3cb5fbdb412b0bfbb8a96bc5d16936f4d414ef9920c8175308"",""ba999dee9f3ea65d2f73ea41a2e14ff948facf9bf4a760317dde94b38fe94b53"",""bb67d2b521599ff3bba8918808bc63ae099bec81322df03b9416f1290d9c7061"",""bb71e172210361ea15a113dff83e9a55084fa1991f5386709f8091742775b1dd"",""bf095cb67b200fcb1db6d6d610942aa006fce96ebb6ea74fef2a624eb73db792"",""bf2d84e527c3efd97d1288a8ab09d2f25e2d6ce3165047f1a396bfedd68aa802"",""bf9f54239369f05fae8be5953ee138cb78d6ee40bc01e6788f59ea5e0bf1ae93"",""c2b4d8de93a31d824fe980d38c75270eb64392425968ab2a9abeafa910f72dcf"",""c332ffa93351cc6318b1edd0d888c7c0bae80434ffe9c88d104a13cc2a8d683b"",""c3e923002c13ff75061e00df4d2f2d545814f62de87b147d8483669827f3cbc5"",""c6b8f57527b57f6279edc7b170db29b173b1c71a90ec752f7b9b199823822949"",""c77926458311c2de84401270a8ad83ef3816e2926a2b31507b16d61ccce502a5"",""c856fc3184d251bd3e6419a2df4be746252a75cbe265d9661895929079addf22"",""c9911ff4aa86e59032d0dc79d368aa5ddcd73ddcd5a56f930fb5692a8155e597"",""cc7b7ac40b8eda8e2f488c3cd892205bf9c5f52a2c4204db815bda4a85daa9a9"",""d079c899141ecd57d036f3d4d431f733617bcd67dec210dd797accb3473330ab"",""d134f28cd2910f71da3b2f3db88768935c75641f4e62caf630bc6943f6a717e4"",""d2464102d34b816e096cf1ce0ccb148ce8228cddd7c17d8ce5d39d63ac23c222"",""d24a9932d32e611c1dc9951e88b5678852fee03736c7bae40f4eef23a622022e"",""d29aca96742684eb2b2f52eab18f9fc9facfd6b63872dab38abb4e6d0494c04b"",""d5474713edf8cf1165a8485fba7e1786073d318014423d6e9409ed5671fb3f37"",""d54e780b0809fb9452c8f7466829b24945b8c00a0713e919e631288deb4368a0"",""d5f178bdaba1cfacfd5a6d2592d5e00d43cfaaf048bfd594bc329429687457e2"",""d6ee3de184d6eb952c646b57314138bcec2c429a0ac2a155f65e3100a9e71a34"",""d754d0c7cb6ff0b120b6bb22a387b9e171caa336e75ea19ad39c33feda371dc9"",""d7c284b82a74edd446b0c828a945d781b58dc0fb39b35ae334bf60c1814a4706"",""d923366fdb2a5ea81041e8e185b06c647f1e5b26ae2ba6f277d2aa5b2135c695"",""d9bb86a48f646ddb4e5cd155a44ed9e59a6d82b4e3b52da4cdf57c42c5e0d20f"",""dcc59f1c7b9cc3051b2653675665d2e1b6c590917cd3b68084077ce62db0b4a4"",""dd05421ec7edb6e2133b2c2f1715ccb061eebe902c26fca99a4476263be0c915"",""de4477cbdd7b7df74bad99519dee6c69c48c932b699c0017a45957b503816c02"",""df0d9f966be616015a9d57886b2bfc9da35d9bb98be21437777bd2bc28a5d8c3"",""df406d3a31ca1bec8efc6fbf4af92f90f54c84645bc5b079405229f2b1d37539"",""dfce9793757f8c587b7bcbd2b342a44a79a190ca2a59377e34345fcf122582a4"",""e0ff40fc2e80d3b4d5233edb5f60a3f06dddb3de576eb177b9e2033e6702ea18"",""e4481967f8cd52d41a833fc8274865c79fc98e423c726bcd38592e53796afa86"",""e50154fcc54cf60986c540a60ab9ebcfcc3dbe4a0b34ee0416975a1538a8547a"",""e5bc4a306d3cbf7a4bee3bb4c82a9630bfbf4b77e791323ef840c9d8c396c35c"",""e8ece035c259d9af8efd5fd578bce91f00f46c8dd3b280ea5835fb9c441d561f"",""e91980452c29e04102341766c9db95db107bdc35d0f8fe2941efb91474906412"",""e9b500d594d20ca585118fa43ec00e9b104f88d77fa83a6fba627bb49eb40060"",""ea8080cbb24f6c12c5fd5854c0cd771c15205ff9b9d79fd29ffb9bd1347d0fb8"",""eb1a094f3ae9e1863d300125d1dedf299cb3e256bb76dc36d09e69433c1a5acf"",""eb21759084ca9f472ebd4e362453dc4c97ebe1893d0329fe33d18293edeeeb21"",""eddf8d2b87759493dbe507011e1186cc0a9839938cd74109f97d82085b31f9bf"",""ee8ed0ad0bcfec58d86a1928c9aba1d77c404e977be5ccdecbe7a2ca533a874d"",""eeb665418e59d492a99aaf9d2420479f98808d38de485b77ebfc0dda32b19578"",""ef3a7e3d9e630eb76e0a9bcc004360e27b1a9096b8c83fdeb402e8952eaf2afb"",""f00177d459ed2dcb905a9f7bab02c00b0c8d76809457d9f82bcdca22529a0747"",""f0284efb35229a8860c722ced5234cbdda7ce667a343b8561099d5c3acec2991"",""f1ef0643a75961d29f0643e51318d5976fe1a922f9a2283c10d3f88cc3705768"",""f238f6b851f581c9053e2b8a4fce52135b3fdc418997e6b73837624c884c4fc4"",""f2de0e2dd43d2f171f30c813da84490565797c0d6e089d048b2ded7b36b26aa9"",""f3ae4d7b6c406958135a2c8a45d5b7e413f4ec21bf296e4dfe0d0cc6e2cb9294"",""f3f72e83d2fff2b37190d788fe735a27264acb1ffb7265b56a7a5b5c19139baa"",""f569e754d63d5c9ec5b7189f5f44952217c5f8454dd8ae73c014c6bc71bdb384"",""f86dc096ce94824a6b16c4ffaf7899cb33f75cb64e6ff3cbce5a072afd384765"",""fa2ddce2b5710f7ca114a9940b774352cf51a6f2ca349c68e661c29959ee5641"",""fb673fb02a0db0033e19bcda7604e109ad336a9ad22cb9332420dfb343573685"",""fc2035d1adb855dae0115181fad031ba16326a3cbf4077b604405d77c3ed84b0"",""fca29a87a2016b6c65c24aabf2b1f36757142e10f34d91cd730698d952c4df82"",""fd87f2f6048abebfdcdb2c8bc5e867d1897c11f7541172211e7a81ffcee7a2d3"",""ff4f3d0f8a2437f11d8164ac0ccb6430085360a92d8b8f8a6a0e9a08ef4fe6bc"",""ff710bfa4777ad125d9086ec99077162cbac379c08b6924e1f98f37219165273""]",[],candidate_unverified,0,1
c9a3f522e5cbb9d3418e786952dc8ae5584013c266d40884943656ec61d9ad9a,1040,bma-district-1040,,entity_assignment,primary_response_candidate,15,"[""0da838d76822084b6f99fd013dbbf2577ddb5ca0077085428f4dca3f117632b4"",""1162d2e0504e66dfccf561faa39c09cfc545d6f5adff5b1d6361490a2fe1eda5"",""120aaa20459075161489dcd8a8585532b0920ef25daf2ff08861b4c222084a8a"",""1a4539d412ec7d3eea82aaed6251fdb1e891c03269cc5a6d7183197870629fb1"",""4565f6dc68d72d2205f12393be63d88b15e32a693a637aeefc26a7e01399bedd"",""57e22ad9490174c08baf56c1a96564b96bec721d5f43ca11233182afa4df144b"",""6892ad484a9a0fbb3ec7162fe208a737b8a3813a7ec30a1bf1396b4616e85aba"",""6e71a94bd7fe513103ec48143c9c9461e307adf7ed348d0d12ee973eacb301c1"",""802d96f05830e68cd6bb193d63a01fa2304d4b861bcd27b8707292f02c1e446f"",""a6bc6f763b0431db1c166b1a7ebae3df46a2c301985df006440dd6911c2e16a3"",""ae2da49c6ae0590b4378a5724d7fe2cb0d94ad70080ee7fa6b53a67448feb152"",""b4a046a70fdb2205ed348a2d12d9706e5eb1dcdf394cc132c7e1b7ac1c85b92d"",""ce77eb6b2c5d6600f2c21e97725b68677a65e54a3a10f773ab36f147c91fee65"",""d469882fc5cfb2d08e70774c8dfa06e30a631c8349f434e2669023a69f97a38f"",""f61fde2acf92f43bbe8d65669b8d4dffbd65c0281cdf5c0185e137fb125137f7""]",[],candidate_unverified,0,1
4c9b5bde193fe73b3a380a311c14a0a6e5a7c607c764f5a040fa02bde2f6863c,1040,bma-district-1040,,entity_assignment,support_response_candidate,7,"[""3b0a7e076aa6c283eb8d612fcc7adfce7e8310862c51a0417eb7f8839634f721"",""b39b6e6c004413fde367de35d98316c3eb176b8181daf58f80f6fb86446326b7"",""b4c4cfb1a466084fe75e62563b0005210cb5dacf0a19d22d19f69d4f46491229"",""bf99dbcf747068cc85e431ae867a36b8e52bc2b157eae18d24fb58a4784db818"",""c34d1d98beac763632cf54b467396e6db59b59654aa714ef2ae05d2d3cc7948f"",""d666ac4d606080c6ddc0a14c68b8ead9ea8f25af89c9f73f36b401b2a13bd8dd"",""ed484b114c04a7b9c3409446956cdc335cbacb61bc7e0a01b2199bb6f750f632""]",[],candidate_unverified,0,1
1e0c840e722cf985cd860875e88c6e71526257c4805bcf09a62f36486a218b5d,1041,bma-dds,,entity_assignment,asset_owner_candidate,7,"[""24275351d48b7ef8a2b1230608efc49ddeaf511b80e4948812fe1dc722a3f67a"",""2e2be4b4303624395a1ee855bc170a08d45b68441585d29aea77b0ced1695de1"",""39897e8f54bcb295d8df002e757d95fc866c25a7bf615b4cad402248cdc9e118"",""7e67313d9d89706fb3af5f593c0202d5afecd7250b2a5ff1616404bbb6f8efc2"",""968c3ed801fea3ab7475978dd763eeb7af143c39aaf3ac1979eb18e7a89c884c"",""be45dc9234f764125b48a671197abddb958bfa49071e25be9526e53cd0f013bb"",""e0d2554c3ee1e2d20d267bad7f21e0ff2f3a69489918df8ec85e513a5dba7ea3""]",[],candidate_unverified,0,1
568c4636bda712f3fc2e776c5d03718f7535c504ec1fc85efe8ccaaf4800a271,1041,bma-dds,,entity_assignment,data_custodian,4,"[""63105f0c6932170603dc5a35688e20fb99f6035f080716e68a4dd5e03f9400bc"",""89069f6c34ae8f7a771b32842d868df95ff8e35b1144b89598ab810361b38df2"",""aaf93e04bb39b69feb23ed857f0236eff2265b13d9dedb179a227394df5f28e2"",""e3f368ee837754dd4f1eb9ad8d2f7b19856f47a34af52097c9eef1831ef7dc20""]",[],candidate_unverified,0,1
e033c5c5f2dd661ee759f4874fa64ed25df51d715c29ec1a5af08b19307121dd,1041,bma-dds,,entity_assignment,primary_response_candidate,5,"[""14d783221773afb20158d72315e3f9b7e30ec34246efa6040257ae282cfbf0f2"",""1d079342b47b99520fc728767a3ede477132476f42622876679b8deb0dbbfde0"",""5ba12657d0a5f24a73cd92cb39c3ac0ed9537104badd8854d8acac562135303e"",""b9305cf8596725a2e5941a42773f7b5d63c8ff93181d5dc32edc0588d53b9e04"",""c6fb07dab8de195c4c27b29b9bd3b27a43c68f6421011b577e5e01382eb6ecc4""]",[],candidate_unverified,0,1
a1a387b5f44ec11feede37cc25883de421b255a8a046cb70d5802bab6fb61887,1041,bma-dds,,entity_assignment,support_response_candidate,13,"[""0efcee52e386826513bdd034c38e36d9e358bab2cad1a46fd2e623684d895321"",""340f8ae93d09921a49306de47a76719f3e7c118d013a2aae01cff6b1051d2eea"",""616a27ea33d52f1a9c70123337b69d86c77aac2b9efe38570130311e32db8cf6"",""6d777aec77ce8c89dca7ffe7a14bac68d4f2717ab29f32de2a98cacbef09079f"",""7e60df351de1820e2a0953dc0e3e22edb322dfab5a42f8c332d97029d2a35f15"",""8382be72986ddb24d179e0218ed1609ff62a89005bc58afb9ea1aa07f87e06cb"",""8c538ae7588630ee1d1915d79cbb0e5494f9dd33ac08fa55aac51e8985730d54"",""9989e25be43c1cdd89b69c744d36ddc3212f323a4f7f6a6ba760f3064372504d"",""9abdbbe201ae8c14e7ec697b6c4b98d6fb04f8e0e892098a80682d9c1bf2d77c"",""ac2d4c58ad3a5e137ebf193e32b91cafa30f75e4af56af6f4e8221e54f45cfbc"",""bd17532e37f0d9e7cfba9c569a20d56205a98f9c8928799791f9a7d314179a5a"",""d430e69e8f683b2d29cb7d88df51d31e6e1c73613fff753dff094bc099dcfaf7"",""e203c4a614a913f6e06fbc5863684ec56700192913391887d176c20a64791a11""]",[],candidate_unverified,0,1
c5283f6e41cf7f77c7b13af0c049050e34e5a240ebb34944688bef1d3235e04e,1041,bma-dds-canal-development-1,canal_infrastructure,incident_capability,canal_development_candidate,1,"[""c0ffc68029edf0da521f54a1a972923dfc99569ce2a46ada58d197e844e6f41f""]","[""dds-canal-division-duties""]",official_reference_unverified,0,1
3515d1a825889ce773c9ad09c41ea26fc8a634c514866ee51c43c13c81b0c33b,1041,bma-dds-canal-development-1,canal_obstruction,incident_capability,canal_development_candidate,1,"[""ff71e41572488ef0c9d04ec195133a4cdc29656307960b0d4017aa515e15b4a7""]","[""dds-canal-division-duties""]",official_reference_unverified,0,1
b4f6270c76e1699d4935cc64350e83e0e4272e9dfad8d983b380e9f522bb2a71,1041,bma-dds-canal-development-1,canal_overflow,incident_capability,canal_development_candidate,1,"[""218a4a7264db7c3acba0c5a5cae919618df022a47bf364fe609fb9c7d26138fe""]","[""dds-canal-division-duties""]",official_reference_unverified,0,1
445b96eac4fd9f9ec713cddbf67e759f3487f6ed586357c87b77b47d2c675942,1041,bma-dds-canal-development-1,,service_area,canal_development_candidate,1,"[""3b0c6dfa8b254cf924c52ef663b456e7828831097cf0262dbff5eb0eda6305e8""]",[],official_reference_unverified,0,1
764a6f29c1aaf1849a96bd10ff12bd13734b5e27b5c37ef32995fd3229a01dd8,1041,bma-dds-pipe-maintenance-1,main_road_pipe_blockage,incident_capability,main_pipe_maintenance_candidate,1,"[""55b340b775039af6a0863ca06ea6e4a039d85d57b4583b62374c5564018566f5""]","[""dds-pipe-division-duties""]",official_reference_unverified,0,1
997e9c377f24b7999f517ca1b4f9cb1a58d83f3c057dfdf28baf42f2f360acdc,1041,bma-dds-pipe-maintenance-1,road_flooding_main_system,incident_capability,main_pipe_maintenance_candidate,1,"[""c9bfef3dd2f5adbb62b15bd5eaccf0edc2f24c3e75e869dbaa4d8846f820800c""]","[""dds-pipe-division-duties""]",official_reference_unverified,0,1
e39a11c2d229dfdc05300116fc43c2b1ab9e0fffc18d0313f197e2d6ee854a59,1041,bma-dds-pipe-maintenance-1,sump_failure,incident_capability,main_pipe_maintenance_candidate,1,"[""c29718cd6cd396c6c74854337737dc97ab0bf83a8e9736e27328c3a122c0ca96""]","[""dds-pipe-division-duties""]",official_reference_unverified,0,1
3d4a66aa9a123ecad22ed9f95c27392d2d5871c972e437b71856f17593dc9447,1041,bma-dds-pipe-maintenance-1,,service_area,main_pipe_maintenance_candidate,1,"[""122633be2558b260323617b3f55acd33a2c92d6f5bb361c299803a5679a73a19""]",[],official_reference_unverified,0,1
eee61ccc7c726271461c1c6df1e12600bbc0d2df4e12777f9eed1db172e3ced3,1041,bma-dds-water-control,,entity_assignment,asset_owner_candidate,6,"[""136c39ff4e01128df368aa80c56c96b20bf0bc641948aef8cf810124c21a777a"",""2ddbb75ff1de34e98285555490b3b0111cd0346eddc06ebf0f0dc3a99e2ea53d"",""30a20c7bfa5ca918a34c84cbba1651f40ccbd8ba0a5c8adb39cc517503a507c7"",""5a742ea949565a141f49b1fdb8504ef35aa357039b3904a8b6de7ecb67a7eef9"",""75e7c937b3e1c5866bf0e43261d8c134a109af85c0251dfc9252c14733945037"",""92bea43792dc4305b83c5add2108718e84c2893f1bd4268348212807b4b9c19b""]",[],candidate_unverified,0,1
3d0141488e23790459b95442a0af8a5d84886be5b7a99b20f6bdafa82a0f9df6,1041,bma-district-1041,,entity_assignment,asset_owner_candidate,12,"[""01ecb4b3af0ec71d60d0810d4c6f8bf9289bcd324561bca38bd1219e6e2bdc46"",""0f430c7f7151fb6b7e9871f7cd4abb773384b3e9b6ffee351ffc9e016a73b066"",""1fe1e559da2cad7186e42bcf070ee00599c475ece4d1a0c8a1e409ac2cd4589e"",""34546fcd82d222761cf065b77dcb3b939840cf92e363ddd12711f3b01f7fb21d"",""4c1ce72008e61769f73031fa56c15efb6f77469be584673dbc347882440d2cfb"",""5a500217975ebd1cc2f4ba12d19360ef68719409b19d8507b3e1e367b70ca325"",""7388161b4abeae2703c4666d086ac63962442c88739c9bd9328efa09cecd9b5b"",""78277414d5113f204c81f74742559b2c32e3b6d3884c78febc473401a1e0fcee"",""98a6778be14c8e9354f721b87141d8e4fc1c4e2056cfd5291db2beb9befc0b55"",""a628970e5fc4c8a9daea36791bf81efa494919b75bf55d27325419c19fe9ef52"",""a6f77a7ec623ed306162a56d2def3e984a34fa3eaecdcd4e282fe2d2a988ea74"",""fd9c6cf78e53e0ea08e988a07ef510ec306e237a86e06a2af05fb2a7654f713f""]",[],candidate_unverified,0,1
1d87a0717eb884b09d37ef8f8670b8b15f94ff3c09161436ab3526deca0c944d,1041,bma-district-1041,,entity_assignment,geographic_jurisdiction_candidate,47,"[""0385e97dfc48e190ef71fe9be221341387bdf9faef2b886463560de9470a25e2"",""065b8997e43e007e3180be182a996c931ab4a503161ab7c7397e340a0c049104"",""091f123db1de3c55e01545ed2c42c2028feddf5993aafe09d46c4609f2eb643b"",""0c87c144f5a51ac9d4b9f71cadf2dd16a64edcd8207283f60dc8cb0a1d7508d8"",""0e59b513f1d02e7b43c94a2e20b89e969c67a2a06159726b65c69e29a090f544"",""14b2298ae590d508cbb25e2a1804098e12400dfcb0cdd4e2454d878c787a1802"",""1ce8a97664c97bb38fab11e6566721453cfb59a7cbbc2563f2a58a3e0374437c"",""2128ac1a8c85d74ee11eae9adf3f6604b92ab4e9b5449fa1022e53b731245f4d"",""23414448d22d2e2e5f1f1f1a4e59346abaef4975686ea4cf3217e3dc867337c1"",""244291d3739cd61bcc1673e073aab720cfd2dd8c96c9df9bac856b63ee4132dd"",""24cbddb3d4d661e6809b5d6206b2becce9dbd25286fbf2adb338601a536e5219"",""3022564ce42efab06ea9d5901573452ec8214bc8bae29202cb543c0ff04cf779"",""3970731687806c0d13f73478c5ed703fbe08dd45b92286e4057d0e925139ddad"",""4169e403fbdc3f1a91d9941ff2d7d280f96a954e59d258b2a663b3cd191a2a02"",""41b4e498f8895d4e0eba86f06ae58e59d63b23b9593ac69e8884e38148eb930d"",""49c24df31cdc1edc3591c45dc54fcab5d0fef01b5782f8a5dea886d9f64db554"",""4b1305a223cd0f396796efce3c85e83ec773055e014e4ec5ba048ee4361f1cf4"",""4c561c4ce52698001d250cdd4a42fd1996c9ef46a0610ac2e98ff05b2408d7e3"",""5044c75c16855018ebee51a8efd44d161cbf79e06645e29fa38997fd8c421e35"",""5516585d2b13b3e68bc04e3d2e5d31fe8164d3969ba9b05a756ccefdbe4bcdbb"",""58505c38adf58a44fc55674163e0b050b936e157a19b90043b98624ce1120dff"",""5b2c73f10c85742665dc5a8a54a8161ef2c9b2edc462a4df09f1102278f3ba4c"",""61221da0db9aa09bc7b3303be0f24e45fa385d7fd1c3ff838e137fd8516a91cf"",""6c21f8b219db8936ab60de7fad4b062374e550d0f385ed05d6d9b512f3945f3c"",""770bcba518d4adfc93f28f46c19995c7efcac6a01a31c555e5cec5c99d446fc7"",""786ea6960f6b918143307afd04d1286a27acdeb055a785c8ba9622cccfd1405d"",""90b4dec5873277684a369685e1e1a4cb7fce20f71cf9cf51971dc7d4d9e0d0ce"",""92c71c6991700c653a942e07c6d0772a2f050fa261430bcc90f216ecbbd06735"",""979d6ca4b412d6aea866a50be9512fae8569cede1169c1d264ef83e39242b6a3"",""9b13b423a8eb2d0a06645f11bfea63edf0cdd43a45e550018b92ee043f526d6d"",""a5aae5aef13d8201df2538aef6ae3fc9a8c6644bf2edc3c5cc35219251dec9a7"",""a6d88f4293b74c4dd69b2e0ff7d8502affa8df637c57ff52ffe0248c435a75f8"",""a857316cbdac4153443d09036e18bc73a64f3251e93ea4876dc3625b4b7b799e"",""acb6e0416c2ce357996d4a44ff0965fbaee998074f86c038ac837b22cd48413a"",""b6ee600b037b69d8bf88cc34edbb5a12d6ac40f1c6e252ec8315286b75c7128e"",""bf53566cc5f53d1c0eb35b000ff57b3ebe5a5232219b6c9dd7d3016a89f466ce"",""cd444e5bc31b458b1c9bd3f2dd8f2212db7f1704714a07281d8386dee2265f42"",""d430afd60d46a8cfae8ccef624e848b1858466feb0b58af573f2f2bb052d75c4"",""d93bf945d7c7cbb202656bf5c4849374a191597b8d089bb0ae9af1988a8d0397"",""dbc9e5b470acc43a7c88c4bb1a15783f2b053670c26ee3508551877fcbf88c2e"",""e292a841a2a5d18450b48bff5571fd83ccc8de589375caef4d3d895cad9cd059"",""ec747404a319037982df47e08c5b5e819c40510fef0529e1e0469c8a1dea1730"",""ef9ccf46cb9c8d4f08bb87fcb71a6ed0e10c887409c2358a2fad95926b679cb1"",""f3961c2c78f8cac923571aacde8d54ef3dab7b91dd509436fda3aeea0c7a3ca2"",""f3e6a4a1cb53167877df2bf20a8d12d1849fcda61858243c35dec7d919d8d721"",""f3fd9de611be071b224d150ee1f204e28b60e99f0af886bc04106f729cb801a3"",""f5336f08579bb681a2c07f2cda1aafb6a6b825205a6385c746d5dc100c6f0fea""]",[],candidate_unverified,0,1
6b5d03bbee22a42404b07cc77db90b21a20f4501998b051db78105ee63e1a8e1,1041,bma-district-1041,,entity_assignment,primary_response_candidate,13,"[""1285a544414b8b2b93e415372bdc10066a6d72c2104e647693fdc2d170800811"",""2df1c5e113a9ea002a942b48d301a740884c90b21cf70cab6bc0c893eefb9884"",""34ce5a31f69cba0acabe2c25db030602347fe46fb262129d0583f61ea0581b23"",""366e8cf380c044d6bd15425b2f9a97077414dca0ca41a7860b2ddb3d1c97e596"",""4cc557decc3b16aded2463e3b0273822d3819083213438df15c60912ddbbab8d"",""575c2ade0986f4e4776b413b21a996c897de87e0cf7aedfe26e44fd6224bfdd4"",""6e145f6b58f3efb400d9c86d9e22239a33b621e241cd729729953781bdc25358"",""a1a41c222c0c10dec796f6cfd419b5bf98f01540d75dcb039b995738bc403a38"",""c2dce196c9e6e620004d9189b0dd37f4823bde087687e99f68d32fe199e1a2d5"",""cad0d84690129d2b7c6b668a9958e9320a468abef86dd25e0dc0bd2419351d03"",""cf7796eb0c246e2c6fe1bcdb8d86b70b601654b138f0f916fae343247cda7778"",""e8e1cfacb91db880dfb1369f5f77bbddfc001bbe61de1555fcaa2d676850dc45"",""f35d95fc5b4e1ed7845508cbc1a680b5d9897c8317e903a52214fae0308b9864""]",[],candidate_unverified,0,1
baec055aac9a3fb7796a40b1ac6ae5c68bfc78b0207d8c91e937aeacc89f0715,1041,bma-district-1041,,entity_assignment,support_response_candidate,5,"[""2bd4eac20bb66f99ac71ddfbead3363298aa4fccf1923c07c5b7e19b46ad246a"",""598f0f8424b9bbec675515363ab2e768e9e27675208a7187b13346d394f49162"",""b7ce961acbd1dd6e303a167a2bbf8e1f7976d02a90e2189a29b38986014fb53e"",""e9e69b2be5e1bbb2120ca50f5d6858f7ebdf2d7c6e0b421d68d589cc148c08db"",""f5b88c531608aa09b83ca1f3e85d73324b7ec4b56e4e98489dd05079b222e6f2""]",[],candidate_unverified,0,1
c75af9aa4d25f3f380e5323c805365db6bb22160bfdb1d1231f9bcd8c85b30b9,1042,bma-dds,,entity_assignment,asset_owner_candidate,2,"[""965247ae0d6c36d8886522713ff5b3ff9c6e58f4d0d73d35fb1a5ed7f8f0be5a"",""cd3cc9e690e5f1d7e434b8c4b2d0c027bfc40e6669e7a6521b451255a20584a9""]",[],candidate_unverified,0,1
cdb22db200a36af8627339b1c43b26cd610f6f1048ae53f23a85ff35962a6655,1042,bma-dds,,entity_assignment,data_custodian,4,"[""3ac11e02386127bcd1b7e8cbb61a3244b9d01a4366c7cf953b01580b592770cd"",""67c4a947e94ecc230f04ac50669933b237ee8d516cf2ef7ac24c1524959e1201"",""9b41cf69f0afde7a56573851e10e43ecca2a9c81973799070b43144fdf569dbd"",""e9e4eb59f888ace007836e3bcf316baf537547414ae6bbf01df2ae23bd597dfb""]",[],candidate_unverified,0,1
2d4f360a89da0cad90087abb61f3324ddb8f4883884c1431f0c08428b45cb393,1042,bma-dds,,entity_assignment,primary_response_candidate,2,"[""72de1fe8ba55090d8ab1f4eb7b13be55293edb2f573dbca1a70d071e02dda956"",""861f610cec03fa0f10d62f514ec23afe388d0b48925e461896a094db99b20b96""]",[],candidate_unverified,0,1
74cac3aed0f02a154e3560fbc95e2f03549e53e2d585305bf4134d15049a189a,1042,bma-dds,,entity_assignment,support_response_candidate,19,"[""2caf4027d3e553fd70c400406bd92334ccf7d787b16ffd00575b36e26fcb23b6"",""5d778a5eb8a598b33331c7b0bf4a527509fff1b6ac28d9982dd4f87d18012c2c"",""66c9f9a40748680af592ac7deb40db52a5f8f3ea05f290bfe9bdc0d7652ffb4c"",""6ca0952b52bc54a55766e4d295c4d8bc9eb60a9b94fa1184340e827df4b631de"",""78d01b4703dff43c76f785e59eaa49769b48450bb40b19b8d6df2fb32f802c20"",""9954ef818c3f40ff2e0c4091324874b67722fcad1b670ae665a7b5f6f25af54b"",""9f00bb2a9614c3ca49e8ad949f11e31ee6eefc481a2b9e035779d26a774769f4"",""a39a3b04db9a1d03748da3637b90b78e9f62febc8c2db4dd86a66e625a1fd3f0"",""a44109ad7e3c8c6072dfbb47a9e607b077f9af007bc76b02a0b89c4d21943136"",""ac9004392581dc3ca4e3e0c341165df32ef850b1c0fb6949b4e05f78006f6d58"",""bbdd905048b0335e42816211998d9a1face12371bc4ae8c16d4b855a38b2a230"",""bcd821b48a70d7f9d5f2b7a250107567f550a6bc4733d0a05327808f9e871985"",""c176be705372883889f8024062a87b4947b2c24073d9a2d5a016176d57ea7e4c"",""ddfc1a8e1a343ed3641c9d73c28f201f4580a37b3a7a2cf67d8799c25a59cd4d"",""df4783e5b29138eb9b56643de760f477236a6f38d82346eabbc970ae97065383"",""e9569d6647fc734fb2a1980077d44a512346bf8789a6a7c2a859abed556d8db9"",""eb31bb1412947502f0644b2e2e2ecfc0b2230636283fc1c341f465d7122a9f4d"",""ec10f59fcfecb29396eb1a3e581d84e3e363ddd6b5940078fceaed1829e86bb9"",""fb5e2bf582c78fe90d3570806f12fec532c53a61568747bae42dcdb7664e15a7""]",[],candidate_unverified,0,1
edfe13ccefa9b6041575ca2081c72570baf995ee2a07558ce2d7118c925a8f28,1042,bma-dds-canal-development-1,canal_infrastructure,incident_capability,canal_development_candidate,1,"[""209da717984f7ebf23ee8e7e468110658946f7657252cc8aa808bba4b0aa5601""]","[""dds-canal-division-duties""]",official_reference_unverified,0,1
6b89f28b741f102939b284011c865ab4074c72eaa9204db8e6b21b5dfe0fd5d4,1042,bma-dds-canal-development-1,canal_obstruction,incident_capability,canal_development_candidate,1,"[""baa0315228613ea8c65f465c37dbc81bcb4b539ca591c77d3a25409fecaca91a""]","[""dds-canal-division-duties""]",official_reference_unverified,0,1
b345007d80ed907f375aa55de3c4938e28fb6dec1c03727b4d4c0804c90621f1,1042,bma-dds-canal-development-1,canal_overflow,incident_capability,canal_development_candidate,1,"[""75a4416444f0ddf65a57425c1f205f5ae06bf1977045048f5ef82f3b3f24ef54""]","[""dds-canal-division-duties""]",official_reference_unverified,0,1
295aa78667e22680c6ed94aebfbdf0cd05465e71b9844888ae16d7e93a9bca59,1042,bma-dds-canal-development-1,,service_area,canal_development_candidate,1,"[""dd5c5feea8e129a32eea0a96964b55bb35a90823f2783efa8d31d4352647bba7""]",[],official_reference_unverified,0,1
f4759ce8190e93202c35d80d64f00aacb6a7a223d857b98648fc07aace9c807d,1042,bma-dds-pipe-maintenance-1,main_road_pipe_blockage,incident_capability,main_pipe_maintenance_candidate,1,"[""f7ac08bc493c367a698cb4ad9af1dbd20587683ffe9c2b4435478cfcf00cdfc8""]","[""dds-pipe-division-duties""]",official_reference_unverified,0,1
d5e23ad5d2ed502479c30092d96e4d020af75e5e5b2ebf1690f84aae0b1033c6,1042,bma-dds-pipe-maintenance-1,road_flooding_main_system,incident_capability,main_pipe_maintenance_candidate,1,"[""0b7c189101194c2ee9088ec0212918ae3ce3c1a25c4a79537bab22327434e957""]","[""dds-pipe-division-duties""]",official_reference_unverified,0,1
a91e7d431509b2f77b3eb76d728e30fcfc97c5b99614a5fb96df8a3a842860b7,1042,bma-dds-pipe-maintenance-1,sump_failure,incident_capability,main_pipe_maintenance_candidate,1,"[""4e923c022b609000ba489775d03770b652e22180b4b4a5eccb255fda9e5ed55b""]","[""dds-pipe-division-duties""]",official_reference_unverified,0,1
04fb66332690310eb85f276ffcb2b0fd540fbe2c004ba9dfac94beca5a4b8009,1042,bma-dds-pipe-maintenance-1,,service_area,main_pipe_maintenance_candidate,1,"[""92b5d3c776bd6fe37730138c345e8d7ed4cc782dd0cde1a5a15048d18e656467""]",[],official_reference_unverified,0,1
2319faff7eabbfe62d0c6552dafcf3286b889f3ae046f44632e9f14850922386,1042,bma-dds-water-control,,entity_assignment,asset_owner_candidate,3,"[""694249ab702009e1bf47c991b69ea45efebe8b1fc5aabfb3917d38c0727bcaf1"",""8c1d7261d7ec66e863c5f08ebee5281e47ac2bdd058aea500bbc2bce28432781"",""bcd82279f0b463297b475daf49cd66d57958690b23dbc91bcb4f30aff0c94dbe""]",[],candidate_unverified,0,1
b13a09edb19a8cf44ea1af78079110ba1b24d05982a8381d788334311a0291b3,1042,bma-district-1005,,entity_assignment,primary_response_candidate,2,"[""0c1242cf5516565bf2b70e0bf66a0809d767d29feed23e523ba9e5c1a8d6bfb9"",""b53bbb6e49b087c9e25d0e8a686467bb33b211932756442251537e2943a3b65d""]",[],candidate_unverified,0,1
44c25ac5693f151edc0539a4e959ef10774450f9b53a77eed5d5c3bd69569ba1,1042,bma-district-1042,,entity_assignment,asset_owner_candidate,25,"[""035f57832af710dc0d98b28cf3ef1864ec9162f749e4896016d018159f9f5775"",""05b6e85b67bf1c477d62564f61972fc9290c820abf33ad3e757d9e78a85003e2"",""0ac38b44a0a61fd7255640038af8e393fd070a321bf3536053cee32ebfceb6cc"",""142815be0e4310e8761e30538cdfb99af1e3605c075d683d5b687c9b61ee5eee"",""169ce4510c8ce79cc0d240c66d9f386ec654e5b13fcae1d56ac71ecfdfc1eb35"",""2798b9b92e2907c69ef3d82aa6a08819bbe8f68f2b5ed8155469dc44263f3ebf"",""36b0a7b967b2079b142440a2a25b57f072c618d729a2ee60fd86f66acd3f6cd0"",""424cf087e515632c1720f7c544517d9cf6ae98be0f29d16e0767ff2aab293304"",""5052358ef57c4fd5896a298faaef12ce2872618c4934dbdbc05b95cbcf0af2ca"",""637f615ebb2fe09f703f7fafa049e0ffe5dc2e1d3d59dcd7a4da261599fa7591"",""683f2c55d10a220a2cc8ea88e95511e5d95e90ff48af88d7306176b3b9abcef2"",""753a415fbf2520d9271e4f960970d807874e1cc37390901f0394f180d553e948"",""7681ccd4e32747d3aa4c80c73ccb5dc4de8d75468eac80b3cc125a332bd3edd0"",""7cce890bb0adc189f00024b3cbf116990bb00bd7757ef154642a870144e0dcc2"",""97f39a2e08eb20ff5a00bb41e30738f07db4939e9ed99275fd0bea36a4c82133"",""9a15c26bfd7cc11fe1550e41693b5d27347d8dd304afb4d47451216ab07c9c17"",""a178896d4e4a7aab6932b7a7c7a25bc01a86ebeef8b7f5d782514147e70841f0"",""bcf7ea6e939b7cf1068a0ffac85da5482c08481567201cae60407cc3a356267b"",""c8c8dd6e364fcc8d4ba3fb27e21431c6df92869e5d2db05669f19fd9c4e394d9"",""cd982ac475f7060531755e370299d1690aa3473970d8bbe1c5dc9d9549d90390"",""d6574ff9c6e830e9b7991e03fc87a8b5bdf6c59da98272eaa065a6bea2a69883"",""deb827c5e52d1fc1e74e26e0fb66e8990dfb372aa04a29e7aaba4cf4b26696f7"",""e9c66dd827093932e1b3353cd3317870a757a7a689b62466112e2200036a4135"",""f0b04146cd81c0726edf8ac929681421bd1974d7bd8b248d651c700d495ee465"",""f81a0c0866d20687523848e1034fb8e9c5ecb791e5eec92dc42bfd26655ff5d3""]",[],candidate_unverified,0,1
f15e0f36686e9643e4a686416327bf623693e855ca0d73da27a015326a204214,1042,bma-district-1042,,entity_assignment,geographic_jurisdiction_candidate,55,"[""03290e666eb63fe75b4ffdda2813dfe4eea8839b06041a4ef38c93eb9799d1e7"",""05d9695374cbff5b7a8b05c613eff993f77495bc561112b24af9bd9c36d373f1"",""078ac56d4e6e8c5ced7dd3a89f34c16d34ebee86b88aff3f0db18ff110c8b8c1"",""09f256289f8c7222483503b970608b2ffe5cbdbb1d73e4bbd03403d40be2c9c0"",""0f7f0d684a90e893e979f33ed1c340204890999ee64147317c86ac98c2bb710f"",""0fa77d6d61ffea04151f1e5921068d11dea200ea7007764077b2ad30443ba253"",""111b30f6c1acd80ae0da51db077f7971c3d325e908cfd4bf994ebdb58cf7cefa"",""114da68557740c2c067c1eabf578e2bf2ab1ea4ad186bbaa4be91602f58a8aed"",""184afde460b33dcc171bb15d18077a1344aa13b1bc41f5f850d86f1837da61c1"",""1d16f7993311d92865ab1984ec20aabcc010463ea253c34c4467bb5e7c9f174d"",""1f0dbe03b205b401810839773289555c0c77572ea2f71d7cd1c9c13bdfa3f498"",""200a4d330e131cca3a3f1f3abf95339babd26adc2001bdeb74f720a4f94ce521"",""2484c9dffbd3289538686541f7d3280c81e4a02cac520bdac086a301d3fc209f"",""25a9c12998a2070334944a3a660af9ff8032aaaeca5574cc725a8d586017d380"",""313bb62d7037d86e3b326b1803d226f4c93992158c174160e0b29991ecc49ca9"",""35793d420c9d7f2cdc5ff6bc07a6e27603face4a50e42366f3572007eaf1fab4"",""35951b1b0553ee76a86edade875b86f28a0a4dd80ce678400e8325bebd2df0d3"",""41fa9e33e3d4f7787585f81883640ca2e33fce570a6b7c35813889d104c20a9d"",""4334970dc400a2dbfdd5458afd4bae4364f018248783523324c8a0f1c80a2640"",""50d6606b2aad2e70c2739cecd2b13e0380480bfaf0ee371ecd526e1de727ea3e"",""5b489361507f591d173b12439ffc08e1c0bd670f3759627227a6ab6dfcf6cdb6"",""60a40db44e5eede71633c8363798f7169f6afc4832434d007920c3237234c340"",""60a5b876aa514b26fabb3e348408cbf76b2dcd664e7a4c298e3c7573da822cc3"",""60bf799d3219e9feb2caee3b115ff610f4b9313f45eb28453624a76b1b31f663"",""645fe2b6ab98d8c5820af1f17574dd92ef2c75d21727d248da9bfec8eb98adc8"",""6bc267995537135de95b2a82673a586f82027bdd4e1192a03ef9be3bca2efea5"",""6d7f86ec852c29cf28dc84e51d8c7aa4b41297ebe7c7c7da0b2761cb6f613f0c"",""6e729f988026723833e570c6f9ebcaa65951b4ec95eafa6884d5e23e98c74d42"",""6f9aa12075be6683dc579ea7d143223c8c4f5aae156610856951608692467f85"",""710b7e326607a3f0863b82ab3adb757bd0298f94dd78822487d3b0f6e52d7c05"",""83c7884f36d9223522360886ff6c3f54ad91312b2c8168ef5a0f336a595e20e8"",""885c9e1e4423b480cd8570d084988f610dde426b5e60132746fbb7d3bde303d9"",""8acfb62bd43c1ed3ae1734cb2a46230cea1912f0d23732db2a3011804e8da638"",""8cda1c3e4a8ac2a0f3d8596de47fc75bc8ca71aa305fff9814199c66b7cdb9fc"",""8dd85a0e09d06f388a16858c390b15843fedb34ff13f672a7ef404c07f05a223"",""969360387ece01abdf874a69e4d10ed4c8eac26fd9a53d0c56582fc770b39394"",""99c9727dd1a8e8080d69fd967f972700a0a6e2c2c64f9f58d67dfafa6beecccc"",""a288f018b664d191c3a99ec6f9b355c666d13d5d7408bb54365f4136455d29d0"",""a2ef47a56ba06282a80f8b878c5add5725abdc74bbf51d477b37c59500274c74"",""a6179cc11cd98c140d658f5a60f52f39df6f664e52f2614fc1dc2d980ccd38fb"",""abc4753a04d6aa089c85d8de58205bb025d8e7ebdc97bd5c81e7eaf97d92997c"",""b4a800fbec01062585b2665c2c22202da9ab0ab8ddb21d90391c316104984554"",""b57e97986354dd2c89a610cc0da0f1f2d8d57009003302ea2385a72b8e903405"",""b67b0a2f68b7add8530bc44ced0a0eb85930f66fffcbaf6146596fd9abefd944"",""c1492398d3d51dddc15aeccca0593399e0db7311337fe32b722e68fa514525cf"",""c5f67e319d899de976786ebfb42bfcfa99b27f7a786d7e8f7588bd1c6f45eb87"",""cbec50bf3b5c2f929c31556e82d18e8c452b803856555070b57a757cd21f59d2"",""cef97c006c178604ed616e8b2ffadfad848a2f5eecb642cbbc155858fda6b348"",""e738c50d7c513903757f23bca5151f9929fce98ab7a651fb9a2dff51ada2bda8"",""eaabec521b308f76feee92f44556b8be5e05acce34612d7ac433791eae5466f6"",""ee7d977d8d45be11360d5be2d53d78ff8a50148132d027f50186e12141199c75"",""ee98a8644419bdb265997dd103cdc4aa86bcec7bfc39f81bbef4057d9800b229"",""ef60a4f1d3446bed268738ddfff8ac7eafa2efd888186bd0ca3be25024180df1"",""f6f0d9545c31403d521e66f35f13106259c540887fa1f520f011980e8c749f9b"",""f982218785b07e0220bd83f14f116cc8a8aa44385953f7249bdfc99fa39de268""]",[],candidate_unverified,0,1
de725f192259c51aa8aed1dd18405d1ec61185a0b786281b063da8ad2265104e,1042,bma-district-1042,,entity_assignment,primary_response_candidate,17,"[""15af3894c79447efffb89697d99c09a2c8b1676571cc43cdf163938e53daaf83"",""1a95a69c4a61a7745ca7c817a26cd34737c3340b17e7254413dee5f9969675db"",""232755a76482426f94f135d9aa4034fc3c02e5d5ba35e1ceb2df4ce965fe652e"",""34861dc219a3dcf6693f8540c2cf9f9f8637a853d497809c1deb75d662479e26"",""4d392e64fb899b2da24ecc063dc252a37a22ea46d34d50b948954eaf0bc86c94"",""50368632324cf2ac68539e0ce87ed3a7b720536397d9c53f7017e1e2d4f25af0"",""558ce7c87c27a6f7119267bfd6fc698bff0f16b325d9391f3e7ffe881576a0a6"",""56303253c25f29c109075feb3860acaa541116fc5f8b9a880cb4fdb2627deec7"",""7341259cb9c21c9cc96bc6763088259ccb36acffef35f298c94acb1140786fe2"",""73cbca0cdeadb3e43d1934de6d3c5693d3c0b5b3fb0196eb364db33d6adea612"",""9e2ebc6f8fcdc9288d39972abdac6e9d6e0b19e7ead0ee6c3bf11033806df627"",""af1a96918e1aa6e2f961ca17f48737a96b5b2297c3c0ec9295ac65ed9de73385"",""b19661efc02e4c8cdea4a86f96bffba3a565624e72d4cfff32e989fb14e76530"",""b32eef720af29a1c40531458eecd3ba783e55e41b3286f0bde8c6f64239351f2"",""b7a90c072d7408856253c302ca7cc2e93e5638732f33d52f95a73c6d1b45f73a"",""bc8334b1718b0bb7aa8de7d796da50e96cc5ad6e051e1cf156344003259dedc7"",""d0965ed9aeb1c9716a03ea487c847060a771c40af7fe4ee885a4667b15367d99""]",[],candidate_unverified,0,1
7b673e8d45a7ea715f6928bb65ae24960d20255bfb75d3736239eece52d7825b,1042,bma-district-1042,,entity_assignment,support_response_candidate,2,"[""6a6fe274d32fb155a1eb51bbd4ac56e45f76d48e2140bcd2c419ead5e4feb005"",""72cd15d98a9306d51b784775500e5d82b9158b147cad592dc471188e5ea392b5""]",[],candidate_unverified,0,1
55ebbc055d1ccf592f36a3f131194377e4228ee75fbae2c7d5fa8470ee9a11a4,1043,bma-dds,,entity_assignment,asset_owner_candidate,6,"[""5f885e37260d2715cbdef95ed96746f4bbd5029e6b97328ed8583961e1877bf4"",""a96e1ce6b5dce9c56b51689e720a814fa5d9ff81fdde5324eab9a63673ccd162"",""d58dfac8f23b78bdaaec8ad821b1ad3bf20e76c6026eba75bc78fccb222d1c4c"",""e25e115deb8cd4b6fe3c5348afd645bef53ef851123ab362be6d43a14997452f"",""e2f242ff1cdf8f93b950111dd8cb097d3f9613a11203a87285ffcce6644f9c4a"",""fefd4867a2f59c6bf4e10f43d83c20bdc09badd290db826bf7edd089f4a2ee14""]",[],candidate_unverified,0,1
86aa745781faae14d251f71f6146ab8607ab9a0c0433e68ebc3e3a2f78582621,1043,bma-dds,,entity_assignment,data_custodian,3,"[""4cbb6190abef2fdb52cc05a276c07e9dd877ab112e61b8ee3a367139887a4541"",""590230f8eb85239a69273cc2f539afa99f2fa05e3aed2ec7542ccafe2309fc1f"",""cc59dda40aebf9ee95a2b46ebc0ae2c33e3c47ef06e091aef22f0abaa868b2a7""]",[],candidate_unverified,0,1
25cad44b2cf358fc700789c4f0e3b6809b5350535e721ce118fe07f1d85fbae5,1043,bma-dds,,entity_assignment,primary_response_candidate,4,"[""2b112c71c67c941e57502b0e6efaeb0341b49ec0e89f92966a7ac08b345a8d4d"",""40090d5c0f750c65a1f3da9b7fb9d9261dbe9857ecbca39255f8bbe4c7314cf6"",""519136ea68b074b747ce672b3bfbd04ef351b85cbbf8be66d2c936caf71d4a35"",""d5a795bdd81847fc8e5fa66e6d324386563b7ddab6dee2505b6e7ccc8efcecd7""]",[],candidate_unverified,0,1
353bbc15c1d547f92fa906b681bf7334e7a7afba0af5bde16196f176155338d2,1043,bma-dds,,entity_assignment,support_response_candidate,2,"[""47814ea96a28e49bf2659269ddd1093d51ae5cd87a1a538664a6d48a1a115bc3"",""fc1a768c102ef91810f6e87a60cffffa94a03acdc17b7ab6060e39dfcbf2e1e6""]",[],candidate_unverified,0,1
bd728f10da7de5616d1f304e605389ccb904605ed65719f83e58c8a1a652d836,1043,bma-dds-canal-development-1,canal_infrastructure,incident_capability,canal_development_candidate,1,"[""45a94056375fe4740d0d6a3059356b2c068db52fa729ec2b97063ec7d0c99294""]","[""dds-canal-division-duties""]",official_reference_unverified,0,1
8eaa2b8c8616e689bd465f497f0a5199851217bc736febf86c1556b5345425f9,1043,bma-dds-canal-development-1,canal_obstruction,incident_capability,canal_development_candidate,1,"[""821086ba13408e282a21eb9c2d388d83b1b4692d60e00e91e3bcb7ea2a228137""]","[""dds-canal-division-duties""]",official_reference_unverified,0,1
f26b5afcd19b3e0d0e0c2941c055e7d31848bba97ab48d93ca1669d4b9973ae4,1043,bma-dds-canal-development-1,canal_overflow,incident_capability,canal_development_candidate,1,"[""b130b71b0c5bd415297dcbf68fa146311df6dbb64bc29e05aecf97b9c2c81166""]","[""dds-canal-division-duties""]",official_reference_unverified,0,1
6e606c75764b8d05b9473d622af7f177b2b09a230b8ff3834702c550c56b9a37,1043,bma-dds-canal-development-1,,service_area,canal_development_candidate,1,"[""88299fe65e399cb591d8666a87ea17d7c246ba8276787a39b857b4879be1e6b0""]",[],official_reference_unverified,0,1
d8569826613fa733fd33364d18d3c89b141df1a78e2a0d88a94fafc0dd8dbcfd,1043,bma-dds-pipe-maintenance-1,main_road_pipe_blockage,incident_capability,main_pipe_maintenance_candidate,1,"[""1ca3dab77885eb76c70257f20488e578fb59d5e6ad56d3cf08dbace6be770d0c""]","[""dds-pipe-division-duties""]",official_reference_unverified,0,1
acde5c5f9127f0889df4599311aedbd2492e2ef0e00b85786f1b32db698bbd78,1043,bma-dds-pipe-maintenance-1,road_flooding_main_system,incident_capability,main_pipe_maintenance_candidate,1,"[""2ddf16843a4bade278f14b4ff85ef7efc7d5429c37bff62e791ebc1b0678e945""]","[""dds-pipe-division-duties""]",official_reference_unverified,0,1
ece07f785c2f05ce13aec5958eca6365d10b8ecadc9d4dba783e521406b5fd0b,1043,bma-dds-pipe-maintenance-1,sump_failure,incident_capability,main_pipe_maintenance_candidate,1,"[""e1abdad20ce7743c4abfd647e23df0513597c98190356447496eff2ebaec2ddf""]","[""dds-pipe-division-duties""]",official_reference_unverified,0,1
5bbcfdfac2a6d1f8dc44bdf431d22a3dd9be58c4902770fd16b7152ddbdfcf1a,1043,bma-dds-pipe-maintenance-1,,service_area,main_pipe_maintenance_candidate,1,"[""ce422e39fa28594b38590251284ee8d6a497993bec00a8d36aba917aa3857b25""]",[],official_reference_unverified,0,1
d97c271d1e15c6055012526f471a567f244b13ef6d7dbd24fe2a6a2e962fc3ba,1043,bma-dds-water-control,,entity_assignment,asset_owner_candidate,6,"[""070b46e8d767c3e6175849ef3d3bb1718e1cf3ec02f69ef2e3714b745297523a"",""59dfc1c2344d2da9b1e5b873ab510baa543fc06dad1f058e7050d1c8f90327bb"",""6abe303f21fa66af1c36de30ad115879e80d81b23c5b5ae655dd3a95aee88eab"",""b3ed57d0b074a083bec535e2e9ba29a117188f9b6b1e73b31a78b329aa37c684"",""b4335f8159ebb03a4d1066f729d61361239b38937bc352cbda26b7c34637a9b1"",""fbca1b1b23f5ef43416409adf5119fb8ac14b00b8cabb1d95be2aa503ac675e0""]",[],candidate_unverified,0,1
4d838d60ceb9e85490f900f9e342018da232443e87e2bf7db0e11060532d46a7,1043,bma-district-1043,,entity_assignment,asset_owner_candidate,14,"[""03f6cc75465e5c764dd334140dbd2f32701416c1253c8b40cb7a9a4fe22cda75"",""1274600fcd076a235a3f71144efc7c52a087bea77eaa06369f2c643496b26dbc"",""15989d7c90c205cee6e251bcbd79e71d65f431f918bdb6825b17ce35a65fd32c"",""25e2ebd477c71bbfd881fc4bd3c252e78a3e7ea03509ce2eb251904e69459376"",""2c595f6d771e1cc78eaa2ad4860486acfbdd141dc159ff49bf286f155fca0d51"",""4cedb22885b5a4866d560d22fc8ef198f62a11b0b86e88a71cdc44e9ba4d7f5f"",""5f959788d6ab612d78681b79e17b1f2c9e65547dc3a07cfb57d38f2fb5a1c9b2"",""5fb6053594061d9bde71d947125d9e0c54dba6acc193263777201ee969f1a0e9"",""741c5cc9981414f084328d420c6a0458598a5a34610a91fd7bed6e1a89f5c397"",""7cd1144fe9277146d585b9c1283995c1c8dae4e9fb47353020943716b3890adf"",""a9fc21223cb1c38247e9ab6772dad75a1500e8b4d6de97e624fc18e089a535c3"",""ba63c315c66ebb8e23db6811135d86c0726acceeda180e6596a7bdba1c6ee528"",""db2e00fbcf17327fb2303bbec144a0c752d2fa42351761dca03a225ae32bd06f"",""e1388c4b85d3739154354df90a6697d624c639137418267989ac085a32f78776""]",[],candidate_unverified,0,1
7be2f5f2816c15e6f36b2898f655eceffa2f549021223a4fbebbea41bc9df5e6,1043,bma-district-1043,,entity_assignment,geographic_jurisdiction_candidate,35,"[""088468287614c070504296a626078398a6eb03ffd1f66cf792d88cb44d0160c9"",""13aaee4563976066c160db183964cee9ad374baee797ae14e16ad92faddaba2f"",""1fae5f9f01ffbad405f12b6f9b7ac501a9abca124fa99fb6904a2b7d57960a20"",""201878d16b994f8fde4e5ffce50d16d9c8e77740d56c4f758fc79b44c6c5934a"",""25fe991b8aeb0b7722514afed340109cac751269a85eda0ebd30ab1804fae590"",""39ae10c142f0bb6f669a2b94f86526fc1e3940d14d8edd11c648bf14aa6089d7"",""3d3c86212a7c8b7a0eb3ffc631712dd978bd41ec20062abde02d7942bc45c5d6"",""489b29df61acb705cbccd3d09ad58531fca2b79779e8924a7b298ec18af6255b"",""538ffe64f41c34eb510441a3be391d35f59d930a754428e19f768ea878e4b326"",""57699ce270d66da24325a5a62ef495887785818bcdca22a80c7b213389d582a2"",""79a5878c81dd35528da21358f5c1528dc641e51dfbe1ea8e536c03b396cad438"",""84aff3d5c3bfa981156e760424bac0b5ee1bdf62564809054a6494d7d78dd0f7"",""88f166106abebf6ad973b8eff48c4e621cef1a5a87f09b5ddbc97b4cbabc9791"",""948a69a6800dfd638c66ccffa9680d53ba8ae9b9f1830226cc713c97156367fd"",""9a15eb72da790a6955ccbf3420bc06d4c4ae1630b25f618be4a52842d3ff5dff"",""9d551c1278bcc12caf386d870ccdb185f87d70ca7367c958b2bc3518219b150f"",""a23d34af38ac735b39a7cb1e9d87727e68eee5079e2adc1ddbb414d6bd7a45aa"",""a3329f9324202081d5c4098a7d76c85b300ec2ded37e8b4d8dfb747b5242e639"",""a418683a3185193b5afba5c5dc237c37f55964db2f1a412d4f816bf746d08dc7"",""a4b03ead7fc165af16d54d4642516d902b7f133e8c1c8d75d60e7bc098a42ebe"",""a539c36c85bd1feaefb8a988d4d54d24d7b08fe154487fc5da1ff421e3e98161"",""aa40719a2f8d62d1b268dadb0c110c49b7185b8ffe7f0648be4d87866fee9767"",""acc0b0b3c2114cd4489d19c2a13320b4c1623f627f0fd6d7b1bd71d03f69b3dc"",""ae2cba8f06527b2ff6f993225e7e2bcaea2534bf56eb055294abf352884e1d91"",""b0b6e26833d3aec73d8e077afda1c235914565785c53041b32d2c214969a46f2"",""be341cf11c2ec18f8ae6000f550e1dc81c34b38591648d7e54726d97a808a48b"",""cae503c74958d140220383af534afb11410c6aa790e4edaa98d9caeffa70bac5"",""d70c9ebd19d2517f01f81a4b549f51d01a9f510baff297af8b38984ba96819fa"",""d9a8be4d9371a479be1646ad3be4ae99d233621ed2432a8c7f7896485fdbd071"",""dde3bfcba9c8859a1dd8b9df2e6eb9685c1a868c6d26b44c85de70174d4ee3ca"",""eeedda1b766889583805b302b8d8cc25a00064003a0480167f0cceb7dd48d506"",""f2b4a4e950765febf4fc386ce18fb4e34c391052673179ab1e4ff08666775569"",""f5f6840124a72d94f49d534f1f737355386bc7c78161634990274cbe727db568"",""f7b7bc3a6b64c5c77f0c53269254fdf313e0036ae0218f738ad0615a4836ac0a"",""fc942cdf295b24788b7217d7e70a59ec20840053ede319fb2bab97f8b34d54a2""]",[],candidate_unverified,0,1
70b17c7f17322e387bb2c34aa9dd62c9958b210dc887ad900cd628c82aa1a64a,1043,bma-district-1043,,entity_assignment,primary_response_candidate,2,"[""6cc8f1a36f3d88addc3101c5cde10337c4e8028614b308d1c9a37a8894ed2213"",""ccc04c5dcb65d6ccc09eaa0c426285edd5a4a1a822eeed125cb675446375bbde""]",[],candidate_unverified,0,1
5ced5a55ce3dbca68af507bd1a397a7526345501f7cde7a24d4e11859e015437,1043,bma-district-1043,,entity_assignment,support_response_candidate,4,"[""78ab702b8ca0dfbcbd636aa05270093663b71bf22b80e91a2720fff917f67fa8"",""b3843da120df571e42bb31e89f23640faf8068c1522d9facada9b8fe89a73aa4"",""bb2ecc571545ee6a1d50099036c6f195cd360380edb868806599cbdab84753f8"",""e914c6501a28ad5c23904d5b6e121f5d678d9f08fea82feb4454ca5d3b4573e2""]",[],candidate_unverified,0,1
671fc0750cd8a89eeb9593a51730522771fb9592875a80c859ead295a33f3c06,1044,bma-dds,,entity_assignment,asset_owner_candidate,10,"[""0ac984213ced1cac8e3095ea38f0af6351d182a3cd822c85ab8383e82f243fa0"",""0c8620f8bb2b6177e6f34f1347a3dc0ad11a7a06c85d3f6637f68ed82b9e54b5"",""390960e9915d78be3eb6bf58a7a56032d888e3deefb1acacbacd166560b1f774"",""40553727f4f8f60fcf678ffa40048325177814b47b7fc99ee220088dda091b2e"",""51155aab931434321501e0c90105e0c6d1ec5fa3a5a25bed24ecb7e2b93cd45b"",""5c7f501a821ca42013b743f4eb4467af19b792a0b5ae272b4164f0e98ce1bd8c"",""85ff89a05f04ad1868efb1f856b8ee8b9cfe0d18aac318b1046a1d1a8bc966c9"",""871acb67ed223db20ce9ba6731e7296f7e03fe70ce72a7cd0975309e8fb08cb7"",""c28452f9002cc90de85819ab238a6037eb7a0b9c50d558fd64a889e5c0385ca1"",""f0832f15958edd112cc2729364b705f77fc89a66ae4b612c9506ed51f42dcf1a""]",[],candidate_unverified,0,1
3de6e097313f86022ff142156ef81838a98ac56197636114f0a66d7c321af1a5,1044,bma-dds,,entity_assignment,data_custodian,8,"[""030df5660bf8fbabbcce2178629b7510508da5af338b8633a618cedf3892a8d2"",""0f3d43736b6e2b6b8560b17eaaa41f2520763f1ec50e346776d1267b4301cd8f"",""4d2df880d00be475f2269ae61ec0886edb461a3a8791062ab642466cac1be3fb"",""8b8d74daf03f4772cd727c573fe799b272bf2034925ad2a6823bd4602d853c1d"",""ab24c93dcae301e6a5afb7e9b85248bca13c61624b37d414739697099e7901ac"",""f6fa75c980e78087cd279514f2ccc338a7efb967ecaaa3b8a74e0ed40a9b458c"",""f9aad5a1d510ace69ac7c65c2a8765414d92814ccbc08fd6d57ae31245e9c5e3"",""fcf0d9a26a49f85854a5362af4a6a743f909e448983a07d88481558802693f99""]",[],candidate_unverified,0,1
55ec4ab874fc98423beb225fa1c9ef33e6110177a089e547414ce983a1ba6e06,1044,bma-dds,,entity_assignment,primary_response_candidate,4,"[""20400b27a77dc81edf47aedcce893f55e925afbff1eae2f8c6ad496106684d48"",""a828cc0d69cf201a81ee5cf112f26bb6b9a773c85308c4d8f3d3172f004f00f9"",""a88667c54c8dcbc40e5cb737ca8b37e1cb5869a5c6df1fa811124b74db31c054"",""dc685a60f5c186d8ce3dae4588dfce137a13b83c6c7190f5fb071ad9cb78ba57""]",[],candidate_unverified,0,1
a0d8c036117e26b3f64d1a3b2b6adb23418c3d66a96ab9d0dd3ced3beddec547,1044,bma-dds,,entity_assignment,support_response_candidate,9,"[""42f5a21cbc27ec207f108bea0dcb66e1c15dc5f537a69378d0a0ba7f3f813db3"",""48227fb5040de412b291eef120de17e066e6fb0f92bb3bc9e48275cb84094a56"",""777716d3dbcb786e16887d5001372b639d7b0707929454b4a2f72510fc97b9a8"",""7dc59ee16b82d8ed28fcbc33c267249add988ab3784eb7839a0b687ea7c3b31d"",""89ab97fa4b5ab7defb7ad85d93e5b17aee3da76440a0cbc0cefef7cd8d31ef7f"",""a06d8927453a1ef3aec7036dd8fc49e3141385cd411fb76041c0af15af0705cc"",""b31778fef119b2228c40e5c36dfdf550b656c8ed21b336dad93c8842b5f3c80f"",""bf58ff6121f6bbfc5e7974e9e5128f8a4c09fac01d5e1ae0109f1a3640e62bea"",""de78f53e8bfc612f2b595a57d686f8adfe39f53b6fad84a9aa20346bbe5c679c""]",[],candidate_unverified,0,1
612d1cafb00ea20b40e2ab4cd4e9c2e91d7dc94907ada315daaf572600332848,1044,bma-dds-canal-development-1,canal_infrastructure,incident_capability,canal_development_candidate,1,"[""61b008ab040be5410e0c2dd9631984748357ade186c6d16c52b92fc79c6bae4f""]","[""dds-canal-division-duties""]",official_reference_unverified,0,1
9c18e0537885c8e8bd597282542ab12d7e767d00b3321e2e762b23cb2aa815e6,1044,bma-dds-canal-development-1,canal_obstruction,incident_capability,canal_development_candidate,1,"[""39395d82befa7332480813d26c5be9bb1b39c3f4ffc90b48e28d66744804be7f""]","[""dds-canal-division-duties""]",official_reference_unverified,0,1
244c41ad6bbe279e419d61ad967199bd33fd3785752fa6ed8abc41856b584e4a,1044,bma-dds-canal-development-1,canal_overflow,incident_capability,canal_development_candidate,1,"[""218bf8af19311696edb6c8642bf3e4febe42f638e2423a8c451e36e6bf698e78""]","[""dds-canal-division-duties""]",official_reference_unverified,0,1
b5bedb162b0986f7fa9f9cdb4e47a7ed510ecb2cc96223e06e005493d206dadc,1044,bma-dds-canal-development-1,,service_area,canal_development_candidate,1,"[""c1fc3a423d2cc9a8fcfcfbe5eb687aba96a95058ab3f0491e021f67038b63020""]",[],official_reference_unverified,0,1
f74ade35ef91fc727a103fcfc4f2d2f676fc53475f8b6a1fa9bbc5af6ed7c76f,1044,bma-dds-pipe-maintenance-1,main_road_pipe_blockage,incident_capability,main_pipe_maintenance_candidate,1,"[""2d2d906ae124f183129c288db843ecb86ce9c53fc173341ddce6874d944f13fa""]","[""dds-pipe-division-duties""]",official_reference_unverified,0,1
83b9f21b3c709580d9df2778f5ae08b8ecced6d3b5cbbe13cbb24ea6c5faa885,1044,bma-dds-pipe-maintenance-1,road_flooding_main_system,incident_capability,main_pipe_maintenance_candidate,1,"[""4a2d0452614b066d38c99962b931047e42f292746a6c55e96d7a24b015946f11""]","[""dds-pipe-division-duties""]",official_reference_unverified,0,1
27ff4ac594f2d2b9298fb1e29bbb6c5fec55485604a3311ac7bc95dec8549b93,1044,bma-dds-pipe-maintenance-1,sump_failure,incident_capability,main_pipe_maintenance_candidate,1,"[""326a2f7ca31836549a8c1b8ad132120a053dde2a52cb9ad588310c1b24f001c5""]","[""dds-pipe-division-duties""]",official_reference_unverified,0,1
350c9e88815fc3f1f97f8849c5cdbb345650c8ee2fb77f058471b03f064a4a11,1044,bma-dds-pipe-maintenance-1,,service_area,main_pipe_maintenance_candidate,1,"[""603afdfcee87c0eebe73bce1cf02a4f6aca7770241ecefcda93b669ad73acc0b""]",[],official_reference_unverified,0,1
973c7a4c23b76c1127a1f1d5ec8ffec2e7b11ad01427a67deaccd770251743b3,1044,bma-district-1044,,entity_assignment,asset_owner_candidate,11,"[""1d32763de09a3e77a9e0e0d71e0e62adff2157a337c8cb3ec38e53fc3912764c"",""51431ad52a254fa999be5401ac1542a9e14d8183914ad235c30139fefe9fe8bc"",""6841eedd94ce41280f1a868798d6610314697e3611b0bc8f99455f3e280a9276"",""7550dbc9fe6b157b266ce825af06ad9c6783a2ffb7f9397e444408fbdc62ffb1"",""7ce4aabfb6056702a7545ff46d6e65193f9cced7e99750f78c170273e58621d4"",""82bde1ff7dade5d0df3e0ffab5c8e3d1def6fe6e0c31c112f325efd5f553ef7a"",""82c1c108d09a583636f6dba571ca6e96163ce511e138dd2a4415eafe0ddad656"",""851401d91042a4ffda8f52ad80fb6eecbff0df13c50b997592930e1dc0454af6"",""ad0553aa9e2ddd04bbc5352ef81b354970c488b68a522c96712b888e7a799360"",""b979436a41b2d614975dfbff8c29058888096252a86b6c18f7804efaeea46562"",""cdf486b0f67e05d220a8efb64ed0afb8d7e49507b59313b8b5d083df1fc0eb3e""]",[],candidate_unverified,0,1
c906a874e57d14181f6213285fdb83b178050aed383d24ae8dee3aec220832f2,1044,bma-district-1044,,entity_assignment,geographic_jurisdiction_candidate,42,"[""08d5ef1bceeecfaf09d208e48e137afd4dd2df59b2044caba21aa10190fac47c"",""0e04a83e725eb16c6fbbaa2cfdf16f37e5690676e1cc1f1cd8fd950b943ebad1"",""1cf973f69578da9fb5b7be52cd198f29679edd069b06c476a713b58eddd7c0c4"",""3149a988cf5592ad241adf9b5e2285732a26e1358cd39f83478c9c2134aac69f"",""31a5c193eac64727dede48352b7414b9cfc6addc9ab942dfed381660337ce622"",""3311b65c08348b1822b1afb9d1a92609868fa70fea6b82e9ce4ffcb500719634"",""37ec3edbfda9472e6a342445fc16b16472f798879cb6d6d22842033bcdb39c03"",""44fd1fcd67d95b0b949c3b5919e68c42a89f40a30789e5c92a25c5cf015c3723"",""490866da5488c8d4329c9bedc48e9a991a4b891f4ce1e12954d4c6612f4cd95c"",""53215b27e48a3642b4fd05e75f35c7eda8a5334e579885b28922c77a9426a5f4"",""55bd46db69fbb23611e0fda5d8d966ee140e0b4a0879e057e9350b8e45d414a7"",""588c236d54617f0c66d28fa0fc128a628337859ef6d1946ec5c9ba126327e09b"",""5bc1e1b7fb976084e8e32dda05b38438ff7fab85f515e11cc80f3ec19b81db18"",""5fdba77a94c040b927f28b9a9d1a0ae083e63ced312bd741398e19d21139d7c2"",""67743f77dc0c2cf7ec25f5badf52e14225117c3938aec5926a5b6dc933cbb700"",""6adc6b779b9e2e7dfc251f518adfc07714cc8837a77ada31566f3d96c74056df"",""6e52c304e42015d463a6cbf9c9adc32a592f285ca432f185f9914690c160c00e"",""864d66a7c0ecfd612f21cab93176ff1a30c9c65825298bcfce8f598a5cb08138"",""914e7cabc401269cca58d53fd08cb208ad7c00bb8a319c6982066037b3e4bbf1"",""96671b118124d1b6ff0e7daa0d411f7c592e1a5735d785ff3c9717344c91d73e"",""9af0a84d5bccecd77376a963fa2049a5ffd84937898d28e91dca6965d8b7b741"",""9af7f6e5743e975dd984bff98aa6b8b4487c01c97bf89690f510a3f853bb5e76"",""a8c8e3bcb5899d2ae341255a164c086bf6120fb07d5bc7ae2499d98601f5846e"",""aeb41545c216b40c06d9663961aaf57cac3775df163ef98463b6ca6f454b2144"",""b019c76baa382b7a391a917582e9fddef98eded27d4acdde65e2515a6bc22e04"",""b2617898f0c3f05146d9d7dc9c45e025ca4efdfbe7f60ade58ea6376a89dcf63"",""b2933fc5d7081f85b1ada0a6d90c970717e1363f8a4d3f9bdd109c8d1365cd5e"",""b69d460c438914a5ccbae249dae0a675deddffc7f2ee71f0a94d8757a5aa347d"",""b79578246783c072dba33be16101bb783d8601a0b4b9124254cabc783bee51dc"",""b9a61e4c68448ea9bc6d98595bec982534207fd7aa5c770472aba1383c2224f6"",""bd16a44dcd51a47a85c1ea529b4cfd82b778300612b8ab7ee5f4f7f88f905a92"",""bdc5a578723614fc92c7b5ec2a923399539b2856452773ff2405c1847502d9f2"",""c42f26d7a23af2612b6e7bf85d90a255c5219976b72c0d6a142c8cf47d17d486"",""c636b1757a06d863f813cea3e22adb4778f4cf7a941ae3ada56533798ca5c2c3"",""cb3ffaea484ea395093526808b2450466b32a77a395d4c9e7e70ea5d01ff1445"",""e0204a7e3074173a72b48b879ae260d65da5fc46db6686e25aae6a6a214989b8"",""e41caaee827cccfe2dc63ff56d8772135f6aef7ec796c63de2117308c633171f"",""e64dc2a356b042ba9bb1ee63c164760943b82b18acc84d6e6fb2b20cecd2e1ad"",""ec7118c5de7d3725e0c913189e09f0839f507bbcdf4fd349002786192ed624e9"",""ec99125500f560946fe32f59d8a9a637714e563181587bd491416174812f8309"",""fad89bd8f80c61d36757f95cbe280035ff519bb1a37a6c882118308e3efcdb26"",""fbfa01ba7b90debfb8f6d503464a80ab4f4d7cf1410b54d025742318c36eb46b""]",[],candidate_unverified,0,1
a8a91148241c9fbabf2dbe865b1bb080883c55f0fe25df0af0f520247971017b,1044,bma-district-1044,,entity_assignment,primary_response_candidate,9,"[""1bdc16ffca468e5261ef566708a8931f8f61db70e776e78bdeab2dcd25c05e03"",""71b8b59bd0e71f771b2425e91b28e8a3788085ce6f67201cae157296eb4011ea"",""c74a33759b32009f0769d5f9c58690e8ca4801f54bfe207305a963374e6a7469"",""d11796547a6bad74de071371ccc1c7b285981bb6464425975a84148888d33143"",""e82f825182a92aef43708d2eadc548e935d3c115f0d6c4d98bd22a677e47a25e"",""f4377910dddcc7bb06b6206cf2e58ccd4b51d977dafff11d15b58c3327b4402d"",""fa90fc75c6959171a837ceda54d7b95b6c6009789a59e70aa0164c1889f4b9c0"",""fc2bdadc84a763c8434bdb4befbc389b7eff38032f5d05702828a15db09fd732"",""fc354b1ea908bd4d0de64568e805ee26a7129f62c02544f71dc4d9ce1c4799fe""]",[],candidate_unverified,0,1
7c61b9bf57427500709504437c711f1fc7a468085b433f567b4068112821f120,1044,bma-district-1044,,entity_assignment,support_response_candidate,4,"[""4dd827543fb329f0defd9be1297fb0aeed2db16b5009eed18243fba69ddf31e3"",""93cf2020874176eaa78cf210174d889bdd837d5ea72f9b6332f595c4c3172d11"",""9f310c4dbbb1a098538109bcd8e98e0891e5dd18079088d3f07adaa8acca9e66"",""f54403248f32b6f96d7a4f089c3624efd648196e35a92647bda83a4223a30d23""]",[],candidate_unverified,0,1
1b7b5511c36ca48cdef80ec5ec911c8bc826664c6eeaea0aced34a66bcf2034e,1045,bma-dds,,entity_assignment,asset_owner_candidate,7,"[""44343d04d2c8dc28319e89bafe3f5a7655315f0e9643d04d3148043e404eac90"",""4584041525d691414680230e6e7c22b813a9efc635aca4a9ab080a368b89702d"",""9877ef15ebb193c5e968368f46ec672db2364ab18272251fd0a75b45000df895"",""9efd7d9d952ca9f23e29c5b58278dd39583bc2b4fd0ee7f2f04209e7ec189cc4"",""ae58bb336736d51aee7e30baecac6f3b3dfac57e19e3781642619a99911310e6"",""d3fe4b87f912c6f0f405afec3d0dc2e6e550e9fd97ab915594dafd4125bcd2ef"",""f3b92f7b122e8b2b909a73dfd966ce1c7fe6a193a00fdbc36e7265ac2a733e3f""]",[],candidate_unverified,0,1
5d8c6a543f7baf49ce089b16e117d35cbbae6d3f46264ecf6a6ababa1aa81c53,1045,bma-dds,,entity_assignment,data_custodian,8,"[""0de2c4f73591d9a95ef878ac4f8b432fc2077bb32958071540374aa981345f8f"",""0e8e02ddea061d4bd25d878b08a6ca62f84873916a9fa72ab8ead6b8c6a64efb"",""4ca60b086f0ee0868bb6a586c8d0ac0cb35a123c298d3820385b3cceac35f530"",""b9a6c6afb9ad856d085f89d802d487616f0d1b6384c18c5f07ba9f94be979bbb"",""c10ee45ea7127aebffdaddb81d78be18a826eee3fa19442973f5fbedb7f2ab04"",""c363c4758584a851c4fa1908b9653952624884764ca9cd5a86f1a14122885662"",""c5904e03a52771a3b414451db0ec9110421df2d6de3f56b9a683963c41eac3ac"",""e5f969a61aab16882556ba8af6287e30c66a89ee9da82202a61e5328fcdc0045""]",[],candidate_unverified,0,1
7a53475176021f05994daf6b97af9febbad628597ee36dc45542ab48d6af7e3e,1045,bma-dds,,entity_assignment,primary_response_candidate,7,"[""088064ad16119f5fad3023e03f439df022b0e0f26e4e9fc2d7d07cd23ba25dbf"",""10096c8cef050f2b446373082a44d35630ddb66c3e9b12fa5724df7275ea5dce"",""1fd0a5a7a28b20dc8c8e747673286af600f761f546fb73b0f0d841f892c30593"",""408a4ff8fc1d25c70788bd26e54a3194b92d010a03fbbc80f18d18bffac9d855"",""4f0127e042e8f2c7cbb2727375108a19fe820a49aeb56bdf85b1529fb0155e86"",""8c867c8a3f6801bd051c605ffe89ead479d38518c9da6408b28b4c06e00b129d"",""99a01f54af57d97c24c6501bb7cfdd3327dbae40094cecfb0a4c5a0816adf6f5""]",[],candidate_unverified,0,1
ebddfadf28649ddf36480391496d14a6e977d005b40fb3e513dca1a60bdf60d5,1045,bma-dds,,entity_assignment,support_response_candidate,12,"[""0d6628e814216320217dc1b758b0bb91a1e3aa48c53b59bd268dc05b243c97f7"",""1b798ab01cd88b2937ebee5d4c94a8c299db1ac377b4875c191ab638b04d27ce"",""38ada1c479c7fd00986b175fb2a8875e610d5f1dd4eef5d8399d8b466e1e4e41"",""3a6af22f1d3b2671490d89439f3000c61381d1db9d67c948beaf3c48f18b0ccb"",""6ca58dc65eb7da7e9c37ef4986d607fe778342d2af98e334be117cac98f83f2d"",""8f4898187203bce5f74469ffde672a54c0c937f0aa85110205a1b842cb727b32"",""b35e0ab01adffc18b4a7c580663ce0eb70418336ff48de0ccf5351aea483ba50"",""b99d9e09e8c674ef30b860646945ec6f16ff4befaef3c49af98926461497fa10"",""bbbcc3ef935206a509f9996686bb399950f91174b19eb2af2d12d3262a45282e"",""bf8ce8bf61d9773f27d4ae4552cfa5722475de74c6439bfa37b97e63fac45cad"",""c48220c08bbd70128ab9665e3c5f386708504f3f9243b2f71fa7154fa8cc701d"",""d88dde63235ff18c200e43393c88a80d95b1f92346bdac2489dd9f83fbfc5d8b""]",[],candidate_unverified,0,1
4a12d8db5c63051b3b04dc0b2de73022a8396a1ba6908f02df6df899827482d8,1045,bma-dds-canal-development-1,canal_infrastructure,incident_capability,canal_development_candidate,1,"[""13aba4dadfa4485bdb388c1ce67f58932f28853f472e34abb32ecb1add7b9c10""]","[""dds-canal-division-duties""]",official_reference_unverified,0,1
77f16bdde3d79f28be81c5519e63c5e93fc5fd0e8face42560119e57d1df47b5,1045,bma-dds-canal-development-1,canal_obstruction,incident_capability,canal_development_candidate,1,"[""7befa224dde5b688c646f19fae45e3a02570b7d2c71845075936df99f21153c6""]","[""dds-canal-division-duties""]",official_reference_unverified,0,1
87653750ca0bf79de57b041f160ec3dffdcd4b18ea19e4cd7879a857abd68621,1045,bma-dds-canal-development-1,canal_overflow,incident_capability,canal_development_candidate,1,"[""d4059fe75b600b785c64a64d2c3db1f56381fc0149d53629c52571efe3ecaa39""]","[""dds-canal-division-duties""]",official_reference_unverified,0,1
0bb8a2e29e8c8e2a4738a03829615720629524515c71711b8a0f0825dfb8d1ed,1045,bma-dds-canal-development-1,,service_area,canal_development_candidate,1,"[""21b309024640d59653e00045d2fed9cca5bea35ac312dfac2645f24014c735ca""]",[],official_reference_unverified,0,1
e887534cd9530178ea8dc6628a17a44ec6ef8a15977073cadcd184c1d1462017,1045,bma-dds-pipe-maintenance-1,main_road_pipe_blockage,incident_capability,main_pipe_maintenance_candidate,1,"[""2fa90fced3e2e026fc60ee47db3bb97b5361d8daec67232217b4aa5f32928a9d""]","[""dds-pipe-division-duties""]",official_reference_unverified,0,1
b792be32a3937094a32254455d666441ecb69fcb892aec1e6263656773439994,1045,bma-dds-pipe-maintenance-1,road_flooding_main_system,incident_capability,main_pipe_maintenance_candidate,1,"[""c5f2a5e095dbdc831fd76fe08a7e5eb7dd10a7c89ebfbf3bae0ae86057ac6713""]","[""dds-pipe-division-duties""]",official_reference_unverified,0,1
27275cd22dc24500df961768758ca931934c9ec64dcd92214414f269e905e5f7,1045,bma-dds-pipe-maintenance-1,sump_failure,incident_capability,main_pipe_maintenance_candidate,1,"[""f20bd690a09cd7a88764656af3d6aa15a0e2e1e74989e32ae45efc36076946dd""]","[""dds-pipe-division-duties""]",official_reference_unverified,0,1
0c4228ec1381acaedbfa5177c8b0f13fee27ab4afe35b46364b6814182fcf954,1045,bma-dds-pipe-maintenance-1,,service_area,main_pipe_maintenance_candidate,1,"[""eeffea24a47a9ae8208512b0d3be261cb53898d860fb31f612cf066a78ff1fa7""]",[],official_reference_unverified,0,1
3a13a99d456f469f16922b3866439008bea602cfe871074a2c5bda10dca42737,1045,bma-dds-water-control,,entity_assignment,asset_owner_candidate,12,"[""010f9af09f554e37c1211dccc96b8981d4df322b71dd7a9d1683049d15bb897f"",""032023fa14522b2cab5ad27220f6739cd94e7099845137629c7afaf0c07ffda1"",""38f13c323890273ff17fd183d2b1331e7da68ff2fe614fca9ced59e1ac57c274"",""51146c82f53d3e01da6aeab3db4e00d3e100a7b5b81caa0e96902c14ae937a7d"",""5e78e6f894ef8c7e299844cc9d5000314838cd47603fa4fdbdb7090e7e857c2c"",""64ebd93ca360e4848b1f089f8b3a99b28532ca846e09398356608c08b5efdbd9"",""7f2cdd76889271ff6229dcb60e6e3fa280a743d2e1648bc8ba8a8c6bc5814512"",""90b42e5783d64a6b5ae14ba0729dc5918b84a6b4244ba803de0e9e76e284f243"",""cf0a1d3a2814e6a744fffb4270c6bf98d7281d93ab66ff0f3b56241a9c9e1326"",""d83b3bc8d4e11cbf6324d8080902b728f03a9651667c429ea6da77d5e473c327"",""da1653d14ee2e0a1f679eef9288cde22e13373a8dcfe84bc628c0d577c39edb7"",""ff2e8c5d2252567169a8610076ba5723a2e3c62f76ba87cb05bda2971fc105fb""]",[],candidate_unverified,0,1
7f4ef474e5e8468901bf37fae70064f3a5efacd14aa613415b5c0f56a21403ff,1045,bma-district-1045,,entity_assignment,asset_owner_candidate,11,"[""14bd2e42c5bd1b1bf0f89b2cdefc3028b2f8015b4cb494363f5c9f98e7fc29b9"",""18f6941fe67000de5582374afec7c868a0e72f524cccb3a25e21a91cd1c9cb87"",""4bb9f2a76c328d307457894ed754bef1da6e86e7fc655ef11404d6263554bed5"",""4cf80b00212412db76bf450012d66f2aa1954bf0f58abe22985025b51d493cf1"",""6ec75bb4edfb404f4df818ef95af2a52ffceb70289e3d66343cecd482fe7fd93"",""7287471059f83f0f79a37fcabb21acd6e709976214187b95ef75bf9393648ec4"",""809e6a380a8d8de7ed5f8ba6f7008f2809f943526f830bde348d4e6a5f36bfdb"",""88dc939b9e7d734cac2074f4681e164e502f1cbe49c993a7b78a1abd909cb137"",""92eaa2dd22fe3b23451843e5c46fa96af72fa3179dd3cb084d70b2c291cf47ff"",""9f1715a73b94a1f13daeeb26077d4efeca85799aec3f978752208bacbd076338"",""da0454ce8979864458ae0771148c3466181cde48ec5fc27125baea8d690fb2fd""]",[],candidate_unverified,0,1
2986999afb57357d3bb05f514a57b4f706e118490fdde77c24f068218402c094,1045,bma-district-1045,,entity_assignment,geographic_jurisdiction_candidate,57,"[""045fdc342be4b10e8916a2cbbd7cda35a91b59c677f7aefd42bfb4344d8927e4"",""0551373db0ff6959ae1591e124c7e543c89923a04ce9c6fd9d13baaf6b00b0ef"",""08d00986f832d86e8a878baaae391f845ad5bce73c3df3b7adc615a3de02a029"",""0eb6b2ddde3f48cb258172b619cf9c2c932232d1b5d4917f3e650df895f21d4f"",""189d2fa371da3802be2627029f4c8758bce2483c0c818460c684811b9b3e7582"",""199647806cb9d7f856a2f740820ffe5cf6574724cbc6f13a14c0f3a4d3f5b0a8"",""1dc6f3852f35f78e26d40d36f47b1965757c415dc2c3a7132df505d0403a8ba0"",""234df36f704771a347d784f158b258586dd5701118a583893cc57510b7fbff9f"",""2d3e1f233e654af0596039015790a82ac422576654e012e866e58cb3593b7028"",""2f9d6bd811916d1dc05a90ab6d33a3d6908380d2cbe116391b9b557e43ae38d2"",""36af0723c5e19044269da50bbf366c15bcdf3cc639b53659eaf66225b2829e03"",""3da36894f97146e0f86741b6f629f97bf4cdbd1da1652603b869ef5501d80bb7"",""4159564ed877ad5e337c747a1da1ce58547aaa1599d154cde3cde59cd549823a"",""41e5cd07c41e8685eca2718004fee5ab6c0b65d57aaa47124636ae22bdbd0339"",""42a7b9191666c73efcc1592289c0d3e9423e0d7f1a9e2000afb44776f76ad38c"",""431c599107fdeb59b806e15a1db48b95b2771667e896352b94133b581e9aa820"",""4525c8111db89cae531ba7919a330426ac634bf649f8d50654bbe1dac6f463b3"",""4559df36ced2452b02d7bc83ce2acb21bdc2c9eee81d31189496d0f54907e7b3"",""46ab9b963f634f5cb698f93aa0adb71046577a5bc8d215211ecb314b3a8b634a"",""47b3790a5f8e58320484f3d3c7d4b01e65ca956a2bfd243c34efe347b00631bb"",""51469cf957be9d9272e21b48f7f78a414a0463e1e213ad7e8730077d3b4c4185"",""5c70c0206934ccd484eb7904354f23dfdca9b3bc8e52c1db32af2dd135b3f9c6"",""5f0c6b094f4ce43bcfc811177da7e96ce290e16d08d17cd74017b9eabbf8e43a"",""68ce0cbcfde4fd932d72df5a62726d49fcd48a943865f9d5e4744f1f52c89053"",""6939191ee916a96f07c47505cc2e26ad5e875c84a52b122e29840c7c7bfecc46"",""721d255a5544015a309f61928d7e7fbdb11c6301bcbad240e72684c58dbc213a"",""777e22482296ad2af04ea24631cfb2366aa84b5bd9aca7973916c9012d39d627"",""78e9cad91d49dfa3b7877c505ae708747a291ad574063d6c0511b958f25bd2b5"",""818e6a6fc49e85e78fd8a87576a0b6214b2d76d31842a7b6146ef73be1580d76"",""88c56db5dd549379cd70bf36a820fae9430fcae1b998fc110baa7259608f4248"",""938f1cad4e55293bcc5a08ac395af5766abdb3195d465eb35d127c25c6677e3b"",""9bf437da93bf77a652a8b912757156bb5d1865092b4b0c851556b4ba5d4f029f"",""9ea6e913bedf8f54c5caf1f19b20572873196e2aa1f6134a8a20b192d861b326"",""a08f77a248f9ae1b70c981498b598c69f78b368396b6118a23274b616374d9b7"",""a1d075c8e1e8d823266037e54d271d1afa1f3c7417e822df19bab033fe632f94"",""aa875103726345fadcf51042a55d3032bc517afe147ec57c92a09b2655771494"",""adc95d8566a5d729b02d44901317d18bc09ef468188b1c04356e63c121ae0c0a"",""af82e7dc76b9c66de8f9e17842693c7f0ed3c306d2b92aae70c0811023e994fe"",""af8b9c7ffb7db8168b12aa6d76727e16e3b329a89c0d746245b6d2f4fde3bd61"",""b6f981d9abc3370a997e81c21e43d9a1f24c8aae9a318454bb7eb7462fe07cc9"",""b8548a8298cca4f7d877b2d358e9e3a474aea8b3c73e41251b9454bfd77d12d3"",""baa9d4aee2f7bc2a8c52c54e712dcbad32ecc7eba3619e08ddef7f1dc7ba628c"",""c22ab7acba5a52639752983cfa1da451f819def624e2a8f4958b178f492f2b87"",""c53e97c0266241fe44b27d15af3b71d7c9d6b5dd520565545d17a4fcafab1c8e"",""c6a5d187e3411866654b61529abe5488405c44231f42a7a11e9a6e2803e8ce07"",""c9b36823ba1f39581be384ec25ea82ce436f0ec49e6cfacc1cb15ce6d92ff604"",""ca888e8fc17fca86f30b5e46f7a7707378fa457140847d5fb5c2195b78f3a508"",""d96b23c5a83c9cfa691bf30b113c3ddf364a83df3c7fb34ed093b1865fd42761"",""dd8e27758c585f8515a7a191fe49c26f10549ff8917fb4421aa31706f61a6ae6"",""de4ac4c306e8be9c7b4c80b0c49ce969c00c18045df18d0467206374b5e49211"",""df3dc2e1e2ff17b7723ada7084ecfff87970cd3720bc2b0a911ee5460f76d628"",""e086fa6c3278532807ec19bc4c27829d607636dd83d189b56bd1e2e18e2c59fd"",""e3beeef79302b0984f3beaf906fd83bf12725d8aef8488932b17ec21bcf4cf06"",""e67f4084ec11cbd3ac13473939730d9a43e6012f62ba3d5172c42bbf113f0295"",""ec6d3aeff946993e3415ac4247efdf3b30c28dd7115adee2932bb4b7e654694d"",""f2f8344ec79f3124534b44cd928cc8f58e6d780e2176dff42e6691b0bfc5be45"",""f793e01bb35723c9989d8184e03126f5f7fa046102d8b9327153f0a8b2ed4933""]",[],candidate_unverified,0,1
03e9b9c56e55e535b2a45ee20aed55516a2bd5f067d9793b7a35b016180627bb,1045,bma-district-1045,,entity_assignment,primary_response_candidate,12,"[""26dd11b89006d877b8e97087451c30ba80ea8c196fcd1968e591d343efd00f97"",""4a03bceb02c6cc6ea1d242d8588a22344976c38c6dd3f873b280fdd81a09748a"",""63318d60d3ed3e7b03c803d1e6995e1ba02af50a445cf14fbf62c51ec1b48909"",""880d7f98c56f62ade9c60746e1a19498bcb71b55967969af10a2ba43d0823783"",""a1b3a623c7b3af68e758fed2af6a775aa27e8fcde4f4d091abf399423f29b757"",""a3d3296bf7f98b78212004fe4b014669584644a1e1f4cbb8efad4407af5a3fff"",""b3dfcd749b60cb8bdf49bfe30600c0a02037da3d3d1ae3090229be6be6c76822"",""b68cf2732224941f5c18851049baa53b90eb84f58b157b12d305cb0fb45c3055"",""ce97ea41d0ae4290caeae904d337ea82be72e43a643925b5d0f81dd2382661b3"",""d81adbccb4700bf720828dcd375a4f9e0f4158bb410ac329c6c20dd875eb64c6"",""efb5d366a53ee4524cc07e9f048e0a165e2da8636394ab6c9935d7c6da13cafd"",""f01fd869ac2d22eea30dc2e8e87afcf67580813e508de8fe6779f4d4c5b808cc""]",[],candidate_unverified,0,1
62eb2fb3f9a39c3d4f23a21461e75ddba2925ddf627ed07a7837d1c8f3ac9064,1045,bma-district-1045,,entity_assignment,support_response_candidate,7,"[""179b31f8c40bebc4c1cfdbf57fb1a949a1ae6c4936e85497326cfbbd64295e69"",""5bd984954acf11f55140ad85af3f91d868ed6cd8a235ecd27ea7a35407bd3947"",""9e6bafe9e94bf40a8ea2d3e794ea009ef55c4b1ee2eac0a1d979f30c43a1e375"",""a6e193ba7d13a8e7408dc8df5cb8899625dda207152dfee026c1e3a84efff10c"",""c69627c7ae46a87eb273038382212dcef1b65303a6d91332e0806a90b5219036"",""db8b3913252a2899768065fec565399a79ccae0fa9ada16aff37e4abf7f935c0"",""ded443073eedf9a56ce80ad70511fc2f323f9944cb61520ea977e48ae6a752a6""]",[],candidate_unverified,0,1
6af914414fcbe0299919da3b633b2e22b6e3852210a2856e134ccc3e411543bf,1046,bma-dds,,entity_assignment,asset_owner_candidate,5,"[""65e9a62f8a3e3fdba62ae447073f30ef44665c3b5548e0fdbe6e73c35fc6ce28"",""7731b993887ac890ff92227f6ae78b9b35622943f4775cf3a27320fa2c38f65e"",""bc151acac0b0062bee8bb604fdf6207ce60c3566100497a483030bfc41d7a07f"",""ccef52782e898747392a71ffecbb770dfe29bc41b7c4a747ccb83e48a53300c5"",""eddb2efde9b54d403f1eeb10f8709c79592744d08ee5d4ecfc2484c366d1781e""]",[],candidate_unverified,0,1
4726ddc3cb5b1305593aa3f04993d0176a9ce64ea91626dff75c00609c1c269c,1046,bma-dds,,entity_assignment,data_custodian,4,"[""2495c842588e18b60f5b0b24971725a5764b6b6d94ee7b9a638e11ba4511b99a"",""322642244c34e6a475cd257c8882d6ebc4dded701c1ddec76c0cd4d213d09f23"",""bd767304f1dcf30cd4c72fc1e2da246cf001e76f7cf69d3c2f40248faa0bd5d2"",""e22eeb12465a9054ab2ba2907ef8b7653e804d6dd1a1cab454fecda3cdf0ab9c""]",[],candidate_unverified,0,1
319ba13e697f4f1d63db36ab9c11a123caaa9c4373d06202b56b84313f1d751e,1046,bma-dds,,entity_assignment,primary_response_candidate,13,"[""1c9a1e655d247f1e9cb8811f7b2a49a13058b842a00cacf247a35b75bd24ecc5"",""352e1e45341836faef62f4247c8bb55d78f069a0d940111767bdfb54d52ff1a0"",""6f0e33cae45c80a8a0d33e0b093cfb8d5d027210c56481a2bded38bde137d9a3"",""70c2bc53a85224666dc18f2b36f16a8212c88360d0b544de20a397ec4a877556"",""7e050693b3f8e32e79211fd7c95c67744096bc95b8d202d493ddfa8a1abf221f"",""832c42e8fdb4b8d195cc47a1d59fa3ec16bbf9d388abcfc2bd8551aaa166c73e"",""99a5b5279025c48592a2339778324d716b7cdbb223f743b4610c330c03c04c33"",""c3b0915bc19995f0f957f2d20fe66cdccb01db08ca37abab5f9da777f396321b"",""cb7424564023471e8ff73a051da8f5b770cb86aa8af3258d209214d9b0d08dbf"",""d7b488ed3982bc694d806223d5828e0121e616f3087785b0ef261c6c03c8e4ba"",""dd5439f06bb41378c0baf7b3ee99ab82daa5f8eb4c492e2e18d19e0ed305d1ad"",""ebf6f62a5d29e9dcf89ee4ee7adeb12793d37411e5a60081c18b0879601a9f64"",""f59eb8498c2105a81e310b1249d6a9c942fdffd68cbc618e49be4b95a9e2d155""]",[],candidate_unverified,0,1
6643f7df6994ecbe1be3fc41926c424d23fb7272645fed1126f17ad95d4b34e0,1046,bma-dds,,entity_assignment,support_response_candidate,32,"[""0003211b9f4a7c03a5b85d7a2c068da4b5266c2f1344b0d516ba207b4aacaeb3"",""1082bbd2e6e8630e8dd6bbf391d5e56fc731a20c8f7b3e5f5ab3211e28352af9"",""16c5e4d5a08cce84edcfb48be52fb83214a9bc7fa8f29d92db81ea23f95303c4"",""2e158727de0761ff157bd5f97c918c670758bfb25340425bc93a1138238f6640"",""30506700323db95de8ab4f2043f241d2224e7c19b15d9e908fdb2f51a9b76f5a"",""32529262ecd801f0de324ecef055623f709d120982ffeb4af341a981769f62e0"",""37c4639f3bcb2244da677cc8ec9fa6dfd9f679bf82a9d8fd64d06b1977ea4d99"",""40fd17a3ff3d9beacece123d7c5f8b9be5378e103b2cfd9cf088f608a7af17ec"",""483eebcec43d7d88960f6b920c6d203d6245ee07b20159758b45a841e6fb41e5"",""4a7c49b5c03a45d033209286095cbbc7a5c809308d940b92934e2dbc75448036"",""4adca71b20570a65ab0ab8a1e2b566589abab8f961375cdd770e8de0e89cc1c0"",""4e6fd41a4f4651725bcca02280bb1437a23ec7a0651c1e61423c11183704178c"",""4f9932bd575f00a1f4d912b4ce7979f6e05e0ec76800de4e172513f6f6cd83cd"",""50b671e25e776a5c2821eccda1503288f82bad1c5e7cdd397f38e09653d53e37"",""5b240eda214a0c502f95fc715a3558c205a0d70cd28b4304f385fbf4205d269a"",""7581a31a972d5ead05fe94312369b2c148279230239a16e3f66cea57233f5e25"",""76955353cee8986f9413c35bf4e98fa3f5a1e9c7d41f04be26f770078153ca6e"",""77130026f85f318d106f50f79d96af82fada2b771782ef29e2326d9fb4d607f6"",""7d1b7fed92b33f41e6076bbf22904e8774febc056a364086504d7b19030062e2"",""8b16d19593e71a80c5d734bafc1a1cd29255e222477678481d09691ae98ac0b0"",""8e05309a3dc1f66dd42d93f9d239e54d810029ace2123ee328b00b6c4b7fb808"",""90a6b6c60421aaf40acb4a4ad0ffd37c2a7130947b23425cb5d8669022a19d9c"",""a16ee68f14d863fad1cc4dae97607f3f1564ddec4eae747ff0602626e6f3ff1f"",""aaa523e0336e64ca6a976899f8222620eab1ed14e5e5d5ed0ceafd94e3cfa235"",""b30583013b2ea9b0a90ab308468c5366f1168e86eeb46dbf9e55f0e7dcef5f7c"",""d67fdb2daee7614fd312a145f7e912114868311ecd1e1bec9c7155b5df56772b"",""dbdb1c1da38f15dbdb7486a67f68b16fd18468eaa655f63f473b03f0507ea84c"",""df761d76ef323d4d3605f654cbc6c2cb90d23fd8c57cce3dd204776b92d4ef4e"",""e5ba3d9fbe02ce307ea89117a97dde7d74a2d241c7d622091f0d44986123bc1b"",""fa4c271a1396111eedf540f1eee22474bd9637b8ec4ed534230099dd4c26fbf5"",""fb8c88fcdd9ef3bc6ac495d79d8a650cd5affa93738e1f1de106a44eeb223b12"",""fc81f58b7af69863f9248677d88ce2252a97c0fc6272e37e9707e9ad96c23794""]",[],candidate_unverified,0,1
a50c1bec68f95837415942ef7e216792e4fc383e23a704296d84427573611f0a,1046,bma-dds-canal-development-1,canal_infrastructure,incident_capability,canal_development_candidate,1,"[""5ebfd48e0fa01e55b8c3189488a8962a441b946163a1b75e2b34a55153108b9f""]","[""dds-canal-division-duties""]",official_reference_unverified,0,1
cd64d2ed3a68f410f15fd05e74dfecd770aac55a9fde1661416cd87d5219b472,1046,bma-dds-canal-development-1,canal_obstruction,incident_capability,canal_development_candidate,1,"[""3feafa7127eff9a31d546ac018e82ecee360386d3301485934f0f9a22908c8eb""]","[""dds-canal-division-duties""]",official_reference_unverified,0,1
2272ee3bbd8d0cb3722d2190498fa4d5e04329695629b6490ac54df02d7c8060,1046,bma-dds-canal-development-1,canal_overflow,incident_capability,canal_development_candidate,1,"[""d0cd3b674038db09f697812f36b9c7613fb020a18fa900ad1352e71c2cfe027c""]","[""dds-canal-division-duties""]",official_reference_unverified,0,1
0750e028bcd278631d0c9be198c53533f74a6b70e0ea7c670c9889bcec801b6e,1046,bma-dds-canal-development-1,,service_area,canal_development_candidate,1,"[""11cce785f0e8951ad6ef390324d05a72721290ee89a45f8e94e5c86aa053de5f""]",[],official_reference_unverified,0,1
7c59ab3f9d1f777d97f9f52db5a5c2becf8cc36664308727fd8b1c83d511c0bf,1046,bma-dds-pipe-maintenance-1,main_road_pipe_blockage,incident_capability,main_pipe_maintenance_candidate,1,"[""bcc9db689e420f8266d2c735abc58fffcb66f18bc19773409ed8c126538246e7""]","[""dds-pipe-division-duties""]",official_reference_unverified,0,1
60ed699f618aa15a39670f12e5424509b1e6f1eeae7f47c6d7e4a18d948db7d5,1046,bma-dds-pipe-maintenance-1,road_flooding_main_system,incident_capability,main_pipe_maintenance_candidate,1,"[""2a0f3304e5b9c3e9e99e9129f9a15bfda1d0d5ac663903d5a09c81a2c916bdd8""]","[""dds-pipe-division-duties""]",official_reference_unverified,0,1
e61a57a741e92ab08c0447500749bb6074f20ffe5d0a34b3c6fcd38d96a7493b,1046,bma-dds-pipe-maintenance-1,sump_failure,incident_capability,main_pipe_maintenance_candidate,1,"[""99c548f7b3a09ad38b02c556eeb4b2761eefa74946f5f04a405d43408a04acfc""]","[""dds-pipe-division-duties""]",official_reference_unverified,0,1
1ff80a674def9482671f1d38a8a64bbe5926dcf7b9ff61b28326d0645e3055b4,1046,bma-dds-pipe-maintenance-1,,service_area,main_pipe_maintenance_candidate,1,"[""1616b9433d995bd1fcab8958ad99a73ce86a45ef39d7935d8026bd12652b3bc8""]",[],official_reference_unverified,0,1
e7d9eae5753fbaaef838c24823800c4234321907e4b6adb80cce41ce716d5afd,1046,bma-dds-water-control,,entity_assignment,asset_owner_candidate,13,"[""0610b4739b345151b417a1761c4630c143aee56340aa87f6a1534eb7cfe7545a"",""0d26e371e9b319fbb0aa0e15fdbc0c37382b987cdc90a924744896b4c29be543"",""0d86814dcecbe3ebdb72e9204ed19f7ecc80a3a79c3bad4309942b5ce2a2f2b2"",""11cef4c10b0e44a34ee285f236ebe97295f9f61a830201a57af7b8853eb2be42"",""22bf0b6e20f20ceec9dd40aa1896349c5eff38bacd756d0fcc8d8ad155d97e40"",""4bfcccc160f7907f505ac9ce5cb4d03a9eb7ab5480b2957d860d6ad873176e54"",""6e7a3a7400f52eb551e10a9f6d1b63663cb76253ad09ce519622b06d7d176945"",""afcb980d837b5c50b4dae04080dca356e68a330cbc76e1da462d8dae4486e102"",""bf053bc9909dbbf3129fb5e56178dfc0f8e20e8f37816bb11bd24d7bb8bc4425"",""c649ab74afa902b565f2bffa9b51a422fc28882faea0cdbfa5af714afe9c9f22"",""cbbb9ea777c84de1e55ab10660c2a88531685fa5bfa4c71917094ebf0942ca3e"",""d445341df651f53c5fcbbd2c60363b6b6804dc7bc660b9a85703c637688de32a"",""d54b269e1ba1a8dbd5793a8c8f6997c8b202f336f69cd130a272f0b6b0a59f67""]",[],candidate_unverified,0,1
7f5cc63ed657271c217eae8f3faafb9d459128d001cdeb67b511b2f08624852c,1046,bma-district-1046,,entity_assignment,asset_owner_candidate,33,"[""059f315f14f028b338e2be066fd3d5c7bf48742c35963375453b3c8f80b4faa5"",""1fc97768aa59a05f008f82ea27703ac1468ec248d8048d6e218a8ac105c00672"",""23db342816724cfcf33db2cd44555c6bd88453eee2b0e6a06de847b709619a64"",""253ee09704769ae00715c28853e69060a9060aa1b918e8e928645f249a871f90"",""2a61629b4064a904e95ce60456886b91abb5a6598a93486fe39c45945e336717"",""2d50a02a04c4a2d5775c0a7a7d0f50707ef3683eeb9959792e836db70500e4d5"",""3ca99e560c263d9aaf61b0dbe5293ba00f02eee3a3ee0751a300890eed0a2953"",""3e23145dffffc5601fba265a88a21c3190f820048acee4581002d4ee32c12689"",""46851a22914db8b9e391ed5f976323a5069f09fba860de2f76c24bab2c228261"",""4920f4115ed69926366ed3837a9d20c4967513ae71be0eb9e28d15cf3e47280d"",""4f72c58cd475ba8835c3f2df500c53948a9bb4201a7e13cf534b118b6a7822a3"",""58d65efcb5c909343ce8ad676dbc02393b60fccd975838a514337061fe398613"",""5f260b6bf4cf1ce0f323dda53baa3b7a51daa991343376feb4af8d272a20fde6"",""5feb4f15a5e725659c563cbb18bde10b2a70d1f0751d30e652bcacb4e5de2b65"",""64564e59b2f4fc1a605d6878864b4dbb69dfa3814c5c5cc9e7882bd0958dad59"",""69e1d60d1b2540bd4691f5b2839840832b731ff0a862824ffe284b18c63d1a75"",""70a6c174bebb0193941cb0fafce78997dc14d713904fe5b66550781d1a569f50"",""79836dd2b5498e9139ed57eec6f9decbb28c6e6b55448122154498514041f179"",""91acdad89f5379a0ada84048b8b207d6c75957f0c13a7cd97d05390d34c73949"",""97202ab40065c91d88072e88f7baba2380102d35a3e24447188603ea3b59d55e"",""a0668a56d693f0de6388eec8b0b9c4fc14114f5a6d7d2bb7c816791ec02e5aaf"",""a50b058ace80f9dbd6760881ded24071cf79b674921b765611b076e1133f8e14"",""a99bdd486c94c35539f5f98bc38af23ef03271b1979b028391508e82d6f51712"",""aa26f9921843f5c68878a39b12cf699d9ae9d952a61cb9fdb756d04ca776df06"",""ac3fb60c1728653518b8a2fc80aba8268d4844d8ca3e4750355486c31e9e3e85"",""ad1d14139528bbea400044991b34aa99d04d73ec9af2e97e66bc8c94989ba845"",""b2ec6e31d7e2f87f168d4304cc9f8207c189b069df5669a7de81460f2c8ed1d6"",""b97a21c7f189ae2acfcc60fa18db6ebe9e4918ec087dd9b72ea70189bb031d07"",""cf3d044e109b029dee2cd389f830616c3e3df42806f60570ea6f15c5b6362e08"",""d290074ff9831e6bbbbf5d6e42bebc0b0503a7908cb9658432cf4b8b692a7bd0"",""d84fca6463de7e6c57cff421a5923807fb165dd905a41bc9473b2845a5bcebc8"",""dce522c80cac6d6f38f47ab9a60f48e6879e2272bea3da4e6e2a2ffea18c2a9d"",""fc77011a4074cc9956c1b6a2cbbc122dc15a095fb8b779d376489e9174757a25""]",[],candidate_unverified,0,1
46ea42eb5adf1b3aa4f69dcad19f7b8f3a64e4971a3d5d0706b09f6507f73545,1046,bma-district-1046,,entity_assignment,geographic_jurisdiction_candidate,100,"[""00a628e77b4e0a04c4125451dc91a561950b2ec0005a682bd9989d5f5befd333"",""00dfbe98cae973d239cf74c3a40ed56859576fb3206fe02f822922dfe6994324"",""0212ee7bbfd17d31f4322c7b23672f52626d99b6cbecb4d5ac18613249e6ada3"",""0311f58188470dc1ed2d7dc4a94116ebc59999ff8fc3b80921ae34abb7fde391"",""03b05f80b9ea760198b4b725af2c99814b14428601e39b7eb1ed58ca676e175b"",""03f20ab17a3f94b0e2b230a6129c06f4ca5a92005bd5667ec67f01cc6969c3c0"",""0bc15e30ae75bff4ad2e4424453e0df23f93191dced242eaa2447c4cbe97f1ef"",""0d5c26565a5e4cf9c034d41357f97c629000d69a6054ef252c39bf9b3d96f632"",""0d6023c35fa0e6e417d0c86492b5c894f47a65199164365c635dccdd28bad68d"",""1beecd20f72cafee1ae7e47b1acae7c941038a4cbcf895825c09df9797a2a279"",""1ce2cb23d2c2ed7dfc3c419c76147c756425a55ac6962b8165017e7e2181cb44"",""1d4f05c7ac69834e600b8cd8cec190e751bba0c337be5fe8f73d1ace19e56b93"",""213cd5129b6c5a512351b95fd2a9d71b565b40d74b72eba071809124e785561c"",""222ec5a7461bdb0688e854c4727ad2cb50551b51b3c19588b82f0d504f7d57be"",""226d5c8c5c655fd560494cd1c69c1e4a4445c039f65fcf9957d8ccf79c7c0106"",""267cfc61bcdb2d8fbdb3d801134246b0f77e4014b6c4424237c7e2816e9e59d0"",""29c397cf9e832d7e9ba636ebe4dde40355603fd099d80e75028398a6a849376e"",""352f8eb4da44120e27393d43bc35b1ee52a137327c430765305be358609e68bc"",""381f469e1d8f91a22bcab15124680ab5c5c03682f57050fffb858864dfc85396"",""3df2f3b65498a46e61713c12d8c4b82a1eb790e5a6c8ae5be40646d9fb765bf1"",""3fcf352a412545dc06b05d6a228cf59ecfd45dd0a1e6e6f1ad053496846a8b42"",""4415bd7bfef972e8ee141eb3502b661701b942ee3ec4d2b2d5a3b02d375d6fbe"",""448a4ecdd3a5bea4e2679235d27f68785b9db414bb0d75856a12c7f40ebe96a4"",""460e3a04626c20ba83afa1d3edac6c0e0f4a1c972771d4ae68da6d9697d0b79f"",""481faf061613b9f152ef154e5c74a7ce542979dc127908880af8565ac152e40a"",""49c47de78f9eb3cbeeb37319c47bb4bbd138b7301825992ce89c66f9eec9bb81"",""49f24ed033bf5cf352aacae7c615b182e199ef85e22f9d7aa22c0e047148cf78"",""4a7d42233d76016bec44ad7b62bcc2e11b51c931ea4cc4dd5868b0b85be805de"",""4b97b3299f601b03946d48cde4d4cb9a614a028a4d0b55f0e6f3f174047a78c1"",""4bc4948ffec0a71ea0c53e0f157f95d7ebfe1ebeddf767e7a5b00f25a934e05a"",""5276bd05bc678fecf7bd622487ce3aa712c258a3b0e80737d3c70f06bdff1195"",""52bd0d7dd75246a8e848bb508ae26d222416d30bb3a114ec983035293d8c0377"",""5761c0f5d860aaa5f36d0945d12f9c62bac8905b283d2d998b630c8381cefa31"",""57fceda787684b785d13a3dab46057205b0ed9e02f3de93488227f682e6403fd"",""5987b61329d38d7415118414f1b12b66b2a59885fdd6190ea3c2286818425189"",""5cf1cbb9ad19bfa9ad68c2f3cc9f26a1bc892584d634320e131bda1554dac82c"",""5e5300c5d42b9c6f627b2025615f904e4bd9ce89a2c31056d601e2384114d64c"",""6375214be7246801b98313d60929bfd16dc7ac0e7ff414f73f0fddb1d4b4d1d0"",""63a76beca551d454ce49249e8e06be5ad4d753269f4e296fe445ac6c856d61ce"",""6682b623050e88d32fec89d5f0c68dc8ad5f89a669df36176fa835a8d6c5a936"",""683a2f8e193c2db73a99c7ec1b694bfc01ea8f74a49e2ef2c322375a04f97554"",""6faca1982861da74f42fb246aa975c15f28fe3ca3ce7fc2a0f17b4ee7fd5cdd2"",""72c413d5534ca6460b05121727149420e44d1f6073b96dad72fe9502c2d8f9c3"",""7303c869ed1c7ecb7acc6871c62f4b41d33bcf7df3c1cee46c4633793a8440dc"",""73871ff65eae5ecd907a272e1f8a4617405050fde2b29b18fac438326395ab18"",""74eeef161381efced0b07dbdbb8b7d6e7c6131ae5474fe5ca346504efbd59dbd"",""7700246caa9ddf985aa1a4bb3853b54348f4eb5189f89e5c2205b744deb70992"",""7786d58dec8b1c05cb44c28d6cedffc66e6c8a5c8ff5bebccbf0fdeda093543d"",""78b64ae512e7220407c95596d1ddcb685e9f51350b4bfbef40fcaeba3188029a"",""78db65bc20a7ab984a4dfbaee855b29e966383d477c683d11f9d1a83e6cd96ed"",""7ce58bbb6f37f78cab5e5a60f989cdf5e5375fb87f7d4d1259d5f97949c503eb"",""7f8845d8c7ea875b05c6f85deb4b747516e931bc905014be0e3c94eec498660a"",""837a16ad429b22845ff0dc25c076d6ac848d6e6bc9b3f9ad2ee715ddc98c79b1"",""842319bb699ea250028875a0a14cce11b3c2234da747d7c73ed8e0992c7a17bd"",""8529ae980cd997871bb943770f90f0f7b03dfe5b54ea66a95d9781f869e8aceb"",""8fda228a3532f15486f480241f52cb9b4671aa9a5b6386decf2a34cb1092fbd5"",""92914ebd01e7b1cbd16c7f1aa51b62552a69f6bb3be5d5e359965b0567e17e2d"",""94876efb040f379f45814439d7e71423ba590c7bbafb6971dd246279d1fd79cb"",""98d872e4578d6c780c7b4490f60fcb1fdd4eebd7e6edd48503a96ea78e1fbad3"",""9a1bdcb3bb8f2814b2b7251ded5c0a8882e6e6aea5711bb5de8c2f81fd71cdb2"",""9b410c79b97c5591de562a7574f03cf6bf2d59c78d943bd44fb20ebefca1a28e"",""9f25bd09e2c7a309df7e2281f2d75708730895d1085a10efe8f79fb1e560adce"",""9fa8d20954b13e2d308acc9dec911fdba66bc32441e2772facac7764a08c873c"",""a721c7e643ddf017c32d65811af82b2ba4a1f491a7ae78a74af66eeb44a9931b"",""ac7d08afb5d20c88db0061fa9cf90f0357b88a8b8b4fec486bb21e9038af02ff"",""acfd05cb14e4bdac40591bfc6af14aa6091d302689cea463b4bddbc04903a7dc"",""ae539564262743ff04042d029983330eba96dc02ca4fce1ea5ba890915798946"",""af9e7089204a96d390318b73811f8cbc4a12bad077e4372ed55b2785b1810ad2"",""b105bfa1c1295ecc46d3486d835f23396c13f484cf01119f0264ebce902916a3"",""b270c8e10f6ffb91d3ee32d9b3e3d148d55db3b60102de4faf6a05501e223f45"",""b3e84b1ac20fe405c488976a58dca76c941475a3e4361ba769be6ce3016f027e"",""b60e95b32d4032b397f2d9efae5983d35ce5bcea88c9fd036a61288a27143976"",""b65a58c51672304fef926f2ea82a02e72feccfeac0357a8cd36d37477b9cc7a5"",""b67a70cdb947dac3072c9f38f801ae2cfa2862c17b71dd5af2d4830e3a65f0fa"",""b79afa4866163835b96b045038566fb728a238d826123adff65710e8ce42e50b"",""b7e0e5c9e8635443c60b9aebbe07e28d75452841fa6bc9499a953f2ce1268637"",""b7e18aaa626a98eaad217314addf1d0f2c9ed144b78591b77d0e26e5d0316e68"",""bf62a40fc0382bc5780efa8fc5297100ae54a783ddbc547871908dd1a401e1e6"",""c8223ac75588c282e9f8ee4d9540dc1cb83f9a5da21c0fd13f58f7a22ce8f673"",""cbc8998e730484550c9163228f59abd0e61654a52b92d99cdc504e6263bc9ab7"",""cfb8fdef0a9be41be2c11f18ddef718b32e9074c513251f7edbddf58775248b5"",""d337d2533e4df3caf89deff62db24804151c313955a2e7671c2225bc6e951f2d"",""d3459a8c1a7089bb3b9a4faf09a35a1ef886e91ddea670d32bcafb57f44f9b72"",""d609b195a8da46316baa812abd43cfc9e9e0cd0d366a708f463865bbb0f6ac49"",""d645486cb1e90c791ee0855d7bea6485d32c3ce707a82ac8d9e005dcbce1c916"",""d661010bbeccd60a9fc5f85faa3f45ae4972ef1222ec93d05e04cb4e1d09ed29"",""d7800ae1599df5ff6a3a5d810f6958f4be8488735412efd1fc93c4c0b6397a06"",""d7a16f77d3277a3dadba5ffafdd87b222df466a169890190494bd5b9b7497a93"",""d7c91e218516c1573d8245e40f347b4f85395737d237d0765742aa076e46fcac"",""e02ee5d6224bb24c4e681d5642c3aa684b9083fbd8d1d08b6d2a6aa2641d69d3"",""e0ec777d45b3a845702bdb2cbf135087b6c01e236fb29fe21992d6e16b8fba53"",""e14e4e2bd89e9a91c9d37d1dfdf7a3336e4b35144a6bc49fd3ff2107d3f7732a"",""e506bad154a3161d663fd5094f456864fc6a7beac4dfee1cec7d6ca1d1060ed8"",""e541a980f7fa0115c2e2f18a36322229eef07b5dd3932fa9ee24a197651e73b2"",""f392f3bcac91d72f82a66de01677afe3133f31d3711c44b586319ca1d536f6b0"",""f4a183f39b0e9c23a10abcc87b1ed185de66466212e4eaeefac95513fbf2c1dd"",""f980ecb251a995bc47031cbbbd06ca380510d2d900ba0c2853dcefc3727c5fcd"",""fa53ee90fe56efbd1380d7d03b082b69710b16d8635252b8bdc05486f4272fe2"",""ffcf8b84c63e99af92871bb5b0a94db54ef9c2d5a5dcf2ec870baef54253a14c"",""fffebdfb1f30858170aeebe7960ac8718d364764bd5dadafb7af1b827b4eb5fa""]",[],candidate_unverified,0,1
24b25f70941a6ab9d280975678e7e3824993d038a3bc559743c201f578ffdacc,1046,bma-district-1046,,entity_assignment,primary_response_candidate,32,"[""047cf029e79f4c3cceab61d634f190606d517f251d188ca127b6f3497f253a04"",""0de3e30e7e62d7235ccdd8fcc234adc7b166300bac37796f77d7c1b0053c77c0"",""0f60c921f28c5c3b1262ce27fc3467c610cec7f03ba34459cb58d6bd01cc9dbc"",""12c24d854fed8e03cb382d35675b245c81c06c530a3c2dc3a9921319cb0da1a7"",""15c7093c070f25ea73bb8b286c22e8dae46a946e7d5b8eed542d425e5635c1d6"",""172e5f6e886e6da9dad8420d39fd5c36a884942255e93693227f984079ab0f85"",""2ea576c01e2cc09fedf4df89d00ff6200a4a6d78847a9e5f59c59fc3d750af2c"",""31b96bb6ea2c131f6d55dd73057b69e8497b9805f9f85e10b17226d4c8654d1b"",""35acbfc0568c9ba598d75daf02252e6ae93bee69864abaf7795c78541f10a9e8"",""3f1a4c0c2e5b47f46ff9249fceecb4b5059d65f72b3b0065d27c0c780724326c"",""3f8166d48c51bc7aca6b58fe61744dcd629f34401005c2262f6f272ea727ead3"",""4549f645b1af76583f79284be0869f064109ba756b8fdcc832c5d777fb7ed643"",""45e5287309de834d17b2648b44adcaebbfd8f4b69ff381a86c85ed38849a2922"",""49f4ef421f950b700a2d4b9587433ec7d52eac4de69b38552c90013772035c86"",""53b44d28225b279debf8ac15589949029e09fe3893741bb9278d5d2ce695b3a3"",""60afee0f7a93b0d0e355e102ddb1dd25749c0334fdf3912f1f66e4a79db99c1b"",""72d72b893dc7524958dff1eb3e12c793bba1acdd5b1811a63907798cc81d4ccf"",""755701a222bf08e3920e35666098a4301d7ec5f25cdea54079815db818282de1"",""75b771e68ddc3bffd8922712845af5ae5f3911738e27fc0fe522e5df946eb89e"",""764f6fec547ba78a5eaf105ba504628208d6cc36780ee687b6bd6943ddad3099"",""8c2f2545c0a4582508b898610afd3bacc2ce8de817b6a6ad7ea0e55bbbafe475"",""96f36c9210b66ba62f5da24c81295bef9f41723076ab670e53243633b9def9b6"",""a32f1af663e8201a032e1bd922d19121cf3b156e160af213d27512c961d2c413"",""b0dd4c014b3e8f0f93297fec3aa462b33510892edd60769708d678ed03e606d7"",""bd2975edffaceeaef4fa6e096fec674b14cfb5078ac5ed15e48c1d331269752d"",""c34d56a5b7dd77c6ee8f4194e8056f90719fa16dd8348157bdb57fb552e79ff5"",""ce1c5d44ba9ec73761f6891d50142dadcb3d8d9d71778ec70c957f03e2790a37"",""d1bde7fe18f35b3923f16e58025dc0eb5c50f6856fc67f409c3d35856f816351"",""db7df4b76ba97f37d9c389cc29397934c89c60421408329998c5c1f596047beb"",""ecf31eed2e1e65ccf615bb56e2101abcc6be92f035de3fb443b530f777c4155c"",""f39d23b6611af1f33eabec0940c0028ec21da9b1391fa08f069197a59f5d6a54"",""f505d909e2179e9717fe061d3d247d590696c98c22082825d102d6835db59783""]",[],candidate_unverified,0,1
8feb36a83114cad5344d628ccf3c35cbed16b224a03791ffe07b87633569a546,1046,bma-district-1046,,entity_assignment,support_response_candidate,13,"[""0febe66d84ca2a8c57b76f6cc5ae243cfef3df352a578daf68d759ad9a369876"",""283039a851d021ccc6575aaea7d3a70f704d9a36f1298ebd8b6f61e91c639b8d"",""3349be802976f01829bf301a4843387383f4660aa18303803517d2ff3cbd884a"",""4fb843214667e6d1b887cd19c38a08c21bba3b00aa4e70de2f960bf98fafd09a"",""54383f890b5985b933db183903ba0eeb35c4f052d5706092d23249b09204cb0d"",""70f8f626b632499be2ea92c39d9d79ca970408e1537a8b8ccc94252285936b65"",""7fc1a7abf76fb2a6d5d3327f95bd0f05cd1711ea4640edfeb135f2e33f39a46f"",""a48f3493f115acce70967b28b4d2fd08caa2f75b0ad9fcb769209d67dd1a4683"",""c98f8c9494170f363c7fba8702d286afaa23153e22c586bcfc60dd60c8f835ab"",""cbf79f5d31793ee125a3fbf997dcb6fc5821b652983755673ed22891e5f124aa"",""f407343dac0146cc1ac9d859085638e0e0d8d72e3ccab9e9424627891de2ba4d"",""fe4a60551b59c4312e22ee0a9666af54be32e7626029b520fb2a4837ffe97c3c"",""feee295587834c8ad134823ae6ed01e87ceb1deb9915e9829faaf5a8279896f4""]",[],candidate_unverified,0,1
3f9d38e21f955ea8e32241c910a6f3a1815776f66d35fb53215e5035fd9c25d4,1047,bma-dds,,entity_assignment,asset_owner_candidate,5,"[""1768519520031adf6e0027979c06ebedf72dba68b50cb2b10d644272d5e4c9a5"",""7e19c12741035e9d4212d81c7920d93f9f4ca48bde18dc1b87c3947341c0a013"",""9ae367ffe4c1d93e6dde80271a7accdcb41dba4b27ae9080111ad652b11a3aec"",""9d6fe6c33099385878bb44096ac3adc819faa7f156b2aeb203796b4940a6d50c"",""a90f0eefc6de52b970699fb7e8bfb3c9f3a3b423949fe06dcdbcc705ed447b1a""]",[],candidate_unverified,0,1
0e75af9b401d7ecee982a7a895816e74ddacab3e79abc1c32f1794707f055be1,1047,bma-dds,,entity_assignment,data_custodian,9,"[""1071a3dbca6c57520a137665aa21062eb41194cf0bc1722b9dac4f8348ec629f"",""1191164e6226c274aac65b7258a83ac6c7ef7eb580b5bb858e24b2fbbfc97375"",""18d52317872860cb97eb16e317dc9f15fead0adccab844d015af514554817119"",""42c3f3f9293200c28df7f9640e58e2395b9c54579101378c4b1850b4fbcdc24c"",""87659a639c1a2d876d92630ddc9ac60997555fd1864173332d809de73397a29d"",""a38476fe522d191133d51ed092127cec390c12cf2d90f585e4d85a1b128611b4"",""e9f62d806da4698a3ff8c776cc293a0d18022dc56e9dd178d50cb27e5e0865b0"",""f3dc884e1c05e6e54de1e82da191e23f1fbb410b33b382def1c7d5d9f303f022"",""fe9386cada8a212d00b6b629a99e26680a8d68157e6009f3628b7826d6676884""]",[],candidate_unverified,0,1
db666d750fd81fa2eeb51344780566a6716b3263d4d2990286a957a9f33ee34b,1047,bma-dds,,entity_assignment,primary_response_candidate,7,"[""00944b9e6fa83568e579f7e07e5858305733d11d03b4e46498fecc084a468591"",""11d877a1e741b18a3912e8ceb5cbb4016c516f95b648f069b292e629fbc6c0a6"",""802bf885cd5b2f7cba0f23c6b69d0ce6b383d235f9c4327951e760ed5d939f62"",""875118af53b7617e239d59af88b7ed358d14651b3236cc1cf7517eff99a418e4"",""8fcf66be09266fe32e6bd14d850d6232eaadfba023c18002c6655aaca4b92f66"",""9744449de08bf794ab44db98b3e80985a7119c3e70408fb3dd636f9f64076038"",""e945e8d7e20942a8ec7603fc84c9bcafc9f6743f341fafa0c7a50b6e37aa909c""]",[],candidate_unverified,0,1
2d25f988a4e00921e5f41a2f42ef141ccce41f40f9adb83a95a1762f824b39cd,1047,bma-dds,,entity_assignment,support_response_candidate,19,"[""000d64a17a8badfdcf467fa7514a51b864453509484554c10ce0b04eba287d74"",""0c50f0e41946914bd129339de08e611680550f3263df77dea3a941f83a7d464f"",""172f5776f34549f223c5c01abab62ff07a98fa2750267a585306d92ac427f2c2"",""249ae21eaf3aa050ccb7e093831e50e0a15d0832b9bdfee6f931d7b50f7bcb29"",""2e51a5be0350e571c8d7f63e6c4a3265e183abb05a08ea14bfe56b4ef96f3c46"",""38b042eb2460b17067a11252ee99c6f80b7f2553eb30e34aabaf01f29c6c8412"",""4ccdb171b2afd5bc80c7aef7097e5bc9c88aafd8313fe080d57097e8d237e681"",""4e8a5443711989a174ad7dcf43f00318a32b2fe231b28572283f7c958003bb2d"",""6d23caecdb94a5ebc58dae4cc842d96211b892b2fc3bb3f9af9b19fbcf34f9b9"",""76c623600541746a117223e9dfef98bb7eee3f28b983c5dc402963cf12385704"",""a5008777ae1f715dc5cf0c68275297d235682c94a656268fbdf42ebd584501b6"",""adf67a72f186f7fbeb4db3506b91cab80fcdf6cc275d25d017cc7f34dc31cfdf"",""b1bed80cba2cdb32a7e8580336cd3985043dfa04cef6ec05deaf1df7a0290bb5"",""ba1f2c66dac59e0661525098c1f59b0b0cdb106d96ab248ee5b72da9188b8430"",""c8e864e0698f2ecf9a0b56438cd9690b077eb010f88c9e38dc3424543e5b263f"",""cd3b31a56a602cc2b3ffaf7b7ff13769bce92f2e26f9bc28052e226803474ffa"",""d968ed21a71bf2f956b495f29d69b9a590ec5bf13f43c1bae9304e553218a771"",""fabf0ec43a393fefe94743ec18d5d4bb8a9c0dde43de097c8bdde7cba70d4a1f"",""fc431fa3d8cd4d4940397b1f52769cec8c0981bc89f2c14150d8f0c866148ea7""]",[],candidate_unverified,0,1
7f14a5e9f3d378d3090c947e15113f02d00a89aae460b023e2e59f314a9fc90b,1047,bma-dds-canal-development-1,canal_infrastructure,incident_capability,canal_development_candidate,1,"[""a50161e869786622edc784536a7b44cf59350cec6b1f3b4ba657f91d25d9fe26""]","[""dds-canal-division-duties""]",official_reference_unverified,0,1
2135ddd98168814cefae063b89e55e0668ba18e0ec28ad4d44d3a241259f58d7,1047,bma-dds-canal-development-1,canal_obstruction,incident_capability,canal_development_candidate,1,"[""c2da1227fef734fd3e32d15c8afc5d3797b216fb349ffda783292241f7ac97c2""]","[""dds-canal-division-duties""]",official_reference_unverified,0,1
eb9643f9ed6fa465524a373e8f6d3dca7f8663a3640e479aae078d73f300691d,1047,bma-dds-canal-development-1,canal_overflow,incident_capability,canal_development_candidate,1,"[""ce08d0aedba24561471c32185399f28a82cd82076cca810cddc9b4375a8954fc""]","[""dds-canal-division-duties""]",official_reference_unverified,0,1
b32d17e7af4dff4c1556598229295447d35fa4ccdc467d31a2a98946b5c19efb,1047,bma-dds-canal-development-1,,service_area,canal_development_candidate,1,"[""894b03d2219ad571db0eddd8bfb72c42116862eeb3fa7c74a17a20fc8228b3c5""]",[],official_reference_unverified,0,1
bedef07484c149e72274ca90c8523406a3e11b21bba6d8e87942d6ded5ae44d6,1047,bma-dds-development,,entity_assignment,asset_owner_candidate,1,"[""fa594727a7bdc9f1a3c517c8fa17f82c7a8ab2762f3fb20b63a5a77f580de58c""]",[],candidate_unverified,0,1
e761fadfea226395678881514d29a8fcdf20d04279ac2108e2406674a4fbd042,1047,bma-dds-development,,entity_assignment,primary_response_candidate,1,"[""c63dac63cf7f1cb838917b565da400dcdc925fd8ae0708c4f094bf230ec1f3ed""]",[],candidate_unverified,0,1
27d979900cce1dd424501c2c8c711106378004ff916a5bd4f9d9228a298e9105,1047,bma-dds-pipe-maintenance-1,main_road_pipe_blockage,incident_capability,main_pipe_maintenance_candidate,1,"[""5c35a2b6f992975e07c8fdea98b9f7d3977be2da1bf2698b67f2e6b1485ce8d8""]","[""dds-pipe-division-duties""]",official_reference_unverified,0,1
95537db4f217e3d21699938b3fea11655d45e05bd7a9da4ef05b239080053b28,1047,bma-dds-pipe-maintenance-1,road_flooding_main_system,incident_capability,main_pipe_maintenance_candidate,1,"[""6251ad58b63b59e7b56f4c7d6a463f6bb6591e593183f11d38c8bbe4cfbceac2""]","[""dds-pipe-division-duties""]",official_reference_unverified,0,1
a6e39d9e95a1b54aaace374d4ce93cb97221f569ac76f674cf2c75960ad3e6b8,1047,bma-dds-pipe-maintenance-1,sump_failure,incident_capability,main_pipe_maintenance_candidate,1,"[""d4d9c903ff236cd1312418486b4a18b0b41d553931a00c967693a2e0fea5cee0""]","[""dds-pipe-division-duties""]",official_reference_unverified,0,1
e4d30f3fcf6c781c5361c319e420d46f4c6c9fdcb167b3c9e3dfd001d7436a82,1047,bma-dds-pipe-maintenance-1,,service_area,main_pipe_maintenance_candidate,1,"[""a1339068f6c64ca0db93ab558be0dc2ad459d0a1b58f015af05aaa9aff1801be""]",[],official_reference_unverified,0,1
4bff43602cc62cc0c009564c9c6a92a07cbf9f7ace40b46a93f9cfca2f2574c4,1047,bma-dds-water-control,,entity_assignment,asset_owner_candidate,3,"[""0203298b7b28e475303a49b595751a6000cbcaa6ee65e9c8fd22949b11ea4c41"",""775424831050aea34bc0457ebb6c39bc5a425982b69460aa5e5d7be7f79b8824"",""e94cf3cdb2366d40cfa2512753d1faa67cc2475b20e4806ff619012b473694ca""]",[],candidate_unverified,0,1
4c5150875a6ab151fcf3ff286690ebd6b4357ce1c28a88628b8fb98f77b65723,1047,bma-district-1047,,entity_assignment,asset_owner_candidate,19,"[""0b320ce9fc851a0d7b472b48c7d30773b572b68b2a1b7459f918688d3f2c6fab"",""108e07d1fdb9e963c0d531266b3379bb597c3e7e2bc41b95b800b6b505a19241"",""21d68686c84dab17800fff249f952b5a92e130aa54a55684dad9374263d6b935"",""3b1f00b91a7e0a27ab62cc989fd80d42e8d9faba7fa26770d5dbd32a3207ac62"",""410c8f9f33ee7d76468f82b1ecf65a71050f70c0a2f6e3e1cb55a8c235408dd5"",""48aaba0bb5f5646a1c708c0098ca86d9f457387e19f6b93fab24b98052f13b70"",""5188293f6e7b22bc6f3478200763268d4073b9898e3bdac4406084a09a9ee62c"",""5f508d434fd0ea028802bdef72c924fb97e63bde099bf4eb887bbb441e1707dd"",""688fac3ccce18586cd12d80a6d848945510954efb204d2ea36cf00807606ec17"",""6b0f5c9b1a8c12d7d15d9843f358add022d710db7da6da3db1bcf124ea20f29d"",""795011bb353589dea079d80d930a624f2bb907a5b3b2fcb9e3ce50820919031b"",""88ace934ba33d9ea8c6d674576f63ab47d65f32d4fef8b626146f3fa47649efe"",""8dee02ed5d7ea04ed1c39dc3564f5cf1e9bdedb77f840b9349e351ceee8f2ccb"",""a9adbdabdada9904b334731aaf49decc424796d01fbf294371c8cdc4f12e97a9"",""b025d7bde7ba66626fd88664d473a4af4b95c055a7032a97721edadb89bc547c"",""bf1c9ac054249cdd29607033a5f76526cc1cf3df961c0013fe55a3612c6ecb69"",""c1e575422de40aa80312eefe905cc92088305517215508ad29769cd9b1a132bc"",""dfa3bd45c7b32dc24ab13ba6570998e1f35fada2f321249b5b64042f18ea6473"",""e7c31413c87449e3d8d671c65bca2b26d7c327a26683f5317f3f6b03b0cfabe8""]",[],candidate_unverified,0,1
7cd6a80b8a5d3bce4adc779d09d17e8ea561a2fd22ed5002ea9d569c53674453,1047,bma-district-1047,,entity_assignment,geographic_jurisdiction_candidate,64,"[""001d138476b36dc51038f3272ef68032f9a6748496c1e8953f0dbd9cb24514dd"",""00b1f8d8265df7af968dfe9712d1534433d6ac8fe01933d7a218db25b99b0e71"",""037f12bf9beabf52f8df62cb5d595d0926f1278bc02e4f8d9155386288c9231d"",""0823456b24a943e80309a7ea3554e23a4aab09fa25defe630b8e447764301e2f"",""0a971da1a48b4e22258f4e05932a196dc303bf03745b5969a9bc59d4ec31775f"",""0b8aa106391aa2d9fa716b9e9454d8c9e01012d4f3a7ead846756b6066ac11af"",""0be38d83784b843d5e074076c4d08a2b025d08e143b9b4b5f7eb2ef28ca6ec66"",""114b41929f3f3c4f9fc2fae9bbaf45ecfb9cbfded79e10f91420e23e4cb2adb0"",""1aa2a8169cbd49f2054099a116dd03f40862d996c4c5fe6315d7a124305ca348"",""1d1772e2e37d1a16ebf3522f369b9b8365ab2da1fd817dd47ee91d7a6e7c8914"",""1d7887effab62588b7858960004d65b40c955428e889ca66a2eb66042e18b316"",""1fdfc6ec4ec4c885aa85ffed33518a08aacd8393c86cca262eec9eb86f033556"",""2990568d51fbe589d5d189dbc1e2a2149196e37e441700c1150c8863e2596c27"",""2adeead50ed9305f2e7f1a8d30c9f77d5804990fbcc61510b203f1b0762f9f9e"",""3a573ccfa224b7c580377373abb26cecabacb92755e26944e5a9df68cb20559b"",""3b775abf1b6156f2d330344f522809a634ae33cd63f1706e4be5f9b9b23f96be"",""479a3fc1f0ce8eff02c6875a65a109fffb30c56c1561d3d8b590a3d8bf017894"",""48fdb4eab2304e7a720469d2bd835d92a99059f235186ccd1a95eec61f987d71"",""4952f320958144ef29d9d24cf700244f2429e6cae098520703ee306a015bc420"",""4fc10eed5a3d0056c21ac74531e57a78e11c38fcd7492627a9e673bfb8ed39cc"",""50e817b7e785ed27ec18ce70c851746b97b7263994778edfd433490f5aca1fff"",""50effeeb4e67540fdedd3f3432b7003a4e5f884f922bfa0934a593c383115d14"",""5d4ff8d55cff0f5dc31b0a22023111de186098056a73abe13729a13b1ccc8fd1"",""5efcb6bc867465d0b1329138ba9ac0809bf034bb30e61881f199a27d0c0ea6ed"",""60cd1f708f8d10a8e934daf7b9e60b1e0c077f0b02a3815cbcbdd51e2f572e56"",""6b0621673b1433d858b6f568cef3e52348afa8a4a6a6c4f28c27f52654ceca8c"",""756c5dac71797434410c484ec1752a2a670e04b8e04a60d965066b61118d4728"",""76d4815bc6e5ccf776b4abb7b3e2f33a32fa0100c41ba84a8a50ef6b8f377fe8"",""7af05b22f05cc70c206c540c76750167af5c0267ffd62c142fd4d275f75fd124"",""807c475949153596be99c6e963f9b2b4e925ecc58daf85ab6ae540839c18c377"",""80c957b67a83aae6793a227bcef55f724ff12153bf6514e33637aff6296c69fe"",""847da029700989657ab3db37a1e61f065c8de095f22a77963da45425165d510e"",""86d626a571f2079b8a91ba2572d505eb94a1d8b70afc3e9ecd59dd2e1b574ada"",""8ac7b3d83735ccffa27729fd5c3c6c4a60ca3cc16b109f14bc9de4c2d9165cc5"",""8f33d9ff732d3494c79e3a74b00fa035209d7ba6032e6c32211078c67e590d3c"",""8fd312aae10e457bf4d970bd86b1c5fc2f68ef75514fc952fdb222eff178a0fb"",""9c13294011662c4d11a385496d0cd92dc47ab6f8ade434af162186e0a929e903"",""9ce7c480c9234dd873ce0d8e2cd9588afe0874fe1b2fca6457e945f9afda0099"",""9d1d6303f3d9676a3d46d7472390b5ea9b07d535595beda5d7dd2cf991e47f9a"",""a1fbd109e363f01509b65473569e9d498f158294406a3f569ea699887a8113be"",""a6609798474be9f5301db751cf9ec5edfb012475a4a121e91bdc6d1835f3f84a"",""a8daeaf4a92ac4fddeeba0007d6999342c9cf5790d8adfe7f820425a1f7fe159"",""b5a0d909b6b80a2ac266e78ceea12faa468e9f1d3019e4c874fa6b6ce4a3fc04"",""b8f57d2a8fc36e017c2c04818d00980a1a2cf067bc219c06531e51b160bca519"",""b94e338718c16dea7e1845c1e993cceb3ae6f02ca9aa1e422a2f485b952c5c95"",""bff92715054d3e36db4863f3cbc0cd2f0e8f66d275fa420c0119f0c726840fa2"",""c4acea10716d7be4b3777708baa54489ac478caebc079e6427c0e52d3f857a30"",""c50083328a5197a775ba6fa6d3222674fce5996f2a58b5dc9ac0fa403be5796c"",""c7ad701541aa14efb569c018faa5b8b3f9e5ec4cefae82aa101e417634940ef0"",""caa5d7aa2fc2448a992c01bd34acfd43eff9cd7f605bbdac0e493668e773cca2"",""d073f1a1fc798f44a4bd73f16d63e9a2f82a147f59ff7287d09c48dfe6c94ad9"",""d299535a86bf81effa780663b6e6673d2da01c2ac93999fe50766c702ae5c6b9"",""d29abcdfeecdeaed52efd75ebe471d071fc6ccbac074dd143bf565c90bbdc5c0"",""d77a488dbface02e0a8b8dc4d8d8d26441285ea1d77bdf59618950c1385927fa"",""de26308aac26c7f08dc30577957773259b188031720599a1f78eee5d351d51b3"",""e14168e14011a4773d6e12fe701c72cd0d283abb1606b179c44d7a5419c5cd97"",""eab16cbd8dbb46bfc525c36d3b1770205a629e7808642cbe6351472f7d324165"",""ecd4c9db3b3a24deb71211318ad9db383068bfb4a7b15e1616439cf275aec628"",""eced691efbcba7e2b84e13e1f84457ea1829b8093594cd0913e6b8cdcf2daa50"",""ed7f41fcccdf266f56bc6680106122093bae90968b80173bf7fcd262ad052da4"",""f46b3cf6faccb3d1ba13d20583498d16e44536e463dffb5bb8cd1cb5ba4037ad"",""f50919634b3ba6904907b0878a1e0dc24c48b47ee76e879ff31a8f0ecccc747d"",""fbf3f404ab9b0d7d7135835be4e56263143a8a095f3e0d1487020f7e9ca1437f"",""ff4a0c4e1d05110ed018eea3dcc2b4559a661c4f5e4921a977b80b6635a37142""]",[],candidate_unverified,0,1
d69d72143693a3231059907f617298f4621fa12e3946838131512443910b76d9,1047,bma-district-1047,,entity_assignment,primary_response_candidate,19,"[""1234ae6d024c1ed77a9f95afe4148b2224ac1a639e9c91a16c96738c6fdbafb3"",""42ca8436284832b99d35cf667f0e0d0a546dfa034c7dee62a015cf7a23f222c4"",""4fb6fd39857eccf359393e12f01d75f04ce29dfe6f1aab84e3fff58938543982"",""5bf55317f5e5eaa2bb9934104f3988b4392450972cb3142df9d2dc7ef117c8c3"",""60b763099c40ba05405bd9e69e64130a40d73e106b8e6b86c07e92314a77db32"",""6bf47bb2dcf375b3e448a2760c726f447117de8194abed17e8710ef94088aa44"",""8549d6b4f3723027ed0a23f8930b22b329ad1a7d2139a131321a52d9bc811ba1"",""89323b518d00bee6f1d56ad9e80ff24bff784a9d5e34b0e59ac122ecefe3fff4"",""8e32f05dccbbc92dd71f196189d99a07032d973889a741ec674ff1880908ae1e"",""a1895b8141c2d0ed1161b8080ad6f3b964214533af054cd2a2f053104e8f8530"",""a5a313ce3fd3aba8c378dab1f2a50576b417b89e8b9029df53d453aa076a2cc2"",""a5eaaf46dc43734ee22a7023857b4577f7cd3b54aecd8a2275fccc2fbc30391b"",""abd9e4119b525c89a88f4c3c666f1b01c58d9a8da417674ff04b790d39806b03"",""b38c51058adc6d24727f06b29d36e2e3470e1eef99fa3a8121d657923cfc95da"",""c3cffd1e2dd37abaa61b7bf73235c1ddabc64d43fe8dce935401022e118ecd78"",""cf5ce45c2382e557865c2fa7ca0ca2365b5ed2e3656ed79a10aa3145770dc0ea"",""d064121af9477568fa59a268eb1222126f3e1206fe4a982cbfae1525ad1de296"",""e072e0d2a5b3d8c363c491f9446efeca6e9dcaef2c73ac751e3509c8da1e9b3f"",""f0855b7639694f3a5c576bfe6d14156e66661720c374af145f0e4d1c65925f78""]",[],candidate_unverified,0,1
29ce8780cb9c41d5f660e1dc995a6d8a31acc84810818dbe221abb010dc955e2,1047,bma-district-1047,,entity_assignment,support_response_candidate,8,"[""087d59b02145b26d238d5bc8334424ce6d58ab15048ffe9dfac0724953da0d8a"",""0f8f9cc6a790ee1ac5c76dbca42e919f27b02fe909319c4e9b36d394ae482ea2"",""49de1e597474b0cfbc65edfdc27f94d50a108e704df5abbb55ce75f89aebadee"",""80047b021918f328f817e53de883f0d6cfc21130aa9271b70c24a9a1df3eea72"",""be030155c3e619a8b819aba40cb1322dd26cd869063310a8dfc22c0165146873"",""bf5babc8210bb9b335f0eb5b6707bb58b60e0c8781e29e56e63615d60cd6de11"",""c4ce65df3e058704f5e4d99c7f1fe833903b941f045716cd98ee5f9dcab5d436"",""face1969e7e63b47f3dc7700ff7e5d517dcf8076ccea26e56aa94b57cd1dee63""]",[],candidate_unverified,0,1
ff477480e62453c91071a5461085c5a14b107a09321fd3224b30e790a982b8ec,1048,bma-dds,,entity_assignment,asset_owner_candidate,7,"[""01ba8fbd9851e53afdf26befad3519c8697aca1073c1557d0247ac98c523c967"",""0eeda026ec803d11a8f2585dda32f1b464cc99a555680ef457d33c00f6d97b0c"",""3e8238912bee375bf2459baf3eb73f857b4da00d71381bb03bad78de892cbd81"",""42dfc4ddc92e3d0b4915e7684808d3800f63d664a1752bc298792df97f9fe35e"",""89ce66875035405fa07fb87596c0c23c06e383105af9705c97f16d02319cc72a"",""a48b5f5fe4a50bb72a9948a0444f76430e039cd2a7af870b3fc157218bd7cf55"",""b18704fec1c65aa0f1a468d01d2d71c238d539a6d685cfeefe482b17aa6cebee""]",[],candidate_unverified,0,1
14b7eb9bfe2e0b486a71809d17f130cd04f5067430512d1b3eeb0ca29a32c49a,1048,bma-dds,,entity_assignment,data_custodian,14,"[""0a9dbcd94cf606906008ace3aaad5feb89307d6b886eeebf978932473d2da516"",""231082113fefcea89436450d8ec8f999f929304948c905fb3d229d6b5f69fa42"",""2a01c4b471ff12cea60e75542d6ba0241bd8a53897fa91320e7117b50764b4f9"",""3052f06f56b3021c17ac2d21403ff9d889ae030da7f0e9f68fb981fe5e82fc09"",""44f20cb84d4c0efc5ce5ec37337440466048e12392f19bbbb00a0ccc1216fdeb"",""482da499607ae54aed23156bb5a0d38ca034392708fbc6c8aa2331859e23b7cc"",""5ec2ac18880455e111b4f6619242487471f0cf31107c8e268e54ed391a9022e0"",""65a441657c044adbff541fe08ef253b56b4c2ff6b644a5173c6b332090cf57a0"",""6c0ce7e8a429a9d7aec9fa74d48cd7ceac2bc9104516a624a9b5a6e3a7bc3614"",""73230180110a7e59f4eee2cda0228f3d1406cbef145b00c286e5de540ff2e7c8"",""75b9c588923d8ed42e48181b346aa095549fe672ff133d187bfc22f966cc1d14"",""882f1b459787a67bbba4a37a81b2cabe84a6e1c60e836e659eed4a7dc7642364"",""a15115d255f82dc611f9df3e615785f05da0ea644723c2dee66ec0571281ae35"",""bd555ca8d7c6ff31983b519cbd2ddb5fb52483eab2681cac7f2057f3808cf29b""]",[],candidate_unverified,0,1
9ba7124c2ef099e4f9221e6268ffd5f87553b1b7a3dd95026502fac4e474fb2e,1048,bma-dds,,entity_assignment,primary_response_candidate,4,"[""3d331a58970b9b64d2d2870a69d3a869b4f65a7572e20616f555b211e2b72fd4"",""89c2282d2d8d6da8d0b879870d32515f0d30b574fc6e482962826f6381666778"",""c1fc8a4b1cc965b744ab7077799b2814e7b8bec9b820393fd2e2df177c44ffb6"",""d8cca4a914d606b808fb89703bf704274993bc9b76a04b5ba0c183dec93d647b""]",[],candidate_unverified,0,1
58da500927050d5b9a55965ef9ee0e366f7eb0da654530c688005dfb67185e68,1048,bma-dds,,entity_assignment,support_response_candidate,2,"[""0c833fc75e54976a9d703fd77c3f0a75e98bcd86d6b59d2c389a0eed832d91cb"",""12f6d2af7c737fe43bb35bb61230cdce9809386499382a396f65b61f02d35dcf""]",[],candidate_unverified,0,1
a553a0fc3b04d7f56088d47f960756665df82a2b0995300db90e73f714cd6764,1048,bma-dds-canal-development-2,canal_infrastructure,incident_capability,canal_development_candidate,1,"[""e9f9428909103605cda01a7b834255b73be4e223a91e326486fbfea1bfa691db""]","[""dds-canal-division-duties""]",official_reference_unverified,0,1
4e433c635c5476bc617957d728b5322b6c76fa174735e4e3c017b881dbeb7f35,1048,bma-dds-canal-development-2,canal_obstruction,incident_capability,canal_development_candidate,1,"[""7b1c46d75a35ad5e2fa4075ea1396b01b8b3d6c6dd8d138a5441b37e82d8ce08""]","[""dds-canal-division-duties""]",official_reference_unverified,0,1
a15697fcc72aca54b2d00e71477b64300b1510c0bd7216773562271f86be10bf,1048,bma-dds-canal-development-2,canal_overflow,incident_capability,canal_development_candidate,1,"[""0738bd6686ad2ef36638cdf77ee54a04d45bc90231415172ebe7edeacad4864d""]","[""dds-canal-division-duties""]",official_reference_unverified,0,1
a78a7ad5291a98eb92af3f4f8e970631034cf8c4b2e9a8454b641c33146155a3,1048,bma-dds-canal-development-2,,service_area,canal_development_candidate,1,"[""026fe7b276c50f6ff445b093b7564a30debbb237553a17a8eed1b5834e198491""]",[],official_reference_unverified,0,1
cb6b4a56d000f0a6919c20a0be07418012c9a7c4c7082a2a8b6014615f67683d,1048,bma-dds-pipe-maintenance-2,main_road_pipe_blockage,incident_capability,main_pipe_maintenance_candidate,1,"[""385522408b0bc6f00200afedd388467973c8feeac4eb9b885cc5f68c72c9df20""]","[""dds-pipe-division-duties""]",official_reference_unverified,0,1
7b396d7c231b916e7bac06b9dd7645286573fd6c5c872dbd87e33e15a52bcdaf,1048,bma-dds-pipe-maintenance-2,road_flooding_main_system,incident_capability,main_pipe_maintenance_candidate,1,"[""b944df5c91a7dc94844cd5dd5854e834ae50311234d2e6543631334762a18e36""]","[""dds-pipe-division-duties""]",official_reference_unverified,0,1
9d795ac2c3deae5541abaeeeb018aa6f2d9fb5f94db3162db9f05543b61303b4,1048,bma-dds-pipe-maintenance-2,sump_failure,incident_capability,main_pipe_maintenance_candidate,1,"[""9221a6484cc6c885077d6ac2c1a14689364c88e82bb2138fcf826467a7554a72""]","[""dds-pipe-division-duties""]",official_reference_unverified,0,1
14febeae2dc3fef90d51fc2245b5d787442596124c427134e3dfc0b7969d3919,1048,bma-dds-pipe-maintenance-2,,service_area,main_pipe_maintenance_candidate,1,"[""de88a50f2e4826524696eccd8782d34d7034fecb860d729fc773eefaf38a581a""]",[],official_reference_unverified,0,1
4a6ac5a9e1a4849f9d08d1eaf211118c0228a18781fb4fffde1179ea8295936e,1048,bma-dds-water-control,,entity_assignment,asset_owner_candidate,7,"[""24265376b28d3ab081139b5e0d6810ac2b0d3f30c25206d7bc80f62bd1c4a7f0"",""59b064f68c04f9abf3b0a7f7583882fd161213d4df148055de05bd467e46bbc4"",""5beb4754948cc36a8a1e27bf27710139ffd707abda65d61bd4e4c0c6a8c89582"",""6d5d4e87170ccf36ebed70d3433567a6cf41bcbcbb843eba268307ab723590c3"",""a5cf7c5ef6159ceb8edf9462eb0c81bb8ac1b15aa917ddde7fa1f107c07a0885"",""b5ef3d8be0a21f35fc1546075c7d585e8faf2ee8938d8a313d8fd58c158c62fc"",""b9baa1234ebb98759a2c6d39a9ee5b84f563155a014b8d5ad01a369537e243d9""]",[],candidate_unverified,0,1
f397aff02b50e215dcec9e38835c4505e51bd5a57d9cd4d2dc28c3bd1dad63ee,1048,bma-district-1048,,entity_assignment,asset_owner_candidate,19,"[""06210127519debe891084a72c1955f62c5270f1463555a67ef34ccc3037ddaea"",""24bdfd022af8f004b4ce2c347f91696f1c7965ef0c0f664560ac717c2e5750b4"",""323eb09b154a32d11139b635fd4ba04ec9956441314664445fbb761815536c1b"",""330cf5353ee8f12f4635f540ed4e61c4249e50fec62e5430d4c403e717385ee3"",""764fe6e13124b90985d04b4ef5809270e6143ee7e7bb7edbc91dbfa7ab064589"",""7957fc59c1cae14d840999be4564add0c9a3c98d048434b05ede25c36249180e"",""7f9400139ac47a8a405db284a9f1dca34fdfee907950465949d9d207c1256522"",""826732f39dc3b8ffabeb14a48af7aa22af3737fd48b150b39890766a345c8948"",""88709e0975beff07bb4f57b1c352c2fd05a9f52b31dbe493710835bd59a5b846"",""8dd7fd71759f389093f1a7544be2ea250ac5d45fa15dc9076b450363d65a6694"",""a25c951870ce963ff29950488f382edbcec0327ccb48b7bc925a24b93e5d0abe"",""a9bb367bee56c59f7e7cf4054654ee09bf4275ca6ceb07a4e3653f29e1ed2c53"",""a9fb51ce62f6a325de92cd4d559bf74e0961e5167252761c7b5bf635a69e0b54"",""b073470dba776093ced04a7158075790f01ea9f9d954394e20ddc7baaa67f87d"",""b68f53d9c50917e3d5a8645526efeda17e77bf4cd87438e8b86742073cf07d44"",""c022762f3fecae038317132ea9360e99f8d2e28af1857bc732ce93caed61b655"",""e0a8e6b785d64f5838f85311f4828d2d4bd5fdfa05e26df4f5afd170e7b0acf8"",""eefde0e8753d5f579f9dcace4291766e06759d301ad5f02e354f8c6dc351611c"",""f72e19389cb8b1680e46bc2f93cd78896149e8d1dce843c3f448b432240e0e25""]",[],candidate_unverified,0,1
9d47bccf13165a365c7447e65d3a7d094a4b03d1b3eee2f3caa661c083f58c43,1048,bma-district-1048,,entity_assignment,geographic_jurisdiction_candidate,106,"[""009a5af06f83dda0a0be7d6df72984710e6749d373fc5db89b2e388e91f96f1e"",""05356aaf64bbe0b3bbe87036823cb9644fce3c7588f4cc4b52f745dc8167f7cd"",""05bf2f5b2f76133d156fb70126ed052a9ec447e24f0ea2891be746344cb823cb"",""0a7e3289b56b48cd5847c7876b7a464d2cf5711461478cfd479d18b05d904bfc"",""0b491f422c0d336fd05c99cd82d89ef5b7b42ca48d76fe01c5d92f7fba6d055e"",""14a0b354821ebbfdb4bfe307c21341c4f761fd7c40bfe607ab598b5e8a462514"",""170284b6772a6a979f5cefab28a7f0eea1647456e769281d960b9729b8cbb137"",""19f60cd931945efb8ac0ff99de5238e0705860e2ed04839bc97aac91d723b1d9"",""20c780ad275603e632d45c873acab6a5e1aade238e231e29c97902df52c8b34c"",""22c9bf106bb2e342f2470950f6996b864dbd48614a723df52746554f6c1e613a"",""2784858c7920ca04d17f3dc52be63ee0b92d0c448d861e5ea71286d5958673dc"",""296bd39342b40751639d61ca6a98b3966e01817ad85544f6cdcaec58fc9bce63"",""2a31ac5c0efc869d4db954de43dc42c0ef264567dfbe9f3d73043f9afc049407"",""2a586cd0a0c48615665ebcd30fa8371b8663c0b3eb34dd5576f4f51b7456b23a"",""2c02f792011d7dc3a028bf514f7b0e08a40dda5340badfee66daa759e0716cfc"",""2fa5b4ec543a2c4b4f454df605493ee6bbe834781d9abd70c783dd5cd87c8a05"",""30e038f4c1f2910ddbdbe22b359b5e6237f5ce7c6e94616c133c0b3cfd677eea"",""321d87f61b814037ab5ac92c2a3c8d0d9a5c5a69d6f98f86208650e893cafb39"",""3835e3a0b329ebd4c3f12b02d6ccbe37b00ec70f76621579950ed04081455ca4"",""3eb879eebf14e530f8b0c98105a0af2d3ee342d6fa4ee5a3337050646e775a49"",""4157c4f1f2f47eda3033c63a79697f15ca87db4b931193465cc463def7a04797"",""430f588636856683bdb819d97eefd0118121c6d080783b3bd04139f42374e34d"",""491a2e0acb4169655400dffae1b64c8088c4c4f24fbe5e40358b7131f178b7a8"",""4e262e1da94b285b72ea4101b908aff862ab697f8024f89b4ccf726f9f53e795"",""4ebc9acf64180d638cc0da9bc89b48aa31d0c517103c0df37456229e9cbccb2f"",""540e572f14aaad2544cd843da1d6aac7b21a011815dd9fe1bd6bffc231ba4ea6"",""541adb64a518cfdad586c21640ff1c6555d379220fdc3ccd995d00feb9d13dc4"",""56b44b70ed8fff1c1a099b38558951402f20f3f7696ebe47737b0e06368178bb"",""56c740ae055832c8c2952132229999d6203e0c831e2e156a0a8ae2243eb50796"",""5743a661d2e6540c59155e9099275bc3b22d8217146f6e0c7672032a90ab228a"",""596e6d9cab4b744d58af03929ca864debe363c710ec80f534d6312c9698badb0"",""59c41f79191d271528fccf11447cebd5940e83d60d2847b8f3582050a0f31c5c"",""59e089588a11db2d63155bc015aaf1bbb73b0eb0515e30bf4335c5338f742747"",""5c9ffcb01943bd7973289801927c63d41ea349dfbf55d0bee7531225fe44c227"",""5d966f5c015e3b423dfcbbc6ecc36cda66c9eea522e3d702295cb8cfdda0796c"",""5dd19d50dbf37733cffe11a00e3a3337d4fe4b822ec3c59ad7622568d25ee5fa"",""5f17bf0328ca1d20acc0935023c19bcae0362b6911f5515dbd9311967c1e967f"",""608b3b21eaccbfe3f4f2610ab5ac6a81a0f72e1ed6d5ece2454553405db11861"",""62ccdda146b73f716e30e6fae0428c17a30aa747a3ce6a6531f2337fad150f27"",""63f21783fd79f4cce486a7006d61d8dcaf5ac81d94519f8b58090bba7d61ec76"",""6a25fbe38b93a1e7c69f2c4ddebd2e89264a1e9f2c10260577c8a3c4bdda4458"",""70fb7637360d44164aaec5484d464ebcff8de969dbea00ff1766c3a2e5da1f73"",""73147ad1d512a6c5c863a49d34e8076f1f8172a87ffa4a071501a4011bc6d422"",""778c24583fafecb33f895d8ed43176509339f8b99c44cc12541fdbfb75131121"",""7ac4e2b5bcdd03657dad9ea9134624ee08451762bc9d8325f9d3792dc78bcb3b"",""7c58fa7b73cde9160ad58839a5177cc8444e0adad69a1dfc5e02c4fae488a7c6"",""7e8f722e79efc3ecf8ea5a8b875a809f1bc72d85ca065fad35755949b7df4c3b"",""7fd5139092b122d93f3d178fba669d57512cfd6ba3dd1129a27632cf4ce40177"",""808132574633af02ae4f7e37984c5691d0e2f8eab5eb66f5182ba4a6493aafb6"",""80d9ca5ae6aeeec13fc37237f5d484dccf96fc9499ef2c1683cd6520de4123b7"",""83f68d525bba2cbc92bc93478774c17d8ee6626cd007166c46230ee9e0d6a96c"",""8466a720ec9875e76989bf6e300fc242618214a06fae4027ee714fda8d832e4b"",""85e88a79bcbd60cb429aed97f569947ee7802c8a1cfcfab91dd085f69b3bcaec"",""8693d9f29eead26ef9078eb59b96c007a0ff0e41b1338edddeb7a1a5f462c041"",""875c9148249307b081e648d6dcee27c7661f045d5a92b2d15e77cc80b34f2ed6"",""8793ea0b590b7b85cf30653e88438e4196c9dc5e220134562b8d50f13326e6c3"",""8c32c0dc1fa18ca23115169c3b4a555005748f95f1583bcd545391690b0388b0"",""8ddc620cede51d4c423378bd0300c0e814fc4bba4faaf7d1eba2efe21e46e884"",""8e45b3045e8481864507dd86a31d3d7e846b763aa7ec085b768b426d23e8bf93"",""8e70f4775573c876e89150fcbf4486a0a794755b390de826c42c36d138ae634e"",""9170e69f92a7b7813afc046f301800d33aa47543d7f9ca22ed6e476149a3cf1e"",""91a23ad667df63ea29c9bffadb7998536274adfefe31d004ee43088202cc6928"",""91dbdcb84fabc63969fdf37b0242bd3f94585267261a4d2f7e49d135f9d00bbc"",""9242ec84b952e91caed86680626bf7bb342970c8200fd52d8470a9180798a172"",""92571f7b41cc3613190d5f6714d4b155c4d57ab2ec8d864b94f0c0712d132d6c"",""98930a883ceeaf25aa6bbd88624c2cbb2726a17e52162b95b19c6006bf4b77a7"",""9c2d2460b82930217c45eec01114a88f159f0c00af491fc98367295df25d294b"",""9cd431eb673805179734af8b576b8975493ad52945624f28e214a9e339d0ea9d"",""9e580f02a09324d05f4e2982d270f31c59e6c50f1fd932045dc1a0d9115b392f"",""a10cdc5915452cb14972bddfe14ccee40ee86f1e15a56d03155c09dff8aa8d3a"",""a146042dbd158ca7642d7f56b02146e538f550fdd6e2f5113957d11f74634d6d"",""a37d44b45d923c17fae896b4e1b699c08c2b14e13d19afc659f8891b98c9a7ee"",""a479712fc3f32d8beaf31f8a5435b786d0b079cb116a7aac66509e4a362259a9"",""a56d3f3fd48109b9c640ccbf6e2a43d9132f34c91f410bce43ff8c2cce27349f"",""a5e2cd7c13f78d3f1ffd9ff1a994193891b2520c87cbe72d82dc2c8faad95476"",""a96464c5b3d2f8047d08a9127144c5d775e39737f5205478b8cd89b21aee291b"",""ae18a7e3f99021b9a9b9f20156d6e618d6e63f688e267cd79ab241eb9e08f778"",""aee9c9a9c5328043ae38af4c51eec705620c51ea18a78e0b11f0ad3da2f12cbd"",""af84cdc42501408ee159ab914d883d5e31ff981a46e9c329cd38e0c45bea9598"",""b39c56d24bf1527361a0f960a4b07517cc8b1a214c727977c597bf63af93a8f5"",""b3ee99a372ed973aa55dd37b1928374268f952634ea8f0091594fcb4ee558af7"",""b3ff4d0843da987cc64bf47149ce0c25ca26c960e0812e0af6a6c12833f4020c"",""b4417331eabfe46c9b197ee0be1754d6816bb3fc3da5036298fc0a05be2d716c"",""b52e484d16ee0d49fc5249d812fd29cba85796e3b7e152b7a4b8b91399329ec6"",""b72f0365ea7315a3a82f4bd9f0955355975dd95a516858f1aed67db0b1ff35d8"",""b7a1a77e6387cf2d2ed71ea86681b7ca7fc90d9136d739abe1ff2f546725d6e9"",""b875a89cb8031c6f698b66fe551e635cec6adab18fa37695e0fd4a3160c1864c"",""ba34b930e19abe0705e5e447a86871c6ea86c3157d56c70f56102cab2895730e"",""c22c7a047fbfc7cb41e4e5f38ec544498999705305df410a498d3698a47fff40"",""c35c7d52cbc31c12e73cbc7f2921dbfb0a553ba7520835932bf78911c104d1e5"",""c3dad2413fa3ef7bc6d640cdc9ae4cbf1aef66b0b491eeee6c32385cae4980f3"",""c4011cfef67d461fc09826ab1e263940b0cefd9e604db9da9a4d6f3aa918377f"",""c61c9a52b5ce25d9b092971a8a540b267e7adee7ea98dea3776958c289b41a1c"",""c681bddc4cf9ea57643e2f2a0a8eccc57b4816b2ee2f468d7c39e021cc15737b"",""cb2e146fb7762810dc5668b7497ac5953093b027c2e92317e22afc1ccd7bc065"",""cd78ed70b6f173bc62aa7a28f98a47e865e2400b2f931c0f8f0a58e1f2adffc7"",""ced3d1e3a81e262df32979f2b6b4a136089fca2b8b4f48de5abe08ba6b00b6e1"",""cfe0ba86d50de4eb83c2bac87f96b2719452cf7de05887f6876af4b1c2ad04af"",""d23137e58c4b72780623f9c4feb9d92e867c1bac217bcba8783a387d1ad04f75"",""d5fa79e4ede1369867501455fde9eef3a346cbcd19ba55f8b38f0b4668703eef"",""d9d88bbdc68a02cc89734981806515f07afcbec4471913af92eb2a3b133089fe"",""da3d50221e415632a47fad25edadbd7786ca7d6fd55c50b80d442dae91973c41"",""eb0b902a1d47e0ae8503c0655a77f6036cd86ed213b745fa784ee2b8da34db93"",""efbd53c0830d27c2d80f380bc8685d5301970adc2972d6723fe9a6a47ca3c3f7"",""f91d754ef5048924aa9ed13a66986a44abcf8144856e7f31cbe408252bab27ea"",""ffa765ef02a0673af60e62cb12dabfc3a45b9b8362584029d6c03cca26865c49""]",[],candidate_unverified,0,1
3ad9be0973416499cfa1e62392f73dd5eff414cfd3bfb8825b28a2a82d216244,1048,bma-district-1048,,entity_assignment,primary_response_candidate,2,"[""088db03ba6f35b63970050d8e842725c73678a499ec32ea12df6257dc44b14d4"",""215de0c3608715f337193de4b24766996168a9c0b45bb219a9ad3df8301ff679""]",[],candidate_unverified,0,1
94b2a829098bdd6f5ebdf8f91a3691d3c067f1920e0bc5d8697dbe2dcc9cdf8f,1048,bma-district-1048,,entity_assignment,support_response_candidate,4,"[""06fc6581db822cd405a524594f4d8e9b99d7aec53234feea0dc13f7ad595393f"",""510a4e77f2cfb3d2b721f2ba60973fab264b8d1d2d38cc87fe7a177822f73dee"",""ae92a6a2f3b8b7242c99d5887a507eddd1362407b132a2ee64aba73e5df587c0"",""dd55876d95091d2ecbd9257ed7c0e683a374f8f897a40ccb8c955abb583a9d37""]",[],candidate_unverified,0,1
a4e56ccc7f233933c08c6cd6d253b32c844c5d11947d5675ee4865aa283c326e,1049,bma-dds,,entity_assignment,asset_owner_candidate,5,"[""2352616dd90fd75d4cad4fee5dbfebfad75cfe8ea1c80b5bb71f8d6b4fc3154d"",""42c8e5d1b49c73ae978344ddb71fec2d479f8020a377403c169a2d61fe8b38a7"",""7593bd9c7c2f8dcfe775c53a1d834dd394a6d5b36b18b61ee073b35a83dc76de"",""8ce135cb1f124fb549fb4031cc27c78120d977084ba2c434fab489a8e7676490"",""e2bcd40e63265e88a2229b430ce3dcaeb1e7ef2aea1c3bc88680d9a869bfbf04""]",[],candidate_unverified,0,1
d10ac10dca73725c2981ad73a8bbce6f00bad3366d063c8101786647e2a50049,1049,bma-dds,,entity_assignment,data_custodian,1,"[""5f32bef1c423863134c41ea86e737045f471b1e055c8dce7ba4934665207e345""]",[],candidate_unverified,0,1
60f146f82a2b065683223fa84cbb0b8f309c51fc16c30c20c07d996584cd828c,1049,bma-dds,,entity_assignment,primary_response_candidate,3,"[""4e8d2cf10df6c40d27d8aaaddbd450cd42cb8b493303cc4afb383d30ff045b81"",""58ae0dc36fd73488a60ca91947767d3683a903cf90a14c00b965ea679d87febd"",""c4ce0f244c0338b46911ab677d67f15a84fbc2d11a6b86e8283343e06c86a150""]",[],candidate_unverified,0,1
d8558f4f7d1a4e0fade06d72803f1d8f8f6742a34b701affe2da0de7bbcec0ab,1049,bma-dds,,entity_assignment,support_response_candidate,14,"[""12127c11ad107b8bb40802a186209a16d497ddce9e2982e322f758d9cb98e894"",""1e7b2c572942cb1c69033454f1c2569ae7caaf971d1260c6b7c1ed03403cc16c"",""49902b38bc854fb263e541519e9e88d08a701256a875c5d23dcc9e4a6fb7a7e7"",""4f9d0bf4309d0bdfb315c97cac7e33daceda7ea76331da483c1c892a1e6f8202"",""59cf1b13f82090a248c1a9669395827edc1b3c8e5ac77abbb0672f25c12a3efa"",""5ad5015149593cd2c0c523522942089c2c967f61a9ef13a307ea668530420fe3"",""75b08cbc358d7a30226c47cc69360cb1425e7c10cc51bf17b0e337be9a04c739"",""80d05523614e9cb1aadc8ea20a1badd6f0b67ef7a510ec2ec3c777f5958f7e6a"",""84e21080bd7cad1fb8ccb9b84371051bbc16576f005ba8da4710d77b8e002896"",""9220680020747f49cbb12609f45542dabcddfcf062c5ef44fb612d136a08f867"",""b472fd7b12005239838de3917cf22dc95363fded060a73a6239f1ce21509f28a"",""d8113f3f708c3eca7089ad59e818dffb49b06dd9f9a14a48d42dc8c84b5e6b52"",""e2b721cc9138d0b0f15a32d873a377a5d6bce0c050fb3685bf8987fbfb849717"",""e99eec198036560a0b77e21082815e05aa782efd476334089c85bc27e83773ee""]",[],candidate_unverified,0,1
87ca22915d44b27f3aad7b194346cda9123cc96a65b4a644bd8bf7dcd3052ba1,1049,bma-dds-canal-development-2,canal_infrastructure,incident_capability,canal_development_candidate,1,"[""36463820b67f02a664ba8d0caf1662770984ece6de4e72390016eab2ae9833ee""]","[""dds-canal-division-duties""]",official_reference_unverified,0,1
d340c540fb35a1e6a3b725ccd94497e5210a6f6b0a83e6119cb0b8a9508bdf46,1049,bma-dds-canal-development-2,canal_obstruction,incident_capability,canal_development_candidate,1,"[""0f83366216726643fe1b248cfb0738aaf1d685d9fc8510e7b00b91905e89f3c1""]","[""dds-canal-division-duties""]",official_reference_unverified,0,1
3a7423401d1cf8068c0e43792fc8e826e845c57268d8bd2f5a629ed77fb18f55,1049,bma-dds-canal-development-2,canal_overflow,incident_capability,canal_development_candidate,1,"[""5741cc7912875492a2005b5fdcb2dc29fc8e701e63ad322177eda8d30f024cbb""]","[""dds-canal-division-duties""]",official_reference_unverified,0,1
93b1b5a86a8386bf29d7947ce55697e6b05de8db454d38cb5cc483b9ba5dda60,1049,bma-dds-canal-development-2,,service_area,canal_development_candidate,1,"[""c7da8178500ec1ba101c0869f2175eed2586f46eca0fd28099679ff243581bd7""]",[],official_reference_unverified,0,1
d1121d03d9491f59fd0d1f30fd564c2a18705b8a0af3f8b44b0f214fad16e41a,1049,bma-dds-pipe-maintenance-2,main_road_pipe_blockage,incident_capability,main_pipe_maintenance_candidate,1,"[""72ac52390c32531b742d5351557d3314bd601b90cdf4aa53576cbe0a0e5128a9""]","[""dds-pipe-division-duties""]",official_reference_unverified,0,1
17de4bc06a065c6eebc75eeafe048798ea01493e050cdd3066889daa3ed85fd2,1049,bma-dds-pipe-maintenance-2,road_flooding_main_system,incident_capability,main_pipe_maintenance_candidate,1,"[""6fa5b9cea650f7181d068b406019be2a5761656779b87872f8f56b775dd45667""]","[""dds-pipe-division-duties""]",official_reference_unverified,0,1
4e8e04de2ce69691a3f70ac9b7e1cdc3b5a427da16b91f084fed76d89f04839c,1049,bma-dds-pipe-maintenance-2,sump_failure,incident_capability,main_pipe_maintenance_candidate,1,"[""bd1d98d4dd7a7b3c832b070b50a76cf68cb5338db3b75ba7c7402003d123845d""]","[""dds-pipe-division-duties""]",official_reference_unverified,0,1
c6036cf7dee5e333d0b75a7f98dd6f73c3a0f2cebbd1bae8a08baf3535cad3c5,1049,bma-dds-pipe-maintenance-2,,service_area,main_pipe_maintenance_candidate,1,"[""4594bd03ff2d973379388980a378327238926dfd06a7ddcab5e7175595bdb311""]",[],official_reference_unverified,0,1
b6626afced8606c4fc30644d7cf1757e5a3f5d52e705a7bb27ef369d6f679358,1049,bma-dds-water-control,,entity_assignment,asset_owner_candidate,2,"[""5b9c1e08b60385ffb9f06bb8b052bafd08043c0428f651b24ee665b58941a934"",""84c2fe6bd433f339b3f1e45272ac617c823d68d61787faa16703349bc77013c5""]",[],candidate_unverified,0,1
bcce89b30428f62f7d7f2c3ee544002a362eba7a1f5052d83fcde96e5e674bc5,1049,bma-district-1049,,entity_assignment,asset_owner_candidate,51,"[""01dca58dc260c6df24a0fe8eebc045dd66606ef5497bf1cde0c234d66f59195c"",""04119adf3b3677add1ef350dbd00be27f2c2e29334a780e157138d764ecf1d96"",""1e838c54a413d9de6a0f9f4adc1e8aabc60e31e26a2ef7b49e7e786a61fda90d"",""2b52c61eddd7dfe1b7f587473a8d110209ae4047a75381c53a11803f8d50a6ef"",""2d50787ab13baa98e353d5083c54c9717b21c7ce19d3ab5da2020650d4f4d78a"",""31919de4c8982fb287a1d0d4137133271d767565a7371acb0485f40f6c794e0e"",""3d90abbd8ba4a02d60de3b15d6a459812312956ac1886be6afe663177e3dee4c"",""47691676ee35b24ad8c3877e3a2acd9295e71ab31b014ebaaadb8ec831a830a5"",""508357c581f0595b7dcdcf7913d08fd2404541bc02546597d5055d8cf07b15df"",""59f6ea81f022936254029dafddc1d4cb264f398bc5a6ee03add45e1c14f0f395"",""5ace613c1d0cf0fda252836d466db812ee626647225af70d87c92e7638125866"",""6068d98e037987e7e87ab787fdcff0d7a167e32ad44a87001ea93489bd383e8c"",""619cb13cfe0b75fd4b8019acfea971f4205e47cf7eb9540254b9efce043c569c"",""6307ebf49fa432bc8fbb59491ebb99aaf28b343f0d8eede16479e43e77a12f94"",""6e8f13764af2db3f29333c4aaa38756e7a0219ed6029716660433854499bde7e"",""7a53a89e23bea7fa0602556802f3ba40bb61dfdbfc647ce3a1d7dbd8af51fd76"",""7ce403aa94c86f9c626daa97e43ad1facf6d3893743a5f7361db44b8a58cc2f8"",""8581eb66e8ad7a24934da065c84e4e6dfd021ad97f8e04cd809befda34493e09"",""86a1536eaba7ba5405490df6d2d5ecaf37f6a17124e364434849fa51cddaba78"",""8775cf7d65c58763371cd35f7f823c72174e091e780319aa8e457f9808a8b7d6"",""87a9bbdb431ee99f2c34ebad920679c15709ab7fba8f2e21ba0af645d7bba258"",""8820bdfc7b38327742a3eeabe9bbbf50a52b6376953c98ff44fac7fcc3e035fe"",""889cf20dfd435b85e8989fbdfb7aa07248d5be4d804633556ce5cc759f67f503"",""9f8d39e60b34a9406124790642b65db10473f429f894338037509adaa71f0f8b"",""a43d2cdf2311ef7eff6e87da7200c840b08208e90334ac5f471e7d895cc69810"",""a6c7967e0bc6956ca95f87e847aa6b3989b6c7d0b21e3c79b858904241d7746c"",""aa883d84b76b7c95b79f4029ceed9228650a09393ca192c4579acb110ed40407"",""af74284d29181fc0ad1e1a623f69ca6cd0c715bdfe591d253efcbda7fa293bc8"",""afc2de0410e8fa333911ae6dcd9582a468ff50731f83be20d0e4133ab3d9479d"",""b0d8a4036b14b2cc3d699c405247c3704cde730190ea280ab8890582941028d2"",""b4d6f2d22a731893fa340996c8494304e4ac62979907c14cd33bdc8f18f794fe"",""b6427a4fd80bb4d70e16f0b01260fcc3bfcef7c670bdd429f6289540c7cd7ab7"",""b8815dc4d48c73579ce63d0b0621db4ba6d4cc0ad3afc4a31cd19a9cc19b1986"",""b9832fd4b446c7d76ab40093d04d45e6b5254002b22c0185f774bad1e9ceae19"",""b98df74a33f24fb19d11ece43c9514e8fe466938f251f845acb776ded91545fc"",""bbdbc91fe09b62d284bc7be805fb11e5fa8459ce4b5228e1674b4eb43794f191"",""c03a5aa24e38170a51d49c7d70232f4056775b0c9619f3171103cbd87c24ebbc"",""c3a1c2bbb82e4fc976b940ca4eea3d4b002828cc7275abae11aa927158abf4d6"",""c6d5c2459d970336bbbf526b397ec8c93bd26dc44cf9131d2060e0e048075fee"",""caa6279e2e87e484e196548f0a2ac0d080ac5e7df8857330d88e6d2c0521b401"",""d4fe46b86cffbd539aad209e243fb2dcb813233210c11309cebab7a3090424a9"",""d596c7104a82282593cdf3677cb7b0103c7b786165120adec1a6042cc634e99e"",""e1af2beb5c1a19520db60e9d93593408971411c52e18fb74aee5fe4cfbb70667"",""e405fa95944841678534c441eb1f8aeb844b77d4d0e9062a0e76de2b98a314bb"",""f01618813952fa65560ab352b030098c9b9f2d7e4851920156740690e43db202"",""f16d77357af9ed0a103a04de554416d973982c7eb3c6b26699ff0cf128a30e09"",""f876b42cff4574094c563741e81427e60bd5310810111c308f838b55fab32cea"",""fab678bb3218b382214e7ad02143ea98eb1efcc0a8166e7243e8f62e3c40dc93"",""fbc999e8750d193da13076b8994e97af3d31ef6e894d4f9f6249ea51fbcbf7bd"",""fdb57f0c26eac7097f1fbd46ba929ff4f2253866997901cfa2867190958d6f5b"",""ff400dc68138d3f28104bc0199ce626622fe1a343b5dd0cd3aeaf98f9e1f24f8""]",[],candidate_unverified,0,1
91988601d203f13d66ce51ac05e4057feda983a6e167cd07e3032acf368bf06b,1049,bma-district-1049,,entity_assignment,geographic_jurisdiction_candidate,98,"[""094ef661b354817866c191c0c56e04054376e48326ebd6e690cb8ad5974f8a91"",""09d55775885757512763f6af4f8e065bf2101d9511c6f048e2741a7b5395dc42"",""0e41c682c14702b298ac393908007a159225ab73c50383ed1f86bb5c18f3a541"",""0e711bf49dcd504d476a48d9de186e37ad366122c1f5eb50938e29fa5f256f46"",""113fcb6574117d6b4f6a09c9c804d55f546cd34e38fe3092c440c562edca18e5"",""15411db6635e09bebc7d570fc12e2c564cc6d0d7445e3d7e10563a8ca7fe21b1"",""16aafb10f53bcc523744432808e6ea982023cccf5814a30ca691f1c3b90e590f"",""16d60d8db5fe28a4ac98cd7f827502e9104acc0de1361641f6814d35ee0122ac"",""1af61149e97d051d227f9d70d87258bbed7bfe390264aa145c392b23d9cd4f1f"",""1cd2229ab130e7892771fddb996debe78db027113de4d5895dc10a0d938fd5f9"",""1e7f1074bbb3a49b765e4ab2924687a9bc682d6fa862c103ee714ff2f6f66df2"",""1f10599a804fcb816b42b95a4225de68117f0ff5032dd23d27e3f3ee067cabf1"",""22079902f692eac892670dc54cc816dbf5ab3e2456163c151aa2a7f64563e6e0"",""242fa729adad7bfe52553adfc468a2de00c5035b6c4ddbcb1b7c9a7d8deb1d8a"",""25afa2506c92ee4e0da65c5c77eded54304db47a2d824064e5b0f9a4d1031e67"",""2767ea69bb1c74d4bc7f93142c52ed052fa7e103217907a40acf88b076be848d"",""2ac3b853b2e8a4964f1261788cfda4ce946891b29e6e8287e005ca3418376166"",""2bdaaa9cc235cdaf427a73e8b031fc7a7cf1809cf73e8bb61a4e901714921da9"",""2e3a2fbfa2deb817a9d568512ec802c19414671d027958438bfdf7755d23d047"",""348fa2eda8b8e5053942b8807b2ba967ea357bd63160f2b193ee1dce2cfcda75"",""39ffca9b47c6d00a467e5485d5e2c664d81ee1783ce2759d028eceffb8969e0c"",""3d7d14910e10667f50e06c7f3adbf7928026b179c8abed810ced6ffc14d7c520"",""4604ec69c664eb87ba54f256fccc8c6632001a25e3544365599dd9b2f6fdc960"",""47c65b719d36446376470951846201c23dea036ef190da2964876461bfbe283b"",""4d85d63a208a73d544fea25bd97b8f6b2588dae8c4a5d94f80cef9b5cfa4d20d"",""4deb1d837ba5221462d42e2e87f0bcea8d9153dbda865ce50c7d9cb42e3c7ccc"",""4e5c870733c2cf662c7665d70b8417360710ac6e83c9958c2b405aab158a133b"",""4f85a51d231ce4b03360c0654538e1ba8af48f812926d5c91e63d96f68c98989"",""52d81ae756c0010fe479ffe6df048aeac99ecf4b3fb1bec9e63507489adc8f7e"",""534e424cf5ef2790b47a8fc0af16b9b34721662bf31a7dca6bb540dd46d3527a"",""5b600dcb8ded3eae6b02fc17ed9d4c699fe540170e98eec042b62b7eb139cee3"",""5cd8def7f7c64190a3504055406fd89dc3cef5cb2dfdf546c38bdbc5c7093f1c"",""5d4fd9073fadc83a4d38320e631accce09667b2876bf9b83415dde61f4efaddd"",""68c2ba9db37ecbabb8e35d978be754a0a7b344d06998aa547ad063f4be3c5eb4"",""69647fc491a5f37862e051a118858e08b5cfee56088ec3c7a7151ac5f6e7b99a"",""6b0a5fd19beebca80fa08d03acf578cd91837348e10bb2c4d97380db4bf52034"",""6dfb4e99fcd22bb41118245fa1a35cbafd703ffd3ef46764aebc436c5305423c"",""6f4f678e20016874db372a0478af3b58758d5847fdecfefd6f976f557d2bd42b"",""7260c84dea5316a15beee41271183714aa322e7b239098976861d11c956592a9"",""74750d83321ba06702af7b65e298611958ff4db5ed5544ae4e2be12f8bf5544a"",""74de1672f1946f317e8b89da839033586583a07ca57cafa1afd4945b311f53f5"",""750397160db30d4df822844d499d4aa513b5082eb6dcb5f1b0fa0d6d9d678fbd"",""7f5ae6e552bb1c415d317e05d42905f9e04aec9312e89140712344b064e6e46d"",""83aea0b629028403c30687d96ccaab310e4da261257668b016db3202309e2558"",""83e927a3cb7dfc42f41b1c0e86c0792e6642ee3c8822dc3d092afda8bffa76eb"",""855d96fd045cb590be979a2a16b52314e2d71be8576a61ece47beba7f81d20fb"",""872811d510eb557fd1f1a4d7806652caafc446682c6c0f257e11ee9d2ab72032"",""8a6d5daee512c1a4497919e0e7fcb7d4f54837bb7831e9f9298a996ea9f3453a"",""8b80f1dc1a982672da3c6a5e4347f650b91e29393d0fa4d7020440307a23e9de"",""8b95e55d781ea0489e0a77eda034f9ae5cb53ad98012f3a281417e676aed0510"",""8ff2e27f51b450831024c20d3aef3909e211519fe7a74441a78344cc5a0bd2c9"",""973671723d54bde24180575a519fd815072fe9605e1d5cea08fc38ed2e5a1210"",""9be4ea5c718769ceebd9d657ad4890940226cbfda01030fd3d517c74d4ccb0a6"",""9cd002d4b9eb26fccbc815454bbc837613ad11d7d4eaa8648b3de1bb064c4447"",""a34bf18a3444f4e0cd6e213f67a333912f4e523a4a4c0da01805aa404d9e32ca"",""a608cd068a8219654531c653490306b8cd5d4db5ffe739f518a76804d24ef8dc"",""a60e0ddf50fc3b8c972a6161d55f198a938690b6665df00e3739a606b52742b7"",""a8588f74b3e462947f4e051b0bdc97dafd798d714f1b0f27845477c2f4501f63"",""ac974c539ed68b362d63f7e9bc23837a6420384e15b678bb1c258faf3ae0c8eb"",""ad1fe15635f04d38fe9761b8e02b599b35a273d439f37f134834284c55af394f"",""ad2da2d5e4d3f9d97fda5399e87bae895a7f96ad6c9582ae6b84d72181c2f882"",""adaa5a5ccf6bcf0cf66898afd41b277680fa55f009bf7f0c41def9b9566e2e6f"",""b2deee5e74f068a46b76bf200323148510087082a1648b3d7c466cffe87fc68d"",""b507d1465afbee375103c59981d7575011066756940f6ab96dc71913724cae54"",""b90a07fee2ba2cb833601d30f3d3f2e409e3e6e03774618f81cbe9f514089093"",""bc315afe65609497eea63d568999f4504cf223b5d24e85e4ecdbf8bafdc34a39"",""bcb64134b5f50db145e1ec52636bc26944c12349a0d871115b7106080f1e2461"",""c03642c8b7064af511976f569899e8375baeb5e31c919ba21b19647539499505"",""c20d7ff73c1ac4991ef437f67a97255f32dde8406b9ebac3465ffff6b0f75086"",""c29d2f59866d20527807c808706388e46617d118d960ecda6ebbb640ec86dcdc"",""c3b76ab675bc65fa7433efae242d2b3f20de6f515ed23328377f701877568358"",""c443d9e3dce045a697b99940c1fd5dc71b454862ab3a7c758c02fe5e4d02b70d"",""c6c73dd7afcbfccf5cc8d5aadba2bede6c0bcbf04a2fe0b20c271e4f29acd6a0"",""ccfb1caf054ffb393b79c40aa7e68f9c77084386988f39a0c10a79d068e469f9"",""ce09c09ce303d287c681c87015a9a09233c88c1193cb05f59993e3d7d31e6797"",""d0abeb2a9ec18f464be48928226943edb85889853de2e0b91184e408f9aa8076"",""d0de928451cf789c16612527d3f262eccb6335474db29d208d61668cf8d40df8"",""d0fde8e3f5dc624dd85ae3bcef346dbe4d4cdda947a75575dbcd26611a8739ff"",""d170c162fc965e38e3d1e56c370aa944e78297ae700326f7911e8b77d7f3e35d"",""d3e3994777a018063aa493ceed9b242d2f4ed195a57ae5f1ae7a08dedaf280c7"",""d5fd14128ad235083a170d13d346de1dc60907178db5b395241776277b9078b6"",""d9da35119430fe7f44de4b05d485b6e693b85f94fa1b9642eefe24a269d084e9"",""dddd1de6369d8830954417d2ead58b30025a6841d1a7d739e53f948b3a2773db"",""e0d01aa4c2b7b72b1e9d2bfe738540aa141bb761b69ca7d1b9982b05c18178b2"",""e28b7263dcdaedfdbf90588752b855d6ebc96715435ce9add8cd257d3461becf"",""e3277926f3f711bd5808c73ff4b2c9de2cf25b9e078253fcf9b56b1d255b85a9"",""e44659e1b5848fd77c7e8006d445829781ac1914c8e195c58d4fa91b45f3398f"",""ebac77bbe20edfa98d1fb1ed66151fdd4ae64c680d8b7d3ccbd060da10232ad6"",""ecf79176e7c8e19d76ed0cbf0da6049939f8613e433831c1d616692c143b064a"",""ed7135d82dd192940bf43b271c46c22050581c1c547e7614377d582086ebbfd7"",""f025ca5e7b459e0ae5990898c874f8e9ad976777a0f374f700756848568dabe8"",""f183de5412ff7cfa0c2499e970f3ebc6be551902fccb55bfadb10248276921b6"",""f3dac5126f34cd360029356f18de42f1981f3cbf2527fa579a7506c46c6a68cc"",""f3e5f8b55813d3383731d7a3c6a1d9e7ce51ff5e64ad11dab0d809c6186daa9b"",""f9e9613bcff23cb4a39a023521efb3f5a9bab77f6eb165b119618da51f413a9a"",""fa91a9cda25330e53347d65b5d3011b7f720be28a600183cea4849ffc096b7ec"",""fb4c5beedadcd52fe61f1b5c50202d4fe178108184c130f48de8e442b6df96fa"",""fb899af4511c880a1f30e0482647bfb27ba15433133232ce92fbfbed5e06423a""]",[],candidate_unverified,0,1
3237ea7adb4e72a4251ca0bccc7b0518a3018e361ed18ccb190d7d94a5ca686d,1049,bma-district-1049,,entity_assignment,primary_response_candidate,14,"[""1871a79f722746474b589c8ed1b08e371a43095e6a034d1a0b0229aa2b5d442b"",""188340a419c90b275d776d8e1efd75ac6c7a46db0962fa1b80c8a632c13d5c75"",""24c7753e59978180e8514f6668e798214417cfa0d7bc1a37c0d9f79fca62ea61"",""25f4c95c14c790992501ab722f58ced4dc69096320b40ad8f9cb2940d284efdb"",""53f9d420f9eb65d32f98a86dafbad332767f831c72ec8cdf006ab6e0bc355c1c"",""88d2de12f48b607d3a4438a5f1ece8460b4f756480a643cc4ba4405a8e6715c4"",""9acd8ebe89e6ce5b432b4202f0fe356479523198d3070bcdd314236a3a9d7326"",""9b4ea725f266dbffed0a511cb012c781490b61571b7d6a618d16ba098ba88ec3"",""a12597945d74755fa28c524ab4f97c6dea53308c113309dafee381c6df6d62e0"",""a3cde546402a4bf1b96196ecd2940e883754804780689a7e3d95bfbd3421f8f5"",""c79225b95913e0b76dd3191372393c4e91445ef8e2e203f52642ea00deb7b916"",""df56cf03f3fc3dad5e587b734444c6175e04f7fd7454aa38b16bd88e65282373"",""e369b25068c414619f43d1297c7c8a9697e8cf0143a1e6ae9e945c911b3c5b58"",""ec01ee2a0f80a6871e133beff91d271e7368e19c53fb355dd47accd54140888b""]",[],candidate_unverified,0,1
8dbf1cf484a00e9e58fe63971ee6f7c20a72acef2d4bd55883ddc15e91dfec20,1049,bma-district-1049,,entity_assignment,support_response_candidate,3,"[""05cd188c1d27b083fc13ccef9648d21a1a375a820bc430d6802e9f7fe571912c"",""0f6eb0f9f6d850c9c84b830ed22092f24f1e724790aa4e1b4b957962e3995fb2"",""cef11fa39b5f655c1dd892fc060b00f5000e2de100338bce53cb9c00e15dbdf4""]",[],candidate_unverified,0,1
ecce5ef2d133198abf724d5046ec99f2975965f68edfe4b24ae24d68e2f36791,1050,bma-dds,,entity_assignment,asset_owner_candidate,6,"[""141180c249a2d586a314bbf3fc130b6460841146c783b98c310be2b73a272a9b"",""1922257b3bb1a2390ed8ec58e96bcee5a6b4e3a9b0838769114c6e4647cb25ed"",""219251d090ff60cdf3bb43818be40c9fec689646295e54bedcaba3769bb59105"",""b964afd78d7aceddc8d6c642e6a5453b1aeba85a94a9d024307c7d04ff8408f2"",""d947206a15d843523d2152e64dd8dd5ab0f439ea788748121812e5752a3cc36e"",""dfcf662dfe2b59ee85e7b6a01fb5216e0293964f841ce6ebe00352fa364d0733""]",[],candidate_unverified,0,1
b97d3b36642271c7377d1e70eda793898af2b55e7ac904378c581aaec29ef2df,1050,bma-dds,,entity_assignment,data_custodian,6,"[""4dd5770d1badfd6a032db01f559c2327ed44f28b1c6ba329661eaab3bb982322"",""8298a0f175c1b5e0288ef7096a1158d0a31b866e1b8e1598e8afc16f0035acdf"",""91272eaaec8895668f0e48ae771427ab61fc9323d6d0b0ce5f6af9dd973b8ea4"",""b7b5ccbcfdec9a9745d10bfd7b41335c672adfc73a121a72fc4a74f687cd9313"",""c5ac5dd90870c4f8df427759a7f527eed8f176cf655e548533ab2641dc406da8"",""d703b2ab0722cfab79fd09b626caba5170c897d4f81f397d880fce0c9614d5e4""]",[],candidate_unverified,0,1
e7f3137f8248629f839425d70addbe45fa3818e801cdc545dac82718b94ac7ca,1050,bma-dds,,entity_assignment,primary_response_candidate,5,"[""05a7acb7b6d1f896be9ea2327b5fde3711789de1be7a59e7e8b01e99e335be7f"",""100b168f8068015250ae6098379d906e56ee29008da3e95a92a7404a797adc9b"",""636d80d1dadb06a6d951274f6bc1dc205d543bd161e735e183542280844d488a"",""c6767d2288f9e7ba876022c19832d601410fd1c61e47f5bc51759cd7201e4045"",""e74460ece36811f17b9acfd52e946a8a5a60f76be8bcdf36c6ff86fff31f81e9""]",[],candidate_unverified,0,1
cbc83a174aa24de749ec47b60c9df1bb91339edc86314fb356053a68f7896b11,1050,bma-dds,,entity_assignment,support_response_candidate,16,"[""2393c68478976397cdab46c501d00726544adac01d9de83029fcf0d66f1166a1"",""249e3b9242b681608fdaaae32ca4caa5eaf182f24e053fd8b5af62643c7d0264"",""256fc0f338e612b6898d2ebd10fd465857dcdbf6eee4327208f28900bd97cd36"",""3f8bd1d50f499265cbe24aec6aa9bcc3d145a33a03715c204a983ec1029c8255"",""8bcd5e3d4c48e57788ae1a1e02880d8b9133eec9e5f3ee1ad4b99f59807d17a4"",""9954488fd8ffb00303cb466e42e2801207da22ceaeaa4dfe03152f651b325d56"",""9d821ba0ef67589c64fab5c2104a4466a92457b514cad228399456e376bc3038"",""a7001db0c2bed334c676dedc720a1af82909b1730ae809b99cbfafc6e665e0a4"",""b8c1711383e29706212ecf7ac94538210bbc9ffb6ab91d8bd8a6289ebf8ef82e"",""b94f1fa5108c29aaf21293ecc809296815bfa4d6c197f3cd8896b4f16eba1535"",""bcc5e7e485a991dd706a88ddbda68618aa0be76189707c4d68a0d88a3f2bb6ce"",""c08304f15ae08727be6ff7a8a58881acea9ba4fd37f9a41bd6018d47400f8c07"",""cdd4be7afa88e4da6c6b5086d25c913dbe0041934f3cb6f76f209b7bebfb55ca"",""d35de42caf7237c00c66a5deef55017eefac1de34064c90b30800e3474827ef6"",""e1e31aa3acd793b15c620530556ee581a4edd7c0cc60a77669156c3409809d8d"",""f9a5c071e0df1f68d2a551033d2d27596e00df4e673daee353f6c49ff86665b9""]",[],candidate_unverified,0,1
7193a05180c2df4db05c3933d01bf2d51d8c746d00b6be0d99d2bd9ef851e188,1050,bma-dds-canal-development-2,canal_infrastructure,incident_capability,canal_development_candidate,1,"[""f24dfa33afff445e97d92964201bd11d470bef82d844592f1bfcb73712e144c7""]","[""dds-canal-division-duties""]",official_reference_unverified,0,1
164e393827628c05161b7ad290c6c6769a3f55debaa08358d8ba74d95ccefa1c,1050,bma-dds-canal-development-2,canal_obstruction,incident_capability,canal_development_candidate,1,"[""84641dba6c0e1ac42493188f2172fc4d4b9a4ede4e1163770955e984b20708a4""]","[""dds-canal-division-duties""]",official_reference_unverified,0,1
901c03ad8f08d1b250a5c15395fa9557e49ef10bbea5cdbe48057d4933660908,1050,bma-dds-canal-development-2,canal_overflow,incident_capability,canal_development_candidate,1,"[""50bb7dd5c6fae6c6e793be4d57ed3cd0ee2792fcbcf7e4686cafde5b45506e82""]","[""dds-canal-division-duties""]",official_reference_unverified,0,1
0ed626aa278d919571bca4d2a1ae2b68da167289f6082c8c082f066e7efb4559,1050,bma-dds-canal-development-2,,service_area,canal_development_candidate,1,"[""2c253bd32b41932614610e26827d636b65278c3b745cef65865e6781680c63d8""]",[],official_reference_unverified,0,1
55ea676c42ca184490fa4d872c6645faa8c0a252b56dbab593744fc88b60dcd9,1050,bma-dds-pipe-maintenance-2,main_road_pipe_blockage,incident_capability,main_pipe_maintenance_candidate,1,"[""fc2d534626e37f7472aa544dd95c58299b2dae7c591a033492a8c13a5972b4bc""]","[""dds-pipe-division-duties""]",official_reference_unverified,0,1
cacd2c8a12178848731cd356efe1f5e7cb7ac692f6df0291969c4f05cb2bbbef,1050,bma-dds-pipe-maintenance-2,road_flooding_main_system,incident_capability,main_pipe_maintenance_candidate,1,"[""df39001260c685d7edfc9c0ea1060d456525f6cd753f243f7f507dea6d9e4ba7""]","[""dds-pipe-division-duties""]",official_reference_unverified,0,1
43880a8fa7bf07ac234654eaacafc44bfc34bad205f16f93b3a209db7dbb8bdd,1050,bma-dds-pipe-maintenance-2,sump_failure,incident_capability,main_pipe_maintenance_candidate,1,"[""494537ad3dadedd873efe85459a2f1a8c93fec2036045bcebb2cced298cd9aff""]","[""dds-pipe-division-duties""]",official_reference_unverified,0,1
af252fcc806b155da111fca68e439753a6d0c98df841659d88a10d6dcbccde9a,1050,bma-dds-pipe-maintenance-2,,service_area,main_pipe_maintenance_candidate,1,"[""9adf98627eef98e616c0b06e2a1963e89ea8156f9d40d991df727b9445b92ce0""]",[],official_reference_unverified,0,1
9de513eaf706986e4b5f6fd11da6dbd39e0d940fa6ed16442a3c63b37b7c7e07,1050,bma-dds-water-control,,entity_assignment,asset_owner_candidate,1,"[""195fc3b8c2f827b127b844667a425b2d1ba1f8f4912c803c79f713566d31902b""]",[],candidate_unverified,0,1
0306abfa708f90aa520aeeb0b55df38632e5c922b240f90d2b36df8a91c14c57,1050,bma-district-1050,,entity_assignment,asset_owner_candidate,29,"[""071afc5afbfd3e4e6805932230b594cb5e68d0a55aeb363dcc26d34be75b1e12"",""127254b1872a62f7f8e7c20a43c4cbe734aeee531f0ab87c03d9615c609e6f2a"",""145c8fe10ec0b864b57c94e3b32cca992b10d4291ea14770626d185ce5de063a"",""1a1abf5f323fd8726300fb40c64ad25123ff48d7f272ed2d2e96078e9fe669f2"",""2794498fe131f07aa475f237d99fee84128723db96780fcd1ade25a6c90ffb78"",""2a5570bcf04c18bc5dca2dacbb14fa8f44557e6802dbca2e611b8474eee0a8c9"",""2fcbee744b92c1b24e755fb0a464e3c7c9af7fd403d672dbf65bd8455ca48a85"",""34b45371300a357ac379cb5f3ecbeef1b49b4c121b66d07105175e8bfd325105"",""3ee398629c185b39e1ac639a78286e4ebb41171fa3e2b8531559ef831084f430"",""48643725bd61ebc542252fde73fceac2e9f9e55afbd36521a682c8360be6cc39"",""4a0969f1e218d11691b5d1001aba3cdb8e394c43b12fe43d73a2fbb0ef7a002c"",""59019452e20f64ac43e541dd88d465ff58dae008d49ddee779d10711bfeccc75"",""5fba973ef9bb1662cc5f88769d24b73c13eed144fa1833a3431d5b62dc4aa899"",""602f9734cd512b0d29745306d593e486a233a2a06eb25e58ecd020ac372c8ef0"",""67e17e15974960c68810f1bcf0406cabea89b63058cc90a11d024fe605e66166"",""6944978af78452a92e6f30b7140987dfacad7535c3835e76c15fb04b67598aeb"",""80ba8ddbc25e14535315f3141b514e752b3fd8d6d71bfe469f5af1aabf9ced14"",""84ba3119c8262c70374f6100d7c3ff5eb38096ab0ce0231abf75a5c64a7e250b"",""88eb8b9a3f48e615313a67251b055b39c02e66b9d788e0905b5a984dd42fc88a"",""8ea24d80b895df3de05414a029a5510eb00e024aa22db091d4fe8058c4a42c6c"",""a71f817737df0a2575333038f958c7c71472624349765db994104de6b33e3259"",""adace590c314b0f65b9a0448f6210795ac537ab549865161583b5c734222445a"",""b793ea1f34488c0ef6946503920b16797b81e136c14c631bb5be648e368c7449"",""c24edc543331cd805f9f98672131690c2046741037545ca5d2d140b4b64b7f13"",""c8e419c20264fcafbd10c2d5ed8c5530b503b109f1a335e0e27ca695b456b4b4"",""cbd43e8bafc60e956b8b1aff090c5f715dcb4602af32b074da28c2d7b505c5ae"",""d4e2d97f484b8e8bf2964dab7650b75cdd80ba4422bc11c69a82826f01192c0b"",""e6141db26ecedc7d93e4c69a8419f4020a57a7eee8a086f8e3726cf2a25e2fb1"",""e84163c6377f5f59aabed5dd20e275bd414bc2e77c0953d93f73446fc40fa764""]",[],candidate_unverified,0,1
9d3a3499070709518dce916e6ccbc7002d8f8b108a162b8e79665b978f0c8ec8,1050,bma-district-1050,,entity_assignment,geographic_jurisdiction_candidate,63,"[""057a421258bfc521ba6208b4dfa7a7ed0bab2a6d93a09619409fec10763005d2"",""0aa9f2349f8d2711d618c6403c00f49de2cd4d6b8b7fb454b61ceaab223dedbf"",""0fefc7860be5cb56fc7e47b5361df514eeda8b17564468d67f63a7110805add8"",""1406cf92371670e30b834b51decfef66d6be52cc23ff577792c3bd4df8f43ac6"",""17d745c984fd6c85095d077191c508c3416e3153a43be1c631ce9cfbfcb1bb1f"",""1f2c328fdecafda0cf48b46cee9ffa1f3bf4a874374e06e1d131a070b2509e7a"",""213875ee0faef638e38fc78d09fbc0b5dc0d7a21ba253c2f0de3b15435c71ffa"",""21be635822bb9a593beb50a74b365d3fcd665261afa74e9264e802fed8b2a14b"",""25334bc346fc5c138ece6b3151549755e37cd81fc147b29721742137d6b6a80f"",""32180f8a067aac4b09e3f4a3d9c5af4d68756aa7956cec42e48a044b805b4bed"",""3de2a4243ab6805e44bbdea5dcd3455c6b292322a1c3b060f366b179c9913840"",""3eef95379132f6a6341ed50c6b929dd1c7f2382d627cff7b162aa77d873a5fe6"",""427916db8c29d47f96906ae6231894579e7402bce1b1b80397184e10f9b9b70a"",""43351d3b19d0b7dc64fb443746ed67197d6412aebbfe6fbdd1e9f8c59d2cfd34"",""461e3292d6ea1ddcfcadeab350f8575fa64a994c83040e3bd38e85039dada8fc"",""46e125268c37dd2e05fd514c2514b4886094ee7a8e1d56f5b572a4b497701546"",""4708a76a2914c5ac3fd55587b82a94fb6312f5983528645b1f8b27940a6d8b9a"",""4f40b7a46342daf4971f58708eade962d18b2cb487e84009f4c5a3e3f749a900"",""5042e7ecf58d92ac281e9596f896cb053fba15afc889dcb7c37b96a2e25643d5"",""51511df2471103eff2ecfca514ef572866ecd072224af0a9d80a587da34a26b0"",""580e7eb48834599f5b8346bc09ca88a24dc9753434f6c9e0c99c816475b3f36e"",""5c13882186fdc0352a97be94d24502ebc0cc0d01558589d546bfc690f7df3f9c"",""5de59811f31b6234e1e296f6ea9f0bb21fe838ca125b4706c8f9acfa3cb8788c"",""63a2f408bc8174c29a36eeac3234cf2b847ac2b226ffbb77d70bf958f7c530d9"",""69f2e2dc1b3c17a59755018ba137276558ecaf0ca7588e5b4452c6aedb449a4b"",""6ad68cdf9c7fa74fa0decdf7607e1836e5d4212b664380e749de2f7c5189dee6"",""6e7d8c56bd6fb7eca720b67a2d569a5b0afdba6221c21b8804bc28f0c5281754"",""7440f488227ced2e15427b8a2218ce10b698209d72d297b16a3e6eca8b9454d9"",""790e61c83d86da9abe1cd5a691a7bb9304100879d94f4c1f59dceadd1fe90645"",""7a884406271d66ac16890cd584200d0e495a4222b46b9969f5918189179aadde"",""8264dad814e55b3e20b2f6ba1607c357de7772519cf4315e1dcd000d69a42a96"",""8889ba23632e37961140d987c450beff97833050027831873d3ac4cce92a02f5"",""9310a29665715b9240e1f7f881de8b950e59a9d162aedc31a8adb7cbdfd288af"",""9ca967eefe9602c0861267b14ae5dcd82a54511f06b2c06a279f66a7da14637d"",""9dbceb0ea0f0749f75da5183c8ce28f04403c630c03cc291aa7e4da8a4ff096c"",""ab5275342b2000745536b914a026b1499835e85a2aa047ac2c5a8c3b1a4d5d9e"",""ab701fa041f2f4d2b8bae00d09a96f9fb8ffec3d58b4274829c792db5fd28997"",""ac875b95b6853a83dbb43517a4f696884c836ba4b0ffd5b509998057c96cd8e9"",""ad28d5c3c97617a6ab08fa8fe27983fe319587a9d0ee5716aeaf86a2ca183ecc"",""b2f090d16f5e0a6ddb01997364546f0b3c7094f945cd1bc926fb90f62d0fa326"",""b7cbbe0198a36f04998f9090dfb4dcad4d3ae631dabc3cd3198a0baf64068ef8"",""b7fc4f35c70a36638287f62762e574084f28313a72703007f3c8844979164d0b"",""b8344698be0d74138a69f893eae6e65a03363d64bf5000f17f7f68d2c8ff909c"",""b8542daf33e267ada11ed6827b465978a7703e6b856acc216b87108da713cf7e"",""be812dbd52ed9ad3c7fb12e216e0d3f98cb7282b9f96064353ffd4bb02dbab01"",""be92c0ef042c83406cc476afede38a70cca26eb51b4a7538628dfb0ba4c77107"",""c0ac2f54db0baee860dda1e3d3d67b5fb158b0ab23152bdd89d0d26ab85c03bd"",""cd2a113baa586319893675bbd0bde036e88ed07b2d335443e96752d5033caf4c"",""ce21bfd0beab281dcb1a0f983a045fce9a347d7a444154ee6618274f407f4221"",""d45df04a7eef20cfa75e9612003290716600e25e32a9de288395c774fecd5a23"",""d53c77e66047acf9f8276ce90b8a1c8cfbe2eb7aa1c33468fe00d112b97f85e7"",""db2d13f62e168097fdc1df837b0d3bdbbe2cca09ad6450dbd84c7a8ab7851e57"",""dd70de3a6470c2029054e1bcfe89e2b031ae104085318cb7f7b2c61714bb855d"",""e20c321aa4bdc81f176f7c4b28baef1e5263588e97dca0476157c5865014a76d"",""e56f93e3b7a3aa04a245fe1b680a1f0d67df408c5a0888a09b0f30722da030ff"",""e7c7b4e5d8532c3cc11be99f65cdf4b21e2c7bcb559dfbfd304ba720d6fcd6f9"",""eae2e00cca8653e48fa27a49c1ea1ed6049886eb27e8a71b1fb5f398efb9cd6d"",""eb8d8af70838e33d51e7222c491544e7193bc75ae62e45255d0e718474056e22"",""edf4020ddcd0f081fda74e62223ce6f5ae80b114cdff99b51bc36eb94d43c19f"",""f0f959cf150e2001d27bd4470fa61bf480241dfa5f4261a04d44db68c0f75fa8"",""f1d08e3bd5714410261237fa4836d18a55e806b3e0bbea3845fe020ac815d168"",""f6384f35d077098bd2f9cd3cffbb0877a6b3bb6cb81a869be563cfee017e9cce"",""fa996e2c9b18170f9081487e18d6feede268052beca693582eeadae28bfa3925""]",[],candidate_unverified,0,1
64e18678ea58f89dcf67a75d0e61a284c86e8bb25230537a565924d8d8ea68b1,1050,bma-district-1050,,entity_assignment,primary_response_candidate,16,"[""1679dfb28a6370b298be6a805872776767a615469ed12392e8cb94ce989d4032"",""23fcebccfd5a52e7df75474a0428a4628f4fcd2b60e49221cafd4b74ee3ab7e2"",""397e96660d55963eb42a0ca1b9d41f69db1ddf6370550e49fcc237b0b1d9b247"",""5894b6165c38ce0bf6811ae64d02704a2420c5c8cdf9a440d7549101f4233797"",""5978553cf50ef253a5637edf3179c6c2736f3a7d68fac20e5dd7507cbb0a8231"",""9868bcdad87bd46c1637489792eaba47aa380481d75705125f277f1257a3058e"",""9f831c0a1876ccd009903b65be7a673352024dc627c431518d637c48c2a0be23"",""a15049e29b087ed84159a354b7489332db2ac8610c69c705e322b503cdd4a13c"",""ad5bdfecb779d765f96532d4a3cd3097079c4b4f949196be90d7c5510a831393"",""b6e6caf7574d96074c5faee6499d3fae6a50dabbfc13b5794f8e6415ab52b1b9"",""d3d73d5b733f901fd832e09f408c6612a8d05b63c69ca689da28851eaffa1b1e"",""dc2f5f6bb457f8d8a352160fc8e972728fa50d951027e2666d31ee19770f03c9"",""dc6d776f5a1f06398cf854ebeb9b18c13c6786e495e3c320857df76f17b08a59"",""ddc195ce960715fe5c3349225652cf6b4a7481cbeae41a3ed65fdb5df3e3761e"",""e86e9a7761e17d0a68f107cbbbe9c0446ca7f01322979cb5c6926ba34a1ee3b0"",""e9c8e0bcf6b8f3c9f894ff896b5b1bd8233236cb3a92193fdac8f45b438e239e""]",[],candidate_unverified,0,1
e630c055cd89a49155d886fbe6913a8ca98f16a099ba429247e408fd5039d60a,1050,bma-district-1050,,entity_assignment,support_response_candidate,5,"[""60c827633d74844727f05c1e7a4eafadea35747bb4a663b59e97d967c5614df4"",""bd331cbb131b448aef2f9657721f27d8c1e9eff07f4d032a04e73dcbaa4c63c0"",""d16b8ebd616137e2511aef1ea2f6e7d5d0e282ee755587abf7b5b3dd8085b59c"",""d9923b447b74b137724125c820202657edd7cb071dca2210e2c5b612ee31c1e5"",""ec2c592f455aa8b28c338b8cabd8768ef30e46935ca4dbb069e285e981189af9""]",[],candidate_unverified,0,1
