id,type,district,lon,lat,level
N_0,junction,สาทร,100.54473,13.71784,-1
N_1,junction,สาทร,100.54548,13.71408,-1
N_10,junction,หนองจอก,100.86065,13.77029,-1
N_100,junction,บางซื่อ,100.52776,13.81075,-1
N_1000,junction,หนองจอก,100.89767,13.77924,-1
N_1001,junction,หนองจอก,100.89696,13.7796,-1
N_1002,junction,จอมทอง,100.46067,13.69402,-1
N_1003,junction,ทวีวัฒนา,100.39348,13.75376,-1
N_1004,junction,ทวีวัฒนา,100.39295,13.75384,-1
N_1005,junction,ภาษีเจริญ,100.43206,13.70317,-1
N_1006,junction,ภาษีเจริญ,100.43362,13.70564,-1
N_1007,junction,ตลิ่งชัน,100.43961,13.76616,-1
N_1008,junction,ตลิ่งชัน,100.44122,13.7656,-1
N_1009,junction,ราษฎร์บูรณะ,100.49847,13.68732,-1
N_101,junction,บางคอแหลม,100.50773,13.70702,-1
N_1010,junction,ราษฎร์บูรณะ,100.48493,13.67217,-1
N_1011,junction,วัฒนา,100.58921,13.7425,-1
N_1012,junction,วัฒนา,100.58296,13.73132,-1
N_1013,junction,ภาษีเจริญ,100.43264,13.73015,-1
N_1014,junction,ภาษีเจริญ,100.43211,13.73342,-1
N_1015,junction,ราษฎร์บูรณะ,100.48895,13.68476,-1
N_1016,junction,ราษฎร์บูรณะ,100.49171,13.69155,-1
N_1017,junction,บางแค,100.41438,13.73877,-1
N_1018,junction,หลักสี่,100.56331,13.85511,-1
N_1019,junction,ภาษีเจริญ,100.41587,13.73826,-1
N_102,junction,บางคอแหลม,100.50499,13.70917,-1
N_1020,junction,ภาษีเจริญ,100.42436,13.74048,-1
N_1021,junction,ตลิ่งชัน,100.40674,13.76004,-1
N_1022,junction,ตลิ่งชัน,100.45682,13.76006,-1
N_1023,junction,สวนหลวง,100.63704,13.70673,-1
N_1024,junction,สวนหลวง,100.63748,13.7046,-1
N_1025,junction,หนองจอก,100.83573,13.86499,-1
N_1026,junction,หนองจอก,100.83739,13.87739,-1
N_1027,junction,บางแค,100.4179,13.73121,-1
N_1028,junction,บางแค,100.41807,13.73012,-1
N_1029,junction,จอมทอง,100.48006,13.66926,-1
N_103,junction,ภาษีเจริญ,100.43208,13.72264,-1
N_1030,junction,ภาษีเจริญ,100.46469,13.72227,-1
N_1031,junction,ภาษีเจริญ,100.46479,13.72265,-1
N_1032,junction,หนองแขม,100.33745,13.73607,-1
N_1033,junction,หนองจอก,100.84604,13.77697,-1
N_1034,junction,หนองจอก,100.83913,13.77404,-1
N_1035,junction,ทวีวัฒนา,100.34568,13.76659,-1
N_1036,junction,บางพลัด,100.5008,13.79989,-1
N_1037,junction,บางพลัด,100.50989,13.79082,-1
N_1038,junction,บางบอน,100.39228,13.65869,-1
N_1039,junction,บางบอน,100.44252,13.68786,-1
N_104,junction,ภาษีเจริญ,100.43346,13.72394,-1
N_1040,junction,หลักสี่,100.56234,13.90367,-1
N_1041,junction,หลักสี่,100.56806,13.90254,-1
N_1042,junction,หลักสี่,100.56078,13.90594,-1
N_1043,junction,หลักสี่,100.55715,13.90638,-1
N_1044,junction,ภาษีเจริญ,100.42867,13.72627,-1
N_1045,junction,ภาษีเจริญ,100.42905,13.7252,-1
N_1046,junction,บางพลัด,100.50804,13.78896,-1
N_1047,junction,บางพลัด,100.49428,13.79812,-1
N_1048,junction,จอมทอง,100.47803,13.70459,-1
N_1049,junction,จอมทอง,100.47226,13.7036,-1
N_105,junction,พระโขนง,100.61064,13.69697,-1
N_1050,junction,บางพลัด,100.49356,13.79066,-1
N_1051,junction,บางพลัด,100.50507,13.7857,-1
N_1052,junction,ราษฎร์บูรณะ,100.51756,13.66195,-1
N_1053,junction,ราษฎร์บูรณะ,100.52178,13.67337,-1
N_1054,junction,บางขุนเทียน,100.4679,13.60066,-1
N_1055,junction,บางขุนเทียน,100.4661,13.60043,-1
N_1056,junction,ภาษีเจริญ,100.46071,13.72902,-1
N_1057,junction,ภาษีเจริญ,100.44648,13.73006,-1
N_1058,junction,ภาษีเจริญ,100.44592,13.73072,-1
N_1059,junction,ภาษีเจริญ,100.44655,13.73351,-1
N_106,junction,พระโขนง,100.62269,13.70004,-1
N_1060,junction,ภาษีเจริญ,100.43475,13.69892,-1
N_1061,junction,บางซื่อ,100.51753,13.80808,-1
N_1062,junction,บางซื่อ,100.53108,13.80948,-1
N_1063,junction,ทวีวัฒนา,100.34018,13.75147,-1
N_1064,junction,ทวีวัฒนา,100.3423,13.75158,-1
N_1065,junction,ยานนาวา,100.53467,13.68382,-1
N_1066,junction,ยานนาวา,100.5286,13.67322,-1
N_1067,junction,ยานนาวา,100.53287,13.6829,-1
N_1068,junction,ยานนาวา,100.52642,13.67508,-1
N_1069,junction,หนองจอก,100.83877,13.77231,-1
N_107,junction,บางคอแหลม,100.50642,13.71048,-1
N_1070,junction,หนองจอก,100.84022,13.77019,-1
N_1071,junction,พระนคร,100.49908,13.77274,-1
N_1072,junction,พระนคร,100.50943,13.76363,-1
N_1073,junction,สวนหลวง,100.63813,13.70694,-1
N_1074,junction,สวนหลวง,100.63835,13.70582,-1
N_1075,junction,จอมทอง,100.46957,13.66162,-1
N_1076,junction,จอมทอง,100.45826,13.68945,-1
N_1077,junction,จอมทอง,100.45555,13.68743,-1
N_1078,junction,ภาษีเจริญ,100.44106,13.71787,-1
N_1079,junction,หนองแขม,100.36896,13.6812,-1
N_108,junction,บางคอแหลม,100.51683,13.70376,-1
N_1080,junction,หนองแขม,100.36848,13.68094,-1
N_1081,junction,ดุสิต,100.51667,13.76037,-1
N_1082,junction,ดุสิต,100.51828,13.75697,-1
N_1083,junction,ภาษีเจริญ,100.45005,13.73566,-1
N_1084,junction,ภาษีเจริญ,100.45063,13.73081,-1
N_1085,junction,บางขุนเทียน,100.47987,13.60822,-1
N_1086,junction,บางขุนเทียน,100.47697,13.60985,-1
N_1087,junction,วัฒนา,100.59844,13.71219,-1
N_1088,junction,วัฒนา,100.59754,13.71593,-1
N_1089,junction,บางกอกใหญ่,100.48516,13.72674,-1
N_109,junction,ธนบุรี,100.46908,13.71511,-1
N_1090,junction,บางกอกใหญ่,100.47595,13.74444,-1
N_1091,junction,ภาษีเจริญ,100.43271,13.71577,-1
N_1092,junction,ภาษีเจริญ,100.43183,13.70927,-1
N_1093,junction,บางพลัด,100.49505,13.76614,-1
N_1094,junction,หนองแขม,100.37977,13.66998,-1
N_1095,junction,หนองแขม,100.37942,13.67131,-1
N_1096,junction,จอมทอง,100.45541,13.6872,-1
N_1097,junction,ทวีวัฒนา,100.37381,13.75391,-1
N_1098,junction,ทวีวัฒนา,100.37378,13.75355,-1
N_1099,junction,ทวีวัฒนา,100.37485,13.77126,-1
N_11,junction,หนองจอก,100.88729,13.79766,-1
N_110,junction,ธนบุรี,100.47162,13.7139,-1
N_1100,junction,ทวีวัฒนา,100.40784,13.76888,-1
N_1101,junction,ตลิ่งชัน,100.45448,13.77217,-1
N_1102,junction,บางพลัด,100.51188,13.7929,-1
N_1103,junction,บางพลัด,100.50643,13.79702,-1
N_1104,junction,บางพลัด,100.5116,13.80923,-1
N_1105,junction,บางพลัด,100.51689,13.81085,-1
N_1106,junction,บางขุนเทียน,100.41808,13.52489,-1
N_1107,junction,บางขุนเทียน,100.41746,13.53005,-1
N_1108,junction,บางแค,100.39938,13.72324,-1
N_1109,junction,บางแค,100.40195,13.71578,-1
N_111,junction,ภาษีเจริญ,100.42093,13.7445,-1
N_1110,junction,ทวีวัฒนา,100.37063,13.76464,-1
N_1111,junction,ทวีวัฒนา,100.37072,13.76347,-1
N_1112,junction,บางขุนเทียน,100.43192,13.57275,-1
N_1113,junction,บางขุนเทียน,100.42059,13.57774,-1
N_1114,junction,หนองแขม,100.36926,13.68067,-1
N_1115,junction,จอมทอง,100.47639,13.71117,-1
N_1116,junction,จอมทอง,100.48257,13.69458,-1
N_1117,junction,ภาษีเจริญ,100.44371,13.73772,-1
N_1118,junction,ภาษีเจริญ,100.44402,13.74047,-1
N_1119,junction,ภาษีเจริญ,100.4248,13.73211,-1
N_112,junction,ภาษีเจริญ,100.42285,13.74386,-1
N_1120,junction,ภาษีเจริญ,100.46175,13.73813,-1
N_1121,junction,ตลิ่งชัน,100.43389,13.77313,-1
N_1122,junction,ตลิ่งชัน,100.43385,13.77516,-1
N_1123,junction,บางแค,100.36484,13.72621,-1
N_1124,junction,ธนบุรี,100.47307,13.72252,-1
N_1125,junction,ภาษีเจริญ,100.42677,13.69396,-1
N_1126,junction,ภาษีเจริญ,100.44727,13.70647,-1
N_1127,junction,บางขุนเทียน,100.48049,13.60906,-1
N_1128,junction,บางขุนเทียน,100.47732,13.61052,-1
N_1129,junction,บางขุนเทียน,100.41433,13.65321,-1
N_113,junction,บางกะปิ,100.61788,13.76158,-1
N_1130,junction,บางขุนเทียน,100.44854,13.67443,-1
N_1131,junction,หนองแขม,100.3817,13.67913,-1
N_1132,junction,หนองแขม,100.38373,13.6797,-1
N_1133,junction,ภาษีเจริญ,100.43087,13.69631,-1
N_1134,junction,ภาษีเจริญ,100.43241,13.70258,-1
N_1135,junction,ธนบุรี,100.49856,13.70497,-1
N_1136,junction,ธนบุรี,100.4862,13.73165,-1
N_1137,junction,คลองสาน,100.49661,13.73195,-1
N_1138,junction,คลองสาน,100.49623,13.73115,-1
N_1139,junction,บางขุนเทียน,100.43135,13.60269,-1
N_114,junction,บางกะปิ,100.61864,13.7597,-1
N_1140,junction,บางขุนเทียน,100.45228,13.60819,-1
N_1141,junction,บางขุนเทียน,100.45153,13.51297,-1
N_1142,junction,บางขุนเทียน,100.40665,13.50856,-1
N_1143,junction,บางขุนเทียน,100.46419,13.61376,-1
N_1144,junction,บางขุนเทียน,100.46437,13.61212,-1
N_1145,junction,จอมทอง,100.46553,13.703,-1
N_1146,junction,บางนา,100.58876,13.68302,-1
N_1147,junction,บางนา,100.61052,13.68421,-1
N_1148,junction,ภาษีเจริญ,100.44794,13.70617,-1
N_1149,junction,ภาษีเจริญ,100.45099,13.71108,-1
N_115,junction,ทุ่งครุ,100.49632,13.65613,-1
N_1150,junction,คลองเตย,100.58256,13.70974,-1
N_1151,junction,คลองเตย,100.58089,13.7223,-1
N_1152,junction,หนองแขม,100.37429,13.68141,-1
N_1153,junction,หนองแขม,100.3746,13.68077,-1
N_1154,junction,สวนหลวง,100.63865,13.70705,-1
N_1155,junction,สวนหลวง,100.63889,13.70584,-1
N_1156,junction,บางพลัด,100.51647,13.80033,-1
N_1157,junction,บางพลัด,100.50453,13.8035,-1
N_1158,junction,พระโขนง,100.59351,13.68181,-1
N_1159,junction,พระโขนง,100.60432,13.68576,-1
N_116,junction,ทุ่งครุ,100.50233,13.65252,-1
N_1160,junction,บางกอกน้อย,100.48244,13.75941,-1
N_1161,junction,บางกอกน้อย,100.48429,13.74681,-1
N_1162,junction,บางแค,100.42658,13.70109,-1
N_1163,junction,ทวีวัฒนา,100.36776,13.78381,-1
N_1164,junction,ทวีวัฒนา,100.36707,13.78567,-1
N_1165,junction,คันนายาว,100.69752,13.79932,-1
N_1166,junction,คันนายาว,100.6838,13.81774,-1
N_1167,junction,หนองแขม,100.37638,13.68208,-1
N_1168,junction,ตลิ่งชัน,100.42531,13.77788,-1
N_1169,junction,หนองจอก,100.9031,13.77839,-1
N_117,junction,หนองจอก,100.84572,13.80774,-1
N_1170,junction,หนองจอก,100.89457,13.77731,-1
N_1171,junction,สวนหลวง,100.6256,13.73531,-1
N_1172,junction,สวนหลวง,100.60578,13.72109,-1
N_1173,junction,ประเวศ,100.66387,13.72136,-1
N_1174,junction,ประเวศ,100.66527,13.73738,-1
N_1175,junction,สะพานสูง,100.66339,13.74017,-1
N_1176,junction,สะพานสูง,100.66527,13.7374,-1
N_1177,junction,บางแค,100.39044,13.67585,-1
N_1178,junction,บางแค,100.39465,13.67741,-1
N_1179,junction,บางกะปิ,100.66468,13.77528,-1
N_118,junction,หนองจอก,100.84309,13.81543,-1
N_1180,junction,สะพานสูง,100.67002,13.77828,-1
N_1181,junction,สะพานสูง,100.67701,13.76733,-1
N_1182,junction,บางกอกใหญ่,100.48952,13.73983,-1
N_1183,junction,บางกอกใหญ่,100.48435,13.74681,-1
N_1184,junction,ธนบุรี,100.48938,13.73708,-1
N_1185,junction,ธนบุรี,100.49131,13.73751,-1
N_1186,junction,บางเขน,100.62611,13.85591,-1
N_1187,junction,คลองเตย,100.55173,13.73387,-1
N_1188,junction,คลองเตย,100.55985,13.73377,-1
N_1189,junction,พระโขนง,100.62235,13.70501,-1
N_119,junction,บางกะปิ,100.62756,13.76274,-1
N_1190,junction,พระโขนง,100.628,13.68594,-1
N_1191,junction,สวนหลวง,100.62142,13.71041,-1
N_1192,junction,สวนหลวง,100.62235,13.705,-1
N_1193,junction,ดอนเมือง,100.56776,13.95141,-1
N_1194,junction,ดอนเมือง,100.60571,13.94404,-1
N_1195,junction,สัมพันธวงศ์,100.51571,13.73795,-1
N_1196,junction,สัมพันธวงศ์,100.51232,13.72914,-1
N_1197,junction,บางขุนเทียน,100.46597,13.60098,-1
N_1198,junction,บางขุนเทียน,100.4678,13.60138,-1
N_1199,junction,หนองจอก,100.91921,13.80064,-1
N_12,junction,บางขุนเทียน,100.39979,13.57908,-1
N_120,junction,บางกะปิ,100.63288,13.75268,-1
N_1200,junction,หนองจอก,100.90049,13.79276,-1
N_1201,junction,จอมทอง,100.46278,13.66624,-1
N_1202,junction,จอมทอง,100.4648,13.66649,-1
N_1203,junction,หนองแขม,100.36968,13.68158,-1
N_1204,junction,หนองจอก,100.90389,13.85579,-1
N_1205,junction,หนองจอก,100.89686,13.85742,-1
N_1206,junction,หนองจอก,100.88491,13.79539,-1
N_1207,junction,หนองจอก,100.8907,13.78955,-1
N_1208,junction,คลองสามวา,100.74096,13.8544,-1
N_1209,junction,คลองสามวา,100.77181,13.83429,-1
N_121,junction,คลองสาน,100.50267,13.70738,-1
N_1210,junction,คลองสามวา,100.74591,13.82872,-1
N_1211,junction,หนองจอก,100.88475,13.87884,-1
N_1212,junction,หนองจอก,100.90679,13.88398,-1
N_1213,junction,หนองจอก,100.85106,13.8691,-1
N_1214,junction,หนองจอก,100.86072,13.87564,-1
N_1215,junction,หนองจอก,100.88446,13.87767,-1
N_1216,junction,บางแค,100.39195,13.68341,-1
N_1217,junction,บางแค,100.39618,13.67099,-1
N_1218,junction,หนองจอก,100.83042,13.86027,-1
N_1219,junction,หนองจอก,100.8275,13.85526,-1
N_122,junction,คลองสาน,100.4996,13.71229,-1
N_1220,junction,คลองสามวา,100.77574,13.87467,-1
N_1221,junction,คลองสามวา,100.7651,13.86919,-1
N_1222,junction,หนองจอก,100.91262,13.84667,-1
N_1223,junction,หนองจอก,100.90773,13.8381,-1
N_1224,junction,ประเวศ,100.65151,13.71811,-1
N_1225,junction,จอมทอง,100.46488,13.66532,-1
N_1226,junction,จอมทอง,100.46305,13.66508,-1
N_1227,junction,ตลิ่งชัน,100.44155,13.74031,-1
N_1228,junction,ตลิ่งชัน,100.44257,13.74383,-1
N_1229,junction,หนองจอก,100.90825,13.83765,-1
N_123,junction,ธนบุรี,100.47804,13.7174,-1
N_1230,junction,หนองจอก,100.85618,13.83826,-1
N_1231,junction,ลาดกระบัง,100.78212,13.75894,-1
N_1232,junction,ลาดกระบัง,100.78476,13.78186,-1
N_1233,junction,หนองจอก,100.87929,13.90936,-1
N_1234,junction,หนองจอก,100.88808,13.9183,-1
N_1235,junction,หนองจอก,100.79821,13.89238,-1
N_1236,junction,หนองจอก,100.79591,13.89065,-1
N_1237,junction,หนองจอก,100.89344,13.88417,-1
N_1238,junction,หนองจอก,100.90227,13.91683,-1
N_1239,junction,ตลิ่งชัน,100.43228,13.74041,-1
N_124,junction,ธนบุรี,100.47981,13.71776,-1
N_1240,junction,ตลิ่งชัน,100.43359,13.7448,-1
N_1241,junction,หนองจอก,100.89255,13.92791,-1
N_1242,junction,หนองจอก,100.8749,13.86592,-1
N_1243,junction,หนองจอก,100.8729,13.86959,-1
N_1244,junction,ลาดกระบัง,100.86084,13.69695,-1
N_1245,junction,บางขุนเทียน,100.47485,13.6012,-1
N_1246,junction,บางขุนเทียน,100.47545,13.60123,-1
N_1247,junction,หนองจอก,100.87636,13.89131,-1
N_1248,junction,หนองจอก,100.88596,13.88577,-1
N_1249,junction,หนองจอก,100.8791,13.86973,-1
N_125,junction,สวนหลวง,100.60133,13.74032,-1
N_1250,junction,หนองจอก,100.87936,13.85338,-1
N_1251,junction,บางกอกน้อย,100.45343,13.76647,-1
N_1252,junction,บางกอกน้อย,100.45957,13.76648,-1
N_1253,junction,บางเขน,100.67379,13.88103,-1
N_1254,junction,บางเขน,100.6844,13.87396,-1
N_1255,junction,ธนบุรี,100.49251,13.73375,-1
N_1256,junction,ธนบุรี,100.48831,13.73746,-1
N_1257,junction,หนองจอก,100.81998,13.87061,-1
N_1258,junction,หนองจอก,100.80735,13.87424,-1
N_1259,junction,คลองสามวา,100.77629,13.87035,-1
N_126,junction,สวนหลวง,100.60072,13.7381,-1
N_1260,junction,ประเวศ,100.69391,13.70466,-1
N_1261,junction,ประเวศ,100.69808,13.68053,-1
N_1262,junction,หนองจอก,100.836,13.86235,-1
N_1263,junction,หนองจอก,100.8297,13.86278,-1
N_1264,junction,ภาษีเจริญ,100.45114,13.74117,-1
N_1265,junction,ภาษีเจริญ,100.45178,13.73623,-1
N_1266,junction,ทวีวัฒนา,100.33994,13.75286,-1
N_1267,junction,ประเวศ,100.70639,13.67861,-1
N_1268,junction,ราษฎร์บูรณะ,100.50186,13.65793,-1
N_1269,junction,ราษฎร์บูรณะ,100.49773,13.66078,-1
N_127,junction,ราษฎร์บูรณะ,100.49695,13.65907,-1
N_1270,junction,บางขุนเทียน,100.47177,13.63689,-1
N_1271,junction,บางขุนเทียน,100.47143,13.63746,-1
N_1272,junction,บางกอกน้อย,100.47199,13.77158,-1
N_1273,junction,บางกอกน้อย,100.47586,13.77611,-1
N_1274,junction,บางขุนเทียน,100.47224,13.62529,-1
N_1275,junction,บางขุนเทียน,100.45014,13.61856,-1
N_1276,junction,บางแค,100.41361,13.70287,-1
N_1277,junction,บางแค,100.41627,13.69587,-1
N_1278,junction,ประเวศ,100.67477,13.70041,-1
N_1279,junction,บางพลัด,100.50185,13.77982,-1
N_128,junction,ราษฎร์บูรณะ,100.49955,13.65389,-1
N_1280,junction,บางพลัด,100.49529,13.78245,-1
N_1281,junction,จตุจักร,100.54419,13.82,-1
N_1282,junction,ดุสิต,100.51203,13.761,-1
N_1283,junction,ดุสิต,100.51475,13.7659,-1
N_1284,junction,ดุสิต,100.51282,13.76679,-1
N_1285,junction,ป้อมปราบศัตรูพ่าย,100.50944,13.76364,-1
N_1286,junction,ตลิ่งชัน,100.45416,13.74321,-1
N_1287,junction,ตลิ่งชัน,100.45374,13.74591,-1
N_1288,junction,คลองสามวา,100.70879,13.83387,-1
N_1289,junction,คลองสามวา,100.69016,13.83278,-1
N_129,junction,ธนบุรี,100.47294,13.71522,-1
N_1290,junction,บางพลัด,100.47913,13.77602,-1
N_1291,junction,บางพลัด,100.48118,13.77777,-1
N_1292,junction,บางกอกน้อย,100.47167,13.77124,-1
N_1293,junction,บางแค,100.39121,13.68306,-1
N_1294,junction,บางแค,100.3891,13.69434,-1
N_1295,junction,คลองเตย,100.58687,13.70484,-1
N_1296,junction,คลองเตย,100.58724,13.70177,-1
N_1297,junction,บางขุนเทียน,100.40946,13.60308,-1
N_1298,junction,บางขุนเทียน,100.40434,13.60677,-1
N_1299,junction,ทวีวัฒนา,100.35901,13.7613,-1
N_13,junction,บางขุนเทียน,100.39462,13.59244,-1
N_130,junction,ธนบุรี,100.46906,13.71662,-1
N_1300,junction,ทวีวัฒนา,100.35998,13.75336,-1
N_1301,junction,ทวีวัฒนา,100.34417,13.75167,-1
N_1302,junction,จอมทอง,100.46838,13.66677,-1
N_1303,junction,จอมทอง,100.47544,13.66759,-1
N_1304,junction,บางขุนเทียน,100.47152,13.65249,-1
N_1305,junction,บางขุนเทียน,100.46865,13.65201,-1
N_1306,junction,ตลิ่งชัน,100.46326,13.79738,-1
N_1307,junction,ตลิ่งชัน,100.45926,13.79306,-1
N_1308,junction,บางแค,100.39967,13.69562,-1
N_1309,junction,บางแค,100.39883,13.69772,-1
N_131,junction,ราษฎร์บูรณะ,100.50114,13.66949,-1
N_1310,junction,จอมทอง,100.46724,13.67153,-1
N_1311,junction,จอมทอง,100.47094,13.6722,-1
N_1312,junction,ปทุมวัน,100.5461,13.73414,-1
N_1313,junction,คลองเตย,100.56067,13.72541,-1
N_1314,junction,จอมทอง,100.47456,13.66885,-1
N_1315,junction,จอมทอง,100.47034,13.67505,-1
N_1316,junction,ราษฎร์บูรณะ,100.51308,13.68421,-1
N_1317,junction,ราษฎร์บูรณะ,100.51101,13.67713,-1
N_1318,junction,บางแค,100.39772,13.69484,-1
N_1319,junction,บางแค,100.39683,13.69704,-1
N_132,junction,ราษฎร์บูรณะ,100.51101,13.66665,-1
N_1320,junction,บางแค,100.39509,13.69061,-1
N_1321,junction,บางแค,100.40231,13.6925,-1
N_1322,junction,ทุ่งครุ,100.47001,13.66021,-1
N_1323,junction,ทุ่งครุ,100.47566,13.66291,-1
N_1324,junction,บางแค,100.41608,13.72805,-1
N_1325,junction,บางแค,100.4163,13.72662,-1
N_1326,junction,หนองจอก,100.82677,13.86405,-1
N_1327,junction,หนองจอก,100.81842,13.85756,-1
N_1328,junction,ตลิ่งชัน,100.42364,13.74362,-1
N_1329,junction,ตลิ่งชัน,100.42289,13.74501,-1
N_133,junction,บางพลัด,100.51709,13.80217,-1
N_1330,junction,ยานนาวา,100.5379,13.68215,-1
N_1331,junction,ยานนาวา,100.53333,13.67054,-1
N_1332,junction,จตุจักร,100.56696,13.79486,-1
N_1333,junction,จตุจักร,100.56691,13.81068,-1
N_1334,junction,คลองสาน,100.50664,13.71599,-1
N_1335,junction,คลองสาน,100.50973,13.71444,-1
N_1336,junction,บางบอน,100.40033,13.64113,-1
N_1337,junction,บางบอน,100.37649,13.61977,-1
N_1338,junction,วัฒนา,100.59729,13.71103,-1
N_1339,junction,บางแค,100.41723,13.72814,-1
N_134,junction,บางพลัด,100.51445,13.80285,-1
N_1340,junction,บางแค,100.41743,13.72653,-1
N_1341,junction,สวนหลวง,100.6515,13.7181,-1
N_1342,junction,ตลิ่งชัน,100.45333,13.74362,-1
N_1343,junction,ตลิ่งชัน,100.45311,13.7456,-1
N_1344,junction,คลองเตย,100.59341,13.70917,-1
N_1345,junction,คลองเตย,100.58135,13.69838,-1
N_1346,junction,สวนหลวง,100.64003,13.71407,-1
N_1347,junction,สวนหลวง,100.65025,13.71286,-1
N_1348,junction,บางขุนเทียน,100.42619,13.61492,-1
N_1349,junction,คลองสาน,100.50502,13.7092,-1
N_135,junction,ตลิ่งชัน,100.41944,13.76206,-1
N_1350,junction,คลองสาน,100.49921,13.71581,-1
N_1351,junction,ลาดกระบัง,100.84088,13.69728,-1
N_1352,junction,ลาดกระบัง,100.84362,13.70401,-1
N_1353,junction,บางขุนเทียน,100.43989,13.62461,-1
N_1354,junction,บางขุนเทียน,100.43001,13.66751,-1
N_1355,junction,ตลิ่งชัน,100.45264,13.74389,-1
N_1356,junction,ตลิ่งชัน,100.45256,13.74533,-1
N_1357,junction,บางบอน,100.4278,13.68755,-1
N_1358,junction,บางขุนเทียน,100.47254,13.63805,-1
N_1359,junction,ภาษีเจริญ,100.42421,13.74353,-1
N_136,junction,ตลิ่งชัน,100.41959,13.76381,-1
N_1360,junction,สายไหม,100.68974,13.93104,-1
N_1361,junction,คลองสามวา,100.7446,13.83342,-1
N_1362,junction,คลองสามวา,100.73384,13.85088,-1
N_1363,junction,มีนบุรี,100.74922,13.82196,-1
N_1364,junction,คลองสามวา,100.77526,13.83621,-1
N_1365,junction,คลองสามวา,100.76241,13.90408,-1
N_1366,junction,ตลิ่งชัน,100.46149,13.75253,-1
N_1367,junction,ตลิ่งชัน,100.44917,13.75029,-1
N_1368,junction,พระนคร,100.50015,13.76278,-1
N_1369,junction,พระนคร,100.49972,13.76198,-1
N_137,junction,ราษฎร์บูรณะ,100.49685,13.68371,-1
N_1370,junction,วังทองหลาง,100.5947,13.76413,-1
N_1371,junction,วังทองหลาง,100.60735,13.75406,-1
N_1372,junction,จอมทอง,100.48379,13.6805,-1
N_1373,junction,จอมทอง,100.48108,13.68239,-1
N_1374,junction,บางกอกน้อย,100.47592,13.76522,-1
N_1375,junction,บางกอกน้อย,100.48339,13.77113,-1
N_1376,junction,บางพลัด,100.48441,13.77254,-1
N_1377,junction,บางพลัด,100.48373,13.77156,-1
N_1378,junction,บางขุนเทียน,100.40471,13.51722,-1
N_1379,junction,บางขุนเทียน,100.4466,13.54093,-1
N_138,junction,ราษฎร์บูรณะ,100.49213,13.68563,-1
N_1380,junction,บางบอน,100.37211,13.63713,-1
N_1381,junction,บางบอน,100.38011,13.62304,-1
N_1382,junction,ธนบุรี,100.48351,13.71998,-1
N_1383,junction,ธนบุรี,100.48636,13.72131,-1
N_1384,junction,ธนบุรี,100.48386,13.71935,-1
N_1385,junction,ธนบุรี,100.48494,13.71988,-1
N_1386,junction,บางเขน,100.61232,13.85659,-1
N_1387,junction,ตลิ่งชัน,100.4465,13.74485,-1
N_1388,junction,ตลิ่งชัน,100.44687,13.74867,-1
N_1389,junction,ธนบุรี,100.49005,13.72115,-1
N_139,junction,ภาษีเจริญ,100.44743,13.72672,-1
N_1390,junction,ธนบุรี,100.48412,13.71892,-1
N_1391,junction,ธนบุรี,100.48443,13.71843,-1
N_1392,junction,ธนบุรี,100.4859,13.71892,-1
N_1393,junction,ภาษีเจริญ,100.47047,13.72302,-1
N_1394,junction,ภาษีเจริญ,100.4262,13.70732,-1
N_1395,junction,ดุสิต,100.50358,13.78335,-1
N_1396,junction,ดุสิต,100.50667,13.782,-1
N_1397,junction,ทวีวัฒนา,100.38312,13.79143,-1
N_1398,junction,ทวีวัฒนา,100.40482,13.80163,-1
N_1399,junction,หนองแขม,100.33604,13.67695,-1
N_14,junction,ทุ่งครุ,100.51382,13.60261,-1
N_140,junction,ภาษีเจริญ,100.44194,13.72951,-1
N_1400,junction,สะพานสูง,100.69775,13.76176,-1
N_1401,junction,ประเวศ,100.70831,13.73244,-1
N_1402,junction,บางพลัด,100.50495,13.80099,-1
N_1403,junction,บางพลัด,100.5143,13.79591,-1
N_1404,junction,จอมทอง,100.46908,13.6636,-1
N_1405,junction,จอมทอง,100.47552,13.66366,-1
N_1406,junction,ยานนาวา,100.55196,13.68058,-1
N_1407,junction,ยานนาวา,100.53916,13.6854,-1
N_1408,junction,ทวีวัฒนา,100.39339,13.75143,-1
N_1409,junction,ทวีวัฒนา,100.39344,13.75273,-1
N_141,junction,บางแค,100.4044,13.74111,-1
N_1410,junction,ป้อมปราบศัตรูพ่าย,100.5174,13.75307,-1
N_1411,junction,ป้อมปราบศัตรูพ่าย,100.50604,13.75548,-1
N_1412,junction,ภาษีเจริญ,100.4436,13.72022,-1
N_1413,junction,ภาษีเจริญ,100.43996,13.72467,-1
N_1414,junction,ทวีวัฒนา,100.39281,13.75152,-1
N_1415,junction,จอมทอง,100.4648,13.66645,-1
N_1416,junction,จอมทอง,100.46835,13.66697,-1
N_1417,junction,หนองแขม,100.33913,13.7364,-1
N_1418,junction,หนองแขม,100.35052,13.68135,-1
N_1419,junction,บางพลัด,100.50234,13.79269,-1
N_142,junction,บางแค,100.40263,13.73764,-1
N_1420,junction,บางพลัด,100.50414,13.79503,-1
N_1421,junction,บางกอกใหญ่,100.4882,13.74846,-1
N_1422,junction,ภาษีเจริญ,100.44858,13.72973,-1
N_1423,junction,ภาษีเจริญ,100.44743,13.72894,-1
N_1424,junction,ประเวศ,100.67887,13.72398,-1
N_1425,junction,ประเวศ,100.6729,13.72911,-1
N_1426,junction,พระโขนง,100.62055,13.69897,-1
N_1427,junction,พระโขนง,100.62336,13.68837,-1
N_1428,junction,ลาดกระบัง,100.79457,13.74021,-1
N_1429,junction,ลาดกระบัง,100.83894,13.72412,-1
N_143,junction,คลองสาน,100.49985,13.72124,-1
N_1430,junction,สะพานสูง,100.67481,13.73624,-1
N_1431,junction,สะพานสูง,100.6823,13.74145,-1
N_1432,junction,บางแค,100.40156,13.72975,-1
N_1433,junction,บางแค,100.40185,13.72339,-1
N_1434,junction,บางคอแหลม,100.51699,13.68239,-1
N_1435,junction,บางคอแหลม,100.52739,13.69352,-1
N_1436,junction,ตลิ่งชัน,100.44712,13.74488,-1
N_1437,junction,ตลิ่งชัน,100.44734,13.74677,-1
N_1438,junction,ประเวศ,100.65293,13.70013,-1
N_1439,junction,คลองสามวา,100.79124,13.89492,-1
N_144,junction,คลองสาน,100.49777,13.72317,-1
N_1440,junction,จอมทอง,100.47568,13.69373,-1
N_1441,junction,จอมทอง,100.47739,13.69091,-1
N_1442,junction,ตลิ่งชัน,100.45967,13.74591,-1
N_1443,junction,ตลิ่งชัน,100.46214,13.7464,-1
N_1444,junction,ยานนาวา,100.54435,13.70515,-1
N_1445,junction,บางกอกน้อย,100.48105,13.77313,-1
N_1446,junction,บางกอกน้อย,100.47389,13.7673,-1
N_1447,junction,สะพานสูง,100.70975,13.75642,-1
N_1448,junction,สะพานสูง,100.70834,13.7327,-1
N_1449,junction,หนองจอก,100.86617,13.80639,-1
N_145,junction,ภาษีเจริญ,100.46237,13.73424,-1
N_1450,junction,หนองจอก,100.86497,13.80624,-1
N_1451,junction,บางกะปิ,100.63996,13.76411,-1
N_1452,junction,บางกะปิ,100.64228,13.77995,-1
N_1453,junction,บางขุนเทียน,100.44651,13.58392,-1
N_1454,junction,บางแค,100.40076,13.69841,-1
N_1455,junction,บางแค,100.40304,13.68902,-1
N_1456,junction,จอมทอง,100.4821,13.66476,-1
N_1457,junction,ราษฎร์บูรณะ,100.47552,13.66367,-1
N_1458,junction,คลองเตย,100.58933,13.71169,-1
N_1459,junction,คลองเตย,100.59177,13.70832,-1
N_146,junction,ภาษีเจริญ,100.46022,13.73366,-1
N_1460,junction,บางแค,100.41302,13.73079,-1
N_1461,junction,บางแค,100.41296,13.73587,-1
N_1462,junction,บางแค,100.41406,13.73881,-1
N_1463,junction,ตลิ่งชัน,100.44506,13.74642,-1
N_1464,junction,ตลิ่งชัน,100.44533,13.74775,-1
N_1465,junction,บางขุนเทียน,100.41285,13.5963,-1
N_1466,junction,บางขุนเทียน,100.41366,13.59364,-1
N_1467,junction,หนองแขม,100.34835,13.68694,-1
N_1468,junction,หนองแขม,100.34654,13.6873,-1
N_1469,junction,ภาษีเจริญ,100.44571,13.7209,-1
N_147,junction,จอมทอง,100.45208,13.67563,-1
N_1470,junction,ภาษีเจริญ,100.44571,13.71419,-1
N_1471,junction,บางซื่อ,100.52287,13.81093,-1
N_1472,junction,บางซื่อ,100.52076,13.81683,-1
N_1473,junction,บางแค,100.41785,13.71578,-1
N_1474,junction,บางแค,100.418,13.7078,-1
N_1475,junction,บางแค,100.3763,13.7395,-1
N_1476,junction,บางแค,100.37397,13.75353,-1
N_1477,junction,บางแค,100.40295,13.74109,-1
N_1478,junction,บางแค,100.40348,13.72991,-1
N_1479,junction,ทวีวัฒนา,100.39887,13.80184,-1
N_148,junction,จอมทอง,100.46028,13.67889,-1
N_1480,junction,ทวีวัฒนา,100.40027,13.79938,-1
N_1481,junction,ภาษีเจริญ,100.44509,13.71398,-1
N_1482,junction,ภาษีเจริญ,100.44215,13.70856,-1
N_1483,junction,ทวีวัฒนา,100.36933,13.78927,-1
N_1484,junction,ทวีวัฒนา,100.35331,13.78622,-1
N_1485,junction,คลองเตย,100.59448,13.70904,-1
N_1486,junction,คลองเตย,100.59554,13.70633,-1
N_1487,junction,จอมทอง,100.46944,13.66207,-1
N_1488,junction,ตลิ่งชัน,100.46875,13.79333,-1
N_1489,junction,ตลิ่งชัน,100.46469,13.79488,-1
N_149,junction,สายไหม,100.63337,13.90899,-1
N_1490,junction,บางแค,100.38084,13.69735,-1
N_1491,junction,บางแค,100.37982,13.69699,-1
N_1492,junction,ห้วยขวาง,100.56603,13.75498,-1
N_1493,junction,ห้วยขวาง,100.56837,13.76335,-1
N_1494,junction,ดินแดง,100.57013,13.77034,-1
N_1495,junction,ทุ่งครุ,100.50824,13.60838,-1
N_1496,junction,ทุ่งครุ,100.50177,13.60285,-1
N_1497,junction,บึงกุ่ม,100.65675,13.77733,-1
N_1498,junction,บึงกุ่ม,100.66266,13.77416,-1
N_1499,junction,บางพลัด,100.47361,13.79011,-1
N_15,junction,ทุ่งครุ,100.50133,13.61567,-1
N_150,junction,สายไหม,100.63446,13.90436,-1
N_1500,junction,บางพลัด,100.47605,13.78803,-1
N_1501,junction,จอมทอง,100.47321,13.67556,-1
N_1502,junction,จอมทอง,100.47523,13.66824,-1
N_1503,junction,จอมทอง,100.4649,13.66511,-1
N_1504,junction,จอมทอง,100.46861,13.6658,-1
N_1505,junction,ทวีวัฒนา,100.38259,13.78064,-1
N_1506,junction,ทวีวัฒนา,100.37093,13.78504,-1
N_1507,junction,ยานนาวา,100.55279,13.68882,-1
N_1508,junction,ยานนาวา,100.54464,13.68974,-1
N_1509,junction,ทุ่งครุ,100.48637,13.59417,-1
N_151,junction,บางบอน,100.40235,13.67408,-1
N_1510,junction,ทุ่งครุ,100.48448,13.59138,-1
N_1511,junction,บางเขน,100.65404,13.86372,-1
N_1512,junction,บางเขน,100.66111,13.86373,-1
N_1513,junction,ภาษีเจริญ,100.41833,13.73124,-1
N_1514,junction,ภาษีเจริญ,100.41478,13.73563,-1
N_1515,junction,บางบอน,100.43783,13.68661,-1
N_1516,junction,บางบอน,100.43549,13.68582,-1
N_1517,junction,บางซื่อ,100.52409,13.8213,-1
N_1518,junction,บางซื่อ,100.52637,13.81462,-1
N_1519,junction,มีนบุรี,100.77384,13.81422,-1
N_152,junction,บางบอน,100.40386,13.67043,-1
N_1520,junction,มีนบุรี,100.75814,13.81822,-1
N_1521,junction,บางแค,100.4181,13.72406,-1
N_1522,junction,บางแค,100.41794,13.72658,-1
N_1523,junction,จอมทอง,100.4646,13.66875,-1
N_1524,junction,จอมทอง,100.46224,13.66839,-1
N_1525,junction,สาทร,100.51796,13.71712,-1
N_1526,junction,สาทร,100.51775,13.71603,-1
N_1527,junction,จอมทอง,100.4692,13.66309,-1
N_1528,junction,จอมทอง,100.46514,13.66226,-1
N_1529,junction,บางขุนเทียน,100.43335,13.57244,-1
N_153,junction,บางบอน,100.37859,13.64191,-1
N_1530,junction,บางขุนเทียน,100.42684,13.57988,-1
N_1531,junction,ธนบุรี,100.47774,13.71492,-1
N_1532,junction,ธนบุรี,100.47572,13.71471,-1
N_1533,junction,ภาษีเจริญ,100.44951,13.727,-1
N_1534,junction,ภาษีเจริญ,100.45132,13.72868,-1
N_1535,junction,จอมทอง,100.45957,13.67099,-1
N_1536,junction,จอมทอง,100.46118,13.67124,-1
N_1537,junction,จอมทอง,100.45999,13.66724,-1
N_1538,junction,จอมทอง,100.46244,13.66764,-1
N_1539,junction,ภาษีเจริญ,100.4327,13.7242,-1
N_154,junction,บางบอน,100.38056,13.63479,-1
N_1540,junction,ภาษีเจริญ,100.43016,13.72174,-1
N_1541,junction,ทวีวัฒนา,100.38966,13.75197,-1
N_1542,junction,ทวีวัฒนา,100.38956,13.75603,-1
N_1543,junction,บางพลัด,100.48747,13.77296,-1
N_1544,junction,บางพลัด,100.48513,13.77159,-1
N_1545,junction,ตลิ่งชัน,100.41682,13.74717,-1
N_1546,junction,ตลิ่งชัน,100.4172,13.75032,-1
N_1547,junction,ภาษีเจริญ,100.45599,13.73372,-1
N_1548,junction,ภาษีเจริญ,100.45621,13.73314,-1
N_1549,junction,บางบอน,100.37056,13.66179,-1
N_155,junction,ทุ่งครุ,100.48359,13.65989,-1
N_1550,junction,ภาษีเจริญ,100.44176,13.72358,-1
N_1551,junction,ภาษีเจริญ,100.44432,13.72065,-1
N_1552,junction,ภาษีเจริญ,100.42936,13.72498,-1
N_1553,junction,ภาษีเจริญ,100.42698,13.72261,-1
N_1554,junction,วัฒนา,100.58628,13.73491,-1
N_1555,junction,วัฒนา,100.58394,13.73569,-1
N_1556,junction,บางแค,100.41523,13.73842,-1
N_1557,junction,บางแค,100.41594,13.73102,-1
N_1558,junction,ตลิ่งชัน,100.4139,13.74777,-1
N_1559,junction,ตลิ่งชัน,100.41414,13.74939,-1
N_156,junction,ธนบุรี,100.4859,13.70144,-1
N_1560,junction,ภาษีเจริญ,100.44513,13.70744,-1
N_1561,junction,ภาษีเจริญ,100.44825,13.7125,-1
N_1562,junction,บางพลัด,100.50876,13.79891,-1
N_1563,junction,บางพลัด,100.50827,13.7981,-1
N_1564,junction,บางแค,100.412,13.73612,-1
N_1565,junction,บางแค,100.41241,13.73734,-1
N_1566,junction,บางขุนเทียน,100.39362,13.60508,-1
N_1567,junction,บางขุนเทียน,100.39129,13.61153,-1
N_1568,junction,ตลิ่งชัน,100.41908,13.77879,-1
N_1569,junction,ตลิ่งชัน,100.41643,13.769,-1
N_157,junction,ธนบุรี,100.49089,13.69912,-1
N_1570,junction,บางบอน,100.36062,13.66124,-1
N_1571,junction,บางบอน,100.36163,13.6547,-1
N_1572,junction,จอมทอง,100.46681,13.68109,-1
N_1573,junction,จอมทอง,100.46613,13.68628,-1
N_1574,junction,บางแค,100.42079,13.73144,-1
N_1575,junction,บางแค,100.42108,13.72986,-1
N_1576,junction,ลาดกระบัง,100.81968,13.74585,-1
N_1577,junction,ลาดกระบัง,100.81638,13.73264,-1
N_1578,junction,จอมทอง,100.4626,13.66115,-1
N_1579,junction,จอมทอง,100.46248,13.66249,-1
N_158,junction,ภาษีเจริญ,100.43772,13.7098,-1
N_1580,junction,ภาษีเจริญ,100.44629,13.72109,-1
N_1581,junction,ภาษีเจริญ,100.44592,13.7221,-1
N_1582,junction,ภาษีเจริญ,100.4482,13.73524,-1
N_1583,junction,ภาษีเจริญ,100.44932,13.73109,-1
N_1584,junction,บางขุนเทียน,100.43325,13.62666,-1
N_1585,junction,บางขุนเทียน,100.43885,13.62913,-1
N_1586,junction,ภาษีเจริญ,100.44441,13.73775,-1
N_1587,junction,ภาษีเจริญ,100.44471,13.74061,-1
N_1588,junction,มีนบุรี,100.78198,13.82393,-1
N_1589,junction,มีนบุรี,100.8064,13.84429,-1
N_159,junction,ภาษีเจริญ,100.43854,13.71165,-1
N_1590,junction,คลองสาน,100.50629,13.73449,-1
N_1591,junction,คลองสาน,100.50509,13.73262,-1
N_1592,junction,บางพลัด,100.49313,13.77925,-1
N_1593,junction,บางพลัด,100.49253,13.77708,-1
N_1594,junction,ตลิ่งชัน,100.4268,13.74248,-1
N_1595,junction,ตลิ่งชัน,100.42725,13.74531,-1
N_1596,junction,ยานนาวา,100.52618,13.69028,-1
N_1597,junction,ยานนาวา,100.52185,13.68524,-1
N_1598,junction,ตลิ่งชัน,100.42471,13.74811,-1
N_1599,junction,ตลิ่งชัน,100.4265,13.7515,-1
N_16,junction,หนองจอก,100.8552,13.82396,-1
N_160,junction,จอมทอง,100.47017,13.68217,-1
N_1600,junction,บางเขน,100.66634,13.87188,-1
N_1601,junction,บางเขน,100.66192,13.87873,-1
N_1602,junction,บางขุนเทียน,100.42942,13.56376,-1
N_1603,junction,บางขุนเทียน,100.41885,13.56876,-1
N_1604,junction,บางกอกใหญ่,100.46736,13.73154,-1
N_1605,junction,บางกอกใหญ่,100.4677,13.7305,-1
N_1606,junction,ภาษีเจริญ,100.45204,13.72831,-1
N_1607,junction,ภาษีเจริญ,100.45399,13.72345,-1
N_1608,junction,ภาษีเจริญ,100.43501,13.71479,-1
N_1609,junction,ภาษีเจริญ,100.43497,13.71425,-1
N_161,junction,จอมทอง,100.46382,13.68038,-1
N_1610,junction,ตลิ่งชัน,100.41855,13.75164,-1
N_1611,junction,ตลิ่งชัน,100.41762,13.74789,-1
N_1612,junction,ภาษีเจริญ,100.44536,13.71581,-1
N_1613,junction,ภาษีเจริญ,100.44483,13.72064,-1
N_1614,junction,ตลิ่งชัน,100.4483,13.75814,-1
N_1615,junction,ตลิ่งชัน,100.44915,13.75466,-1
N_1616,junction,หนองจอก,100.87465,13.93046,-1
N_1617,junction,หนองจอก,100.87307,13.93834,-1
N_1618,junction,ภาษีเจริญ,100.43181,13.71593,-1
N_1619,junction,ภาษีเจริญ,100.4318,13.71703,-1
N_162,junction,บางกอกน้อย,100.46639,13.78309,-1
N_1620,junction,ภาษีเจริญ,100.44724,13.72982,-1
N_1621,junction,ภาษีเจริญ,100.44605,13.72781,-1
N_1622,junction,ภาษีเจริญ,100.44909,13.73543,-1
N_1623,junction,ภาษีเจริญ,100.44897,13.73111,-1
N_1624,junction,ภาษีเจริญ,100.43608,13.71258,-1
N_1625,junction,ภาษีเจริญ,100.43585,13.71608,-1
N_1626,junction,ภาษีเจริญ,100.41848,13.73904,-1
N_1627,junction,ภาษีเจริญ,100.42028,13.73758,-1
N_1628,junction,ภาษีเจริญ,100.44784,13.72967,-1
N_1629,junction,ภาษีเจริญ,100.44663,13.72784,-1
N_163,junction,บางกอกน้อย,100.46895,13.78287,-1
N_1630,junction,ตลิ่งชัน,100.42253,13.76188,-1
N_1631,junction,ตลิ่งชัน,100.42237,13.75771,-1
N_1632,junction,ภาษีเจริญ,100.44692,13.72991,-1
N_1633,junction,ภาษีเจริญ,100.44721,13.73511,-1
N_1634,junction,ภาษีเจริญ,100.44575,13.73492,-1
N_1635,junction,ภาษีเจริญ,100.44538,13.73081,-1
N_1636,junction,ภาษีเจริญ,100.4421,13.73452,-1
N_1637,junction,ภาษีเจริญ,100.44189,13.73083,-1
N_1638,junction,ธนบุรี,100.4751,13.71689,-1
N_1639,junction,ธนบุรี,100.4777,13.71733,-1
N_164,junction,คลองสาน,100.49745,13.73162,-1
N_1640,junction,ธนบุรี,100.48244,13.70953,-1
N_1641,junction,ธนบุรี,100.47716,13.70812,-1
N_1642,junction,ธนบุรี,100.48259,13.70892,-1
N_1643,junction,ธนบุรี,100.47743,13.70714,-1
N_1644,junction,ธนบุรี,100.47352,13.71416,-1
N_1645,junction,ธนบุรี,100.47574,13.71458,-1
N_1646,junction,ธนบุรี,100.47787,13.70524,-1
N_1647,junction,ธนบุรี,100.4832,13.70682,-1
N_1648,junction,ธนบุรี,100.47533,13.71621,-1
N_1649,junction,ธนบุรี,100.47783,13.71655,-1
N_165,junction,คลองสาน,100.49826,13.73349,-1
N_1650,junction,ธนบุรี,100.47553,13.71556,-1
N_1651,junction,ธนบุรี,100.47789,13.71584,-1
N_1652,junction,ธนบุรี,100.47726,13.71439,-1
N_1653,junction,ธนบุรี,100.47826,13.71447,-1
N_1654,junction,ธนบุรี,100.47596,13.71319,-1
N_1655,junction,ธนบุรี,100.47686,13.71334,-1
N_1656,junction,ธนบุรี,100.47886,13.7116,-1
N_1657,junction,ธนบุรี,100.47734,13.71149,-1
N_1658,junction,ธนบุรี,100.4817,13.71205,-1
N_1659,junction,ธนบุรี,100.47655,13.71062,-1
N_166,junction,คลองสาน,100.49711,13.73381,-1
N_1660,junction,ธนบุรี,100.48189,13.71119,-1
N_1661,junction,ธนบุรี,100.47668,13.71009,-1
N_1662,junction,บางขุนเทียน,100.42725,13.60115,-1
N_1663,junction,ตลิ่งชัน,100.44831,13.75337,-1
N_1664,junction,ตลิ่งชัน,100.44779,13.7571,-1
N_1665,junction,ตลิ่งชัน,100.40884,13.75848,-1
N_1666,junction,ตลิ่งชัน,100.40789,13.75519,-1
N_1667,junction,บางขุนเทียน,100.42871,13.59725,-1
N_1668,junction,บางขุนเทียน,100.4312,13.60268,-1
N_1669,junction,ภาษีเจริญ,100.44649,13.7135,-1
N_167,junction,คลองสาน,100.49913,13.73878,-1
N_1670,junction,ภาษีเจริญ,100.44531,13.71153,-1
N_1671,junction,บางแค,100.4021,13.73467,-1
N_1672,junction,บางแค,100.40544,13.73482,-1
N_1673,junction,ภาษีเจริญ,100.43587,13.70973,-1
N_1674,junction,ภาษีเจริญ,100.43585,13.71071,-1
N_1675,junction,ภาษีเจริญ,100.43626,13.70977,-1
N_1676,junction,ภาษีเจริญ,100.43624,13.71084,-1
N_1677,junction,ภาษีเจริญ,100.43678,13.70981,-1
N_1678,junction,ภาษีเจริญ,100.43681,13.71103,-1
N_1679,junction,ภาษีเจริญ,100.44011,13.70912,-1
N_168,junction,จอมทอง,100.45836,13.65786,-1
N_1680,junction,ภาษีเจริญ,100.4405,13.70989,-1
N_1681,junction,ภาษีเจริญ,100.44055,13.70899,-1
N_1682,junction,ภาษีเจริญ,100.44103,13.70996,-1
N_1683,junction,ภาษีเจริญ,100.42556,13.71867,-1
N_1684,junction,ภาษีเจริญ,100.42654,13.71877,-1
N_1685,junction,หนองจอก,100.86907,13.81357,-1
N_1686,junction,หนองจอก,100.87072,13.81629,-1
N_1687,junction,ตลิ่งชัน,100.41122,13.7592,-1
N_1688,junction,ตลิ่งชัน,100.41167,13.76236,-1
N_1689,junction,หนองจอก,100.90691,13.78692,-1
N_169,junction,จอมทอง,100.45823,13.65717,-1
N_1690,junction,หนองจอก,100.88238,13.76899,-1
N_1691,junction,หนองจอก,100.86587,13.75984,-1
N_1692,junction,หนองจอก,100.8764,13.75862,-1
N_1693,junction,ราษฎร์บูรณะ,100.49403,13.68494,-1
N_1694,junction,ราษฎร์บูรณะ,100.49278,13.68203,-1
N_1695,junction,บางกอกใหญ่,100.47042,13.72494,-1
N_1696,junction,บางกอกใหญ่,100.46811,13.72436,-1
N_1697,junction,ลาดพร้าว,100.60483,13.84277,-1
N_1698,junction,ลาดพร้าว,100.60196,13.84044,-1
N_1699,junction,บางกอกใหญ่,100.47781,13.73892,-1
N_17,junction,หนองจอก,100.85669,13.82077,-1
N_170,junction,บางคอแหลม,100.50227,13.68624,-1
N_1700,junction,บางกอกใหญ่,100.4778,13.74339,-1
N_1701,junction,สะพานสูง,100.68324,13.77,-1
N_1702,junction,สะพานสูง,100.69021,13.77076,-1
N_1703,junction,ประเวศ,100.69103,13.67093,-1
N_1704,junction,ประเวศ,100.6818,13.67339,-1
N_1705,junction,ตลิ่งชัน,100.42234,13.75772,-1
N_1706,junction,ตลิ่งชัน,100.42163,13.75322,-1
N_1707,junction,หนองจอก,100.7986,13.79945,-1
N_1708,junction,หนองจอก,100.81592,13.79577,-1
N_1709,junction,พระนคร,100.49471,13.76574,-1
N_171,junction,บางคอแหลม,100.505,13.69374,-1
N_1710,junction,พระนคร,100.50604,13.75554,-1
N_1711,junction,พระนคร,100.49982,13.73867,-1
N_1712,junction,หลักสี่,100.56177,13.86641,-1
N_1713,junction,หลักสี่,100.55997,13.85446,-1
N_1714,junction,คลองสามวา,100.77568,13.87474,-1
N_1715,junction,คลองสามวา,100.7738,13.88624,-1
N_1716,junction,จอมทอง,100.45528,13.71199,-1
N_1717,junction,จอมทอง,100.45588,13.70838,-1
N_1718,junction,บึงกุ่ม,100.67656,13.78662,-1
N_1719,junction,คันนายาว,100.67862,13.78297,-1
N_172,junction,บางขุนเทียน,100.40158,13.63771,-1
N_1720,junction,บางขุนเทียน,100.39978,13.59661,-1
N_1721,junction,บางขุนเทียน,100.38852,13.63038,-1
N_1722,junction,ทุ่งครุ,100.50936,13.61989,-1
N_1723,junction,ป้อมปราบศัตรูพ่าย,100.51025,13.758,-1
N_1724,junction,ป้อมปราบศัตรูพ่าย,100.50999,13.75652,-1
N_1725,junction,บางบอน,100.38725,13.64726,-1
N_1726,junction,บางบอน,100.37558,13.66819,-1
N_1727,junction,บางพลัด,100.5017,13.79185,-1
N_1728,junction,บางขุนเทียน,100.4658,13.604,-1
N_1729,junction,บางพลัด,100.49868,13.77171,-1
N_173,junction,บางขุนเทียน,100.41419,13.63859,-1
N_1730,junction,บางพลัด,100.49547,13.77313,-1
N_1731,junction,ทุ่งครุ,100.48844,13.61544,-1
N_1732,junction,ทุ่งครุ,100.48558,13.59087,-1
N_1733,junction,บางขุนเทียน,100.42652,13.66097,-1
N_1734,junction,บางขุนเทียน,100.4297,13.64592,-1
N_1735,junction,ลาดกระบัง,100.83243,13.75104,-1
N_1736,junction,ลาดกระบัง,100.8323,13.74196,-1
N_1737,junction,ทุ่งครุ,100.50825,13.62324,-1
N_1738,junction,ทุ่งครุ,100.50549,13.61127,-1
N_1739,junction,ทุ่งครุ,100.50114,13.63218,-1
N_174,junction,จอมทอง,100.45588,13.6661,-1
N_1740,junction,ทุ่งครุ,100.51686,13.63641,-1
N_1741,junction,ทุ่งครุ,100.5149,13.62994,-1
N_1742,junction,ทุ่งครุ,100.49371,13.62374,-1
N_1743,junction,ทุ่งครุ,100.48745,13.62392,-1
N_1744,junction,ธนบุรี,100.49484,13.73085,-1
N_1745,junction,ธนบุรี,100.49,13.72911,-1
N_1746,junction,บางขุนเทียน,100.47181,13.65143,-1
N_1747,junction,บางขุนเทียน,100.44692,13.64724,-1
N_1748,junction,ดุสิต,100.51415,13.77955,-1
N_1749,junction,ดุสิต,100.51489,13.7811,-1
N_175,junction,จอมทอง,100.45523,13.66617,-1
N_1750,junction,ตลิ่งชัน,100.4253,13.77371,-1
N_1751,junction,ตลิ่งชัน,100.42646,13.77768,-1
N_1752,junction,บางขุนเทียน,100.43703,13.56718,-1
N_1753,junction,ภาษีเจริญ,100.43574,13.70971,-1
N_1754,junction,หนองแขม,100.37623,13.683,-1
N_1755,junction,หนองแขม,100.374,13.68215,-1
N_1756,junction,จอมทอง,100.45702,13.70253,-1
N_1757,junction,ทุ่งครุ,100.49552,13.61418,-1
N_1758,junction,ทุ่งครุ,100.49962,13.59562,-1
N_1759,junction,คลองสาน,100.50089,13.70623,-1
N_176,junction,ลาดพร้าว,100.63144,13.83393,-1
N_1760,junction,คลองสาน,100.49453,13.71321,-1
N_1761,junction,บางขุนเทียน,100.44673,13.64485,-1
N_1762,junction,บางขุนเทียน,100.46041,13.64821,-1
N_1763,junction,บางบอน,100.39755,13.653,-1
N_1764,junction,บางบอน,100.35558,13.65285,-1
N_1765,junction,บางบอน,100.39789,13.65342,-1
N_1766,junction,ภาษีเจริญ,100.44867,13.71521,-1
N_1767,junction,ภาษีเจริญ,100.44815,13.72186,-1
N_1768,junction,บางขุนเทียน,100.44875,13.63154,-1
N_1769,junction,บางขุนเทียน,100.47502,13.63328,-1
N_177,junction,ลาดพร้าว,100.62859,13.84265,-1
N_1770,junction,ตลิ่งชัน,100.41017,13.75939,-1
N_1771,junction,ตลิ่งชัน,100.41055,13.76244,-1
N_1772,junction,บางขุนเทียน,100.4674,13.63511,-1
N_1773,junction,บางขุนเทียน,100.4743,13.63664,-1
N_1774,junction,ทุ่งครุ,100.47476,13.63527,-1
N_1775,junction,ทุ่งครุ,100.48057,13.63466,-1
N_1776,junction,ทุ่งครุ,100.49259,13.63281,-1
N_1777,junction,ทวีวัฒนา,100.38823,13.75213,-1
N_1778,junction,ทวีวัฒนา,100.38833,13.75664,-1
N_1779,junction,ลาดกระบัง,100.84604,13.77069,-1
N_178,junction,ภาษีเจริญ,100.42674,13.74059,-1
N_1780,junction,บางขุนเทียน,100.38949,13.57098,-1
N_1781,junction,บางขุนเทียน,100.39461,13.57604,-1
N_1782,junction,บางขุนเทียน,100.38895,13.57712,-1
N_1783,junction,ทวีวัฒนา,100.37895,13.76605,-1
N_1784,junction,ทวีวัฒนา,100.37873,13.76094,-1
N_1785,junction,ตลิ่งชัน,100.40969,13.75951,-1
N_1786,junction,ตลิ่งชัน,100.41014,13.76241,-1
N_1787,junction,บางขุนเทียน,100.44937,13.59228,-1
N_1788,junction,บางขุนเทียน,100.41923,13.5883,-1
N_1789,junction,ทุ่งครุ,100.4751,13.63205,-1
N_179,junction,ภาษีเจริญ,100.43119,13.73783,-1
N_1790,junction,ทวีวัฒนา,100.38703,13.75227,-1
N_1791,junction,ทวีวัฒนา,100.38717,13.7567,-1
N_1792,junction,บางเขน,100.59456,13.88756,-1
N_1793,junction,บางเขน,100.60429,13.87128,-1
N_1794,junction,ตลิ่งชัน,100.4215,13.76194,-1
N_1795,junction,ตลิ่งชัน,100.42132,13.75787,-1
N_1796,junction,บางขุนเทียน,100.45121,13.61405,-1
N_1797,junction,บางขุนเทียน,100.47211,13.62396,-1
N_1798,junction,ทวีวัฒนา,100.38606,13.75241,-1
N_1799,junction,ทวีวัฒนา,100.38633,13.75679,-1
N_18,junction,บางบอน,100.40935,13.66887,-1
N_180,junction,ยานนาวา,100.55145,13.69801,-1
N_1800,junction,ทุ่งครุ,100.51808,13.63494,-1
N_1801,junction,ภาษีเจริญ,100.42723,13.69085,-1
N_1802,junction,ภาษีเจริญ,100.42932,13.68833,-1
N_1803,junction,หนองแขม,100.34207,13.71189,-1
N_1804,junction,หนองแขม,100.36833,13.71879,-1
N_1805,junction,บางกอกใหญ่,100.48,13.72749,-1
N_1806,junction,บางกอกใหญ่,100.48205,13.72382,-1
N_1807,junction,ภาษีเจริญ,100.44913,13.72974,-1
N_1808,junction,ภาษีเจริญ,100.44942,13.73552,-1
N_1809,junction,บางคอแหลม,100.52496,13.70077,-1
N_181,junction,วัฒนา,100.58702,13.74292,-1
N_1810,junction,บางคอแหลม,100.52067,13.69575,-1
N_1811,junction,คลองสามวา,100.78736,13.87998,-1
N_1812,junction,คลองสามวา,100.7994,13.84937,-1
N_1813,junction,ราษฎร์บูรณะ,100.49667,13.65762,-1
N_1814,junction,ราษฎร์บูรณะ,100.50618,13.68563,-1
N_1815,junction,ทุ่งครุ,100.48745,13.59353,-1
N_1816,junction,ทุ่งครุ,100.49039,13.65017,-1
N_1817,junction,บางแค,100.42249,13.72915,-1
N_1818,junction,บางแค,100.42248,13.73005,-1
N_1819,junction,ยานนาวา,100.5301,13.69043,-1
N_182,junction,วัฒนา,100.59947,13.73802,-1
N_1820,junction,ยานนาวา,100.52084,13.67969,-1
N_1821,junction,หนองแขม,100.34619,13.69946,-1
N_1822,junction,หนองแขม,100.37702,13.70048,-1
N_1823,junction,บางคอแหลม,100.50141,13.69956,-1
N_1824,junction,บางคอแหลม,100.49209,13.69115,-1
N_1825,junction,ประเวศ,100.68932,13.66359,-1
N_1826,junction,ประเวศ,100.6818,13.67338,-1
N_1827,junction,คลองสาน,100.4985,13.71091,-1
N_1828,junction,คลองสาน,100.50175,13.70676,-1
N_1829,junction,บางแค,100.4224,13.70599,-1
N_183,junction,หนองจอก,100.86568,13.84572,-1
N_1830,junction,บางแค,100.42449,13.70008,-1
N_1831,junction,สวนหลวง,100.60746,13.71589,-1
N_1832,junction,สวนหลวง,100.61126,13.72167,-1
N_1833,junction,คลองสาน,100.50396,13.70833,-1
N_1834,junction,คลองสาน,100.49304,13.71576,-1
N_1835,junction,จอมทอง,100.46838,13.69123,-1
N_1836,junction,จอมทอง,100.47397,13.69388,-1
N_1837,junction,ตลิ่งชัน,100.43048,13.74234,-1
N_1838,junction,ตลิ่งชัน,100.43205,13.74827,-1
N_1839,junction,หนองจอก,100.84144,13.77358,-1
N_184,junction,หนองจอก,100.86793,13.8395,-1
N_1840,junction,หนองจอก,100.84109,13.7706,-1
N_1841,junction,ตลิ่งชัน,100.41494,13.75854,-1
N_1842,junction,ตลิ่งชัน,100.41333,13.74789,-1
N_1843,junction,จอมทอง,100.46891,13.66446,-1
N_1844,junction,ภาษีเจริญ,100.43766,13.70805,-1
N_1845,junction,ภาษีเจริญ,100.43712,13.70815,-1
N_1846,junction,ภาษีเจริญ,100.43456,13.69906,-1
N_1847,junction,ภาษีเจริญ,100.42646,13.70285,-1
N_1848,junction,จอมทอง,100.47787,13.70522,-1
N_1849,junction,จอมทอง,100.47089,13.7002,-1
N_185,junction,ภาษีเจริญ,100.41775,13.73118,-1
N_1850,junction,ตลิ่งชัน,100.44059,13.75682,-1
N_1851,junction,ตลิ่งชัน,100.44353,13.77334,-1
N_1852,junction,ราษฎร์บูรณะ,100.48833,13.67937,-1
N_1853,junction,ราษฎร์บูรณะ,100.49122,13.67442,-1
N_1854,junction,ภาษีเจริญ,100.44549,13.72083,-1
N_1855,junction,ภาษีเจริญ,100.44439,13.72508,-1
N_1856,junction,จอมทอง,100.4692,13.68683,-1
N_1857,junction,จอมทอง,100.46262,13.68534,-1
N_1858,junction,บางแค,100.41334,13.74789,-1
N_1859,junction,ตลิ่งชัน,100.42578,13.75227,-1
N_186,junction,ภาษีเจริญ,100.41662,13.73561,-1
N_1860,junction,ตลิ่งชัน,100.42636,13.75753,-1
N_1861,junction,ตลิ่งชัน,100.43474,13.77292,-1
N_1862,junction,ตลิ่งชัน,100.43462,13.76909,-1
N_1863,junction,ตลิ่งชัน,100.44177,13.7677,-1
N_1864,junction,ตลิ่งชัน,100.43253,13.76926,-1
N_1865,junction,ตลิ่งชัน,100.45734,13.74518,-1
N_1866,junction,ตลิ่งชัน,100.45748,13.74399,-1
N_1867,junction,บางขุนเทียน,100.46782,13.63257,-1
N_1868,junction,บางขุนเทียน,100.47063,13.62522,-1
N_1869,junction,ตลิ่งชัน,100.41638,13.76899,-1
N_187,junction,บางกอกน้อย,100.45932,13.77834,-1
N_1870,junction,ตลิ่งชัน,100.41489,13.75856,-1
N_1871,junction,ภาษีเจริญ,100.43723,13.72473,-1
N_1872,junction,ภาษีเจริญ,100.4365,13.72456,-1
N_1873,junction,บางขุนเทียน,100.46049,13.63319,-1
N_1874,junction,บางขุนเทียน,100.46153,13.62739,-1
N_1875,junction,ตลิ่งชัน,100.45505,13.76177,-1
N_1876,junction,ตลิ่งชัน,100.45336,13.76125,-1
N_1877,junction,ตลิ่งชัน,100.44634,13.75715,-1
N_1878,junction,ตลิ่งชัน,100.44652,13.75342,-1
N_1879,junction,ภาษีเจริญ,100.43884,13.73105,-1
N_188,junction,บางกอกน้อย,100.46478,13.77105,-1
N_1880,junction,ภาษีเจริญ,100.4294,13.72966,-1
N_1881,junction,ภาษีเจริญ,100.43363,13.72389,-1
N_1882,junction,ทุ่งครุ,100.49342,13.59413,-1
N_1883,junction,ทุ่งครุ,100.49497,13.59336,-1
N_1884,junction,ตลิ่งชัน,100.44202,13.74693,-1
N_1885,junction,ตลิ่งชัน,100.44085,13.75669,-1
N_1886,junction,ตลิ่งชัน,100.43884,13.75665,-1
N_1887,junction,ตลิ่งชัน,100.43919,13.74685,-1
N_1888,junction,ตลิ่งชัน,100.43333,13.75704,-1
N_1889,junction,ตลิ่งชัน,100.43162,13.74827,-1
N_189,junction,บางกอกน้อย,100.4666,13.77114,-1
N_1890,junction,ตลิ่งชัน,100.42297,13.76185,-1
N_1891,junction,ตลิ่งชัน,100.42353,13.76931,-1
N_1892,junction,ลาดกระบัง,100.74493,13.71686,-1
N_1893,junction,ลาดกระบัง,100.75303,13.72407,-1
N_1894,junction,บางขุนเทียน,100.42345,13.51009,-1
N_1895,junction,บางขุนเทียน,100.42062,13.52629,-1
N_1896,junction,สะพานสูง,100.70615,13.79817,-1
N_1897,junction,ห้วยขวาง,100.60407,13.75102,-1
N_1898,junction,บางกะปิ,100.63504,13.77151,-1
N_1899,junction,บางกะปิ,100.6364,13.76374,-1
N_19,junction,บางบอน,100.41338,13.66254,-1
N_190,junction,บางกอกน้อย,100.46366,13.77041,-1
N_1900,junction,จตุจักร,100.58642,13.85897,-1
N_1901,junction,ลาดกระบัง,100.79747,13.75269,-1
N_1902,junction,ทุ่งครุ,100.49417,13.59564,-1
N_1903,junction,จตุจักร,100.5634,13.82463,-1
N_1904,junction,จตุจักร,100.55844,13.84605,-1
N_1905,junction,บางบอน,100.41209,13.66178,-1
N_1906,junction,บางบอน,100.41424,13.65345,-1
N_1907,junction,ราษฎร์บูรณะ,100.5043,13.67916,-1
N_1908,junction,ราษฎร์บูรณะ,100.50706,13.67788,-1
N_1909,junction,บางขุนเทียน,100.42154,13.64451,-1
N_191,junction,บางขุนเทียน,100.42985,13.52127,-1
N_1910,junction,ทุ่งครุ,100.47762,13.65917,-1
N_1911,junction,ทุ่งครุ,100.47743,13.65993,-1
N_1912,junction,สวนหลวง,100.62194,13.74641,-1
N_1913,junction,สวนหลวง,100.62944,13.7274,-1
N_1914,junction,หนองจอก,100.83467,13.76794,-1
N_1915,junction,หนองจอก,100.8353,13.7923,-1
N_1916,junction,คลองสามวา,100.70288,13.8331,-1
N_1917,junction,คลองสามวา,100.69676,13.82042,-1
N_1918,junction,ธนบุรี,100.47192,13.71039,-1
N_1919,junction,ธนบุรี,100.47319,13.71056,-1
N_192,junction,บางขุนเทียน,100.43738,13.52556,-1
N_1920,junction,คลองสามวา,100.73474,13.9183,-1
N_1921,junction,คลองสามวา,100.75181,13.91858,-1
N_1922,junction,คลองสามวา,100.73674,13.91419,-1
N_1923,junction,คลองสามวา,100.72868,13.9127,-1
N_1924,junction,ลาดกระบัง,100.86085,13.77025,-1
N_1925,junction,คันนายาว,100.66139,13.83344,-1
N_1926,junction,ลาดกระบัง,100.79495,13.79395,-1
N_1927,junction,ลาดกระบัง,100.80633,13.76463,-1
N_1928,junction,คลองสามวา,100.70445,13.84505,-1
N_1929,junction,คลองสามวา,100.68376,13.84799,-1
N_193,junction,บางขุนเทียน,100.45396,13.50073,-1
N_1930,junction,ลาดกระบัง,100.82257,13.77775,-1
N_1931,junction,หนองจอก,100.86069,13.81885,-1
N_1932,junction,บางกอกน้อย,100.47339,13.78271,-1
N_1933,junction,บางกอกน้อย,100.46969,13.77784,-1
N_1934,junction,ทุ่งครุ,100.48511,13.60036,-1
N_1935,junction,ทุ่งครุ,100.48422,13.60027,-1
N_1936,junction,บางแค,100.41989,13.72969,-1
N_1937,junction,บางแค,100.41999,13.72909,-1
N_1938,junction,คันนายาว,100.66121,13.84914,-1
N_1939,junction,คันนายาว,100.69677,13.81895,-1
N_194,junction,บางขุนเทียน,100.4538,13.60591,-1
N_1940,junction,บางกะปิ,100.62597,13.81925,-1
N_1941,junction,บึงกุ่ม,100.6397,13.81897,-1
N_1942,junction,หนองจอก,100.85049,13.81748,-1
N_1943,junction,หนองจอก,100.83387,13.81772,-1
N_1944,junction,บางขุนเทียน,100.46679,13.59802,-1
N_1945,junction,บางขุนเทียน,100.47109,13.59839,-1
N_1946,junction,หนองจอก,100.87084,13.80087,-1
N_1947,junction,หนองจอก,100.87974,13.80515,-1
N_1948,junction,หนองจอก,100.82226,13.87346,-1
N_1949,junction,หนองจอก,100.82327,13.87979,-1
N_195,junction,บางขุนเทียน,100.46576,13.6499,-1
N_1950,junction,หนองจอก,100.82728,13.85523,-1
N_1951,junction,หนองจอก,100.80768,13.80799,-1
N_1952,junction,ทุ่งครุ,100.49118,13.59769,-1
N_1953,junction,ทุ่งครุ,100.49075,13.60198,-1
N_1954,junction,ทุ่งครุ,100.4839,13.60022,-1
N_1955,junction,ทวีวัฒนา,100.39267,13.75635,-1
N_1956,junction,หนองจอก,100.87404,13.79822,-1
N_1957,junction,หนองจอก,100.84524,13.80482,-1
N_1958,junction,หนองจอก,100.81646,13.87512,-1
N_1959,junction,หนองจอก,100.8187,13.87257,-1
N_196,junction,บางขุนเทียน,100.46943,13.63647,-1
N_1960,junction,หนองจอก,100.92506,13.82476,-1
N_1961,junction,วัฒนา,100.58648,13.7308,-1
N_1962,junction,วัฒนา,100.59157,13.72989,-1
N_1963,junction,หนองจอก,100.8315,13.80471,-1
N_1964,junction,หนองจอก,100.82907,13.80803,-1
N_1965,junction,หนองจอก,100.84212,13.83241,-1
N_1966,junction,หนองจอก,100.83815,13.81839,-1
N_1967,junction,ลาดกระบัง,100.86705,13.74209,-1
N_1968,junction,ลาดกระบัง,100.8731,13.74236,-1
N_1969,junction,ทุ่งครุ,100.4844,13.59897,-1
N_197,junction,จอมทอง,100.45561,13.6671,-1
N_1970,junction,หนองจอก,100.80689,13.78169,-1
N_1971,junction,หนองจอก,100.81381,13.79196,-1
N_1972,junction,ลาดกระบัง,100.86958,13.74757,-1
N_1973,junction,ลาดกระบัง,100.85789,13.72088,-1
N_1974,junction,หนองจอก,100.86542,13.77504,-1
N_1975,junction,หนองจอก,100.84141,13.78013,-1
N_1976,junction,บางพลัด,100.50662,13.79298,-1
N_1977,junction,บางพลัด,100.50708,13.79347,-1
N_1978,junction,มีนบุรี,100.80583,13.82616,-1
N_1979,junction,หนองจอก,100.87212,13.74456,-1
N_198,junction,ตลิ่งชัน,100.44865,13.78473,-1
N_1980,junction,หนองจอก,100.88219,13.76599,-1
N_1981,junction,สายไหม,100.66578,13.9061,-1
N_1982,junction,สายไหม,100.66688,13.91564,-1
N_1983,junction,หนองจอก,100.8288,13.84234,-1
N_1984,junction,หนองจอก,100.84836,13.77839,-1
N_1985,junction,หนองจอก,100.84828,13.77087,-1
N_1986,junction,มีนบุรี,100.73754,13.799,-1
N_1987,junction,มีนบุรี,100.73888,13.77758,-1
N_1988,junction,ทุ่งครุ,100.48849,13.61197,-1
N_1989,junction,ทุ่งครุ,100.48834,13.61193,-1
N_199,junction,ตลิ่งชัน,100.44771,13.7731,-1
N_1990,junction,ตลิ่งชัน,100.43955,13.77129,-1
N_1991,junction,ตลิ่งชัน,100.44007,13.77341,-1
N_1992,junction,หนองจอก,100.86901,13.74845,-1
N_1993,junction,ลาดกระบัง,100.87886,13.73781,-1
N_1994,junction,ลาดกระบัง,100.85599,13.75471,-1
N_1995,junction,ธนบุรี,100.48582,13.7288,-1
N_1996,junction,ธนบุรี,100.4866,13.72816,-1
N_1997,junction,หนองจอก,100.85593,13.83766,-1
N_1998,junction,ทุ่งครุ,100.48894,13.61086,-1
N_1999,junction,บางกอกใหญ่,100.4621,13.73581,-1
N_2,junction,บางซื่อ,100.51757,13.8052,-1
N_20,junction,คลองสาน,100.49231,13.72284,-1
N_200,junction,บางขุนเทียน,100.45316,13.66603,-1
N_2000,junction,บางกอกใหญ่,100.4709,13.73671,-1
N_2001,junction,ลาดกระบัง,100.76859,13.78235,-1
N_2002,junction,ลาดกระบัง,100.7945,13.78346,-1
N_2003,junction,มีนบุรี,100.80081,13.81735,-1
N_2004,junction,มีนบุรี,100.78827,13.82567,-1
N_2005,junction,ลาดกระบัง,100.80259,13.7722,-1
N_2006,junction,ลาดกระบัง,100.77977,13.76859,-1
N_2007,junction,บางขุนเทียน,100.47299,13.59836,-1
N_2008,junction,ลาดกระบัง,100.71627,13.77807,-1
N_2009,junction,ลาดกระบัง,100.73889,13.77736,-1
N_201,junction,บางขุนเทียน,100.45271,13.66447,-1
N_2010,junction,ลาดกระบัง,100.78845,13.80042,-1
N_2011,junction,บางพลัด,100.47155,13.78679,-1
N_2012,junction,บางพลัด,100.47216,13.78852,-1
N_2013,junction,บางกอกน้อย,100.46664,13.77911,-1
N_2014,junction,บางกอกน้อย,100.46721,13.77342,-1
N_2015,junction,คันนายาว,100.69096,13.79303,-1
N_2016,junction,คันนายาว,100.68032,13.81529,-1
N_2017,junction,บางกะปิ,100.64787,13.78477,-1
N_2018,junction,บางกะปิ,100.62591,13.78803,-1
N_2019,junction,หนองจอก,100.80893,13.88925,-1
N_202,junction,หนองแขม,100.35417,13.68699,-1
N_2020,junction,บางขุนเทียน,100.47303,13.59876,-1
N_2021,junction,บางขุนเทียน,100.47408,13.5987,-1
N_2022,junction,บางเขน,100.65622,13.8571,-1
N_2023,junction,หนองจอก,100.83816,13.90673,-1
N_2024,junction,หนองจอก,100.85946,13.88175,-1
N_2025,junction,มีนบุรี,100.76852,13.80693,-1
N_2026,junction,มีนบุรี,100.7153,13.78159,-1
N_2027,junction,บางกะปิ,100.65275,13.77708,-1
N_2028,junction,บางกะปิ,100.65236,13.76796,-1
N_2029,junction,บางขุนเทียน,100.47312,13.59909,-1
N_203,junction,หนองแขม,100.35549,13.68292,-1
N_2030,junction,บางขุนเทียน,100.47094,13.59914,-1
N_2031,junction,หนองจอก,100.84168,13.80147,-1
N_2032,junction,หนองจอก,100.82141,13.80067,-1
N_2033,junction,สะพานสูง,100.65896,13.73785,-1
N_2034,junction,ลาดกระบัง,100.8314,13.76655,-1
N_2035,junction,ลาดกระบัง,100.83308,13.75624,-1
N_2036,junction,ทวีวัฒนา,100.34014,13.77838,-1
N_2037,junction,ทวีวัฒนา,100.35571,13.78036,-1
N_2038,junction,บางเขน,100.60713,13.89723,-1
N_2039,junction,บางเขน,100.62305,13.88241,-1
N_204,junction,จอมทอง,100.45519,13.66535,-1
N_2040,junction,ทวีวัฒนา,100.37157,13.78152,-1
N_2041,junction,ทวีวัฒนา,100.37064,13.78131,-1
N_2042,junction,สวนหลวง,100.63414,13.72311,-1
N_2043,junction,ลาดกระบัง,100.83247,13.75113,-1
N_2044,junction,ลาดกระบัง,100.76885,13.76595,-1
N_2045,junction,ลาดกระบัง,100.77878,13.76407,-1
N_2046,junction,ภาษีเจริญ,100.45504,13.71746,-1
N_2047,junction,ธนบุรี,100.49109,13.7385,-1
N_2048,junction,ธนบุรี,100.49161,13.73813,-1
N_2049,junction,ตลิ่งชัน,100.45597,13.78093,-1
N_205,junction,ทวีวัฒนา,100.37517,13.7668,-1
N_2050,junction,ตลิ่งชัน,100.44492,13.79925,-1
N_2051,junction,หนองจอก,100.83434,13.79116,-1
N_2052,junction,หนองจอก,100.8284,13.79316,-1
N_2053,junction,มีนบุรี,100.77212,13.83444,-1
N_2054,junction,ธนบุรี,100.46845,13.71241,-1
N_2055,junction,ธนบุรี,100.47174,13.71098,-1
N_2056,junction,หนองจอก,100.83473,13.78708,-1
N_2057,junction,หนองจอก,100.82866,13.7853,-1
N_2058,junction,จอมทอง,100.46159,13.70535,-1
N_2059,junction,คลองสามวา,100.7163,13.90639,-1
N_206,junction,ทวีวัฒนา,100.36873,13.80204,-1
N_2060,junction,คลองสามวา,100.71589,13.90381,-1
N_2061,junction,มีนบุรี,100.8013,13.81534,-1
N_2062,junction,มีนบุรี,100.79307,13.81147,-1
N_2063,junction,หนองจอก,100.83241,13.86859,-1
N_2064,junction,หนองจอก,100.82875,13.86425,-1
N_2065,junction,มีนบุรี,100.78204,13.81632,-1
N_2066,junction,มีนบุรี,100.76881,13.80753,-1
N_2067,junction,หนองจอก,100.8419,13.78063,-1
N_2068,junction,หนองจอก,100.84838,13.79353,-1
N_2069,junction,ยานนาวา,100.54605,13.69337,-1
N_207,junction,สวนหลวง,100.63928,13.71494,-1
N_2070,junction,ยานนาวา,100.55235,13.69251,-1
N_2071,junction,ลาดกระบัง,100.76903,13.74079,-1
N_2072,junction,ลาดกระบัง,100.77652,13.74093,-1
N_2073,junction,ราษฎร์บูรณะ,100.48574,13.68707,-1
N_2074,junction,ราษฎร์บูรณะ,100.4896,13.68653,-1
N_2075,junction,ตลิ่งชัน,100.45615,13.75578,-1
N_2076,junction,ตลิ่งชัน,100.45902,13.75677,-1
N_2077,junction,มีนบุรี,100.77487,13.81402,-1
N_2078,junction,มีนบุรี,100.7767,13.78319,-1
N_2079,junction,ลาดกระบัง,100.77204,13.74087,-1
N_208,junction,สวนหลวง,100.6443,13.70245,-1
N_2080,junction,ทุ่งครุ,100.48193,13.65918,-1
N_2081,junction,ทุ่งครุ,100.48242,13.65835,-1
N_2082,junction,ลาดกระบัง,100.72051,13.76572,-1
N_2083,junction,ลาดกระบัง,100.712,13.76479,-1
N_2084,junction,ลาดกระบัง,100.77677,13.77622,-1
N_2085,junction,ลาดกระบัง,100.76874,13.77066,-1
N_2086,junction,หนองจอก,100.85392,13.7792,-1
N_2087,junction,ลาดกระบัง,100.81408,13.74785,-1
N_2088,junction,ลาดกระบัง,100.81715,13.75818,-1
N_2089,junction,หนองแขม,100.34067,13.65859,-1
N_209,junction,ประเวศ,100.64588,13.69779,-1
N_2090,junction,หนองแขม,100.34181,13.65669,-1
N_2091,junction,บางกอกใหญ่,100.47303,13.7296,-1
N_2092,junction,บางกอกใหญ่,100.47,13.72789,-1
N_2093,junction,ปทุมวัน,100.51817,13.74499,-1
N_2094,junction,ปทุมวัน,100.52292,13.74404,-1
N_2095,junction,บางกอกน้อย,100.48269,13.75808,-1
N_2096,junction,บางกอกน้อย,100.48061,13.75858,-1
N_2097,junction,ลาดกระบัง,100.79937,13.78184,-1
N_2098,junction,ลาดกระบัง,100.81472,13.78423,-1
N_2099,junction,ลาดกระบัง,100.83772,13.76454,-1
N_21,junction,คลองสาน,100.49276,13.72308,-1
N_210,junction,บางกอกน้อย,100.46552,13.76843,-1
N_2100,junction,ลาดกระบัง,100.82651,13.74357,-1
N_2101,junction,ลาดกระบัง,100.82723,13.74843,-1
N_2102,junction,ลาดกระบัง,100.8243,13.76106,-1
N_2103,junction,หนองแขม,100.35673,13.66076,-1
N_2104,junction,หนองแขม,100.35534,13.66045,-1
N_2105,junction,หนองจอก,100.86451,13.87411,-1
N_2106,junction,ลาดกระบัง,100.75391,13.77788,-1
N_2107,junction,ลาดกระบัง,100.76857,13.782,-1
N_2108,junction,ลาดกระบัง,100.80939,13.71696,-1
N_2109,junction,ลาดกระบัง,100.82208,13.72346,-1
N_211,junction,บางกอกน้อย,100.45593,13.7749,-1
N_2110,junction,บางขุนเทียน,100.44396,13.64546,-1
N_2111,junction,บางขุนเทียน,100.44038,13.64764,-1
N_2112,junction,ทุ่งครุ,100.4821,13.65921,-1
N_2113,junction,หนองจอก,100.88106,13.78596,-1
N_2114,junction,ปทุมวัน,100.51824,13.74586,-1
N_2115,junction,ปทุมวัน,100.52308,13.74492,-1
N_2116,junction,หนองจอก,100.89496,13.8345,-1
N_2117,junction,หนองจอก,100.88847,13.82423,-1
N_2118,junction,บางกะปิ,100.65106,13.74958,-1
N_2119,junction,บางกะปิ,100.67106,13.74836,-1
N_212,junction,บางกอกน้อย,100.46534,13.77405,-1
N_2120,junction,บางแค,100.38762,13.74356,-1
N_2121,junction,บางแค,100.38867,13.74366,-1
N_2122,junction,ลาดกระบัง,100.70648,13.75671,-1
N_2123,junction,ลาดกระบัง,100.73124,13.75878,-1
N_2124,junction,บางแค,100.38709,13.74358,-1
N_2125,junction,หนองจอก,100.9045,13.81263,-1
N_2126,junction,หนองจอก,100.91051,13.80261,-1
N_2127,junction,หนองจอก,100.8084,13.85338,-1
N_2128,junction,บางขุนเทียน,100.44563,13.56937,-1
N_2129,junction,บางขุนเทียน,100.43299,13.58408,-1
N_213,junction,บางกอกน้อย,100.46382,13.77906,-1
N_2130,junction,หนองจอก,100.80585,13.85294,-1
N_2131,junction,บางขุนเทียน,100.44871,13.6753,-1
N_2132,junction,ดุสิต,100.5008,13.77698,-1
N_2133,junction,ดุสิต,100.50657,13.7752,-1
N_2134,junction,ลาดกระบัง,100.84987,13.74137,-1
N_2135,junction,ลาดกระบัง,100.85882,13.72782,-1
N_2136,junction,หนองแขม,100.37387,13.68211,-1
N_2137,junction,ทวีวัฒนา,100.34187,13.75413,-1
N_2138,junction,หนองจอก,100.82358,13.82692,-1
N_2139,junction,ตลิ่งชัน,100.43924,13.77387,-1
N_214,junction,บางกอกน้อย,100.4623,13.77931,-1
N_2140,junction,ตลิ่งชัน,100.43935,13.77964,-1
N_2141,junction,บางขุนเทียน,100.40817,13.58894,-1
N_2142,junction,บางขุนเทียน,100.39985,13.59392,-1
N_2143,junction,ภาษีเจริญ,100.41916,13.73131,-1
N_2144,junction,ภาษีเจริญ,100.41893,13.73323,-1
N_2145,junction,บางขุนเทียน,100.44147,13.56968,-1
N_2146,junction,บางขุนเทียน,100.44675,13.58219,-1
N_2147,junction,บางขุนเทียน,100.41365,13.60625,-1
N_2148,junction,บางแค,100.40973,13.70654,-1
N_2149,junction,บางแค,100.41112,13.70199,-1
N_215,junction,บางกอกน้อย,100.46419,13.77383,-1
N_2150,junction,ภาษีเจริญ,100.4346,13.73044,-1
N_2151,junction,ภาษีเจริญ,100.4354,13.72458,-1
N_2152,junction,สะพานสูง,100.67897,13.75203,-1
N_2153,junction,สะพานสูง,100.69369,13.75486,-1
N_2154,junction,สะพานสูง,100.67937,13.74803,-1
N_2155,junction,สะพานสูง,100.6774,13.74913,-1
N_2156,junction,ประเวศ,100.68379,13.70943,-1
N_2157,junction,ประเวศ,100.68773,13.72398,-1
N_2158,junction,บางขุนเทียน,100.46946,13.60152,-1
N_2159,junction,ตลิ่งชัน,100.45597,13.78092,-1
N_216,junction,บางขุนเทียน,100.47282,13.64597,-1
N_2160,junction,ตลิ่งชัน,100.46603,13.78634,-1
N_2161,junction,ธนบุรี,100.46995,13.71909,-1
N_2162,junction,ธนบุรี,100.47115,13.71848,-1
N_2163,junction,บางกอกน้อย,100.47816,13.74634,-1
N_2164,junction,บางกอกน้อย,100.47777,13.74969,-1
N_2165,junction,บางพลัด,100.49101,13.77384,-1
N_2166,junction,บางพลัด,100.49828,13.77088,-1
N_2167,junction,บางคอแหลม,100.50011,13.68676,-1
N_2168,junction,บางคอแหลม,100.50821,13.69839,-1
N_2169,junction,บางขุนเทียน,100.46949,13.60224,-1
N_217,junction,บางขุนเทียน,100.46665,13.65013,-1
N_2170,junction,บางกอกน้อย,100.45361,13.76899,-1
N_2171,junction,บางกอกน้อย,100.46263,13.76752,-1
N_2172,junction,ภาษีเจริญ,100.43229,13.74041,-1
N_2173,junction,ภาษีเจริญ,100.4316,13.73335,-1
N_2174,junction,บางกอกน้อย,100.46701,13.76984,-1
N_2175,junction,บางกอกน้อย,100.46478,13.76391,-1
N_2176,junction,ดุสิต,100.51572,13.75781,-1
N_2177,junction,ดุสิต,100.5162,13.75897,-1
N_2178,junction,บางกอกน้อย,100.47515,13.74954,-1
N_2179,junction,บางกอกน้อย,100.47451,13.75263,-1
N_218,junction,ลาดกระบัง,100.76914,13.73145,-1
N_2180,junction,ยานนาวา,100.53152,13.68945,-1
N_2181,junction,ยานนาวา,100.52212,13.67869,-1
N_2182,junction,คลองสาน,100.50576,13.7316,-1
N_2183,junction,คลองสาน,100.50993,13.73455,-1
N_2184,junction,พระนคร,100.49968,13.76402,-1
N_2185,junction,พระนคร,100.50229,13.76258,-1
N_2186,junction,บางขุนเทียน,100.47676,13.60356,-1
N_2187,junction,ยานนาวา,100.53878,13.68056,-1
N_2188,junction,ยานนาวา,100.54037,13.66927,-1
N_2189,junction,ยานนาวา,100.53825,13.67501,-1
N_219,junction,ลาดกระบัง,100.79248,13.73138,-1
N_2190,junction,ยานนาวา,100.53659,13.66941,-1
N_2191,junction,บางพลัด,100.48963,13.77027,-1
N_2192,junction,บางพลัด,100.49381,13.76474,-1
N_2193,junction,คลองสาน,100.50792,13.73208,-1
N_2194,junction,คลองสาน,100.51048,13.73384,-1
N_2195,junction,บางกอกใหญ่,100.47584,13.74123,-1
N_2196,junction,บางกอกใหญ่,100.46159,13.74012,-1
N_2197,junction,บางกอกน้อย,100.4903,13.76122,-1
N_2198,junction,บางกอกน้อย,100.48816,13.76474,-1
N_2199,junction,ตลิ่งชัน,100.45773,13.77745,-1
N_22,junction,บางขุนเทียน,100.44505,13.6591,-1
N_220,junction,ลาดกระบัง,100.78348,13.7241,-1
N_2200,junction,ประเวศ,100.66587,13.67693,-1
N_2201,junction,ประเวศ,100.66236,13.67118,-1
N_2202,junction,วังทองหลาง,100.61344,13.75974,-1
N_2203,junction,วังทองหลาง,100.6076,13.78695,-1
N_2204,junction,หนองจอก,100.88802,13.93724,-1
N_2205,junction,หนองจอก,100.89363,13.93815,-1
N_2206,junction,บางกอกน้อย,100.46015,13.75485,-1
N_2207,junction,ตลิ่งชัน,100.46442,13.77894,-1
N_2208,junction,ตลิ่งชัน,100.46319,13.78377,-1
N_2209,junction,บางซื่อ,100.53858,13.83789,-1
N_221,junction,ลาดกระบัง,100.78351,13.72798,-1
N_2210,junction,บางซื่อ,100.52588,13.83705,-1
N_2211,junction,คลองสาน,100.50479,13.73361,-1
N_2212,junction,คลองสาน,100.50812,13.73612,-1
N_2213,junction,ป้อมปราบศัตรูพ่าย,100.5167,13.74748,-1
N_2214,junction,ป้อมปราบศัตรูพ่าย,100.51379,13.74837,-1
N_2215,junction,ยานนาวา,100.53161,13.68572,-1
N_2216,junction,ยานนาวา,100.52344,13.67761,-1
N_2217,junction,บางพลัด,100.49431,13.78,-1
N_2218,junction,บางพลัด,100.49056,13.77916,-1
N_2219,junction,คลองสาน,100.50117,13.72447,-1
N_222,junction,บางกอกน้อย,100.48481,13.7692,-1
N_2220,junction,คลองสาน,100.51273,13.72581,-1
N_2221,junction,บางคอแหลม,100.51391,13.68387,-1
N_2222,junction,บางคอแหลม,100.52158,13.69538,-1
N_2223,junction,บางพลัด,100.50677,13.7875,-1
N_2224,junction,บางพลัด,100.50337,13.79017,-1
N_2225,junction,บางขุนเทียน,100.44697,13.65201,-1
N_2226,junction,บางขุนเทียน,100.45809,13.64861,-1
N_2227,junction,บางกอกใหญ่,100.46344,13.73132,-1
N_2228,junction,บางกอกใหญ่,100.47254,13.73267,-1
N_2229,junction,บางพลัด,100.49315,13.7756,-1
N_223,junction,บางกอกน้อย,100.48034,13.76207,-1
N_2230,junction,บางพลัด,100.49923,13.77326,-1
N_2231,junction,บางพลัด,100.50006,13.77509,-1
N_2232,junction,บางพลัด,100.4951,13.77654,-1
N_2233,junction,ยานนาวา,100.5376,13.68291,-1
N_2234,junction,ยานนาวา,100.53125,13.67156,-1
N_2235,junction,บางพลัด,100.48965,13.77635,-1
N_2236,junction,บางพลัด,100.4889,13.77194,-1
N_2237,junction,คลองสาน,100.49623,13.73405,-1
N_2238,junction,คลองสาน,100.49504,13.73092,-1
N_2239,junction,จอมทอง,100.4774,13.69091,-1
N_224,junction,บางขุนเทียน,100.41151,13.61743,-1
N_2240,junction,จอมทอง,100.48241,13.68346,-1
N_2241,junction,ภาษีเจริญ,100.46908,13.71757,-1
N_2242,junction,ภาษีเจริญ,100.46302,13.72029,-1
N_2243,junction,บางแค,100.38873,13.74058,-1
N_2244,junction,บางขุนเทียน,100.47527,13.60194,-1
N_2245,junction,บางกะปิ,100.6246,13.79518,-1
N_2246,junction,บางกะปิ,100.6224,13.8069,-1
N_2247,junction,บางกอกน้อย,100.47269,13.76889,-1
N_2248,junction,บางกอกน้อย,100.47692,13.77201,-1
N_2249,junction,บางกอกใหญ่,100.47112,13.72264,-1
N_225,junction,บางขุนเทียน,100.41998,13.61927,-1
N_2250,junction,บางกอกใหญ่,100.46875,13.72396,-1
N_2251,junction,ภาษีเจริญ,100.45814,13.71855,-1
N_2252,junction,ภาษีเจริญ,100.45667,13.72356,-1
N_2253,junction,ธนบุรี,100.49205,13.73437,-1
N_2254,junction,ธนบุรี,100.49448,13.74067,-1
N_2255,junction,พระนคร,100.50642,13.75912,-1
N_2256,junction,พระนคร,100.50466,13.75816,-1
N_2257,junction,บางคอแหลม,100.5134,13.71036,-1
N_2258,junction,บางคอแหลม,100.51322,13.70955,-1
N_2259,junction,บางพลัด,100.47249,13.79007,-1
N_226,junction,จอมทอง,100.45454,13.66752,-1
N_2260,junction,บึงกุ่ม,100.65963,13.77248,-1
N_2261,junction,บึงกุ่ม,100.65612,13.77618,-1
N_2262,junction,บางพลัด,100.48515,13.79447,-1
N_2263,junction,บางพลัด,100.48896,13.79471,-1
N_2264,junction,จอมทอง,100.46278,13.71791,-1
N_2265,junction,ภาษีเจริญ,100.46047,13.71939,-1
N_2266,junction,บางกอกน้อย,100.4679,13.75604,-1
N_2267,junction,บางกอกน้อย,100.46626,13.76211,-1
N_2268,junction,บางกอกน้อย,100.45676,13.76013,-1
N_2269,junction,บางกอกน้อย,100.46197,13.76144,-1
N_227,junction,คันนายาว,100.68834,13.78829,-1
N_2270,junction,บางกอกน้อย,100.46217,13.75026,-1
N_2271,junction,สาทร,100.52132,13.71539,-1
N_2272,junction,สาทร,100.5114,13.71754,-1
N_2273,junction,ภาษีเจริญ,100.43771,13.69365,-1
N_2274,junction,ภาษีเจริญ,100.43469,13.69877,-1
N_2275,junction,บางกอกน้อย,100.45417,13.7679,-1
N_2276,junction,บางกอกน้อย,100.45391,13.76656,-1
N_2277,junction,จอมทอง,100.46437,13.67661,-1
N_2278,junction,จอมทอง,100.46899,13.67844,-1
N_2279,junction,บางพลัด,100.47965,13.78521,-1
N_228,junction,คันนายาว,100.66596,13.83748,-1
N_2280,junction,บางพลัด,100.48396,13.78289,-1
N_2281,junction,บางกอกน้อย,100.46907,13.7572,-1
N_2282,junction,บางกอกน้อย,100.4599,13.75534,-1
N_2283,junction,บางกอกน้อย,100.48307,13.75228,-1
N_2284,junction,บางกอกน้อย,100.4876,13.75144,-1
N_2285,junction,บางขุนเทียน,100.40998,13.60396,-1
N_2286,junction,บางขุนเทียน,100.40673,13.60937,-1
N_2287,junction,ธนบุรี,100.48926,13.71128,-1
N_2288,junction,ธนบุรี,100.49034,13.71169,-1
N_2289,junction,บางกอกใหญ่,100.48196,13.74267,-1
N_229,junction,ภาษีเจริญ,100.41691,13.73552,-1
N_2290,junction,บางกอกใหญ่,100.4873,13.73531,-1
N_2291,junction,บางแค,100.38882,13.7437,-1
N_2292,junction,ลาดพร้าว,100.60614,13.83594,-1
N_2293,junction,ลาดพร้าว,100.60641,13.84906,-1
N_2294,junction,บางซื่อ,100.51945,13.83141,-1
N_2295,junction,บางซื่อ,100.52324,13.82529,-1
N_2296,junction,บางกะปิ,100.65117,13.76705,-1
N_2297,junction,บางกะปิ,100.65589,13.76086,-1
N_2298,junction,บางกอกใหญ่,100.48641,13.73282,-1
N_2299,junction,บางกอกใหญ่,100.48547,13.73671,-1
N_23,junction,บางขุนเทียน,100.43347,13.65406,-1
N_230,junction,ภาษีเจริญ,100.42302,13.73177,-1
N_2300,junction,พระนคร,100.49659,13.7656,-1
N_2301,junction,พระนคร,100.49803,13.76477,-1
N_2302,junction,บางบอน,100.44685,13.68252,-1
N_2303,junction,บางขุนเทียน,100.44867,13.68164,-1
N_2304,junction,ป้อมปราบศัตรูพ่าย,100.50996,13.75613,-1
N_2305,junction,ป้อมปราบศัตรูพ่าย,100.50988,13.75497,-1
N_2306,junction,บางกะปิ,100.67153,13.75519,-1
N_2307,junction,บางกะปิ,100.67259,13.74944,-1
N_2308,junction,คลองสาน,100.50525,13.7233,-1
N_2309,junction,คลองสาน,100.51267,13.72342,-1
N_231,junction,จอมทอง,100.45852,13.65878,-1
N_2310,junction,คลองสาน,100.50685,13.72439,-1
N_2311,junction,คลองสาน,100.51273,13.72449,-1
N_2312,junction,บางซื่อ,100.51467,13.82048,-1
N_2313,junction,บางซื่อ,100.52073,13.81996,-1
N_2314,junction,บางกอกใหญ่,100.48756,13.73868,-1
N_2315,junction,บางกอกใหญ่,100.48854,13.73812,-1
N_2316,junction,ภาษีเจริญ,100.46608,13.72137,-1
N_2317,junction,ภาษีเจริญ,100.47025,13.71942,-1
N_2318,junction,บางซื่อ,100.51527,13.82698,-1
N_2319,junction,บางซื่อ,100.52256,13.82315,-1
N_232,junction,ภาษีเจริญ,100.43289,13.70581,-1
N_2320,junction,ธนบุรี,100.47252,13.71211,-1
N_2321,junction,ธนบุรี,100.47613,13.71262,-1
N_2322,junction,หลักสี่,100.59461,13.88762,-1
N_2323,junction,หลักสี่,100.58281,13.89068,-1
N_2324,junction,บางกอกน้อย,100.4682,13.76725,-1
N_2325,junction,บางกอกน้อย,100.47014,13.77684,-1
N_2326,junction,จอมทอง,100.4677,13.71179,-1
N_2327,junction,จอมทอง,100.47156,13.71034,-1
N_2328,junction,บางกอกใหญ่,100.47712,13.74409,-1
N_2329,junction,บางกอกใหญ่,100.48657,13.74437,-1
N_233,junction,ภาษีเจริญ,100.43352,13.70991,-1
N_2330,junction,ตลิ่งชัน,100.45106,13.77195,-1
N_2331,junction,ตลิ่งชัน,100.44995,13.77928,-1
N_2332,junction,ธนบุรี,100.48355,13.72441,-1
N_2333,junction,ธนบุรี,100.48461,13.72273,-1
N_2334,junction,หนองแขม,100.33608,13.67697,-1
N_2335,junction,หนองแขม,100.33129,13.69735,-1
N_2336,junction,สวนหลวง,100.63597,13.71457,-1
N_2337,junction,สวนหลวง,100.63833,13.70741,-1
N_2338,junction,บางกอกใหญ่,100.47824,13.72273,-1
N_2339,junction,บางกอกใหญ่,100.47639,13.7289,-1
N_234,junction,สวนหลวง,100.63599,13.70652,-1
N_2340,junction,ภาษีเจริญ,100.44077,13.72683,-1
N_2341,junction,ภาษีเจริญ,100.43855,13.73411,-1
N_2342,junction,ภาษีเจริญ,100.43827,13.73406,-1
N_2343,junction,ภาษีเจริญ,100.43778,13.74,-1
N_2344,junction,ราษฎร์บูรณะ,100.49898,13.66399,-1
N_2345,junction,ราษฎร์บูรณะ,100.48986,13.66969,-1
N_2346,junction,จอมทอง,100.45849,13.7002,-1
N_2347,junction,จอมทอง,100.46308,13.69765,-1
N_2348,junction,บางขุนเทียน,100.44541,13.6584,-1
N_2349,junction,จอมทอง,100.46441,13.67106,-1
N_235,junction,สวนหลวง,100.63639,13.70462,-1
N_2350,junction,จอมทอง,100.46534,13.65964,-1
N_2351,junction,บางขุนเทียน,100.47093,13.65595,-1
N_2352,junction,บางขุนเทียน,100.45863,13.65258,-1
N_2353,junction,หนองแขม,100.37885,13.69078,-1
N_2354,junction,หนองแขม,100.38292,13.67144,-1
N_2355,junction,บางกอกใหญ่,100.48597,13.74745,-1
N_2356,junction,บางกอกใหญ่,100.48647,13.7461,-1
N_2357,junction,บางขุนเทียน,100.43631,13.56612,-1
N_2358,junction,บางขุนเทียน,100.42348,13.56831,-1
N_2359,junction,หนองจอก,100.89916,13.8579,-1
N_236,junction,บางบอน,100.43871,13.68536,-1
N_2360,junction,หนองจอก,100.89719,13.8497,-1
N_2361,junction,วัฒนา,100.5976,13.72435,-1
N_2362,junction,วัฒนา,100.60517,13.72022,-1
N_2363,junction,ราชเทวี,100.55273,13.75593,-1
N_2364,junction,ราชเทวี,100.55246,13.75529,-1
N_2365,junction,ประเวศ,100.67886,13.71724,-1
N_2366,junction,ประเวศ,100.67148,13.70778,-1
N_2367,junction,หนองแขม,100.38016,13.68344,-1
N_2368,junction,ประเวศ,100.65774,13.71973,-1
N_2369,junction,ประเวศ,100.67783,13.70049,-1
N_237,junction,บางบอน,100.44102,13.68977,-1
N_2370,junction,ธนบุรี,100.46867,13.71294,-1
N_2371,junction,ธนบุรี,100.47241,13.7121,-1
N_2372,junction,ภาษีเจริญ,100.41668,13.7381,-1
N_2373,junction,ภาษีเจริญ,100.41632,13.7357,-1
N_2374,junction,บางขุนเทียน,100.38427,13.58887,-1
N_2375,junction,บางขุนเทียน,100.44866,13.68163,-1
N_2376,junction,ธนบุรี,100.48692,13.73155,-1
N_2377,junction,บางขุนเทียน,100.46952,13.60294,-1
N_2378,junction,คลองสาน,100.50803,13.72943,-1
N_2379,junction,ดุสิต,100.52253,13.77802,-1
N_238,junction,สวนหลวง,100.61379,13.7263,-1
N_2380,junction,ดุสิต,100.52245,13.77238,-1
N_2381,junction,หนองแขม,100.37971,13.68624,-1
N_2382,junction,หนองแขม,100.38253,13.68725,-1
N_2383,junction,บางซื่อ,100.51496,13.81339,-1
N_2384,junction,บางบอน,100.35534,13.64508,-1
N_2385,junction,จตุจักร,100.56862,13.84192,-1
N_2386,junction,จตุจักร,100.57458,13.857,-1
N_2387,junction,ประเวศ,100.7055,13.67882,-1
N_2388,junction,ประเวศ,100.69825,13.6562,-1
N_2389,junction,บางคอแหลม,100.49755,13.69194,-1
N_239,junction,สวนหลวง,100.61265,13.72779,-1
N_2390,junction,บางคอแหลม,100.49575,13.69319,-1
N_2391,junction,ภาษีเจริญ,100.46546,13.72499,-1
N_2392,junction,ภาษีเจริญ,100.46286,13.72722,-1
N_2393,junction,ยานนาวา,100.55253,13.68534,-1
N_2394,junction,ยานนาวา,100.54074,13.68703,-1
N_2395,junction,ภาษีเจริญ,100.43456,13.70961,-1
N_2396,junction,ภาษีเจริญ,100.43394,13.70557,-1
N_2397,junction,บางพลัด,100.51761,13.80649,-1
N_2398,junction,บางพลัด,100.51228,13.80661,-1
N_2399,junction,บางรัก,100.5182,13.73385,-1
N_24,junction,สวนหลวง,100.64213,13.72451,-1
N_240,junction,ภาษีเจริญ,100.42723,13.71503,-1
N_2400,junction,บางรัก,100.51797,13.73391,-1
N_2401,junction,ปทุมวัน,100.52522,13.74925,-1
N_2402,junction,ปทุมวัน,100.52141,13.73598,-1
N_2403,junction,บางขุนเทียน,100.47693,13.6042,-1
N_2404,junction,ตลิ่งชัน,100.46638,13.78945,-1
N_2405,junction,ตลิ่งชัน,100.45239,13.78913,-1
N_2406,junction,ตลิ่งชัน,100.45476,13.79852,-1
N_2407,junction,ตลิ่งชัน,100.45243,13.79563,-1
N_2408,junction,บางพลัด,100.51737,13.80349,-1
N_2409,junction,บางพลัด,100.51472,13.80407,-1
N_241,junction,ภาษีเจริญ,100.42673,13.71241,-1
N_2410,junction,ดุสิต,100.52869,13.79883,-1
N_2411,junction,ดุสิต,100.52667,13.79513,-1
N_2412,junction,บางพลัด,100.49711,13.79601,-1
N_2413,junction,บางพลัด,100.49258,13.79745,-1
N_2414,junction,ภาษีเจริญ,100.45998,13.71345,-1
N_2415,junction,ภาษีเจริญ,100.45803,13.71851,-1
N_2416,junction,บางแค,100.37615,13.74394,-1
N_2417,junction,บางแค,100.37809,13.74467,-1
N_2418,junction,ภาษีเจริญ,100.42835,13.73279,-1
N_2419,junction,ภาษีเจริญ,100.43056,13.72446,-1
N_242,junction,คันนายาว,100.68801,13.83445,-1
N_2420,junction,สวนหลวง,100.61147,13.71556,-1
N_2421,junction,สวนหลวง,100.61126,13.71734,-1
N_2422,junction,บางคอแหลม,100.51134,13.70345,-1
N_2423,junction,บางคอแหลม,100.49826,13.70481,-1
N_2424,junction,จอมทอง,100.44962,13.70543,-1
N_2425,junction,ภาษีเจริญ,100.44784,13.72719,-1
N_2426,junction,ภาษีเจริญ,100.45032,13.72241,-1
N_2427,junction,บางกอกน้อย,100.47472,13.75549,-1
N_2428,junction,บางกอกน้อย,100.47711,13.75385,-1
N_2429,junction,หนองแขม,100.34864,13.68661,-1
N_243,junction,คันนายาว,100.66792,13.8472,-1
N_2430,junction,หนองแขม,100.35066,13.68721,-1
N_2431,junction,สวนหลวง,100.61658,13.70984,-1
N_2432,junction,สวนหลวง,100.64186,13.71399,-1
N_2433,junction,สวนหลวง,100.64154,13.71556,-1
N_2434,junction,พระโขนง,100.61627,13.70147,-1
N_2435,junction,พระโขนง,100.61589,13.70685,-1
N_2436,junction,ภาษีเจริญ,100.44769,13.72177,-1
N_2437,junction,ภาษีเจริญ,100.44985,13.72917,-1
N_2438,junction,ราชเทวี,100.53559,13.74938,-1
N_2439,junction,ราชเทวี,100.53604,13.75157,-1
N_244,junction,ทวีวัฒนา,100.38333,13.77069,-1
N_2440,junction,สายไหม,100.63962,13.93221,-1
N_2441,junction,สายไหม,100.61115,13.89985,-1
N_2442,junction,บางขุนเทียน,100.38883,13.57247,-1
N_2443,junction,บางขุนเทียน,100.38892,13.5907,-1
N_2444,junction,ดอนเมือง,100.59457,13.88758,-1
N_2445,junction,หนองจอก,100.85403,13.82111,-1
N_2446,junction,หนองจอก,100.9075,13.78639,-1
N_2447,junction,บางขุนเทียน,100.44502,13.55027,-1
N_2448,junction,บางขุนเทียน,100.40482,13.53583,-1
N_2449,junction,มีนบุรี,100.7297,13.81119,-1
N_245,junction,ทวีวัฒนา,100.38029,13.80244,-1
N_2450,junction,ลาดกระบัง,100.73909,13.72398,-1
N_2451,junction,คลองสามวา,100.72921,13.86471,-1
N_2452,junction,คลองสามวา,100.78088,13.87091,-1
N_2453,junction,หนองแขม,100.33564,13.71512,-1
N_2454,junction,ลาดพร้าว,100.60153,13.80027,-1
N_2455,junction,ลาดพร้าว,100.61234,13.81182,-1
N_2456,junction,คลองสามวา,100.68017,13.85867,-1
N_2457,junction,บางรัก,100.52735,13.73165,-1
N_2458,junction,บางรัก,100.52824,13.73073,-1
N_2459,junction,บางแค,100.41361,13.74417,-1
N_246,junction,บางแค,100.42073,13.68347,-1
N_2460,junction,บางแค,100.41093,13.74435,-1
N_2461,junction,บางคอแหลม,100.49828,13.695,-1
N_2462,junction,บางคอแหลม,100.49743,13.69364,-1
N_2463,junction,ทุ่งครุ,100.51619,13.64471,-1
N_2464,junction,ทุ่งครุ,100.49292,13.63263,-1
N_2465,junction,จตุจักร,100.57985,13.80182,-1
N_2466,junction,จตุจักร,100.57984,13.80684,-1
N_2467,junction,สวนหลวง,100.60473,13.7376,-1
N_2468,junction,สวนหลวง,100.61047,13.74375,-1
N_2469,junction,บางขุนเทียน,100.43613,13.62307,-1
N_247,junction,บางแค,100.41774,13.68891,-1
N_2470,junction,บางขุนเทียน,100.4106,13.6438,-1
N_2471,junction,สวนหลวง,100.64784,13.71717,-1
N_2472,junction,สวนหลวง,100.64974,13.72887,-1
N_2473,junction,บางพลัด,100.51056,13.79978,-1
N_2474,junction,บางพลัด,100.51499,13.79694,-1
N_2475,junction,สะพานสูง,100.67481,13.78089,-1
N_2476,junction,สะพานสูง,100.68865,13.76052,-1
N_2477,junction,ทุ่งครุ,100.50387,13.64448,-1
N_2478,junction,ทุ่งครุ,100.50649,13.63634,-1
N_2479,junction,ธนบุรี,100.49069,13.72736,-1
N_248,junction,คลองเตย,100.59887,13.70358,-1
N_2480,junction,ธนบุรี,100.49368,13.72865,-1
N_2481,junction,ราชเทวี,100.52106,13.75676,-1
N_2482,junction,ราชเทวี,100.52043,13.75215,-1
N_2483,junction,บางบอน,100.41917,13.67434,-1
N_2484,junction,บางบอน,100.42207,13.66758,-1
N_2485,junction,บางรัก,100.54396,13.72592,-1
N_2486,junction,บางรัก,100.51198,13.71938,-1
N_2487,junction,บางขุนเทียน,100.4445,13.55387,-1
N_2488,junction,บางขุนเทียน,100.41778,13.54018,-1
N_2489,junction,บางแค,100.40021,13.72965,-1
N_249,junction,คลองเตย,100.59798,13.70299,-1
N_2490,junction,บางแค,100.40013,13.72473,-1
N_2491,junction,คลองสาน,100.5034,13.72766,-1
N_2492,junction,คลองสาน,100.51193,13.73066,-1
N_2493,junction,ยานนาวา,100.53808,13.68429,-1
N_2494,junction,ยานนาวา,100.54676,13.67175,-1
N_2495,junction,ภาษีเจริญ,100.43214,13.72439,-1
N_2496,junction,ภาษีเจริญ,100.43185,13.72629,-1
N_2497,junction,สายไหม,100.63538,13.91473,-1
N_2498,junction,สายไหม,100.63703,13.90568,-1
N_2499,junction,คลองสามวา,100.68796,13.87859,-1
N_25,junction,สวนหลวง,100.64382,13.71615,-1
N_250,junction,ทุ่งครุ,100.4814,13.61579,-1
N_2500,junction,คลองสามวา,100.72902,13.87986,-1
N_2501,junction,หนองจอก,100.85609,13.83815,-1
N_2502,junction,หนองจอก,100.85074,13.84149,-1
N_2503,junction,บางแค,100.37091,13.74818,-1
N_2504,junction,บางแค,100.36998,13.74805,-1
N_2505,junction,บางขุนเทียน,100.47676,13.60275,-1
N_2506,junction,บางขุนเทียน,100.45023,13.6177,-1
N_2507,junction,จตุจักร,100.56371,13.81151,-1
N_2508,junction,จตุจักร,100.56102,13.81112,-1
N_2509,junction,คลองสามวา,100.77744,13.88667,-1
N_251,junction,ทุ่งครุ,100.4892,13.61548,-1
N_2510,junction,ราษฎร์บูรณะ,100.48246,13.68986,-1
N_2511,junction,ลาดกระบัง,100.75413,13.72406,-1
N_2512,junction,มีนบุรี,100.75383,13.80048,-1
N_2513,junction,คลองสามวา,100.7296,13.83236,-1
N_2514,junction,คลองสามวา,100.72858,13.91949,-1
N_2515,junction,มีนบุรี,100.72984,13.81126,-1
N_2516,junction,ประเวศ,100.65377,13.66893,-1
N_2517,junction,ประเวศ,100.66678,13.66818,-1
N_2518,junction,ลาดกระบัง,100.7663,13.72413,-1
N_2519,junction,ลาดกระบัง,100.76672,13.71687,-1
N_252,junction,พระนคร,100.49385,13.74108,-1
N_2520,junction,บางเขน,100.6531,13.88633,-1
N_2521,junction,บางเขน,100.62315,13.88299,-1
N_2522,junction,ห้วยขวาง,100.60061,13.74776,-1
N_2523,junction,ธนบุรี,100.4981,13.70473,-1
N_2524,junction,ธนบุรี,100.48154,13.72362,-1
N_2525,junction,บางขุนเทียน,100.42006,13.54505,-1
N_2526,junction,บางขุนเทียน,100.42703,13.54895,-1
N_2527,junction,บางคอแหลม,100.51694,13.70963,-1
N_2528,junction,บางคอแหลม,100.51436,13.70443,-1
N_2529,junction,ดุสิต,100.50581,13.78654,-1
N_253,junction,พระนคร,100.49091,13.76195,-1
N_2530,junction,ดุสิต,100.52785,13.77426,-1
N_2531,junction,ราชเทวี,100.5649,13.75509,-1
N_2532,junction,สวนหลวง,100.63804,13.7223,-1
N_2533,junction,ทุ่งครุ,100.50555,13.62995,-1
N_2534,junction,ทุ่งครุ,100.50817,13.62719,-1
N_2535,junction,วัฒนา,100.5989,13.72843,-1
N_2536,junction,วัฒนา,100.59748,13.72656,-1
N_2537,junction,ทุ่งครุ,100.48297,13.63998,-1
N_2538,junction,ทุ่งครุ,100.47313,13.64331,-1
N_2539,junction,ราษฎร์บูรณะ,100.49502,13.67874,-1
N_254,junction,คันนายาว,100.68132,13.78446,-1
N_2540,junction,ราษฎร์บูรณะ,100.49801,13.6767,-1
N_2541,junction,หนองจอก,100.81403,13.92758,-1
N_2542,junction,หนองจอก,100.83892,13.93238,-1
N_2543,junction,คลองสามวา,100.69135,13.88987,-1
N_2544,junction,คลองสามวา,100.72883,13.89714,-1
N_2545,junction,ลาดพร้าว,100.58925,13.82142,-1
N_2546,junction,ลาดพร้าว,100.6269,13.82213,-1
N_2547,junction,คลองสามวา,100.79233,13.91196,-1
N_2548,junction,บางแค,100.37358,13.74856,-1
N_2549,junction,ลาดกระบัง,100.76922,13.72403,-1
N_255,junction,คันนายาว,100.68028,13.78631,-1
N_2550,junction,ลาดกระบัง,100.76857,13.78196,-1
N_2551,junction,มีนบุรี,100.76148,13.82865,-1
N_2552,junction,หนองแขม,100.33939,13.65496,-1
N_2553,junction,หนองแขม,100.33761,13.67737,-1
N_2554,junction,บางรัก,100.51915,13.71859,-1
N_2555,junction,บางรัก,100.51893,13.71956,-1
N_2556,junction,ธนบุรี,100.48477,13.72579,-1
N_2557,junction,ธนบุรี,100.48836,13.72503,-1
N_2558,junction,บางขุนเทียน,100.47941,13.60736,-1
N_2559,junction,บางขุนเทียน,100.4765,13.6093,-1
N_256,junction,พระโขนง,100.63288,13.70306,-1
N_2560,junction,บางขุนเทียน,100.40659,13.5183,-1
N_2561,junction,บางขุนเทียน,100.41006,13.49309,-1
N_2562,junction,ยานนาวา,100.54505,13.70298,-1
N_2563,junction,ยานนาวา,100.51889,13.68118,-1
N_2564,junction,บางกอกใหญ่,100.47607,13.72586,-1
N_2565,junction,บางกอกใหญ่,100.47571,13.7286,-1
N_2566,junction,ลาดกระบัง,100.76179,13.71688,-1
N_2567,junction,ลาดกระบัง,100.76188,13.72409,-1
N_2568,junction,บางขุนเทียน,100.41996,13.61039,-1
N_2569,junction,บางขุนเทียน,100.41869,13.61271,-1
N_257,junction,พระโขนง,100.64016,13.67798,-1
N_2570,junction,ทวีวัฒนา,100.38457,13.76095,-1
N_2571,junction,ทวีวัฒนา,100.38527,13.76094,-1
N_2572,junction,วัฒนา,100.55005,13.74834,-1
N_2573,junction,บางขุนเทียน,100.47302,13.61529,-1
N_2574,junction,บางขุนเทียน,100.48127,13.61609,-1
N_2575,junction,หนองจอก,100.90226,13.84883,-1
N_2576,junction,ลาดกระบัง,100.77968,13.7169,-1
N_2577,junction,ลาดกระบัง,100.77924,13.72419,-1
N_2578,junction,หนองจอก,100.8551,13.87097,-1
N_2579,junction,หนองจอก,100.82937,13.88916,-1
N_258,junction,บางขุนเทียน,100.41795,13.62517,-1
N_2580,junction,ทวีวัฒนา,100.3616,13.76119,-1
N_2581,junction,ทวีวัฒนา,100.3613,13.75753,-1
N_2582,junction,หนองแขม,100.36629,13.68648,-1
N_2583,junction,หนองแขม,100.37579,13.66829,-1
N_2584,junction,บางขุนเทียน,100.46397,13.6156,-1
N_2585,junction,ปทุมวัน,100.51733,13.75309,-1
N_2586,junction,บางขุนเทียน,100.3941,13.55824,-1
N_2587,junction,บางขุนเทียน,100.37713,13.60656,-1
N_2588,junction,บางขุนเทียน,100.3843,13.58888,-1
N_2589,junction,บางเขน,100.67452,13.88001,-1
N_259,junction,บางขุนเทียน,100.42473,13.61402,-1
N_2590,junction,สายไหม,100.67187,13.90122,-1
N_2591,junction,สายไหม,100.67932,13.90735,-1
N_2592,junction,คันนายาว,100.67533,13.85647,-1
N_2593,junction,คันนายาว,100.65897,13.84847,-1
N_2594,junction,ทวีวัฒนา,100.3604,13.76124,-1
N_2595,junction,ทวีวัฒนา,100.36028,13.76558,-1
N_2596,junction,หนองจอก,100.89842,13.84552,-1
N_2597,junction,หนองจอก,100.89399,13.83485,-1
N_2598,junction,บางแค,100.40341,13.70546,-1
N_2599,junction,บางแค,100.40393,13.69951,-1
N_26,junction,สวนหลวง,100.60105,13.7481,-1
N_260,junction,ดินแดง,100.56408,13.75528,-1
N_2600,junction,หนองจอก,100.89657,13.8158,-1
N_2601,junction,คลองสามวา,100.72938,13.84882,-1
N_2602,junction,คลองสามวา,100.76471,13.86889,-1
N_2603,junction,บางกะปิ,100.64307,13.76449,-1
N_2604,junction,บางกะปิ,100.6438,13.75603,-1
N_2605,junction,บางขุนเทียน,100.47171,13.61582,-1
N_2606,junction,บางขุนเทียน,100.47237,13.61516,-1
N_2607,junction,ประเวศ,100.66963,13.67415,-1
N_2608,junction,ประเวศ,100.65096,13.70284,-1
N_2609,junction,ลาดพร้าว,100.58896,13.8104,-1
N_261,junction,ดินแดง,100.56431,13.756,-1
N_2610,junction,ลาดพร้าว,100.59392,13.81079,-1
N_2611,junction,คลองสาน,100.49577,13.73218,-1
N_2612,junction,สายไหม,100.66379,13.90627,-1
N_2613,junction,สายไหม,100.67109,13.88645,-1
N_2614,junction,ทวีวัฒนา,100.36037,13.76124,-1
N_2615,junction,ทวีวัฒนา,100.36116,13.75752,-1
N_2616,junction,บางขุนเทียน,100.43721,13.56756,-1
N_2617,junction,บางขุนเทียน,100.43422,13.57433,-1
N_2618,junction,สายไหม,100.64929,13.90136,-1
N_2619,junction,ทวีวัฒนา,100.35991,13.76126,-1
N_262,junction,บางนา,100.65377,13.66892,-1
N_2620,junction,ทวีวัฒนา,100.35983,13.76543,-1
N_2621,junction,ลาดกระบัง,100.85517,13.69936,-1
N_2622,junction,ลาดกระบัง,100.87887,13.73782,-1
N_2623,junction,บางเขน,100.64019,13.86978,-1
N_2624,junction,บางเขน,100.65622,13.88142,-1
N_2625,junction,บางแค,100.39489,13.67668,-1
N_2626,junction,บางแค,100.42678,13.69388,-1
N_2627,junction,บางแค,100.3901,13.69171,-1
N_2628,junction,บางแค,100.40151,13.69636,-1
N_2629,junction,บางพลัด,100.4937,13.78937,-1
N_263,junction,สวนหลวง,100.61919,13.71148,-1
N_2630,junction,บางพลัด,100.49254,13.78748,-1
N_2631,junction,สายไหม,100.6311,13.90352,-1
N_2632,junction,สายไหม,100.63308,13.88554,-1
N_2633,junction,บางกอกใหญ่,100.46415,13.73979,-1
N_2634,junction,บางกอกใหญ่,100.46829,13.74035,-1
N_2635,junction,บางพลัด,100.49052,13.78221,-1
N_2636,junction,บางพลัด,100.48804,13.78323,-1
N_2637,junction,บางบอน,100.38835,13.668,-1
N_2638,junction,บางพลัด,100.48235,13.79024,-1
N_2639,junction,บางพลัด,100.48524,13.78883,-1
N_264,junction,สวนหลวง,100.61961,13.71506,-1
N_2640,junction,คลองสามวา,100.70272,13.84491,-1
N_2641,junction,คลองสามวา,100.72939,13.84875,-1
N_2642,junction,คลองสามวา,100.70837,13.91684,-1
N_2643,junction,คลองสามวา,100.69032,13.90121,-1
N_2644,junction,ทุ่งครุ,100.51643,13.61852,-1
N_2645,junction,ทุ่งครุ,100.51094,13.61822,-1
N_2646,junction,ลาดกระบัง,100.72394,13.72401,-1
N_2647,junction,ลาดกระบัง,100.73116,13.77511,-1
N_2648,junction,บางขุนเทียน,100.40484,13.60033,-1
N_2649,junction,บางขุนเทียน,100.4016,13.60871,-1
N_265,junction,หลักสี่,100.57663,13.88847,-1
N_2650,junction,บางคอแหลม,100.49786,13.69518,-1
N_2651,junction,หนองจอก,100.85567,13.8312,-1
N_2652,junction,หนองจอก,100.92251,13.79785,-1
N_2653,junction,บางขุนเทียน,100.40478,13.52951,-1
N_2654,junction,บางขุนเทียน,100.44579,13.54607,-1
N_2655,junction,บางกอกใหญ่,100.4838,13.7354,-1
N_2656,junction,บางกอกใหญ่,100.47677,13.73865,-1
N_2657,junction,สายไหม,100.66498,13.93033,-1
N_2658,junction,สายไหม,100.66012,13.9158,-1
N_2659,junction,สายไหม,100.63126,13.91701,-1
N_266,junction,หลักสี่,100.57671,13.8872,-1
N_2660,junction,สายไหม,100.68678,13.91624,-1
N_2661,junction,สายไหม,100.66117,13.91574,-1
N_2662,junction,สายไหม,100.67033,13.91935,-1
N_2663,junction,บางขุนเทียน,100.47555,13.62066,-1
N_2664,junction,คลองสาน,100.5066,13.73691,-1
N_2665,junction,คลองสาน,100.50477,13.73475,-1
N_2666,junction,คลองสาน,100.50364,13.734,-1
N_2667,junction,ทวีวัฒนา,100.35804,13.76136,-1
N_2668,junction,ทวีวัฒนา,100.35872,13.76569,-1
N_2669,junction,บึงกุ่ม,100.64853,13.83383,-1
N_267,junction,สวนหลวง,100.62713,13.71359,-1
N_2670,junction,คันนายาว,100.69619,13.79271,-1
N_2671,junction,คันนายาว,100.70111,13.80357,-1
N_2672,junction,บางนา,100.61761,13.66645,-1
N_2673,junction,บางนา,100.62225,13.67101,-1
N_2674,junction,บางกะปิ,100.62098,13.76002,-1
N_2675,junction,บางกะปิ,100.62009,13.76187,-1
N_2676,junction,บางนา,100.63195,13.66256,-1
N_2677,junction,บางนา,100.63311,13.67034,-1
N_2678,junction,พระนคร,100.50411,13.74773,-1
N_2679,junction,พระนคร,100.49633,13.74849,-1
N_268,junction,ลาดพร้าว,100.63725,13.84472,-1
N_2680,junction,สะพานสูง,100.69446,13.76982,-1
N_2681,junction,บางขุนเทียน,100.46643,13.61662,-1
N_2682,junction,บางขุนเทียน,100.46902,13.61661,-1
N_2683,junction,ทุ่งครุ,100.4904,13.65017,-1
N_2684,junction,ทุ่งครุ,100.48281,13.63655,-1
N_2685,junction,สายไหม,100.63592,13.90956,-1
N_2686,junction,สายไหม,100.62618,13.9081,-1
N_2687,junction,ราษฎร์บูรณะ,100.49523,13.66856,-1
N_2688,junction,ราษฎร์บูรณะ,100.49451,13.66872,-1
N_2689,junction,ธนบุรี,100.49354,13.7123,-1
N_269,junction,ลาดพร้าว,100.61894,13.84849,-1
N_2690,junction,ธนบุรี,100.49371,13.71079,-1
N_2691,junction,บางแค,100.42127,13.69841,-1
N_2692,junction,บางแค,100.42357,13.69207,-1
N_2693,junction,บางแค,100.4138,13.73086,-1
N_2694,junction,บางแค,100.41281,13.73448,-1
N_2695,junction,บางแค,100.40702,13.73689,-1
N_2696,junction,ลาดกระบัง,100.84268,13.75332,-1
N_2697,junction,ลาดกระบัง,100.86703,13.75177,-1
N_2698,junction,บางพลัด,100.49042,13.76663,-1
N_2699,junction,บางพลัด,100.48992,13.76742,-1
N_27,junction,สวนหลวง,100.64734,13.74263,-1
N_270,junction,บางบอน,100.41971,13.66627,-1
N_2700,junction,ลาดพร้าว,100.58973,13.84383,-1
N_2701,junction,ห้วยขวาง,100.5736,13.77382,-1
N_2702,junction,ห้วยขวาง,100.58141,13.7591,-1
N_2703,junction,ทุ่งครุ,100.50834,13.63258,-1
N_2704,junction,ทุ่งครุ,100.51447,13.63,-1
N_2705,junction,ดินแดง,100.55678,13.76106,-1
N_2706,junction,ดินแดง,100.55493,13.75601,-1
N_2707,junction,ทวีวัฒนา,100.37075,13.76466,-1
N_2708,junction,ทวีวัฒนา,100.37112,13.76469,-1
N_2709,junction,ดินแดง,100.56664,13.79466,-1
N_271,junction,บางบอน,100.42136,13.65979,-1
N_2710,junction,ตลิ่งชัน,100.45374,13.76442,-1
N_2711,junction,ตลิ่งชัน,100.44857,13.76453,-1
N_2712,junction,ราชเทวี,100.55289,13.75279,-1
N_2713,junction,ราชเทวี,100.5537,13.755,-1
N_2714,junction,บางขุนเทียน,100.46879,13.61254,-1
N_2715,junction,หนองจอก,100.81429,13.86762,-1
N_2716,junction,หนองจอก,100.81481,13.85369,-1
N_2717,junction,หนองจอก,100.86892,13.85617,-1
N_2718,junction,หนองจอก,100.86781,13.85197,-1
N_2719,junction,บางขุนเทียน,100.45022,13.62195,-1
N_272,junction,บางพลัด,100.49174,13.76271,-1
N_2720,junction,ลาดกระบัง,100.78994,13.72394,-1
N_2721,junction,ลาดกระบัง,100.78775,13.71685,-1
N_2722,junction,ปทุมวัน,100.53643,13.74962,-1
N_2723,junction,ปทุมวัน,100.53575,13.7455,-1
N_2724,junction,บางคอแหลม,100.5031,13.70079,-1
N_2725,junction,บางคอแหลม,100.50489,13.69734,-1
N_2726,junction,บางกะปิ,100.65592,13.77049,-1
N_2727,junction,บางกะปิ,100.64809,13.74443,-1
N_2728,junction,บางรัก,100.5243,13.73167,-1
N_2729,junction,ยานนาวา,100.55229,13.68308,-1
N_273,junction,บางพลัด,100.49026,13.76438,-1
N_2730,junction,ยานนาวา,100.54167,13.68505,-1
N_2731,junction,ทวีวัฒนา,100.37135,13.7647,-1
N_2732,junction,ทวีวัฒนา,100.36921,13.79014,-1
N_2733,junction,ทวีวัฒนา,100.38252,13.79291,-1
N_2734,junction,บางขุนเทียน,100.41345,13.60608,-1
N_2735,junction,บางขุนเทียน,100.42373,13.59155,-1
N_2736,junction,ปทุมวัน,100.54793,13.73406,-1
N_2737,junction,ปทุมวัน,100.54764,13.73226,-1
N_2738,junction,สวนหลวง,100.62388,13.71473,-1
N_2739,junction,บางกอกใหญ่,100.47707,13.72916,-1
N_274,junction,ทุ่งครุ,100.48916,13.65615,-1
N_2740,junction,บางกอกใหญ่,100.47641,13.73079,-1
N_2741,junction,บางพลัด,100.49159,13.77071,-1
N_2742,junction,บางพลัด,100.49136,13.76968,-1
N_2743,junction,ยานนาวา,100.54603,13.67785,-1
N_2744,junction,ยานนาวา,100.54994,13.67561,-1
N_2745,junction,บางกอกใหญ่,100.46218,13.735,-1
N_2746,junction,บางกอกใหญ่,100.46952,13.73486,-1
N_2747,junction,ทวีวัฒนา,100.3713,13.76767,-1
N_2748,junction,สายไหม,100.62515,13.90665,-1
N_2749,junction,ประเวศ,100.6923,13.67614,-1
N_275,junction,ทุ่งครุ,100.48906,13.65591,-1
N_2750,junction,ประเวศ,100.68808,13.65827,-1
N_2751,junction,ทวีวัฒนา,100.38173,13.76553,-1
N_2752,junction,ทวีวัฒนา,100.3818,13.76808,-1
N_2753,junction,ทวีวัฒนา,100.33854,13.78176,-1
N_2754,junction,ทวีวัฒนา,100.33903,13.78196,-1
N_2755,junction,สายไหม,100.66035,13.9074,-1
N_2756,junction,ประเวศ,100.69596,13.67747,-1
N_2757,junction,ประเวศ,100.70439,13.67236,-1
N_2758,junction,คลองเตย,100.5971,13.71067,-1
N_2759,junction,คลองเตย,100.59719,13.70707,-1
N_276,junction,ประเวศ,100.68721,13.70524,-1
N_2760,junction,สวนหลวง,100.61151,13.72522,-1
N_2761,junction,สวนหลวง,100.62324,13.7203,-1
N_2762,junction,พระนคร,100.49519,13.75662,-1
N_2763,junction,พระนคร,100.50554,13.75378,-1
N_2764,junction,หนองจอก,100.81991,13.80404,-1
N_2765,junction,บางกอกใหญ่,100.48393,13.74341,-1
N_2766,junction,บางกอกใหญ่,100.48533,13.74103,-1
N_2767,junction,บางกอกใหญ่,100.48909,13.73923,-1
N_2768,junction,บางกอกใหญ่,100.48798,13.74067,-1
N_2769,junction,ทุ่งครุ,100.48723,13.63659,-1
N_277,junction,ประเวศ,100.70079,13.72403,-1
N_2770,junction,ทุ่งครุ,100.49484,13.63725,-1
N_2771,junction,ทวีวัฒนา,100.37902,13.76608,-1
N_2772,junction,ทวีวัฒนา,100.37913,13.76828,-1
N_2773,junction,สายไหม,100.63974,13.93728,-1
N_2774,junction,สายไหม,100.63917,13.93731,-1
N_2775,junction,ทวีวัฒนา,100.36903,13.76657,-1
N_2776,junction,บางพลัด,100.48913,13.78976,-1
N_2777,junction,บางพลัด,100.48868,13.78712,-1
N_2778,junction,ปทุมวัน,100.52215,13.73995,-1
N_2779,junction,ปทุมวัน,100.52015,13.73873,-1
N_278,junction,หนองจอก,100.88941,13.9077,-1
N_2780,junction,บางกอกใหญ่,100.48005,13.74104,-1
N_2781,junction,บางกอกใหญ่,100.47982,13.74278,-1
N_2782,junction,ดอนเมือง,100.60647,13.93914,-1
N_2783,junction,ดอนเมือง,100.56759,13.9507,-1
N_2784,junction,ดอนเมือง,100.60352,13.92859,-1
N_2785,junction,ดอนเมือง,100.58533,13.93341,-1
N_2786,junction,ดอนเมือง,100.60059,13.92312,-1
N_2787,junction,ดอนเมือง,100.56676,13.93305,-1
N_2788,junction,ภาษีเจริญ,100.44665,13.72115,-1
N_2789,junction,ภาษีเจริญ,100.44697,13.71662,-1
N_279,junction,หนองจอก,100.86233,13.91174,-1
N_2790,junction,ทวีวัฒนา,100.37079,13.76775,-1
N_2791,junction,ทวีวัฒนา,100.37083,13.76823,-1
N_2792,junction,บางแค,100.40855,13.74852,-1
N_2793,junction,บางแค,100.40875,13.74694,-1
N_2794,junction,บางซื่อ,100.52638,13.79886,-1
N_2795,junction,บางซื่อ,100.52657,13.80198,-1
N_2796,junction,หลักสี่,100.56558,13.85565,-1
N_2797,junction,หลักสี่,100.58466,13.89038,-1
N_2798,junction,บางคอแหลม,100.49163,13.70037,-1
N_2799,junction,บางคอแหลม,100.49886,13.69986,-1
N_28,junction,ลาดกระบัง,100.86076,13.69699,-1
N_280,junction,บางแค,100.41886,13.73128,-1
N_2800,junction,บางคอแหลม,100.49762,13.68768,-1
N_2801,junction,บางคอแหลม,100.50049,13.6935,-1
N_2802,junction,คลองเตย,100.57626,13.71498,-1
N_2803,junction,คลองเตย,100.57628,13.71248,-1
N_2804,junction,สาทร,100.51765,13.71394,-1
N_2805,junction,สาทร,100.51869,13.71286,-1
N_2806,junction,บางซื่อ,100.52349,13.79962,-1
N_2807,junction,บางซื่อ,100.52408,13.80181,-1
N_2808,junction,ดุสิต,100.53238,13.79822,-1
N_2809,junction,ดุสิต,100.53683,13.79735,-1
N_281,junction,บางแค,100.41928,13.72838,-1
N_2810,junction,ทวีวัฒนา,100.35346,13.78228,-1
N_2811,junction,ทวีวัฒนา,100.35442,13.78282,-1
N_2812,junction,บางพลัด,100.50622,13.79673,-1
N_2813,junction,บางพลัด,100.5055,13.79859,-1
N_2814,junction,บางซื่อ,100.52547,13.81732,-1
N_2815,junction,บางซื่อ,100.53161,13.81886,-1
N_2816,junction,ปทุมวัน,100.54554,13.74382,-1
N_2817,junction,ปทุมวัน,100.54398,13.73473,-1
N_2818,junction,วัฒนา,100.57813,13.72859,-1
N_2819,junction,วัฒนา,100.58072,13.7285,-1
N_282,junction,สายไหม,100.68007,13.89882,-1
N_2820,junction,วัฒนา,100.57819,13.73179,-1
N_2821,junction,วัฒนา,100.58109,13.73141,-1
N_2822,junction,บางซื่อ,100.52958,13.80814,-1
N_2823,junction,บางซื่อ,100.52595,13.80824,-1
N_2824,junction,บางซื่อ,100.52957,13.81004,-1
N_2825,junction,บางซื่อ,100.52967,13.80932,-1
N_2826,junction,บางซื่อ,100.53124,13.79836,-1
N_2827,junction,บางซื่อ,100.53154,13.79915,-1
N_2828,junction,บางคอแหลม,100.49963,13.69782,-1
N_2829,junction,บางคอแหลม,100.49865,13.69575,-1
N_283,junction,สายไหม,100.6818,13.89228,-1
N_2830,junction,บางซื่อ,100.52335,13.82345,-1
N_2831,junction,บางขุนเทียน,100.45427,13.63255,-1
N_2832,junction,บางขุนเทียน,100.45443,13.63649,-1
N_2833,junction,บางซื่อ,100.53157,13.79921,-1
N_2834,junction,บางซื่อ,100.53238,13.80351,-1
N_2835,junction,บางคอแหลม,100.50501,13.70062,-1
N_2836,junction,บางคอแหลม,100.5037,13.70225,-1
N_2837,junction,บางคอแหลม,100.49594,13.69808,-1
N_2838,junction,บางคอแหลม,100.49022,13.69682,-1
N_2839,junction,ดุสิต,100.52757,13.78946,-1
N_284,junction,จอมทอง,100.45986,13.65887,-1
N_2840,junction,ดุสิต,100.53275,13.78737,-1
N_2841,junction,บางนา,100.63375,13.66221,-1
N_2842,junction,บางนา,100.63323,13.65977,-1
N_2843,junction,วัฒนา,100.56125,13.74818,-1
N_2844,junction,วัฒนา,100.55985,13.73756,-1
N_2845,junction,บางซื่อ,100.52857,13.79883,-1
N_2846,junction,บางซื่อ,100.52915,13.80027,-1
N_2847,junction,บางซื่อ,100.52978,13.8018,-1
N_2848,junction,บางซื่อ,100.52986,13.80256,-1
N_2849,junction,ปทุมวัน,100.54634,13.74847,-1
N_285,junction,จอมทอง,100.46088,13.65886,-1
N_2850,junction,วัฒนา,100.56717,13.74199,-1
N_2851,junction,วัฒนา,100.56674,13.73968,-1
N_2852,junction,คลองเตย,100.59041,13.70293,-1
N_2853,junction,คลองเตย,100.59804,13.70533,-1
N_2854,junction,บางคอแหลม,100.49913,13.69291,-1
N_2855,junction,บางคอแหลม,100.49701,13.68796,-1
N_2856,junction,บางซื่อ,100.54144,13.81794,-1
N_2857,junction,บางซื่อ,100.5433,13.81833,-1
N_2858,junction,บางคอแหลม,100.51727,13.6969,-1
N_2859,junction,บางคอแหลม,100.51882,13.69896,-1
N_286,junction,ภาษีเจริญ,100.4341,13.72378,-1
N_2860,junction,บางคอแหลม,100.51854,13.69651,-1
N_2861,junction,บางคอแหลม,100.52109,13.69969,-1
N_2862,junction,บางขุนเทียน,100.45854,13.63265,-1
N_2863,junction,บางขุนเทียน,100.45856,13.63596,-1
N_2864,junction,ดุสิต,100.52244,13.77934,-1
N_2865,junction,บางพลัด,100.50219,13.78061,-1
N_2866,junction,บางพลัด,100.4968,13.78296,-1
N_2867,junction,ดุสิต,100.49967,13.77436,-1
N_2868,junction,ดุสิต,100.5039,13.77287,-1
N_2869,junction,บางซื่อ,100.52777,13.79874,-1
N_287,junction,ภาษีเจริญ,100.43252,13.72227,-1
N_2870,junction,บางซื่อ,100.52763,13.80029,-1
N_2871,junction,บางคอแหลม,100.50062,13.69129,-1
N_2872,junction,บางคอแหลม,100.50209,13.69164,-1
N_2873,junction,ทวีวัฒนา,100.37067,13.76778,-1
N_2874,junction,บางคอแหลม,100.49021,13.69471,-1
N_2875,junction,บางคอแหลม,100.49634,13.69767,-1
N_2876,junction,บางซื่อ,100.53127,13.81132,-1
N_2877,junction,บางคอแหลม,100.50158,13.69076,-1
N_2878,junction,บางคอแหลม,100.49825,13.69233,-1
N_2879,junction,บางคอแหลม,100.49533,13.69243,-1
N_288,junction,สายไหม,100.67046,13.90056,-1
N_2880,junction,บางคอแหลม,100.49674,13.69125,-1
N_2881,junction,บางคอแหลม,100.51363,13.69459,-1
N_2882,junction,บางคอแหลม,100.5118,13.69171,-1
N_2883,junction,บางพลัด,100.47737,13.78174,-1
N_2884,junction,บางพลัด,100.4755,13.78358,-1
N_2885,junction,บางพลัด,100.48275,13.79105,-1
N_2886,junction,บางพลัด,100.48624,13.78948,-1
N_2887,junction,บางคอแหลม,100.51888,13.69041,-1
N_2888,junction,บางคอแหลม,100.51788,13.69092,-1
N_2889,junction,บางคอแหลม,100.50807,13.70237,-1
N_289,junction,สายไหม,100.69041,13.90062,-1
N_2890,junction,บางคอแหลม,100.50397,13.70023,-1
N_2891,junction,บางซื่อ,100.52692,13.82829,-1
N_2892,junction,บางซื่อ,100.52146,13.83312,-1
N_2893,junction,บางคอแหลม,100.49948,13.69547,-1
N_2894,junction,บางคอแหลม,100.50244,13.69825,-1
N_2895,junction,บางแค,100.37528,13.74911,-1
N_2896,junction,บางแค,100.37359,13.74854,-1
N_2897,junction,บางคอแหลม,100.50303,13.6861,-1
N_2898,junction,บางคอแหลม,100.50735,13.69462,-1
N_2899,junction,สาทร,100.51485,13.70535,-1
N_29,junction,ลาดกระบัง,100.85938,13.68973,-1
N_290,junction,จอมทอง,100.45987,13.65883,-1
N_2900,junction,สาทร,100.51605,13.70503,-1
N_2901,junction,ดุสิต,100.51597,13.7664,-1
N_2902,junction,บางซื่อ,100.52828,13.81588,-1
N_2903,junction,บางซื่อ,100.52612,13.81536,-1
N_2904,junction,บางขุนเทียน,100.4625,13.6336,-1
N_2905,junction,บางขุนเทียน,100.4667,13.63854,-1
N_2906,junction,สาทร,100.51982,13.71379,-1
N_2907,junction,สาทร,100.5166,13.71626,-1
N_2908,junction,สวนหลวง,100.64006,13.70508,-1
N_2909,junction,สวนหลวง,100.64253,13.70799,-1
N_291,junction,วังทองหลาง,100.63047,13.76308,-1
N_2910,junction,คลองสาน,100.49791,13.72987,-1
N_2911,junction,คลองสาน,100.50139,13.73243,-1
N_2912,junction,ดุสิต,100.52968,13.7933,-1
N_2913,junction,ดุสิต,100.53462,13.79237,-1
N_2914,junction,บางคอแหลม,100.50221,13.69198,-1
N_2915,junction,บางคอแหลม,100.5041,13.69131,-1
N_2916,junction,ทวีวัฒนา,100.37029,13.76788,-1
N_2917,junction,ทวีวัฒนา,100.3709,13.76952,-1
N_2918,junction,ดินแดง,100.54857,13.76403,-1
N_2919,junction,สาทร,100.5204,13.71374,-1
N_292,junction,วังทองหลาง,100.62364,13.80017,-1
N_2920,junction,สาทร,100.52757,13.71402,-1
N_2921,junction,สาทร,100.53249,13.71745,-1
N_2922,junction,สาทร,100.53765,13.71978,-1
N_2923,junction,ปทุมวัน,100.54077,13.74926,-1
N_2924,junction,ปทุมวัน,100.54002,13.74472,-1
N_2925,junction,ทวีวัฒนา,100.36953,13.76804,-1
N_2926,junction,ทวีวัฒนา,100.36961,13.76931,-1
N_2927,junction,ทวีวัฒนา,100.36919,13.7681,-1
N_2928,junction,ทวีวัฒนา,100.36916,13.76768,-1
N_2929,junction,ดุสิต,100.52438,13.79046,-1
N_293,junction,บางกะปิ,100.62441,13.81732,-1
N_2930,junction,บางซื่อ,100.52573,13.81631,-1
N_2931,junction,บางซื่อ,100.529,13.81717,-1
N_2932,junction,บางรัก,100.53169,13.72644,-1
N_2933,junction,บางรัก,100.52864,13.72516,-1
N_2934,junction,สายไหม,100.6341,13.93332,-1
N_2935,junction,สายไหม,100.63843,13.93386,-1
N_2936,junction,คลองสาน,100.5041,13.71987,-1
N_2937,junction,คลองสาน,100.50215,13.7168,-1
N_2938,junction,ทวีวัฒนา,100.36554,13.76817,-1
N_2939,junction,ทวีวัฒนา,100.36553,13.76862,-1
N_294,junction,ธนบุรี,100.48999,13.73552,-1
N_2940,junction,จตุจักร,100.56633,13.85573,-1
N_2941,junction,ทวีวัฒนา,100.3683,13.76824,-1
N_2942,junction,ทวีวัฒนา,100.36835,13.7688,-1
N_2943,junction,จตุจักร,100.58846,13.81257,-1
N_2944,junction,จตุจักร,100.58728,13.81301,-1
N_2945,junction,ดอนเมือง,100.59469,13.90827,-1
N_2946,junction,จตุจักร,100.57568,13.80138,-1
N_2947,junction,จตุจักร,100.57557,13.80484,-1
N_2948,junction,บางนา,100.62771,13.65652,-1
N_2949,junction,บางนา,100.62756,13.66386,-1
N_295,junction,ธนบุรี,100.48962,13.73694,-1
N_2950,junction,บางรัก,100.52367,13.72394,-1
N_2951,junction,บางรัก,100.52507,13.72036,-1
N_2952,junction,พญาไท,100.56084,13.79503,-1
N_2953,junction,พญาไท,100.54754,13.76418,-1
N_2954,junction,ตลิ่งชัน,100.44895,13.76678,-1
N_2955,junction,จตุจักร,100.56726,13.8111,-1
N_2956,junction,ทวีวัฒนา,100.37112,13.76823,-1
N_2957,junction,ทวีวัฒนา,100.37112,13.7677,-1
N_2958,junction,จตุจักร,100.58433,13.83473,-1
N_2959,junction,จตุจักร,100.59049,13.83496,-1
N_296,junction,บางเขน,100.64024,13.85874,-1
N_2960,junction,บางขุนเทียน,100.45994,13.63583,-1
N_2961,junction,บางขุนเทียน,100.45991,13.63456,-1
N_2962,junction,จตุจักร,100.59097,13.83802,-1
N_2963,junction,จตุจักร,100.58664,13.8382,-1
N_2964,junction,จตุจักร,100.58907,13.82427,-1
N_2965,junction,จตุจักร,100.58294,13.82355,-1
N_2966,junction,บางนา,100.60418,13.68097,-1
N_2967,junction,บางนา,100.60505,13.67764,-1
N_2968,junction,จตุจักร,100.58713,13.82133,-1
N_2969,junction,จตุจักร,100.58924,13.82118,-1
N_297,junction,บางเขน,100.65835,13.85231,-1
N_2970,junction,บางนา,100.63797,13.66757,-1
N_2971,junction,บางนา,100.64388,13.66741,-1
N_2972,junction,บางรัก,100.52499,13.73102,-1
N_2973,junction,บางรัก,100.52399,13.7306,-1
N_2974,junction,ตลิ่งชัน,100.44619,13.74069,-1
N_2975,junction,ตลิ่งชัน,100.4475,13.74456,-1
N_2976,junction,ตลิ่งชัน,100.45221,13.75169,-1
N_2977,junction,ตลิ่งชัน,100.45086,13.75872,-1
N_2978,junction,ทวีวัฒนา,100.3674,13.76845,-1
N_2979,junction,ทวีวัฒนา,100.36727,13.76712,-1
N_298,junction,ธนบุรี,100.48168,13.71212,-1
N_2980,junction,ตลิ่งชัน,100.42277,13.75307,-1
N_2981,junction,ตลิ่งชัน,100.42025,13.74507,-1
N_2982,junction,บางขุนเทียน,100.44907,13.6488,-1
N_2983,junction,บางขุนเทียน,100.45544,13.64889,-1
N_2984,junction,ตลิ่งชัน,100.45646,13.75584,-1
N_2985,junction,ตลิ่งชัน,100.45761,13.75147,-1
N_2986,junction,ตลิ่งชัน,100.41857,13.79114,-1
N_2987,junction,ตลิ่งชัน,100.42047,13.7916,-1
N_2988,junction,ตลิ่งชัน,100.44365,13.78977,-1
N_2989,junction,ตลิ่งชัน,100.44375,13.78728,-1
N_299,junction,ธนบุรี,100.4867,13.71458,-1
N_2990,junction,ทวีวัฒนา,100.36692,13.76854,-1
N_2991,junction,ทวีวัฒนา,100.36688,13.76745,-1
N_2992,junction,ตลิ่งชัน,100.45404,13.763,-1
N_2993,junction,ตลิ่งชัน,100.45083,13.76246,-1
N_2994,junction,ตลิ่งชัน,100.42407,13.75282,-1
N_2995,junction,ตลิ่งชัน,100.42469,13.75764,-1
N_2996,junction,ตลิ่งชัน,100.4187,13.7461,-1
N_2997,junction,ตลิ่งชัน,100.4201,13.75069,-1
N_2998,junction,ตลิ่งชัน,100.44607,13.74986,-1
N_2999,junction,ตลิ่งชัน,100.44531,13.74604,-1
N_3,junction,บางซื่อ,100.53036,13.80509,-1
N_30,junction,หนองแขม,100.3648,13.72631,-1
N_300,junction,สวนหลวง,100.63459,13.71481,-1
N_3000,junction,ตลิ่งชัน,100.43995,13.76436,-1
N_3001,junction,ตลิ่งชัน,100.43773,13.7688,-1
N_3002,junction,ตลิ่งชัน,100.42044,13.74574,-1
N_3003,junction,ตลิ่งชัน,100.44393,13.74699,-1
N_3004,junction,ตลิ่งชัน,100.44428,13.74941,-1
N_3005,junction,ตลิ่งชัน,100.43188,13.76481,-1
N_3006,junction,ตลิ่งชัน,100.43456,13.76423,-1
N_3007,junction,ตลิ่งชัน,100.438,13.74002,-1
N_3008,junction,ตลิ่งชัน,100.43913,13.74403,-1
N_3009,junction,ตลิ่งชัน,100.4272,13.74737,-1
N_301,junction,สวนหลวง,100.63155,13.72743,-1
N_3010,junction,ตลิ่งชัน,100.42126,13.74914,-1
N_3011,junction,ตลิ่งชัน,100.42933,13.75733,-1
N_3012,junction,ตลิ่งชัน,100.428,13.74985,-1
N_3013,junction,ตลิ่งชัน,100.43588,13.75686,-1
N_3014,junction,ตลิ่งชัน,100.4343,13.76114,-1
N_3015,junction,ตลิ่งชัน,100.41772,13.74671,-1
N_3016,junction,ตลิ่งชัน,100.41853,13.74942,-1
N_3017,junction,ตลิ่งชัน,100.42141,13.75014,-1
N_3018,junction,ตลิ่งชัน,100.42058,13.75396,-1
N_3019,junction,ตลิ่งชัน,100.41647,13.75824,-1
N_302,junction,บางกะปิ,100.62121,13.81239,-1
N_3020,junction,ตลิ่งชัน,100.41667,13.76026,-1
N_3021,junction,ตลิ่งชัน,100.42015,13.75425,-1
N_3022,junction,ตลิ่งชัน,100.41721,13.75809,-1
N_3023,junction,ตลิ่งชัน,100.4173,13.7602,-1
N_3024,junction,ตลิ่งชัน,100.41407,13.75334,-1
N_3025,junction,ตลิ่งชัน,100.4192,13.75134,-1
N_3026,junction,ตลิ่งชัน,100.41577,13.7641,-1
N_3027,junction,ตลิ่งชัน,100.41805,13.76384,-1
N_3028,junction,ตลิ่งชัน,100.45947,13.756,-1
N_3029,junction,ตลิ่งชัน,100.45675,13.7546,-1
N_303,junction,บางกะปิ,100.62695,13.80077,-1
N_3030,junction,ตลิ่งชัน,100.44549,13.77284,-1
N_3031,junction,ตลิ่งชัน,100.44366,13.77997,-1
N_3032,junction,ตลิ่งชัน,100.44576,13.77729,-1
N_3033,junction,ตลิ่งชัน,100.44426,13.77676,-1
N_3034,junction,ตลิ่งชัน,100.45215,13.7832,-1
N_3035,junction,ตลิ่งชัน,100.45171,13.78612,-1
N_3036,junction,ตลิ่งชัน,100.4369,13.73997,-1
N_3037,junction,ตลิ่งชัน,100.43832,13.74725,-1
N_3038,junction,ตลิ่งชัน,100.44523,13.75215,-1
N_3039,junction,ตลิ่งชัน,100.44488,13.75676,-1
N_304,junction,บางกะปิ,100.63927,13.80402,-1
N_3040,junction,ตลิ่งชัน,100.45341,13.76686,-1
N_3041,junction,ตลิ่งชัน,100.44768,13.76688,-1
N_3042,junction,ตลิ่งชัน,100.41403,13.75297,-1
N_3043,junction,ตลิ่งชัน,100.41026,13.75401,-1
N_3044,junction,ตลิ่งชัน,100.42924,13.7422,-1
N_3045,junction,ตลิ่งชัน,100.42982,13.74595,-1
N_3046,junction,ตลิ่งชัน,100.42084,13.75789,-1
N_3047,junction,ตลิ่งชัน,100.421,13.76198,-1
N_3048,junction,ตลิ่งชัน,100.45418,13.7807,-1
N_3049,junction,ตลิ่งชัน,100.44896,13.7805,-1
N_305,junction,ลาดพร้าว,100.62442,13.81731,-1
N_3050,junction,ตลิ่งชัน,100.43758,13.73998,-1
N_3051,junction,ตลิ่งชัน,100.43867,13.74416,-1
N_3052,junction,ตลิ่งชัน,100.45709,13.74394,-1
N_3053,junction,ตลิ่งชัน,100.45608,13.74703,-1
N_3054,junction,ตลิ่งชัน,100.44915,13.76675,-1
N_3055,junction,ตลิ่งชัน,100.44958,13.77201,-1
N_3056,junction,ตลิ่งชัน,100.4386,13.74003,-1
N_3057,junction,ตลิ่งชัน,100.43965,13.74396,-1
N_3058,junction,ตลิ่งชัน,100.4554,13.7433,-1
N_3059,junction,ตลิ่งชัน,100.45419,13.74821,-1
N_306,junction,บางกอกน้อย,100.46232,13.7728,-1
N_3060,junction,ตลิ่งชัน,100.44483,13.76498,-1
N_3061,junction,ตลิ่งชัน,100.43301,13.74028,-1
N_3062,junction,ตลิ่งชัน,100.43322,13.74124,-1
N_3063,junction,ตลิ่งชัน,100.45195,13.74369,-1
N_3064,junction,ตลิ่งชัน,100.45191,13.747,-1
N_3065,junction,ตลิ่งชัน,100.44829,13.75932,-1
N_3066,junction,ตลิ่งชัน,100.44872,13.75827,-1
N_3067,junction,บางขุนเทียน,100.45795,13.63602,-1
N_3068,junction,ตลิ่งชัน,100.42566,13.74282,-1
N_3069,junction,ตลิ่งชัน,100.42658,13.74757,-1
N_307,junction,บางกอกน้อย,100.45768,13.77743,-1
N_3070,junction,ตลิ่งชัน,100.44961,13.74767,-1
N_3071,junction,ตลิ่งชัน,100.44954,13.74412,-1
N_3072,junction,ทวีวัฒนา,100.37515,13.76933,-1
N_3073,junction,ทวีวัฒนา,100.37249,13.77032,-1
N_3074,junction,ตลิ่งชัน,100.4485,13.74428,-1
N_3075,junction,ตลิ่งชัน,100.44078,13.76417,-1
N_3076,junction,ตลิ่งชัน,100.42269,13.7439,-1
N_3077,junction,ตลิ่งชัน,100.4237,13.74841,-1
N_3078,junction,ตลิ่งชัน,100.44616,13.74738,-1
N_3079,junction,ตลิ่งชัน,100.44577,13.74509,-1
N_308,junction,จอมทอง,100.4546,13.65915,-1
N_3080,junction,ตลิ่งชัน,100.44041,13.76586,-1
N_3081,junction,ภาษีเจริญ,100.43765,13.7219,-1
N_3082,junction,ภาษีเจริญ,100.43896,13.72366,-1
N_3083,junction,ภาษีเจริญ,100.43847,13.72389,-1
N_3084,junction,ภาษีเจริญ,100.43714,13.72229,-1
N_3085,junction,ภาษีเจริญ,100.45294,13.73669,-1
N_3086,junction,ภาษีเจริญ,100.45275,13.7359,-1
N_3087,junction,ตลิ่งชัน,100.4211,13.75359,-1
N_3088,junction,ตลิ่งชัน,100.41973,13.75086,-1
N_3089,junction,จอมทอง,100.4696,13.66996,-1
N_309,junction,บางขุนเทียน,100.45144,13.61162,-1
N_3090,junction,จอมทอง,100.46776,13.66951,-1
N_3091,junction,บางแค,100.41071,13.70675,-1
N_3092,junction,บางแค,100.41266,13.70712,-1
N_3093,junction,บางแค,100.38205,13.69904,-1
N_3094,junction,บางแค,100.38367,13.69422,-1
N_3095,junction,จอมทอง,100.4593,13.6784,-1
N_3096,junction,จอมทอง,100.45967,13.67511,-1
N_3097,junction,บางแค,100.40724,13.71639,-1
N_3098,junction,บางแค,100.40721,13.71269,-1
N_3099,junction,คลองสาน,100.51229,13.72929,-1
N_31,junction,หนองแขม,100.34032,13.71939,-1
N_310,junction,บางขุนเทียน,100.44875,13.62955,-1
N_3100,junction,คลองสาน,100.509,13.72849,-1
N_3101,junction,บางแค,100.41087,13.7306,-1
N_3102,junction,บางแค,100.41218,13.73071,-1
N_3103,junction,บางแค,100.37869,13.69839,-1
N_3104,junction,บางแค,100.38075,13.69398,-1
N_3105,junction,บางแค,100.41385,13.71105,-1
N_3106,junction,บางแค,100.41437,13.70734,-1
N_3107,junction,ทุ่งครุ,100.48242,13.65925,-1
N_3108,junction,ภาษีเจริญ,100.43144,13.70914,-1
N_3109,junction,ภาษีเจริญ,100.4317,13.7125,-1
N_311,junction,ธนบุรี,100.48055,13.71545,-1
N_3110,junction,บางแค,100.41928,13.6974,-1
N_3111,junction,บางแค,100.42191,13.69115,-1
N_3112,junction,คลองสาน,100.50829,13.72816,-1
N_3113,junction,คลองสาน,100.50794,13.72799,-1
N_3114,junction,คลองสาน,100.4967,13.72239,-1
N_3115,junction,คลองสาน,100.49828,13.72271,-1
N_3116,junction,จอมทอง,100.46625,13.70734,-1
N_3117,junction,จอมทอง,100.46835,13.70629,-1
N_3118,junction,บางแค,100.41658,13.70765,-1
N_3119,junction,บางแค,100.41626,13.71115,-1
N_312,junction,ธนบุรี,100.48491,13.71764,-1
N_3120,junction,บางแค,100.41281,13.6941,-1
N_3121,junction,บางแค,100.41411,13.69088,-1
N_3122,junction,ภาษีเจริญ,100.43002,13.70866,-1
N_3123,junction,ภาษีเจริญ,100.43071,13.70628,-1
N_3124,junction,บางแค,100.37559,13.74974,-1
N_3125,junction,ภาษีเจริญ,100.444,13.71355,-1
N_3126,junction,ภาษีเจริญ,100.44151,13.70874,-1
N_3127,junction,บางแค,100.41739,13.6887,-1
N_3128,junction,บางแค,100.41685,13.68997,-1
N_3129,junction,บางพลัด,100.49438,13.7803,-1
N_313,junction,ธนบุรี,100.48389,13.7193,-1
N_3130,junction,บางพลัด,100.49076,13.78207,-1
N_3131,junction,บางกอกใหญ่,100.48359,13.73344,-1
N_3132,junction,บางกอกใหญ่,100.48617,13.73118,-1
N_3133,junction,บางแค,100.40949,13.73047,-1
N_3134,junction,บางแค,100.40918,13.73207,-1
N_3135,junction,บางขุนเทียน,100.45862,13.63667,-1
N_3136,junction,บางแค,100.41105,13.69316,-1
N_3137,junction,บางแค,100.41211,13.6897,-1
N_3138,junction,จอมทอง,100.45397,13.70946,-1
N_3139,junction,จอมทอง,100.45096,13.70486,-1
N_314,junction,ธนบุรี,100.47989,13.7175,-1
N_3140,junction,จอมทอง,100.45511,13.70879,-1
N_3141,junction,จอมทอง,100.45227,13.70441,-1
N_3142,junction,บางแค,100.40923,13.71624,-1
N_3143,junction,บางแค,100.4084,13.72092,-1
N_3144,junction,บางแค,100.41678,13.72182,-1
N_3145,junction,บางแค,100.41297,13.72221,-1
N_3146,junction,บางแค,100.41651,13.69597,-1
N_3147,junction,บางแค,100.41978,13.6939,-1
N_3148,junction,บางขุนเทียน,100.4466,13.64962,-1
N_3149,junction,บางขุนเทียน,100.45544,13.64941,-1
N_315,junction,สวนหลวง,100.63651,13.70662,-1
N_3150,junction,บางกอกใหญ่,100.47258,13.7226,-1
N_3151,junction,บางกอกใหญ่,100.47315,13.72365,-1
N_3152,junction,ภาษีเจริญ,100.44293,13.7197,-1
N_3153,junction,ภาษีเจริญ,100.44267,13.71952,-1
N_3154,junction,คลองสาน,100.50619,13.718,-1
N_3155,junction,คลองสาน,100.50749,13.71745,-1
N_3156,junction,ภาษีเจริญ,100.44226,13.71573,-1
N_3157,junction,ภาษีเจริญ,100.44132,13.7182,-1
N_3158,junction,ภาษีเจริญ,100.42849,13.70897,-1
N_3159,junction,ภาษีเจริญ,100.43006,13.70918,-1
N_316,junction,สวนหลวง,100.63696,13.7045,-1
N_3160,junction,บางแค,100.39887,13.68691,-1
N_3161,junction,บางแค,100.39964,13.68731,-1
N_3162,junction,บางแค,100.3812,13.7399,-1
N_3163,junction,บางแค,100.38134,13.73741,-1
N_3164,junction,ภาษีเจริญ,100.43294,13.70172,-1
N_3165,junction,ภาษีเจริญ,100.43129,13.70075,-1
N_3166,junction,ภาษีเจริญ,100.43189,13.70113,-1
N_3167,junction,ภาษีเจริญ,100.43139,13.70206,-1
N_3168,junction,ภาษีเจริญ,100.43173,13.70372,-1
N_3169,junction,ภาษีเจริญ,100.42835,13.70198,-1
N_317,junction,สายไหม,100.68695,13.89808,-1
N_3170,junction,ราษฎร์บูรณะ,100.50758,13.6703,-1
N_3171,junction,ราษฎร์บูรณะ,100.50654,13.66799,-1
N_3172,junction,บางแค,100.37513,13.74984,-1
N_3173,junction,จอมทอง,100.48622,13.68067,-1
N_3174,junction,จอมทอง,100.48731,13.68254,-1
N_3175,junction,ราษฎร์บูรณะ,100.50974,13.6647,-1
N_3176,junction,ราษฎร์บูรณะ,100.50708,13.66596,-1
N_3177,junction,จอมทอง,100.48528,13.68422,-1
N_3178,junction,จอมทอง,100.48459,13.68657,-1
N_3179,junction,บางแค,100.40537,13.73006,-1
N_318,junction,สายไหม,100.68466,13.89207,-1
N_3180,junction,บางแค,100.4055,13.72875,-1
N_3181,junction,บางกอกใหญ่,100.46643,13.72628,-1
N_3182,junction,บางกอกใหญ่,100.46778,13.72728,-1
N_3183,junction,บางแค,100.39054,13.68895,-1
N_3184,junction,บางแค,100.39187,13.69236,-1
N_3185,junction,บางแค,100.38361,13.6947,-1
N_3186,junction,บางแค,100.38711,13.69524,-1
N_3187,junction,ภาษีเจริญ,100.46172,13.74316,-1
N_3188,junction,ภาษีเจริญ,100.45982,13.74263,-1
N_3189,junction,ทุ่งครุ,100.506,13.6591,-1
N_319,junction,บางกะปิ,100.63577,13.75006,-1
N_3190,junction,ทุ่งครุ,100.50867,13.65748,-1
N_3191,junction,ราษฎร์บูรณะ,100.50352,13.66225,-1
N_3192,junction,ราษฎร์บูรณะ,100.50278,13.6606,-1
N_3193,junction,บางรัก,100.51966,13.72512,-1
N_3194,junction,บางรัก,100.5197,13.72478,-1
N_3195,junction,จอมทอง,100.47033,13.67089,-1
N_3196,junction,จอมทอง,100.47166,13.66745,-1
N_3197,junction,ภาษีเจริญ,100.45967,13.72586,-1
N_3198,junction,ภาษีเจริญ,100.46132,13.72433,-1
N_3199,junction,ภาษีเจริญ,100.4514,13.723,-1
N_32,junction,บางขุนเทียน,100.43639,13.55531,-1
N_320,junction,บางกะปิ,100.63263,13.76331,-1
N_3200,junction,ภาษีเจริญ,100.45152,13.71762,-1
N_3201,junction,ภาษีเจริญ,100.44913,13.72248,-1
N_3202,junction,ภาษีเจริญ,100.44979,13.71712,-1
N_3203,junction,ภาษีเจริญ,100.4394,13.71685,-1
N_3204,junction,ภาษีเจริญ,100.43647,13.71978,-1
N_3205,junction,บางกอกใหญ่,100.46173,13.74325,-1
N_3206,junction,บางกอกใหญ่,100.46307,13.74321,-1
N_3207,junction,บางกอกใหญ่,100.47935,13.7295,-1
N_3208,junction,บางกอกใหญ่,100.48029,13.73087,-1
N_3209,junction,บางแค,100.37577,13.75341,-1
N_321,junction,บางกะปิ,100.6231,13.76226,-1
N_3210,junction,บางกอกใหญ่,100.46274,13.73262,-1
N_3211,junction,บางกอกใหญ่,100.46747,13.73339,-1
N_3212,junction,คลองสาน,100.51118,13.73254,-1
N_3213,junction,คลองสาน,100.5089,13.73163,-1
N_3214,junction,ราษฎร์บูรณะ,100.48527,13.66315,-1
N_3215,junction,ราษฎร์บูรณะ,100.51606,13.66659,-1
N_3216,junction,ราษฎร์บูรณะ,100.5176,13.66718,-1
N_3217,junction,ราษฎร์บูรณะ,100.50196,13.67128,-1
N_3218,junction,ราษฎร์บูรณะ,100.49774,13.67279,-1
N_3219,junction,ราษฎร์บูรณะ,100.4902,13.68788,-1
N_322,junction,บางกะปิ,100.62417,13.7604,-1
N_3220,junction,ราษฎร์บูรณะ,100.48782,13.68871,-1
N_3221,junction,ราษฎร์บูรณะ,100.50301,13.67421,-1
N_3222,junction,ราษฎร์บูรณะ,100.5008,13.67512,-1
N_3223,junction,บางคอแหลม,100.51373,13.68814,-1
N_3224,junction,บางคอแหลม,100.51213,13.68456,-1
N_3225,junction,ภาษีเจริญ,100.43046,13.70879,-1
N_3226,junction,ภาษีเจริญ,100.4309,13.71242,-1
N_3227,junction,ราษฎร์บูรณะ,100.51382,13.66249,-1
N_3228,junction,ราษฎร์บูรณะ,100.51398,13.66182,-1
N_3229,junction,บางกอกน้อย,100.45425,13.76264,-1
N_323,junction,บางกะปิ,100.64091,13.76425,-1
N_3230,junction,บางกอกน้อย,100.45901,13.7638,-1
N_3231,junction,คลองสาน,100.49595,13.72846,-1
N_3232,junction,คลองสาน,100.49767,13.72971,-1
N_3233,junction,จอมทอง,100.45963,13.70635,-1
N_3234,junction,จอมทอง,100.45912,13.70676,-1
N_3235,junction,จอมทอง,100.45637,13.70281,-1
N_3236,junction,บางแค,100.40807,13.72412,-1
N_3237,junction,บางแค,100.40735,13.73029,-1
N_3238,junction,ภาษีเจริญ,100.44217,13.71577,-1
N_3239,junction,ภาษีเจริญ,100.44024,13.71226,-1
N_324,junction,บางกะปิ,100.64176,13.75262,-1
N_3240,junction,บางกะปิ,100.63274,13.7711,-1
N_3241,junction,บางกะปิ,100.63498,13.77163,-1
N_3242,junction,บางกอกใหญ่,100.48407,13.73481,-1
N_3243,junction,บางกอกใหญ่,100.47963,13.73462,-1
N_3244,junction,บางแค,100.39498,13.69635,-1
N_3245,junction,บางแค,100.39586,13.69409,-1
N_3246,junction,บางแค,100.41481,13.71952,-1
N_3247,junction,บางแค,100.41625,13.71962,-1
N_3248,junction,บางแค,100.38295,13.69349,-1
N_3249,junction,บางแค,100.38094,13.70124,-1
N_325,junction,บางแค,100.39894,13.69129,-1
N_3250,junction,บางแค,100.38203,13.69373,-1
N_3251,junction,บางแค,100.38016,13.70112,-1
N_3252,junction,บางแค,100.38403,13.70186,-1
N_3253,junction,บางแค,100.38406,13.69584,-1
N_3254,junction,ภาษีเจริญ,100.45558,13.72332,-1
N_3255,junction,ภาษีเจริญ,100.45494,13.72466,-1
N_3256,junction,ภาษีเจริญ,100.45519,13.72328,-1
N_3257,junction,ภาษีเจริญ,100.45456,13.72456,-1
N_3258,junction,บางแค,100.37115,13.74999,-1
N_3259,junction,ภาษีเจริญ,100.42261,13.73988,-1
N_326,junction,บางแค,100.39823,13.69505,-1
N_3260,junction,ภาษีเจริญ,100.42315,13.74002,-1
N_3261,junction,บางแค,100.38277,13.69853,-1
N_3262,junction,บางแค,100.3833,13.69682,-1
N_3263,junction,บางแค,100.42222,13.70068,-1
N_3264,junction,บางแค,100.42284,13.69922,-1
N_3265,junction,บางแค,100.42248,13.71211,-1
N_3266,junction,บางแค,100.4227,13.71551,-1
N_3267,junction,ภาษีเจริญ,100.42694,13.6925,-1
N_3268,junction,ภาษีเจริญ,100.4306,13.69475,-1
N_3269,junction,บางแค,100.40818,13.71633,-1
N_327,junction,ทวีวัฒนา,100.35918,13.76887,-1
N_3270,junction,บางแค,100.40822,13.71145,-1
N_3271,junction,บางแค,100.40791,13.72384,-1
N_3272,junction,บางแค,100.41027,13.721,-1
N_3273,junction,บางแค,100.37299,13.75008,-1
N_3274,junction,ภาษีเจริญ,100.45942,13.7384,-1
N_3275,junction,ภาษีเจริญ,100.45953,13.73791,-1
N_3276,junction,บางขุนเทียน,100.47174,13.63628,-1
N_3277,junction,บางแค,100.4167,13.70766,-1
N_3278,junction,บางแค,100.41675,13.70399,-1
N_3279,junction,บางแค,100.41482,13.7033,-1
N_328,junction,ทวีวัฒนา,100.35089,13.79824,-1
N_3280,junction,บางแค,100.41407,13.70728,-1
N_3281,junction,บางแค,100.4189,13.70474,-1
N_3282,junction,บางแค,100.41974,13.70306,-1
N_3283,junction,บางแค,100.41752,13.71974,-1
N_3284,junction,บางแค,100.41765,13.71762,-1
N_3285,junction,บางแค,100.37049,13.72679,-1
N_3286,junction,บางแค,100.37193,13.72937,-1
N_3287,junction,บางแค,100.38739,13.69374,-1
N_3288,junction,บางแค,100.38264,13.70058,-1
N_3289,junction,บางแค,100.38151,13.70031,-1
N_329,junction,ธนบุรี,100.4689,13.71414,-1
N_3290,junction,บางแค,100.40038,13.70497,-1
N_3291,junction,บางแค,100.40084,13.69844,-1
N_3292,junction,บางขุนเทียน,100.45355,13.63665,-1
N_3293,junction,บางแค,100.38404,13.71764,-1
N_3294,junction,บางแค,100.38313,13.71277,-1
N_3295,junction,บางแค,100.41211,13.70975,-1
N_3296,junction,บางแค,100.41247,13.70709,-1
N_3297,junction,บางแค,100.42667,13.6993,-1
N_3298,junction,บางแค,100.42474,13.69801,-1
N_3299,junction,บางกอกใหญ่,100.46547,13.73461,-1
N_33,junction,บางขุนเทียน,100.44452,13.55606,-1
N_330,junction,ธนบุรี,100.47127,13.71308,-1
N_3300,junction,บางกอกใหญ่,100.46555,13.73382,-1
N_3301,junction,จอมทอง,100.45263,13.67948,-1
N_3302,junction,จอมทอง,100.45396,13.67691,-1
N_3303,junction,จอมทอง,100.47797,13.67117,-1
N_3304,junction,จอมทอง,100.47485,13.67627,-1
N_3305,junction,จอมทอง,100.48103,13.6729,-1
N_3306,junction,จอมทอง,100.47579,13.67649,-1
N_3307,junction,บางแค,100.41578,13.70363,-1
N_3308,junction,บางแค,100.41927,13.6974,-1
N_3309,junction,บางขุนเทียน,100.45961,13.64507,-1
N_331,junction,ตลิ่งชัน,100.41888,13.76209,-1
N_3310,junction,บางขุนเทียน,100.45853,13.6418,-1
N_3311,junction,บางแค,100.39363,13.69962,-1
N_3312,junction,บางแค,100.39318,13.70374,-1
N_3313,junction,ภาษีเจริญ,100.43088,13.71953,-1
N_3314,junction,ภาษีเจริญ,100.43585,13.71658,-1
N_3315,junction,ภาษีเจริญ,100.43066,13.71414,-1
N_3316,junction,ภาษีเจริญ,100.42989,13.71269,-1
N_3317,junction,จตุจักร,100.55191,13.82998,-1
N_3318,junction,จตุจักร,100.55801,13.83028,-1
N_3319,junction,จอมทอง,100.45134,13.67885,-1
N_332,junction,ตลิ่งชัน,100.41894,13.7637,-1
N_3320,junction,จอมทอง,100.45317,13.67636,-1
N_3321,junction,จอมทอง,100.47778,13.67616,-1
N_3322,junction,จอมทอง,100.4762,13.67559,-1
N_3323,junction,จอมทอง,100.47798,13.67519,-1
N_3324,junction,จอมทอง,100.48014,13.6756,-1
N_3325,junction,จอมทอง,100.48035,13.67493,-1
N_3326,junction,จอมทอง,100.47813,13.6743,-1
N_3327,junction,จอมทอง,100.47906,13.67455,-1
N_3328,junction,จอมทอง,100.47957,13.67261,-1
N_3329,junction,จอมทอง,100.4718,13.70717,-1
N_333,junction,ธนบุรี,100.4692,13.71791,-1
N_3330,junction,จอมทอง,100.47174,13.70456,-1
N_3331,junction,จอมทอง,100.47258,13.7077,-1
N_3332,junction,จอมทอง,100.47147,13.70986,-1
N_3333,junction,จอมทอง,100.47341,13.70983,-1
N_3334,junction,จอมทอง,100.47657,13.71054,-1
N_3335,junction,จอมทอง,100.47369,13.7089,-1
N_3336,junction,จอมทอง,100.47687,13.70964,-1
N_3337,junction,จอมทอง,100.45691,13.66522,-1
N_3338,junction,จอมทอง,100.45763,13.66305,-1
N_3339,junction,จอมทอง,100.45752,13.66535,-1
N_334,junction,ธนบุรี,100.47213,13.71669,-1
N_3340,junction,จอมทอง,100.45875,13.66319,-1
N_3341,junction,จอมทอง,100.4586,13.66556,-1
N_3342,junction,จอมทอง,100.4598,13.65974,-1
N_3343,junction,จอมทอง,100.45502,13.66032,-1
N_3344,junction,จอมทอง,100.45746,13.66104,-1
N_3345,junction,จอมทอง,100.45951,13.66328,-1
N_3346,junction,จอมทอง,100.45736,13.66243,-1
N_3347,junction,จอมทอง,100.45955,13.66274,-1
N_3348,junction,จอมทอง,100.45743,13.66153,-1
N_3349,junction,จอมทอง,100.45967,13.66163,-1
N_335,junction,ธนบุรี,100.46898,13.71448,-1
N_3350,junction,จอมทอง,100.45971,13.66112,-1
N_3351,junction,จอมทอง,100.4554,13.66132,-1
N_3352,junction,จอมทอง,100.45947,13.6717,-1
N_3353,junction,บางแค,100.40821,13.72388,-1
N_3354,junction,บางแค,100.40623,13.72661,-1
N_3355,junction,บางแค,100.39303,13.66914,-1
N_3356,junction,บางแค,100.39148,13.67363,-1
N_3357,junction,บางแค,100.41669,13.71971,-1
N_3358,junction,บางแค,100.41893,13.71962,-1
N_3359,junction,บางแค,100.41832,13.71571,-1
N_336,junction,ธนบุรี,100.47137,13.71336,-1
N_3360,junction,บางแค,100.41691,13.71975,-1
N_3361,junction,บางแค,100.41821,13.72405,-1
N_3362,junction,บางแค,100.41745,13.72229,-1
N_3363,junction,จอมทอง,100.48704,13.67785,-1
N_3364,junction,จอมทอง,100.48668,13.67908,-1
N_3365,junction,บางแค,100.41228,13.74216,-1
N_3366,junction,บางแค,100.41161,13.73945,-1
N_3367,junction,บางแค,100.41349,13.73896,-1
N_3368,junction,บางแค,100.41288,13.73721,-1
N_3369,junction,ราษฎร์บูรณะ,100.52104,13.67171,-1
N_337,junction,สายไหม,100.68321,13.88673,-1
N_3370,junction,ราษฎร์บูรณะ,100.51781,13.67117,-1
N_3371,junction,จอมทอง,100.44017,13.70012,-1
N_3372,junction,จอมทอง,100.43856,13.69717,-1
N_3373,junction,หนองแขม,100.3579,13.67022,-1
N_3374,junction,หนองแขม,100.36047,13.67364,-1
N_3375,junction,จอมทอง,100.43766,13.69756,-1
N_3376,junction,จอมทอง,100.43927,13.70058,-1
N_3377,junction,จอมทอง,100.43616,13.6983,-1
N_3378,junction,จอมทอง,100.43777,13.70133,-1
N_3379,junction,จอมทอง,100.4418,13.69944,-1
N_338,junction,สายไหม,100.68419,13.88843,-1
N_3380,junction,บางแค,100.41727,13.72949,-1
N_3381,junction,บางแค,100.41701,13.73111,-1
N_3382,junction,บางแค,100.38447,13.72815,-1
N_3383,junction,บางแค,100.38473,13.73452,-1
N_3384,junction,บางแค,100.40669,13.73023,-1
N_3385,junction,บางแค,100.40621,13.72743,-1
N_3386,junction,บางพลัด,100.51007,13.8026,-1
N_3387,junction,บางพลัด,100.51024,13.80383,-1
N_3388,junction,บางพลัด,100.51017,13.80256,-1
N_3389,junction,บางพลัด,100.50979,13.80176,-1
N_339,junction,วังทองหลาง,100.62839,13.77476,-1
N_3390,junction,บางแค,100.41546,13.69545,-1
N_3391,junction,บางแค,100.4162,13.69309,-1
N_3392,junction,บางกอกใหญ่,100.47888,13.7392,-1
N_3393,junction,บางกอกใหญ่,100.47896,13.7375,-1
N_3394,junction,บางกอกใหญ่,100.46603,13.73478,-1
N_3395,junction,บางกอกใหญ่,100.46617,13.73321,-1
N_3396,junction,บางแค,100.41666,13.70545,-1
N_3397,junction,บางแค,100.41633,13.70383,-1
N_3398,junction,บางแค,100.41415,13.70596,-1
N_3399,junction,บางแค,100.41615,13.70547,-1
N_34,junction,หนองแขม,100.34815,13.7371,-1
N_340,junction,วังทองหลาง,100.62269,13.76223,-1
N_3400,junction,บางแค,100.41583,13.70759,-1
N_3401,junction,บางแค,100.41544,13.71116,-1
N_3402,junction,บางแค,100.38718,13.69484,-1
N_3403,junction,บางแค,100.38191,13.69315,-1
N_3404,junction,ภาษีเจริญ,100.43039,13.73803,-1
N_3405,junction,ภาษีเจริญ,100.43207,13.74062,-1
N_3406,junction,บางแค,100.41991,13.69379,-1
N_3407,junction,บางแค,100.4186,13.69706,-1
N_3408,junction,บางแค,100.41814,13.71963,-1
N_3409,junction,บางแค,100.41978,13.71558,-1
N_341,junction,จอมทอง,100.46658,13.71093,-1
N_3410,junction,ภาษีเจริญ,100.41592,13.73825,-1
N_3411,junction,ภาษีเจริญ,100.41547,13.73582,-1
N_3412,junction,ภาษีเจริญ,100.45295,13.71672,-1
N_3413,junction,ภาษีเจริญ,100.45292,13.7224,-1
N_3414,junction,คลองสาน,100.50389,13.72748,-1
N_3415,junction,คลองสาน,100.50375,13.72778,-1
N_3416,junction,พระโขนง,100.59184,13.69247,-1
N_3417,junction,พระโขนง,100.59174,13.69386,-1
N_3418,junction,ทุ่งครุ,100.4847,13.63047,-1
N_3419,junction,ทุ่งครุ,100.48244,13.62774,-1
N_342,junction,จอมทอง,100.47059,13.70893,-1
N_3420,junction,หนองแขม,100.35162,13.66925,-1
N_3421,junction,หนองแขม,100.34519,13.66579,-1
N_3422,junction,ทวีวัฒนา,100.39707,13.79781,-1
N_3423,junction,ทวีวัฒนา,100.39736,13.79719,-1
N_3424,junction,บางแค,100.42641,13.70429,-1
N_3425,junction,บางแค,100.42341,13.70276,-1
N_3426,junction,จอมทอง,100.45785,13.68898,-1
N_3427,junction,จอมทอง,100.45435,13.6915,-1
N_3428,junction,จอมทอง,100.45309,13.69238,-1
N_3429,junction,ทุ่งครุ,100.50888,13.64509,-1
N_343,junction,ป้อมปราบศัตรูพ่าย,100.50918,13.75799,-1
N_3430,junction,ทุ่งครุ,100.50973,13.65076,-1
N_3431,junction,บางคอแหลม,100.49061,13.69331,-1
N_3432,junction,บางคอแหลม,100.49628,13.69722,-1
N_3433,junction,ภาษีเจริญ,100.43671,13.71616,-1
N_3434,junction,ภาษีเจริญ,100.43661,13.71325,-1
N_3435,junction,จอมทอง,100.47599,13.66617,-1
N_3436,junction,จอมทอง,100.48091,13.66742,-1
N_3437,junction,บางแค,100.41061,13.73057,-1
N_3438,junction,บางแค,100.40963,13.73209,-1
N_3439,junction,ทวีวัฒนา,100.3502,13.79808,-1
N_344,junction,ป้อมปราบศัตรูพ่าย,100.50921,13.75648,-1
N_3440,junction,ทวีวัฒนา,100.34969,13.7983,-1
N_3441,junction,ภาษีเจริญ,100.42725,13.7194,-1
N_3442,junction,ภาษีเจริญ,100.42654,13.71934,-1
N_3443,junction,ภาษีเจริญ,100.43898,13.71667,-1
N_3444,junction,ภาษีเจริญ,100.43907,13.71577,-1
N_3445,junction,จอมทอง,100.45831,13.66768,-1
N_3446,junction,จอมทอง,100.45881,13.67162,-1
N_3447,junction,จอมทอง,100.45733,13.6714,-1
N_3448,junction,จอมทอง,100.45849,13.66555,-1
N_3449,junction,จอมทอง,100.47231,13.69944,-1
N_345,junction,พระโขนง,100.60322,13.69748,-1
N_3450,junction,จอมทอง,100.46972,13.69509,-1
N_3451,junction,บางแค,100.39087,13.69494,-1
N_3452,junction,บางแค,100.39171,13.6923,-1
N_3453,junction,บางแค,100.42054,13.70535,-1
N_3454,junction,บางแค,100.42062,13.70814,-1
N_3455,junction,บางกอกใหญ่,100.46169,13.73841,-1
N_3456,junction,บางกอกใหญ่,100.46917,13.73832,-1
N_3457,junction,บางแค,100.38661,13.73865,-1
N_3458,junction,บางแค,100.38676,13.74041,-1
N_3459,junction,สวนหลวง,100.63605,13.75001,-1
N_346,junction,พระโขนง,100.58802,13.69099,-1
N_3460,junction,สวนหลวง,100.63633,13.74857,-1
N_3461,junction,บางแค,100.41641,13.70188,-1
N_3462,junction,บางแค,100.42061,13.70538,-1
N_3463,junction,บางแค,100.41555,13.71581,-1
N_3464,junction,บางแค,100.41485,13.71941,-1
N_3465,junction,บางแค,100.38767,13.72845,-1
N_3466,junction,บางแค,100.38827,13.73152,-1
N_3467,junction,บางแค,100.39311,13.6957,-1
N_3468,junction,บางแค,100.39352,13.69309,-1
N_3469,junction,พญาไท,100.53439,13.76954,-1
N_347,junction,ตลิ่งชัน,100.41562,13.76315,-1
N_3470,junction,พญาไท,100.53673,13.77329,-1
N_3471,junction,บางแค,100.41495,13.69125,-1
N_3472,junction,บางแค,100.40945,13.68778,-1
N_3473,junction,หนองแขม,100.3511,13.65744,-1
N_3474,junction,หนองแขม,100.34954,13.6594,-1
N_3475,junction,บางกอกใหญ่,100.46592,13.72703,-1
N_3476,junction,บางกอกใหญ่,100.46951,13.72881,-1
N_3477,junction,จอมทอง,100.47304,13.67178,-1
N_3478,junction,จอมทอง,100.47392,13.70799,-1
N_3479,junction,คลองสามวา,100.7751,13.90682,-1
N_348,junction,ตลิ่งชัน,100.4178,13.763,-1
N_3480,junction,คลองสามวา,100.76752,13.8988,-1
N_3481,junction,พระโขนง,100.62128,13.69603,-1
N_3482,junction,พระโขนง,100.61815,13.69533,-1
N_3483,junction,คันนายาว,100.68766,13.79039,-1
N_3484,junction,คันนายาว,100.67524,13.78876,-1
N_3485,junction,คันนายาว,100.66111,13.85253,-1
N_3486,junction,คันนายาว,100.66158,13.84988,-1
N_3487,junction,บึงกุ่ม,100.64609,13.82886,-1
N_3488,junction,บึงกุ่ม,100.64841,13.83263,-1
N_3489,junction,ทวีวัฒนา,100.34944,13.79952,-1
N_349,junction,ลาดกระบัง,100.79857,13.75364,-1
N_3490,junction,หนองแขม,100.37769,13.6708,-1
N_3491,junction,ลาดกระบัง,100.80368,13.71897,-1
N_3492,junction,ลาดกระบัง,100.80159,13.71217,-1
N_3493,junction,มีนบุรี,100.702,13.80695,-1
N_3494,junction,มีนบุรี,100.70528,13.80796,-1
N_3495,junction,คลองสามวา,100.70375,13.8431,-1
N_3496,junction,คลองสามวา,100.69968,13.83688,-1
N_3497,junction,คันนายาว,100.66654,13.85068,-1
N_3498,junction,คันนายาว,100.66474,13.85465,-1
N_3499,junction,จตุจักร,100.55611,13.83779,-1
N_35,junction,หนองแขม,100.34997,13.7239,-1
N_350,junction,ลาดกระบัง,100.83958,13.73871,-1
N_3500,junction,บึงกุ่ม,100.64101,13.83413,-1
N_3501,junction,บึงกุ่ม,100.64851,13.83817,-1
N_3502,junction,บึงกุ่ม,100.63823,13.8373,-1
N_3503,junction,บึงกุ่ม,100.64419,13.84158,-1
N_3504,junction,บางขุนเทียน,100.4328,13.61544,-1
N_3505,junction,บางขุนเทียน,100.42973,13.61794,-1
N_3506,junction,บางบอน,100.42445,13.6641,-1
N_3507,junction,บางบอน,100.42141,13.6626,-1
N_3508,junction,มีนบุรี,100.71723,13.80858,-1
N_3509,junction,มีนบุรี,100.71541,13.80795,-1
N_351,junction,สะพานสูง,100.68191,13.78481,-1
N_3510,junction,คันนายาว,100.69079,13.7897,-1
N_3511,junction,คันนายาว,100.68987,13.79221,-1
N_3512,junction,ดินแดง,100.55987,13.76077,-1
N_3513,junction,ดินแดง,100.5587,13.75576,-1
N_3514,junction,ทวีวัฒนา,100.38092,13.79877,-1
N_3515,junction,ทวีวัฒนา,100.38208,13.79893,-1
N_3516,junction,คลองสามวา,100.69948,13.84725,-1
N_3517,junction,คลองสามวา,100.69345,13.85235,-1
N_3518,junction,มีนบุรี,100.70638,13.81297,-1
N_3519,junction,มีนบุรี,100.70836,13.81468,-1
N_352,junction,สะพานสูง,100.69442,13.76983,-1
N_3520,junction,สะพานสูง,100.69051,13.78954,-1
N_3521,junction,สะพานสูง,100.69501,13.78177,-1
N_3522,junction,สวนหลวง,100.63164,13.706,-1
N_3523,junction,ดินแดง,100.55324,13.76079,-1
N_3524,junction,ดินแดง,100.55199,13.75813,-1
N_3525,junction,สวนหลวง,100.63914,13.74023,-1
N_3526,junction,สวนหลวง,100.6414,13.73929,-1
N_3527,junction,บางเขน,100.62203,13.86453,-1
N_3528,junction,บางเขน,100.62232,13.857,-1
N_3529,junction,คลองสามวา,100.78906,13.84371,-1
N_353,junction,คลองสามวา,100.72229,13.83746,-1
N_3530,junction,คลองสามวา,100.77763,13.87047,-1
N_3531,junction,ลาดกระบัง,100.72225,13.724,-1
N_3532,junction,ลาดกระบัง,100.72261,13.71818,-1
N_3533,junction,คันนายาว,100.68622,13.78713,-1
N_3534,junction,คันนายาว,100.68553,13.78855,-1
N_3535,junction,ลาดกระบัง,100.77094,13.72403,-1
N_3536,junction,ลาดกระบัง,100.77101,13.71682,-1
N_3537,junction,มีนบุรี,100.72288,13.79041,-1
N_3538,junction,มีนบุรี,100.71729,13.80433,-1
N_3539,junction,พระโขนง,100.59569,13.69201,-1
N_354,junction,คลองสามวา,100.72202,13.84687,-1
N_3540,junction,พระโขนง,100.5955,13.69264,-1
N_3541,junction,ทวีวัฒนา,100.38262,13.799,-1
N_3542,junction,จตุจักร,100.55889,13.84969,-1
N_3543,junction,จตุจักร,100.55978,13.85441,-1
N_3544,junction,สวนหลวง,100.62245,13.71444,-1
N_3545,junction,สวนหลวง,100.61475,13.71332,-1
N_3546,junction,บางขุนเทียน,100.45307,13.66107,-1
N_3547,junction,บางขุนเทียน,100.45504,13.66037,-1
N_3548,junction,บางเขน,100.64491,13.85389,-1
N_3549,junction,บางเขน,100.64382,13.85906,-1
N_355,junction,จอมทอง,100.47754,13.66933,-1
N_3550,junction,ดอนเมือง,100.61294,13.93987,-1
N_3551,junction,ดอนเมือง,100.61595,13.9402,-1
N_3552,junction,ลาดกระบัง,100.77737,13.72419,-1
N_3553,junction,ลาดกระบัง,100.77749,13.71684,-1
N_3554,junction,หนองแขม,100.37797,13.67376,-1
N_3555,junction,คันนายาว,100.69529,13.79223,-1
N_3556,junction,คันนายาว,100.69361,13.79427,-1
N_3557,junction,มีนบุรี,100.71562,13.81354,-1
N_3558,junction,มีนบุรี,100.71567,13.81273,-1
N_3559,junction,บางเขน,100.61599,13.84888,-1
N_356,junction,จอมทอง,100.4706,13.67963,-1
N_3560,junction,บางเขน,100.61596,13.85149,-1
N_3561,junction,พระโขนง,100.61787,13.69153,-1
N_3562,junction,พระโขนง,100.61323,13.68991,-1
N_3563,junction,มีนบุรี,100.71137,13.80105,-1
N_3564,junction,มีนบุรี,100.7075,13.8051,-1
N_3565,junction,ลาดกระบัง,100.71889,13.7295,-1
N_3566,junction,ลาดกระบัง,100.71833,13.72394,-1
N_3567,junction,บางเขน,100.6094,13.8678,-1
N_3568,junction,บางเขน,100.60515,13.87568,-1
N_3569,junction,บางกะปิ,100.60448,13.75141,-1
N_357,junction,บางขุนเทียน,100.39367,13.59976,-1
N_3570,junction,บางกะปิ,100.60605,13.74935,-1
N_3571,junction,ทวีวัฒนา,100.35683,13.79941,-1
N_3572,junction,ทวีวัฒนา,100.35673,13.79996,-1
N_3573,junction,หนองแขม,100.34773,13.72318,-1
N_3574,junction,หนองแขม,100.34752,13.72378,-1
N_3575,junction,สวนหลวง,100.611,13.72461,-1
N_3576,junction,สวนหลวง,100.61388,13.72348,-1
N_358,junction,บางขุนเทียน,100.3985,13.59863,-1
N_359,junction,บางบอน,100.36664,13.64585,-1
N_36,junction,จอมทอง,100.45895,13.65698,-1
N_360,junction,บางบอน,100.38053,13.65109,-1
N_361,junction,ราษฎร์บูรณะ,100.52289,13.67841,-1
N_362,junction,ราษฎร์บูรณะ,100.5084,13.66301,-1
N_363,junction,มีนบุรี,100.72589,13.80908,-1
N_364,junction,ธนบุรี,100.48095,13.69862,-1
N_365,junction,ธนบุรี,100.47978,13.69778,-1
N_366,junction,หนองจอก,100.88481,13.80251,-1
N_367,junction,หนองจอก,100.89313,13.79941,-1
N_368,junction,วังทองหลาง,100.61538,13.76109,-1
N_369,junction,วังทองหลาง,100.612,13.79479,-1
N_37,junction,จอมทอง,100.45882,13.65878,-1
N_370,junction,ธนบุรี,100.48046,13.72029,-1
N_371,junction,ธนบุรี,100.4828,13.72123,-1
N_372,junction,บางกอกใหญ่,100.47534,13.72367,-1
N_373,junction,บางกอกใหญ่,100.47514,13.72239,-1
N_374,junction,ลาดพร้าว,100.61031,13.80006,-1
N_375,junction,ทุ่งครุ,100.50103,13.65055,-1
N_376,junction,ตลิ่งชัน,100.43333,13.76446,-1
N_377,junction,ตลิ่งชัน,100.43345,13.76541,-1
N_378,junction,ห้วยขวาง,100.59466,13.76397,-1
N_379,junction,ห้วยขวาง,100.58089,13.75378,-1
N_38,junction,คลองสามวา,100.71306,13.84588,-1
N_380,junction,สาทร,100.53029,13.72189,-1
N_381,junction,สาทร,100.5376,13.70724,-1
N_382,junction,บึงกุ่ม,100.65012,13.84511,-1
N_383,junction,บึงกุ่ม,100.64672,13.82635,-1
N_384,junction,ลาดพร้าว,100.63413,13.83844,-1
N_385,junction,ลาดพร้าว,100.63192,13.83912,-1
N_386,junction,ยานนาวา,100.55179,13.69517,-1
N_387,junction,ยานนาวา,100.5376,13.70726,-1
N_388,junction,บางรัก,100.52694,13.72851,-1
N_389,junction,บางกอกใหญ่,100.46458,13.72933,-1
N_39,junction,คลองสามวา,100.70578,13.82109,-1
N_390,junction,บางกอกใหญ่,100.47002,13.73118,-1
N_391,junction,ธนบุรี,100.48521,13.69476,-1
N_392,junction,ธนบุรี,100.48506,13.69631,-1
N_393,junction,ทุ่งครุ,100.47427,13.64731,-1
N_394,junction,ทุ่งครุ,100.47617,13.64777,-1
N_395,junction,ห้วยขวาง,100.57575,13.79026,-1
N_396,junction,ห้วยขวาง,100.57965,13.7613,-1
N_397,junction,บางกอกใหญ่,100.46194,13.73692,-1
N_398,junction,บางกอกใหญ่,100.46622,13.73721,-1
N_399,junction,ธนบุรี,100.48313,13.72066,-1
N_4,junction,จอมทอง,100.46078,13.65533,-1
N_40,junction,บางขุนเทียน,100.45388,13.66779,-1
N_400,junction,ธนบุรี,100.47943,13.71889,-1
N_401,junction,ตลิ่งชัน,100.46209,13.74436,-1
N_402,junction,ตลิ่งชัน,100.46759,13.77973,-1
N_403,junction,บางบอน,100.39911,13.66314,-1
N_404,junction,บางบอน,100.39617,13.67098,-1
N_405,junction,ธนบุรี,100.47974,13.71797,-1
N_406,junction,ธนบุรี,100.48361,13.71982,-1
N_407,junction,บางขุนเทียน,100.44083,13.58492,-1
N_408,junction,บางขุนเทียน,100.4402,13.58155,-1
N_409,junction,บางพลัด,100.50281,13.78186,-1
N_41,junction,บางขุนเทียน,100.45306,13.6681,-1
N_410,junction,บางพลัด,100.49508,13.78477,-1
N_411,junction,บางขุนเทียน,100.44037,13.56986,-1
N_412,junction,บางขุนเทียน,100.4151,13.55713,-1
N_413,junction,บางกอกน้อย,100.46542,13.76803,-1
N_414,junction,บางกอกน้อย,100.45459,13.77252,-1
N_415,junction,คลองสามวา,100.70583,13.91435,-1
N_416,junction,คลองสามวา,100.71712,13.90816,-1
N_417,junction,คลองสามวา,100.79285,13.89391,-1
N_418,junction,คลองสามวา,100.79251,13.93258,-1
N_419,junction,สวนหลวง,100.61263,13.72818,-1
N_42,junction,มีนบุรี,100.69669,13.81543,-1
N_420,junction,สวนหลวง,100.61073,13.73081,-1
N_421,junction,ธนบุรี,100.48636,13.71509,-1
N_422,junction,ธนบุรี,100.4895,13.71641,-1
N_423,junction,หนองจอก,100.81454,13.934,-1
N_424,junction,หนองจอก,100.81054,13.89115,-1
N_425,junction,หนองจอก,100.82994,13.8962,-1
N_426,junction,หนองจอก,100.83952,13.93671,-1
N_427,junction,คลองสามวา,100.77016,13.92425,-1
N_428,junction,คลองสามวา,100.76968,13.90569,-1
N_429,junction,ธนบุรี,100.47475,13.71855,-1
N_43,junction,ธนบุรี,100.4934,13.7414,-1
N_430,junction,ธนบุรี,100.47294,13.71812,-1
N_431,junction,บางซื่อ,100.51592,13.81246,-1
N_432,junction,บางซื่อ,100.52008,13.81667,-1
N_433,junction,บางรัก,100.51231,13.72069,-1
N_434,junction,บางรัก,100.51411,13.72005,-1
N_435,junction,ปทุมวัน,100.54304,13.74886,-1
N_436,junction,ปทุมวัน,100.54225,13.74557,-1
N_437,junction,ธนบุรี,100.48541,13.71666,-1
N_438,junction,ธนบุรี,100.49028,13.71865,-1
N_439,junction,จอมทอง,100.45868,13.68254,-1
N_44,junction,ธนบุรี,100.48988,13.73669,-1
N_440,junction,จอมทอง,100.45999,13.68414,-1
N_441,junction,หนองจอก,100.80294,13.86128,-1
N_442,junction,หนองจอก,100.79841,13.87856,-1
N_443,junction,จอมทอง,100.46368,13.69845,-1
N_444,junction,จอมทอง,100.46913,13.7159,-1
N_445,junction,ธนบุรี,100.48093,13.71426,-1
N_446,junction,ธนบุรี,100.48289,13.71523,-1
N_447,junction,ธนบุรี,100.48456,13.70226,-1
N_448,junction,ธนบุรี,100.4807,13.7011,-1
N_449,junction,จอมทอง,100.44329,13.70579,-1
N_45,junction,บึงกุ่ม,100.67236,13.78613,-1
N_450,junction,จอมทอง,100.44467,13.70764,-1
N_451,junction,สะพานสูง,100.69973,13.78531,-1
N_452,junction,สะพานสูง,100.70971,13.7785,-1
N_453,junction,คลองสามวา,100.78371,13.89644,-1
N_454,junction,คลองสามวา,100.77654,13.89085,-1
N_455,junction,บึงกุ่ม,100.64815,13.82247,-1
N_456,junction,บึงกุ่ม,100.66016,13.82375,-1
N_457,junction,ภาษีเจริญ,100.47161,13.72262,-1
N_458,junction,ราษฎร์บูรณะ,100.48188,13.69321,-1
N_459,junction,ราษฎร์บูรณะ,100.49016,13.69508,-1
N_46,junction,บึงกุ่ม,100.66666,13.80504,-1
N_460,junction,จอมทอง,100.46862,13.68955,-1
N_461,junction,บางแค,100.40773,13.70085,-1
N_462,junction,บางแค,100.41071,13.693,-1
N_463,junction,ราษฎร์บูรณะ,100.50392,13.67749,-1
N_464,junction,ราษฎร์บูรณะ,100.4963,13.68245,-1
N_465,junction,ภาษีเจริญ,100.43559,13.70139,-1
N_466,junction,ภาษีเจริญ,100.43341,13.70212,-1
N_467,junction,ตลิ่งชัน,100.43192,13.76501,-1
N_468,junction,ตลิ่งชัน,100.42687,13.76551,-1
N_469,junction,ประเวศ,100.69339,13.65717,-1
N_47,junction,บางเขน,100.64603,13.87277,-1
N_470,junction,ประเวศ,100.66641,13.66713,-1
N_471,junction,จอมทอง,100.47525,13.68323,-1
N_472,junction,จอมทอง,100.47585,13.68635,-1
N_473,junction,บางขุนเทียน,100.46484,13.64966,-1
N_474,junction,บางขุนเทียน,100.46752,13.63649,-1
N_475,junction,บางกอกใหญ่,100.46159,13.7416,-1
N_476,junction,บางกอกใหญ่,100.46514,13.74165,-1
N_477,junction,บางกอกใหญ่,100.48144,13.72357,-1
N_478,junction,บางกอกใหญ่,100.47827,13.72701,-1
N_479,junction,บางขุนเทียน,100.43334,13.58277,-1
N_48,junction,บางเขน,100.65313,13.86069,-1
N_480,junction,บางขุนเทียน,100.41744,13.5779,-1
N_481,junction,ราษฎร์บูรณะ,100.50358,13.67542,-1
N_482,junction,ราษฎร์บูรณะ,100.51217,13.67183,-1
N_483,junction,จอมทอง,100.46603,13.70938,-1
N_484,junction,จอมทอง,100.47698,13.70876,-1
N_485,junction,คลองสาน,100.50242,13.72054,-1
N_486,junction,คลองสาน,100.50211,13.71989,-1
N_487,junction,คลองสาน,100.51131,13.71733,-1
N_488,junction,บางกอกน้อย,100.47424,13.76682,-1
N_489,junction,บางกอกน้อย,100.47914,13.77038,-1
N_49,junction,บางกะปิ,100.62551,13.8175,-1
N_490,junction,บางกอกใหญ่,100.4794,13.72296,-1
N_491,junction,บางกอกใหญ่,100.47732,13.72876,-1
N_492,junction,จอมทอง,100.43477,13.69892,-1
N_493,junction,จอมทอง,100.43774,13.70466,-1
N_494,junction,จอมทอง,100.44268,13.70612,-1
N_495,junction,ราษฎร์บูรณะ,100.49872,13.66315,-1
N_496,junction,ราษฎร์บูรณะ,100.5039,13.6599,-1
N_497,junction,คลองสาน,100.49509,13.71387,-1
N_498,junction,คลองสาน,100.49419,13.7142,-1
N_499,junction,คลองสาน,100.49564,13.71355,-1
N_5,junction,จอมทอง,100.461,13.65667,-1
N_50,junction,บางกะปิ,100.62202,13.80741,-1
N_500,junction,คลองสาน,100.49302,13.71432,-1
N_501,junction,จอมทอง,100.48462,13.67487,-1
N_502,junction,จอมทอง,100.48376,13.68002,-1
N_503,junction,ภาษีเจริญ,100.44632,13.70691,-1
N_504,junction,ภาษีเจริญ,100.44937,13.7119,-1
N_505,junction,จอมทอง,100.4611,13.67351,-1
N_506,junction,จอมทอง,100.46432,13.67395,-1
N_507,junction,จอมทอง,100.47118,13.66884,-1
N_508,junction,จอมทอง,100.46808,13.66813,-1
N_509,junction,บางแค,100.40937,13.74004,-1
N_51,junction,ธนบุรี,100.48426,13.70124,-1
N_510,junction,บางแค,100.40844,13.73649,-1
N_511,junction,มีนบุรี,100.75974,13.80408,-1
N_512,junction,มีนบุรี,100.75298,13.82402,-1
N_513,junction,วัฒนา,100.59789,13.74099,-1
N_514,junction,วัฒนา,100.60637,13.7153,-1
N_515,junction,ลาดกระบัง,100.8374,13.76749,-1
N_516,junction,ลาดกระบัง,100.83968,13.76302,-1
N_517,junction,ภาษีเจริญ,100.46209,13.73604,-1
N_518,junction,ภาษีเจริญ,100.46119,13.73585,-1
N_519,junction,ทุ่งครุ,100.47246,13.64806,-1
N_52,junction,ธนบุรี,100.48333,13.70067,-1
N_520,junction,ทุ่งครุ,100.4775,13.64487,-1
N_521,junction,จอมทอง,100.43724,13.70481,-1
N_522,junction,จอมทอง,100.43916,13.70937,-1
N_523,junction,ทุ่งครุ,100.47563,13.66094,-1
N_524,junction,ทุ่งครุ,100.47052,13.65799,-1
N_525,junction,บางขุนเทียน,100.47615,13.61995,-1
N_526,junction,บางขุนเทียน,100.47568,13.60697,-1
N_527,junction,ประเวศ,100.63916,13.68289,-1
N_528,junction,ประเวศ,100.65398,13.68595,-1
N_529,junction,ราษฎร์บูรณะ,100.49065,13.6624,-1
N_53,junction,บางกอกน้อย,100.48541,13.76771,-1
N_530,junction,ราษฎร์บูรณะ,100.49742,13.66016,-1
N_531,junction,ทุ่งครุ,100.48041,13.65065,-1
N_532,junction,ทุ่งครุ,100.48163,13.65037,-1
N_533,junction,จอมทอง,100.47077,13.67377,-1
N_534,junction,จอมทอง,100.47208,13.67431,-1
N_535,junction,จอมทอง,100.46527,13.66053,-1
N_536,junction,จอมทอง,100.46958,13.66157,-1
N_537,junction,ธนบุรี,100.48278,13.72127,-1
N_538,junction,ธนบุรี,100.48528,13.7225,-1
N_539,junction,ราษฎร์บูรณะ,100.48535,13.69477,-1
N_54,junction,บางกอกน้อย,100.48387,13.76126,-1
N_540,junction,ราษฎร์บูรณะ,100.48448,13.68795,-1
N_541,junction,ทุ่งครุ,100.4767,13.64566,-1
N_542,junction,ทุ่งครุ,100.47282,13.64554,-1
N_543,junction,บางแค,100.41472,13.73092,-1
N_544,junction,บางแค,100.41502,13.72444,-1
N_545,junction,จอมทอง,100.46343,13.66269,-1
N_546,junction,จอมทอง,100.46173,13.67055,-1
N_547,junction,ทุ่งครุ,100.5167,13.61508,-1
N_548,junction,ทุ่งครุ,100.51085,13.61741,-1
N_549,junction,จอมทอง,100.45316,13.6643,-1
N_55,junction,ประเวศ,100.70029,13.6955,-1
N_550,junction,จอมทอง,100.45685,13.66322,-1
N_551,junction,ตลิ่งชัน,100.41221,13.76889,-1
N_552,junction,ตลิ่งชัน,100.41146,13.76421,-1
N_553,junction,จอมทอง,100.45368,13.67147,-1
N_554,junction,ธนบุรี,100.48313,13.72065,-1
N_555,junction,ธนบุรี,100.48625,13.72206,-1
N_556,junction,ราษฎร์บูรณะ,100.49692,13.65895,-1
N_557,junction,ราษฎร์บูรณะ,100.49293,13.66042,-1
N_558,junction,บางแค,100.41494,13.72801,-1
N_559,junction,บางแค,100.42113,13.7237,-1
N_56,junction,ประเวศ,100.71025,13.69505,-1
N_560,junction,ทุ่งครุ,100.4802,13.64059,-1
N_561,junction,ทุ่งครุ,100.47954,13.63614,-1
N_562,junction,ภาษีเจริญ,100.42886,13.70826,-1
N_563,junction,ภาษีเจริญ,100.42746,13.71084,-1
N_564,junction,หนองแขม,100.35284,13.6821,-1
N_565,junction,หนองแขม,100.35414,13.65867,-1
N_566,junction,หนองแขม,100.35787,13.67029,-1
N_567,junction,หนองแขม,100.35159,13.66939,-1
N_568,junction,ประเวศ,100.68779,13.70493,-1
N_569,junction,ประเวศ,100.68547,13.68326,-1
N_57,junction,คลองสามวา,100.76249,13.88462,-1
N_570,junction,ภาษีเจริญ,100.4364,13.70502,-1
N_571,junction,ภาษีเจริญ,100.43844,13.7096,-1
N_572,junction,จอมทอง,100.44879,13.67774,-1
N_573,junction,จอมทอง,100.45062,13.67854,-1
N_574,junction,บางขุนเทียน,100.45132,13.66305,-1
N_575,junction,บางขุนเทียน,100.44572,13.66527,-1
N_576,junction,จอมทอง,100.46047,13.71154,-1
N_577,junction,จอมทอง,100.46652,13.71083,-1
N_578,junction,บางขุนเทียน,100.40729,13.58949,-1
N_579,junction,บางขุนเทียน,100.40464,13.58854,-1
N_58,junction,คลองสามวา,100.74303,13.86624,-1
N_580,junction,ประเวศ,100.7089,13.72396,-1
N_581,junction,ประเวศ,100.70986,13.69513,-1
N_582,junction,บางแค,100.39292,13.72252,-1
N_583,junction,บางแค,100.39638,13.72927,-1
N_584,junction,บางขุนเทียน,100.46597,13.64297,-1
N_585,junction,บางขุนเทียน,100.46334,13.64929,-1
N_586,junction,บางพลัด,100.51752,13.80828,-1
N_587,junction,บางพลัด,100.51495,13.80808,-1
N_588,junction,จอมทอง,100.46982,13.67864,-1
N_589,junction,จอมทอง,100.47119,13.67598,-1
N_59,junction,บางกอกน้อย,100.46893,13.77644,-1
N_590,junction,บางแค,100.41055,13.73972,-1
N_591,junction,บางแค,100.40969,13.73634,-1
N_592,junction,บางขุนเทียน,100.42343,13.60528,-1
N_593,junction,บางขุนเทียน,100.42086,13.61128,-1
N_594,junction,จอมทอง,100.46869,13.71303,-1
N_595,junction,จอมทอง,100.4628,13.7179,-1
N_596,junction,ราษฎร์บูรณะ,100.50879,13.66356,-1
N_597,junction,ราษฎร์บูรณะ,100.50037,13.66722,-1
N_598,junction,จอมทอง,100.45684,13.66602,-1
N_599,junction,จอมทอง,100.45586,13.67107,-1
N_6,junction,สายไหม,100.61369,13.90149,-1
N_60,junction,บางกอกน้อย,100.4678,13.77692,-1
N_600,junction,ทวีวัฒนา,100.39389,13.75135,-1
N_601,junction,ทวีวัฒนา,100.39408,13.75267,-1
N_602,junction,ทุ่งครุ,100.47678,13.65658,-1
N_603,junction,ทุ่งครุ,100.47136,13.6535,-1
N_604,junction,บางแค,100.39941,13.72957,-1
N_605,junction,บางแค,100.39583,13.73077,-1
N_606,junction,จอมทอง,100.45282,13.66339,-1
N_607,junction,จอมทอง,100.45594,13.66342,-1
N_608,junction,บางขุนเทียน,100.45197,13.66472,-1
N_609,junction,บางขุนเทียน,100.45229,13.66631,-1
N_61,junction,ธนบุรี,100.48433,13.70317,-1
N_610,junction,บางขุนเทียน,100.45348,13.66592,-1
N_611,junction,จอมทอง,100.46021,13.66597,-1
N_612,junction,จอมทอง,100.45931,13.66573,-1
N_613,junction,จอมทอง,100.45996,13.65668,-1
N_614,junction,จอมทอง,100.44187,13.70655,-1
N_615,junction,บึงกุ่ม,100.64601,13.84732,-1
N_616,junction,หนองจอก,100.92197,13.82086,-1
N_617,junction,หนองจอก,100.92847,13.82209,-1
N_618,junction,ลาดกระบัง,100.84806,13.71019,-1
N_619,junction,ลาดกระบัง,100.84302,13.70427,-1
N_62,junction,ธนบุรี,100.47901,13.70032,-1
N_620,junction,จอมทอง,100.45701,13.68342,-1
N_621,junction,จอมทอง,100.45655,13.68426,-1
N_622,junction,จอมทอง,100.45621,13.68403,-1
N_623,junction,คันนายาว,100.65865,13.84772,-1
N_624,junction,คันนายาว,100.64904,13.84626,-1
N_625,junction,จอมทอง,100.45968,13.67011,-1
N_626,junction,จอมทอง,100.46442,13.67095,-1
N_627,junction,จอมทอง,100.44281,13.70836,-1
N_628,junction,ยานนาวา,100.55263,13.69064,-1
N_629,junction,ยานนาวา,100.54173,13.69225,-1
N_63,junction,ธนบุรี,100.48414,13.70372,-1
N_630,junction,ลาดกระบัง,100.84539,13.70328,-1
N_631,junction,ลาดกระบัง,100.85401,13.73025,-1
N_632,junction,ประเวศ,100.63404,13.70069,-1
N_633,junction,ประเวศ,100.64431,13.70242,-1
N_634,junction,บางขุนเทียน,100.46391,13.65128,-1
N_635,junction,บางขุนเทียน,100.45683,13.65591,-1
N_636,junction,บางซื่อ,100.53635,13.83637,-1
N_637,junction,บางซื่อ,100.53087,13.84154,-1
N_638,junction,วังทองหลาง,100.58833,13.80277,-1
N_639,junction,วังทองหลาง,100.59632,13.80126,-1
N_64,junction,ธนบุรี,100.47877,13.70159,-1
N_640,junction,คลองสามวา,100.76492,13.85424,-1
N_641,junction,คลองสามวา,100.75191,13.83353,-1
N_642,junction,บางคอแหลม,100.51329,13.68413,-1
N_643,junction,บางคอแหลม,100.51529,13.68995,-1
N_644,junction,บางแค,100.41359,13.73083,-1
N_645,junction,บางแค,100.41378,13.72741,-1
N_646,junction,จอมทอง,100.45717,13.68468,-1
N_647,junction,ลาดกระบัง,100.7296,13.72405,-1
N_648,junction,ลาดกระบัง,100.73072,13.71683,-1
N_649,junction,บางกะปิ,100.64373,13.76454,-1
N_65,junction,ธนบุรี,100.48361,13.70559,-1
N_650,junction,บางกะปิ,100.63132,13.81917,-1
N_651,junction,ทุ่งครุ,100.51332,13.64026,-1
N_652,junction,ทุ่งครุ,100.51534,13.64037,-1
N_653,junction,จอมทอง,100.45823,13.68542,-1
N_654,junction,จอมทอง,100.45864,13.68484,-1
N_655,junction,คลองเตย,100.58822,13.70514,-1
N_656,junction,คลองเตย,100.56041,13.71966,-1
N_657,junction,บางบอน,100.38356,13.64515,-1
N_658,junction,บางบอน,100.38983,13.63178,-1
N_659,junction,บางพลัด,100.50851,13.8049,-1
N_66,junction,ธนบุรี,100.4794,13.70286,-1
N_660,junction,บางพลัด,100.51749,13.80457,-1
N_661,junction,คลองเตย,100.56177,13.70945,-1
N_662,junction,คลองเตย,100.56105,13.70616,-1
N_663,junction,วังทองหลาง,100.61505,13.79969,-1
N_664,junction,บึงกุ่ม,100.67084,13.78468,-1
N_665,junction,บึงกุ่ม,100.6734,13.78015,-1
N_666,junction,ยานนาวา,100.55268,13.68727,-1
N_667,junction,ยานนาวา,100.54075,13.68895,-1
N_668,junction,จอมทอง,100.45719,13.68466,-1
N_669,junction,หลักสี่,100.58756,13.89932,-1
N_67,junction,ธนบุรี,100.48385,13.70466,-1
N_670,junction,หลักสี่,100.55906,13.91445,-1
N_671,junction,สายไหม,100.67408,13.90996,-1
N_672,junction,สายไหม,100.67748,13.91294,-1
N_673,junction,บางพลัด,100.50551,13.79864,-1
N_674,junction,บางพลัด,100.51304,13.79428,-1
N_675,junction,บางขุนเทียน,100.40565,13.6009,-1
N_676,junction,บางขุนเทียน,100.41929,13.58827,-1
N_677,junction,บึงกุ่ม,100.66903,13.78371,-1
N_678,junction,บึงกุ่ม,100.67159,13.77919,-1
N_679,junction,บางคอแหลม,100.4992,13.69487,-1
N_68,junction,ยานนาวา,100.5499,13.70574,-1
N_680,junction,บางคอแหลม,100.52036,13.68585,-1
N_681,junction,จอมทอง,100.44039,13.70746,-1
N_682,junction,จอมทอง,100.43866,13.70821,-1
N_683,junction,หนองจอก,100.91015,13.83632,-1
N_684,junction,หนองจอก,100.90549,13.83035,-1
N_685,junction,ทุ่งครุ,100.50203,13.63486,-1
N_686,junction,ทุ่งครุ,100.49941,13.63743,-1
N_687,junction,บางกะปิ,100.6468,13.76488,-1
N_688,junction,บางกะปิ,100.64925,13.75184,-1
N_689,junction,จอมทอง,100.45839,13.68627,-1
N_69,junction,ธนบุรี,100.4836,13.70561,-1
N_690,junction,หนองจอก,100.80452,13.8522,-1
N_691,junction,หนองจอก,100.80161,13.85883,-1
N_692,junction,จอมทอง,100.44102,13.70887,-1
N_693,junction,ยานนาวา,100.54562,13.70185,-1
N_694,junction,ดุสิต,100.50039,13.77582,-1
N_695,junction,ดุสิต,100.5066,13.77374,-1
N_696,junction,ทุ่งครุ,100.48961,13.65726,-1
N_697,junction,บางกอกน้อย,100.46214,13.74636,-1
N_698,junction,บางกอกน้อย,100.47531,13.74794,-1
N_699,junction,ทุ่งครุ,100.47902,13.63244,-1
N_7,junction,สายไหม,100.61826,13.89519,-1
N_70,junction,ธนบุรี,100.48433,13.70316,-1
N_700,junction,ทุ่งครุ,100.47734,13.63533,-1
N_701,junction,ทวีวัฒนา,100.35923,13.73801,-1
N_702,junction,ทวีวัฒนา,100.32785,13.8043,-1
N_703,junction,หนองแขม,100.38121,13.69157,-1
N_704,junction,ทวีวัฒนา,100.37095,13.78499,-1
N_705,junction,ทวีวัฒนา,100.36744,13.76845,-1
N_706,junction,บางซื่อ,100.525,13.81859,-1
N_707,junction,บางซื่อ,100.53243,13.82097,-1
N_708,junction,สวนหลวง,100.60963,13.7224,-1
N_709,junction,สวนหลวง,100.61832,13.7215,-1
N_71,junction,บางกอกน้อย,100.47284,13.78198,-1
N_710,junction,ประเวศ,100.69066,13.72397,-1
N_711,junction,ประเวศ,100.6955,13.73372,-1
N_712,junction,สะพานสูง,100.69552,13.73374,-1
N_713,junction,สะพานสูง,100.70654,13.75666,-1
N_714,junction,ภาษีเจริญ,100.45279,13.71006,-1
N_715,junction,ภาษีเจริญ,100.45296,13.71673,-1
N_716,junction,จอมทอง,100.45971,13.66102,-1
N_717,junction,ทุ่งครุ,100.49066,13.65681,-1
N_718,junction,ดุสิต,100.52769,13.77438,-1
N_719,junction,ดุสิต,100.52082,13.75741,-1
N_72,junction,บางกอกน้อย,100.47603,13.77931,-1
N_720,junction,สะพานสูง,100.68766,13.73458,-1
N_721,junction,สะพานสูง,100.70951,13.76167,-1
N_722,junction,ประเวศ,100.69226,13.72973,-1
N_723,junction,ประเวศ,100.68767,13.73458,-1
N_724,junction,ตลิ่งชัน,100.46698,13.78051,-1
N_725,junction,ตลิ่งชัน,100.46521,13.78001,-1
N_726,junction,ลาดกระบัง,100.82885,13.70202,-1
N_727,junction,ลาดกระบัง,100.84182,13.75383,-1
N_728,junction,หนองจอก,100.89142,13.85086,-1
N_729,junction,หนองจอก,100.93859,13.8143,-1
N_73,junction,ประเวศ,100.65311,13.69913,-1
N_730,junction,จตุจักร,100.56321,13.82873,-1
N_731,junction,จตุจักร,100.54665,13.82448,-1
N_732,junction,ภาษีเจริญ,100.44855,13.72799,-1
N_733,junction,ภาษีเจริญ,100.45207,13.72347,-1
N_734,junction,บางแค,100.39244,13.70358,-1
N_735,junction,บางแค,100.39315,13.69571,-1
N_736,junction,คลองสาน,100.5125,13.72821,-1
N_737,junction,คลองสาน,100.50965,13.72777,-1
N_738,junction,ตลิ่งชัน,100.42395,13.76926,-1
N_739,junction,ตลิ่งชัน,100.42399,13.77074,-1
N_74,junction,ประเวศ,100.64565,13.69772,-1
N_740,junction,ทวีวัฒนา,100.33701,13.78486,-1
N_741,junction,ทวีวัฒนา,100.33317,13.78417,-1
N_742,junction,ประเวศ,100.67097,13.68452,-1
N_743,junction,ประเวศ,100.66691,13.67643,-1
N_744,junction,ภาษีเจริญ,100.43667,13.70495,-1
N_745,junction,ภาษีเจริญ,100.43424,13.6996,-1
N_746,junction,หนองจอก,100.91431,13.80379,-1
N_747,junction,หนองจอก,100.89405,13.79859,-1
N_748,junction,ภาษีเจริญ,100.45029,13.71143,-1
N_749,junction,ภาษีเจริญ,100.45131,13.71343,-1
N_75,junction,ทุ่งครุ,100.49492,13.6542,-1
N_750,junction,ราษฎร์บูรณะ,100.48353,13.67357,-1
N_751,junction,ราษฎร์บูรณะ,100.4849,13.66943,-1
N_752,junction,ตลิ่งชัน,100.42509,13.76926,-1
N_753,junction,ตลิ่งชัน,100.42512,13.76995,-1
N_754,junction,บางขุนเทียน,100.43277,13.56406,-1
N_755,junction,ทวีวัฒนา,100.40117,13.75037,-1
N_756,junction,ทวีวัฒนา,100.4016,13.75307,-1
N_757,junction,จอมทอง,100.45871,13.67796,-1
N_758,junction,บางขุนเทียน,100.47819,13.6058,-1
N_759,junction,ป้อมปราบศัตรูพ่าย,100.50984,13.75462,-1
N_76,junction,ทุ่งครุ,100.50369,13.6444,-1
N_760,junction,ป้อมปราบศัตรูพ่าย,100.50959,13.75298,-1
N_761,junction,บางกอกใหญ่,100.4809,13.74596,-1
N_762,junction,บางกอกใหญ่,100.48141,13.74459,-1
N_763,junction,ปทุมวัน,100.52038,13.75218,-1
N_764,junction,ปทุมวัน,100.52401,13.74882,-1
N_765,junction,บางกอกน้อย,100.47805,13.76346,-1
N_766,junction,บางกอกน้อย,100.48408,13.77021,-1
N_767,junction,หนองจอก,100.80583,13.82615,-1
N_768,junction,หนองจอก,100.82359,13.82697,-1
N_769,junction,ทุ่งครุ,100.47868,13.65687,-1
N_77,junction,บางบอน,100.40759,13.67674,-1
N_770,junction,ทุ่งครุ,100.48076,13.64931,-1
N_771,junction,บางบอน,100.36993,13.64003,-1
N_772,junction,บางบอน,100.3545,13.65886,-1
N_773,junction,ทุ่งครุ,100.47758,13.63888,-1
N_774,junction,ทุ่งครุ,100.47346,13.6398,-1
N_775,junction,บางบอน,100.37189,13.63711,-1
N_776,junction,บางบอน,100.36653,13.63284,-1
N_777,junction,จอมทอง,100.46121,13.67043,-1
N_778,junction,จอมทอง,100.46141,13.67532,-1
N_779,junction,บางกอกใหญ่,100.48557,13.72778,-1
N_78,junction,บางบอน,100.4116,13.67013,-1
N_780,junction,บางกอกใหญ่,100.48086,13.73167,-1
N_781,junction,บางแค,100.41664,13.72809,-1
N_782,junction,บางแค,100.41619,13.73104,-1
N_783,junction,ดินแดง,100.57111,13.78017,-1
N_784,junction,ดินแดง,100.56043,13.7556,-1
N_785,junction,ทวีวัฒนา,100.40231,13.76118,-1
N_786,junction,ทวีวัฒนา,100.40193,13.75975,-1
N_787,junction,บางขุนเทียน,100.45525,13.65824,-1
N_788,junction,ทวีวัฒนา,100.33404,13.77324,-1
N_789,junction,ทวีวัฒนา,100.33555,13.74799,-1
N_79,junction,จอมทอง,100.45728,13.65744,-1
N_790,junction,หนองจอก,100.86314,13.92907,-1
N_791,junction,หนองจอก,100.89177,13.92285,-1
N_792,junction,ทวีวัฒนา,100.3524,13.73737,-1
N_793,junction,ทวีวัฒนา,100.35249,13.74094,-1
N_794,junction,ห้วยขวาง,100.57491,13.80104,-1
N_795,junction,ห้วยขวาง,100.58827,13.80307,-1
N_796,junction,ดินแดง,100.56737,13.79922,-1
N_797,junction,บางกอกน้อย,100.48048,13.77362,-1
N_798,junction,บางกอกน้อย,100.47323,13.7682,-1
N_799,junction,บางกอกน้อย,100.47771,13.76379,-1
N_8,junction,หนองแขม,100.37103,13.67708,-1
N_80,junction,จอมทอง,100.45754,13.65812,-1
N_800,junction,บางกอกน้อย,100.48003,13.76643,-1
N_801,junction,ทุ่งครุ,100.49003,13.64686,-1
N_802,junction,ทุ่งครุ,100.48759,13.64886,-1
N_803,junction,บางกอกใหญ่,100.48686,13.73399,-1
N_804,junction,บางกอกใหญ่,100.48585,13.73499,-1
N_805,junction,บางเขน,100.62168,13.8737,-1
N_806,junction,ลาดกระบัง,100.72028,13.724,-1
N_807,junction,ลาดกระบัง,100.72006,13.71836,-1
N_808,junction,บึงกุ่ม,100.65154,13.80088,-1
N_809,junction,บึงกุ่ม,100.65943,13.80738,-1
N_81,junction,จอมทอง,100.45146,13.69009,-1
N_810,junction,พระนคร,100.50272,13.75998,-1
N_811,junction,พระนคร,100.50243,13.75951,-1
N_812,junction,สะพานสูง,100.68659,13.75375,-1
N_813,junction,สะพานสูง,100.69451,13.7698,-1
N_814,junction,ธนบุรี,100.48141,13.70734,-1
N_815,junction,ธนบุรี,100.48024,13.70586,-1
N_816,junction,คลองสามวา,100.73595,13.847,-1
N_817,junction,คลองสามวา,100.74996,13.8328,-1
N_818,junction,ตลิ่งชัน,100.42807,13.77719,-1
N_819,junction,ตลิ่งชัน,100.41548,13.80114,-1
N_82,junction,จอมทอง,100.45609,13.69657,-1
N_820,junction,ทวีวัฒนา,100.39944,13.75062,-1
N_821,junction,ทวีวัฒนา,100.39979,13.75369,-1
N_822,junction,บางแค,100.41457,13.7309,-1
N_823,junction,บางแค,100.41432,13.73288,-1
N_824,junction,บางขุนเทียน,100.41103,13.57533,-1
N_825,junction,บางขุนเทียน,100.41222,13.58812,-1
N_826,junction,ทวีวัฒนา,100.34208,13.77425,-1
N_827,junction,ทวีวัฒนา,100.33062,13.77296,-1
N_828,junction,ดุสิต,100.52752,13.78936,-1
N_829,junction,ดุสิต,100.51257,13.79368,-1
N_83,junction,บางคอแหลม,100.5255,13.69333,-1
N_830,junction,บางคอแหลม,100.50866,13.68533,-1
N_831,junction,บางคอแหลม,100.51521,13.69771,-1
N_832,junction,คลองเตย,100.55398,13.71468,-1
N_833,junction,คลองเตย,100.55631,13.70607,-1
N_834,junction,บางซื่อ,100.52776,13.81073,-1
N_835,junction,บางซื่อ,100.5173,13.80947,-1
N_836,junction,ทวีวัฒนา,100.34812,13.75119,-1
N_837,junction,ทวีวัฒนา,100.3476,13.7522,-1
N_838,junction,บางกอกใหญ่,100.49195,13.74262,-1
N_839,junction,บางกอกใหญ่,100.47152,13.7226,-1
N_84,junction,บางคอแหลม,100.51152,13.69947,-1
N_840,junction,ภาษีเจริญ,100.46199,13.74438,-1
N_841,junction,ห้วยขวาง,100.57179,13.75456,-1
N_842,junction,ห้วยขวาง,100.56894,13.74677,-1
N_843,junction,บางขุนเทียน,100.43561,13.62089,-1
N_844,junction,บางขุนเทียน,100.45131,13.61185,-1
N_845,junction,ทวีวัฒนา,100.40917,13.78044,-1
N_846,junction,ทวีวัฒนา,100.38356,13.7844,-1
N_847,junction,บางขุนเทียน,100.38445,13.60443,-1
N_848,junction,บางขุนเทียน,100.3938,13.59233,-1
N_849,junction,ตลิ่งชัน,100.43199,13.7818,-1
N_85,junction,จอมทอง,100.48041,13.68399,-1
N_850,junction,ตลิ่งชัน,100.44067,13.78764,-1
N_851,junction,บางขุนเทียน,100.44356,13.62255,-1
N_852,junction,บางขุนเทียน,100.4402,13.62589,-1
N_853,junction,ตลิ่งชัน,100.42197,13.7693,-1
N_854,junction,ตลิ่งชัน,100.42211,13.77346,-1
N_855,junction,บึงกุ่ม,100.64601,13.80951,-1
N_856,junction,ภาษีเจริญ,100.43229,13.72123,-1
N_857,junction,ภาษีเจริญ,100.42534,13.72304,-1
N_858,junction,ดุสิต,100.50178,13.77964,-1
N_859,junction,ดุสิต,100.5042,13.77878,-1
N_86,junction,จอมทอง,100.4808,13.68307,-1
N_860,junction,ตลิ่งชัน,100.46189,13.77928,-1
N_861,junction,ตลิ่งชัน,100.46139,13.78084,-1
N_862,junction,บางแค,100.36748,13.72055,-1
N_863,junction,ภาษีเจริญ,100.42706,13.72259,-1
N_864,junction,ภาษีเจริญ,100.42542,13.72143,-1
N_865,junction,จอมทอง,100.46721,13.67162,-1
N_866,junction,ธนบุรี,100.48292,13.70778,-1
N_867,junction,ธนบุรี,100.48177,13.70744,-1
N_868,junction,บางซื่อ,100.51329,13.82621,-1
N_869,junction,บางซื่อ,100.50971,13.81557,-1
N_87,junction,บางขุนเทียน,100.45152,13.67539,-1
N_870,junction,ภาษีเจริญ,100.42155,13.74066,-1
N_871,junction,ภาษีเจริญ,100.42063,13.73968,-1
N_872,junction,บางกอกน้อย,100.4747,13.75766,-1
N_873,junction,บางกอกน้อย,100.4718,13.77082,-1
N_874,junction,พระนคร,100.50361,13.76456,-1
N_875,junction,พระนคร,100.50397,13.76417,-1
N_876,junction,บางซื่อ,100.50728,13.81612,-1
N_877,junction,บางซื่อ,100.54337,13.84949,-1
N_878,junction,ตลิ่งชัน,100.4325,13.76925,-1
N_879,junction,ตลิ่งชัน,100.41794,13.76216,-1
N_88,junction,บางขุนเทียน,100.44948,13.65824,-1
N_880,junction,จตุจักร,100.58644,13.85888,-1
N_881,junction,จอมทอง,100.47911,13.69988,-1
N_882,junction,จอมทอง,100.4652,13.70176,-1
N_883,junction,จอมทอง,100.44098,13.69602,-1
N_884,junction,จอมทอง,100.43773,13.69363,-1
N_885,junction,บางคอแหลม,100.49487,13.68911,-1
N_886,junction,บางคอแหลม,100.50178,13.69843,-1
N_887,junction,ดุสิต,100.5347,13.79787,-1
N_888,junction,ดุสิต,100.53433,13.7971,-1
N_889,junction,บางคอแหลม,100.51037,13.68511,-1
N_89,junction,ภาษีเจริญ,100.45062,13.72881,-1
N_890,junction,บางคอแหลม,100.51755,13.69689,-1
N_891,junction,ทวีวัฒนา,100.33118,13.79303,-1
N_892,junction,ทวีวัฒนา,100.3329,13.79352,-1
N_893,junction,ลาดกระบัง,100.8091,13.74969,-1
N_894,junction,ลาดกระบัง,100.83222,13.76742,-1
N_895,junction,บางบอน,100.40193,13.65578,-1
N_896,junction,บางบอน,100.40413,13.65195,-1
N_897,junction,หนองแขม,100.37415,13.66752,-1
N_898,junction,หนองแขม,100.37284,13.6698,-1
N_899,junction,หนองจอก,100.87162,13.74945,-1
N_9,junction,หนองแขม,100.38026,13.68285,-1
N_90,junction,ภาษีเจริญ,100.45049,13.73585,-1
N_900,junction,หนองจอก,100.8703,13.74671,-1
N_901,junction,บางบอน,100.3758,13.66351,-1
N_902,junction,สะพานสูง,100.7024,13.77943,-1
N_903,junction,สะพานสูง,100.71535,13.78112,-1
N_904,junction,ทุ่งครุ,100.47956,13.66254,-1
N_905,junction,ทุ่งครุ,100.47089,13.65612,-1
N_906,junction,บางแค,100.37705,13.70043,-1
N_907,junction,บางแค,100.42194,13.70827,-1
N_908,junction,บางคอแหลม,100.50381,13.686,-1
N_909,junction,บางคอแหลม,100.50713,13.6855,-1
N_91,junction,ภาษีเจริญ,100.45148,13.72859,-1
N_910,junction,บางคอแหลม,100.51417,13.69816,-1
N_911,junction,ธนบุรี,100.48822,13.73078,-1
N_912,junction,ธนบุรี,100.48957,13.73231,-1
N_913,junction,คลองเตย,100.58947,13.7054,-1
N_914,junction,คลองเตย,100.59286,13.70041,-1
N_915,junction,หนองแขม,100.35749,13.70799,-1
N_916,junction,หนองแขม,100.372,13.71108,-1
N_917,junction,ภาษีเจริญ,100.42573,13.7152,-1
N_918,junction,ภาษีเจริญ,100.4635,13.73122,-1
N_919,junction,บางแค,100.42573,13.71525,-1
N_92,junction,ภาษีเจริญ,100.45155,13.73612,-1
N_920,junction,ทุ่งครุ,100.52106,13.60514,-1
N_921,junction,ทุ่งครุ,100.51144,13.59684,-1
N_922,junction,ตลิ่งชัน,100.46477,13.78441,-1
N_923,junction,ตลิ่งชัน,100.46516,13.78255,-1
N_924,junction,บางพลัด,100.49314,13.78403,-1
N_925,junction,บางพลัด,100.50115,13.77803,-1
N_926,junction,บางซื่อ,100.51657,13.81152,-1
N_927,junction,บางซื่อ,100.52639,13.81463,-1
N_928,junction,บางเขน,100.62786,13.86499,-1
N_929,junction,บางเขน,100.64022,13.86943,-1
N_93,junction,พระโขนง,100.6159,13.70685,-1
N_930,junction,พระโขนง,100.59711,13.69485,-1
N_931,junction,หนองจอก,100.88247,13.7655,-1
N_932,junction,หนองจอก,100.88835,13.77139,-1
N_933,junction,ดุสิต,100.53733,13.7978,-1
N_934,junction,ดุสิต,100.53321,13.79982,-1
N_935,junction,ดินแดง,100.5747,13.79628,-1
N_936,junction,ดินแดง,100.56155,13.79493,-1
N_937,junction,พระโขนง,100.60723,13.68229,-1
N_938,junction,พระโขนง,100.58898,13.68869,-1
N_939,junction,บางแค,100.42514,13.72641,-1
N_94,junction,พระโขนง,100.60641,13.70529,-1
N_940,junction,บางแค,100.41993,13.72761,-1
N_941,junction,หนองจอก,100.89186,13.77462,-1
N_942,junction,หนองจอก,100.8983,13.76983,-1
N_943,junction,บางแค,100.41757,13.71584,-1
N_944,junction,บางแค,100.41742,13.72414,-1
N_945,junction,ภาษีเจริญ,100.46204,13.74437,-1
N_946,junction,ภาษีเจริญ,100.41374,13.74782,-1
N_947,junction,คันนายาว,100.70497,13.79751,-1
N_948,junction,คันนายาว,100.6707,13.85344,-1
N_949,junction,บางแค,100.35257,13.75207,-1
N_95,junction,ทุ่งครุ,100.48247,13.65941,-1
N_950,junction,ดุสิต,100.51932,13.79063,-1
N_951,junction,ดุสิต,100.51965,13.79128,-1
N_952,junction,บางกอกใหญ่,100.48335,13.72432,-1
N_953,junction,บางกอกใหญ่,100.48091,13.72813,-1
N_954,junction,พญาไท,100.56155,13.79492,-1
N_955,junction,พญาไท,100.53736,13.79779,-1
N_956,junction,ห้วยขวาง,100.58902,13.79922,-1
N_957,junction,บางขุนเทียน,100.46969,13.59269,-1
N_958,junction,บางขุนเทียน,100.47692,13.60302,-1
N_959,junction,ทวีวัฒนา,100.40657,13.75871,-1
N_96,junction,ทุ่งครุ,100.48241,13.65977,-1
N_960,junction,ทวีวัฒนา,100.3556,13.76156,-1
N_961,junction,บางนา,100.65059,13.65872,-1
N_962,junction,บางนา,100.65001,13.65924,-1
N_963,junction,ภาษีเจริญ,100.43723,13.70481,-1
N_964,junction,ภาษีเจริญ,100.43002,13.70642,-1
N_965,junction,ตลิ่งชัน,100.45686,13.74353,-1
N_966,junction,ภาษีเจริญ,100.42515,13.72633,-1
N_967,junction,ภาษีเจริญ,100.4412,13.71819,-1
N_968,junction,พระโขนง,100.60573,13.7065,-1
N_969,junction,พระโขนง,100.61475,13.68588,-1
N_97,junction,จอมทอง,100.47039,13.68272,-1
N_970,junction,ยานนาวา,100.54001,13.67878,-1
N_971,junction,ยานนาวา,100.5411,13.66936,-1
N_972,junction,หลักสี่,100.55038,13.87765,-1
N_973,junction,หลักสี่,100.57451,13.87548,-1
N_974,junction,ทวีวัฒนา,100.38347,13.78929,-1
N_975,junction,ทวีวัฒนา,100.41048,13.79416,-1
N_976,junction,ตลิ่งชัน,100.41784,13.79642,-1
N_977,junction,คลองสาน,100.50841,13.71263,-1
N_978,junction,คลองสาน,100.49315,13.71816,-1
N_979,junction,บึงกุ่ม,100.66835,13.77736,-1
N_98,junction,จอมทอง,100.48163,13.6711,-1
N_980,junction,ทวีวัฒนา,100.35255,13.75212,-1
N_981,junction,ภาษีเจริญ,100.4342,13.70188,-1
N_982,junction,ภาษีเจริญ,100.43591,13.70512,-1
N_983,junction,บางขุนเทียน,100.47025,13.60057,-1
N_984,junction,บางขุนเทียน,100.4663,13.60011,-1
N_985,junction,วัฒนา,100.60172,13.71194,-1
N_986,junction,หนองจอก,100.83182,13.85575,-1
N_987,junction,หนองจอก,100.8306,13.86003,-1
N_988,junction,ธนบุรี,100.49414,13.70252,-1
N_989,junction,ธนบุรี,100.4786,13.72279,-1
N_99,junction,บางซื่อ,100.52638,13.81462,-1
N_990,junction,บางขุนเทียน,100.47038,13.5998,-1
N_991,junction,บางขุนเทียน,100.4435,13.67957,-1
N_992,junction,บางขุนเทียน,100.44758,13.68144,-1
N_993,junction,บางพลัด,100.48518,13.79482,-1
N_994,junction,บางพลัด,100.47652,13.78023,-1
N_995,junction,ราษฎร์บูรณะ,100.5143,13.6837,-1
N_996,junction,ราษฎร์บูรณะ,100.5167,13.67413,-1
N_997,junction,บางแค,100.41548,13.731,-1
N_998,junction,บางแค,100.41585,13.72804,-1
N_999,junction,บางกอกน้อย,100.47105,13.77352,-1
