{"features":[{"geometry":{"type":"Point","coordinates":[100.59189999974942,13.708110000234338],"crs":null},"id":1,"type":"Feature","properties":{"กรท":null,"เขต":"1. งานปรับปรุงแนวป้องกันน้ำท่วมริมคลองพระโขนง ช่วงจากสถานีสูบน้ำพระโขนงถึงถนนทางรถไฟสายเก่า #เเล้วเสร็จ","สคน":null,"remark":null,"risk_gob_detail":null,"project_name":null,"กรบ":null,"status_detail":"แก้ไขแล้วเสร็จ","problem":"น้ำฝน สนข.","สพน":null,"status_num":5,"district":"คลองเตย","name":"ชุมชนหมู่บ้านเปรมฤทัย ซอยเริ่มเจริญ (แนวเขื่อนของ สนน ดำเนินการเสร็จแล้ว เขตตั้งเครื่องสูบแล้ว)","x":100.5919,"group_d":"กรุงเทพใต้","y":13.70811,"id":1,"detail":"ชุมชนหมู่บ้านเปรมฤทัย อยู่ริมคลองพระโขนง เมื่อถึงฤดูน้ำหลากและน้ำทะเลหนุนน้ำจะรั่วซึมเข้าตามแผงเขื่อนที่ชำรุด จึงเป็นเหตุให้เกิดปัญหาน้ำท่วม","add2":null,"add1":null,"objectid":1,"add4":null,"risk_gob_num":0,"add3":null}},{"geometry":{"type":"Point","coordinates":[100.56180000040408,13.776539999626834],"crs":null},"id":2,"type":"Feature","properties":{"กรท":null,"เขต":"โครงการปรับปรุงซอยวิภาวดีรังสิต 2 ซอยประชาสงเคราะห์ 27 จากบ้านเลขที่ 72/1 ถึงบ้านเลขที่ 268 และซอยประชาสงเคราะห์ 45 จากบ้านเลขที่ 268 ถึงบ้านเลขที่ 5/2","สคน":null,"remark":null,"risk_gob_detail":null,"project_name":null,"กรบ":null,"status_detail":"แก้ไขแล้วเสร็จ","problem":"น้ำฝน สนข.","สพน":null,"status_num":5,"district":"ดินแดง","name":"ประชาสงเคราะห์ 27","x":100.5618,"group_d":"กรุงเทพกลาง","y":13.77654,"id":2,"detail":"สภาพภายในซอยเป็นพื้นที่ลุ่มต่ำ ประกอบด้วยระบบท่อระบายน้ำในซอยมีขนาดเล็ก","add2":null,"add1":null,"objectid":2,"add4":null,"risk_gob_num":0,"add3":null}},{"geometry":{"type":"Point","coordinates":[100.58890000039962,13.70512999985669],"crs":null},"id":3,"type":"Feature","properties":{"กรท":null,"เขต":"1. งานปรับปรุงแนวป้องกันน้ำท่วมริมคลองพระโขนง ช่วงจากสถานีสูบน้ำพระโขนงถึงถนนทางรถไฟสายเก่า #เเล้วเสร็จ","สคน":null,"remark":null,"risk_gob_detail":null,"project_name":null,"กรบ":null,"status_detail":"แก้ไขแล้วเสร็จ","problem":"น้ำฝน สนข.","สพน":null,"status_num":5,"district":"คลองเตย","name":"ลานหิมะทองคำ","x":100.5889,"group_d":"กรุงเทพใต้","y":13.70513,"id":3,"detail":"ลานหิมะทองคำ อยู่ริมคลองพระโขนง เมื่อถึงฤดูน้ำหลากและน้ำทะเลหนุนน้ำจะรั่วซึมเข้าตามแผงเขื่อนที่ชำรุด จึงเป็นเหตุให้เกิดปัญหาน้ำท่วม","add2":null,"add1":null,"objectid":3,"add4":null,"risk_gob_num":0,"add3":null}},{"geometry":{"type":"Point","coordinates":[100.56800000001853,13.718770000068263],"crs":null},"id":4,"type":"Feature","properties":{"กรท":null,"เขต":"1.ปรับปรุงระบบระบายน้ำถนนพระรามที่ 4 ถนนเกษมราษฎร์ ตอนลงคลองหัวลำโพง (กรท.สนน.) #แล้วเสร็จ","สคน":null,"remark":null,"risk_gob_detail":null,"project_name":null,"กรบ":null,"status_detail":"แก้ไขแล้วเสร็จบางส่วน","problem":"น้ำฝน สนข.","สพน":null,"status_num":4,"district":"คลองเตย","name":"ซอยสุขุมวิท 26","x":100.568,"group_d":"กรุงเทพใต้","y":13.71877,"id":4,"detail":"ท่อระบายน้ำซอยสุขุมวิท 22 ยาวประมาณ 1,600 เมตร ผิวจราจรกว้าง 8.00 เมตร ท่อระบายน้ำขนาด Ø 1.0 เมตร และ Ø 0.60 เมตร รับน้ำจากถนนสุขุมวิทและมีน้ำส่วนหนึ่งไหลมาจากซอยสุขุมวิท 24 มาบรรจบกันบริเวณทางออกถนนพระรามที่ 4 เมื่อฝนตกหนักปริมาณน้ำมากทำให้น้ำระบายไม่ทัน จึงเอ่อล้นบ่อพักขึ้นมาบนผิวจราจรช่วงโรงเรียนสายน้ำทิพย์ \u2013 โรงเรียนขจรศึกษา มีพื้นที่น้ำท่วมขังยาวประมาณ 800 เมตร ท่วมสูงประมาณ 20-30 เซนติเมตร","add2":null,"add1":null,"objectid":4,"add4":null,"risk_gob_num":0,"add3":null}},{"geometry":{"type":"Point","coordinates":[100.56559999982004,13.720690000230492],"crs":null},"id":5,"type":"Feature","properties":{"กรท":null,"เขต":null,"สคน":null,"remark":null,"risk_gob_detail":null,"project_name":null,"กรบ":null,"status_detail":"แก้ไขแล้วเสร็จ","problem":"น้ำฝน สนข.","สพน":null,"status_num":5,"district":"คลองเตย","name":"ซอยสุขุมวิท 22","x":100.5656,"group_d":"กรุงเทพใต้","y":13.72069,"id":5,"detail":"หมู่บ้านมหาวงษ์ อยู่ริมคลองพระโขนง เมื่อถึงฤดูน้ำหลากและน้ำทะเลหนุนน้ำจะรั่วซึมเข้าตามแผงเขื่อนที่ชำรุด จึงเป็นเหตุให้เกิดปัญหาน้ำท่วม","add2":null,"add1":null,"objectid":5,"add4":null,"risk_gob_num":0,"add3":null}},{"geometry":{"type":"Point","coordinates":[100.59109999968322,13.70777000026845],"crs":null},"id":6,"type":"Feature","properties":{"กรท":null,"เขต":"1. งานปรับปรุงแนวป้องกันน้ำท่วมริมคลองพระโขนง ช่วงจากสถานีสูบน้ำพระโขนงถึงถนนทางรถไฟสายเก่า #เเล้วเสร็จ","สคน":null,"remark":"ของบ 67 เพิ่มเติม ขอรายละเอียดเพิ่มเติม","risk_gob_detail":null,"project_name":null,"กรบ":null,"status_detail":"แก้ไขแล้วเสร็จ","problem":"น้ำฝน สนข.","สพน":null,"status_num":5,"district":"คลองเตย","name":"หมู่บ้านมหาวงษ์ แยกซอยภูมิจิตร","x":100.5911,"group_d":"กรุงเทพใต้","y":13.70777,"id":6,"detail":"หมู่บ้านมหาวงษ์ อยู่ริมคลองพระโขนง เมื่อถึงฤดูน้ำหลากและน้ำทะเลหนุนน้ำจะรั่วซึมเข้าตามแผงเขื่อนที่ชำรุด จึงเป็นเหตุให้เกิดปัญหาน้ำท่วม","add2":null,"add1":null,"objectid":6,"add4":null,"risk_gob_num":0,"add3":null}},{"geometry":{"type":"Point","coordinates":[100.49170000044548,13.694109999607766],"crs":null},"id":7,"type":"Feature","properties":{"กรท":null,"เขต":"งานก่อสร้างแนวป้องกันน้ำท่วมริมแม่น้ำเจ้าพระยาบริเวณวัดคลองเตยนอกถึงบริเวณสำนักงานศุลกากรส่งออกท่าเรือกรุงเทพ #แล้วเสร็จ","สคน":null,"remark":null,"risk_gob_detail":null,"project_name":null,"กรบ":null,"status_detail":"อยู่ระหว่างดำเนินการแก้ไข","problem":"น้ำฝน สนข.","สพน":null,"status_num":3,"district":"บางคอแหลม","name":"บริเวณประตูระบายน้ำลำกระโดงสาธารณะ 4 (บ้านทรงไทย)","x":100.4917,"group_d":"กรุงเทพใต้","y":13.69411,"id":7,"detail":"วัดคลองเตยนอก อยู่ริมแม่น้ำเจ้าพระยาและมีระดับต่ำเมื่อถึงฤดูน้ำหลากและน้ำทะเลหนุนสูง จะไหลเข้าท่อระบายน้ำล้นบ่อพักไหลเข้ามาภายในวัด","add2":null,"add1":null,"objectid":7,"add4":null,"risk_gob_num":0,"add3":null}},{"geometry":{"type":"Point","coordinates":[100.48329999975076,13.70714000023727],"crs":null},"id":8,"type":"Feature","properties":{"กรท":null,"เขต":"ดำเนินบ้างทำความสะอาดท่อ ที่เชื่อมถนนสาธารณะ เพื่อช่วยการระน้ำภายในซอย","สคน":null,"remark":null,"risk_gob_detail":null,"project_name":null,"กรบ":null,"status_detail":"แก้ไขแล้วเสร็จ","problem":"น้ำฝน สนข.","สพน":null,"status_num":5,"district":"ธนบุรี","name":"ซอยสมเด็จพระเจ้าตากสิน 28","x":100.4833,"group_d":"กรุงธนเหนือ","y":13.70714,"id":8,"detail":"- เป็นซอยเอกชนพื้นที่ต่ำ ระบบท่อระบายน้ำมีขนาดเล็ก\n- หากเกิดฝนตกหนักมีน้ำรอระบายสูงสุด 10-15 เซนติเมตร ใช้เวลาไม่เกิน 20 นาที","add2":null,"add1":null,"objectid":8,"add4":null,"risk_gob_num":0,"add3":null}},{"geometry":{"type":"Point","coordinates":[100.58830000034999,13.705499999615997],"crs":null},"id":9,"type":"Feature","properties":{"กรท":null,"เขต":null,"สคน":null,"remark":null,"risk_gob_detail":null,"project_name":null,"กรบ":null,"status_detail":"อยู่ระหว่างดำเนินการแก้ไข","problem":"น้ำฝน สนข.","สพน":null,"status_num":3,"district":"คลองเตย","name":"ท่าทรายสุขสวัสดิ์","x":100.5883,"group_d":"กรุงเทพใต้","y":13.7055,"id":9,"detail":"ชุมชนโรงหมูอยู่ริมคลองพระโขนง เมื่อถึงฤดูน้ำหลากและน้ำทะเลหนุนน้ำจะรั่วซึมเข้าตามแผงเขื่อนที่ชำรุด จึงเป็นเหตุให้เกิดปัญหาน้ำท่วม","add2":null,"add1":null,"objectid":9,"add4":null,"risk_gob_num":0,"add3":null}},{"geometry":{"type":"Point","coordinates":[100.50939999966356,13.689449999777413],"crs":null},"id":10,"type":"Feature","properties":{"กรท":null,"เขต":null,"สคน":null,"remark":null,"risk_gob_detail":null,"project_name":null,"กรบ":null,"status_detail":"แก้ไขแล้วเสร็จ","problem":"น้ำฝน สนข.","สพน":null,"status_num":5,"district":"บางคอแหลม","name":"สามแยกเจริญราษฎร์","x":100.5094,"group_d":"กรุงเทพใต้","y":13.68945,"id":10,"detail":null,"add2":null,"add1":null,"objectid":10,"add4":null,"risk_gob_num":0,"add3":null}},{"geometry":{"type":"Point","coordinates":[100.5997000003945,13.789179999841426],"crs":null},"id":11,"type":"Feature","properties":{"กรท":null,"เขต":"โครงการปรับปรุงถนนซอยลาดพร้าว 64 จากถนนลาดพร้าว ถึงปลายซอยเกตุนิติ 12 #เเล้วเสร็จ","สคน":null,"remark":"2568","risk_gob_detail":null,"project_name":null,"กรบ":null,"status_detail":"แก้ไขแล้วเสร็จ","problem":"น้ำฝน สนข.","สพน":null,"status_num":5,"district":"วังทองหลาง","name":"ซอยลาดพร้าว 64","x":100.5997,"group_d":"กรุงเทพกลาง","y":13.78918,"id":11,"detail":"ปัญหา : น้ำท่วมขังซอยลาดพร้าว 64 (แยก 2 , แยก 4) สภาพซอยมีพื้นที่ต่ำ","add2":null,"add1":null,"objectid":11,"add4":null,"risk_gob_num":0,"add3":null}},{"geometry":{"type":"Point","coordinates":[100.60619999958462,13.768690000393747],"crs":null},"id":12,"type":"Feature","properties":{"กรท":null,"เขต":"ก่อสร้างบ่อพักพร้อมประตูปิดกั้นน้ำ ขนาดเส้นผ่านศูนย์กลาง 1.20 ม. #แล้วเสร็จ","สคน":null,"remark":null,"risk_gob_detail":null,"project_name":null,"กรบ":null,"status_detail":"แก้ไขแล้วเสร็จ","problem":"น้ำฝน สนข.","สพน":null,"status_num":5,"district":"วังทองหลาง","name":"ถนนศรีวรา","x":100.6062,"group_d":"กรุงเทพกลาง","y":13.76869,"id":12,"detail":"ปัญหา : น้ำท่วมขังบริเวณ ถนนศรีวรา โครงการ : ขุดลอกลำคลองตาป่วน เลียบถนนศรีวรา","add2":null,"add1":null,"objectid":12,"add4":null,"risk_gob_num":0,"add3":null}},{"geometry":{"type":"Point","coordinates":[100.44330000003578,13.693040000310637],"crs":null},"id":13,"type":"Feature","properties":{"กรท":null,"เขต":"ติดตั้งเครื่องสูบน้ำดีเซล ขนาด 8 นิ้ว จำนวน 1 เครื่อง","สคน":null,"remark":null,"risk_gob_detail":null,"project_name":null,"กรบ":null,"status_detail":"พื้นที่เอกชนหรือหน่วยงานราชการ","problem":"น้ำฝน สนข.","สพน":null,"status_num":2,"district":"จอมทอง","name":"ปลายซอยกำนันแม้น 22","x":100.4433,"group_d":"กรุงธนเหนือ","y":13.69304,"id":13,"detail":"ผิวจราจรมีระดับต่ำและเป็นพื้นที่ส่วนบุคคล\n","add2":null,"add1":null,"objectid":13,"add4":null,"risk_gob_num":0,"add3":null}},{"geometry":{"type":"Point","coordinates":[100.48240000012547,13.680429999604437],"crs":null},"id":14,"type":"Feature","properties":{"กรท":null,"เขต":"ติดตั้งเครื่องสูบน้ำดีเซล ขนาด 8 นิ้ว จำนวน 1 เครื่อง สูบน้ำจากคลองโพธิ์ไปยังคลองต้นโพธิ์เพื่อช่วยเพิ่มปริมาณการรับนัำของคลองโพธิ์","สคน":null,"remark":null,"risk_gob_detail":null,"project_name":null,"กรบ":null,"status_detail":"พื้นที่เอกชนหรือหน่วยงานราชการ","problem":"น้ำฝน สนข.","สพน":null,"status_num":2,"district":"จอมทอง","name":"ถนนพระราม 2 ซอย 3 - 11","x":100.4824,"group_d":"กรุงธนเหนือ","y":13.68043,"id":14,"detail":"พื้นผิวจราจรมีระดับต่ำไม่สามารถระบายน้ำลงคลองได้ทัน","add2":null,"add1":null,"objectid":14,"add4":null,"risk_gob_num":0,"add3":null}},{"geometry":{"type":"Point","coordinates":[100.46550000007521,13.701850000125186],"crs":null},"id":15,"type":"Feature","properties":{"กรท":null,"เขต":null,"สคน":null,"remark":null,"risk_gob_detail":null,"project_name":null,"กรบ":null,"status_detail":"แก้ไขแล้วเสร็จ","problem":"น้ำฝน สนข.","สพน":null,"status_num":5,"district":"จอมทอง","name":"ประตูระบายน้ำคลองบางค้อ","x":100.4655,"group_d":"กรุงธนเหนือ","y":13.70185,"id":15,"detail":"ประตูระบายน้ำมีน้ำรั่วซึม","add2":null,"add1":null,"objectid":15,"add4":null,"risk_gob_num":0,"add3":null}},{"geometry":{"type":"Point","coordinates":[100.44849999956756,13.681639999908384],"crs":null},"id":16,"type":"Feature","properties":{"กรท":null,"เขต":null,"สคน":null,"remark":null,"risk_gob_detail":null,"project_name":null,"กรบ":null,"status_detail":"แก้ไขแล้วเสร็จ","problem":"น้ำฝน สนข.","สพน":null,"status_num":5,"district":"จอมทอง","name":"คลองวัดสิงห์ ตอนคลองสนามชัย","x":100.4485,"group_d":"กรุงธนเหนือ","y":13.68164,"id":16,"detail":"ประตูระบายน้ำมีน้ำรั่วซึม","add2":null,"add1":null,"objectid":16,"add4":null,"risk_gob_num":0,"add3":null}},{"geometry":{"type":"Point","coordinates":[100.50250000044039,13.734860000020513],"crs":null},"id":17,"type":"Feature","properties":{"กรท":null,"เขต":" 1. ปัจจุบันใช้เครื่องสูบน้ำไฟฟ้า จำนวน 2 เครื่อง ขนาด 6 นิ้ว และ 12 นิ้ว ของ สนน. ในการสูบน้ำจากบ่อสูบท่าเรือท่าดินแดง ระบายน้ำออกสู่แม่น้ำเจ้าพระยา และสำรองเครื่องสูบน้ำดีเซล ขนาด 8 นิ้ว กรณีเครื่องสูบน้ำไฟฟ้าเสีย \n 2. ดำเนินการล้างทำความสะอาดท่อระบายน้ำภายในพื้นที่ดังกล่าว ประจำปีงบประมาณ 2569","สคน":null,"remark":"2567","risk_gob_detail":null,"project_name":null,"กรบ":null,"status_detail":"อยู่ระหว่างดำเนินการแก้ไข","problem":"น้ำฝน สนข.","สพน":null,"status_num":3,"district":"คลองสาน","name":"ซอยท่าดินแดง 13 (เอกชน)","x":100.5025,"group_d":"กรุงธนเหนือ","y":13.73486,"id":17,"detail":"บริเวณตลาดท่าดินแดง \u2013 ท่าเรือท่าดินแดง ซอยแยกซอยท่าดินแดง 13 (ซอยเอกชน) ซึ่งมีสภาพพื้นที่ต่ำ และท่อระบายน้ำมีขนาดเล็ก เส้นผ่าศูนย์กลาง 0.30 เมตร เมื่อฝนตกหนักจะมีน้ำรอการระบาย และท่วมบ้านเรือนที่อยู่ต่ำภายในซอยดังกล่าว","add2":null,"add1":null,"objectid":17,"add4":null,"risk_gob_num":0,"add3":null}},{"geometry":{"type":"Point","coordinates":[100.48320000019163,13.706049999572995],"crs":null},"id":18,"type":"Feature","properties":{"กรท":null,"เขต":"สำนักการโยธาปรับปรุงผิวถนนรัชดาภิเษกเรียบร้อยแล้ว","สคน":null,"remark":null,"risk_gob_detail":null,"project_name":null,"กรบ":null,"status_detail":"แก้ไขแล้วเสร็จ","problem":"น้ำฝน สนข.","สพน":null,"status_num":5,"district":"ธนบุรี","name":"ถนนรัชดาภิเษกช่วงเดอะมอลล แยกมไหสวรรค์","x":100.4832,"group_d":"กรุงธนเหนือ","y":13.70605,"id":18,"detail":"-ผิวการจราจรไม่เรียบเป็นแอ่งเป็นช่วง ๆ ทำให้เกิดการระบายน้ำได้ช้า\n-มีการก่อสร้างทางลอดทางแยกรัชดาภิเษก -ราชพฤกษ์ ทำให้เป็นอุปสรรคในการระบาย\nน้ำจากเศษวัสดุก่อสร้าง\n'- หากเกิดฝนตกหนักมีนำรอระบายสูงสุด 10 เซนติเมตร ใช้เวลาไม่เกิน 30 นาที","add2":null,"add1":null,"objectid":18,"add4":null,"risk_gob_num":0,"add3":null}},{"geometry":{"type":"Point","coordinates":[100.48730000008158,13.707930000159685],"crs":null},"id":19,"type":"Feature","properties":{"กรท":null,"เขต":"เอกชนดำเนินการปรับปรุงรางระบายน้ำภายในพื้นที่เป็นที่เรียบร้อย","สคน":null,"remark":null,"risk_gob_detail":null,"project_name":null,"กรบ":null,"status_detail":"แก้ไขแล้วเสร็จ","problem":"น้ำฝน สนข.","สพน":null,"status_num":5,"district":"ธนบุรี","name":"ซอยสมเด็จพระเจ้าตากสิน 25","x":100.4873,"group_d":"กรุงธนเหนือ","y":13.70793,"id":19,"detail":"- เป็นซอยเอกชนพื้นที่ต่ำ ระบบท่อระบายน้ำมีขนาดเล็ก\n- หากเกิดฝนตกหนักมีน้ำรอระบายสูงสุด 10-15 เซนติเมตร ใช้เวลาไม่เกิน 20 นาที","add2":null,"add1":null,"objectid":19,"add4":null,"risk_gob_num":0,"add3":null}},{"geometry":{"type":"Point","coordinates":[100.48240000012547,13.700790000295086],"crs":null},"id":20,"type":"Feature","properties":{"กรท":null,"เขต":"ดำเนินการปรับปรุงผิวจราจร และท่อระบายน้ำ (สำนักงานเขตดำเนินการแล้วเสร็จ)","สคน":null,"remark":null,"risk_gob_detail":null,"project_name":null,"กรบ":null,"status_detail":"แก้ไขแล้วเสร็จ","problem":"น้ำฝน สนข.","สพน":null,"status_num":5,"district":"ธนบุรี","name":"ซอยสมเด็จพระเจ้าตากสิน 40","x":100.4824,"group_d":"กรุงธนเหนือ","y":13.70079,"id":20,"detail":"- ท่อระบายน้ำภายในซอยมีขนาดเล็ก ต้นซอยเป็นที่สาธารณะความยาว 20 เมตร\n- มีน้ำรอระบายเป็นบางครั้งระดับน้ำรอระบายสูงสุด 5 เซนติเมตร ใช้เวลาไม่เกิน 20 นาที","add2":null,"add1":null,"objectid":20,"add4":null,"risk_gob_num":0,"add3":null}},{"geometry":{"type":"Point","coordinates":[100.4708999996235,13.71262999993764],"crs":null},"id":21,"type":"Feature","properties":{"กรท":null,"เขต":"กรมทางหลวงปรับปรุงระบบท่อระบายน้ำและล้างทำความสะอาดท่อเรียบร้อย","สคน":null,"remark":null,"risk_gob_detail":null,"project_name":null,"กรบ":null,"status_detail":"แก้ไขแล้วเสร็จ","problem":"น้ำฝน สนข.","สพน":null,"status_num":5,"district":"ธนบุรี","name":"ทางกลับรถใต้สะพานวุฒากาศ","x":100.4709,"group_d":"กรุงธนเหนือ","y":13.71263,"id":21,"detail":"- ท่อระบายน้ำที่เชื่อมคลองด่านไหลได้ช้า/อุดตัน\n- มีน้ำรอการระบายเป็นบางครั้ง ระดับน้ำรอการระบายสูงสุด 5 ซม. ใช้เวลาไม่เกิน 20 นาที","add2":null,"add1":null,"objectid":21,"add4":null,"risk_gob_num":0,"add3":null}},{"geometry":{"type":"Point","coordinates":[100.48759999965722,13.744639999971653],"crs":null},"id":22,"type":"Feature","properties":{"กรท":null,"เขต":null,"สคน":null,"remark":null,"risk_gob_detail":null,"project_name":null,"กรบ":null,"status_detail":"มีมาตรการเร่งด่วน","problem":"น้ำฝน สนข.","สพน":null,"status_num":1,"district":"บางกอกใหญ่","name":"ชุมชนซอยวังเดิม 10 ถนนวังเดิม","x":100.4876,"group_d":"กรุงธนเหนือ","y":13.74464,"id":22,"detail":"ผิวจราจรต่ำ ","add2":null,"add1":null,"objectid":22,"add4":null,"risk_gob_num":0,"add3":null}},{"geometry":{"type":"Point","coordinates":[100.53239999976918,13.707879999823543],"crs":null},"id":23,"type":"Feature","properties":{"กรท":null,"เขต":null,"สคน":null,"remark":null,"risk_gob_detail":null,"project_name":null,"กรบ":null,"status_detail":"แก้ไขแล้วเสร็จ","problem":"น้ำฝน สนข.","สพน":null,"status_num":5,"district":"สาทร","name":"ชุมชนจันทร์ทรานิเวศ ตลอดถนนทั้งชุมชน","x":100.5324,"group_d":"กรุงเทพใต้","y":13.70788,"id":23,"detail":"ชุมชนจันทร์ทรานิเวศ ตลอดถนนทั้งชุมชน รับผลกระทบจากน้ำท่วมถนนจันทน์ มีน้ำขัง สูง 10 ซม. ยาว 100 ม.","add2":null,"add1":null,"objectid":23,"add4":null,"risk_gob_num":0,"add3":null}},{"geometry":{"type":"Point","coordinates":[100.4860000004232,13.747289999681913],"crs":null},"id":24,"type":"Feature","properties":{"กรท":null,"เขต":"1. งานปรับปรุงเเนวป้องกันน้ำท่วมริมคลองมอญ บริเวณชุมชนวัดเครือวัลย์ #เเล้วเสร็จ","สคน":null,"remark":null,"risk_gob_detail":null,"project_name":null,"กรบ":null,"status_detail":"แก้ไขแล้วเสร็จ","problem":"น้ำฝน สนข.","สพน":null,"status_num":5,"district":"บางกอกใหญ่","name":"ชุมชนวัดเครือวัลย์ ถนนอรุณอมรินทร์","x":100.486,"group_d":"กรุงธนเหนือ","y":13.74729,"id":24,"detail":"เวลาน้ำทะเลหนุนสูงจะพบปัญหาน้ำท่วมขัง","add2":null,"add1":null,"objectid":24,"add4":null,"risk_gob_num":0,"add3":null}},{"geometry":{"type":"Point","coordinates":[100.48890000021389,13.74480999991131],"crs":null},"id":25,"type":"Feature","properties":{"กรท":null,"เขต":null,"สคน":null,"remark":null,"risk_gob_detail":null,"project_name":null,"กรบ":null,"status_detail":"มีมาตรการเร่งด่วน","problem":"น้ำฝน สนข.","สพน":null,"status_num":1,"district":"บางกอกใหญ่","name":"วัดอรุณราชวรมหาวิหาร","x":100.4889,"group_d":"กรุงธนเหนือ","y":13.74481,"id":25,"detail":"น้ำล้นคลองลำกระโหลก","add2":null,"add1":null,"objectid":25,"add4":null,"risk_gob_num":0,"add3":null}},{"geometry":{"type":"Point","coordinates":[100.46579999965088,13.740050000345018],"crs":null},"id":26,"type":"Feature","properties":{"กรท":null,"เขต":null,"สคน":null,"remark":null,"risk_gob_detail":null,"project_name":null,"กรบ":null,"status_detail":"พื้นที่เอกชนหรือหน่วยงานราชการ","problem":"น้ำฝน สนข.","สพน":null,"status_num":2,"district":"บางกอกใหญ่","name":"หมู่บ้านอิ่มอัมพร ซอยพาณิชการธนบุรี 9","x":100.4658,"group_d":"กรุงธนเหนือ","y":13.74005,"id":26,"detail":null,"add2":null,"add1":null,"objectid":26,"add4":null,"risk_gob_num":0,"add3":null}},{"geometry":{"type":"Point","coordinates":[100.47750000016937,13.768060000072385],"crs":null},"id":27,"type":"Feature","properties":{"กรท":null,"เขต":"1.ได้รับงบประมาณปี 2567 ได้ดำเนินการเรียบร้อยแล้ว\n2.โครงการปรับปรุงแก้มลิงบึงมักกะสัน ส่วนที่ 1","สคน":null,"remark":null,"risk_gob_detail":null,"project_name":null,"กรบ":null,"status_detail":"แก้ไขแล้วเสร็จ","problem":"น้ำฝน สนข.","สพน":null,"status_num":5,"district":"บางกอกน้อย","name":"ถนนจรัญสนิทวงศ์ช่วง ปากซอยจรัญ 36,34","x":100.4775,"group_d":"กรุงธนเหนือ","y":13.76806,"id":27,"detail":"งานก่อสร้างรางระบายน้ำ ค.ส.ล. ถนนอิสรภาพ ช่วงหน้าตลาดพรานนก ถึงซอยอิสรภาพ 44 (2 ฝั่ง)","add2":null,"add1":null,"objectid":27,"add4":null,"risk_gob_num":0,"add3":null}},{"geometry":{"type":"Point","coordinates":[100.47679999966232,13.779200000244407],"crs":null},"id":28,"type":"Feature","properties":{"กรท":null,"เขต":"1.ติดตั้งเครื่องสูบน้ำขนาด 8 นิ้ว จำนวน 1 เครื่อง\n2.โครงการปรับปรุงแก้มลิงบึงมักกะสัน ส่วนที่ 1","สคน":null,"remark":null,"risk_gob_detail":null,"project_name":null,"กรบ":null,"status_detail":"แก้ไขแล้วเสร็จ","problem":"น้ำฝน สนข.","สพน":null,"status_num":5,"district":"บางกอกน้อย","name":"หมู่บ้านบางกอกน้อยวิลเลจ","x":100.4768,"group_d":"กรุงธนเหนือ","y":13.7792,"id":28,"detail":"เป็นซอยส่วนบุคคล ซึ่งยังไม่ได้อุทิศให้เป็นสาธารณะมีท่อระบายน้ำขนาดเล็กไม่เป็นมาตรฐานของกรุงเทพมหานครและอยู่ริมคลองบางกอกน้อยมีน้ำท่วมขังสูงประมาณ 15 ซม. เนื่องจากน้ำฝน","add2":null,"add1":null,"objectid":28,"add4":null,"risk_gob_num":0,"add3":null}},{"geometry":{"type":"Point","coordinates":[100.50090000030805,13.784790000379916],"crs":null},"id":29,"type":"Feature","properties":{"กรท":null,"เขต":"1. งานก่อสร้างและปรับปรุงแนวป้องกันน้ำท่วมริมแม่น้ำเจ้าพระยา บริเวณปลายซอยจรัญสนิทวงศ์ 68 ถึงชุมชนวัดเทพนารี #เเล้วเสร็จ","สคน":null,"remark":null,"risk_gob_detail":null,"project_name":null,"กรบ":null,"status_detail":"แก้ไขแล้วเสร็จ","problem":"น้ำฝน สนข.","สพน":null,"status_num":5,"district":"บางพลัด","name":"ซอยจนัญสนิทวงศ์ 68 (วัดเทพนารี)","x":100.5009,"group_d":"กรุงธนเหนือ","y":13.78479,"id":29,"detail":"บริเวณซอยจรัญสนิทวงศ์ 68 จุดที่มีน้ำท่วมขังมีพื้นที่ต่ำ มีท่อระบายน้ำขนาดเล็กและท่อระบายน้ำอยู่นะดับต่ำ อีกทั้งมีการรับน้ำจากแม่น้ำเจ้าพระยาเข้ามาในระบบท่อระบายน้ำจากรอยรั่วของเขื่อนริมแม่น้ำเจ้าพระยา ส่งผลให้เกิดน้ำท่วมขังจากน้ำข้างในระบบท่อ","add2":null,"add1":null,"objectid":29,"add4":null,"risk_gob_num":0,"add3":null}},{"geometry":{"type":"Point","coordinates":[100.49939999973483,13.779109999613167],"crs":null},"id":30,"type":"Feature","properties":{"กรท":null,"เขต":"1. งานปรับปรุงเเนวป้องกันน้ำท่วมริมเเม่น้ำเจ้าพระยา บริเวณชุมชนวัดภคินีนาท #เเล้วเสร็จ","สคน":null,"remark":null,"risk_gob_detail":null,"project_name":null,"กรบ":null,"status_detail":"แก้ไขแล้วเสร็จ","problem":"น้ำฝน สนข.","สพน":null,"status_num":5,"district":"บางพลัด","name":"บริเวณชุมชนวัดภคินีนาถวรวิหาร","x":100.4994,"group_d":"กรุงธนเหนือ","y":13.77911,"id":30,"detail":"บริเวณชุมชนวัดภคินีนาถวรวิหาร จุดที่มีน้ำท่วมขังมีพื้นที่ต่ำ มีท่อระบายน้ำขนาดเล็กและท่อระบายน้ำอยู่นะดับต่ำ อีกทั้งมีการรับน้ำจากแม่น้ำเจ้าพระยาเข้ามาในระบบท่อระบายน้ำจากรอยรั่วของเขื่อนริมแม่น้ำเจ้าพระยา ส่งผลให้เกิดน้ำท่วมขังจากน้ำข้างในระบบท่อ","add2":null,"add1":null,"objectid":30,"add4":null,"risk_gob_num":0,"add3":null}},{"geometry":{"type":"Point","coordinates":[100.49779999960249,13.774419999788268],"crs":null},"id":31,"type":"Feature","properties":{"กรท":null,"เขต":"1. งานปรับปรุงเเนวป้องกันน้ำท่วมริมเเม่น้ำเจ้าพระยา บริเวณวัดบวรมงคล #เเล้วเสร็จ","สคน":null,"remark":null,"risk_gob_detail":null,"project_name":null,"กรบ":null,"status_detail":"แก้ไขแล้วเสร็จ","problem":"น้ำฝน สนข.","สพน":null,"status_num":5,"district":"บางพลัด","name":"บริเวณข้างสถานีตำรวจบวรมงคล","x":100.4978,"group_d":"กรุงธนเหนือ","y":13.77442,"id":31,"detail":"บริเวณข้างสถานีตำรวจนครบาลบวรมงคลจุดที่มีน้ำท่วมขังมีพื้นที่ต่ำ รับน้ำจากแม่น้ำเจ้าพระยาเข้ามาในระบบท่อระบายน้ำจากรอยรั่วของเขื่อนริมแม่น้ำเจ้าพระยา ที่ค่อนข้างมาก","add2":null,"add1":null,"objectid":31,"add4":null,"risk_gob_num":0,"add3":null}},{"geometry":{"type":"Point","coordinates":[100.49260000007075,13.765099999897481],"crs":null},"id":32,"type":"Feature","properties":{"กรท":null,"เขต":null,"สคน":null,"remark":null,"risk_gob_detail":null,"project_name":null,"กรบ":null,"status_detail":"มีมาตรการเร่งด่วน","problem":"น้ำฝน สนข.","สพน":null,"status_num":1,"district":"บางพลัด","name":"บริเวณข้างสถานีตำรวจนครบาลบางยี่ขัน","x":100.4926,"group_d":"กรุงธนเหนือ","y":13.7651,"id":32,"detail":"น้ำในท่อสูง","add2":null,"add1":null,"objectid":32,"add4":null,"risk_gob_num":0,"add3":null}},{"geometry":{"type":"Point","coordinates":[100.4928000000873,13.789629999824008],"crs":null},"id":33,"type":"Feature","properties":{"กรท":null,"เขต":"ประสานผู้รับจ้างโครงการก่อสร้างระบบบำบัดน้ำเสียให้ทำการรื้อถอนcassingออกบางส่วนและกำจัดวัชพืช ที่ให้น้ำสามารถไหลผ่านได้อย่างสะดวก และทาง สนข. ได้ติดตั้งเครื่องสูบน้ำ ดีเซลขนาด 10 นิ้ว แสตนบายเมื่อเวลาน้ำเอ่อล้นขึ้นมา","สคน":null,"remark":null,"risk_gob_detail":null,"project_name":null,"กรบ":null,"status_detail":"แก้ไขแล้วเสร็จบางส่วน","problem":"น้ำฝน สนข.","สพน":null,"status_num":4,"district":"บางพลัด","name":"ซอยจรัญสนิทวงศ์ 71","x":100.4928,"group_d":"กรุงธนเหนือ","y":13.78963,"id":33,"detail":"จากที่ได้สำรวจพื้นที่ล่าสุด สาเหตุน้ำในคลองบางพลูระบายลงสู่แม่น้ำเจ้าพระยาได้ช้าเนื่องจาก ติดโครงการก่อสร้างระบบบำบัดน้ำเสีย ทำให้น้ำเอ่อล้นขึ้นมาบนผิวจราจรซอยจรัญ 71","add2":null,"add1":null,"objectid":33,"add4":null,"risk_gob_num":0,"add3":null}},{"geometry":{"type":"Point","coordinates":[100.48520000035705,13.78514000013931],"crs":null},"id":34,"type":"Feature","properties":{"กรท":null,"เขต":"ได้ติดตั้งเครื่องสูบน้ำดีเซล ขนาด 8 นิ้ว สแตนบายไว้บริเวณปากซอยแยก 14","สคน":null,"remark":null,"risk_gob_detail":null,"project_name":null,"กรบ":null,"status_detail":"พื้นที่เอกชนหรือหน่วยงานราชการ","problem":"น้ำฝน สนข.","สพน":null,"status_num":2,"district":"บางพลัด","name":"ซอยจรัญสนิทวงศ์ 65 แยก 14","x":100.4852,"group_d":"กรุงธนเหนือ","y":13.78514,"id":34,"detail":"บริเวณซอยจรัญสนิทวงศ์ 65 แยก 14 จุดบริเวณที่น้ำท่วมขังมีพื้นที่ต่ำ แลมีระบบระบายน้ำลงคลองบางบำหรุเป็นหลัก ซึ่งมีความยาวมากและพื้นที่ดังกล่าวอยู่บริเวณปลายคลอง เมื่อเกิดฝนตกหนักทำให้เกิดความล่าช้าในการระบายน้ำ และน้ำจากคลองบางบำหรุไหลย้อนเข้าสู่ระบบท่อระบายน้ำ ส่งผลให้เกิดน้ำท่วมขัง ในกรณีที่ระดับน้ำในคลองขึ้นสูง","add2":null,"add1":null,"objectid":34,"add4":null,"risk_gob_num":0,"add3":null}},{"geometry":{"type":"Point","coordinates":[100.42650000044297,13.77866999961471],"crs":null},"id":35,"type":"Feature","properties":{"กรท":null,"เขต":null,"สคน":null,"remark":null,"risk_gob_detail":null,"project_name":null,"กรบ":null,"status_detail":"แก้ไขแล้วเสร็จบางส่วน","problem":"น้ำฝน สนข.","สพน":null,"status_num":4,"district":"ตลิ่งชัน","name":"ถนนพุทธมณฑลสาย 1 (ทางเข้าออกสายใต้ใหม่)","x":100.4265,"group_d":"กรุงธนเหนือ","y":13.77867,"id":35,"detail":"ถนนต่ำ ไม่มีท่อระบายน้ำ ","add2":null,"add1":null,"objectid":35,"add4":null,"risk_gob_num":0,"add3":null}},{"geometry":{"type":"Point","coordinates":[100.43370000014015,13.788060000345276],"crs":null},"id":36,"type":"Feature","properties":{"กรท":null,"เขต":"ลอกท่อระบายน้ำ และเก็บขยะหน้าตระแกรง","สคน":null,"remark":null,"risk_gob_detail":null,"project_name":null,"กรบ":null,"status_detail":"พื้นที่เอกชนหรือหน่วยงานราชการ","problem":"น้ำฝน สนข.","สพน":null,"status_num":2,"district":"ตลิ่งชัน","name":"ซอยฉิมพลี 20 ท้ายซอย","x":100.4337,"group_d":"กรุงธนเหนือ","y":13.78806,"id":36,"detail":"ท้ายซอยต่ำกว่าถนนฉิมพลีและส่วนปากซอย\nที่เป็นสาธารณะ (มีพิพาทกรรมสิทธิ์)","add2":null,"add1":null,"objectid":36,"add4":null,"risk_gob_num":0,"add3":null}},{"geometry":{"type":"Point","coordinates":[100.43370000014015,13.796470000225913],"crs":null},"id":37,"type":"Feature","properties":{"กรท":null,"เขต":"โครงการวางท่อระบายน้ำชนิดกลมในผิวจราจร ขนาด 1 เมตร ดำเนินการปรับปรุงแล้วเสร็จ ปี 2566","สคน":null,"remark":null,"risk_gob_detail":null,"project_name":null,"กรบ":null,"status_detail":"แก้ไขแล้วเสร็จ","problem":"น้ำฝน สนข.","สพน":null,"status_num":5,"district":"ตลิ่งชัน","name":"ซอยสวนผัก 29","x":100.4337,"group_d":"กรุงธนเหนือ","y":13.79647,"id":37,"detail":"ซอยสวนผัก 29 (บริเวณต้นซอย) เมื่อปริมาณความเข้มของฝนเกิน 60 มิลลิเมตรต่อชั่วโมง น้ำท่วมขังผิวจราจรเนื่องจากถนนมีระดับต่ำกว่าถนนสวนผักการเดินทางของน้ำระยะทางไกลบางจุดมีปัญหาเรื่องท่อเชื่อมมีขนาดเล็กระดับน้ำ 5-15 เซนติเมตร","add2":null,"add1":null,"objectid":37,"add4":null,"risk_gob_num":0,"add3":null}},{"geometry":{"type":"Point","coordinates":[100.41809999974826,13.764120000197668],"crs":null},"id":38,"type":"Feature","properties":{"กรท":null,"เขต":"ปี พ.ศ. 2567 ไม่ได้รับการร้องเรียนปัญหาน้ำท่วมขัง","สคน":null,"remark":null,"risk_gob_detail":null,"project_name":null,"กรบ":null,"status_detail":"แก้ไขแล้วเสร็จ","problem":"น้ำฝน สนข.","สพน":null,"status_num":5,"district":"ตลิ่งชัน","name":"หมู่บ้านมหาดไทย 2","x":100.4181,"group_d":"กรุงธนเหนือ","y":13.76412,"id":38,"detail":"หมู่บ้านมหาดไทย 2เมื่อปริมาณความเข้มของฝนเกิน 60 มิลลิเมตรต่อชั่วโมง น้ำท่วมขังผิวจราจรเนื่องจากถนนในซอยีระดับต่ำกว่าถนนเมนท่อระบายน้ำมี่ขนาดเล็กไหลลงบ่อบำบัดหมู่บ้านและลงคลองลัดมะยม ระดับน้ำ 5-15 เซนติเมตร ประชาชนไม่ให้ตั้งเตรื่องสูบน้ำเนื่องจากเสียงดัง","add2":null,"add1":null,"objectid":38,"add4":null,"risk_gob_num":0,"add3":null}},{"geometry":{"type":"Point","coordinates":[100.43189999999126,13.791420000162283],"crs":null},"id":39,"type":"Feature","properties":{"กรท":null,"เขต":"โครงการปรับปรุงซอยทุ่งมังกร 12 จากถนนทุ่งมังกร ถึงสุดเขตทางสาธารณะ วางท่อระบายน้ขนาด 1.00 เมตร ในผิวจราจร และขนาด 0.40 เมตร ชนิดกลมในทางเท้า ดำเนินการแล้วเสร็จปี 2566 และติดตั้งเครื่องสูบน้ำขนาด 8 นิ้ว ซอยฉิมพลี 12","สคน":null,"remark":null,"risk_gob_detail":null,"project_name":null,"กรบ":null,"status_detail":"แก้ไขแล้วเสร็จ","problem":"น้ำฝน สนข.","สพน":null,"status_num":5,"district":"ตลิ่งชัน","name":"ซอยทุ่งมังกร 12","x":100.4319,"group_d":"กรุงธนเหนือ","y":13.79142,"id":39,"detail":"หมู่บ้านมหาดไทย 2เมื่อปริมาณความเข้มของฝนเกิน 60 มิลลิเมตรต่อชั่วโมง น้ำท่วมขังผิวจราจรเนื่องจากถนนในซอยีระดับต่ำกว่าถนนเมนท่อระบายน้ำมี่ขนาดเล็กไหลลงบ่อบำบัดหมู่บ้านและลงคลองลัดมะยม ระดับน้ำ 5-15 เซนติเมตร ประชาชนไม่ให้ตั้งเตรื่องสูบน้ำเนื่องจากเสียงดัง","add2":null,"add1":null,"objectid":39,"add4":null,"risk_gob_num":0,"add3":null}},{"geometry":{"type":"Point","coordinates":[100.38310000044682,13.77269999966656],"crs":null},"id":40,"type":"Feature","properties":{"กรท":null,"เขต":"โครงการยกระดับผิวทางสร้างท่อระบายน้ำและทำประตูปิดกั้นน้ำ","สคน":null,"remark":"ของบปี2568 โดนตัด","risk_gob_detail":null,"project_name":null,"กรบ":null,"status_detail":"อยู่ระหว่างดำเนินการแก้ไข","problem":"น้ำฝน สนข.","สพน":null,"status_num":3,"district":"ทวีวัฒนา","name":"หมู่บ้านกอบแก้ว 1","x":100.3831,"group_d":"กรุงธนเหนือ","y":13.7727,"id":40,"detail":"ท่อระบายน้ำเดิมมีระดับต่ำกว่าถนนสายหลักและระดับน้ำในคลอง","add2":null,"add1":null,"objectid":40,"add4":null,"risk_gob_num":0,"add3":null}},{"geometry":{"type":"Point","coordinates":[100.35429999986155,13.801019999796019],"crs":null},"id":41,"type":"Feature","properties":{"กรท":null,"เขต":"ดำเนินการติดตั้งเครื่องสูบน้ำ","สคน":null,"remark":"เอกชน","risk_gob_detail":null,"project_name":null,"กรบ":null,"status_detail":"แก้ไขแล้วเสร็จ","problem":"น้ำฝน สนข.","สพน":null,"status_num":5,"district":"ทวีวัฒนา","name":"ชุมชนหลังสถานีรถไฟศาลาธรรมสพย์","x":100.3543,"group_d":"กรุงธนเหนือ","y":13.80102,"id":41,"detail":"ชุมชนหลังสถานีรถไฟศาลาธรรมสพน์ พื้นที่ดังกล่าวเป็นชุมชนขนาดกลาง พื้นที่ลุ่มต่ำ ไม่มีท่อระบายน้ำเชื่อมออกลงคลองและถนน ทำให้การระบายน้ำไม่ดีเท่าที่ควร","add2":null,"add1":null,"objectid":41,"add4":null,"risk_gob_num":0,"add3":null}},{"geometry":{"type":"Point","coordinates":[100.39019999968656,13.800750000352298],"crs":null},"id":42,"type":"Feature","properties":{"กรท":null,"เขต":"ดำเนินการติดตั้งเครื่องสูบน้ำ","สคน":null,"remark":"เอกชน","risk_gob_detail":null,"project_name":null,"กรบ":null,"status_detail":"แก้ไขแล้วเสร็จ","problem":"น้ำฝน สนข.","สพน":null,"status_num":5,"district":"ทวีวัฒนา","name":"ชุมชนประตูน้ำฉิมพลี","x":100.3902,"group_d":"กรุงธนเหนือ","y":13.80075,"id":42,"detail":"ชุมชนประตูน้ำฉิมพลี เขตทวีวัฒนาพื้นที่ดังกล่าวเป็นพื้นที่ลุ่มต่ำ มีชุมชนขนาดเล็กและประกอบกิจการการเกษตร เวลาฝนตกจะท่วมเพราะไม่มีท่อระบายน้ำเชื่อมออกลงคลองและถนน ทำให้การระบายน้ำไม่ดีเท่าที่ควร","add2":null,"add1":null,"objectid":42,"add4":null,"risk_gob_num":0,"add3":null}},{"geometry":{"type":"Point","coordinates":[100.39580000014969,13.760209999709602],"crs":null},"id":43,"type":"Feature","properties":{"กรท":null,"เขต":"โครงการยกระดับผิวทางสร้างท่อระบายน้ำและทำประตูปิดกั้นน้ำ","สคน":null,"remark":null,"risk_gob_detail":null,"project_name":null,"กรบ":null,"status_detail":"อยู่ระหว่างดำเนินการแก้ไข","problem":"น้ำฝน สนข.","สพน":null,"status_num":3,"district":"ทวีวัฒนา","name":"หมู่บ้านธารแก้ว","x":100.3958,"group_d":"กรุงธนเหนือ","y":13.76021,"id":43,"detail":"ท่อระบายน้ำเดิมมีระดับต่ำกว่าถนนสายหลักและระดับน้ำในคลอง","add2":null,"add1":null,"objectid":43,"add4":null,"risk_gob_num":0,"add3":null}},{"geometry":{"type":"Point","coordinates":[100.39270000034247,13.78366999989334],"crs":null},"id":44,"type":"Feature","properties":{"กรท":null,"เขต":"ดำเนินการติดตั้งเครื่องสูบน้ำ","สคน":null,"remark":"เอกชน","risk_gob_detail":null,"project_name":null,"กรบ":null,"status_detail":"แก้ไขแล้วเสร็จ","problem":"น้ำฝน สนข.","สพน":null,"status_num":5,"district":"ทวีวัฒนา","name":"ซอยบรมราชชนนี 101","x":100.3927,"group_d":"กรุงธนเหนือ","y":13.78367,"id":44,"detail":"ซอยบรมราชชนนี 101 (หมู่บ้าน ป.ผาสุก) ถนนในหมู่บ้านมีระดับต่ำ ท่อระบายน้ำมีขนาดเล็ก เวลาฝนตกน้ำในหมู่บ้านไม่สามารถระบายลงสู่คลองบ้านไทร และลงสู่ท่อในซอยพุทธมณฑลสาย 2 ซอย 24 ได้","add2":null,"add1":null,"objectid":44,"add4":null,"risk_gob_num":0,"add3":null}},{"geometry":{"type":"Point","coordinates":[100.33559999966242,13.803049999627092],"crs":null},"id":45,"type":"Feature","properties":{"กรท":null,"เขต":"ดำเนินการติดตั้งเครื่องสูบน้ำ","สคน":null,"remark":"เปิดทางน้ำไหล ลอกท่อระบายน้ำ ปีเว้นปี ตามแผน","risk_gob_detail":null,"project_name":null,"กรบ":null,"status_detail":"แก้ไขแล้วเสร็จ","problem":"น้ำฝน สนข.","สพน":null,"status_num":5,"district":"ทวีวัฒนา","name":"วัดปุรณาวาส","x":100.3356,"group_d":"กรุงธนเหนือ","y":13.80305,"id":45,"detail":"ชุมชนวัดปุรณาวาส พื้นที่ดังกล่าวเป็นแอ่งกระทะ เวลาฝนตกน้ำฝนไม่สามารถระบายออกสู่คลองหรือถนนได้ เนื่องจากไม่มีท่อระบายน้ำ","add2":null,"add1":null,"objectid":45,"add4":null,"risk_gob_num":0,"add3":null}},{"geometry":{"type":"Point","coordinates":[100.38669999984624,13.659540000096005],"crs":null},"id":46,"type":"Feature","properties":{"กรท":null,"เขต":"โครงการปรับปรุงถนนบางบอน 3 ซอย 8 และซอยแยก 4 งบประมาณของ ปี 67","สคน":null,"remark":null,"risk_gob_detail":null,"project_name":null,"กรบ":null,"status_detail":"แก้ไขแล้วเสร็จ","problem":"น้ำฝน สนข.","สพน":null,"status_num":5,"district":"บางบอน","name":"หมู่บ้านรางไผ่ ถนนบางบอน 3 ซอย 8","x":100.3867,"group_d":"กรุงธนใต้","y":13.65954,"id":46,"detail":"ผิวจราจรมีระดับต่ำ ถนนบางส่วนไม่มีท่อระบายน้ำ ท่อระบายน้ำเดิมมีขนาดเล็ก พื้นที่บางส่วนเป็นที่ส่วนบุคคล","add2":null,"add1":null,"objectid":46,"add4":null,"risk_gob_num":0,"add3":null}},{"geometry":{"type":"Point","coordinates":[100.43889999967189,13.69190999987005],"crs":null},"id":47,"type":"Feature","properties":{"กรท":null,"เขต":"โครงการปรับปรุงซอยกำนันแม้น 13 จากคลองราชมนตรีถึงคลองวัดสิงห์ 4 งบประมาณของ ปี 67","สคน":null,"remark":null,"risk_gob_detail":null,"project_name":null,"กรบ":null,"status_detail":"แก้ไขแล้วเสร็จ","problem":"น้ำฝน สนข.","สพน":null,"status_num":5,"district":"บางบอน","name":"ซอยกำนันแม้น 13","x":100.4389,"group_d":"กรุงธนใต้","y":13.69191,"id":47,"detail":"1. ผิวจราจรมีระดับต่ำ 2. ท่อระบายน้ำเดิมมีขนาดเล็ก (60 - 100 ซม.) มีระดับต่ำกว่าระดับน้ำคลอง และรองรับน้ำ จากซอยย่อย 35 ซอย ทำให้ การระบายน้ำเกิดความล่าช้า","add2":null,"add1":null,"objectid":47,"add4":null,"risk_gob_num":0,"add3":null}},{"geometry":{"type":"Point","coordinates":[100.37440000017645,13.659709999632621],"crs":null},"id":48,"type":"Feature","properties":{"กรท":null,"เขต":"โครงการปรับปรุงถนนบางบอน 4 ซอย 10 5 งบประมาณของ ปี 67","สคน":null,"remark":null,"risk_gob_detail":null,"project_name":null,"กรบ":null,"status_detail":"แก้ไขแล้วเสร็จ","problem":"น้ำฝน สนข.","สพน":null,"status_num":5,"district":"บางบอน","name":"ถนนบางบอน 4 ซอย 10","x":100.3744,"group_d":"กรุงธนใต้","y":13.65971,"id":48,"detail":"ไม่มีท่อระบายน้ำ เมื่อเกิดฝนตกจะทำให้มีปัญหาน้ำท่วมขังเป็นเวลานาน ประมาณ 20 - 30 ซม.","add2":null,"add1":null,"objectid":48,"add4":null,"risk_gob_num":0,"add3":null}},{"geometry":{"type":"Point","coordinates":[100.39420000001739,13.6542500003019],"crs":null},"id":49,"type":"Feature","properties":{"กรท":null,"เขต":null,"สคน":null,"remark":null,"risk_gob_detail":null,"project_name":null,"กรบ":null,"status_detail":"แก้ไขแล้วเสร็จ","problem":"น้ำฝน สนข.","สพน":null,"status_num":5,"district":"บางบอน","name":"ซอยเอกชัย 101","x":100.3942,"group_d":"กรุงธนใต้","y":13.65425,"id":49,"detail":null,"add2":null,"add1":null,"objectid":49,"add4":null,"risk_gob_num":0,"add3":null}},{"geometry":{"type":"Point","coordinates":[100.39050000016053,13.65706000026146],"crs":null},"id":50,"type":"Feature","properties":{"กรท":null,"เขต":"สำนักงานเขตบางบอนได้แก้ไขเบื้องโดยจัดเจ้าหน้าที่หน่วยเบสแก้ไขชั่วคราวในช่วงฤดูฝน เนื่องจากยังไม่สามารถของบประมาณได้","สคน":null,"remark":null,"risk_gob_detail":null,"project_name":null,"กรบ":null,"status_detail":"อยู่ระหว่างดำเนินการแก้ไข","problem":"น้ำฝน สนข.","สพน":null,"status_num":3,"district":"บางบอน","name":"ซอย เอกชัย 112","x":100.3905,"group_d":"กรุงธนใต้","y":13.65706,"id":50,"detail":"ไม่มีท่อระบายน้ำ เมื่อเกิดฝนตกจะทำให้มีปัญหาน้ำท่วมขังเป็นเวลานาน ประมาณ 10 - 15 ซม.","add2":null,"add1":null,"objectid":50,"add4":null,"risk_gob_num":0,"add3":null}},{"geometry":{"type":"Point","coordinates":[100.36680000044619,13.649040000008332],"crs":null},"id":51,"type":"Feature","properties":{"กรท":null,"เขต":"อยู่ระหว่างรองบประมาณ","สคน":null,"remark":null,"risk_gob_detail":null,"project_name":null,"กรบ":null,"status_detail":"อยู่ระหว่างดำเนินการแก้ไข","problem":"น้ำฝน สนข.","สพน":null,"status_num":3,"district":"บางบอน","name":"ถนนบางบอน 4 ซอย 3","x":100.3668,"group_d":"กรุงธนใต้","y":13.64904,"id":51,"detail":"ไม่มีท่อระบายน้ำ เมื่อเกิดฝนตกจะทำให้มีปัญหาน้ำท่วมขังเป็นเวลานาน ประมาณ 10 - 15 ซม.","add2":null,"add1":null,"objectid":51,"add4":null,"risk_gob_num":0,"add3":null}},{"geometry":{"type":"Point","coordinates":[100.3756000002757,13.655790000043163],"crs":null},"id":52,"type":"Feature","properties":{"กรท":null,"เขต":"ทางส่วนบุคคล 2","สคน":null,"remark":null,"risk_gob_detail":null,"project_name":null,"กรบ":null,"status_detail":"แก้ไขแล้วเสร็จ","problem":"น้ำฝน สนข.","สพน":null,"status_num":5,"district":"บางบอน","name":"บางบอน 4 ซอย 8","x":100.3756,"group_d":"กรุงธนใต้","y":13.65579,"id":52,"detail":"ไม่มีท่อระบายน้ำ เมื่อเกิดฝนตกจะทำให้มีปัญหาน้ำท่วมขังเป็นเวลานาน ประมาณ 20 - 30 ซม.","add2":null,"add1":null,"objectid":52,"add4":null,"risk_gob_num":0,"add3":null}},{"geometry":{"type":"Point","coordinates":[100.37749999998368,13.626770000317807],"crs":null},"id":53,"type":"Feature","properties":{"กรท":null,"เขต":"โครงการปรับปรุงซอยโคราช จากซอยเอกชัย 131 ถึงบ้านเลขที่ 50 5 งบประมาณของปี 66","สคน":null,"remark":null,"risk_gob_detail":null,"project_name":null,"กรบ":null,"status_detail":"แก้ไขแล้วเสร็จ","problem":"น้ำฝน สนข.","สพน":null,"status_num":5,"district":"บางบอน","name":"ซอย โคราช","x":100.3775,"group_d":"กรุงธนใต้","y":13.62677,"id":53,"detail":"ไม่มีท่อระบายน้ำ เมื่อเกิดฝนตกจะทำให้มีปัญหาน้ำท่วมขังเป็นเวลานาน ประมาณ 30 ซม.","add2":null,"add1":null,"objectid":53,"add4":null,"risk_gob_num":0,"add3":null}},{"geometry":{"type":"Point","coordinates":[100.42590000039337,13.667860000252066],"crs":null},"id":54,"type":"Feature","properties":{"กรท":null,"เขต":null,"สคน":null,"remark":null,"risk_gob_detail":null,"project_name":null,"กรบ":null,"status_detail":"แก้ไขแล้วเสร็จ","problem":"น้ำฝน สนข.","สพน":null,"status_num":5,"district":"บางบอน","name":"ถนนพระยามนธาตุราชศรีพิจิตร์ จากหน้าโรงเรียนพระยามนธาตุฯ ถึงปากซอยพระยามนธาตุฯ 26","x":100.4259,"group_d":"กรุงธนใต้","y":13.66786,"id":54,"detail":null,"add2":null,"add1":null,"objectid":54,"add4":null,"risk_gob_num":0,"add3":null}},{"geometry":{"type":"Point","coordinates":[100.42700000003515,13.671590000390296],"crs":null},"id":55,"type":"Feature","properties":{"กรท":null,"เขต":null,"สคน":null,"remark":"ของบ 67 เพิ่มเติม ขอรายละเอียดเพิ่มเติม","risk_gob_detail":null,"project_name":null,"กรบ":null,"status_detail":"อยู่ระหว่างดำเนินการแก้ไข","problem":"น้ำฝน สนข.","สพน":null,"status_num":3,"district":"บางบอน","name":"ถนนบางขุนเทียน จากแยกบางบอนถึงทางรถไฟ สายมหาชัย-วงเวียนใหญ่","x":100.427,"group_d":"กรุงธนใต้","y":13.67159,"id":55,"detail":null,"add2":null,"add1":null,"objectid":55,"add4":null,"risk_gob_num":0,"add3":null}},{"geometry":{"type":"Point","coordinates":[100.42290000014523,13.672389999619364],"crs":null},"id":56,"type":"Feature","properties":{"กรท":null,"เขต":null,"สคน":null,"remark":"ของบ 67 เพิ่มเติม ขอรายละเอียดเพิ่มเติม","risk_gob_detail":null,"project_name":null,"กรบ":null,"status_detail":"อยู่ระหว่างดำเนินการแก้ไข","problem":"น้ำฝน สนข.","สพน":null,"status_num":3,"district":"บางบอน","name":"ถนนเอกชัย จากแยกบางบอนถึง ซอยเอกชัย 87/1","x":100.4229,"group_d":"กรุงธนใต้","y":13.67239,"id":56,"detail":null,"add2":null,"add1":null,"objectid":56,"add4":null,"risk_gob_num":0,"add3":null}},{"geometry":{"type":"Point","coordinates":[100.41729999968207,13.673490000341628],"crs":null},"id":57,"type":"Feature","properties":{"กรท":null,"เขต":null,"สคน":null,"remark":"ของบ 67 เพิ่มเติม ขอรายละเอียดเพิ่มเติม","risk_gob_detail":null,"project_name":null,"กรบ":null,"status_detail":"พื้นที่เอกชนหรือหน่วยงานราชการ","problem":"น้ำฝน สนข.","สพน":null,"status_num":2,"district":"บางบอน","name":"ซอย เอกชัย 72","x":100.4173,"group_d":"กรุงธนใต้","y":13.67349,"id":57,"detail":"ผิวจราจรมีระดับต่ำและเป็นแอ่ง ความยาวประมาณ 450 เมตร เมื่อเกิดฝนตกเกิน 60 มม. ทำให้เกิดปัญหาน้ำท่วมขังประมาณ 30 ซม. แนวทางแก้ไข ติดตั้งเครื่องสูบน้ำขนาด 8 นิ้ว จำนวน 1 เครื่อง เพื่อเร่งระบายน้ำลงคลองบางพราน","add2":null,"add1":null,"objectid":57,"add4":null,"risk_gob_num":0,"add3":null}},{"geometry":{"type":"Point","coordinates":[100.42599999995245,13.682610000370284],"crs":null},"id":58,"type":"Feature","properties":{"กรท":null,"เขต":null,"สคน":null,"remark":"ของบ 67 เพิ่มเติม ขอรายละเอียดเพิ่มเติม","risk_gob_detail":null,"project_name":null,"กรบ":null,"status_detail":"พื้นที่เอกชนหรือหน่วยงานราชการ","problem":"น้ำฝน สนข.","สพน":null,"status_num":2,"district":"บางบอน","name":"หมู่บ้านบางบอนวิลล่า ถนนบางบอน 1 ซอย 16","x":100.426,"group_d":"กรุงธนใต้","y":13.68261,"id":58,"detail":"1. ผิวจราจรมีระดับต่ำ 2. ท่อระบายน้ำเดิมมีขนาดเล็ก (40 ซม.) แนวทางแก้ไข เขตบางบอนชี้แจงทำความเข้าใจ กับประชาชนกรณีไม่สามารถ นำงบประมาณของทางราชการดำเนินการปรับปรุงผิวจราจร ในหมู่บ้านซึ่งเป็นพื้นที่เอกชน","add2":null,"add1":null,"objectid":58,"add4":null,"risk_gob_num":0,"add3":null}},{"geometry":{"type":"Point","coordinates":[100.42170000004599,13.676570000167768],"crs":null},"id":59,"type":"Feature","properties":{"กรท":null,"เขต":null,"สคน":null,"remark":"ของบ 67 เพิ่มเติม ขอรายละเอียดเพิ่มเติม","risk_gob_detail":null,"project_name":null,"กรบ":null,"status_detail":"พื้นที่เอกชนหรือหน่วยงานราชการ","problem":"น้ำฝน สนข.","สพน":null,"status_num":2,"district":"บางบอน","name":"หมู่บ้านทองภูมิ ซอย เอกชัย 66","x":100.4217,"group_d":"กรุงธนใต้","y":13.67657,"id":59,"detail":"1. ผิวจราจรมีระดับต่ำ 2. ท่อระบายน้ำเดิมมีขนาดเล็ก (40 ซม.) 3. เมื่อมีฝนตกเกิน 60 มม. ขึ้นไป จะเกิดปัญหาน้ำท่วมขัง ประมาณ 10 \u2013 15 ซม. แนวทางแก้ไข เขตบางบอนชี้แจงทำความเข้าใจ กับประชาชนกรณีไม่สามารถ นำงบประมาณของทางราชการดำเนินการปรับปรุงผิวจราจร ในหมู่บ้านซึ่งเป็นพื้นที่เอกชน","add2":null,"add1":null,"objectid":59,"add4":null,"risk_gob_num":0,"add3":null}},{"geometry":{"type":"Point","coordinates":[100.38279999997285,13.64168999976088],"crs":null},"id":60,"type":"Feature","properties":{"กรท":null,"เขต":null,"สคน":null,"remark":null,"risk_gob_detail":null,"project_name":null,"กรบ":null,"status_detail":"พื้นที่เอกชนหรือหน่วยงานราชการ","problem":"น้ำฝน สนข.","สพน":null,"status_num":2,"district":"บางบอน","name":"หมู่บ้านเกศริน ซอยเอกชัย 119","x":100.3828,"group_d":"กรุงธนใต้","y":13.64169,"id":60,"detail":"1. ผิวจราจรมีระดับต่ำ 2. ท่อระบายน้ำเดิมมีขนาดเล็ก (40 ซม.) แนวทางแก้ไข เขตบางบอนชี้แจงทำความเข้าใจ กับประชาชนกรณีไม่สามารถ นำงบประมาณของทางราชการดำเนินการปรับปรุงผิวจราจร ในหมู่บ้านซึ่งเป็นพื้นที่เอกชน","add2":null,"add1":null,"objectid":60,"add4":null,"risk_gob_num":0,"add3":null}},{"geometry":{"type":"Point","coordinates":[100.43800000004661,13.716470000350444],"crs":null},"id":61,"type":"Feature","properties":{"กรท":null,"เขต":null,"สคน":null,"remark":null,"risk_gob_detail":null,"project_name":null,"กรบ":null,"status_detail":"แก้ไขแล้วเสร็จ","problem":"น้ำฝน สนข.","สพน":null,"status_num":5,"district":"ภาษีเจริญ","name":"ซอยเพชรเกษม 52 บริเวณเชิงสะพานข้ามคลองบางจาก","x":100.438,"group_d":"กรุงธนใต้","y":13.71647,"id":61,"detail":"พื้นที่ภายในซอยลาดต่ำลงมาบริเวณปลายซอยที่คอสะพานข้ามคลองบางจาก แนวทางแก้ไข - ติดตั้งเครื่องสูบน้ำเครื่องยนต์ดีเซล ขนาด 8 นิ้ว จำนวน 1 เครื่อง - เร่งระบายน้ำลงสู่คลองบางจาก","add2":null,"add1":null,"objectid":61,"add4":null,"risk_gob_num":0,"add3":null}},{"geometry":{"type":"Point","coordinates":[100.43040000031638,13.70107999985093],"crs":null},"id":62,"type":"Feature","properties":{"กรท":null,"เขต":"สนน. ดำเนินการก่อสร้างบ่อสูบน้ำและติดตั้งเครื่องสูบน้ำชนิดดีเซล\nสนน. ก่อสร้างท่อลอดเพื่อลำเลียงน้ำและเชื่อมต่อระบบระบายน้ำ\nสนน. ดำเนินการล้างทำความสะอาดท่อระบายน้ำ","สคน":null,"remark":null,"risk_gob_detail":null,"project_name":null,"กรบ":null,"status_detail":"แก้ไขแล้วเสร็จ","problem":"น้ำฝน สนข.","สพน":null,"status_num":5,"district":"ภาษีเจริญ","name":"ซอยศาลธนบุรี 29/1","x":100.4304,"group_d":"กรุงธนใต้","y":13.70108,"id":62,"detail":"พื้นที่ต่ำ ระบบระบายน้ำไม่สมบูรณ์","add2":null,"add1":null,"objectid":62,"add4":null,"risk_gob_num":0,"add3":null}},{"geometry":{"type":"Point","coordinates":[100.43120000038253,13.70070000008933],"crs":null},"id":63,"type":"Feature","properties":{"กรท":null,"เขต":null,"สคน":null,"remark":null,"risk_gob_detail":null,"project_name":null,"กรบ":null,"status_detail":"แก้ไขแล้วเสร็จ","problem":"น้ำฝน สนข.","สพน":null,"status_num":5,"district":"ภาษีเจริญ","name":"ถนนสายศาลธนบุรี บริเวณตรงข้ามหมู่บ้านกิจเจริญ","x":100.4312,"group_d":"กรุงธนใต้","y":13.7007,"id":63,"detail":"พื้นที่ถนนและท่อระบายน้ำมีระดับต่ำมาก ติดตั้งเครื่องสูบน้ำเครื่องยนต์ดีเซล ขนาด 8 นิ้ว จำนวน 1 เครื่อง - เร่งระบายน้ำลงสู่คลองบางระแนะ แนวทางแก้ไข ปรับปรุงถนนศาลธนบุรีให้มีระดับสูงขึ้น ปรับปรุงท่อระบายน้ำให้มีขนาดใหญ่กว่าเดิม","add2":null,"add1":null,"objectid":63,"add4":null,"risk_gob_num":0,"add3":null}},{"geometry":{"type":"Point","coordinates":[100.44069999982075,13.71389999973665],"crs":null},"id":64,"type":"Feature","properties":{"กรท":null,"เขต":null,"สคน":null,"remark":"ดำเนินการแล้วเสร็จ งบปี 2566 เพิ่มเติม","risk_gob_detail":null,"project_name":null,"กรบ":null,"status_detail":"อยู่ระหว่างดำเนินการแก้ไข","problem":"น้ำฝน สนข.","สพน":null,"status_num":3,"district":"ภาษีเจริญ","name":"ถนนเพชรเกษมฝั่งขาออก บริเวณลำกระโดงตรงข้ามซอยเพชรเกษม 50","x":100.4407,"group_d":"กรุงธนใต้","y":13.7139,"id":64,"detail":null,"add2":null,"add1":null,"objectid":64,"add4":null,"risk_gob_num":0,"add3":null}},{"geometry":{"type":"Point","coordinates":[100.4339000001567,13.693249999724692],"crs":null},"id":65,"type":"Feature","properties":{"กรท":null,"เขต":"- เป็นพื้นที่ส่วนบุคคลไม่สามารถดำเนินการแก้ไขปัญหาถาวรและขอจัดสรรงบประมาณเข้า ดำเนินการปรับปรุงได้ (ไม่มีโครงการปรับปรุง) \n - ติดตั้งเครื่องสูบน้ำขนาด 8 นิ้ว จำนวน 1 เครื่อง - ยกระดับถนนภายใน ซอยกัลปพฤกษ์ซอย 4 ให้มีระดับสูงขึ้น","สคน":null,"remark":null,"risk_gob_detail":null,"project_name":null,"กรบ":null,"status_detail":"พื้นที่เอกชนหรือหน่วยงานราชการ","problem":"น้ำฝน สนข.","สพน":null,"status_num":2,"district":"ภาษีเจริญ","name":"หมู่บ้านอินทราวิลล่า บริเวณซอยกัลปพฤกษ์ซอย 4","x":100.4339,"group_d":"กรุงธนใต้","y":13.69325,"id":65,"detail":"เป็นหมู่บ้านเก่าพื้นที่ตั้งหมู่บ้านถนนภายใน และท่อระบายน้ำมีระดับต่ำกว่าถนนกัลปพฤกษ์มาก","add2":null,"add1":null,"objectid":65,"add4":null,"risk_gob_num":0,"add3":null}},{"geometry":{"type":"Point","coordinates":[100.4378999995892,13.71659999976295],"crs":null},"id":66,"type":"Feature","properties":{"กรท":null,"เขต":"ติดตั้งเครื่องสูบน้ำขนาด 8 นิ้ว จำนวน 1 เครื่อง","สคน":null,"remark":null,"risk_gob_detail":null,"project_name":null,"กรบ":null,"status_detail":"พื้นที่เอกชนหรือหน่วยงานราชการ","problem":"น้ำฝน สนข.","สพน":null,"status_num":2,"district":"ภาษีเจริญ","name":"ซอยเพชรเกษม 52 บริเวณหน้าโรงเรียนอนุบาลบ้านสวน","x":100.4379,"group_d":"กรุงธนใต้","y":13.7166,"id":66,"detail":"พื้นที่ภายในซอยลาดต่ำลงมาบริเวณปลาย ซอยที่คอสะพานข้ามคลองบางจาก แนวทาง แก้ไข - ติดตั้งเครื่องสูบน้ำเครื่องยนต์ดีเซล ขนาด 8 นิ้ว จำนวน 1 เครื่อง - เร่งระบายน้ำลง สู่คลองบางจาก","add2":null,"add1":null,"objectid":66,"add4":null,"risk_gob_num":0,"add3":null}},{"geometry":{"type":"Point","coordinates":[100.42789999966044,13.69560999956898],"crs":null},"id":67,"type":"Feature","properties":{"กรท":null,"เขต":null,"สคน":null,"remark":null,"risk_gob_detail":null,"project_name":null,"กรบ":null,"status_detail":"แก้ไขแล้วเสร็จ","problem":"น้ำฝน สนข.","สพน":null,"status_num":5,"district":"ภาษีเจริญ","name":"ซอยยิ้มประยูร บริเวณเชิงสะพานคลองบางส่าย","x":100.4279,"group_d":"กรุงธนใต้","y":13.69561,"id":67,"detail":"พื้นที่ถนนและท่อระบายน้ำมีระดับต่ำมาก แนวทางแก้ไข ติดตั้งเครื่องสูบน้ำ ขนาด 8 นิ้ว จำนวน 1 เครื่อง - เร่งระบายน้ำลงสู่คลองบางส่าย","add2":null,"add1":null,"objectid":67,"add4":null,"risk_gob_num":0,"add3":null}},{"geometry":{"type":"Point","coordinates":[100.33750000026869,13.705389999819168],"crs":null},"id":68,"type":"Feature","properties":{"กรท":null,"เขต":"ติดตั้งเครื่องสูบน้ำจำนวน 2 เครื่อง เพื่อช่วยเร่งระบายน้ำในซอย ในบริเวณที่เป็นทางสาธารณะได้รับการปรับปรุงวางท่อระบายน้ำแล้วแต่บริเวณที่มีน้ำท่วมขังเป็นทางเอกชนไม่สามารถนำงบประมาณเข้าดำเนินการแก้ไขได้ แจ้ง สนน.ติดตั้งประตูเปิด-ปิดท่อระบายน้ำพร้อมเครื่องสูบน้ำอัตโนมัติบริเวณท่อระบายน้ำถนนเพชรเกษมเชื่อมลงคลองมหาศร","สคน":null,"remark":null,"risk_gob_detail":null,"project_name":null,"กรบ":null,"status_detail":"พื้นที่เอกชนหรือหน่วยงานราชการ","problem":"น้ำฝน สนข.","สพน":null,"status_num":2,"district":"หนองแขม","name":"ซอยเพชรเกษม 116 ถนนเพชรเกษม","x":100.3375,"group_d":"กรุงธนใต้","y":13.70539,"id":68,"detail":"เป็นพื้นที่ลุ่มต่ำท่อระบายน้ำมีทิศทางการระบายน้ำออกสู่ถนนเพชรเกษมเป็นหลัก ถ้ามีปริมาณน้ำฝนมาก และระดับน้ำในคลองมหาศรมีระดับสูง จะทำให้การระบายน้ำเป็นไปได้ช้าจะต้องรอให้ระดับน้ำในถนนเพชรเกษมลดลงจึงจะระบายน้ำได้ดีขึ้น แนวทางแก้ไข 1.การแก้ไขปัญหาเบื้องต้น สนง.เขตฯติดตั้งเครื่องสูบน้ำเครื่องยนต์ดีเซลขนาด 8\u201d จำนวน 1 เครื่อง และ 10\u201d จำนงน 1 เครื่อง เร่งระบายน้ำออกสู่ถนนเพชรเกษม และ ระบายลงสู่คลองมหาศร 2.แนวทางการแก้ไขระยะยาว ให้สำนักการระบายน้ำพิจารณาติดตั้งประตูเปิด-ปิดท่อระบายน้ำ บริเวณถนนเพชรเกษมที่ระบายลงสู่คลองมหาศร พร้อมติดตั้งเครื่องสูบน้ำชนิดไฟฟ้าระบบอัตโนมัติเพื่อป้องกันน้ำจากคลองมหาศรไหลย้อนกลับในท่อและเป็นการเร่งระบายน้ำจากถนนเพชรเกษมได้มีประสิทธิภาพยิ่งขึ้น","add2":null,"add1":null,"objectid":68,"add4":null,"risk_gob_num":0,"add3":null}},{"geometry":{"type":"Point","coordinates":[100.36139999999959,13.682410000116308],"crs":null},"id":69,"type":"Feature","properties":{"กรท":null,"เขต":"เป็นทางส่วนบุคคลไม่สามารถนำงบประมาณเข้าดำเนินการปรับปรุงได้ ได้ติดตั้งเครื่องสูบน้ำจำนวน 1 เครื่องเพื่อช่วยเร่งการระบาย","สคน":null,"remark":null,"risk_gob_detail":null,"project_name":null,"กรบ":null,"status_detail":"พื้นที่เอกชนหรือหน่วยงานราชการ","problem":"น้ำฝน สนข.","สพน":null,"status_num":2,"district":"หนองแขม","name":"ซอยเลียบคลองภาษีเจริญฝั่งใต้ 5","x":100.3614,"group_d":"กรุงธนใต้","y":13.68241,"id":69,"detail":"พื้นที่ซอยเป็นพื้นที่ลุ่มต่ำยังไม่มีการปรับปรุงถนนและวางท่อระบายน้ำเนื่องจากสภาพทางเข้าออก บางส่วนยังเป็นที่ดินส่วนบุคคล โดยถนนมีความยาวประมาณ 100 ม. กว้าง 6 เมตร แบ่งเป็นทางสาธารณะ 3 ม. ทางส่วนบุคคล 3 ม. แนวทางแก้ไข 1.การแก้ไขปัญหาเบื้องต้น สนง.เขตฯติดตั้งเครื่องสูบน้ำเครื่องยนต์ดีเซลขนาด 8\u201d บริเวณปากซอยเพื่อสูบน้ำในบึงรับน้ำระบายลงสู่ท่อระบายน้ำถนนเลียบคลองภาษีเจริญฝั่งใต้","add2":null,"add1":null,"objectid":69,"add4":null,"risk_gob_num":0,"add3":null}},{"geometry":{"type":"Point","coordinates":[100.35069999956382,13.706199999972506],"crs":null},"id":70,"type":"Feature","properties":{"กรท":null,"เขต":"ทางเดินเท้าถนนเพชรเกษมอยู่ในความดูแลรับผิดชอบของ สนย. ปัจจุบันได้รับงบประมาณดำเนินการซ่อมแซมทางเท้าตั้งแต่ซอยเพชรเกษม 69 ถึง ซอยเพชรเกษม 81 แล้วเสร็จ","สคน":null,"remark":null,"risk_gob_detail":null,"project_name":null,"กรบ":null,"status_detail":"แก้ไขแล้วเสร็จ","problem":"น้ำฝน สนข.","สพน":null,"status_num":5,"district":"หนองแขม","name":"ทางเดินเท้าถนนเพชรเกษมขาเข้า และ ขาออก พื้นที่เขตหนองแขม","x":100.3507,"group_d":"กรุงธนใต้","y":13.7062,"id":70,"detail":"ทางเดินเท้ามีการก่อสร้างมาเป็นเวลานานปัจจุบันชำรุดเสียหายหลายจุดเมื่อฝนตกจะทำให้มีน้ำท่วมขังทุกครั้ง แนวทางแก้ไข 1.การแก้ไขปัญหาเบื้องต้น หากบริเวณที่ชำรุดมีน้ำท่วมขังมีพื้นที่ไม่มากเกินไปสนง.เขตฯจัดเจ้าหน้าที่เข้าดำเนินการซ่อมแซมทันที แต่หากมีพื้นที่ชำรุดมีพื้นที่จำนวนมากจะประสานแจ้งสนย.เข้าดำเนินการแก้ไข","add2":null,"add1":null,"objectid":70,"add4":null,"risk_gob_num":0,"add3":null}},{"geometry":{"type":"Point","coordinates":[100.37039999984562,13.689889999689449],"crs":null},"id":71,"type":"Feature","properties":{"กรท":null,"เขต":"ปัจจุบัน สนน.ได้ดำเนินการแก้ไขบริเวณดังกล่าวเเล้วเเละไม่มีน้ำท่วมขังในพื้นที่ ปัจจุบัน สนน.ยังมีการก่อสร้างประตูเปิด-ปิดพร้อมติดตั้งเครื่องสูบน้ำชนิดไฟฟ้าระบบอัตโนมัติเพื่อเร่งระบายน้ำในช่วงระดับน้ำในคลองมหาศร","สคน":null,"remark":null,"risk_gob_detail":null,"project_name":null,"กรบ":null,"status_detail":"แก้ไขแล้วเสร็จ","problem":"น้ำฝน สนข.","สพน":null,"status_num":5,"district":"หนองแขม","name":"ถนนเลียบคลองภาษีเจริญฝั่งเหนือจาก คลองมหาศร ถึง ซ.เลียบคลองภาษีเจริญฝั่งเหนือ 8","x":100.3704,"group_d":"กรุงธนใต้","y":13.68989,"id":71,"detail":"หากมีปริมาณน้ำฝนมากและระดับน้ำในคลองมหาศรและคลองภาษีเจริญมีระดับสูงการระบายน้ำจะเป็นไปได้ช้า ทำให้มีน้ำท่วมขังบนผิวจราจร 10-20 ซม. แนวทางแก้ไข 1.การแก้ไขปัญหาเบื้องต้น สนน.ติดตั้งเครื่องสูบน้ำบริเวณ สถานีสูบน้ำคลองมหาศร,บ่อสูบน้ำคลองคำหริ่ม และสถานีสูบน้ำโรงเรียนประชาบำรุง 2.แนวทางการแก้ไขระยะยาว เสนอให้สำนักการระบายน้ำพิจารณาติดตั้งบ่อสูบน้ำเพิ่มเติมบริเวณที่ท่อระบายน้ำระบายลงสู่คลองภาษีเจริญหรือพิจารณาติดตั้งประตูเปิด-ปิดท่อระบายน้ำ บริเวณคลองมหาศรพร้อมติดตั้งเครื่องสูบน้ำชนิดไฟฟ้าระบบอัตโนมัติเพื่อช่วยเร่งการระบายน้ำในช่วงระดับน้ำในคลองภาษีเจริญสูง","add2":null,"add1":null,"objectid":71,"add4":null,"risk_gob_num":0,"add3":null}},{"geometry":{"type":"Point","coordinates":[100.34449999994933,13.681099999574709],"crs":null},"id":72,"type":"Feature","properties":{"กรท":null,"เขต":null,"สคน":null,"remark":null,"risk_gob_detail":null,"project_name":null,"กรบ":null,"status_detail":"แก้ไขแล้วเสร็จบางส่วน","problem":"น้ำฝน สนข.","สพน":null,"status_num":4,"district":"หนองแขม","name":"ถนนมาเจริญ จากถนนเพชรเกษม ถึงคลองภาษีเจริญ","x":100.3445,"group_d":"กรุงธนใต้","y":13.6811,"id":72,"detail":null,"add2":null,"add1":null,"objectid":72,"add4":null,"risk_gob_num":0,"add3":null}},{"geometry":{"type":"Point","coordinates":[100.34080000009247,13.697639999643785],"crs":null},"id":73,"type":"Feature","properties":{"กรท":null,"เขต":"เป็นหมู่บ้านขนาดใหญ่ถนนภายในหมู่บ้านเป็นที่ดินส่วนบุคคล ขนาดท่อระบายน้ำไม่เหมาะสมกับขนาดพื้นที่และเป็นพื้นที่ลุ่มต่ำ ไม่สามารถนำงบประมาณเข้าดำเนินการแก้ไขได้ได้ติดตั้งเครื่องสูบน้ำจำนวน 2 เครื่อง และเครื่องสูบน้ำไฟฟ้าของหมู่บ้าน จำนวน 2 เครื่อง เพื่อช่วยเร่งการระบาย 2","สคน":null,"remark":null,"risk_gob_detail":null,"project_name":null,"กรบ":null,"status_detail":"พื้นที่เอกชนหรือหน่วยงานราชการ","problem":"น้ำฝน สนข.","สพน":null,"status_num":2,"district":"หนองแขม","name":"หมู่บ้านพงษ์ศิริชัย 4","x":100.3408,"group_d":"กรุงธนใต้","y":13.69764,"id":73,"detail":"เป็นหมู่บ้านขนาดใหญ่ถนนภายในหมู่บ้านเป็นที่ดินส่วนบุคคล ขนาดท่อระบายน้ำไม่เหมาะสมกับขนาดพื้นที่และเป็นพื้นที่ลุ่มต่ำ หากมีปริมาณน้ำฝนมากจะมีน้ำรอการระบายประมาณ10-20 ซม. และใช้ระยะเวลานานในการระบาย แนวทางแก้ไข สนง.เขตติดตั้งเครื่องสูบน้ำเครื่องยนต์ดีเซลจำนวน 2 เครื่อง สูบน้ำออกสู่ถนนมาเจริญ","add2":null,"add1":null,"objectid":73,"add4":null,"risk_gob_num":0,"add3":null}},{"geometry":{"type":"Point","coordinates":[100.34220000020827,13.689170000357025],"crs":null},"id":74,"type":"Feature","properties":{"กรท":null,"เขต":"เป็นหมู่บ้านขนาดใหญ่ถนนภายในหมู่บ้านเป็นที่ดินส่วนบุคคล ขนาดท่อระบายน้ำไม่เหมาะสมกับขนาดพื้นที่และเป็นพื้นที่ลุ่มต่ำ ไม่สามารถนำงบประมาณเข้าดำเนินการแก้ไขได้ได้ติดตั้งเครื่องสูบน้ำจำนวน 1 เครื่อง และเครื่องสูบน้ำไฟฟ้าของหมู่บ้าน เพื่อช่วยเร่งการระบาย","สคน":null,"remark":null,"risk_gob_detail":null,"project_name":null,"กรบ":null,"status_detail":"พื้นที่เอกชนหรือหน่วยงานราชการ","problem":"น้ำฝน สนข.","สพน":null,"status_num":2,"district":"หนองแขม","name":"หมู่บ้านพุดตาน","x":100.3422,"group_d":"กรุงธนใต้","y":13.68917,"id":74,"detail":"เป็นหมู่บ้านขนาดใหญ่ถนนภายในหมู่บ้านเป็นที่ดินส่วนบุคคล ขนาดท่อระบายน้ำไม่เหมาะสมกับขนาดพื้นที่และเป็นพื้นที่ลุ่มต่ำ หากมีปริมาณน้ำฝนมากจะมีน้ำรอการระบายประมาณ10-20 ซม. และใช้ระยะ แนวทางแก้ไข การแก้ไขปัญหาเบื้องต้น สนง.เขตติดตั้งเครื่องสูบน้ำเครื่องยนต์ดีเซลจำนวน 2 เครื่อง สูบน้ำออกสู่ถนนมาเจริญ","add2":null,"add1":null,"objectid":74,"add4":null,"risk_gob_num":0,"add3":null}},{"geometry":{"type":"Point","coordinates":[100.3369000002191,13.687029999951363],"crs":null},"id":75,"type":"Feature","properties":{"กรท":null,"เขต":"เป็นที่ดินเอกชนที่ไม่มีการวางท่อระบายน้ำในชุมชน เป็นพื้นที่ลุ่มต่ำ สำนักงานเขตได้ติดตั้งเครื่องสูบน้ำจำนวน 1 เครื่องเพื่อช่วยเร่งการระบายน้ำออกสู่ท่อระบายน้ำสาธารณะ","สคน":null,"remark":null,"risk_gob_detail":null,"project_name":null,"กรบ":null,"status_detail":"พื้นที่เอกชนหรือหน่วยงานราชการ","problem":"น้ำฝน สนข.","สพน":null,"status_num":2,"district":"หนองแขม","name":"ชุมชนประดิษฐ์เจริญ ถนนเลียบคลองภาษีเจริญฝั่งเหนือ แขวงหนองแขม","x":100.3369,"group_d":"กรุงธนใต้","y":13.68703,"id":75,"detail":"เป็นพื้นที่ลุ่มต่ำของที่ดินเอกชนที่ไม่มีการวางท่อระบายน้ำในชุมชน สำนักงานเขตได้ช่วยบรรเทาความเดือดร้อนโดยการนำเครื่องสูบน้ำไปติดตั้งเพื่อช่วยเร่งการระบายน้ำออกสู่ท่อระบายน้ำสาธารณะ แนวทางแก้ไข การแก้ไขปัญหาเบื้องต้น สนง.เขตจัดทำแก้มลิงพื้นที่ว่างในชุมชนและติดตั้งเครื่องสูบน้ำสูบน้ำออกสู่ถนนเลียบคลองภาษีเจริญฝั่งเหนือ","add2":null,"add1":null,"objectid":75,"add4":null,"risk_gob_num":0,"add3":null}},{"geometry":{"type":"Point","coordinates":[100.34309999983354,13.67701999988097],"crs":null},"id":76,"type":"Feature","properties":{"กรท":null,"เขต":"เป็นที่ดินเอกชนที่ไม่มีการวางท่อระบายน้ำในชุมชน เป็นพื้นที่ลุ่มต่ำ สำนักงานเขตได้ติดตั้งเครื่องสูบน้ำจำนวน 1 เครื่องเพื่อช่วยเร่งการระบายน้ำออกสู่คลองภาษีเจริญ 2. ขอพิจารณาติดตั้งบ่อสูบพร้อมเครื่องสูบน้ำอัตโนมัติขนาด 10 นิ้ว เพื่อแก้ปัญหาถาวร","สคน":null,"remark":null,"risk_gob_detail":null,"project_name":null,"กรบ":null,"status_detail":"พื้นที่เอกชนหรือหน่วยงานราชการ","problem":"น้ำฝน สนข.","สพน":null,"status_num":2,"district":"หนองแขม","name":"ชุมชนเอี่ยมวุฒิ ถนนเลียบคลองภาษีเจริญฝั่งใต้","x":100.3431,"group_d":"กรุงธนใต้","y":13.67702,"id":76,"detail":"เป็นชุมชนที่เป็นพื้นที่เอกชนไม่มีการวางท่อระบายน้ำภายในชุมชนอาศัยการระบายน้ำลงสู่ลำรางสาธารณะออกสู่คลองภาษีเจริญหากน้ำในคลองภาษีเจริญมีระดับสูงจะทำให้น้ำไหลย้อนกลับเข้าชุมชน แนวทางแก้ไข 1.การแก้ไขปัญหาเบื้องต้น สนง.เขตติดตั้งเครื่องสูบน้ำเครื่องยนต์ดีเซลขนาด 8\u201dพร้อมวางกระสอบทรายบริเวณลำรางเชื่อมกับคลองภาษีเจริญเพื่อป้องกันการไหลย้อนกลับของน้ำในคลองภาษีเจริญ และเดินเครื่องสูบน้ำสูบน้ำในลำรางออกสู่คลองภาษีเจริญ 2.แนวทางแก้ไขระยะยาว สนน. พิจารณาออกแบบบ่อสูบพร้อมติดตั้งเครื่องสูบน้ำไฟฟ้าอัตโนมัติขนาด 10\u201d ทดแทนเครื่องสูบน้ำเครื่องยนต์ดีเซล","add2":null,"add1":null,"objectid":76,"add4":null,"risk_gob_num":0,"add3":null}},{"geometry":{"type":"Point","coordinates":[100.36039999991686,13.678310000227395],"crs":null},"id":77,"type":"Feature","properties":{"กรท":null,"เขต":"เป็นหมู่บ้านเอกชน ไม่สามารถนำงบประมาณเข้าดำเนินการแก้ไขได้ สำนักงานเขตหนองแขมได้ติดตั้งเครื่องสูบน้ำจำนวน 1 เครื่อง เพื่อช่วยเร่งการระบาย","สคน":null,"remark":null,"risk_gob_detail":null,"project_name":null,"กรบ":null,"status_detail":"พื้นที่เอกชนหรือหน่วยงานราชการ","problem":"น้ำฝน สนข.","สพน":null,"status_num":2,"district":"หนองแขม","name":"หมู่บ้านพีเอสวิลล่า","x":100.3604,"group_d":"กรุงธนใต้","y":13.67831,"id":77,"detail":"เป็นหมู่บ้านที่ก่อสร้างมาเป็นเวลานาน ถนนภายในหมู่บ้านเป็นที่ดินส่วนบุคคล ขนาดท่อระบายน้ำไม่เหมาะสมกับขนาดพื้นที่และเป็นพื้นที่ลุ่มต่ำ ไม่มีการตรวจสอบทำความสะอาดท่อระบายน้ำเป็นเวลานาน มีดินเลนสะสมจำนวนมาก หากมีปริมาณน้ำฝนมากจะมีน้ำรอการระบายประมาณ 10-20 ซม. แนวทางแก้ไข 1.การแก้ไขปัญหาเบื้องต้น สนง.เขตติดตั้งเครื่องสูบน้ำเครื่องยนต์ดีเซลขนาด 8\u201d จำนวน 1 เครื่อง สูบน้ำจากแนวร่องน้ำลงสู่ถนนเลียบคลองภาษีเจริญฝั่งใต้","add2":null,"add1":null,"objectid":77,"add4":null,"risk_gob_num":0,"add3":null}},{"geometry":{"type":"Point","coordinates":[100.35129999961342,13.68312000016134],"crs":null},"id":78,"type":"Feature","properties":{"กรท":null,"เขต":"ไม่อยู่ในบัญชีจุดเสี่ยงน้ำท่วม","สคน":null,"remark":null,"risk_gob_detail":null,"project_name":null,"กรบ":null,"status_detail":"แก้ไขแล้วเสร็จ","problem":"น้ำฝน สนข.","สพน":null,"status_num":5,"district":"หนองแขม","name":"หมู่บ้านพร้อมชัย","x":100.3513,"group_d":"กรุงธนใต้","y":13.68312,"id":78,"detail":"ไม่อยู่ในบัญชีจุดเสี่ยงน้ำท่วม","add2":null,"add1":null,"objectid":78,"add4":null,"risk_gob_num":0,"add3":null}},{"geometry":{"type":"Point","coordinates":[100.3477999997731,13.66767000024625],"crs":null},"id":79,"type":"Feature","properties":{"กรท":null,"เขต":"หมู่บ้านตะวันฉาย เป็นหมู่บ้านเอกชน ไม่สามารถนำงบประมาณเข้าดำเนินการแก้ไขได้ สำนักงานเขตหนองแขมได้ติดตั้งเครื่องสูบน้ำจำนวน 1 เครื่อง เพื่อช่วยเร่งการระบาย","สคน":null,"remark":"ดำเนินการแล้วเสร็จ งบปี 25xx","risk_gob_detail":null,"project_name":null,"กรบ":null,"status_detail":"พื้นที่เอกชนหรือหน่วยงานราชการ","problem":"น้ำฝน สนข.","สพน":null,"status_num":2,"district":"หนองแขม","name":"หมู่บ้านตะวันฉาย","x":100.3478,"group_d":"กรุงธนใต้","y":13.66767,"id":79,"detail":"เป็นหมู่บ้านที่เป็นพื้นที่ลุ่มต่ำก่อสร้างมาเป็นเวลานาน ถนนทางเข้าหมู่บ้านและถนนภายในหมู่บ้านเป็นที่ดินส่วนบุคคล ขนาดท่อระบายน้ำไม่เหมาะสมกับขนาดพื้นที่และเป็นพื้นที่ลุ่มต่ำ ไม่มีการตรวจสอบทำความสะอาดท่อระบายน้ำเป็นเวลานาน มีดินเลนสะสมจำนวนมาก หากมีปริมาณน้ำฝนมากจะมีน้ำรอการระบายประมาณ 10-20 ซม. แนวทางแก้ไข 1.การแก้ไขปัญหาเบื้องต้น สนง.เขตติดตั้งเครื่องสูบน้ำเครื่องยนต์ดีเซลขนาด 8\u201d จำนวน 1 เครื่อง สูบน้ำจากท่อระบายน้ำลงสู่ลำรางส่วนบุคคล","add2":null,"add1":null,"objectid":79,"add4":null,"risk_gob_num":0,"add3":null}},{"geometry":{"type":"Point","coordinates":[100.36879999971327,13.743189999886763],"crs":null},"id":80,"type":"Feature","properties":{"กรท":null,"เขต":"ติดตั้งเครื่องสูบน้ำเสร็จเรียบร้อย 5","สคน":null,"remark":"ดำเนินการแล้วเสร็จ งบปี 25xx","risk_gob_detail":null,"project_name":null,"กรบ":null,"status_detail":"แก้ไขแล้วเสร็จ","problem":"น้ำฝน สนข.","สพน":null,"status_num":5,"district":"บางแค","name":"หมู่บ้านชัชฎาวิลล่า","x":100.3688,"group_d":"กรุงธนใต้","y":13.74319,"id":80,"detail":"เป็นพื้นที่ต่ำ พื้นที่น้ำท่วมขังสูงสุด เต็มพื้นที่ยาวประมาณ 2,000 เมตร ระดับความลึกน้ำ ประมาณ 30 - 50 เซนติเมตร แนวทางแก้ไข ติดตั้งเครื่องสูบน้ำเครื่องยนต์ดีเซล ขนาด 8 นิ้ว จำนวน 2 เครื่อง สูบลงคลองบางไผ่ และติดตั้งเครื่องสูบน้ำเครื่องยนต์ดีเซล ขนาด 8 นิ้ว จำนวน 1 เครื่อง ลงท่อระบายน้ำ ถนนพุทธมณฑลสาย 3","add2":null,"add1":null,"objectid":80,"add4":null,"risk_gob_num":0,"add3":null}},{"geometry":{"type":"Point","coordinates":[100.37899999965856,13.71873000042509],"crs":null},"id":81,"type":"Feature","properties":{"กรท":null,"เขต":"ติดตั้งเครื่องสูบน้ำเสร็จเรียบร้อย 5","สคน":null,"remark":null,"risk_gob_detail":null,"project_name":null,"กรบ":null,"status_detail":"แก้ไขแล้วเสร็จ","problem":"น้ำฝน สนข.","สพน":null,"status_num":5,"district":"บางแค","name":"หมู่บ้านเศรษฐกิจ","x":100.379,"group_d":"กรุงธนใต้","y":13.71873,"id":81,"detail":"เป็นพื้นที่ต่ำ พื้นที่น้ำท่วมขังสูงสุดเต็มพื้นที่ยาวประมาณ 2,000 เมตร ระดับความลึกน้ำ ประมาณ 20 - 30 เซนติเมตร แนวทางแก้ไข บริเวณซอยเศรษฐกิจ 27 สนน. ติดตั้งเครื่องสูบน้ำไฟฟ้า ขนาด 12 นิ้ว จำนวน 1 เครื่อง (สนน. ดูแลรับผิดชอบ) - บริเวณซอยเศรษฐกิจ 26 สนน. ติดตั้งเครื่องสูบน้ำไฟฟ้า ขนาด 12 นิ้ว จำนวน 1 เครื่อง (สนน. ดูแลรับผิดชอบ) - บริเวณซอยเศรษฐกิจ 22-15 สนน. ติดตั้งเครื่องสูบน้ำไฟฟ้า ขนาด 12 นิ้ว จำนวน 1 เครื่อง - บริเวณซอยเศรษฐกิจ 31-10-3 สนน. ติดตั้งเครื่องสูบน้ำไฟฟ้า ขนาด 12 นิ้ว จำนวน 1 เครื่อง - บริเวณซอยเศรษฐกิจ 48 สนน. ติดตั้งเครื่องสูบน้ำไฟฟ้า ขนาด 12 นิ้ว จำนวน 1 เครื่อง (สนน. ดูแลรับผิดชอบ) ปรับปรุงระดับผิวจราจรประมาณ 30 \u2013 50 ซม. และขยายขนาดท่อระบายน้ำ","add2":null,"add1":null,"objectid":81,"add4":null,"risk_gob_num":0,"add3":null}},{"geometry":{"type":"Point","coordinates":[100.40310000030429,13.697469999566232],"crs":null},"id":82,"type":"Feature","properties":{"กรท":null,"เขต":"โครงการปรับปรุงซอย 001 กาญจนาภิเษก 5/1 จากถนนกาญจนาภิเษกจนสุดทางสาธารณะ 5","สคน":null,"remark":"ดำเนินการแล้วเสร็จ งบปี 25xx","risk_gob_detail":null,"project_name":null,"กรบ":null,"status_detail":"แก้ไขแล้วเสร็จ","problem":"น้ำฝน สนข.","สพน":null,"status_num":5,"district":"บางแค","name":"ซอย หมู่บ้านสุขสันต์ 6","x":100.4031,"group_d":"กรุงธนใต้","y":13.69747,"id":82,"detail":"เป็นพื้นที่ต่ำ พื้นที่น้ำท่วมขังสูงสุดเต็มพื้นที่ยาวประมาณ 1,000 เมตร ระดับความลึกน้ำ ประมาณ 30 เซนติเมตร แนวทางแก้ไข ติดตั้งเครื่องสูบน้ำเครื่องยนต์ดีเซล ขนาด 8 นิ้ว จำนวน 1 เครื่อง สูบน้ำลงท่อระบายน้ำถนนกาญจนาภิเษก โดยพร่องน้ำในท่อระบายน้ำก่อนฝนตก สถานะ ได้รับงบประมาณในการปรับปรุงปี 2565 อยู่ระหว่างดำเนินการปรับปรุง","add2":null,"add1":null,"objectid":82,"add4":null,"risk_gob_num":0,"add3":null}},{"geometry":{"type":"Point","coordinates":[100.40339999987998,13.684949999965644],"crs":null},"id":83,"type":"Feature","properties":{"กรท":null,"เขต":"-ไม่มีผู้ประมูลงาน                                                      -แนวทางการแก้ไขติดตั้งเครื่องสูบน้ำเครื่องยนต์ดีเซลขนาด 8 นิ้วจำนวน 1 เครื่อง สูบน้ำลงถนนกาญจนาภิเษก","สคน":null,"remark":null,"risk_gob_detail":null,"project_name":null,"กรบ":null,"status_detail":"อยู่ระหว่างดำเนินการแก้ไข","problem":"น้ำฝน สนข.","สพน":null,"status_num":3,"district":"บางแค","name":"ซอยหมู่บ้านสุขสันต์ 7","x":100.4034,"group_d":"กรุงธนใต้","y":13.68495,"id":83,"detail":"เป็นพื้นที่ต่ำ พื้นที่น้ำท่วมขังสูงสุดเต็มพื้นที่ยาวประมาณ1000เมตร ระดับความลึกน้ำประมาณ30เซนติเมตร แนวทางแก้ไข ติดตั้งเครื่องสูบน้ำเครื่องยนต์ดีเซล ขนาด8นิ้วจำนวน1เครื่องสูบน้ำลงถนนกาญจนาภิเษก  ขอจัดสรรงบประมาณ ยกระดับผิวจราจร30-50ซม.และขยายขนาดท่อระบายน้ำจำนวนเงินงบประมาณ33ล้านบาท","add2":null,"add1":null,"objectid":83,"add4":null,"risk_gob_num":0,"add3":null}},{"geometry":{"type":"Point","coordinates":[100.36680000044619,13.730919999960266],"crs":null},"id":84,"type":"Feature","properties":{"กรท":null,"เขต":"ติดตั้งเครื่องสูบน้ำเสร็จเรียบร้อย 5","สคน":null,"remark":null,"risk_gob_detail":null,"project_name":null,"กรบ":null,"status_detail":"แก้ไขแล้วเสร็จ","problem":"น้ำฝน สนข.","สพน":null,"status_num":5,"district":"บางแค","name":"หน้าโรงพยาบาลราชพิพัฒน์","x":100.3668,"group_d":"กรุงธนใต้","y":13.73092,"id":84,"detail":"พื้นที่น้ำท่วมขังสูงสุดเต็มพื้นที่ยาวประมาณ 300 เมตร ระดับความลึกน้ำ ประมาณ 10 เซนติเมตร แนวทางแก้ไข ติดตั้งเครื่องสูบน้ำเครื่องยนต์ดีเซล ขนาด 8 นิ้ว จำนวน 1 เครื่อง สูบน้ำลงคลองทวีวัฒนา","add2":null,"add1":null,"objectid":84,"add4":null,"risk_gob_num":0,"add3":null}},{"geometry":{"type":"Point","coordinates":[100.40789999980299,13.710860000222272],"crs":null},"id":85,"type":"Feature","properties":{"กรท":null,"เขต":null,"สคน":null,"remark":null,"risk_gob_detail":null,"project_name":null,"กรบ":null,"status_detail":"แก้ไขแล้วเสร็จ","problem":"น้ำฝน สนข.","สพน":null,"status_num":5,"district":"บางแค","name":"หน้าเดอะมอลล์บางแค","x":100.4079,"group_d":"กรุงธนใต้","y":13.71086,"id":85,"detail":null,"add2":null,"add1":null,"objectid":85,"add4":null,"risk_gob_num":0,"add3":null}},{"geometry":{"type":"Point","coordinates":[100.40869999986914,13.689390000241385],"crs":null},"id":86,"type":"Feature","properties":{"กรท":null,"เขต":"-ติดตั้งเครื่องสูบน้ำเสร็จเรียบร้อยแล้ว             - อยู่ระหว่างของบประมาณปี 70 จัดทำเขื่อน ค.ส.ล.ดาดท้องคลองลำกระโดงกลางหมู่บ้านชัยมงคล","สคน":null,"remark":"ดำเนินการแล้วเสร็จ งบปี 25xx","risk_gob_detail":null,"project_name":null,"กรบ":null,"status_detail":"อยู่ระหว่างดำเนินการแก้ไข","problem":"น้ำฝน สนข.","สพน":null,"status_num":3,"district":"บางแค","name":"หมู่บ้านชัยมงคล","x":100.4087,"group_d":"กรุงธนใต้","y":13.68939,"id":86,"detail":"เป็็นพื้นที่ตำ พื้นที่น้ำท่วมขังสูงสุดเต็มพื้นที่ยาวประมาณ1000เมตร ระดับความลึกน้ำประมาณ 30 เซนติเมตร แนวทางแก้ไข ติดตั้งเครื่องสูบน้ำเครื่องยนต์ดีเซล ขนาด 8 นิ้วจำนวน 1 เครื่อง สูบน้ำลงลำกระโดงกลางหมู่บ้าน และเครื่องยนต์ดีเซลขนาด 10 นิ้ว จำนวน 1 เครื่อง สูบน้ำลงคลองหนองใหญ่ ติดต่อเจรจาเจ้าของที่ดินในส่วนที่เป็นทางออกสู่สาธารณะให้ยกเป็นสาธารณะ","add2":null,"add1":null,"objectid":86,"add4":null,"risk_gob_num":0,"add3":null}},{"geometry":{"type":"Point","coordinates":[100.4241999998036,13.712180000298508],"crs":null},"id":87,"type":"Feature","properties":{"กรท":null,"เขต":null,"สคน":null,"remark":null,"risk_gob_detail":null,"project_name":null,"กรบ":null,"status_detail":"แก้ไขแล้วเสร็จบางส่วน","problem":"น้ำฝน สนข.","สพน":null,"status_num":4,"district":"บางแค","name":"ถนนเพชรเกษมตรงข้ามตลาดบางแค","x":100.4242,"group_d":"กรุงธนใต้","y":13.71218,"id":87,"detail":"หมู่บ้านมหาดไทย 2เมื่อปริมาณความเข้มของฝนเกิน 60 มิลลิเมตรต่อชั่วโมง น้ำท่วมขังผิวจราจรเนื่องจากถนนในซอยีระดับต่ำกว่าถนนเมนท่อระบายน้ำมี่ขนาดเล็กไหลลงบ่อบำบัดหมู่บ้านและลงคลองลัดมะยม ระดับน้ำ 5-15 เซนติเมตร ประชาชนไม่ให้ตั้งเตรื่องสูบน้ำเนื่องจากเสียงดัง","add2":null,"add1":null,"objectid":87,"add4":null,"risk_gob_num":0,"add3":null}},{"geometry":{"type":"Point","coordinates":[100.38680000030368,13.695199999790976],"crs":null},"id":88,"type":"Feature","properties":{"กรท":null,"เขต":"-สำนักการระบายน้ำ.ติดตั้งเครื่องสูบน้ำเสร็จเรียบร้อยแล้ว                                                                  -ซอยอินทาปัจ13อยู่ในระหว่างดำเนินการก่อสร้างปรับปรุง ถนนและท่อระบายน้ำซึ่งเป็นโครงการของสำนักการโยธา","สคน":null,"remark":null,"risk_gob_detail":null,"project_name":null,"กรบ":null,"status_detail":"อยู่ระหว่างดำเนินการแก้ไข","problem":"น้ำฝน สนข.","สพน":null,"status_num":3,"district":"บางแค","name":"ซอย อินทาปัจ 13","x":100.3868,"group_d":"กรุงธนใต้","y":13.6952,"id":88,"detail":"พื้นที่น้ำท่วมขังสูงสุด เต็มพื้นที่ประมาณ 500 เมตร เมื่อมีฝนตกตั้งแต่ 60 มม.ขึ้นไป จะเกิดปัญหาน้ำท่วมขังประมาณ 20 ซม.แนวทางแก้ไข ยกระดับผิวจราจรขึ้นประมาณ 30 - 50 ซม.","add2":null,"add1":null,"objectid":88,"add4":null,"risk_gob_num":0,"add3":null}},{"geometry":{"type":"Point","coordinates":[100.42109999999636,13.707499999713928],"crs":null},"id":89,"type":"Feature","properties":{"กรท":null,"เขต":null,"สคน":null,"remark":null,"risk_gob_detail":null,"project_name":null,"กรบ":null,"status_detail":"แก้ไขแล้วเสร็จบางส่วน","problem":"น้ำฝน สนข.","สพน":null,"status_num":4,"district":"บางแค","name":"ถนนบางแคช่วงหน้าคอนโดลุมพินี","x":100.4211,"group_d":"กรุงธนใต้","y":13.7075,"id":89,"detail":null,"add2":null,"add1":null,"objectid":89,"add4":null,"risk_gob_num":0,"add3":null}},{"geometry":{"type":"Point","coordinates":[100.4251999998863,13.688309999866338],"crs":null},"id":90,"type":"Feature","properties":{"กรท":null,"เขต":null,"สคน":null,"remark":null,"risk_gob_detail":null,"project_name":null,"กรบ":null,"status_detail":"แก้ไขแล้วเสร็จบางส่วน","problem":"น้ำฝน สนข.","สพน":null,"status_num":4,"district":"บางแค","name":"ถนนบางแคช่างซอยนาคเพชรภูถึง แยกบางพฤกษ์","x":100.4252,"group_d":"กรุงธนใต้","y":13.68831,"id":90,"detail":"ชุมชนหลังสถานีรถไฟศาลาธรรมสพน์ พื้นที่ดังกล่าวเป็นชุมชนขนาดกลาง พื้นที่ลุ่มต่ำ ไม่มีท่อระบายน้ำเชื่อมออกลงคลองและถนน ทำให้การระบายน้ำไม่ดีเท่าที่ควร","add2":null,"add1":null,"objectid":90,"add4":null,"risk_gob_num":0,"add3":null}},{"geometry":{"type":"Point","coordinates":[100.35970000030814,13.74652000019254],"crs":null},"id":91,"type":"Feature","properties":{"กรท":"ปรับปรุงระบบระบายน้ำถนนสุขุมวิท 71 ตอนลงคลองตัน (ฝั่งทิศเหนือ) #อยู่ระหว่างดำเนินการ, ก่อสร้างรางระบายน้ำ ค.ส.ล. ถนนสุขุมวิท 71 และถนนรามคำแหง ช่วงจากสะพานข้ามคลองตันถึงทางรถไฟ (2 ฝั่ง) #อยู่ระหว่างดำเนินการ,\n","เขต":"ที่ดินเอกชน 2","สคน":null,"remark":null,"risk_gob_detail":null,"project_name":null,"กรบ":null,"status_detail":"แก้ไขแล้วเสร็จ","problem":"น้ำฝน สนข.","สพน":null,"status_num":5,"district":"บางแค","name":"หมู่บ้านโชคสำอางค์","x":100.3597,"group_d":"กรุงธนใต้","y":13.74652,"id":91,"detail":"เป็นพื้นที่เอกชน น้ำท่วมขังเต็มพื้นที่ ยาวประมาณ 1,000 เมตร เมื่อมีฝนตกตั้งแต่ 60 มม. ขึ้นไป จะเกิดปัญหาน้ำท่วมขังประมาณ 30 ซม. แนวทางแก้ไข ติดตั้งเครื่องสูบน้ำเครื่องยนต์ดีเซล ขนาด 8 นิ้ว ลงท่อระบายน้ำถนนบางแวก ลงคลองทวีวัฒนา","add2":null,"add1":null,"objectid":91,"add4":null,"risk_gob_num":0,"add3":null}},{"geometry":{"type":"Point","coordinates":[100.40949999993529,13.692239999702672],"crs":null},"id":92,"type":"Feature","properties":{"กรท":null,"เขต":"ที่ดินเอกชน 2","สคน":null,"remark":null,"risk_gob_detail":null,"project_name":null,"กรบ":null,"status_detail":"แก้ไขแล้วเสร็จ","problem":"น้ำฝน สนข.","สพน":null,"status_num":5,"district":"บางแค","name":"หมู่บ้านเศรษฐีวิลล์","x":100.4095,"group_d":"กรุงธนใต้","y":13.69224,"id":92,"detail":"เป็นพื้นที่ต่ำ น้ำท่วมขังสูงสุดเต็มพื้นที่ ยาวประมาณ 800 เมตร เมื่อมีฝนตกตั้งแต่ 60 มม. ขึ้นไป จะเกิดปัญหาน้ำท่วมขังประมาณ 30 ซม. แนวทางแก้ไข ติดตั้งเครื่องสูบน้ำเครื่องยนต์ดีเซล ขนาด 8 นิ้ว สูบลงคลอง บางอ้าย - ติดต่อเจ้าของที่ดินเจรจาให้ยกเป็นทางสาธารณะเพื่อ จะได้ของบประมาณปรับปรุงต่อไป","add2":null,"add1":null,"objectid":92,"add4":null,"risk_gob_num":0,"add3":null}},{"geometry":{"type":"Point","coordinates":[100.4113999996433,13.692890000240288],"crs":null},"id":93,"type":"Feature","properties":{"กรท":null,"เขต":"-ติิดตั้งเครื่องสูบน้ำเครื่องยนต์ ดีเซลขนาด 8 นิ้ว จำนวน 1 เครื่อง","สคน":null,"remark":null,"risk_gob_detail":null,"project_name":null,"กรบ":null,"status_detail":"พื้นที่เอกชนหรือหน่วยงานราชการ","problem":"น้ำฝน สนข.","สพน":null,"status_num":2,"district":"บางแค","name":"หมู่บ้านขุมทองเพชรเกษม","x":100.4114,"group_d":"กรุงธนใต้","y":13.69289,"id":93,"detail":"เป็นพื้นที่ต่ำ พื้นที่น้ำท่วมขังสูงสุดเต็มพื้นที่ยาวประมาณ 800 เมตร เมื่อมีฝนตกตั้งแต่ 60 มม.ขึ้นไป จะเกิดปัญหาน้ำท่วมขัง ประมาณ 30 เซนติเมตร แนวทางแก้ไข ติดตั้งเครื่องสูบน้ำเครื่องยนต์ดีเซล ขนาด 8 นิ้วจำนวน 1 เครื่อง สูบน้ำลงคลองบางอ้าย","add2":null,"add1":null,"objectid":93,"add4":null,"risk_gob_num":0,"add3":null}},{"geometry":{"type":"Point","coordinates":[100.42310000016178,13.68693999971576],"crs":null},"id":94,"type":"Feature","properties":{"กรท":null,"เขต":"ติดตั้งเครื่องสูบน้ำเสร็จเรียบร้อย 5","สคน":null,"remark":null,"risk_gob_detail":null,"project_name":null,"กรบ":null,"status_detail":"แก้ไขแล้วเสร็จ","problem":"น้ำฝน สนข.","สพน":null,"status_num":5,"district":"บางแค","name":"หมู่บ้านเพิ่มทรัพย์","x":100.4231,"group_d":"กรุงธนใต้","y":13.68694,"id":94,"detail":"เป็นพื้นที่ต่ำ พื้นที่น้ำท่วมขังสูงสุดเต็มพื้นที่ยาวประมาณ 1,000 เมตร ระดับความลึกน้ำ ประมาณ 30 - 40 เซนติเมตร แนวทางแก้ไข ติดตั้งเครื่องสูบน้ำไฟฟ้า ขนาด 10 นิ้ว จำนวน 1 เครื่อง และเครื่องสูบน้ำเครื่องยนต์ดีเซล ขนาด 8 นิ้ว จำนวน 1 เครื่อง สูบน้ำ ลงท่อระบายน้ำถนนกัลปพฤกษ์ - ติดต่อเจรจาเจ้าของที่ดินในส่วนที่เป็นทางออกสู่ทางสาธารณะให้ยกให้เป็นสาธารณะ เพื่อจะได้ของบประมาณปรับปรุงต่อไป","add2":null,"add1":null,"objectid":94,"add4":null,"risk_gob_num":0,"add3":null}},{"geometry":{"type":"Point","coordinates":[100.39909999997346,13.676959999794336],"crs":null},"id":95,"type":"Feature","properties":{"กรท":null,"เขต":"สำนักการระบายน้ำดูแลรับผิดชอบ 4","สคน":null,"remark":null,"risk_gob_detail":null,"project_name":null,"กรบ":null,"status_detail":"แก้ไขแล้วเสร็จ","problem":"น้ำฝน สนข.","สพน":null,"status_num":5,"district":"บางแค","name":"ซอยกาญจนาภิเษก 003 ช่วงสามแยก ร่วมไทรถึงคลองหนองใหญ่","x":100.3991,"group_d":"กรุงธนใต้","y":13.67696,"id":95,"detail":"พื้นที่น้ำท่วมขังสูงสุด เต็มพื้นที่ประมาณ 400 เมตร เมื่อมีฝนตกตั้งแต่ 60 มม. ขึ้นไป จะเกิดปัญหาน้ำท่วมขังประมาณ 20 \u2013 30 ซม. แนวทางแก้ไข ยกระดับผิวจราจรขึ้นประมาณ 30 \u2013 50 ซ.ม.","add2":null,"add1":null,"objectid":95,"add4":null,"risk_gob_num":0,"add3":null}},{"geometry":{"type":"Point","coordinates":[100.50850000003828,13.652839999832281],"crs":null},"id":96,"type":"Feature","properties":{"กรท":null,"เขต":"ปรับปรุงว่างท่อระบายน้ำ ยกระดับผิวจราจร","สคน":null,"remark":null,"risk_gob_detail":null,"project_name":null,"กรบ":null,"status_detail":"แก้ไขแล้วเสร็จ","problem":"น้ำฝน สนข.","สพน":null,"status_num":5,"district":"ทุ่งครุ","name":"ซอยประชาอุทิศ 33 แยก 16 (จากบ้านเลขที่ 15/1 ถึงบ้านเลขที่ 35)","x":100.5085,"group_d":"กรุงธนใต้","y":13.65284,"id":96,"detail":"1. ผิวจราจรมีระดับต่ำ 2. ท่อระบายน้ำเดิมมีขนาดเล็ก (60 - 80 ซม.) 3. สภาพถนนบางช่วงมีการทรุดตัวเป็นแอ่ง","add2":null,"add1":null,"objectid":96,"add4":null,"risk_gob_num":0,"add3":null}},{"geometry":{"type":"Point","coordinates":[100.51070000022025,13.654969999890842],"crs":null},"id":97,"type":"Feature","properties":{"กรท":null,"เขต":"ปรับปรุงว่างท่อระบายน้ำ ยกระดับผิวจราจร","สคน":null,"remark":null,"risk_gob_detail":null,"project_name":null,"กรบ":null,"status_detail":"แก้ไขแล้วเสร็จ","problem":"น้ำฝน สนข.","สพน":null,"status_num":5,"district":"ทุ่งครุ","name":"ซอย ประชาอุทิศ 33 แยก 25","x":100.5107,"group_d":"กรุงธนใต้","y":13.65497,"id":97,"detail":"1. ผิวจราจรมีระดับต่ำ 2. ท่อระบายน้ำเดิมมีขนาดเล็ก (30- 60 ซม.) 3. สภาพถนนบางช่วงมีการทรุดตัวเป็นแอ่ง","add2":null,"add1":null,"objectid":97,"add4":null,"risk_gob_num":0,"add3":null}},{"geometry":{"type":"Point","coordinates":[100.49289999964643,13.637870000098422],"crs":null},"id":98,"type":"Feature","properties":{"กรท":null,"เขต":"ปรับปรุงว่างท่อระบายน้ำ ยกระดับผิวจราจร","สคน":null,"remark":null,"risk_gob_detail":null,"project_name":null,"กรบ":null,"status_detail":"แก้ไขแล้วเสร็จ","problem":"น้ำฝน สนข.","สพน":null,"status_num":5,"district":"ทุ่งครุ","name":"ซอยประชาอุทิศ 54 แยก 13","x":100.4929,"group_d":"กรุงธนใต้","y":13.63787,"id":98,"detail":"1. ผิวจราจรมีระดับต่ำ 2. ไม่มีท่อระบายน้ำ 3. สภาพถนนบางช่วงมีการทรุดตัวเป็นแอ่ง","add2":null,"add1":null,"objectid":98,"add4":null,"risk_gob_num":0,"add3":null}},{"geometry":{"type":"Point","coordinates":[100.4932000001204,13.636209999581114],"crs":null},"id":99,"type":"Feature","properties":{"กรท":null,"เขต":"ปรับปรุงว่างท่อระบายน้ำ ยกระดับผิวจราจร","สคน":null,"remark":null,"risk_gob_detail":null,"project_name":null,"กรบ":null,"status_detail":"แก้ไขแล้วเสร็จ","problem":"น้ำฝน สนข.","สพน":null,"status_num":5,"district":"ทุ่งครุ","name":"ซอยประชาอุทิศ 54 แยก 17","x":100.4932,"group_d":"กรุงธนใต้","y":13.63621,"id":99,"detail":"1. ผิวจราจรมีระดับต่ำ 2. ไม่มีท่อระบายน้ำ 3. สภาพถนนบางช่วงมีการทรุดตัวเป็นแอ่ง","add2":null,"add1":null,"objectid":99,"add4":null,"risk_gob_num":0,"add3":null}},{"geometry":{"type":"Point","coordinates":[100.48149999960187,13.63863000006989],"crs":null},"id":100,"type":"Feature","properties":{"กรท":null,"เขต":"ปรับปรุงว่างท่อระบายน้ำ ยกระดับผิวจราจร","สคน":null,"remark":null,"risk_gob_detail":null,"project_name":null,"กรบ":null,"status_detail":"แก้ไขแล้วเสร็จ","problem":"น้ำฝน สนข.","สพน":null,"status_num":5,"district":"ทุ่งครุ","name":"ซอยประชาอุทิศ 54 แยก 6 \u2013 2","x":100.4815,"group_d":"กรุงธนใต้","y":13.63863,"id":100,"detail":"1. ผิวจราจรมีระดับต่ำ 2. ไม่มีท่อระบายน้ำ 3. สภาพถนนบางช่วงมีการทรุดตัวเป็นแอ่ง","add2":null,"add1":null,"objectid":100,"add4":null,"risk_gob_num":0,"add3":null}},{"geometry":{"type":"Point","coordinates":[100.4850999998996,13.60949000031046],"crs":null},"id":101,"type":"Feature","properties":{"กรท":null,"เขต":"ปรับปรุงว่างท่อระบายน้ำ ยกระดับผิวจราจร","สคน":null,"remark":null,"risk_gob_detail":null,"project_name":null,"กรบ":null,"status_detail":"แก้ไขแล้วเสร็จ","problem":"น้ำฝน สนข.","สพน":null,"status_num":5,"district":"ทุ่งครุ","name":"ซอยประชาอุทิศ 76 (จากคลองรางเวกถึงถนนเลียบทางด่วนรอบนอกกรุงเทพมหานครและซอยประชาอุทิศ 76 แยก 4/2 จากซอยประประชาอุทิศ 76 ถึงหมู่บ้านสินทวีสวนธน 2)","x":100.4851,"group_d":"กรุงธนใต้","y":13.60949,"id":101,"detail":"ซอยประชาอุทิศ 76 (จากคลองรางขมิ้นถึงคลองรางโพธิ์และซอยแยกประชาอุทิศ 76 จากซอยประชาอุทิศ 76 ถึงหมู่บ้านกานดาเพลส )","add2":null,"add1":null,"objectid":101,"add4":null,"risk_gob_num":0,"add3":null}},{"geometry":{"type":"Point","coordinates":[100.50099999986718,13.622010000353093],"crs":null},"id":102,"type":"Feature","properties":{"กรท":null,"เขต":"ปรับปรุงว่างท่อระบายน้ำ ยกระดับผิวจราจร","สคน":null,"remark":null,"risk_gob_detail":null,"project_name":null,"กรบ":null,"status_detail":"แก้ไขแล้วเสร็จ","problem":"น้ำฝน สนข.","สพน":null,"status_num":5,"district":"ทุ่งครุ","name":"ซอยประชาอุทิศ 76 แยก 1(จากซอยประชาอุทิศ 76 ถึงคลองราวตันและซอยแยกจากซอยประชาอุทิศ 76 แยก 1 ถึงบ้านเลขที่ 14)","x":100.501,"group_d":"กรุงธนใต้","y":13.62201,"id":102,"detail":"ผิวจราจรมีระดับต่ำท่อระบายน้ำเดิมมีขนาดเล็ก (30 - 60 ซม.) สภาพถนนบางช่วงมีการทรุดตัวเป็นแอ่ง","add2":null,"add1":null,"objectid":102,"add4":null,"risk_gob_num":0,"add3":null}},{"geometry":{"type":"Point","coordinates":[100.50039999981753,13.62235000009923],"crs":null},"id":103,"type":"Feature","properties":{"กรท":null,"เขต":"ปรับปรุงว่างท่อระบายน้ำ ยกระดับผิวจราจร","สคน":null,"remark":null,"risk_gob_detail":null,"project_name":null,"กรบ":null,"status_detail":"แก้ไขแล้วเสร็จ","problem":"น้ำฝน สนข.","สพน":null,"status_num":5,"district":"ทุ่งครุ","name":"ซอยประชาอุทิศ 76 แยก 3 (จากซอยประชาอุทิศ 76 ถึงสุดทางสาธารณะ)","x":100.5004,"group_d":"กรุงธนใต้","y":13.62235,"id":103,"detail":"1. ผิวจราจรมีระดับต่ำ 2. ท่อระบายน้ำเดิมมีขนาดเล็ก (60 ซม.) มีระดับต่ำกว่าระดับน้ำคลอง 3. สภาพถนนบางช่วงมีการทรุดตัวเป็นแอ่ง","add2":null,"add1":null,"objectid":103,"add4":null,"risk_gob_num":0,"add3":null}},{"geometry":{"type":"Point","coordinates":[100.48489999988308,13.61247999992802],"crs":null},"id":104,"type":"Feature","properties":{"กรท":null,"เขต":"ปรับปรุงว่างท่อระบายน้ำ ยกระดับผิวจราจร","สคน":null,"remark":null,"risk_gob_detail":null,"project_name":null,"กรบ":null,"status_detail":"แก้ไขแล้วเสร็จ","problem":"น้ำฝน สนข.","สพน":null,"status_num":5,"district":"ทุ่งครุ","name":"ซอยประชาอุทิศ 76 แยก 9 จากบริเวณที่ปรับปรุงไว้เดิม (หน้าบริษัทโบเบเกอรี่) ถึงสุดเขตกรุงเทพมหานคร","x":100.4849,"group_d":"กรุงธนใต้","y":13.61248,"id":104,"detail":"1. ผิวจราจรมีระดับต่ำ 2. ไม่มีท่อระบายน้ำ 3. สภาพถนนบางช่วงมีการทรุดตัวเป็นแอ่ง","add2":null,"add1":null,"objectid":104,"add4":null,"risk_gob_num":0,"add3":null}},{"geometry":{"type":"Point","coordinates":[100.51299999996134,13.611499999832622],"crs":null},"id":105,"type":"Feature","properties":{"กรท":null,"เขต":"ปรับปรุงว่างท่อระบายน้ำ ยกระดับผิวจราจร","สคน":null,"remark":null,"risk_gob_detail":null,"project_name":null,"กรบ":null,"status_detail":"แก้ไขแล้วเสร็จ","problem":"น้ำฝน สนข.","สพน":null,"status_num":5,"district":"ทุ่งครุ","name":"ซอย ประชาอุทิศ 127","x":100.513,"group_d":"กรุงธนใต้","y":13.6115,"id":105,"detail":"1. ผิวจราจรมีระดับต่ำ 2. ท่อระบายน้ำเดิมมีขนาดเล็ก (30 ซม.) มีระดับต่ำกว่าระดับน้ำคลอง 3. สภาพถนนบางช่วงมีการทรุดตัวเป็นแอ่ง","add2":null,"add1":null,"objectid":105,"add4":null,"risk_gob_num":0,"add3":null}},{"geometry":{"type":"Point","coordinates":[100.49263519965685,13.619061950236835],"crs":null},"id":106,"type":"Feature","properties":{"กรท":null,"เขต":"ปรับปรุงว่างท่อระบายน้ำ ยกระดับผิวจราจร","สคน":null,"remark":null,"risk_gob_detail":null,"project_name":null,"กรบ":null,"status_detail":"แก้ไขแล้วเสร็จ","problem":"น้ำฝน สนข.","สพน":null,"status_num":5,"district":"ทุ่งครุ","name":"หมู่บ้านเพ็ญพร 2","x":100.4926352,"group_d":"กรุงธนใต้","y":13.61906195,"id":106,"detail":null,"add2":null,"add1":null,"objectid":106,"add4":null,"risk_gob_num":0,"add3":null}},{"geometry":{"type":"Point","coordinates":[100.50919999964705,13.634250000000117],"crs":null},"id":107,"type":"Feature","properties":{"กรท":null,"เขต":"ปรับปรุงว่างท่อระบายน้ำ ยกระดับผิวจราจร","สคน":null,"remark":null,"risk_gob_detail":null,"project_name":null,"กรบ":null,"status_detail":"แก้ไขแล้วเสร็จ","problem":"น้ำฝน สนข.","สพน":null,"status_num":5,"district":"ทุ่งครุ","name":"ประชาอุทิศ 79 (ซอยแยกหมู่บ้านวิเศษสุขนคร ซอย 1 , ซอย 3 , ซอย 5 และ ซอย 7)","x":100.5092,"group_d":"กรุงธนใต้","y":13.63425,"id":107,"detail":"1. ผิวจราจรมีระดับต่ำ 2. ท่อระบายน้ำเดิมมีขนาดเล็ก (60 ซม.) มีระดับต่ำกว่าระดับน้ำคลอง 3. สภาพถนนบางช่วงมีการทรุดตัวเป็นแอ่ง","add2":null,"add1":null,"objectid":107,"add4":null,"risk_gob_num":0,"add3":null}},{"geometry":{"type":"Point","coordinates":[100.50509999975709,13.642209999816993],"crs":null},"id":108,"type":"Feature","properties":{"กรท":null,"เขต":"ปรับปรุงว่างท่อระบายน้ำ ยกระดับผิวจราจร","สคน":null,"remark":null,"risk_gob_detail":null,"project_name":null,"กรบ":null,"status_detail":"แก้ไขแล้วเสร็จ","problem":"น้ำฝน สนข.","สพน":null,"status_num":5,"district":"ทุ่งครุ","name":"ซอยประชาอุทิศ 75 แยก 7(จากซอยประชาอุทิศ 75 ถึง ซอยประชาอุทิศ 69)","x":100.5051,"group_d":"กรุงธนใต้","y":13.64221,"id":108,"detail":"1. ผิวจราจรมีระดับต่ำ 2. ท่อระบายน้ำเดิมมีขนาดเล็ก ( 60 ซม.) มีระดับต่ำกว่าระดับน้ำคลอง 3. สภาพถนนบางช่วงมีการทรุดตัวเป็นแอ่ง","add2":null,"add1":null,"objectid":108,"add4":null,"risk_gob_num":0,"add3":null}},{"geometry":{"type":"Point","coordinates":[100.50019999980098,13.621150000250804],"crs":null},"id":109,"type":"Feature","properties":{"กรท":null,"เขต":"ปรับปรุงว่างท่อระบายน้ำ ยกระดับผิวจราจร","สคน":null,"remark":null,"risk_gob_detail":null,"project_name":null,"กรบ":null,"status_detail":"แก้ไขแล้วเสร็จ","problem":"น้ำฝน สนข.","สพน":null,"status_num":5,"district":"ทุ่งครุ","name":"ซอยประชาอุทิศ 76 (จากถนนเลียบทางด่วนวงแหวนรอบนอกกรุงเทพมหานครถึงคลองรางขมิ้น)","x":100.5002,"group_d":"กรุงธนใต้","y":13.62115,"id":109,"detail":"1. ผิวจราจรมีระดับต่ำ 2. ท่อระบายน้ำเดิมมีขนาดเล็ก(60 ซม.) 3. สภาพถนนบางช่วงมีการทรุดตัวเป็นแอ่ง","add2":null,"add1":null,"objectid":109,"add4":null,"risk_gob_num":0,"add3":null}},{"geometry":{"type":"Point","coordinates":[100.4223000000956,13.645560000081693],"crs":null},"id":110,"type":"Feature","properties":{"กรท":null,"เขต":"ปัจจุบันได้รับงบประมาณปรังปรุงพื้นถนน งบประมาณประจำปี2569 และของบประมาณประจำปี2570 ก่อสร้างเขื่อน ค.ส.ล. คลองรางเข้เพื่อป้องกันน้ำล้นจากคลองเข้าสู่พื้นที่ดังกล่าว / แนวทางแก้ไข -ติดตั้งเครื่องสูบน้ำเครื่องยนต์ดีเซล ขนาด 8 นิ้ว จำนวน 4 เครื่อง -ติดตั้งเครื่องสูบน้ำเครื่องยนต์ดีเซล ขนาด 10 นิ้ว จำนวน 1 เครื่อง -ติดตั้งเครื่องสูบน้ำไฟฟ้า ขนาด 28 นิ้ว จำนวน 2 เครื่อง -ติดตั้งเครื่องสูบน้ำไฟฟ้า ขนาด 20 นิ้ว จำนวน 2 เครื่อง -เร่งระบายน้ำลงสู่คลองรางแก้ว","สคน":null,"remark":null,"risk_gob_detail":null,"project_name":null,"กรบ":null,"status_detail":"อยู่ระหว่างดำเนินการแก้ไข","problem":"น้ำฝน สนข.","สพน":null,"status_num":3,"district":"บางขุนเทียน","name":"ถนนพระรามที่ 2 ซอย 69 (ม.การเคหะโครงการ 1 ส่วน 1,2 และส่วน 3)","x":100.4223,"group_d":"กรุงธนใต้","y":13.64556,"id":110,"detail":"พื้นผิวจราจรมีระดับต่ำ ท่อระบายมีขนาดเล็ก ทำให้มีน้ำรอการระบายอยู่บ่อยครั้ง","add2":null,"add1":null,"objectid":110,"add4":null,"risk_gob_num":0,"add3":null}},{"geometry":{"type":"Point","coordinates":[100.41849999978135,13.646189999914267],"crs":null},"id":111,"type":"Feature","properties":{"กรท":null,"เขต":"ผิวจราจรมีระดับต่ำ คลองลาดลำภู ต้องได้รับการขุดลอกทุก 3 ปี ตอนนี้คลองมีความตื้นเขินไม่สามารถรองรับน้ำได้มากพอ / แนวทางแก้ไข -ติดตั้งเครื่องสูบน้ำเครื่องยนต์ดีเซล ขนาด 6 นิ้ว จำนวน 1 เครื่อง -ติดตั้งเครื่องสูบน้ำไฟฟ้า ขนาด 28 นิ้ว จำนวน 2 เครื่อง -ติดตั้งเครื่องสูบน้ำไฟฟ้า ขนาด 20 นิ้ว จำนวน 2 เครื่อง -เร่งระบายน้ำลงสู่คลองลาดลำถู","สคน":null,"remark":null,"risk_gob_detail":null,"project_name":null,"กรบ":null,"status_detail":"อยู่ระหว่างดำเนินการแก้ไข","problem":"น้ำฝน สนข.","สพน":null,"status_num":3,"district":"บางขุนเทียน","name":"ถนนพระรามที่ 2 ซอย 69 (ม.การเคหะโครงการ 1 ส่วน 4,5)","x":100.4185,"group_d":"กรุงธนใต้","y":13.64619,"id":111,"detail":"พื้นผิวจราจรมีระดับต่ำ  ท่อระบายมีขนาดเล็ก ทำให้มีน้ำรอการระบายอยู่บ่อยครั้ง","add2":null,"add1":null,"objectid":111,"add4":null,"risk_gob_num":0,"add3":null}},{"geometry":{"type":"Point","coordinates":[100.43456010019375,13.625693260221366],"crs":null},"id":112,"type":"Feature","properties":{"กรท":null,"เขต":"ปรับปรุงซอยเทียนทะเล 20 จากถนนบางขุนเทียนชายทะเลถึงคลองสะแกงาม #แล้วเสร็จ","สคน":null,"remark":null,"risk_gob_detail":null,"project_name":null,"กรบ":null,"status_detail":"แก้ไขแล้วเสร็จ","problem":"น้ำฝน สนข.","สพน":null,"status_num":5,"district":"บางขุนเทียน","name":"ปากซอยเทียนทะเล 20","x":100.4345601,"group_d":"กรุงธนใต้","y":13.62569326,"id":112,"detail":null,"add2":null,"add1":null,"objectid":112,"add4":null,"risk_gob_num":0,"add3":null}},{"geometry":{"type":"Point","coordinates":[100.43590000032209,13.619710000425904],"crs":null},"id":113,"type":"Feature","properties":{"กรท":null,"เขต":"ปรับปรุงซอยเทียนทะเล 22 จากสะพานข้ามคลองบางขโมย ถึงสุดซอยเทียนทะเล 22 แยก 6 #แล้วเสร็จ","สคน":null,"remark":null,"risk_gob_detail":null,"project_name":null,"กรบ":null,"status_detail":"แก้ไขแล้วเสร็จ","problem":"น้ำฝน สนข.","สพน":null,"status_num":5,"district":"บางขุนเทียน","name":"ถนนเทียนทะเล 22","x":100.4359,"group_d":"กรุงธนใต้","y":13.61971,"id":113,"detail":"ผิวจราจรมีระดับต่ำเมื่อมีฝนตกและน้ำทะเลหนุนทำให้ระดับน้ำในคลองสนามชัยสูง เอ่อล้นเข้าท่วมถนน มีน้ำรอระบาย","add2":null,"add1":null,"objectid":113,"add4":null,"risk_gob_num":0,"add3":null}},{"geometry":{"type":"Point","coordinates":[100.43009999984241,13.604709999774515],"crs":null},"id":114,"type":"Feature","properties":{"กรท":null,"เขต":"พื้นที่ดังกล่าวเป็นหมู่บ้านเอกชนไม่สามารถใช้งบประมาณเข้าดำเนินการแก้ไขได้ / แนวทางแก้ไข -ติดตั้งเครื่องสูบน้ำเครื่องยนต์ดีเซล ขนาด 8 นิ้ว จำนวน 2 เครื่อง -ติดตั้งเครื่องสูบน้ำเครื่องยนต์ดีเซล ขนาด 10 นิ้ว จำนวน 1 เครื่อง -เร่งระบายน้ำลงสู่คลองพระไชยยศ","สคน":null,"remark":null,"risk_gob_detail":null,"project_name":null,"กรบ":null,"status_detail":"พื้นที่เอกชนหรือหน่วยงานราชการ","problem":"น้ำฝน สนข.","สพน":null,"status_num":2,"district":"บางขุนเทียน","name":"ซอยเทียนทะเล 26 (หมู่บ้านวงแหวนแสงประทีป)","x":100.4301,"group_d":"กรุงธนใต้","y":13.60471,"id":114,"detail":"พื้นผิวจราจรมีระดับต่ำ  ท่อระบายมีขนาดเล็ก ทำให้มีน้ำรอการระบายอยู่บ่อยครั้ง","add2":null,"add1":null,"objectid":114,"add4":null,"risk_gob_num":0,"add3":null}},{"geometry":{"type":"Point","coordinates":[100.4418000003609,13.61812000007285],"crs":null},"id":115,"type":"Feature","properties":{"กรท":null,"เขต":"ปรับปรุงซอยเทียนทะเล19แยก1 (หมู่บ้านอิ่มอัมพร) #แล้วเสร็จ","สคน":null,"remark":null,"risk_gob_detail":null,"project_name":null,"กรบ":null,"status_detail":"แก้ไขแล้วเสร็จ","problem":"น้ำฝน สนข.","สพน":null,"status_num":5,"district":"บางขุนเทียน","name":"ซอยเทียนทะเล 19 แยก 1(หมู่บ้านอิ่มอัมพร)","x":100.4418,"group_d":"กรุงธนใต้","y":13.61812,"id":115,"detail":"ผิวจราจรมีระดับต่ำและเป็นแอ่งความยาวเป็นช่วง ๆ ตลอดทาง เมื่อมีฝนตกและน้ำทะเลหนุนทำให้ระดับน้ำในคลองสนามชัยสูง เอิ่อล้นเข้าท่วมถนน มีน้ำรอระบาย","add2":null,"add1":null,"objectid":115,"add4":null,"risk_gob_num":0,"add3":null}},{"geometry":{"type":"Point","coordinates":[100.44980000012423,13.617070000090694],"crs":null},"id":116,"type":"Feature","properties":{"กรท":null,"เขต":"ปรับปรุงซอยเทียนทะเล19แยก2 ตั้งแต่ซอยเทียนทะเล 19 แยก 2 ถึงคลองบางขโมย #แล้วเสร็จ","สคน":null,"remark":null,"risk_gob_detail":null,"project_name":null,"กรบ":null,"status_detail":"แก้ไขแล้วเสร็จ","problem":"น้ำฝน สนข.","สพน":null,"status_num":5,"district":"บางขุนเทียน","name":"เทียนทะเล 19 แยก 2","x":100.4498,"group_d":"กรุงธนใต้","y":13.61707,"id":116,"detail":"1.ผิวจราจรมีระดับต่ำไม่สามารถระบายน้ำลงคลองได้โดยตรง 2.พื้นที่มีระดับต่ำและได้รับผลกระทบน้ำท่วมจากน้ำทะเลหนุนสูงในคลองหัวกระบือ","add2":null,"add1":null,"objectid":116,"add4":null,"risk_gob_num":0,"add3":null}},{"geometry":{"type":"Point","coordinates":[100.41980000033801,13.64814000025143],"crs":null},"id":117,"type":"Feature","properties":{"กรท":null,"เขต":"สนข.ติดตั้งเครื่องสูบน้ำถาวรเพื่อเร่งระบายน้ำ","สคน":null,"remark":null,"risk_gob_detail":null,"project_name":null,"กรบ":null,"status_detail":"แก้ไขแล้วเสร็จ","problem":"น้ำฝน สนข.","สพน":null,"status_num":5,"district":"บางขุนเทียน","name":"ถนนพระรามที่ 2 ซอย 69 (หัวมุมโลตัส)","x":100.4198,"group_d":"กรุงธนใต้","y":13.64814,"id":117,"detail":"ผิวจราจรมีระดับต่ำกว่าถนนพระราม 2 ทำให้น้ำในถนนพระราม 2 ไหลลงสู่ถนนซอย ทำให้มีน้ำรอระบายประมาณ 10 - 15 นาที ระดับก้นท่อระบายน้ำต่ำกว่า ระดับก้นท่อระบายน้ำของกรมทางหลวง แนวทางแก้ไข ติดตั้งเครื่องสูบน้ำเครื่องยนต์ดีเซล ขนาด 10 นิ้ว จำนวน 1 เครื่อง - เร่งระบายน้ำลงสู่ท่อระบายน้ำของกรมทาง ถนนพระราม 2","add2":null,"add1":null,"objectid":117,"add4":null,"risk_gob_num":0,"add3":null}},{"geometry":{"type":"Point","coordinates":[100.4198999998971,13.640019999926905],"crs":null},"id":118,"type":"Feature","properties":{"กรท":null,"เขต":"ปรับปรุงซอย จากปากซอยสะแกงาม13 แยก 1 ถึงสุดทางสาธารณะ #แล้วเสร็จ","สคน":null,"remark":null,"risk_gob_detail":null,"project_name":null,"กรบ":null,"status_detail":"แก้ไขแล้วเสร็จ","problem":"น้ำฝน สนข.","สพน":null,"status_num":5,"district":"บางขุนเทียน","name":"ซอย สะแกงาม 13","x":100.4199,"group_d":"กรุงธนใต้","y":13.64002,"id":118,"detail":"ผิวจราจรมีระดับต่ำกว่าถนนสะแกงาม และมีทางน้ำออกได้ทางเดียวโดยระบายน้ำออกทางปากซอยสะแกงาม 13 สู่ถนนสะแกงาม ทำให้มีน้ำรอระบาย","add2":null,"add1":null,"objectid":118,"add4":null,"risk_gob_num":0,"add3":null}},{"geometry":{"type":"Point","coordinates":[100.53130000012736,13.70571999992785],"crs":null},"id":119,"type":"Feature","properties":{"กรท":null,"เขต":null,"สคน":null,"remark":"สนน","risk_gob_detail":null,"project_name":null,"กรบ":null,"status_detail":"แก้ไขแล้วเสร็จ","problem":"น้ำฝน สนข.","สพน":null,"status_num":5,"district":"สาทร","name":"ไปรษณีย์ สาขายานนาวา","x":100.5313,"group_d":"กรุงเทพใต้","y":13.70572,"id":119,"detail":"1. เนื่องจากบริเวณดังกล่าวมีสภาพเป็นที่ลุ่มต่ำ เมื่อมีฝนตกจะมีน้ำขัง สูง 20-25 ซม. ยาวประมาณ 1000 ม. 2. การระบายน้ำ ระบายสู่คลองกรวยและคลองช่องนนทรี ซึ่งมีระยะไกล","add2":null,"add1":null,"objectid":119,"add4":null,"risk_gob_num":0,"add3":null}},{"geometry":{"type":"Point","coordinates":[100.52019999965847,13.707589999933246],"crs":null},"id":120,"type":"Feature","properties":{"กรท":null,"เขต":null,"สคน":null,"remark":"สนน","risk_gob_detail":null,"project_name":null,"กรบ":null,"status_detail":"แก้ไขแล้วเสร็จ","problem":"น้ำฝน สนข.","สพน":null,"status_num":5,"district":"สาทร","name":"ปากซอยบำเพ็ญกุศล","x":100.5202,"group_d":"กรุงเทพใต้","y":13.70759,"id":120,"detail":"1. เนื่องจากบริเวณดังกล่าวมีสภาพเป็นที่ลุ่มต่ำ เมื่อมีฝนตกจะมีน้ำขัง สูง 20-25 ซม. ยาวประมาณ 1000 ม. 2. การระบายน้ำ ระบายสู่คลองกรวยและคลองช่องนนทรี ซึ่งมีระยะไกล","add2":null,"add1":null,"objectid":120,"add4":null,"risk_gob_num":0,"add3":null}},{"geometry":{"type":"Point","coordinates":[100.49429999976218,13.667429999882057],"crs":null},"id":121,"type":"Feature","properties":{"กรท":null,"เขต":"สำนักการระบายน้ำได้เดำเนินการขุดลอกคลองบางปะกอก เพื่อเพิ่มประสิทธิภาพในการระบายน้ำและสำนักงานเขตได้ดำเนินการล้างทำความสะอาดท่อเป็นประจำ","สคน":null,"remark":null,"risk_gob_detail":null,"project_name":null,"กรบ":null,"status_detail":"แก้ไขแล้วเสร็จ","problem":"น้ำฝน สนข.","สพน":null,"status_num":5,"district":"ราษฎร์บูรณะ","name":"ซอย สุขสวัสดิ์ 30","x":100.4943,"group_d":"กรุงธนใต้","y":13.66743,"id":121,"detail":"1.ผิวจราจรและพื้นที่ในชุมชนมีระดับต่ำ \n2.ท่อระบายน้ำทิ้งลงคลองบางปะกอกมีเพียง 2 จุด \n3.หากเกิดฝนตกหนักทำให้น้ำท่วมชุมชนเพราะระบายน้ำไม่ทันเนื่องจากคลองบางปะกอกตื้น","add2":null,"add1":null,"objectid":121,"add4":null,"risk_gob_num":0,"add3":null}},{"geometry":{"type":"Point","coordinates":[100.5374000001827,13.72136999977545],"crs":null},"id":122,"type":"Feature","properties":{"กรท":null,"เขต":null,"สคน":null,"remark":"สนน","risk_gob_detail":null,"project_name":null,"กรบ":null,"status_detail":"แก้ไขแล้วเสร็จบางส่วน","problem":"น้ำฝน สนข.","สพน":null,"status_num":4,"district":"สาทร","name":"ถนนสวนพลู","x":100.5374,"group_d":"กรุงเทพใต้","y":13.72137,"id":122,"detail":"ผิวจราจรต่ำกว่าถนนสายหลัก","add2":null,"add1":null,"objectid":122,"add4":null,"risk_gob_num":0,"add3":null}},{"geometry":{"type":"Point","coordinates":[100.5262000001547,13.71203999976946],"crs":null},"id":123,"type":"Feature","properties":{"กรท":null,"เขต":null,"สคน":null,"remark":"สนน","risk_gob_detail":null,"project_name":null,"กรบ":null,"status_detail":"แก้ไขแล้วเสร็จ","problem":"น้ำฝน สนข.","สพน":null,"status_num":5,"district":"สาทร","name":"ซอย จันทน์ 18/7 แยก 17","x":100.5262,"group_d":"กรุงเทพใต้","y":13.71204,"id":123,"detail":"1.รับผลกระทบจากน้ำท่วมถนนจันทน์ มีน้ำขัง สูง 18-20 ซม. ยาว 700 ม.","add2":null,"add1":null,"objectid":123,"add4":null,"risk_gob_num":0,"add3":null}},{"geometry":{"type":"Point","coordinates":[100.51959999960887,13.707110000110527],"crs":null},"id":124,"type":"Feature","properties":{"กรท":null,"เขต":null,"สคน":null,"remark":"เขต","risk_gob_detail":null,"project_name":null,"กรบ":null,"status_detail":"แก้ไขแล้วเสร็จ","problem":"น้ำฝน สนข.","สพน":null,"status_num":5,"district":"สาทร","name":"ซอย จันทน์ 43","x":100.5196,"group_d":"กรุงเทพใต้","y":13.70711,"id":124,"detail":"1.รับผลกระทบจากน้ำท่วมถนนจันทน์ มีน้ำขัง สูง 20-30 ซม. ยาว 800 ม.","add2":null,"add1":null,"objectid":124,"add4":null,"risk_gob_num":0,"add3":null}},{"geometry":{"type":"Point","coordinates":[100.54199999966481,13.710319999798052],"crs":null},"id":125,"type":"Feature","properties":{"กรท":null,"เขต":null,"สคน":null,"remark":"สนน","risk_gob_detail":null,"project_name":null,"กรบ":null,"status_detail":"แก้ไขแล้วเสร็จ","problem":"น้ำฝน สนข.","สพน":null,"status_num":5,"district":"สาทร","name":"ถนน นางลิ้นจี่","x":100.542,"group_d":"กรุงเทพใต้","y":13.71032,"id":125,"detail":"บริเวณถนนนางลิ้นจี่ ตลอดทั้งซอย รับผลกระทบจากน้ำท่วมถนนสวนพูล มีน้ำขัง สูง 20-30 ซม. ยาว 800 ม.","add2":null,"add1":null,"objectid":125,"add4":null,"risk_gob_num":0,"add3":null}},{"geometry":{"type":"Point","coordinates":[100.54310000020496,13.718210000080234],"crs":null},"id":126,"type":"Feature","properties":{"กรท":null,"เขต":null,"สคน":null,"remark":"เขต","risk_gob_detail":null,"project_name":null,"กรบ":null,"status_detail":"แก้ไขแล้วเสร็จ","problem":"น้ำฝน สนข.","สพน":null,"status_num":5,"district":"สาทร","name":"บริเวณถนนงามดูพลี","x":100.5431,"group_d":"กรุงเทพใต้","y":13.71821,"id":126,"detail":"บริเวณถนนงามดูพลี รับผลกระทบจากน้ำท่วมถนนสวนพูล มีน้ำขัง สูง 20-30 ซม. ยาว 500 ม.","add2":null,"add1":null,"objectid":126,"add4":null,"risk_gob_num":0,"add3":null}},{"geometry":{"type":"Point","coordinates":[100.52010000009938,13.703099999890494],"crs":null},"id":127,"type":"Feature","properties":{"กรท":null,"เขต":null,"สคน":null,"remark":null,"risk_gob_detail":null,"project_name":null,"กรบ":null,"status_detail":"แก้ไขแล้วเสร็จ","problem":"น้ำฝน สนข.","สพน":null,"status_num":5,"district":"บางคอแหลม","name":"ซอยเจริญราษฎร์ 5 (อยู่ดี 16)","x":100.5201,"group_d":"กรุงเทพใต้","y":13.7031,"id":127,"detail":"ซอยเจริญราษฎร์ 5 (อยู่ดี 16) มีพื้นที่ลุ่มต่ำ มีน้ำท่วมขัง สูง 0.15 - 0.20 ม. ระยะทางประมาณ 400 ม.","add2":null,"add1":null,"objectid":127,"add4":null,"risk_gob_num":0,"add3":null}},{"geometry":{"type":"Point","coordinates":[100.50320000004912,13.690539999739485],"crs":null},"id":128,"type":"Feature","properties":{"กรท":null,"เขต":"โครงการที่แก้ไขปัญหาจุดเสี่ยงน้ำท่วม/พื้นที่ส่วนบุคคล ไม่สามารถเข้าดำเนินการได้ 2, เป็นพื้นที่ส่วนบุคคล ต้องให้เจ้าของที่ดินยกที่ให้เป็นสาธารณะก่อนจึงสามารถปรับปรุงผิวจราจรพร้อมท่อระบายน้ำ","สคน":null,"remark":null,"risk_gob_detail":null,"project_name":null,"กรบ":null,"status_detail":"พื้นที่เอกชนหรือหน่วยงานราชการ","problem":"น้ำฝน สนข.","สพน":null,"status_num":2,"district":"บางคอแหลม","name":"ถนนพระรามที่ 3 ซอย 16","x":100.5032,"group_d":"กรุงเทพใต้","y":13.69054,"id":128,"detail":"ถนนพระรามที่ 3 ซอย 16 มีพื้นที่ลุ่มต่ำ มีน้ำท่วมขัง สูง 0.15 - 0.25 ม .ระยะทางประมาณ 200 ม.","add2":null,"add1":null,"objectid":128,"add4":null,"risk_gob_num":0,"add3":null}},{"geometry":{"type":"Point","coordinates":[100.49700000043467,13.697240000087074],"crs":null},"id":129,"type":"Feature","properties":{"กรท":null,"เขต":null,"สคน":null,"remark":null,"risk_gob_detail":null,"project_name":null,"กรบ":null,"status_detail":"อยู่ระหว่างดำเนินการแก้ไข","problem":"น้ำฝน สนข.","สพน":null,"status_num":3,"district":"บางคอแหลม","name":"แยกถนนตก","x":100.497,"group_d":"กรุงเทพใต้","y":13.69724,"id":129,"detail":null,"add2":null,"add1":null,"objectid":129,"add4":null,"risk_gob_num":0,"add3":null}},{"geometry":{"type":"Point","coordinates":[100.5963000001133,13.664259999957727],"crs":null},"id":130,"type":"Feature","properties":{"กรท":null,"เขต":"ดำเนินการจ้างเหมาก่อสร้างปรับปรุงผิวจราจรและท่อระบายน้ำซอยจ่าโสด แยก 24 ปัจจุบันเสร็จเรียบร้อยแล้ว","สคน":null,"remark":null,"risk_gob_detail":null,"project_name":null,"กรบ":null,"status_detail":"แก้ไขแล้วเสร็จ","problem":"น้ำฝน สนข.","สพน":null,"status_num":5,"district":"บางนา","name":"ซอยจ่าโสด แยก 24","x":100.5963,"group_d":"กรุงเทพใต้","y":13.66426,"id":130,"detail":"เป็นซอยสาธารณะ บริเวณซอยดังกล่าวมีระดับต่ำกว่าซอยเพี้ยนพิน","add2":null,"add1":null,"objectid":130,"add4":null,"risk_gob_num":0,"add3":null}},{"geometry":{"type":"Point","coordinates":[100.61460000027937,13.663349999936036],"crs":null},"id":131,"type":"Feature","properties":{"กรท":null,"เขต":"สำนักงานเขตได้ดึงน้ำเข้าระบบท่อระบายน้ำสายหลักเพื่อให้น้ำไหลลงเครื่องสูบน้ำระบบไฟฟ้าซอยลาซาล 23 พร้อมทำการลอกท่อเส้นทางสายหลักเสร็จเรียบร้อยแล้ว ","สคน":null,"remark":null,"risk_gob_detail":null,"project_name":null,"กรบ":null,"status_detail":"แก้ไขแล้วเสร็จบางส่วน","problem":"น้ำฝน สนข.","สพน":null,"status_num":4,"district":"บางนา","name":"ซอยลาซาล 22 (หมู่บ้านลาซาลนิเวศน์)","x":100.6146,"group_d":"กรุงเทพใต้","y":13.66335,"id":131,"detail":"น้ำท่วมขังเป็นบางส่วนเนื่องจากไม่สามารถเข้าไปปรับปรุงและพัฒนาสาธารณูปโภคขั้นพื้นฐานได้","add2":null,"add1":null,"objectid":131,"add4":null,"risk_gob_num":0,"add3":null}},{"geometry":{"type":"Point","coordinates":[100.61369999975575,13.658810000435727],"crs":null},"id":132,"type":"Feature","properties":{"กรท":null,"เขต":"อยู่ระหว่างดำเนินการก่อสร้าง ปรับปรุงถนนพร้อมวางท่อระบายน้ำใหม่ คาดว่าจะแล้วเส็จอีกไม่นาน","สคน":null,"remark":"ได้งบ 68","risk_gob_detail":null,"project_name":null,"กรบ":null,"status_detail":"แก้ไขแล้วเสร็จบางส่วน","problem":"น้ำฝน สนข.","สพน":null,"status_num":4,"district":"บางนา","name":"ซอย ลาซาล 24","x":100.6137,"group_d":"กรุงเทพใต้","y":13.65881,"id":132,"detail":"พื้นที่หมู่บ้านจัดสรรเดิม มีการวางท่อระบายน้ำขนาดเล็ก ประกอบกับเป็นพื้นที่ต่ำไม่มีการยกระดับถนน เมื่อมีฝนตกน้ำจะท่วมขังเป็นประจำ","add2":null,"add1":null,"objectid":132,"add4":null,"risk_gob_num":0,"add3":null}},{"geometry":{"type":"Point","coordinates":[100.61799999966223,13.661580000411147],"crs":null},"id":133,"type":"Feature","properties":{"กรท":null,"เขต":"อยู่ระหว่างส่งมอบงานก่อสร้าง ปรับปรุงถนนพร้อมวางท่อระบายน้ำใหม่ ","สคน":null,"remark":"ได้งบ 68","risk_gob_detail":null,"project_name":null,"กรบ":null,"status_detail":"แก้ไขแล้วเสร็จบางส่วน","problem":"น้ำฝน สนข.","สพน":null,"status_num":4,"district":"บางนา","name":"ซอยลาซาล 32","x":100.618,"group_d":"กรุงเทพใต้","y":13.66158,"id":133,"detail":"พื้นที่หมู่บ้านจัดสรรเดิม มีการวางท่อระบายน้ำขนาดเล็ก ประกอบกับเป็นพื้นที่ต่ำไม่มีการยกระดับถนน เมื่อมีฝนตกน้ำจะท่วมขังเป็นประจำ","add2":null,"add1":null,"objectid":133,"add4":null,"risk_gob_num":0,"add3":null}},{"geometry":{"type":"Point","coordinates":[100.63870000002677,13.675690000338049],"crs":null},"id":134,"type":"Feature","properties":{"กรท":null,"เขต":"ดำเนินการลอกท่อบริเวณไกล้เคียงเพื่อดึงน้ำในส่วนบุคคลเข้าระบบใหญ่ให้ไหลมาลงสู่คลองบางอ้อ","สคน":null,"remark":null,"risk_gob_detail":null,"project_name":null,"กรบ":null,"status_detail":"แก้ไขแล้วเสร็จบางส่วน","problem":"น้ำฝน สนข.","สพน":null,"status_num":4,"district":"บางนา","name":"หมู่บ้านรังสิยา (อุดมสุข 58)","x":100.6387,"group_d":"กรุงเทพใต้","y":13.67569,"id":134,"detail":"พื้นที่หมู่บ้านจัดสรรเดิม มีการวางท่อระบายน้ำขนาดเล็ก ประกอบกับเป็นพื้นที่ต่ำไม่มีการยกระดับถนน เมื่อมีฝนตกน้ำจะท่วมขังเป็นประจำ","add2":null,"add1":null,"objectid":134,"add4":null,"risk_gob_num":0,"add3":null}},{"geometry":{"type":"Point","coordinates":[100.6378999999606,13.665879999607629],"crs":null},"id":135,"type":"Feature","properties":{"กรท":null,"เขต":"ดำเนินการลอกท่อบริเวณไกล้เคียงเพื่อดึงน้ำในส่วนบุคคลเข้าระบบใหญ่ให้ไหลมาลงสู่คลองบางอ้อ","สคน":null,"remark":null,"risk_gob_detail":null,"project_name":null,"กรบ":null,"status_detail":"แก้ไขแล้วเสร็จบางส่วน","problem":"น้ำฝน สนข.","สพน":null,"status_num":4,"district":"บางนา","name":"หมู่บ้านธันธวัช (ซอยบางนา-ตราด 42),","x":100.6379,"group_d":"กรุงเทพใต้","y":13.66588,"id":135,"detail":"พื้นที่มีการวางท่อระบายน้ำขนาดเล็ก ประกอบกับเป็นพื้นที่ต่ำไม่มีการยกระดับถนน เมื่อมีฝนตกน้ำจะท่วมขังเป็นประจำ","add2":null,"add1":null,"objectid":135,"add4":null,"risk_gob_num":0,"add3":null}},{"geometry":{"type":"Point","coordinates":[100.63580000023606,13.665719999922304],"crs":null},"id":136,"type":"Feature","properties":{"กรท":null,"เขต":"ดำเนินการลอกท่อบริเวณไกล้เคียงเพื่อดึงน้ำในส่วนบุคคลเข้าระบบใหญ่ให้ไหลมาลงสู่คลองบางอ้อ","สคน":null,"remark":null,"risk_gob_detail":null,"project_name":null,"กรบ":null,"status_detail":"แก้ไขแล้วเสร็จบางส่วน","problem":"น้ำฝน สนข.","สพน":null,"status_num":4,"district":"บางนา","name":"หมู่บ้านศานติ (ซอยบางนา-ตราด 38)","x":100.6358,"group_d":"กรุงเทพใต้","y":13.66572,"id":136,"detail":"พื้นที่มีการวางท่อระบายน้ำขนาดเล็ก ประกอบกับเป็นพื้นที่ต่ำไม่มีการยกระดับถนน เมื่อมีฝนตกน้ำจะท่วมขังเป็นประจำ","add2":null,"add1":null,"objectid":136,"add4":null,"risk_gob_num":0,"add3":null}},{"geometry":{"type":"Point","coordinates":[100.64090000020872,13.669660000285607],"crs":null},"id":137,"type":"Feature","properties":{"กรท":null,"เขต":"ดำเนินการลอกท่อบริเวณไกล้เคียงเพื่อดึงน้ำในส่วนบุคคลเข้าคลองเคล็ดและถนนเทพรัตน์ หากฝนตกหนักก็จะติดตั้งเครื่องสูบในบริเวณดังกล่าว","สคน":null,"remark":null,"risk_gob_detail":null,"project_name":null,"กรบ":null,"status_detail":"แก้ไขแล้วเสร็จบางส่วน","problem":"น้ำฝน สนข.","สพน":null,"status_num":4,"district":"บางนา","name":"หมู่บ้านไพโรจน์ (ซอยบางนา-ตราด 27)","x":100.6409,"group_d":"กรุงเทพใต้","y":13.66966,"id":137,"detail":"พื้นที่หมู่บ้านจัดสรรเดิม มีการวางท่อระบายน้ำขนาดเล็ก ประกอบกับเป็นพื้นที่ต่ำไม่มีการยกระดับถนน เมื่อมีฝนตกน้ำจะท่วมขังเป็นประจำ","add2":null,"add1":null,"objectid":137,"add4":null,"risk_gob_num":0,"add3":null}},{"geometry":{"type":"Point","coordinates":[100.60049999956235,13.66575000008981],"crs":null},"id":138,"type":"Feature","properties":{"กรท":null,"เขต":"ดำเนินการลอกท่อบริเวณไกล้เคียงเพื่อดึงน้ำในส่วนบุคคลเข้าระบบใหญ่ให้ไหลมาลงสู่คลองบางนา","สคน":null,"remark":null,"risk_gob_detail":null,"project_name":null,"กรบ":null,"status_detail":"แก้ไขแล้วเสร็จ","problem":"น้ำฝน สนข.","สพน":null,"status_num":5,"district":"บางนา","name":"หมู่บ้านนภาลัย (สุขุมวิท 70/3)","x":100.6005,"group_d":"กรุงเทพใต้","y":13.66575,"id":138,"detail":"พื้นที่หมู่บ้านจัดสรรเดิม มีการวางท่อระบายน้ำขนาดเล็ก ประกอบกับเป็นพื้นที่ต่ำไม่มีการยกระดับถนน เมื่อมีฝนตกน้ำจะท่วมขังเป็นประจำ","add2":null,"add1":null,"objectid":138,"add4":null,"risk_gob_num":0,"add3":null}},{"geometry":{"type":"Point","coordinates":[100.62300000007575,13.655270000234726],"crs":null},"id":139,"type":"Feature","properties":{"กรท":null,"เขต":"ดำเนินการลอกท่อในบริเวณจุดเสี่ยงติดตั้งเครื่องสูบน้ำให้ดึงน้ำในซอยไหลเข้าระบบใหญ่ให้ไหลมาลงสู่ถนนลาซาลเข้าคลองบานา","สคน":null,"remark":null,"risk_gob_detail":null,"project_name":null,"กรบ":null,"status_detail":"แก้ไขแล้วเสร็จบางส่วน","problem":"น้ำฝน สนข.","สพน":null,"status_num":4,"district":"บางนา","name":"หมู่บ้านเครือวัลย์ (ซอยแบริ่ง 19)","x":100.623,"group_d":"กรุงเทพใต้","y":13.65527,"id":139,"detail":"พื้นที่หมู่บ้านจัดสรรเดิม มีการวางท่อระบายน้ำขนาดเล็ก ประกอบกับเป็นพื้นที่ต่ำไม่มีการยกระดับถนน เมื่อมีฝนตกน้ำจะท่วมขังเป็นประจำ","add2":null,"add1":null,"objectid":139,"add4":null,"risk_gob_num":0,"add3":null}},{"geometry":{"type":"Point","coordinates":[100.64640000021443,13.65516999987152],"crs":null},"id":140,"type":"Feature","properties":{"กรท":null,"เขต":"ประสานกรมทางหลวงลอกท่อในบริเวณจุดเสี่ยงติดตั้งเครื่องสูบน้ำให้ดึงน้ำในซอยไหลเข้าระบบใหญ่ลงสู่คลองบานาและคลองหลอด กม.3 เข้าอุโมงระบายน้ำถนนอุดมสุข","สคน":null,"remark":null,"risk_gob_detail":null,"project_name":null,"กรบ":null,"status_detail":"แก้ไขแล้วเสร็จบางส่วน","problem":"น้ำฝน สนข.","สพน":null,"status_num":4,"district":"บางนา","name":"ถนนลาซาลตัดใหม่ (หน้าโรงพยาบาลศิครินทร์)","x":100.6464,"group_d":"กรุงเทพใต้","y":13.65517,"id":140,"detail":"ท่อระบายน้ำบริเวณดังกล่าว ไม่สามารถดึงลงคลองบางนาได้เต็มประสิทธฺ์ภาพ เนื่องจากคลองบางนามีระดับน้ำที่ล้นสันเขื่อน","add2":null,"add1":null,"objectid":140,"add4":null,"risk_gob_num":0,"add3":null}},{"geometry":{"type":"Point","coordinates":[100.60429999987664,13.672299999896302],"crs":null},"id":141,"type":"Feature","properties":{"กรท":null,"เขต":"โครงการก่อสร้างเขื่อน ค.ส.ล. คลองบางนา จากจากถนนทางรถไฟสายเก่าปากน้ำถึงถนนสุขุมวิท #อยู่ระหว่างดำเนินการ","สคน":null,"remark":null,"risk_gob_detail":null,"project_name":null,"กรบ":null,"status_detail":"แก้ไขแล้วเสร็จ","problem":"น้ำฝน สนข.","สพน":null,"status_num":5,"district":"บางนา","name":"ซอย สรรพาวุธ 1 แยก 2","x":100.6043,"group_d":"กรุงเทพใต้","y":13.6723,"id":141,"detail":"เป็นซอยสาธารณะ บริเวณซอยดังกล่าวเป็นจุดต่ำกว่าซอยสรรพาวุธ 1 และถนนสรรพาวุธ ที่ต้องระบายน้ำสู่คลองบางนา","add2":null,"add1":null,"objectid":141,"add4":null,"risk_gob_num":0,"add3":null}},{"geometry":{"type":"Point","coordinates":[100.62749999999876,13.666980000176999],"crs":null},"id":142,"type":"Feature","properties":{"กรท":null,"เขต":"ดำเนินการลอกท่อบริเวณไกล้เคียงเพื่อดึงน้ำในส่วนบุคคลเข้าระบบใหญ่ให้ไหลมาลงสู่คลองหลอด กม.3","สคน":null,"remark":null,"risk_gob_detail":null,"project_name":null,"กรบ":null,"status_detail":"อยู่ระหว่างดำเนินการแก้ไข","problem":"น้ำฝน สนข.","สพน":null,"status_num":3,"district":"บางนา","name":"ซอย บางนา-ตราด 24","x":100.6275,"group_d":"กรุงเทพใต้","y":13.66698,"id":142,"detail":"พื้นที่มีการวางท่อระบายน้ำขนาดเล็ก ประกอบกับเป็นพื้นที่ต่ำไม่มีการยกระดับถนน เมื่อมีฝนตกน้ำจะท่วมขังเป็นประจำ","add2":null,"add1":null,"objectid":142,"add4":null,"risk_gob_num":0,"add3":null}},{"geometry":{"type":"Point","coordinates":[100.64170000027487,13.664209999942262],"crs":null},"id":143,"type":"Feature","properties":{"กรท":null,"เขต":"ได้รับการจัดสรรงบประมาณในการปรับปรับในบริเวณดังกล่าวเรียบร้อยแล้ว","สคน":null,"remark":null,"risk_gob_detail":null,"project_name":null,"กรบ":null,"status_detail":"แก้ไขแล้วเสร็จ","problem":"น้ำฝน สนข.","สพน":null,"status_num":5,"district":"บางนา","name":"ซอยบางนา \u2013 ตราด 46 (เคหะบางนา)","x":100.6417,"group_d":"กรุงเทพใต้","y":13.66421,"id":143,"detail":"เป็นซอยสาธารณะ บริเวณซอยดังกล่าวเป็นจุดต่ำกว่าถนนเทพรัตน และมีน้ำจากถนนเทพรัตนไหลเข้ามาสมทบ ท่อระบายน้ำมีขนาดเล็ก เป็นรูปแบบท่อของเอกชนเดิม ไม่รองรับกับปริมาณน้ำที่ต้องระบายออกจากพื้นที่","add2":null,"add1":null,"objectid":143,"add4":null,"risk_gob_num":0,"add3":null}},{"geometry":{"type":"Point","coordinates":[100.63629999982828,13.672419999810392],"crs":null},"id":144,"type":"Feature","properties":{"กรท":null,"เขต":"ประสานกรมทางหลวงลอกท่อในบริเวณจุดเสี่ยงติดตั้งเครื่องสูบน้ำให้ดึงน้ำในซอยไหลเข้าระบบใหญ่ลงสู่คลองบานาและคลองหลอด กม.3 เข้าอุโมงระบายน้ำถนนอุดมสุข","สคน":null,"remark":"ได้งบ 68","risk_gob_detail":null,"project_name":null,"กรบ":null,"status_detail":"แก้ไขแล้วเสร็จบางส่วน","problem":"น้ำฝน สนข.","สพน":null,"status_num":4,"district":"บางนา","name":"ซอย บางนา-ตราด 23","x":100.6363,"group_d":"กรุงเทพใต้","y":13.67242,"id":144,"detail":"พื้นที่หมู่บ้านจัดสรรเดิม มีการวางท่อระบายน้ำขนาดเล็ก ประกอบกับเป็นพื้นที่ต่ำไม่มีการยกระดับถนน เมื่อมีฝนตกน้ำจะท่วมขังเป็นประจำ","add2":null,"add1":null,"objectid":144,"add4":null,"risk_gob_num":0,"add3":null}},{"geometry":{"type":"Point","coordinates":[100.6364000002857,13.676340000331358],"crs":null},"id":145,"type":"Feature","properties":{"กรท":null,"เขต":"โครงการก่อสร้างอุโมค์ระบายน้ำจากบึงหนองบอนลงสู่แม่น้ำเจ้าพระยา 4, ดำเนินการติดตั้งเครื่องสูบน้ำแบบชั่วคราว และประสานสำนักการระบายน้ำลดระดับน้ำในคลองบางนาและคลองเคล็ด 2,","สคน":null,"remark":null,"risk_gob_detail":null,"project_name":null,"กรบ":null,"status_detail":"แก้ไขแล้วเสร็จ","problem":"น้ำฝน สนข.","สพน":null,"status_num":5,"district":"บางนา","name":"ซอยอุดมสุข 56","x":100.6364,"group_d":"กรุงเทพใต้","y":13.67634,"id":145,"detail":"เป็นซอยสาธารณะ บริเวณซอยดังกล่าวเป็นจุดต่ำกว่าถนนอุดมสุข ที่ต้องระบายน้ำสู่คลองเคล็ด","add2":null,"add1":null,"objectid":145,"add4":null,"risk_gob_num":0,"add3":null}},{"geometry":{"type":"Point","coordinates":[100.63829999999368,13.712240000125696],"crs":null},"id":146,"type":"Feature","properties":{"กรท":null,"เขต":"ได้รับงบประมาณ ปี 2567 ยกขอบบ่อพัก พร้อมผิวจราจรจากเดิมเฉลี่ย 15 ซม. (ก่อสร้างแล้วเสร็จ)","สคน":null,"remark":null,"risk_gob_detail":null,"project_name":null,"กรบ":null,"status_detail":"แก้ไขแล้วเสร็จ","problem":"น้ำฝน สนข.","สพน":null,"status_num":5,"district":"สวนหลวง","name":"ซอยอ่อนนุช 39","x":100.6383,"group_d":"กรุงเทพใต้","y":13.71224,"id":146,"detail":"มีน้ำท่วมขังประมาณ 5-10 ซม. ท่อระบายน้ำมีขนาดเล็ก","add2":null,"add1":null,"objectid":146,"add4":null,"risk_gob_num":0,"add3":null}},{"geometry":{"type":"Point","coordinates":[100.62979999973984,13.658920000182366],"crs":null},"id":147,"type":"Feature","properties":{"กรท":null,"เขต":"ปรับปรุงถนนพร้อมวางท่อระบายน้ำใหม่ เสร็จเรียบร้อยแล้ว","สคน":null,"remark":"ได้งบ 68","risk_gob_detail":null,"project_name":null,"กรบ":null,"status_detail":"แก้ไขแล้วเสร็จ","problem":"น้ำฝน สนข.","สพน":null,"status_num":5,"district":"บางนา","name":"ซอยลาซาล 46 (หมู่บ้านศรีพงษ์)","x":100.6298,"group_d":"กรุงเทพใต้","y":13.65892,"id":147,"detail":"พื้นที่หมู่บ้านจัดสรรเดิม มีการวางท่อระบายน้ำขนาดเล็ก ประกอบกับเป็นพื้นที่ต่ำไม่มีการยกระดับถนน เมื่อมีฝนตกน้ำจะท่วมขังเป็นประจำ","add2":null,"add1":null,"objectid":147,"add4":null,"risk_gob_num":0,"add3":null}},{"geometry":{"type":"Point","coordinates":[100.61710000003696,13.74090999981298],"crs":null},"id":148,"type":"Feature","properties":{"กรท":null,"เขต":"- ปัจจุบัน สนข. ยังคงติดตั้งเครื่องสูบน้ำชนิดดีเซลเร่งผลักดันน้ำลงสู่คลองลาว ขนาด Ø 8 นิ้ว จำนวน 3 เครื่อง\n  - สนน. ได้รับงบประมาณปี 69 ปรับปรุงระบบระบายน้ำถนนกำแพงเพชร 7 ช่วงจากแยกนิคมมักกะสัน ถึงคลองลาว #งบ69","สคน":null,"remark":null,"risk_gob_detail":null,"project_name":null,"กรบ":null,"status_detail":"อยู่ระหว่างดำเนินการแก้ไข","problem":"น้ำฝน สนข.","สพน":null,"status_num":3,"district":"สวนหลวง","name":"ถนนกำแพงเพชร 7","x":100.6171,"group_d":"กรุงเทพใต้","y":13.74091,"id":148,"detail":"เดิมเป็นพื้นที่ของการรถไฟแห่งประเทศไทยไม่มีท่อระบายน้ำ ปัจจุบันการรถไฟแห่งประเทศไทยไดส่งมอบพื้นที่ให้สำนักการโยธาดูแลผิวจราจร และเขตทางรวมถึงสาธารณูปโภคต่างๆ เห็นควรประสานสำนักการโยธา ของบประมาณเข้าปรับปรุงท่อระบายน้ำต่อไป","add2":null,"add1":null,"objectid":148,"add4":null,"risk_gob_num":0,"add3":null}},{"geometry":{"type":"Point","coordinates":[100.64720000028062,13.732119999854467],"crs":null},"id":149,"type":"Feature","properties":{"กรท":null,"เขต":"ได้รับงบประมาณ ปี 2567 ปรับปรุงซอยพัฒนาการ 58 คาดว่าจะแล้วเสร็จประมาณเดือนมีนาคม 2568","สคน":null,"remark":null,"risk_gob_detail":null,"project_name":null,"กรบ":null,"status_detail":"แก้ไขแล้วเสร็จ","problem":"น้ำฝน สนข.","สพน":null,"status_num":5,"district":"สวนหลวง","name":"ซอยพัฒนาการ 58 (หมู่บ้านเอื้อสุข)","x":100.6472,"group_d":"กรุงเทพใต้","y":13.73212,"id":149,"detail":"มีน้ำท่วมขังประมาณ 10 - 15 ซม. พื้นที่มีระดับต่ำ ท่อระบายน้ำมีขนาดเล็ก","add2":null,"add1":null,"objectid":149,"add4":null,"risk_gob_num":0,"add3":null}},{"geometry":{"type":"Point","coordinates":[100.62130000038432,13.726529999968568],"crs":null},"id":150,"type":"Feature","properties":{"กรท":null,"เขต":"- สนน. ติดตั้งเครื่องสูบน้ำชนิดไฟฟ้า สูบลงคลองบางโคล่\n  - สนข. ติดตั้งเครื่องสูบน้ำชนิดดีเซล ขนาด Ø 8 นิ้ว จำนวน 1 เครื่อง สูบลงคลองหัวหมาก","สคน":null,"remark":null,"risk_gob_detail":null,"project_name":null,"กรบ":null,"status_detail":"มีมาตรการเร่งด่วน","problem":"น้ำฝน สนข.","สพน":null,"status_num":1,"district":"สวนหลวง","name":"ซอย พัฒนาการ 30","x":100.6213,"group_d":"กรุงเทพใต้","y":13.72653,"id":150,"detail":"เป็นพื้นที่ต่ำ เมื่อระดับน้ำในคลองโอ่งอ่างมีระดับสูงจะทำให้ไม่สามารถระบายน้ำออกจากพื้นที่ได้ จำเป็นต้องติดตั้งเครื่องสูบน้ำบริเวณหน้าโรงไวน์เพื่อสูบออกลำรางหลังโรงไวน์สูบส่งลงคลองหัวหมากต่อไป","add2":null,"add1":null,"objectid":150,"add4":null,"risk_gob_num":0,"add3":null}},{"geometry":{"type":"Point","coordinates":[100.6393999996355,13.729020000003846],"crs":null},"id":151,"type":"Feature","properties":{"กรท":null,"เขต":"- สนข. สนับสนุนเครื่องสูบน้ำชนิดดีเซล ขนาด Ø 8 นิ้ว จำนวน 5 เครื่อง","สคน":null,"remark":null,"risk_gob_detail":null,"project_name":null,"กรบ":null,"status_detail":"พื้นที่เอกชนหรือหน่วยงานราชการ","problem":"น้ำฝน สนข.","สพน":null,"status_num":2,"district":"สวนหลวง","name":"ซอยพัฒนาการ 54 (หมู่บ้านพลเทพ)","x":100.6394,"group_d":"กรุงเทพใต้","y":13.72902,"id":151,"detail":"พื้นที่เอกชนมีระดับต่ำ","add2":null,"add1":null,"objectid":151,"add4":null,"risk_gob_num":0,"add3":null}},{"geometry":{"type":"Point","coordinates":[100.63130000031306,13.736780000238376],"crs":null},"id":152,"type":"Feature","properties":{"กรท":null,"เขต":"- สนข. สนับสนุนเครื่องสูบน้ำชนิดดีเซล ขนาด Ø 8 นิ้ว จำนวน 2 เครื่อง","สคน":null,"remark":null,"risk_gob_detail":null,"project_name":null,"กรบ":null,"status_detail":"พื้นที่เอกชนหรือหน่วยงานราชการ","problem":"น้ำฝน สนข.","สพน":null,"status_num":2,"district":"สวนหลวง","name":"ซอยพัฒนาการ 46 หมู่บ้านศิรินเทพ","x":100.6313,"group_d":"กรุงเทพใต้","y":13.73678,"id":152,"detail":"พื้นที่เอกชนมีระดับต่ำ","add2":null,"add1":null,"objectid":152,"add4":null,"risk_gob_num":0,"add3":null}},{"geometry":{"type":"Point","coordinates":[100.61839999969533,13.739450000084881],"crs":null},"id":153,"type":"Feature","properties":{"กรท":null,"เขต":"- สนข. สนับสนุนเครื่องสูบน้ำชนิดดีเซล ขนาด Ø 8 นิ้ว จำนวน 3 เครื่อง ด้านท้ายหมู่บ้านเกศราส่วนที่ติดกับถนนกำแพงเพชร 7 สูบลงสู่ร่องน้ำเพื่อระบายลงสู่คลองลาวต่อไป","สคน":null,"remark":null,"risk_gob_detail":null,"project_name":null,"กรบ":null,"status_detail":"พื้นที่เอกชนหรือหน่วยงานราชการ","problem":"น้ำฝน สนข.","สพน":null,"status_num":2,"district":"สวนหลวง","name":"ซอนพัฒนาการ 29 หมู่บ้านเกษรา","x":100.6184,"group_d":"กรุงเทพใต้","y":13.73945,"id":153,"detail":"พื้นที่เอกชนมีระดับต่ำ น้ำระบายออกไม่ได้ ต้องติดตั้งเครื่องสูบน้ำบริเวณรอยต่อกำแพงหมู่บ้าน เพื่อสูบออกถนนกำแพงเพชร 7 ปัจจุบันถนนกำแพงเพชร 7 การรถไฟแห่งประเทศไทยได้ส่งมอบพื้นที่ให้สำนักการโยธาแล้ว เห็นควรประสานสำนักการโยธา ของบประมาณเข้าปรับปรุงท่อระบายน้ำต่อไป","add2":null,"add1":null,"objectid":153,"add4":null,"risk_gob_num":0,"add3":null}},{"geometry":{"type":"Point","coordinates":[100.64889999997204,13.732580000061711],"crs":null},"id":154,"type":"Feature","properties":{"กรท":null,"เขต":"- สนข. สนับสนุนเครื่องสูบน้ำชนิดดีเซล ขนาด Ø 8 นิ้ว จำนวน 1 เครื่อง","สคน":null,"remark":null,"risk_gob_detail":null,"project_name":null,"กรบ":null,"status_detail":"พื้นที่เอกชนหรือหน่วยงานราชการ","problem":"น้ำฝน สนข.","สพน":null,"status_num":2,"district":"สวนหลวง","name":"ซอยพัฒนาการ 53 (หมู่บ้านเมืองทอง 2 โครงการ 3)","x":100.6489,"group_d":"กรุงเทพใต้","y":13.73258,"id":154,"detail":"พื้นที่เอกชนมีระดับต่ำ น้ำระบายจากในหมู่บ้านลงสู่บึงรับน้ำ สนข.ช่วยติดตั้งเครื่องสูบน้ำสูบออกจากบึงระบายลงสู่คลองบ้านม้า","add2":null,"add1":null,"objectid":154,"add4":null,"risk_gob_num":0,"add3":null}},{"geometry":{"type":"Point","coordinates":[100.60489999992627,13.691660000244012],"crs":null},"id":155,"type":"Feature","properties":{"กรท":null,"เขต":"ปรับปรุงซอยสุขุมวิท 64 แยก 6-5 ซอยสาธารณะเชื่อมต่อข้างเคียง (อยู่ระหว่างปรับปรุง)","สคน":null,"remark":null,"risk_gob_detail":null,"project_name":null,"กรบ":null,"status_detail":"แก้ไขแล้วเสร็จ","problem":"น้ำฝน สนข.","สพน":null,"status_num":5,"district":"พระโขนง","name":"ซอยสุขุมวิท 64 แยก 6 -5 -2 -2","x":100.6049,"group_d":"กรุงเทพใต้","y":13.69166,"id":155,"detail":"เป็นซอยเอกชน จึงไม่สามารถเข้าไปปรับปรุงซอยได้ ท่อมีขนาดเล็ก","add2":null,"add1":null,"objectid":155,"add4":null,"risk_gob_num":0,"add3":null}},{"geometry":{"type":"Point","coordinates":[100.60189999967815,13.69038000022951],"crs":null},"id":156,"type":"Feature","properties":{"กรท":null,"เขต":"ปรับปรุงซอยสุขุมวิท 64 แยก 6-5 ซอยสาธารณะเชื่อมต่อข้างเคียง (อยู่ระหว่างปรับปรุง)","สคน":null,"remark":null,"risk_gob_detail":null,"project_name":null,"กรบ":null,"status_detail":"แก้ไขแล้วเสร็จ","problem":"น้ำฝน สนข.","สพน":null,"status_num":5,"district":"พระโขนง","name":"ซอยสุขุมวิท 64 แยก 6 -5 -2 -1","x":100.6019,"group_d":"กรุงเทพใต้","y":13.69038,"id":156,"detail":"ซอยสุขุมวิท 64 แยก 6 -5 -2 -1 เป็นซอยเอกชน จึงไม่สามารถเข้าไปปรับปรุงซอยได้ และท่อมีขนาดเล็ก","add2":null,"add1":null,"objectid":156,"add4":null,"risk_gob_num":0,"add3":null}},{"geometry":{"type":"Point","coordinates":[100.6393999996355,13.680789999825498],"crs":null},"id":157,"type":"Feature","properties":{"กรท":null,"เขต":"ติดตั้งเครื่องสูบน้ำ ขนาด 8 นิ้ว ดีเซล ,อยู่ระหว่างเฝ้าระวัง เนื่องจากดำเนินการก่อสร้างเขื่อนคลองบ้านหลายแล้วเสร็จ","สคน":null,"remark":null,"risk_gob_detail":null,"project_name":null,"กรบ":null,"status_detail":"แก้ไขแล้วเสร็จ","problem":"น้ำฝน สนข.","สพน":null,"status_num":5,"district":"พระโขนง","name":"หมู่บ้านรุ่งเจริญ ซอยอุดมสุข 51","x":100.6394,"group_d":"กรุงเทพใต้","y":13.68079,"id":157,"detail":"หมู่บ้านรุ่งเจริญ ซอยอุดมสุข 51 การจราจรติดขัดทำให้ล่าช้าในการเข้าพื้นที่น้ำท่วม และซอยแคบเข้าถึงพื้นที่ลำบาก","add2":null,"add1":null,"objectid":157,"add4":null,"risk_gob_num":0,"add3":null}},{"geometry":{"type":"Point","coordinates":[100.62429999973412,13.684549999773878],"crs":null},"id":158,"type":"Feature","properties":{"กรท":null,"เขต":null,"สคน":null,"remark":null,"risk_gob_detail":null,"project_name":null,"กรบ":null,"status_detail":"แก้ไขแล้วเสร็จบางส่วน","problem":"น้ำฝน สนข.","สพน":null,"status_num":4,"district":"พระโขนง","name":"ซอยสุขุมวิท 101/1 ช่วงระหว่างซอยวชิรธรรมสาธิต 17 \u2013 29","x":100.6243,"group_d":"กรุงเทพใต้","y":13.68455,"id":158,"detail":null,"add2":null,"add1":null,"objectid":158,"add4":null,"risk_gob_num":0,"add3":null}},{"geometry":{"type":"Point","coordinates":[100.52629999971383,13.684170000358387],"crs":null},"id":159,"type":"Feature","properties":{"กรท":null,"เขต":"ขุดลอกท่อระบายน้ำเป็นประจำทุกปี เมื่อเกิดน้ำท่วมขังจะนำเครื่องสูบน้ำติดตั้งช่วยการระบายน้ำอีกทาง","สคน":null,"remark":null,"risk_gob_detail":null,"project_name":null,"กรบ":null,"status_detail":"แก้ไขแล้วเสร็จบางส่วน","problem":"น้ำฝน สนข.","สพน":null,"status_num":4,"district":"ยานนาวา","name":"ซอยสาธุประดิษฐ์ 58 แยก 10","x":100.5263,"group_d":"กรุงเทพใต้","y":13.68417,"id":159,"detail":"เมื่อฝนตกมีปริมาณมากหรือตกเกิน2ชั่วโมงน้ำจะท่วมขัง","add2":null,"add1":null,"objectid":159,"add4":null,"risk_gob_num":0,"add3":null}},{"geometry":{"type":"Point","coordinates":[100.53470000040855,13.675300000353657],"crs":null},"id":160,"type":"Feature","properties":{"กรท":null,"เขต":"ขุดลอกท่อระบายน้ำเป็นประจำทุกปี เมื่อเกิดน้ำท่วมขังจะนำเครื่องสูบน้ำติดตั้งช่วยการระบายน้ำอีกทาง","สคน":null,"remark":null,"risk_gob_detail":null,"project_name":null,"กรบ":null,"status_detail":"แก้ไขแล้วเสร็จ","problem":"น้ำฝน สนข.","สพน":null,"status_num":5,"district":"ยานนาวา","name":"พระราม 3 ซอย 41","x":100.5347,"group_d":"กรุงเทพใต้","y":13.6753,"id":160,"detail":"เมื่อฝนตกมีปริมาณมากหรือตกเกิน2ชั่วโมงน้ำจะท่วมขัง","add2":null,"add1":null,"objectid":160,"add4":null,"risk_gob_num":0,"add3":null}},{"geometry":{"type":"Point","coordinates":[100.5364999996591,13.688989999743178],"crs":null},"id":161,"type":"Feature","properties":{"กรท":null,"เขต":"ขุดลอกท่อระบายน้ำเป็นประจำทุกปี เมื่อเกิดน้ำท่วมขังจะนำเครื่องสูบน้ำติดตั้งช่วยการระบายน้ำอีกทาง","สคน":null,"remark":null,"risk_gob_detail":null,"project_name":null,"กรบ":null,"status_detail":"แก้ไขแล้วเสร็จบางส่วน","problem":"น้ำฝน สนข.","สพน":null,"status_num":4,"district":"ยานนาวา","name":"ซอย สาธุประดิษฐ์ 45 แยก 3","x":100.5365,"group_d":"กรุงเทพใต้","y":13.68899,"id":161,"detail":"เมื่อฝนตกมีปริมาณมากหรือตกเกิน2ชั่วโมงน้ำจะท่วมขัง","add2":null,"add1":null,"objectid":161,"add4":null,"risk_gob_num":0,"add3":null}},{"geometry":{"type":"Point","coordinates":[100.53510000044163,13.691900000343953],"crs":null},"id":162,"type":"Feature","properties":{"กรท":null,"เขต":"ดำเนินการขุดลอกท่อบริเวณที่เชื่อมกับท่อน้ำสาธารณะ และติดตั้งเครื่องสูบน้ำเมื่อน้ำท่วมขัง","สคน":null,"remark":null,"risk_gob_detail":null,"project_name":null,"กรบ":null,"status_detail":"พื้นที่เอกชนหรือหน่วยงานราชการ","problem":"น้ำฝน สนข.","สพน":null,"status_num":2,"district":"ยานนาวา","name":"ซอย สาธุประดิษฐ์ 39","x":100.5351,"group_d":"กรุงเทพใต้","y":13.6919,"id":162,"detail":"เป็นซอยส่วนบุคคลมีลักษณะต่ำกว่าถนนสาธุประดิษฐ์ เมื่อฝนตกมีปริมาณมากหรือตกเกิน2ชั่วโมงน้ำจะท่วมขัง","add2":null,"add1":null,"objectid":162,"add4":null,"risk_gob_num":0,"add3":null}},{"geometry":{"type":"Point","coordinates":[100.5358999996095,13.688140000026372],"crs":null},"id":163,"type":"Feature","properties":{"กรท":null,"เขต":"ขุดลอกท่อระบายน้ำเป็นประจำทุกปี เมื่อเกิดน้ำท่วมขังจะนำเครื่องสูบน้ำติดตั้งช่วยการระบายน้ำอีกทาง","สคน":null,"remark":null,"risk_gob_detail":null,"project_name":null,"กรบ":null,"status_detail":"แก้ไขแล้วเสร็จบางส่วน","problem":"น้ำฝน สนข.","สพน":null,"status_num":4,"district":"ยานนาวา","name":"ซอยสาธุประดิษฐ์ 45 แยก 5","x":100.5359,"group_d":"กรุงเทพใต้","y":13.68814,"id":163,"detail":"เมื่อฝนตกมีปริมาณมากหรือตกเกิน2ชั่วโมงน้ำจะท่วมขัง","add2":null,"add1":null,"objectid":163,"add4":null,"risk_gob_num":0,"add3":null}},{"geometry":{"type":"Point","coordinates":[100.62569999984993,13.700280000418893],"crs":null},"id":164,"type":"Feature","properties":{"กรท":null,"เขต":"ติดตั้งเครื่องสูบน้ำเพื่อบรรเททุกข์ให้แก่ประชาชน","สคน":null,"remark":null,"risk_gob_detail":null,"project_name":null,"กรบ":null,"status_detail":"พื้นที่เอกชนหรือหน่วยงานราชการ","problem":"น้ำฝน สนข.","สพน":null,"status_num":2,"district":"พระโขนง","name":"ซอยปุณณวิถี 53 (หมู่บ้านเมืองทอง 4)","x":100.6257,"group_d":"กรุงเทพใต้","y":13.70028,"id":164,"detail":"เป็นพื้นที่ส่วนบุคคล มีการติดตั้งคเรื่องสูบน้ำ ขนาด 8 นิ้วดีเซล","add2":null,"add1":null,"objectid":164,"add4":null,"risk_gob_num":0,"add3":null}},{"geometry":{"type":"Point","coordinates":[100.53390000034238,13.702120000190654],"crs":null},"id":165,"type":"Feature","properties":{"กรท":null,"เขต":"ขุดลอกท่อระบายน้ำเป็นประจำทุกปี เมื่อเกิดน้ำท่วมขังจะนำเครื่องสูบน้ำติดตั้งช่วยการระบายน้ำอีกทาง","สคน":null,"remark":null,"risk_gob_detail":null,"project_name":null,"กรบ":null,"status_detail":"มีมาตรการเร่งด่วน","problem":"น้ำฝน สนข.","สพน":null,"status_num":1,"district":"ยานนาวา","name":"ซอย สาธุประดิษฐ์ 15","x":100.5339,"group_d":"กรุงเทพใต้","y":13.70212,"id":165,"detail":"เมื่อฝนตกมีปริมาณมากหรือตกเกิน2ชั่วโมงน้ำจะท่วมขัง","add2":null,"add1":null,"objectid":165,"add4":null,"risk_gob_num":0,"add3":null}},{"geometry":{"type":"Point","coordinates":[100.60080000003632,13.734039999825356],"crs":null},"id":166,"type":"Feature","properties":{"กรท":null,"เขต":"สำนักงานเขตดำเนินการล้างทำความสะอาดท่อระบายน้ำภายในซอยเรียบร้อยแล้ว ทำให้น้ำสามารถระบายลงในแนวถนนปรีดีพนมยงค์ได้เร็วขึ้น","สคน":null,"remark":null,"risk_gob_detail":null,"project_name":null,"กรบ":null,"status_detail":"แก้ไขแล้วเสร็จ","problem":"น้ำฝน สนข.","สพน":null,"status_num":5,"district":"วัฒนา","name":"ซอย ปรีดี พนมยงค์ 42","x":100.6008,"group_d":"กรุงเทพใต้","y":13.73404,"id":166,"detail":"ซอย ปรีดี พนมยงค์ 42 การระบายน้ำภายในซอยจะระบายออกทางปากซอย ลงสู่แนวถนนสุขุมวิท 71 จะต้องรอให้ สนน. เร่งระบายน้ำ ให้ลดระดับ จะทำให้ในซอยลดระดับตาม","add2":null,"add1":null,"objectid":166,"add4":null,"risk_gob_num":0,"add3":null}},{"geometry":{"type":"Point","coordinates":[100.53900000031501,13.691720000073758],"crs":null},"id":167,"type":"Feature","properties":{"กรท":null,"เขต":null,"สคน":null,"remark":null,"risk_gob_detail":null,"project_name":null,"กรบ":null,"status_detail":"แก้ไขแล้วเสร็จบางส่วน","problem":"น้ำฝน สนข.","สพน":null,"status_num":4,"district":"ยานนาวา","name":"บริเวณซอยนนทรี 14 ช่วงกลางซอยถึงท้ายซอย","x":100.539,"group_d":"กรุงเทพใต้","y":13.69172,"id":167,"detail":"ซอยดังกล่าวมีความยาวมากและเป็นซอยตันมีลักษณะต่ำเมื่อฝนตกมีปริมาณมากหรือตกเกิน2ชั่วโมงน้ำจะท่วมขัง","add2":null,"add1":null,"objectid":167,"add4":null,"risk_gob_num":0,"add3":null}},{"geometry":{"type":"Point","coordinates":[100.60160000010251,13.74746000031591],"crs":null},"id":168,"type":"Feature","properties":{"กรท":null,"เขต":"สนน. ปรับปรุงสถานีสูบน้ำคลองกะจะ (แล้วเสร็จ)","สคน":null,"remark":null,"risk_gob_detail":null,"project_name":null,"กรบ":null,"status_detail":"แก้ไขแล้วเสร็จ","problem":"น้ำฝน สนข.","สพน":null,"status_num":5,"district":"สวนหลวง","name":"ซอย รามคำแหง 5 แยกไซหนับพัฒนา","x":100.6016,"group_d":"กรุงเทพใต้","y":13.74746,"id":168,"detail":"การระบายน้ำภายในซอยจะระบายออกทางปากซอยรามคำแหง 5 ลงสู่แนวถนนรามคำแหง และอาศัยสถานีสูบน้ำคลองกะจะสูบส่งลงคลองกะจะต่อไป","add2":null,"add1":null,"objectid":168,"add4":null,"risk_gob_num":0,"add3":null}},{"geometry":{"type":"Point","coordinates":[100.592800000273,13.729909999631131],"crs":null},"id":169,"type":"Feature","properties":{"กรท":null,"เขต":"สำนักงานเขตวัฒนาได้รับงบประมาณปี 2567 ปรับปรุงวางท่อระบายน้ำ (ท่อเมน) เพิ่มเติมอีก 1 ฝั่ง พร้อมเชื่อมท่อให้น้ำสามารถระบายได้ทั้งฝั่งถนนปรีดีพนมยงค์ (สุขุมวิท 71) และฝั่งถนนเอกมัย (สุขุมวิท 63) พร้อมเสริมผิวจราจร และดำเนินการล้างทำความสะอาดท่อระบายน้ำเสร็จเรียบร้อย รวมทั้ง สนน. ดำเนินการปรับปรุงบ่อสูบน้ำใต้สะพานคลองตัน และก่อสร้างระบบระบายน้ำในถนนเอกมัย เสร็จเรียบร้อย สามารถระบายน้ำได้ตามปกติ","สคน":null,"remark":null,"risk_gob_detail":null,"project_name":null,"กรบ":null,"status_detail":"แก้ไขแล้วเสร็จ","problem":"น้ำฝน สนข.","สพน":null,"status_num":5,"district":"วัฒนา","name":"ซอย ปรีดี พนมยงค์ 31","x":100.5928,"group_d":"กรุงเทพใต้","y":13.72991,"id":169,"detail":"ซอย ปรีดี พนมยงค์ 31 การระบายน้ำภายในซอยจะระบายออกทางปากซอย ลงสู่แนวถนนสุขุมวิท 71 จะต้องรอให้ สนน. เร่งระบายน้ำ ให้ลดระดับ จะทำให้ในซอยลดระดับตาม และภายในซอยผิวจราจรระดับต่ำกว่าด้านนอก","add2":null,"add1":null,"objectid":169,"add4":null,"risk_gob_num":0,"add3":null}},{"geometry":{"type":"Point","coordinates":[100.59180000019029,13.731699999673804],"crs":null},"id":170,"type":"Feature","properties":{"กรท":null,"เขต":"สำนักงานเขตดำเนินการล้างทำความสะอาดท่อระบายน้ำภายในซอยเรียบร้อยแล้ว ทำให้น้ำสามารถระบายลงในแนวถนนปรีดีพนมยงค์ได้เร็วขึ้น","สคน":null,"remark":null,"risk_gob_detail":null,"project_name":null,"กรบ":null,"status_detail":"แก้ไขแล้วเสร็จ","problem":"น้ำฝน สนข.","สพน":null,"status_num":5,"district":"วัฒนา","name":"ซอย ปรีดี พนมยงค์ 37","x":100.5918,"group_d":"กรุงเทพใต้","y":13.7317,"id":170,"detail":"ซอย ปรีดี พนมยงค์ 37 การระบายน้ำภายในซอยจะระบายออกทางปากซอย ลงสู่แนวถนนสุขุมวิท 71 จะต้องรอให้ สนน. เร่งระบายน้ำ ให้ลดระดับ","add2":null,"add1":null,"objectid":170,"add4":null,"risk_gob_num":0,"add3":null}},{"geometry":{"type":"Point","coordinates":[100.59329999986522,13.727010000223702],"crs":null},"id":171,"type":"Feature","properties":{"กรท":null,"เขต":"สำนักงานเขตวัฒนาได้รับงบประมาณปี 2567 ปรับปรุงวางท่อระบายน้ำ (ท่อเมน) เพิ่มเติมอีก 1 ฝั่ง และดำเนินการล้างทำความสะอาดท่อระบายน้ำเสร็จเรียบร้อย รวมทั้ง สนน. ดำเนินการปรับปรุงบ่อสูบน้ำใต้สะพานคลองตัน เสร็จเรียบร้อย สามารถระบายน้ำได้ตามปกติ","สคน":null,"remark":null,"risk_gob_detail":null,"project_name":null,"กรบ":null,"status_detail":"แก้ไขแล้วเสร็จ","problem":"น้ำฝน สนข.","สพน":null,"status_num":5,"district":"วัฒนา","name":"ซอย ปรีดี พนมยงค์ 25","x":100.5933,"group_d":"กรุงเทพใต้","y":13.72701,"id":171,"detail":"ซอย ปรีดี พนมยงค์ 25 การระบายน้ำภายในซอยจะระบายออกทางปากซอย ลงสู่แนวถนนสุขุมวิท 71 จะต้องรอให้ สนน. เร่งระบายน้ำ ให้ลดระดับ","add2":null,"add1":null,"objectid":171,"add4":null,"risk_gob_num":0,"add3":null}},{"geometry":{"type":"Point","coordinates":[100.60049999956235,13.726029999967317],"crs":null},"id":172,"type":"Feature","properties":{"กรท":null,"เขต":"1. สำนักงานเขตวัฒนาดำเนินการล้างทำความสะอาดท่อระบายน้ำเรียบร้อยแล้ว                                                     2. อยู่ระหว่างสนน.ดำเนินการจ้างเหมาก่อสร้างสถานีสูบน้ำ พร้อมก่อสร้างเขื่อนบริเวณประตูระบายน้ำคลองสามอิน","สคน":null,"remark":null,"risk_gob_detail":null,"project_name":null,"กรบ":null,"status_detail":"แก้ไขแล้วเสร็จบางส่วน","problem":"น้ำฝน สนข.","สพน":null,"status_num":4,"district":"วัฒนา","name":"ซอย ปรีดี พนมยงค์ 26","x":100.6005,"group_d":"กรุงเทพใต้","y":13.72603,"id":172,"detail":"เนื่องจากพื้นที่เป็นแอ่งกระทะ ฝนตกหนักจะมีน้ำเอ่อบนผิวจราจร ปัจจุบันใช้เวลาในการระบายประมาณ 30 - 60 นาที","add2":null,"add1":null,"objectid":172,"add4":null,"risk_gob_num":0,"add3":null}},{"geometry":{"type":"Point","coordinates":[100.60140000008596,13.720380000335867],"crs":null},"id":173,"type":"Feature","properties":{"กรท":null,"เขต":"1. สำนักงานเขตวัฒนาดำเนินการล้างทำความสะอาดท่อระบายน้ำเรียบร้อยแล้ว                                                     2.อยู่ระหว่างสนน.ดำเนินการจ้างเหมาก่อสร้างสถานีสูบน้ำ พร้อมก่อสร้างเขื่อนบริเวณประตูระบายน้ำคลองศาลาลอย","สคน":null,"remark":null,"risk_gob_detail":null,"project_name":null,"กรบ":null,"status_detail":"แก้ไขแล้วเสร็จบางส่วน","problem":"น้ำฝน สนข.","สพน":null,"status_num":4,"district":"วัฒนา","name":"ซอย ปรีดี พนมยงค์ 14","x":100.6014,"group_d":"กรุงเทพใต้","y":13.72038,"id":173,"detail":"เนื่่องจากพื้นที่ช่วงปากซอยปรีดีฯ 14 แยก 3 จนถึงปากซอยปรีดีฯ 14 แยก 5 เป็นแอ่งกระทะ จะมีน้ำเอ่อบนผิวจราจร ใช้เวลาในการระบายประมาณ 60 - 90 นาที","add2":null,"add1":null,"objectid":173,"add4":null,"risk_gob_num":0,"add3":null}},{"geometry":{"type":"Point","coordinates":[100.59420000038878,13.719829999909201],"crs":null},"id":174,"type":"Feature","properties":{"กรท":null,"เขต":"สำนักงานเขตดำเนินการล้างทำความสะอาดท่อระบายน้ำภายในซอยเรียบร้อยแล้ว ทำให้น้ำสามารถระบายลงในแนวถนนปรีดีพนมยงค์ได้เร็วขึ้น","สคน":null,"remark":null,"risk_gob_detail":null,"project_name":null,"กรบ":null,"status_detail":"แก้ไขแล้วเสร็จ","problem":"น้ำฝน สนข.","สพน":null,"status_num":5,"district":"วัฒนา","name":"ซอย ปรีดี พนมยงค์ 13","x":100.5942,"group_d":"กรุงเทพใต้","y":13.71983,"id":174,"detail":"การระบายน้ำภายในซอยจะระบายออกทางปากซอย ลงสู่แนวถนนสุขุมวิท 71 จะต้องรอให้ สนน. เร่งระบายน้ำ ให้ลดระดับ","add2":null,"add1":null,"objectid":174,"add4":null,"risk_gob_num":0,"add3":null}},{"geometry":{"type":"Point","coordinates":[100.5957999996228,13.721930000077093],"crs":null},"id":175,"type":"Feature","properties":{"กรท":null,"เขต":null,"สคน":null,"remark":null,"risk_gob_detail":null,"project_name":null,"กรบ":null,"status_detail":"แก้ไขแล้วเสร็จบางส่วน","problem":"น้ำฝน สนข.","สพน":null,"status_num":4,"district":"วัฒนา","name":"ถนน สุขุมวิท 71","x":100.5958,"group_d":"กรุงเทพใต้","y":13.72193,"id":175,"detail":null,"add2":null,"add1":null,"objectid":175,"add4":null,"risk_gob_num":0,"add3":null}},{"geometry":{"type":"Point","coordinates":[100.58879999994217,13.720330000033007],"crs":null},"id":176,"type":"Feature","properties":{"กรท":null,"เขต":"1. สำนักงานเขตวัฒนาดำเนินการล้างทำความสะอาดท่อระบายน้ำเรียบร้อยแล้ว                                                     2.ปัจจุบัน สนน.กำลังดำเนินการปรับปรุงสถานีสูบน้ำคลองบางมะเขือ และก่อสร้างเขื่อนช่วงปลายคลอง เมื่อก่อสร้างเสร็จน้ำจะสามารถระบายลงคลองพระโขนงได้เร็วขึ้น","สคน":null,"remark":null,"risk_gob_detail":null,"project_name":null,"กรบ":null,"status_detail":"แก้ไขแล้วเสร็จบางส่วน","problem":"น้ำฝน สนข.","สพน":null,"status_num":4,"district":"วัฒนา","name":"สุขุมวิท 65","x":100.5888,"group_d":"กรุงเทพใต้","y":13.72033,"id":176,"detail":"ช่วงกลางซอยและท้ายซอยเป็นแอ่งกระทะ ต้องรอการระบายไปทางปากซอยออกถนนสุขุมวิท และระบายไปออกซอยปรีดีฯ 15 ซึ่งระบายได้ช้า ซึ่งในอดีตมีการต่อท่อระบายน้ำเชื่อมลงคลองบางมะเขือได้อีก 1 ช่องทาง แต่สภาพคลองบางมะเขือตื้นเขิน น้ำระบายได้ช้า","add2":null,"add1":null,"objectid":176,"add4":null,"risk_gob_num":0,"add3":null}},{"geometry":{"type":"Point","coordinates":[100.62269999960178,13.668439999873367],"crs":null},"id":177,"type":"Feature","properties":{"กรท":null,"เขต":"ดำเนินการลอกท่อบริเวณไกล้เคียงเพื่อดึงน้ำในส่วนบุคคลเข้าระบบใหญ่ให้ไหลมาลงสู่คลองบางนา","สคน":null,"remark":null,"risk_gob_detail":null,"project_name":null,"กรบ":null,"status_detail":"แก้ไขแล้วเสร็จบางส่วน","problem":"น้ำฝน สนข.","สพน":null,"status_num":4,"district":"บางนา","name":"หมู่บ้านถาวรนิเวศน์ (ซอยบางนา-ตราด 14)","x":100.6227,"group_d":"กรุงเทพใต้","y":13.66844,"id":177,"detail":"พื้นที่หมู่บ้านจัดสรรเดิม มีการวางท่อระบายน้ำขนาดเล็ก ประกอบกับเป็นพื้นที่ต่ำไม่มีการยกระดับถนน เมื่อมีฝนตกน้ำจะท่วมขังเป็นประจำ","add2":null,"add1":null,"objectid":177,"add4":null,"risk_gob_num":0,"add3":null}},{"geometry":{"type":"Point","coordinates":[100.52600000013815,13.707879999823543],"crs":null},"id":178,"type":"Feature","properties":{"กรท":null,"เขต":null,"สคน":null,"remark":"สนน","risk_gob_detail":null,"project_name":null,"กรบ":null,"status_detail":"แก้ไขแล้วเสร็จ","problem":"น้ำฝน สนข.","สพน":null,"status_num":5,"district":"สาทร","name":"ซอย จันทน์ 18/7 แยก 1","x":100.526,"group_d":"กรุงเทพใต้","y":13.70788,"id":178,"detail":"รับผลกระทบจากน้ำท่วมถนนจันทน์ มีน้ำขัง สูง 18-20 ซม. ยาว 700 ม.","add2":null,"add1":null,"objectid":178,"add4":null,"risk_gob_num":0,"add3":null}},{"geometry":{"type":"Point","coordinates":[100.59340000032263,13.7352199997322],"crs":null},"id":179,"type":"Feature","properties":{"กรท":null,"เขต":"1. สำนักงานเขตวัฒนาดำเนินการล้างทำความสะอาดท่อระบายน้ำเรียบร้อยแล้ว                                                     2. สำนักงานเขตวัฒนาดำเนินการปรับปรุงวางท่อระบายน้ำ (ท่อเมน) เพิ่มเติมอีก 1 ฝั่ง เสร็จเรียบร้อยประมาณ เดือน มีนาคม 2569","สคน":null,"remark":null,"risk_gob_detail":null,"project_name":null,"กรบ":null,"status_detail":"แก้ไขแล้วเสร็จ","problem":"น้ำฝน สนข.","สพน":null,"status_num":5,"district":"วัฒนา","name":"เอกมัย 22","x":100.5934,"group_d":"กรุงเทพใต้","y":13.73522,"id":179,"detail":"ช่วงท้ายซอยเอกมัย 22 เป็นแอ่งกระทะ และท่อระบายน้ำท่อเมนมีฝั่งเดียว ","add2":null,"add1":null,"objectid":179,"add4":null,"risk_gob_num":0,"add3":null}},{"geometry":{"type":"Point","coordinates":[100.5932000003061,13.721760000126814],"crs":null},"id":180,"type":"Feature","properties":{"กรท":null,"เขต":"สำนักงานเขตดำเนินการล้างทำความสะอาดท่อระบายน้ำภายในซอยเรียบร้อยแล้ว ทำให้น้ำสามารถระบายลงในแนวถนนปรีดีพนมยงค์ได้เร็วขึ้น","สคน":null,"remark":null,"risk_gob_detail":null,"project_name":null,"กรบ":null,"status_detail":"แก้ไขแล้วเสร็จ","problem":"น้ำฝน สนข.","สพน":null,"status_num":5,"district":"วัฒนา","name":"ซอย ปรีดี พนมยงค์ 15","x":100.5932,"group_d":"กรุงเทพใต้","y":13.72176,"id":180,"detail":"ซอย ปรีดี พนมยงค์ 15 การระบายน้ำภายในซอยจะระบายออกทางปากซอย ลงสู่แนวถนนสุขุมวิท 71 จะต้องรอให้ สนน. เร่งระบายน้ำ ให้ลดระดับ","add2":null,"add1":null,"objectid":180,"add4":null,"risk_gob_num":0,"add3":null}},{"geometry":{"type":"Point","coordinates":[100.58300000036081,13.91416000004763],"crs":null},"id":181,"type":"Feature","properties":{"กรท":null,"เขต":null,"สคน":null,"remark":null,"risk_gob_detail":null,"project_name":null,"กรบ":null,"status_detail":"อยู่ระหว่างดำเนินการแก้ไข","problem":"น้ำฝน สนข.","สพน":null,"status_num":3,"district":"ดอนเมือง","name":"ถนนประชาอุทิศ","x":100.583,"group_d":"กรุงเทพเหนือ","y":13.91416,"id":181,"detail":null,"add2":null,"add1":null,"objectid":181,"add4":null,"risk_gob_num":0,"add3":null}},{"geometry":{"type":"Point","coordinates":[100.56679999991928,13.920429999584462],"crs":null},"id":182,"type":"Feature","properties":{"กรท":null,"เขต":null,"สคน":null,"remark":"งบปี 66","risk_gob_detail":null,"project_name":null,"กรบ":null,"status_detail":"แก้ไขแล้วเสร็จ","problem":"น้ำฝน สนข.","สพน":null,"status_num":5,"district":"ดอนเมือง","name":"ซอยวัดเวฬุวนาราม 30","x":100.5668,"group_d":"กรุงเทพเหนือ","y":13.92043,"id":182,"detail":"- ไม่ได้ปรับปรุงถนนพร้อมท่อระบายน้ำในซอยย่อย แนวทางแก้ไข - ปรับปรุงถนนพร้อมท่อระบายน้ำ ให้มีขนาด Ø 0.80 เมตร ในซอยย่อย","add2":null,"add1":null,"objectid":182,"add4":null,"risk_gob_num":0,"add3":null}},{"geometry":{"type":"Point","coordinates":[100.5824999998703,13.928099999612549],"crs":null},"id":183,"type":"Feature","properties":{"กรท":null,"เขต":null,"สคน":null,"remark":null,"risk_gob_detail":null,"project_name":null,"กรบ":null,"status_detail":"แก้ไขแล้วเสร็จบางส่วน","problem":"น้ำฝน สนข.","สพน":null,"status_num":4,"district":"ดอนเมือง","name":"คูนายกิม 3","x":100.5825,"group_d":"กรุงเทพเหนือ","y":13.9281,"id":183,"detail":"เป็นพื้นที่ต่ำ พื้นที่น้ำท่วมขังสูงสุด เต็มพื้นที่ยาวประมาณ 2,000 เมตร ระดับความลึกน้ำ ประมาณ 30 - 50 เซนติเมตร แนวทางแก้ไข ติดตั้งเครื่องสูบน้ำเครื่องยนต์ดีเซล ขนาด 8 นิ้ว จำนวน 2 เครื่อง สูบลงคลองบางไผ่ และติดตั้งเครื่องสูบน้ำเครื่องยนต์ดีเซล ขนาด 8 นิ้ว จำนวน 1 เครื่อง ลงท่อระบายน้ำ ถนนพุทธมณฑลสาย 3","add2":null,"add1":null,"objectid":183,"add4":null,"risk_gob_num":0,"add3":null}},{"geometry":{"type":"Point","coordinates":[100.6099000003398,13.948680000418605],"crs":null},"id":184,"type":"Feature","properties":{"กรท":null,"เขต":"ก่อสร้างเขื่อน ค.ส.ล. ลำรางลาดเป็ด เพื่อประสิทธิภาพการระบายน้ำ (อยู่ระหว่าง ขออนุมัติยกเลิกประกาศเชิญชวนเพื่อประกวดราคาใหม่ เนื่องจากไม่มีผู้ยื่นเสนอราคา)","สคน":null,"remark":"สนน.ทำเขื่อน 68-69","risk_gob_detail":null,"project_name":null,"กรบ":null,"status_detail":"อยู่ระหว่างดำเนินการแก้ไข","problem":"น้ำฝน สนข.","สพน":null,"status_num":3,"district":"ดอนเมือง","name":"ลำรางเลียบโรงเรียนพหลโยธิน","x":100.6099,"group_d":"กรุงเทพเหนือ","y":13.94868,"id":184,"detail":"ลำรางลาดเป็ดมีสภาพตื้นเขิน มีสิ่งปลูกสร้างที่รื้อถอนแล้วกีดขวางทางระบายน้ำ","add2":null,"add1":null,"objectid":184,"add4":null,"risk_gob_num":0,"add3":null}},{"geometry":{"type":"Point","coordinates":[100.58490000006879,13.915640000394362],"crs":null},"id":185,"type":"Feature","properties":{"กรท":null,"เขต":"1. เฟส 2 ปรับปรุงถนนช่างอากาศอุทิศ จากแยกศิริสุขถึงสุดเขตทางสาธารณะ (แล้วเสร็จ)  // 2. เฟส 1ขอจัดสรร ปรับปรุงถนนช่างอากาศอุทิศ จากสะพานข้ามคลองเปรมประชากร ถึงแยกศิริสข (อยู่ระหว่างการดำเนินการตามสัญญาจ้าง) // 3. เฟส 3 ปรับปรุงถนนช่างอากาศอุทิศ จากบ้านเลขที่ 11/20-21 ถึงป้ายหมู่บ้านศิริสุข (อยู่ระหว่างการดำเนินการตามสัญญาจ้าง)  // 4. ปรับปรุงซอยช่างอากาศอุทิศ 16 จากปากซอยถึงหมู่บ้านกฤติกา (อยู่ระหว่างการดำเนินการตามสัญญาจ้าง) // 5. เฟส 4 ขอจัดสรรงบประมาณประจำปี พ.ศ.2570 ปรับปรุงถนนช่างอากาศอุทิศ จากป้ายหมู่บ้านศิริสุข ถึง ซอยช่างอากาศอุทิศ 27 // 6. ปรับปรุงซอยช่างอากาศอุทิศ 12 แยก 2 และซอยช่างอากาศอุทิศ 12 แยก 2-1 (อยู่ระหว่างการดำเนินการตามสัญญาจ้าง)","สคน":null,"remark":null,"risk_gob_detail":null,"project_name":null,"กรบ":null,"status_detail":"แก้ไขแล้วเสร็จบางส่วน","problem":"น้ำฝน สนข.","สพน":null,"status_num":4,"district":"ดอนเมือง","name":"ถนนช่างอากาศอุทิศ","x":100.5849,"group_d":"กรุงเทพเหนือ","y":13.91564,"id":185,"detail":"เกิดจากฝนตกหนัก น้ำคลองเปรมประชากรมีระดับสูง และท่อมีขนาดเล็ก การขยายตัวชุมชนเพิ่มมากขึ้น ไม่ได้ปรับปรุงมานาน ทำใหระบายน้ำได้ช้า และยังปรับปรุงไม่ครบช่วง","add2":null,"add1":null,"objectid":185,"add4":null,"risk_gob_num":0,"add3":null}},{"geometry":{"type":"Point","coordinates":[100.56840000005161,13.929670000412445],"crs":null},"id":186,"type":"Feature","properties":{"กรท":null,"เขต":"สนข. ดำเนินการขุดลอกลำรางแล้วเสร็จ","สคน":null,"remark":null,"risk_gob_detail":null,"project_name":null,"กรบ":null,"status_detail":"แก้ไขแล้วเสร็จ","problem":"น้ำฝน สนข.","สพน":null,"status_num":5,"district":"ดอนเมือง","name":"ลำรางหน้าวัดพุทธสยาม","x":100.5684,"group_d":"กรุงเทพเหนือ","y":13.92967,"id":186,"detail":"ลำรางไม่ได้ขุดลอกเกิน 5 ปี","add2":null,"add1":null,"objectid":186,"add4":null,"risk_gob_num":0,"add3":null}},{"geometry":{"type":"Point","coordinates":[100.56750000042634,13.928729999610269],"crs":null},"id":187,"type":"Feature","properties":{"กรท":null,"เขต":"ก่อสร้างเขื่อน ค.ส.ล. ลำรางหมู่บ้านเทพประทาน (ไม่มีผู้เสนอราคาครั้งที่ 2 อยู่ระหว่างการจัดซื้่อจัดจ้างใหม่)","สคน":null,"remark":null,"risk_gob_detail":null,"project_name":null,"กรบ":null,"status_detail":"อยู่ระหว่างดำเนินการแก้ไข","problem":"น้ำฝน สนข.","สพน":null,"status_num":3,"district":"ดอนเมือง","name":"ลำรางข้างหมู่บ้านเทพประทาน","x":100.5675,"group_d":"กรุงเทพเหนือ","y":13.92873,"id":187,"detail":"ลำรางไม่ได้ขุดลอกเกิน 5 ปี","add2":null,"add1":null,"objectid":187,"add4":null,"risk_gob_num":0,"add3":null}},{"geometry":{"type":"Point","coordinates":[100.55590000036528,13.824829999613392],"crs":null},"id":188,"type":"Feature","properties":{"กรท":null,"เขต":"งานปรับปรุงซอยวิภาวดีรังสิต 17 #แล้วเสร็จ","สคน":null,"remark":"งบ 67","risk_gob_detail":null,"project_name":null,"กรบ":null,"status_detail":"แก้ไขแล้วเสร็จ","problem":"น้ำฝน สนข.","สพน":null,"status_num":5,"district":"จตุจักร","name":"ซอยวิภาวดีรังสิต 17","x":100.5559,"group_d":"กรุงเทพเหนือ","y":13.82483,"id":188,"detail":"- น้ำท่วมขังประมาณ 10-15 ซม. แนวทางแก้ไข - ปรับปรุงท่อระบายน้ำเป็น box culvert ขนาด 1.00x1.00 เมตร ยาวประมาณ 690 เมตร","add2":null,"add1":null,"objectid":188,"add4":null,"risk_gob_num":0,"add3":null}},{"geometry":{"type":"Point","coordinates":[100.57790000038815,13.82587000030206],"crs":null},"id":189,"type":"Feature","properties":{"กรท":null,"เขต":"งานปรับปรุงซอยรัชดาภิเษก 42 จากต้นซอยรัชดาภิเษก 42 ถึงซอยรัชดาภิเษก 42 แยก 6 ตัดแยก 10 #แล้วเสร็จ","สคน":null,"remark":"งบ 67","risk_gob_detail":null,"project_name":null,"กรบ":null,"status_detail":"แก้ไขแล้วเสร็จ","problem":"น้ำฝน สนข.","สพน":null,"status_num":5,"district":"จตุจักร","name":"ซอยรัชดาภิเษก 42","x":100.5779,"group_d":"กรุงเทพเหนือ","y":13.82587,"id":189,"detail":"- น้ำท่วมขังประมาณ 30 ซม. (ตลอดทัํงซอย) แนวทางแก้ไข - ปรับปรุงท่อระบายนํ้าและผิวจราจรในซอยรัชดาภิเษก 42 แยก 4 และ แยก 6 (เพิ่มเติม) ยาวประมาณ 1,100 เมตร","add2":null,"add1":null,"objectid":189,"add4":null,"risk_gob_num":0,"add3":null}},{"geometry":{"type":"Point","coordinates":[100.57790000038815,13.822219999746922],"crs":null},"id":190,"type":"Feature","properties":{"กรท":null,"เขต":"1.งานปรับปรุงซอยรัชดาภิเษก 36 จากซอยรัชดาภิเษก 36 แยก1-8 ถึงบ้านเลขที่ 16/280 (งบประมาณปี 2567 **ดำเนินการแล้วเสร็จ** 2.ปรับปรุงซอยรัชดาภิเษก 36 แยก 9 จากบ่อสูบวีไอพีถึงซอยรัชดาภิเษก 36 (งบประมาณปี 2568) **ดำเนินการแล้วเสร็จ**  3.ปรับปรุงซอยรัชดาภิเษก 36 แยก 9-3-4 จากบ่อสูบพาร์ 3 ถึงซอยรัชดาภิเษก 36 แยก 9-1 (งบประมาณปี 2568)  **ดำเนินการแล้วเสร็จ** 4.ปรับปรุงซอยรัชดาภิเษก 36 แยก 9-3-6 จากบ่อสูบเกิดพุ่ม ถึงซอยรัชดาภิเษก 36 แยก 9-1 3 (งบประมาณปี 2568) **อยู่ระหว่างดำเนินการได้ 79%**","สคน":null,"remark":"งบ 68","risk_gob_detail":null,"project_name":null,"กรบ":null,"status_detail":"แก้ไขแล้วเสร็จบางส่วน","problem":"น้ำฝน สนข.","สพน":null,"status_num":4,"district":"จตุจักร","name":"ซอยรัชดาภิเษก 36","x":100.5779,"group_d":"กรุงเทพเหนือ","y":13.82222,"id":190,"detail":"- น้ำท่วมขังประมาณ 15-20 ซม. (ตลอดทัํงซอยหลักและซอยย่อย) แนวทางแก้ไข - ปรับปรุงบ่อสูบนํ้าซอยรัชดาภิเษก 36 แยก 9-3 (บ่อสูบเกิดพุ่ม) เป็นขนาด 3.00 ลบ.ม/วินาที (เดิมขนาด 0.20 ลบ.ม/วินาที) - ปรับปรุงท่อระบายนํ้าซอยรัชดาภิเษก 36 แยก 9-3 เป็น box culvert ขนาด 1.20 x 1.20 เมตร ยาวประมาณ 500 เมตร - ปรับปรุงบ่อสูบนํ้าซอยรัชดาภิเษก 36 แยก 9-3-4 (บ่อสูบพาร์ 3) เป็นขนาด 2.00 ลบ.ม/วินาที (เดิมขนาด 0.24 ลบ.ม/วินาที - ปรับปรุงท่อระบายนํ้าซอยรัชดาภิเษก 36 แยก 9-3-4 ขนาด Ø 1.00 เมตร ยาวประมาณ 760 เมตร - ปรับปรุงบ่อสูบนํ้าอาภาภิรมย์ ซอยรัชดาภิเษก 36 แยก 19 เป็นขนาด 4.50 ลบ.ม/วินาที (เดิมขนาด 2.00 ลบ.ม/วินาที) - ปรับปรุงท่อระบายนํ้าซอยรัชดาภิเษก 36 แยก 19 เป็น box culvert 1.20 x 1.20 เมตร ทัํง 2 ฝั่ง ยาวประมาณ 3,000 เมตร - รื้อถอนประตูระบายน้ำคลองลาดพร้าว 56 จุดที่เป็นคอขวด เพื่อขยายความกว้างคลอง ให้มีความกว้างเพิ่มขึ้น เป็น 22 เมตร (โดยสนน. ดำเนินการชั่วคราวด้วยงบค่าใช้สอยปี 2566 และปรับปรุงถาวรใช้งบปี 2567)","add2":null,"add1":null,"objectid":190,"add4":null,"risk_gob_num":0,"add3":null}},{"geometry":{"type":"Point","coordinates":[100.58220000029463,13.859730000015142],"crs":null},"id":191,"type":"Feature","properties":{"กรท":null,"เขต":"ปรับปรุงท่อระบายน้ำและผิวจราจร ซอยพหลโยธิน49/1และซอยย่อย","สคน":null,"remark":null,"risk_gob_detail":null,"project_name":null,"กรบ":null,"status_detail":"แก้ไขแล้วเสร็จ","problem":"น้ำฝน สนข.","สพน":null,"status_num":5,"district":"หลักสี่","name":"ซอยพหลโยธิน 49/1","x":100.5822,"group_d":"กรุงเทพเหนือ","y":13.85973,"id":191,"detail":"- น้ำท่วมขังประมาณ 20 ซม. แนวทางแก้ไข - ปรับปรุงผิวจราจรจากถนนเลียบคลองบางเขนถึงคลองบางเขนยกระดับผิวจราจร 50 เซนติเมตร ยาวประมาณ 95 เมตร","add2":null,"add1":null,"objectid":191,"add4":null,"risk_gob_num":0,"add3":null}},{"geometry":{"type":"Point","coordinates":[100.58289999990336,13.854569999775244],"crs":null},"id":192,"type":"Feature","properties":{"กรท":null,"เขต":"โครงการก่อสร้างเขื่อน ค.ส.ล. คลองบางเขน ช่วงที่ 1 จากคลองบางบัว ถึงคลองประปา แขวงทุ่งสองห้อง เขตหลักสี่ #แล้วเสร็จ","สคน":null,"remark":"งบ 67","risk_gob_detail":null,"project_name":null,"กรบ":null,"status_detail":"แก้ไขแล้วเสร็จ","problem":"น้ำฝน สนข.","สพน":null,"status_num":5,"district":"จตุจักร","name":"ซอยพลโยธิน 49","x":100.5829,"group_d":"กรุงเทพเหนือ","y":13.85457,"id":192,"detail":"- น้ำท่วมขังประมาณ 20 ซม. (ตลอดทัํงซอย) แนวทางแก้ไข - ปรับปรุงเพิ่มท่อระบายนํ้า ขนาด Ø 0.60 เมตร อีก 1 ฝั่ง ยาวประมาณ 530 เมตร พร้อมทัํงยกระดับผิวจราจร บริเวณท้ายซอย - ก่อสร้างบ่อสูบนํ้า (ท้ายซอยพหลโยธิน 49) ขนาด 0.50 ลบ.ม/วินาที","add2":null,"add1":null,"objectid":192,"add4":null,"risk_gob_num":0,"add3":null}},{"geometry":{"type":"Point","coordinates":[100.59009999960054,13.840790000053431],"crs":null},"id":193,"type":"Feature","properties":{"กรท":null,"เขต":"อยู่ระหว่างการขอจัดสรรงบประมาณดำเนินการ","สคน":null,"remark":"งบ 69","risk_gob_detail":null,"project_name":null,"กรบ":null,"status_detail":"อยู่ระหว่างดำเนินการแก้ไข","problem":"น้ำฝน สนข.","สพน":null,"status_num":3,"district":"จตุจักร","name":"ซอยพหลโยธิน 34","x":100.5901,"group_d":"กรุงเทพเหนือ","y":13.84079,"id":193,"detail":"- น้ำท่วมขังประมาณ 15 ซม. แนวทางแก้ไข - ก่อสร้างบ่อสูบนํ้าปลายซอยพหลโยธิน 34 แยก 11-2 ขนาด 4.00 ลบ.ม/วินาที เพื่อสูบนํ้า จากซอยพหลโยธิน 34 ออกสู่คลองลาดพร้าว - ปรับปรุงซอยพหลโยธิน 34 แยก 11-2 เพิ่มท่อระบายนํ้าเป็นขนาด box culvert ขนาด 2.10 x 2.10 เมตร (ช่วงท้ายซอย) และขนาด 1.50 x 1.50 เมตร (ช่วงต้นซอย) ยาวประมาณ 800 เมตร","add2":null,"add1":null,"objectid":193,"add4":null,"risk_gob_num":0,"add3":null}},{"geometry":{"type":"Point","coordinates":[100.54689999962092,13.831660000225556],"crs":null},"id":194,"type":"Feature","properties":{"กรท":null,"เขต":"งานก่อสร้ำงบ่อสูบน้ำ หมู่บ้านซิเมนต์ไทย (ซอยรัชดำภิเษก 52) งบประมาณปี 2567 **ดำเนินการแล้วเสร็จ**","สคน":null,"remark":"งบ 67","risk_gob_detail":null,"project_name":null,"กรบ":null,"status_detail":"แก้ไขแล้วเสร็จ","problem":"น้ำฝน สนข.","สพน":null,"status_num":5,"district":"จตุจักร","name":"หมู่บ้านปูนซีเมนต์ไทย","x":100.5469,"group_d":"กรุงเทพเหนือ","y":13.83166,"id":194,"detail":"- น้ำท่วมขังประมาณ 15 ซม. แนวทางแก้ไข - ก่อสร้างบ่อสูบนํ้าปากซอยรัชดาภิเษก 52 ขนาด 2.00 ลบ.ม/วินาที เพื่อสูบนํ้าจากซอยรัชดาภิเษก 52 ออกสู่คูระบายนํ้า ข้างถนนรัชดาภิเษก - ปรับปรุงท่อระบายนํ้า ซอยรัชดาภิเษก 52 เป็นขนาด Ø 1.20 เมตร ยาวประมาณ 400 เมตร","add2":null,"add1":null,"objectid":194,"add4":null,"risk_gob_num":0,"add3":null}},{"geometry":{"type":"Point","coordinates":[100.65170000020363,13.875940000171742],"crs":null},"id":195,"type":"Feature","properties":{"กรท":null,"เขต":null,"สคน":null,"remark":null,"risk_gob_detail":null,"project_name":null,"กรบ":null,"status_detail":"อยู่ระหว่างดำเนินการแก้ไข","problem":"น้ำฝน สนข.","สพน":null,"status_num":3,"district":"บางเขน","name":"ถนนเทพรักษ์ช่วงระหว่างเวนคืนที่ดิน ซอยครูเพี้ยน","x":100.6517,"group_d":"กรุงเทพเหนือ","y":13.87594,"id":195,"detail":"เป็นพื้นที่ต่ำ น้ำท่วมขังสูงสุดเต็มพื้นที่ ยาวประมาณ 800 เมตร เมื่อมีฝนตกตั้งแต่ 60 มม. ขึ้นไป จะเกิดปัญหาน้ำท่วมขังประมาณ 30 ซม. แนวทางแก้ไข ติดตั้งเครื่องสูบน้ำเครื่องยนต์ดีเซล ขนาด 8 นิ้ว สูบลงคลอง บางอ้าย - ติดต่อเจ้าของที่ดินเจรจาให้ยกเป็นทางสาธารณะเพื่อ จะได้ของบประมาณปรับปรุงต่อไป","add2":null,"add1":null,"objectid":195,"add4":null,"risk_gob_num":0,"add3":null}},{"geometry":{"type":"Point","coordinates":[100.5961999996559,13.875669999600209],"crs":null},"id":196,"type":"Feature","properties":{"กรท":null,"เขต":null,"สคน":null,"remark":null,"risk_gob_detail":null,"project_name":null,"กรบ":null,"status_detail":"แก้ไขแล้วเสร็จ","problem":"น้ำฝน สนข.","สพน":null,"status_num":5,"district":"บางเขน","name":"วงเวียนบางเขน","x":100.5962,"group_d":"กรุงเทพเหนือ","y":13.87567,"id":196,"detail":null,"add2":null,"add1":null,"objectid":196,"add4":null,"risk_gob_num":0,"add3":null}},{"geometry":{"type":"Point","coordinates":[100.60569999999242,13.890469999703791],"crs":null},"id":197,"type":"Feature","properties":{"กรท":null,"เขต":"1.ก่อสร้างบ่อพักพร้อมประตูปิดกั้นน้ำในพื้นที่","สคน":null,"remark":null,"risk_gob_detail":null,"project_name":null,"กรบ":null,"status_detail":"แก้ไขแล้วเสร็จ","problem":"น้ำฝน สนข.","สพน":null,"status_num":5,"district":"บางเขน","name":"ถนนเทพรักษ์ตัดกับถนนพหลโยธิน","x":100.6057,"group_d":"กรุงเทพเหนือ","y":13.89047,"id":197,"detail":"- น้้าท่วมขังผิวจราจร สูงประมาณ 20 - 30 ซม. แนวทางแก้ไข - ขุดลอกล้ารางหมู่บ้านอนันต์สุขสุนต์ รุ่นที่ 18 - ขุดลอกล้ารางหมู่บ้านเพชรสยาม - ปรับปรุงซอยเทพรักษ์ 46 - ก่อสร้างสถานีสูบน้้าพร้อมเขื่อนคลองล้าผักชี (ตลาดยิ่งเจริญ) - ติดตั้งประตูท่อ2 จุด (ลงคลองล้าผักชี) - สนน.ติดตั้ง Flap Gate ปลายท่อถนนพหลโยธินก่อนลงคลองล้าผักชี (สนย)","add2":null,"add1":null,"objectid":197,"add4":null,"risk_gob_num":0,"add3":null}},{"geometry":{"type":"Point","coordinates":[100.64469999962466,13.869699999790807],"crs":null},"id":198,"type":"Feature","properties":{"กรท":null,"เขต":"1.ก่อสร้างบ่อพักพร้อมประตูปิดกั้นน้ำในพื้นที่","สคน":null,"remark":null,"risk_gob_detail":null,"project_name":null,"กรบ":null,"status_detail":"แก้ไขแล้วเสร็จ","problem":"น้ำฝน สนข.","สพน":null,"status_num":5,"district":"บางเขน","name":"ถนนวัชรพล","x":100.6447,"group_d":"กรุงเทพเหนือ","y":13.8697,"id":198,"detail":"- น้้าท่วมขังผิวจราจร สูงประมาณ 20 - 30 ซม. แนวทางแก้ไข - สนน.พิจารณาลอกท่อระบายน้้า - ปรับปรุงผิวจราจร/ทางเท้า/ฝาท่อระบายน้้า - ติดตั้งประตูท่อพร้อมบ่อสูบน้้า2 จุด (ลงคลองหนองจอก) - ติดตั้งประตูท่อ 2 จุด (หน้า รร.รัตนโกสินทร์) (สนย)","add2":null,"add1":null,"objectid":198,"add4":null,"risk_gob_num":0,"add3":null}},{"geometry":{"type":"Point","coordinates":[100.6466999997901,13.86752999997759],"crs":null},"id":199,"type":"Feature","properties":{"กรท":null,"เขต":"1.สนน. ลอกท่อระบายน้ำ","สคน":null,"remark":null,"risk_gob_detail":null,"project_name":null,"กรบ":null,"status_detail":"แก้ไขแล้วเสร็จ","problem":"น้ำฝน สนข.","สพน":null,"status_num":5,"district":"บางเขน","name":"ถนนสุขาภิบาล 5 ถึงแยกวัชรพล","x":100.6467,"group_d":"กรุงเทพเหนือ","y":13.86753,"id":199,"detail":"- น้้าท่วมขังผิวจราจร สูงประมาณ 20 - 30 ซม. แนวทางแก้ไข - ปรับปรุงซอยสุขาภิบาล 5 ซอย 5 แยก 4 (งบฯ 4,255,000 บาท) - ปรับปรุงซอยสุขาภิบาล 5 ซอย 5 แยก 20 (งบฯ 7,227,000 บาท) - ปรับปรุงซอยสุขาภิบาล 5 ซอย 5 (จามจุรี) (งบฯ 15,120,000 บาท) - ปรับปรุงซอยสุขาภิบาล 5 แยก 23 - ปรับปรุงซอยสุขาภิบาล 5 แยก 15 - ปรับปรุงซอยสุขาภิบาล 5 ซอย 5 แยก 22-1 - ปรับปรุงซอยคุณพ่อลบนาคอุลัย - ปรับปรุงซอยสุขาภิบาล 5 ซอย 5 แยก 16 - ปรับปรุงซอยสุขาภิบาล 5 ซอย 5 แยก 12 - ขุดลอกคลองกุ่มแดง จากคลองหนองบัวบาน ถึงคลองจระเข้ (งบฯ 1,777,000 บาท) - ขุดลอกคลองบัว (งบฯ 4,000,000 บาท) - ปรับปรุงท่อระบายน้้าและยกผิวจราจร - ติดตั้งประตูท่อ 4 จุด (ลงคลองบัว) (สนย)","add2":null,"add1":null,"objectid":199,"add4":null,"risk_gob_num":0,"add3":null}},{"geometry":{"type":"Point","coordinates":[100.60590000000897,13.870810000109575],"crs":null},"id":200,"type":"Feature","properties":{"กรท":null,"เขต":"1.สนน.ดำเนินการติดตั้งเครื่องสูบน้ำบริเวณปากซอยรามอินทรา 5                  2.สนน.ก่อสร้างเขื่อนคลองรางอ้อ-รางแก้ว","สคน":null,"remark":null,"risk_gob_detail":null,"project_name":null,"กรบ":null,"status_detail":"แก้ไขแล้วเสร็จบางส่วน","problem":"น้ำฝน สนข.","สพน":null,"status_num":4,"district":"บางเขน","name":"ซอยรามอินทรา 5","x":100.6059,"group_d":"กรุงเทพเหนือ","y":13.87081,"id":200,"detail":"พื่นที่ต่ำท่อระบายน้ำมีขนาดเล็ก เนื่องจากฝนตกหนักมีน้ำท่วมบริเวณปากซอยรามอินทรา 5","add2":null,"add1":null,"objectid":200,"add4":null,"risk_gob_num":0,"add3":null}},{"geometry":{"type":"Point","coordinates":[100.61850000015274,13.869290000239465],"crs":null},"id":201,"type":"Feature","properties":{"กรท":null,"เขต":"1.สนข.ซ่อมแซมบ่อพักท่อระบายน้ำพร้อมประตูท่อขนาดเส้นผ่าศูนย์กลาง 0.80 ม. (ริมคลองกระเฉด)                                                                                              2. สนข.มีงบประมาณขุดลอกคลองกะเฉด จากคลองแพรเขียว ถึงถนนเทพรักษ์","สคน":null,"remark":null,"risk_gob_detail":null,"project_name":null,"กรบ":null,"status_detail":"แก้ไขแล้วเสร็จบางส่วน","problem":"น้ำฝน สนข.","สพน":null,"status_num":4,"district":"บางเขน","name":"ซอยรามอินทรา 19","x":100.6185,"group_d":"กรุงเทพเหนือ","y":13.86929,"id":201,"detail":"- น้้าท่วมขังผิวจราจร สูงประมาณ 20 - 30 ซม","add2":null,"add1":null,"objectid":201,"add4":null,"risk_gob_num":0,"add3":null}},{"geometry":{"type":"Point","coordinates":[100.61999999982766,13.868709999764553],"crs":null},"id":202,"type":"Feature","properties":{"กรท":null,"เขต":"1.สนข.ก่อสร้างบ่อสูบน้ำพร้อมเครื่องสูบน้ำไฟฟ้า  แล้วเสร็จ                                     2. สนข.มีงบประลอกท่อระบายน้ำโดย กรมราชทัณฑ์","สคน":null,"remark":null,"risk_gob_detail":null,"project_name":null,"กรบ":null,"status_detail":"แก้ไขแล้วเสร็จบางส่วน","problem":"น้ำฝน สนข.","สพน":null,"status_num":4,"district":"บางเขน","name":"ซอยรามอินทรา 21","x":100.62,"group_d":"กรุงเทพเหนือ","y":13.86871,"id":202,"detail":"- น้้าท่วมขังผิวจราจร สูงประมาณ 20 - 30 ซม. ","add2":null,"add1":null,"objectid":202,"add4":null,"risk_gob_num":0,"add3":null}},{"geometry":{"type":"Point","coordinates":[100.6252000002577,13.8649199997743],"crs":null},"id":203,"type":"Feature","properties":{"กรท":null,"เขต":" 1. สนข.มีงบประลอกท่อระบายน้ำโดย กรมราชทัณฑ์","สคน":null,"remark":null,"risk_gob_detail":null,"project_name":null,"กรบ":null,"status_detail":"แก้ไขแล้วเสร็จบางส่วน","problem":"น้ำฝน สนข.","สพน":null,"status_num":4,"district":"บางเขน","name":"ซอยรามอินทรา 31","x":100.6252,"group_d":"กรุงเทพเหนือ","y":13.86492,"id":203,"detail":"- น้้าท่วมขังผิวจราจร สูงประมาณ 20 - 30 ซม. ","add2":null,"add1":null,"objectid":203,"add4":null,"risk_gob_num":0,"add3":null}},{"geometry":{"type":"Point","coordinates":[100.62099999991035,13.867359999661673],"crs":null},"id":204,"type":"Feature","properties":{"กรท":null,"เขต":"1. สนย.ดำเนินการปรับปรุงผิวจราจรและวางท่อระบายน้ำ แล้วเสร็จ","สคน":null,"remark":null,"risk_gob_detail":null,"project_name":null,"กรบ":null,"status_detail":"แก้ไขแล้วเสร็จบางส่วน","problem":"น้ำฝน สนข.","สพน":null,"status_num":4,"district":"บางเขน","name":"ซอยรามอินทรา 23","x":100.621,"group_d":"กรุงเทพเหนือ","y":13.86736,"id":204,"detail":"- น้้าท่วมขังผิวจราจร สูงประมาณ 20 - 30 ซม. แนวทางแก้ไข - ปรับปรุงซอยรามอินทรา 23 แยก 4 ปรับปรุงซอยรามอินทรา 23 แยก 20 (สนย)","add2":null,"add1":null,"objectid":204,"add4":null,"risk_gob_num":0,"add3":null}},{"geometry":{"type":"Point","coordinates":[100.62729999998223,13.862759999818136],"crs":null},"id":205,"type":"Feature","properties":{"กรท":null,"เขต":"1.สนข.มีงบประมาณปรับปรุงพื้นผิวจราจรและวางท่อระบายน้ำแล้วเสร็จ        2.สขน.มีงบประมาณดำเนินการก่อสร้างรางระบายน้ำ ค.ส.ล. บริเวณกลางรามอินทรา 39 แล้วแสร็จ","สคน":null,"remark":null,"risk_gob_detail":null,"project_name":null,"กรบ":null,"status_detail":"แก้ไขแล้วเสร็จบางส่วน","problem":"น้ำฝน สนข.","สพน":null,"status_num":4,"district":"บางเขน","name":"ซอยรามอินทรา 39","x":100.6273,"group_d":"กรุงเทพเหนือ","y":13.86276,"id":205,"detail":"พื้นที่ลุ่มต่ำ","add2":null,"add1":null,"objectid":205,"add4":null,"risk_gob_num":0,"add3":null}},{"geometry":{"type":"Point","coordinates":[100.5785999999969,13.847450000420135],"crs":null},"id":206,"type":"Feature","properties":{"กรท":null,"เขต":"งานก่อสร้างบ่อสูบน้ำ ซอยพหลโยธิน 43 **แล้วเสร็จ**","สคน":null,"remark":"งบ 65","risk_gob_detail":null,"project_name":null,"กรบ":null,"status_detail":"แก้ไขแล้วเสร็จ","problem":"น้ำฝน สนข.","สพน":null,"status_num":5,"district":"จตุจักร","name":"ซอยพหลโยธิน 43","x":100.5786,"group_d":"กรุงเทพเหนือ","y":13.84745,"id":206,"detail":"- น้ำท่วมขังประมาณ 30 ซม. (ตลอดทัํงซอย) แนวทางแก้ไข - อยู่ระหว่างปรับปรุงท่อระบายนํ้าพร้อมทัํงยกระดับผิวจราจรใน ซอยพหลโยธิน 43 (ตลอดทัํงซอย)","add2":null,"add1":null,"objectid":206,"add4":null,"risk_gob_num":0,"add3":null}},{"geometry":{"type":"Point","coordinates":[100.59710000017945,13.84319000029654],"crs":null},"id":207,"type":"Feature","properties":{"กรท":null,"เขต":null,"สคน":null,"remark":"สนน + สนย","risk_gob_detail":null,"project_name":null,"กรบ":null,"status_detail":"แก้ไขแล้วเสร็จ","problem":"น้ำฝน สนข.","สพน":null,"status_num":5,"district":"ลาดพร้าว","name":"ถนนลาดปลาเค้า","x":100.5971,"group_d":"กรุงเทพเหนือ","y":13.84319,"id":207,"detail":"- น้้าท่วมขังผิวจราจร สูงประมาณ 10 - 15 ซม. แนวทางแก้ไข - ขุดลอกไผ่เขียว (อยู่ระหว่างด้าเนินการ) (งบฯ 1,701,000 บาท) - ก่อสร้างเขื่อนและสถานีสูบน้้าคลองไผ่เขียว (อยู่ระหว่างด้าเนินการ) (งบฯ 101,764,000 บาท) - ปรับปรุงท่อระบายน้้าและยกผิวจราจร ซ.รามอินทรา10 (อยู่ระหว่างด้าเนินการ) (งบฯ 6,020,000 บาท) - ติดตั้งประตูท่อ ลงคลองหลุมไผ่ 2 จุด","add2":null,"add1":null,"objectid":207,"add4":null,"risk_gob_num":0,"add3":null}},{"geometry":{"type":"Point","coordinates":[100.62689999994917,13.857729999971614],"crs":null},"id":208,"type":"Feature","properties":{"กรท":null,"เขต":"1.โครงการก่อสร้างเขื่อน ค.ส.ล. คลองไผ่เขียวและคลองลำผักชี ช่วงคลองหลุมไผ่ถึงซอยรามอินทรา 21\n2. สนข. ปรับปรุงผิวจราจรพร้อมท่อระบายน้ำแล้วเสร็จ","สคน":null,"remark":null,"risk_gob_detail":null,"project_name":null,"กรบ":null,"status_detail":"แก้ไขแล้วเสร็จ","problem":"น้ำฝน สนข.","สพน":null,"status_num":5,"district":"บางเขน","name":"แฟลตการเคหะรามอินทรา กม.4","x":100.6269,"group_d":"กรุงเทพเหนือ","y":13.85773,"id":208,"detail":"- น้้าท่วมขังผิวจราจร สูงประมาณ 10 - 15 ซม. แนวทางแก้ไข - ขุดลอกล้ารางแยกคลองล้าไผ่ (งบฯ 1,000,000 บาท) - ปรับปรุงท่อระบายน้้าและยกผิวจราจรเคหะ (งบฯ 30,000,000 บาท)รามอินทรา กม.4 - ซ่อมแซมและขยายบ่อสูบ - เสนอการเคหะซ่อมแซมบ่อบ้าบัด","add2":null,"add1":null,"objectid":208,"add4":null,"risk_gob_num":0,"add3":null}},{"geometry":{"type":"Point","coordinates":[100.6698000003531,13.867289999700606],"crs":null},"id":209,"type":"Feature","properties":{"กรท":null,"เขต":"1.สนข.ดำเนินการก่อสร้างบ่อสูบน้ำพร้อมเครื่องสูบน้ำไฟฟ้า บริเวณท้ายซอย แล้วเสร็จ","สคน":null,"remark":null,"risk_gob_detail":null,"project_name":null,"กรบ":null,"status_detail":"แก้ไขแล้วเสร็จ","problem":"น้ำฝน สนข.","สพน":null,"status_num":5,"district":"บางเขน","name":"ซอยคู้บอน 27 แยก 42","x":100.6698,"group_d":"กรุงเทพเหนือ","y":13.86729,"id":209,"detail":"พื่นที่ต่ำ ท่อระบายน้ำมีขนาดเล็ก","add2":null,"add1":null,"objectid":209,"add4":null,"risk_gob_num":0,"add3":null}},{"geometry":{"type":"Point","coordinates":[100.66960000033656,13.868169999793638],"crs":null},"id":210,"type":"Feature","properties":{"กรท":null,"เขต":"1.สนข.ดำเนินการก่อสร้างบ่อสูบน้ำพร้อมเครื่องสูบน้ำไฟฟ้า บริเวณท้ายซอย แล้วเสร็จ","สคน":null,"remark":null,"risk_gob_detail":null,"project_name":null,"กรบ":null,"status_detail":"แก้ไขแล้วเสร็จ","problem":"น้ำฝน สนข.","สพน":null,"status_num":5,"district":"บางเขน","name":"ซอยคู้บอน 27 แยก 46","x":100.6696,"group_d":"กรุงเทพเหนือ","y":13.86817,"id":210,"detail":"พื่นที่ต่ำ ท่อระบายน้ำมีขนาดเล็ก","add2":null,"add1":null,"objectid":210,"add4":null,"risk_gob_num":0,"add3":null}},{"geometry":{"type":"Point","coordinates":[100.66969999989568,13.86773999958033],"crs":null},"id":211,"type":"Feature","properties":{"กรท":null,"เขต":"1.สนข.ดำเนินการก่อสร้างบ่อสูบน้ำพร้อมเครื่องสูบน้ำไฟฟ้า บริเวณท้ายซอย แล้วเสร็จ","สคน":null,"remark":null,"risk_gob_detail":null,"project_name":null,"กรบ":null,"status_detail":"แก้ไขแล้วเสร็จ","problem":"น้ำฝน สนข.","สพน":null,"status_num":5,"district":"บางเขน","name":"ซอยคู้บอน 27 แยก 44","x":100.6697,"group_d":"กรุงเทพเหนือ","y":13.86774,"id":211,"detail":"พื่นที่ต่ำ ท่อระบายน้ำมีขนาดเล็ก","add2":null,"add1":null,"objectid":211,"add4":null,"risk_gob_num":0,"add3":null}},{"geometry":{"type":"Point","coordinates":[100.66929999986259,13.868479999655989],"crs":null},"id":212,"type":"Feature","properties":{"กรท":null,"เขต":"1.สนข.ดำเนินการก่อสร้างบ่อสูบน้ำพร้อมเครื่องสูบน้ำไฟฟ้า บริเวณท้ายซอย แล้วเสร็จ","สคน":null,"remark":null,"risk_gob_detail":null,"project_name":null,"กรบ":null,"status_detail":"แก้ไขแล้วเสร็จ","problem":"น้ำฝน สนข.","สพน":null,"status_num":5,"district":"บางเขน","name":"ซอยคู้บอน 27 แยก 48","x":100.6693,"group_d":"กรุงเทพเหนือ","y":13.86848,"id":212,"detail":"พื่นที่ต่ำ ท่อระบายน้ำมีขนาดเล็ก","add2":null,"add1":null,"objectid":212,"add4":null,"risk_gob_num":0,"add3":null}},{"geometry":{"type":"Point","coordinates":[100.66889999982953,13.86980999982371],"crs":null},"id":213,"type":"Feature","properties":{"กรท":null,"เขต":"1.สนข.ดำเนินการก่อสร้างบ่อสูบน้ำพร้อมเครื่องสูบน้ำไฟฟ้า บริเวณท้ายซอย แล้วเสร็จ","สคน":null,"remark":null,"risk_gob_detail":null,"project_name":null,"กรบ":null,"status_detail":"แก้ไขแล้วเสร็จ","problem":"น้ำฝน สนข.","สพน":null,"status_num":5,"district":"บางเขน","name":"ซอยคู้บอน 27 แยก 54","x":100.6689,"group_d":"กรุงเทพเหนือ","y":13.86981,"id":213,"detail":"พื่นที่ต่ำ ท่อระบายน้ำมีขนาดเล็ก","add2":null,"add1":null,"objectid":213,"add4":null,"risk_gob_num":0,"add3":null}},{"geometry":{"type":"Point","coordinates":[100.66900000028694,13.869420000026716],"crs":null},"id":214,"type":"Feature","properties":{"กรท":null,"เขต":"1.สนข.ดำเนินการก่อสร้างบ่อสูบน้ำพร้อมเครื่องสูบน้ำไฟฟ้า บริเวณท้ายซอย แล้วเสร็จ","สคน":null,"remark":null,"risk_gob_detail":null,"project_name":null,"กรบ":null,"status_detail":"แก้ไขแล้วเสร็จ","problem":"น้ำฝน สนข.","สพน":null,"status_num":5,"district":"บางเขน","name":"ซอยคู้บอน 27 แยก 52","x":100.669,"group_d":"กรุงเทพเหนือ","y":13.86942,"id":214,"detail":"พื่นที่ต่ำ ท่อระบายน้ำมีขนาดเล็ก","add2":null,"add1":null,"objectid":214,"add4":null,"risk_gob_num":0,"add3":null}},{"geometry":{"type":"Point","coordinates":[100.60069999957891,13.874570000289463],"crs":null},"id":215,"type":"Feature","properties":{"กรท":null,"เขต":"นิติบุคลก่อสร้างบ่อสูบน้ำพร้อมเตรื่องสูบน้ำไฟฟ้าแล้วเสร็จ","สคน":null,"remark":null,"risk_gob_detail":null,"project_name":null,"กรบ":null,"status_detail":"แก้ไขแล้วเสร็จ","problem":"น้ำฝน สนข.","สพน":null,"status_num":5,"district":"บางเขน","name":"หมู่บ้านอัมรินทร์นิเวศน์","x":100.6007,"group_d":"กรุงเทพเหนือ","y":13.87457,"id":215,"detail":"- น้้าท่วมขังผิวจราจร สูงประมาณ 10 - 15 ซม. แนวทางแก้ไข -โครงการก่อสร้างทำนบกั้นน้ำ แนวคลองลาดพร้าว (อยู่ระหว่างสำรวจและออกแบบ)","add2":null,"add1":null,"objectid":215,"add4":null,"risk_gob_num":0,"add3":null}},{"geometry":{"type":"Point","coordinates":[100.66880000027041,13.871039999652943],"crs":null},"id":216,"type":"Feature","properties":{"กรท":null,"เขต":"1.สนข.ดำเนินการก่อสร้างบ่อสูบน้ำพร้อมเครื่องสูบน้ำไฟฟ้า บริเวณท้ายซอย แล้วเสร็จ","สคน":null,"remark":null,"risk_gob_detail":null,"project_name":null,"กรบ":null,"status_detail":"แก้ไขแล้วเสร็จ","problem":"น้ำฝน สนข.","สพน":null,"status_num":5,"district":"บางเขน","name":"ซอยคู้บอน 27 แยก 56","x":100.6688,"group_d":"กรุงเทพเหนือ","y":13.87104,"id":216,"detail":"พื่นที่ต่ำ ท่อระบายน้ำมีขนาดเล็ก","add2":null,"add1":null,"objectid":216,"add4":null,"risk_gob_num":0,"add3":null}},{"geometry":{"type":"Point","coordinates":[100.65170000020363,13.87589000005731],"crs":null},"id":217,"type":"Feature","properties":{"กรท":null,"เขต":"1.สนข.ดำเนินการติดตั้งเครื่องสูบน้ำ","สคน":null,"remark":null,"risk_gob_detail":null,"project_name":null,"กรบ":null,"status_detail":"พื้นที่เอกชนหรือหน่วยงานราชการ","problem":"น้ำฝน สนข.","สพน":null,"status_num":2,"district":"บางเขน","name":"ชุมชนวัดอาวุธ","x":100.6517,"group_d":"กรุงเทพเหนือ","y":13.87589,"id":217,"detail":"พื่นที่ต่ำ ท่อระบายน้ำมีขนาดเล็ก (จุดเฝ้าระวัง)","add2":null,"add1":null,"objectid":217,"add4":null,"risk_gob_num":0,"add3":null}},{"geometry":{"type":"Point","coordinates":[100.64930000000514,13.867149999715117],"crs":null},"id":218,"type":"Feature","properties":{"กรท":null,"เขต":"1.สนข. ดำเนินการติดตั้งเครื่องสูบน้ำบริเวณปากซอยและ 4 แยกวัชรพล         2.สนข. ขอจัดสรรงบประมาณ 2570 ปรับปรุงผิวจราจรพร้อมท่อระบายน้ำ (ขอใช้พื้นที่ของวัดทองหลาง)","สคน":null,"remark":null,"risk_gob_detail":null,"project_name":null,"กรบ":null,"status_detail":"พื้นที่เอกชนหรือหน่วยงานราชการ","problem":"น้ำฝน สนข.","สพน":null,"status_num":2,"district":"บางเขน","name":"ชุมชนวัชรปราณี","x":100.6493,"group_d":"กรุงเทพเหนือ","y":13.86715,"id":218,"detail":"พื่นที่ต่ำ ท่อระบายน้ำมีขนาดเล็ก ","add2":null,"add1":null,"objectid":218,"add4":null,"risk_gob_num":0,"add3":null}},{"geometry":{"type":"Point","coordinates":[100.53130000012736,13.82324999985991],"crs":null},"id":219,"type":"Feature","properties":{"กรท":null,"เขต":"- สำนักการระบายน้ำดำเนินการเชื่อมท่อระบายน้ำระหว่างถนนกรุงเทพ-นนทบุรี กับ ถนนวงศ์สว่าง บริเวณแยกวงศ์สว่าง (ฝั่งบิ๊กซีวงศ์สว่าง)","สคน":null,"remark":"ของบ 69","risk_gob_detail":null,"project_name":null,"กรบ":null,"status_detail":"อยู่ระหว่างดำเนินการแก้ไข","problem":"น้ำฝน สนข.","สพน":null,"status_num":3,"district":"บางซื่อ","name":"ซอยกรุงเทพ - นนทบุรี 31","x":100.5313,"group_d":"กรุงเทพเหนือ","y":13.82325,"id":219,"detail":"- น้ำท่วมขังบริเวณกลางซอยถึงท้ายซอย เนื่องจาก น้ำจากท่อระบายน้ำในถนนกรุงเทพ-นนทบุรี ไม่สามารถระบายน้ำได้ทันจึงทำให้น้ำไหลเข้าสู่ภายในซอยดังกล่าว\"","add2":null,"add1":null,"objectid":219,"add4":null,"risk_gob_num":0,"add3":null}},{"geometry":{"type":"Point","coordinates":[100.60710000010822,13.827229999627614],"crs":null},"id":220,"type":"Feature","properties":{"กรท":null,"เขต":"สำนักการโยธา อยู่ระหว่างก่อสร้างท่อระบายน้ำพร้อมบ่อสูบน้ำท้ายซอย 122 ","สคน":null,"remark":"ได้รับงบ 68 และของบ69","risk_gob_detail":null,"project_name":null,"กรบ":null,"status_detail":"แก้ไขแล้วเสร็จบางส่วน","problem":"น้ำฝน สนข.","สพน":null,"status_num":4,"district":"ลาดพร้าว","name":"หมู่บ้านเสนานิเวศน์ โครงการ 1","x":100.6071,"group_d":"กรุงเทพเหนือ","y":13.82723,"id":220,"detail":"น้ำท่วมขังเนื่องจาก ท่อระบายภายในหมู่บ้านเสนานิเวศน์ มีขนาดเล็กและประกอบกับท่อระบายชำรุดทรุดตัว เนื่องจากหมู่บ้านมีอายุมากกว่า 50 ปี","add2":null,"add1":null,"objectid":220,"add4":null,"risk_gob_num":0,"add3":null}},{"geometry":{"type":"Point","coordinates":[100.62400000015846,13.841050000055018],"crs":null},"id":221,"type":"Feature","properties":{"กรท":null,"เขต":"ปรับปรุงบ่อสูบน้ำและติดตั้งเครื่องสูบน้ำไฟฟ้า บริเวณปากซอยประเสริฐมนูกิจ 29 แยก 8 (แล้วเสร็จ) อยู่ระหว่างดำเนินการซ่อมแซมบ่อสูบน้ำและติดตั้งเครื่องสูบน้ำไฟฟ้า บริเวณกลางซอยเพิ่มเติมอีก จำนวน 1 จุด พร้มทั้งได้จ้างเหมากรมราชทัณฑ์ขุดลอกท่อระบายน้ำถายในหมู่บ้านทั้งหมด (แล้วเสร็จ)","สคน":null,"remark":"ของบ 69","risk_gob_detail":null,"project_name":null,"กรบ":null,"status_detail":"แก้ไขแล้วเสร็จบางส่วน","problem":"น้ำฝน สนข.","สพน":null,"status_num":4,"district":"ลาดพร้าว","name":"ชุมชนเนียมกล่ำสามัคคี","x":100.624,"group_d":"กรุงเทพเหนือ","y":13.84105,"id":221,"detail":"(เดิมเป็นพื้นที่เอกชน) ถนนภายในชุมชนมีระยะยาว และช่วงหักเลี้ยวจำนวนมาก มีทางระบายน้ำออกทางปากซอยประเสริฐมนูกิจ 29 แยก 8 เพียงทางเดียว และเป็นพื้นที่ลุ่มต่ำ เมื่อฝนตกหนักติดต่อกันเป็นเวลานานทำให้เกิดปัญหาน้ำท่วมขัง","add2":null,"add1":null,"objectid":221,"add4":null,"risk_gob_num":0,"add3":null}},{"geometry":{"type":"Point","coordinates":[100.511399999829,13.826029999660145],"crs":null},"id":222,"type":"Feature","properties":{"กรท":null,"เขต":null,"สคน":null,"remark":"สนน","risk_gob_detail":null,"project_name":null,"กรบ":null,"status_detail":"แก้ไขแล้วเสร็จ","problem":"น้ำฝน สนข.","สพน":null,"status_num":5,"district":"บางซื่อ","name":"บริเวณแนวคลองบางเขน","x":100.5114,"group_d":"กรุงเทพเหนือ","y":13.82603,"id":222,"detail":"- ระดับน้ำในคลองสูง ทำให้ไหลท่วมบริเวณพื้นที่ริมคลอง แนวทางแก้ไข - งานปรับปรุงแนวป้องกันน้ำท่วมริมแม่น้ำเจ้าพระยาบริเวณคลองบางเขนเก่า (สนน. จะของบปี 66 (งบกลาง) 26,400,000.-บาท ระยะเวลา 200 วัน) (สนน)","add2":null,"add1":null,"objectid":222,"add4":null,"risk_gob_num":0,"add3":null}},{"geometry":{"type":"Point","coordinates":[100.60719999966732,13.83958000004623],"crs":null},"id":223,"type":"Feature","properties":{"กรท":null,"เขต":"สำนักการระบายน้ำ อยู่ระหว่างก่อสร้างเขื่อนคลองวัดลาดปลาเค้า ","สคน":null,"remark":null,"risk_gob_detail":null,"project_name":null,"กรบ":null,"status_detail":"พื้นที่เอกชนหรือหน่วยงานราชการ","problem":"น้ำฝน สนข.","สพน":null,"status_num":2,"district":"ลาดพร้าว","name":"หมู่บ้านเสนานิเวศน์ โครงการ 2","x":100.6072,"group_d":"กรุงเทพเหนือ","y":13.83958,"id":223,"detail":"(พื้นที่เอกชน) เนื่องจากระบบท่อระบายน้ำ เสียหาย ขาดการบำรุงรักษา","add2":null,"add1":null,"objectid":223,"add4":null,"risk_gob_num":0,"add3":null}},{"geometry":{"type":"Point","coordinates":[100.62489999978374,13.840309999823564],"crs":null},"id":224,"type":"Feature","properties":{"กรท":null,"เขต":"อยู่ระหว่างของบประมาณเพื่อก่อสร้างท่อระบายน้ำเพิ่ม","สคน":null,"remark":"ได้รับงบ 68","risk_gob_detail":null,"project_name":null,"กรบ":null,"status_detail":"แก้ไขแล้วเสร็จบางส่วน","problem":"น้ำฝน สนข.","สพน":null,"status_num":4,"district":"ลาดพร้าว","name":"ซอยประเสริฐมนูกิจ 29 แยก 4","x":100.6249,"group_d":"กรุงเทพเหนือ","y":13.84031,"id":224,"detail":"เนื่องจากฝาบ่อพักท่อระบายน้ำมีช่องรับน้ำ ไม่เพียงพอและพื้นที่ในหมู่บ้านมีสภาพลุ่มต่ำ","add2":null,"add1":null,"objectid":224,"add4":null,"risk_gob_num":0,"add3":null}},{"geometry":{"type":"Point","coordinates":[100.62199999999306,13.826460000279662],"crs":null},"id":225,"type":"Feature","properties":{"กรท":null,"เขต":null,"สคน":null,"remark":"สนน","risk_gob_detail":null,"project_name":null,"กรบ":null,"status_detail":"แก้ไขแล้วเสร็จบางส่วน","problem":"น้ำฝน สนข.","สพน":null,"status_num":4,"district":"ลาดพร้าว","name":"ถนนสุคนธสวัสดิ์ 13 ถึงถนนประเสริฐมนูกิจ","x":100.622,"group_d":"กรุงเทพเหนือ","y":13.82646,"id":225,"detail":null,"add2":null,"add1":null,"objectid":225,"add4":null,"risk_gob_num":0,"add3":null}},{"geometry":{"type":"Point","coordinates":[100.61039999993199,13.814759999732068],"crs":null},"id":226,"type":"Feature","properties":{"กรท":null,"เขต":"ขุดลอกท่อระบายน้ำภายในหมู่บ้านทั้งหมดและติดตั้งเครื่องสูบน้ำ จำนวน 1 เครื่อง ดำเนินการแล้วเสร็จ","สคน":null,"remark":null,"risk_gob_detail":null,"project_name":null,"กรบ":null,"status_detail":"พื้นที่เอกชนหรือหน่วยงานราชการ","problem":"น้ำฝน สนข.","สพน":null,"status_num":2,"district":"ลาดพร้าว","name":"หมู่บ้านลาดพร้าววิลเลจ","x":100.6104,"group_d":"กรุงเทพเหนือ","y":13.81476,"id":226,"detail":"มีน้ำท่วมขังเนื่องจากเป็นพื้นที่ลุ่มต่ำ (เดิมเป็นพื้นที่เอกชน ยังไม่ได้ยกให้เป็นสาธารณะทั้งหมด) ระบบท่อระบายน้ำภายในหมู่บ้านชำรุดเสียหาย","add2":null,"add1":null,"objectid":226,"add4":null,"risk_gob_num":0,"add3":null}},{"geometry":{"type":"Point","coordinates":[100.61589999993771,13.813810000397831],"crs":null},"id":227,"type":"Feature","properties":{"กรท":null,"เขต":"ปรับปรุงถนนและยกระดับท่อระบายน้ำ โดยสนข. งบประมาณปี 2566 (แล้วเสร็จ)","สคน":null,"remark":null,"risk_gob_detail":null,"project_name":null,"กรบ":null,"status_detail":"แก้ไขแล้วเสร็จ","problem":"น้ำฝน สนข.","สพน":null,"status_num":5,"district":"ลาดพร้าว","name":"ซอยนาคนิวาส 48 แยก 14","x":100.6159,"group_d":"กรุงเทพเหนือ","y":13.81381,"id":227,"detail":"- มีน้ำท่วมขังเนื่องจากเป็นพื้นที่ลุ่มต่ำ แนวทางการแก้ไข - ปรับปรุงท่อระบายน้ำและยกระดับพื้นถนน (สนข. จะของบปี 66 (งบกลาง) ..............บาท)","add2":null,"add1":null,"objectid":227,"add4":null,"risk_gob_num":0,"add3":null}},{"geometry":{"type":"Point","coordinates":[100.59730000019601,13.809129999762986],"crs":null},"id":228,"type":"Feature","properties":{"กรท":null,"เขต":"ซ่อมแซมปรับปรุงบ่อสูบน้ำหน้าโรงพยาบาลเปาโลโชคชัย 4 เพื่อดึงน้ำจากถนนหลักลงคลองทรงกระเทียมได้อย่างมีประสิทธิภาพมากยิ่งขึ้น (ดำเนินการแล้วเสร็จ) พร้อมทั้งติดตั้งเครื่องสูบน้ำไฟฟ้า จำนวน 2 เครื่อง (ดำเนินการแล้วเสร็จ)","สคน":null,"remark":null,"risk_gob_detail":null,"project_name":null,"กรบ":null,"status_detail":"แก้ไขแล้วเสร็จ","problem":"น้ำฝน สนข.","สพน":null,"status_num":5,"district":"ลาดพร้าว","name":"ถนนโชคชัย 4 ซอย 30","x":100.5973,"group_d":"กรุงเทพเหนือ","y":13.80913,"id":228,"detail":"- มีน้ำท่วมขังเนื่องจากระบบบระบายน้ำไม่สามารถรองรับได้ - ก่อสร้างบ่อสูบน้ำพร้อมเครื่องสูบน้ำไฟฟ้าบริเวณถนนโชคชัย 4 ช่วงสะพานข้ามคลองทรงกระเทียมหน้าโรงพยาบาลเปาโลฯ โชคชัย 4 และ ก่อสร้างบ่อสูบน้ำพร้อมเครื่องสูบน้ำไฟฟ้าบริเวณถนนโชคชัย 4 ระบายสู่คลองเสือน้อย(โดยสนน.) และยกระดับผิวถนนให้สูงขึ้น (โดยสนย.)","add2":null,"add1":null,"objectid":228,"add4":null,"risk_gob_num":0,"add3":null}},{"geometry":{"type":"Point","coordinates":[100.59750000021255,13.810439999759744],"crs":null},"id":229,"type":"Feature","properties":{"กรท":null,"เขต":"ซ่อมแซมปรับปรุงบ่อสูบน้ำหน้าโรงพยาบาลเปาโลโชคชัย 4 เพื่อดึงน้ำจากถนนหลักลงคลองทรงกระเทียมได้อย่างมีประสิทธิภาพมากยิ่งขึ้น (ดำเนินการแล้วเสร็จ) พร้อมทั้งติดตั้งเครื่องสูบน้ำไฟฟ้า จำนวน 2 เครื่อง (ดำเนินการแล้วเสร็จ)","สคน":null,"remark":null,"risk_gob_detail":null,"project_name":null,"กรบ":null,"status_detail":"แก้ไขแล้วเสร็จ","problem":"น้ำฝน สนข.","สพน":null,"status_num":5,"district":"ลาดพร้าว","name":"ถนนโชคชัย 4 ซอย 34","x":100.5975,"group_d":"กรุงเทพเหนือ","y":13.81044,"id":229,"detail":"- มีน้ำท่วมขังเนื่องจากระบบบระบายน้ำไม่สามารถรองรับได้ แนวทางการแก้ไข - ก่อสร้างบ่อสูบน้ำพร้อมเครื่องสูบน้ำไฟฟ้าบริเวณถนนโชคชัย 4 ช่วงสะพานข้ามคลองทรงกระเทียมหน้าโรงพยาบาลเปาโลฯ โชคชัย 4 - ก่อสร้างบ่อสูบน้ำพร้อมเครื่องสูบน้ำไฟฟ้าบริเวณถนนโชคชัย 4 ระบายสู่คลองเสือน้อย (สนน. จะของบปี 66 (งบกลาง) - ยกระดับผิวถนนให้สูงขึ้น (โดยสนย. จะของบปี 66 (งบกลาง) ..............บาท)","add2":null,"add1":null,"objectid":229,"add4":null,"risk_gob_num":0,"add3":null}},{"geometry":{"type":"Point","coordinates":[100.59750000021255,13.810809999664022],"crs":null},"id":230,"type":"Feature","properties":{"กรท":null,"เขต":"ซ่อมแซมปรับปรุงบ่อสูบน้ำหน้าโรงพยาบาลเปาโลโชคชัย 4 เพื่อดึงน้ำจากถนนหลักลงคลองทรงกระเทียมได้อย่างมีประสิทธิภาพมากยิ่งขึ้น (ดำเนินการแล้วเสร็จ) พร้อมทั้งติดตั้งเครื่องสูบน้ำไฟฟ้า จำนวน 2 เครื่อง (ดำเนินการแล้วเสร็จ)","สคน":null,"remark":null,"risk_gob_detail":null,"project_name":null,"กรบ":null,"status_detail":"แก้ไขแล้วเสร็จ","problem":"น้ำฝน สนข.","สพน":null,"status_num":5,"district":"ลาดพร้าว","name":"ถนนโชคชัย 4 ซอย 36","x":100.5975,"group_d":"กรุงเทพเหนือ","y":13.81081,"id":230,"detail":"- มีน้ำท่วมขังเนื่องจากระบบบระบายน้ำไม่สามารถรองรับได้ แนวทางการแก้ไข - ก่อสร้างบ่อสูบน้ำพร้อมเครื่องสูบน้ำไฟฟ้าบริเวณถนนโชคชัย 4 ช่วงสะพานข้ามคลองทรงกระเทียมหน้าโรงพยาบาลเปาโลฯ โชคชัย 4 - ก่อสร้างบ่อสูบน้ำพร้อมเครื่องสูบน้ำไฟฟ้าบริเวณถนนโชคชัย 4 ระบายสู่คลองเสือน้อย (สนน. จะของบปี 66 (งบกลาง) - ยกระดับผิวถนนให้สูงขึ้น (โดยสนย. จะของบปี 66 (งบกลาง) ..............บาท)","add2":null,"add1":null,"objectid":230,"add4":null,"risk_gob_num":0,"add3":null}},{"geometry":{"type":"Point","coordinates":[100.59719999973858,13.809660000135667],"crs":null},"id":231,"type":"Feature","properties":{"กรท":null,"เขต":"ซ่อมแซมปรับปรุงบ่อสูบน้ำหน้าโรงพยาบาลเปาโลโชคชัย 4 เพื่อดึงน้ำจากถนนหลักลงคลองทรงกระเทียมได้อย่างมีประสิทธิภาพมากยิ่งขึ้น (ดำเนินการแล้วเสร็จ) พร้อมทั้งติดตั้งเครื่องสูบน้ำไฟฟ้า จำนวน 2 เครื่อง (ดำเนินการแล้วเสร็จ)","สคน":null,"remark":null,"risk_gob_detail":null,"project_name":null,"กรบ":null,"status_detail":"แก้ไขแล้วเสร็จ","problem":"น้ำฝน สนข.","สพน":null,"status_num":5,"district":"ลาดพร้าว","name":"ถนนโชคชัย 4 ซอย 32","x":100.5972,"group_d":"กรุงเทพเหนือ","y":13.80966,"id":231,"detail":"- มีน้ำท่วมขังเนื่องจากระบบบระบายน้ำไม่สามารถรองรับได้ แนวทางการแก้ไข - ก่อสร้างบ่อสูบน้ำพร้อมเครื่องสูบน้ำไฟฟ้าบริเวณถนนโชคชัย 4 ช่วงสะพานข้ามคลองทรงกระเทียมหน้าโรงพยาบาลเปาโลฯ โชคชัย 4 - ก่อสร้างบ่อสูบน้ำพร้อมเครื่องสูบน้ำไฟฟ้าบริเวณถนนโชคชัย 4 ระบายสู่คลองเสือน้อย (สนน. จะของบปี 66 (งบกลาง) - ยกระดับผิวถนนให้สูงขึ้น (โดยสนย. จะของบปี 66 (งบกลาง) ..............บาท)","add2":null,"add1":null,"objectid":231,"add4":null,"risk_gob_num":0,"add3":null}},{"geometry":{"type":"Point","coordinates":[100.59710000017945,13.811099999885695],"crs":null},"id":232,"type":"Feature","properties":{"กรท":null,"เขต":"ซ่อมแซมปรับปรุงบ่อสูบน้ำหน้าโรงพยาบาลเปาโลโชคชัย 4 เพื่อดึงน้ำจากถนนหลักลงคลองทรงกระเทียมได้อย่างมีประสิทธิภาพมากยิ่งขึ้น (ดำเนินการแล้วเสร็จ) พร้อมทั้งติดตั้งเครื่องสูบน้ำไฟฟ้า จำนวน 2 เครื่อง (ดำเนินการแล้วเสร็จ)","สคน":null,"remark":null,"risk_gob_detail":null,"project_name":null,"กรบ":null,"status_detail":"แก้ไขแล้วเสร็จ","problem":"น้ำฝน สนข.","สพน":null,"status_num":5,"district":"ลาดพร้าว","name":"ถนนโชคชัย 4 ซอย 38","x":100.5971,"group_d":"กรุงเทพเหนือ","y":13.8111,"id":232,"detail":"- มีน้ำท่วมขังเนื่องจากระบบบระบายน้ำไม่สามารถรองรับได้ แนวทางการแก้ไข - ก่อสร้างบ่อสูบน้ำพร้อมเครื่องสูบน้ำไฟฟ้าบริเวณถนนโชคชัย 4 ช่วงสะพานข้ามคลองทรงกระเทียมหน้าโรงพยาบาลเปาโลฯ โชคชัย 4 - ก่อสร้างบ่อสูบน้ำพร้อมเครื่องสูบน้ำไฟฟ้าบริเวณถนนโชคชัย 4 ระบายสู่คลองเสือน้อย (สนน. จะของบปี 66 (งบกลาง) - ยกระดับผิวถนนให้สูงขึ้น (โดยสนย. จะของบปี 66 (งบกลาง) ..............บาท)","add2":null,"add1":null,"objectid":232,"add4":null,"risk_gob_num":0,"add3":null}},{"geometry":{"type":"Point","coordinates":[100.59730000019601,13.811940000356495],"crs":null},"id":233,"type":"Feature","properties":{"กรท":null,"เขต":"ซ่อมแซมปรับปรุงบ่อสูบน้ำหน้าโรงพยาบาลเปาโลโชคชัย 4 เพื่อดึงน้ำจากถนนหลักลงคลองทรงกระเทียมได้อย่างมีประสิทธิภาพมากยิ่งขึ้น (ดำเนินการแล้วเสร็จ) พร้อมทั้งติดตั้งเครื่องสูบน้ำไฟฟ้า จำนวน 2 เครื่อง (ดำเนินการแล้วเสร็จ)","สคน":null,"remark":null,"risk_gob_detail":null,"project_name":null,"กรบ":null,"status_detail":"แก้ไขแล้วเสร็จ","problem":"น้ำฝน สนข.","สพน":null,"status_num":5,"district":"ลาดพร้าว","name":"ถนนโชคชัย 4 ซอย 42","x":100.5973,"group_d":"กรุงเทพเหนือ","y":13.81194,"id":233,"detail":"- มีน้ำท่วมขังเนื่องจากระบบบระบายน้ำไม่สามารถรองรับได้ แนวทางการแก้ไข - ก่อสร้างบ่อสูบน้ำพร้อมเครื่องสูบน้ำไฟฟ้าบริเวณถนนโชคชัย 4 ช่วงสะพานข้ามคลองทรงกระเทียมหน้าโรงพยาบาลเปาโลฯ โชคชัย 4 - ก่อสร้างบ่อสูบน้ำพร้อมเครื่องสูบน้ำไฟฟ้าบริเวณถนนโชคชัย 4 ระบายสู่คลองเสือน้อย (สนน. จะของบปี 66 (งบกลาง) - ยกระดับผิวถนนให้สูงขึ้น (โดยสนย. จะของบปี 66 (งบกลาง) ..............บาท)","add2":null,"add1":null,"objectid":233,"add4":null,"risk_gob_num":0,"add3":null}},{"geometry":{"type":"Point","coordinates":[100.59719999973858,13.811530000151826],"crs":null},"id":234,"type":"Feature","properties":{"กรท":null,"เขต":"ซ่อมแซมปรับปรุงบ่อสูบน้ำหน้าโรงพยาบาลเปาโลโชคชัย 4 เพื่อดึงน้ำจากถนนหลักลงคลองทรงกระเทียมได้อย่างมีประสิทธิภาพมากยิ่งขึ้น (ดำเนินการแล้วเสร็จ) พร้อมทั้งติดตั้งเครื่องสูบน้ำไฟฟ้า จำนวน 2 เครื่อง (ดำเนินการแล้วเสร็จ)","สคน":null,"remark":null,"risk_gob_detail":null,"project_name":null,"กรบ":null,"status_detail":"แก้ไขแล้วเสร็จ","problem":"น้ำฝน สนข.","สพน":null,"status_num":5,"district":"ลาดพร้าว","name":"ถนนโชคชัย 4 ซอย 40","x":100.5972,"group_d":"กรุงเทพเหนือ","y":13.81153,"id":234,"detail":"- มีน้ำท่วมขังเนื่องจากระบบบระบายน้ำไม่สามารถรองรับได้ แนวทางการแก้ไข - ก่อสร้างบ่อสูบน้ำพร้อมเครื่องสูบน้ำไฟฟ้าบริเวณถนนโชคชัย 4 ช่วงสะพานข้ามคลองทรงกระเทียมหน้าโรงพยาบาลเปาโลฯ โชคชัย 4 - ก่อสร้างบ่อสูบน้ำพร้อมเครื่องสูบน้ำไฟฟ้าบริเวณถนนโชคชัย 4 ระบายสู่คลองเสือน้อย (สนน. จะของบปี 66 (งบกลาง) - ยกระดับผิวถนนให้สูงขึ้น (โดยสนย. จะของบปี 66 (งบกลาง) ..............บาท)","add2":null,"add1":null,"objectid":234,"add4":null,"risk_gob_num":0,"add3":null}},{"geometry":{"type":"Point","coordinates":[100.59719999973858,13.812340000222775],"crs":null},"id":235,"type":"Feature","properties":{"กรท":null,"เขต":"ซ่อมแซมปรับปรุงบ่อสูบน้ำหน้าโรงพยาบาลเปาโลโชคชัย 4 เพื่อดึงน้ำจากถนนหลักลงคลองทรงกระเทียมได้อย่างมีประสิทธิภาพมากยิ่งขึ้น (ดำเนินการแล้วเสร็จ) พร้อมทั้งติดตั้งเครื่องสูบน้ำไฟฟ้า จำนวน 2 เครื่อง (ดำเนินการแล้วเสร็จ)","สคน":null,"remark":null,"risk_gob_detail":null,"project_name":null,"กรบ":null,"status_detail":"แก้ไขแล้วเสร็จ","problem":"น้ำฝน สนข.","สพน":null,"status_num":5,"district":"ลาดพร้าว","name":"ถนนโชคชัย 4 ซอย 44","x":100.5972,"group_d":"กรุงเทพเหนือ","y":13.81234,"id":235,"detail":"- มีน้ำท่วมขังเนื่องจากระบบบระบายน้ำไม่สามารถรองรับได้ แนวทางการแก้ไข - ก่อสร้างบ่อสูบน้ำพร้อมเครื่องสูบน้ำไฟฟ้าบริเวณถนนโชคชัย 4 ช่วงสะพานข้ามคลองทรงกระเทียมหน้าโรงพยาบาลเปาโลฯ โชคชัย 4 - ก่อสร้างบ่อสูบน้ำพร้อมเครื่องสูบน้ำไฟฟ้าบริเวณถนนโชคชัย 4 ระบายสู่คลองเสือน้อย (สนน. จะของบปี 66 (งบกลาง) - ยกระดับผิวถนนให้สูงขึ้น (โดยสนย. จะของบปี 66 (งบกลาง) ..............บาท)","add2":null,"add1":null,"objectid":235,"add4":null,"risk_gob_num":0,"add3":null}},{"geometry":{"type":"Point","coordinates":[100.59149999971632,13.828780000061693],"crs":null},"id":236,"type":"Feature","properties":{"กรท":null,"เขต":"สำนักการระบายน้ำ ดำเนินการของบประมาณเพื่อก่อสร้างท่อระบายน้ำพร้อมติดตั้งเครื่องสูบน้ำไฟฟ้าบริเวณสี่แยกถนนลาดพร้าววังหินตัดกับถนนเสนานิคม 1","สคน":null,"remark":null,"risk_gob_detail":null,"project_name":null,"กรบ":null,"status_detail":"อยู่ระหว่างดำเนินการแก้ไข","problem":"น้ำฝน สนข.","สพน":null,"status_num":3,"district":"ลาดพร้าว","name":"หมู่บ้านอมรพันธ์ 9","x":100.5915,"group_d":"กรุงเทพเหนือ","y":13.82878,"id":236,"detail":"มีน้ำท่วมขังเนื่องจากระบบบระบายน้ำไม่สามารถรองรับได้","add2":null,"add1":null,"objectid":236,"add4":null,"risk_gob_num":0,"add3":null}},{"geometry":{"type":"Point","coordinates":[100.58949999955092,13.803960000162848],"crs":null},"id":237,"type":"Feature","properties":{"กรท":null,"เขต":"ดำเนินการติดตั้งเครื่องสูบน้ำ จำนวน 1 เครื่อง และสำนักการระบายน้ำมีการก่อสร้างเขื่อนคลองลาดพร้าว บริเวณฝั่งวัดลาดพร้าว","สคน":null,"remark":null,"risk_gob_detail":null,"project_name":null,"กรบ":null,"status_detail":"แก้ไขแล้วเสร็จ","problem":"น้ำฝน สนข.","สพน":null,"status_num":5,"district":"ลาดพร้าว","name":"วัดลาดพร้าว","x":100.5895,"group_d":"กรุงเทพเหนือ","y":13.80396,"id":237,"detail":"#NAME?","add2":null,"add1":null,"objectid":237,"add4":null,"risk_gob_num":0,"add3":null}},{"geometry":{"type":"Point","coordinates":[100.62669999993261,13.825200000214618],"crs":null},"id":238,"type":"Feature","properties":{"กรท":null,"เขต":"ปรับปรุงถนนและยกระดับท่อระบายน้ำ โดยสนข. งบประมาณปี 2567 (แล้วเสร็จ)","สคน":null,"remark":null,"risk_gob_detail":null,"project_name":null,"กรบ":null,"status_detail":"แก้ไขแล้วเสร็จ","problem":"น้ำฝน สนข.","สพน":null,"status_num":5,"district":"ลาดพร้าว","name":"ซอยประดิษฐ์มนูธรรม 27","x":100.6267,"group_d":"กรุงเทพเหนือ","y":13.8252,"id":238,"detail":"- ไม่มีท่อระบายน้ำ แนวทางการแก้ไข - ปรับปรุงถนนและท่อระบายน้ำ (สนข. จะของบปี 66 (งบกลาง) 6,100,000.- บาท)","add2":null,"add1":null,"objectid":238,"add4":null,"risk_gob_num":0,"add3":null}},{"geometry":{"type":"Point","coordinates":[100.61759999962916,13.817909999652008],"crs":null},"id":239,"type":"Feature","properties":{"กรท":null,"เขต":"ติดตั้งเครื่องสูบน้ำ จำนวน 2 เครื่อง และอยู่ระหว่างเสนอของบประมาณเพื่อติดตั้งบ่อสูบน้ำ พร้อมเครื่องสูบน้ำไฟฟ้าในบริเวณซอยนาคนิวาส 48 แยก 18 ในส่วนที่เป็นที่สาธารณะ","สคน":null,"remark":null,"risk_gob_detail":null,"project_name":null,"กรบ":null,"status_detail":"พื้นที่เอกชนหรือหน่วยงานราชการ","problem":"น้ำฝน สนข.","สพน":null,"status_num":2,"district":"ลาดพร้าว","name":"คอนโดเอื้อประชา ซอยนาคนิวาส 48 แยก 18","x":100.6176,"group_d":"กรุงเทพเหนือ","y":13.81791,"id":239,"detail":"มีน้ำท่วมขังเนื่องจากระบบบระบายน้ำไม่สามารถรองรับได้","add2":null,"add1":null,"objectid":239,"add4":null,"risk_gob_num":0,"add3":null}},{"geometry":{"type":"Point","coordinates":[100.60679999963425,13.812879999869184],"crs":null},"id":240,"type":"Feature","properties":{"กรท":null,"เขต":"ปรับปรุงถนนและยกระดับท่อระบายน้ำ โดยสนข. งบประมาณปี 2567 (แล้วเสร็จ)","สคน":null,"remark":null,"risk_gob_detail":null,"project_name":null,"กรบ":null,"status_detail":"แก้ไขแล้วเสร็จ","problem":"น้ำฝน สนข.","สพน":null,"status_num":5,"district":"ลาดพร้าว","name":"ซอยโชคชัย 4 ซอย 54 แยก 4 ซอย 24","x":100.6068,"group_d":"กรุงเทพเหนือ","y":13.81288,"id":240,"detail":"- น้ำท่วมขังเนื่องจากเป็นพื้นที่ลุ่มต่ำ แนวทางการแก้ไข - ปรับปรุงท่อระบายน้ำและยกระดับถนนถนนซอยโชคชัย 4 ซอย 54 แยก 4 ซอย 23,24,25 (สนข. จะของบปี 66 (งบกลาง) 10,835,000.- บาท)","add2":null,"add1":null,"objectid":240,"add4":null,"risk_gob_num":0,"add3":null}},{"geometry":{"type":"Point","coordinates":[100.60679999963425,13.813259999839492],"crs":null},"id":241,"type":"Feature","properties":{"กรท":null,"เขต":"ปรับปรุงถนนและยกระดับท่อระบายน้ำ โดยสนข. งบประมาณปี 2567 (แล้วเสร็จ)","สคน":null,"remark":null,"risk_gob_detail":null,"project_name":null,"กรบ":null,"status_detail":"แก้ไขแล้วเสร็จ","problem":"น้ำฝน สนข.","สพน":null,"status_num":5,"district":"ลาดพร้าว","name":"ซอยโชคชัย 4 ซอย 54 แยก 4 ซอย 23","x":100.6068,"group_d":"กรุงเทพเหนือ","y":13.81326,"id":241,"detail":"- น้ำท่วมขังเนื่องจากเป็นพื้นที่ลุ่มต่ำ แนวทางการแก้ไข - ปรับปรุงท่อระบายน้ำและยกระดับถนนถนนซอยโชคชัย 4 ซอย 54 แยก 4 ซอย 23,24,25 (สนข. จะของบปี 66 (งบกลาง) 10,835,000.- บาท)","add2":null,"add1":null,"objectid":241,"add4":null,"risk_gob_num":0,"add3":null}},{"geometry":{"type":"Point","coordinates":[100.59810000026219,13.805909999696693],"crs":null},"id":242,"type":"Feature","properties":{"กรท":null,"เขต":"สำนักงานเขตลาดพร้าว ได้ดำเนินการก่อสร้างบ่อสูบน้ำพร้อมติดตั้งเครื่องชนิดไฟฟ้าแล้วเสร็จ บริเวณท้ายซอยนาคนิวาส 27 ซึ่งท่อระบายน้ำเชื่อมกับซอยโชคชัย 4 ซอย 20 และอยู่ระหว่างดำเนินการปรับปรุงท่อระบายน้ำและผิวถนนซอยโชคชัย 4 ซอย 20 และซอยแยกย่อย ซึ่งคาดว่าจะแล้วเสร็จในปีงบประมาณ 2569","สคน":null,"remark":"ของบ 69","risk_gob_detail":null,"project_name":null,"กรบ":null,"status_detail":"แก้ไขแล้วเสร็จ","problem":"น้ำฝน สนข.","สพน":null,"status_num":5,"district":"ลาดพร้าว","name":"ถนนโชคชัย 4 ซอย 20","x":100.5981,"group_d":"กรุงเทพเหนือ","y":13.80591,"id":242,"detail":"- น้ำท่วมขังเนื่องจากเป็นพื้นที่ลุ่มต่ำ","add2":null,"add1":null,"objectid":242,"add4":null,"risk_gob_num":0,"add3":null}},{"geometry":{"type":"Point","coordinates":[100.62059999987726,13.835270000403794],"crs":null},"id":243,"type":"Feature","properties":{"กรท":null,"เขต":"ปรับปรุงถนนและยกระดับท่อระบายน้ำ โดยสนข. งบประมาณปี 2565 (แล้วเสร็จ)","สคน":null,"remark":null,"risk_gob_detail":null,"project_name":null,"กรบ":null,"status_detail":"แก้ไขแล้วเสร็จ","problem":"น้ำฝน สนข.","สพน":null,"status_num":5,"district":"ลาดพร้าว","name":"หมู่บ้ำนเฟรนชิพ","x":100.6206,"group_d":"กรุงเทพเหนือ","y":13.83527,"id":243,"detail":"- น้ำท่วมขังเนื่องจากเป็นพื้นที่ลุ่มต่ำและระบบระบายน้ำเก่า แนวทางการแก้ไข - ปรับปรุงถนนและท่อระบายน้ำซอยประเสริฐมนูกิจ 2 แยก 2 (สนข. ได้รับงบประมาณแล้ว อยู่ระหว่างดำเนินการ)","add2":null,"add1":null,"objectid":243,"add4":null,"risk_gob_num":0,"add3":null}},{"geometry":{"type":"Point","coordinates":[100.60679999963425,13.812439999863985],"crs":null},"id":244,"type":"Feature","properties":{"กรท":null,"เขต":"ปรับปรุงถนนและยกระดับท่อระบายน้ำ โดยสนข. งบประมาณปี 2567 (แล้วเสร็จ)","สคน":null,"remark":null,"risk_gob_detail":null,"project_name":null,"กรบ":null,"status_detail":"แก้ไขแล้วเสร็จ","problem":"น้ำฝน สนข.","สพน":null,"status_num":5,"district":"ลาดพร้าว","name":"ซอยโชคชัย 4 ซอย 54 แยก 4 ซอย 25","x":100.6068,"group_d":"กรุงเทพเหนือ","y":13.81244,"id":244,"detail":"- น้ำท่วมขังเนื่องจากเป็นพื้นที่ลุ่มต่ำ แนวทางการแก้ไข - ปรับปรุงท่อระบายน้ำและยกระดับถนนถนนซอยโชคชัย 4 ซอย 54 แยก 4 ซอย 23,24,25 (สนข. จะของบปี 66 (งบกลาง) 10,835,000.- บาท)","add2":null,"add1":null,"objectid":244,"add4":null,"risk_gob_num":0,"add3":null}},{"geometry":{"type":"Point","coordinates":[100.59289999983213,13.813990000155892],"crs":null},"id":245,"type":"Feature","properties":{"กรท":null,"เขต":"ปรับปรุงถนนและยกระดับท่อระบายน้ำ โดยสนข. งบประมาณปี 2567 (แล้วเสร็จ)","สคน":null,"remark":null,"risk_gob_detail":null,"project_name":null,"กรบ":null,"status_detail":"แก้ไขแล้วเสร็จ","problem":"น้ำฝน สนข.","สพน":null,"status_num":5,"district":"ลาดพร้าว","name":"ซอยโชคชัย 4 ซอย 49 แยก 7","x":100.5929,"group_d":"กรุงเทพเหนือ","y":13.81399,"id":245,"detail":"- ไม่มีท่อระบายน้ำ แนวทางการแก้ไข - ปรับปรุงถนนและท่อระบายน้ำ (สนข. จะของบปี 66 (งบกลาง) 5,141,000.- บาท)","add2":null,"add1":null,"objectid":245,"add4":null,"risk_gob_num":0,"add3":null}},{"geometry":{"type":"Point","coordinates":[100.59349999988171,13.818760000211787],"crs":null},"id":246,"type":"Feature","properties":{"กรท":null,"เขต":"ปรับปรุงถนนและยกระดับท่อระบายน้ำ โดยสนข. งบประมาณปี 2565 (แล้วเสร็จ)","สคน":null,"remark":null,"risk_gob_detail":null,"project_name":null,"กรบ":null,"status_detail":"แก้ไขแล้วเสร็จ","problem":"น้ำฝน สนข.","สพน":null,"status_num":5,"district":"ลาดพร้าว","name":"ซอยลาดพร้าววังหิน 48","x":100.5935,"group_d":"กรุงเทพเหนือ","y":13.81876,"id":246,"detail":"- ไม่มีท่อระบายน้ำ แนวทางการแก้ไข - ปรับปรุงถนนและท่อระบายน้ำ (สนข. จะของบปี 66 (งบกลาง) 4,691,000.- บาท)","add2":null,"add1":null,"objectid":246,"add4":null,"risk_gob_num":0,"add3":null}},{"geometry":{"type":"Point","coordinates":[100.60189999967815,13.810590000428279],"crs":null},"id":247,"type":"Feature","properties":{"กรท":null,"เขต":"อยู่ระหว่างติดตั้งเสนอของบประมาณเพื่อติดตั้งมิเตอร์ไฟฟ้าและเครื่องสูบน้ำไฟฟ้า การแก้ไขระยะยาว ต้องก่อสร้างเขื่อนคลองสองตอน","สคน":null,"remark":"ของบ 69","risk_gob_detail":null,"project_name":null,"กรบ":null,"status_detail":"แก้ไขแล้วเสร็จบางส่วน","problem":"น้ำฝน สนข.","สพน":null,"status_num":4,"district":"ลาดพร้าว","name":"ซอยโชคชัย 4 บริเวณท้ายซอย 36","x":100.6019,"group_d":"กรุงเทพเหนือ","y":13.81059,"id":247,"detail":"มีน้ำท่วมขังเนื่องจากระบบบระบายน้ำไม่สามารถรองรับได้ ","add2":null,"add1":null,"objectid":247,"add4":null,"risk_gob_num":0,"add3":null}},{"geometry":{"type":"Point","coordinates":[100.6213999999434,13.891250000211807],"crs":null},"id":248,"type":"Feature","properties":{"กรท":null,"เขต":"ปรับปรุงยกระดับซอยทีมนิเวศน์จากพหลโยธิน 52 แยก 27 ถึงซอยเพิ่มสิน 20 แยก 19","สคน":null,"remark":null,"risk_gob_detail":null,"project_name":null,"กรบ":null,"status_detail":"แก้ไขแล้วเสร็จ","problem":"น้ำฝน สนข.","สพน":null,"status_num":5,"district":"สายไหม","name":"ซอยพหลโยธิน 52 แยก 27 (ซอยทิมเรืองเวช)","x":100.6214,"group_d":"กรุงเทพเหนือ","y":13.89125,"id":248,"detail":"- เป็นพื้นที่ลุ่มต่ำ มีน้ำท่วมขัง 20-40 ซม. แนวทางแก้ไข - ปรับปรุงยกระดับซอยทิมเรืองเวชจากซอยพหลโยธิน 52 แยก 27 ถึงซอยเพิ่มสิน 20 แยก 19 (โดยสนข. งบประมาณ12,000,000.- บาท)","add2":null,"add1":null,"objectid":248,"add4":null,"risk_gob_num":0,"add3":null}},{"geometry":{"type":"Point","coordinates":[100.62030000030163,13.894589999674917],"crs":null},"id":249,"type":"Feature","properties":{"กรท":null,"เขต":"- ปรับปรุงระบบระบายน้ำซอยพหลโยธิน 52 (โดยสนข. งบประมาณ2,799,000.- บาท),-ดำเนินการของบประมาณก่อสร้างเขื่อนคลองกระทุ่มโพธิ์ ปี 2570 (โดยสนข. งบประมาณ 126,000,000.- บาท)","สคน":null,"remark":null,"risk_gob_detail":null,"project_name":null,"กรบ":null,"status_detail":"แก้ไขแล้วเสร็จบางส่วน","problem":"น้ำฝน สนข.","สพน":null,"status_num":4,"district":"สายไหม","name":"ซอยพหลโยธิน 52 แยก 11 (หมู่บ้านณัฐกานต์ 3-5,วัดอมราวราม)","x":100.6203,"group_d":"กรุงเทพเหนือ","y":13.89459,"id":249,"detail":"- เเป็นพื้นที่ลุ่มต่ำ มีน้ำท่วมขัง เวลาฝนตกหนัก","add2":null,"add1":null,"objectid":249,"add4":null,"risk_gob_num":0,"add3":null}},{"geometry":{"type":"Point","coordinates":[100.61140000001468,13.888740000062116],"crs":null},"id":250,"type":"Feature","properties":{"กรท":null,"เขต":"- ปรับปรุงระบบระบายน้ำและถนนซอยพหลโยธิน 52 (โดยสนข. งบประมาณ 140,831,000.- บาท)","สคน":null,"remark":null,"risk_gob_detail":null,"project_name":null,"กรบ":null,"status_detail":"อยู่ระหว่างดำเนินการแก้ไข","problem":"น้ำฝน สนข.","สพน":null,"status_num":3,"district":"สายไหม","name":"ซอยพหลโยธิน 50 (ชุมชนเสนาวัฒนา)","x":100.6114,"group_d":"กรุงเทพเหนือ","y":13.88874,"id":250,"detail":"- เป็นพื้นที่ลุ่มต่ำ มีน้ำท่วมขัง เวลาฝนตกหนัก","add2":null,"add1":null,"objectid":250,"add4":null,"risk_gob_num":0,"add3":null}},{"geometry":{"type":"Point","coordinates":[100.62689999994917,13.89478000007124],"crs":null},"id":251,"type":"Feature","properties":{"กรท":null,"เขต":"- ก่อสร้างบ่อสูบน้ำขนาด 10\u201d","สคน":null,"remark":null,"risk_gob_detail":null,"project_name":null,"กรบ":null,"status_detail":"แก้ไขแล้วเสร็จ","problem":"น้ำฝน สนข.","สพน":null,"status_num":5,"district":"สายไหม","name":"ซอยเพิ่มสิน 20","x":100.6269,"group_d":"กรุงเทพเหนือ","y":13.89478,"id":251,"detail":"- เป็นพื้นที่ลุ่มต่ำ มีน้ำท่วมขัง เวลาฝนตกหนัก แนวทางแก้ไข - ปรับปรุงระบบระบายน้ำและถนนซอยพหลโยธิน 52 (โดยสนข. งบประมาณ 140,831,000.- บาท)","add2":null,"add1":null,"objectid":251,"add4":null,"risk_gob_num":0,"add3":null}},{"geometry":{"type":"Point","coordinates":[100.64199999985054,13.908210000330634],"crs":null},"id":252,"type":"Feature","properties":{"กรท":null,"เขต":"- ก่อสร้างบ่อสูบน้ำขนาด 10\u201d จำนวน 2 แห่ง (โดยสนข. งบประมาณโครงการ 4,000,000.- บาท)","สคน":null,"remark":null,"risk_gob_detail":null,"project_name":null,"กรบ":null,"status_detail":"แก้ไขแล้วเสร็จบางส่วน","problem":"น้ำฝน สนข.","สพน":null,"status_num":4,"district":"สายไหม","name":"ซอยพหลโยธิน 54/1 (ซอยวัดเกาะ)","x":100.642,"group_d":"กรุงเทพเหนือ","y":13.90821,"id":252,"detail":"- เน้ำท่วมขังเนื่องจากเป็นบริเวณพื้นที่ลุ่มต่ำและท่อระบายน้ำมีขนาดเล็ก","add2":null,"add1":null,"objectid":252,"add4":null,"risk_gob_num":0,"add3":null}},{"geometry":{"type":"Point","coordinates":[100.59739999975514,13.820430000323832],"crs":null},"id":253,"type":"Feature","properties":{"กรท":null,"เขต":"ปรับปรุงถนนและยกระดับท่อระบายน้ำ โดยสนข. งบประมาณปี 2566 (แล้วเสร็จ)","สคน":null,"remark":null,"risk_gob_detail":null,"project_name":null,"กรบ":null,"status_detail":"แก้ไขแล้วเสร็จ","problem":"น้ำฝน สนข.","สพน":null,"status_num":5,"district":"ลาดพร้าว","name":"ซอยสตรีวิทยา 2 ซอย 29","x":100.5974,"group_d":"กรุงเทพเหนือ","y":13.82043,"id":253,"detail":"- ไม่มีท่อระบายน้ำ แนวทางการแก้ไข - ปรับปรุงถนนและท่อระบายน้ำ (สนข. จะของบปี 66 (งบกลาง) 6,200,000.- บาท)","add2":null,"add1":null,"objectid":253,"add4":null,"risk_gob_num":0,"add3":null}},{"geometry":{"type":"Point","coordinates":[100.68370000015524,13.921440000329575],"crs":null},"id":254,"type":"Feature","properties":{"กรท":null,"เขต":"1.งานก่อสร้างและปรับปรุงแนวป้องกันน้ำท่วมริมแม่น้ำเจ้าพระยาบริเวณร้านอาหารบ้านริมน้ำ #\n2.โครงการก่อสร้างบ่อสูบน้ำถนนเฉลิมพงษ์ ตอนลงคลองหกวา #\n3.ก่อสร้างบ่อสูบน้ำถนนสายไหม ตอนลงคลองลำหม้อแตก (กรท.สนน.) #ก่อสร้าง","สคน":null,"remark":null,"risk_gob_detail":null,"project_name":null,"กรบ":null,"status_detail":"แก้ไขแล้วเสร็จ","problem":"น้ำฝน สนข.","สพน":null,"status_num":5,"district":"สายไหม","name":"ถนนสายไหม (สามแยกตลาดวงศกร)","x":100.6837,"group_d":"กรุงเทพเหนือ","y":13.92144,"id":254,"detail":"- เป็นพื้นที่แอ่งกระทะมีน้ำท่วมขังบริเวณแยก 30-40 ซม. แนวทางแก้ไข - ก่อสร้างบ่อสูบน้ำ จำนวน 10 แห่ง (โดยสนข. งบประมาณโครงการ 12,000,000.- บาท) และปรับปรุงซอยสายไหม 70และติดตั้งบ่อสูบน้ำไฟฟ้า 10\u201d (โดยสนข. งบประมาณโครงการ 27,569,000.- บาท)","add2":null,"add1":null,"objectid":254,"add4":null,"risk_gob_num":0,"add3":null}},{"geometry":{"type":"Point","coordinates":[100.64589999972391,13.93032999978458],"crs":null},"id":255,"type":"Feature","properties":{"กรท":null,"เขต":"- ปรับปรุงท่อระบายน้ำและถนนซอยสายไหม 17(โดยสนข. งบประมาณ 30,000,000.- บาท) และปรับปรุงซอยสายไหม 26 (โดยสนข. งบประมาณโครงการ 16,626,000.- บาท)","สคน":null,"remark":null,"risk_gob_detail":null,"project_name":null,"กรบ":null,"status_detail":"แก้ไขแล้วเสร็จ","problem":"น้ำฝน สนข.","สพน":null,"status_num":5,"district":"สายไหม","name":"ท้ายซอยสายไหม 17","x":100.6459,"group_d":"กรุงเทพเหนือ","y":13.93033,"id":255,"detail":"- มีน้ำท่วมขังเนื่องจากเป็นพื้นที่แอ่งกระทะ และระบบท่อระบายน้ำเก่าไม่สามารถรองรับน้ำฝนที่ตกลงมาได้ แนวทางแก้ไข - ปรับปรุงท่อระบายน้ำและถนนซอยสายไหม 17 (โดยสนข. งบประมาณ 30,000,000.- บาท) และปรับปรุงซอยสายไหม 26 (โดยสนข. งบประมาณโครงการ 16,626,000.- บาท)","add2":null,"add1":null,"objectid":255,"add4":null,"risk_gob_num":0,"add3":null}},{"geometry":{"type":"Point","coordinates":[100.64440000004903,13.92531999963232],"crs":null},"id":256,"type":"Feature","properties":{"กรท":null,"เขต":"-ก่อสร้างบ่อสูบน้ำถนนสายไหม ตอนลงคลองลำหม้อแตก (กรท.สนน.) #ก่อสร้าง -เนื่องจากซอยสายไหม 15 (หมู่บ้านอัมรินทร์3 ผัง 4) เป็นพื้นที่เอกชนจึงไม่สามารถนำงบประมาณดำเนินการแก้ไขได้","สคน":null,"remark":null,"risk_gob_detail":null,"project_name":null,"กรบ":null,"status_detail":"พื้นที่เอกชนหรือหน่วยงานราชการ","problem":"น้ำฝน สนข.","สพน":null,"status_num":2,"district":"สายไหม","name":"ซอยสายไหม 15 (หมู่บ้านอัมรินทร์3 ผัง 4)","x":100.6444,"group_d":"กรุงเทพเหนือ","y":13.92532,"id":256,"detail":"- มีน้ำท่วมขังเนื่องจากเป็นพื้นที่แอ่งกระทะ และระบบท่อระบายน้ำเก่าไม่สามารถรองรับน้ำฝนที่ตกลงมาได้","add2":null,"add1":null,"objectid":256,"add4":null,"risk_gob_num":0,"add3":null}},{"geometry":{"type":"Point","coordinates":[100.64270000035756,13.922000000179008],"crs":null},"id":257,"type":"Feature","properties":{"กรท":null,"เขต":"1.ก่อสร้างบ่อสูบน้ำถนนสายไหม ตอนลงคลองลำหม้อแตก (กรท.สนน.) #ก่อสร้าง","สคน":null,"remark":null,"risk_gob_detail":null,"project_name":null,"กรบ":null,"status_detail":"แก้ไขแล้วเสร็จ","problem":"น้ำฝน สนข.","สพน":null,"status_num":5,"district":"สายไหม","name":"หน้าตลาดเอซี","x":100.6427,"group_d":"กรุงเทพเหนือ","y":13.922,"id":257,"detail":"- มีน้ำท่วมขังเนื่องจากเป็นพื้นที่แอ่งกระทะ และระบบท่อระบายน้ำเก่าไม่สามารถรองรับน้ำฝนที่ตกลงมาได้ แนวทางแก้ไข - ปรับปรุงท่อระบายน้ำและถนนซอยสายไหม 17 (โดยสนข. งบประมาณ 30,000,000.- บาท) และปรับปรุงซอยสายไหม 26 (โดยสนข. งบประมาณโครงการ 16,626,000.- บาท)","add2":null,"add1":null,"objectid":257,"add4":null,"risk_gob_num":0,"add3":null}},{"geometry":{"type":"Point","coordinates":[100.6289999996737,13.929960000342385],"crs":null},"id":258,"type":"Feature","properties":{"กรท":null,"เขต":"1.โครงการปรับปรุงบ่อสูบน้ำซอยแอนเน็กซ์ ตอนลงคลองสอง (กรท.สนน.) #ก่อสร้าง","สคน":null,"remark":null,"risk_gob_detail":null,"project_name":null,"กรบ":null,"status_detail":"อยู่ระหว่างดำเนินการแก้ไข","problem":"น้ำฝน สนข.","สพน":null,"status_num":3,"district":"สายไหม","name":"ซอยพหลโยธิน 54/4","x":100.629,"group_d":"กรุงเทพเหนือ","y":13.92996,"id":258,"detail":"- น้ำท่วมขังเนื่องจากเป็นบริเวณพื้นที่ลุ่มต่ำและท่อระบายน้ำมีขนาดเล็ก","add2":null,"add1":null,"objectid":258,"add4":null,"risk_gob_num":0,"add3":null}},{"geometry":{"type":"Point","coordinates":[100.63769999994403,13.929760000279359],"crs":null},"id":259,"type":"Feature","properties":{"กรท":null,"เขต":"1.โครงการปรับปรุงบ่อสูบน้ำซอยแอนเน็กซ์ ตอนลงคลองสอง (กรท.สนน.) #ก่อสร้าง 2.ก่อสร้างบ่อระบายน้ำ Flap Gate (กรท.สนน.) แล้วเสร็จ","สคน":null,"remark":null,"risk_gob_detail":null,"project_name":null,"กรบ":null,"status_detail":"แก้ไขแล้วเสร็จ","problem":"น้ำฝน สนข.","สพน":null,"status_num":5,"district":"สายไหม","name":"ซอยพหลโยธิน 54/1 แยก 3","x":100.6377,"group_d":"กรุงเทพเหนือ","y":13.92976,"id":259,"detail":"- น้ำท่วมขังเนื่องจากเป็นบริเวณพื้นที่ลุ่มต่ำและท่อระบายน้ำมีขนาดเล็ก","add2":null,"add1":null,"objectid":259,"add4":null,"risk_gob_num":0,"add3":null}},{"geometry":{"type":"Point","coordinates":[100.62939999970675,13.934370000228887],"crs":null},"id":260,"type":"Feature","properties":{"กรท":null,"เขต":"-ติดตั้งเครื่องสูบน้ำ ขนาด Ø 8\u201d จำนวน 1 เครื่อง \n  บริเวณท้ายซอยพหลโยธิน 56 \n -ดึงน้ำจากซอยกม.25-26ซอยค้ำคูณและซอยกู้เกียรติ 1-4 \n -ระบายลงสู่คลองสอง","สคน":null,"remark":null,"risk_gob_detail":null,"project_name":null,"กรบ":null,"status_detail":"อยู่ระหว่างดำเนินการแก้ไข","problem":"น้ำฝน สนข.","สพน":null,"status_num":3,"district":"สายไหม","name":"ซอยพหลโยธิน 56","x":100.6294,"group_d":"กรุงเทพเหนือ","y":13.93437,"id":260,"detail":"- เป็นหมู่บ้านเก่า สภาพพื้นที่ลุ่มต่ำ ท่อระบายน้ำเดิมมี\n  ขนาดเล็ก ช่วงเวลาฝนตก น้ำในพื้นที่ระบายน้ำไม่ทัน\n  มีทางระบายน้ำออกสู่คลองสองทางเดียว ใช้เวลาในการ\n  ระบายน้ำ 1 \u2013 2 ชม.","add2":null,"add1":null,"objectid":260,"add4":null,"risk_gob_num":0,"add3":null}},{"geometry":{"type":"Point","coordinates":[100.67049999996183,13.912570000086443],"crs":null},"id":261,"type":"Feature","properties":{"กรท":null,"เขต":"-ติดตั้งเครื่องสูบน้ำไฟฟ้าแบบจุ่ม ขนาด Ø 2\u201d \n  จำนวน ๑ เครื่อง\n  บริเวณซอยสุขาภิบาล 5 ซอย 65 (ในชุมชนหนองใหญ่)\n -ดึงน้ำจากชุมชนฯ ระบายลงที่ว่างหลังชุมชน","สคน":null,"remark":null,"risk_gob_detail":null,"project_name":null,"กรบ":null,"status_detail":"พื้นที่เอกชนหรือหน่วยงานราชการ","problem":"น้ำฝน สนข.","สพน":null,"status_num":2,"district":"สายไหม","name":"ซอยสุขาภิบาล 5 ซอย 65 (ชุมชนหนองใหญ่)","x":100.6705,"group_d":"กรุงเทพเหนือ","y":13.91257,"id":261,"detail":"- น้ำท่วมขังเนื่องจากเป็นบริเวณพื้นที่ลุ่มต่ำและท่อระบายน้ำมีขนาดเล็กโดยรอบมีที่ว่างรอบชุมชนเป็นที่การเคหะแห่งชาติไม่มีท่อระบายน้ำ","add2":null,"add1":null,"objectid":261,"add4":null,"risk_gob_num":0,"add3":null}},{"geometry":{"type":"Point","coordinates":[100.64199999985054,13.892520000037292],"crs":null},"id":262,"type":"Feature","properties":{"กรท":null,"เขต":"- ปรับปรุงถนนวัชรพลและติดตั้งบ่อพักพร้อมประตูระบายน้ำ (โดยสนย.และสนน. พิจารณาโครงการแก้ปัญหา)","สคน":null,"remark":null,"risk_gob_detail":null,"project_name":null,"กรบ":null,"status_detail":"แก้ไขแล้วเสร็จบางส่วน","problem":"น้ำฝน สนข.","สพน":null,"status_num":4,"district":"สายไหม","name":"ซอยวัชรพล 8","x":100.642,"group_d":"กรุงเทพเหนือ","y":13.89252,"id":262,"detail":"- มีน้ำท่วมขัง 40-50 ซม. เนื่องจากพื้นที่มีระดับต่ำและท่อระบายน้ำมีขนาดเล็ก","add2":null,"add1":null,"objectid":262,"add4":null,"risk_gob_num":0,"add3":null}},{"geometry":{"type":"Point","coordinates":[100.64159999981744,13.8937800002757],"crs":null},"id":263,"type":"Feature","properties":{"กรท":null,"เขต":"- ปรับปรุงถนนวัชรพลและติดตั้งบ่อพักพร้อมประตูระบายน้ำ (โดยสนย.และสนน. พิจารณาโครงการแก้ปัญหา)","สคน":null,"remark":null,"risk_gob_detail":null,"project_name":null,"กรบ":null,"status_detail":"แก้ไขแล้วเสร็จบางส่วน","problem":"น้ำฝน สนข.","สพน":null,"status_num":4,"district":"สายไหม","name":"ซอยวัชรพล 10","x":100.6416,"group_d":"กรุงเทพเหนือ","y":13.89378,"id":263,"detail":"- มีน้ำท่วมขัง 40-50 ซม. เนื่องจากพื้นที่มีระดับต่ำและท่อระบายน้ำมีขนาดเล็ก","add2":null,"add1":null,"objectid":263,"add4":null,"risk_gob_num":0,"add3":null}},{"geometry":{"type":"Point","coordinates":[100.63850000001023,13.895390000198317],"crs":null},"id":264,"type":"Feature","properties":{"กรท":null,"เขต":"- ปรับปรุงถนนวัชรพลและติดตั้งบ่อพักพร้อมประตูระบายน้ำ (โดยสนย.และสนน. พิจารณาโครงการแก้ปัญหา)","สคน":null,"remark":null,"risk_gob_detail":null,"project_name":null,"กรบ":null,"status_detail":"แก้ไขแล้วเสร็จบางส่วน","problem":"น้ำฝน สนข.","สพน":null,"status_num":4,"district":"สายไหม","name":"ซอยวัชรพล 12","x":100.6385,"group_d":"กรุงเทพเหนือ","y":13.89539,"id":264,"detail":"- มีน้ำท่วมขัง 40-50 ซม. เนื่องจากพื้นที่มีระดับต่ำและท่อระบายน้ำมีขนาดเล็ก","add2":null,"add1":null,"objectid":264,"add4":null,"risk_gob_num":0,"add3":null}},{"geometry":{"type":"Point","coordinates":[100.55579999990785,13.87271999975401],"crs":null},"id":265,"type":"Feature","properties":{"กรท":null,"เขต":"ปรับปรุงผิวจราจรซอยประชาชื่น 12 แยก 1-2 และ ลอกท่อระบายน้ำ","สคน":null,"remark":null,"risk_gob_detail":null,"project_name":null,"กรบ":null,"status_detail":"แก้ไขแล้วเสร็จ","problem":"น้ำฝน สนข.","สพน":null,"status_num":5,"district":"หลักสี่","name":"หมู่บ้านท่าทราย ซอยประชาชื่น 12","x":100.5558,"group_d":"กรุงเทพเหนือ","y":13.87272,"id":265,"detail":"- มีน้ำท่วมขัง 10-15 ซม. และมีน้ำไหลย้อนเข้าสู่ระบบท่อ แนวทางแก้ไข - ก่อสร้างบ่อสูบน้ำพร้อมติดตั้งเครื่องสูบน้ำไฟฟ้า 3 จุด(โดยสนน.) - ติดตั้ง Flap gate ป้องกันน้ำย้อนจากลำรางบางตลาด (โดย สนน.) - ก่อสร้างบ่อสูบน้ำ Bypass ขนาด Æ 1.5 ม. ก่อนเข้าระบบบำบัดน้ำเสีย เร่งช่วยรระบาย (โดย สนน.)","add2":null,"add1":null,"objectid":265,"add4":null,"risk_gob_num":0,"add3":null}},{"geometry":{"type":"Point","coordinates":[100.55330000015023,13.876630000301196],"crs":null},"id":266,"type":"Feature","properties":{"กรท":null,"เขต":"เสริมแนวกระสอบทรายสันเขื่อนคลองบางตลาด 2","สคน":null,"remark":null,"risk_gob_detail":null,"project_name":null,"กรบ":null,"status_detail":"แก้ไขแล้วเสร็จ","problem":"น้ำฝน สนข.","สพน":null,"status_num":5,"district":"หลักสี่","name":"หมู่บ้านการไฟฟ้า ซอยประชาชื่น 14","x":100.5533,"group_d":"กรุงเทพเหนือ","y":13.87663,"id":266,"detail":"- มีน้ำท่วมขัง 10-15 ซม. และมีน้ำไหลย้อนเข้าสู่ระบบท่อ แนวทางแก้ไข - ก่อสร้างบ่อสูบน้ำพร้อมติดตั้งเครื่องสูบน้ำไฟฟ้า 3 จุด(โดยสนน.) - ติดตั้ง Flap gate ป้องกันน้ำย้อนจากลำรางบางตลาด (โดย สนน.) - ก่อสร้างบ่อสูบน้ำ Bypass ขนาด Æ 1.5 ม. ก่อนเข้าระบบบำบัดน้ำเสีย เร่งช่วยรระบาย (โดย สนน.)","add2":null,"add1":null,"objectid":266,"add4":null,"risk_gob_num":0,"add3":null}},{"geometry":{"type":"Point","coordinates":[100.66519999997267,13.884429999835858],"crs":null},"id":267,"type":"Feature","properties":{"กรท":null,"เขต":"1.ก่อสร้างบ่อสูบน้ำถนนสุขาภิบาล 5 ตอนลงคลองบัว (กรท.สนน.) #ได้รับงบปี 69","สคน":null,"remark":null,"risk_gob_detail":null,"project_name":null,"กรบ":null,"status_detail":"แก้ไขแล้วเสร็จบางส่วน","problem":"น้ำฝน สนข.","สพน":null,"status_num":4,"district":"สายไหม","name":"ซอยสุขาภิบาล 5 ซอย 32 แยก 7 (ชุมชนพรพระร่วง)","x":100.6652,"group_d":"กรุงเทพเหนือ","y":13.88443,"id":267,"detail":"เป็นพื้นที่เอกชน สภาพเป็นพื้นที่นาเก่า มีระดับต่ำ \n  น้ำในพื้นที่ระบายน้ำไม่ทัน มีทางระบายน้ำออกสู่ \n  ซอยสุขาภิบาล 5 ซอย 32 \n","add2":null,"add1":null,"objectid":267,"add4":null,"risk_gob_num":0,"add3":null}},{"geometry":{"type":"Point","coordinates":[100.55590000036528,13.869849999743476],"crs":null},"id":268,"type":"Feature","properties":{"กรท":null,"เขต":"ปรับปรุงซอยงามวงศ์วาน47แยก42,44,46และ 48 5","สคน":null,"remark":null,"risk_gob_detail":null,"project_name":null,"กรบ":null,"status_detail":"แก้ไขแล้วเสร็จ","problem":"น้ำฝน สนข.","สพน":null,"status_num":5,"district":"หลักสี่","name":"ซอยงามวงศ์วาน 47 แยกภาสยา","x":100.5559,"group_d":"กรุงเทพเหนือ","y":13.86985,"id":268,"detail":"- มีมีน้ำท่วมขัง 15-40 ซม. เนื่องจากเป็นพื้นที่ลุ่มต่ำ แนวทางแก้ไข - ยกผิวจราจรบริเวณต่ำกว่าถนนหลัก(ได้รับงบฯแล้วโดยสนข.) -ปรับปรุงท่อระบายน้ำให้มีขนาด Æ 1.5 ม.ทั้งสองฝั่ง ของซอยชินเขต 1 และก่อสร้างบ่อสูบพร้อมเครื่องสูบน้ำ บริเวณปลายซอยด้านทิศเหนือ (โดย สนน.) - โครงการก่อสร้างเขื่อน ค.ส.ล. คลองบางเขน ช่วงที่ 1 จากคลองบางบัวถึงคลองประปา (สนน. จะของบปี 67 วงเงินค่าก่อสร้าง 770,000,000.- บาท ระยะเวลา 620 วัน - โครงการก่อสร้างเขื่อน ค.ส.ล. คลองบางตลาด จากคลองประปาถึง คลองเปรมประชากร (สนน. จะของบปี 68 วงเงินค่าก่อสร้าง 220,000,000.- บาท ระยะเวลา 540 วัน","add2":null,"add1":null,"objectid":268,"add4":null,"risk_gob_num":0,"add3":null}},{"geometry":{"type":"Point","coordinates":[100.55650000041487,13.860270000431616],"crs":null},"id":269,"type":"Feature","properties":{"กรท":null,"เขต":"อยู่ระหว่างก่อสร้างบ่อสูบน้ำไฟฟ้าประจำปีงบประมาณ พ.ศ. 2569","สคน":null,"remark":null,"risk_gob_detail":null,"project_name":null,"กรบ":null,"status_detail":"แก้ไขแล้วเสร็จบางส่วน","problem":"น้ำฝน สนข.","สพน":null,"status_num":4,"district":"หลักสี่","name":"ซอยงามวงศ์วาน 47 แยกตลาดชินมณี","x":100.5565,"group_d":"กรุงเทพเหนือ","y":13.86027,"id":269,"detail":"เนื่องจากเป็นพื้นที่ลุ่มต่ำ ","add2":null,"add1":null,"objectid":269,"add4":null,"risk_gob_num":0,"add3":null}},{"geometry":{"type":"Point","coordinates":[100.55820000010634,13.869970000333472],"crs":null},"id":270,"type":"Feature","properties":{"กรท":null,"เขต":"ปรับปรุงซอยงามวงศ์วาน47แยก42,44,46และ 48 5","สคน":null,"remark":null,"risk_gob_detail":null,"project_name":null,"กรบ":null,"status_detail":"แก้ไขแล้วเสร็จ","problem":"น้ำฝน สนข.","สพน":null,"status_num":5,"district":"หลักสี่","name":"ซอยงามวงศ์วาน 47 แยก 42 (หน้าแฟมิล)","x":100.5582,"group_d":"กรุงเทพเหนือ","y":13.86997,"id":270,"detail":"- มีมีน้ำท่วมขัง 15-40 ซม. เนื่องจากเป็นพื้นที่ลุ่มต่ำ แนวทางแก้ไข - ยกผิวจราจรบริเวณต่ำกว่าถนนหลัก(ได้รับงบฯแล้วโดยสนข.) -ปรับปรุงท่อระบายน้ำให้มีขนาด Æ 1.5 ม.ทั้งสองฝั่ง ของซอยชินเขต 1 และก่อสร้างบ่อสูบพร้อมเครื่องสูบน้ำ บริเวณปลายซอยด้านทิศเหนือ (โดย สนน.) - โครงการก่อสร้างเขื่อน ค.ส.ล. คลองบางเขน ช่วงที่ 1 จากคลองบางบัวถึงคลองประปา (สนน. จะของบปี 67 วงเงินค่าก่อสร้าง 770,000,000.- บาท ระยะเวลา 620 วัน - โครงการก่อสร้างเขื่อน ค.ส.ล. คลองบางตลาด จากคลองประปาถึง คลองเปรมประชากร (สนน. จะของบปี 68 วงเงินค่าก่อสร้าง 220,000,000.- บาท ระยะเวลา 540 วัน","add2":null,"add1":null,"objectid":270,"add4":null,"risk_gob_num":0,"add3":null}},{"geometry":{"type":"Point","coordinates":[100.57539999973226,13.898180000041263],"crs":null},"id":271,"type":"Feature","properties":{"กรท":null,"เขต":"ลอกท่อ 5, ติดตั้งเครื่องสูบน้ำ 5 เชื่อมท่อกับซอยเมนเพื่อช่วยระบายน้ำ","สคน":null,"remark":null,"risk_gob_detail":null,"project_name":null,"กรบ":null,"status_detail":"แก้ไขแล้วเสร็จ","problem":"น้ำฝน สนข.","สพน":null,"status_num":5,"district":"หลักสี่","name":"ซอยธนาลักษณ์","x":100.5754,"group_d":"กรุงเทพเหนือ","y":13.89818,"id":271,"detail":"- น้ำท่วมขังสูงประมาณ 30-40 ซม. - น้ำรอการระบายจากล้ารางมีสุขลงสู่คลองเปรมประชากร แนวทางแก้ไข - สร้าง FLAP GATE ปลายท่อระบายน้า เพื่อ ป้องกันน้าย้อนสู่ระบบท่อ - สร้างท่อระบายน้าตามแนวถนนแจ้งวัฒนะ 10 แยก 9-1 เพิ่มอีก 1 ฝั่ง ขนาด Ø 0.80 ม. พร้อมยกผิวจราจร และเสริมขอบบ่อพัก สูง 0.30 ม.","add2":null,"add1":null,"objectid":271,"add4":null,"risk_gob_num":0,"add3":null}},{"geometry":{"type":"Point","coordinates":[100.57470000012351,13.896820000288052],"crs":null},"id":272,"type":"Feature","properties":{"กรท":null,"เขต":"ลอกท่อ 5, ติดตั้งเครื่องสูบน้ำ 5 -ขุดลอกลำรางมีสุข","สคน":null,"remark":null,"risk_gob_detail":null,"project_name":null,"กรบ":null,"status_detail":"แก้ไขแล้วเสร็จ","problem":"น้ำฝน สนข.","สพน":null,"status_num":5,"district":"หลักสี่","name":"ชุมชนมีสุข","x":100.5747,"group_d":"กรุงเทพเหนือ","y":13.89682,"id":272,"detail":"- น้ำท่วมขังสูงประมาณ 30-40 ซม. - น้ำรอการระบายจากล้ารางมีสุขลงสู่คลองเปรมประชากร แนวทางแก้ไข - สร้าง FLAP GATE ปลายท่อระบายน้า เพื่อ ป้องกันน้าย้อนสู่ระบบท่อ - สร้างท่อระบายน้าตามแนวถนนแจ้งวัฒนะ 10 แยก 9-1 เพิ่มอีก 1 ฝั่ง ขนาด Ø 0.80 ม. พร้อมยกผิวจราจร และเสริมขอบบ่อพัก สูง 0.30 ม.","add2":null,"add1":null,"objectid":272,"add4":null,"risk_gob_num":0,"add3":null}},{"geometry":{"type":"Point","coordinates":[100.57819999996383,13.893729999649393],"crs":null},"id":273,"type":"Feature","properties":{"กรท":null,"เขต":"ลอกท่อ 5, ติดตั้งเครื่องสูบน้ำ 5 -ขุดลอกลำรางมีสุข","สคน":null,"remark":null,"risk_gob_detail":null,"project_name":null,"กรบ":null,"status_detail":"แก้ไขแล้วเสร็จ","problem":"น้ำฝน สนข.","สพน":null,"status_num":5,"district":"หลักสี่","name":"หมู่บ้านสุขนิรันดร์","x":100.5782,"group_d":"กรุงเทพเหนือ","y":13.89373,"id":273,"detail":"- น้ำท่วมขังสูงประมาณ 30-40 ซม. - น้ำรอการระบายจากล้ารางมีสุขลงสู่คลองเปรมประชากร แนวทางแก้ไข - สร้าง FLAP GATE ปลายท่อระบายน้า เพื่อ ป้องกันน้าย้อนสู่ระบบท่อ - สร้างท่อระบายน้าตามแนวถนนแจ้งวัฒนะ 10 แยก 9-1 เพิ่มอีก 1 ฝั่ง ขนาด Ø 0.80 ม. พร้อมยกผิวจราจร และเสริมขอบบ่อพัก สูง 0.30 ม.","add2":null,"add1":null,"objectid":273,"add4":null,"risk_gob_num":0,"add3":null}},{"geometry":{"type":"Point","coordinates":[100.56279999958848,13.903559999969167],"crs":null},"id":274,"type":"Feature","properties":{"กรท":null,"เขต":"โครงการปรับปรุงแก้มลิงบึงสีกัน สำนักการระบายน้ำ -สำนักงานเขตหลักสี่ขุดลอกลำรางสาธารณะเมืองทอง","สคน":null,"remark":null,"risk_gob_detail":null,"project_name":null,"กรบ":null,"status_detail":"แก้ไขแล้วเสร็จ","problem":"น้ำฝน สนข.","สพน":null,"status_num":5,"district":"หลักสี่","name":"ซอยแจ้งวัฒนะ 14 (บริเวณรอบบึงสีกันหมู่บ้านเมืองทองนิเวศน์)","x":100.5628,"group_d":"กรุงเทพเหนือ","y":13.90356,"id":274,"detail":"- มีน้ำท่วมขัง 30-40 ซม. เนื่องจากเป็นพื้นที่ลุ่มต่ำ แนวทางแก้ไข - ติดตั้ง Flap Gate กันน้ำไหลย้อนเข้าสู่ระบบบระบายน้ำ และก่อสร้างท่อระบายน้ำตามแนวถนนแจ้งวัฒนะ 10 แยก 9-1 เพิ่มอีก 1 ฝั่ง ขนาด Æ 0.80 เมตร พร้อมยกผิวจราจร (โดยสนข.)","add2":null,"add1":null,"objectid":274,"add4":null,"risk_gob_num":0,"add3":null}},{"geometry":{"type":"Point","coordinates":[100.57980000009614,13.843910000074482],"crs":null},"id":275,"type":"Feature","properties":{"กรท":null,"เขต":"งานปรับปรุงซอยพหลโยธิน 40 **แล้วเสร็จ**","สคน":null,"remark":"งบ 67","risk_gob_detail":null,"project_name":null,"กรบ":null,"status_detail":"แก้ไขแล้วเสร็จ","problem":"น้ำฝน สนข.","สพน":null,"status_num":5,"district":"จตุจักร","name":"ซอยพหลโยธิน 40","x":100.5798,"group_d":"กรุงเทพเหนือ","y":13.84391,"id":275,"detail":"- น้ำท่วมขังประมาณ 15 ซม. แนวทางแก้ไข - ปรับปรุงท่อระบายนํ้า พร้อมทัํงยกระดับผิวจราจร เป็น box culvert ขนาด1.50 x 1.50 เมตร (ช่วงต้นซอย) และ box culvert ขนาด 1.20 x 1.20 เมตร (ช่วงกลางซอย) ยาวประมาณ 1,000 เมตร","add2":null,"add1":null,"objectid":275,"add4":null,"risk_gob_num":0,"add3":null}},{"geometry":{"type":"Point","coordinates":[100.58029999968836,13.895350000324962],"crs":null},"id":276,"type":"Feature","properties":{"กรท":null,"เขต":"ลอกท่อ 5, ติดตั้งเครื่องสูบน้ำ 5 -ขุดลอกลำรางมีสุข","สคน":null,"remark":null,"risk_gob_detail":null,"project_name":null,"กรบ":null,"status_detail":"แก้ไขแล้วเสร็จ","problem":"น้ำฝน สนข.","สพน":null,"status_num":5,"district":"หลักสี่","name":"หมู่บ้านหลักสี่วิลล่า","x":100.5803,"group_d":"กรุงเทพเหนือ","y":13.89535,"id":276,"detail":"- น้ำท่วมขังสูงประมาณ 30-40 ซม. - น้ำรอการระบายจากล้ารางมีสุขลงสู่คลองเปรมประชากร แนวทางแก้ไข - สร้าง FLAP GATE ปลายท่อระบายน้า เพื่อ ป้องกันน้าย้อนสู่ระบบท่อ - สร้างท่อระบายน้าตามแนวถนนแจ้งวัฒนะ 10 แยก 9-1 เพิ่มอีก 1 ฝั่ง ขนาด Ø 0.80 ม. พร้อมยกผิวจราจร และเสริมขอบบ่อพัก สูง 0.30 ม.","add2":null,"add1":null,"objectid":276,"add4":null,"risk_gob_num":0,"add3":null}},{"geometry":{"type":"Point","coordinates":[100.62640000035695,13.842339999990632],"crs":null},"id":277,"type":"Feature","properties":{"กรท":null,"เขต":"สำนักงานเขตลาดพร้าว ติดตั้งเครื่องสูบน้ำ ขนาด 10 นิ้ว จำนวน 2 เครื่อง ระบายน้ำลงสู่คลองโคกคราม การแก้ไขระยะยาว หมู่บ้านทองสถิตย์ต้องยกโอนให้เป็นสาธารณะ เพื่อขอจัดสรรงบประมาณในการแก้ไขปัญหาต่อไป ","สคน":null,"remark":null,"risk_gob_detail":null,"project_name":null,"กรบ":null,"status_detail":"พื้นที่เอกชนหรือหน่วยงานราชการ","problem":"น้ำฝน สนข.","สพน":null,"status_num":2,"district":"ลาดพร้าว","name":"หมู่บ้านทองสถิตย์","x":100.6264,"group_d":"กรุงเทพเหนือ","y":13.84234,"id":277,"detail":"(พื้นที่เอกชน) เนื่องจากถนนมีสภาพลุ่มต่ำ","add2":null,"add1":null,"objectid":277,"add4":null,"risk_gob_num":0,"add3":null}},{"geometry":{"type":"Point","coordinates":[100.68410000018834,13.891049999817595],"crs":null},"id":278,"type":"Feature","properties":{"กรท":null,"เขต":"ปรับปรุงท่อระบายน้ำและถนนซอยจตุโชติ 20 (โดยสนข. งบประมาณโครงการ 10,003,000.- บาท)","สคน":null,"remark":null,"risk_gob_detail":null,"project_name":null,"กรบ":null,"status_detail":"อยู่ระหว่างดำเนินการแก้ไข","problem":"น้ำฝน สนข.","สพน":null,"status_num":3,"district":"สายไหม","name":"ซอยจตุโชติ 20 (ชุมชนวัชรพล 3)","x":100.6841,"group_d":"กรุงเทพเหนือ","y":13.89105,"id":278,"detail":"- สภาพเป็นพื้นที่นาเก่า มีระดับต่ำพื้นที่ระบายน้ำไม่ทัน\n","add2":null,"add1":null,"objectid":278,"add4":null,"risk_gob_num":0,"add3":null}},{"geometry":{"type":"Point","coordinates":[100.61050000038941,13.812830000148303],"crs":null},"id":279,"type":"Feature","properties":{"กรท":null,"เขต":null,"สคน":null,"remark":"สนน.กรท. งบ 68","risk_gob_detail":null,"project_name":null,"กรบ":null,"status_detail":"แก้ไขแล้วเสร็จบางส่วน","problem":"น้ำฝน สนข.","สพน":null,"status_num":4,"district":"ลาดพร้าว","name":"ถนนนาคนิวาส ช่วงซอยนาคนิวาส 36-42","x":100.6105,"group_d":"กรุงเทพเหนือ","y":13.81283,"id":279,"detail":null,"add2":null,"add1":null,"objectid":279,"add4":null,"risk_gob_num":0,"add3":null}},{"geometry":{"type":"Point","coordinates":[100.62380000014194,13.833629999932159],"crs":null},"id":280,"type":"Feature","properties":{"กรท":null,"เขต":null,"สคน":null,"remark":null,"risk_gob_detail":null,"project_name":null,"กรบ":null,"status_detail":"แก้ไขแล้วเสร็จบางส่วน","problem":"น้ำฝน สนข.","สพน":null,"status_num":4,"district":"ลาดพร้าว","name":"ถนนสุคนธสวัสดิ์ 19 ถึงคลองขี้เสือใหญ่","x":100.6238,"group_d":"กรุงเทพเหนือ","y":13.83363,"id":280,"detail":null,"add2":null,"add1":null,"objectid":280,"add4":null,"risk_gob_num":0,"add3":null}},{"geometry":{"type":"Point","coordinates":[100.64409999957506,13.828249999577553],"crs":null},"id":281,"type":"Feature","properties":{"กรท":null,"เขต":"ปัจจุบันได้รับงบประมาณปรับปรุงถนนพร้อมขยายท่อระบายน้ำ งบประมาณประจำปี2569  และติดตั้งเครื่องสูบน้ำ 8 นิ้ว สูบน้ำภายในหมุ่บ้านรัชนีระบายน้ำ ลงสู่คลองบางขวด","สคน":null,"remark":"ได้งบล้างท่อปี 68","risk_gob_detail":null,"project_name":null,"กรบ":null,"status_detail":"อยู่ระหว่างดำเนินการแก้ไข","problem":"น้ำฝน สนข.","สพน":null,"status_num":3,"district":"บึงกุ่ม","name":"ซอยนวลจันทร์ 36","x":100.6441,"group_d":"กรุงเทพตะวันออก","y":13.82825,"id":281,"detail":"ผิวจราจรเดิมบางช่วงเป็น ค.ส.ล. บางช่วงเป็นแอสฟัลต์คอนกรีต ชำรุด ท่อระบายน้ำเดิมมีขนาดเล็ก และบางช่วงแตกหักเสียหายไม่สามารถใช้ระบายน้ำได้ สร้างความเดือดร้อนให้กับประชาชนผู้พักอาศัยและสัญจร","add2":null,"add1":null,"objectid":281,"add4":null,"risk_gob_num":0,"add3":null}},{"geometry":{"type":"Point","coordinates":[100.63660000030225,13.843239999602078],"crs":null},"id":282,"type":"Feature","properties":{"กรท":null,"เขต":"▶ การแก้ไขปัญหาเร่งด่วน \nสำนักงานเขตบึงกุ่มติดตั้งเครื่องสูบน้ำชนิดลากจูง เส้นผ่านศูนย์กลางขนาด 8 นิ้ว สูบน้ำภายในหมู่บ้านระบายน้ำ ลงสู่คลองตาเร่ง และเจ้าหน้าที่ภาคสนามเฝ้าระวังรองรับสถานการณ์น้ำท่วมขัง 24 ชม. เพื่อบรรเทาความเดือดร้อนแก่ประชาชนที่อาศัยอยู่บริเวณดังกล่าว","สคน":null,"remark":null,"risk_gob_detail":null,"project_name":null,"กรบ":null,"status_detail":"แก้ไขแล้วเสร็จ","problem":"น้ำฝน สนข.","สพน":null,"status_num":5,"district":"บึงกุ่ม","name":"หมู่บ้านมณียา ถนนประดิษฐ์มนูธรรม","x":100.6366,"group_d":"กรุงเทพตะวันออก","y":13.84324,"id":282,"detail":null,"add2":null,"add1":null,"objectid":282,"add4":null,"risk_gob_num":0,"add3":null}},{"geometry":{"type":"Point","coordinates":[100.66159999967493,13.799029999628804],"crs":null},"id":283,"type":"Feature","properties":{"กรท":null,"เขต":"▶ การแก้ไขปัญหาเร่งด่วน\n\u2022 สำนักงานเขตบึงกุ่มติดตั้งเครื่องสูบน้ำ จำนวน 2 เครื่อง ดังนี้ \n1 . เครื่องสูบน้ำขนาดเส้นผ่านศูนย์กลางขนาด 8 นิ้ว สูบน้ำภายในท่อ ฯ ระบายน้ำลงสู่คลองบางเตย \n2. เครื่องสูบน้ำขนาดเส้นผ่านศูนย์กลางขนาด 8 นิ้ว สูบน้ำภายในท่อ ฯ ซอยนวมินทร์ 42 ระบายน้ำลงสู่\nลำรางนาป่า \n▶ การแก้ไขปัญหาระยะสั้น\n\u2022 สำนักงานเขตบึงกุ่ม ดำเนินการจ้างเหมากรมราชทัณฑ์ดำเนินการล้างทำความสะอาดท่อระบายน้ำ\n(ส่วนที่เป็นสาธารณะประโยชน์) ลดปัญหาท่อระบายน้ำอุดตัน เพิ่มประสิทธิภาพในการระบายน้ำบริเวณดังกล่าว\n▶ การแก้ไขปัญหาอย่างยั่งยืน\n\u2022 สำนักงานเขตบึงกุ่ม สำรวจและดำเนินการของบประมาณในการสร้างท่อระบายน้ำขนาดเส้นผ่านศูนย์กลาง 0.80 ม. และบ่อพักท่อระบายน้ำ พร้อมผิวจราจร ขยายขนาดท่อระบายน้ำให้มีขนาดใหญ่ขึ้น และยกระดับผิวจราจรให้สูงขึ้นประมาณ 20 ซม. เพื่อแก้ไขปัญหาน้ำท่วมขังซอยดังกล่าว\n\u2022 โครงการปรับปรุงเขื่อน ค.ส.ล. แก้มลิงสวนน้ำเสรีไทย บริเวณหน้าสำนักงานเขตบึงกุ่ม ส่วนต่อขยาย","สคน":null,"remark":null,"risk_gob_detail":null,"project_name":null,"กรบ":null,"status_detail":"แก้ไขแล้วเสร็จ","problem":"น้ำฝน สนข.","สพน":null,"status_num":5,"district":"บึงกุ่ม","name":"หมู่บ้านสุวรรณนิเวศน์ ซอยนวมินทร์ 42","x":100.6616,"group_d":"กรุงเทพตะวันออก","y":13.79903,"id":283,"detail":null,"add2":null,"add1":null,"objectid":283,"add4":null,"risk_gob_num":0,"add3":null}},{"geometry":{"type":"Point","coordinates":[100.66439999990652,13.778990000171632],"crs":null},"id":284,"type":"Feature","properties":{"กรท":null,"เขต":"ปัจจุบันได้รับงบประมาณปรับปรุงถนนพร้อมขยายท่อระบายน้ำ งบประมาณประจำปี2569  และติดตั้งเครื่องสูบน้ำ 6, 8 นิ้ว สูบน้ำภายในท่ระบายน้ำลงสู่ถนนเสรีไทย","สคน":null,"remark":null,"risk_gob_detail":null,"project_name":null,"กรบ":null,"status_detail":"อยู่ระหว่างดำเนินการแก้ไข","problem":"น้ำฝน สนข.","สพน":null,"status_num":3,"district":"บึงกุ่ม","name":"หมู่บ้านทวีสุข ซอยเสรีไทย 29","x":100.6644,"group_d":"กรุงเทพตะวันออก","y":13.77899,"id":284,"detail":"ผิวจราจรเดิมเป็น ค.ส.ล. ชำรุด ช่วงฝนตกมีน้ำท่วมขัง เนื่องจากท่อระบายน้ำเดิมมีขนาดเล็ก และบางช่วงแตกหักเสียหายไม่สามารถใช้ระบายน้ำได้ สร้างความเดือดร้อนห้กับประชาชน    \nผู้พักอาศัยและสัญจร","add2":null,"add1":null,"objectid":284,"add4":null,"risk_gob_num":0,"add3":null}},{"geometry":{"type":"Point","coordinates":[100.68370000015524,13.818000000145451],"crs":null},"id":285,"type":"Feature","properties":{"กรท":null,"เขต":"ติดตั้งเครื่องสูบน้ำถาวร","สคน":null,"remark":"หมู่บ้านแสงอรุณ","risk_gob_detail":null,"project_name":null,"กรบ":null,"status_detail":"พื้นที่เอกชนหรือหน่วยงานราชการ","problem":"น้ำฝน สนข.","สพน":null,"status_num":2,"district":"คันนายาว","name":"ซอยรามอินทรา 68 (หมู่บ้านแสงอรุณ)","x":100.6837,"group_d":"กรุงเทพตะวันออก","y":13.818,"id":285,"detail":"เป็นหมู่บ้านเอกชน ท่อระบายน้ำมีขนาดเล็ก เกิดน้ำท่วมขังในกรณีฝนตกหนัก","add2":null,"add1":null,"objectid":285,"add4":null,"risk_gob_num":0,"add3":null}},{"geometry":{"type":"Point","coordinates":[100.67399999980215,13.841760000255949],"crs":null},"id":286,"type":"Feature","properties":{"กรท":null,"เขต":"ติดตั้งเครื่องสูบน้ำถาวร","สคน":null,"remark":"หมู่บ้านเพชรอนันต์","risk_gob_detail":null,"project_name":null,"กรบ":null,"status_detail":"พื้นที่เอกชนหรือหน่วยงานราชการ","problem":"น้ำฝน สนข.","สพน":null,"status_num":2,"district":"คันนายาว","name":"ซอยกาญจนาภิเษก 7/1 (หมู่บ้านเพชรอนันต์)","x":100.674,"group_d":"กรุงเทพตะวันออก","y":13.84176,"id":286,"detail":"เป็นหมู่บ้านเอกชน ท่อระบายน้ำมีขนาดเล็ก เกิดน้ำท่วมขังในกรณีฝนตกหนัก","add2":null,"add1":null,"objectid":286,"add4":null,"risk_gob_num":0,"add3":null}},{"geometry":{"type":"Point","coordinates":[100.66969999989568,13.819710000296928],"crs":null},"id":287,"type":"Feature","properties":{"กรท":null,"เขต":"ติดตั้งเครื่องสูบน้ำถาวร","สคน":null,"remark":"วัดราษฎร์ศรัทธาธรรม","risk_gob_detail":null,"project_name":null,"กรบ":null,"status_detail":"พื้นที่เอกชนหรือหน่วยงานราชการ","problem":"น้ำฝน สนข.","สพน":null,"status_num":2,"district":"คันนายาว","name":"วัดราษฎร์ศรัทธาธรรม","x":100.6697,"group_d":"กรุงเทพตะวันออก","y":13.81971,"id":287,"detail":"เป็นพื้นที่วัด (เอกชน) กายภาพโดยรอบมีคลองล้อมรอบพื้นที่ เมื่อระดับน้ำในคลองสูงจะไหลล้นเข้าท่วมพื้นที่","add2":null,"add1":null,"objectid":287,"add4":null,"risk_gob_num":0,"add3":null}},{"geometry":{"type":"Point","coordinates":[100.70269999993002,13.80035999992558],"crs":null},"id":288,"type":"Feature","properties":{"กรท":null,"เขต":"สนน. อยู่ระหว่างสำรวจออกเเบบแนวป้องกันน้ำท่วมถาวร #สำรวจ\nสนน. เรียงกระสอบทรายเพื่อเป็นเเนวป้องกันชั่วคราว","สคน":null,"remark":"สนย.","risk_gob_detail":null,"project_name":null,"กรบ":null,"status_detail":"แก้ไขแล้วเสร็จ","problem":"น้ำฝน สนข.","สพน":null,"status_num":5,"district":"คันนายาว","name":"ถนนเสรีไทยบริเวณนิคมอุตสาหกรรมบางชัน","x":100.7027,"group_d":"กรุงเทพตะวันออก","y":13.80036,"id":288,"detail":"แนวติดแม่น้ำเจ้าพระยาเป็นพื้นที่เอกชน","add2":null,"add1":null,"objectid":288,"add4":null,"risk_gob_num":0,"add3":null}},{"geometry":{"type":"Point","coordinates":[100.673199999736,13.834490000206289],"crs":null},"id":289,"type":"Feature","properties":{"กรท":null,"เขต":"ซอยรามอินทรา 87 ดำเนินการปรับปรุงถนนและท่อระบายน้ำแล้วเสร็จ ซอยรามอินทรา 89 ได้รับงบประมาณปรับปรุงปี 2569 ติดตั้งเครื่องสูบน้ำถาวรที่ท้ายซอยรามอินทรา  91,91/1 (บางส่วนเป็นเอกชนบางส่วนเป็นสาธารณะ) ไม่สามารถเข้าดำเนินการได้ทั้งหมด ","สคน":null,"remark":"89,91ที่ส่วนบุคคล","risk_gob_detail":null,"project_name":null,"กรบ":null,"status_detail":"แก้ไขแล้วเสร็จบางส่วน","problem":"น้ำฝน สนข.","สพน":null,"status_num":4,"district":"คันนายาว","name":"ซอยรามอินทรา 87, 89, 91, 91/1","x":100.6732,"group_d":"กรุงเทพตะวันออก","y":13.83449,"id":289,"detail":"พื้นที่บางส่วนเป็นเอกชน บางส่วนเป็นสาธารณะ ไม่สามารถเข้าดำเนินการแก้ไขปัญหาได้ทั้งหมด","add2":null,"add1":null,"objectid":289,"add4":null,"risk_gob_num":0,"add3":null}},{"geometry":{"type":"Point","coordinates":[100.72959999990903,13.81250999976177],"crs":null},"id":290,"type":"Feature","properties":{"กรท":null,"เขต":"ปรับปรุงบ่อสูบน้ำพร้อมติดตั้งเครื่องสูบน้ำชนิดไฟฟ้าอัตโนมัติ ติดตั้งเครื่องสูบน้ำ จำนวน 1 เครื่อง ขนาด 8 นิ้ว","สคน":null,"remark":"สนน.","risk_gob_detail":null,"project_name":null,"กรบ":null,"status_detail":"แก้ไขแล้วเสร็จ","problem":"น้ำฝน สนข.","สพน":null,"status_num":5,"district":"มีนบุรี","name":"จุดกลับรถใต้สะพานข้ามคลองสามวาถนนสีหบุรานุกิจ","x":100.7296,"group_d":"กรุงเทพตะวันออก","y":13.81251,"id":290,"detail":"- น้ำล้นคลอง เข้าท่อระบายน้ำ - ผิวจราจรเป็นคอนกรีตมีสภาพ - เกิดจากโครงการก่อสร้างรถไฟฟ้าสายสีชมพูก่อสร้างจอม่อปิดท่อระบายน้ำ มีน้ำท่วมขังสูงประมาณ 30 ซม. ยาว 50 เมตร แนวทางแก้ไข - ติดตั้งเครื่องสูบน้ำ ขนาด 3 นิ้ว จำนวน 2 เครื่อง - บล็อกด้วยกระสอบทราย 50 ใบ","add2":null,"add1":null,"objectid":290,"add4":null,"risk_gob_num":0,"add3":null}},{"geometry":{"type":"Point","coordinates":[100.6835000001387,13.74480999991131],"crs":null},"id":291,"type":"Feature","properties":{"กรท":null,"เขต":"เปิดทางน้ำไหลไหล่ทางโดยแรงงานเขต 2","สคน":null,"remark":null,"risk_gob_detail":null,"project_name":null,"กรบ":null,"status_detail":"แก้ไขแล้วเสร็จ","problem":"น้ำฝน สนข.","สพน":null,"status_num":5,"district":"สะพานสูง","name":"ซอยกรุงเทพกรีฑา 37","x":100.6835,"group_d":"กรุงเทพตะวันออก","y":13.74481,"id":291,"detail":null,"add2":null,"add1":null,"objectid":291,"add4":null,"risk_gob_num":0,"add3":null}},{"geometry":{"type":"Point","coordinates":[100.68599999989631,13.741630000166603],"crs":null},"id":292,"type":"Feature","properties":{"กรท":null,"เขต":"ขุดลอกท่อระบายน้ำโดยใช้แรงงานเขตและติดตั้งเครื่องสูบน้ำชนิดดีเซลขนาด10 นิ้วจำนวน 1 เครื่อง","สคน":null,"remark":null,"risk_gob_detail":null,"project_name":null,"กรบ":null,"status_detail":"แก้ไขแล้วเสร็จ","problem":"น้ำฝน สนข.","สพน":null,"status_num":5,"district":"สะพานสูง","name":"ซอยกรุงเทพกรีฑา 39","x":100.686,"group_d":"กรุงเทพตะวันออก","y":13.74163,"id":292,"detail":null,"add2":null,"add1":null,"objectid":292,"add4":null,"risk_gob_num":0,"add3":null}},{"geometry":{"type":"Point","coordinates":[100.70169999984729,13.74537999993785],"crs":null},"id":293,"type":"Feature","properties":{"กรท":null,"เขต":"โครงการก่อสร้างเขื่อน ค.ส.ล. คลองทับช้างล่างและคลองทับช้างบน จากทางหลวงพิเศษหมายเลข7 ถึงคลองประเวศบุรีรมย์ #อยู่ระหว่างดำเนินการ","สคน":null,"remark":null,"risk_gob_detail":null,"project_name":null,"กรบ":null,"status_detail":"แก้ไขแล้วเสร็จบางส่วน","problem":"น้ำฝน สนข.","สพน":null,"status_num":4,"district":"สะพานสูง","name":"หมู่บ้านนักกีฬาแหลมทอง","x":100.7017,"group_d":"กรุงเทพตะวันออก","y":13.74538,"id":293,"detail":"เป็นพื้นที่ต่ำจึงมีน้ำล้นตลิ่งจากคลองทับช้างบนและคลองทับช้างล่าง","add2":null,"add1":null,"objectid":293,"add4":null,"risk_gob_num":0,"add3":null}},{"geometry":{"type":"Point","coordinates":[100.70870000042625,13.78266000035624],"crs":null},"id":294,"type":"Feature","properties":{"กรท":null,"เขต":"- สนน. ของบประมาณปี 69 ก่อสร้างบ่อสูบน้ำแก้มลิงบึงหมู่บ้านเคหะธานี 4 (กรท.สนน.) #ของบ, \n- สนข. ติดตั้งเครื่องสูบน้ำ ชนิดดีเซล ขนาด 8 นิ้ว, 10 นิ้ว จำนวน 5 เครื่อง 2","สคน":null,"remark":null,"risk_gob_detail":null,"project_name":null,"กรบ":null,"status_detail":"แก้ไขแล้วเสร็จ","problem":"น้ำฝน สนข.","สพน":null,"status_num":5,"district":"สะพานสูง","name":"หมู่บ้านเคหะธานี 4","x":100.7087,"group_d":"กรุงเทพตะวันออก","y":13.78266,"id":294,"detail":null,"add2":null,"add1":null,"objectid":294,"add4":null,"risk_gob_num":0,"add3":null}},{"geometry":{"type":"Point","coordinates":[100.704599999638,13.762020000351928],"crs":null},"id":295,"type":"Feature","properties":{"กรท":null,"เขต":"โครงการปรับปรุงซอยราษฎร์พัฒนา 15 5","สคน":null,"remark":null,"risk_gob_detail":null,"project_name":null,"กรบ":null,"status_detail":"แก้ไขแล้วเสร็จ","problem":"น้ำฝน สนข.","สพน":null,"status_num":5,"district":"สะพานสูง","name":"ซอยราษฎร์พัฒนา 15","x":100.7046,"group_d":"กรุงเทพตะวันออก","y":13.76202,"id":295,"detail":null,"add2":null,"add1":null,"objectid":295,"add4":null,"risk_gob_num":0,"add3":null}},{"geometry":{"type":"Point","coordinates":[100.70479999965454,13.754400000133574],"crs":null},"id":296,"type":"Feature","properties":{"กรท":null,"เขต":"สำนักการโยธาได้เสริมผิวจราจรแล้ว 5","สคน":null,"remark":null,"risk_gob_detail":null,"project_name":null,"กรบ":null,"status_detail":"แก้ไขแล้วเสร็จ","problem":"น้ำฝน สนข.","สพน":null,"status_num":5,"district":"สะพานสูง","name":"ซอยราษฎร์พัฒนา 15 แยก 4","x":100.7048,"group_d":"กรุงเทพตะวันออก","y":13.7544,"id":296,"detail":null,"add2":null,"add1":null,"objectid":296,"add4":null,"risk_gob_num":0,"add3":null}},{"geometry":{"type":"Point","coordinates":[100.68490000025449,13.768259999735083],"crs":null},"id":297,"type":"Feature","properties":{"กรท":null,"เขต":"เปิดทางน้ำไหลไหล่ทาง โดยแรงงานเขต 2","สคน":null,"remark":null,"risk_gob_detail":null,"project_name":null,"กรบ":null,"status_detail":"แก้ไขแล้วเสร็จ","problem":"น้ำฝน สนข.","สพน":null,"status_num":5,"district":"สะพานสูง","name":"ซอยรามคำแหง 118 แยก 42-2","x":100.6849,"group_d":"กรุงเทพตะวันออก","y":13.76826,"id":297,"detail":null,"add2":null,"add1":null,"objectid":297,"add4":null,"risk_gob_num":0,"add3":null}},{"geometry":{"type":"Point","coordinates":[100.68619999991286,13.762890000256936],"crs":null},"id":298,"type":"Feature","properties":{"กรท":null,"เขต":"ขุดลอกท่อระบายน้ำโดยใช้แรงงานเขตและติดตั้งเครื่องสูบน้ำชนิดดีเซลขนาด 8 นิ้วขนาด10 นิ้วจำนวน 3 เครื่อง","สคน":null,"remark":null,"risk_gob_detail":null,"project_name":null,"กรบ":null,"status_detail":"แก้ไขแล้วเสร็จ","problem":"น้ำฝน สนข.","สพน":null,"status_num":5,"district":"สะพานสูง","name":"ซอยรามคำแหง 118 แยก 44","x":100.6862,"group_d":"กรุงเทพตะวันออก","y":13.76289,"id":298,"detail":null,"add2":null,"add1":null,"objectid":298,"add4":null,"risk_gob_num":0,"add3":null}},{"geometry":{"type":"Point","coordinates":[100.68519999983016,13.761409999622213],"crs":null},"id":299,"type":"Feature","properties":{"กรท":null,"เขต":"โครงการปรับปรุงซอยรามคำแหง 118 แยก 46ดำเนินการแล้วเสร็จ","สคน":null,"remark":"งบปี67","risk_gob_detail":null,"project_name":null,"กรบ":null,"status_detail":"แก้ไขแล้วเสร็จ","problem":"น้ำฝน สนข.","สพน":null,"status_num":5,"district":"สะพานสูง","name":"ซอยรามคำแหง 118 แยก 46","x":100.6852,"group_d":"กรุงเทพตะวันออก","y":13.76141,"id":299,"detail":"เป็นพื้นที่ต่ำ ท่อระบายน้ำขนาดเล็ก","add2":null,"add1":null,"objectid":299,"add4":null,"risk_gob_num":0,"add3":null}},{"geometry":{"type":"Point","coordinates":[100.62870000009801,13.791470000111122],"crs":null},"id":300,"type":"Feature","properties":{"กรท":null,"เขต":"ติดตั้งเครื่องสูบน้ำดีเซลขนาด 8 นิ้ว จำนวน 1 เครื่อง","สคน":null,"remark":"พื้นที่เอกชน สูบลงถนนลาดพร้าว101 ไม่ท่วมมาอย่างน้อย 3 ปี","risk_gob_detail":null,"project_name":null,"กรบ":null,"status_detail":"พื้นที่เอกชนหรือหน่วยงานราชการ","problem":"น้ำฝน สนข.","สพน":null,"status_num":2,"district":"บางกะปิ","name":"หมู่บ้านเสรี ซอยลาดพร้าว 101 แยก 44","x":100.6287,"group_d":"กรุงเทพตะวันออก","y":13.79147,"id":300,"detail":"เป็นพื้นที่ส่วนบุคคล(หมู่บ้านเสรี)","add2":null,"add1":null,"objectid":300,"add4":null,"risk_gob_num":0,"add3":null}},{"geometry":{"type":"Point","coordinates":[100.68270000007254,13.762720000359353],"crs":null},"id":301,"type":"Feature","properties":{"กรท":null,"เขต":"โครงการปรับปรุงซอยรามคำแหง 118 แยก 48","สคน":null,"remark":null,"risk_gob_detail":null,"project_name":null,"กรบ":null,"status_detail":"แก้ไขแล้วเสร็จ","problem":"น้ำฝน สนข.","สพน":null,"status_num":5,"district":"สะพานสูง","name":"ซอยรามคำแหง 118 แยก 48","x":100.6827,"group_d":"กรุงเทพตะวันออก","y":13.76272,"id":301,"detail":null,"add2":null,"add1":null,"objectid":301,"add4":null,"risk_gob_num":0,"add3":null}},{"geometry":{"type":"Point","coordinates":[100.69310000003436,13.736050000426973],"crs":null},"id":302,"type":"Feature","properties":{"กรท":null,"เขต":"โครงการก่อสร้างเขื่อน ค.ส.ล. คลองทับช้างล่างและคลองทับช้างบน จากทางหลวงพิเศษหมายเลข7 ถึงคลองประเวศบุรีรมย์ #อยู่ระหว่างดำเนินการ","สคน":null,"remark":null,"risk_gob_detail":null,"project_name":null,"กรบ":null,"status_detail":"แก้ไขแล้วเสร็จ","problem":"น้ำฝน สนข.","สพน":null,"status_num":5,"district":"สะพานสูง","name":"ซอยกรุงเทพกรีฑา 32","x":100.6931,"group_d":"กรุงเทพตะวันออก","y":13.73605,"id":302,"detail":null,"add2":null,"add1":null,"objectid":302,"add4":null,"risk_gob_num":0,"add3":null}},{"geometry":{"type":"Point","coordinates":[100.62959999972328,13.789319999618744],"crs":null},"id":303,"type":"Feature","properties":{"กรท":null,"เขต":"ติดตั้งเครื่องสูบน้ำดีเซลขนาด 8 นิ้ว จำนวน 1 เครื่อง","สคน":null,"remark":"พื้นที่เอกชน สูบลงคลองลำพังพวย ไม่ท่วมมาอย่างน้อย 3 ปี","risk_gob_detail":null,"project_name":null,"กรบ":null,"status_detail":"พื้นที่เอกชนหรือหน่วยงานราชการ","problem":"น้ำฝน สนข.","สพน":null,"status_num":2,"district":"บางกะปิ","name":"ชุมชนร่วมกันสร้าง ซอยลาดพร้าว 101 แยก 40","x":100.6296,"group_d":"กรุงเทพตะวันออก","y":13.78932,"id":303,"detail":"เป็็นพื้นที่ส่วนบุคคล(ชุมชนร่วมกันสร้าง)","add2":null,"add1":null,"objectid":303,"add4":null,"risk_gob_num":0,"add3":null}},{"geometry":{"type":"Point","coordinates":[100.64860000039637,13.77117000012201],"crs":null},"id":304,"type":"Feature","properties":{"กรท":null,"เขต":"ปัจจุบันไม่มีน้ำท่วมขัง/ติดตั้งเครื่องสูบน้ำ จำนวน 3 เครื่อง","สคน":null,"remark":"ท้องกระทะ ต่ำกว่าถนน ต้องสูบออก สนน.ต้องช่วยแก้ไข","risk_gob_detail":null,"project_name":null,"กรบ":null,"status_detail":"แก้ไขแล้วเสร็จ","problem":"น้ำฝน สนข.","สพน":null,"status_num":5,"district":"บางกะปิ","name":"เสรีไทยซอย 5 (แฟลต 21)","x":100.6486,"group_d":"กรุงเทพตะวันออก","y":13.77117,"id":304,"detail":"- ท่อระบายน้ำต่ำกว่าผิวจราจร (พื้นที่การเคหะแห่งชาติคลองจั่น) แนวทางแก้ไข - ติดตั้งเครื่องสูบน้ำดีเซลขนาด 10 นิ้ว จำนวน 1 เครื่อง - ติดตั้งเครื่องสูบน้ำดีเซลขนาด 16 นิ้ว จำนวน 1 เครื่อง","add2":null,"add1":null,"objectid":304,"add4":null,"risk_gob_num":0,"add3":null}},{"geometry":{"type":"Point","coordinates":[100.65290000030288,13.763830000077887],"crs":null},"id":305,"type":"Feature","properties":{"กรท":null,"เขต":"1. ติดตั้งเครื่องสูบน้ำดีเซลขนาด 8 นิ้ว จำนวน 1 เครื่อง,\n2. งานก่อสร้างระบบระบายน้ำคลองวัดศรีบุญเรือง(สพน.สนน) #ก่อสร้าง","สคน":null,"remark":"พื้นที่เอกชนของหมู่บ้าน ติดตั้งเครื่องสูบน้ำ ขนาด 8 นิ้ว จำนวน 1 เครื่อง","risk_gob_detail":null,"project_name":null,"กรบ":null,"status_detail":"แก้ไขแล้วเสร็จ","problem":"น้ำฝน สนข.","สพน":null,"status_num":5,"district":"บางกะปิ","name":"หมู่บ้านธารทิพย์ ซอยรามคำแหง 64","x":100.6529,"group_d":"กรุงเทพตะวันออก","y":13.76383,"id":305,"detail":"- ท่อระบายน้ำมีสภาพเก่าและชำรุด - หมู่บ้านต่ำกว่าผิวจราจร (พื้นที่เอกชน) - อยู่ติดกับคลองวัดศรีบุญเรือง ซึ่งเป็นคลองสาขาที่เชื่อมต่อกับคลองแสนแสบ ไม่มีประตูน้ำกั้น แนวทางแก้ไข - ติดตั้งเครื่องสูบน้ำดีเซลขนาด 8 นิ้ว จำนวน 1 เครื่อง","add2":null,"add1":null,"objectid":305,"add4":null,"risk_gob_num":0,"add3":null}},{"geometry":{"type":"Point","coordinates":[100.65019999963042,13.76859000033142],"crs":null},"id":306,"type":"Feature","properties":{"กรท":null,"เขต":"ติดตั้งเครื่องสูบน้ำดีเซลขนาด 10 นิ้ว จำนวน 1 เครื่อง","สคน":null,"remark":"ท้องกระทะ ต่ำกว่าถนน ต้องสูบออก สนน.ต้องช่วยแก้ไข","risk_gob_detail":null,"project_name":null,"กรบ":null,"status_detail":"แก้ไขแล้วเสร็จ","problem":"น้ำฝน สนข.","สพน":null,"status_num":5,"district":"บางกะปิ","name":"เสรีไทยซอย 5","x":100.6502,"group_d":"กรุงเทพตะวันออก","y":13.76859,"id":306,"detail":"- ท่อระบายน้ำต่ำกว่าผิวจราจร (พื้นที่การเคหะแห่งชาติคลองจั่น) แนวทางแก้ไข - ติดตั้งเครื่องสูบน้ำดีเซลขนาด 10 นิ้ว จำนวน 1 เครื่อง","add2":null,"add1":null,"objectid":306,"add4":null,"risk_gob_num":0,"add3":null}},{"geometry":{"type":"Point","coordinates":[100.65210000023669,13.756770000287494],"crs":null},"id":307,"type":"Feature","properties":{"กรท":null,"เขต":"1. ติดตั้งเครื่องสูบน้ำดีเซลขนาด 8 นิ้ว จำนวน 2 เครื่อง,\n2. งานก่อสร้างระบบระบายน้ำคลองวัดศรีบุญเรือง(สพน.สนน) #ก่อสร้าง","สคน":null,"remark":"น้ำล้นตลิ่งคลองหัวหมาก สนน. จัดทำสร้างเขื่อมฟันหลอ (สาธารณะ)","risk_gob_detail":null,"project_name":null,"กรบ":null,"status_detail":"แก้ไขแล้วเสร็จ","problem":"น้ำฝน สนข.","สพน":null,"status_num":5,"district":"บางกะปิ","name":"หมู่บ้านสวนสน ซอยรามคำแหง 60 แยก 9","x":100.6521,"group_d":"กรุงเทพตะวันออก","y":13.75677,"id":307,"detail":"- อยู่ติดกับคลองหัวหมาก ซึ่งเป็นคลองสาขาที่เชื่อมต่อกับคลองแสนแสบ ไม่มีประตูน้ำกั้น แนวทางแก้ไข - ติดตั้งเครื่องสูบน้ำดีเซลขนาด 8 นิ้ว จำนวน 2 เครื่อง","add2":null,"add1":null,"objectid":307,"add4":null,"risk_gob_num":0,"add3":null}},{"geometry":{"type":"Point","coordinates":[100.62720000042313,13.796160000381743],"crs":null},"id":308,"type":"Feature","properties":{"กรท":null,"เขต":"ติดตั้งเครื่องสูบน้ำดีเซลขนาด 8 นิ้ว จำนวน 1 เครื่อง","สคน":null,"remark":"สนน. สร้างสถานีสูบน้ำคลองวัดบึงทองหลาง เสร็จเรียบร้อยแล้ว","risk_gob_detail":null,"project_name":null,"กรบ":null,"status_detail":"แก้ไขแล้วเสร็จ","problem":"น้ำฝน สนข.","สพน":null,"status_num":5,"district":"บางกะปิ","name":"ชุมชนวัดบึง ซอยลาดพร้าว 101 ซอย 50","x":100.6272,"group_d":"กรุงเทพตะวันออก","y":13.79616,"id":308,"detail":"- มีการสร้างเขื่อนวัดบึง ปิดกั้นทางน้ำ ทำให้น้ำไหลเข้าท่วมชุมชน แนวทางแก้ไข - ติดตั้งเครื่องสูบน้ำดีเซลขนาด 8 นิ้ว จำนวน 1 เครื่อง","add2":null,"add1":null,"objectid":308,"add4":null,"risk_gob_num":0,"add3":null}},{"geometry":{"type":"Point","coordinates":[100.65860000032514,13.740519999897463],"crs":null},"id":309,"type":"Feature","properties":{"กรท":null,"เขต":"ปรับปรุงผิวจราจรพร้อมท่อระบายน้ำแล้วเสร็จ","สคน":null,"remark":"ของบ 67 เพิ่มเติม ขอรายละเอียดเพิ่มเติม","risk_gob_detail":null,"project_name":null,"กรบ":null,"status_detail":"แก้ไขแล้วเสร็จ","problem":"น้ำฝน สนข.","สพน":null,"status_num":5,"district":"บางกะปิ","name":"ซอยกรุงเทพกรีฑา 8 แยก 3 (หมู่บ้านอยู่สบาย)","x":100.6586,"group_d":"กรุงเทพตะวันออก","y":13.74052,"id":309,"detail":"- ถนนไม่มีท่อระบายน้ำ (ถนนส่วนบุคคล) แนวทางแก้ไข - ติดตั้งเครื่องสูบน้ำขนาด 6 นิ้ว จำนวน 1 เครื่อง","add2":null,"add1":null,"objectid":309,"add4":null,"risk_gob_num":0,"add3":null}},{"geometry":{"type":"Point","coordinates":[100.63760000038495,13.788190000141777],"crs":null},"id":310,"type":"Feature","properties":{"กรท":null,"เขต":"ปรับปรุงผิวจราจรพร้อมท่อระบายน้ำแล้วเสร็จ","สคน":null,"remark":"ของบ 67 เพิ่มเติม ขอรายละเอียดเพิ่มเติม","risk_gob_detail":null,"project_name":null,"กรบ":null,"status_detail":"แก้ไขแล้วเสร็จ","problem":"น้ำฝน สนข.","สพน":null,"status_num":5,"district":"บางกะปิ","name":"ซอยลาดพร้าว 101 ซอย 42 (เทพทวี 8)","x":100.6376,"group_d":"กรุงเทพตะวันออก","y":13.78819,"id":310,"detail":"- เป็นถนนดิน มีสภาพลุ่มต่ำ ไม่มีท่อระบายน้ำ แนวทางแก้ไข - ติดตั้งเครื่องสูบน้ำขนาด 6 นิ้ว จำนวน 1 เครื่อง","add2":null,"add1":null,"objectid":310,"add4":null,"risk_gob_num":0,"add3":null}},{"geometry":{"type":"Point","coordinates":[100.62159999995997,13.753440000034946],"crs":null},"id":311,"type":"Feature","properties":{"กรท":null,"เขต":"ปรับปรุงท่อระบายน้ำและผิวจราจรแล้วเสร็จ(โดยสำนักการโยธา)","สคน":null,"remark":null,"risk_gob_detail":null,"project_name":null,"กรบ":null,"status_detail":"แก้ไขแล้วเสร็จ","problem":"น้ำฝน สนข.","สพน":null,"status_num":5,"district":"บางกะปิ","name":"ซอยรามคำแหง 24","x":100.6216,"group_d":"กรุงเทพตะวันออก","y":13.75344,"id":311,"detail":"โครงการก่อสร้างถนนรามคำแหง 24และถนนหัวหมาก","add2":null,"add1":null,"objectid":311,"add4":null,"risk_gob_num":0,"add3":null}},{"geometry":{"type":"Point","coordinates":[100.63800000041805,13.758880000301092],"crs":null},"id":312,"type":"Feature","properties":{"กรท":null,"เขต":"ปัจจุบันไม่มีน้ำท่วมขัง","สคน":null,"remark":"สนข.ประกาศปรับปรุง แต่เอกชนเจ้าของที่ดินไม่ยินยอมให้ปรับปรุง ตัดออกไป","risk_gob_detail":null,"project_name":null,"กรบ":null,"status_detail":"แก้ไขแล้วเสร็จ","problem":"น้ำฝน สนข.","สพน":null,"status_num":5,"district":"บางกะปิ","name":"ซอยรามคำแหง 36/1","x":100.638,"group_d":"กรุงเทพตะวันออก","y":13.75888,"id":312,"detail":"- ท่อระบายน้ำมีสภาพเก่าและชำรุด ไม่สามารถระบายน้ำออกถนนสายหลักได้ - เจ้าของที่ดินไม่ยินยอมให้กรุงเทพมหานคร ทำการปรับปรุง แนวทางแก้ไข - ติดตั้งเครื่องสูบน้ำดีเซลขนาด 8 นิ้ว 1 เครื่อง","add2":null,"add1":null,"objectid":312,"add4":null,"risk_gob_num":0,"add3":null}},{"geometry":{"type":"Point","coordinates":[100.61180000004778,13.753600000179352],"crs":null},"id":313,"type":"Feature","properties":{"กรท":null,"เขต":null,"สคน":null,"remark":"ก่อสร้างรถไฟฟ้าสายสีส้มเสร็จแล้ว ปัจจุบันไม่ท่วมแล้ว","risk_gob_detail":null,"project_name":null,"กรบ":null,"status_detail":"แก้ไขแล้วเสร็จ","problem":"น้ำฝน สนข.","สพน":null,"status_num":5,"district":"บางกะปิ","name":"ถนนรามคำแหง ช่วง ซอยรามคำแหง 8- ซอยรามคำแหง 24","x":100.6118,"group_d":"กรุงเทพตะวันออก","y":13.7536,"id":313,"detail":null,"add2":null,"add1":null,"objectid":313,"add4":null,"risk_gob_num":0,"add3":null}},{"geometry":{"type":"Point","coordinates":[100.69779999997391,13.907200000229519],"crs":null},"id":314,"type":"Feature","properties":{"กรท":null,"เขต":"เพื่อนำน้ำลงคลองลาดพร้าวคาดว่าจะแล้วเสร็จก่อนฤดูฝน","สคน":null,"remark":"อยู่ในความรับผิดชอบของการทางพิเศษฯ","risk_gob_detail":null,"project_name":null,"กรบ":null,"status_detail":"แก้ไขแล้วเสร็จ","problem":"น้ำฝน สนข.","สพน":null,"status_num":5,"district":"คลองสามวา","name":"จุดกลับรถใต้สะพานหนองระแหง","x":100.6978,"group_d":"กรุงเทพตะวันออก","y":13.9072,"id":314,"detail":null,"add2":null,"add1":null,"objectid":314,"add4":null,"risk_gob_num":0,"add3":null}},{"geometry":{"type":"Point","coordinates":[100.68729999955468,13.874590000275916],"crs":null},"id":315,"type":"Feature","properties":{"กรท":null,"เขต":"บล็อคกระสอบทราย พร้อมติดตั้งเครื่องสูบน้ำ ขุดลอกเปิดทางน้ำไหล","สคน":null,"remark":"สนย.สร้างถนนพระยาสุเรนทร์ช่วงปลาย แยกคู้บอนถึงหน้าวัดฯ และวางท่อ ของบประมาณแล้ว","risk_gob_detail":null,"project_name":null,"กรบ":null,"status_detail":"แก้ไขแล้วเสร็จ","problem":"น้ำฝน สนข.","สพน":null,"status_num":5,"district":"คลองสามวา","name":"หน้าโรงเรียนวัดพระยาสุเรนทร์ (ที่พักสงฆ์หลวงปู่ชอบ)","x":100.6873,"group_d":"กรุงเทพตะวันออก","y":13.87459,"id":315,"detail":"- น้ำท่วมขังประมาณ 30 ซม. แนวทางแก้ไข - ติดตั้งเครื่องสูบน้ำดีเซลขนาด 8 นิ้ว จำนวน 1 เครื่อง - กระสอบทราย 40 ใบ","add2":null,"add1":null,"objectid":315,"add4":null,"risk_gob_num":0,"add3":null}},{"geometry":{"type":"Point","coordinates":[100.68820000007825,13.872140000003922],"crs":null},"id":316,"type":"Feature","properties":{"กรท":null,"เขต":"บล็อคกระสอบทราย พร้อมติดตั้งเครื่องสูบน้ำ","สคน":null,"remark":"สนย.สร้างถนนพระยาสุเรนทร์ช่วงปลาย แยกคู้บอนถึงหน้าวัดฯ และวางท่อ ของบประมาณแล้ว","risk_gob_detail":null,"project_name":null,"กรบ":null,"status_detail":"แก้ไขแล้วเสร็จ","problem":"น้ำฝน สนข.","สพน":null,"status_num":5,"district":"คลองสามวา","name":"ซอยพระยาสุเรนทร์ 45 (หมู่บ้าน เค.ซี 6)","x":100.6882,"group_d":"กรุงเทพตะวันออก","y":13.87214,"id":316,"detail":"- น้ำท่วมขังประมาณ 20-40 ซม. แนวทางแก้ไข - ติดตั้งเครื่องสูบน้ำดีเซลขนาด 8 นิ้ว จำนวน 1 เครื่อง - กระสอบทราย 40 ใบ","add2":null,"add1":null,"objectid":316,"add4":null,"risk_gob_num":0,"add3":null}},{"geometry":{"type":"Point","coordinates":[100.69519999975888,13.862619999717001],"crs":null},"id":317,"type":"Feature","properties":{"กรท":null,"เขต":"บล็อคกระสอบทราย พร้อมติดตั้งเครื่องสูบน้ำ","สคน":null,"remark":"สนย.สร้างถนนพระยาสุเรนทร์ช่วงปลาย แยกคู้บอนถึงหน้าวัดฯ และวางท่อ ของบประมาณแล้ว","risk_gob_detail":null,"project_name":null,"กรบ":null,"status_detail":"แก้ไขแล้วเสร็จ","problem":"น้ำฝน สนข.","สพน":null,"status_num":5,"district":"คลองสามวา","name":"ซอยพระยาสุเรนทร์ 40 (หมู่บ้าน เค.ซี วิลล่า 5)","x":100.6952,"group_d":"กรุงเทพตะวันออก","y":13.86262,"id":317,"detail":"- น้ำท่วมขังประมาณ 15 ซม. แนวทางแก้ไข - ติดตั้งเครื่องสูบน้ำดีเซลขนาด 8 นิ้ว จำนวน 1 เครื่อง - กระสอบทราย 40 ใบ","add2":null,"add1":null,"objectid":317,"add4":null,"risk_gob_num":0,"add3":null}},{"geometry":{"type":"Point","coordinates":[100.696300000299,13.82141000000656],"crs":null},"id":318,"type":"Feature","properties":{"กรท":null,"เขต":"1.ขุดวางท่อระบายน้ำ ขนาด 0.30 ม. (งบซ่อมแซมปี 67) (แล้วเสร็จ)\n2.โครงการก่อสร้างระบบแก้มลิง สวนน้ำเสรีไทยช่วงคลองครุถึงคลองบางชัน #","สคน":null,"remark":null,"risk_gob_detail":null,"project_name":null,"กรบ":null,"status_detail":"แก้ไขแล้วเสร็จ","problem":"น้ำฝน สนข.","สพน":null,"status_num":5,"district":"คลองสามวา","name":"ซอยพระยาสุเรนทร์ 3","x":100.6963,"group_d":"กรุงเทพตะวันออก","y":13.82141,"id":318,"detail":"- น้ำท่วมขังประมาณ 10-15 ซม. แนวทางแก้ไข - กระสอบทราย 150 ใบ","add2":null,"add1":null,"objectid":318,"add4":null,"risk_gob_num":0,"add3":null}},{"geometry":{"type":"Point","coordinates":[100.69299999957694,13.833600000331785],"crs":null},"id":319,"type":"Feature","properties":{"กรท":null,"เขต":"1.บล็อคกระสอบทราย พร้อมติดตั้งเครื่องสูบน้ำ \n2.โครงการก่อสร้างระบบแก้มลิง สวนน้ำเสรีไทยช่วงคลองครุถึงคลองบางชัน #","สคน":null,"remark":null,"risk_gob_detail":null,"project_name":null,"กรบ":null,"status_detail":"แก้ไขแล้วเสร็จ","problem":"น้ำฝน สนข.","สพน":null,"status_num":5,"district":"คลองสามวา","name":"ซอยพระยาสุเรนทร์ 23 (หมู่บ้านพฤกษาวิลล์ 6)","x":100.693,"group_d":"กรุงเทพตะวันออก","y":13.8336,"id":319,"detail":"- น้ำท่วมขังประมาณ 5-10 ซม. แนวทางแก้ไข - กระสอบทราย 300 ใบ","add2":null,"add1":null,"objectid":319,"add4":null,"risk_gob_num":0,"add3":null}},{"geometry":{"type":"Point","coordinates":[100.69570000024939,13.830389999809123],"crs":null},"id":320,"type":"Feature","properties":{"กรท":null,"เขต":"1.บล็อคกระสอบทราย พร้อมติดตั้งเครื่องสูบน้ำ \n2.โครงการก่อสร้างระบบแก้มลิง สวนน้ำเสรีไทยช่วงคลองครุถึงคลองบางชัน #","สคน":null,"remark":"เปิดทางน้ำไหล ถนนเอกชนมีท่อระบายน้ำ","risk_gob_detail":null,"project_name":null,"กรบ":null,"status_detail":"แก้ไขแล้วเสร็จ","problem":"น้ำฝน สนข.","สพน":null,"status_num":5,"district":"คลองสามวา","name":"ซอยพระยาสุเรนทร์ 19","x":100.6957,"group_d":"กรุงเทพตะวันออก","y":13.83039,"id":320,"detail":"- น้ำท่วมขังประมาณ 20-50 ซม. แนวทางแก้ไข - กระสอบทราย 1500 ใบ","add2":null,"add1":null,"objectid":320,"add4":null,"risk_gob_num":0,"add3":null}},{"geometry":{"type":"Point","coordinates":[100.71459999956673,13.838409999949354],"crs":null},"id":321,"type":"Feature","properties":{"กรท":null,"เขต":"ขุดวางท่อระบายน้ำ ขนาด 0.30 ม.(งบซ่อมแซมปี 67) (แล้วเสร็จ)","สคน":null,"remark":null,"risk_gob_detail":null,"project_name":null,"กรบ":null,"status_detail":"แก้ไขแล้วเสร็จ","problem":"น้ำฝน สนข.","สพน":null,"status_num":5,"district":"คลองสามวา","name":"ซอยเจริญพัฒนา 12","x":100.7146,"group_d":"กรุงเทพตะวันออก","y":13.83841,"id":321,"detail":"- น้ำท่วมขังประมาณ 10-20 ซม. แนวทางแก้ไข - กระสอบทราย 200 ใบ","add2":null,"add1":null,"objectid":321,"add4":null,"risk_gob_num":0,"add3":null}},{"geometry":{"type":"Point","coordinates":[100.69510000019976,13.841379999705497],"crs":null},"id":322,"type":"Feature","properties":{"กรท":null,"เขต":"ปรับปรุงถนนพร้อมวางท่อระบายน้ำ ขนาด 0.80 ม.(งบปี 65) (แล้วเสร็จ)","สคน":null,"remark":null,"risk_gob_detail":null,"project_name":null,"กรบ":null,"status_detail":"แก้ไขแล้วเสร็จ","problem":"น้ำฝน สนข.","สพน":null,"status_num":5,"district":"คลองสามวา","name":"ซอยพระยาสุเรนทร์ 27","x":100.6951,"group_d":"กรุงเทพตะวันออก","y":13.84138,"id":322,"detail":"- น้ำท่วมขังประมาณ 5-10 ซม. แนวทางแก้ไข - กระสอบทราย 300 ใบ","add2":null,"add1":null,"objectid":322,"add4":null,"risk_gob_num":0,"add3":null}},{"geometry":{"type":"Point","coordinates":[100.71510000005725,13.834909999631137],"crs":null},"id":323,"type":"Feature","properties":{"กรท":null,"เขต":"ติดตั้งเครื่องสูบน้ำ จำนวน 2 เครื่อง และชุมชนอยู่ระหว่างจะดำเนินการวางท่อระบายน้ำ ขนาด 0.30 ม. เชื่อมต่อบริเวณท้ายหทัยราษฎร์ 31","สคน":null,"remark":"พื้นที่เอกชนไม่มีนิติบุคคล","risk_gob_detail":null,"project_name":null,"กรบ":null,"status_detail":"แก้ไขแล้วเสร็จ","problem":"น้ำฝน สนข.","สพน":null,"status_num":5,"district":"คลองสามวา","name":"ซอยเจริญพัฒนา 4 (หมู่บ้านเจริญทรัพย์)","x":100.7151,"group_d":"กรุงเทพตะวันออก","y":13.83491,"id":323,"detail":"- น้ำท่วมขังประมาณ 30-50 ซม. แนวทางแก้ไข - ติดตั้งเครื่องสูบน้ำดีเซลขนาด 8 นิ้ว จำนวน 2 เครื่อง - กระสอบทราย 200 ใบ","add2":null,"add1":null,"objectid":323,"add4":null,"risk_gob_num":0,"add3":null}},{"geometry":{"type":"Point","coordinates":[100.70790000036007,13.822300000257629],"crs":null},"id":324,"type":"Feature","properties":{"กรท":null,"เขต":"ปรับปรุงผิวจราจรแอสฟัลต์ (งบซ่อมแซมปี 67) (แล้วเสร็จ)","สคน":null,"remark":null,"risk_gob_detail":null,"project_name":null,"กรบ":null,"status_detail":"แก้ไขแล้วเสร็จ","problem":"น้ำฝน สนข.","สพน":null,"status_num":5,"district":"คลองสามวา","name":"ซอยเจริญพัฒนา 1 แยก 1 (ศูนย์พัฒนาเด็กเล็ก)","x":100.7079,"group_d":"กรุงเทพตะวันออก","y":13.8223,"id":324,"detail":"- น้ำท่วมขังประมาณ 20-30 ซม. แนวทางแก้ไข - กระสอบทราย 800 ใบ","add2":null,"add1":null,"objectid":324,"add4":null,"risk_gob_num":0,"add3":null}},{"geometry":{"type":"Point","coordinates":[100.69980000013932,13.82128999964391],"crs":null},"id":325,"type":"Feature","properties":{"กรท":null,"เขต":"1.ติดตั้งเครื่องสูบน้ำดีเซลขนาด 8 นิ้ว\n2.โครงการก่อสร้างระบบแก้มลิง สวนน้ำเสรีไทยช่วงคลองครุถึงคลองบางชัน #","สคน":null,"remark":"ซ.สาธารณะ แต่เครื่องสูบน้ำและประตูเป็นของเอกชน ต้องยกให้ กทม.","risk_gob_detail":null,"project_name":null,"กรบ":null,"status_detail":"แก้ไขแล้วเสร็จ","problem":"น้ำฝน สนข.","สพน":null,"status_num":5,"district":"คลองสามวา","name":"ซอยพระยาสุเรนทร์ 2,4,6 (หมู่บ้านธีรวรรณ)","x":100.6998,"group_d":"กรุงเทพตะวันออก","y":13.82129,"id":325,"detail":"- น้ำท่วมขังประมาณ 10 ซม. แนวทางแก้ไข - ติดตั้งเครื่องสูบน้ำดีเซลขนาด 8 นิ้ว จำนวน 2 เครื่อง - กระสอบทราย 400 ใบ","add2":null,"add1":null,"objectid":325,"add4":null,"risk_gob_num":0,"add3":null}},{"geometry":{"type":"Point","coordinates":[100.69049999981932,13.852530000376268],"crs":null},"id":326,"type":"Feature","properties":{"กรท":null,"เขต":"จ้างเหมาลอกท่อระบายน้ำ","สคน":null,"remark":"เปิดทางน้ำไหล ลอกท่อระบายน้ำ ปีเว้นปี ตามแผน","risk_gob_detail":null,"project_name":null,"กรบ":null,"status_detail":"แก้ไขแล้วเสร็จ","problem":"น้ำฝน สนข.","สพน":null,"status_num":5,"district":"คลองสามวา","name":"ซอยพระยาสุเรนทร์ 35 (หมู่บ้านเพชรไพลิน)","x":100.6905,"group_d":"กรุงเทพตะวันออก","y":13.85253,"id":326,"detail":"- น้ำท่วมขังประมาณ 15 ซม. แนวทางแก้ไข - กระสอบทราย 300 ใบ","add2":null,"add1":null,"objectid":326,"add4":null,"risk_gob_num":0,"add3":null}},{"geometry":{"type":"Point","coordinates":[100.68900000014445,13.852939999868122],"crs":null},"id":327,"type":"Feature","properties":{"กรท":null,"เขต":"ปรับปรุงผิวจราจรแอสฟัลต์ โดยเอกชนปี 67 #แล้วเสร็จ\nเปิดทางน้ำไหลคูน้ำริมถนน","สคน":null,"remark":"เปิดทางน้ำไหล ลอกท่อระบายน้ำ ปีเว้นปี ตามแผน","risk_gob_detail":null,"project_name":null,"กรบ":null,"status_detail":"แก้ไขแล้วเสร็จ","problem":"น้ำฝน สนข.","สพน":null,"status_num":5,"district":"คลองสามวา","name":"ซอยพระยาสุเรนทร์ 35 (หน้าโรงเรียนโสมาภา)","x":100.689,"group_d":"กรุงเทพตะวันออก","y":13.85294,"id":327,"detail":"- น้ำท่วมขังประมาณ 15 ซม. แนวทางแก้ไข - กระสอบทราย 150 ใบ","add2":null,"add1":null,"objectid":327,"add4":null,"risk_gob_num":0,"add3":null}},{"geometry":{"type":"Point","coordinates":[100.68920000016095,13.850789999843425],"crs":null},"id":328,"type":"Feature","properties":{"กรท":null,"เขต":"จ้างเหมาลอกท่อระบายน้ำ","สคน":null,"remark":null,"risk_gob_detail":null,"project_name":null,"กรบ":null,"status_detail":"แก้ไขแล้วเสร็จ","problem":"น้ำฝน สนข.","สพน":null,"status_num":5,"district":"คลองสามวา","name":"ซอยพระยาสุเรนทร์ 35 (หมู่บ้านดวงกมล)","x":100.6892,"group_d":"กรุงเทพตะวันออก","y":13.85079,"id":328,"detail":"- น้ำท่วมขังประมาณ 10 ซม. แนวทางแก้ไข - กระสอบทราย 300 ใบ","add2":null,"add1":null,"objectid":328,"add4":null,"risk_gob_num":0,"add3":null}},{"geometry":{"type":"Point","coordinates":[100.7049999996711,13.834010000059854],"crs":null},"id":329,"type":"Feature","properties":{"กรท":null,"เขต":"ปัจจุบันไม่มีน้ำท่วมขัง","สคน":null,"remark":"เปิดทางน้ำไหล ลอกท่อระบายน้ำ ปีเว้นปี ตามแผน","risk_gob_detail":null,"project_name":null,"กรบ":null,"status_detail":"แก้ไขแล้วเสร็จ","problem":"น้ำฝน สนข.","สพน":null,"status_num":5,"district":"คลองสามวา","name":"ซอยพระยาสุเรนทร์ 30 แยก 4","x":100.705,"group_d":"กรุงเทพตะวันออก","y":13.83401,"id":329,"detail":"- น้ำท่วมขังประมาณ 15 ซม. แนวทางแก้ไข - กระสอบทราย 400 ใบ","add2":null,"add1":null,"objectid":329,"add4":null,"risk_gob_num":0,"add3":null}},{"geometry":{"type":"Point","coordinates":[100.71979999999681,13.849510000336974],"crs":null},"id":330,"type":"Feature","properties":{"กรท":null,"เขต":"ลอกท่อระบายน้ำ","สคน":null,"remark":"เปิดทางน้ำไหล ลอกท่อระบายน้ำ ปีเว้นปี ตามแผน","risk_gob_detail":null,"project_name":null,"กรบ":null,"status_detail":"แก้ไขแล้วเสร็จ","problem":"น้ำฝน สนข.","สพน":null,"status_num":5,"district":"คลองสามวา","name":"ซอยหทัยราษฎร์ 33","x":100.7198,"group_d":"กรุงเทพตะวันออก","y":13.84951,"id":330,"detail":"- น้ำท่วมขังประมาณ 20 ซม. แนวทางแก้ไข - กระสอบทราย 400 ใบ","add2":null,"add1":null,"objectid":330,"add4":null,"risk_gob_num":0,"add3":null}},{"geometry":{"type":"Point","coordinates":[100.71180000023348,13.859870000114473],"crs":null},"id":331,"type":"Feature","properties":{"กรท":null,"เขต":"ปัจจุบันไม่มีน้ำท่วมขัง","สคน":null,"remark":"เปิดทางน้ำไหล ลอกท่อระบายน้ำ ปีเว้นปี ตามแผน","risk_gob_detail":null,"project_name":null,"กรบ":null,"status_detail":"แก้ไขแล้วเสร็จ","problem":"น้ำฝน สนข.","สพน":null,"status_num":5,"district":"คลองสามวา","name":"ซอยเลียบคลองสอง 22","x":100.7118,"group_d":"กรุงเทพตะวันออก","y":13.85987,"id":331,"detail":"- น้ำท่วมขังประมาณ 20 ซม. แนวทางแก้ไข - เรียงกระสอบทราย ยาว 300 เมตร","add2":null,"add1":null,"objectid":331,"add4":null,"risk_gob_num":0,"add3":null}},{"geometry":{"type":"Point","coordinates":[100.68029999987405,13.853920000402004],"crs":null},"id":332,"type":"Feature","properties":{"กรท":null,"เขต":"ปัจจุบันไม่มีน้ำท่วมขัง","สคน":null,"remark":"เปิดทางน้ำไหล ลอกท่อระบายน้ำ ปีเว้นปี ตามแผน","risk_gob_detail":null,"project_name":null,"กรบ":null,"status_detail":"แก้ไขแล้วเสร็จ","problem":"น้ำฝน สนข.","สพน":null,"status_num":5,"district":"คลองสามวา","name":"ซอยคู้บอน 30","x":100.6803,"group_d":"กรุงเทพตะวันออก","y":13.85392,"id":332,"detail":"- น้ำท่วมขังประมาณ 15 ซม. แนวทางแก้ไข - เรียงกระสอบทราย ยาว 50 เมตร","add2":null,"add1":null,"objectid":332,"add4":null,"risk_gob_num":0,"add3":null}},{"geometry":{"type":"Point","coordinates":[100.71040000011769,13.870490000138156],"crs":null},"id":333,"type":"Feature","properties":{"กรท":null,"เขต":"ปัจจุบันไม่มีน้ำท่วมขัง","สคน":null,"remark":"เปิดทางน้ำไหล ลอกท่อระบายน้ำ ปีเว้นปี ตามแผน","risk_gob_detail":null,"project_name":null,"กรบ":null,"status_detail":"แก้ไขแล้วเสร็จ","problem":"น้ำฝน สนข.","สพน":null,"status_num":5,"district":"คลองสามวา","name":"ซอยเลียบคลองสอง 19","x":100.7104,"group_d":"กรุงเทพตะวันออก","y":13.87049,"id":333,"detail":"- น้ำท่วมขังประมาณ 30 ซม. แนวทางแก้ไข - เรียงกระสอบทราย ยาว 50 เมตร","add2":null,"add1":null,"objectid":333,"add4":null,"risk_gob_num":0,"add3":null}},{"geometry":{"type":"Point","coordinates":[100.70209999988039,13.8305800004153],"crs":null},"id":334,"type":"Feature","properties":{"กรท":null,"เขต":"1.ติดตั้งเครื่องสูบน้ำดีเซลขนาด 8 นิ้ว\n2.โครงการก่อสร้างระบบแก้มลิง สวนน้ำเสรีไทยช่วงคลองครุถึงคลองบางชัน#","สคน":null,"remark":"เปิดทางน้ำไหล ลอกท่อระบายน้ำ ปีเว้นปี ตามแผน","risk_gob_detail":null,"project_name":null,"กรบ":null,"status_detail":"แก้ไขแล้วเสร็จ","problem":"น้ำฝน สนข.","สพน":null,"status_num":5,"district":"คลองสามวา","name":"ซอยพระยาสุเรนทร์ 28 (หมู่บ้านทหารกองหนุน)","x":100.7021,"group_d":"กรุงเทพตะวันออก","y":13.83058,"id":334,"detail":"- น้ำท่วมขังประมาณ น้ำท่วมขังประมาณ 20 ซม. แนวทางแก้ไข - ติดตั้งเครื่องสูบน้ำดีเซลขนาด 8 นิ้ว จำนวน 2 เครื่อง - กระสอบทราย 400 ใบ","add2":null,"add1":null,"objectid":334,"add4":null,"risk_gob_num":0,"add3":null}},{"geometry":{"type":"Point","coordinates":[100.6967000003321,13.860110000213012],"crs":null},"id":335,"type":"Feature","properties":{"กรท":null,"เขต":"ลอกท่่อระบายน้ำ","สคน":null,"remark":"เปิดทางน้ำไหล ลอกท่อระบายน้ำ ปีเว้นปี ตามแผน","risk_gob_detail":null,"project_name":null,"กรบ":null,"status_detail":"แก้ไขแล้วเสร็จ","problem":"น้ำฝน สนข.","สพน":null,"status_num":5,"district":"คลองสามวา","name":"ซอยเลียบคลองสอง 7","x":100.6967,"group_d":"กรุงเทพตะวันออก","y":13.86011,"id":335,"detail":"- น้ำท่วมขังประมาณ 10 ซม. แนวทางแก้ไข - เรียงกระสอบทราย ยาว 80 เมตร","add2":null,"add1":null,"objectid":335,"add4":null,"risk_gob_num":0,"add3":null}},{"geometry":{"type":"Point","coordinates":[100.73039999997518,13.887750000218094],"crs":null},"id":336,"type":"Feature","properties":{"กรท":null,"เขต":"ปัจจุบันไม่มีน้ำท่วมขัง","สคน":null,"remark":"เปิดทางน้ำไหล ลอกท่อระบายน้ำ ปีเว้นปี ตามแผน","risk_gob_detail":null,"project_name":null,"กรบ":null,"status_detail":"แก้ไขแล้วเสร็จ","problem":"น้ำฝน สนข.","สพน":null,"status_num":5,"district":"คลองสามวา","name":"ซอยนิมิตใหม่ 37","x":100.7304,"group_d":"กรุงเทพตะวันออก","y":13.88775,"id":336,"detail":"- น้ำท่วมขังประมาณ 10 ซม. แนวทางแก้ไข - กระสอบทราย 300 ใบ","add2":null,"add1":null,"objectid":336,"add4":null,"risk_gob_num":0,"add3":null}},{"geometry":{"type":"Point","coordinates":[100.73019999995861,13.886880000193319],"crs":null},"id":337,"type":"Feature","properties":{"กรท":null,"เขต":"ปัจจุบันไม่มีน้ำท่วมขัง","สคน":null,"remark":"เปิดทางน้ำไหล ลอกท่อระบายน้ำ ปีเว้นปี ตามแผน","risk_gob_detail":null,"project_name":null,"กรบ":null,"status_detail":"แก้ไขแล้วเสร็จ","problem":"น้ำฝน สนข.","สพน":null,"status_num":5,"district":"คลองสามวา","name":"ซอยนิมิตใหม่ 35/1","x":100.7302,"group_d":"กรุงเทพตะวันออก","y":13.88688,"id":337,"detail":"- น้ำท่วมขังประมาณ 4-5 ซม. แนวทางแก้ไข - กระสอบทราย 300 ใบ","add2":null,"add1":null,"objectid":337,"add4":null,"risk_gob_num":0,"add3":null}},{"geometry":{"type":"Point","coordinates":[100.7320999996666,13.904540000237956],"crs":null},"id":338,"type":"Feature","properties":{"กรท":null,"เขต":"ปัจจุบันไม่มีน้ำท่วมขัง","สคน":null,"remark":"เปิดทางน้ำไหล ลอกท่อระบายน้ำ ปีเว้นปี ตามแผน","risk_gob_detail":null,"project_name":null,"กรบ":null,"status_detail":"แก้ไขแล้วเสร็จ","problem":"น้ำฝน สนข.","สพน":null,"status_num":5,"district":"คลองสามวา","name":"ซอยนิมิตใหม่ 55/1","x":100.7321,"group_d":"กรุงเทพตะวันออก","y":13.90454,"id":338,"detail":"- น้ำท่วมขังประมาณ 10-15 ซม. แนวทางแก้ไข - กระสอบทราย 300 ใบ","add2":null,"add1":null,"objectid":338,"add4":null,"risk_gob_num":0,"add3":null}},{"geometry":{"type":"Point","coordinates":[100.7301000003995,13.915669999849792],"crs":null},"id":339,"type":"Feature","properties":{"กรท":null,"เขต":"ปรับปรุงผิวจราจร งบซ่อมแซมปี 67) (แล้วเสร็จ)","สคน":null,"remark":"ขอรายละเอียดโครงการเพิ่มเติม","risk_gob_detail":null,"project_name":null,"กรบ":null,"status_detail":"แก้ไขแล้วเสร็จ","problem":"น้ำฝน สนข.","สพน":null,"status_num":5,"district":"คลองสามวา","name":"ซอยราฎร์นิมิตรมิตร 2 แยก 4","x":100.7301,"group_d":"กรุงเทพตะวันออก","y":13.91567,"id":339,"detail":"- น้ำท่วมขังประมาณ 10 ซม. แนวทางแก้ไข - กระสอบทราย 400 ใบ","add2":null,"add1":null,"objectid":339,"add4":null,"risk_gob_num":0,"add3":null}},{"geometry":{"type":"Point","coordinates":[100.6874000000121,13.875480000107812],"crs":null},"id":340,"type":"Feature","properties":{"กรท":null,"เขต":"เปิดทางน้ำไหล","สคน":null,"remark":"เปิดทางน้ำไหล ลอกท่อระบายน้ำ ปีเว้นปี ตามแผน","risk_gob_detail":null,"project_name":null,"กรบ":null,"status_detail":"แก้ไขแล้วเสร็จ","problem":"น้ำฝน สนข.","สพน":null,"status_num":5,"district":"คลองสามวา","name":"ซอยพระยาสุเรนทร์ 48","x":100.6874,"group_d":"กรุงเทพตะวันออก","y":13.87548,"id":340,"detail":"- น้ำท่วมขังประมาณ 80 ซม. แนวทางแก้ไข - เรียงกระสอบทราย ยาว 80 เมตร","add2":null,"add1":null,"objectid":340,"add4":null,"risk_gob_num":0,"add3":null}},{"geometry":{"type":"Point","coordinates":[100.72739999972704,13.834799999647368],"crs":null},"id":341,"type":"Feature","properties":{"กรท":null,"เขต":"ปรับปรุงถนนพร้อมวางท่อระบายน้ำ ขนาด 0.80 ม.(งบปี 66) (แล้วเสร็จ)","สคน":null,"remark":null,"risk_gob_detail":null,"project_name":null,"กรบ":null,"status_detail":"แก้ไขแล้วเสร็จ","problem":"น้ำฝน สนข.","สพน":null,"status_num":5,"district":"คลองสามวา","name":"ซอยสามวา 12","x":100.7274,"group_d":"กรุงเทพตะวันออก","y":13.8348,"id":341,"detail":"- น้ำท่วมขังประมาณ 5-10 ซม. แนวทางแก้ไข - กระสอบทราย 200 ใบ","add2":null,"add1":null,"objectid":341,"add4":null,"risk_gob_num":0,"add3":null}},{"geometry":{"type":"Point","coordinates":[100.69060000027675,13.851040000300479],"crs":null},"id":342,"type":"Feature","properties":{"กรท":null,"เขต":"ปัจจุบันไม่มีน้ำท่วมขัง","สคน":null,"remark":"พื้นที่เอกชนหมู่บ้าน","risk_gob_detail":null,"project_name":null,"กรบ":null,"status_detail":"แก้ไขแล้วเสร็จ","problem":"น้ำฝน สนข.","สพน":null,"status_num":5,"district":"คลองสามวา","name":"ซอยพระยาสุเรนทร์ 35 (หมู่บ้านเดอะธารา)","x":100.6906,"group_d":"กรุงเทพตะวันออก","y":13.85104,"id":342,"detail":"- น้ำท่วมขังประมาณ 20-30 ซม. แนวทางแก้ไข - เรียงกระสอบทรายยาว 50 เมตร","add2":null,"add1":null,"objectid":342,"add4":null,"risk_gob_num":0,"add3":null}},{"geometry":{"type":"Point","coordinates":[100.69069999983587,13.669860000022323],"crs":null},"id":343,"type":"Feature","properties":{"กรท":null,"เขต":"ปรับปรุงระดับถนนให้สูงขึ้น และเพิ่มขนาดท่อระบายน้ำ","สคน":null,"remark":null,"risk_gob_detail":null,"project_name":null,"กรบ":null,"status_detail":"อยู่ระหว่างดำเนินการแก้ไข","problem":"น้ำฝน สนข.","สพน":null,"status_num":3,"district":"ประเวศ","name":"หมู่บ้านทุ่งเศรษฐี","x":100.6907,"group_d":"กรุงเทพตะวันออก","y":13.66986,"id":343,"detail":"เนื่องจากผิวจราจรมีระดับต่ำ ทำให้เมื่อผนตก ระดับในคลองอาจารย์พรสูงกว่าระดับถนน ทำให้เกิดน้ำท่วมขัง","add2":null,"add1":null,"objectid":343,"add4":null,"risk_gob_num":0,"add3":null}},{"geometry":{"type":"Point","coordinates":[100.70830000039315,13.696149999760904],"crs":null},"id":344,"type":"Feature","properties":{"กรท":null,"เขต":"ได้รับงบประมาณปรับปรุงประจำปีงบประมาณปี 2569 โครงการปรับปรุงซอยอ่อนนุช 70/1 แยก 2 รวม 5 ซอย","สคน":null,"remark":null,"risk_gob_detail":null,"project_name":null,"กรบ":null,"status_detail":"อยู่ระหว่างดำเนินการแก้ไข","problem":"น้ำฝน สนข.","สพน":null,"status_num":3,"district":"ประเวศ","name":"ชุมชน 14 ไร่,19 ไร่","x":100.7083,"group_d":"กรุงเทพตะวันออก","y":13.69615,"id":344,"detail":"เนื่องจากผิวจราจรมีระดับต่ำ ทำให้เมื่อผนตก ระดับในคลองตาพุกและคลองขันแตกสูงกว่าระดับถนน ทำให้เกิดน้ำท่วมขัง ","add2":null,"add1":null,"objectid":344,"add4":null,"risk_gob_num":0,"add3":null}},{"geometry":{"type":"Point","coordinates":[100.65880000034167,13.707469999633163],"crs":null},"id":345,"type":"Feature","properties":{"กรท":null,"เขต":"ปรับปรุงระดับถนนให้สูงขึ้น และเพิ่มขนาดท่อระบายน้ำ","สคน":null,"remark":null,"risk_gob_detail":null,"project_name":null,"กรบ":null,"status_detail":"อยู่ระหว่างดำเนินการแก้ไข","problem":"น้ำฝน สนข.","สพน":null,"status_num":3,"district":"ประเวศ","name":"หมู่บ้านเสรีอ่อนนุช","x":100.6588,"group_d":"กรุงเทพตะวันออก","y":13.70747,"id":345,"detail":"ผิวจราจรมีระดับต่ำท่อระบายน้ำในซอยแยกย่อยมีขนาดเล็กและชำรุด","add2":null,"add1":null,"objectid":345,"add4":null,"risk_gob_num":0,"add3":null}},{"geometry":{"type":"Point","coordinates":[100.70920000001844,13.702979999915298],"crs":null},"id":346,"type":"Feature","properties":{"กรท":null,"เขต":"ปรับปรุงระดับถนนให้สูงขึ้น และเพิ่มขนาดท่อระบายน้ำ","สคน":null,"remark":null,"risk_gob_detail":null,"project_name":null,"กรบ":null,"status_detail":"อยู่ระหว่างดำเนินการแก้ไข","problem":"น้ำฝน สนข.","สพน":null,"status_num":3,"district":"ประเวศ","name":"ชุมชน 40 ไร่","x":100.7092,"group_d":"กรุงเทพตะวันออก","y":13.70298,"id":346,"detail":"ซอยแยกย่อยมีพื้นที่ต่ำท่อระบายน้ำมีขนาดเล็กและไม่สามารถไหลลงสู่ท่อระบายน้ำสาธารณะได้","add2":null,"add1":null,"objectid":346,"add4":null,"risk_gob_num":0,"add3":null}},{"geometry":{"type":"Point","coordinates":[100.6639000003143,13.726269999856576],"crs":null},"id":347,"type":"Feature","properties":{"กรท":null,"เขต":"ปรับปรุงระดับถนนให้สูงขึ้น และเพิ่มขนาดท่อระบายน้ำ","สคน":null,"remark":null,"risk_gob_detail":null,"project_name":null,"กรบ":null,"status_detail":"อยู่ระหว่างดำเนินการแก้ไข","problem":"น้ำฝน สนข.","สพน":null,"status_num":3,"district":"ประเวศ","name":"ซอยพัฒนาการ 65 (หมู่บ้านผาสุข)","x":100.6639,"group_d":"กรุงเทพตะวันออก","y":13.72627,"id":347,"detail":"ซอยแยกย่อยมีพื้นที่ต่ำท่อระบายน้ำมีขนาดเล็กและไม่สามารถไหลลงสู่ท่อระบายน้ำสาธารณะได้","add2":null,"add1":null,"objectid":347,"add4":null,"risk_gob_num":0,"add3":null}},{"geometry":{"type":"Point","coordinates":[100.6653999999892,13.675530000333053],"crs":null},"id":348,"type":"Feature","properties":{"กรท":null,"เขต":"ปรับปรุงระดับถนนให้สูงขึ้น และเพิ่มขนาดท่อระบายน้ำ","สคน":null,"remark":null,"risk_gob_detail":null,"project_name":null,"กรบ":null,"status_detail":"อยู่ระหว่างดำเนินการแก้ไข","problem":"น้ำฝน สนข.","สพน":null,"status_num":3,"district":"ประเวศ","name":"หมู่บ้านเคหะนครแปลง 1 และแปลง 2","x":100.6654,"group_d":"กรุงเทพตะวันออก","y":13.67553,"id":348,"detail":"ซอยแยกย่อยมีพื้นที่ต่ำท่อระบายน้ำมีขนาดเล็กและไม่สามารถไหลลงสู่ท่อระบายน้ำสาธารณะได้","add2":null,"add1":null,"objectid":348,"add4":null,"risk_gob_num":0,"add3":null}},{"geometry":{"type":"Point","coordinates":[100.6794999998079,13.683990000283263],"crs":null},"id":349,"type":"Feature","properties":{"กรท":null,"เขต":"ปรับปรุงระดับถนนให้สูงขึ้น และเพิ่มขนาดท่อระบายน้ำ","สคน":null,"remark":null,"risk_gob_detail":null,"project_name":null,"กรบ":null,"status_detail":"พื้นที่เอกชนหรือหน่วยงานราชการ","problem":"น้ำฝน สนข.","สพน":null,"status_num":2,"district":"ประเวศ","name":"หมู่บ้านสมใจวิลเลจ","x":100.6795,"group_d":"กรุงเทพตะวันออก","y":13.68399,"id":349,"detail":"พื้นที่มีระดับต่ำและท่อระบายน้ำมีขนาดเล็ก","add2":null,"add1":null,"objectid":349,"add4":null,"risk_gob_num":0,"add3":null}},{"geometry":{"type":"Point","coordinates":[100.66419999988996,13.677669999694004],"crs":null},"id":350,"type":"Feature","properties":{"กรท":null,"เขต":"ปรับปรุงระดับถนนให้สูงขึ้น และเพิ่มขนาดท่อระบายน้ำ","สคน":null,"remark":null,"risk_gob_detail":null,"project_name":null,"กรบ":null,"status_detail":"อยู่ระหว่างดำเนินการแก้ไข","problem":"น้ำฝน สนข.","สพน":null,"status_num":3,"district":"ประเวศ","name":"หมู่บ้านเคหะนครแปลง 3 (ซอยเฉลิมพระเกียรติ ร.๙ ซอย 26)","x":100.6642,"group_d":"กรุงเทพตะวันออก","y":13.67767,"id":350,"detail":"ผิวจราจรมีระดับต่ำท่อระบายน้ำในซอยแยกย่อยมีขนาดเล็กและชำรุด","add2":null,"add1":null,"objectid":350,"add4":null,"risk_gob_num":0,"add3":null}},{"geometry":{"type":"Point","coordinates":[100.69860000004007,13.729400000179451],"crs":null},"id":351,"type":"Feature","properties":{"กรท":null,"เขต":"ปรับปรุงระดับถนนให้สูงขึ้น และเพิ่มขนาดท่อระบายน้ำ","สคน":null,"remark":null,"risk_gob_detail":null,"project_name":null,"กรบ":null,"status_detail":"อยู่ระหว่างดำเนินการแก้ไข","problem":"น้ำฝน สนข.","สพน":null,"status_num":3,"district":"ประเวศ","name":"หมู่บ้านสุธาทิพย์","x":100.6986,"group_d":"กรุงเทพตะวันออก","y":13.7294,"id":351,"detail":"ซอยแยกย่อยมีพื้นที่ต่ำท่อระบายน้ำมีขนาดเล็กและไม่สามารถไหลลงสู่ท่อระบายน้ำสาธารณะได้","add2":null,"add1":null,"objectid":351,"add4":null,"risk_gob_num":0,"add3":null}},{"geometry":{"type":"Point","coordinates":[100.67709999960937,13.720319999971164],"crs":null},"id":352,"type":"Feature","properties":{"กรท":null,"เขต":"ปรับปรุงระดับถนนให้สูงขึ้น และเพิ่มขนาดท่อระบายน้ำ","สคน":null,"remark":null,"risk_gob_detail":null,"project_name":null,"กรบ":null,"status_detail":"พื้นที่เอกชนหรือหน่วยงานราชการ","problem":"น้ำฝน สนข.","สพน":null,"status_num":2,"district":"ประเวศ","name":"ซอยอ่อนนุช 59/1 (หมู่บ้านชมเดือน)","x":100.6771,"group_d":"กรุงเทพตะวันออก","y":13.72032,"id":352,"detail":"พื้นที่มีระดับต่ำและท่อระบายน้ำมีขนาดเล็ก","add2":null,"add1":null,"objectid":352,"add4":null,"risk_gob_num":0,"add3":null}},{"geometry":{"type":"Point","coordinates":[100.67049999996183,13.725920000190513],"crs":null},"id":353,"type":"Feature","properties":{"กรท":null,"เขต":"ปรับปรุงระดับถนนให้สูงขึ้น และเพิ่มขนาดท่อระบายน้ำ","สคน":null,"remark":null,"risk_gob_detail":null,"project_name":null,"กรบ":null,"status_detail":"พื้นที่เอกชนหรือหน่วยงานราชการ","problem":"น้ำฝน สนข.","สพน":null,"status_num":2,"district":"ประเวศ","name":"หมู่บ้านเมืองทองการ์เด้น","x":100.6705,"group_d":"กรุงเทพตะวันออก","y":13.72592,"id":353,"detail":"พื้นที่มีระดับต่ำและท่อระบายน้ำมีขนาดเล็ก","add2":null,"add1":null,"objectid":353,"add4":null,"risk_gob_num":0,"add3":null}},{"geometry":{"type":"Point","coordinates":[100.7222000001953,13.816509999614691],"crs":null},"id":354,"type":"Feature","properties":{"กรท":null,"เขต":"ผู้รับจ้างโครงการก่อสร้างระบบรวบรวมน้ำเสียและระบบบำบัดน้ำเสียมีนบุรีระยะที่ 1 รื้อสิ่งกีดขวางทางน้ำ","สคน":null,"remark":null,"risk_gob_detail":null,"project_name":null,"กรบ":null,"status_detail":"แก้ไขแล้วเสร็จ","problem":"น้ำฝน สนข.","สพน":null,"status_num":5,"district":"มีนบุรี","name":"ถนนสุวินทวงศ์ ช่วงสี่แยกมีนบุรี - คลองเจ๊ก (มีนบุรี)","x":100.7222,"group_d":"กรุงเทพตะวันออก","y":13.81651,"id":354,"detail":"- เกิดจากโครงการก่อสร้างระบบรวบรวมน้ำเสียและระบบบำบัดน้ำเสียมีนบุรี ระยะที่ 1 ดำเนินการปิดกั้นท่อระบายน้ำ เพื่อดำเนินการก่อสร้างระบบบำบัดน้ำเสียทำให้มีน้ำท่วมขัง สูงประมาณ 10-15 ซม. ยาวประมาณ 600 เมตร แนวทางแก้ไข - ติดตั้งเครื่องสูบน้ำ ขนาด 8 นิ้ว จำนวน 1 เครื่อง - บล็อกด้วยกระสอบทราย 1000 ใบ","add2":null,"add1":null,"objectid":354,"add4":null,"risk_gob_num":0,"add3":null}},{"geometry":{"type":"Point","coordinates":[100.67250000012727,13.743900000285498],"crs":null},"id":355,"type":"Feature","properties":{"กรท":null,"เขต":"สำนักการโยธาปรับปรุงขยายถนนกรุงเทพกรีฑา , สำนักงานเขตได้ติดตั้งเครื่องสูบน้ำริมคลองทับช้างล่างด้วยเครื่องยนต์ดีเซลขนาด 10 นิ้วจำนวน 2 เครืองและริมคลองบ้านม้า ด้วยเครื่องยนต์ไฮดรอลิคขนาด 30 นิ้วจำนวน 1 เครื่อง,เครื่องยนต์ดีเซลขนาด 8 นิ้วจำนวน 1 เครื่อง","สคน":null,"remark":null,"risk_gob_detail":null,"project_name":null,"กรบ":null,"status_detail":"อยู่ระหว่างดำเนินการแก้ไข","problem":"น้ำฝน สนข.","สพน":null,"status_num":3,"district":"สะพานสูง","name":"ถนนกรุงเทพกรีฑา","x":100.6725,"group_d":"กรุงเทพตะวันออก","y":13.7439,"id":355,"detail":"น้ำล้นตลิ่งจากคลองบ้านม้า,คลองวังใหญ่และคลองทับช้างล่าง","add2":null,"add1":null,"objectid":355,"add4":null,"risk_gob_num":0,"add3":null}},{"geometry":{"type":"Point","coordinates":[100.72440000037724,13.812459999961542],"crs":null},"id":356,"type":"Feature","properties":{"กรท":null,"เขต":"ผู้รับจ้างโครงการก่อสร้างระบบรวบรวมน้ำเสียและระบบบำบัดน้ำเสียมีนบุรีระยะที่ 1 รื้อสิ่งกีดขวางทางน้ำ","สคน":null,"remark":null,"risk_gob_detail":null,"project_name":null,"กรบ":null,"status_detail":"แก้ไขแล้วเสร็จ","problem":"น้ำฝน สนข.","สพน":null,"status_num":5,"district":"มีนบุรี","name":"ถนนสีหบุรานุกิจ ช่วงสี่แยกมีนบุรี - ซอยสีหบุรานุกิจ 18","x":100.7244,"group_d":"กรุงเทพตะวันออก","y":13.81246,"id":356,"detail":"- เกิดจากโครงการก่อสร้างรถไฟฟ้าสายสีชมพู และโครงการก่อสร้างระบบรวบรวมน้ำเสียและระบบบำบัดน้ำเสียมีนบุรี ระยะที่ 1 ดำเนินการปิดกั้นท่อระบายน้ำ เพื่อดำเนินการก่อสร้างระบบบำบัดน้ำเสียทำให้มีน้ำท่วมขัง สูงประมาณ 10-15 ซม. แนวทางแก้ไข - ติดตั้งเครื่องสูบน้ำ ขนาด 3 นิ้ว จำนวน 3 เครื่อง - บล็อกด้วยกระสอบทราย 1000 ใบ","add2":null,"add1":null,"objectid":356,"add4":null,"risk_gob_num":0,"add3":null}},{"geometry":{"type":"Point","coordinates":[100.68499999981361,13.759839999898425],"crs":null},"id":357,"type":"Feature","properties":{"กรท":null,"เขต":"ขุดลอกท่อระบายน้ำโดยใช้แรงงานเขตและติดตั้งเครื่องสูบน้ำชนิดดีเซลขนาด 8 นิ้วขนาด10 นิ้วจำนวน 3 เครื่อง","สคน":null,"remark":null,"risk_gob_detail":null,"project_name":null,"กรบ":null,"status_detail":"แก้ไขแล้วเสร็จ","problem":"น้ำฝน สนข.","สพน":null,"status_num":5,"district":"สะพานสูง","name":"ซอยรามคำแหง 118 แยก 61","x":100.685,"group_d":"กรุงเทพตะวันออก","y":13.75984,"id":357,"detail":"#NAME?","add2":null,"add1":null,"objectid":357,"add4":null,"risk_gob_num":0,"add3":null}},{"geometry":{"type":"Point","coordinates":[100.65110000015399,13.75486999968238],"crs":null},"id":358,"type":"Feature","properties":{"กรท":null,"เขต":"1.ติดตั้งเครื่องสูบน้ำดีเซลขนาด 8 นิ้ว จำนวน 2 เครื่อง,\n2. งานก่อสร้างระบบระบายน้ำคลองวัดศรีบุญเรือง(สพน.สนน) #ก่อสร้าง","สคน":null,"remark":"น้ำล้นตลิ่งคลองหัวหมาก สนน. จัดทำสร้างเขื่อมฟันหลอ (สาธารณะ)","risk_gob_detail":null,"project_name":null,"กรบ":null,"status_detail":"แก้ไขแล้วเสร็จ","problem":"น้ำฝน สนข.","สพน":null,"status_num":5,"district":"บางกะปิ","name":"หมู่บ้านสวนสน ซอยรามคำแหง 60 แยก 12","x":100.6511,"group_d":"กรุงเทพตะวันออก","y":13.75487,"id":358,"detail":"- อยู่ติดกับคลองหัวหมาก ซึ่งเป็นคลองสาขาที่เชื่อมต่อกับคลองแสนแสบ ไม่มีประตูน้ำกั้น แนวทางแก้ไข - เครื่องสูบน้ำดีเซลขนาด 8 นิ้ว จำนวน 2 เครื่อง","add2":null,"add1":null,"objectid":358,"add4":null,"risk_gob_num":0,"add3":null}},{"geometry":{"type":"Point","coordinates":[100.70810000037662,13.823660000373307],"crs":null},"id":359,"type":"Feature","properties":{"กรท":null,"เขต":"ปัจจุบันไม่มีน้ำท่วมขัง","สคน":null,"remark":"เปิดทางน้ำไหล ลอกท่อระบายน้ำ ปีเว้นปี ตามแผน","risk_gob_detail":null,"project_name":null,"กรบ":null,"status_detail":"แก้ไขแล้วเสร็จ","problem":"น้ำฝน สนข.","สพน":null,"status_num":5,"district":"คลองสามวา","name":"ซอยเจริญพัฒนา 5","x":100.7081,"group_d":"กรุงเทพตะวันออก","y":13.82366,"id":359,"detail":"- น้ำท่วมขังประมาณ 30-50 ซม. แนวทางแก้ไข - กระสอบทราย 500 ใบ","add2":null,"add1":null,"objectid":359,"add4":null,"risk_gob_num":0,"add3":null}},{"geometry":{"type":"Point","coordinates":[100.71109999972641,13.832859999951252],"crs":null},"id":360,"type":"Feature","properties":{"กรท":null,"เขต":"ปัจจุบันไม่มีน้ำท่วมขัง","สคน":null,"remark":"เปิดทางน้ำไหล ลอกท่อระบายน้ำ ปีเว้นปี ตามแผน","risk_gob_detail":null,"project_name":null,"กรบ":null,"status_detail":"แก้ไขแล้วเสร็จ","problem":"น้ำฝน สนข.","สพน":null,"status_num":5,"district":"คลองสามวา","name":"ซอยเจริญพัฒนา 19","x":100.7111,"group_d":"กรุงเทพตะวันออก","y":13.83286,"id":360,"detail":"- น้ำท่วมขังประมาณ 20-30 ซม. แนวทางแก้ไข - กระสอบทราย 200 ใบ","add2":null,"add1":null,"objectid":360,"add4":null,"risk_gob_num":0,"add3":null}},{"geometry":{"type":"Point","coordinates":[100.68820000007825,13.876130000159401],"crs":null},"id":361,"type":"Feature","properties":{"กรท":null,"เขต":"บล็อคกระสอบทราย พร้อมติดตั้งเครื่องสูบน้ำ ขุดลอกเปิดทางน้ำไหล","สคน":null,"remark":"เปิดทางน้ำไหล ลอกท่อระบายน้ำ ปีเว้นปี ตามแผน","risk_gob_detail":null,"project_name":null,"กรบ":null,"status_detail":"แก้ไขแล้วเสร็จ","problem":"น้ำฝน สนข.","สพน":null,"status_num":5,"district":"คลองสามวา","name":"ซอยพระยาสุเรนทร์ 46","x":100.6882,"group_d":"กรุงเทพตะวันออก","y":13.87613,"id":361,"detail":"- น้ำท่วมขังประมาณ 80 ซม. แนวทางแก้ไข - เรียงกระสอบทราย ยาว 80 เมตร","add2":null,"add1":null,"objectid":361,"add4":null,"risk_gob_num":0,"add3":null}},{"geometry":{"type":"Point","coordinates":[100.72280000024493,13.85093999980103],"crs":null},"id":362,"type":"Feature","properties":{"กรท":null,"เขต":"ติดตั้งเครื่องสูบน้ำดีเซลขนาด 8 นิ้ว","สคน":null,"remark":null,"risk_gob_detail":null,"project_name":null,"กรบ":null,"status_detail":"แก้ไขแล้วเสร็จ","problem":"น้ำฝน สนข.","สพน":null,"status_num":5,"district":"คลองสามวา","name":"ซอยหทัยราษฎร์ 8 (หมู่บ้านหทัยราษฎร์)","x":100.7228,"group_d":"กรุงเทพตะวันออก","y":13.85094,"id":362,"detail":"- น้ำท่วมขังประมาณ 15-20 ซม. แนวทางแก้ไข - กระสอบทราย 50 ใบ","add2":null,"add1":null,"objectid":362,"add4":null,"risk_gob_num":0,"add3":null}},{"geometry":{"type":"Point","coordinates":[100.57570000020621,13.818389999846444],"crs":null},"id":363,"type":"Feature","properties":{"กรท":null,"เขต":null,"สคน":null,"remark":"สนน.","risk_gob_detail":null,"project_name":null,"กรบ":null,"status_detail":"แก้ไขแล้วเสร็จ","problem":"น้ำฝน สนข.","สพน":null,"status_num":5,"district":"จตุจักร","name":"ถนนรัชดาภิเษกช่วงหน้ามหาวิทยาลัยราชภัฏจันทรเกษมถึงหน้าธนาคารกรุงเทพ","x":100.5757,"group_d":"กรุงเทพเหนือ","y":13.81839,"id":363,"detail":"สภาพซอยมีพื้นที่ต่ำ","add2":null,"add1":null,"objectid":363,"add4":null,"risk_gob_num":0,"add3":null}},{"geometry":{"type":"Point","coordinates":[100.55900000017249,13.819330000378896],"crs":null},"id":364,"type":"Feature","properties":{"กรท":null,"เขต":null,"สคน":null,"remark":"สนน.","risk_gob_detail":null,"project_name":null,"กรบ":null,"status_detail":"แก้ไขแล้วเสร็จบางส่วน","problem":"น้ำฝน สนข.","สพน":null,"status_num":4,"district":"จตุจักร","name":"ถนนวิภาวดี ช่วงบริเวณโรงเรียนหอวัง","x":100.559,"group_d":"กรุงเทพเหนือ","y":13.81933,"id":364,"detail":null,"add2":null,"add1":null,"objectid":364,"add4":null,"risk_gob_num":0,"add3":null}},{"geometry":{"type":"Point","coordinates":[100.80350000018187,13.79377999967934],"crs":null},"id":365,"type":"Feature","properties":{"กรท":null,"เขต":"สนข.สนับสนุนเครื่องสูบน้ำเมื่อหมู่บ้านร้องขอ","สคน":null,"remark":null,"risk_gob_detail":null,"project_name":null,"กรบ":null,"status_detail":"แก้ไขแล้วเสร็จ","problem":"น้ำฝน สนข.","สพน":null,"status_num":5,"district":"หนองจอก","name":"หมู่บ้านฟลอร่าวิลล์ พาร์คซิตี้","x":100.8035,"group_d":"กรุงเทพตะวันออก","y":13.79378,"id":365,"detail":null,"add2":null,"add1":null,"objectid":365,"add4":null,"risk_gob_num":0,"add3":null}},{"geometry":{"type":"Point","coordinates":[100.8157999998517,13.791300000066837],"crs":null},"id":366,"type":"Feature","properties":{"กรท":null,"เขต":"สนข.ได้ปรับปรุงถนนทางเข้าวัดอู่ตะเภาแล้วเสร็จ","สคน":null,"remark":null,"risk_gob_detail":null,"project_name":null,"กรบ":null,"status_detail":"แก้ไขแล้วเสร็จ","problem":"น้ำฝน สนข.","สพน":null,"status_num":5,"district":"หนองจอก","name":"ถนนทางเข้าวัดอู่คลองอู่ตะเภา","x":100.8158,"group_d":"กรุงเทพตะวันออก","y":13.7913,"id":366,"detail":"ปัญหาสภาพ - ถนนที่อยู่ในพื้นที่ลุ่มต่ำถูกน้ำท่วมเนื่องจากน้ำล้นคลอง แนวทางแก้ไข - ปรับปรุงถนนประชาอุทิศ จากถนนฉลองกรุง ถึงบ้านเลขที่ 65 หมู่ 4 แขวงลำผักชี - ปรับปรุงถนนเลียบคลองอู่ตะเภา แขวงลำผักชี","add2":null,"add1":null,"objectid":366,"add4":null,"risk_gob_num":0,"add3":null}},{"geometry":{"type":"Point","coordinates":[100.80840000013798,13.7817000002376],"crs":null},"id":367,"type":"Feature","properties":{"กรท":null,"เขต":"สนข.ได้ปรับปรุงถนนเลียบคลองลำมะขามแล้วเสร็จ","สคน":null,"remark":null,"risk_gob_detail":null,"project_name":null,"กรบ":null,"status_detail":"แก้ไขแล้วเสร็จ","problem":"น้ำฝน สนข.","สพน":null,"status_num":5,"district":"หนองจอก","name":"ถนนเลียบคลองลำมะขาม","x":100.8084,"group_d":"กรุงเทพตะวันออก","y":13.7817,"id":367,"detail":"- ถนนที่อยู่ในพื้นที่ลุ่มต่ำถูกน้ำท่วมเนื่องจากน้ำล้นคลอง แนวทางแก้ไข - ปรับปรุงซอยสุวินทวงศ์ 42 จากถนนสุวินทวงศ์ ถึงบ้านเลขที่ 24/3 หมู่ 1 แขวงลำผักชี","add2":null,"add1":null,"objectid":367,"add4":null,"risk_gob_num":0,"add3":null}},{"geometry":{"type":"Point","coordinates":[100.82339999958194,13.77676999982335],"crs":null},"id":368,"type":"Feature","properties":{"กรท":null,"เขต":"สนข.สนับสนุนเครื่องสูบน้ำเมื่อหมู่บ้านร้องขอ","สคน":null,"remark":null,"risk_gob_detail":null,"project_name":null,"กรบ":null,"status_detail":"แก้ไขแล้วเสร็จ","problem":"น้ำฝน สนข.","สพน":null,"status_num":5,"district":"หนองจอก","name":"หมู่บ้านคาริเบียนโฮม","x":100.8234,"group_d":"กรุงเทพตะวันออก","y":13.77677,"id":368,"detail":null,"add2":null,"add1":null,"objectid":368,"add4":null,"risk_gob_num":0,"add3":null}},{"geometry":{"type":"Point","coordinates":[100.8422999997976,13.777090000364977],"crs":null},"id":369,"type":"Feature","properties":{"กรท":null,"เขต":null,"สคน":null,"remark":null,"risk_gob_detail":null,"project_name":null,"กรบ":null,"status_detail":"แก้ไขแล้วเสร็จ","problem":"น้ำฝน สนข.","สพน":null,"status_num":5,"district":"หนองจอก","name":"ชุมชนการเคหะฉลองกรุง","x":100.8423,"group_d":"กรุงเทพตะวันออก","y":13.77709,"id":369,"detail":null,"add2":null,"add1":null,"objectid":369,"add4":null,"risk_gob_num":0,"add3":null}},{"geometry":{"type":"Point","coordinates":[100.89339999998143,13.77651999994046],"crs":null},"id":370,"type":"Feature","properties":{"กรท":null,"เขต":"สนข.ได้ปรับปรุงถนนเลียบคลองลำตามีร้องไห้แล้วเสร็จ","สคน":null,"remark":null,"risk_gob_detail":null,"project_name":null,"กรบ":null,"status_detail":"แก้ไขแล้วเสร็จ","problem":"น้ำฝน สนข.","สพน":null,"status_num":5,"district":"หนองจอก","name":"ถนนเลียบคลองลำตามีร้องไห้","x":100.8934,"group_d":"กรุงเทพตะวันออก","y":13.77652,"id":370,"detail":"#NAME?","add2":null,"add1":null,"objectid":370,"add4":null,"risk_gob_num":0,"add3":null}},{"geometry":{"type":"Point","coordinates":[100.817399999984,13.81691000035925],"crs":null},"id":371,"type":"Feature","properties":{"กรท":null,"เขต":"สนข.ได้ปรับปรุงถนนเลียบคลองลำนกแขวกแล้วเสร็จ","สคน":null,"remark":null,"risk_gob_detail":null,"project_name":null,"กรบ":null,"status_detail":"แก้ไขแล้วเสร็จ","problem":"น้ำฝน สนข.","สพน":null,"status_num":5,"district":"หนองจอก","name":"ถนนเลียบคลองลำนกแขวก","x":100.8174,"group_d":"กรุงเทพตะวันออก","y":13.81691,"id":371,"detail":"ปัญหาสภาพ - ถนนที่อยู่ในพื้นที่ลุ่มต่ำถูกน้ำท่วมเนื่องจากน้ำล้นคลอง แนวทางแก้ไข","add2":null,"add1":null,"objectid":371,"add4":null,"risk_gob_num":0,"add3":null}},{"geometry":{"type":"Point","coordinates":[100.58770000030037,13.899420000420607],"crs":null},"id":372,"type":"Feature","properties":{"กรท":null,"เขต":null,"สคน":null,"remark":null,"risk_gob_detail":null,"project_name":null,"กรบ":null,"status_detail":"แก้ไขแล้วเสร็จ","problem":"น้ำฝน สนข.","สพน":null,"status_num":5,"district":"หลักสี่","name":"สถานีสูบน้ำคลองตาอูฐ","x":100.5877,"group_d":"กรุงเทพเหนือ","y":13.89942,"id":372,"detail":"ภายในซอยปรีดีพนมยงค์ 31 มีท่อระบายน้ำ (ท่อเมน) ฝั่งเดียว และเนื่องจากในปี 2565 สนน.ได้รับงบประมาณปรับปรุงบ่อสูบน้ำใต้สะพานคลองตัน ช่วงฤดูฝนยังดำเนินการปรับปรุงไม่แล้วเสร็จ และเครื่องสูบน้ำสำรองไม่สามารถระบายน้ำได้ทันจึงส่งผลให้น้ำภายในซอยย่อยต่างๆ ตลอดแนวถนนปรีดีพนมยงค์ (สุขุมวิท 71) เอ่อล้นบนผิวจราจร เมื่อถนนสายหลักน้ำลดระดับลง ภายในซอยย่อยต่างๆ ลดระดับตามลำดับ ปัจจุบันสนน.ปรับปรุงบ่อสูบฯ ดังกล่าวเสร็จเรียบร้อยแล้ว น้ำภายในซอยระบายได้ตามปกติ","add2":null,"add1":null,"objectid":372,"add4":null,"risk_gob_num":0,"add3":null}},{"geometry":{"type":"Point","coordinates":[100.79570000043509,13.787630000435597],"crs":null},"id":373,"type":"Feature","properties":{"กรท":null,"เขต":"สนข.ได้ปรับปรุงถนนเลียบคลองลำก่อไผ่แล้วเสร็จ","สคน":null,"remark":null,"risk_gob_detail":null,"project_name":null,"กรบ":null,"status_detail":"แก้ไขแล้วเสร็จ","problem":"น้ำฝน สนข.","สพน":null,"status_num":5,"district":"หนองจอก","name":"ถนนเลียบคลองลำกอไผ่","x":100.7957,"group_d":"กรุงเทพตะวันออก","y":13.78763,"id":373,"detail":"ปัญหาสภาพ - ถนนที่อยู่ในพื้นที่ลุ่มต่ำถูกน้ำท่วมเนื่องจากน้ำล้นคลอง แนวทางแก้ไข - ปรับปรุงซอยสุวินทวงศ์ 42 จากถนนสุวินทวงศ์ ถึงบ้านเลขที่ 24/3 หมู่ 1 แขวงลำผักชี","add2":null,"add1":null,"objectid":373,"add4":null,"risk_gob_num":0,"add3":null}},{"geometry":{"type":"Point","coordinates":[100.5123999999117,13.818909999885966],"crs":null},"id":374,"type":"Feature","properties":{"กรท":null,"เขต":null,"สคน":null,"remark":null,"risk_gob_detail":null,"project_name":null,"กรบ":null,"status_detail":"แก้ไขแล้วเสร็จ","problem":"น้ำฝน สนข.","สพน":null,"status_num":5,"district":"บางซื่อ","name":"คลองบางเขน","x":100.5124,"group_d":"กรุงเทพเหนือ","y":13.81891,"id":374,"detail":"ระดับน้ำในคลองมีระดับสูงและมีสภาพตื้นเขิน เนื่องจากได้ขุดลอกมานานเกิน 5 ปีและมีดินตะกอนเกินกว่า 0.50 ม. ทำให้การระบายน้ำไม่มีประสิทธิภาพ แนวทางการแก้ไข .1 ก่อสร้างเขื่อน ค.ส.ล. คลองบางเขน จากคลองลาดพร้าวถึงแม่น้ำเจ้าพระยา 2 ขุดลอกคลองบางเขน ความยาวประมาณ 10,450 เมตร ( สนน. ได้รับงบประมาณ ประจำปี 2566 วงเงิน 12,454,000 บาท)(คลองต่อเนื่อง 2 พื้นที่ เขตจตุจักร และเขตบางซื่อ) (สนน)","add2":null,"add1":null,"objectid":374,"add4":null,"risk_gob_num":0,"add3":null}},{"geometry":{"type":"Point","coordinates":[100.82539999974733,13.774720000217469],"crs":null},"id":375,"type":"Feature","properties":{"กรท":null,"เขต":"สนข.ช่วยเรียงกระสอบทราย/สร้างคันและสนับสนุนเครื่องสูบน้ำเมื่อหมู่บ้านร้องขอ","สคน":null,"remark":null,"risk_gob_detail":null,"project_name":null,"กรบ":null,"status_detail":"แก้ไขแล้วเสร็จ","problem":"น้ำฝน สนข.","สพน":null,"status_num":5,"district":"หนองจอก","name":"หมู่บ้านฉลองกรุงริเวอร์วิลล์","x":100.8254,"group_d":"กรุงเทพตะวันออก","y":13.77472,"id":375,"detail":null,"add2":null,"add1":null,"objectid":375,"add4":null,"risk_gob_num":0,"add3":null}},{"geometry":{"type":"Point","coordinates":[100.58870000038308,13.809260000031786],"crs":null},"id":376,"type":"Feature","properties":{"กรท":null,"เขต":null,"สคน":null,"remark":"สนน.","risk_gob_detail":null,"project_name":null,"กรบ":null,"status_detail":"แก้ไขแล้วเสร็จ","problem":"น้ำฝน สนข.","สพน":null,"status_num":5,"district":"ลาดพร้าว","name":"คลองลาดพร้าว","x":100.5887,"group_d":"กรุงเทพเหนือ","y":13.80926,"id":376,"detail":"มีระดับสูงแต่ไม่สามารถลดระดับน้ำได้ในทันที แนวทางแก้ไขปัญหา - งานซ่อมเขื่อน ค.ส.ล.(เดิม) คลองลาดพร้าว ( สนน. จะของบประมาณปี 2566 (เพิ่มเติม) อยู่ระหว่างประมาณราคา","add2":null,"add1":null,"objectid":376,"add4":null,"risk_gob_num":0,"add3":null}},{"geometry":{"type":"Point","coordinates":[100.75409999968949,13.8258099999692],"crs":null},"id":377,"type":"Feature","properties":{"กรท":null,"เขต":"ปัจจุบันไม่มีน้ำท่วมขัง","สคน":null,"remark":"เปิดทางน้ำไหล ลอกท่อระบายน้ำ ปีเว้นปี ตามแผน","risk_gob_detail":null,"project_name":null,"กรบ":null,"status_detail":"แก้ไขแล้วเสร็จ","problem":"น้ำฝน สนข.","สพน":null,"status_num":5,"district":"คลองสามวา","name":"ซอยประชาร่วมใจ 2","x":100.7541,"group_d":"กรุงเทพตะวันออก","y":13.82581,"id":377,"detail":"- น้ำท่วมขังประมาณ 30 ซม. แนวทางแก้ไข - เรียงกระสอบทรายยาวตลอดซอย","add2":null,"add1":null,"objectid":377,"add4":null,"risk_gob_num":0,"add3":null}},{"geometry":{"type":"Point","coordinates":[100.75910000010302,13.828709999820063],"crs":null},"id":378,"type":"Feature","properties":{"กรท":null,"เขต":"ปัจจุบันไม่มีน้ำท่วมขัง","สคน":null,"remark":"เปิดทางน้ำไหล ลอกท่อระบายน้ำ ปีเว้นปี ตามแผน","risk_gob_detail":null,"project_name":null,"กรบ":null,"status_detail":"แก้ไขแล้วเสร็จ","problem":"น้ำฝน สนข.","สพน":null,"status_num":5,"district":"คลองสามวา","name":"ซอยประชาร่วมใจ 10/3","x":100.7591,"group_d":"กรุงเทพตะวันออก","y":13.82871,"id":378,"detail":"- น้ำท่วมขังประมาณ 30 ซม. แนวทางแก้ไข - เรียงกระสอบทรายยาว 60 เมตร","add2":null,"add1":null,"objectid":378,"add4":null,"risk_gob_num":0,"add3":null}},{"geometry":{"type":"Point","coordinates":[100.76019999974484,13.829539999834921],"crs":null},"id":379,"type":"Feature","properties":{"กรท":null,"เขต":"จ้างเหมาขุดลอกลำรางสันนิธิ ปี 68 แล้วเสร็จ","สคน":null,"remark":"เปิดทางน้ำไหล ลอกท่อระบายน้ำ ปีเว้นปี ตามแผน","risk_gob_detail":null,"project_name":null,"กรบ":null,"status_detail":"แก้ไขแล้วเสร็จ","problem":"น้ำฝน สนข.","สพน":null,"status_num":5,"district":"คลองสามวา","name":"ซอยประชาร่วมใจ 14","x":100.7602,"group_d":"กรุงเทพตะวันออก","y":13.82954,"id":379,"detail":"- น้ำท่วมขังประมาณ 30-40 ซม. แนวทางแก้ไข - เรียงกระสอบทรายยาว 60 เมตร","add2":null,"add1":null,"objectid":379,"add4":null,"risk_gob_num":0,"add3":null}},{"geometry":{"type":"Point","coordinates":[100.75939999967868,13.831100000271164],"crs":null},"id":380,"type":"Feature","properties":{"กรท":null,"เขต":"จ้างเหมาขุดลอกลำรางสันนิธิ ปี 68 แล้วเสร็จ","สคน":null,"remark":"เปิดทางน้ำไหล ลอกท่อระบายน้ำ ปีเว้นปี ตามแผน","risk_gob_detail":null,"project_name":null,"กรบ":null,"status_detail":"แก้ไขแล้วเสร็จ","problem":"น้ำฝน สนข.","สพน":null,"status_num":5,"district":"คลองสามวา","name":"ซอยประชาร่วมใจ 21","x":100.7594,"group_d":"กรุงเทพตะวันออก","y":13.8311,"id":380,"detail":"- น้ำท่วมขังประมาณ 50 ซม. แนวทางแก้ไข - เรียงกระสอบทรายยาว 200 เมตร","add2":null,"add1":null,"objectid":380,"add4":null,"risk_gob_num":0,"add3":null}},{"geometry":{"type":"Point","coordinates":[100.76039999976139,13.832359999799941],"crs":null},"id":381,"type":"Feature","properties":{"กรท":null,"เขต":"เปิดทางน้ำไหลโดยแรงงานเขต","สคน":null,"remark":"เปิดทางน้ำไหล ลอกท่อระบายน้ำ ปีเว้นปี ตามแผน","risk_gob_detail":null,"project_name":null,"กรบ":null,"status_detail":"แก้ไขแล้วเสร็จ","problem":"น้ำฝน สนข.","สพน":null,"status_num":5,"district":"คลองสามวา","name":"ซอยประชาร่วมใจ 23","x":100.7604,"group_d":"กรุงเทพตะวันออก","y":13.83236,"id":381,"detail":"- น้ำท่วมขังประมาณ 30-40 ซม. แนวทางแก้ไข - เรียงกระสอบทรายยาว 80 เมตร","add2":null,"add1":null,"objectid":381,"add4":null,"risk_gob_num":0,"add3":null}},{"geometry":{"type":"Point","coordinates":[100.76070000023536,13.8302200002371],"crs":null},"id":382,"type":"Feature","properties":{"กรท":null,"เขต":"ปัจจุบันไม่มีน้ำท่วมขัง","สคน":null,"remark":"เปิดทางน้ำไหล ลอกท่อระบายน้ำ ปีเว้นปี ตามแผน","risk_gob_detail":null,"project_name":null,"กรบ":null,"status_detail":"แก้ไขแล้วเสร็จ","problem":"น้ำฝน สนข.","สพน":null,"status_num":5,"district":"คลองสามวา","name":"ซอยประชาร่วมใจ 16","x":100.7607,"group_d":"กรุงเทพตะวันออก","y":13.83022,"id":382,"detail":"- น้ำท่วมขังประมาณ 15-20 ซม. แนวทางแก้ไข - เรียงกระสอบทรายยาว 60 เมตร","add2":null,"add1":null,"objectid":382,"add4":null,"risk_gob_num":0,"add3":null}},{"geometry":{"type":"Point","coordinates":[100.76680000029071,13.833739999596817],"crs":null},"id":383,"type":"Feature","properties":{"กรท":null,"เขต":"ปัจจุบันไม่มีน้ำท่วมขัง","สคน":null,"remark":"เปิดทางน้ำไหล ลอกท่อระบายน้ำ ปีเว้นปี ตามแผน","risk_gob_detail":null,"project_name":null,"กรบ":null,"status_detail":"แก้ไขแล้วเสร็จ","problem":"น้ำฝน สนข.","สพน":null,"status_num":5,"district":"คลองสามวา","name":"ซอยประชาร่วมใจ 38","x":100.7668,"group_d":"กรุงเทพตะวันออก","y":13.83374,"id":383,"detail":"- น้ำท่วมขังประมาณ 20-30 ซม. แนวทางแก้ไข - เรียงกระสอบทรายยาว 200 เมตร","add2":null,"add1":null,"objectid":383,"add4":null,"risk_gob_num":0,"add3":null}},{"geometry":{"type":"Point","coordinates":[100.76380000004256,13.8399800003992],"crs":null},"id":384,"type":"Feature","properties":{"กรท":null,"เขต":"ติดตั้งเครื่องสูบน้ำดีเซลขนาด 8 นิ้ว","สคน":null,"remark":null,"risk_gob_detail":null,"project_name":null,"กรบ":null,"status_detail":"แก้ไขแล้วเสร็จ","problem":"น้ำฝน สนข.","สพน":null,"status_num":5,"district":"คลองสามวา","name":"ประชาร่วมใจ 31 (ม.กฤษดานคร 25)","x":100.7638,"group_d":"กรุงเทพตะวันออก","y":13.83998,"id":384,"detail":"- น้ำท่วมขังประมาณ 40 ซม. แนวทางแก้ไข - กระสอบทราย 500 ใบ","add2":null,"add1":null,"objectid":384,"add4":null,"risk_gob_num":0,"add3":null}},{"geometry":{"type":"Point","coordinates":[100.78669999969074,13.848369999937988],"crs":null},"id":385,"type":"Feature","properties":{"กรท":null,"เขต":"ปัจจุบันไม่มีน้ำท่วมขัง","สคน":null,"remark":"ขอรายละเอียดโครงการเพิ่มเติม","risk_gob_detail":null,"project_name":null,"กรบ":null,"status_detail":"แก้ไขแล้วเสร็จ","problem":"น้ำฝน สนข.","สพน":null,"status_num":5,"district":"คลองสามวา","name":"ซอยประชาร่วมใจ 59","x":100.7867,"group_d":"กรุงเทพตะวันออก","y":13.84837,"id":385,"detail":"- น้ำท่วมขังประมาณ 10-15 ซม. แนวทางแก้ไข - เรียงกระสอบทรายยาว 200 เมตร","add2":null,"add1":null,"objectid":385,"add4":null,"risk_gob_num":0,"add3":null}},{"geometry":{"type":"Point","coordinates":[100.58670000021765,13.88953000007445],"crs":null},"id":386,"type":"Feature","properties":{"กรท":null,"เขต":"สำนักการระบายน้ำ 4","สคน":null,"remark":null,"risk_gob_detail":null,"project_name":null,"กรบ":null,"status_detail":"แก้ไขแล้วเสร็จ","problem":"น้ำฝน สนข.","สพน":null,"status_num":5,"district":"หลักสี่","name":"คลองวัดหลักสี่และคลองบางเขน","x":100.5867,"group_d":"กรุงเทพเหนือ","y":13.88953,"id":386,"detail":"น้ำในคลองมีระดับสูง ระบบระบายน้ำที่มีอยู่มีประสิทธิภาพไม่เพียงพอและมีสภาพตื้นเขิน เนื่องจากได้ขุดลอกมานานเกิน 5 ปีและมีดินตะกอนเกินกว่า 0.50 ม. ทำให้การระบายน้ำไม่มีประสิทธิภาพ แนวทางการแก้ไขปัญหา 1 ก่อสร้างประตูระบายน้ำปิดกั้นคลองวัดหลักสี่และคลองบางเขน (สนน. จะของบปี 67 (งบกลาง) อยู่ระหว่างสำรวจออกแบบ) 2 ขุดลอกคลองวัดหลักสี่ ความยาวประมาณ 1,329 เมตร ( สนน. ได้รับงบประมาณ ประจำปี 2566 วงเงิน 2,170,000 บาท)","add2":null,"add1":null,"objectid":386,"add4":null,"risk_gob_num":0,"add3":null}},{"geometry":{"type":"Point","coordinates":[100.79170000010427,13.835439999775467],"crs":null},"id":387,"type":"Feature","properties":{"กรท":null,"เขต":"เป็นหมู่บ้านเอกชน ต้องให้เจ้าของที่ดินยกที่ให้เป็นสาธารณะก่อนจึงสามารถปรับปรุงผิวจราจรพร้อมท่อระบายน้ำ","สคน":null,"remark":null,"risk_gob_detail":null,"project_name":null,"กรบ":null,"status_detail":"แก้ไขแล้วเสร็จ","problem":"น้ำฝน สนข.","สพน":null,"status_num":5,"district":"มีนบุรี","name":"หมู่บ้านประภาวรรณแลนด์ซอยราษฎร์อุทิศ 88","x":100.7917,"group_d":"กรุงเทพตะวันออก","y":13.83544,"id":387,"detail":"- เป็นหมู่บ้านเอกชน - ท่อระบายน้ำมีขนาดเล็ก - น้ำท่วมขัง ระดับความลึก 40-60 เซนติเมตร ยาว 560 เมตร แนวทางแก้ไข - ติดตั้งเครื่องสูบน้ำ ขนาด 8 นิ้ว จำนวน 1 เครื่อง - ติดตั้งเครื่องสูบน้ำ ขนาด 10 นิ้ว จำนวน 1 เครื่อง - บล็อกด้วยกระสอบทราย 1500 ใบ","add2":null,"add1":null,"objectid":387,"add4":null,"risk_gob_num":0,"add3":null}},{"geometry":{"type":"Point","coordinates":[100.78649999967422,13.83209000003912],"crs":null},"id":388,"type":"Feature","properties":{"กรท":null,"เขต":"ปรับปรุงผิวจราจรพร้อมท่อระบายน้ำ ปัจจุบันดำเนินการแล้ว","สคน":null,"remark":"ของบ68 ไม่ได้ ของบ69 ติดตั้งปั๊มไฟฟ้าอัตโนมัติพร้อมบ่อดักขยะ","risk_gob_detail":null,"project_name":null,"กรบ":null,"status_detail":"แก้ไขแล้วเสร็จ","problem":"น้ำฝน สนข.","สพน":null,"status_num":5,"district":"มีนบุรี","name":"หมู่บ้านมีนบุรีการ์เด้นโฮมซอยราษฎร์อุทิศ 48","x":100.7865,"group_d":"กรุงเทพตะวันออก","y":13.83209,"id":388,"detail":"- ถนนมีสภาพต่ำ ท่อระบายน้ำมีขนาดเล็ก - น้ำท่วมขัง ระดับความลึก 30-50 เซนติเมตร ยาว 100 เมตร แนวทางแก้ไข - ปรับปรุงซอยหมู่บ้านมีนบุรีการ์เด้นโฮม จากลำรางต้นสะตือถึงบ้านเลขที่ 60/777 แขวงแสนแสบ","add2":null,"add1":null,"objectid":388,"add4":null,"risk_gob_num":0,"add3":null}},{"geometry":{"type":"Point","coordinates":[100.69200000039254,13.89518000035019],"crs":null},"id":389,"type":"Feature","properties":{"กรท":null,"เขต":"ขุดลอกคลองพระยาสุเรนทร์ ความยาวประมาณ 9,850 เมตร ( สนน. จะของบประมาณปี 2566 (เพิ่มเติม) อยู่ระหว่างประมาณราคา)(คลองต่อเนื่อง 2 พื้นที่ เขตบางเขน และเขตสายไหม","สคน":null,"remark":null,"risk_gob_detail":null,"project_name":null,"กรบ":null,"status_detail":"แก้ไขแล้วเสร็จ","problem":"น้ำฝน สนข.","สพน":null,"status_num":5,"district":"สายไหม","name":"คลองพระยาสุเรนทร์","x":100.692,"group_d":"กรุงเทพเหนือ","y":13.89518,"id":389,"detail":"มีสภาพตื้นเขิน เนื่องจากได้ขุดลอกมานานเกิน 5 ปี และมีดินตะกอนเกินกว่า 0.50 ม. ทำให้การระบายน้ำไม่มีประสิทธิภาพ แนวทางการแก้ไขปัญหา ขุดลอกคลองพระยาสุเรนทร์ ความยาวประมาณ 9,850 เมตร ( สนน. จะของบประมาณปี 2566 (เพิ่มเติม) อยู่ระหว่างประมาณราคา)(คลองต่อเนื่อง 2 พื้นที่ เขตบางเขน และเขตสายไหม","add2":null,"add1":null,"objectid":389,"add4":null,"risk_gob_num":0,"add3":null}},{"geometry":{"type":"Point","coordinates":[100.7609000002519,13.832350000169736],"crs":null},"id":390,"type":"Feature","properties":{"กรท":null,"เขต":"ปัจจุบันไม่มีน้ำท่วมขัง","สคน":null,"remark":"เปิดทางน้ำไหล ลอกท่อระบายน้ำ ปีเว้นปี ตามแผน","risk_gob_detail":null,"project_name":null,"กรบ":null,"status_detail":"แก้ไขแล้วเสร็จ","problem":"น้ำฝน สนข.","สพน":null,"status_num":5,"district":"คลองสามวา","name":"ซอยประชาร่วมใจ 25","x":100.7609,"group_d":"กรุงเทพตะวันออก","y":13.83235,"id":390,"detail":"- น้ำท่วมขังประมาณ 20 ซม. แนวทางแก้ไข - เรียงกระสอบทรายยาว 100 เมตร","add2":null,"add1":null,"objectid":390,"add4":null,"risk_gob_num":0,"add3":null}},{"geometry":{"type":"Point","coordinates":[100.7589999996456,13.721580000045163],"crs":null},"id":391,"type":"Feature","properties":{"กรท":null,"เขต":null,"สคน":null,"remark":"สนน.+สนย.","risk_gob_detail":null,"project_name":null,"กรบ":null,"status_detail":"แก้ไขแล้วเสร็จ","problem":"น้ำฝน สนข.","สพน":null,"status_num":5,"district":"ลาดกระบัง","name":"ถนนลาดกระบัง ช่วงหน้าสำนักงานเขตลาดกระบัง","x":100.759,"group_d":"กรุงเทพตะวันออก","y":13.72158,"id":391,"detail":null,"add2":null,"add1":null,"objectid":391,"add4":null,"risk_gob_num":0,"add3":null}},{"geometry":{"type":"Point","coordinates":[100.76970000008139,13.837680000314242],"crs":null},"id":392,"type":"Feature","properties":{"กรท":null,"เขต":"ปัจจุบันไม่มีน้ำท่วมขัง","สคน":null,"remark":"ชุมชนไม่มีนิติบุคคล มีมาตรการเร่งด่วน","risk_gob_detail":null,"project_name":null,"กรบ":null,"status_detail":"แก้ไขแล้วเสร็จ","problem":"น้ำฝน สนข.","สพน":null,"status_num":5,"district":"คลองสามวา","name":"ซอยประชาร่วมใจ 35 แยก 1,4","x":100.7697,"group_d":"กรุงเทพตะวันออก","y":13.83768,"id":392,"detail":"- น้ำท่วมขังประมาณ 15-20 ซม. แนวทางแก้ไข - เรียงกระสอบทรายยาว 600 เมตร","add2":null,"add1":null,"objectid":392,"add4":null,"risk_gob_num":0,"add3":null}},{"geometry":{"type":"Point","coordinates":[100.75520000022964,13.791300000066837],"crs":null},"id":393,"type":"Feature","properties":{"กรท":null,"เขต":"ปรับปรุงผิวจราจรพร้อมท่อระบายน้ำ ปัจจุบันดำเนินการแล้ว","สคน":null,"remark":null,"risk_gob_detail":null,"project_name":null,"กรบ":null,"status_detail":"แก้ไขแล้วเสร็จ","problem":"น้ำฝน สนข.","สพน":null,"status_num":5,"district":"มีนบุรี","name":"ถนนบึงขวาง","x":100.7552,"group_d":"กรุงเทพตะวันออก","y":13.7913,"id":393,"detail":"- ถนนมีสภาพต่ำ ไม่มีท่อระบายน้ำ - น้ำท่วมขัง ระดับความลึก 20 เซนติเมตร ยาว 550 เมตร แนวทางแก้ไข - ปรับปรุงถนนบึงขวาง จากซอยบึงขวาง 3 ถึงคลองสามประเวศ แขวงแสนแสบ","add2":null,"add1":null,"objectid":393,"add4":null,"risk_gob_num":0,"add3":null}},{"geometry":{"type":"Point","coordinates":[100.7393999998212,13.722370000249208],"crs":null},"id":394,"type":"Feature","properties":{"กรท":null,"เขต":null,"สคน":null,"remark":"สนน.+สนย.+กรมทางหลวง","risk_gob_detail":null,"project_name":null,"กรบ":null,"status_detail":"แก้ไขแล้วเสร็จบางส่วน","problem":"น้ำฝน สนข.","สพน":null,"status_num":4,"district":"ลาดกระบัง","name":"ถนนอ่อนนุช-ลาดกระบัง (แยกกิ่งแก้ว)","x":100.7394,"group_d":"กรุงเทพตะวันออก","y":13.72237,"id":394,"detail":"เป็นพื้นที่ต่ำไม่มีท่อระบายน้ำ","add2":null,"add1":null,"objectid":394,"add4":null,"risk_gob_num":0,"add3":null}},{"geometry":{"type":"Point","coordinates":[100.53039999960374,13.710290000077453],"crs":null},"id":395,"type":"Feature","properties":{"กรท":null,"เขต":null,"สคน":null,"remark":"เขต","risk_gob_detail":null,"project_name":null,"กรบ":null,"status_detail":"แก้ไขแล้วเสร็จ","problem":"น้ำฝน สนข.","สพน":null,"status_num":5,"district":"สาทร","name":"บริเวณซอยจันทน์ 16 ตลอดทั้งซอยถึงซอยนราฯ14","x":100.5304,"group_d":"กรุงเทพใต้","y":13.71029,"id":395,"detail":"บริเวณซอยจันทน์ 16 ตลอดทั้งซอยถึงซอยนราฯ14 รับผลกระทบจากน้ำท่วมถนนจันทน์ มีน้ำขัง สูง 10-15 ซม. ยาว 800 ม.","add2":null,"add1":null,"objectid":395,"add4":null,"risk_gob_num":0,"add3":null}},{"geometry":{"type":"Point","coordinates":[100.51809999993394,13.709400000223637],"crs":null},"id":396,"type":"Feature","properties":{"กรท":null,"เขต":null,"สคน":null,"remark":"สนน","risk_gob_detail":null,"project_name":null,"กรบ":null,"status_detail":"แก้ไขแล้วเสร็จ","problem":"น้ำฝน สนข.","สพน":null,"status_num":5,"district":"สาทร","name":"ชุมชนวรพจน์ร่วมใจ ช่วงติดคลอง","x":100.5181,"group_d":"กรุงเทพใต้","y":13.7094,"id":396,"detail":"ชุมชนวรพจน์ร่วมใจ ช่วงติดคลอง รับผลกระทบจากน้ำท่วมถนนจันทน์ มีน้ำขัง สูง 10 ซม.","add2":null,"add1":null,"objectid":396,"add4":null,"risk_gob_num":0,"add3":null}},{"geometry":{"type":"Point","coordinates":[100.51700000029213,13.709620000373828],"crs":null},"id":397,"type":"Feature","properties":{"กรท":null,"เขต":null,"สคน":null,"remark":"สนน","risk_gob_detail":null,"project_name":null,"กรบ":null,"status_detail":"แก้ไขแล้วเสร็จ","problem":"น้ำฝน สนข.","สพน":null,"status_num":5,"district":"สาทร","name":"ชุมชนมิตรสามัคคี ช่วงติดคลอง","x":100.517,"group_d":"กรุงเทพใต้","y":13.70962,"id":397,"detail":"ชุมชนมิตรสามัคคี ช่วงติดคลอง รับผลกระทบจากน้ำท่วมถนนจันทน์ มีน้ำขัง สูง 10 ซม.","add2":null,"add1":null,"objectid":397,"add4":null,"risk_gob_num":0,"add3":null}},{"geometry":{"type":"Point","coordinates":[100.5374999997418,13.725249999722166],"crs":null},"id":398,"type":"Feature","properties":{"กรท":null,"เขต":null,"สคน":null,"remark":null,"risk_gob_detail":null,"project_name":null,"กรบ":null,"status_detail":"แก้ไขแล้วเสร็จ","problem":"น้ำฝน สนข.","สพน":null,"status_num":5,"district":"บางรัก","name":"ถนนศาลาแดง","x":100.5375,"group_d":"กรุงเทพใต้","y":13.72525,"id":398,"detail":"ถนนศาลาแดง หากฝนตกหนักจะมีน้ำรอการระบายใช้เวลาประมาณ 1 ชั่วโมง","add2":null,"add1":null,"objectid":398,"add4":null,"risk_gob_num":0,"add3":null}},{"geometry":{"type":"Point","coordinates":[100.562999999605,13.707450000159008],"crs":null},"id":399,"type":"Feature","properties":{"กรท":null,"เขต":null,"สคน":null,"remark":null,"risk_gob_detail":null,"project_name":null,"กรบ":null,"status_detail":"แก้ไขแล้วเสร็จ","problem":"น้ำฝน สนข.","สพน":null,"status_num":5,"district":"คลองเตย","name":"วัดคลองเตยนอก","x":100.563,"group_d":"กรุงเทพใต้","y":13.70745,"id":399,"detail":"น้ำล้นตลิ่งจากคลองทับช้างบน","add2":null,"add1":null,"objectid":399,"add4":null,"risk_gob_num":0,"add3":null}},{"geometry":{"type":"Point","coordinates":[100.5614999999301,13.708239999911541],"crs":null},"id":400,"type":"Feature","properties":{"กรท":null,"เขต":null,"สคน":null,"remark":null,"risk_gob_detail":null,"project_name":null,"กรบ":null,"status_detail":"อยู่ระหว่างดำเนินการแก้ไข","problem":"น้ำฝน สนข.","สพน":null,"status_num":3,"district":"คลองเตย","name":"วัดคลองเตยใน","x":100.5615,"group_d":"กรุงเทพใต้","y":13.70824,"id":400,"detail":"เป็นพื้นที่ต่ำไม่มีท่อระบายน้ำ","add2":null,"add1":null,"objectid":400,"add4":null,"risk_gob_num":0,"add3":null}},{"geometry":{"type":"Point","coordinates":[100.58499999962791,13.707359999886041],"crs":null},"id":401,"type":"Feature","properties":{"กรท":null,"เขต":"1. งานขุดลอกคลองเตย(คลองหัวลำโพง) จากคลองไผ่สิงห์โต ถึงสถานีสูบน้ำคลองเตย #แล้วเสร็จ","สคน":null,"remark":null,"risk_gob_detail":null,"project_name":null,"กรบ":null,"status_detail":"แก้ไขแล้วเสร็จ","problem":"น้ำฝน สนข.","สพน":null,"status_num":5,"district":"คลองเตย","name":"ชุมชนโรงหมู","x":100.585,"group_d":"กรุงเทพใต้","y":13.70736,"id":401,"detail":"ชุมชนโรงหมูอยู่ริมคลองพระโขนง เมื่อถึงฤดูน้ำหลากและน้ำทะเลหนุนน้ำจะรั่วซึมเข้าตามแผงเขื่อนที่ชำรุด จึงเป็นเหตุให้เกิดปัญหาน้ำท่วม","add2":null,"add1":null,"objectid":401,"add4":null,"risk_gob_num":0,"add3":null}},{"geometry":{"type":"Point","coordinates":[100.55170000001789,13.747260000327154],"crs":null},"id":402,"type":"Feature","properties":{"กรท":null,"เขต":"1.ปรับปรุงบ่อสูบน้ำสุขุมวิทซอย 1 ตอนลงคลองแสนแสบ (กรท.สนน.) #ได้รับงบ69\n2. สำนักงานเขตวัฒนาดำเนินการลอกท่อเรียบร้อยแล้ว","สคน":null,"remark":null,"risk_gob_detail":null,"project_name":null,"กรบ":null,"status_detail":"แก้ไขแล้วเสร็จ","problem":"น้ำฝน สนข.","สพน":null,"status_num":5,"district":"วัฒนา","name":"บริเวณท้ายซอยสุขุมวิท 1","x":100.5517,"group_d":"กรุงเทพใต้","y":13.74726,"id":402,"detail":"ช่วงท้ายซอยระดับต่ำ เกือบเสมอระดับน้ำในคลองแสนแสบ เมื่อฝนตกหนัก น้ำในคลองแสนแสบระดับสูง ทำให้น้ำในซอยไม่สามารถระบายได้ ต้องรอให้น้ำใคลองแสนแสบลดระดับ น้ำบนผิวจราจรก็ลดตามลำดับ","add2":null,"add1":null,"objectid":402,"add4":null,"risk_gob_num":0,"add3":null}},{"geometry":{"type":"Point","coordinates":[100.56209999997972,13.740409999938173],"crs":null},"id":403,"type":"Feature","properties":{"กรท":null,"เขต":"1.ก่อสร้างระบบระบายน้ำเพื่อแก้ไขปัญหาน้ำท่วมถนนสุขุมวิท 21 (อโศกมนตรี) #แล้วเสร็จ","สคน":null,"remark":null,"risk_gob_detail":null,"project_name":null,"กรบ":null,"status_detail":"แก้ไขแล้วเสร็จ","problem":"น้ำฝน สนข.","สพน":null,"status_num":5,"district":"วัฒนา","name":"บริเวณแยกชิโนทัย ซอยสุขุมวิท 21 (ถนนอโศกมนตรี)","x":100.5621,"group_d":"กรุงเทพใต้","y":13.74041,"id":403,"detail":"ซอยปรีดีพนมยงค์ 13 เนื่องจากการระบายน้ำภายในซอยจะระบายออกทางปากซอยลงสู่แนวถนนสุขุมวิท 71 และคลองบางมะเขือ จึงต้องรอให้ สนน. เร่งระบายน้ำ ให้ลดระดับในแนวถนนปรีดีพนมยงค์ และคลองบางมะเขือ จะทำให้ในซอยลดระดับตาม","add2":null,"add1":null,"objectid":403,"add4":null,"risk_gob_num":0,"add3":null}},{"geometry":{"type":"Point","coordinates":[100.59169999973288,13.733060000150452],"crs":null},"id":404,"type":"Feature","properties":{"กรท":null,"เขต":"สำนักงานเขตดำเนินการล้างทำความสะอาดท่อระบายน้ำภายในซอยเรียบร้อยแล้ว ทำให้น้ำสามารถระบายลงในแนวถนนปรีดีพนมยงค์ได้เร็วขึ้น","สคน":null,"remark":null,"risk_gob_detail":null,"project_name":null,"กรบ":null,"status_detail":"แก้ไขแล้วเสร็จ","problem":"น้ำฝน สนข.","สพน":null,"status_num":5,"district":"วัฒนา","name":"ซอยปรีดีพนมยงค์ 41","x":100.5917,"group_d":"กรุงเทพใต้","y":13.73306,"id":404,"detail":"ซอยปรีดีพนมยงค์ 41 เนื่องจากการระบายน้ำภายในซอยจะระบายออกทางปากซอย ลงสู่แนวถนนสุขุมวิท 71 จะต้องรอให้ สนน. เร่งระบายน้ำ ให้ลดระดับ จะทำให้ในซอยลดระดับตาม","add2":null,"add1":null,"objectid":404,"add4":null,"risk_gob_num":0,"add3":null}},{"geometry":{"type":"Point","coordinates":[100.5256000001051,13.749369999675366],"crs":null},"id":405,"type":"Feature","properties":{"กรท":null,"เขต":null,"สคน":null,"remark":null,"risk_gob_detail":null,"project_name":null,"กรบ":null,"status_detail":"แก้ไขแล้วเสร็จ","problem":"น้ำฝน สนข.","สพน":null,"status_num":5,"district":"ปทุมวัน","name":"บ่อสูบน้ำบริเวณช่างกลปทุมวัน","x":100.5256,"group_d":"กรุงเทพใต้","y":13.74937,"id":405,"detail":"น้ำท่วมขังในพื้นที่","add2":null,"add1":null,"objectid":405,"add4":null,"risk_gob_num":0,"add3":null}},{"geometry":{"type":"Point","coordinates":[100.41150000010073,13.624730000345833],"crs":null},"id":406,"type":"Feature","properties":{"กรท":null,"เขต":"ปรับปรุงซอยบางกระดี่19แยก6 #แล้วเสร็จ","สคน":null,"remark":null,"risk_gob_detail":null,"project_name":null,"กรบ":null,"status_detail":"แก้ไขแล้วเสร็จ","problem":"น้ำฝน สนข.","สพน":null,"status_num":5,"district":"บางขุนเทียน","name":"ซอย บางกระดี่ 19 แยก 6","x":100.4115,"group_d":"กรุงธนใต้","y":13.62473,"id":406,"detail":"ผิวจราจรมีระดับต่ำไม่สามารถระบายน้ำลงคลองได้โดยตรง","add2":null,"add1":null,"objectid":406,"add4":null,"risk_gob_num":0,"add3":null}},{"geometry":{"type":"Point","coordinates":[100.42250000011215,13.52846999997507],"crs":null},"id":407,"type":"Feature","properties":{"กรท":null,"เขต":"สนย. ดำเนินการยกผิวจราจรไปแล้วบางส่วน ตั้งแต่คลองสหกรณ์สาย 1 ถึงถนนเลียบคลองพิทยาลงกรณ์","สคน":null,"remark":"อยู่ในความรับผิดชอบของ สนย.","risk_gob_detail":null,"project_name":null,"กรบ":null,"status_detail":"แก้ไขแล้วเสร็จบางส่วน","problem":"น้ำฝน สนข.","สพน":null,"status_num":4,"district":"บางขุนเทียน","name":"ถนนบางขุนเทียน - ชายทะเล บริเวณจากคลองสนามชัยถึงสามแยกคลองพิทยาลงกรณ์","x":100.4225,"group_d":"กรุงธนใต้","y":13.52847,"id":407,"detail":"พื้นผิวจราจรมีระดับต่ำ บวกกับน้ำทะเลหนุนสูง","add2":null,"add1":null,"objectid":407,"add4":null,"risk_gob_num":0,"add3":null}},{"geometry":{"type":"Point","coordinates":[100.44869999958406,13.626820000408472],"crs":null},"id":408,"type":"Feature","properties":{"กรท":null,"เขต":"สนย. อยู่ระหว่างปรับปรุงยกผิวจราจร #ก่อสร้าง","สคน":null,"remark":"อยู่ในความรับผิดชอบของ สนย.","risk_gob_detail":null,"project_name":null,"กรบ":null,"status_detail":"อยู่ระหว่างดำเนินการแก้ไข","problem":"น้ำฝน สนข.","สพน":null,"status_num":3,"district":"บางขุนเทียน","name":"ถนนอนามัยงามเจริญ บริเวณสี่แยกคุณกะลา ถึงสุดเขตลอยต่อสมุทรปราการ","x":100.4487,"group_d":"กรุงธนใต้","y":13.62682,"id":408,"detail":"พื้นผิวจราจรมีระดับต่ำ","add2":null,"add1":null,"objectid":408,"add4":null,"risk_gob_num":0,"add3":null}},{"geometry":{"type":"Point","coordinates":[100.42049999994674,13.651069999978636],"crs":null},"id":409,"type":"Feature","properties":{"กรท":null,"เขต":"อยู่ในความรับผิดชอบของแขวงการทางธนบุรี กรมทางหลวง 4","สคน":null,"remark":"อยู่ในความรับผิดชอบของ แขวงการทางธนบุรี","risk_gob_detail":null,"project_name":null,"กรบ":null,"status_detail":"พื้นที่เอกชนหรือหน่วยงานราชการ","problem":"น้ำฝน สนข.","สพน":null,"status_num":2,"district":"บางขุนเทียน","name":"บิ๊กซี ซูเปอร์เซ็นเตอร์ พระราม 2 กม.8 (ขาเข้า)","x":100.4205,"group_d":"กรุงธนใต้","y":13.65107,"id":409,"detail":"พื้นผิวจราจรมีระดับต่ำ ไม่สามารถระบายน้ำลงคลองได้โดยตรง","add2":null,"add1":null,"objectid":409,"add4":null,"risk_gob_num":0,"add3":null}},{"geometry":{"type":"Point","coordinates":[100.43769999957264,13.663930000183258],"crs":null},"id":410,"type":"Feature","properties":{"กรท":null,"เขต":"อยู่ในความรับผิดชอบของแขวงการทางธนบุรี กรมทางหลวง 4","สคน":null,"remark":"อยู่ในความรับผิดชอบของ แขวงการทางธนบุรี","risk_gob_detail":null,"project_name":null,"กรบ":null,"status_detail":"พื้นที่เอกชนหรือหน่วยงานราชการ","problem":"น้ำฝน สนข.","สพน":null,"status_num":2,"district":"บางขุนเทียน","name":"หน้าเซ็นทรัล พระราม 2","x":100.4377,"group_d":"กรุงธนใต้","y":13.66393,"id":410,"detail":"พื้นผิวจราจรมีระดับต่ำ ไม่สามารถระบายน้ำลงคลองได้โดยตรง","add2":null,"add1":null,"objectid":410,"add4":null,"risk_gob_num":0,"add3":null}},{"geometry":{"type":"Point","coordinates":[100.4433999995949,13.6517199997862],"crs":null},"id":411,"type":"Feature","properties":{"กรท":null,"เขต":null,"สคน":null,"remark":"อยู่ในความรับผิดชอบของ สนย.","risk_gob_detail":null,"project_name":null,"กรบ":null,"status_detail":"แก้ไขแล้วเสร็จ","problem":"น้ำฝน สนข.","สพน":null,"status_num":5,"district":"บางขุนเทียน","name":"ซอย ท่าข้าม","x":100.4434,"group_d":"กรุงธนใต้","y":13.65172,"id":411,"detail":null,"add2":null,"add1":null,"objectid":411,"add4":null,"risk_gob_num":0,"add3":null}},{"geometry":{"type":"Point","coordinates":[100.40150000017195,13.619109999802447],"crs":null},"id":412,"type":"Feature","properties":{"กรท":null,"เขต":null,"สคน":null,"remark":"อยู่ในความรับผิดชอบของ สนย.","risk_gob_detail":null,"project_name":null,"กรบ":null,"status_detail":"แก้ไขแล้วเสร็จบางส่วน","problem":"น้ำฝน สนข.","สพน":null,"status_num":4,"district":"บางขุนเทียน","name":"ถนนบางกระดี่","x":100.4015,"group_d":"กรุงธนใต้","y":13.61911,"id":412,"detail":null,"add2":null,"add1":null,"objectid":412,"add4":null,"risk_gob_num":0,"add3":null}},{"geometry":{"type":"Point","coordinates":[100.48939999980611,13.690369999765593],"crs":null},"id":413,"type":"Feature","properties":{"กรท":null,"เขต":"งานปรับปรุงเเนวป้องกันน้ำท่วมริมเเม่น้่ำเจ้าพระยา บริเวณปลายซอยราษฎร์บูรณะ 11 เเก้ไขเเล้วเสร็จ","สคน":null,"remark":null,"risk_gob_detail":null,"project_name":null,"กรบ":null,"status_detail":"แก้ไขแล้วเสร็จ","problem":"น้ำฝน สนข.","สพน":null,"status_num":5,"district":"ราษฎร์บูรณะ","name":"ซอย ราษฎร์บูรณะ 11","x":100.4894,"group_d":"กรุงธนใต้","y":13.69037,"id":413,"detail":"แนวติดแม่น้ำเจ้าพระยาเป็นพื้นที่เอกชน","add2":null,"add1":null,"objectid":413,"add4":null,"risk_gob_num":0,"add3":null}},{"geometry":{"type":"Point","coordinates":[100.507600000413,13.681150000368836],"crs":null},"id":414,"type":"Feature","properties":{"กรท":null,"เขต":null,"สคน":null,"remark":null,"risk_gob_detail":null,"project_name":null,"กรบ":null,"status_detail":"มีมาตรการเร่งด่วน","problem":"น้ำฝน สนข.","สพน":null,"status_num":1,"district":"ราษฎร์บูรณะ","name":"คลังสินค้า 2 ราษฎร์บูรณะ","x":100.5076,"group_d":"กรุงธนใต้","y":13.68115,"id":414,"detail":null,"add2":null,"add1":null,"objectid":414,"add4":null,"risk_gob_num":0,"add3":null}},{"geometry":{"type":"Point","coordinates":[100.48819999970686,13.692749999564654],"crs":null},"id":415,"type":"Feature","properties":{"กรท":null,"เขต":"เอกชนพัฒนาพื้นที่เเล้ว ปัจจุบันไม่มีปัญหาน้ำท่วม\n","สคน":null,"remark":null,"risk_gob_detail":null,"project_name":null,"กรบ":null,"status_detail":"แก้ไขแล้วเสร็จ","problem":"น้ำฝน สนข.","สพน":null,"status_num":5,"district":"ราษฎร์บูรณะ","name":"ซอย ราษฎร์บูรณะ 3","x":100.4882,"group_d":"กรุงธนใต้","y":13.69275,"id":415,"detail":"แนวติดแม่น้ำเจ้าพระยาเป็นพื้นที่เอกชน","add2":null,"add1":null,"objectid":415,"add4":null,"risk_gob_num":0,"add3":null}},{"geometry":{"type":"Point","coordinates":[100.49119999995496,13.688590000310382],"crs":null},"id":416,"type":"Feature","properties":{"กรท":null,"เขต":null,"สคน":null,"remark":null,"risk_gob_detail":null,"project_name":null,"กรบ":null,"status_detail":"มีมาตรการเร่งด่วน","problem":"น้ำฝน สนข.","สพน":null,"status_num":1,"district":"ราษฎร์บูรณะ","name":"หน้าโกดังไทยฟ้า (ท่าเรือ 41)","x":100.4912,"group_d":"กรุงธนใต้","y":13.68859,"id":416,"detail":null,"add2":null,"add1":null,"objectid":416,"add4":null,"risk_gob_num":0,"add3":null}},{"geometry":{"type":"Point","coordinates":[100.49409999974567,13.685860000312692],"crs":null},"id":417,"type":"Feature","properties":{"กรท":null,"เขต":null,"สคน":null,"remark":null,"risk_gob_detail":null,"project_name":null,"กรบ":null,"status_detail":"มีมาตรการเร่งด่วน","problem":"น้ำฝน สนข.","สพน":null,"status_num":1,"district":"ราษฎร์บูรณะ","name":"ปั๊ม ซัสโก้ สาขา บางปะกอก","x":100.4941,"group_d":"กรุงธนใต้","y":13.68586,"id":417,"detail":null,"add2":null,"add1":null,"objectid":417,"add4":null,"risk_gob_num":0,"add3":null}},{"geometry":{"type":"Point","coordinates":[100.51219999989515,13.68200999997132],"crs":null},"id":418,"type":"Feature","properties":{"กรท":null,"เขต":null,"สคน":null,"remark":null,"risk_gob_detail":null,"project_name":null,"กรบ":null,"status_detail":"มีมาตรการเร่งด่วน","problem":"น้ำฝน สนข.","สพน":null,"status_num":1,"district":"ราษฎร์บูรณะ","name":"ท่าเรือข้างโรงแก้ว","x":100.5122,"group_d":"กรุงธนใต้","y":13.68201,"id":418,"detail":null,"add2":null,"add1":null,"objectid":418,"add4":null,"risk_gob_num":0,"add3":null}},{"geometry":{"type":"Point","coordinates":[100.51680000027558,13.680889999789228],"crs":null},"id":419,"type":"Feature","properties":{"กรท":null,"เขต":null,"สคน":null,"remark":null,"risk_gob_detail":null,"project_name":null,"กรบ":null,"status_detail":"มีมาตรการเร่งด่วน","problem":"น้ำฝน สนข.","สพน":null,"status_num":1,"district":"ราษฎร์บูรณะ","name":"ใต้สะพานพระราม 9","x":100.5168,"group_d":"กรุงธนใต้","y":13.68089,"id":419,"detail":"- เป็นพื้นที่ลุ่มต่ำ มีน้ำท่วมขัง 20-40 ซม.","add2":null,"add1":null,"objectid":419,"add4":null,"risk_gob_num":0,"add3":null}},{"geometry":{"type":"Point","coordinates":[100.50469999972401,13.68253000011453],"crs":null},"id":420,"type":"Feature","properties":{"กรท":null,"เขต":null,"สคน":null,"remark":null,"risk_gob_detail":null,"project_name":null,"กรบ":null,"status_detail":"มีมาตรการเร่งด่วน","problem":"น้ำฝน สนข.","สพน":null,"status_num":1,"district":"ราษฎร์บูรณะ","name":"หน้าวัดราษฎร์บูรณะ บางปะกอก กรุงเทพ","x":100.5047,"group_d":"กรุงธนใต้","y":13.68253,"id":420,"detail":null,"add2":null,"add1":null,"objectid":420,"add4":null,"risk_gob_num":0,"add3":null}},{"geometry":{"type":"Point","coordinates":[100.49360000015345,13.68629000019217],"crs":null},"id":421,"type":"Feature","properties":{"กรท":null,"เขต":null,"สคน":null,"remark":null,"risk_gob_detail":null,"project_name":null,"กรบ":null,"status_detail":"มีมาตรการเร่งด่วน","problem":"น้ำฝน สนข.","สพน":null,"status_num":1,"district":"ราษฎร์บูรณะ","name":"หน้าโกดัง ซุปเปอร์ เจ อินเตอร์","x":100.4936,"group_d":"กรุงธนใต้","y":13.68629,"id":421,"detail":null,"add2":null,"add1":null,"objectid":421,"add4":null,"risk_gob_num":0,"add3":null}},{"geometry":{"type":"Point","coordinates":[100.5001000002419,13.68499000012198],"crs":null},"id":422,"type":"Feature","properties":{"กรท":null,"เขต":null,"สคน":null,"remark":null,"risk_gob_detail":null,"project_name":null,"กรบ":null,"status_detail":"มีมาตรการเร่งด่วน","problem":"น้ำฝน สนข.","สพน":null,"status_num":1,"district":"ราษฎร์บูรณะ","name":"บิ๊กซีราษฎร์บูรณะ","x":100.5001,"group_d":"กรุงธนใต้","y":13.68499,"id":422,"detail":"- เป็นพื้นที่ลุ่มต่ำ มีน้ำท่วมขัง เวลาฝนตกหนัก ","add2":null,"add1":null,"objectid":422,"add4":null,"risk_gob_num":0,"add3":null}},{"geometry":{"type":"Point","coordinates":[100.50090000030805,13.682500000338909],"crs":null},"id":423,"type":"Feature","properties":{"กรท":null,"เขต":"1. งานก่อสร้างเเนวป้องกันน้ำท่วมริมเเม่น้ำเจ้าพระยา บริเวณโกดังบริษัท เเสงทองค้าข้าว จำกัด #เเล้วเสร็จ","สคน":null,"remark":null,"risk_gob_detail":null,"project_name":null,"กรบ":null,"status_detail":"แก้ไขแล้วเสร็จ","problem":"น้ำฝน สนข.","สพน":null,"status_num":5,"district":"ราษฎร์บูรณะ","name":"หน้าโกดังแสงทองค้าข้าว","x":100.5009,"group_d":"กรุงธนใต้","y":13.6825,"id":423,"detail":"แนวติดแม่น้ำเจ้าพระยาเป็นพื้นที่เอกชน","add2":null,"add1":null,"objectid":423,"add4":null,"risk_gob_num":0,"add3":null}},{"geometry":{"type":"Point","coordinates":[100.49859999966868,13.685180000117134],"crs":null},"id":424,"type":"Feature","properties":{"กรท":null,"เขต":null,"สคน":null,"remark":null,"risk_gob_detail":null,"project_name":null,"กรบ":null,"status_detail":"มีมาตรการเร่งด่วน","problem":"น้ำฝน สนข.","สพน":null,"status_num":1,"district":"ราษฎร์บูรณะ","name":"สน.ราษฎร์บูรณะ","x":100.4986,"group_d":"กรุงธนใต้","y":13.68518,"id":424,"detail":"- เป็นพื้นที่แอ่งกระทะมีน้ำท่วมขังบริเวณแยก 30-40 ซม","add2":null,"add1":null,"objectid":424,"add4":null,"risk_gob_num":0,"add3":null}},{"geometry":{"type":"Point","coordinates":[100.63070000026345,13.817259999902138],"crs":null},"id":425,"type":"Feature","properties":{"กรท":null,"เขต":"ปรับปรุงผิวจราจรพร้อมท่อระบายน้ำแล้วเสร็จ","สคน":null,"remark":"ของบ 67 เพิ่มเติม ขอรายละเอียดเพิ่มเติม","risk_gob_detail":null,"project_name":null,"กรบ":null,"status_detail":"แก้ไขแล้วเสร็จ","problem":"น้ำฝน สนข.","สพน":null,"status_num":5,"district":"บางกะปิ","name":"ซอยโยธินพัฒนา 3 แยก 9","x":100.6307,"group_d":"กรุงเทพตะวันออก","y":13.81726,"id":425,"detail":"ถนนไม่มีท่อระบายน้ำ ผิวจราจรเป็นผิวดิน ฝนตกน้ำท่วมขัง","add2":null,"add1":null,"objectid":425,"add4":null,"risk_gob_num":0,"add3":null}},{"geometry":{"type":"Point","coordinates":[100.62970000018072,13.8111299997677],"crs":null},"id":426,"type":"Feature","properties":{"กรท":null,"เขต":"ปรับปรุงผิวจราจรพร้อมท่อระบายน้ำแล้วเสร็จ","สคน":null,"remark":"ของบ 67 เพิ่มเติม ขอรายละเอียดเพิ่มเติม","risk_gob_detail":null,"project_name":null,"กรบ":null,"status_detail":"แก้ไขแล้วเสร็จ","problem":"น้ำฝน สนข.","สพน":null,"status_num":5,"district":"บางกะปิ","name":"ซอย โพธิ์แก้ว 3 แยก 19-2","x":100.6297,"group_d":"กรุงเทพตะวันออก","y":13.81113,"id":426,"detail":"ถนนไม่มีท่อระบายน้ำ ผิวจราจรเป็นผิวดิน ฝนตกน้ำท่วมขัง","add2":null,"add1":null,"objectid":426,"add4":null,"risk_gob_num":0,"add3":null}},{"geometry":{"type":"Point","coordinates":[100.63309999956361,13.810269999583213],"crs":null},"id":427,"type":"Feature","properties":{"กรท":null,"เขต":"ปรับปรุงผิวจราจรพร้อมท่อระบายน้ำแล้วเสร็จ","สคน":null,"remark":"ของบ 67 เพิ่มเติม ขอรายละเอียดเพิ่มเติม","risk_gob_detail":null,"project_name":null,"กรบ":null,"status_detail":"แก้ไขแล้วเสร็จ","problem":"น้ำฝน สนข.","สพน":null,"status_num":5,"district":"บางกะปิ","name":"ซอยโพธิ์แก้ว 3 แยก 25, 27","x":100.6331,"group_d":"กรุงเทพตะวันออก","y":13.81027,"id":427,"detail":"ถนนไม่มีท่อระบายน้ำ ผิวจราจรเป็นผิวดิน ฝนตกน้ำท่วมขัง","add2":null,"add1":null,"objectid":427,"add4":null,"risk_gob_num":0,"add3":null}},{"geometry":{"type":"Point","coordinates":[100.6340999996463,13.791240000432198],"crs":null},"id":428,"type":"Feature","properties":{"กรท":null,"เขต":"ปรับปรุงผิวจราจรพร้อมท่อระบายน้ำแล้วเสร็จ","สคน":null,"remark":"ของบ 67 เพิ่มเติม ขอรายละเอียดเพิ่มเติม","risk_gob_detail":null,"project_name":null,"กรบ":null,"status_detail":"แก้ไขแล้วเสร็จ","problem":"น้ำฝน สนข.","สพน":null,"status_num":5,"district":"บางกะปิ","name":"ซอยลาดพร้าว 101 ซอย 42 แยก 1","x":100.6341,"group_d":"กรุงเทพตะวันออก","y":13.79124,"id":428,"detail":"ถนนไม่มีท่อระบายน้ำ ผิวจราจรเป็นผิวดิน ฝนตกน้ำท่วมขัง","add2":null,"add1":null,"objectid":428,"add4":null,"risk_gob_num":0,"add3":null}},{"geometry":{"type":"Point","coordinates":[100.65090000013744,13.757880000313397],"crs":null},"id":429,"type":"Feature","properties":{"กรท":null,"เขต":"1.ปรับปรุงผิวจราจรพร้อมท่อระบายน้ำแล้วเสร็จ,\n2. งานก่อสร้างระบบระบายน้ำคลองวัดศรีบุญเรือง(สพน.สนน) #ก่อสร้าง","สคน":null,"remark":"ของบ 67 เพิ่มเติม ขอรายละเอียดเพิ่มเติม","risk_gob_detail":null,"project_name":null,"กรบ":null,"status_detail":"แก้ไขแล้วเสร็จ","problem":"น้ำฝน สนข.","สพน":null,"status_num":5,"district":"บางกะปิ","name":"ซอยรามคำแหง 60 (สวนสนซอย 3)","x":100.6509,"group_d":"กรุงเทพตะวันออก","y":13.75788,"id":429,"detail":"ถนนไม่มีท่อระบายน้ำ ผิวจราจรเป็นผิวดิน ฝนตกน้ำท่วมขัง","add2":null,"add1":null,"objectid":429,"add4":null,"risk_gob_num":0,"add3":null}},{"geometry":{"type":"Point","coordinates":[100.66609999959795,13.767860000238626],"crs":null},"id":430,"type":"Feature","properties":{"กรท":null,"เขต":"ปรับปรุงผิวจราจรพร้อมท่อระบายน้ำแล้วเสร็จ","สคน":null,"remark":"ของบ 67 เพิ่มเติม ขอรายละเอียดเพิ่มเติม","risk_gob_detail":null,"project_name":null,"กรบ":null,"status_detail":"แก้ไขแล้วเสร็จ","problem":"น้ำฝน สนข.","สพน":null,"status_num":5,"district":"บางกะปิ","name":"ซอย รามคำแหง 76 แยก 1","x":100.6661,"group_d":"กรุงเทพตะวันออก","y":13.76786,"id":430,"detail":"ถนนไม่มีท่อระบายน้ำ ผิวจราจรเป็นผิวดิน ฝนตกน้ำท่วมขัง","add2":null,"add1":null,"objectid":430,"add4":null,"risk_gob_num":0,"add3":null}},{"geometry":{"type":"Point","coordinates":[100.78110000012593,13.752109999673452],"crs":null},"id":431,"type":"Feature","properties":{"กรท":null,"เขต":"1.ปรับปรุงระบบระบายน้ำถนนฉลองกรุงช่วงจากถนนมอเตอร์เวย์ถึงคลองลำชวดเตย #แล้วเสร็จ","สคน":null,"remark":"สนน.+สนย.","risk_gob_detail":null,"project_name":null,"กรบ":null,"status_detail":"แก้ไขแล้วเสร็จ","problem":"น้ำฝน สนข.","สพน":null,"status_num":5,"district":"ลาดกระบัง","name":"ถนน เจ้าคุณทหาร","x":100.7811,"group_d":"กรุงเทพตะวันออก","y":13.75211,"id":431,"detail":"ถนนอยู่ในพื้นที่ลุ่มต่ำ ลักษณะพื้นที่เป็นแอ่งกระทะ น้ำท่วมขัง 10-70 ซม. ยาว 2,320 ม. (สนน. สนย.)","add2":null,"add1":null,"objectid":431,"add4":null,"risk_gob_num":0,"add3":null}},{"geometry":{"type":"Point","coordinates":[100.73409999983204,13.773289999775034],"crs":null},"id":432,"type":"Feature","properties":{"กรท":null,"เขต":"สำนักานเขตอยู่ระหว่างดำเนินการปรับปรุงก่อถนนพร้อมทั้งท่อระบายน้ำ ตามซอยย่อยต่างๆ","สคน":null,"remark":"สนน.+สนข.","risk_gob_detail":null,"project_name":null,"กรบ":null,"status_detail":"แก้ไขแล้วเสร็จบางส่วน","problem":"น้ำฝน สนข.","สพน":null,"status_num":4,"district":"ลาดกระบัง","name":"เคหะชุมชนร่มเกล้า","x":100.7341,"group_d":"กรุงเทพตะวันออก","y":13.77329,"id":432,"detail":"ถนนอยู่ในพื้นที่ลุ่มต่ำ ลักษณะพื้นที่เป็นแอ่งกระทะ น้ำท่วมขัง 10-20 ซม. ยาว 210 ม. .","add2":null,"add1":null,"objectid":432,"add4":null,"risk_gob_num":0,"add3":null}},{"geometry":{"type":"Point","coordinates":[100.8526000002003,13.700800000315837],"crs":null},"id":433,"type":"Feature","properties":{"กรท":null,"เขต":"สำนักการโยธาอยู่ในระหว่างการปรบปรุงถนน","สคน":null,"remark":null,"risk_gob_detail":null,"project_name":null,"กรบ":null,"status_detail":"อยู่ระหว่างดำเนินการแก้ไข","problem":"น้ำฝน สนข.","สพน":null,"status_num":3,"district":"ลาดกระบัง","name":"ใต้สะพานข้ามคลองประเวศบุรีรมย์ (วัดราชโกษา)","x":100.8526,"group_d":"กรุงเทพตะวันออก","y":13.7008,"id":433,"detail":"- น้ำล้นตลิ่งจากคลองประเวศบุรีรมย์ (สนน.) \n  - ถนนสายหลักไม่มีท่อระบายน้ำ และอยู่ในความรับผิดชอบของสำนักการโยธา","add2":null,"add1":null,"objectid":433,"add4":null,"risk_gob_num":0,"add3":null}},{"geometry":{"type":"Point","coordinates":[100.84979999996871,13.697790000174843],"crs":null},"id":434,"type":"Feature","properties":{"กรท":null,"เขต":"สำนักงานเขตได้ดำเนินการปรับปรุงถนน และวางท่อระบายน้ำเสร็จเรียบร้อยแล้ว","สคน":null,"remark":"อยู่ระหว่างจัดทำรูปแบบรายการในการก่อสร้างปี 2568","risk_gob_detail":null,"project_name":null,"กรบ":null,"status_detail":"แก้ไขแล้วเสร็จ","problem":"น้ำฝน สนข.","สพน":null,"status_num":5,"district":"ลาดกระบัง","name":"ลาดกระบัง ซอยพระยาเพชร","x":100.8498,"group_d":"กรุงเทพตะวันออก","y":13.69779,"id":434,"detail":"ซอยต่ำกว่าถนนสายหลักและน้ำมาจากด้านข้าง","add2":null,"add1":null,"objectid":434,"add4":null,"risk_gob_num":0,"add3":null}},{"geometry":{"type":"Point","coordinates":[100.80650000043,13.714820000007556],"crs":null},"id":435,"type":"Feature","properties":{"กรท":null,"เขต":"- สนข. ปรับปรุงเสริมผิวจราจร ค.ส.ล. และก่อสร้างท่อระบายน้ำ (งบ 65เพิ่มเติม) (แล้วเสร็จ)","สคน":null,"remark":"ดำเนินการแล้วเสร็จ งบปี 2566 เพิ่มเติม","risk_gob_detail":null,"project_name":null,"กรบ":null,"status_detail":"แก้ไขแล้วเสร็จ","problem":"น้ำฝน สนข.","สพน":null,"status_num":5,"district":"ลาดกระบัง","name":"ซอยหลวงแพ่ง 10","x":100.8065,"group_d":"กรุงเทพตะวันออก","y":13.71482,"id":435,"detail":"น้ำล้นจากป่าหญ้าและไม่มีท่อระบายน้ำ","add2":null,"add1":null,"objectid":435,"add4":null,"risk_gob_num":0,"add3":null}},{"geometry":{"type":"Point","coordinates":[100.84890000034343,13.703050000271924],"crs":null},"id":436,"type":"Feature","properties":{"กรท":null,"เขต":"สำนักการโยธาอยู่ในระหว่างการปรบปรุงถนน","สคน":null,"remark":"ไม่มีท่อ","risk_gob_detail":null,"project_name":null,"กรบ":null,"status_detail":"อยู่ระหว่างดำเนินการแก้ไข","problem":"น้ำฝน สนข.","สพน":null,"status_num":3,"district":"ลาดกระบัง","name":"บริเวณมัสยิดซีรอตุ้ลญันนะห์ และซอยใกล้เคียง","x":100.8489,"group_d":"กรุงเทพตะวันออก","y":13.70305,"id":436,"detail":"- น้ำล้นตลิ่งจากคลองประเวศบุรีรมย์ (สนน.) \n  - ถนนสายหลักไม่มีท่อระบายน้ำ","add2":null,"add1":null,"objectid":436,"add4":null,"risk_gob_num":0,"add3":null}},{"geometry":{"type":"Point","coordinates":[100.85329999980904,13.700589999791042],"crs":null},"id":437,"type":"Feature","properties":{"กรท":null,"เขต":"แนวทางแก้ไขปัญหา ขอให้สำนักการระบายน้ำดำเนินการก่อสร้างเขื่อน คลองประเวศบุรีรมย์","สคน":null,"remark":"ไม่มีท่อ","risk_gob_detail":null,"project_name":null,"กรบ":null,"status_detail":"อยู่ระหว่างดำเนินการแก้ไข","problem":"น้ำฝน สนข.","สพน":null,"status_num":3,"district":"ลาดกระบัง","name":"ศูนย์บริการสาธารณสุข 46 สาขาขุมทอง","x":100.8533,"group_d":"กรุงเทพตะวันออก","y":13.70059,"id":437,"detail":"- น้ำล้นตลิ่งจากคลองประเวศบุรีรมย์ (สนน.) \n  - ถนนสายหลักไม่มีท่อระบายน้ำ","add2":null,"add1":null,"objectid":437,"add4":null,"risk_gob_num":0,"add3":null}},{"geometry":{"type":"Point","coordinates":[100.85480000038224,13.721750000125896],"crs":null},"id":438,"type":"Feature","properties":{"กรท":null,"เขต":"#NAME?","สคน":null,"remark":"ไม่มีท่อ","risk_gob_detail":null,"project_name":null,"กรบ":null,"status_detail":"แก้ไขแล้วเสร็จ","problem":"น้ำฝน สนข.","สพน":null,"status_num":5,"district":"ลาดกระบัง","name":"ทางเข้าวัดขุมทอง","x":100.8548,"group_d":"กรุงเทพตะวันออก","y":13.72175,"id":438,"detail":"น้ำล้นตลิ่งจากคลอง","add2":null,"add1":null,"objectid":438,"add4":null,"risk_gob_num":0,"add3":null}},{"geometry":{"type":"Point","coordinates":[100.85460000036574,13.72271999997545],"crs":null},"id":439,"type":"Feature","properties":{"กรท":null,"เขต":"สำนักงานเขตขอจัดสรรงบประมาณปรับปรุงถนนพร้อมทั้งวางท่อระบายน้ำ","สคน":null,"remark":"ไม่มีท่อ","risk_gob_detail":null,"project_name":null,"กรบ":null,"status_detail":"อยู่ระหว่างดำเนินการแก้ไข","problem":"น้ำฝน สนข.","สพน":null,"status_num":3,"district":"ลาดกระบัง","name":"ลาดกระบัง ทางเข้า รร.วัดขุมทอง","x":100.8546,"group_d":"กรุงเทพตะวันออก","y":13.72272,"id":439,"detail":"- น้ำล้นตลิ่งจากคลองตาสอน (สนข.)\n  - ถนนสายหลักไม่มีท่อระบายน้ำ","add2":null,"add1":null,"objectid":439,"add4":null,"risk_gob_num":0,"add3":null}},{"geometry":{"type":"Point","coordinates":[100.80190000004957,13.722139999845666],"crs":null},"id":440,"type":"Feature","properties":{"กรท":null,"เขต":"สำนักการโยธาดำเนินการปรับปรุงถนนเป็นแอสฟัลต์ คอนกรีต","สคน":null,"remark":"ไม่มีท่อ","risk_gob_detail":null,"project_name":null,"กรบ":null,"status_detail":"แก้ไขแล้วเสร็จ","problem":"น้ำฝน สนข.","สพน":null,"status_num":5,"district":"ลาดกระบัง","name":"หน้ามหาวิทยาลัยกรุงเทพสุวรรณภูมิ","x":100.8019,"group_d":"กรุงเทพตะวันออก","y":13.72214,"id":440,"detail":"- น้ำล้นตลิ่งจากคลองประเวศบุรีรมย์ (สนน.) \n  - ถนนสายหลักไม่มีท่อระบายน้ำ","add2":null,"add1":null,"objectid":440,"add4":null,"risk_gob_num":0,"add3":null}},{"geometry":{"type":"Point","coordinates":[100.80470000028112,13.721850000115822],"crs":null},"id":441,"type":"Feature","properties":{"กรท":null,"เขต":"สำนักงานเขตได้ดำเนินการปรับปรุงถนนเป็นแอชฟัลต์ยางมะตอย","สคน":null,"remark":"ไม่มีท่อ","risk_gob_detail":null,"project_name":null,"กรบ":null,"status_detail":"อยู่ระหว่างดำเนินการแก้ไข","problem":"น้ำฝน สนข.","สพน":null,"status_num":3,"district":"ลาดกระบัง","name":"ถนนประชาพัฒนา ซ.บริสุทธิ์","x":100.8047,"group_d":"กรุงเทพตะวันออก","y":13.72185,"id":441,"detail":"- น้ำล้นตลิ่งจากคลองประเวศบุรีรมย์ (สนน.) \n  - ถนนสายหลักไม่มีท่อระบายน้ำ","add2":null,"add1":null,"objectid":441,"add4":null,"risk_gob_num":0,"add3":null}},{"geometry":{"type":"Point","coordinates":[100.80539999988989,13.720920000309924],"crs":null},"id":442,"type":"Feature","properties":{"กรท":null,"เขต":"สำนักงานเขตขอจัดสรรงบประมาณปรับปรุงถนนพร้อมทั้งวางท่อระบายน้ำ","สคน":null,"remark":"ไม่มีท่อ","risk_gob_detail":null,"project_name":null,"กรบ":null,"status_detail":"อยู่ระหว่างดำเนินการแก้ไข","problem":"น้ำฝน สนข.","สพน":null,"status_num":3,"district":"ลาดกระบัง","name":"ถนนประชาพัฒนา ซ.บิลยาธร","x":100.8054,"group_d":"กรุงเทพตะวันออก","y":13.72092,"id":442,"detail":"- น้ำล้นตลิ่งจากคลองประเวศบุรีรมย์ (สนน.) \n  - ถนนสายหลักไม่มีท่อระบายน้ำ","add2":null,"add1":null,"objectid":442,"add4":null,"risk_gob_num":0,"add3":null}},{"geometry":{"type":"Point","coordinates":[100.81339999965321,13.74135000014654],"crs":null},"id":443,"type":"Feature","properties":{"กรท":null,"เขต":"สำนัการโยธาได้ดำเนินการปรับปรุงถนนเรียบร้อยแล้ว","สคน":null,"remark":"ไม่มีท่อ","risk_gob_detail":null,"project_name":null,"กรบ":null,"status_detail":"แก้ไขแล้วเสร็จ","problem":"น้ำฝน สนข.","สพน":null,"status_num":5,"district":"ลาดกระบัง","name":"ลาดกระบัง ถนนสารีบุตร","x":100.8134,"group_d":"กรุงเทพตะวันออก","y":13.74135,"id":443,"detail":"- น้ำล้นจากทุ่งนา คลองมอญ และคลองเจ็ก (สนข.) \n  - ถนนไม่มีท่อระบายน้ำ","add2":null,"add1":null,"objectid":443,"add4":null,"risk_gob_num":0,"add3":null}},{"geometry":{"type":"Point","coordinates":[100.79419999986187,13.735609999741325],"crs":null},"id":444,"type":"Feature","properties":{"กรท":null,"เขต":"- สนข. เรียงกระสอบทรายและติดตั้งเครื่องสูบน้ำในช่วงฤดูฝน สูบออกคลองลำปลาทิว","สคน":null,"remark":null,"risk_gob_detail":null,"project_name":null,"กรบ":null,"status_detail":"มีมาตรการเร่งด่วน","problem":"น้ำฝน สนข.","สพน":null,"status_num":1,"district":"ลาดกระบัง","name":"หมู่บ้านรุ่งอรุณ 1 ซอยฉลองกรุง 2","x":100.7942,"group_d":"กรุงเทพตะวันออก","y":13.73561,"id":444,"detail":"- น้ำล้นตลิ่งจากคลองลำปลาทิว (กรมชลประทาน)","add2":null,"add1":null,"objectid":444,"add4":null,"risk_gob_num":0,"add3":null}},{"geometry":{"type":"Point","coordinates":[100.78569999960804,13.743849999762482],"crs":null},"id":445,"type":"Feature","properties":{"กรท":null,"เขต":"- สนข. สนับสนุนเรียงกระสอบทราบและติดตั้งเครื่องสูบน้ำในช่วงฤดูฝน หมู่บ้านเอกชนเติมน้ำมันเอง","สคน":null,"remark":"ขอรายละเอียดโครงการเพิ่มเติม","risk_gob_detail":null,"project_name":null,"กรบ":null,"status_detail":"พื้นที่เอกชนหรือหน่วยงานราชการ","problem":"น้ำฝน สนข.","สพน":null,"status_num":2,"district":"ลาดกระบัง","name":"หมู่บ้านรุ่งอรุณ 2 ซอยฉลองกรุง 7 (เอกชน)","x":100.7857,"group_d":"กรุงเทพตะวันออก","y":13.74385,"id":445,"detail":"น้ำล้นจากป่าหญ้า","add2":null,"add1":null,"objectid":445,"add4":null,"risk_gob_num":0,"add3":null}},{"geometry":{"type":"Point","coordinates":[100.78660000013164,13.752569999898801],"crs":null},"id":446,"type":"Feature","properties":{"กรท":null,"เขต":"- สนข. สนับสนุนเครื่องสูบน้ำในกรณีที่หมู่บ้านเอกชนร้องขอ","สคน":null,"remark":null,"risk_gob_detail":null,"project_name":null,"กรบ":null,"status_detail":"พื้นที่เอกชนหรือหน่วยงานราชการ","problem":"น้ำฝน สนข.","สพน":null,"status_num":2,"district":"ลาดกระบัง","name":"หมู่บ้านเจ้าคุณ ซอยฉลองกรุง 19 (เอกชน)","x":100.7866,"group_d":"กรุงเทพตะวันออก","y":13.75257,"id":446,"detail":"น้ำล้นจากป่าหญ้า","add2":null,"add1":null,"objectid":446,"add4":null,"risk_gob_num":0,"add3":null}},{"geometry":{"type":"Point","coordinates":[100.79170000010427,13.744600000378556],"crs":null},"id":447,"type":"Feature","properties":{"กรท":null,"เขต":"- สนข. สนับสนุนเครื่องสูบน้ำในกรณีที่ประชาชนร้องขอ","สคน":null,"remark":null,"risk_gob_detail":null,"project_name":null,"กรบ":null,"status_detail":"มีมาตรการเร่งด่วน","problem":"น้ำฝน สนข.","สพน":null,"status_num":1,"district":"ลาดกระบัง","name":"ซอยฉลองกรุง 9","x":100.7917,"group_d":"กรุงเทพตะวันออก","y":13.7446,"id":447,"detail":"- น้ำล้นจากป่าหญ้า\n  - ถนนไม่มีท่อระบายน้ำ \n  - มีบ้านเรือนประชาชนไม่กี่หลัง","add2":null,"add1":null,"objectid":447,"add4":null,"risk_gob_num":0,"add3":null}},{"geometry":{"type":"Point","coordinates":[100.79250000017045,13.74795000022098],"crs":null},"id":448,"type":"Feature","properties":{"กรท":null,"เขต":"- สนข. สนับสนุนเครื่องสูบน้ำในกรณีที่ประชาชนร้องขอ","สคน":null,"remark":null,"risk_gob_detail":null,"project_name":null,"กรบ":null,"status_detail":"มีมาตรการเร่งด่วน","problem":"น้ำฝน สนข.","สพน":null,"status_num":1,"district":"ลาดกระบัง","name":"ซอยฉลองกรุง 15","x":100.7925,"group_d":"กรุงเทพตะวันออก","y":13.74795,"id":448,"detail":"- น้ำล้นจากป่าหญ้า\n  - ถนนไม่มีท่อระบายน้ำ \n  - มีบ้านเรือนประชาชนไม่กี่หลัง","add2":null,"add1":null,"objectid":448,"add4":null,"risk_gob_num":0,"add3":null}},{"geometry":{"type":"Point","coordinates":[100.79820000019271,13.757460000073806],"crs":null},"id":449,"type":"Feature","properties":{"กรท":null,"เขต":"- สนข. สนับสนุนเครื่องสูบน้ำในกรณีที่หมู่บ้านเอกชนร้องขอ","สคน":null,"remark":null,"risk_gob_detail":null,"project_name":null,"กรบ":null,"status_detail":"พื้นที่เอกชนหรือหน่วยงานราชการ","problem":"น้ำฝน สนข.","สพน":null,"status_num":2,"district":"ลาดกระบัง","name":"ซอยฉลองกรุง 35","x":100.7982,"group_d":"กรุงเทพตะวันออก","y":13.75746,"id":449,"detail":"หมู่บ้านเอกชน ท่อระบายน้ำมีขนาดเล็ก","add2":null,"add1":null,"objectid":449,"add4":null,"risk_gob_num":0,"add3":null}},{"geometry":{"type":"Point","coordinates":[100.80350000018187,13.778969999822506],"crs":null},"id":450,"type":"Feature","properties":{"กรท":null,"เขต":"- สนข. ปรับปรุงเสริมผิวจราจร ค.ส.ล. และก่อสร้างท่อระบายน้ำ (งบ 67) \n- สนข. ขุดลอกคลองลำกอไผ่ (งบ 68) (ผู้รับจ้างอยู่ในระหว่างการดำเนินการ)","สคน":null,"remark":null,"risk_gob_detail":null,"project_name":null,"กรบ":null,"status_detail":"แก้ไขแล้วเสร็จ","problem":"น้ำฝน สนข.","สพน":null,"status_num":5,"district":"ลาดกระบัง","name":"ซอยฉลองกรุง 53","x":100.8035,"group_d":"กรุงเทพตะวันออก","y":13.77897,"id":450,"detail":"น้ำล้นตลิ่งจากคลอง","add2":null,"add1":null,"objectid":450,"add4":null,"risk_gob_num":0,"add3":null}},{"geometry":{"type":"Point","coordinates":[100.77130000021373,13.745030000009365],"crs":null},"id":451,"type":"Feature","properties":{"กรท":null,"เขต":"- สนข. ปรับปรุงเสริมผิวจราจร ค.ส.ล. และก่อสร้างท่อระบายน้ำ (งบ 66) (แล้วเสร็จ)","สคน":null,"remark":"ชุมชนไม่มีนิติบุคคล มีมาตรการเร่งด่วน","risk_gob_detail":null,"project_name":null,"กรบ":null,"status_detail":"แก้ไขแล้วเสร็จ","problem":"น้ำฝน สนข.","สพน":null,"status_num":5,"district":"ลาดกระบัง","name":"ซอยคุ้มเกล้า 50","x":100.7713,"group_d":"กรุงเทพตะวันออก","y":13.74503,"id":451,"detail":"น้ำล้นตลิ่งจากคลอง ไม่มีท่อระบายน้ำ","add2":null,"add1":null,"objectid":451,"add4":null,"risk_gob_num":0,"add3":null}},{"geometry":{"type":"Point","coordinates":[100.7746000000375,13.742340000057455],"crs":null},"id":452,"type":"Feature","properties":{"กรท":null,"เขต":"- สนข. สนับสนุนเครื่องสูบน้ำในกรณีที่ประชาชนร้องขอ","สคน":null,"remark":null,"risk_gob_detail":null,"project_name":null,"กรบ":null,"status_detail":"มีมาตรการเร่งด่วน","problem":"น้ำฝน สนข.","สพน":null,"status_num":1,"district":"ลาดกระบัง","name":"ซอยคุ้มเกล้า 54","x":100.7746,"group_d":"กรุงเทพตะวันออก","y":13.74234,"id":452,"detail":"- น้ำล้นตลิ่งจากคลองลำพุทรา (สนข.)\n  - ถนนไม่มีท่อระบายน้ำ\n  - มีบ้านเรือนประชาชนไม่กี่หลัง","add2":null,"add1":null,"objectid":452,"add4":null,"risk_gob_num":0,"add3":null}},{"geometry":{"type":"Point","coordinates":[100.75349999963989,13.745010000246975],"crs":null},"id":453,"type":"Feature","properties":{"กรท":null,"เขต":"- สนข. ปรับปรุงเสริมผิวจราจร ค.ส.ล. และก่อสร้างท่อระบายน้ำ (งบ 66) (แล้วเสร็จ)","สคน":null,"remark":"ดำเนินการแล้วเสร็จ งบปี 25xx","risk_gob_detail":null,"project_name":null,"กรบ":null,"status_detail":"แก้ไขแล้วเสร็จ","problem":"น้ำฝน สนข.","สพน":null,"status_num":5,"district":"ลาดกระบัง","name":"ซอยร่มเกล้า 23 (ซอยเทพศิรินทร์)","x":100.7535,"group_d":"กรุงเทพตะวันออก","y":13.74501,"id":453,"detail":"น้ำล้นตลิ่งจากคลอง ไม่มีท่อระบายน้ำ","add2":null,"add1":null,"objectid":453,"add4":null,"risk_gob_num":0,"add3":null}},{"geometry":{"type":"Point","coordinates":[100.75309999960679,13.743369999957956],"crs":null},"id":454,"type":"Feature","properties":{"กรท":null,"เขต":"สำนักงานเขตได้ดำเนินการปรับปรุงถนนพร้อมทั้งวางท่อระบายน้ำเรียบร้อยแล้ว","สคน":null,"remark":"อยู่ระหว่างจัดทำรูปแบบรายการในการก่อสร้างปี 2568","risk_gob_detail":null,"project_name":null,"กรบ":null,"status_detail":"แก้ไขแล้วเสร็จ","problem":"น้ำฝน สนข.","สพน":null,"status_num":5,"district":"ลาดกระบัง","name":"ซอยร่มเกล้า 25 (ซอยวัดบำรุงรื่น)","x":100.7531,"group_d":"กรุงเทพตะวันออก","y":13.74337,"id":454,"detail":"- น้ำล้นตลิ่งจากคลองสามประเวศ (สนน.)\n  - ถนนไม่มีท่อระบายน้ำ","add2":null,"add1":null,"objectid":454,"add4":null,"risk_gob_num":0,"add3":null}},{"geometry":{"type":"Point","coordinates":[100.83719999982495,13.731799999785048],"crs":null},"id":455,"type":"Feature","properties":{"กรท":null,"เขต":"- สนข. ปรับปรุงเสริมผิวจราจร ค.ส.ล. และก่อสร้างท่อระบายน้ำ (งบ 65 เพิ่มเติม) (แล้วเสร็จ)","สคน":null,"remark":null,"risk_gob_detail":null,"project_name":null,"กรบ":null,"status_detail":"แก้ไขแล้วเสร็จ","problem":"น้ำฝน สนข.","สพน":null,"status_num":5,"district":"ลาดกระบัง","name":"โรงเรียนประสานสามัคคี","x":100.8372,"group_d":"กรุงเทพตะวันออก","y":13.7318,"id":455,"detail":"น้ำล้นจากป่าหญ้าและคลอง ไม่มีท่อระบายน้ำ","add2":null,"add1":null,"objectid":455,"add4":null,"risk_gob_num":0,"add3":null}},{"geometry":{"type":"Point","coordinates":[100.7505999998492,13.721760000126814],"crs":null},"id":456,"type":"Feature","properties":{"กรท":null,"เขต":"- สนข. สนับสนุนเรียงกระสอบทราบและติดตั้งเครื่องสูบน้ำในช่วงฤดูฝน หมู่บ้านเอกชนเติมน้ำมันเอง","สคน":null,"remark":null,"risk_gob_detail":null,"project_name":null,"กรบ":null,"status_detail":"พื้นที่เอกชนหรือหน่วยงานราชการ","problem":"น้ำฝน สนข.","สพน":null,"status_num":2,"district":"ลาดกระบัง","name":"ซอยลาดกระบัง 34/6 (หมู่บ้านลาดกระบังการ์เด้นโฮม) เอกชน","x":100.7506,"group_d":"กรุงเทพตะวันออก","y":13.72176,"id":456,"detail":"- น้ำล้นตลิ่งจากคลองลาดกระบัง (สนข.)","add2":null,"add1":null,"objectid":456,"add4":null,"risk_gob_num":0,"add3":null}},{"geometry":{"type":"Point","coordinates":[100.78379999990005,13.720230000267998],"crs":null},"id":457,"type":"Feature","properties":{"กรท":null,"เขต":"- สนข. เรียงกระสอบทรายและติดตั้งเครื่องสูบน้ำในช่วงฤดูฝน สูบออกลำรางหมอน 20\n -โครงการก่อสร้างระบบแก้มลิงบึงสวนพระนคร พื้นที่เขตลาดกระบัง","สคน":null,"remark":null,"risk_gob_detail":null,"project_name":null,"กรบ":null,"status_detail":"มีมาตรการเร่งด่วน","problem":"น้ำฝน สนข.","สพน":null,"status_num":1,"district":"ลาดกระบัง","name":"ซอยลาดกระบัง 52 (ซอยจินดา) แยกซอยย่อย","x":100.7838,"group_d":"กรุงเทพตะวันออก","y":13.72023,"id":457,"detail":"- พื้นที่บางส่วนเป็นสาธารณะ (ติดถนนลาดกระบัง) พื้นที่บางส่วนเป็นเอกชน (ติดเขตสมุทรปราการ) น้ำท่วมในส่วนบริเวณพื้นที่เอกชน\n  - น้ำล้นตลิ่งจากลำรางหมอน 20 (สมุทรปราการ)","add2":null,"add1":null,"objectid":457,"add4":null,"risk_gob_num":0,"add3":null}},{"geometry":{"type":"Point","coordinates":[100.73070000044915,13.718889999829521],"crs":null},"id":458,"type":"Feature","properties":{"กรท":null,"เขต":"- สนข. เรียงกระสอบทรายแนวคลองบัวลอยกรณีน้ำคลองสูงเพื่อกันน้ำไหลท่วมเข้าพื้นที่\n  - สนน. ก่อสร้างบ่อสูบน้ำ พร้อมบ่อพักประตูปิดกั้นน้ำ (ปรับปรุงระบบระบายน้ำถนนลาดกระบังช่วงจากคลองบัวเกาะถึงคลองหนองปรือ #แล้วเสร็จ)","สคน":null,"remark":null,"risk_gob_detail":null,"project_name":null,"กรบ":null,"status_detail":"มีมาตรการเร่งด่วน","problem":"น้ำฝน สนข.","สพน":null,"status_num":1,"district":"ลาดกระบัง","name":"ซอยลาดกระบัง 22","x":100.7307,"group_d":"กรุงเทพตะวันออก","y":13.71889,"id":458,"detail":"- น้ำล้นตลิ่งจากคลองบัวลอย (สนข.) \n  - ซอยดังกล่าวต่ำกว่าถนนลาดกระบัง","add2":null,"add1":null,"objectid":458,"add4":null,"risk_gob_num":0,"add3":null}},{"geometry":{"type":"Point","coordinates":[100.82020000021559,13.760110000384312],"crs":null},"id":459,"type":"Feature","properties":{"กรท":null,"เขต":"#NAME?","สคน":null,"remark":null,"risk_gob_detail":null,"project_name":null,"กรบ":null,"status_detail":"แก้ไขแล้วเสร็จ","problem":"น้ำฝน สนข.","สพน":null,"status_num":5,"district":"ลาดกระบัง","name":"ซอยฉลองกรุง 54","x":100.8202,"group_d":"กรุงเทพตะวันออก","y":13.76011,"id":459,"detail":"น้ำล้นจากคลอง ไม่มีท่อระบายน้ำ","add2":null,"add1":null,"objectid":459,"add4":null,"risk_gob_num":0,"add3":null}},{"geometry":{"type":"Point","coordinates":[100.8163000003422,13.712379999662767],"crs":null},"id":460,"type":"Feature","properties":{"กรท":null,"เขต":null,"สคน":null,"remark":null,"risk_gob_detail":null,"project_name":null,"กรบ":null,"status_detail":"แก้ไขแล้วเสร็จ","problem":"น้ำฝน สนข.","สพน":null,"status_num":5,"district":"ลาดกระบัง","name":"ถนนหลวงแพ่ง (ตลอดทั้งสาย)","x":100.8163,"group_d":"กรุงเทพตะวันออก","y":13.71238,"id":460,"detail":"- มีน้ำท่วมขัง 10-15 ซม. และมีน้ำไหลย้อนเข้าสู่ระบบท่อ แนวทางแก้ไข - ก่อสร้างบ่อสูบน้ำพร้อมติดตั้งเครื่องสูบน้ำไฟฟ้า 3 จุด(โดยสนน.) - ติดตั้ง Flap gate ป้องกันน้ำย้อนจากลำรางบางตลาด (โดย สนน.) - ก่อสร้างบ่อสูบน้ำ Bypass ขนาด Æ 1.5 ม. ก่อนเข้าระบบบำบัดน้ำเสีย เร่งช่วยรระบาย (โดย สนน.)","add2":null,"add1":null,"objectid":460,"add4":null,"risk_gob_num":0,"add3":null}},{"geometry":{"type":"Point","coordinates":[100.56699999993583,13.796659999701696],"crs":null},"id":461,"type":"Feature","properties":{"กรท":null,"เขต":null,"สคน":null,"remark":"สนน.","risk_gob_detail":null,"project_name":null,"กรบ":null,"status_detail":"แก้ไขแล้วเสร็จ","problem":"น้ำฝน สนข.","สพน":null,"status_num":5,"district":"จตุจักร","name":"คลองน้ำแก้ว จากคลองพญาเวิกถึงคลองลาดพร้าว","x":100.567,"group_d":"กรุงเทพเหนือ","y":13.79666,"id":461,"detail":"มีประสิทธิภาพการระบายน้ำไม่เต็มประสิทธิภาพ เนื่องจากมีการปรับปรุงเขื่อนและขยายเขตคลอง","add2":null,"add1":null,"objectid":461,"add4":null,"risk_gob_num":0,"add3":null}},{"geometry":{"type":"Point","coordinates":[100.56579999983659,13.770889999668832],"crs":null},"id":462,"type":"Feature","properties":{"กรท":null,"เขต":"โครงการปรับปรุงซอยชานเมือง จากซอยประชาสงเคราะห์ 28 ถึงคลองยายสุ่น ซอยเปรมสมบัติ ซอยเปรมสมบัติ แยก 4 ซอยเปรมสมบัติ แยก 6 และซอยรัชดาภิเษก แยก 1-4","สคน":null,"remark":null,"risk_gob_detail":null,"project_name":null,"กรบ":null,"status_detail":"แก้ไขแล้วเสร็จบางส่วน","problem":"น้ำฝน สนข.","สพน":null,"status_num":4,"district":"ดินแดง","name":"ซอยชานเมือง","x":100.5658,"group_d":"กรุงเทพกลาง","y":13.77089,"id":462,"detail":"สภาพภายในซอยเป็นพื้นที่ลุ่มต่ำ ประกอบด้วยระบบท่อระบายน้ำในซอยมีขนาดเล็ก","add2":null,"add1":null,"objectid":462,"add4":null,"risk_gob_num":0,"add3":null}},{"geometry":{"type":"Point","coordinates":[100.61580000037861,13.76394000037625],"crs":null},"id":463,"type":"Feature","properties":{"กรท":null,"เขต":"ติดตั้งเครื่องสูบน้ำ","สคน":null,"remark":"2568","risk_gob_detail":null,"project_name":null,"กรบ":null,"status_detail":"มีมาตรการเร่งด่วน","problem":"น้ำฝน สนข.","สพน":null,"status_num":1,"district":"วังทองหลาง","name":"ซอย รามคำแหง 43/1","x":100.6158,"group_d":"กรุงเทพกลาง","y":13.76394,"id":463,"detail":"น้ำจากคลองแสนเเสบหนุนสูง","add2":null,"add1":null,"objectid":463,"add4":null,"risk_gob_num":0,"add3":null}},{"geometry":{"type":"Point","coordinates":[100.61129999955726,13.774369999679308],"crs":null},"id":464,"type":"Feature","properties":{"กรท":null,"เขต":"ปรับปรุงถนนอินทราภรณ์ จากร้านนายเรื่องลาบเป็ด ถึง คลองเจ้าคุณสิงห์ #เเล้วเสร็จ","สคน":null,"remark":"2569","risk_gob_detail":null,"project_name":null,"กรบ":null,"status_detail":"แก้ไขแล้วเสร็จ","problem":"น้ำฝน สนข.","สพน":null,"status_num":5,"district":"วังทองหลาง","name":"ถนน อินทราภรณ์","x":100.6113,"group_d":"กรุงเทพกลาง","y":13.77437,"id":464,"detail":"สภาพซอยมีพื้นที่ต่ำ","add2":null,"add1":null,"objectid":464,"add4":null,"risk_gob_num":0,"add3":null}},{"geometry":{"type":"Point","coordinates":[100.60579999955155,13.759050000371367],"crs":null},"id":465,"type":"Feature","properties":{"กรท":null,"เขต":"ขยายขนาดท่อระบายน้ำ ยกผิวจราจร","สคน":null,"remark":"2568","risk_gob_detail":null,"project_name":null,"กรบ":null,"status_detail":"แก้ไขแล้วเสร็จ","problem":"น้ำฝน สนข.","สพน":null,"status_num":5,"district":"วังทองหลาง","name":"ซอย รามคำแหง 21","x":100.6058,"group_d":"กรุงเทพกลาง","y":13.75905,"id":465,"detail":"สภาพถนนต่ำ ท่อระบายน้ำขนาดเล็ก","add2":null,"add1":null,"objectid":465,"add4":null,"risk_gob_num":0,"add3":null}},{"geometry":{"type":"Point","coordinates":[100.61959999979457,13.79377999967934],"crs":null},"id":466,"type":"Feature","properties":{"กรท":null,"เขต":"ก่อสร้างบ่อพักพร้อมประตูปิดกั้นน้ำ ขนาดเส้นผ่านศูนย์กลาง 0.80 ม. (ในทางเท้า) #แล้วเสร็จ","สคน":null,"remark":"2569","risk_gob_detail":null,"project_name":null,"กรบ":null,"status_detail":"แก้ไขแล้วเสร็จ","problem":"น้ำฝน สนข.","สพน":null,"status_num":5,"district":"วังทองหลาง","name":"ซอย ลาดพร้าว 87 แยก 12","x":100.6196,"group_d":"กรุงเทพกลาง","y":13.79378,"id":466,"detail":"สภาพซอยพื้นที่ต่ำ","add2":null,"add1":null,"objectid":466,"add4":null,"risk_gob_num":0,"add3":null}},{"geometry":{"type":"Point","coordinates":[100.59899999988747,13.779119999781942],"crs":null},"id":467,"type":"Feature","properties":{"กรท":null,"เขต":"โครงการก่อสร้างบ่อพักพร้อมประตูปิดกั้นน้ำ ขนาดเส้นผ่าศูนย์กลาง 1.20 ม. (ในผิวจราจร) #แล้วเสร็จ","สคน":null,"remark":null,"risk_gob_detail":null,"project_name":null,"กรบ":null,"status_detail":"แก้ไขแล้วเสร็จ","problem":"น้ำฝน สนข.","สพน":null,"status_num":5,"district":"วังทองหลาง","name":"ซอย ลาดพร้าว 80 แยก 26","x":100.599,"group_d":"กรุงเทพกลาง","y":13.77912,"id":467,"detail":"ซอยสภาพพื้นที่ต่ำ","add2":null,"add1":null,"objectid":467,"add4":null,"risk_gob_num":0,"add3":null}},{"geometry":{"type":"Point","coordinates":[100.59499999955665,13.788979999764608],"crs":null},"id":468,"type":"Feature","properties":{"กรท":null,"เขต":"1.ปรับปรุงระบบระบายน้ำซอยลาดพร้าว 64 แยก 4 #แล้วเสร็จ","สคน":null,"remark":null,"risk_gob_detail":null,"project_name":null,"กรบ":null,"status_detail":"แก้ไขแล้วเสร็จ","problem":"น้ำฝน สนข.","สพน":null,"status_num":5,"district":"วังทองหลาง","name":"ถนน ลาดพร้าว 64 แยก 4","x":100.595,"group_d":"กรุงเทพกลาง","y":13.78898,"id":468,"detail":"สภาพซอยมีพื้นที่ต่ำ","add2":null,"add1":null,"objectid":468,"add4":null,"risk_gob_num":0,"add3":null}},{"geometry":{"type":"Point","coordinates":[100.59550000004715,13.790350000260135],"crs":null},"id":469,"type":"Feature","properties":{"กรท":null,"เขต":"ติดตั้ั้งเครื่องสุบน้ำ","สคน":null,"remark":"2568","risk_gob_detail":null,"project_name":null,"กรบ":null,"status_detail":"มีมาตรการเร่งด่วน","problem":"น้ำฝน สนข.","สพน":null,"status_num":1,"district":"วังทองหลาง","name":"ซอย ลาดพร้าว 64 แยก 2","x":100.5955,"group_d":"กรุงเทพกลาง","y":13.79035,"id":469,"detail":"สภาพถนนต่ำ ท่อระบายน้ำขนาดเล็ก","add2":null,"add1":null,"objectid":469,"add4":null,"risk_gob_num":0,"add3":null}},{"geometry":{"type":"Point","coordinates":[100.58619999972716,13.77748000040536],"crs":null},"id":470,"type":"Feature","properties":{"กรท":null,"เขต":"ดำเนินการวางท่อระบายน้ำขนาด 1.20 ม. และ 1.50 ม. เพื่อนำน้ำจากแยกเหม่งจ๋ายลงลำรางชวดตาเชียง","สคน":null,"remark":null,"risk_gob_detail":null,"project_name":null,"กรบ":null,"status_detail":"แก้ไขแล้วเสร็จ","problem":"น้ำฝน สนข.","สพน":null,"status_num":5,"district":"ห้วยขวาง","name":"ซอยประชาอุทิศ 19 เชื่อมซอยประชาราษฎร์บำเพ็ญ 24","x":100.5862,"group_d":"กรุงเทพกลาง","y":13.77748,"id":470,"detail":"น้ำท่วมขังประมาณ 30 ซม.","add2":null,"add1":null,"objectid":470,"add4":null,"risk_gob_num":0,"add3":null}},{"geometry":{"type":"Point","coordinates":[100.58599999971062,13.793500000156284],"crs":null},"id":471,"type":"Feature","properties":{"กรท":null,"เขต":"ดำเนินการวางท่อระบายน้ำขนาด 0.80 ม. และกำลังสร้างบ่อพักพร้อมบานประตูปิดกั้นน้ำ","สคน":null,"remark":null,"risk_gob_detail":null,"project_name":null,"กรบ":null,"status_detail":"แก้ไขแล้วเสร็จ","problem":"น้ำฝน สนข.","สพน":null,"status_num":5,"district":"ห้วยขวาง","name":"ซอย ลาดพร้าว 48 แยก 3-2","x":100.586,"group_d":"กรุงเทพกลาง","y":13.7935,"id":471,"detail":"น้ำท่วมขังประมาณ 30 ซม.","add2":null,"add1":null,"objectid":471,"add4":null,"risk_gob_num":0,"add3":null}},{"geometry":{"type":"Point","coordinates":[100.49979999976793,13.745039999889944],"crs":null},"id":472,"type":"Feature","properties":{"กรท":null,"เขต":"สำนักการระบายน้ำดำเนินการสร้างฝาบ่อขอบบ่อใหม่ เป็นฝาตะแกรง","สคน":null,"remark":null,"risk_gob_detail":null,"project_name":null,"กรบ":null,"status_detail":"แก้ไขแล้วเสร็จ","problem":"น้ำฝน สนข.","สพน":null,"status_num":5,"district":"พระนคร","name":"ถนน พาหุรัด","x":100.4998,"group_d":"กรุงเทพกลาง","y":13.74504,"id":472,"detail":"น้ำท่วมขัง ระบายไม่ทัน","add2":null,"add1":null,"objectid":472,"add4":null,"risk_gob_num":0,"add3":null}},{"geometry":{"type":"Point","coordinates":[100.41889999981441,13.64979999980661],"crs":null},"id":473,"type":"Feature","properties":{"กรท":null,"เขต":"ได้รับประมาณในการปรับปรุงถนนในบางส่วน และของบประมาณประจำปี2570 ปรังปรุงถนน / แนวทางแก้ไข  -ติดตั้งเครื่องสูบน้ำไฟฟ้า ขนาด 28 นิ้ว จำนวน 2 เครื่อง -ติดตั้งเครื่องสูบน้ำไฟฟ้า ขนาด 20 นิ้ว จำนวน 2 เครื่อง","สคน":null,"remark":null,"risk_gob_detail":null,"project_name":null,"กรบ":null,"status_detail":"แก้ไขแล้วเสร็จบางส่วน","problem":"น้ำฝน สนข.","สพน":null,"status_num":4,"district":"บางขุนเทียน","name":"ถนนพระรามที่ 2 ซอย 62 (ม.การเคหะโครงการ 3)","x":100.4189,"group_d":"กรุงธนใต้","y":13.6498,"id":473,"detail":"พื้นผิวจราจรมีระดับต่ำ ไม่สามารถระบายน้ำลงคลองได้โดยตรง","add2":null,"add1":null,"objectid":473,"add4":null,"risk_gob_num":0,"add3":null}}],"type":"FeatureCollection","properties":{"exceededTransferLimit":false}}