{"features":[{"geometry":{"type":"Point","coordinates":[100.43542453728134,13.56701480642695],"crs":null},"id":1,"type":"Feature","properties":{"pump_type":"-","utm_x":655312.9935,"size_w":4,"year":"2563","accessibility":"ซอย เทียนทะเล 25 ตรงร้านผัดไทธนาภิรมย์","motor_sz":"-","hy_lname":"คลองศาลเตี้ย","motor_num":"-","gate_name":"ประตูระบายน้ำคลองรางยายเพียร","rt_total":0,"type":"ทั่วไป","sill_el":0,"utm_y":1500297.5937,"gate_code":"132","number":1,"crest_el":0,"rate":0,"gate_type":"ใช้สลิง ปิด-เปิด ในแนวดิ่ง","size_h":3.5,"brand":"-","fn_date":"-","owner":"อุโมงค์ธนบุรี","surveillant_mobile":"-","objectid_1":1,"motor_total":0,"subdistrict_id":"102105","size":"0","fd_prevent_code":"38","district_t":"บางขุนเทียน","surveillant_name":"-","district_id":"1021","objectid":1}},{"geometry":{"type":"Point","coordinates":[100.43650032330464,13.568153812624082],"crs":null},"id":2,"type":"Feature","properties":{"pump_type":"-","utm_x":655428.6742,"size_w":4,"year":"2563","accessibility":"ซอย เทียนทะเล 25 ตรงข้ามร้าน ร้านส้มตำติดคลอง","motor_sz":"-","hy_lname":"คลองหนองพงไหม้","motor_num":"-","gate_name":"ประตูระบายน้ำคลองแยกคลองเชิงตาแพ","rt_total":0,"type":"ทั่วไป","sill_el":0,"utm_y":1500424.2778,"gate_code":"131","number":1,"crest_el":0,"rate":0,"gate_type":"ใช้สลิง ปิด-เปิด ในแนวดิ่ง","size_h":4,"brand":"-","fn_date":"-","owner":"อุโมงค์ธนบุรี","surveillant_mobile":"-","objectid_1":2,"motor_total":0,"subdistrict_id":"102105","size":"0","fd_prevent_code":"38","district_t":"บางขุนเทียน","surveillant_name":"-","district_id":"1021","objectid":2}},{"geometry":{"type":"Point","coordinates":[100.41862483802556,13.568765633782704],"crs":null},"id":3,"type":"Feature","properties":{"pump_type":"-","utm_x":653493.8053,"size_w":4,"year":"2563","accessibility":"ถนนบางขุนเทียน-ชายทะเล อยู่ตรงสะพานเกาะโพธิ์ ","motor_sz":"-","hy_lname":"-","motor_num":"-","gate_name":"ประตูระบายน้ำคลองรางยายคง","rt_total":0,"type":"ทั่วไป","sill_el":0,"utm_y":1500480.6485,"gate_code":"133","number":1,"crest_el":0,"rate":0,"gate_type":"ใช้สลิง ปิด-เปิด ในแนวดิ่ง","size_h":4,"brand":"-","fn_date":"-","owner":"อุโมงค์ธนบุรี","surveillant_mobile":"-","objectid_1":3,"motor_total":0,"subdistrict_id":"102105","size":"0","fd_prevent_code":"38","district_t":"บางขุนเทียน","surveillant_name":"-","district_id":"1021","objectid":3}},{"geometry":{"type":"Point","coordinates":[100.39897272299311,13.570439020232145],"crs":null},"id":4,"type":"Feature","properties":{"pump_type":"-","utm_x":651366.0239,"size_w":4,"year":"2563","accessibility":"ซอยแสมดำ ตรงมาเรื่อยๆจนถึงสามแยกโรงเรียนหมู่บ้านเกาะโพธิ์ ขับตรงไปทางลูกรังจนสุดซอย","motor_sz":"-","hy_lname":"คลองรางยายคง","motor_num":"-","gate_name":"ประตูระบายน้ำคลองหัวกระบือ","rt_total":0,"type":"ทั่วไป","sill_el":0,"utm_y":1500653.4888,"gate_code":"134","number":1,"crest_el":0,"rate":0,"gate_type":"ใช้สลิง ปิด-เปิด ในแนวดิ่ง","size_h":4,"brand":"-","fn_date":"-","owner":"อุโมงค์ธนบุรี","surveillant_mobile":"-","objectid_1":4,"motor_total":0,"subdistrict_id":"102105","size":"0","fd_prevent_code":"38","district_t":"บางขุนเทียน","surveillant_name":"-","district_id":"1021","objectid":4}},{"geometry":{"type":"Point","coordinates":[100.44199999974391,13.570600000087632],"crs":null},"id":5,"type":"Feature","properties":{"pump_type":"-","utm_x":656022.2508,"size_w":6,"year":"2563","accessibility":"ตรงข้ามร้านช่างโอม เทียนทะเล 25","motor_sz":"-","hy_lname":"คลองลูกวัวเก่า","motor_num":"-","gate_name":"ประตูระบายน้ำประตูเรือสัญจรคลองลูกวัวเก่า","rt_total":0,"type":"ทั่วไป","sill_el":0,"utm_y":1500698.3895,"gate_code":"130","number":1,"crest_el":0,"rate":0,"gate_type":"ใช้สลิง ปิด-เปิด ในแนวดิ่ง","size_h":4,"brand":"-","fn_date":"-","owner":"อุโมงค์ธนบุรี","surveillant_mobile":"-","objectid_1":5,"motor_total":0,"subdistrict_id":"102105","size":"0","fd_prevent_code":"38","district_t":"บางขุนเทียน","surveillant_name":"-","district_id":"1021","objectid":5}},{"geometry":{"type":"Point","coordinates":[100.39039999978064,13.597199999952359],"crs":null},"id":6,"type":"Feature","properties":{"pump_type":"-","utm_x":650421.4331,"size_w":4,"year":"2564","accessibility":"ตรงข้ามบริษัท เอ็ม เอส สวิทช์บอร์ด จำกัด\r\nบริษัท เอ็ม เอส สวิทช์บอร์ด จำกัด","motor_sz":"20","hy_lname":"คลองบางขนุน","motor_num":"1","gate_name":"ประตูระบายน้ำคลองบางขนุน","rt_total":0,"type":"ทั่วไป","sill_el":0,"utm_y":1503608.5012,"gate_code":"140","number":1,"crest_el":0,"rate":0,"gate_type":"ใช้สลิง ปิด-เปิด ในแนวดิ่ง","size_h":4,"brand":"-","fn_date":"-","owner":"อุโมงค์ธนบุรี","surveillant_mobile":"-","objectid_1":6,"motor_total":0.5,"subdistrict_id":"102107","size":"0.5","fd_prevent_code":"36","district_t":"บางขุนเทียน","surveillant_name":"-","district_id":"1021","objectid":6}},{"geometry":{"type":"Point","coordinates":[100.40187183708484,13.605336598743909],"crs":null},"id":7,"type":"Feature","properties":{"pump_type":"-","utm_x":651657.5631,"size_w":4,"year":"2563","accessibility":"ตรงสะพานข้างบริษัท อุตสาหกรรมมิตรมงคล จำกัด","motor_sz":"2","hy_lname":"คลองหน้าวัด","motor_num":"1","gate_name":"ประตูระบายน้ำคลองม่วง","rt_total":0,"type":"ทั่วไป","sill_el":0,"utm_y":1504515.6931,"gate_code":"139","number":1,"crest_el":0,"rate":0,"gate_type":"ใช้สลิง ปิด-เปิด ในแนวดิ่ง","size_h":4,"brand":"-","fn_date":"-","owner":"อุโมงค์ธนบุรี","surveillant_mobile":"-","objectid_1":7,"motor_total":2,"subdistrict_id":"102107","size":"3","fd_prevent_code":"36","district_t":"บางขุนเทียน","surveillant_name":"-","district_id":"1021","objectid":7}},{"geometry":{"type":"Point","coordinates":[100.45486043075181,13.60502713928865],"crs":null},"id":8,"type":"Feature","properties":{"pump_type":"-","utm_x":657391.2728,"size_w":4,"year":"2563","accessibility":"ทางเข้าซอยจะมีร้านอาหารชื่อนะโมนา พอเจอสามแยกเลี้ยวขวา แล้วตรงไปจนสุดทาง","motor_sz":"2","hy_lname":"คลองนา","motor_num":"1","gate_name":"ประตูระบายน้ำคลองนา","rt_total":0,"type":"ทั่วไป","sill_el":0,"utm_y":1504515.0896,"gate_code":"138","number":1,"crest_el":0,"rate":0,"gate_type":"ใช้สลิง ปิด-เปิด ในแนวดิ่ง","size_h":4,"brand":"-","fn_date":"-","owner":"อุโมงค์ธนบุรี","surveillant_mobile":"-","objectid_1":8,"motor_total":2,"subdistrict_id":"102105","size":"2","fd_prevent_code":"37","district_t":"บางขุนเทียน","surveillant_name":"-","district_id":"1021","objectid":8}},{"geometry":{"type":"Point","coordinates":[100.453000255643,13.614341854510041],"crs":null},"id":9,"type":"Feature","properties":{"pump_type":"-","utm_x":657183.8445,"size_w":4,"year":"2563","accessibility":"ซอย อนามัยงามเจริญ ตรงสะพานข้ามคลองรางสะแก","motor_sz":"2","hy_lname":"คลองรางสะแก","motor_num":"1","gate_name":"ประตูระบายน้ำคลองรางสะแก","rt_total":0,"type":"ทั่วไป","sill_el":0,"utm_y":1505544.3131,"gate_code":"137","number":1,"crest_el":0,"rate":0,"gate_type":"ใช้สลิง ปิด-เปิด ในแนวดิ่ง","size_h":4,"brand":"-","fn_date":"-","owner":"อุโมงค์ธนบุรี","surveillant_mobile":"-","objectid_1":9,"motor_total":2,"subdistrict_id":"102105","size":"2","fd_prevent_code":"37","district_t":"บางขุนเทียน","surveillant_name":"-","district_id":"1021","objectid":9}},{"geometry":{"type":"Point","coordinates":[100.51124013337574,13.618262538507183],"crs":null},"id":10,"type":"Feature","properties":{"pump_type":"-","utm_x":663482.7545,"size_w":0,"year":"2563","accessibility":"ข้างร้านสเต็ก ลงพุง ถนนประชาอุทิศ","motor_sz":"-","hy_lname":"คลองหนองรี","motor_num":"-","gate_name":"ประตูระบายน้ำคลองหนองรี  (ตอนแนวถนนประชาอุทิศ)","rt_total":0,"type":"ทั่วไป","sill_el":0,"utm_y":1506016.4215,"gate_code":"174","number":0,"crest_el":0,"rate":0,"gate_type":"-","size_h":0,"brand":"-","fn_date":"-","owner":"อาคารบังคับน้ำ ธนบุรี","surveillant_mobile":"-","objectid_1":10,"motor_total":0,"subdistrict_id":"104902","size":"0","fd_prevent_code":"37","district_t":"ทุ่งครุ","surveillant_name":"-","district_id":"1049","objectid":10}},{"geometry":{"type":"Point","coordinates":[100.45226402473816,13.619372718658038],"crs":null},"id":11,"type":"Feature","properties":{"pump_type":"-","utm_x":657100.8629,"size_w":4,"year":"2563","accessibility":"สะพานข้ามคลองบุญสุข ตรงร้านโมโน่ ก๋วยเตี๋ยวคากิ ","motor_sz":"2","hy_lname":"คลองบุญสุข","motor_num":"1","gate_name":"ประตูระบายน้ำคลองบุญสุข","rt_total":0,"type":"ทั่วไป","sill_el":0,"utm_y":1506100.3689,"gate_code":"136","number":1,"crest_el":0,"rate":0,"gate_type":"ใช้สลิง ปิด-เปิด ในแนวดิ่ง","size_h":4,"brand":"-","fn_date":"-","owner":"อุโมงค์ธนบุรี","surveillant_mobile":"-","objectid_1":11,"motor_total":2,"subdistrict_id":"102105","size":"2","fd_prevent_code":"37","district_t":"บางขุนเทียน","surveillant_name":"-","district_id":"1021","objectid":11}},{"geometry":{"type":"Point","coordinates":[100.42017570780077,13.620127045842567],"crs":null},"id":12,"type":"Feature","properties":{"pump_type":"-","utm_x":653628.5298,"size_w":4,"year":"2564","accessibility":"ตรงข้าม บริษัท เค.เอ็ม.อินเตอร์วู๊ด จำกัด ","motor_sz":"16","hy_lname":"คลองตรง","motor_num":"1","gate_name":"ประตูระบายน้ำคลองตรง","rt_total":0,"type":"ทั่วไป","sill_el":0,"utm_y":1506163.3172,"gate_code":"141","number":1,"crest_el":0,"rate":0,"gate_type":"ใช้สลิง ปิด-เปิด ในแนวดิ่ง","size_h":4,"brand":"-","fn_date":"-","owner":"อุโมงค์ธนบุรี","surveillant_mobile":"-","objectid_1":12,"motor_total":0.35,"subdistrict_id":"102107","size":"0.35","fd_prevent_code":"36","district_t":"บางขุนเทียน","surveillant_name":"-","district_id":"1021","objectid":12}},{"geometry":{"type":"Point","coordinates":[100.50865715922353,13.623833753534848],"crs":null},"id":13,"type":"Feature","properties":{"pump_type":"-","utm_x":663199.4533,"size_w":0,"year":"2563","accessibility":"ข้างร้านล้างรถ JP wash Car Detailing","motor_sz":"-","hy_lname":"คลองรางตรง","motor_num":"-","gate_name":"ประตูระบายน้ำคลองรางตรง (ตอนแนวถนนประชาอุทิศ)","rt_total":0,"type":"ทั่วไป","sill_el":0,"utm_y":1506631.0079,"gate_code":"173","number":0,"crest_el":0,"rate":0,"gate_type":"-","size_h":0,"brand":"-","fn_date":"-","owner":"อาคารบังคับน้ำ ธนบุรี","surveillant_mobile":"-","objectid_1":13,"motor_total":0,"subdistrict_id":"104902","size":"0","fd_prevent_code":"19","district_t":"ทุ่งครุ","surveillant_name":"-","district_id":"1049","objectid":13}},{"geometry":{"type":"Point","coordinates":[100.44949121572,13.631762979473924],"crs":null},"id":14,"type":"Feature","properties":{"pump_type":"-","utm_x":656792.6823,"size_w":4,"year":"2563","accessibility":"ซอย อนามัยงามเจริญ ข้างร้าQ 9 By sofa","motor_sz":"2","hy_lname":"คลองรางโพธิ์บน","motor_num":"1","gate_name":"ประตูระบายน้ำคลองรางโพธิ์","rt_total":0,"type":"ทั่วไป","sill_el":0,"utm_y":1507469.2318,"gate_code":"135","number":1,"crest_el":0,"rate":0,"gate_type":"ใช้สลิง ปิด-เปิด ในแนวดิ่ง","size_h":4,"brand":"-","fn_date":"-","owner":"อุโมงค์ธนบุรี","surveillant_mobile":"-","objectid_1":14,"motor_total":2,"subdistrict_id":"102105","size":"2","fd_prevent_code":"35","district_t":"บางขุนเทียน","surveillant_name":"-","district_id":"1021","objectid":14}},{"geometry":{"type":"Point","coordinates":[100.64932976893161,13.659360786390609],"crs":null},"id":15,"type":"Feature","properties":{"pump_type":"-","utm_x":678393.6666,"size_w":0,"year":"2563","accessibility":"สุดซอย บางนา-ตราด 56","motor_sz":"-","hy_lname":"คลองบางนา","motor_num":"-","gate_name":"ประตูระบายน้ำคลองบางนา","rt_total":0,"type":"ทั่วไป (เหล็ก)","sill_el":0,"utm_y":1510660.2934,"gate_code":"084","number":0,"crest_el":0,"rate":0,"gate_type":"-","size_h":0,"brand":"-","fn_date":"-","owner":"อาคารบังคับน้ำ 2","surveillant_mobile":"-","objectid_1":15,"motor_total":0,"subdistrict_id":"104702","size":"0","fd_prevent_code":"28","district_t":"บางนา","surveillant_name":"-","district_id":"1047","objectid":15}},{"geometry":{"type":"Point","coordinates":[100.64670859255804,13.669104726662201],"crs":null},"id":16,"type":"Feature","properties":{"pump_type":"-","utm_x":678102.7658,"size_w":0,"year":"2563","accessibility":"ข้างอาคารโปรเฟรท ถนน ศรีนครินทร์","motor_sz":"-","hy_lname":"คลองเคล็ด","motor_num":"-","gate_name":"ประตูระบายน้ำคลองเคล็ด (ถ.ศรีนครินทร์)","rt_total":0,"type":"ทั่วไป (เหล็ก)","sill_el":0,"utm_y":1511736.3668,"gate_code":"083","number":1,"crest_el":0,"rate":0,"gate_type":"-","size_h":0,"brand":"-","fn_date":"-","owner":"อาคารบังคับน้ำ 2","surveillant_mobile":"-","objectid_1":16,"motor_total":0,"subdistrict_id":"103202","size":"0","fd_prevent_code":"14","district_t":"ประเวศ","surveillant_name":"-","district_id":"1032","objectid":16}},{"geometry":{"type":"Point","coordinates":[100.53690584820886,13.670904576954987],"crs":null},"id":17,"type":"Feature","properties":{"pump_type":"-","utm_x":666222.9487,"size_w":0,"year":"2563","accessibility":"ภายในโรงเรียนสอนขับรถ เอช อาร์ โปร บริเวณ บริษัท รักษาความปลดภัย เอชอาร์ โปร แอนด์ เซอร์วิส จำกัด","motor_sz":"-","hy_lname":"คลองวัดด่านเหนือ","motor_num":"-","gate_name":"ประตูระบายน้ำคลองวัดด่านเหนือ","rt_total":0,"type":"ทั่วไป","sill_el":0,"utm_y":1511857.4727,"gate_code":"062","number":0,"crest_el":0,"rate":0,"gate_type":"-","size_h":0,"brand":"-","fn_date":"-","owner":"อาคารบังคับน้ำ 2","surveillant_mobile":"-","objectid_1":17,"motor_total":0,"subdistrict_id":"101204","size":"0","fd_prevent_code":"11","district_t":"ยานนาวา","surveillant_name":"-","district_id":"1012","objectid":17}},{"geometry":{"type":"Point","coordinates":[100.53509999923413,13.671299999628665],"crs":null},"id":18,"type":"Feature","properties":{"pump_type":"-","utm_x":666027.3195,"size_w":0,"year":"2563","accessibility":"ภายในโรงเรียนเจ้าพระยาวิทยาคม บริเวณหลังโรงเรียน","motor_sz":"-","hy_lname":"-","motor_num":"-","gate_name":"ประตูระบายน้ำคลองหลัง รร.เจ้าพระยาวิทยาคม","rt_total":0,"type":"ทั่วไป","sill_el":0,"utm_y":1511899.9793,"gate_code":"063","number":0,"crest_el":0,"rate":0,"gate_type":"-","size_h":0,"brand":"-","fn_date":"-","owner":"อาคารบังคับน้ำ 2","surveillant_mobile":"-","objectid_1":18,"motor_total":0,"subdistrict_id":"101204","size":"0","fd_prevent_code":"11","district_t":"ยานนาวา","surveillant_name":"-","district_id":"1012","objectid":18}},{"geometry":{"type":"Point","coordinates":[100.54107262782107,13.670851734745657],"crs":null},"id":19,"type":"Feature","properties":{"pump_type":"-","utm_x":666673.738,"size_w":0,"year":"2563","accessibility":"ภายในวัดด่าน บริเวณหลังวัด","motor_sz":"-","hy_lname":"คลองโบสถ์","motor_num":"-","gate_name":"ประตูระบายน้ำคลองโบสถ์","rt_total":0,"type":"ทั่วไป","sill_el":0,"utm_y":1511854.4891,"gate_code":"064","number":0,"crest_el":0,"rate":0,"gate_type":"-","size_h":0,"brand":"-","fn_date":"-","owner":"อาคารบังคับน้ำ 2","surveillant_mobile":"-","objectid_1":19,"motor_total":0,"subdistrict_id":"101204","size":"0","fd_prevent_code":"11","district_t":"ยานนาวา","surveillant_name":"-","district_id":"1012","objectid":19}},{"geometry":{"type":"Point","coordinates":[100.54560569053017,13.673040319101947],"crs":null},"id":20,"type":"Feature","properties":{"pump_type":"-","utm_x":667162.5706,"size_w":0,"year":"2563","accessibility":"ภายในบริษัท บี.พี.พี ซัพพลาย จำกัด บริเวณหลังลานจอดรถ","motor_sz":"-","hy_lname":"คลองสาน","motor_num":"-","gate_name":"ประตูระบายน้ำคลองสาน","rt_total":0,"type":"ทั่วไป","sill_el":0,"utm_y":1512099.7306,"gate_code":"065","number":0,"crest_el":0,"rate":0,"gate_type":"-","size_h":0,"brand":"-","fn_date":"-","owner":"อาคารบังคับน้ำ 2","surveillant_mobile":"-","objectid_1":20,"motor_total":0,"subdistrict_id":"101204","size":"0","fd_prevent_code":"11","district_t":"ยานนาวา","surveillant_name":"-","district_id":"1012","objectid":20}},{"geometry":{"type":"Point","coordinates":[100.5322854083244,13.67338061841524],"crs":null},"id":21,"type":"Feature","properties":{"pump_type":"-","utm_x":665721.3897,"size_w":0,"year":"2563","accessibility":"ซอยทางเท้าข้างวัดปริวาสราชสงคราม","motor_sz":"-","hy_lname":"คลองวัดปริวาส","motor_num":"-","gate_name":"ประตูระบายน้ำคลองปริวาส","rt_total":0,"type":"ทั่วไป","sill_el":0,"utm_y":1512128.2261,"gate_code":"061","number":0,"crest_el":0,"rate":0,"gate_type":"-","size_h":0,"brand":"-","fn_date":"-","owner":"อาคารบังคับน้ำ 2","surveillant_mobile":"-","objectid_1":21,"motor_total":0,"subdistrict_id":"101204","size":"0","fd_prevent_code":"11","district_t":"ยานนาวา","surveillant_name":"-","district_id":"1012","objectid":21}},{"geometry":{"type":"Point","coordinates":[100.70426524865076,13.672464809691476],"crs":null},"id":22,"type":"Feature","properties":{"pump_type":"-","utm_x":684326.9111,"size_w":0,"year":"2563","accessibility":"หลังหมู่บ้าน มัณฑนา อ่อนนุช วงเเหวน 5","motor_sz":"-","hy_lname":"คลองอ้ายสลุด","motor_num":"-","gate_name":"ประตูระบายน้ำคลองอ้ายสลุด","rt_total":0,"type":"ทั่วไป","sill_el":0,"utm_y":1512151.1548,"gate_code":"009","number":0,"crest_el":0,"rate":0,"gate_type":"-","size_h":0,"brand":"-","fn_date":"-","owner":"อุโมงค์พระนคร","surveillant_mobile":"-","objectid_1":22,"motor_total":0,"subdistrict_id":"103203","size":"0","fd_prevent_code":"27","district_t":"ประเวศ","surveillant_name":"-","district_id":"1032","objectid":22}},{"geometry":{"type":"Point","coordinates":[100.52940000048538,13.67579999991117],"crs":null},"id":23,"type":"Feature","properties":{"pump_type":"-","utm_x":665407.5682,"size_w":0,"year":"2563","accessibility":"ซอยข้างท่าเรือสยามแก๊ส","motor_sz":"-","hy_lname":"คลองบางโพงพางใต้","motor_num":"-","gate_name":"ประตูระบายน้ำคลองบางโพงพางใต้","rt_total":0,"type":"ทั่วไป","sill_el":0,"utm_y":1512393.904,"gate_code":"060","number":0,"crest_el":0,"rate":0,"gate_type":"-","size_h":0,"brand":"-","fn_date":"-","owner":"อาคารบังคับน้ำ 2","surveillant_mobile":"-","objectid_1":23,"motor_total":0,"subdistrict_id":"101204","size":"0","fd_prevent_code":"11","district_t":"ยานนาวา","surveillant_name":"-","district_id":"1012","objectid":23}},{"geometry":{"type":"Point","coordinates":[100.52806878369802,13.676938487722927],"crs":null},"id":24,"type":"Feature","properties":{"pump_type":"-","utm_x":665262.7696,"size_w":0,"year":"2563","accessibility":"ซอยทางเท้าตรงป้ายรถเมล์ ข้างบริษัท เสริมนิมิต พลาสสติก จำกัด","motor_sz":"-","hy_lname":"คลองบางโพงพางเหนือ","motor_num":"-","gate_name":"ประตูระบายน้ำคลองบางโพงพางเหนือ","rt_total":0,"type":"ทั่วไป","sill_el":0,"utm_y":1512518.9432,"gate_code":"059","number":0,"crest_el":0,"rate":0,"gate_type":"-","size_h":0,"brand":"-","fn_date":"-","owner":"อาคารบังคับน้ำ 2","surveillant_mobile":"-","objectid_1":24,"motor_total":0,"subdistrict_id":"101204","size":"0","fd_prevent_code":"11","district_t":"ยานนาวา","surveillant_name":"-","district_id":"1012","objectid":24}},{"geometry":{"type":"Point","coordinates":[100.66320000055833,13.677900000289792],"crs":null},"id":25,"type":"Feature","properties":{"pump_type":"-","utm_x":679880.191,"size_w":0,"year":"2563","accessibility":"ข้างร้านข้าวต้มสมพงษ์ ถนน เฉลิมพระเกียรติรัชกาลที่ 9","motor_sz":"-","hy_lname":"คลองหนองบอน","motor_num":"-","gate_name":"ประตูระบายน้ำคลองหนองบอน","rt_total":0,"type":"ทั่วไป","sill_el":0,"utm_y":1512721.6025,"gate_code":"010","number":0,"crest_el":0,"rate":0,"gate_type":"-","size_h":0,"brand":"-","fn_date":"-","owner":"อุโมงค์พระนคร","surveillant_mobile":"-","objectid_1":25,"motor_total":0,"subdistrict_id":"103202","size":"0","fd_prevent_code":"14","district_t":"ประเวศ","surveillant_name":"-","district_id":"1032","objectid":25}},{"geometry":{"type":"Point","coordinates":[100.5256337276476,13.679227877133483],"crs":null},"id":26,"type":"Feature","properties":{"pump_type":"-","utm_x":664997.7641,"size_w":0,"year":"2563","accessibility":"ภายในวัดทองมน บริเวณข้างคลองหลังวัด","motor_sz":"-","hy_lname":"คลองวัดทองบน","motor_num":"-","gate_name":"ประตูระบายน้ำคลองวัดทองบน","rt_total":0,"type":"ทั่วไป","sill_el":0,"utm_y":1512770.5518,"gate_code":"058","number":0,"crest_el":0,"rate":0,"gate_type":"-","size_h":0,"brand":"-","fn_date":"-","owner":"อาคารบังคับน้ำ 2","surveillant_mobile":"-","objectid_1":26,"motor_total":0,"subdistrict_id":"101204","size":"0","fd_prevent_code":"11","district_t":"ยานนาวา","surveillant_name":"-","district_id":"1012","objectid":26}},{"geometry":{"type":"Point","coordinates":[100.70529162946268,13.678860322758386],"crs":null},"id":27,"type":"Feature","properties":{"pump_type":"-","utm_x":684432.9694,"size_w":0,"year":"2563","accessibility":"อยู่ข้างซอย 01กาญจนภิเษก 43 เป็นสะพานทางเท้าข้างคลอง","motor_sz":"-","hy_lname":"คลองปากน้ำ","motor_num":"-","gate_name":"ประตูระบายน้ำคลองปากน้ำ","rt_total":0,"type":"ทั่วไป","sill_el":0,"utm_y":1512859.5095,"gate_code":"008","number":0,"crest_el":0,"rate":0,"gate_type":"-","size_h":0,"brand":"-","fn_date":"-","owner":"อุโมงค์พระนคร","surveillant_mobile":"-","objectid_1":27,"motor_total":0,"subdistrict_id":"103203","size":"0","fd_prevent_code":"27","district_t":"ประเวศ","surveillant_name":"-","district_id":"1032","objectid":27}},{"geometry":{"type":"Point","coordinates":[100.3504705029215,13.68150966193026],"crs":null},"id":28,"type":"Feature","properties":{"pump_type":"-","utm_x":646049.0586,"size_w":0,"year":"2563","accessibility":"ซอย เลียบคลองภาษีเจริญฝั่งเหนือ 5 ตรงไปจนสุดซอย","motor_sz":"-","hy_lname":"คลองมหาศร","motor_num":"-","gate_name":"ประตูระบายน้ำคลองมหาศร","rt_total":0,"type":"ทั่วไป","sill_el":0,"utm_y":1512910.4761,"gate_code":"142","number":0,"crest_el":0,"rate":0,"gate_type":"-","size_h":0,"brand":"-","fn_date":"-","owner":"อุโมงค์ธนบุรี","surveillant_mobile":"-","objectid_1":28,"motor_total":0,"subdistrict_id":"102302","size":"0","fd_prevent_code":"34","district_t":"หนองแขม","surveillant_name":"-","district_id":"1023","objectid":28}},{"geometry":{"type":"Point","coordinates":[100.52404275761725,13.68069891672293],"crs":null},"id":29,"type":"Feature","properties":{"pump_type":"-","utm_x":664824.6399,"size_w":0,"year":"2563","accessibility":"ทางลงตรง BRT สถานีวัดดอกไม้ ฝั่งตรงข้ามวัด ข้างบริษัท Nova Trenda ","motor_sz":"-","hy_lname":"คลองวัดดอกไม้","motor_num":"-","gate_name":"ประตูระบายน้ำคลองวัดดอกไม้","rt_total":0,"type":"ทั่วไป","sill_el":0,"utm_y":1512932.2053,"gate_code":"057","number":0,"crest_el":0,"rate":0,"gate_type":"-","size_h":0,"brand":"-","fn_date":"-","owner":"อาคารบังคับน้ำ 2","surveillant_mobile":"-","objectid_1":29,"motor_total":0,"subdistrict_id":"101204","size":"0","fd_prevent_code":"11","district_t":"ยานนาวา","surveillant_name":"-","district_id":"1012","objectid":29}},{"geometry":{"type":"Point","coordinates":[100.51385927377211,13.681625255267479],"crs":null},"id":30,"type":"Feature","properties":{"pump_type":"-","utm_x":663722.4295,"size_w":4,"year":"2563","accessibility":"ภายในการไฟฟ้านครหลวง เขตราษฎร์บูรณะ บริเวณหลังตึก ICT","motor_sz":"0.5","hy_lname":"คลองบางบูน","motor_num":"2","gate_name":"ประตูระบายน้ำคลองบางบูน","rt_total":0,"type":"ทั่วไป","sill_el":0,"utm_y":1513027.7745,"gate_code":"241","number":1,"crest_el":0,"rate":0,"gate_type":"ใช้สลิง ปิด-เปิด ในแนวดิ่ง","size_h":5,"brand":"-","fn_date":"-","owner":"อาคารบังคับน้ำ ธนบุรี","surveillant_mobile":"-","objectid_1":30,"motor_total":1,"subdistrict_id":"102401","size":"1","fd_prevent_code":"35","district_t":"ราษฎร์บูรณะ","surveillant_name":"-","district_id":"1024","objectid":30}},{"geometry":{"type":"Point","coordinates":[100.52276421650298,13.681740850601143],"crs":null},"id":31,"type":"Feature","properties":{"pump_type":"-","utm_x":664685.6123,"size_w":0,"year":"2563","accessibility":"ภายในซอยพระราม 3 ซอย 28 หลังโกดัง","motor_sz":"-","hy_lname":"คลองโรงน้ำมัน","motor_num":"-","gate_name":"ประตูระบายน้ำคลองโรงกลั่นน้ำมัน","rt_total":0,"type":"ทั่วไป","sill_el":0,"utm_y":1513046.6015,"gate_code":"056","number":0,"crest_el":0,"rate":0,"gate_type":"-","size_h":0,"brand":"-","fn_date":"-","owner":"อาคารบังคับน้ำ 2","surveillant_mobile":"-","objectid_1":31,"motor_total":0,"subdistrict_id":"101204","size":"0","fd_prevent_code":"11","district_t":"ยานนาวา","surveillant_name":"-","district_id":"1012","objectid":31}},{"geometry":{"type":"Point","coordinates":[100.51223041515787,13.682036673421106],"crs":null},"id":32,"type":"Feature","properties":{"pump_type":"-","utm_x":663545.9492,"size_w":0,"year":"2563","accessibility":"ข้างร้านก๋วยเตี๋ยวต้มยำตำลึงคุณท่าน ข้างหน้าซอยมีป้ายรถเมล์ ทางเข้าซอยเป็นสะพานทางเท้า ","motor_sz":"(0.3,0.2)","hy_lname":"คลองผู้ใหญ่สังข์","motor_num":"(1,1)","gate_name":"ประตูระบายน้ำคลองข้างโรงแก้ว","rt_total":0,"type":"ทั่วไป","sill_el":0,"utm_y":1513072.1875,"gate_code":"171","number":0,"crest_el":0,"rate":0,"gate_type":"-","size_h":0,"brand":"-","fn_date":"-","owner":"อาคารบังคับน้ำ ธนบุรี","surveillant_mobile":"-","objectid_1":32,"motor_total":0.5,"subdistrict_id":"102401","size":"0.5","fd_prevent_code":"35","district_t":"ราษฎร์บูรณะ","surveillant_name":"-","district_id":"1024","objectid":32}},{"geometry":{"type":"Point","coordinates":[100.6733680727956,13.681250437383996],"crs":null},"id":33,"type":"Feature","properties":{"pump_type":"-","utm_x":680977.6171,"size_w":0,"year":"2563","accessibility":"ซอย เฉลิมพระเกียรติรัชกาลที่ 9 ซอย 28 บริเวณสะพานข้ามคลองปลัดเปรี้ยง ข้างหมู่บ้านพิมาน","motor_sz":"-","hy_lname":"คลองปลัดเปรียง","motor_num":"-","gate_name":"ประตูระบายน้ำคลองปลัดเปรียง","rt_total":0,"type":"ทั่วไป","sill_el":0,"utm_y":1513099.8516,"gate_code":"003","number":0,"crest_el":0,"rate":0,"gate_type":"-","size_h":0,"brand":"-","fn_date":"-","owner":"อุโมงค์พระนคร","surveillant_mobile":"-","objectid_1":33,"motor_total":0,"subdistrict_id":"103203","size":"0","fd_prevent_code":"27","district_t":"ประเวศ","surveillant_name":"-","district_id":"1032","objectid":33}},{"geometry":{"type":"Point","coordinates":[100.55058619012857,13.683432105310096],"crs":null},"id":34,"type":"Feature","properties":{"pump_type":"-","utm_x":667693.9873,"size_w":0,"year":"2563","accessibility":"สะพานทางเท้าคลองหีบข้างคอนโดลุมพินี เพลส นราธิวาส - เจ้าพระยา ","motor_sz":"-","hy_lname":"คลองหีบ","motor_num":"-","gate_name":"ประตูระบายน้ำคลองหีบ","rt_total":0,"type":"ทั่วไป","sill_el":0,"utm_y":1513252.7988,"gate_code":"066","number":0,"crest_el":0,"rate":0,"gate_type":"-","size_h":0,"brand":"-","fn_date":"-","owner":"อาคารบังคับน้ำ 2","surveillant_mobile":"-","objectid_1":34,"motor_total":0,"subdistrict_id":"101203","size":"0","fd_prevent_code":"11","district_t":"ยานนาวา","surveillant_name":"-","district_id":"1012","objectid":34}},{"geometry":{"type":"Point","coordinates":[100.64619999919591,13.683499999902496],"crs":null},"id":35,"type":"Feature","properties":{"pump_type":"-","utm_x":678036.9226,"size_w":0,"year":"2564","accessibility":"ข้างโชว์รูม ไซม์ ดาร์บี้ มาสด้า สาขา พาราไดซ์ พาร์ค","motor_sz":"20,24,40","hy_lname":"คลองตาช้าง","motor_num":"2,1,1","gate_name":"ประตูระบายน้ำคลองตาช้าง (ขาเข้า)","rt_total":0,"type":"ทั่วไป","sill_el":0,"utm_y":1513328.5846,"gate_code":"082","number":0,"crest_el":0,"rate":0,"gate_type":"-","size_h":0,"brand":"-","fn_date":"-","owner":"อาคารบังคับน้ำ 2","surveillant_mobile":"-","objectid_1":35,"motor_total":4,"subdistrict_id":"103202","size":"0.5,1,2","fd_prevent_code":"14","district_t":"ประเวศ","surveillant_name":"-","district_id":"1032","objectid":35}},{"geometry":{"type":"Point","coordinates":[100.64675898669273,13.683541221058825],"crs":null},"id":36,"type":"Feature","properties":{"pump_type":"-","utm_x":678097.3611,"size_w":0,"year":"2563","accessibility":"ตรงข้ามโชว์รูม ไซม์ ดาร์บี้ มาสด้า สาขา พาราไดซ์ พาร์ค","motor_sz":"-","hy_lname":"คลองตาช้าง","motor_num":"-","gate_name":"ประตูระบายน้ำคลองตาช้าง (ขาออก)","rt_total":0,"type":"ทั่วไป (เหล็ก)","sill_el":0,"utm_y":1513333.5562,"gate_code":"081","number":2,"crest_el":0,"rate":0,"gate_type":"-","size_h":0,"brand":"-","fn_date":"-","owner":"อาคารบังคับน้ำ 2","surveillant_mobile":"-","objectid_1":36,"motor_total":0,"subdistrict_id":"103202","size":"0","fd_prevent_code":"14","district_t":"ประเวศ","surveillant_name":"-","district_id":"1032","objectid":36}},{"geometry":{"type":"Point","coordinates":[100.52131378046735,13.68466072032035],"crs":null},"id":37,"type":"Feature","properties":{"pump_type":"-","utm_x":664526.6866,"size_w":0,"year":"2563","accessibility":"ข้างซอย พระราม 6 ซอย 26 บริเวณสะพานคลองเสาหิน","motor_sz":"-","hy_lname":"คลองเสาหิน","motor_num":"-","gate_name":"ประตูระบายน้ำคลองเสาหิน","rt_total":0,"type":"ทั่วไป","sill_el":0,"utm_y":1513368.632,"gate_code":"055","number":0,"crest_el":0,"rate":0,"gate_type":"-","size_h":0,"brand":"-","fn_date":"-","owner":"อาคารบังคับน้ำ 2","surveillant_mobile":"-","objectid_1":37,"motor_total":0,"subdistrict_id":"101204","size":"0","fd_prevent_code":"11","district_t":"ยานนาวา","surveillant_name":"-","district_id":"1012","objectid":37}},{"geometry":{"type":"Point","coordinates":[100.51944651919099,13.685867485632388],"crs":null},"id":38,"type":"Feature","properties":{"pump_type":"-","utm_x":664323.8663,"size_w":0,"year":"2563","accessibility":"ถนน พระราม 3 ภายในสวนสาธารณะเฉลิมพระเกียรติ 6 รอบ พระชนมพรรษา","motor_sz":"-","hy_lname":"คลองมะนาว","motor_num":"-","gate_name":"ประตูระบายน้ำคลองมะนาว (ตอนสวนเฉลิมพระเกียรติ)","rt_total":0,"type":"ทั่วไป","sill_el":0,"utm_y":1513500.8645,"gate_code":"054","number":0,"crest_el":0,"rate":0,"gate_type":"-","size_h":0,"brand":"-","fn_date":"-","owner":"อาคารบังคับน้ำ 2","surveillant_mobile":"-","objectid_1":38,"motor_total":0,"subdistrict_id":"103103","size":"0","fd_prevent_code":"11","district_t":"บางคอแหลม","surveillant_name":"-","district_id":"1031","objectid":38}},{"geometry":{"type":"Point","coordinates":[100.33085953399626,13.713736634950301],"crs":null},"id":89,"type":"Feature","properties":{"pump_type":"-","utm_x":643908.2398,"size_w":0,"year":"2563","accessibility":"ถนน พุทธมณฑลสาย 4 ข้างร้านสักคิ้ว วีนัสดีไชด์ บายจุ๊บจิ๊บ","motor_sz":"-","hy_lname":"-","motor_num":"-","gate_name":"ประตูระบายน้ำคลองแสงศิริ","rt_total":0,"type":"ทั่วไป","sill_el":0,"utm_y":1516463.6492,"gate_code":"144","number":0,"crest_el":0,"rate":0,"gate_type":"-","size_h":0,"brand":"-","fn_date":"-","owner":"อุโมงค์ธนบุรี","surveillant_mobile":"-","objectid_1":89,"motor_total":0,"subdistrict_id":"102303","size":"0","fd_prevent_code":"-","district_t":"หนองแขม","surveillant_name":"-","district_id":"1023","objectid":89}},{"geometry":{"type":"Point","coordinates":[100.51306035694589,13.686897372084882],"crs":null},"id":39,"type":"Feature","properties":{"pump_type":"-","utm_x":663632.3649,"size_w":0,"year":"2563","accessibility":"ซอย พระรามที่ 3 ซอย 22/1 ภายในบริษัท สิวะดลบริหารสินค้า จำกัด บริเวณหลังบริษัทติดแม่น้ำ","motor_sz":"-","hy_lname":"-","motor_num":"-","gate_name":"ประตูระบายน้ำคลองลำกระโดง 8","rt_total":0,"type":"ทั่วไป","sill_el":0,"utm_y":1513610.4712,"gate_code":"052","number":0,"crest_el":0,"rate":0,"gate_type":"-","size_h":0,"brand":"-","fn_date":"-","owner":"อาคารบังคับน้ำ 2","surveillant_mobile":"-","objectid_1":39,"motor_total":0,"subdistrict_id":"103103","size":"0","fd_prevent_code":"11","district_t":"บางคอแหลม","surveillant_name":"-","district_id":"1031","objectid":39}},{"geometry":{"type":"Point","coordinates":[100.51338301232732,13.686868082984713],"crs":null},"id":40,"type":"Feature","properties":{"pump_type":"-","utm_x":663667.2865,"size_w":4,"year":"2563","accessibility":"ภายในบริษัท พรีเมียร์ ริว่า โบ๊ท จำกัด","motor_sz":"-","hy_lname":"คลองตาเหล็ก","motor_num":"-","gate_name":"ประตูระบายน้ำคลองลำกระโดง 9 (คลองตาเหล็ก)","rt_total":0,"type":"ทั่วไป","sill_el":0,"utm_y":1513607.4492,"gate_code":"053","number":1,"crest_el":0,"rate":0,"gate_type":"ปิด-เปิด ด้วยรอกไฟฟ้า","size_h":4,"brand":"-","fn_date":"-","owner":"อาคารบังคับน้ำ 2","surveillant_mobile":"-","objectid_1":40,"motor_total":0,"subdistrict_id":"103103","size":"0","fd_prevent_code":"11","district_t":"บางคอแหลม","surveillant_name":"-","district_id":"1031","objectid":40}},{"geometry":{"type":"Point","coordinates":[100.51110758540477,13.687138699491422],"crs":null},"id":41,"type":"Feature","properties":{"pump_type":"-","utm_x":663420.9688,"size_w":4,"year":"2563","accessibility":"ซอย พระราม 3 ซอย 22 ภายในวัดบางโคล่นอก บริเวณร้านอาหารเจ๊หมวย อาหารตามสั่ง","motor_sz":"-","hy_lname":"คลองบางโคล่วัด","motor_num":"-","gate_name":"ประตูระบายน้ำคลองบางโคล่วัด","rt_total":0,"type":"ทั่วไป","sill_el":0,"utm_y":1513635.8491,"gate_code":"050","number":1,"crest_el":0,"rate":0,"gate_type":"ปิด-เปิด ด้วยรอกไฟฟ้า","size_h":4,"brand":"-","fn_date":"-","owner":"อาคารบังคับน้ำ 2","surveillant_mobile":"-","objectid_1":41,"motor_total":0,"subdistrict_id":"103103","size":"0","fd_prevent_code":"11","district_t":"บางคอแหลม","surveillant_name":"-","district_id":"1031","objectid":41}},{"geometry":{"type":"Point","coordinates":[100.54807129085019,13.686910887077586],"crs":null},"id":42,"type":"Feature","properties":{"pump_type":"-","utm_x":667419.4841,"size_w":0,"year":"2563","accessibility":"ข้างซอย พระราม 3 ซอย 52","motor_sz":"-","hy_lname":"คลองถนนพระราม 3","motor_num":"-","gate_name":"ประตูระบายน้ำคลองตาห่วง","rt_total":0,"type":"ทั่วไป","sill_el":0,"utm_y":1513635.9099,"gate_code":"067","number":0,"crest_el":0,"rate":0,"gate_type":"-","size_h":0,"brand":"-","fn_date":"-","owner":"อาคารบังคับน้ำ 2","surveillant_mobile":"-","objectid_1":42,"motor_total":0,"subdistrict_id":"101203","size":"0","fd_prevent_code":"11","district_t":"ยานนาวา","surveillant_name":"-","district_id":"1012","objectid":42}},{"geometry":{"type":"Point","coordinates":[100.50804664654261,13.687872075790452],"crs":null},"id":43,"type":"Feature","properties":{"pump_type":"-","utm_x":663089.3652,"size_w":0,"year":"2563","accessibility":"ข้างโรงแรมมณเฑียร ริเวอร์ไซด์ บริเวณด้านหลังโรงแรม","motor_sz":"-","hy_lname":"คลองบางโคล่สาร","motor_num":"-","gate_name":"ประตูระบายน้ำคลองบางโคล่สาร","rt_total":0,"type":"ทั่วไป","sill_el":0,"utm_y":1513714.9153,"gate_code":"049","number":0,"crest_el":0,"rate":0,"gate_type":"-","size_h":0,"brand":"-","fn_date":"-","owner":"อาคารบังคับน้ำ 2","surveillant_mobile":"-","objectid_1":43,"motor_total":0,"subdistrict_id":"103103","size":"0","fd_prevent_code":"11","district_t":"บางคอแหลม","surveillant_name":"-","district_id":"1031","objectid":43}},{"geometry":{"type":"Point","coordinates":[100.5091976599676,13.687816756173419],"crs":null},"id":44,"type":"Feature","properties":{"pump_type":"-","utm_x":663213.9067,"size_w":4,"year":"2563","accessibility":"ซอย พระราม 3 ซอย 18 บริเวณสุดซอย","motor_sz":"-","hy_lname":"คลองบางโคล่ใหญ่","motor_num":"-","gate_name":"ประตูระบายน้ำคลองบางโคล่ใหญ่","rt_total":0,"type":"ทั่วไป","sill_el":0,"utm_y":1513709.5714,"gate_code":"051","number":1,"crest_el":0,"rate":0,"gate_type":"ปิด-เปิด ด้วยรอกไฟฟ้า","size_h":4,"brand":"-","fn_date":"-","owner":"อาคารบังคับน้ำ 2","surveillant_mobile":"-","objectid_1":44,"motor_total":0,"subdistrict_id":"103103","size":"0","fd_prevent_code":"11","district_t":"บางคอแหลม","surveillant_name":"-","district_id":"1031","objectid":44}},{"geometry":{"type":"Point","coordinates":[100.50447106244842,13.68791827077305],"crs":null},"id":45,"type":"Feature","properties":{"pump_type":"-","utm_x":662702.5684,"size_w":4,"year":"2563","accessibility":"บริเวณด้านหลัง Terminal 21 Rama 3","motor_sz":"-","hy_lname":"คลองบางโคล่น้อย","motor_num":"-","gate_name":"ประตูระบายน้ำคลองบางโคล่น้อย","rt_total":0,"type":"ทั่วไป","sill_el":0,"utm_y":1513717.6191,"gate_code":"048","number":1,"crest_el":0,"rate":0,"gate_type":"ปิด-เปิด ด้วยรอกไฟฟ้า","size_h":4,"brand":"-","fn_date":"-","owner":"อาคารบังคับน้ำ 2","surveillant_mobile":"-","objectid_1":45,"motor_total":0,"subdistrict_id":"103103","size":"0","fd_prevent_code":"11","district_t":"บางคอแหลม","surveillant_name":"-","district_id":"1031","objectid":45}},{"geometry":{"type":"Point","coordinates":[100.5035592477156,13.688038064123942],"crs":null},"id":46,"type":"Feature","properties":{"pump_type":"-","utm_x":662603.8567,"size_w":0,"year":"2563","accessibility":"ข้างThe Key Rama 3 ทางเข้าเป็นสะพานทางเท้า หน้าซอยมีร้านขายต้นไม้ชื่อ ร้านต้นไม้ทับทิม ถนนพระรามสาม","motor_sz":"-","hy_lname":"คูน้ำแยกคูข้างหมู่บ้านภักดี","motor_num":"-","gate_name":"ประตูระบายน้ำคลองข้างโรงเหล็ก","rt_total":0,"type":"ทั่วไป","sill_el":0,"utm_y":1513730.2586,"gate_code":"047","number":0,"crest_el":0,"rate":0,"gate_type":"-","size_h":0,"brand":"-","fn_date":"-","owner":"อาคารบังคับน้ำ 2","surveillant_mobile":"-","objectid_1":46,"motor_total":0,"subdistrict_id":"103103","size":"0","fd_prevent_code":"11","district_t":"บางคอแหลม","surveillant_name":"-","district_id":"1031","objectid":46}},{"geometry":{"type":"Point","coordinates":[100.50055842508743,13.688541657717304],"crs":null},"id":47,"type":"Feature","properties":{"pump_type":"-","utm_x":662278.9181,"size_w":4,"year":"2563","accessibility":"ภายในวัดอินทร์บรรจง บริเวณหลังเมรุ","motor_sz":"-","hy_lname":"คลองวัดจันทร์ใน","motor_num":"-","gate_name":"ประตูระบายน้ำคลองวัดจันทร์นอก","rt_total":0,"type":"ทั่วไป","sill_el":0,"utm_y":1513783.9551,"gate_code":"045","number":1,"crest_el":0,"rate":0,"gate_type":"ปิด-เปิด ด้วยรอกไฟฟ้า","size_h":4,"brand":"-","fn_date":"-","owner":"อาคารบังคับน้ำ 2","surveillant_mobile":"-","objectid_1":47,"motor_total":0,"subdistrict_id":"103103","size":"0","fd_prevent_code":"11","district_t":"บางคอแหลม","surveillant_name":"-","district_id":"1031","objectid":47}},{"geometry":{"type":"Point","coordinates":[100.55050023500442,13.688235873152925],"crs":null},"id":48,"type":"Feature","properties":{"pump_type":"-","utm_x":667681.2859,"size_w":0,"year":"2563","accessibility":"ซอย พระราม 3 ซอย 56 หลังศาลเจ้าพ่อเซียงกง","motor_sz":"-","hy_lname":"-","motor_num":"-","gate_name":"ประตูระบายน้ำคลองลำกระโดงข้างเชียงกง","rt_total":0,"type":"ทั่วไป","sill_el":0,"utm_y":1513784.1725,"gate_code":"068","number":0,"crest_el":0,"rate":0,"gate_type":"-","size_h":0,"brand":"-","fn_date":"-","owner":"อาคารบังคับน้ำ 2","surveillant_mobile":"-","objectid_1":48,"motor_total":0,"subdistrict_id":"101203","size":"0","fd_prevent_code":"11","district_t":"ยานนาวา","surveillant_name":"-","district_id":"1012","objectid":48}},{"geometry":{"type":"Point","coordinates":[100.49845668104379,13.689266623607997],"crs":null},"id":49,"type":"Feature","properties":{"pump_type":"-","utm_x":662051.0807,"size_w":0,"year":"2563","accessibility":"ซอย พระราม 3 ซอย 6 เข้าซอยมา ซอยอยู่บริเวณข้างห้างหุ้นส่วนจำกัด สหรุ่งกิจโลหะ","motor_sz":"-","hy_lname":"-","motor_num":"-","gate_name":"ประตูระบายน้ำคลองภาษี","rt_total":0,"type":"ทั่วไป","sill_el":0,"utm_y":1513862.7469,"gate_code":"044","number":0,"crest_el":0,"rate":0,"gate_type":"-","size_h":0,"brand":"-","fn_date":"-","owner":"อาคารบังคับน้ำ 2","surveillant_mobile":"-","objectid_1":49,"motor_total":0,"subdistrict_id":"103101","size":"0","fd_prevent_code":"11","district_t":"บางคอแหลม","surveillant_name":"-","district_id":"1031","objectid":49}},{"geometry":{"type":"Point","coordinates":[100.55036110071813,13.688979794890736],"crs":null},"id":50,"type":"Feature","properties":{"pump_type":"-","utm_x":667665.7086,"size_w":0,"year":"2563","accessibility":"สะพานทางเท้าคลองยายหรั่ง ข้างบจก. เอส เค เอฟ ประตูระบายน้ำจะอยู่หลังติดแม่น้ำ","motor_sz":"-","hy_lname":"คลองยายหรั่ง","motor_num":"-","gate_name":"ประตูระบายน้ำคลองยายหรั่ง","rt_total":0,"type":"ทั่วไป","sill_el":0,"utm_y":1513866.375,"gate_code":"069","number":0,"crest_el":0,"rate":0,"gate_type":"-","size_h":0,"brand":"-","fn_date":"-","owner":"อาคารบังคับน้ำ 2","surveillant_mobile":"-","objectid_1":50,"motor_total":0,"subdistrict_id":"101203","size":"0","fd_prevent_code":"11","district_t":"ยานนาวา","surveillant_name":"-","district_id":"1012","objectid":50}},{"geometry":{"type":"Point","coordinates":[100.48842217157326,13.769612763761915],"crs":null},"id":149,"type":"Feature","properties":{"pump_type":"-","utm_x":660910.8625,"size_w":0,"year":"2563","accessibility":"ซอย สุวิชานดำริ บริเวณร้านส้มตำป้ารัช","motor_sz":"0.25","hy_lname":"-","motor_num":"1","gate_name":"ประตูระบายน้ำคลองวัดดาวดึง","rt_total":0,"type":"ทั่วไป","sill_el":0,"utm_y":1522744.4172,"gate_code":"226","number":0,"crest_el":0,"rate":0,"gate_type":"-","size_h":0,"brand":"-","fn_date":"-","owner":"อาคารบังคับน้ำ ธนบุรี","surveillant_mobile":"-","objectid_1":149,"motor_total":0.25,"subdistrict_id":"102504","size":"0.25","fd_prevent_code":"29","district_t":"บางพลัด","surveillant_name":"-","district_id":"1025","objectid":149}},{"geometry":{"type":"Point","coordinates":[100.49727119800461,13.689841423570467],"crs":null},"id":51,"type":"Feature","properties":{"pump_type":"-","utm_x":661922.4568,"size_w":0,"year":"2563","accessibility":"เข้าซอยพระราม3ซอย 6 ใช้สะพานทางเท้าข้าง เค.ดี แมนชั่น ตรงมาตลอดจนถึงกำแพงปูนให้เลี้ยวซ้ายตรงไปสุดซอย","motor_sz":"-","hy_lname":"-","motor_num":"-","gate_name":"ประตูระบายน้ำคลองลำกระโดงสาธารณะ 7","rt_total":0,"type":"ทั่วไป","sill_el":0,"utm_y":1513925.5412,"gate_code":"043","number":0,"crest_el":0,"rate":0,"gate_type":"-","size_h":0,"brand":"-","fn_date":"-","owner":"อาคารบังคับน้ำ 2","surveillant_mobile":"-","objectid_1":51,"motor_total":0,"subdistrict_id":"103101","size":"0","fd_prevent_code":"11","district_t":"บางคอแหลม","surveillant_name":"-","district_id":"1031","objectid":51}},{"geometry":{"type":"Point","coordinates":[100.50357980902977,13.690202064139127],"crs":null},"id":52,"type":"Feature","properties":{"pump_type":"-","utm_x":662604.5937,"size_w":0,"year":"2563","accessibility":"ข้าง Harley-Davidson ถนน พระรามที่ 3","motor_sz":"(0.3,0.35)","hy_lname":"คลองถนนพระราม 3","motor_num":"(1,1)","gate_name":"ประตูระบายน้ำคลองหน้าหมู่บ้านภักดี","rt_total":0,"type":"ทั่วไป","sill_el":0,"utm_y":1513969.6677,"gate_code":"046","number":0,"crest_el":0,"rate":0,"gate_type":"-","size_h":0,"brand":"-","fn_date":"-","owner":"อาคารบังคับน้ำ 2","surveillant_mobile":"-","objectid_1":52,"motor_total":0.65,"subdistrict_id":"103103","size":"0.65","fd_prevent_code":"11","district_t":"บางคอแหลม","surveillant_name":"-","district_id":"1031","objectid":52}},{"geometry":{"type":"Point","coordinates":[100.49593672130396,13.690450609186803],"crs":null},"id":53,"type":"Feature","properties":{"pump_type":"-","utm_x":661777.6939,"size_w":4,"year":"2563","accessibility":"ซอย เจริญกรุง 109 สะพานทางเท้าข้างเจริญกรุงคอนโดมิเนียม ตรงไปสุดสะพานทางเท้า","motor_sz":"-","hy_lname":"คลองบางคอแหลม","motor_num":"-","gate_name":"ประตูระบายน้ำคลองบางคอแหลม","rt_total":0,"type":"ทั่วไป","sill_el":0,"utm_y":1513992.0404,"gate_code":"042","number":1,"crest_el":0,"rate":0,"gate_type":"ปิด-เปิด ด้วยรอกไฟฟ้า","size_h":4,"brand":"-","fn_date":"-","owner":"อาคารบังคับน้ำ 2","surveillant_mobile":"-","objectid_1":53,"motor_total":0,"subdistrict_id":"103101","size":"0","fd_prevent_code":"11","district_t":"บางคอแหลม","surveillant_name":"-","district_id":"1031","objectid":53}},{"geometry":{"type":"Point","coordinates":[100.49421241850895,13.691429820682483],"crs":null},"id":54,"type":"Feature","properties":{"pump_type":"-","utm_x":661590.513,"size_w":0,"year":"2563","accessibility":"ตรงเข้าซอย เจริญกรุง109แยก 2 สุดซอยจะเจอสะพานทางเท้าใช้สะพานทางเท้าตรงไปจนสุดแล้วเลี้ยวขวาแล้วตรงไป","motor_sz":"-","hy_lname":"-","motor_num":"-","gate_name":"ประตูระบายน้ำคลองสวน","rt_total":0,"type":"ทั่วไป","sill_el":0,"utm_y":1514099.2144,"gate_code":"041","number":0,"crest_el":0,"rate":0,"gate_type":"-","size_h":0,"brand":"-","fn_date":"-","owner":"อาคารบังคับน้ำ 2","surveillant_mobile":"-","objectid_1":54,"motor_total":0,"subdistrict_id":"103101","size":"0","fd_prevent_code":"11","district_t":"บางคอแหลม","surveillant_name":"-","district_id":"1031","objectid":54}},{"geometry":{"type":"Point","coordinates":[100.49328931014021,13.692150290573215],"crs":null},"id":55,"type":"Feature","properties":{"pump_type":"-","utm_x":661490.1721,"size_w":4,"year":"2563","accessibility":"ตรงเข้ามาซอยเจริญกรุง109แยก2สุดซอย เจอสะพานทางเท้าใช้สะพานทางเท้าพอเจอสามแยกแรกเลี้ยวขวาที่แล้วตรงไป","motor_sz":"-","hy_lname":"คลองโรงฆ่าสัตว์","motor_num":"-","gate_name":"ประตูระบายน้ำคลองถนนตก","rt_total":0,"type":"ทั่วไป","sill_el":0,"utm_y":1514178.3007,"gate_code":"040","number":1,"crest_el":0,"rate":0,"gate_type":"ปิด-เปิด ด้วยรอกไฟฟ้า","size_h":4,"brand":"-","fn_date":"-","owner":"อาคารบังคับน้ำ 2","surveillant_mobile":"-","objectid_1":55,"motor_total":0,"subdistrict_id":"103101","size":"0","fd_prevent_code":"11","district_t":"บางคอแหลม","surveillant_name":"-","district_id":"1031","objectid":55}},{"geometry":{"type":"Point","coordinates":[100.54967943495524,13.692678483503691],"crs":null},"id":56,"type":"Feature","properties":{"pump_type":"-","utm_x":667589.3529,"size_w":0,"year":"2563","accessibility":"ภายในบริษัท บิ๊ก ทู บิว จำกัด บริเวณหลังบริษัทติดแม่น้ำ","motor_sz":"-","hy_lname":"คลองวัดช่องนนทรี","motor_num":"-","gate_name":"ประตูระบายน้ำคลองวัดช่องนนทรี","rt_total":0,"type":"ทั่วไป","sill_el":0,"utm_y":1514275.0829,"gate_code":"070","number":0,"crest_el":0,"rate":0,"gate_type":"-","size_h":0,"brand":"-","fn_date":"-","owner":"อาคารบังคับน้ำ 2","surveillant_mobile":"-","objectid_1":56,"motor_total":0,"subdistrict_id":"101203","size":"0","fd_prevent_code":"11","district_t":"ยานนาวา","surveillant_name":"-","district_id":"1012","objectid":56}},{"geometry":{"type":"Point","coordinates":[100.49191284894368,13.693751936019824],"crs":null},"id":57,"type":"Feature","properties":{"pump_type":"-","utm_x":661340.1937,"size_w":0,"year":"2563","accessibility":"ถนนตก ข้างร้าน The View","motor_sz":"-","hy_lname":"ลำกระโดง","motor_num":"-","gate_name":"ประตูระบายน้ำคลองลำกระโดงสาธารณะ 4","rt_total":0,"type":"ทั่วไป","sill_el":0,"utm_y":1514354.5657,"gate_code":"036","number":0,"crest_el":0,"rate":0,"gate_type":"-","size_h":0,"brand":"-","fn_date":"-","owner":"อาคารบังคับน้ำ 2","surveillant_mobile":"-","objectid_1":57,"motor_total":0,"subdistrict_id":"103101","size":"0","fd_prevent_code":"11","district_t":"บางคอแหลม","surveillant_name":"-","district_id":"1031","objectid":57}},{"geometry":{"type":"Point","coordinates":[100.54725180367483,13.693823768110638],"crs":null},"id":58,"type":"Feature","properties":{"pump_type":"-","utm_x":667325.9506,"size_w":0,"year":"2563","accessibility":"ถนน พระราม3 ตรงข้าม บริษัท โลตัส คอนสตรัคชั่น เคมีคอล","motor_sz":"-","hy_lname":"คลองถนนพระราม 3","motor_num":"-","gate_name":"ประตูระบายน้ำคลองเกาะกลางถนนพระราม 3","rt_total":0,"type":"ทั่วไป","sill_el":0,"utm_y":1514400.1035,"gate_code":"071","number":0,"crest_el":0,"rate":0,"gate_type":"-","size_h":0,"brand":"-","fn_date":"-","owner":"อาคารบังคับน้ำ 2","surveillant_mobile":"-","objectid_1":58,"motor_total":0,"subdistrict_id":"101203","size":"0","fd_prevent_code":"11","district_t":"ยานนาวา","surveillant_name":"-","district_id":"1012","objectid":58}},{"geometry":{"type":"Point","coordinates":[100.49174313150743,13.695005117322719],"crs":null},"id":59,"type":"Feature","properties":{"pump_type":"-","utm_x":661320.9815,"size_w":0,"year":"2563","accessibility":"ซอย มไหสววรย์ 6 ภายใน แค้มป์ถนนตก เฟส 2 y 36 บริเวณด้านหลังแค้มป์ติดแม่น้ำ","motor_sz":"-","hy_lname":"คูน้ำมไหสวรรย์ ","motor_num":"-","gate_name":"ประตูระบายน้ำคลองลำกระโดงสาธารณะ 3","rt_total":0,"type":"ทั่วไป","sill_el":0,"utm_y":1514493.0867,"gate_code":"037","number":0,"crest_el":0,"rate":0,"gate_type":"-","size_h":0,"brand":"-","fn_date":"-","owner":"อาคารบังคับน้ำ 2","surveillant_mobile":"-","objectid_1":59,"motor_total":0,"subdistrict_id":"103101","size":"0","fd_prevent_code":"11","district_t":"บางคอแหลม","surveillant_name":"-","district_id":"1031","objectid":59}},{"geometry":{"type":"Point","coordinates":[100.70965132660551,13.695194861911087],"crs":null},"id":60,"type":"Feature","properties":{"pump_type":"-","utm_x":684891.8467,"size_w":0,"year":"2563","accessibility":"ถนน สุขาภิบาล 2 ซอย 15 ภายใน สุขาภิบาล 2 ซอย 15 บริเวณด้านหลังติดคลอง","motor_sz":"-","hy_lname":"คลองขันแตก","motor_num":"-","gate_name":"ประตูระบายน้ำคลองขันแตก","rt_total":0,"type":"ทั่วไป","sill_el":0,"utm_y":1514670.0264,"gate_code":"011","number":0,"crest_el":0,"rate":0,"gate_type":"-","size_h":0,"brand":"-","fn_date":"-","owner":"อุโมงค์พระนคร","surveillant_mobile":"-","objectid_1":60,"motor_total":0,"subdistrict_id":"103203","size":"0","fd_prevent_code":"27","district_t":"ประเวศ","surveillant_name":"-","district_id":"1032","objectid":60}},{"geometry":{"type":"Point","coordinates":[100.49168860227986,13.696691838271553],"crs":null},"id":61,"type":"Feature","properties":{"pump_type":"-","utm_x":661313.9329,"size_w":0,"year":"2563","accessibility":"ซอย มาตานุสรณ์ ภายใน บริษัท SEA Shipyard Co., Ltd บริเวณด้านข้างติดคลอง","motor_sz":"-","hy_lname":"คูน้ำซอยมาตานุสรณ์","motor_num":"-","gate_name":"ประตูระบายน้ำคลองลำกระโดงสาธารณะ 2","rt_total":0,"type":"ทั่วไป","sill_el":0,"utm_y":1514679.6452,"gate_code":"038","number":0,"crest_el":0,"rate":0,"gate_type":"-","size_h":0,"brand":"-","fn_date":"-","owner":"อาคารบังคับน้ำ 2","surveillant_mobile":"-","objectid_1":61,"motor_total":0,"subdistrict_id":"103101","size":"0","fd_prevent_code":"11","district_t":"บางคอแหลม","surveillant_name":"-","district_id":"1031","objectid":61}},{"geometry":{"type":"Point","coordinates":[100.48919589369685,13.699278348115993],"crs":null},"id":62,"type":"Feature","properties":{"pump_type":"-","utm_x":661042.551,"size_w":0,"year":"2563","accessibility":"ซอย เจริญนคร 63 ภายในวัดบุคคโล บริเวณหลังโบสถ์","motor_sz":"0.5","hy_lname":"คลองข้างวัดบุคคโล","motor_num":"2","gate_name":"ประตูระบายน้ำคลองบุคคโล","rt_total":0,"type":"ทั่วไป","sill_el":0,"utm_y":1514964.1186,"gate_code":"170","number":0,"crest_el":0,"rate":0,"gate_type":"-","size_h":0,"brand":"-","fn_date":"-","owner":"อาคารบังคับน้ำ ธนบุรี","surveillant_mobile":"-","objectid_1":62,"motor_total":1,"subdistrict_id":"101506","size":"1","fd_prevent_code":"31","district_t":"ธนบุรี","surveillant_name":"-","district_id":"1015","objectid":62}},{"geometry":{"type":"Point","coordinates":[100.49298908492239,13.699168369765605],"crs":null},"id":63,"type":"Feature","properties":{"pump_type":"-","utm_x":661452.907,"size_w":0,"year":"2563","accessibility":"ถนน มไหสวรรย์ ภายในบริษัท หะรินต่อเรือ บริเวณด้านหลังติดกับแม่น้ำ","motor_sz":"-","hy_lname":"คูน้ำข้างกองฝึกกรมศุลกากร","motor_num":"-","gate_name":"ประตูระบายน้ำคลองลำกระโดงสาธารณะ 1","rt_total":0,"type":"ทั่วไป","sill_el":0,"utm_y":1514954.4814,"gate_code":"039","number":0,"crest_el":0,"rate":0,"gate_type":"-","size_h":0,"brand":"-","fn_date":"-","owner":"อาคารบังคับน้ำ 2","surveillant_mobile":"-","objectid_1":63,"motor_total":0,"subdistrict_id":"103101","size":"0","fd_prevent_code":"11","district_t":"บางคอแหลม","surveillant_name":"-","district_id":"1031","objectid":63}},{"geometry":{"type":"Point","coordinates":[100.48988275486673,13.70067469909539],"crs":null},"id":64,"type":"Feature","properties":{"pump_type":"-","utm_x":661115.892,"size_w":0,"year":"2563","accessibility":"ถนน เจริญนคร ภายใน บจก. แพนอินเตอร์ (คลังบุคคโล) บริเวณด้านหลังติดแม่น้ำ","motor_sz":"1","hy_lname":"-","motor_num":"2","gate_name":"ประตูระบายน้ำคลองข้างโกดังหวั่งหลี","rt_total":0,"type":"ทั่วไป","sill_el":0,"utm_y":1515119.0485,"gate_code":"169","number":0,"crest_el":0,"rate":0,"gate_type":"-","size_h":0,"brand":"-","fn_date":"-","owner":"อาคารบังคับน้ำ ธนบุรี","surveillant_mobile":"-","objectid_1":64,"motor_total":2,"subdistrict_id":"101506","size":"2","fd_prevent_code":"31","district_t":"ธนบุรี","surveillant_name":"-","district_id":"1015","objectid":64}},{"geometry":{"type":"Point","coordinates":[100.54912107937325,13.700332660785275],"crs":null},"id":65,"type":"Feature","properties":{"pump_type":"-","utm_x":667523.5344,"size_w":0,"year":"2563","accessibility":"ภายใน บริษัทK.M.T. บริเวณด้านหลังติดกับคลอง","motor_sz":"-","hy_lname":"คลองขุด","motor_num":"-","gate_name":"ประตูระบายน้ำคลองขุด","rt_total":0,"type":"ทั่วไป","sill_el":0,"utm_y":1515121.4659,"gate_code":"072","number":0,"crest_el":0,"rate":0,"gate_type":"-","size_h":0,"brand":"-","fn_date":"-","owner":"อาคารบังคับน้ำ 2","surveillant_mobile":"-","objectid_1":65,"motor_total":0,"subdistrict_id":"101203","size":"0","fd_prevent_code":"11","district_t":"ยานนาวา","surveillant_name":"-","district_id":"1012","objectid":65}},{"geometry":{"type":"Point","coordinates":[100.54096663592108,13.700354910448638],"crs":null},"id":66,"type":"Feature","properties":{"pump_type":"-","utm_x":666641.4983,"size_w":0,"year":"2564","accessibility":"หน้า KFC Villa Market - The Up Rama 3","motor_sz":"40,28,14","hy_lname":"คลองมะนาว","motor_num":"1,1,1","gate_name":"ประตูระบายน้ำคลองมะนาว (ตอนถนนนราธิวาสราชนครินทร์)","rt_total":0,"type":"ทั่วไป","sill_el":0,"utm_y":1515118.2927,"gate_code":"074","number":0,"crest_el":0,"rate":0,"gate_type":"-","size_h":0,"brand":"-","fn_date":"-","owner":"อาคารบังคับน้ำ 2","surveillant_mobile":"-","objectid_1":66,"motor_total":3.3,"subdistrict_id":"101203","size":"2,1,0.3","fd_prevent_code":"11","district_t":"ยานนาวา","surveillant_name":"-","district_id":"1012","objectid":66}},{"geometry":{"type":"Point","coordinates":[100.50910714745707,13.701068539036488],"crs":null},"id":67,"type":"Feature","properties":{"pump_type":"-","utm_x":663194.9726,"size_w":0,"year":"2564","accessibility":"ซอย ชุมชนวัดพระยาไกรระยะ3 ซอย16/1 ติดกับร้าน กำไรปั่น","motor_sz":"14","hy_lname":"-","motor_num":"1","gate_name":"ประตูระบายน้ำคลองวัดทองนพคุณ","rt_total":0,"type":"ทั่วไป","sill_el":0,"utm_y":1515175.5098,"gate_code":"154","number":0,"crest_el":0,"rate":0,"gate_type":"-","size_h":0,"brand":"-","fn_date":"-","owner":"อาคารบังคับน้ำ ธนบุรี","surveillant_mobile":"-","objectid_1":67,"motor_total":0.3,"subdistrict_id":"103102","size":"0.3","fd_prevent_code":"11","district_t":"บางคอแหลม","surveillant_name":"-","district_id":"1031","objectid":67}},{"geometry":{"type":"Point","coordinates":[100.46827531685334,13.701643197215478],"crs":null},"id":68,"type":"Feature","properties":{"pump_type":"-","utm_x":658778.153,"size_w":4,"year":"2564","accessibility":"ตรงข้ามร้านรวย กะ ปัง ถนน วุฒากาศ","motor_sz":"20","hy_lname":"คลองบางค้อ","motor_num":"2","gate_name":"ประตูระบายน้ำคลองบางค้อ (ตอนถนนวุฒากาศ)","rt_total":0,"type":"ทั่วไป","sill_el":0,"utm_y":1515211.8957,"gate_code":"175","number":1,"crest_el":0,"rate":0,"gate_type":"ใช้แกนเพลา ปิด-เปิด บานแนวดิ่ง","size_h":4,"brand":"-","fn_date":"-","owner":"อาคารบังคับน้ำ ธนบุรี","surveillant_mobile":"-","objectid_1":68,"motor_total":1,"subdistrict_id":"103503","size":"0.5","fd_prevent_code":"35","district_t":"จอมทอง","surveillant_name":"-","district_id":"1035","objectid":68}},{"geometry":{"type":"Point","coordinates":[100.4648472702878,13.70181753260436],"crs":null},"id":69,"type":"Feature","properties":{"pump_type":"-","utm_x":658407.2576,"size_w":0,"year":"2563","accessibility":"ภายในวัดราชโอรสารามราชวรวิหาร (จอมทอง) บริเวณลาดจอดรถด้านหลังติดคลอง","motor_sz":"-","hy_lname":"-","motor_num":"-","gate_name":"ประตูระบายน้ำคลองวัดราชโอรส","rt_total":0,"type":"ทั่วไป","sill_el":0,"utm_y":1515228.933,"gate_code":"188","number":0,"crest_el":0,"rate":0,"gate_type":"-","size_h":0,"brand":"-","fn_date":"-","owner":"อาคารบังคับน้ำ ธนบุรี","surveillant_mobile":"-","objectid_1":69,"motor_total":0,"subdistrict_id":"103501","size":"0","fd_prevent_code":"35","district_t":"จอมทอง","surveillant_name":"-","district_id":"1035","objectid":69}},{"geometry":{"type":"Point","coordinates":[100.64635601339208,13.70260603290163],"crs":null},"id":70,"type":"Feature","properties":{"pump_type":"-","utm_x":678039.4179,"size_w":0,"year":"2563","accessibility":"ข้างร้านพรีเมียร์\u200bแกรนด์\u200bอวอร์ด\u200b ถนน ศรีนครินทร์","motor_sz":"-","hy_lname":"คลองตาสาด","motor_num":"-","gate_name":"ประตูระบายน้ำคลองตาสาด","rt_total":0,"type":"ทั่วไป (เหล็ก)","sill_el":0,"utm_y":1515442.4589,"gate_code":"080","number":2,"crest_el":0,"rate":0,"gate_type":"-","size_h":0,"brand":"-","fn_date":"-","owner":"อาคารบังคับน้ำ 2","surveillant_mobile":"-","objectid_1":70,"motor_total":0,"subdistrict_id":"103202","size":"0","fd_prevent_code":"14","district_t":"ประเวศ","surveillant_name":"-","district_id":"1032","objectid":70}},{"geometry":{"type":"Point","coordinates":[100.58692023828985,13.704453952011196],"crs":null},"id":71,"type":"Feature","properties":{"pump_type":"-","utm_x":671609.1052,"size_w":0,"year":"2563","accessibility":"ภายใน บริษัท ปตท. จำกัด (มหาชน) บริเวณด้านหลังเยื้องกับวัดสะพาน คลองเตย","motor_sz":"0.20","hy_lname":"คลองพลับ","motor_num":"1","gate_name":"ประตูระบายน้ำคลองพลับ","rt_total":0,"type":"ทั่วไป","sill_el":0,"utm_y":1515603.9132,"gate_code":"025","number":0,"crest_el":0,"rate":0,"gate_type":"-","size_h":0,"brand":"-","fn_date":"-","owner":"อาคารบังคับน้ำ 1","surveillant_mobile":"-","objectid_1":71,"motor_total":0.2,"subdistrict_id":"103301","size":"0","fd_prevent_code":"14","district_t":"คลองเตย","surveillant_name":"-","district_id":"1033","objectid":71}},{"geometry":{"type":"Point","coordinates":[100.49650896569847,13.706612259421599],"crs":null},"id":72,"type":"Feature","properties":{"pump_type":"-","utm_x":661828.5304,"size_w":0,"year":"2563","accessibility":"บริเวณที่จอดรถร้านเชฟป้อมคิทเช่น ถนน เจริญนคร","motor_sz":"0.20","hy_lname":"-","motor_num":"1","gate_name":"ประตูระบายน้ำคลองสะพานพลอย","rt_total":0,"type":"ทั่วไป","sill_el":0,"utm_y":1515780.3225,"gate_code":"152","number":0,"crest_el":0,"rate":0,"gate_type":"-","size_h":0,"brand":"-","fn_date":"-","owner":"อาคารบังคับน้ำ ธนบุรี","surveillant_mobile":"-","objectid_1":72,"motor_total":0.2,"subdistrict_id":"101507","size":"0.2","fd_prevent_code":"31","district_t":"ธนบุรี","surveillant_name":"-","district_id":"1015","objectid":72}},{"geometry":{"type":"Point","coordinates":[100.59031394079686,13.706466630941398],"crs":null},"id":73,"type":"Feature","properties":{"pump_type":"-","utm_x":671974.7187,"size_w":0,"year":"2564","accessibility":"ซอย ภูมิจิตร หลังหมู่บ้าน มหาวงษ์ 3","motor_sz":"12,6","hy_lname":"คลองพระโขนง","motor_num":"1,1","gate_name":"ประตูระบายน้ำโรงฟอกหนัง","rt_total":0,"type":"ทั่วไป","sill_el":0,"utm_y":1515828.9887,"gate_code":"076","number":0,"crest_el":0,"rate":0,"gate_type":"-","size_h":0,"brand":"-","fn_date":"-","owner":"อาคารบังคับน้ำ 2","surveillant_mobile":"-","objectid_1":73,"motor_total":0.25,"subdistrict_id":"103303","size":"0.2,0.05","fd_prevent_code":"13","district_t":"คลองเตย","surveillant_name":"-","district_id":"1033","objectid":73}},{"geometry":{"type":"Point","coordinates":[100.50128173367128,13.708463731083613],"crs":null},"id":74,"type":"Feature","properties":{"pump_type":"-","utm_x":662343.4783,"size_w":0,"year":"2564","accessibility":"สุดซอย เจริญนคร 53","motor_sz":"10","hy_lname":"คลองโรงปลา","motor_num":"1","gate_name":"ประตูระบายน้ำคลองโรงปลา (เจริญนคร 49)","rt_total":0,"type":"ทั่วไป","sill_el":0,"utm_y":1515988.3447,"gate_code":"167","number":0,"crest_el":0,"rate":0,"gate_type":"-","size_h":0,"brand":"-","fn_date":"-","owner":"อาคารบังคับน้ำ ธนบุรี","surveillant_mobile":"-","objectid_1":74,"motor_total":0.13,"subdistrict_id":"101803","size":"0.13","fd_prevent_code":"31","district_t":"คลองสาน","surveillant_name":"-","district_id":"1018","objectid":74}},{"geometry":{"type":"Point","coordinates":[100.50630156218855,13.708307803028136],"crs":null},"id":75,"type":"Feature","properties":{"pump_type":"-","utm_x":662886.5245,"size_w":0,"year":"2563","accessibility":"ซอย เจริญกรุง 72/1 ภายในศาลแขวงพระนครใต้ บริเวณด้านหลังติดแม่น้ำ","motor_sz":"(2,1,1)","hy_lname":"คลองขวางบ้านใหม่","motor_num":"(1,1,1)","gate_name":"ประตูระบายน้ำคลองบ้านใหม่","rt_total":0,"type":"ทั่วไป","sill_el":0,"utm_y":1515974.4727,"gate_code":"035","number":0,"crest_el":0,"rate":0,"gate_type":"-","size_h":0,"brand":"-","fn_date":"-","owner":"อาคารบังคับน้ำ 2","surveillant_mobile":"-","objectid_1":75,"motor_total":3.3,"subdistrict_id":"103102","size":"3.3","fd_prevent_code":"11","district_t":"บางคอแหลม","surveillant_name":"-","district_id":"1031","objectid":75}},{"geometry":{"type":"Point","coordinates":[100.49941048359427,13.708717423606592],"crs":null},"id":76,"type":"Feature","properties":{"pump_type":"-","utm_x":662140.9123,"size_w":0,"year":"2563","accessibility":"ซอย เจริญนคร 55 ผ่านมูลนิธิทองกุศล เลี้ยวขวา ผ่านร้านPARTS SHOP เลี้ยวซ้าย","motor_sz":"0.5","hy_lname":"คลองโรงภาษี","motor_num":"2","gate_name":"ประตูระบายน้ำคลองโรงภาษี (เจริญนคร 53)","rt_total":0,"type":"ทั่วไป","sill_el":0,"utm_y":1516015.1535,"gate_code":"168","number":0,"crest_el":0,"rate":0,"gate_type":"-","size_h":0,"brand":"-","fn_date":"-","owner":"อาคารบังคับน้ำ ธนบุรี","surveillant_mobile":"-","objectid_1":76,"motor_total":1,"subdistrict_id":"101803","size":"1","fd_prevent_code":"31","district_t":"คลองสาน","surveillant_name":"-","district_id":"1018","objectid":76}},{"geometry":{"type":"Point","coordinates":[100.46667970128121,13.709240301605993],"crs":null},"id":77,"type":"Feature","properties":{"pump_type":"-","utm_x":658600.4723,"size_w":0,"year":"2563","accessibility":"ซอย วุฒากาศ 36 ข้าง เอส พี อพาร์ทเม้นท์","motor_sz":"0.25","hy_lname":"คลองต้นไทร","motor_num":"1","gate_name":"ประตูระบายน้ำคลองต้นไทร(ตอนถนนวุฒากาศ)","rt_total":0,"type":"ทั่วไป","sill_el":0,"utm_y":1516051.2764,"gate_code":"176","number":0,"crest_el":0,"rate":0,"gate_type":"-","size_h":0,"brand":"-","fn_date":"-","owner":"อาคารบังคับน้ำ ธนบุรี","surveillant_mobile":"-","objectid_1":77,"motor_total":0.25,"subdistrict_id":"103502","size":"0.4","fd_prevent_code":"35","district_t":"จอมทอง","surveillant_name":"-","district_id":"1035","objectid":77}},{"geometry":{"type":"Point","coordinates":[100.59151841583557,13.708474051582854],"crs":null},"id":78,"type":"Feature","properties":{"pump_type":"-","utm_x":672103.537,"size_w":0,"year":"2564","accessibility":"ซอย หมู่บ้านมหาวงษ์ ภายในหมู่บ้านมหาวงษ์ 3 เข้าหมู่บ้านมาประตูระบายน้ำอยู่ซอยแรกสุดซอย","motor_sz":"12,10","hy_lname":"คลองยายสร้อย","motor_num":"1,1","gate_name":"ประตูระบายน้ำคลองยายสร้อย","rt_total":0,"type":"ทั่วไป","sill_el":0,"utm_y":1516051.9281,"gate_code":"002","number":0,"crest_el":0,"rate":0,"gate_type":"-","size_h":0,"brand":"-","fn_date":"-","owner":"อุโมงค์พระนคร","surveillant_mobile":"-","objectid_1":78,"motor_total":0.33,"subdistrict_id":"103303","size":"0.2,0.13","fd_prevent_code":"13","district_t":"คลองเตย","surveillant_name":"-","district_id":"1033","objectid":78}},{"geometry":{"type":"Point","coordinates":[100.50282438898485,13.70957295588478],"crs":null},"id":79,"type":"Feature","properties":{"pump_type":"-","utm_x":662509.567,"size_w":0,"year":"2564","accessibility":"ซอย เจริญนคร 39 หลังโกดังไทยสมเด็จ","motor_sz":"14,20","hy_lname":"คลองโรงหนัง","motor_num":"2,1","gate_name":"ประตูระบายน้ำคลองหลังซอยจำเริญ(เจริญนคร 39)","rt_total":0,"type":"ทั่วไป","sill_el":0,"utm_y":1516112.0911,"gate_code":"165","number":0,"crest_el":0,"rate":0,"gate_type":"-","size_h":0,"brand":"-","fn_date":"-","owner":"อาคารบังคับน้ำ ธนบุรี","surveillant_mobile":"-","objectid_1":79,"motor_total":1.1,"subdistrict_id":"101803","size":"0.3,0.5","fd_prevent_code":"31","district_t":"คลองสาน","surveillant_name":"-","district_id":"1018","objectid":79}},{"geometry":{"type":"Point","coordinates":[100.37148551622082,13.710933565945203],"crs":null},"id":80,"type":"Feature","properties":{"pump_type":"-","utm_x":648303.699,"size_w":0,"year":"2563","accessibility":"ถนน ทวีวัฒนา บริเวณร้าน มิตร ดินสอพอง","motor_sz":"-","hy_lname":"คลองบางจาก","motor_num":"-","gate_name":"ประตูระบายน้ำคลองบางจาก","rt_total":0,"type":"ทั่วไป","sill_el":0,"utm_y":1516178.1401,"gate_code":"147","number":0,"crest_el":0,"rate":0,"gate_type":"-","size_h":0,"brand":"-","fn_date":"-","owner":"อุโมงค์ธนบุรี","surveillant_mobile":"-","objectid_1":80,"motor_total":0,"subdistrict_id":"102303","size":"0","fd_prevent_code":"34","district_t":"หนองแขม","surveillant_name":"-","district_id":"1023","objectid":80}},{"geometry":{"type":"Point","coordinates":[100.59430000013676,13.709600000057792],"crs":null},"id":81,"type":"Feature","properties":{"pump_type":"-","utm_x":672403.5795,"size_w":0,"year":"2564","accessibility":"ซอย สุขุมวิท 48 บริเวณ หลังคอนโด aspire","motor_sz":"12,20","hy_lname":"คลองพระโขนง","motor_num":"1,1","gate_name":"ประตูระบายน้ำปิยวัชร","rt_total":0,"type":"ทั่วไป","sill_el":0,"utm_y":1516178.4753,"gate_code":"001","number":0,"crest_el":0,"rate":0,"gate_type":"-","size_h":0,"brand":"-","fn_date":"-","owner":"อุโมงค์พระนคร","surveillant_mobile":"-","objectid_1":81,"motor_total":0.7,"subdistrict_id":"103303","size":"0.2,0.5","fd_prevent_code":"13","district_t":"คลองเตย","surveillant_name":"-","district_id":"1033","objectid":81}},{"geometry":{"type":"Point","coordinates":[100.4670722637123,13.710624560748036],"crs":null},"id":82,"type":"Feature","properties":{"pump_type":"-","utm_x":658642.0011,"size_w":0,"year":"2564","accessibility":"สุดซอย วุฒากาศ 36 บริเวณอพาร์ทเม้นท์ที่มีประตูสีแดงเป็นภาษาจีน","motor_sz":"14","hy_lname":"คลองจีน","motor_num":"1","gate_name":"ประตูระบายน้ำคลองจีน (ตอนถนนวุฒากาศ)","rt_total":0,"type":"ทั่วไป","sill_el":0,"utm_y":1516204.6675,"gate_code":"177","number":0,"crest_el":0,"rate":0,"gate_type":"-","size_h":0,"brand":"-","fn_date":"-","owner":"อาคารบังคับน้ำ ธนบุรี","surveillant_mobile":"-","objectid_1":82,"motor_total":0.3,"subdistrict_id":"103502","size":"0.3","fd_prevent_code":"35","district_t":"จอมทอง","surveillant_name":"-","district_id":"1035","objectid":82}},{"geometry":{"type":"Point","coordinates":[100.4676652223715,13.710457207964957],"crs":null},"id":83,"type":"Feature","properties":{"pump_type":"-","utm_x":658706.2457,"size_w":0,"year":"2564","accessibility":"ซอย วุฒากาศ 36 เลยอพาร์ทเม้นท์ที่มีประตูสีแดงเป็นภาษาจีนจะเจอ4แยก ให้เลี้ยวขวาแล้วตรงไปสุดซอย","motor_sz":"8","hy_lname":"-","motor_num":"1","gate_name":"ประตูระบายน้ำคลองวัดใหม่ยายนุ้ย 1 (คลองด่าน)","rt_total":0,"type":"ทั่วไป","sill_el":0,"utm_y":1516186.5435,"gate_code":"178","number":0,"crest_el":0,"rate":0,"gate_type":"-","size_h":0,"brand":"-","fn_date":"-","owner":"อาคารบังคับน้ำ ธนบุรี","surveillant_mobile":"-","objectid_1":83,"motor_total":0.08,"subdistrict_id":"103502","size":"0.08","fd_prevent_code":"35","district_t":"จอมทอง","surveillant_name":"-","district_id":"1035","objectid":83}},{"geometry":{"type":"Point","coordinates":[100.4663092944926,13.71095151715293],"crs":null},"id":84,"type":"Feature","properties":{"pump_type":"-","utm_x":658559.2618,"size_w":0,"year":"2563","accessibility":"ซอย วุฒากาศ 42 แยก 2 ข้างร้านOnniestyle.kr","motor_sz":"-","hy_lname":"คลองตาแผลง","motor_num":"-","gate_name":"ประตูระบายน้ำคลองตาแผลง","rt_total":0,"type":"ทั่วไป","sill_el":0,"utm_y":1516240.3362,"gate_code":"187","number":0,"crest_el":0,"rate":0,"gate_type":"-","size_h":0,"brand":"-","fn_date":"-","owner":"อาคารบังคับน้ำ ธนบุรี","surveillant_mobile":"-","objectid_1":84,"motor_total":0,"subdistrict_id":"103502","size":"0","fd_prevent_code":"35","district_t":"จอมทอง","surveillant_name":"-","district_id":"1035","objectid":84}},{"geometry":{"type":"Point","coordinates":[100.50052851685007,13.710729535102251],"crs":null},"id":85,"type":"Feature","properties":{"pump_type":"-","utm_x":662260.4552,"size_w":0,"year":"2563","accessibility":"สุดซอย เจริญนคร 41","motor_sz":"-","hy_lname":"คลองข้างโรงน้ำแข็ง","motor_num":"-","gate_name":"ประตูระบายน้ำคลองโรงน้ำแข็ง (เจริญนคร 41)","rt_total":0,"type":"ทั่วไป","sill_el":0,"utm_y":1516238.4964,"gate_code":"166","number":0,"crest_el":0,"rate":0,"gate_type":"-","size_h":0,"brand":"-","fn_date":"-","owner":"อาคารบังคับน้ำ ธนบุรี","surveillant_mobile":"-","objectid_1":85,"motor_total":0,"subdistrict_id":"101803","size":"0","fd_prevent_code":"31","district_t":"คลองสาน","surveillant_name":"-","district_id":"1018","objectid":85}},{"geometry":{"type":"Point","coordinates":[100.46919432200833,13.712100628391395],"crs":null},"id":86,"type":"Feature","properties":{"pump_type":"-","utm_x":658870.5223,"size_w":0,"year":"2564","accessibility":"ซอย วุฒากาศ 24 ข้างโรงเรียนวัดใหม่ยายนุ้ย","motor_sz":"14","hy_lname":"คลองศาลเจ้าต้นโพธิ์","motor_num":"1","gate_name":"ประตูระบายน้ำคลองวัดใหม่ยายนุ้ย 2 (คลองด่าน)","rt_total":0,"type":"ทั่วไป","sill_el":0,"utm_y":1516369.3516,"gate_code":"179","number":0,"crest_el":0,"rate":0,"gate_type":"-","size_h":0,"brand":"-","fn_date":"-","owner":"อาคารบังคับน้ำ ธนบุรี","surveillant_mobile":"-","objectid_1":86,"motor_total":0.3,"subdistrict_id":"101505","size":"0.3","fd_prevent_code":"35","district_t":"ธนบุรี","surveillant_name":"-","district_id":"1015","objectid":86}},{"geometry":{"type":"Point","coordinates":[100.63691434753237,13.711152552024233],"crs":null},"id":87,"type":"Feature","properties":{"pump_type":"-","utm_x":677011.7302,"size_w":0,"year":"2563","accessibility":"ถนน อ่อนนุช ข้างร้านDaruma Sushi","motor_sz":"-","hy_lname":"คลองศาลเจ้า","motor_num":"-","gate_name":"ประตูระบายน้ำคลองศาลเจ้า","rt_total":0,"type":"ทั่วไป (เหล็ก)","sill_el":0,"utm_y":1516381.0502,"gate_code":"079","number":1,"crest_el":0,"rate":0,"gate_type":"-","size_h":0,"brand":"-","fn_date":"-","owner":"อาคารบังคับน้ำ 2","surveillant_mobile":"-","objectid_1":87,"motor_total":0,"subdistrict_id":"103402","size":"0","fd_prevent_code":"14","district_t":"สวนหลวง","surveillant_name":"-","district_id":"1034","objectid":87}},{"geometry":{"type":"Point","coordinates":[100.46960960116186,13.712668704476515],"crs":null},"id":88,"type":"Feature","properties":{"pump_type":"-","utm_x":658915.0549,"size_w":4,"year":"2564","accessibility":"ซอย วุฒากาศ 22 บริเวณBTSวุฒากาศ ฝั่งคอนโดRich Point","motor_sz":"20","hy_lname":"คลองศิริจันทร์","motor_num":"1","gate_name":"ประตูระบายน้ำคลองห้าเจดีย์","rt_total":0,"type":"ทั่วไป","sill_el":0,"utm_y":1516432.4681,"gate_code":"180","number":1,"crest_el":0,"rate":0,"gate_type":"ใช้สลิง ปิด-เปิด ในแนวดิ่ง","size_h":4,"brand":"-","fn_date":"-","owner":"อาคารบังคับน้ำ ธนบุรี","surveillant_mobile":"-","objectid_1":88,"motor_total":0.5,"subdistrict_id":"101505","size":"0.5","fd_prevent_code":"35","district_t":"ธนบุรี","surveillant_name":"-","district_id":"1015","objectid":88}},{"geometry":{"type":"Point","coordinates":[100.46863477954113,13.713091858585312],"crs":null},"id":90,"type":"Feature","properties":{"pump_type":"-","utm_x":658809.3382,"size_w":0,"year":"2563","accessibility":"ใต้สะพานทางหลวงชนบท3021ถนน ราชพฤกษ์ บริเวณ BTSวุฒกาศ","motor_sz":"0.5","hy_lname":"คลองด่าน","motor_num":"2","gate_name":"ประตูระบายน้ำคลองตาม่วง","rt_total":0,"type":"ทั่วไป","sill_el":0,"utm_y":1516478.6385,"gate_code":"186","number":0,"crest_el":0,"rate":0,"gate_type":"-","size_h":0,"brand":"-","fn_date":"-","owner":"อาคารบังคับน้ำ ธนบุรี","surveillant_mobile":"-","objectid_1":90,"motor_total":2,"subdistrict_id":"103502","size":"0","fd_prevent_code":"35","district_t":"จอมทอง","surveillant_name":"-","district_id":"1035","objectid":90}},{"geometry":{"type":"Point","coordinates":[100.5072198781587,13.71334594213791],"crs":null},"id":91,"type":"Feature","properties":{"pump_type":"-","utm_x":662982.3727,"size_w":4,"year":"2563","accessibility":"ถนน เจริญนคร ซอยข้างร้านก๋วยเตี๋ยวเรือทีเด็ดก๋วยเตี๋ยวเรืออยุธยา","motor_sz":"2","hy_lname":"คลองบางลำภูล่าง","motor_num":"2","gate_name":"ประตูระบายน้ำปากคลองบางลำภูล่าง","rt_total":0,"type":"ทั่วไป","sill_el":0,"utm_y":1516532.4442,"gate_code":"164","number":1,"crest_el":0,"rate":0,"gate_type":"ใช้สลิง ปิด-เปิด ในแนวดิ่ง","size_h":4,"brand":"-","fn_date":"-","owner":"อาคารบังคับน้ำ ธนบุรี","surveillant_mobile":"-","objectid_1":91,"motor_total":4,"subdistrict_id":"101803","size":"4","fd_prevent_code":"31","district_t":"คลองสาน","surveillant_name":"-","district_id":"1018","objectid":91}},{"geometry":{"type":"Point","coordinates":[100.46896895268111,13.71522482603778],"crs":null},"id":92,"type":"Feature","properties":{"pump_type":"-","utm_x":658844.0462,"size_w":0,"year":"2563","accessibility":"ซอย กัลปพฤกษ์ หลังคอนโดไอดีโอ วุฒากาศ หน้าซอยทางเข้ามีร้านขายอาหารตามสั่ง","motor_sz":"-","hy_lname":"-","motor_num":"-","gate_name":"ประตูระบายน้ำคลองซอยด่านแปด","rt_total":0,"type":"ทั่วไป","sill_el":0,"utm_y":1516714.8176,"gate_code":"185","number":0,"crest_el":0,"rate":0,"gate_type":"-","size_h":0,"brand":"-","fn_date":"-","owner":"อาคารบังคับน้ำ ธนบุรี","surveillant_mobile":"-","objectid_1":92,"motor_total":0,"subdistrict_id":"103502","size":"0","fd_prevent_code":"35","district_t":"จอมทอง","surveillant_name":"-","district_id":"1035","objectid":92}},{"geometry":{"type":"Point","coordinates":[100.5086339028746,13.715341647833874],"crs":null},"id":93,"type":"Feature","properties":{"pump_type":"-","utm_x":663133.9305,"size_w":0,"year":"2563","accessibility":"ถนน เจริญนคร หลังอพาร์ทเม้นท์สายชลแมนชั่น","motor_sz":"-","hy_lname":"-","motor_num":"-","gate_name":"ประตูระบายน้ำคลองข้างสายชลแมนชั่น","rt_total":0,"type":"ทั่วไป","sill_el":0,"utm_y":1516754.177,"gate_code":"163","number":0,"crest_el":0,"rate":0,"gate_type":"-","size_h":0,"brand":"-","fn_date":"-","owner":"อาคารบังคับน้ำ ธนบุรี","surveillant_mobile":"-","objectid_1":93,"motor_total":0,"subdistrict_id":"101803","size":"0","fd_prevent_code":"31","district_t":"คลองสาน","surveillant_name":"-","district_id":"1018","objectid":93}},{"geometry":{"type":"Point","coordinates":[100.47086124187533,13.715772104010663],"crs":null},"id":94,"type":"Feature","properties":{"pump_type":"-","utm_x":659048.3367,"size_w":0,"year":"2564","accessibility":"ซอย วุฒากาศ 14 แยก 1 ข้างร้านจิรัชญา ล็อกเก็ต","motor_sz":"6,8","hy_lname":"คลองข้างธนาคารนครหลวงไทย","motor_num":"1,1","gate_name":"ประตูระบายน้ำคลองข้างธนาคารนครหลวงไทย","rt_total":0,"type":"ทั่วไป","sill_el":0,"utm_y":1516776.6054,"gate_code":"181","number":0,"crest_el":0,"rate":0,"gate_type":"-","size_h":0,"brand":"-","fn_date":"-","owner":"อาคารบังคับน้ำ ธนบุรี","surveillant_mobile":"-","objectid_1":94,"motor_total":0.13,"subdistrict_id":"101505","size":"0.05,0.08","fd_prevent_code":"35","district_t":"ธนบุรี","surveillant_name":"-","district_id":"1015","objectid":94}},{"geometry":{"type":"Point","coordinates":[100.54396585973682,13.725924343530135],"crs":null},"id":95,"type":"Feature","properties":{"pump_type":"-","utm_x":666947.8325,"size_w":0,"year":"2563","accessibility":"ถนน สาทรเหนือ บริเวณตรงข้ามธนาคารLH Bank","motor_sz":"-","hy_lname":"คลองสาทร","motor_num":"-","gate_name":"ประตูระบายน้ำสาทรช่วงสะพานไทย-เบลเยี่ยม","rt_total":0,"type":"ทั่วไป","sill_el":0,"utm_y":1517949.0656,"gate_code":"073","number":0,"crest_el":0,"rate":0,"gate_type":"-","size_h":0,"brand":"-","fn_date":"-","owner":"อาคารบังคับน้ำ 2","surveillant_mobile":"-","objectid_1":95,"motor_total":0,"subdistrict_id":"100402","size":"0","fd_prevent_code":"12","district_t":"บางรัก","surveillant_name":"-","district_id":"1004","objectid":108}},{"geometry":{"type":"Point","coordinates":[100.46840043994716,13.716020921220247],"crs":null},"id":96,"type":"Feature","properties":{"pump_type":"-","utm_x":658782.0239,"size_w":0,"year":"2563","accessibility":"ซอย วัดนาคปรก ประตุระบายน้ำอยู่หลังวัดนางชีโชติการาม บริเวณหลังวัด","motor_sz":"-","hy_lname":"คลองวัดเพลง-วัดนางชี","motor_num":"-","gate_name":"ประตูระบายน้ำวัดนางชี","rt_total":0,"type":"ทั่วไป","sill_el":0,"utm_y":1516802.5118,"gate_code":"184","number":0,"crest_el":0,"rate":0,"gate_type":"-","size_h":0,"brand":"-","fn_date":"-","owner":"อาคารบังคับน้ำ ธนบุรี","surveillant_mobile":"-","objectid_1":96,"motor_total":0,"subdistrict_id":"103502","size":"0","fd_prevent_code":"35","district_t":"จอมทอง","surveillant_name":"-","district_id":"1035","objectid":95}},{"geometry":{"type":"Point","coordinates":[100.36139237046866,13.71714981298378],"crs":null},"id":97,"type":"Feature","properties":{"pump_type":"-","utm_x":647208.232,"size_w":0,"year":"2563","accessibility":"ถนน หนองแขม 2 ข้างโรงงานกำจัดสิ่งปฏิกูลหนองแขม","motor_sz":"-","hy_lname":"คลองราษฏร์เจริญสุข","motor_num":"-","gate_name":"ประตูระบายน้ำคลองราษฎร์เจริญสุข (โรงบำบัดน้ำเสียหนองแขม)","rt_total":0,"type":"ทั่วไป","sill_el":0,"utm_y":1516859.6119,"gate_code":"145","number":0,"crest_el":0,"rate":0,"gate_type":"-","size_h":0,"brand":"-","fn_date":"-","owner":"อุโมงค์ธนบุรี","surveillant_mobile":"-","objectid_1":97,"motor_total":0,"subdistrict_id":"102303","size":"0","fd_prevent_code":"34","district_t":"หนองแขม","surveillant_name":"-","district_id":"1023","objectid":96}},{"geometry":{"type":"Point","coordinates":[100.46630103929022,13.716767414424432],"crs":null},"id":98,"type":"Feature","properties":{"pump_type":"-","utm_x":658554.4646,"size_w":4,"year":"2563","accessibility":"ซอย เทอดไท 51 บริเวณที่จอดรถหลังวัดนาคปรก","motor_sz":"-","hy_lname":"คลองวัดเพลง-วัดนางชี","motor_num":"-","gate_name":"ประตูระบายน้ำคลองวัดนาคปรก","rt_total":0,"type":"ทั่วไป","sill_el":0,"utm_y":1516883.7134,"gate_code":"189","number":1,"crest_el":0,"rate":0,"gate_type":"ใช้สลิง ปิด-เปิด ในแนวดิ่ง","size_h":3.75,"brand":"-","fn_date":"-","owner":"อาคารบังคับน้ำ ธนบุรี","surveillant_mobile":"-","objectid_1":98,"motor_total":0,"subdistrict_id":"103502","size":"0","fd_prevent_code":"35","district_t":"จอมทอง","surveillant_name":"-","district_id":"1035","objectid":97}},{"geometry":{"type":"Point","coordinates":[100.46894645213156,13.71759596984381],"crs":null},"id":99,"type":"Feature","properties":{"pump_type":"-","utm_x":658840.0177,"size_w":0,"year":"2563","accessibility":"ซอย เทอดไท 51 บริเวณที่ข้างหลังวัดนาคปรก","motor_sz":"-","hy_lname":"คลองวัดเพลง-วัดนางชี","motor_num":"-","gate_name":"ประตูระบายน้ำคลองด่าน 8 (ปากคลองนาคปรก)","rt_total":0,"type":"ทั่วไป","sill_el":0,"utm_y":1516977.1105,"gate_code":"190","number":0,"crest_el":0,"rate":0,"gate_type":"-","size_h":0,"brand":"-","fn_date":"-","owner":"อาคารบังคับน้ำ ธนบุรี","surveillant_mobile":"-","objectid_1":99,"motor_total":0,"subdistrict_id":"103502","size":"0","fd_prevent_code":"35","district_t":"จอมทอง","surveillant_name":"-","district_id":"1035","objectid":98}},{"geometry":{"type":"Point","coordinates":[100.36777653714088,13.71863581241269],"crs":null},"id":100,"type":"Feature","properties":{"pump_type":"-","utm_x":647897.7422,"size_w":0,"year":"2564","accessibility":"ถนน คลองทวีวัฒนา บริเวณสะพานข้ามคลองใกล้กับร้านตัดผมsweetvee","motor_sz":"4,20","hy_lname":"คลองราษฏร์เจริญสุข","motor_num":"1,1","gate_name":"ประตูระบายน้ำคลองราษฎร์เจริญสุข (คลองทวีวัฒนา)","rt_total":0,"type":"ทั่วไป","sill_el":0,"utm_y":1517027.8942,"gate_code":"146","number":0,"crest_el":0,"rate":0,"gate_type":"-","size_h":0,"brand":"-","fn_date":"-","owner":"อุโมงค์ธนบุรี","surveillant_mobile":"-","objectid_1":100,"motor_total":1.5,"subdistrict_id":"102303","size":"1,0.5","fd_prevent_code":"34","district_t":"หนองแขม","surveillant_name":"-","district_id":"1023","objectid":99}},{"geometry":{"type":"Point","coordinates":[100.51004316375777,13.717816956368889],"crs":null},"id":101,"type":"Feature","properties":{"pump_type":"-","utm_x":663284.6387,"size_w":4,"year":"2563","accessibility":"ซอย เจริญนคร 17 หลังโรงแรมibis Bangkok Riverside","motor_sz":"0.5","hy_lname":"คลองต้นไทร","motor_num":"2","gate_name":"ประตูระบายน้ำปากคลองต้นไทร","rt_total":0,"type":"ทั่วไป","sill_el":0,"utm_y":1517028.9647,"gate_code":"162","number":1,"crest_el":0,"rate":0,"gate_type":"ใช้สลิง ปิด-เปิด ในแนวดิ่ง","size_h":4,"brand":"-","fn_date":"-","owner":"อาคารบังคับน้ำ ธนบุรี","surveillant_mobile":"-","objectid_1":101,"motor_total":1,"subdistrict_id":"101803","size":"1","fd_prevent_code":"31","district_t":"คลองสาน","surveillant_name":"-","district_id":"1018","objectid":100}},{"geometry":{"type":"Point","coordinates":[100.48211614683373,13.722448337946297],"crs":null},"id":102,"type":"Feature","properties":{"pump_type":"-","utm_x":660261.0707,"size_w":4,"year":"2564","accessibility":"ถนน เทอดไท บริเวณ สะพานเทอดไท2 ข้างโรงเรียนวัดอินทาราม","motor_sz":"20","hy_lname":"คลองสำเหร่","motor_num":"1","gate_name":"ประตูระบายน้ำคลองสำเหร่ (ถนนเทอดไท)","rt_total":0,"type":"ทั่วไป","sill_el":0,"utm_y":1517522.6069,"gate_code":"182","number":2,"crest_el":0,"rate":0,"gate_type":"ใช้แกนเพลา ปิด-เปิด บานแนวดิ่ง","size_h":4,"brand":"-","fn_date":"-","owner":"อาคารบังคับน้ำ ธนบุรี","surveillant_mobile":"-","objectid_1":102,"motor_total":0.5,"subdistrict_id":"101503","size":"0.5","fd_prevent_code":"31","district_t":"ธนบุรี","surveillant_name":"-","district_id":"1015","objectid":101}},{"geometry":{"type":"Point","coordinates":[100.50674725782511,13.723415627582053],"crs":null},"id":103,"type":"Feature","properties":{"pump_type":"-","utm_x":662924.3067,"size_w":0,"year":"2563","accessibility":"ซอย เจริญนคร 12 บริเวณหลังอพาร์ทเม้นท์K.R Living","motor_sz":"-","hy_lname":"คลองวัดสุวรรณ","motor_num":"-","gate_name":"ประตูระบายน้ำคลองรางจาก","rt_total":0,"type":"ทั่วไป","sill_el":0,"utm_y":1517646.1012,"gate_code":"172","number":0,"crest_el":0,"rate":0,"gate_type":"-","size_h":0,"brand":"-","fn_date":"-","owner":"อาคารบังคับน้ำ ธนบุรี","surveillant_mobile":"-","objectid_1":103,"motor_total":0,"subdistrict_id":"101804","size":"0","fd_prevent_code":"31","district_t":"คลองสาน","surveillant_name":"-","district_id":"1018","objectid":102}},{"geometry":{"type":"Point","coordinates":[100.50876294106162,13.723461267716251],"crs":null},"id":104,"type":"Feature","properties":{"pump_type":"-","utm_x":663142.2756,"size_w":0,"year":"2564","accessibility":"ถนนเจริญนคร บริเวณ ข้างวัดสุวรรณ","motor_sz":"8","hy_lname":"คลองวัดสุวรรณ","motor_num":"1","gate_name":"ประตูระบายน้ำคลองวัดสุวรรณ(เจริญนคร 2  1/2)","rt_total":0,"type":"ทั่วไป","sill_el":0,"utm_y":1517652.5115,"gate_code":"161","number":0,"crest_el":0,"rate":0,"gate_type":"-","size_h":0,"brand":"-","fn_date":"-","owner":"อาคารบังคับน้ำ ธนบุรี","surveillant_mobile":"-","objectid_1":104,"motor_total":0.08,"subdistrict_id":"101804","size":"0.08","fd_prevent_code":"31","district_t":"คลองสาน","surveillant_name":"-","district_id":"1018","objectid":103}},{"geometry":{"type":"Point","coordinates":[100.48562030619658,13.724716593213506],"crs":null},"id":105,"type":"Feature","properties":{"pump_type":"-","utm_x":660638.507,"size_w":0,"year":"2563","accessibility":"ถนน เทอดไท บริเวณข้างสำนักงานเขตธนบุรี","motor_sz":"-","hy_lname":"คลองสุเหร่าสวนพลู","motor_num":"-","gate_name":"ประตูระบายน้ำสุเหร่าสวนพลู","rt_total":0,"type":"ทั่วไป","sill_el":0,"utm_y":1517775.8632,"gate_code":"183","number":0,"crest_el":0,"rate":0,"gate_type":"-","size_h":0,"brand":"-","fn_date":"-","owner":"อาคารบังคับน้ำ ธนบุรี","surveillant_mobile":"-","objectid_1":105,"motor_total":0,"subdistrict_id":"101503","size":"0","fd_prevent_code":"31","district_t":"ธนบุรี","surveillant_name":"-","district_id":"1015","objectid":104}},{"geometry":{"type":"Point","coordinates":[100.68959999967092,13.72399999988933],"crs":null},"id":106,"type":"Feature","properties":{"pump_type":"-","utm_x":682700.5324,"size_w":6,"year":"2563","accessibility":"ซอย อ่อนนุช 67 บริเวณสะพานลิมตศิริ ข้างวัดกระทุ่มเสือปลา","motor_sz":"-","hy_lname":"คลองประเวศบุรีรมย์","motor_num":"-","gate_name":"ประตูระบายน้ำประเวศบุรีรมย์ (ตอนกระทุ่มเสือปลา)","rt_total":0,"type":"ทั่วไป","sill_el":0,"utm_y":1517841.6564,"gate_code":"119","number":2,"crest_el":0,"rate":0,"gate_type":"ใช้สลิง ปิด-เปิด ในแนวดิ่ง","size_h":6,"brand":"-","fn_date":"-","owner":"กลุ่มงานตะวันออก","surveillant_mobile":"-","objectid_1":106,"motor_total":0,"subdistrict_id":"103201","size":"0","fd_prevent_code":"26","district_t":"ประเวศ","surveillant_name":"-","district_id":"1032","objectid":105}},{"geometry":{"type":"Point","coordinates":[100.74986890316812,13.724128918151315],"crs":null},"id":107,"type":"Feature","properties":{"pump_type":"-","utm_x":689219.2308,"size_w":6,"year":"2563","accessibility":"ถนน ลาดกระบัง บริเวณข้างซอยลาดกระบัง 5/3 ตรงเข้าไปสุดซอย","motor_sz":"-","hy_lname":"คลองประเวศบุรีรมย์","motor_num":"-","gate_name":"ประตูระบายน้ำลาดกระบัง","rt_total":0,"type":"ทั่วไป","sill_el":0,"utm_y":1517902.3538,"gate_code":"122","number":0,"crest_el":0,"rate":0,"gate_type":"-","size_h":6,"brand":"-","fn_date":"-","owner":"กลุ่มงานตะวันออก","surveillant_mobile":"-","objectid_1":107,"motor_total":0,"subdistrict_id":"101101","size":"0","fd_prevent_code":"-","district_t":"ลาดกระบัง","surveillant_name":"-","district_id":"1011","objectid":106}},{"geometry":{"type":"Point","coordinates":[100.5114509387817,13.725779253205637],"crs":null},"id":108,"type":"Feature","properties":{"pump_type":"-","utm_x":663431.3832,"size_w":4,"year":"2563","accessibility":"ซอย เจริญนคร 5 บริเวณข้างท่าเรือไอคอนสยาม","motor_sz":"0.5","hy_lname":"คลองวัดทองเพลง","motor_num":"2","gate_name":"ประตูระบายน้ำปากคลองวัดทองเพลง","rt_total":0,"type":"ทั่วไป","sill_el":0,"utm_y":1517910.7613,"gate_code":"160","number":1,"crest_el":0,"rate":0,"gate_type":"ใช้สลิง ปิด-เปิด ในแนวดิ่ง","size_h":4,"brand":"-","fn_date":"-","owner":"อาคารบังคับน้ำ ธนบุรี","surveillant_mobile":"-","objectid_1":108,"motor_total":1,"subdistrict_id":"101804","size":"1","fd_prevent_code":"31","district_t":"คลองสาน","surveillant_name":"-","district_id":"1018","objectid":107}},{"geometry":{"type":"Point","coordinates":[100.51146067554592,13.728271540879105],"crs":null},"id":109,"type":"Feature","properties":{"pump_type":"-","utm_x":663430.7099,"size_w":0,"year":"2563","accessibility":"ถนน เจริญนคร บริเวณหลังโรงแรมมิลเลนเนียม ฮิลตัน กรุงเทพ ใกล้กับร้านอาหารบ้านริมน้ำ","motor_sz":"0.20","hy_lname":"คลองเทพา","motor_num":"1","gate_name":"ประตูระบายน้ำคลองเทพา","rt_total":0,"type":"ทั่วไป","sill_el":0,"utm_y":1518186.4821,"gate_code":"159","number":0,"crest_el":0,"rate":0,"gate_type":"-","size_h":0,"brand":"-","fn_date":"-","owner":"อาคารบังคับน้ำ ธนบุรี","surveillant_mobile":"-","objectid_1":109,"motor_total":0.2,"subdistrict_id":"101804","size":"0.2","fd_prevent_code":"31","district_t":"คลองสาน","surveillant_name":"-","district_id":"1018","objectid":109}},{"geometry":{"type":"Point","coordinates":[100.51331891172663,13.72965998580567],"crs":null},"id":110,"type":"Feature","properties":{"pump_type":"-","utm_x":663630.7153,"size_w":0,"year":"2563","accessibility":"ซอย เจริญกรุง 30 หลังโรงแรมรอยัล ออคิด เชอราตัน","motor_sz":"-","hy_lname":"-","motor_num":"-","gate_name":"ประตูระบายน้ำข้างโซฟิเทล","rt_total":0,"type":"ทั่วไป","sill_el":0,"utm_y":1518341.3409,"gate_code":"158","number":0,"crest_el":0,"rate":0,"gate_type":"-","size_h":0,"brand":"-","fn_date":"-","owner":"อาคารบังคับน้ำ ธนบุรี","surveillant_mobile":"-","objectid_1":110,"motor_total":0,"subdistrict_id":"100404","size":"0","fd_prevent_code":"12","district_t":"บางรัก","surveillant_name":"-","district_id":"1004","objectid":110}},{"geometry":{"type":"Point","coordinates":[100.51025499141025,13.732258365682284],"crs":null},"id":111,"type":"Feature","properties":{"pump_type":"-","utm_x":663297.5551,"size_w":0,"year":"2563","accessibility":"ซอย สมเด็จเจ้าพระยา 17 บริเวณหลังห้องอาหารยกยอ มารีน่า","motor_sz":"0.20","hy_lname":"ลำกระโดง","motor_num":"1","gate_name":"ประตูระบายน้ำซอยสมเด็จเจ้าพระยา 17","rt_total":0,"type":"ทั่วไป","sill_el":0,"utm_y":1518626.7161,"gate_code":"157","number":0,"crest_el":0,"rate":0,"gate_type":"-","size_h":0,"brand":"-","fn_date":"-","owner":"อาคารบังคับน้ำ ธนบุรี","surveillant_mobile":"-","objectid_1":111,"motor_total":0.2,"subdistrict_id":"101802","size":"0.2","fd_prevent_code":"31","district_t":"คลองสาน","surveillant_name":"-","district_id":"1018","objectid":111}},{"geometry":{"type":"Point","coordinates":[100.50962790906962,13.733271038355294],"crs":null},"id":112,"type":"Feature","properties":{"pump_type":"-","utm_x":663229.0364,"size_w":0,"year":"2564","accessibility":"ซอย สมเด็จเจ้าพระยา 17 ข้างวัดทองนพคุณ  บริเวณข้างที่เก็บอัฐิเรือสำเภา","motor_sz":"8","hy_lname":"คลองวัดทองนพคุณล่าง","motor_num":"1","gate_name":"ประตูระบายน้ำคลองข้างวัดทองนพคุณ","rt_total":0,"type":"ทั่วไป","sill_el":0,"utm_y":1518738.3206,"gate_code":"155","number":0,"crest_el":0,"rate":0,"gate_type":"-","size_h":0,"brand":"-","fn_date":"-","owner":"อาคารบังคับน้ำ ธนบุรี","surveillant_mobile":"-","objectid_1":112,"motor_total":0.08,"subdistrict_id":"101802","size":"0.08","fd_prevent_code":"31","district_t":"คลองสาน","surveillant_name":"-","district_id":"1018","objectid":112}},{"geometry":{"type":"Point","coordinates":[100.34824939517698,13.73565002589325],"crs":null},"id":113,"type":"Feature","properties":{"pump_type":"-","utm_x":645775.409,"size_w":0,"year":"2563","accessibility":"ซอย ทวีวัฒนา 1 บริเวณข้างสะพานข้ามคลองข้างหจก.สมศักดิ์1986เอ็นจีเนียริ่งคอนโทรล","motor_sz":"-","hy_lname":"คลองกำนันประทีป","motor_num":"-","gate_name":"ประตูระบายน้ำคลองกำนันประทีป","rt_total":0,"type":"ทั่วไป","sill_el":0,"utm_y":1518898.1326,"gate_code":"143","number":0,"crest_el":0,"rate":0,"gate_type":"-","size_h":0,"brand":"-","fn_date":"-","owner":"อุโมงค์ธนบุรี","surveillant_mobile":"-","objectid_1":113,"motor_total":0,"subdistrict_id":"102303","size":"0","fd_prevent_code":"34","district_t":"หนองแขม","surveillant_name":"-","district_id":"1023","objectid":113}},{"geometry":{"type":"Point","coordinates":[100.50733554722153,13.735185215957975],"crs":null},"id":114,"type":"Feature","properties":{"pump_type":"-","utm_x":662979.7999,"size_w":0,"year":"2563","accessibility":"ถนน เชียงใหม่ บริเวณท่าเรือวัดทองธรรมชาติ","motor_sz":"0.20","hy_lname":"-","motor_num":"1","gate_name":"ประตูระบายน้ำคลองวัดทองธรรมชาติ","rt_total":0,"type":"ทั่วไป","sill_el":0,"utm_y":1518948.5301,"gate_code":"156","number":0,"crest_el":0,"rate":0,"gate_type":"-","size_h":0,"brand":"-","fn_date":"-","owner":"อาคารบังคับน้ำ ธนบุรี","surveillant_mobile":"-","objectid_1":114,"motor_total":0.2,"subdistrict_id":"101802","size":"0.2","fd_prevent_code":"31","district_t":"คลองสาน","surveillant_name":"-","district_id":"1018","objectid":114}},{"geometry":{"type":"Point","coordinates":[100.50595860003872,13.735777372422271],"crs":null},"id":115,"type":"Feature","properties":{"pump_type":"-","utm_x":662830.4787,"size_w":0,"year":"2563","accessibility":"ซอย สะพานยาวบริเวณที่ดินประกาศขายของบริษัทบริหารสินทรัพย์ กรุงเทพมหานครพาณิชย์ จำกัด บริเวณข้างคลอง","motor_sz":"-","hy_lname":"คลองหลวงวารี (ช่วงที่ 2)","motor_num":"-","gate_name":"ประตูระบายน้ำคลองบ้านหลวงวารี","rt_total":0,"type":"ทั่วไป","sill_el":0,"utm_y":1519013.1085,"gate_code":"153","number":0,"crest_el":0,"rate":0,"gate_type":"-","size_h":0,"brand":"-","fn_date":"-","owner":"อาคารบังคับน้ำ ธนบุรี","surveillant_mobile":"-","objectid_1":115,"motor_total":0,"subdistrict_id":"101802","size":"0","fd_prevent_code":"31","district_t":"คลองสาน","surveillant_name":"-","district_id":"1018","objectid":115}},{"geometry":{"type":"Point","coordinates":[100.48892454017685,13.737311810273443],"crs":null},"id":116,"type":"Feature","properties":{"pump_type":"-","utm_x":660987.2654,"size_w":4,"year":"2564","accessibility":"ถนน เทศบาล สาย2 บริเวณหลังมัสยิดบางหลวง เข้าซอยไปจนถึงข้างคลอง","motor_sz":"0.15","hy_lname":"คลองบุปผาราม","motor_num":"1","gate_name":"ประตูระบายน้ำคลองบุบผาราม","rt_total":0,"type":"ทั่วไป","sill_el":0,"utm_y":1519171.4227,"gate_code":"150","number":1,"crest_el":0,"rate":0,"gate_type":"ใช้แกนเพลา ปิด-เปิด บานแนวดิ่ง","size_h":4,"brand":"-","fn_date":"-","owner":"อาคารบังคับน้ำ ธนบุรี","surveillant_mobile":"-","objectid_1":116,"motor_total":0.58,"subdistrict_id":"101501","size":"0.58","fd_prevent_code":"31","district_t":"ธนบุรี","surveillant_name":"-","district_id":"1015","objectid":116}},{"geometry":{"type":"Point","coordinates":[100.49294194281673,13.739862223514129],"crs":null},"id":117,"type":"Feature","properties":{"pump_type":"-","utm_x":661419.9811,"size_w":0,"year":"2563","accessibility":"ซอย กัลยาณ์ 6 บริเวณศาลเจ้าแม่กวนอิม","motor_sz":"-","hy_lname":"คลองกุฎีจีน","motor_num":"-","gate_name":"ประตูระบายน้ำคลองกุฎีจีน","rt_total":0,"type":"ทั่วไป","sill_el":0,"utm_y":1519456.2506,"gate_code":"151","number":0,"crest_el":0,"rate":0,"gate_type":"-","size_h":0,"brand":"-","fn_date":"-","owner":"อาคารบังคับน้ำ ธนบุรี","surveillant_mobile":"-","objectid_1":117,"motor_total":0,"subdistrict_id":"101501","size":"0","fd_prevent_code":"31","district_t":"ธนบุรี","surveillant_name":"-","district_id":"1015","objectid":117}},{"geometry":{"type":"Point","coordinates":[100.87859999964006,13.737899999855987],"crs":null},"id":118,"type":"Feature","properties":{"pump_type":"-","utm_x":703131.801,"size_w":4.3,"year":"2563","accessibility":"บริเวณถนน ขุมทอง-ลำต้อยติ่ง ถึงสามแยกหลังวัดวชิรธรรมาวาส ให้ตรงไปจนสุดซอย","motor_sz":"-","hy_lname":"คลองหลวงแพ่ง","motor_num":"-","gate_name":"ทำนบและประตูระบายน้ำคลองลำตาแฝง","rt_total":0,"type":"ทั่วไป","sill_el":0,"utm_y":1519530.7052,"gate_code":"101","number":1,"crest_el":0,"rate":0,"gate_type":"ใช้สลิง ปิด-เปิด ในแนวดิ่ง","size_h":3,"brand":"-","fn_date":"-","owner":"กลุ่มงานตะวันออก","surveillant_mobile":"-","objectid_1":118,"motor_total":0,"subdistrict_id":"100308","size":"0","fd_prevent_code":"-","district_t":"หนองจอก","surveillant_name":"-","district_id":"1003","objectid":118}},{"geometry":{"type":"Point","coordinates":[100.59638276316403,13.741143896819834],"crs":null},"id":119,"type":"Feature","properties":{"pump_type":"-","utm_x":672605.7803,"size_w":5,"year":"2563","accessibility":"ถนน เพชรบุรีตัดใหม่ บริเวณหลังบริษัทพาโตเคมีอุตสาหกรรม จำกัด","motor_sz":"-","hy_lname":"คลองแสนแสบ","motor_num":"-","gate_name":"ประตูระบายน้ำแสนแสบเก่า","rt_total":0,"type":"ทั่วไป","sill_el":0,"utm_y":1519669.6926,"gate_code":"004","number":1,"crest_el":0,"rate":0,"gate_type":"ใช้สลิง ปิด-เปิด ในแนวดิ่ง","size_h":6,"brand":"-","fn_date":"-","owner":"อุโมงค์พระนคร","surveillant_mobile":"-","objectid_1":119,"motor_total":0,"subdistrict_id":"101702","size":"0","fd_prevent_code":"13","district_t":"ห้วยขวาง","surveillant_name":"-","district_id":"1017","objectid":119}},{"geometry":{"type":"Point","coordinates":[100.8798000000548,13.74030000054156],"crs":null},"id":120,"type":"Feature","properties":{"pump_type":"-","utm_x":703259.5279,"size_w":0,"year":"2563","accessibility":"บริเวณหลังวัดลำวังคาสุทธาวาส เจอสี่แยกเลี้ยวขวาตรงตามทางมาจนสุดซอยแล้วเลี้ยวซ้ายแล้วตรงไปสุดซอย","motor_sz":"-","hy_lname":"คลองแยกคลองลำวังคา","motor_num":"-","gate_name":"ทำนบและประตูระบายน้ำคลองลำตาอิน","rt_total":0,"type":"ทั่วไป","sill_el":0,"utm_y":1519797.2667,"gate_code":"102","number":0,"crest_el":0,"rate":0,"gate_type":"-","size_h":0,"brand":"-","fn_date":"-","owner":"กลุ่มงานตะวันออก","surveillant_mobile":"-","objectid_1":120,"motor_total":0,"subdistrict_id":"100308","size":"0","fd_prevent_code":"-","district_t":"หนองจอก","surveillant_name":"-","district_id":"1003","objectid":120}},{"geometry":{"type":"Point","coordinates":[100.61045319897252,13.7435251788121],"crs":null},"id":121,"type":"Feature","properties":{"pump_type":"-","utm_x":674125.7156,"size_w":6,"year":"2563","accessibility":"บริเวณด่านเก็บค่าผ่านทางพิเศษ ด่านศรีนครินทร์","motor_sz":"-","hy_lname":"คลองกะจะ","motor_num":"-","gate_name":"ประตูระบายน้ำคลองสะแก (ตอนถนนนพระราม 9)","rt_total":0,"type":"ทั่วไป","sill_el":0,"utm_y":1519943.256,"gate_code":"078","number":1,"crest_el":0,"rate":0,"gate_type":"ใช้สลิง ปิด-เปิด ในแนวดิ่ง","size_h":3.5,"brand":"-","fn_date":"-","owner":"อาคารบังคับน้ำ 2","surveillant_mobile":"-","objectid_1":121,"motor_total":0,"subdistrict_id":"103403","size":"0","fd_prevent_code":"09","district_t":"สวนหลวง","surveillant_name":"-","district_id":"1034","objectid":121}},{"geometry":{"type":"Point","coordinates":[100.48701545276572,13.744639282519698],"crs":null},"id":122,"type":"Feature","properties":{"pump_type":"-","utm_x":660775.809,"size_w":4,"year":"2563","accessibility":"บริเวณสะพานข้ามคลองวัดอรุณ ข้างซอยวังเดิม10","motor_sz":"-","hy_lname":"คลองวัดอรุณ","motor_num":"-","gate_name":"ประตูระบายน้ำคลองวัดอรุณ","rt_total":0,"type":"ทั่วไป","sill_el":0,"utm_y":1519980.7579,"gate_code":"149","number":1,"crest_el":0,"rate":0,"gate_type":"ใช้สลิง ปิด-เปิด ในแนวดิ่ง","size_h":4,"brand":"-","fn_date":"-","owner":"อาคารบังคับน้ำ ธนบุรี","surveillant_mobile":"-","objectid_1":122,"motor_total":0,"subdistrict_id":"101601","size":"0","fd_prevent_code":"30","district_t":"บางกอกใหญ่","surveillant_name":"-","district_id":"1016","objectid":122}},{"geometry":{"type":"Point","coordinates":[100.48512679252484,13.74714175392829],"crs":null},"id":123,"type":"Feature","properties":{"pump_type":"-","utm_x":660571.1311,"size_w":4,"year":"2563","accessibility":"ภายในวัดเครือวัลย์วรวิหาร บริเวรลานจอดรถข้างวัด","motor_sz":"-","hy_lname":"คลองมอญ","motor_num":"-","gate_name":"ประตูระบายน้ำวัดระฆัง (สถานีสูบน้ำคลองมอญ)","rt_total":0,"type":"ทั่วไป","sill_el":0,"utm_y":1520253.0034,"gate_code":"148","number":1,"crest_el":0,"rate":0,"gate_type":"ใช้สลิง ปิด-เปิด ในแนวดิ่ง","size_h":4,"brand":"-","fn_date":"-","owner":"อาคารบังคับน้ำ ธนบุรี","surveillant_mobile":"-","objectid_1":123,"motor_total":0,"subdistrict_id":"101601","size":"0","fd_prevent_code":"30","district_t":"บางกอกใหญ่","surveillant_name":"-","district_id":"1016","objectid":123}},{"geometry":{"type":"Point","coordinates":[100.64398625983273,13.746494351702685],"crs":null},"id":124,"type":"Feature","properties":{"pump_type":"-","utm_x":677750.023,"size_w":4,"year":"2563","accessibility":"บริเวณ ข้างซอยศรีนครินทร์ 9","motor_sz":"-","hy_lname":"คลองกะจะ","motor_num":"-","gate_name":"ประตูระบายน้ำคลองกะจะ (ตอนถนนศรีนครินทร์)","rt_total":0,"type":"ทั่วไป","sill_el":0,"utm_y":1520296.2216,"gate_code":"085","number":1,"crest_el":0,"rate":0,"gate_type":"ใช้สลิง ปิด-เปิด ในแนวดิ่ง","size_h":3.5,"brand":"-","fn_date":"-","owner":"อาคารบังคับน้ำ 2","surveillant_mobile":"-","objectid_1":124,"motor_total":0,"subdistrict_id":"100608","size":"0","fd_prevent_code":"09","district_t":"บางกะปิ","surveillant_name":"-","district_id":"1006","objectid":124}},{"geometry":{"type":"Point","coordinates":[100.52123467766741,13.777813686565104],"crs":null},"id":162,"type":"Feature","properties":{"pump_type":"-","utm_x":664453.1681,"size_w":0,"year":"2564","accessibility":"ถนน พระรามที่ ๕ ข้างสถานีตำรวจนครบาลดุสิต","motor_sz":"14","hy_lname":"คลองเปรมประชากร","motor_num":"2","gate_name":"ประตูระบายน้ำดุสิต","rt_total":0,"type":"ทั่วไป","sill_el":0,"utm_y":1523673.8525,"gate_code":"018","number":0,"crest_el":0,"rate":0,"gate_type":"-","size_h":0,"brand":"-","fn_date":"-","owner":"อาคารบังคับน้ำ 1","surveillant_mobile":"-","objectid_1":162,"motor_total":0.6,"subdistrict_id":"100201","size":"0.3","fd_prevent_code":"08","district_t":"ดุสิต","surveillant_name":"-","district_id":"1002","objectid":162}},{"geometry":{"type":"Point","coordinates":[100.50380373315743,13.747799366995741],"crs":null},"id":125,"type":"Feature","properties":{"pump_type":"-","utm_x":662589.1439,"size_w":0,"year":"2564","accessibility":"ถนน มหาไชย ข้างบริษัท เจริญกรุงวิทยุ จำกัด บริเวณสะพานหลอดวัดราชบพิธ","motor_sz":"14","hy_lname":"คลองหลอดวัดราชบพิธ","motor_num":"2","gate_name":"ประตูระบายน้ำวัดราชบพิธ","rt_total":0,"type":"ทั่วไป","sill_el":0,"utm_y":1520341.6088,"gate_code":"031","number":0,"crest_el":0,"rate":0,"gate_type":"-","size_h":0,"brand":"-","fn_date":"-","owner":"อาคารบังคับน้ำ 2","surveillant_mobile":"-","objectid_1":125,"motor_total":0.6,"subdistrict_id":"100104","size":"0.3","fd_prevent_code":"10","district_t":"พระนคร","surveillant_name":"-","district_id":"1001","objectid":125}},{"geometry":{"type":"Point","coordinates":[100.56922563980797,13.747902385956897],"crs":null},"id":126,"type":"Feature","properties":{"pump_type":"-","utm_x":669663.941,"size_w":6,"year":"2563","accessibility":"ถนน เพชรบุรีตัดใหม่ บริเวณข้างศาลเจ้าพ่อเจ้าแม่บางกะปิข้างสะพานข้ามคลองบางกะปิ","motor_sz":"-","hy_lname":"คลองบางกะปิ","motor_num":"-","gate_name":"ประตูระบายน้ำคลองบางกะปิ (ตอนถนนเพชรบุรี)","rt_total":0,"type":"ทั่วไป","sill_el":0,"utm_y":1520398.1055,"gate_code":"006","number":1,"crest_el":0,"rate":0,"gate_type":"ใช้สลิง ปิด-เปิด ในแนวดิ่ง","size_h":3.5,"brand":"-","fn_date":"-","owner":"อุโมงค์พระนคร","surveillant_mobile":"-","objectid_1":126,"motor_total":0,"subdistrict_id":"101702","size":"6","fd_prevent_code":"06","district_t":"ห้วยขวาง","surveillant_name":"-","district_id":"1017","objectid":126}},{"geometry":{"type":"Point","coordinates":[100.52422661737744,13.748905942451994],"crs":null},"id":127,"type":"Feature","properties":{"pump_type":"-","utm_x":664796.9254,"size_w":0,"year":"2564","accessibility":"ถนน บรรทัดทอง บริเวณข้างโลตัส พระราม 1","motor_sz":"28","hy_lname":"คลองนางหงษ์","motor_num":"2","gate_name":"ประตูระบายน้ำคลองสวนหลวง (ตอนคลองแสนแสบ)","rt_total":0,"type":"ทั่วไป","sill_el":0,"utm_y":1520477.8992,"gate_code":"075","number":0,"crest_el":0,"rate":0,"gate_type":"-","size_h":0,"brand":"-","fn_date":"-","owner":"อาคารบังคับน้ำ 2","surveillant_mobile":"-","objectid_1":127,"motor_total":2,"subdistrict_id":"100702","size":"1","fd_prevent_code":"12","district_t":"ปทุมวัน","surveillant_name":"-","district_id":"1007","objectid":127}},{"geometry":{"type":"Point","coordinates":[100.56962223503996,13.749132384497052],"crs":null},"id":128,"type":"Feature","properties":{"pump_type":"-","utm_x":669705.9441,"size_w":6,"year":"2563","accessibility":"ถนน กำแพงเพชร ๗ บริเวณข้างโรงเรียนวัดอุทัยธาราม","motor_sz":"3","hy_lname":"คลองบางกะปิ","motor_num":"2","gate_name":"ประตูระบายน้ำคลองบางกะปิ (ตอนวัดอุทัยทาราม)","rt_total":0,"type":"ทั่วไป","sill_el":0,"utm_y":1520534.4593,"gate_code":"005","number":1,"crest_el":0,"rate":0,"gate_type":"ใช้สลิง ปิด-เปิด ในแนวดิ่ง","size_h":3.5,"brand":"-","fn_date":"-","owner":"อุโมงค์พระนคร","surveillant_mobile":"-","objectid_1":128,"motor_total":6,"subdistrict_id":"101702","size":"0","fd_prevent_code":"06","district_t":"ห้วยขวาง","surveillant_name":"-","district_id":"1017","objectid":128}},{"geometry":{"type":"Point","coordinates":[100.56242641280609,13.752971767595042],"crs":null},"id":129,"type":"Feature","properties":{"pump_type":"-","utm_x":668925.0126,"size_w":0,"year":"2563","accessibility":"บริเวณด่านเก็บค่าผ่านทางพิเศษ ด่านอโศก 2 ฝั่งMRTมักกะสัน","motor_sz":"-","hy_lname":"-","motor_num":"-","gate_name":"ประตูระบายน้ำบึงมักกะสัน (ด้านทิศตะวันออก)","rt_total":0,"type":"ทั่วไป","sill_el":0,"utm_y":1520954.152,"gate_code":"022","number":0,"crest_el":0,"rate":0,"gate_type":"-","size_h":0,"brand":"-","fn_date":"-","owner":"อาคารบังคับน้ำ 1","surveillant_mobile":"-","objectid_1":129,"motor_total":0,"subdistrict_id":"103704","size":"0","fd_prevent_code":"06","district_t":"ราชเทวี","surveillant_name":"-","district_id":"1037","objectid":129}},{"geometry":{"type":"Point","coordinates":[100.50533839077686,13.753831017521833],"crs":null},"id":130,"type":"Feature","properties":{"pump_type":"-","utm_x":662750.9349,"size_w":0,"year":"2564","accessibility":"ข้างสวนสาธารณะป้อมมหากาฬ ข้างร้านน้ำอบนางลอย ถนน มหาไชย","motor_sz":"12","hy_lname":"คลอดหลอดวัดราชนัดดา","motor_num":"2","gate_name":"ประตูระบายน้ำวัดเทพธิดา","rt_total":0,"type":"ทั่วไป","sill_el":0,"utm_y":1521009.9074,"gate_code":"030","number":0,"crest_el":0,"rate":0,"gate_type":"-","size_h":0,"brand":"-","fn_date":"-","owner":"อาคารบังคับน้ำ 2","surveillant_mobile":"-","objectid_1":130,"motor_total":0.4,"subdistrict_id":"100107","size":"2","fd_prevent_code":"10","district_t":"พระนคร","surveillant_name":"-","district_id":"1001","objectid":130}},{"geometry":{"type":"Point","coordinates":[100.60716303833438,13.75421588418944],"crs":null},"id":131,"type":"Feature","properties":{"pump_type":"-","utm_x":673762.0059,"size_w":0,"year":"2563","accessibility":"หลังโรงแรม กระบี่เมอริไทม์","motor_sz":"-","hy_lname":"คลองพลับพลา","motor_num":"-","gate_name":"ประตูระบายน้ำคลองพลับพลา (ตอนคลองแสนแสบ)","rt_total":0,"type":"ทั่วไป","sill_el":0,"utm_y":1521123.6119,"gate_code":"026","number":0,"crest_el":0,"rate":0,"gate_type":"-","size_h":0,"brand":"-","fn_date":"-","owner":"อาคารบังคับน้ำ 1","surveillant_mobile":"-","objectid_1":131,"motor_total":0,"subdistrict_id":"104504","size":"0","fd_prevent_code":"04","district_t":"วังทองหลาง","surveillant_name":"-","district_id":"1045","objectid":131}},{"geometry":{"type":"Point","coordinates":[100.59896312297823,13.75657393236988],"crs":null},"id":132,"type":"Feature","properties":{"pump_type":"-","utm_x":672873.5162,"size_w":4.26,"year":"2564","accessibility":"ชุมชนพลับพลา ซอย 18 ข้างลานออกกำลังกายสนามกลางแจ้ง","motor_sz":"12","hy_lname":"ลำรางทางกระบือ","motor_num":"1","gate_name":"ประตูระบายน้ำคลองพลับ","rt_total":0,"type":"ทั่วไป","sill_el":0,"utm_y":1521378.5854,"gate_code":"077","number":1,"crest_el":0,"rate":0,"gate_type":"ใช้สลิง ปิด-เปิด ในแนวดิ่ง","size_h":3.3,"brand":"-","fn_date":"-","owner":"อาคารบังคับน้ำ 2","surveillant_mobile":"-","objectid_1":132,"motor_total":0.2,"subdistrict_id":"104504","size":"0.2","fd_prevent_code":"04","district_t":"วังทองหลาง","surveillant_name":"-","district_id":"1045","objectid":132}},{"geometry":{"type":"Point","coordinates":[100.51159248270893,13.761622185956089],"crs":null},"id":133,"type":"Feature","properties":{"pump_type":"-","utm_x":663421.8321,"size_w":0,"year":"2563","accessibility":"ถนน ลูกหลวง ข้างตึกบัญชาการ ทำเนียบรัฐบาล","motor_sz":"0.04","hy_lname":"คลองผดุงกรุงเกษม","motor_num":"1","gate_name":"ประตูระบายน้ำคูคลองข้างทำเนียบ","rt_total":0,"type":"ทั่วไป","sill_el":0,"utm_y":1521876.057,"gate_code":"034","number":0,"crest_el":0,"rate":0,"gate_type":"-","size_h":0,"brand":"-","fn_date":"-","owner":"อาคารบังคับน้ำ 2","surveillant_mobile":"-","objectid_1":133,"motor_total":0.04,"subdistrict_id":"100201","size":"0.04","fd_prevent_code":"08","district_t":"ดุสิต","surveillant_name":"-","district_id":"1002","objectid":133}},{"geometry":{"type":"Point","coordinates":[100.48403989208514,13.761964104855574],"crs":null},"id":134,"type":"Feature","properties":{"pump_type":"-","utm_x":660442.223,"size_w":0,"year":"2563","accessibility":"ข้างพิพิธภัณฑสถานแห่งชาติ เรือพระราชพิธี ถนน อรุณอมรินทร์","motor_sz":"-","hy_lname":"คลองขนมจีน","motor_num":"-","gate_name":"ประตูระบายน้ำคลองขนมจีน","rt_total":0,"type":"ทั่วไป","sill_el":0,"utm_y":1521895.35,"gate_code":"223","number":0,"crest_el":0,"rate":0,"gate_type":"-","size_h":0,"brand":"-","fn_date":"-","owner":"อาคารบังคับน้ำ ธนบุรี","surveillant_mobile":"-","objectid_1":134,"motor_total":0,"subdistrict_id":"102009","size":"0","fd_prevent_code":"29","district_t":"บางกอกน้อย","surveillant_name":"-","district_id":"1020","objectid":134}},{"geometry":{"type":"Point","coordinates":[100.48822202345097,13.762004497319106],"crs":null},"id":135,"type":"Feature","properties":{"pump_type":"-","utm_x":660894.4238,"size_w":0,"year":"2563","accessibility":"ซอย ดุสิตดาราม บริเวณสะพานข้ามคลองดุสิต ข้างอพาร์ตเมนต์ดี.เอส.เฮ้าส์","motor_sz":"-","hy_lname":"คลองบ้านขนมจีน","motor_num":"-","gate_name":"ประตูระบายน้ำคลองข้าง รร.วัดดุสิต (สถานีสูบน้ำคลองดุสิด)","rt_total":0,"type":"ทั่วไป","sill_el":0,"utm_y":1521902.6095,"gate_code":"224","number":0,"crest_el":0,"rate":0,"gate_type":"-","size_h":0,"brand":"-","fn_date":"-","owner":"อาคารบังคับน้ำ ธนบุรี","surveillant_mobile":"-","objectid_1":135,"motor_total":0,"subdistrict_id":"102009","size":"0","fd_prevent_code":"29","district_t":"บางกอกน้อย","surveillant_name":"-","district_id":"1020","objectid":135}},{"geometry":{"type":"Point","coordinates":[100.48232051111458,13.762011056639034],"crs":null},"id":136,"type":"Feature","properties":{"pump_type":"-","utm_x":660256.2686,"size_w":0,"year":"2563","accessibility":"ถนน อรุณอมรินทร์ ถนนหน้าบ้าน ภายในแผนกเรือราชพิธี บริเวณประตู2","motor_sz":"-","hy_lname":"-","motor_num":"-","gate_name":"ประตูระบายน้ำแผนกเรือราชพิธี","rt_total":0,"type":"ทั่วไป","sill_el":0,"utm_y":1521899.3989,"gate_code":"222","number":0,"crest_el":0,"rate":0,"gate_type":"-","size_h":0,"brand":"-","fn_date":"-","owner":"อาคารบังคับน้ำ ธนบุรี","surveillant_mobile":"-","objectid_1":136,"motor_total":0,"subdistrict_id":"102009","size":"0","fd_prevent_code":"29","district_t":"บางกอกน้อย","surveillant_name":"-","district_id":"1020","objectid":136}},{"geometry":{"type":"Point","coordinates":[100.48062861634428,13.762638791247943],"crs":null},"id":137,"type":"Feature","properties":{"pump_type":"-","utm_x":660072.8915,"size_w":0,"year":"2563","accessibility":"ซอย ริมคลองบางกอกน้อย บริเวณข้างร้านขายของชำนภา","motor_sz":"-","hy_lname":"คลองคราม","motor_num":"-","gate_name":"ประตูระบายน้ำคลองคราม","rt_total":0,"type":"ทั่วไป","sill_el":0,"utm_y":1521967.717,"gate_code":"221","number":0,"crest_el":0,"rate":0,"gate_type":"-","size_h":0,"brand":"-","fn_date":"-","owner":"อาคารบังคับน้ำ ธนบุรี","surveillant_mobile":"-","objectid_1":137,"motor_total":0,"subdistrict_id":"102009","size":"0","fd_prevent_code":"29","district_t":"บางกอกน้อย","surveillant_name":"-","district_id":"1020","objectid":137}},{"geometry":{"type":"Point","coordinates":[100.49053549057109,13.763913783359955],"crs":null},"id":138,"type":"Feature","properties":{"pump_type":"-","utm_x":661143.2798,"size_w":0,"year":"2563","accessibility":"ซอย จึงเจริญพาณิชย์ บริเวณหน้าโรงแรมรัตนโกสินทร์ วิว แมนชั่น","motor_sz":"0.20","hy_lname":"คลองเจ้าครุฑ","motor_num":"1","gate_name":"ประตูระบายน้ำคลองเจ้าครุฑ","rt_total":0,"type":"ทั่วไป","sill_el":0,"utm_y":1522115.3741,"gate_code":"225","number":0,"crest_el":0,"rate":0,"gate_type":"-","size_h":0,"brand":"-","fn_date":"-","owner":"อาคารบังคับน้ำ ธนบุรี","surveillant_mobile":"-","objectid_1":138,"motor_total":0.2,"subdistrict_id":"102504","size":"0.2","fd_prevent_code":"29","district_t":"บางพลัด","surveillant_name":"-","district_id":"1025","objectid":138}},{"geometry":{"type":"Point","coordinates":[100.47844029666932,13.763897750090322],"crs":null},"id":139,"type":"Feature","properties":{"pump_type":"-","utm_x":659835.407,"size_w":0,"year":"2563","accessibility":"ซอย ริมคลองบางกอกน้อย บริเวณพื้นที่โล่งริมสะพานทางเท้าติดกับป้ายชุมชน","motor_sz":"0.20","hy_lname":"คลองน้ำตาล","motor_num":"1","gate_name":"ประตูระบายน้ำคลองข้าง ส.คลองน้ำตาล (ชุมชนสันติสงเคราะห์)","rt_total":0,"type":"ทั่วไป","sill_el":0,"utm_y":1522105.5363,"gate_code":"220","number":0,"crest_el":0,"rate":0,"gate_type":"-","size_h":0,"brand":"-","fn_date":"-","owner":"อาคารบังคับน้ำ ธนบุรี","surveillant_mobile":"-","objectid_1":139,"motor_total":0.2,"subdistrict_id":"102009","size":"0.2","fd_prevent_code":"29","district_t":"บางกอกน้อย","surveillant_name":"-","district_id":"1020","objectid":139}},{"geometry":{"type":"Point","coordinates":[100.474680605415,13.765628817054585],"crs":null},"id":140,"type":"Feature","properties":{"pump_type":"-","utm_x":659427.6904,"size_w":0,"year":"2563","accessibility":"ซอยบางขุนนนท์ ข้างหลังวันเพ็ญ อพาร์ทเม้นท์","motor_sz":"-","hy_lname":"-","motor_num":"-","gate_name":"ประตูระบายน้ำคลองวัดใหม่ยายแป้น","rt_total":0,"type":"ทั่วไป","sill_el":0,"utm_y":1522294.5434,"gate_code":"191","number":0,"crest_el":0,"rate":0,"gate_type":"-","size_h":0,"brand":"-","fn_date":"-","owner":"อาคารบังคับน้ำ ธนบุรี","surveillant_mobile":"-","objectid_1":140,"motor_total":0,"subdistrict_id":"102006","size":"0","fd_prevent_code":"30","district_t":"บางกอกน้อย","surveillant_name":"-","district_id":"1020","objectid":140}},{"geometry":{"type":"Point","coordinates":[100.47630000054804,13.765600000464643],"crs":null},"id":141,"type":"Feature","properties":{"pump_type":"-","utm_x":659602.8173,"size_w":0,"year":"2563","accessibility":"บริเวณซอยเลียบสะพานบางกอกน้อย หน้าซอยมีบริษัทอาภารัตน์ขนส่ง","motor_sz":"0.20","hy_lname":"คลองพิณพาทย์","motor_num":"1","gate_name":"ประตูระบายน้ำคลองข้าง ส.คลองพิณพาทย์ (ชุมชนสันติสงเคราะห์)","rt_total":0,"type":"ทั่วไป","sill_el":0,"utm_y":1522292.4288,"gate_code":"219","number":0,"crest_el":0,"rate":0,"gate_type":"-","size_h":0,"brand":"-","fn_date":"-","owner":"อาคารบังคับน้ำ ธนบุรี","surveillant_mobile":"-","objectid_1":141,"motor_total":0.2,"subdistrict_id":"102009","size":"0.2","fd_prevent_code":"29","district_t":"บางกอกน้อย","surveillant_name":"-","district_id":"1020","objectid":141}},{"geometry":{"type":"Point","coordinates":[100.49296279872853,13.765772131547088],"crs":null},"id":142,"type":"Feature","properties":{"pump_type":"-","utm_x":661404.4766,"size_w":0,"year":"2563","accessibility":"ซอยชุมชนวัดดาวดึงษาราม ผ่านร้านก๋วยเตี๋ยวหลอด วัดดาวดึงษ์ตรงไปจนถึงหน้าซอยจะมีบ้านไม้สีเขียว","motor_sz":"0.25","hy_lname":"คลองวัดดาวดึงษาราม","motor_num":"1","gate_name":"ประตูระบายน้ำคลองวัดคฤหบดี","rt_total":0,"type":"ทั่วไป","sill_el":0,"utm_y":1522322.5828,"gate_code":"227","number":0,"crest_el":0,"rate":0,"gate_type":"-","size_h":0,"brand":"-","fn_date":"-","owner":"อาคารบังคับน้ำ ธนบุรี","surveillant_mobile":"-","objectid_1":142,"motor_total":0.25,"subdistrict_id":"102504","size":"0.25","fd_prevent_code":"29","district_t":"บางพลัด","surveillant_name":"-","district_id":"1025","objectid":142}},{"geometry":{"type":"Point","coordinates":[100.5074270972197,13.765852000798644],"crs":null},"id":143,"type":"Feature","properties":{"pump_type":"-","utm_x":662968.4798,"size_w":0,"year":"2563","accessibility":"ถนน ลูกหลวง บริเวณหน้าอาคารกลุ่มบริการที่พัก","motor_sz":"0.3","hy_lname":"คลองผดุงกรุงเกษม","motor_num":"2","gate_name":"ระบบส่งน้ำเข้าพระที่นั่งวิมานเมฆ","rt_total":0,"type":"ทั่วไป","sill_el":0,"utm_y":1522341.1655,"gate_code":"242","number":0,"crest_el":0,"rate":0,"gate_type":"-","size_h":0,"brand":"-","fn_date":"-","owner":"อาคารบังคับน้ำ 2","surveillant_mobile":"-","objectid_1":143,"motor_total":0.6,"subdistrict_id":"100201","size":"0.6","fd_prevent_code":"08","district_t":"ดุสิต","surveillant_name":"-","district_id":"1002","objectid":143}},{"geometry":{"type":"Point","coordinates":[100.47505844544976,13.766442311870051],"crs":null},"id":144,"type":"Feature","properties":{"pump_type":"-","utm_x":659467.9953,"size_w":0,"year":"2564","accessibility":"ถนน จรัญสนิทวงศ์ ภายในโรงเรียนศิษย์วัฒนา","motor_sz":"12","hy_lname":"-","motor_num":"2","gate_name":"ประตูระบายน้ำคลองต้นไทร","rt_total":0,"type":"ทั่วไป","sill_el":0,"utm_y":1522384.7871,"gate_code":"218","number":0,"crest_el":0,"rate":0,"gate_type":"-","size_h":0,"brand":"-","fn_date":"-","owner":"อาคารบังคับน้ำ ธนบุรี","surveillant_mobile":"-","objectid_1":144,"motor_total":0.4,"subdistrict_id":"102009","size":"0.2","fd_prevent_code":"29","district_t":"บางกอกน้อย","surveillant_name":"-","district_id":"1020","objectid":144}},{"geometry":{"type":"Point","coordinates":[100.47413952277383,13.767532889135111],"crs":null},"id":145,"type":"Feature","properties":{"pump_type":"-","utm_x":659367.8925,"size_w":0,"year":"2563","accessibility":"ซอย จรัญสนิทวงศ์ 41 ข้างทางเข้าสะพานทางเท้าจะมีร้านอาหารชื่อกุ๊กอาหารตามสั่ง","motor_sz":"0.25","hy_lname":"คลองมะนาว","motor_num":"1","gate_name":"ประตูระบายน้ำคลองมะนาว","rt_total":0,"type":"ทั่วไป","sill_el":0,"utm_y":1522504.8242,"gate_code":"217","number":0,"crest_el":0,"rate":0,"gate_type":"-","size_h":0,"brand":"-","fn_date":"-","owner":"อาคารบังคับน้ำ ธนบุรี","surveillant_mobile":"-","objectid_1":145,"motor_total":0.25,"subdistrict_id":"102009","size":"0.25","fd_prevent_code":"29","district_t":"บางกอกน้อย","surveillant_name":"-","district_id":"1020","objectid":145}},{"geometry":{"type":"Point","coordinates":[100.47367067958005,13.768553538312174],"crs":null},"id":146,"type":"Feature","properties":{"pump_type":"-","utm_x":659316.505,"size_w":0,"year":"2563","accessibility":"ซอย จรัญสนิทวงศ์ 41 บริเวณสะพานทางเท้าคลองน้ำดอกไม้","motor_sz":"-","hy_lname":"คลองน้ำดอกไม้","motor_num":"-","gate_name":"ประตูระบายน้ำคลองดอกไม้","rt_total":0,"type":"ทั่วไป","sill_el":0,"utm_y":1522617.4237,"gate_code":"216","number":0,"crest_el":0,"rate":0,"gate_type":"-","size_h":0,"brand":"-","fn_date":"-","owner":"อาคารบังคับน้ำ ธนบุรี","surveillant_mobile":"-","objectid_1":146,"motor_total":0,"subdistrict_id":"102009","size":"0.25","fd_prevent_code":"29","district_t":"บางกอกน้อย","surveillant_name":"-","district_id":"1020","objectid":146}},{"geometry":{"type":"Point","coordinates":[100.46970000011511,13.768900000157982],"crs":null},"id":147,"type":"Feature","properties":{"pump_type":"-","utm_x":658886.9221,"size_w":4,"year":"2564","accessibility":"บริเวณ สะพานข้ามคลองบางขุนนนท์ ฝั่งเดียวกับร้านอาหารจุ่มจุก","motor_sz":"12","hy_lname":"คลองบางขุนนนท์","motor_num":"1","gate_name":"ประตูระบายน้ำปากคลองบางขุนนนท์","rt_total":0,"type":"ทั่วไป","sill_el":0,"utm_y":1522653.1259,"gate_code":"193","number":1,"crest_el":0,"rate":0,"gate_type":"ใช้สลิง ปิด-เปิด ในแนวดิ่ง","size_h":4,"brand":"-","fn_date":"-","owner":"อาคารบังคับน้ำ ธนบุรี","surveillant_mobile":"-","objectid_1":147,"motor_total":0.3,"subdistrict_id":"102006","size":"0.3","fd_prevent_code":"30","district_t":"บางกอกน้อย","surveillant_name":"-","district_id":"1020","objectid":147}},{"geometry":{"type":"Point","coordinates":[100.47299751756702,13.769089638307943],"crs":null},"id":148,"type":"Feature","properties":{"pump_type":"-","utm_x":659243.3531,"size_w":0,"year":"2563","accessibility":"สุดซอยจรัญสนิทวงศ์ 41 แยก 7","motor_sz":"-","hy_lname":"คลองวัดปฐมบุตรอิศราราม","motor_num":"-","gate_name":"ประตูระบายน้ำคลองข้างพาณิชย์จรัล","rt_total":0,"type":"ทั่วไป","sill_el":0,"utm_y":1522676.2845,"gate_code":"215","number":0,"crest_el":0,"rate":0,"gate_type":"-","size_h":0,"brand":"-","fn_date":"-","owner":"อาคารบังคับน้ำ ธนบุรี","surveillant_mobile":"-","objectid_1":148,"motor_total":0,"subdistrict_id":"102009","size":"0","fd_prevent_code":"29","district_t":"บางกอกน้อย","surveillant_name":"-","district_id":"1020","objectid":148}},{"geometry":{"type":"Point","coordinates":[100.47244683680037,13.77185057018928],"crs":null},"id":150,"type":"Feature","properties":{"pump_type":"-","utm_x":659181.9394,"size_w":0,"year":"2563","accessibility":"ซอย จรัญสนิทวงศ์ 41 ซอยตรงข้ามคอนโดBuppasiri ที่มีประตูสังกะสีสีน้ำตาลปิดอยู่","motor_sz":"-","hy_lname":"คลองพริกป่น","motor_num":"-","gate_name":"ประตูระบายน้ำคลองพริกป่น","rt_total":0,"type":"ทั่วไป","sill_el":0,"utm_y":1522981.3498,"gate_code":"214","number":0,"crest_el":0,"rate":0,"gate_type":"-","size_h":0,"brand":"-","fn_date":"-","owner":"อาคารบังคับน้ำ ธนบุรี","surveillant_mobile":"-","objectid_1":150,"motor_total":0,"subdistrict_id":"102009","size":"0","fd_prevent_code":"29","district_t":"บางกอกน้อย","surveillant_name":"-","district_id":"1020","objectid":150}},{"geometry":{"type":"Point","coordinates":[100.89813571097903,13.770036843005457],"crs":null},"id":151,"type":"Feature","properties":{"pump_type":"-","utm_x":705216.8538,"size_w":4.3,"year":"2563","accessibility":"จากอู่ช่างบีนตรงไปถึงสามแยกที่มีบ้านสีฟ้าเลี้ยวขวาที่สามแยกตรงไปจนถึงสี่แยกบ่อปลาเลี้ยวซ้ายตรงไปสุด","motor_sz":"-","hy_lname":"คลองหลวงแพ่ง","motor_num":"-","gate_name":"ทำนบและประตูระบายน้ำคลองปากคลองลำต้อยติ่ง","rt_total":0,"type":"ทั่วไป","sill_el":0,"utm_y":1523103.0963,"gate_code":"100","number":1,"crest_el":0,"rate":0,"gate_type":"รอกมือสาว-แนวดิ่ง","size_h":3,"brand":"-","fn_date":"-","owner":"กลุ่มงานตะวันออก","surveillant_mobile":"-","objectid_1":151,"motor_total":0,"subdistrict_id":"100308","size":"0","fd_prevent_code":"-","district_t":"หนองจอก","surveillant_name":"-","district_id":"1003","objectid":151}},{"geometry":{"type":"Point","coordinates":[100.4965457760784,13.772636479489634],"crs":null},"id":152,"type":"Feature","properties":{"pump_type":"-","utm_x":661787.1895,"size_w":0,"year":"2563","accessibility":"บริเวณคลองหลังซอย จรัญสนิทวงศ์ 44 แยก 27 ","motor_sz":"0.20","hy_lname":"คลองวัดคฤหบดี","motor_num":"1","gate_name":"ประตูระบายน้ำคลองข้างวัดคฤหบดี","rt_total":0,"type":"ทั่วไป","sill_el":0,"utm_y":1523084.3682,"gate_code":"228","number":0,"crest_el":0,"rate":0,"gate_type":"-","size_h":0,"brand":"-","fn_date":"-","owner":"อาคารบังคับน้ำ ธนบุรี","surveillant_mobile":"-","objectid_1":152,"motor_total":0.2,"subdistrict_id":"102504","size":"0.2","fd_prevent_code":"29","district_t":"บางพลัด","surveillant_name":"-","district_id":"1025","objectid":152}},{"geometry":{"type":"Point","coordinates":[100.47003536985952,13.774882248203935],"crs":null},"id":153,"type":"Feature","properties":{"pump_type":"-","utm_x":658919.1425,"size_w":0,"year":"2564","accessibility":"สุดซอย ซอย วังวิวัฒน์","motor_sz":"8","hy_lname":"-","motor_num":"1","gate_name":"ประตูระบายน้ำคลองสวนมะม่วง","rt_total":0,"type":"ทั่วไป","sill_el":0,"utm_y":1523315.1364,"gate_code":"195","number":0,"crest_el":0,"rate":0,"gate_type":"-","size_h":0,"brand":"-","fn_date":"-","owner":"อาคารบังคับน้ำ ธนบุรี","surveillant_mobile":"-","objectid_1":153,"motor_total":0.08,"subdistrict_id":"102006","size":"0.08","fd_prevent_code":"30","district_t":"บางกอกน้อย","surveillant_name":"-","district_id":"1020","objectid":153}},{"geometry":{"type":"Point","coordinates":[100.47110844080993,13.774797531381244],"crs":null},"id":154,"type":"Feature","properties":{"pump_type":"-","utm_x":659035.2276,"size_w":0,"year":"2563","accessibility":"ซอย จรัญสนิทวงศ์ 45 บริเวณหลังวัดนายโรง","motor_sz":"-","hy_lname":"-","motor_num":"-","gate_name":"ประตูระบายน้ำคูน้ำข้างวัดนายโรง","rt_total":0,"type":"ทั่วไป","sill_el":0,"utm_y":1523306.4738,"gate_code":"212","number":0,"crest_el":0,"rate":0,"gate_type":"-","size_h":0,"brand":"-","fn_date":"-","owner":"อาคารบังคับน้ำ ธนบุรี","surveillant_mobile":"-","objectid_1":154,"motor_total":0,"subdistrict_id":"102009","size":"0","fd_prevent_code":"29","district_t":"บางกอกน้อย","surveillant_name":"-","district_id":"1020","objectid":154}},{"geometry":{"type":"Point","coordinates":[100.5025393200388,13.775026546015283],"crs":null},"id":155,"type":"Feature","properties":{"pump_type":"-","utm_x":662433.6151,"size_w":0,"year":"2564","accessibility":"ภายในโรงเรียนพระดาบส บริเวณท่าวาสุกรี","motor_sz":"14","hy_lname":"คลองท่าวาสุกรี","motor_num":"1","gate_name":"ประตูระบายน้ำท่าวาสุกรี","rt_total":0,"type":"ทั่วไป","sill_el":0,"utm_y":1523352.8129,"gate_code":"020","number":0,"crest_el":0,"rate":0,"gate_type":"-","size_h":0,"brand":"-","fn_date":"-","owner":"อาคารบังคับน้ำ 1","surveillant_mobile":"-","objectid_1":155,"motor_total":0.3,"subdistrict_id":"100202","size":"0.3","fd_prevent_code":"08","district_t":"ดุสิต","surveillant_name":"-","district_id":"1002","objectid":155}},{"geometry":{"type":"Point","coordinates":[100.4984072811575,13.775613855784993],"crs":null},"id":156,"type":"Feature","properties":{"pump_type":"-","utm_x":661986.4209,"size_w":0,"year":"2563","accessibility":"ซอย จรัญสนิทวงศ์ 46 บริเวณ หลังบริษัท ลีดเดอร์ ยูไนเต็ด เทรดดิ้ง จำกัด","motor_sz":"0.25","hy_lname":"คลองวัดบวรมงคล","motor_num":"1","gate_name":"ประตูระบายน้ำคลองวัดบวรมงคล","rt_total":0,"type":"ทั่วไป","sill_el":0,"utm_y":1523414.9984,"gate_code":"229","number":0,"crest_el":0,"rate":0,"gate_type":"-","size_h":0,"brand":"-","fn_date":"-","owner":"อาคารบังคับน้ำ ธนบุรี","surveillant_mobile":"-","objectid_1":156,"motor_total":0.25,"subdistrict_id":"102504","size":"0.25","fd_prevent_code":"29","district_t":"บางพลัด","surveillant_name":"-","district_id":"1025","objectid":156}},{"geometry":{"type":"Point","coordinates":[100.47070898810371,13.776433163469761],"crs":null},"id":157,"type":"Feature","properties":{"pump_type":"-","utm_x":658990.9298,"size_w":0,"year":"2563","accessibility":"ซอย จรัญสนิทวงศ์ 45 ภายในโรงแรมวอเตอร์ไซด์","motor_sz":"0.20","hy_lname":"-","motor_num":"1","gate_name":"ประตูระบายน้ำบริเวณข้างหมู่บ้านพันธุ์ศักดิ์","rt_total":0,"type":"ทั่วไป","sill_el":0,"utm_y":1523487.1524,"gate_code":"211","number":0,"crest_el":0,"rate":0,"gate_type":"-","size_h":0,"brand":"-","fn_date":"-","owner":"อาคารบังคับน้ำ ธนบุรี","surveillant_mobile":"-","objectid_1":157,"motor_total":0.2,"subdistrict_id":"102009","size":"0.2","fd_prevent_code":"29","district_t":"บางกอกน้อย","surveillant_name":"-","district_id":"1020","objectid":157}},{"geometry":{"type":"Point","coordinates":[100.46972550817817,13.776709413883479],"crs":null},"id":158,"type":"Feature","properties":{"pump_type":"-","utm_x":658884.4032,"size_w":4,"year":"2563","accessibility":"ซอยบางขุนนนท์ 20 ภายในวัดภาวนาภิรตาราม บริเวณลานจอดรถ","motor_sz":"0.25","hy_lname":"คลองวัดใหม่ภาวนา","motor_num":"1","gate_name":"ประตูระบายน้ำคลองวัดใหม่ภาวนา (ปากคลอง)","rt_total":0,"type":"ทั่วไป","sill_el":0,"utm_y":1523517.0628,"gate_code":"194","number":1,"crest_el":0,"rate":0,"gate_type":"ใช้สลิง ปิด-เปิด ในแนวดิ่ง","size_h":4,"brand":"-","fn_date":"-","owner":"อาคารบังคับน้ำ ธนบุรี","surveillant_mobile":"-","objectid_1":158,"motor_total":0.25,"subdistrict_id":"102006","size":"0.25","fd_prevent_code":"30","district_t":"บางกอกน้อย","surveillant_name":"-","district_id":"1020","objectid":158}},{"geometry":{"type":"Point","coordinates":[100.50260563977234,13.776563611702068],"crs":null},"id":159,"type":"Feature","properties":{"pump_type":"-","utm_x":662439.724,"size_w":0,"year":"2563","accessibility":"ซอย สามเสน 9 หลังวัดราชาธิวาสวิหาร บริเวณท่าน้ำวัดราชาธิวาส","motor_sz":"0.5","hy_lname":"คลองวัดราชาธิวาส","motor_num":"2","gate_name":"ประตูระบายน้ำวัดราชาธิวาส","rt_total":0,"type":"ทั่วไป","sill_el":0,"utm_y":1523522.8986,"gate_code":"023","number":0,"crest_el":0,"rate":0,"gate_type":"-","size_h":0,"brand":"-","fn_date":"-","owner":"อาคารบังคับน้ำ 1","surveillant_mobile":"-","objectid_1":159,"motor_total":1,"subdistrict_id":"100202","size":"1","fd_prevent_code":"08","district_t":"ดุสิต","surveillant_name":"-","district_id":"1002","objectid":159}},{"geometry":{"type":"Point","coordinates":[100.65241159573648,13.77687887692581],"crs":null},"id":160,"type":"Feature","properties":{"pump_type":"-","utm_x":678638.138,"size_w":0,"year":"2563","accessibility":"ถนนศรีบูรพา บริเวณสะพานข้ามคลองลำพังพวย ข้างลานกีฬาพัฒน์","motor_sz":"-","hy_lname":"คลองลำพังพวย","motor_num":"-","gate_name":"ประตูระบายน้ำคลองลำพังพวย (ตอนเชื่อมบึงลำพังพวย)","rt_total":0,"type":"ทั่วไป","sill_el":0,"utm_y":1523664.0122,"gate_code":"027","number":0,"crest_el":0,"rate":0,"gate_type":"-","size_h":0,"brand":"-","fn_date":"-","owner":"อาคารบังคับน้ำ 1","surveillant_mobile":"-","objectid_1":160,"motor_total":0,"subdistrict_id":"100601","size":"0","fd_prevent_code":"04","district_t":"บางกะปิ","surveillant_name":"-","district_id":"1006","objectid":160}},{"geometry":{"type":"Point","coordinates":[100.34402717523164,13.77881406737827],"crs":null},"id":161,"type":"Feature","properties":{"pump_type":"-","utm_x":645292.1783,"size_w":4.25,"year":"2563","accessibility":"ซอย บรมราชชนนี 121 ข้างโรงเรียนตั้งพิรุฬห์ธรรม","motor_sz":"-","hy_lname":"คลองศรีศุภผล","motor_num":"-","gate_name":"ประตูระบายน้ำคลองสวัสดิ์","rt_total":0,"type":"ทั่วไป","sill_el":0,"utm_y":1523670.392,"gate_code":"206","number":1,"crest_el":0,"rate":0,"gate_type":"ใช้สลิง ปิด-เปิด ในแนวดิ่ง","size_h":4.1,"brand":"-","fn_date":"-","owner":"อาคารบังคับน้ำ ธนบุรี","surveillant_mobile":"-","objectid_1":161,"motor_total":0,"subdistrict_id":"104801","size":"0","fd_prevent_code":"33","district_t":"ทวีวัฒนา","surveillant_name":"-","district_id":"1048","objectid":161}},{"geometry":{"type":"Point","coordinates":[100.47034800987622,13.778464262389454],"crs":null},"id":163,"type":"Feature","properties":{"pump_type":"-","utm_x":658945.5565,"size_w":0,"year":"2563","accessibility":"ถนน รุ่งประชา หลังหมู่บ้านพันธ์ศักด์ วิลล่า บริเวณริมคลอง","motor_sz":"-","hy_lname":"คลองวัดพิกุล","motor_num":"-","gate_name":"ประตูระบายน้ำบริเวณข้างคลองพิกุล","rt_total":0,"type":"ทั่วไป","sill_el":0,"utm_y":1523706.7692,"gate_code":"210","number":0,"crest_el":0,"rate":0,"gate_type":"-","size_h":0,"brand":"-","fn_date":"-","owner":"อาคารบังคับน้ำ ธนบุรี","surveillant_mobile":"-","objectid_1":163,"motor_total":0,"subdistrict_id":"102009","size":"0","fd_prevent_code":"29","district_t":"บางกอกน้อย","surveillant_name":"-","district_id":"1020","objectid":163}},{"geometry":{"type":"Point","coordinates":[100.46647871937668,13.778666498606626],"crs":null},"id":164,"type":"Feature","properties":{"pump_type":"-","utm_x":658532.0212,"size_w":4,"year":"2564","accessibility":"ซอยกิตติชัย หลังบริษัท อะมอร์นี่ ไอ.เอ็ม. จำกัด","motor_sz":"12","hy_lname":"คลองวัดเจ้าอาม","motor_num":"1","gate_name":"ประตูระบายน้ำคลองวัดเจ้าอาม","rt_total":0,"type":"ทั่วไป","sill_el":0,"utm_y":1523731.4234,"gate_code":"196","number":1,"crest_el":0,"rate":0,"gate_type":"ใช้สลิง ปิด-เปิด ในแนวดิ่ง","size_h":4,"brand":"-","fn_date":"-","owner":"อาคารบังคับน้ำ ธนบุรี","surveillant_mobile":"-","objectid_1":164,"motor_total":0.2,"subdistrict_id":"102006","size":"0.2","fd_prevent_code":"30","district_t":"บางกอกน้อย","surveillant_name":"-","district_id":"1020","objectid":164}},{"geometry":{"type":"Point","coordinates":[100.4990206206514,13.778661625279627],"crs":null},"id":165,"type":"Feature","properties":{"pump_type":"-","utm_x":662050.6387,"size_w":0,"year":"2563","accessibility":"ซอย ราชวิถี 21 บริเวณข้างร้านSafehouse no.9 ติดคลอง","motor_sz":"-","hy_lname":"คลองบางจาก","motor_num":"-","gate_name":"ประตูระบายน้ำคลองข้างวัดภคคิณี","rt_total":0,"type":"ทั่วไป","sill_el":0,"utm_y":1523752.5766,"gate_code":"230","number":0,"crest_el":0,"rate":0,"gate_type":"-","size_h":0,"brand":"-","fn_date":"-","owner":"อาคารบังคับน้ำ ธนบุรี","surveillant_mobile":"-","objectid_1":165,"motor_total":0,"subdistrict_id":"102504","size":"0","fd_prevent_code":"29","district_t":"บางพลัด","surveillant_name":"-","district_id":"1025","objectid":165}},{"geometry":{"type":"Point","coordinates":[100.46932137518569,13.779148808664079],"crs":null},"id":166,"type":"Feature","properties":{"pump_type":"-","utm_x":658839.0574,"size_w":0,"year":"2563","accessibility":"ถนน บรมราชชนนี บริเวณร้านJelly Bunny","motor_sz":"-","hy_lname":"-","motor_num":"-","gate_name":"ประตูระบายน้ำคลองตราชู","rt_total":0,"type":"ทั่วไป","sill_el":0,"utm_y":1523786.6551,"gate_code":"213","number":0,"crest_el":0,"rate":0,"gate_type":"-","size_h":0,"brand":"-","fn_date":"-","owner":"อาคารบังคับน้ำ ธนบุรี","surveillant_mobile":"-","objectid_1":166,"motor_total":0,"subdistrict_id":"102009","size":"0","fd_prevent_code":"29","district_t":"บางกอกน้อย","surveillant_name":"-","district_id":"1020","objectid":166}},{"geometry":{"type":"Point","coordinates":[100.51410816262263,13.779551609966816],"crs":null},"id":167,"type":"Feature","properties":{"pump_type":"-","utm_x":663681.3849,"size_w":0,"year":"2564","accessibility":"ถนน สุโขทัย บริเวณข้างที่พักข้าราชบริพารในพระองค์ (แฟลตโซดา)","motor_sz":"16","hy_lname":"คลองรางเงิน (เม่งเส็ง)","motor_num":"2","gate_name":"ประตูระบายน้ำคลองเม่งเส็ง (ติดคลองสามเสน)","rt_total":0,"type":"ทั่วไป","sill_el":0,"utm_y":1523861.2524,"gate_code":"032","number":0,"crest_el":0,"rate":0,"gate_type":"-","size_h":0,"brand":"-","fn_date":"-","owner":"อาคารบังคับน้ำ 2","surveillant_mobile":"-","objectid_1":167,"motor_total":0.7,"subdistrict_id":"100201","size":"0.35","fd_prevent_code":"08","district_t":"ดุสิต","surveillant_name":"-","district_id":"1002","objectid":167}},{"geometry":{"type":"Point","coordinates":[100.33872377185757,13.781840760470885],"crs":null},"id":168,"type":"Feature","properties":{"pump_type":"-","utm_x":644716.9121,"size_w":0,"year":"2563","accessibility":"ถนน คลองทวีวัฒนา ภายในวังทวีวัฒนา","motor_sz":"-","hy_lname":"-","motor_num":"-","gate_name":"ประตูระบายน้ำวังทวีวัฒนา","rt_total":0,"type":"ทั่วไป","sill_el":0,"utm_y":1524002.0069,"gate_code":"207","number":0,"crest_el":0,"rate":0,"gate_type":"-","size_h":0,"brand":"-","fn_date":"-","owner":"อาคารบังคับน้ำ ธนบุรี","surveillant_mobile":"-","objectid_1":168,"motor_total":0,"subdistrict_id":"104802","size":"0","fd_prevent_code":"33","district_t":"ทวีวัฒนา","surveillant_name":"-","district_id":"1048","objectid":168}},{"geometry":{"type":"Point","coordinates":[100.46652262051485,13.780357337997222],"crs":null},"id":169,"type":"Feature","properties":{"pump_type":"-","utm_x":658535.6274,"size_w":0,"year":"2563","accessibility":"ซอย ชัยพฤกษ์ 2 บริเวณหลังแฟล็ตสยามรัฐริมคลองบางกอกน้อย","motor_sz":"0.50","hy_lname":"คลองทับทิม","motor_num":"1","gate_name":"ประตูระบายน้ำศาลเจ้าแม่ทับทิม","rt_total":0,"type":"ทั่วไป","sill_el":0,"utm_y":1523918.5021,"gate_code":"197","number":0,"crest_el":0,"rate":0,"gate_type":"-","size_h":0,"brand":"-","fn_date":"-","owner":"อาคารบังคับน้ำ ธนบุรี","surveillant_mobile":"-","objectid_1":169,"motor_total":0.5,"subdistrict_id":"101901","size":"0.5","fd_prevent_code":"32","district_t":"ตลิ่งชัน","surveillant_name":"-","district_id":"1019","objectid":169}},{"geometry":{"type":"Point","coordinates":[100.46731816209235,13.781135525282656],"crs":null},"id":170,"type":"Feature","properties":{"pump_type":"-","utm_x":658621.1194,"size_w":0,"year":"2563","accessibility":"ซอย ทรงเจริญ บริเวณข้างโรงเรียนวัดสุวรรณคีรี","motor_sz":"0.50","hy_lname":"-","motor_num":"1","gate_name":"ประตูระบายน้ำคลองวัดสุวรรณคีรี","rt_total":0,"type":"ทั่วไป","sill_el":0,"utm_y":1524005.1141,"gate_code":"209","number":0,"crest_el":0,"rate":0,"gate_type":"-","size_h":0,"brand":"-","fn_date":"-","owner":"อาคารบังคับน้ำ ธนบุรี","surveillant_mobile":"-","objectid_1":170,"motor_total":0.5,"subdistrict_id":"102009","size":"0.5","fd_prevent_code":"29","district_t":"บางกอกน้อย","surveillant_name":"-","district_id":"1020","objectid":170}},{"geometry":{"type":"Point","coordinates":[100.51474541689306,13.780960946920745],"crs":null},"id":171,"type":"Feature","properties":{"pump_type":"-","utm_x":663749.307,"size_w":0,"year":"2563","accessibility":"ซอย สุพรรณ บริเวณข้างร้านอาหารร้านเล็ก & จอน","motor_sz":"-","hy_lname":"คลองรางเงิน (เม่งเส็ง)","motor_num":"-","gate_name":"ประตูระบายน้ำคลองรางเงิน (หลังสวนอัมพร)","rt_total":0,"type":"ทั่วไป","sill_el":0,"utm_y":1524017.5978,"gate_code":"033","number":0,"crest_el":0,"rate":0,"gate_type":"-","size_h":0,"brand":"-","fn_date":"-","owner":"อาคารบังคับน้ำ 2","surveillant_mobile":"-","objectid_1":171,"motor_total":0,"subdistrict_id":"100201","size":"0","fd_prevent_code":"08","district_t":"ดุสิต","surveillant_name":"-","district_id":"1002","objectid":171}},{"geometry":{"type":"Point","coordinates":[100.500573755295,13.781281927854206],"crs":null},"id":172,"type":"Feature","properties":{"pump_type":"-","utm_x":662216.7648,"size_w":0,"year":"2563","accessibility":"ซอย ราชวิถี 21 แยก 3 บริเวณซอย-hk'ร้าน ThaiinArt","motor_sz":"0.20","hy_lname":"คูน้ำต้นซอยราชวิถี 21","motor_num":"1","gate_name":"ประตูระบายน้ำคลองข้างโรงแรมริเวอร์ไซด์ (K6/2)","rt_total":0,"type":"ทั่วไป","sill_el":0,"utm_y":1524043.4998,"gate_code":"231","number":0,"crest_el":0,"rate":0,"gate_type":"-","size_h":0,"brand":"-","fn_date":"-","owner":"อาคารบังคับน้ำ ธนบุรี","surveillant_mobile":"-","objectid_1":172,"motor_total":0.2,"subdistrict_id":"102504","size":"0.2","fd_prevent_code":"29","district_t":"บางพลัด","surveillant_name":"-","district_id":"1025","objectid":172}},{"geometry":{"type":"Point","coordinates":[100.467563238947,13.781667335066725],"crs":null},"id":173,"type":"Feature","properties":{"pump_type":"-","utm_x":658647.259,"size_w":0,"year":"2563","accessibility":"ซอย ทรงเจริญ ข้างคอนโดปิ่นเกล้าริเวอร์พาร์ควิว","motor_sz":"-","hy_lname":"-","motor_num":"-","gate_name":"ประตูระบายน้ำคูข้างวัดศรีสุดาราม","rt_total":0,"type":"ทั่วไป","sill_el":0,"utm_y":1524064.1075,"gate_code":"192","number":0,"crest_el":0,"rate":0,"gate_type":"-","size_h":0,"brand":"-","fn_date":"-","owner":"อาคารบังคับน้ำ ธนบุรี","surveillant_mobile":"-","objectid_1":173,"motor_total":0,"subdistrict_id":"102009","size":"0","fd_prevent_code":"29","district_t":"บางกอกน้อย","surveillant_name":"-","district_id":"1020","objectid":173}},{"geometry":{"type":"Point","coordinates":[100.46701576504046,13.78322456930515],"crs":null},"id":174,"type":"Feature","properties":{"pump_type":"-","utm_x":658587.0131,"size_w":0,"year":"2563","accessibility":"ถนนบรมราชชนนี บริเวณหลังเพรสซิเด้นท์ คอนโดทาวน์ ","motor_sz":"0.50","hy_lname":"คลองน้ำอ้อย","motor_num":"1","gate_name":"ประตูระบายน้ำข้างเพลสซิเด้นท์คอนโดทาวน์","rt_total":0,"type":"ทั่วไป","sill_el":0,"utm_y":1524236.016,"gate_code":"208","number":0,"crest_el":0,"rate":0,"gate_type":"-","size_h":0,"brand":"-","fn_date":"-","owner":"อาคารบังคับน้ำ ธนบุรี","surveillant_mobile":"-","objectid_1":174,"motor_total":0.5,"subdistrict_id":"102009","size":"0.5","fd_prevent_code":"29","district_t":"บางกอกน้อย","surveillant_name":"-","district_id":"1020","objectid":174}},{"geometry":{"type":"Point","coordinates":[100.50005222997082,13.783061485330341],"crs":null},"id":175,"type":"Feature","properties":{"pump_type":"-","utm_x":662159.1466,"size_w":0,"year":"2564","accessibility":"ถนน เจ้าพระยาสยาม บริเวณข้างโรงแรมThe Royal River Hotel","motor_sz":"14","hy_lname":"คลองซอยเทพนิมิตร","motor_num":"2","gate_name":"ประตูระบายน้ำคลองข้างโรงแรมรอยัลริเวอร์ (K6/1)","rt_total":0,"type":"ทั่วไป","sill_el":0,"utm_y":1524240.0149,"gate_code":"232","number":0,"crest_el":0,"rate":0,"gate_type":"-","size_h":0,"brand":"-","fn_date":"-","owner":"อาคารบังคับน้ำ ธนบุรี","surveillant_mobile":"-","objectid_1":175,"motor_total":0.6,"subdistrict_id":"102501","size":"0.3","fd_prevent_code":"29","district_t":"บางพลัด","surveillant_name":"-","district_id":"1025","objectid":175}},{"geometry":{"type":"Point","coordinates":[100.50188772735036,13.783899894143007],"crs":null},"id":176,"type":"Feature","properties":{"pump_type":"-","utm_x":662357.0293,"size_w":0,"year":"2563","accessibility":"ซอย จรัญสนิทวงศ์ 68 บริเวณหลังสนามเด็กเล่นวัดเทพนารี","motor_sz":"(0.18,0.16)","hy_lname":"-","motor_num":"(1,1)","gate_name":"ประตูระบายน้ำคลองวัดเทพนารี","rt_total":0,"type":"ทั่วไป","sill_el":0,"utm_y":1524334.0045,"gate_code":"234","number":0,"crest_el":0,"rate":0,"gate_type":"-","size_h":0,"brand":"-","fn_date":"-","owner":"อาคารบังคับน้ำ ธนบุรี","surveillant_mobile":"-","objectid_1":176,"motor_total":0.34,"subdistrict_id":"102501","size":"0.34","fd_prevent_code":"29","district_t":"บางพลัด","surveillant_name":"-","district_id":"1025","objectid":176}},{"geometry":{"type":"Point","coordinates":[100.65015148357107,13.784260113506969],"crs":null},"id":177,"type":"Feature","properties":{"pump_type":"-","utm_x":678388.1386,"size_w":0,"year":"2563","accessibility":"สุดซอย นวมินทร์ 22","motor_sz":"-","hy_lname":"ลำรางแยกคลองพังพวย ตอน 1","motor_num":"-","gate_name":"ประตูระบายน้ำลำรางสาธารณะ (ตอนบึงลำพังพวย นวมินทร์ 22)","rt_total":0,"type":"ทั่วไป","sill_el":0,"utm_y":1524478.9501,"gate_code":"029","number":0,"crest_el":0,"rate":0,"gate_type":"-","size_h":0,"brand":"-","fn_date":"-","owner":"อาคารบังคับน้ำ 1","surveillant_mobile":"-","objectid_1":177,"motor_total":0,"subdistrict_id":"102701","size":"0","fd_prevent_code":"24","district_t":"บึงกุ่ม","surveillant_name":"-","district_id":"1027","objectid":177}},{"geometry":{"type":"Point","coordinates":[100.65015148357107,13.784260113506969],"crs":null},"id":178,"type":"Feature","properties":{"pump_type":"-","utm_x":678388.1386,"size_w":0,"year":"2563","accessibility":"สุดซอย นวมินทร์ 22","motor_sz":"-","hy_lname":"ลำรางแยกคลองพังพวย ตอน 1","motor_num":"-","gate_name":"ประตูระบายน้ำลำรางสาธารณะ (ตอนบึงกุ่ม)","rt_total":0,"type":"ทั่วไป","sill_el":0,"utm_y":1524478.9501,"gate_code":"088","number":0,"crest_el":0,"rate":0,"gate_type":"-","size_h":0,"brand":"-","fn_date":"-","owner":"กลุ่มงานตะวันออก","surveillant_mobile":"-","objectid_1":178,"motor_total":0,"subdistrict_id":"102701","size":"0","fd_prevent_code":"24","district_t":"บึงกุ่ม","surveillant_name":"-","district_id":"1027","objectid":178}},{"geometry":{"type":"Point","coordinates":[100.64814441105749,13.78465231500087],"crs":null},"id":179,"type":"Feature","properties":{"pump_type":"-","utm_x":678170.8149,"size_w":4,"year":"2563","accessibility":"ถนน นวมินทร์ ข้างร้านThe Show บริเวณสะพานข้ามคลองลำพังพวย","motor_sz":"-","hy_lname":"ลำรางแยกคลองพังพวย ตอน 1","motor_num":"-","gate_name":"ประตูระบายน้ำบึงลำพังพวย (ตอนถนนนวมินทร์)","rt_total":0,"type":"ทั่วไป","sill_el":0,"utm_y":1524520.8521,"gate_code":"028","number":2,"crest_el":0,"rate":0,"gate_type":"ใช้รอกโซ่ ปิด-เปิด แนวดิ่ง","size_h":3.1,"brand":"-","fn_date":"-","owner":"อาคารบังคับน้ำ 1","surveillant_mobile":"-","objectid_1":179,"motor_total":0,"subdistrict_id":"102701","size":"0","fd_prevent_code":"24","district_t":"บึงกุ่ม","surveillant_name":"-","district_id":"1027","objectid":179}},{"geometry":{"type":"Point","coordinates":[100.66171434227441,13.784552072232971],"crs":null},"id":180,"type":"Feature","properties":{"pump_type":"-","utm_x":679638.2195,"size_w":0,"year":"2563","accessibility":"ซอยศรีนครพัฒนา บริเวณหลัง บริษัทไทยพาราโพลี","motor_sz":"-","hy_lname":"คลองบางเตย","motor_num":"-","gate_name":"ประตูระบายน้ำลำรางสาธารณะ (ตอนบึงกุ่ม นวมินทร์ 24)","rt_total":0,"type":"ทั่วไป","sill_el":0,"utm_y":1524519.8632,"gate_code":"091","number":0,"crest_el":0,"rate":0,"gate_type":"-","size_h":0,"brand":"-","fn_date":"-","owner":"กลุ่มงานตะวันออก","surveillant_mobile":"-","objectid_1":180,"motor_total":0,"subdistrict_id":"102701","size":"0","fd_prevent_code":"24","district_t":"บึงกุ่ม","surveillant_name":"-","district_id":"1027","objectid":180}},{"geometry":{"type":"Point","coordinates":[100.50341353548977,13.78703584665867],"crs":null},"id":181,"type":"Feature","properties":{"pump_type":"-","utm_x":662519.8363,"size_w":0,"year":"2563","accessibility":"ซอย จรัญสนิทวงศ์ 68 บริเวณท่าเรือด่วนวัดเทพากร","motor_sz":"-","hy_lname":"-","motor_num":"-","gate_name":"ประตูระบายน้ำบริเวณบางกอกมารีน่าคอนโดและชุมชนข้างวัดเทพากร","rt_total":0,"type":"ทั่วไป","sill_el":0,"utm_y":1524681.9569,"gate_code":"235","number":0,"crest_el":0,"rate":0,"gate_type":"-","size_h":0,"brand":"-","fn_date":"-","owner":"อาคารบังคับน้ำ ธนบุรี","surveillant_mobile":"-","objectid_1":181,"motor_total":0,"subdistrict_id":"102501","size":"0","fd_prevent_code":"29","district_t":"บางพลัด","surveillant_name":"-","district_id":"1025","objectid":181}},{"geometry":{"type":"Point","coordinates":[100.50569745166624,13.788349502485191],"crs":null},"id":182,"type":"Feature","properties":{"pump_type":"-","utm_x":662765.8692,"size_w":0,"year":"2563","accessibility":"ซอย จรัญสนิทวงศ์ 72 บริเวณหลังคอนโดมายรีสอร์ท แอท ริเวอร์","motor_sz":"-","hy_lname":"คูน้ำซอยจรัญฯ 70/3","motor_num":"-","gate_name":"ประตูระบายน้ำคลอง K5/1","rt_total":0,"type":"ทั่วไป","sill_el":0,"utm_y":1524828.8287,"gate_code":"233","number":0,"crest_el":0,"rate":0,"gate_type":"-","size_h":0,"brand":"-","fn_date":"-","owner":"อาคารบังคับน้ำ ธนบุรี","surveillant_mobile":"-","objectid_1":182,"motor_total":0,"subdistrict_id":"102501","size":"0","fd_prevent_code":"29","district_t":"บางพลัด","surveillant_name":"-","district_id":"1025","objectid":182}},{"geometry":{"type":"Point","coordinates":[100.90728490463452,13.786524029307085],"crs":null},"id":183,"type":"Feature","properties":{"pump_type":"-","utm_x":706191.8754,"size_w":0,"year":"2563","accessibility":"ถนน สุวินทวงศ์ บริเวณอู่ช่างหนึ่ง เอ็นจิ้นช๊อป ใกล้กับสะพานไม้ข้ามคลอง","motor_sz":"-","hy_lname":"คลองหลวงแพ่ง","motor_num":"-","gate_name":"ทำนบและประตูระบายน้ำคลองสอง","rt_total":0,"type":"ทั่วไป","sill_el":0,"utm_y":1524935.1906,"gate_code":"099","number":0,"crest_el":0,"rate":0,"gate_type":"-","size_h":0,"brand":"-","fn_date":"-","owner":"กลุ่มงานตะวันออก","surveillant_mobile":"-","objectid_1":183,"motor_total":0,"subdistrict_id":"100308","size":"0","fd_prevent_code":"-","district_t":"หนองจอก","surveillant_name":"-","district_id":"1003","objectid":183}},{"geometry":{"type":"Point","coordinates":[100.46833026391465,13.79359907442727],"crs":null},"id":184,"type":"Feature","properties":{"pump_type":"-","utm_x":658722.129,"size_w":0,"year":"2563","accessibility":"ซอยวัดน้อยใน บริเวณสะพานทางเท้าหลังวัดน้อยใน เดินไปทางซ้ายจนสุดทาง ข้างๆร้านเจ๊อรส้มตำ","motor_sz":"0.50","hy_lname":"คลองยายวาด","motor_num":"1","gate_name":"ประตูระบายน้ำคลองยายวาด","rt_total":0,"type":"ทั่วไป","sill_el":0,"utm_y":1525384.5688,"gate_code":"198","number":0,"crest_el":0,"rate":0,"gate_type":"-","size_h":0,"brand":"-","fn_date":"-","owner":"อาคารบังคับน้ำ ธนบุรี","surveillant_mobile":"-","objectid_1":184,"motor_total":0.5,"subdistrict_id":"101902","size":"0.5","fd_prevent_code":"32","district_t":"ตลิ่งชัน","surveillant_name":"-","district_id":"1019","objectid":184}},{"geometry":{"type":"Point","coordinates":[100.58931154045898,13.79433644639468],"crs":null},"id":185,"type":"Feature","properties":{"pump_type":"-","utm_x":671802.1846,"size_w":4,"year":"2563","accessibility":"สุดซอย ลาดพร้าว 56","motor_sz":"-","hy_lname":"คลองลาดพร้าว","motor_num":"-","gate_name":"ประตูระบายน้ำลาดพร้าว 56","rt_total":0,"type":"ทั่วไป","sill_el":0,"utm_y":1525549.3825,"gate_code":"007","number":1,"crest_el":0,"rate":0,"gate_type":"ใช้สลิง ปิด-เปิด ในแนวดิ่ง","size_h":6.3,"brand":"-","fn_date":"-","owner":"อุโมงค์พระนคร","surveillant_mobile":"-","objectid_1":185,"motor_total":0,"subdistrict_id":"104501","size":"0","fd_prevent_code":"04","district_t":"วังทองหลาง","surveillant_name":"-","district_id":"1045","objectid":185}},{"geometry":{"type":"Point","coordinates":[100.66769999981298,13.79459999971673],"crs":null},"id":186,"type":"Feature","properties":{"pump_type":"-","utm_x":680277.7421,"size_w":0,"year":"2563","accessibility":"ซอย นวมินทร์ 42 แยก 27 หลังหมู่บ้านGolden-town 2 ลาดพร้าว เกษตรนวมินทร์","motor_sz":"-","hy_lname":"ลำรางนาป่า","motor_num":"-","gate_name":"ประตูระบายน้ำคลองลำรางสาธารณะ (หมู่บ้านเอื้ออาทร)","rt_total":0,"type":"ทั่วไป","sill_el":0,"utm_y":1525635.9972,"gate_code":"087","number":0,"crest_el":0,"rate":0,"gate_type":"-","size_h":0,"brand":"-","fn_date":"-","owner":"กลุ่มงานตะวันออก","surveillant_mobile":"-","objectid_1":186,"motor_total":0,"subdistrict_id":"102701","size":"0","fd_prevent_code":"24","district_t":"บึงกุ่ม","surveillant_name":"-","district_id":"1027","objectid":186}},{"geometry":{"type":"Point","coordinates":[100.46247875554506,13.796627033305803],"crs":null},"id":187,"type":"Feature","properties":{"pump_type":"-","utm_x":658087.4363,"size_w":0,"year":"2564","accessibility":"ซอย ชัยพฤกษ์ 33 แยก 5 ภายในหมู่บ้านชัยพฤกษ์ทาวน์เฮ้าส์ บริเวณร้านป้าม่วยอาหารตามสั่ง","motor_sz":"16","hy_lname":"คลองผู้ใหญ่น่วม","motor_num":"1","gate_name":"ประตูระบายน้ำคลองผู้ใหญ่น่วม (ตอนคลองมหาสวัสดิ์)","rt_total":0,"type":"ทั่วไป","sill_el":0,"utm_y":1525715.679,"gate_code":"199","number":0,"crest_el":0,"rate":0,"gate_type":"-","size_h":0,"brand":"-","fn_date":"-","owner":"อาคารบังคับน้ำ ธนบุรี","surveillant_mobile":"-","objectid_1":187,"motor_total":0.35,"subdistrict_id":"101902","size":"0.35","fd_prevent_code":"32","district_t":"ตลิ่งชัน","surveillant_name":"-","district_id":"1019","objectid":187}},{"geometry":{"type":"Point","coordinates":[100.56694244206118,13.796584073141293],"crs":null},"id":188,"type":"Feature","properties":{"pump_type":"-","utm_x":669381.9549,"size_w":0,"year":"2564","accessibility":"ข้างซอย วิภาวดีรังสิต 16/12","motor_sz":"48,28,6","hy_lname":"คลองพญาเวิก","motor_num":"2,1,1","gate_name":"ประตูระบายน้ำคลองพญาเวิก (ตอนซอยโชคชัยร่วมมิตร)","rt_total":0,"type":"ทั่วไป","sill_el":0,"utm_y":1525782.1496,"gate_code":"015","number":0,"crest_el":0,"rate":0,"gate_type":"-","size_h":0,"brand":"-","fn_date":"-","owner":"อาคารบังคับน้ำ 1","surveillant_mobile":"-","objectid_1":188,"motor_total":1.65,"subdistrict_id":"102602","size":"3,1,0.05","fd_prevent_code":"03","district_t":"ดินแดง","surveillant_name":"-","district_id":"1026","objectid":188}},{"geometry":{"type":"Point","coordinates":[100.51275122593401,13.796814130947512],"crs":null},"id":189,"type":"Feature","properties":{"pump_type":"-","utm_x":663522.6441,"size_w":0,"year":"2563","accessibility":"ซอย จรัญสนิทวงศ์ 88 บริเวณข้างทวิมุข แบดมินตัน","motor_sz":"-","hy_lname":"คลองมอญ","motor_num":"-","gate_name":"ประตูระบายน้ำคลองมอญ","rt_total":0,"type":"ทั่วไป","sill_el":0,"utm_y":1525770.0391,"gate_code":"236","number":0,"crest_el":0,"rate":0,"gate_type":"-","size_h":0,"brand":"-","fn_date":"-","owner":"อาคารบังคับน้ำ ธนบุรี","surveillant_mobile":"-","objectid_1":189,"motor_total":0,"subdistrict_id":"102502","size":"0","fd_prevent_code":"29","district_t":"บางพลัด","surveillant_name":"-","district_id":"1025","objectid":189}},{"geometry":{"type":"Point","coordinates":[100.53206343046948,13.797721154207988],"crs":null},"id":190,"type":"Feature","properties":{"pump_type":"-","utm_x":665610.021,"size_w":4.1,"year":"2563","accessibility":"ถนน เตชะวณิช บริเวณสะพานอาทรธุราวุธ ข้างสนามแบดมินตันสรรพาวุธ","motor_sz":"-","hy_lname":"คลองเปรมประชากร","motor_num":"-","gate_name":"ประตูระบายน้ำสรรพาวุธ","rt_total":0,"type":"ทั่วไป","sill_el":0,"utm_y":1525883.6159,"gate_code":"024","number":1,"crest_el":0,"rate":0,"gate_type":"ใช้แกนเพลา ปิด-เปิด บานแนวดิ่ง","size_h":4,"brand":"-","fn_date":"-","owner":"อาคารบังคับน้ำ 1","surveillant_mobile":"-","objectid_1":190,"motor_total":0,"subdistrict_id":"100206","size":"0","fd_prevent_code":"07","district_t":"ดุสิต","surveillant_name":"-","district_id":"1002","objectid":190}},{"geometry":{"type":"Point","coordinates":[100.70452754769188,13.797302796856819],"crs":null},"id":191,"type":"Feature","properties":{"pump_type":"-","utm_x":684257.701,"size_w":6,"year":"2563","accessibility":"ซอย นิคมฯบางชัน 2/3 หลังบริษัทโตโยอิ๊งค์","motor_sz":"-","hy_lname":"คลองแสนแสบ","motor_num":"-","gate_name":"ประตูระบายน้ำบางชัน (ตอนคลองแสนแสบ)","rt_total":0,"type":"ทั่วไป","sill_el":0,"utm_y":1525962.9764,"gate_code":"116","number":1,"crest_el":0,"rate":0,"gate_type":"ใช้สลิง ปิด-เปิด ในแนวดิ่ง","size_h":6,"brand":"-","fn_date":"-","owner":"กลุ่มงานตะวันออก","surveillant_mobile":"-","objectid_1":191,"motor_total":0,"subdistrict_id":"104301","size":"0","fd_prevent_code":"24","district_t":"คันนายาว","surveillant_name":"-","district_id":"1043","objectid":191}},{"geometry":{"type":"Point","coordinates":[100.41608633789667,13.799728180562672],"crs":null},"id":192,"type":"Feature","properties":{"pump_type":"-","utm_x":653069.6739,"size_w":4,"year":"2564","accessibility":"ทางพิเศษศรีรัช - วงแหวนรอบนอ ถนนหน้าบ้าน บริเวณร้านMr.POTS","motor_sz":"40","hy_lname":"คลองบัว","motor_num":"2","gate_name":"ประตูระบายน้ำคลองบัว  (ตอนทางรถไฟสายใต้)","rt_total":0,"type":"ทั่วไป","sill_el":0,"utm_y":1526028.6847,"gate_code":"200","number":1,"crest_el":0,"rate":0,"gate_type":"ใช้สลิง ปิด-เปิด ในแนวดิ่ง","size_h":4.5,"brand":"-","fn_date":"-","owner":"อาคารบังคับน้ำ ธนบุรี","surveillant_mobile":"-","objectid_1":192,"motor_total":4,"subdistrict_id":"101903","size":"2","fd_prevent_code":"33","district_t":"ตลิ่งชัน","surveillant_name":"-","district_id":"1019","objectid":192}},{"geometry":{"type":"Point","coordinates":[100.32967662809376,13.800434462087898],"crs":null},"id":193,"type":"Feature","properties":{"pump_type":"-","utm_x":643727.3718,"size_w":6,"year":"2563","accessibility":"ซอย ศาลาธรรมสพน์ ข้างร้านอาหารสายลม สายน้ำ บริเวณสะพานข้ามคลองทวีวัฒนา","motor_sz":"-","hy_lname":"คลองทวีวัฒนา","motor_num":"-","gate_name":"ประตูระบายน้ำคลองทวีวัฒนา","rt_total":0,"type":"ทั่วไป","sill_el":0,"utm_y":1526053.4099,"gate_code":"205","number":1,"crest_el":0,"rate":0,"gate_type":"ใช้สลิง ปิด-เปิด ในแนวดิ่ง","size_h":5,"brand":"-","fn_date":"-","owner":"อาคารบังคับน้ำ ธนบุรี","surveillant_mobile":"-","objectid_1":193,"motor_total":0,"subdistrict_id":"104802","size":"0","fd_prevent_code":"33","district_t":"ทวีวัฒนา","surveillant_name":"-","district_id":"1048","objectid":193}},{"geometry":{"type":"Point","coordinates":[100.53333278341387,13.800112376720651],"crs":null},"id":194,"type":"Feature","properties":{"pump_type":"-","utm_x":665745.5733,"size_w":4.1,"year":"2563","accessibility":"ถนน เตชะวณิช บริเวณสะพานเปรมประชา","motor_sz":"-","hy_lname":"คลองเปรมประชากร","motor_num":"-","gate_name":"ประตูระบายน้ำหน้าตลาดบางซื่อ","rt_total":0,"type":"ทั่วไป","sill_el":0,"utm_y":1526149.0292,"gate_code":"019","number":1,"crest_el":0,"rate":0,"gate_type":"ใช้แกนเพลา ปิด-เปิด บานแนวดิ่ง","size_h":4,"brand":"-","fn_date":"-","owner":"อาคารบังคับน้ำ 1","surveillant_mobile":"-","objectid_1":194,"motor_total":0,"subdistrict_id":"102901","size":"0","fd_prevent_code":"03","district_t":"บางซื่อ","surveillant_name":"-","district_id":"1029","objectid":194}},{"geometry":{"type":"Point","coordinates":[100.40420000052984,13.801299999672665],"crs":null},"id":195,"type":"Feature","properties":{"pump_type":"-","utm_x":651783.5913,"size_w":6,"year":"2563","accessibility":"พุทธมณฑลสาย ๒ ซอย 36 ผ่านชุมชนริมทางรถไฟสายใต้-ตะวันตก ข้ามรางรถไฟแล้วตรงไปสุดทาง","motor_sz":"-","hy_lname":"คลองโพธิ์","motor_num":"-","gate_name":"ประตูระบายน้ำคลองโพธิ์ (ริมคลองมหาสวัสดิ์)","rt_total":0,"type":"ทั่วไป","sill_el":0,"utm_y":1526195.0182,"gate_code":"201","number":1,"crest_el":0,"rate":0,"gate_type":"ใช้สลิง ปิด-เปิด ในแนวดิ่ง","size_h":4.5,"brand":"-","fn_date":"-","owner":"อาคารบังคับน้ำ ธนบุรี","surveillant_mobile":"-","objectid_1":195,"motor_total":0,"subdistrict_id":"104802","size":"0","fd_prevent_code":"33","district_t":"ทวีวัฒนา","surveillant_name":"-","district_id":"1048","objectid":195}},{"geometry":{"type":"Point","coordinates":[100.9222513139472,13.79803027060246],"crs":null},"id":196,"type":"Feature","properties":{"pump_type":"-","utm_x":707800.2099,"size_w":0,"year":"2563","accessibility":"สุดซอยสุวินทวงศ์ 110","motor_sz":"-","hy_lname":"คลองหลวงแพ่ง","motor_num":"-","gate_name":"ทำนบและประตูระบายน้ำคลองหนึ่ง","rt_total":0,"type":"ทั่วไป","sill_el":0,"utm_y":1526221.2361,"gate_code":"098","number":0,"crest_el":0,"rate":0,"gate_type":"-","size_h":0,"brand":"-","fn_date":"-","owner":"กลุ่มงานตะวันออก","surveillant_mobile":"-","objectid_1":196,"motor_total":0,"subdistrict_id":"100301","size":"0","fd_prevent_code":"-","district_t":"หนองจอก","surveillant_name":"-","district_id":"1003","objectid":196}},{"geometry":{"type":"Point","coordinates":[100.7447623136223,13.799563381562477],"crs":null},"id":197,"type":"Feature","properties":{"pump_type":"-","utm_x":688606.4073,"size_w":6,"year":"2563","accessibility":"ซอยร่มเกล้า 3 ตรงข้ามบ้านพักเจ้าหน้าที่","motor_sz":"-","hy_lname":"คลองลำบึงขวาง","motor_num":"-","gate_name":"ประตูระบายน้ำคลองลำบึงขวาง","rt_total":0,"type":"ทั่วไป","sill_el":0,"utm_y":1526244.3257,"gate_code":"103","number":1,"crest_el":0,"rate":0,"gate_type":"ใช้กว้านสลิง ปิด-เปิด บานแนวดิ่ง","size_h":6,"brand":"-","fn_date":"-","owner":"กลุ่มงานตะวันออก","surveillant_mobile":"-","objectid_1":197,"motor_total":0,"subdistrict_id":"101002","size":"0","fd_prevent_code":"26","district_t":"มีนบุรี","surveillant_name":"-","district_id":"1010","objectid":197}},{"geometry":{"type":"Point","coordinates":[100.3802592995489,13.802041773191519],"crs":null},"id":198,"type":"Feature","properties":{"pump_type":"-","utm_x":649194.8571,"size_w":4,"year":"2563","accessibility":"ซอยศาลาธรรมสพน์ 26ตรงไปสุดซอยเลี้ยวซ้ายข้ามรางรถไฟแล้วตรงไปตามสะพานทางเท้าจนสุดซอย","motor_sz":"-","hy_lname":"คลองควาย","motor_num":"-","gate_name":"ประตูระบายน้ำคลองควาย (ริมคลองมหาสวัสดิ์)","rt_total":0,"type":"ทั่วไป","sill_el":0,"utm_y":1526262.0683,"gate_code":"202","number":1,"crest_el":0,"rate":0,"gate_type":"ใช้สลิง ปิด-เปิด ในแนวดิ่ง","size_h":4.5,"brand":"-","fn_date":"-","owner":"อาคารบังคับน้ำ ธนบุรี","surveillant_mobile":"-","objectid_1":198,"motor_total":0,"subdistrict_id":"104802","size":"0","fd_prevent_code":"33","district_t":"ทวีวัฒนา","surveillant_name":"-","district_id":"1048","objectid":198}},{"geometry":{"type":"Point","coordinates":[100.51697355688337,13.813921070644154],"crs":null},"id":212,"type":"Feature","properties":{"pump_type":"-","utm_x":663967.1976,"size_w":6,"year":"2563","accessibility":"ถนน ประชาราษฎร์ สาย 1  ข้างโรงเรียนวัดสร้อยทอง","motor_sz":"1","hy_lname":"คลองซุง","motor_num":"2","gate_name":"ประตูระบายน้ำคลองซุง","rt_total":0,"type":"ทั่วไป","sill_el":0,"utm_y":1527665.4224,"gate_code":"012","number":1,"crest_el":0,"rate":0,"gate_type":"ใช้กว้านสลิง ปิด-เปิด บานแนวดิ่ง","size_h":5.5,"brand":"-","fn_date":"-","owner":"อาคารบังคับน้ำ 1","surveillant_mobile":"-","objectid_1":212,"motor_total":2,"subdistrict_id":"102901","size":"2","fd_prevent_code":"22","district_t":"บางซื่อ","surveillant_name":"-","district_id":"1029","objectid":212}},{"geometry":{"type":"Point","coordinates":[100.3485294399503,13.802931702274432],"crs":null},"id":199,"type":"Feature","properties":{"pump_type":"-","utm_x":645763.9915,"size_w":4,"year":"2563","accessibility":"ซอย วัดปุรณาวาส ถ้าหันหน้าเข้าวัดเลี้ยวไปทางขวา ตรงไปตามทางจนสุดซอย","motor_sz":"-","hy_lname":"คลองซอย","motor_num":"-","gate_name":"ประตูระบายน้ำคลองซอย (ริมคลองมหาสวัสดิ์)","rt_total":0,"type":"ทั่วไป","sill_el":0,"utm_y":1526341.0212,"gate_code":"204","number":1,"crest_el":0,"rate":0,"gate_type":"ใช้สลิง ปิด-เปิด ในแนวดิ่ง","size_h":4.5,"brand":"-","fn_date":"-","owner":"อาคารบังคับน้ำ ธนบุรี","surveillant_mobile":"-","objectid_1":199,"motor_total":0,"subdistrict_id":"104802","size":"0","fd_prevent_code":"33","district_t":"ทวีวัฒนา","surveillant_name":"-","district_id":"1048","objectid":199}},{"geometry":{"type":"Point","coordinates":[100.37072297740195,13.802484512005305],"crs":null},"id":200,"type":"Feature","properties":{"pump_type":"-","utm_x":648161.803,"size_w":4,"year":"2563","accessibility":"สถานีรถไฟศาลาธรรมสพน์ บริเวณหลังสถานีติดคลอง","motor_sz":"-","hy_lname":"คลองบางคูเวียง","motor_num":"-","gate_name":"ประตูระบายน้ำคลองขุนศรีบุรีรักษ์ (ริมคลองมหาสวัสดิ์)","rt_total":0,"type":"ทั่วไป","sill_el":0,"utm_y":1526302.3872,"gate_code":"203","number":1,"crest_el":0,"rate":0,"gate_type":"ใช้สลิง ปิด-เปิด ในแนวดิ่ง","size_h":4.5,"brand":"-","fn_date":"-","owner":"อาคารบังคับน้ำ ธนบุรี","surveillant_mobile":"-","objectid_1":200,"motor_total":0,"subdistrict_id":"104802","size":"0","fd_prevent_code":"33","district_t":"ทวีวัฒนา","surveillant_name":"-","district_id":"1048","objectid":200}},{"geometry":{"type":"Point","coordinates":[100.58482143190417,13.80280285104677],"crs":null},"id":201,"type":"Feature","properties":{"pump_type":"-","utm_x":671310.5191,"size_w":0,"year":"2564","accessibility":"ซอย ลาดพร้าว 41 ตรงข้ามร้านป้ายโฆษณา เอ้อิงค์เจ็ท","motor_sz":"48,28","hy_lname":"คลองน้ำแก้ว","motor_num":"2,1","gate_name":"ประตูระบายน้ำคลองบางน้ำแก้ว (ตอนซอยลาดพร้าว 41)","rt_total":0,"type":"ทั่วไป","sill_el":0,"utm_y":1526482.8218,"gate_code":"014","number":0,"crest_el":0,"rate":0,"gate_type":"-","size_h":0,"brand":"-","fn_date":"-","owner":"อาคารบังคับน้ำ 1","surveillant_mobile":"-","objectid_1":201,"motor_total":7,"subdistrict_id":"101704","size":"3,1","fd_prevent_code":"03","district_t":"ห้วยขวาง","surveillant_name":"-","district_id":"1017","objectid":201}},{"geometry":{"type":"Point","coordinates":[100.51580071237895,13.803863503330934],"crs":null},"id":202,"type":"Feature","properties":{"pump_type":"-","utm_x":663847.4279,"size_w":0,"year":"2563","accessibility":"บริเวณสะพานทางเท้าหลังซอย จรัญสนิทวงศ์ 94/1","motor_sz":"-","hy_lname":"คลองสวนแดน 2","motor_num":"-","gate_name":"ประตูระบายน้ำคลอง K 3","rt_total":0,"type":"ทั่วไป","sill_el":0,"utm_y":1526551.974,"gate_code":"237","number":0,"crest_el":0,"rate":0,"gate_type":"-","size_h":0,"brand":"-","fn_date":"-","owner":"อาคารบังคับน้ำ ธนบุรี","surveillant_mobile":"-","objectid_1":202,"motor_total":0,"subdistrict_id":"102502","size":"0","fd_prevent_code":"29","district_t":"บางพลัด","surveillant_name":"-","district_id":"1025","objectid":202}},{"geometry":{"type":"Point","coordinates":[100.70013967643548,13.802687768232788],"crs":null},"id":203,"type":"Feature","properties":{"pump_type":"-","utm_x":683779.034,"size_w":0,"year":"2563","accessibility":"ซอยเสรีไทย 83 บริเวณทางเข้าซอยซอยเสรีไทย 83 แยก9","motor_sz":"-","hy_lname":"คลองหลอแหล","motor_num":"-","gate_name":"ประตูระบายน้ำคลองหลอแหล 2","rt_total":0,"type":"ทั่วไป","sill_el":0,"utm_y":1526555.3889,"gate_code":"115","number":0,"crest_el":0,"rate":0,"gate_type":"-","size_h":0,"brand":"-","fn_date":"-","owner":"กลุ่มงานตะวันออก","surveillant_mobile":"-","objectid_1":203,"motor_total":0,"subdistrict_id":"104301","size":"0","fd_prevent_code":"24","district_t":"คันนายาว","surveillant_name":"-","district_id":"1043","objectid":203}},{"geometry":{"type":"Point","coordinates":[100.69169129814553,13.803265825363129],"crs":null},"id":204,"type":"Feature","properties":{"pump_type":"-","utm_x":682865.1064,"size_w":0,"year":"2563","accessibility":"ถนน สวนสยาม บริเวณข้างสวนสยาม พาร์ค","motor_sz":"-","hy_lname":"คลองบ้านเกาะ","motor_num":"-","gate_name":"ประตูระบายน้ำบางชัน (ตอนสวนสยาม)","rt_total":0,"type":"ทั่วไป","sill_el":0,"utm_y":1526612.8903,"gate_code":"117","number":0,"crest_el":0,"rate":0,"gate_type":"-","size_h":0,"brand":"-","fn_date":"-","owner":"กลุ่มงานตะวันออก","surveillant_mobile":"-","objectid_1":204,"motor_total":0,"subdistrict_id":"104301","size":"0","fd_prevent_code":"24","district_t":"คันนายาว","surveillant_name":"-","district_id":"1043","objectid":204}},{"geometry":{"type":"Point","coordinates":[100.51589094042106,13.804842747254446],"crs":null},"id":205,"type":"Feature","properties":{"pump_type":"-","utm_x":663856.4989,"size_w":0,"year":"2563","accessibility":"หลังซอย โพธิสัตว์ ผ่านร้านร้านฝั่งเทอว์ผับ บริเวณริมคลองติดกับแม่น้ำ","motor_sz":"-","hy_lname":"คลองเตย","motor_num":"-","gate_name":"ประตูระบายน้ำคลองเตย","rt_total":0,"type":"ทั่วไป","sill_el":0,"utm_y":1526660.3672,"gate_code":"238","number":0,"crest_el":0,"rate":0,"gate_type":"-","size_h":0,"brand":"-","fn_date":"-","owner":"อาคารบังคับน้ำ ธนบุรี","surveillant_mobile":"-","objectid_1":205,"motor_total":0,"subdistrict_id":"102502","size":"0","fd_prevent_code":"29","district_t":"บางพลัด","surveillant_name":"-","district_id":"1025","objectid":205}},{"geometry":{"type":"Point","coordinates":[100.7001655574797,13.804484987104878],"crs":null},"id":206,"type":"Feature","properties":{"pump_type":"-","utm_x":683780.4242,"size_w":0,"year":"2563","accessibility":"เข้าซอย เสรีไทย 83 แยก 11 สุดซอยเลี้ยวขวาไปทางสะพานทางเท้า","motor_sz":"-","hy_lname":"ลำรางแยกคลองบ้านเกาะ","motor_num":"-","gate_name":"ประตูระบายน้ำคลองหลอแหล 1","rt_total":0,"type":"ทั่วไป","sill_el":0,"utm_y":1526754.2471,"gate_code":"114","number":0,"crest_el":0,"rate":0,"gate_type":"-","size_h":0,"brand":"-","fn_date":"-","owner":"กลุ่มงานตะวันออก","surveillant_mobile":"-","objectid_1":206,"motor_total":0,"subdistrict_id":"104301","size":"0","fd_prevent_code":"24","district_t":"คันนายาว","surveillant_name":"-","district_id":"1043","objectid":206}},{"geometry":{"type":"Point","coordinates":[100.66639360673517,13.804978690693003],"crs":null},"id":207,"type":"Feature","properties":{"pump_type":"-","utm_x":680128.5178,"size_w":0,"year":"2563","accessibility":"หลังซอย 81 หมู่บ้านสหกรณ์คลองกุ่ม","motor_sz":"-","hy_lname":"คลองกุ่ม","motor_num":"-","gate_name":"ประตูระบายน้ำคลองหนองแขม","rt_total":0,"type":"ทั่วไป","sill_el":0,"utm_y":1526783.2631,"gate_code":"086","number":0,"crest_el":0,"rate":0,"gate_type":"-","size_h":0,"brand":"-","fn_date":"-","owner":"กลุ่มงานตะวันออก","surveillant_mobile":"-","objectid_1":207,"motor_total":0,"subdistrict_id":"102701","size":"0","fd_prevent_code":"24","district_t":"บึงกุ่ม","surveillant_name":"-","district_id":"1027","objectid":207}},{"geometry":{"type":"Point","coordinates":[100.51588978600904,13.806810753961237],"crs":null},"id":208,"type":"Feature","properties":{"pump_type":"-","utm_x":663854.9992,"size_w":0,"year":"2564","accessibility":"ซอย จรัญสนิทวงศ์ 96/1 ข้างร้านเอี่ยมวัฒนา","motor_sz":"0.25","hy_lname":"คลองสวนแดน","motor_num":"1","gate_name":"ประตูระบายน้ำสวนแดน","rt_total":0,"type":"ทั่วไป","sill_el":0,"utm_y":1526878.0827,"gate_code":"239","number":0,"crest_el":0,"rate":0,"gate_type":"-","size_h":0,"brand":"-","fn_date":"-","owner":"อาคารบังคับน้ำ ธนบุรี","surveillant_mobile":"-","objectid_1":208,"motor_total":0,"subdistrict_id":"102502","size":"0.25","fd_prevent_code":"29","district_t":"บางพลัด","surveillant_name":"-","district_id":"1025","objectid":208}},{"geometry":{"type":"Point","coordinates":[100.70117398178724,13.805827325883875],"crs":null},"id":209,"type":"Feature","properties":{"pump_type":"-","utm_x":683888.4065,"size_w":0,"year":"2563","accessibility":"สะพานทางเท้า ซอย หม่อมเจ้าสง่างามสุประดิษฐ์ 2","motor_sz":"-","hy_lname":"คลองบางชัน","motor_num":"-","gate_name":"ประตูระบายน้ำบึงตาเกตุ","rt_total":0,"type":"ทั่วไป","sill_el":0,"utm_y":1526903.5316,"gate_code":"118","number":0,"crest_el":0,"rate":0,"gate_type":"-","size_h":0,"brand":"-","fn_date":"-","owner":"กลุ่มงานตะวันออก","surveillant_mobile":"-","objectid_1":209,"motor_total":0,"subdistrict_id":"101001","size":"0","fd_prevent_code":"24","district_t":"มีนบุรี","surveillant_name":"-","district_id":"1010","objectid":209}},{"geometry":{"type":"Point","coordinates":[100.5159922796596,13.808178354738041],"crs":null},"id":210,"type":"Feature","properties":{"pump_type":"-","utm_x":663865.1246,"size_w":0,"year":"2563","accessibility":"สุดซอย จรัญสนิทวงศ์ 96/2 แยก 10 หน้าซอยมีโกดัง","motor_sz":"0.20","hy_lname":"คลองตาเพชร","motor_num":"1","gate_name":"ประตูระบายน้ำคลองตาเพชร","rt_total":0,"type":"ทั่วไป","sill_el":0,"utm_y":1527029.4474,"gate_code":"240","number":0,"crest_el":0,"rate":0,"gate_type":"-","size_h":0,"brand":"-","fn_date":"-","owner":"อาคารบังคับน้ำ ธนบุรี","surveillant_mobile":"-","objectid_1":210,"motor_total":0.2,"subdistrict_id":"102502","size":"0.2","fd_prevent_code":"29","district_t":"บางพลัด","surveillant_name":"-","district_id":"1025","objectid":210}},{"geometry":{"type":"Point","coordinates":[100.51870387978306,13.809832263570101],"crs":null},"id":211,"type":"Feature","properties":{"pump_type":"-","utm_x":664157.1275,"size_w":0,"year":"2564","accessibility":"ถนน ประชาราษฎร์ สาย 1 บริเวณสะพานทางเท้าข้างร้าน บจก.อุดมไม้ไทย 1991 ตรงไปสุดทาง","motor_sz":"14","hy_lname":"คลองบางโพขวาง","motor_num":"1","gate_name":"ประตูระบายน้ำบางโพขวาง","rt_total":0,"type":"ทั่วไป","sill_el":0,"utm_y":1527214.2694,"gate_code":"021","number":0,"crest_el":0,"rate":0,"gate_type":"-","size_h":0,"brand":"-","fn_date":"-","owner":"อาคารบังคับน้ำ 1","surveillant_mobile":"-","objectid_1":211,"motor_total":0.3,"subdistrict_id":"102901","size":"0.3","fd_prevent_code":"22","district_t":"บางซื่อ","surveillant_name":"-","district_id":"1029","objectid":211}},{"geometry":{"type":"Point","coordinates":[100.66235528728846,13.814031911523529],"crs":null},"id":213,"type":"Feature","properties":{"pump_type":"-","utm_x":679684.9485,"size_w":0,"year":"2563","accessibility":"หมู่บ้านกลางเมืองเกษตร-นวมินทร์ ซอยนวมินทร์ 70 แยก 11-2 หลังร้านหิวยำ","motor_sz":"-","hy_lname":"คลองหนองแขม","motor_num":"-","gate_name":"ประตูระบายน้ำคลองบวบขม (ตอนคลองลำชะล่า)","rt_total":0,"type":"ทั่วไป","sill_el":0,"utm_y":1527781.8374,"gate_code":"089","number":0,"crest_el":0,"rate":0,"gate_type":"-","size_h":0,"brand":"-","fn_date":"-","owner":"กลุ่มงานตะวันออก","surveillant_mobile":"-","objectid_1":213,"motor_total":0,"subdistrict_id":"102701","size":"0","fd_prevent_code":"24","district_t":"บึงกุ่ม","surveillant_name":"-","district_id":"1027","objectid":213}},{"geometry":{"type":"Point","coordinates":[100.87189236815412,13.815824927543426],"crs":null},"id":214,"type":"Feature","properties":{"pump_type":"-","utm_x":702339.1722,"size_w":4,"year":"2563","accessibility":"ซอย อยู่วิทยา หลังร้านส้มตำซอย4","motor_sz":"-","hy_lname":"คลองสอง","motor_num":"-","gate_name":"ประตูระบายน้ำคลองสองลำปลาทิว","rt_total":0,"type":"ทั่วไป","sill_el":0,"utm_y":1528147.1237,"gate_code":"106","number":1,"crest_el":0,"rate":0,"gate_type":"ใช้กว้านสลิง ปิด-เปิด บานแนวดิ่ง","size_h":4,"brand":"-","fn_date":"-","owner":"กลุ่มงานตะวันออก","surveillant_mobile":"-","objectid_1":214,"motor_total":0,"subdistrict_id":"100308","size":"0","fd_prevent_code":"-","district_t":"หนองจอก","surveillant_name":"-","district_id":"1003","objectid":214}},{"geometry":{"type":"Point","coordinates":[100.74737966718928,13.820963419607294],"crs":null},"id":215,"type":"Feature","properties":{"pump_type":"-","utm_x":688872.1757,"size_w":6,"year":"2563","accessibility":"ซอย ราษฎร์อุทิศ 1 ข้างโรงเรียน สารสาสน์วิเทศมีนบุรี หลังโรงควบคุมคุณภาพน้ำมีนบุรี","motor_sz":"-","hy_lname":"คลองแสนแสบ","motor_num":"-","gate_name":"ประตูระบายน้ำแสนแสบ (ตอนมีนบุรี)","rt_total":0,"type":"ทั่วไป","sill_el":0,"utm_y":1528614.0669,"gate_code":"123","number":1,"crest_el":0,"rate":0,"gate_type":"ใช้กว้านสลิง ปิด-เปิด บานแนวดิ่ง","size_h":6,"brand":"-","fn_date":"-","owner":"กลุ่มงานตะวันออก","surveillant_mobile":"-","objectid_1":215,"motor_total":0,"subdistrict_id":"101002","size":"0","fd_prevent_code":"26","district_t":"มีนบุรี","surveillant_name":"-","district_id":"1010","objectid":215}},{"geometry":{"type":"Point","coordinates":[100.64939999994536,13.822700000746535],"crs":null},"id":216,"type":"Feature","properties":{"pump_type":"-","utm_x":678277.6619,"size_w":0,"year":"2563","accessibility":"ซอย นวมินทร์ 139 หมู่บ้านการเคหะนวมินทร์ ตรงข้ามร้านกะเพรา 2ก.","motor_sz":"-","hy_lname":"คลองดอนอีกา","motor_num":"-","gate_name":"ประตูระบายน้ำคลองดอนอีกา","rt_total":0,"type":"ทั่วไป","sill_el":0,"utm_y":1528731.1568,"gate_code":"090","number":0,"crest_el":0,"rate":0,"gate_type":"-","size_h":0,"brand":"-","fn_date":"-","owner":"กลุ่มงานตะวันออก","surveillant_mobile":"-","objectid_1":216,"motor_total":0,"subdistrict_id":"102705","size":"0","fd_prevent_code":"24","district_t":"บึงกุ่ม","surveillant_name":"-","district_id":"1027","objectid":216}},{"geometry":{"type":"Point","coordinates":[100.9283260450415,13.821942837272585],"crs":null},"id":217,"type":"Feature","properties":{"pump_type":"-","utm_x":708435.86,"size_w":0,"year":"2563","accessibility":"ถนน สังฆสันติสุข บริเวณถัดจากร้านอาหารเคียงนาไป2ซอย ขึ้นไปทางป้ายที่เขียนหน้าซอยว่า บ้านจ่าหยอย","motor_sz":"-","hy_lname":"คลองตาวงษ์","motor_num":"-","gate_name":"ทำนบและประตูระบายน้ำคลองตาวง","rt_total":0,"type":"ทั่วไป","sill_el":0,"utm_y":1528872.4094,"gate_code":"095","number":0,"crest_el":0,"rate":0,"gate_type":"-","size_h":0,"brand":"-","fn_date":"-","owner":"กลุ่มงานตะวันออก","surveillant_mobile":"-","objectid_1":217,"motor_total":0,"subdistrict_id":"100301","size":"0","fd_prevent_code":"-","district_t":"หนองจอก","surveillant_name":"-","district_id":"1003","objectid":217}},{"geometry":{"type":"Point","coordinates":[100.92492213932138,13.824614173423694],"crs":null},"id":218,"type":"Feature","properties":{"pump_type":"-","utm_x":708065.4292,"size_w":0,"year":"2563","accessibility":"ถนน สังฆสันติสุข ด้านหลังC Plus Express ส่งไปรษณีย์ flash SCG พัสดุด่วน ติดคลอง","motor_sz":"-","hy_lname":"คลองนครเนื่องเขต","motor_num":"-","gate_name":"ทำนบและประตูระบายน้ำคลองตาพ่วง","rt_total":0,"type":"ทั่วไป","sill_el":0,"utm_y":1529165.0325,"gate_code":"094","number":0,"crest_el":0,"rate":0,"gate_type":"-","size_h":0,"brand":"-","fn_date":"-","owner":"กลุ่มงานตะวันออก","surveillant_mobile":"-","objectid_1":218,"motor_total":0,"subdistrict_id":"100301","size":"0","fd_prevent_code":"-","district_t":"หนองจอก","surveillant_name":"-","district_id":"1003","objectid":218}},{"geometry":{"type":"Point","coordinates":[100.86990000042515,13.828599999583668],"crs":null},"id":219,"type":"Feature","properties":{"pump_type":"-","utm_x":702112.717,"size_w":4,"year":"2563","accessibility":"ซอย อยู่วิทยา 14 บริเวณสะพานข้ามคลองหนึ่ง","motor_sz":"-","hy_lname":"คลองหนึ่ง","motor_num":"-","gate_name":"ประตูระบายน้ำคลองหนึ่งลำปลาทิว","rt_total":0,"type":"ทั่วไป","sill_el":0,"utm_y":1529558.9535,"gate_code":"112","number":1,"crest_el":0,"rate":0,"gate_type":"ใช้กว้านสลิง ปิด-เปิด บานแนวดิ่ง","size_h":4,"brand":"-","fn_date":"-","owner":"กลุ่มงานตะวันออก","surveillant_mobile":"-","objectid_1":219,"motor_total":0,"subdistrict_id":"100301","size":"0","fd_prevent_code":"-","district_t":"หนองจอก","surveillant_name":"-","district_id":"1003","objectid":219}},{"geometry":{"type":"Point","coordinates":[100.91000447470039,13.836108573011272],"crs":null},"id":220,"type":"Feature","properties":{"pump_type":"-","utm_x":706442.3004,"size_w":0,"year":"2563","accessibility":"ซอย สังฆสันติสุข 79 บริเวณก่อนข้ามสะพานไปวัดบึงทองหลาง อยู่หลังบ้านทางขวามือ","motor_sz":"-","hy_lname":"คลองนครเนื่องเขต","motor_num":"-","gate_name":"ทำนบและประตูระบายน้ำคลองโต๊ะนิล","rt_total":0,"type":"ทั่วไป","sill_el":0,"utm_y":1530423.9649,"gate_code":"096","number":0,"crest_el":0,"rate":0,"gate_type":"-","size_h":0,"brand":"-","fn_date":"-","owner":"กลุ่มงานตะวันออก","surveillant_mobile":"-","objectid_1":220,"motor_total":0,"subdistrict_id":"100301","size":"0","fd_prevent_code":"-","district_t":"หนองจอก","surveillant_name":"-","district_id":"1003","objectid":220}},{"geometry":{"type":"Point","coordinates":[100.90810000030523,13.837400000117226],"crs":null},"id":221,"type":"Feature","properties":{"pump_type":"-","utm_x":706235.2494,"size_w":0,"year":"2563","accessibility":"ซอย สังฆสันติสุข 79 บริเวณก่อนข้ามสะพานไปวัดบึงทองหลาง อยู่หลังบ้านทางซ้ายมือ","motor_sz":"-","hy_lname":"คลองบึงนายรุ่ง","motor_num":"-","gate_name":"ทำนบและประตูระบายน้ำคลองบึงนายรุ่ง","rt_total":0,"type":"ทั่วไป","sill_el":0,"utm_y":1530565.2177,"gate_code":"097","number":0,"crest_el":0,"rate":0,"gate_type":"-","size_h":0,"brand":"-","fn_date":"-","owner":"กลุ่มงานตะวันออก","surveillant_mobile":"-","objectid_1":221,"motor_total":0,"subdistrict_id":"100301","size":"0","fd_prevent_code":"-","district_t":"หนองจอก","surveillant_name":"-","district_id":"1003","objectid":221}},{"geometry":{"type":"Point","coordinates":[100.898271147116,13.845363352498536],"crs":null},"id":222,"type":"Feature","properties":{"pump_type":"-","utm_x":705165.5727,"size_w":0,"year":"2563","accessibility":"ซอย สังฆสันติสุข หลังมัสยิดนูรุ้ลยะกีน(ท่าไข่)","motor_sz":"-","hy_lname":"คลองนครเนื่องเขต","motor_num":"-","gate_name":"ทำนบและประตูระบายน้ำคลองหลวงณรงค์","rt_total":0,"type":"ทั่วไป","sill_el":0,"utm_y":1531437.899,"gate_code":"093","number":0,"crest_el":0,"rate":0,"gate_type":"-","size_h":0,"brand":"-","fn_date":"-","owner":"กลุ่มงานตะวันออก","surveillant_mobile":"-","objectid_1":222,"motor_total":0,"subdistrict_id":"100301","size":"0","fd_prevent_code":"-","district_t":"หนองจอก","surveillant_name":"-","district_id":"1003","objectid":222}},{"geometry":{"type":"Point","coordinates":[100.89398390748704,13.848607297688014],"crs":null},"id":223,"type":"Feature","properties":{"pump_type":"-","utm_x":704699.2155,"size_w":0,"year":"2563","accessibility":"ถนน สังฆสันติสุข ซอยตรงข้ามหมู่บ้านทองธารา บริเวณคลองท้ายซอย","motor_sz":"-","hy_lname":"คลองนครเนื่องเขต","motor_num":"-","gate_name":"ทำนบและประตูระบายน้ำคลองลำรางสาธารณะ","rt_total":0,"type":"ทั่วไป","sill_el":0,"utm_y":1531793.1614,"gate_code":"092","number":0,"crest_el":0,"rate":0,"gate_type":"-","size_h":0,"brand":"-","fn_date":"-","owner":"กลุ่มงานตะวันออก","surveillant_mobile":"-","objectid_1":223,"motor_total":0,"subdistrict_id":"100301","size":"0","fd_prevent_code":"-","district_t":"หนองจอก","surveillant_name":"-","district_id":"1003","objectid":223}},{"geometry":{"type":"Point","coordinates":[100.67810000062882,13.85080000005623],"crs":null},"id":224,"type":"Feature","properties":{"pump_type":"-","utm_x":681358.7429,"size_w":4,"year":"2563","accessibility":"ซอย คู้บอน30 หมู่บ้านนันทิศา บริเวณศาลพระพิฆเนศ","motor_sz":"-","hy_lname":"คลองบางชัน","motor_num":"-","gate_name":"ประตูระบายน้ำพระยาสุเรนทร์ (เหนือ)","rt_total":0,"type":"ทั่วไป","sill_el":0,"utm_y":1531861.5573,"gate_code":"121","number":1,"crest_el":0,"rate":0,"gate_type":"ใช้กว้านสลิง ปิด-เปิด บานแนวดิ่ง","size_h":4,"brand":"-","fn_date":"-","owner":"กลุ่มงานตะวันออก","surveillant_mobile":"-","objectid_1":224,"motor_total":0,"subdistrict_id":"104301","size":"0","fd_prevent_code":"25","district_t":"คันนายาว","surveillant_name":"-","district_id":"1043","objectid":224}},{"geometry":{"type":"Point","coordinates":[100.7482253093521,13.913684010902813],"crs":null},"id":225,"type":"Feature","properties":{"pump_type":"-","utm_x":688888.5606,"size_w":0,"year":"2563","accessibility":"ถนน นิมิตใหม่ ข้างสถานีหลัก ปตท. นิมิตใหม่ 2","motor_sz":"-","hy_lname":"-","motor_num":"-","gate_name":"ทำนบกั้นน้ำคลองลำกระดาน 2","rt_total":0,"type":"ทั่วไป","sill_el":0,"utm_y":1538873.3139,"gate_code":"126","number":0,"crest_el":0,"rate":0,"gate_type":"-","size_h":0,"brand":"-","fn_date":"-","owner":"กลุ่มงานตะวันออก","surveillant_mobile":"-","objectid_1":225,"motor_total":0,"subdistrict_id":"104602","size":"0","fd_prevent_code":"-","district_t":"คลองสามวา","surveillant_name":"-","district_id":"1046","objectid":238}},{"geometry":{"type":"Point","coordinates":[100.73312607834713,13.850573776410881],"crs":null},"id":226,"type":"Feature","properties":{"pump_type":"-","utm_x":687307.3962,"size_w":4,"year":"2563","accessibility":"เข้าซอย นิมิตใหม่ 24 ตรงไปตามทาง","motor_sz":"-","hy_lname":"คลองหนึ่งตะวันออก","motor_num":"-","gate_name":"ประตูระบายน้ำคลองหนึ่งฝั่งตะวันออก","rt_total":0,"type":"ทั่วไป","sill_el":0,"utm_y":1531878.9323,"gate_code":"111","number":0,"crest_el":0,"rate":0,"gate_type":"ใช้กว้านสลิง ปิด-เปิด บานแนวดิ่ง","size_h":4,"brand":"-","fn_date":"-","owner":"กลุ่มงานตะวันออก","surveillant_mobile":"-","objectid_1":226,"motor_total":0,"subdistrict_id":"104604","size":"0","fd_prevent_code":"-","district_t":"คลองสามวา","surveillant_name":"-","district_id":"1046","objectid":225}},{"geometry":{"type":"Point","coordinates":[100.55989697724821,13.854687104601483],"crs":null},"id":227,"type":"Feature","properties":{"pump_type":"-","utm_x":668578.3616,"size_w":0,"year":"2564","accessibility":"หลังซอย ชินเขต 2/6 แยก 2-5","motor_sz":"20,28","hy_lname":"คลองบางเขน","motor_num":"2,2","gate_name":"ประตูระบายน้ำคลองลาดโตนด (ตอนคลองบางเขน)","rt_total":0,"type":"ทั่วไป","sill_el":0,"utm_y":1532205.1308,"gate_code":"016","number":0,"crest_el":0,"rate":0,"gate_type":"-","size_h":0,"brand":"-","fn_date":"-","owner":"อาคารบังคับน้ำ 1","surveillant_mobile":"-","objectid_1":227,"motor_total":3,"subdistrict_id":"104101","size":"0.5,1","fd_prevent_code":"02","district_t":"หลักสี่","surveillant_name":"-","district_id":"1041","objectid":226}},{"geometry":{"type":"Point","coordinates":[100.72311289680657,13.864014375848535],"crs":null},"id":228,"type":"Feature","properties":{"pump_type":"-","utm_x":686214.2168,"size_w":4,"year":"2563","accessibility":"ถนนหทัยราษฎร์ บริเวณสะพานข้ามคลอง สะพานคลองสองฝั่งตะวันตก ตรงข้ามบริษัท ณ เพชรเอก 2018 จำกัด","motor_sz":"-","hy_lname":"คลองสองตะวันตก","motor_num":"-","gate_name":"ประตูระบายน้ำคลองสองตะวันตก","rt_total":0,"type":"ทั่วไป","sill_el":0,"utm_y":1533358.1596,"gate_code":"105","number":1,"crest_el":0,"rate":0,"gate_type":"ใช้กว้านสลิง ปิด-เปิด บานแนวดิ่ง","size_h":4,"brand":"-","fn_date":"-","owner":"กลุ่มงานตะวันออก","surveillant_mobile":"-","objectid_1":228,"motor_total":0,"subdistrict_id":"104603","size":"0","fd_prevent_code":"-","district_t":"คลองสามวา","surveillant_name":"-","district_id":"1046","objectid":228}},{"geometry":{"type":"Point","coordinates":[100.73205601629238,13.865009876307978],"crs":null},"id":229,"type":"Feature","properties":{"pump_type":"-","utm_x":687180.1499,"size_w":0,"year":"2563","accessibility":"ถนน นิมิตใหม่ บริเวณสะพานข้ามคลองข้าง ห.จ.ก. อำนาจเจริญ เครน","motor_sz":"-","hy_lname":"คลองสองตะวันออก","motor_num":"-","gate_name":"ทำนบกั้นน้ำคลองสองตะวันออก (ตอนถนนนิมิตรใหม่)","rt_total":0,"type":"ทั่วไป","sill_el":0,"utm_y":1533475.2874,"gate_code":"129","number":0,"crest_el":0,"rate":0,"gate_type":"-","size_h":0,"brand":"-","fn_date":"-","owner":"กลุ่มงานตะวันออก","surveillant_mobile":"-","objectid_1":229,"motor_total":0,"subdistrict_id":"104604","size":"0","fd_prevent_code":"-","district_t":"คลองสามวา","surveillant_name":"-","district_id":"1046","objectid":229}},{"geometry":{"type":"Point","coordinates":[100.72279298392436,13.879527427768245],"crs":null},"id":230,"type":"Feature","properties":{"pump_type":"-","utm_x":686167.2583,"size_w":4,"year":"2563","accessibility":"ถนนหทัยราษฎร์ บริเวณ สะพานข้ามคลอง สะพานคลองสามตะวันตก ข้างบริษัทคอนดัคเตอร์เอ็นจิเนียริ่งค์","motor_sz":"-","hy_lname":"คลองสามตะวันตก","motor_num":"-","gate_name":"ประตูระบายน้ำคลองสามตะวันตก","rt_total":0,"type":"ทั่วไป","sill_el":0,"utm_y":1535074.2501,"gate_code":"108","number":1,"crest_el":0,"rate":0,"gate_type":"ใช้กว้านสลิง ปิด-เปิด บานแนวดิ่ง","size_h":4,"brand":"-","fn_date":"-","owner":"กลุ่มงานตะวันออก","surveillant_mobile":"-","objectid_1":230,"motor_total":0,"subdistrict_id":"104601","size":"0","fd_prevent_code":"-","district_t":"คลองสามวา","surveillant_name":"-","district_id":"1046","objectid":230}},{"geometry":{"type":"Point","coordinates":[100.73196605352518,13.880243286267614],"crs":null},"id":231,"type":"Feature","properties":{"pump_type":"-","utm_x":687158.206,"size_w":0,"year":"2563","accessibility":"ถนน นิมิตใหม่ ตรงข้ามวัดสุทธิสะอาด บริเวณสะพานข้ามคลอง","motor_sz":"-","hy_lname":"คลองสามตะวันออก","motor_num":"-","gate_name":"ทำนบกั้นน้ำคลองสามตะวันออก (ตอนถนนนิมิตรใหม่)","rt_total":0,"type":"ทั่วไป","sill_el":0,"utm_y":1535160.6249,"gate_code":"128","number":0,"crest_el":0,"rate":0,"gate_type":"-","size_h":0,"brand":"-","fn_date":"-","owner":"กลุ่มงานตะวันออก","surveillant_mobile":"-","objectid_1":231,"motor_total":0,"subdistrict_id":"104602","size":"0","fd_prevent_code":"-","district_t":"คลองสามวา","surveillant_name":"-","district_id":"1046","objectid":231}},{"geometry":{"type":"Point","coordinates":[100.72246067620553,13.895840416202642],"crs":null},"id":232,"type":"Feature","properties":{"pump_type":"-","utm_x":686118.312,"size_w":4,"year":"2563","accessibility":"ถนนหทัยราษฎร์ บริเวณ สะพานข้ามคลอง สะพานคลองสี่ตะวันตก","motor_sz":"-","hy_lname":"คลองสี่ตะวันตก","motor_num":"-","gate_name":"ประตูระบายน้ำคลองสี่ตะวันตก","rt_total":0,"type":"ทั่วไป","sill_el":0,"utm_y":1536878.8363,"gate_code":"110","number":1,"crest_el":0,"rate":0,"gate_type":"ใช้กว้านสลิง ปิด-เปิด บานแนวดิ่ง","size_h":4,"brand":"-","fn_date":"-","owner":"กลุ่มงานตะวันออก","surveillant_mobile":"-","objectid_1":232,"motor_total":0,"subdistrict_id":"104601","size":"0","fd_prevent_code":"-","district_t":"คลองสามวา","surveillant_name":"-","district_id":"1046","objectid":232}},{"geometry":{"type":"Point","coordinates":[100.73490000011547,13.898400000255764],"crs":null},"id":233,"type":"Feature","properties":{"pump_type":"-","utm_x":687460.7319,"size_w":0,"year":"2563","accessibility":"ข้างซอยนิมิตใหม่ 58","motor_sz":"-","hy_lname":"คลองสี่ตะวันออก","motor_num":"-","gate_name":"ทำนบกั้นน้ำคลองสี่ตะวันออก (ตอนถนนนิมิตรใหม่)","rt_total":0,"type":"ทั่วไป","sill_el":0,"utm_y":1537171.7717,"gate_code":"127","number":0,"crest_el":0,"rate":0,"gate_type":"-","size_h":0,"brand":"-","fn_date":"-","owner":"กลุ่มงานตะวันออก","surveillant_mobile":"-","objectid_1":233,"motor_total":0,"subdistrict_id":"104602","size":"0","fd_prevent_code":"-","district_t":"คลองสามวา","surveillant_name":"-","district_id":"1046","objectid":233}},{"geometry":{"type":"Point","coordinates":[100.58671925864977,13.899752043013642],"crs":null},"id":234,"type":"Feature","properties":{"pump_type":"-","utm_x":671444.5823,"size_w":6.3,"year":"2563","accessibility":"ถนนโกสุมรวมใจ ข้างเมืองไทยแคปปิตอล บริเวณสะพานข้ามคลองตาอูฐ","motor_sz":"(2,2,0.3)","hy_lname":"คลองตาอูฐ","motor_num":"(3,1,1)","gate_name":"ประตูระบายน้ำคลองตาอูฐ (ตอนคลองเปรมประชากร)","rt_total":0,"type":"ทั่วไป","sill_el":0,"utm_y":1537209.8116,"gate_code":"013","number":1,"crest_el":0,"rate":0,"gate_type":"ใช้กว้านสลิง ปิด-เปิด บานแนวดิ่ง","size_h":4,"brand":"-","fn_date":"-","owner":"อาคารบังคับน้ำ 1","surveillant_mobile":"-","objectid_1":234,"motor_total":8.3,"subdistrict_id":"103604","size":"8.3","fd_prevent_code":"02","district_t":"ดอนเมือง","surveillant_name":"-","district_id":"1036","objectid":234}},{"geometry":{"type":"Point","coordinates":[100.72226083271124,13.906700276680285],"crs":null},"id":235,"type":"Feature","properties":{"pump_type":"-","utm_x":686088.0327,"size_w":4,"year":"2563","accessibility":"ข้างซอยหทัยราษฎร์ 42 บริเวณสะพานคลองลำแบน","motor_sz":"-","hy_lname":"คลองลำแบน","motor_num":"-","gate_name":"ประตูระบายน้ำคลองลำแบน","rt_total":0,"type":"ทั่วไป","sill_el":0,"utm_y":1538080.2006,"gate_code":"104","number":1,"crest_el":0,"rate":0,"gate_type":"ใช้กว้านสลิง ปิด-เปิด บานแนวดิ่ง","size_h":4,"brand":"-","fn_date":"-","owner":"กลุ่มงานตะวันออก","surveillant_mobile":"-","objectid_1":235,"motor_total":0,"subdistrict_id":"104601","size":"0","fd_prevent_code":"-","district_t":"คลองสามวา","surveillant_name":"-","district_id":"1046","objectid":235}},{"geometry":{"type":"Point","coordinates":[100.72866643794646,13.91199589568033],"crs":null},"id":236,"type":"Feature","properties":{"pump_type":"-","utm_x":686776.086,"size_w":0,"year":"2563","accessibility":"ซอย ราษฎร์นิมิตร ใกล้กับราษฎร์นิมิตร ห้องพักรายวัน24ชั่วโมง บริเวณ สะพานข้ามคลองสามวา","motor_sz":"-","hy_lname":"คลองสามวา","motor_num":"-","gate_name":"ทำนบกั้นน้ำคลองสามวา (ตอนถนนราษฎร์นิมิตร)","rt_total":0,"type":"ทั่วไป","sill_el":0,"utm_y":1538671.1152,"gate_code":"124","number":0,"crest_el":0,"rate":0,"gate_type":"-","size_h":0,"brand":"-","fn_date":"-","owner":"กลุ่มงานตะวันออก","surveillant_mobile":"-","objectid_1":236,"motor_total":0,"subdistrict_id":"104601","size":"0","fd_prevent_code":"-","district_t":"คลองสามวา","surveillant_name":"-","district_id":"1046","objectid":236}},{"geometry":{"type":"Point","coordinates":[100.74740000006521,13.912400000149345],"crs":null},"id":237,"type":"Feature","properties":{"pump_type":"-","utm_x":688800.4068,"size_w":0,"year":"2563","accessibility":"ถนน นิมิตใหม่ ข้างบริษัทโยรัชดา สำนักงานใหญ่ บริเวณสะพานข้ามคลองลำกระดาน1","motor_sz":"-","hy_lname":"คลองลำกระดาน","motor_num":"-","gate_name":"ทำนบกั้นน้ำคลองลำกระดาน 1","rt_total":0,"type":"ทั่วไป","sill_el":0,"utm_y":1538730.5964,"gate_code":"125","number":0,"crest_el":0,"rate":0,"gate_type":"-","size_h":0,"brand":"-","fn_date":"-","owner":"กลุ่มงานตะวันออก","surveillant_mobile":"-","objectid_1":237,"motor_total":0,"subdistrict_id":"104602","size":"0","fd_prevent_code":"-","district_t":"คลองสามวา","surveillant_name":"-","district_id":"1046","objectid":237}},{"geometry":{"type":"Point","coordinates":[100.68719631861592,13.921176516790002],"crs":null},"id":238,"type":"Feature","properties":{"pump_type":"-","utm_x":682287.028,"size_w":6,"year":"2563","accessibility":"ถนน สายไหม บริเวณ สะพานข้ามคลอง สะพานสายไหมหทัยราษฎร์(หนองใหญ่)","motor_sz":"-","hy_lname":"คลองพระยาสุเรนทร์","motor_num":"-","gate_name":"ประตูระบายน้ำพระยาสุเรนทร์ (ใต้)","rt_total":0,"type":"ทั่วไป","sill_el":0,"utm_y":1539654.7001,"gate_code":"120","number":1,"crest_el":0,"rate":0,"gate_type":"ใช้สลิง ปิด-เปิด ในแนวดิ่ง","size_h":6,"brand":"-","fn_date":"-","owner":"กลุ่มงานตะวันออก","surveillant_mobile":"-","objectid_1":238,"motor_total":0,"subdistrict_id":"104201","size":"0","fd_prevent_code":"24","district_t":"สายไหม","surveillant_name":"-","district_id":"1042","objectid":239}},{"geometry":{"type":"Point","coordinates":[100.66224872041563,13.921541634773028],"crs":null},"id":239,"type":"Feature","properties":{"pump_type":"-","utm_x":679590.6945,"size_w":4,"year":"2563","accessibility":"ถนน สายไหม บริเวณสะพานลำหม้อแตก ข้างหมู่บ้านรัชธานี 6","motor_sz":"-","hy_lname":"คลองหม้อแตก","motor_num":"-","gate_name":"ประตูระบายน้ำคลองหม้อแตก","rt_total":0,"type":"ทั่วไป","sill_el":0,"utm_y":1539676.1305,"gate_code":"113","number":1,"crest_el":0,"rate":0,"gate_type":"ใช้กว้านสลิง ปิด-เปิด บานแนวดิ่ง","size_h":4,"brand":"-","fn_date":"-","owner":"กลุ่มงานตะวันออก","surveillant_mobile":"-","objectid_1":239,"motor_total":0,"subdistrict_id":"104201","size":"0","fd_prevent_code":"24","district_t":"สายไหม","surveillant_name":"-","district_id":"1042","objectid":240}},{"geometry":{"type":"Point","coordinates":[100.63471862492014,13.923083942906441],"crs":null},"id":240,"type":"Feature","properties":{"pump_type":"-","utm_x":676614.4244,"size_w":6,"year":"2563","accessibility":"ถนน พหลโยธิน 54/1 ตรงข้ามร้านก๋วยเตี๋ยวไก่ตายาย","motor_sz":"-","hy_lname":"คลองสอง","motor_num":"-","gate_name":"ประตูระบายน้ำคลองสองสายใต้","rt_total":0,"type":"ทั่วไป","sill_el":0,"utm_y":1539826.1628,"gate_code":"107","number":1,"crest_el":0,"rate":0,"gate_type":"ใช้กว้านสลิง ปิด-เปิด บานแนวดิ่ง","size_h":6,"brand":"-","fn_date":"-","owner":"กลุ่มงานตะวันออก","surveillant_mobile":"-","objectid_1":240,"motor_total":0,"subdistrict_id":"104201","size":"0","fd_prevent_code":"24","district_t":"สายไหม","surveillant_name":"-","district_id":"1042","objectid":241}},{"geometry":{"type":"Point","coordinates":[100.59764292779705,13.923921354420424],"crs":null},"id":241,"type":"Feature","properties":{"pump_type":"-","utm_x":672607.2223,"size_w":0,"year":"2564","accessibility":"ข้างซอย สรงประภา 1","motor_sz":"40,28,14","hy_lname":"คูนายกิมสาย 3","motor_num":"1,2,1","gate_name":"ประตูระบายน้ำคูนายกิมสาย 3 (ตอนคลองเปรมประชากร)","rt_total":0,"type":"ทั่วไป","sill_el":0,"utm_y":1539891.6066,"gate_code":"017","number":0,"crest_el":0,"rate":0,"gate_type":"-","size_h":0,"brand":"-","fn_date":"-","owner":"อาคารบังคับน้ำ 1","surveillant_mobile":"-","objectid_1":241,"motor_total":4.3,"subdistrict_id":"103604","size":"2,1,0.3","fd_prevent_code":"02","district_t":"ดอนเมือง","surveillant_name":"-","district_id":"1036","objectid":242}}],"type":"FeatureCollection","properties":{"exceededTransferLimit":false}}