{"features":[{"geometry":{"type":"Point","coordinates":[100.42739999979287,13.565599999503632],"crs":null},"id":1,"type":"Feature","properties":{"pump_type":"-","utm_x":654445.4916,"fd_prevent":"38","size_w":0,"year":"2563","accessibility":"ซอยเทียนทะเล25 ช่วงสะพานข้ามคลองเชิงตาแพ ใกล้ครัวลุงแถม","motor_sz":"1","hy_lname":"คลองแยกเชิงตาแพ","pump_size":"-","motor_num":"2","rt_total":0,"pump_code":"1","sill_el":0,"utm_y":1500135.9946,"material_type":"-","gate_num":0,"crest_el":0,"rate":0,"gate_type":"-","size_h":0,"brand":"-","fn_date":"-","owner":"สำนักงานระบบควบคุมน้ำ","surveillant_mobile":"-","objectid_1":1,"pump_name":"สถานีสูบน้ำคลองเชิงตาแพ","motor_total":2,"subdistrict_id":"102105","district_t":"บางขุนเทียน","surveillant_name":"-","district_id":"1021","objectid":1}},{"geometry":{"type":"Point","coordinates":[100.43940000059023,13.570099999976536],"crs":null},"id":2,"type":"Feature","properties":{"pump_type":"-","utm_x":655741.2078,"fd_prevent":"38","size_w":0,"year":"2563","accessibility":"ซอยเทียนทะเล25 อยู่ในซอยวัดประชาบำรุง ริมคลอง","motor_sz":"2","hy_lname":"คลองลูกวัว","pump_size":"-","motor_num":"3","rt_total":0,"pump_code":"2","sill_el":0,"utm_y":1500641.4178,"material_type":"-","gate_num":0,"crest_el":0,"rate":0,"gate_type":"-","size_h":0,"brand":"-","fn_date":"-","owner":"สำนักงานระบบควบคุมน้ำ","surveillant_mobile":"-","objectid_1":2,"pump_name":"สถานีสูบน้ำคลองวัดลูกวัว","motor_total":6,"subdistrict_id":"102105","district_t":"บางขุนเทียน","surveillant_name":"-","district_id":"1021","objectid":2}},{"geometry":{"type":"Point","coordinates":[100.44562431330277,13.571419285300903],"crs":null},"id":3,"type":"Feature","properties":{"pump_type":"-","utm_x":656413.9339,"fd_prevent":"38","size_w":0,"year":"2563","accessibility":"ซอยเทียนทะเล25 ช่วงสะพานขุนราชพินิจใจ มีบ้านหลังใหญ่หลังคาสีน้ำเงิน","motor_sz":"3","hy_lname":"คลองขุนราชพินิจใจ","pump_size":"-","motor_num":"10","rt_total":0,"pump_code":"3","sill_el":0,"utm_y":1500791.3407,"material_type":"-","gate_num":0,"crest_el":0,"rate":0,"gate_type":"-","size_h":0,"brand":"-","fn_date":"-","owner":"สำนักงานระบบควบคุมน้ำ","surveillant_mobile":"-","objectid_1":3,"pump_name":"สถานีสูบน้ำคลองขุนราชพินิจใจ","motor_total":30,"subdistrict_id":"102105","district_t":"บางขุนเทียน","surveillant_name":"-","district_id":"1021","objectid":3}},{"geometry":{"type":"Point","coordinates":[100.3946607208746,13.603773431947621],"crs":null},"id":4,"type":"Feature","properties":{"pump_type":"-","utm_x":650878.3007,"fd_prevent":"36","size_w":0,"year":"2564","accessibility":"ซอยแสมดำ17 สะพานข้ามคลอง ใกล้หมู่บ้านชัยพฤกษ์","motor_sz":"2","hy_lname":"คลองระหาญ","pump_size":"-","motor_num":"3","rt_total":0,"pump_code":"4","sill_el":0,"utm_y":1504338.2942,"material_type":"-","gate_num":1,"crest_el":0,"rate":0,"gate_type":"-","size_h":0,"brand":"-","fn_date":"-","owner":"สำนักงานระบบควบคุมน้ำ","surveillant_mobile":"-","objectid_1":4,"pump_name":"สถานีสูบน้ำระหาญ","motor_total":4,"subdistrict_id":"102107","district_t":"บางขุนเทียน","surveillant_name":"-","district_id":"1021","objectid":4}},{"geometry":{"type":"Point","coordinates":[100.41310833603467,13.60698605685329],"crs":null},"id":5,"type":"Feature","properties":{"pump_type":"-","utm_x":652872.3131,"fd_prevent":"36","size_w":0,"year":"2564","accessibility":"ซอยเปรื่องอนุสรณ์ สุดซอย","motor_sz":"3","hy_lname":"คลองเลนเปน","pump_size":"-","motor_num":"3","rt_total":0,"pump_code":"5","sill_el":0,"utm_y":1504705.1859,"material_type":"-","gate_num":1,"crest_el":0,"rate":0,"gate_type":"-","size_h":0,"brand":"-","fn_date":"-","owner":"สำนักงานระบบควบคุมน้ำ","surveillant_mobile":"-","objectid_1":5,"pump_name":"สถานีสูบน้ำเลนเปน","motor_total":9,"subdistrict_id":"102107","district_t":"บางขุนเทียน","surveillant_name":"-","district_id":"1021","objectid":5}},{"geometry":{"type":"Point","coordinates":[100.43405714503822,13.625530862232639],"crs":null},"id":6,"type":"Feature","properties":{"pump_type":"-","utm_x":655126.9189,"fd_prevent":"36","size_w":0,"year":"2563","accessibility":"ซอยเทียนทะเล20 ต้นๆซอย ตรงข้ามร้านขายรองเท้า","motor_sz":"2","hy_lname":"คลองสะแกงาม","pump_size":"-","motor_num":"4","rt_total":0,"pump_code":"6","sill_el":0,"utm_y":1506769.9129,"material_type":"-","gate_num":0,"crest_el":0,"rate":0,"gate_type":"-","size_h":0,"brand":"-","fn_date":"-","owner":"สำนักงานระบบควบคุมน้ำ","surveillant_mobile":"-","objectid_1":6,"pump_name":"สถานีสูบน้ำคลองสะแกงาม","motor_total":8,"subdistrict_id":"102107","district_t":"บางขุนเทียน","surveillant_name":"-","district_id":"1021","objectid":6}},{"geometry":{"type":"Point","coordinates":[100.43939999985393,13.627800000786978],"crs":null},"id":7,"type":"Feature","properties":{"pump_type":"-","utm_x":655703.4966,"fd_prevent":"35","size_w":0,"year":"2564","accessibility":"ถนนกาญจนาภิเษก ริมคลองราชมนตรี ใกล้โรงงานคอนกรีต","motor_sz":"(6,3)","hy_lname":"คลองพระยาราชมนตรี","pump_size":"-","motor_num":"(7,3)","rt_total":0,"pump_code":"7","sill_el":0,"utm_y":1507024.3471,"material_type":"-","gate_num":2,"crest_el":0,"rate":0,"gate_type":"-","size_h":0,"brand":"-","fn_date":"-","owner":"สำนักงานระบบควบคุมน้ำ","surveillant_mobile":"-","objectid_1":7,"pump_name":"สถานีสูบน้ำคลองพระยาราชมนตรี","motor_total":51,"subdistrict_id":"102107","district_t":"บางขุนเทียน","surveillant_name":"-","district_id":"1021","objectid":7}},{"geometry":{"type":"Point","coordinates":[100.44774999141646,13.638056203051358],"crs":null},"id":8,"type":"Feature","properties":{"pump_type":"-","utm_x":656600.149,"fd_prevent":"35","size_w":0,"year":"2564","accessibility":"ซอยเทียนทะเล7 ช่วงสะพานข้ามคลองสนามชัย ใกล้โลตัสเอ็กเพรส","motor_sz":"3","hy_lname":"คลองสนามชัย","pump_size":"-","motor_num":"15","rt_total":0,"pump_code":"8","sill_el":0,"utm_y":1508164.2865,"material_type":"-","gate_num":3,"crest_el":0,"rate":0,"gate_type":"-","size_h":0,"brand":"-","fn_date":"-","owner":"สำนักงานระบบควบคุมน้ำ","surveillant_mobile":"-","objectid_1":8,"pump_name":"สถานีสูบน้ำคลองสนามชัย","motor_total":45,"subdistrict_id":"102107","district_t":"บางขุนเทียน","surveillant_name":"-","district_id":"1021","objectid":8}},{"geometry":{"type":"Point","coordinates":[100.38696248585678,13.647878603742491],"crs":null},"id":9,"type":"Feature","properties":{"pump_type":"-","utm_x":650017.5093,"fd_prevent":"36","size_w":0,"year":"2563","accessibility":"หลังทัณฑสถานหญิงธนบุรี","motor_sz":"3","hy_lname":"คลองรางขี้เหล็ก","pump_size":"-","motor_num":"3","rt_total":0,"pump_code":"9","sill_el":0,"utm_y":1509212.4815,"material_type":"-","gate_num":0,"crest_el":0,"rate":0,"gate_type":"-","size_h":0,"brand":"-","fn_date":"-","owner":"สำนักงานระบบควบคุมน้ำ","surveillant_mobile":"-","objectid_1":9,"pump_name":"สถานีสูบน้ำคลองรางขี้เหล็ก","motor_total":9,"subdistrict_id":"105002","district_t":"บางบอน","surveillant_name":"-","district_id":"1050","objectid":9}},{"geometry":{"type":"Point","coordinates":[100.4461000000915,13.673200000001154],"crs":null},"id":10,"type":"Feature","properties":{"pump_type":"-","utm_x":656398.4684,"fd_prevent":"35","size_w":0,"year":"2564","accessibility":"พระรามที่2ซอย50แยก9 ช่วงสะพานข้ามคลองสี่บาท","motor_sz":"3","hy_lname":"คลองบางสี่บาท","pump_size":"-","motor_num":"2","rt_total":0,"pump_code":"14","sill_el":0,"utm_y":1512050.9515,"material_type":"-","gate_num":1,"crest_el":0,"rate":0,"gate_type":"-","size_h":0,"brand":"-","fn_date":"-","owner":"สำนักงานระบบควบคุมน้ำ","surveillant_mobile":"-","objectid_1":10,"pump_name":"สถานีสูบน้ำคลองสี่บาท","motor_total":9,"subdistrict_id":"102107","district_t":"บางขุนเทียน","surveillant_name":"-","district_id":"1021","objectid":10}},{"geometry":{"type":"Point","coordinates":[100.33533300035214,13.678464421181324],"crs":null},"id":11,"type":"Feature","properties":{"pump_type":"-","utm_x":644413.5767,"fd_prevent":"34","size_w":0,"year":"2563","accessibility":"ถนนเลียบคลองภาษีเจริญฝั่งเหนือ ช่วงสะพานข้ามคลองศรีสำราญ ใกล้ร้านยาร่วมใจเภสัช","motor_sz":"3","hy_lname":"คลองศรีสำราญ","pump_size":"-","motor_num":"5","rt_total":0,"pump_code":"18","sill_el":0,"utm_y":1512564.536,"material_type":"-","gate_num":0,"crest_el":0,"rate":0,"gate_type":"-","size_h":0,"brand":"-","fn_date":"-","owner":"สำนักงานระบบควบคุมน้ำ","surveillant_mobile":"-","objectid_1":11,"pump_name":"สถานีสูบน้ำคลองศรีสำราญ","motor_total":15,"subdistrict_id":"102302","district_t":"หนองแขม","surveillant_name":"-","district_id":"1023","objectid":11}},{"geometry":{"type":"Point","coordinates":[100.44791974375525,13.681528585860347],"crs":null},"id":12,"type":"Feature","properties":{"pump_type":"-","utm_x":656589.808,"fd_prevent":"35","size_w":0,"year":"2563","accessibility":"หลังวัดสิงห์ บริเวณคลองวัดสิงห์ใกล้ชุมชน","motor_sz":"3","hy_lname":"คลองวัดสิงห์","pump_size":"-","motor_num":"3","rt_total":0,"pump_code":"20","sill_el":0,"utm_y":1512973.466,"material_type":"-","gate_num":0,"crest_el":0,"rate":0,"gate_type":"-","size_h":0,"brand":"-","fn_date":"-","owner":"สำนักงานระบบควบคุมน้ำ","surveillant_mobile":"-","objectid_1":12,"pump_name":"สถานีสูบน้ำคลองวัดสิงห์","motor_total":9,"subdistrict_id":"102107","district_t":"บางขุนเทียน","surveillant_name":"-","district_id":"1021","objectid":12}},{"geometry":{"type":"Point","coordinates":[100.35024089746018,13.682065334258752],"crs":null},"id":13,"type":"Feature","properties":{"pump_type":"-","utm_x":646023.8807,"fd_prevent":"34","size_w":0,"year":"2563","accessibility":"ซอยเลียบคลองภาษีเจริญฝั่งเหนือ5 เข้าซอยไปอยู่ซ้ายมือ","motor_sz":"(3,2,0.2)","hy_lname":"คลองมหาศร","pump_size":"-","motor_num":"(1,1,2)","rt_total":0,"pump_code":"21","sill_el":0,"utm_y":1512971.8059,"material_type":"-","gate_num":0,"crest_el":0,"rate":0,"gate_type":"-","size_h":0,"brand":"-","fn_date":"-","owner":"สำนักงานระบบควบคุมน้ำ","surveillant_mobile":"-","objectid_1":13,"pump_name":"สถานีสูบน้ำคลองมหาศร","motor_total":5.4,"subdistrict_id":"102302","district_t":"หนองแขม","surveillant_name":"-","district_id":"1023","objectid":13}},{"geometry":{"type":"Point","coordinates":[100.50510000000045,13.68230000029696],"crs":null},"id":14,"type":"Feature","properties":{"pump_type":"-","utm_x":662774.4631,"fd_prevent":"35","size_w":0,"year":"2563","accessibility":"ถนนราษฎร์บูรณะ ข้างสำนักงานเขตราษฎร์บูรณะ","motor_sz":"2","hy_lname":"คลองราษฎร์บูรณะ","pump_size":"-","motor_num":"3","rt_total":0,"pump_code":"23","sill_el":0,"utm_y":1513096.5134,"material_type":"-","gate_num":0,"crest_el":0,"rate":0,"gate_type":"-","size_h":0,"brand":"-","fn_date":"-","owner":"สำนักงานระบบควบคุมน้ำ","surveillant_mobile":"-","objectid_1":14,"pump_name":"สถานีสูบน้ำคลองราษฎร์บูรณะ","motor_total":6,"subdistrict_id":"102402","district_t":"ราษฎร์บูรณะ","surveillant_name":"-","district_id":"1024","objectid":14}},{"geometry":{"type":"Point","coordinates":[100.4970999996213,13.684200000326253],"crs":null},"id":15,"type":"Feature","properties":{"pump_type":"-","utm_x":661907.7982,"fd_prevent":"35","size_w":0,"year":"2563","accessibility":"ถนนราษฎร์บูรณะ คลองบางปะกอก ข้างโกดัง","motor_sz":"2","hy_lname":"คลองบางปะกอก","pump_size":"-","motor_num":"2","rt_total":0,"pump_code":"25","sill_el":0,"utm_y":1513301.3387,"material_type":"-","gate_num":0,"crest_el":0,"rate":0,"gate_type":"-","size_h":0,"brand":"-","fn_date":"-","owner":"สำนักงานระบบควบคุมน้ำ","surveillant_mobile":"-","objectid_1":15,"pump_name":"สถานีสูบน้ำคลองบางปะกอก","motor_total":4,"subdistrict_id":"102402","district_t":"ราษฎร์บูรณะ","surveillant_name":"-","district_id":"1024","objectid":15}},{"geometry":{"type":"Point","coordinates":[100.49025533236644,13.68905384249266],"crs":null},"id":16,"type":"Feature","properties":{"pump_type":"-","utm_x":661164.1088,"fd_prevent":"35","size_w":0,"year":"2563","accessibility":"ถนนราษฎร์บูรณะ สะพานบางปะแก้ว ใกล้ซอยราษฎร์บูรณะ13","motor_sz":"3","hy_lname":"คลองบางปะแก้ว","pump_size":"-","motor_num":"3","rt_total":0,"pump_code":"28","sill_el":0,"utm_y":1513833.731,"material_type":"-","gate_num":0,"crest_el":0,"rate":0,"gate_type":"-","size_h":0,"brand":"-","fn_date":"-","owner":"สำนักงานระบบควบคุมน้ำ","surveillant_mobile":"-","objectid_1":16,"pump_name":"สถานีสูบน้ำคลองบางปะแก้ว","motor_total":9,"subdistrict_id":"102402","district_t":"ราษฎร์บูรณะ","surveillant_name":"-","district_id":"1024","objectid":16}},{"geometry":{"type":"Point","coordinates":[100.50357980902977,13.690202064139127],"crs":null},"id":17,"type":"Feature","properties":{"pump_type":"-","utm_x":662604.5937,"fd_prevent":"11","size_w":0,"year":"2563","accessibility":"ถนนพระรามที่3 ตรงข้ามหมู่บ้านภักดี,โรงพยาบาลวรรณสิริ","motor_sz":"(0.3,0.35)","hy_lname":"คลองถนนพระราม 3","pump_size":"-","motor_num":"(1,1)","rt_total":0,"pump_code":"30","sill_el":0,"utm_y":1513969.6677,"material_type":"-","gate_num":0,"crest_el":0,"rate":0,"gate_type":"-","size_h":0,"brand":"-","fn_date":"-","owner":"สำนักงานระบบควบคุมน้ำ","surveillant_mobile":"-","objectid_1":17,"pump_name":"สถานีสูบน้ำข้างหมู่บ้านภักดี","motor_total":0.65,"subdistrict_id":"103103","district_t":"บางคอแหลม","surveillant_name":"-","district_id":"1031","objectid":17}},{"geometry":{"type":"Point","coordinates":[100.48251447447205,13.694899314420713],"crs":null},"id":18,"type":"Feature","properties":{"pump_type":"-","utm_x":660322.8425,"fd_prevent":"35","size_w":0,"year":"2563","accessibility":"ถนนสมเด็จพระเจ้าตากสิน หน้าซอยสมเด็จพระเจ้าตากสิน41 ช่วงคลองบางสะแก","motor_sz":"2","hy_lname":"คลองบางสะแก","pump_size":"-","motor_num":"2","rt_total":0,"pump_code":"33","sill_el":0,"utm_y":1514475.2468,"material_type":"-","gate_num":0,"crest_el":0,"rate":0,"gate_type":"-","size_h":0,"brand":"-","fn_date":"-","owner":"สำนักงานระบบควบคุมน้ำ","surveillant_mobile":"-","objectid_1":18,"pump_name":"สถานีสูบน้ำคลองบางสะแก (ตอนถนนตากสิน)","motor_total":4,"subdistrict_id":"103503","district_t":"จอมทอง","surveillant_name":"-","district_id":"1035","objectid":18}},{"geometry":{"type":"Point","coordinates":[100.48727688226118,13.69478550106376],"crs":null},"id":19,"type":"Feature","properties":{"pump_type":"-","utm_x":660838.0419,"fd_prevent":"35","size_w":0,"year":"2564","accessibility":"ถนนเจริญนคร ริมคลองดาวคะนอง หลังโรงเรียนมัธยมวัดดาวคะนอง","motor_sz":"3","hy_lname":"คลองดาวคะนอง","pump_size":"-","motor_num":"15","rt_total":0,"pump_code":"34","sill_el":0,"utm_y":1514465.8175,"material_type":"-","gate_num":3,"crest_el":0,"rate":0,"gate_type":"-","size_h":0,"brand":"-","fn_date":"-","owner":"สำนักงานระบบควบคุมน้ำ","surveillant_mobile":"-","objectid_1":19,"pump_name":"สถานีสูบน้ำดาวคะนอง","motor_total":45,"subdistrict_id":"101506","district_t":"ธนบุรี","surveillant_name":"-","district_id":"1015","objectid":19}},{"geometry":{"type":"Point","coordinates":[100.37682090185524,13.700427707543215],"crs":null},"id":20,"type":"Feature","properties":{"pump_type":"-","utm_x":648887.3508,"fd_prevent":"34","size_w":0,"year":"2563","accessibility":"ถนนเพชรเกษม69 ตรงข้ามวัดราษฎร์บำรุง ช่วงสะพานข้ามคลองบางแค","motor_sz":"2","hy_lname":"คลองทวีวัฒนา","pump_size":"-","motor_num":"2","rt_total":0,"pump_code":"37","sill_el":0,"utm_y":1515019.2532,"material_type":"-","gate_num":0,"crest_el":0,"rate":0,"gate_type":"-","size_h":0,"brand":"-","fn_date":"-","owner":"สำนักงานระบบควบคุมน้ำ","surveillant_mobile":"-","objectid_1":20,"pump_name":"สถานีสูบน้ำคลองบางแค","motor_total":4,"subdistrict_id":"102302","district_t":"หนองแขม","surveillant_name":"-","district_id":"1023","objectid":20}},{"geometry":{"type":"Point","coordinates":[100.3773973826813,13.700554547888942],"crs":null},"id":21,"type":"Feature","properties":{"pump_type":"-","utm_x":648949.6214,"fd_prevent":"16","size_w":0,"year":"2563","accessibility":"ถนนเพชรเกษม69 หลังวัดราษฎร์บำรุง ช่วงสะพานข้ามคลองบางแค","motor_sz":"3","hy_lname":"คลองบางแค","pump_size":"-","motor_num":"2","rt_total":0,"pump_code":"38","sill_el":0,"utm_y":1515033.6394,"material_type":"-","gate_num":0,"crest_el":0,"rate":0,"gate_type":"-","size_h":0,"brand":"-","fn_date":"-","owner":"สำนักงานระบบควบคุมน้ำ","surveillant_mobile":"-","objectid_1":21,"pump_name":"สถานีสูบน้ำคลองบางแค (ตอนคลองทวีวัฒนา)","motor_total":6,"subdistrict_id":"104004","district_t":"บางแค","surveillant_name":"-","district_id":"1040","objectid":21}},{"geometry":{"type":"Point","coordinates":[100.4996748766486,13.703072886154018],"crs":null},"id":22,"type":"Feature","properties":{"pump_type":"-","utm_x":662173.3821,"fd_prevent":"11","size_w":0,"year":"2563","accessibility":"ถนนเจริญกรุง เข้าทางโรงแรมRiver Heaven ในหมู่บ้านลดาวัลย์ริมคลองสวนหลวง","motor_sz":"(1,0.5,0.35)","hy_lname":"คลองสวนหลวง 2","pump_size":"-","motor_num":"(3,1,1)","rt_total":0,"pump_code":"39","sill_el":0,"utm_y":1515390.8969,"material_type":"-","gate_num":0,"crest_el":0,"rate":0,"gate_type":"-","size_h":0,"brand":"-","fn_date":"-","owner":"สำนักงานระบบควบคุมน้ำ","surveillant_mobile":"-","objectid_1":22,"pump_name":"สถานีสูบน้ำคลองสวนหลวง (ถ.เจริญกรุง)","motor_total":1.85,"subdistrict_id":"103102","district_t":"บางคอแหลม","surveillant_name":"-","district_id":"1031","objectid":22}},{"geometry":{"type":"Point","coordinates":[100.49026296621123,13.704976660574383],"crs":null},"id":23,"type":"Feature","properties":{"pump_type":"-","utm_x":661154.0834,"fd_prevent":"31","size_w":0,"year":"2563","accessibility":"ถนนเจริญนคร ช่วงสะพานข้ามคลองบางน้ำชน ฝั่งเดียวกับห้างAVANI","motor_sz":"2","hy_lname":"คลองบางน้ำชน","pump_size":"-","motor_num":"2","rt_total":0,"pump_code":"40","sill_el":0,"utm_y":1515595.2098,"material_type":"-","gate_num":0,"crest_el":0,"rate":0,"gate_type":"-","size_h":0,"brand":"-","fn_date":"-","owner":"สำนักงานระบบควบคุมน้ำ","surveillant_mobile":"-","objectid_1":23,"pump_name":"สถานีสูบน้ำคลองบางน้ำชน  (เจริญนคร 7)","motor_total":4,"subdistrict_id":"101507","district_t":"ธนบุรี","surveillant_name":"-","district_id":"1015","objectid":23}},{"geometry":{"type":"Point","coordinates":[100.49441367242513,13.708073103805074],"crs":null},"id":24,"type":"Feature","properties":{"pump_type":"-","utm_x":661600.9059,"fd_prevent":"31","size_w":0,"year":"2564","accessibility":"ถนนเจริญนคร ช่วงสะพานข้ามคลองสำเหร่ ฝั่งเดียวกับเต็นท์รถ","motor_sz":"3","hy_lname":"คลองสำเหร่","pump_size":"-","motor_num":"3","rt_total":0,"pump_code":"44","sill_el":0,"utm_y":1515940.528,"material_type":"-","gate_num":2,"crest_el":0,"rate":0,"gate_type":"-","size_h":0,"brand":"-","fn_date":"-","owner":"สำนักงานระบบควบคุมน้ำ","surveillant_mobile":"-","objectid_1":24,"pump_name":"สถานีสูบน้ำคลองสำเหร่  (เจริญนคร 6)","motor_total":12,"subdistrict_id":"101507","district_t":"ธนบุรี","surveillant_name":"-","district_id":"1015","objectid":24}},{"geometry":{"type":"Point","coordinates":[100.42529549249984,13.708682805141532],"crs":null},"id":25,"type":"Feature","properties":{"pump_type":"-","utm_x":654124.8875,"fd_prevent":"16","size_w":0,"year":"2563","accessibility":"ซอยสุขาภิบาล1  ใกล้ซอยวัดนิมานรดี","motor_sz":"(1,1)","hy_lname":"คลองบางแค","pump_size":"-","motor_num":"(2,1)","rt_total":0,"pump_code":"45","sill_el":0,"utm_y":1515962.8276,"material_type":"-","gate_num":0,"crest_el":0,"rate":0,"gate_type":"-","size_h":0,"brand":"-","fn_date":"-","owner":"สำนักงานระบบควบคุมน้ำ","surveillant_mobile":"-","objectid_1":25,"pump_name":"สถานีสูบน้ำคลองบางแค (ตอนคลองพระยาราชมนตรี)","motor_total":3,"subdistrict_id":"104001","district_t":"บางแค","surveillant_name":"-","district_id":"1040","objectid":25}},{"geometry":{"type":"Point","coordinates":[100.49587918858775,13.709158511056618],"crs":null},"id":26,"type":"Feature","properties":{"pump_type":"-","utm_x":661758.671,"fd_prevent":"31","size_w":0,"year":"2564","accessibility":"ถนนเจริญนคร ช่วงสะพานข้ามคลองบางไส้ไก่ ตรงข้ามโรงเรียนอนุบาลสุวาวรรณ","motor_sz":"(4,2)","hy_lname":"คลองบางไส้ไก่","pump_size":"-","motor_num":"(2,1)","rt_total":0,"pump_code":"47","sill_el":0,"utm_y":1516061.5828,"material_type":"-","gate_num":2,"crest_el":0,"rate":0,"gate_type":"-","size_h":0,"brand":"-","fn_date":"-","owner":"สำนักงานระบบควบคุมน้ำ","surveillant_mobile":"-","objectid_1":26,"pump_name":"สถานีสูบน้ำคลองบางไส้ไก่  (เจริญนคร 5)","motor_total":10,"subdistrict_id":"101803","district_t":"คลองสาน","surveillant_name":"-","district_id":"1018","objectid":26}},{"geometry":{"type":"Point","coordinates":[100.50770869642452,13.709582726877288],"crs":null},"id":27,"type":"Feature","properties":{"pump_type":"-","utm_x":663037.839,"fd_prevent":"11","size_w":0,"year":"2563","accessibility":"ถนนเจริญกรุง อยู่ในโรงเรียนมูลนิธิสตรีไทยมุสลิม ช่วงสนามกีฬาโรงเรียนนานาชาติโชรส์เบอรี กรุงเทพฯ","motor_sz":"(1,0.5,0.3,0.25)","hy_lname":"คลองขวางสะพานเตี้ย","pump_size":"-","motor_num":"(1,1,1,1)","rt_total":0,"pump_code":"50","sill_el":0,"utm_y":1516116.4621,"material_type":"-","gate_num":0,"crest_el":0,"rate":0,"gate_type":"-","size_h":0,"brand":"-","fn_date":"-","owner":"สำนักงานระบบควบคุมน้ำ","surveillant_mobile":"-","objectid_1":27,"pump_name":"สถานีสูบน้ำคลองขวางสะพานเตี้ย","motor_total":2.05,"subdistrict_id":"103102","district_t":"บางคอแหลม","surveillant_name":"-","district_id":"1031","objectid":27}},{"geometry":{"type":"Point","coordinates":[100.50911455858108,13.711581256151788],"crs":null},"id":28,"type":"Feature","properties":{"pump_type":"-","utm_x":663188.5144,"fd_prevent":"11","size_w":0,"year":"2563","accessibility":"ถนนเจริญกรุง หลังโรงแรมชาเทรียม ช่วงคลองกรวย","motor_sz":"2","hy_lname":"คลองกรวย","pump_size":"-","motor_num":"3","rt_total":0,"pump_code":"56","sill_el":0,"utm_y":1516338.5018,"material_type":"-","gate_num":0,"crest_el":0,"rate":0,"gate_type":"-","size_h":0,"brand":"-","fn_date":"-","owner":"สำนักงานระบบควบคุมน้ำ","surveillant_mobile":"-","objectid_1":28,"pump_name":"สถานีสูบน้ำคลองกรวย","motor_total":6,"subdistrict_id":"102802","district_t":"สาทร","surveillant_name":"-","district_id":"1028","objectid":28}},{"geometry":{"type":"Point","coordinates":[100.47034800987622,13.778464262389454],"crs":null},"id":29,"type":"Feature","properties":{"pump_type":"-","utm_x":658950.5251,"fd_prevent":"29","size_w":0,"year":"2563","accessibility":"คลองพิกุล ใกล้ๆรพ.เจ้าพระยา","motor_sz":"2","hy_lname":"คลองวัดพิกุล","pump_size":"-","motor_num":"2","rt_total":0,"pump_code":"126","sill_el":0,"utm_y":1523711.6052,"material_type":"-","gate_num":0,"crest_el":0,"rate":0,"gate_type":"-","size_h":0,"brand":"-","fn_date":"-","owner":"สำนักงานระบบควบคุมน้ำ","surveillant_mobile":"-","objectid_1":29,"pump_name":"สถานีสูบน้ำคลองพิกุล","motor_total":4,"subdistrict_id":"102009","district_t":"บางกอกน้อย","surveillant_name":"-","district_id":"1020","objectid":57}},{"geometry":{"type":"Point","coordinates":[100.51279300294581,13.717094091754012],"crs":null},"id":30,"type":"Feature","properties":{"pump_type":"-","utm_x":663582.548,"fd_prevent":"11","size_w":0,"year":"2563","accessibility":"ถนนเจริญกรุง ในวัดยานนาวา บริเวณลานจอดรถหน้าสำนักเรียนวัดยานนาวา","motor_sz":"(2,1)","hy_lname":"คลองวัดยานนาวา","pump_size":"-","motor_num":"(3,1)","rt_total":0,"pump_code":"60","sill_el":0,"utm_y":1516950.8573,"material_type":"-","gate_num":0,"crest_el":0,"rate":0,"gate_type":"-","size_h":0,"brand":"-","fn_date":"-","owner":"สำนักงานระบบควบคุมน้ำ","surveillant_mobile":"-","objectid_1":30,"pump_name":"สถานีสูบน้ำวัดยานนาวา","motor_total":7,"subdistrict_id":"102802","district_t":"สาทร","surveillant_name":"-","district_id":"1028","objectid":29}},{"geometry":{"type":"Point","coordinates":[100.51347849302638,13.72020865745543],"crs":null},"id":31,"type":"Feature","properties":{"pump_type":"-","utm_x":663654.5284,"fd_prevent":"12","size_w":0,"year":"2564","accessibility":"ซอย เจริญกรุง 50 ภายในโรงแรมShangri-La","motor_sz":"2","hy_lname":"-","pump_size":"-","motor_num":"6","rt_total":0,"pump_code":"62","sill_el":0,"utm_y":1517295.8767,"material_type":"-","gate_num":3,"crest_el":0,"rate":0,"gate_type":"-","size_h":0,"brand":"-","fn_date":"-","owner":"สำนักงานระบบควบคุมน้ำ","surveillant_mobile":"-","objectid_1":31,"pump_name":"สถานีสูบน้ำสาทร","motor_total":12,"subdistrict_id":"100404","district_t":"บางรัก","surveillant_name":"-","district_id":"1004","objectid":30}},{"geometry":{"type":"Point","coordinates":[100.46922296730233,13.721916631620596],"crs":null},"id":32,"type":"Feature","properties":{"pump_type":"-","utm_x":658867.0161,"fd_prevent":"35","size_w":0,"year":"2564","accessibility":"ซอยรัชมงคลประสาธน์7 หลังอาคารจอดรถวัดปากน้ำ","motor_sz":"3","hy_lname":"-","pump_size":"-","motor_num":"5","rt_total":0,"pump_code":"64","sill_el":0,"utm_y":1517455.2656,"material_type":"-","gate_num":4,"crest_el":0,"rate":0,"gate_type":"-","size_h":0,"brand":"-","fn_date":"-","owner":"สำนักงานระบบควบคุมน้ำ","surveillant_mobile":"-","objectid_1":32,"pump_name":"สถานีสูบน้ำภาษีเจริญ","motor_total":15,"subdistrict_id":"102209","district_t":"ภาษีเจริญ","surveillant_name":"-","district_id":"1022","objectid":31}},{"geometry":{"type":"Point","coordinates":[100.47315036181176,13.721937541127932],"crs":null},"id":33,"type":"Feature","properties":{"pump_type":"-","utm_x":659291.7545,"fd_prevent":"35","size_w":0,"year":"2563","accessibility":"ซอยโรงสีง่วนไถ่อยู่ในซอยเทอดไท22 บริเวณสะพานข้ามคลองบางสะแก เป็นสะพานเล็กๆรถยนต์ผ่านไม่ได้","motor_sz":"1","hy_lname":"คลองบางสะแก","pump_size":"-","motor_num":"3","rt_total":0,"pump_code":"65","sill_el":0,"utm_y":1517460.1664,"material_type":"-","gate_num":0,"crest_el":0,"rate":0,"gate_type":"-","size_h":0,"brand":"-","fn_date":"-","owner":"สำนักงานระบบควบคุมน้ำ","surveillant_mobile":"-","objectid_1":33,"pump_name":"สถานีสูบน้ำคลองบางสะแก  (ถนนเทอดไท)","motor_total":3,"subdistrict_id":"101505","district_t":"ธนบุรี","surveillant_name":"-","district_id":"1015","objectid":32}},{"geometry":{"type":"Point","coordinates":[100.47862787935377,13.722398399136843],"crs":null},"id":34,"type":"Feature","properties":{"pump_type":"-","utm_x":659883.8436,"fd_prevent":"31","size_w":0,"year":"2563","accessibility":"ซอยเทอดไท16 ช่วงคลองบางน้ำชน","motor_sz":"1","hy_lname":"คลองบางน้ำชน","pump_size":"-","motor_num":"2","rt_total":0,"pump_code":"66","sill_el":0,"utm_y":1517514.7696,"material_type":"-","gate_num":0,"crest_el":0,"rate":0,"gate_type":"-","size_h":0,"brand":"-","fn_date":"-","owner":"สำนักงานระบบควบคุมน้ำ","surveillant_mobile":"-","objectid_1":34,"pump_name":"สถานีสูบน้ำคลองบางน้ำชน  (ถนนเทอดไท)","motor_total":2,"subdistrict_id":"101505","district_t":"ธนบุรี","surveillant_name":"-","district_id":"1015","objectid":33}},{"geometry":{"type":"Point","coordinates":[100.36429712266269,13.726210061930729],"crs":null},"id":35,"type":"Feature","properties":{"pump_type":"-","utm_x":647516.7157,"fd_prevent":"34","size_w":0,"year":"2563","accessibility":"ถนน คลองทวีวัฒนา ช่วงสะพานข้ามคลองบางแวก ใกล้ไบร์ท&เบรฟ ฟุตซอล","motor_sz":"2","hy_lname":"คลองกำนันเทียน","pump_size":"-","motor_num":"2","rt_total":0,"pump_code":"69","sill_el":0,"utm_y":1517863.6338,"material_type":"-","gate_num":0,"crest_el":0,"rate":0,"gate_type":"-","size_h":0,"brand":"-","fn_date":"-","owner":"สำนักงานระบบควบคุมน้ำ","surveillant_mobile":"-","objectid_1":35,"pump_name":"สถานีสูบน้ำคลองบางแวก","motor_total":4,"subdistrict_id":"102303","district_t":"หนองแขม","surveillant_name":"-","district_id":"1023","objectid":34}},{"geometry":{"type":"Point","coordinates":[100.50893332039001,13.729760517025909],"crs":null},"id":36,"type":"Feature","properties":{"pump_type":"-","utm_x":663156.3466,"fd_prevent":"31","size_w":0,"year":"2563","accessibility":"ถนนเจริญนคร ใกล้แยกคลองสาน ข้างสถานีดับเพลิงปากคลองสาน","motor_sz":"2","hy_lname":"คลองสาน","pump_size":"-","motor_num":"2","rt_total":0,"pump_code":"70","sill_el":0,"utm_y":1518349.4927,"material_type":"-","gate_num":0,"crest_el":0,"rate":0,"gate_type":"-","size_h":0,"brand":"-","fn_date":"-","owner":"สำนักงานระบบควบคุมน้ำ","surveillant_mobile":"-","objectid_1":36,"pump_name":"สถานีสูบน้ำคลองสาน (เจริญนคร 1)","motor_total":4,"subdistrict_id":"101802","district_t":"คลองสาน","surveillant_name":"-","district_id":"1018","objectid":35}},{"geometry":{"type":"Point","coordinates":[100.51409999962762,13.730399999658895],"crs":null},"id":37,"type":"Feature","properties":{"pump_type":"-","utm_x":663714.676,"fd_prevent":"10","size_w":0,"year":"2564","accessibility":"ซอยเจริญกรุง24 ตรงข้ามRiver City","motor_sz":"5","hy_lname":"คลองผดุงกรุงเกษม","pump_size":"-","motor_num":"5","rt_total":0,"pump_code":"71","sill_el":0,"utm_y":1518423.7363,"material_type":"-","gate_num":1,"crest_el":0,"rate":0,"gate_type":"-","size_h":0,"brand":"-","fn_date":"-","owner":"สำนักงานระบบควบคุมน้ำ","surveillant_mobile":"-","objectid_1":37,"pump_name":"สถานีสูบน้ำกรุงเกษม","motor_total":25,"subdistrict_id":"101303","district_t":"สัมพันธวงศ์","surveillant_name":"-","district_id":"1013","objectid":36}},{"geometry":{"type":"Point","coordinates":[100.48679999980722,13.73159999967893],"crs":null},"id":38,"type":"Feature","properties":{"pump_type":"-","utm_x":660761.4011,"fd_prevent":"31","size_w":0,"year":"2563","accessibility":"ซอยวัดใหญ่ศรีสุพรรณ ตรอกต้นหว้า ช่วงซอยไส้ไก่หลังรร.สาธิตมหาวิทยาลัยราชภัฏบ้านสมเด็จเจ้าพระยา ","motor_sz":"(2,0.5,0.4)","hy_lname":"คลองบางไส้ไก่","pump_size":"-","motor_num":"(1,2,1)","rt_total":0,"pump_code":"72","sill_el":0,"utm_y":1518538.1313,"material_type":"-","gate_num":0,"crest_el":0,"rate":0,"gate_type":"-","size_h":0,"brand":"-","fn_date":"-","owner":"สำนักงานระบบควบคุมน้ำ","surveillant_mobile":"-","objectid_1":38,"pump_name":"สถานีสูบน้ำคลองบางไส้ไก่ (วค.บ้านสมเด็จฯ)","motor_total":4.4,"subdistrict_id":"101502","district_t":"ธนบุรี","surveillant_name":"-","district_id":"1015","objectid":37}},{"geometry":{"type":"Point","coordinates":[100.49870894442508,13.737821471359013],"crs":null},"id":39,"type":"Feature","properties":{"pump_type":"-","utm_x":662045.0509,"fd_prevent":"31","size_w":0,"year":"2563","accessibility":"ซอยตลาดสมเด็จเจ้าพระยา คลองหลังสนามฟุตซอลเจ้าพระยาอารีน่า","motor_sz":"1","hy_lname":"คลองข้างวัดอนงคาราม","pump_size":"-","motor_num":"2","rt_total":0,"pump_code":"73","sill_el":0,"utm_y":1519234.3575,"material_type":"-","gate_num":0,"crest_el":0,"rate":0,"gate_type":"-","size_h":0,"brand":"-","fn_date":"-","owner":"สำนักงานระบบควบคุมน้ำ","surveillant_mobile":"-","objectid_1":39,"pump_name":"สถานีสูบน้ำคลองวัดอนงค์","motor_total":2,"subdistrict_id":"101801","district_t":"คลองสาน","surveillant_name":"-","district_id":"1018","objectid":38}},{"geometry":{"type":"Point","coordinates":[100.50041054956083,13.740314894118338],"crs":null},"id":40,"type":"Feature","properties":{"pump_type":"-","utm_x":662227.3553,"fd_prevent":"10","size_w":0,"year":"2563","accessibility":"ถนนสะพานพุทธ ฝั่งชุมชนตรงข้ามสวนสมเด็จพระปกเกล้าฯ","motor_sz":"3","hy_lname":"คลองรอบกรุง","pump_size":"-","motor_num":"1","rt_total":0,"pump_code":"75","sill_el":0,"utm_y":1519511.3403,"material_type":"-","gate_num":0,"crest_el":0,"rate":0,"gate_type":"-","size_h":0,"brand":"-","fn_date":"-","owner":"สำนักงานระบบควบคุมน้ำ","surveillant_mobile":"-","objectid_1":40,"pump_name":"สถานีสูบน้ำโอ่งอ่าง","motor_total":3,"subdistrict_id":"101301","district_t":"สัมพันธวงศ์","surveillant_name":"-","district_id":"1013","objectid":39}},{"geometry":{"type":"Point","coordinates":[100.490191184514,13.740756855629993],"crs":null},"id":41,"type":"Feature","properties":{"pump_type":"-","utm_x":661122.8841,"fd_prevent":"30","size_w":0,"year":"2564","accessibility":"ซอยอรุณอมรินทร์8 ริมคลองบางกอกใหญ่ ในวัดโมลีโลกยารามราชวรวิหาร","motor_sz":"3","hy_lname":"คลองบางกอกใหญ่","pump_size":"-","motor_num":"18","rt_total":0,"pump_code":"76","sill_el":0,"utm_y":1519547.0966,"material_type":"-","gate_num":3,"crest_el":0,"rate":0,"gate_type":"-","size_h":0,"brand":"-","fn_date":"-","owner":"สำนักงานระบบควบคุมน้ำ","surveillant_mobile":"-","objectid_1":41,"pump_name":"สถานีสูบน้ำคลองบางกอกใหญ่","motor_total":57,"subdistrict_id":"101601","district_t":"บางกอกใหญ่","surveillant_name":"-","district_id":"1016","objectid":40}},{"geometry":{"type":"Point","coordinates":[100.49460742141756,13.74221286985718],"crs":null},"id":42,"type":"Feature","properties":{"pump_type":"-","utm_x":661598.4809,"fd_prevent":"10","size_w":0,"year":"2563","accessibility":"ปากคลองตลาด ซอยข้างโรงเรียนราชินี","motor_sz":"2","hy_lname":"คลองคูเมืองเดิม","pump_size":"-","motor_num":"2","rt_total":0,"pump_code":"77","sill_el":0,"utm_y":1519717.4095,"material_type":"-","gate_num":0,"crest_el":0,"rate":0,"gate_type":"-","size_h":0,"brand":"-","fn_date":"-","owner":"สำนักงานระบบควบคุมน้ำ","surveillant_mobile":"-","objectid_1":42,"pump_name":"สถานีสูบน้ำปากคลองตลาด","motor_total":4,"subdistrict_id":"100101","district_t":"พระนคร","surveillant_name":"-","district_id":"1001","objectid":41}},{"geometry":{"type":"Point","coordinates":[100.48512679252484,13.74714175392829],"crs":null},"id":43,"type":"Feature","properties":{"pump_type":"-","utm_x":660569.8611,"fd_prevent":"30","size_w":0,"year":"2564","accessibility":"ถนน อรุณอมรินทร์ ตรงวัดเครือวัลย์วรวิหาร","motor_sz":"3","hy_lname":"คลองมอญ","pump_size":"-","motor_num":"8","rt_total":0,"pump_code":"79","sill_el":0,"utm_y":1520256.3372,"material_type":"-","gate_num":3,"crest_el":0,"rate":0,"gate_type":"-","size_h":0,"brand":"-","fn_date":"-","owner":"สำนักงานระบบควบคุมน้ำ","surveillant_mobile":"-","objectid_1":43,"pump_name":"สถานีสูบน้ำคลองมอญ","motor_total":24,"subdistrict_id":"101601","district_t":"บางกอกใหญ่","surveillant_name":"-","district_id":"1016","objectid":42}},{"geometry":{"type":"Point","coordinates":[100.46033062358562,13.754903592251132],"crs":null},"id":44,"type":"Feature","properties":{"pump_type":"-","utm_x":657883.2073,"fd_prevent":"30","size_w":0,"year":"2563","accessibility":"ซอยจรัญสนิทวงศ์ 33 ท้ายซอยริมคลองบางขุนศรี","motor_sz":"1","hy_lname":"คลองชักพระ","pump_size":"-","motor_num":"2","rt_total":0,"pump_code":"85","sill_el":0,"utm_y":1521098.607,"material_type":"-","gate_num":0,"crest_el":0,"rate":0,"gate_type":"-","size_h":0,"brand":"-","fn_date":"-","owner":"สำนักงานระบบควบคุมน้ำ","surveillant_mobile":"-","objectid_1":44,"pump_name":"สถานีสูบน้ำคลองจักรทอง (ด้านชักพระ)","motor_total":2,"subdistrict_id":"102007","district_t":"บางกอกน้อย","surveillant_name":"-","district_id":"1020","objectid":43}},{"geometry":{"type":"Point","coordinates":[100.49174624026372,13.760883484405985],"crs":null},"id":45,"type":"Feature","properties":{"pump_type":"-","utm_x":661276.2784,"fd_prevent":"10","size_w":0,"year":"2563","accessibility":"ถนนพระอาทิตย์ ใต้สะพานสมเด็จพระปิ่นเกล้า","motor_sz":"2","hy_lname":"คลองคูเมืองเดิม","pump_size":"-","motor_num":"2","rt_total":0,"pump_code":"93","sill_el":0,"utm_y":1521780.954,"material_type":"-","gate_num":0,"crest_el":0,"rate":0,"gate_type":"-","size_h":0,"brand":"-","fn_date":"-","owner":"สำนักงานระบบควบคุมน้ำ","surveillant_mobile":"-","objectid_1":45,"pump_name":"สถานีสูบน้ำปิ่นเกล้า","motor_total":4,"subdistrict_id":"100109","district_t":"พระนคร","surveillant_name":"-","district_id":"1001","objectid":44}},{"geometry":{"type":"Point","coordinates":[100.48822202345097,13.762004497319106],"crs":null},"id":46,"type":"Feature","properties":{"pump_type":"-","utm_x":660894.4238,"fd_prevent":"29","size_w":0,"year":"2563","accessibility":"ภายในซอยดุสิตดาราม ช่วงสะพานข้ามคลองดุสิต ใกล้วัดดุสิดารามวรวิหาร","motor_sz":"0.5","hy_lname":"คลองบ้านขนมจีน","pump_size":"-","motor_num":"2","rt_total":0,"pump_code":"96","sill_el":0,"utm_y":1521902.6095,"material_type":"-","gate_num":0,"crest_el":0,"rate":0,"gate_type":"-","size_h":0,"brand":"-","fn_date":"-","owner":"สำนักงานระบบควบคุมน้ำ","surveillant_mobile":"-","objectid_1":46,"pump_name":"สถานีสูบน้ำคลองวัดดุสิต","motor_total":1,"subdistrict_id":"102009","district_t":"บางกอกน้อย","surveillant_name":"-","district_id":"1020","objectid":45}},{"geometry":{"type":"Point","coordinates":[100.47749999989236,13.763300000024316],"crs":null},"id":47,"type":"Feature","properties":{"pump_type":"-","utm_x":659734.1364,"fd_prevent":"30","size_w":0,"year":"2563","accessibility":"ซอยจรัญสนิทวงศ์32 วัดสุวรรณารามราชวรวิหาร บริเวณสะพานวัดทอง","motor_sz":"2","hy_lname":"คลองวัดทอง","pump_size":"-","motor_num":"3","rt_total":0,"pump_code":"101","sill_el":0,"utm_y":1522038.7856,"material_type":"-","gate_num":0,"crest_el":0,"rate":0,"gate_type":"-","size_h":0,"brand":"-","fn_date":"-","owner":"สำนักงานระบบควบคุมน้ำ","surveillant_mobile":"-","objectid_1":47,"pump_name":"สถานีสูบน้ำคลองจักรทอง (ด้านบางกอกน้อย)","motor_total":6,"subdistrict_id":"102004","district_t":"บางกอกน้อย","surveillant_name":"-","district_id":"1020","objectid":46}},{"geometry":{"type":"Point","coordinates":[100.47844029666932,13.763897750090322],"crs":null},"id":48,"type":"Feature","properties":{"pump_type":"-","utm_x":659835.407,"fd_prevent":"29","size_w":0,"year":"2563","accessibility":"ซอยอรุณอมรินทร์ 35 เข้าไปอยู่ภายในชุมชนสันติชนสงเคราะห์","motor_sz":"0.5","hy_lname":"คลองน้ำตาล","pump_size":"-","motor_num":"2","rt_total":0,"pump_code":"105","sill_el":0,"utm_y":1522105.5363,"material_type":"-","gate_num":0,"crest_el":0,"rate":0,"gate_type":"-","size_h":0,"brand":"-","fn_date":"-","owner":"สำนักงานระบบควบคุมน้ำ","surveillant_mobile":"-","objectid_1":48,"pump_name":"สถานีสูบน้ำคลองน้ำตาล","motor_total":1,"subdistrict_id":"102009","district_t":"บางกอกน้อย","surveillant_name":"-","district_id":"1020","objectid":47}},{"geometry":{"type":"Point","coordinates":[100.49606407320357,13.764373257783344],"crs":null},"id":49,"type":"Feature","properties":{"pump_type":"-","utm_x":661740.7856,"fd_prevent":"10","size_w":0,"year":"2563","accessibility":"ซอยลำพู ช่วงสะพานฮงอุทิศเข้าวัดสังเวชวิศยาราม","motor_sz":"0.5","hy_lname":"คลองรอบกรุง","pump_size":"-","motor_num":"1","rt_total":0,"pump_code":"107","sill_el":0,"utm_y":1522169.9121,"material_type":"-","gate_num":0,"crest_el":0,"rate":0,"gate_type":"-","size_h":0,"brand":"-","fn_date":"-","owner":"สำนักงานระบบควบคุมน้ำ","surveillant_mobile":"-","objectid_1":49,"pump_name":"สถานีสูบน้ำบางลำพู","motor_total":0.5,"subdistrict_id":"100112","district_t":"พระนคร","surveillant_name":"-","district_id":"1001","objectid":48}},{"geometry":{"type":"Point","coordinates":[100.476200000561,13.765500000271468],"crs":null},"id":50,"type":"Feature","properties":{"pump_type":"-","utm_x":659592.072,"fd_prevent":"29","size_w":0,"year":"2563","accessibility":"ซอยเล็กๆข้างสะพานข้ามคลองบางกอกน้อย ถนนจรัญสนืทวงศ์","motor_sz":"0.5","hy_lname":"คลองพิณพาทย์","pump_size":"-","motor_num":"2","rt_total":0,"pump_code":"111","sill_el":0,"utm_y":1522281.2999,"material_type":"-","gate_num":0,"crest_el":0,"rate":0,"gate_type":"-","size_h":0,"brand":"-","fn_date":"-","owner":"สำนักงานระบบควบคุมน้ำ","surveillant_mobile":"-","objectid_1":50,"pump_name":"สถานีสูบน้ำคลองพิณพาทย์","motor_total":1,"subdistrict_id":"102009","district_t":"บางกอกน้อย","surveillant_name":"-","district_id":"1020","objectid":49}},{"geometry":{"type":"Point","coordinates":[100.49400949924794,13.767024649018973],"crs":null},"id":51,"type":"Feature","properties":{"pump_type":"-","utm_x":661516.7985,"fd_prevent":"29","size_w":0,"year":"2563","accessibility":"ถนนอรุณอมรินทร์36 ใกล้สำนักงานมูลนิธิชัยพัฒนา แถวๆสวนหลวง พระราม 8","motor_sz":"(5,2,2)","hy_lname":"คลองบางยี่ขัน","pump_size":"-","motor_num":"(2,1,1)","rt_total":0,"pump_code":"113","sill_el":0,"utm_y":1522461.8466,"material_type":"-","gate_num":0,"crest_el":0,"rate":0,"gate_type":"-","size_h":0,"brand":"-","fn_date":"-","owner":"สำนักงานระบบควบคุมน้ำ","surveillant_mobile":"-","objectid_1":51,"pump_name":"สถานีสูบน้ำคลองบางยี่ขัน","motor_total":15,"subdistrict_id":"102504","district_t":"บางพลัด","surveillant_name":"-","district_id":"1025","objectid":50}},{"geometry":{"type":"Point","coordinates":[100.47223742136585,13.768414578040543],"crs":null},"id":52,"type":"Feature","properties":{"pump_type":"-","utm_x":659161.621,"fd_prevent":"30","size_w":0,"year":"2563","accessibility":"ในวัดศรีสุดารามวรวิหาร บริเวณหลังมหาจุฬาลงกรณราชวิทยาลัย","motor_sz":"0.5","hy_lname":"-","pump_size":"-","motor_num":"2","rt_total":0,"pump_code":"114","sill_el":0,"utm_y":1522601.1027,"material_type":"-","gate_num":0,"crest_el":0,"rate":0,"gate_type":"-","size_h":0,"brand":"-","fn_date":"-","owner":"สำนักงานระบบควบคุมน้ำ","surveillant_mobile":"-","objectid_1":52,"pump_name":"สถานีสูบน้ำคลองวัดศรีสุดาราม","motor_total":1,"subdistrict_id":"102006","district_t":"บางกอกน้อย","surveillant_name":"-","district_id":"1020","objectid":51}},{"geometry":{"type":"Point","coordinates":[100.50119503226108,13.771823397240048],"crs":null},"id":53,"type":"Feature","properties":{"pump_type":"-","utm_x":662290.4707,"fd_prevent":"10","size_w":0,"year":"2564","accessibility":"ถนนกรุงเกษม ริมคลองตรงข้ามตลาดเทวราช ใกล้วัดนรนาถสุนทริการาม","motor_sz":"3","hy_lname":"คลองผดุงกรุงเกษม","pump_size":"-","motor_num":"5","rt_total":0,"pump_code":"119","sill_el":0,"utm_y":1522997.5511,"material_type":"-","gate_num":2,"crest_el":0,"rate":0,"gate_type":"-","size_h":0,"brand":"-","fn_date":"-","owner":"สำนักงานระบบควบคุมน้ำ","surveillant_mobile":"-","objectid_1":53,"pump_name":"สถานีสูบน้ำเทเวศร์","motor_total":9,"subdistrict_id":"100112","district_t":"พระนคร","surveillant_name":"-","district_id":"1001","objectid":52}},{"geometry":{"type":"Point","coordinates":[100.4728204992873,13.771391267189646],"crs":null},"id":54,"type":"Feature","properties":{"pump_type":"-","utm_x":659222.6539,"fd_prevent":"29","size_w":0,"year":"2563","accessibility":"ซอย จรัญสนิทวงศ์ 41 ตรงเข้าไปลึกๆช่วงสะพานข้ามคลองผักหนาม","motor_sz":"2","hy_lname":"คลองผักหนาม","pump_size":"-","motor_num":"2","rt_total":0,"pump_code":"120","sill_el":0,"utm_y":1522930.7864,"material_type":"-","gate_num":0,"crest_el":0,"rate":0,"gate_type":"-","size_h":0,"brand":"-","fn_date":"-","owner":"สำนักงานระบบควบคุมน้ำ","surveillant_mobile":"-","objectid_1":54,"pump_name":"สถานีสูบน้ำคลองผักหนาม","motor_total":4,"subdistrict_id":"102009","district_t":"บางกอกน้อย","surveillant_name":"-","district_id":"1020","objectid":53}},{"geometry":{"type":"Point","coordinates":[100.47129980817678,13.77362176559226],"crs":null},"id":55,"type":"Feature","properties":{"pump_type":"-","utm_x":659056.715,"fd_prevent":"29","size_w":0,"year":"2563","accessibility":"ในวัดนายโรง ริมคลองบางกอกน้อย","motor_sz":"3","hy_lname":"คลองบางบำหรุ","pump_size":"-","motor_num":"5","rt_total":0,"pump_code":"121","sill_el":0,"utm_y":1523176.5306,"material_type":"-","gate_num":0,"crest_el":0,"rate":0,"gate_type":"-","size_h":0,"brand":"-","fn_date":"-","owner":"สำนักงานระบบควบคุมน้ำ","surveillant_mobile":"-","objectid_1":55,"pump_name":"สถานีสูบน้ำคลองบางบำหรุ","motor_total":15,"subdistrict_id":"102009","district_t":"บางกอกน้อย","surveillant_name":"-","district_id":"1020","objectid":54}},{"geometry":{"type":"Point","coordinates":[100.49704755177986,13.773989638284228],"crs":null},"id":56,"type":"Feature","properties":{"pump_type":"-","utm_x":661840.5146,"fd_prevent":"29","size_w":0,"year":"2563","accessibility":"ซอย จรัญสนิทวงศ์ 44 หน้าสถานีดับเพลิงและกู้ภัยบวรมงคล ข้างอู่ต่อเรือสุภัทรา","motor_sz":"0.5","hy_lname":"คลองวัดบวรมงคล","pump_size":"-","motor_num":"2","rt_total":0,"pump_code":"122","sill_el":0,"utm_y":1523234.4012,"material_type":"-","gate_num":0,"crest_el":0,"rate":0,"gate_type":"-","size_h":0,"brand":"-","fn_date":"-","owner":"สำนักงานระบบควบคุมน้ำ","surveillant_mobile":"-","objectid_1":56,"pump_name":"สถานีสูบน้ำข้างอู่ต่อเรือสุภัทรา","motor_total":1,"subdistrict_id":"102504","district_t":"บางพลัด","surveillant_name":"-","district_id":"1025","objectid":55}},{"geometry":{"type":"Point","coordinates":[100.46804934326114,13.777338569619193],"crs":null},"id":57,"type":"Feature","properties":{"pump_type":"-","utm_x":658702.7415,"fd_prevent":"30","size_w":0,"year":"2563","accessibility":"ซอยบางขุนนนท์24(ซอยกิตติชัย) ตรงเข้าไปเข้าแยกขวามือข้างพรรคเสรีรวมไทย","motor_sz":"0.5","hy_lname":"คลองแกลบ","pump_size":"-","motor_num":"2","rt_total":0,"pump_code":"125","sill_el":0,"utm_y":1523585.5567,"material_type":"-","gate_num":0,"crest_el":0,"rate":0,"gate_type":"-","size_h":0,"brand":"-","fn_date":"-","owner":"สำนักงานระบบควบคุมน้ำ","surveillant_mobile":"-","objectid_1":57,"pump_name":"สถานีสูบน้ำคลองแกลบ","motor_total":1,"subdistrict_id":"102006","district_t":"บางกอกน้อย","surveillant_name":"-","district_id":"1020","objectid":56}},{"geometry":{"type":"Point","coordinates":[100.46494890189227,13.778867777525248],"crs":null},"id":58,"type":"Feature","properties":{"pump_type":"-","utm_x":658366.4742,"fd_prevent":"32","size_w":0,"year":"2564","accessibility":"ถนนบางขุนนนท์บริเวณสะพานคลองชักพระ ใกล้กรมบังคับคดี","motor_sz":"3","hy_lname":"คลองชักพระ","pump_size":"-","motor_num":"16","rt_total":0,"pump_code":"127","sill_el":0,"utm_y":1523752.6819,"material_type":"-","gate_num":2,"crest_el":0,"rate":0,"gate_type":"-","size_h":0,"brand":"-","fn_date":"-","owner":"สำนักงานระบบควบคุมน้ำ","surveillant_mobile":"-","objectid_1":58,"pump_name":"สถานีสูบน้ำคลองชักพระ","motor_total":48,"subdistrict_id":"101901","district_t":"ตลิ่งชัน","surveillant_name":"-","district_id":"1019","objectid":58}},{"geometry":{"type":"Point","coordinates":[100.49830408491002,13.778826762230434],"crs":null},"id":59,"type":"Feature","properties":{"pump_type":"-","utm_x":661973.0485,"fd_prevent":"29","size_w":0,"year":"2563","accessibility":"ริมคลองบางจากหลังวัดภคินีนาถวรวิหาร","motor_sz":"3","hy_lname":"คลองบางจาก","pump_size":"-","motor_num":"2","rt_total":0,"pump_code":"128","sill_el":0,"utm_y":1523770.3624,"material_type":"-","gate_num":0,"crest_el":0,"rate":0,"gate_type":"-","size_h":0,"brand":"-","fn_date":"-","owner":"สำนักงานระบบควบคุมน้ำ","surveillant_mobile":"-","objectid_1":59,"pump_name":"สถานีสูบน้ำคลองบางจาก","motor_total":6,"subdistrict_id":"102504","district_t":"บางพลัด","surveillant_name":"-","district_id":"1025","objectid":59}},{"geometry":{"type":"Point","coordinates":[100.50365500205379,13.779004101856717],"crs":null},"id":60,"type":"Feature","properties":{"pump_type":"-","utm_x":662551.5011,"fd_prevent":"08","size_w":0,"year":"2563","accessibility":"ซอย สามเสน 13 ใกล้วิทยาลัยพัฒนาชุมชนเมือง","motor_sz":"1","hy_lname":"คลองบ้านญวนสามเสน","pump_size":"-","motor_num":"2","rt_total":0,"pump_code":"129","sill_el":0,"utm_y":1523793.5918,"material_type":"-","gate_num":0,"crest_el":0,"rate":0,"gate_type":"-","size_h":0,"brand":"-","fn_date":"-","owner":"สำนักงานระบบควบคุมน้ำ","surveillant_mobile":"-","objectid_1":60,"pump_name":"สถานีสูบน้ำคลองบ้านญวน","motor_total":2,"subdistrict_id":"100202","district_t":"ดุสิต","surveillant_name":"-","district_id":"1002","objectid":60}},{"geometry":{"type":"Point","coordinates":[100.50524263336017,13.782623188587234],"crs":null},"id":61,"type":"Feature","properties":{"pump_type":"-","utm_x":662720.6599,"fd_prevent":"08","size_w":0,"year":"2563","accessibility":"ในสถานีดับเพลิงสามเสน ถนนขาว","motor_sz":"--","hy_lname":"คูน้ำข้างวิทยาลัยเกื้อการุณย์","pump_size":"-","motor_num":"-","rt_total":0,"pump_code":"130","sill_el":0,"utm_y":1524195.0348,"material_type":"-","gate_num":0,"crest_el":0,"rate":0,"gate_type":"-","size_h":0,"brand":"-","fn_date":"-","owner":"สำนักงานระบบควบคุมน้ำ","surveillant_mobile":"-","objectid_1":61,"pump_name":"สถานีสูบน้ำสังคโลก (ดับเพลิงสามเสน)","motor_total":3.5,"subdistrict_id":"100202","district_t":"ดุสิต","surveillant_name":"-","district_id":"1002","objectid":61}},{"geometry":{"type":"Point","coordinates":[100.50835607207384,13.784820990174019],"crs":null},"id":62,"type":"Feature","properties":{"pump_type":"-","utm_x":663055.7747,"fd_prevent":"08","size_w":0,"year":"2564","accessibility":"ซอยดาวข่าง ใกล้ศาลเจ้าพ่อต้นโพธิ์","motor_sz":"3","hy_lname":"คลองสามเสน","pump_size":"-","motor_num":"15","rt_total":0,"pump_code":"132","sill_el":0,"utm_y":1524440.2813,"material_type":"-","gate_num":5,"crest_el":0,"rate":0,"gate_type":"-","size_h":0,"brand":"-","fn_date":"-","owner":"สำนักงานระบบควบคุมน้ำ","surveillant_mobile":"-","objectid_1":62,"pump_name":"สถานีสูบน้ำสามเสน","motor_total":45,"subdistrict_id":"100202","district_t":"ดุสิต","surveillant_name":"-","district_id":"1002","objectid":62}},{"geometry":{"type":"Point","coordinates":[100.46535871074659,13.786371544967063],"crs":null},"id":63,"type":"Feature","properties":{"pump_type":"-","utm_x":658405.7257,"fd_prevent":"32","size_w":0,"year":"2563","accessibility":"ใกล้วัดไก่เตี้ย ใต้สะพานถนนบรมราชชนนี","motor_sz":"2","hy_lname":"คลองวัดไก่เตี้ย","pump_size":"-","motor_num":"3","rt_total":0,"pump_code":"135","sill_el":0,"utm_y":1524583.0588,"material_type":"-","gate_num":0,"crest_el":0,"rate":0,"gate_type":"-","size_h":0,"brand":"-","fn_date":"-","owner":"สำนักงานระบบควบคุมน้ำ","surveillant_mobile":"-","objectid_1":63,"pump_name":"สถานีสูบน้ำคลองวัดไก่เตี้ย","motor_total":6,"subdistrict_id":"101902","district_t":"ตลิ่งชัน","surveillant_name":"-","district_id":"1019","objectid":63}},{"geometry":{"type":"Point","coordinates":[100.50341353548977,13.78703584665867],"crs":null},"id":64,"type":"Feature","properties":{"pump_type":"-","utm_x":662519.8363,"fd_prevent":"29","size_w":0,"year":"2563","accessibility":"ซอยจรัญสนิทวงศ์70 หลังโลตัส จรัญสนิทวงศ์","motor_sz":"2","hy_lname":"คลองบางพลู","pump_size":"-","motor_num":"3","rt_total":0,"pump_code":"136","sill_el":0,"utm_y":1524681.9569,"material_type":"-","gate_num":0,"crest_el":0,"rate":0,"gate_type":"-","size_h":0,"brand":"-","fn_date":"-","owner":"สำนักงานระบบควบคุมน้ำ","surveillant_mobile":"-","objectid_1":64,"pump_name":"สถานีสูบน้ำคลองบางพลู","motor_total":6,"subdistrict_id":"102501","district_t":"บางพลัด","surveillant_name":"-","district_id":"1025","objectid":64}},{"geometry":{"type":"Point","coordinates":[100.46600028701492,13.789545919365477],"crs":null},"id":65,"type":"Feature","properties":{"pump_type":"-","utm_x":658472.9519,"fd_prevent":"32","size_w":0,"year":"2563","accessibility":"ซอยชัยพฤกษ์16 ริมคลอง","motor_sz":"1","hy_lname":"คลองสวนแดน 1","pump_size":"-","motor_num":"2","rt_total":0,"pump_code":"139","sill_el":0,"utm_y":1524934.6483,"material_type":"-","gate_num":0,"crest_el":0,"rate":0,"gate_type":"-","size_h":0,"brand":"-","fn_date":"-","owner":"สำนักงานระบบควบคุมน้ำ","surveillant_mobile":"-","objectid_1":65,"pump_name":"สถานีสูบน้ำคลองสวนแดน 1","motor_total":2,"subdistrict_id":"101902","district_t":"ตลิ่งชัน","surveillant_name":"-","district_id":"1019","objectid":65}},{"geometry":{"type":"Point","coordinates":[100.5062742860362,13.790709542264688],"crs":null},"id":66,"type":"Feature","properties":{"pump_type":"-","utm_x":662826.6014,"fd_prevent":"29","size_w":0,"year":"2563","accessibility":"ใกล้วัดอาวุธวิกสิตาราม","motor_sz":"3","hy_lname":"คลองบางพลัด","pump_size":"-","motor_num":"3","rt_total":0,"pump_code":"141","sill_el":0,"utm_y":1525090.3042,"material_type":"-","gate_num":0,"crest_el":0,"rate":0,"gate_type":"-","size_h":0,"brand":"-","fn_date":"-","owner":"สำนักงานระบบควบคุมน้ำ","surveillant_mobile":"-","objectid_1":66,"pump_name":"สถานีสูบน้ำคลองบางพลัด","motor_total":9,"subdistrict_id":"102502","district_t":"บางพลัด","surveillant_name":"-","district_id":"1025","objectid":66}},{"geometry":{"type":"Point","coordinates":[100.50871578425773,13.791719036410365],"crs":null},"id":67,"type":"Feature","properties":{"pump_type":"-","utm_x":663089.8779,"fd_prevent":"29","size_w":0,"year":"2563","accessibility":"ภายในชุมชนจรัญวิถี74 ติดแม่น้ำเจ้าพระยา","motor_sz":"1","hy_lname":"คลองบางพระครู","pump_size":"-","motor_num":"2","rt_total":0,"pump_code":"143","sill_el":0,"utm_y":1525203.6379,"material_type":"-","gate_num":0,"crest_el":0,"rate":0,"gate_type":"-","size_h":0,"brand":"-","fn_date":"-","owner":"สำนักงานระบบควบคุมน้ำ","surveillant_mobile":"-","objectid_1":67,"pump_name":"สถานีสูบน้ำคลองบางพระครู","motor_total":2,"subdistrict_id":"102502","district_t":"บางพลัด","surveillant_name":"-","district_id":"1025","objectid":67}},{"geometry":{"type":"Point","coordinates":[100.51085320131185,13.793828987140822],"crs":null},"id":68,"type":"Feature","properties":{"pump_type":"-","utm_x":663319.5094,"fd_prevent":"29","size_w":0,"year":"2563","accessibility":"ซอย จรัญสนิทวงศ์ 84 สุดซอย","motor_sz":"1","hy_lname":"คลองบางรัก","pump_size":"-","motor_num":"2","rt_total":0,"pump_code":"145","sill_el":0,"utm_y":1525438.5085,"material_type":"-","gate_num":0,"crest_el":0,"rate":0,"gate_type":"-","size_h":0,"brand":"-","fn_date":"-","owner":"สำนักงานระบบควบคุมน้ำ","surveillant_mobile":"-","objectid_1":68,"pump_name":"สถานีสูบน้ำคลองบางรัก","motor_total":2,"subdistrict_id":"102502","district_t":"บางพลัด","surveillant_name":"-","district_id":"1025","objectid":68}},{"geometry":{"type":"Point","coordinates":[100.51068188954292,13.795747837293662],"crs":null},"id":69,"type":"Feature","properties":{"pump_type":"-","utm_x":663299.6523,"fd_prevent":"29","size_w":0,"year":"2563","accessibility":"ในซอย จรัญสนิทวงศ์  86","motor_sz":"1","hy_lname":"คลองเตาอิฐ","pump_size":"-","motor_num":"2","rt_total":0,"pump_code":"150","sill_el":0,"utm_y":1525650.6696,"material_type":"-","gate_num":0,"crest_el":0,"rate":0,"gate_type":"-","size_h":0,"brand":"-","fn_date":"-","owner":"สำนักงานระบบควบคุมน้ำ","surveillant_mobile":"-","objectid_1":69,"pump_name":"สถานีสูบน้ำคลองเตาอิฐ","motor_total":2,"subdistrict_id":"102502","district_t":"บางพลัด","surveillant_name":"-","district_id":"1025","objectid":69}},{"geometry":{"type":"Point","coordinates":[100.51353533571353,13.797790831183562],"crs":null},"id":70,"type":"Feature","properties":{"pump_type":"-","utm_x":663606.7401,"fd_prevent":"29","size_w":0,"year":"2563","accessibility":"ซอย จรัญสนิทวงศ์ 92 หลังโกดัง","motor_sz":"1","hy_lname":"คลองสะพานยาว","pump_size":"-","motor_num":"1","rt_total":0,"pump_code":"151","sill_el":0,"utm_y":1525878.6232,"material_type":"-","gate_num":0,"crest_el":0,"rate":0,"gate_type":"-","size_h":0,"brand":"-","fn_date":"-","owner":"สำนักงานระบบควบคุมน้ำ","surveillant_mobile":"-","objectid_1":70,"pump_name":"สถานีสูบน้ำคลองสะพานยาว","motor_total":1,"subdistrict_id":"102502","district_t":"บางพลัด","surveillant_name":"-","district_id":"1025","objectid":70}},{"geometry":{"type":"Point","coordinates":[100.44488080213796,13.798437055271433],"crs":null},"id":71,"type":"Feature","properties":{"pump_type":"-","utm_x":656183.6094,"fd_prevent":"32","size_w":0,"year":"2563","accessibility":"ถนนสวนผัก ช่วงสะพานข้ามคลองศาลเจ้า ใกล้ร้านกล่องไปรษณีย์","motor_sz":"1","hy_lname":"คลองศาลเจ้า","pump_size":"-","motor_num":"3","rt_total":0,"pump_code":"152","sill_el":0,"utm_y":1525904.3976,"material_type":"-","gate_num":0,"crest_el":0,"rate":0,"gate_type":"-","size_h":0,"brand":"-","fn_date":"-","owner":"สำนักงานระบบควบคุมน้ำ","surveillant_mobile":"-","objectid_1":71,"pump_name":"สถานีสูบน้ำคลองศาลเจ้า","motor_total":3,"subdistrict_id":"101902","district_t":"ตลิ่งชัน","surveillant_name":"-","district_id":"1019","objectid":71}},{"geometry":{"type":"Point","coordinates":[100.52111360452282,13.79948460961959],"crs":null},"id":72,"type":"Feature","properties":{"pump_type":"-","utm_x":664424.9033,"fd_prevent":"07","size_w":0,"year":"2563","accessibility":"บริเวณอาคารสำนักงานเกียกกาย ข้างสะพานพิบูลสงคราม","motor_sz":"10","hy_lname":"-","pump_size":"-","motor_num":"6","rt_total":0,"pump_code":"153","sill_el":0,"utm_y":1526071.1787,"material_type":"-","gate_num":0,"crest_el":0,"rate":0,"gate_type":"-","size_h":0,"brand":"-","fn_date":"-","owner":"สำนักงานระบบควบคุมน้ำ","surveillant_mobile":"-","objectid_1":72,"pump_name":"สถานีสูบน้ำอุโมงค์บางซื่อ","motor_total":60,"subdistrict_id":"100206","district_t":"ดุสิต","surveillant_name":"-","district_id":"1002","objectid":72}},{"geometry":{"type":"Point","coordinates":[100.51839599871627,13.800186630586978],"crs":null},"id":73,"type":"Feature","properties":{"pump_type":"-","utm_x":664130.591,"fd_prevent":"22","size_w":0,"year":"2564","accessibility":"ในวัดแก้วฟ้าจุฬามณี ริมคลองบางซื่อ","motor_sz":"3","hy_lname":"คลองบางซื่อ","pump_size":"-","motor_num":"17","rt_total":0,"pump_code":"154","sill_el":0,"utm_y":1526146.9824,"material_type":"-","gate_num":6,"crest_el":0,"rate":0,"gate_type":"-","size_h":0,"brand":"-","fn_date":"-","owner":"สำนักงานระบบควบคุมน้ำ","surveillant_mobile":"-","objectid_1":73,"pump_name":"สถานีสูบน้ำคลองบางซื่อ","motor_total":51,"subdistrict_id":"102901","district_t":"บางซื่อ","surveillant_name":"-","district_id":"1029","objectid":73}},{"geometry":{"type":"Point","coordinates":[100.51496710229125,13.800759516060701],"crs":null},"id":74,"type":"Feature","properties":{"pump_type":"-","utm_x":663759.4684,"fd_prevent":"29","size_w":0,"year":"2563","accessibility":"ซอยจรัญสนิทวงศ์94 หลังวัดฉัตรแก้วจงกลณี","motor_sz":"2","hy_lname":"คลองบางอ้อ","pump_size":"-","motor_num":"2","rt_total":0,"pump_code":"155","sill_el":0,"utm_y":1526208.018,"material_type":"-","gate_num":0,"crest_el":0,"rate":0,"gate_type":"-","size_h":0,"brand":"-","fn_date":"-","owner":"สำนักงานระบบควบคุมน้ำ","surveillant_mobile":"-","objectid_1":74,"pump_name":"สถานีสูบน้ำคลองบางอ้อ","motor_total":4,"subdistrict_id":"102502","district_t":"บางพลัด","surveillant_name":"-","district_id":"1025","objectid":74}},{"geometry":{"type":"Point","coordinates":[100.50356411837882,13.809876141160904],"crs":null},"id":75,"type":"Feature","properties":{"pump_type":"-","utm_x":662520.2992,"fd_prevent":"-","size_w":0,"year":"2563","accessibility":"ภายในการไฟฟ้าฝ่ายผลิตบางกรวย บริเวณที่จอดรถ","motor_sz":"2","hy_lname":"-","pump_size":"-","motor_num":"2","rt_total":0,"pump_code":"166","sill_el":0,"utm_y":1527208.8165,"material_type":"-","gate_num":0,"crest_el":0,"rate":0,"gate_type":"-","size_h":0,"brand":"-","fn_date":"-","owner":"สำนักงานระบบควบคุมน้ำ","surveillant_mobile":"-","objectid_1":75,"pump_name":"สถานีสูบน้ำคลองบางละมุด","motor_total":4,"subdistrict_id":"102502","district_t":"บางกรวย","surveillant_name":"-","district_id":"1202","objectid":75}},{"geometry":{"type":"Point","coordinates":[100.51060000072495,13.817200000631788],"crs":null},"id":76,"type":"Feature","properties":{"pump_type":"-","utm_x":663275.8633,"fd_prevent":"23","size_w":0,"year":"2564","accessibility":"ภายในมหาวิทยาลัยเทคโนโลยีราชมงคลพระนคร ริมแม่น้ำเจ้าพระยา","motor_sz":"10","hy_lname":"คลองบางเขนใหม่","pump_size":"-","motor_num":"3","rt_total":0,"pump_code":"171","sill_el":0,"utm_y":1528023.8149,"material_type":"-","gate_num":5,"crest_el":0,"rate":0,"gate_type":"-","size_h":0,"brand":"-","fn_date":"-","owner":"สำนักงานระบบควบคุมน้ำ","surveillant_mobile":"-","objectid_1":76,"pump_name":"สถานีสูบน้ำคลองบางเขนใหม่","motor_total":30,"subdistrict_id":"102902","district_t":"บางซื่อ","surveillant_name":"-","district_id":"1029","objectid":76}},{"geometry":{"type":"Point","coordinates":[100.50709050273176,13.821145500204974],"crs":null},"id":77,"type":"Feature","properties":{"pump_type":"-","utm_x":662893.7119,"fd_prevent":"23","size_w":0,"year":"2563","accessibility":"ถนนพิบูลสงคราม บริเวณสะพานข้ามคลองวัดปากน้ำ ข้างวัดปากน้ำ","motor_sz":"3","hy_lname":"คลองบางเขน","pump_size":"-","motor_num":"3","rt_total":0,"pump_code":"174","sill_el":0,"utm_y":1528457.909,"material_type":"-","gate_num":0,"crest_el":0,"rate":0,"gate_type":"-","size_h":0,"brand":"-","fn_date":"-","owner":"สำนักงานระบบควบคุมน้ำ","surveillant_mobile":"-","objectid_1":77,"pump_name":"สถานีสูบน้ำคลองบางเขนเก่า","motor_total":9,"subdistrict_id":"102902","district_t":"บางซื่อ","surveillant_name":"-","district_id":"1029","objectid":77}},{"geometry":{"type":"Point","coordinates":[100.68936073630677,13.663781135211261],"crs":null},"id":78,"type":"Feature","properties":{"pump_type":"-","utm_x":682721.171,"fd_prevent":"27","size_w":0,"year":"2563","accessibility":"ถนน นัมเบอร์วัน-ราม 2 ตรงข้ามลานจอดรถข้างร้านกิตติชัยแอร์ แอนด์ เซอร์วิส","motor_sz":"3","hy_lname":"คลองอาจารย์พร","pump_size":"-","motor_num":"1","rt_total":0,"pump_code":"10","sill_el":0,"utm_y":1511179.1454,"material_type":"-","gate_num":0,"crest_el":0,"rate":0,"gate_type":"-","size_h":0,"brand":"-","fn_date":"-","owner":"สำนักงานระบบควบคุมน้ำ","surveillant_mobile":"-","objectid_1":78,"pump_name":"สถานีสูบน้ำคลองอาจารย์พร","motor_total":3,"subdistrict_id":"103203","district_t":"ประเวศ","surveillant_name":"-","district_id":"1032","objectid":78}},{"geometry":{"type":"Point","coordinates":[100.58134843325169,13.667834419845711],"crs":null},"id":79,"type":"Feature","properties":{"pump_type":"-","utm_x":671032.8968,"fd_prevent":"-","size_w":0,"year":"2563","accessibility":"บริเวณสะพานข้ามคลองวัดบางวัว ข้างร้านมะลิ อาหารตามสั่ง","motor_sz":"(1.5,1)","hy_lname":"-","pump_size":"-","motor_num":"(1,1)","rt_total":0,"pump_code":"11","sill_el":0,"utm_y":1511548.7502,"material_type":"-","gate_num":0,"crest_el":0,"rate":0,"gate_type":"-","size_h":0,"brand":"-","fn_date":"-","owner":"สำนักงานระบบควบคุมน้ำ","surveillant_mobile":"-","objectid_1":79,"pump_name":"สถานีสูบน้ำคลองวัดโยธินประดิษฐ์","motor_total":2.5,"subdistrict_id":"104702","district_t":"บางนา","surveillant_name":"-","district_id":"1047","objectid":79}},{"geometry":{"type":"Point","coordinates":[100.54016772347282,13.67072605973949],"crs":null},"id":80,"type":"Feature","properties":{"pump_type":"-","utm_x":666575.9359,"fd_prevent":"11","size_w":0,"year":"2563","accessibility":"พระราม 3 ซอย 34 บริเวณลำคลองหลังวัดด่าน","motor_sz":"0.5","hy_lname":"คลองวัดด่าน","pump_size":"-","motor_num":"3","rt_total":0,"pump_code":"12","sill_el":0,"utm_y":1511839.9637,"material_type":"-","gate_num":0,"crest_el":0,"rate":0,"gate_type":"-","size_h":0,"brand":"-","fn_date":"-","owner":"สำนักงานระบบควบคุมน้ำ","surveillant_mobile":"-","objectid_1":80,"pump_name":"สถานีสูบน้ำคลองวัดด่าน","motor_total":1.5,"subdistrict_id":"101204","district_t":"ยานนาวา","surveillant_name":"-","district_id":"1012","objectid":80}},{"geometry":{"type":"Point","coordinates":[100.53439314189187,13.67207418400936],"crs":null},"id":81,"type":"Feature","properties":{"pump_type":"-","utm_x":665950.3114,"fd_prevent":"11","size_w":0,"year":"2563","accessibility":"ถนน พระรามที่ 3 ภายในบางกอก สแควร์ หลังร้างโตโยอิจิบัง","motor_sz":"-","hy_lname":"คลองแฝด","pump_size":"-","motor_num":"-","rt_total":0,"pump_code":"13","sill_el":0,"utm_y":1511985.1412,"material_type":"-","gate_num":0,"crest_el":0,"rate":0,"gate_type":"-","size_h":0,"brand":"-","fn_date":"-","owner":"สำนักงานระบบควบคุมน้ำ","surveillant_mobile":"-","objectid_1":81,"pump_name":"สถานีสูบน้ำวัดแฝด","motor_total":4,"subdistrict_id":"101204","district_t":"ยานนาวา","surveillant_name":"-","district_id":"1012","objectid":81}},{"geometry":{"type":"Point","coordinates":[100.5877174726956,13.674852503674805],"crs":null},"id":82,"type":"Feature","properties":{"pump_type":"-","utm_x":671716.8199,"fd_prevent":"14","size_w":0,"year":"2564","accessibility":"ซอย สรรพาวุธ 23 ข้างวัดบางนานอก","motor_sz":"3","hy_lname":"คลองบางนา","pump_size":"-","motor_num":"7","rt_total":0,"pump_code":"15","sill_el":0,"utm_y":1512329.6649,"material_type":"-","gate_num":2,"crest_el":0,"rate":0,"gate_type":"-","size_h":0,"brand":"-","fn_date":"-","owner":"สำนักงานระบบควบคุมน้ำ","surveillant_mobile":"-","objectid_1":82,"pump_name":"สถานีสูบน้ำบางนา","motor_total":21,"subdistrict_id":"104702","district_t":"บางนา","surveillant_name":"-","district_id":"1047","objectid":82}},{"geometry":{"type":"Point","coordinates":[100.52110000012975,13.676300000022596],"crs":null},"id":83,"type":"Feature","properties":{"pump_type":"-","utm_x":664509.3707,"fd_prevent":"35","size_w":0,"year":"2564","accessibility":"ซอย ราษฎร์บูรณะ 37 หลังวัดแจงร้อน บริเวณใกล้กับท่าเรือ","motor_sz":"3","hy_lname":"คลองแจงร้อน","pump_size":"-","motor_num":"2","rt_total":0,"pump_code":"16","sill_el":0,"utm_y":1512443.5652,"material_type":"-","gate_num":1,"crest_el":0,"rate":0,"gate_type":"-","size_h":0,"brand":"-","fn_date":"-","owner":"สำนักงานระบบควบคุมน้ำ","surveillant_mobile":"-","objectid_1":83,"pump_name":"สถานีสูบน้ำคลองแจงร้อน","motor_total":6,"subdistrict_id":"102401","district_t":"ราษฎร์บูรณะ","surveillant_name":"-","district_id":"1024","objectid":83}},{"geometry":{"type":"Point","coordinates":[100.548311428196,13.676734279510747],"crs":null},"id":84,"type":"Feature","properties":{"pump_type":"-","utm_x":667452.6577,"fd_prevent":"11","size_w":0,"year":"2563","accessibility":"ถนน พระราม3 ข้างคอนโดศุภาลัย ริวา แกรนด์","motor_sz":"0.5","hy_lname":"คลองใหม่","pump_size":"-","motor_num":"4","rt_total":0,"pump_code":"17","sill_el":0,"utm_y":1512510.2554,"material_type":"-","gate_num":0,"crest_el":0,"rate":0,"gate_type":"-","size_h":0,"brand":"-","fn_date":"-","owner":"สำนักงานระบบควบคุมน้ำ","surveillant_mobile":"-","objectid_1":84,"pump_name":"สถานีสูบน้ำคลองใหม่","motor_total":2,"subdistrict_id":"101204","district_t":"ยานนาวา","surveillant_name":"-","district_id":"1012","objectid":84}},{"geometry":{"type":"Point","coordinates":[100.52779817176763,13.6774956786594],"crs":null},"id":85,"type":"Feature","properties":{"pump_type":"-","utm_x":665233.1076,"fd_prevent":"11","size_w":0,"year":"2563","accessibility":"ถนน สาธุประดิษฐ์ ข้างบริษัทไทยน้ำทิพย์ สาขาพระราม 3 จำกัด","motor_sz":"(1,3)","hy_lname":"-","pump_size":"-","motor_num":"(2,2)","rt_total":0,"pump_code":"19","sill_el":0,"utm_y":1512580.3991,"material_type":"-","gate_num":0,"crest_el":0,"rate":0,"gate_type":"-","size_h":0,"brand":"-","fn_date":"-","owner":"สำนักงานระบบควบคุมน้ำ","surveillant_mobile":"-","objectid_1":85,"pump_name":"สถานีสูบน้ำสาธุประดิษฐ์","motor_total":8,"subdistrict_id":"101204","district_t":"ยานนาวา","surveillant_name":"-","district_id":"1012","objectid":85}},{"geometry":{"type":"Point","coordinates":[100.55026776607538,13.68103323567193],"crs":null},"id":86,"type":"Feature","properties":{"pump_type":"-","utm_x":667661.2415,"fd_prevent":"11","size_w":0,"year":"2563","accessibility":"ถนน พระรามที่ 3 สะพานทางเท้าข้างสะพานข้ามคลองภูมิ ข้างร้านWARP","motor_sz":"0.5","hy_lname":"คลองภูมิ","pump_size":"-","motor_num":"3","rt_total":0,"pump_code":"22","sill_el":0,"utm_y":1512987.1952,"material_type":"-","gate_num":0,"crest_el":0,"rate":0,"gate_type":"-","size_h":0,"brand":"-","fn_date":"-","owner":"สำนักงานระบบควบคุมน้ำ","surveillant_mobile":"-","objectid_1":86,"pump_name":"สถานีสูบน้ำคลองภูมิ","motor_total":1.5,"subdistrict_id":"101203","district_t":"ยานนาวา","surveillant_name":"-","district_id":"1012","objectid":86}},{"geometry":{"type":"Point","coordinates":[100.59233637718728,13.68209562521544],"crs":null},"id":87,"type":"Feature","properties":{"pump_type":"-","utm_x":672211.2168,"fd_prevent":"14","size_w":0,"year":"2564","accessibility":"ถนน ทางรถไฟสายเก่าปากน้ำ ข้างลานจอดรถบางอ้อ","motor_sz":"3","hy_lname":"คลองบางอ้อใหญ่","pump_size":"-","motor_num":"6","rt_total":0,"pump_code":"24","sill_el":0,"utm_y":1513134.2529,"material_type":"-","gate_num":2,"crest_el":0,"rate":0,"gate_type":"-","size_h":0,"brand":"-","fn_date":"-","owner":"สำนักงานระบบควบคุมน้ำ","surveillant_mobile":"-","objectid_1":87,"pump_name":"สถานีสูบน้ำบางอ้อ","motor_total":18,"subdistrict_id":"100902","district_t":"พระโขนง","surveillant_name":"-","district_id":"1009","objectid":87}},{"geometry":{"type":"Point","coordinates":[100.55055584773278,13.68543746739504],"crs":null},"id":88,"type":"Feature","properties":{"pump_type":"-","utm_x":667689.2844,"fd_prevent":"11","size_w":0,"year":"2563","accessibility":"ถนน พระรามที่ 3 บริเวณข้างร้านอาหารเสวย ริเวอร์วิว","motor_sz":"0.5","hy_lname":"คลองสวน","pump_size":"-","motor_num":"3","rt_total":0,"pump_code":"26","sill_el":0,"utm_y":1513474.6278,"material_type":"-","gate_num":0,"crest_el":0,"rate":0,"gate_type":"-","size_h":0,"brand":"-","fn_date":"-","owner":"สำนักงานระบบควบคุมน้ำ","surveillant_mobile":"-","objectid_1":88,"pump_name":"สถานีสูบน้ำคลองสวน","motor_total":1.5,"subdistrict_id":"101203","district_t":"ยานนาวา","surveillant_name":"-","district_id":"1012","objectid":88}},{"geometry":{"type":"Point","coordinates":[100.51676083868576,13.686888407704895],"crs":null},"id":89,"type":"Feature","properties":{"pump_type":"-","utm_x":664032.6492,"fd_prevent":"11","size_w":0,"year":"2564","accessibility":"ถนน พระรามที่ 3 บริเวณข้างสำนักงาน ประกายนคร","motor_sz":"6","hy_lname":"คลองวัดไทร","pump_size":"-","motor_num":"3","rt_total":0,"pump_code":"27","sill_el":0,"utm_y":1513611.9843,"material_type":"-","gate_num":3,"crest_el":0,"rate":0,"gate_type":"-","size_h":0,"brand":"-","fn_date":"-","owner":"สำนักงานระบบควบคุมน้ำ","surveillant_mobile":"-","objectid_1":89,"pump_name":"สถานีสูบน้ำคลองวัดไทร","motor_total":18,"subdistrict_id":"103103","district_t":"บางคอแหลม","surveillant_name":"-","district_id":"1031","objectid":89}},{"geometry":{"type":"Point","coordinates":[100.59071664070099,13.689313135868215],"crs":null},"id":90,"type":"Feature","properties":{"pump_type":"-","utm_x":672030.7557,"fd_prevent":"14","size_w":0,"year":"2564","accessibility":"ถนน ทางรถไฟสายเก่า ข้างคลัง ปตท.บางจาก","motor_sz":"3","hy_lname":"คลองบางจาก","pump_size":"-","motor_num":"2","rt_total":0,"pump_code":"29","sill_el":0,"utm_y":1513931.5769,"material_type":"-","gate_num":2,"crest_el":0,"rate":0,"gate_type":"-","size_h":0,"brand":"-","fn_date":"-","owner":"สำนักงานระบบควบคุมน้ำ","surveillant_mobile":"-","objectid_1":90,"pump_name":"สถานีสูบน้ำบางจาก","motor_total":6,"subdistrict_id":"100902","district_t":"พระโขนง","surveillant_name":"-","district_id":"1009","objectid":90}},{"geometry":{"type":"Point","coordinates":[100.54982720254135,13.69094527121835],"crs":null},"id":91,"type":"Feature","properties":{"pump_type":"-","utm_x":667606.5646,"fd_prevent":"11","size_w":0,"year":"2563","accessibility":"ถนน พระรามที่ 3 ภายในธนาคารกรุงเทพ สำนักพระรามที่ 3 บริเวณลานจอดรถ","motor_sz":"0.5","hy_lname":"คลองตาเริก","pump_size":"-","motor_num":"3","rt_total":0,"pump_code":"31","sill_el":0,"utm_y":1514083.4427,"material_type":"-","gate_num":0,"crest_el":0,"rate":0,"gate_type":"-","size_h":0,"brand":"-","fn_date":"-","owner":"สำนักงานระบบควบคุมน้ำ","surveillant_mobile":"-","objectid_1":91,"pump_name":"สถานีสูบน้ำคลองตาเริก","motor_total":1.5,"subdistrict_id":"101203","district_t":"ยานนาวา","surveillant_name":"-","district_id":"1012","objectid":91}},{"geometry":{"type":"Point","coordinates":[100.58980229220259,13.692219760736705],"crs":null},"id":92,"type":"Feature","properties":{"pump_type":"-","utm_x":671929.7369,"fd_prevent":"14","size_w":0,"year":"2564","accessibility":"ถนน ทางรถไฟสายเก่า ข้างท่าเรือบางจาก บริเวณสะพานข้ามคลองเจ็ก","motor_sz":"3","hy_lname":"คลองเจ็ก","pump_size":"-","motor_num":"2","rt_total":0,"pump_code":"32","sill_el":0,"utm_y":1514252.4879,"material_type":"-","gate_num":2,"crest_el":0,"rate":0,"gate_type":"-","size_h":0,"brand":"-","fn_date":"-","owner":"สำนักงานระบบควบคุมน้ำ","surveillant_mobile":"-","objectid_1":92,"pump_name":"สถานีสูบน้ำคลองเจ๊ก","motor_total":6,"subdistrict_id":"100902","district_t":"พระโขนง","surveillant_name":"-","district_id":"1009","objectid":92}},{"geometry":{"type":"Point","coordinates":[100.54875899462228,13.695032423353634],"crs":null},"id":93,"type":"Feature","properties":{"pump_type":"-","utm_x":667488.1238,"fd_prevent":"11","size_w":0,"year":"2564","accessibility":"ถนน พระรามที่ 3 ข้างบริษัท โกลบอล ยูทิลิตี้ เซอร์วิส จำกัด (กัสโก้ GUSCO)","motor_sz":"6","hy_lname":"คลองช่องนนทรี","pump_size":"-","motor_num":"5","rt_total":0,"pump_code":"35","sill_el":0,"utm_y":1514534.8581,"material_type":"-","gate_num":2,"crest_el":0,"rate":0,"gate_type":"-","size_h":0,"brand":"-","fn_date":"-","owner":"สำนักงานระบบควบคุมน้ำ","surveillant_mobile":"-","objectid_1":93,"pump_name":"สถานีสูบน้ำคลองช่องนนทรี","motor_total":30,"subdistrict_id":"101203","district_t":"ยานนาวา","surveillant_name":"-","district_id":"1012","objectid":93}},{"geometry":{"type":"Point","coordinates":[100.6537857841919,13.695384408597938],"crs":null},"id":94,"type":"Feature","properties":{"pump_type":"-","utm_x":678848.5464,"fd_prevent":"27","size_w":0,"year":"2563","accessibility":"ภายในศูนย์กีฬาทางน้ำ บึงหนองบอน บริเวณข้างสนามไดร์ฟกอล์ฟศรีนครินทร์","motor_sz":"4","hy_lname":"-","pump_size":"-","motor_num":"5","rt_total":0,"pump_code":"36","sill_el":0,"utm_y":1514648.9894,"material_type":"-","gate_num":0,"crest_el":0,"rate":0,"gate_type":"-","size_h":0,"brand":"-","fn_date":"-","owner":"สำนักงานระบบควบคุมน้ำ","surveillant_mobile":"-","objectid_1":94,"pump_name":"สถานีสูบน้ำบึงหนองบอน","motor_total":20,"subdistrict_id":"103202","district_t":"ประเวศ","surveillant_name":"-","district_id":"1032","objectid":94}},{"geometry":{"type":"Point","coordinates":[100.58930000014578,13.704699999637782],"crs":null},"id":95,"type":"Feature","properties":{"pump_type":"-","utm_x":671866.332,"fd_prevent":"14","size_w":0,"year":"2563","accessibility":"ภายในซอย มูลนิธิหิมะทองคำข้างศูนย์สุขภาพชุมชน ชุมชนข้างโรงเรียนวัดสะพานและชุมชนสวนไทร","motor_sz":"2","hy_lname":"คลองบางจาก","pump_size":"-","motor_num":"2","rt_total":0,"pump_code":"41","sill_el":0,"utm_y":1515632.8243,"material_type":"-","gate_num":0,"crest_el":0,"rate":0,"gate_type":"-","size_h":0,"brand":"-","fn_date":"-","owner":"สำนักงานระบบควบคุมน้ำ","surveillant_mobile":"-","objectid_1":95,"pump_name":"สถานีสูบน้ำหิมะทองคำ","motor_total":4,"subdistrict_id":"103303","district_t":"คลองเตย","surveillant_name":"-","district_id":"1033","objectid":95}},{"geometry":{"type":"Point","coordinates":[100.54950000033836,13.705200000481831],"crs":null},"id":96,"type":"Feature","properties":{"pump_type":"-","utm_x":667561.0698,"fd_prevent":"11","size_w":0,"year":"2563","accessibility":"พระราม 3 ซอย 68 บริเวณหลังชุมชนคลองขุดวัดช่องลม","motor_sz":"9","hy_lname":"คลองขุด","pump_size":"-","motor_num":"5","rt_total":0,"pump_code":"42","sill_el":0,"utm_y":1515660.195,"material_type":"-","gate_num":0,"crest_el":0,"rate":0,"gate_type":"-","size_h":0,"brand":"-","fn_date":"-","owner":"สำนักงานระบบควบคุมน้ำ","surveillant_mobile":"-","objectid_1":96,"pump_name":"สถานีสูบน้ำคลองขุดวัดช่องลม","motor_total":45,"subdistrict_id":"101203","district_t":"ยานนาวา","surveillant_name":"-","district_id":"1012","objectid":96}},{"geometry":{"type":"Point","coordinates":[100.58770000004534,13.706299999715277],"crs":null},"id":97,"type":"Feature","properties":{"pump_type":"-","utm_x":671692.1065,"fd_prevent":"13","size_w":0,"year":"2564","accessibility":"ถนน ทางรถไฟสายเก่าปากน้ำ ตรงข้ามทางเข้าชุมชนริมคลองพระโขนง","motor_sz":"3","hy_lname":"คลองเตย","pump_size":"-","motor_num":"10","rt_total":0,"pump_code":"43","sill_el":0,"utm_y":1515808.6958,"material_type":"-","gate_num":1,"crest_el":0,"rate":0,"gate_type":"-","size_h":0,"brand":"-","fn_date":"-","owner":"สำนักงานระบบควบคุมน้ำ","surveillant_mobile":"-","objectid_1":97,"pump_name":"สถานีสูบน้ำคลองเตย","motor_total":30,"subdistrict_id":"103301","district_t":"คลองเตย","surveillant_name":"-","district_id":"1033","objectid":97}},{"geometry":{"type":"Point","coordinates":[100.55448265005488,13.708610303936947],"crs":null},"id":98,"type":"Feature","properties":{"pump_type":"-","utm_x":668097.5795,"fd_prevent":"13","size_w":0,"year":"2563","accessibility":"ถนน เชื้อเพลิง ตรงข้ามบริษัท เจเอส เทค จำกัด","motor_sz":"5.7","hy_lname":"-","pump_size":"-","motor_num":"-","rt_total":0,"pump_code":"46","sill_el":0,"utm_y":1516040.9323,"material_type":"-","gate_num":0,"crest_el":0,"rate":0,"gate_type":"-","size_h":0,"brand":"-","fn_date":"-","owner":"สำนักงานระบบควบคุมน้ำ","surveillant_mobile":"-","objectid_1":98,"pump_name":"สถานีสูบน้ำพระราม 4","motor_total":22.8,"subdistrict_id":"103301","district_t":"คลองเตย","surveillant_name":"-","district_id":"1033","objectid":98}},{"geometry":{"type":"Point","coordinates":[100.5945195686283,13.7085998737354],"crs":null},"id":99,"type":"Feature","properties":{"pump_type":"-","utm_x":672428.0585,"fd_prevent":"14","size_w":0,"year":"2563","accessibility":"ซอย สุขุมวิท 50 ข้างหมู่บ้าน BLESS TOWN SUKHUMVIT 50 ฝั่งซ้าย","motor_sz":"0.5","hy_lname":"คลองยายล้อม","pump_size":"-","motor_num":"2","rt_total":0,"pump_code":"48","sill_el":0,"utm_y":1516067.9873,"material_type":"-","gate_num":0,"crest_el":0,"rate":0,"gate_type":"-","size_h":0,"brand":"-","fn_date":"-","owner":"สำนักงานระบบควบคุมน้ำ","surveillant_mobile":"-","objectid_1":99,"pump_name":"สถานีสูบน้ำคลองยายล้อม","motor_total":1,"subdistrict_id":"103303","district_t":"คลองเตย","surveillant_name":"-","district_id":"1033","objectid":99}},{"geometry":{"type":"Point","coordinates":[100.59493121101221,13.70868608432169],"crs":null},"id":100,"type":"Feature","properties":{"pump_type":"-","utm_x":672472.52,"fd_prevent":"14","size_w":0,"year":"2564","accessibility":"ซอย สุขุมวิท 50 ข้างหมู่บ้าน BLESS TOWN SUKHUMVIT 50 ฝั่งขวา","motor_sz":"(3,5,48)","hy_lname":"-","pump_size":"-","motor_num":"(35,10,6)","rt_total":0,"pump_code":"49","sill_el":0,"utm_y":1516077.8186,"material_type":"-","gate_num":3,"crest_el":0,"rate":0,"gate_type":"-","size_h":0,"brand":"-","fn_date":"-","owner":"สำนักงานระบบควบคุมน้ำ","surveillant_mobile":"-","objectid_1":100,"pump_name":"สถานีสูบน้ำพระโขนง","motor_total":173,"subdistrict_id":"103303","district_t":"คลองเตย","surveillant_name":"-","district_id":"1033","objectid":100}},{"geometry":{"type":"Point","coordinates":[100.61640428683671,13.70921148360994],"crs":null},"id":101,"type":"Feature","properties":{"pump_type":"-","utm_x":674794.7317,"fd_prevent":"14","size_w":0,"year":"2563","accessibility":"ถนน อ่อนนุช ตรงข้ามเรือนเงินอพาร์ทเมนท์ บริเวณสะพานข้ามคลองสวนอ้อย","motor_sz":"(2,1)","hy_lname":"คลองสวนอ้อย","pump_size":"-","motor_num":"(1,1)","rt_total":0,"pump_code":"51","sill_el":0,"utm_y":1516151.3737,"material_type":"-","gate_num":0,"crest_el":0,"rate":0,"gate_type":"-","size_h":0,"brand":"-","fn_date":"-","owner":"สำนักงานระบบควบคุมน้ำ","surveillant_mobile":"-","objectid_1":101,"pump_name":"สถานีสูบน้ำคลองสวนอ้อย","motor_total":3,"subdistrict_id":"103402","district_t":"สวนหลวง","surveillant_name":"-","district_id":"1034","objectid":101}},{"geometry":{"type":"Point","coordinates":[100.62158046551932,13.70950491021667],"crs":null},"id":102,"type":"Feature","properties":{"pump_type":"-","utm_x":675354.3889,"fd_prevent":"14","size_w":0,"year":"2563","accessibility":"ถนน สุขุมวิท 77 ข้างร้านจำหน่ายและรับซ่อมโช้คTunerConcept บริเวณสะพานข้ามคลองบ้านหลาย","motor_sz":"(3,1)","hy_lname":"คลองบ้านหลาย","pump_size":"-","motor_num":"(2,1)","rt_total":0,"pump_code":"52","sill_el":0,"utm_y":1516187.5864,"material_type":"-","gate_num":0,"crest_el":0,"rate":0,"gate_type":"-","size_h":0,"brand":"-","fn_date":"-","owner":"สำนักงานระบบควบคุมน้ำ","surveillant_mobile":"-","objectid_1":102,"pump_name":"สถานีสูบน้ำคลองบ้านหลาย","motor_total":7,"subdistrict_id":"103402","district_t":"สวนหลวง","surveillant_name":"-","district_id":"1034","objectid":102}},{"geometry":{"type":"Point","coordinates":[100.59510510220838,13.709831058124694],"crs":null},"id":103,"type":"Feature","properties":{"pump_type":"-","utm_x":672490.4926,"fd_prevent":"13","size_w":0,"year":"2563","accessibility":"ซอย ภูมิจิตร ถนนพระราม 4 บริเวณชุมชนเกาะกลาง","motor_sz":"15","hy_lname":"คลองพระโขนง","pump_size":"-","motor_num":"4","rt_total":0,"pump_code":"53","sill_el":0,"utm_y":1516204.612,"material_type":"-","gate_num":0,"crest_el":0,"rate":0,"gate_type":"-","size_h":0,"brand":"-","fn_date":"-","owner":"สำนักงานระบบควบคุมน้ำ","surveillant_mobile":"-","objectid_1":103,"pump_name":"สถานีสูบน้ำอุโมงค์พระโขนง","motor_total":60,"subdistrict_id":"103303","district_t":"คลองเตย","surveillant_name":"-","district_id":"1033","objectid":103}},{"geometry":{"type":"Point","coordinates":[100.63062161873032,13.710542460480928],"crs":null},"id":104,"type":"Feature","properties":{"pump_type":"-","utm_x":676331.5415,"fd_prevent":"14","size_w":0,"year":"2563","accessibility":"ถนน สุขุมวิท 77 ข้าง J.S. Mansion บริเวณสะพานข้ามคลองเคล็ด","motor_sz":"3","hy_lname":"คลองเคล็ด","pump_size":"-","motor_num":"4","rt_total":0,"pump_code":"54","sill_el":0,"utm_y":1516308.9527,"material_type":"-","gate_num":0,"crest_el":0,"rate":0,"gate_type":"-","size_h":0,"brand":"-","fn_date":"-","owner":"สำนักงานระบบควบคุมน้ำ","surveillant_mobile":"-","objectid_1":104,"pump_name":"สถานีสูบน้ำคลองเคล็ด","motor_total":12,"subdistrict_id":"103402","district_t":"สวนหลวง","surveillant_name":"-","district_id":"1034","objectid":104}},{"geometry":{"type":"Point","coordinates":[100.6030999996181,13.710899999908511],"crs":null},"id":105,"type":"Feature","properties":{"pump_type":"-","utm_x":673354.4566,"fd_prevent":"14","size_w":0,"year":"2563","accessibility":"ถนน อ่อนนุช ข้าง The Base Sukhumvit 77 บริเวณสะพานข้ามคลองบางนางจีน","motor_sz":"(3,1)","hy_lname":"คลองบางนางจีน","pump_size":"-","motor_num":"(3,1)","rt_total":0,"pump_code":"55","sill_el":0,"utm_y":1516328.5918,"material_type":"-","gate_num":0,"crest_el":0,"rate":0,"gate_type":"-","size_h":0,"brand":"-","fn_date":"-","owner":"สำนักงานระบบควบคุมน้ำ","surveillant_mobile":"-","objectid_1":105,"pump_name":"สถานีสูบน้ำคลองบางนางจีน","motor_total":10,"subdistrict_id":"103903","district_t":"วัฒนา","surveillant_name":"-","district_id":"1039","objectid":105}},{"geometry":{"type":"Point","coordinates":[100.64089534019323,13.712133512950697],"crs":null},"id":106,"type":"Feature","properties":{"pump_type":"-","utm_x":677441.5927,"fd_prevent":"14","size_w":0,"year":"2563","accessibility":"ถนน สุขุมวิท 77 ข้างศรีนครินทร์เพลส คอนโดมิเนียม บริเวณสะพานข้ามคลองขุนกล","motor_sz":"(3,1)","hy_lname":"คลองขุนสกล","pump_size":"-","motor_num":"(2,1)","rt_total":0,"pump_code":"57","sill_el":0,"utm_y":1516492.4971,"material_type":"-","gate_num":0,"crest_el":0,"rate":0,"gate_type":"-","size_h":0,"brand":"-","fn_date":"-","owner":"สำนักงานระบบควบคุมน้ำ","surveillant_mobile":"-","objectid_1":106,"pump_name":"สถานีสูบน้ำคลองขุนสกล","motor_total":7,"subdistrict_id":"103402","district_t":"สวนหลวง","surveillant_name":"-","district_id":"1034","objectid":106}},{"geometry":{"type":"Point","coordinates":[100.59856361426084,13.712601980162177],"crs":null},"id":107,"type":"Feature","properties":{"pump_type":"-","utm_x":672862.5459,"fd_prevent":"13","size_w":0,"year":"2563","accessibility":"บริเวณ สถานที่จอดยานพาหนะฝ่ายรักษาความสะอาดและสวนสาธารณะ สำนักงานเขตวัฒนา","motor_sz":"(2,0.3)","hy_lname":"คลองบางมะเขือ","pump_size":"-","motor_num":"(2,1)","rt_total":0,"pump_code":"58","sill_el":0,"utm_y":1516513.6332,"material_type":"-","gate_num":0,"crest_el":0,"rate":0,"gate_type":"-","size_h":0,"brand":"-","fn_date":"-","owner":"สำนักงานระบบควบคุมน้ำ","surveillant_mobile":"-","objectid_1":107,"pump_name":"สถานีสูบน้ำคลองบางมะเขือ","motor_total":4.3,"subdistrict_id":"103903","district_t":"วัฒนา","surveillant_name":"-","district_id":"1039","objectid":107}},{"geometry":{"type":"Point","coordinates":[100.65114945652421,13.716176199141405],"crs":null},"id":108,"type":"Feature","properties":{"pump_type":"-","utm_x":678547.6596,"fd_prevent":"14","size_w":0,"year":"2563","accessibility":"ถนน สุขุมวิท 77 ข้างร้านสมคิด เซอร์วิส บริเวณสะพานข้ามคลองหนองบอน","motor_sz":"3","hy_lname":"คลองหนองบอน","pump_size":"-","motor_num":"2","rt_total":0,"pump_code":"59","sill_el":0,"utm_y":1516947.3088,"material_type":"-","gate_num":0,"crest_el":0,"rate":0,"gate_type":"-","size_h":0,"brand":"-","fn_date":"-","owner":"สำนักงานระบบควบคุมน้ำ","surveillant_mobile":"-","objectid_1":108,"pump_name":"สถานีสูบน้ำคลองหนองบอน (ตอนอ่อนนุช)","motor_total":6,"subdistrict_id":"103402","district_t":"สวนหลวง","surveillant_name":"-","district_id":"1034","objectid":108}},{"geometry":{"type":"Point","coordinates":[100.65869999980836,13.7174000000173],"crs":null},"id":109,"type":"Feature","properties":{"pump_type":"-","utm_x":679363.4141,"fd_prevent":"27","size_w":0,"year":"2563","accessibility":"ถนน สุขุมวิท 77 ข้างร้าน miyuki บริเวณสะพานข้ามคลองศาลาลอย","motor_sz":"3","hy_lname":"คลองศาลาลอยล่าง","pump_size":"-","motor_num":"2","rt_total":0,"pump_code":"61","sill_el":0,"utm_y":1517088.2975,"material_type":"-","gate_num":0,"crest_el":0,"rate":0,"gate_type":"-","size_h":0,"brand":"-","fn_date":"-","owner":"สำนักงานระบบควบคุมน้ำ","surveillant_mobile":"-","objectid_1":109,"pump_name":"สถานีสูบน้ำคลองศาลาลอยล่าง (ตอนอ่อนนุช)","motor_total":6,"subdistrict_id":"103201","district_t":"ประเวศ","surveillant_name":"-","district_id":"1032","objectid":109}},{"geometry":{"type":"Point","coordinates":[100.67831953317778,13.7198950854153],"crs":null},"id":110,"type":"Feature","properties":{"pump_type":"-","utm_x":681483.592,"fd_prevent":"27","size_w":0,"year":"2563","accessibility":"ถนน สุขุมวิท 77 ข้างร้านไทยช็อป ","motor_sz":"3","hy_lname":"คลองสองห้อง","pump_size":"-","motor_num":"1","rt_total":0,"pump_code":"63","sill_el":0,"utm_y":1517378.9995,"material_type":"-","gate_num":0,"crest_el":0,"rate":0,"gate_type":"-","size_h":0,"brand":"-","fn_date":"-","owner":"สำนักงานระบบควบคุมน้ำ","surveillant_mobile":"-","objectid_1":110,"pump_name":"สถานีสูบน้ำคลองศาลาลอยบน (ตอนอ่อนนุช)","motor_total":3,"subdistrict_id":"103201","district_t":"ประเวศ","surveillant_name":"-","district_id":"1032","objectid":110}},{"geometry":{"type":"Point","coordinates":[100.70104126062064,13.72099562060651],"crs":null},"id":111,"type":"Feature","properties":{"pump_type":"-","utm_x":683940.369,"fd_prevent":"27","size_w":0,"year":"2563","accessibility":"ถนน สุขุมวิท 77 บริเวณสะพานข้ามคลองตะเข้ขบ","motor_sz":"2","hy_lname":"คลองจรเข้ขบ","pump_size":"-","motor_num":"2","rt_total":0,"pump_code":"67","sill_el":0,"utm_y":1517517.9532,"material_type":"-","gate_num":0,"crest_el":0,"rate":0,"gate_type":"-","size_h":0,"brand":"-","fn_date":"-","owner":"สำนักงานระบบควบคุมน้ำ","surveillant_mobile":"-","objectid_1":111,"pump_name":"สถานีสูบน้ำจระเข้ขบ (ตอนอ่อนนุช)","motor_total":4,"subdistrict_id":"103201","district_t":"ประเวศ","surveillant_name":"-","district_id":"1032","objectid":111}},{"geometry":{"type":"Point","coordinates":[100.66460000034218,13.72419999974173],"crs":null},"id":112,"type":"Feature","properties":{"pump_type":"-","utm_x":679996.3847,"fd_prevent":"26","size_w":0,"year":"2563","accessibility":"ซอย พัฒนาการ 69 บริเวณสะพานทางเท้าทางเข้าหมู่บ้านเมืองทองการ์เดนส์","motor_sz":"(2,1)","hy_lname":"คลองบ้านม้า","pump_size":"-","motor_num":"(1,1)","rt_total":0,"pump_code":"68","sill_el":0,"utm_y":1517845.0002,"material_type":"-","gate_num":0,"crest_el":0,"rate":0,"gate_type":"-","size_h":0,"brand":"-","fn_date":"-","owner":"สำนักงานระบบควบคุมน้ำ","surveillant_mobile":"-","objectid_1":112,"pump_name":"แก้มลิงหมู่บ้านเมืองทองการ์เด้นท์","motor_total":3,"subdistrict_id":"103201","district_t":"ประเวศ","surveillant_name":"-","district_id":"1032","objectid":112}},{"geometry":{"type":"Point","coordinates":[100.62402581926355,13.739806279203561],"crs":null},"id":113,"type":"Feature","properties":{"pump_type":"-","utm_x":675596.3375,"fd_prevent":"21","size_w":0,"year":"2563","accessibility":"ซอย พัฒนาการ 35 บริเวณหลังบริษัท เร่งบุญออโต้เซอร์วิส","motor_sz":"2","hy_lname":"-","pump_size":"-","motor_num":"2","rt_total":0,"pump_code":"74","sill_el":0,"utm_y":1519541.6711,"material_type":"-","gate_num":0,"crest_el":0,"rate":0,"gate_type":"-","size_h":0,"brand":"-","fn_date":"-","owner":"สำนักงานระบบควบคุมน้ำ","surveillant_mobile":"-","objectid_1":113,"pump_name":"สถานีสูบน้ำคลองลาว","motor_total":4,"subdistrict_id":"103403","district_t":"สวนหลวง","surveillant_name":"-","district_id":"1034","objectid":113}},{"geometry":{"type":"Point","coordinates":[100.58890299363294,13.741463856889617],"crs":null},"id":114,"type":"Feature","properties":{"pump_type":"-","utm_x":671796.6259,"fd_prevent":"13","size_w":0,"year":"2563","accessibility":"ซอย เอกมัย 23 ข้างวัดภาษี","motor_sz":"(1,0.3)","hy_lname":"คลองเป้ง","pump_size":"-","motor_num":"(3,1)","rt_total":0,"pump_code":"78","sill_el":0,"utm_y":1519699.7475,"material_type":"-","gate_num":0,"crest_el":0,"rate":0,"gate_type":"-","size_h":0,"brand":"-","fn_date":"-","owner":"สำนักงานระบบควบคุมน้ำ","surveillant_mobile":"-","objectid_1":114,"pump_name":"สถานีสูบน้ำคลองเป้ง","motor_total":3.33,"subdistrict_id":"103902","district_t":"วัฒนา","surveillant_name":"-","district_id":"1039","objectid":114}},{"geometry":{"type":"Point","coordinates":[100.60419999958039,13.746600000104438],"crs":null},"id":115,"type":"Feature","properties":{"pump_type":"-","utm_x":673447.1843,"fd_prevent":"09","size_w":0,"year":"2563","accessibility":"ถนน รามคำแหง ข้างโรงแรมอัลมีรอซ บริเวณสะพานข้ามคลอง","motor_sz":"(1,1)","hy_lname":"คลองกะจะ","pump_size":"-","motor_num":"(3,2)","rt_total":0,"pump_code":"80","sill_el":0,"utm_y":1520278.9196,"material_type":"-","gate_num":0,"crest_el":0,"rate":0,"gate_type":"-","size_h":0,"brand":"-","fn_date":"-","owner":"สำนักงานระบบควบคุมน้ำ","surveillant_mobile":"-","objectid_1":115,"pump_name":"สถานีสูบน้ำคลองกะจะ","motor_total":8,"subdistrict_id":"103403","district_t":"สวนหลวง","surveillant_name":"-","district_id":"1034","objectid":115}},{"geometry":{"type":"Point","coordinates":[100.5361396430892,13.747976286060954],"crs":null},"id":116,"type":"Feature","properties":{"pump_type":"-","utm_x":666085.8726,"fd_prevent":"12","size_w":0,"year":"2563","accessibility":"ถนน พระรามที่ 1 ข้างโรงแรมสยามเคมปินสกี้กรุงเทพ","motor_sz":"2","hy_lname":"คลองอรชร","pump_size":"-","motor_num":"3","rt_total":0,"pump_code":"81","sill_el":0,"utm_y":1520383.2321,"material_type":"-","gate_num":0,"crest_el":0,"rate":0,"gate_type":"-","size_h":0,"brand":"-","fn_date":"-","owner":"สำนักงานระบบควบคุมน้ำ","surveillant_mobile":"-","objectid_1":116,"pump_name":"สถานีสูบน้ำคลองอรชร","motor_total":6,"subdistrict_id":"100703","district_t":"ปทุมวัน","surveillant_name":"-","district_id":"1007","objectid":116}},{"geometry":{"type":"Point","coordinates":[100.5612431778687,13.748054734763587],"crs":null},"id":117,"type":"Feature","properties":{"pump_type":"-","utm_x":668800.5805,"fd_prevent":"13","size_w":0,"year":"2563","accessibility":"สุขุมวิท ซอย 15 หลังโรงเรียนนานาชาตินิสท์ บริเวณติดคลอง","motor_sz":"1","hy_lname":"คลองแสนแสบ","pump_size":"-","motor_num":"3","rt_total":0,"pump_code":"82","sill_el":0,"utm_y":1520409.3539,"material_type":"-","gate_num":0,"crest_el":0,"rate":0,"gate_type":"-","size_h":0,"brand":"-","fn_date":"-","owner":"สำนักงานระบบควบคุมน้ำ","surveillant_mobile":"-","objectid_1":117,"pump_name":"สถานีสูบน้ำคูน้ำวัฒนา","motor_total":3,"subdistrict_id":"103901","district_t":"วัฒนา","surveillant_name":"-","district_id":"1039","objectid":117}},{"geometry":{"type":"Point","coordinates":[100.59910000006924,13.748499999686201],"crs":null},"id":118,"type":"Feature","properties":{"pump_type":"-","utm_x":672894.2463,"fd_prevent":"06","size_w":0,"year":"2564","accessibility":"ถนน เพชรพระราม บริเวณสะพานข้ามคลองสามเสน ข้างตึก Yontrakit","motor_sz":"3","hy_lname":"คลองสามเสน","pump_size":"-","motor_num":"4","rt_total":0,"pump_code":"83","sill_el":0,"utm_y":1520485.4542,"material_type":"-","gate_num":1,"crest_el":0,"rate":0,"gate_type":"-","size_h":0,"brand":"-","fn_date":"-","owner":"สำนักงานระบบควบคุมน้ำ","surveillant_mobile":"-","objectid_1":118,"pump_name":"สถานีสูบน้ำคลองสามเสน (ศูนย์วิจัย)","motor_total":12,"subdistrict_id":"101702","district_t":"ห้วยขวาง","surveillant_name":"-","district_id":"1017","objectid":118}},{"geometry":{"type":"Point","coordinates":[100.55180608543405,13.749695178530985],"crs":null},"id":119,"type":"Feature","properties":{"pump_type":"-","utm_x":667778.8563,"fd_prevent":"06","size_w":0,"year":"2563","accessibility":"ถนน เพชรบุรี ข้างร้านบ้านเบิร์ด กรูมมิ่ง ตรงข้ามร้านรวมศิลป์","motor_sz":"3","hy_lname":"คูข้างโรงพยาบาลรถไฟมักกะสัน","pump_size":"-","motor_num":"2","rt_total":0,"pump_code":"84","sill_el":0,"utm_y":1520584.244,"material_type":"-","gate_num":0,"crest_el":0,"rate":0,"gate_type":"-","size_h":0,"brand":"-","fn_date":"-","owner":"สำนักงานระบบควบคุมน้ำ","surveillant_mobile":"-","objectid_1":119,"pump_name":"สถานีสูบน้ำข้างวัดมักกะสัน","motor_total":6,"subdistrict_id":"103704","district_t":"ราชเทวี","surveillant_name":"-","district_id":"1037","objectid":119}},{"geometry":{"type":"Point","coordinates":[100.58107803695006,13.75440851163303],"crs":null},"id":120,"type":"Feature","properties":{"pump_type":"-","utm_x":670940.9835,"fd_prevent":"06","size_w":0,"year":"2563","accessibility":"ถนน พระราม 9 ข้างร้านไก่ย่างวิเชียร-ส้มตำ-ยำแซ่บ","motor_sz":"2","hy_lname":"คลองชวดใหญ่","pump_size":"-","motor_num":"4","rt_total":0,"pump_code":"86","sill_el":0,"utm_y":1521126.2572,"material_type":"-","gate_num":0,"crest_el":0,"rate":0,"gate_type":"-","size_h":0,"brand":"-","fn_date":"-","owner":"สำนักงานระบบควบคุมน้ำ","surveillant_mobile":"-","objectid_1":120,"pump_name":"สถานีสูบน้ำคลองชวดใหญ่ (ตอนคลองสามเสน)","motor_total":8,"subdistrict_id":"101702","district_t":"ห้วยขวาง","surveillant_name":"-","district_id":"1017","objectid":120}},{"geometry":{"type":"Point","coordinates":[100.55232662411402,13.7558659648352],"crs":null},"id":121,"type":"Feature","properties":{"pump_type":"-","utm_x":667830.7503,"fd_prevent":"05","size_w":0,"year":"2563","accessibility":"สุดซอย จตุรทิศ 2 แยก 1 ","motor_sz":"-","hy_lname":"คลองสามเสน","pump_size":"-","motor_num":"-","rt_total":0,"pump_code":"87","sill_el":0,"utm_y":1521267.2748,"material_type":"-","gate_num":0,"crest_el":0,"rate":0,"gate_type":"-","size_h":0,"brand":"-","fn_date":"-","owner":"สำนักงานระบบควบคุมน้ำ","surveillant_mobile":"-","objectid_1":121,"pump_name":"สถานีสูบน้ำบึงมักกะสัน (คลองสามเสน)","motor_total":0,"subdistrict_id":"102601","district_t":"ดินแดง","surveillant_name":"-","district_id":"1026","objectid":121}},{"geometry":{"type":"Point","coordinates":[100.5604853996317,13.756212051003775],"crs":null},"id":122,"type":"Feature","properties":{"pump_type":"-","utm_x":668712.7876,"fd_prevent":"05","size_w":0,"year":"2563","accessibility":"ถนน ดินแดง ข้างศุภาลัย ปาร์ค อโศก-รัชดา","motor_sz":"(3,1)","hy_lname":"คลองนาซอง","pump_size":"-","motor_num":"(4,2)","rt_total":0,"pump_code":"88","sill_el":0,"utm_y":1521311.2625,"material_type":"-","gate_num":0,"crest_el":0,"rate":0,"gate_type":"-","size_h":0,"brand":"-","fn_date":"-","owner":"สำนักงานระบบควบคุมน้ำ","surveillant_mobile":"-","objectid_1":122,"pump_name":"สถานีสูบน้ำคลองนาซอง","motor_total":14,"subdistrict_id":"102601","district_t":"ดินแดง","surveillant_name":"-","district_id":"1026","objectid":122}},{"geometry":{"type":"Point","coordinates":[100.60879999943626,13.756200000362044],"crs":null},"id":123,"type":"Feature","properties":{"pump_type":"-","utm_x":673937.5652,"fd_prevent":"04","size_w":0,"year":"2563","accessibility":"ซอย นวลศรี สะพานทางเท้าข้างหมู่บ้าน เดอะไพร์ม พระราม9-รามคำแหง","motor_sz":"1","hy_lname":"ลำรางตาป่วน","pump_size":"-","motor_num":"2","rt_total":0,"pump_code":"89","sill_el":0,"utm_y":1521344.2997,"material_type":"-","gate_num":0,"crest_el":0,"rate":0,"gate_type":"-","size_h":0,"brand":"-","fn_date":"-","owner":"สำนักงานระบบควบคุมน้ำ","surveillant_mobile":"-","objectid_1":123,"pump_name":"สถานีสูบน้ำคลองตาป่วน","motor_total":2,"subdistrict_id":"104504","district_t":"วังทองหลาง","surveillant_name":"-","district_id":"1045","objectid":123}},{"geometry":{"type":"Point","coordinates":[100.55531546639793,13.757119005559359],"crs":null},"id":124,"type":"Feature","properties":{"pump_type":"-","utm_x":668153.0666,"fd_prevent":"05","size_w":0,"year":"2563","accessibility":"ซอย แม่พระฟาติมา ข้างภคินีศรีชุมพาบาล บริเวณคลอง","motor_sz":"(2,1)","hy_lname":"คูข้างโบสถ์แม่พระฟาติมา","pump_size":"-","motor_num":"(4,1)","rt_total":0,"pump_code":"90","sill_el":0,"utm_y":1521407.9825,"material_type":"-","gate_num":0,"crest_el":0,"rate":0,"gate_type":"-","size_h":0,"brand":"-","fn_date":"-","owner":"สำนักงานระบบควบคุมน้ำ","surveillant_mobile":"-","objectid_1":124,"pump_name":"สถานีสูบน้ำโบสถ์แม่พระฟาติมา","motor_total":9,"subdistrict_id":"102601","district_t":"ดินแดง","surveillant_name":"-","district_id":"1026","objectid":124}},{"geometry":{"type":"Point","coordinates":[100.61032344718548,13.757294107306924],"crs":null},"id":125,"type":"Feature","properties":{"pump_type":"-","utm_x":674101.5043,"fd_prevent":"04","size_w":0,"year":"2563","accessibility":"ซอย รามคำแหง 21 บริเวณสะพานทางเท้าฝั่งตรงข้ามวัดพระไกรสีห์","motor_sz":"1","hy_lname":"ลำรางหลังวิทยาลัยอินทราชัย","pump_size":"-","motor_num":"2","rt_total":0,"pump_code":"91","sill_el":0,"utm_y":1521466.4436,"material_type":"-","gate_num":0,"crest_el":0,"rate":0,"gate_type":"-","size_h":0,"brand":"-","fn_date":"-","owner":"สำนักงานระบบควบคุมน้ำ","surveillant_mobile":"-","objectid_1":125,"pump_name":"สถานีสูบน้ำลำรางกระบือ (ตอนคลองแสนแสบ)","motor_total":2,"subdistrict_id":"104504","district_t":"วังทองหลาง","surveillant_name":"-","district_id":"1045","objectid":125}},{"geometry":{"type":"Point","coordinates":[100.61338530092081,13.759397225751654],"crs":null},"id":126,"type":"Feature","properties":{"pump_type":"-","utm_x":674431.0587,"fd_prevent":"09","size_w":0,"year":"2563","accessibility":"ซอย รามคำแหง 39 ใต้สะพานกลับรถวัดเทพลีลา","motor_sz":"1","hy_lname":"คลองแสนแสบ","pump_size":"-","motor_num":"3","rt_total":0,"pump_code":"92","sill_el":0,"utm_y":1521701.3316,"material_type":"-","gate_num":0,"crest_el":0,"rate":0,"gate_type":"-","size_h":0,"brand":"-","fn_date":"-","owner":"สำนักงานระบบควบคุมน้ำ","surveillant_mobile":"-","objectid_1":126,"pump_name":"สถานีสูบน้ำซอยรามคำแหง 39","motor_total":3,"subdistrict_id":"100608","district_t":"บางกะปิ","surveillant_name":"-","district_id":"1006","objectid":126}},{"geometry":{"type":"Point","coordinates":[100.62777108764061,13.760864763785694],"crs":null},"id":127,"type":"Feature","properties":{"pump_type":"-","utm_x":675985.6518,"fd_prevent":"09","size_w":0,"year":"2563","accessibility":"หน้าซอย รามคำแหง 69/1","motor_sz":"(1,0.2)","hy_lname":"คลองข้าง สน.หัวหมาก","pump_size":"-","motor_num":"(4,2)","rt_total":0,"pump_code":"94","sill_el":0,"utm_y":1521874.1578,"material_type":"-","gate_num":0,"crest_el":0,"rate":0,"gate_type":"-","size_h":0,"brand":"-","fn_date":"-","owner":"สำนักงานระบบควบคุมน้ำ","surveillant_mobile":"-","objectid_1":127,"pump_name":"สถานีสูบน้ำหน้าสน.หัวหมาก","motor_total":4.4,"subdistrict_id":"100608","district_t":"บางกะปิ","surveillant_name":"-","district_id":"1006","objectid":127}},{"geometry":{"type":"Point","coordinates":[100.61177344893528,13.761081518937987],"crs":null},"id":128,"type":"Feature","properties":{"pump_type":"-","utm_x":674255.5052,"fd_prevent":"04","size_w":0,"year":"2563","accessibility":"ถนน ประชาอุทิศ บริเวณสะพานทางเท้าทางเข้าหมู่บ้าน บ้านกลางเมือง พระราม9-รามคำแหง","motor_sz":"2","hy_lname":"คลองวัดตึก","pump_size":"-","motor_num":"4","rt_total":0,"pump_code":"95","sill_el":0,"utm_y":1521886.5011,"material_type":"-","gate_num":0,"crest_el":0,"rate":0,"gate_type":"-","size_h":0,"brand":"-","fn_date":"-","owner":"สำนักงานระบบควบคุมน้ำ","surveillant_mobile":"-","objectid_1":128,"pump_name":"สถานีสูบน้ำคลองวัดตึก","motor_total":8,"subdistrict_id":"104504","district_t":"วังทองหลาง","surveillant_name":"-","district_id":"1045","objectid":128}},{"geometry":{"type":"Point","coordinates":[100.6152450520743,13.761379314730075],"crs":null},"id":129,"type":"Feature","properties":{"pump_type":"-","utm_x":674630.7023,"fd_prevent":"04","size_w":0,"year":"2564","accessibility":"ซอย รามคำแหง 43/1 บริเวณสะพานทางเท้าตรงข้ามหอพักหญิงทับทิม","motor_sz":"(1,0.5)","hy_lname":"คลองเจ้าคุณสิงห์","pump_size":"-","motor_num":"(3,1)","rt_total":0,"pump_code":"97","sill_el":0,"utm_y":1521921.9624,"material_type":"-","gate_num":2,"crest_el":0,"rate":0,"gate_type":"-","size_h":0,"brand":"-","fn_date":"-","owner":"สำนักงานระบบควบคุมน้ำ","surveillant_mobile":"-","objectid_1":129,"pump_name":"สถานีสูบน้ำเจ้าคุณสิงห์","motor_total":9,"subdistrict_id":"104504","district_t":"วังทองหลาง","surveillant_name":"-","district_id":"1045","objectid":129}},{"geometry":{"type":"Point","coordinates":[100.63282531244492,13.761480699574474],"crs":null},"id":130,"type":"Feature","properties":{"pump_type":"-","utm_x":676531.7566,"fd_prevent":"09","size_w":0,"year":"2563","accessibility":"ถนน รามคำแหง ข้างคอนโด Chewathai Ramkhamheng","motor_sz":"3","hy_lname":"คลองจิก","pump_size":"-","motor_num":"2","rt_total":0,"pump_code":"98","sill_el":0,"utm_y":1521946.001,"material_type":"-","gate_num":0,"crest_el":0,"rate":0,"gate_type":"-","size_h":0,"brand":"-","fn_date":"-","owner":"สำนักงานระบบควบคุมน้ำ","surveillant_mobile":"-","objectid_1":130,"pump_name":"สถานีสูบน้ำคลองจิก (ถ.รามคำแหง)","motor_total":6,"subdistrict_id":"100608","district_t":"บางกะปิ","surveillant_name":"-","district_id":"1006","objectid":130}},{"geometry":{"type":"Point","coordinates":[100.6231977126357,13.76195218403256],"crs":null},"id":131,"type":"Feature","properties":{"pump_type":"-","utm_x":675490.2744,"fd_prevent":"09","size_w":0,"year":"2563","accessibility":"ซอย มหาดไทย 1 หลังร่มเกล้า อพาร์ทเม้นท์","motor_sz":"(2,1)","hy_lname":"คลองแสนแสบ","pump_size":"-","motor_num":"(1,1)","rt_total":0,"pump_code":"99","sill_el":0,"utm_y":1521991.1234,"material_type":"-","gate_num":0,"crest_el":0,"rate":0,"gate_type":"-","size_h":0,"brand":"-","fn_date":"-","owner":"สำนักงานระบบควบคุมน้ำ","surveillant_mobile":"-","objectid_1":131,"pump_name":"สถานีสูบน้ำคลองจิกกานดา","motor_total":3,"subdistrict_id":"100608","district_t":"บางกะปิ","surveillant_name":"-","district_id":"1006","objectid":131}},{"geometry":{"type":"Point","coordinates":[100.62417843162007,13.762094402932215],"crs":null},"id":132,"type":"Feature","properties":{"pump_type":"-","utm_x":675596.223,"fd_prevent":"09","size_w":0,"year":"2563","accessibility":"ซอย รามคำแหง 65 ข้างFBT แกรนด์สปอร์ตช็อป หัวหมาก บริเวณข้างสะพานข้ามคลอง","motor_sz":"0.5","hy_lname":"คลองแสนแสบ","pump_size":"-","motor_num":"2","rt_total":0,"pump_code":"100","sill_el":0,"utm_y":1522007.5726,"material_type":"-","gate_num":0,"crest_el":0,"rate":0,"gate_type":"-","size_h":0,"brand":"-","fn_date":"-","owner":"สำนักงานระบบควบคุมน้ำ","surveillant_mobile":"-","objectid_1":132,"pump_name":"สถานีสูบน้ำมหาดไทย 65","motor_total":1,"subdistrict_id":"100608","district_t":"บางกะปิ","surveillant_name":"-","district_id":"1006","objectid":132}},{"geometry":{"type":"Point","coordinates":[100.62271566614781,13.762475682633125],"crs":null},"id":133,"type":"Feature","properties":{"pump_type":"-","utm_x":675437.7557,"fd_prevent":"04","size_w":0,"year":"2563","accessibility":"ซอย รามคำแหง 65 หลังร้านFUN FACT","motor_sz":"(1,0.5)","hy_lname":"คลองแสนแสบ","pump_size":"-","motor_num":"(1,2)","rt_total":0,"pump_code":"102","sill_el":0,"utm_y":1522048.688,"material_type":"-","gate_num":0,"crest_el":0,"rate":0,"gate_type":"-","size_h":0,"brand":"-","fn_date":"-","owner":"สำนักงานระบบควบคุมน้ำ","surveillant_mobile":"-","objectid_1":133,"pump_name":"สถานีสูบน้ำคลองจิตมิตรมหาดไทย (ตอนคลองแสนแสบ)","motor_total":3,"subdistrict_id":"104504","district_t":"วังทองหลาง","surveillant_name":"-","district_id":"1045","objectid":133}},{"geometry":{"type":"Point","coordinates":[100.6410999996329,13.762400000148565],"crs":null},"id":134,"type":"Feature","properties":{"pump_type":"-","utm_x":677425.8933,"fd_prevent":"09","size_w":0,"year":"2563","accessibility":"ถนน รามคำแหง ข้างธนาคารอิสลาม สาขาถนนรามคำแหง 87","motor_sz":"(2,0.5,0.03)","hy_lname":"คลองจิก","pump_size":"-","motor_num":"(1,1,1)","rt_total":0,"pump_code":"103","sill_el":0,"utm_y":1522053.7896,"material_type":"-","gate_num":0,"crest_el":0,"rate":0,"gate_type":"-","size_h":0,"brand":"-","fn_date":"-","owner":"สำนักงานระบบควบคุมน้ำ","surveillant_mobile":"-","objectid_1":134,"pump_name":"สถานีสูบน้ำคลองจิต (ถ.รามคำแหง)","motor_total":2.83,"subdistrict_id":"100608","district_t":"บางกะปิ","surveillant_name":"-","district_id":"1006","objectid":134}},{"geometry":{"type":"Point","coordinates":[100.59197282780129,13.76310847593895],"crs":null},"id":135,"type":"Feature","properties":{"pump_type":"-","utm_x":672112.8004,"fd_prevent":"05","size_w":0,"year":"2563","accessibility":"ถนน พระราม 9 ซอย 17 ข้างคอนโด Leticia Rama9 บริเวณสะพานข้ามคลองชวดใหญ่","motor_sz":"(3,0.2)","hy_lname":"คลองชวดใหญ่","pump_size":"-","motor_num":"(1,1)","rt_total":0,"pump_code":"104","sill_el":0,"utm_y":1522096.5015,"material_type":"-","gate_num":0,"crest_el":0,"rate":0,"gate_type":"-","size_h":0,"brand":"-","fn_date":"-","owner":"สำนักงานระบบควบคุมน้ำ","surveillant_mobile":"-","objectid_1":135,"pump_name":"สถานีสูบน้ำคลองชวดใหญ่ (ลาดพร้าว)","motor_total":3.2,"subdistrict_id":"101702","district_t":"ห้วยขวาง","surveillant_name":"-","district_id":"1017","objectid":135}},{"geometry":{"type":"Point","coordinates":[100.6469211589916,13.763301415211638],"crs":null},"id":136,"type":"Feature","properties":{"pump_type":"-","utm_x":678054.7145,"fd_prevent":"26","size_w":0,"year":"2563","accessibility":"ข้างซอย รามคำแหง 95","motor_sz":"(2,1)","hy_lname":"คลองโต๊ะยอ","pump_size":"-","motor_num":"(3,1)","rt_total":0,"pump_code":"106","sill_el":0,"utm_y":1522157.8147,"material_type":"-","gate_num":0,"crest_el":0,"rate":0,"gate_type":"-","size_h":0,"brand":"-","fn_date":"-","owner":"สำนักงานระบบควบคุมน้ำ","surveillant_mobile":"-","objectid_1":136,"pump_name":"สถานีสูบน้ำคลองโต๊ะยอ","motor_total":7,"subdistrict_id":"100608","district_t":"บางกะปิ","surveillant_name":"-","district_id":"1006","objectid":136}},{"geometry":{"type":"Point","coordinates":[100.59590597231772,13.763489129609004],"crs":null},"id":137,"type":"Feature","properties":{"pump_type":"-","utm_x":672537.843,"fd_prevent":"04","size_w":0,"year":"2563","accessibility":"ซอย จำเนียรเสริม ข้างมูลนิธิทันตนวัตกรรม ในพระบรมราชูปถัมภ์ บริเวณข้างสะพานข้ามคลองพลับพลา","motor_sz":"1","hy_lname":"คลองพลับพลา","pump_size":"-","motor_num":"3","rt_total":0,"pump_code":"108","sill_el":0,"utm_y":1522141.4294,"material_type":"-","gate_num":0,"crest_el":0,"rate":0,"gate_type":"-","size_h":0,"brand":"-","fn_date":"-","owner":"สำนักงานระบบควบคุมน้ำ","surveillant_mobile":"-","objectid_1":137,"pump_name":"สถานีสูบน้ำคลองพลับพลา  (ตอนคลองลาดพร้าว)","motor_total":3,"subdistrict_id":"104501","district_t":"วังทองหลาง","surveillant_name":"-","district_id":"1045","objectid":137}},{"geometry":{"type":"Point","coordinates":[100.63384106262106,13.763693987747496],"crs":null},"id":138,"type":"Feature","properties":{"pump_type":"-","utm_x":676639.9387,"fd_prevent":"04","size_w":0,"year":"2563","accessibility":"ซอย มหาดไทย 2 บริเวณที่กลับรถใต้สะพานท่าเรือวัดกลาง","motor_sz":"1","hy_lname":"ลำรางเลียบซอยลาดพร้าว 130","pump_size":"-","motor_num":"3","rt_total":0,"pump_code":"109","sill_el":0,"utm_y":1522191.6089,"material_type":"-","gate_num":0,"crest_el":0,"rate":0,"gate_type":"-","size_h":0,"brand":"-","fn_date":"-","owner":"สำนักงานระบบควบคุมน้ำ","surveillant_mobile":"-","objectid_1":138,"pump_name":"สถานีสูบน้ำลำรางสาธารณะซอยลาดพร้าว 130 (ตอนคลองแสนแสบ)","motor_total":3,"subdistrict_id":"100601","district_t":"บางกะปิ","surveillant_name":"-","district_id":"1006","objectid":138}},{"geometry":{"type":"Point","coordinates":[100.63628869333414,13.76434445818157],"crs":null},"id":139,"type":"Feature","properties":{"pump_type":"-","utm_x":676904.1352,"fd_prevent":"04","size_w":0,"year":"2563","accessibility":"ซอย ลาดพร้าว 132 หลังวัดกลาง บริเวณศาลาหลังวัด","motor_sz":"(1,0.50)","hy_lname":"คลองแสนแสบ","pump_size":"-","motor_num":"(1,1)","rt_total":0,"pump_code":"110","sill_el":0,"utm_y":1522265.3701,"material_type":"-","gate_num":0,"crest_el":0,"rate":0,"gate_type":"-","size_h":0,"brand":"-","fn_date":"-","owner":"สำนักงานระบบควบคุมน้ำ","surveillant_mobile":"-","objectid_1":139,"pump_name":"สถานีสูบน้ำคูน้ำข้างวัดกลาง (ตอนคลองแสนแสบ)","motor_total":1.5,"subdistrict_id":"100601","district_t":"บางกะปิ","surveillant_name":"-","district_id":"1006","objectid":139}},{"geometry":{"type":"Point","coordinates":[100.6437000004895,13.764899999627463],"crs":null},"id":140,"type":"Feature","properties":{"pump_type":"-","utm_x":677705.1703,"fd_prevent":"04","size_w":0,"year":"2563","accessibility":"หลังเดอะมอลล์บางกะปิ บริเวณท่าเรือเดอะมอลล์บางกะปิ","motor_sz":"2","hy_lname":"คลองตาหนัง","pump_size":"-","motor_num":"3","rt_total":0,"pump_code":"112","sill_el":0,"utm_y":1522332.2913,"material_type":"-","gate_num":0,"crest_el":0,"rate":0,"gate_type":"-","size_h":0,"brand":"-","fn_date":"-","owner":"สำนักงานระบบควบคุมน้ำ","surveillant_mobile":"-","objectid_1":140,"pump_name":"สถานีสูบน้ำคลองตาหนัง","motor_total":6,"subdistrict_id":"100601","district_t":"บางกะปิ","surveillant_name":"-","district_id":"1006","objectid":140}},{"geometry":{"type":"Point","coordinates":[100.63952327403864,13.767769232943435],"crs":null},"id":141,"type":"Feature","properties":{"pump_type":"-","utm_x":677251.34,"fd_prevent":"04","size_w":0,"year":"2563","accessibility":"ภายใน ศูนย์รวมสินค้าต่อยอดเฟรช บริเวณข้างอาคาร1","motor_sz":"2","hy_lname":"คลองยายเผื่อน","pump_size":"-","motor_num":"2","rt_total":0,"pump_code":"115","sill_el":0,"utm_y":1522646.6442,"material_type":"-","gate_num":0,"crest_el":0,"rate":0,"gate_type":"-","size_h":0,"brand":"-","fn_date":"-","owner":"สำนักงานระบบควบคุมน้ำ","surveillant_mobile":"-","objectid_1":141,"pump_name":"สถานีสูบน้ำคลองยายเผื่อน","motor_total":4,"subdistrict_id":"100601","district_t":"บางกะปิ","surveillant_name":"-","district_id":"1006","objectid":141}},{"geometry":{"type":"Point","coordinates":[100.59328871438576,13.768804123024248],"crs":null},"id":142,"type":"Feature","properties":{"pump_type":"-","utm_x":672250.9268,"fd_prevent":"04","size_w":0,"year":"2563","accessibility":"ถนน ประชาอุทิศ บริเวณหน้าพฤกษ์ลาวัลย์ อพาร์ทเม้นท์","motor_sz":"(3,2,10.13)","hy_lname":"-","pump_size":"-","motor_num":"(1,1,1)","rt_total":0,"pump_code":"116","sill_el":0,"utm_y":1522727.5585,"material_type":"-","gate_num":0,"crest_el":0,"rate":0,"gate_type":"-","size_h":0,"brand":"-","fn_date":"-","owner":"สำนักงานระบบควบคุมน้ำ","surveillant_mobile":"-","objectid_1":142,"pump_name":"สถานีสูบน้ำคลองชวดตาเชียง (ตอนคลองลาดพร้าว)","motor_total":3.33,"subdistrict_id":"104501","district_t":"วังทองหลาง","surveillant_name":"-","district_id":"1045","objectid":142}},{"geometry":{"type":"Point","coordinates":[100.55120000063592,13.769099999872447],"crs":null},"id":143,"type":"Feature","properties":{"pump_type":"-","utm_x":667699.4861,"fd_prevent":"05","size_w":0,"year":"2563","accessibility":"ถนน วิภาวดีรังสิต บริเวณหน้าสำนักการจราจรและขนส่ง","motor_sz":"2","hy_lname":"คูระบายน้ำข้างถนนวิภาวดีรังสิต","pump_size":"-","motor_num":"3","rt_total":0,"pump_code":"117","sill_el":0,"utm_y":1522730.5592,"material_type":"-","gate_num":0,"crest_el":0,"rate":0,"gate_type":"-","size_h":0,"brand":"-","fn_date":"-","owner":"สำนักงานระบบควบคุมน้ำ","surveillant_mobile":"-","objectid_1":143,"pump_name":"สถานีสูบน้ำดินแดง-ขาเข้า","motor_total":6,"subdistrict_id":"101401","district_t":"พญาไท","surveillant_name":"-","district_id":"1014","objectid":143}},{"geometry":{"type":"Point","coordinates":[100.65189999980534,13.7686000005213],"crs":null},"id":144,"type":"Feature","properties":{"pump_type":"-","utm_x":678589.1055,"fd_prevent":"24","size_w":0,"year":"2563","accessibility":"ถนน เสรีไทย หลังธนาคารกรุงเทพ จก (มหาชน) สาขาย่อยสถาบันบัณฑิตพัฒนบริหารศาสตร์","motor_sz":"(1,2)","hy_lname":"คลองลำพังพวย","pump_size":"-","motor_num":"(4,1)","rt_total":0,"pump_code":"118","sill_el":0,"utm_y":1522747.7068,"material_type":"-","gate_num":0,"crest_el":0,"rate":0,"gate_type":"-","size_h":0,"brand":"-","fn_date":"-","owner":"สำนักงานระบบควบคุมน้ำ","surveillant_mobile":"-","objectid_1":144,"pump_name":"สถานีสูบน้ำคลองลำพังพวย (นิด้า)","motor_total":6,"subdistrict_id":"100601","district_t":"บางกะปิ","surveillant_name":"-","district_id":"1006","objectid":144}},{"geometry":{"type":"Point","coordinates":[100.62816093264689,13.77471173804317],"crs":null},"id":145,"type":"Feature","properties":{"pump_type":"-","utm_x":676017.4468,"fd_prevent":"04","size_w":0,"year":"2563","accessibility":"สุดซอย ลาดพร้าว 128/1","motor_sz":"1","hy_lname":"คลองจิตรมิตรมหาดไทย","pump_size":"-","motor_num":"2","rt_total":0,"pump_code":"123","sill_el":0,"utm_y":1523406.3725,"material_type":"-","gate_num":0,"crest_el":0,"rate":0,"gate_type":"-","size_h":0,"brand":"-","fn_date":"-","owner":"สำนักงานระบบควบคุมน้ำ","surveillant_mobile":"-","objectid_1":145,"pump_name":"สถานีสูบน้ำจิตมิตรมหาดไทย (ตอนคลองจั่น)","motor_total":2,"subdistrict_id":"104504","district_t":"วังทองหลาง","surveillant_name":"-","district_id":"1045","objectid":145}},{"geometry":{"type":"Point","coordinates":[100.56547642258586,13.775286756723938],"crs":null},"id":146,"type":"Feature","properties":{"pump_type":"-","utm_x":669238.7915,"fd_prevent":"05","size_w":0,"year":"2563","accessibility":"ถนน ประชาสงเคราะห์ ข้างบริษัทนำเจริญ ","motor_sz":"1","hy_lname":"คลองนาซอง","pump_size":"-","motor_num":"2","rt_total":0,"pump_code":"124","sill_el":0,"utm_y":1523424.995,"material_type":"-","gate_num":0,"crest_el":0,"rate":0,"gate_type":"-","size_h":0,"brand":"-","fn_date":"-","owner":"สำนักงานระบบควบคุมน้ำ","surveillant_mobile":"-","objectid_1":146,"pump_name":"สถานีสูบน้ำประชาสงเคราะห์ 24","motor_total":2,"subdistrict_id":"102601","district_t":"ดินแดง","surveillant_name":"-","district_id":"1026","objectid":146}},{"geometry":{"type":"Point","coordinates":[100.53989999989521,13.784100000228374],"crs":null},"id":147,"type":"Feature","properties":{"pump_type":"-","utm_x":666466.9615,"fd_prevent":"05","size_w":0,"year":"2563","accessibility":"ซอย อารีย์ บริเวณฝั่งตรงข้ามสถาบันการประชาสัมพันธ์","motor_sz":"1","hy_lname":"-","pump_size":"-","motor_num":"4","rt_total":0,"pump_code":"131","sill_el":0,"utm_y":1524382.1425,"material_type":"-","gate_num":0,"crest_el":0,"rate":0,"gate_type":"-","size_h":0,"brand":"-","fn_date":"-","owner":"สำนักงานระบบควบคุมน้ำ","surveillant_mobile":"-","objectid_1":147,"pump_name":"สถานีสูบน้ำบึงพิบูลย์วัฒนา","motor_total":4,"subdistrict_id":"101402","district_t":"พญาไท","surveillant_name":"-","district_id":"1014","objectid":147}},{"geometry":{"type":"Point","coordinates":[100.66502949515663,13.784981873974528],"crs":null},"id":148,"type":"Feature","properties":{"pump_type":"-","utm_x":679996.3619,"fd_prevent":"24","size_w":0,"year":"2563","accessibility":"ซอย เสรีไทย 41 แยก 3 บริเวณกลางซอย","motor_sz":"1","hy_lname":"-","pump_size":"-","motor_num":"3","rt_total":0,"pump_code":"133","sill_el":0,"utm_y":1524569.8946,"material_type":"-","gate_num":0,"crest_el":0,"rate":0,"gate_type":"-","size_h":0,"brand":"-","fn_date":"-","owner":"สำนักงานระบบควบคุมน้ำ","surveillant_mobile":"-","objectid_1":148,"pump_name":"สถานีสูบน้ำบึงกุ่ม (ตอนสวนเสรีไทย)","motor_total":3,"subdistrict_id":"102701","district_t":"บึงกุ่ม","surveillant_name":"-","district_id":"1027","objectid":148}},{"geometry":{"type":"Point","coordinates":[100.66171434227441,13.784552072232971],"crs":null},"id":149,"type":"Feature","properties":{"pump_type":"-","utm_x":679638.2195,"fd_prevent":"24","size_w":0,"year":"2563","accessibility":"ซอย ศรีนครพัฒนา บริเวณหลัง บริษัทไทยพาราโพลี","motor_sz":"1","hy_lname":"คลองบางเตย","pump_size":"-","motor_num":"2","rt_total":0,"pump_code":"134","sill_el":0,"utm_y":1524519.8632,"material_type":"-","gate_num":0,"crest_el":0,"rate":0,"gate_type":"-","size_h":0,"brand":"-","fn_date":"-","owner":"สำนักงานระบบควบคุมน้ำ","surveillant_mobile":"-","objectid_1":149,"pump_name":"สถานีสูบน้ำบึงกุ่ม (ตอนคลองบางเตย)","motor_total":2,"subdistrict_id":"102701","district_t":"บึงกุ่ม","surveillant_name":"-","district_id":"1027","objectid":149}},{"geometry":{"type":"Point","coordinates":[100.5613266244089,13.787305248348066],"crs":null},"id":150,"type":"Feature","properties":{"pump_type":"-","utm_x":668781.4372,"fd_prevent":"05","size_w":0,"year":"2563","accessibility":"ซอย วิภาวดีรังสิต 8 หน้าร้านหัตถเวช","motor_sz":"1","hy_lname":"คูระบายน้ำข้างถนนวิภาวดีรังสิต","pump_size":"-","motor_num":"3","rt_total":0,"pump_code":"137","sill_el":0,"utm_y":1524751.6811,"material_type":"-","gate_num":0,"crest_el":0,"rate":0,"gate_type":"-","size_h":0,"brand":"-","fn_date":"-","owner":"สำนักงานระบบควบคุมน้ำ","surveillant_mobile":"-","objectid_1":150,"pump_name":"สถานีสูบน้ำสุทธิสาร-ขาเข้า","motor_total":3,"subdistrict_id":"102602","district_t":"ดินแดง","surveillant_name":"-","district_id":"1026","objectid":150}},{"geometry":{"type":"Point","coordinates":[100.56072427350045,13.787819613566372],"crs":null},"id":151,"type":"Feature","properties":{"pump_type":"-","utm_x":668715.9384,"fd_prevent":"05","size_w":0,"year":"2563","accessibility":"ถนน วิภาวดีรังสิต หน้าบริษัท พี.พี.เอ้นจิเนียริ่ง2018 จำกัด","motor_sz":"1","hy_lname":"คูระบายน้ำช่วงถนนวิภาวดีรังสิต","pump_size":"-","motor_num":"3","rt_total":0,"pump_code":"138","sill_el":0,"utm_y":1524808.1622,"material_type":"-","gate_num":0,"crest_el":0,"rate":0,"gate_type":"-","size_h":0,"brand":"-","fn_date":"-","owner":"สำนักงานระบบควบคุมน้ำ","surveillant_mobile":"-","objectid_1":151,"pump_name":"สถานีสูบน้ำสุทธิสาร-ขาออก","motor_total":3,"subdistrict_id":"101401","district_t":"พญาไท","surveillant_name":"-","district_id":"1014","objectid":151}},{"geometry":{"type":"Point","coordinates":[100.62800965481162,13.78848080280718],"crs":null},"id":152,"type":"Feature","properties":{"pump_type":"-","utm_x":675990.7746,"fd_prevent":"04","size_w":0,"year":"2563","accessibility":"ซอย ลาดพร้าว101 บริเวณข้าง The primary101","motor_sz":"2","hy_lname":"-","pump_size":"-","motor_num":"4","rt_total":0,"pump_code":"140","sill_el":0,"utm_y":1524929.5736,"material_type":"-","gate_num":0,"crest_el":0,"rate":0,"gate_type":"-","size_h":0,"brand":"-","fn_date":"-","owner":"สำนักงานระบบควบคุมน้ำ","surveillant_mobile":"-","objectid_1":152,"pump_name":"สถานีสูบน้ำคลองลำพังพวย (ตอนคลองจั่น)","motor_total":8,"subdistrict_id":"100601","district_t":"บางกะปิ","surveillant_name":"-","district_id":"1006","objectid":152}},{"geometry":{"type":"Point","coordinates":[100.56959739262945,13.790576100901909],"crs":null},"id":153,"type":"Feature","properties":{"pump_type":"-","utm_x":669673.3538,"fd_prevent":"05","size_w":0,"year":"2563","accessibility":"สุดซอย น้อยจันทร์","motor_sz":"(2,1)","hy_lname":"คลองห้วยขวาง","pump_size":"-","motor_num":"(3,2)","rt_total":0,"pump_code":"142","sill_el":0,"utm_y":1525119.3606,"material_type":"-","gate_num":0,"crest_el":0,"rate":0,"gate_type":"-","size_h":0,"brand":"-","fn_date":"-","owner":"สำนักงานระบบควบคุมน้ำ","surveillant_mobile":"-","objectid_1":153,"pump_name":"สถานีสูบน้ำคลองห้วยขวาง","motor_total":8,"subdistrict_id":"102602","district_t":"ดินแดง","surveillant_name":"-","district_id":"1026","objectid":153}},{"geometry":{"type":"Point","coordinates":[100.65675086034157,13.792371633265173],"crs":null},"id":154,"type":"Feature","properties":{"pump_type":"-","utm_x":679095.549,"fd_prevent":"24","size_w":0,"year":"2563","accessibility":"สุดซอย นวมินทร์ 26 แยก 1","motor_sz":"2","hy_lname":"คลองบางเตย","pump_size":"-","motor_num":"2","rt_total":0,"pump_code":"144","sill_el":0,"utm_y":1525381.2712,"material_type":"-","gate_num":0,"crest_el":0,"rate":0,"gate_type":"-","size_h":0,"brand":"-","fn_date":"-","owner":"สำนักงานระบบควบคุมน้ำ","surveillant_mobile":"-","objectid_1":154,"pump_name":"สถานีสูบน้ำลำรางสาธารณะ (ตอนคลองบางเตย นวมินทร์ 26)","motor_total":4,"subdistrict_id":"102701","district_t":"บึงกุ่ม","surveillant_name":"-","district_id":"1027","objectid":154}},{"geometry":{"type":"Point","coordinates":[100.5615585772439,13.794726570746814],"crs":null},"id":155,"type":"Feature","properties":{"pump_type":"-","utm_x":668801.1817,"fd_prevent":"05","size_w":0,"year":"2563","accessibility":"ทางคู่ขนานถนนวิภาวดีรังสิต ข้างบริษัท ออโต้ บอดี้ คลินิค จำกัด","motor_sz":"(2,1)","hy_lname":"คลองบางซื่อ","pump_size":"-","motor_num":"(1,2)","rt_total":0,"pump_code":"146","sill_el":0,"utm_y":1525572.8635,"material_type":"-","gate_num":0,"crest_el":0,"rate":0,"gate_type":"-","size_h":0,"brand":"-","fn_date":"-","owner":"สำนักงานระบบควบคุมน้ำ","surveillant_mobile":"-","objectid_1":155,"pump_name":"สถานีสูบน้ำคลองบางซื่อ-ขาเข้า (ฝั่งใต้)","motor_total":4,"subdistrict_id":"102602","district_t":"ดินแดง","surveillant_name":"-","district_id":"1026","objectid":155}},{"geometry":{"type":"Point","coordinates":[100.56152183973992,13.795122022101578],"crs":null},"id":156,"type":"Feature","properties":{"pump_type":"-","utm_x":668796.9252,"fd_prevent":"03","size_w":0,"year":"2563","accessibility":"ทางคู่ขนานถนนวิภาวดีรังสิต ข้างบริษัท แปซิฟิค ไทย มอเตอร์สปอร์ตส์ จำกัด","motor_sz":"(2,1)","hy_lname":"คลองบางซื่อ","pump_size":"-","motor_num":"(1,2)","rt_total":0,"pump_code":"147","sill_el":0,"utm_y":1525616.5864,"material_type":"-","gate_num":0,"crest_el":0,"rate":0,"gate_type":"-","size_h":0,"brand":"-","fn_date":"-","owner":"สำนักงานระบบควบคุมน้ำ","surveillant_mobile":"-","objectid_1":156,"pump_name":"สถานีสูบน้ำคลองบางซื่อ-ขาเข้า (ฝั่งเหนือ)","motor_total":4,"subdistrict_id":"103004","district_t":"จตุจักร","surveillant_name":"-","district_id":"1030","objectid":156}},{"geometry":{"type":"Point","coordinates":[100.56080564152093,13.795312369943744],"crs":null},"id":157,"type":"Feature","properties":{"pump_type":"-","utm_x":668719.3519,"fd_prevent":"03","size_w":0,"year":"2563","accessibility":"ทางคู่ขนานถนนวิภาวดีรังสิต หน้าสำนักงานคณะกรรมการกำกับหลักทรัพย์และตลาดหลักทรัพย์","motor_sz":"(2,1)","hy_lname":"คูระบายน้ำช่วงถนนวิภาวดีรังสิต","pump_size":"-","motor_num":"(1,2)","rt_total":0,"pump_code":"148","sill_el":0,"utm_y":1525637.1413,"material_type":"-","gate_num":0,"crest_el":0,"rate":0,"gate_type":"-","size_h":0,"brand":"-","fn_date":"-","owner":"สำนักงานระบบควบคุมน้ำ","surveillant_mobile":"-","objectid_1":157,"pump_name":"สถานีสูบน้ำคลองบางซื่อ-ขาออก(ฝั่งเหนือ)","motor_total":4,"subdistrict_id":"103004","district_t":"จตุจักร","surveillant_name":"-","district_id":"1030","objectid":157}},{"geometry":{"type":"Point","coordinates":[100.67350000014672,13.794599999349185],"crs":null},"id":158,"type":"Feature","properties":{"pump_type":"-","utm_x":680904.8788,"fd_prevent":"24","size_w":0,"year":"2563","accessibility":"สุดซอยหมู่บ้านสหกรณ์ ซอย 19/3","motor_sz":"3","hy_lname":"คลองระหัส","pump_size":"-","motor_num":"2","rt_total":0,"pump_code":"149","sill_el":0,"utm_y":1525640.3585,"material_type":"-","gate_num":0,"crest_el":0,"rate":0,"gate_type":"-","size_h":0,"brand":"-","fn_date":"-","owner":"สำนักงานระบบควบคุมน้ำ","surveillant_mobile":"-","objectid_1":158,"pump_name":"สถานีสูบน้ำคลองระหัส","motor_total":6,"subdistrict_id":"102701","district_t":"บึงกุ่ม","surveillant_name":"-","district_id":"1027","objectid":158}},{"geometry":{"type":"Point","coordinates":[100.62347344697717,13.800152788411884],"crs":null},"id":159,"type":"Feature","properties":{"pump_type":"-","utm_x":675491.5585,"fd_prevent":"04","size_w":0,"year":"2563","accessibility":"ชุมชนทิวสน ซอย ลาดพร้าว 87 บริเวณลานกีฬาหลังซอยติดกับคลอง","motor_sz":"(3,2,1)","hy_lname":"คลองจั่น","pump_size":"-","motor_num":"(2,1,1)","rt_total":0,"pump_code":"156","sill_el":0,"utm_y":1526217.5601,"material_type":"-","gate_num":0,"crest_el":0,"rate":0,"gate_type":"-","size_h":0,"brand":"-","fn_date":"-","owner":"สำนักงานระบบควบคุมน้ำ","surveillant_mobile":"-","objectid_1":159,"pump_name":"สถานีสูบน้ำคลองทรงกระเทียม (ตอนคลองจั่น)","motor_total":9,"subdistrict_id":"104503","district_t":"วังทองหลาง","surveillant_name":"-","district_id":"1045","objectid":159}},{"geometry":{"type":"Point","coordinates":[100.65170761055053,13.80103821224231],"crs":null},"id":160,"type":"Feature","properties":{"pump_type":"-","utm_x":678543.6428,"fd_prevent":"24","size_w":0,"year":"2563","accessibility":"ซอย นวมินทร์ 54 ข้างสินธนาแมนชั่น บริเวณสะพานข้ามคลอง","motor_sz":"2","hy_lname":"คลองบางเตย","pump_size":"-","motor_num":"4","rt_total":0,"pump_code":"157","sill_el":0,"utm_y":1526336.3368,"material_type":"-","gate_num":0,"crest_el":0,"rate":0,"gate_type":"-","size_h":0,"brand":"-","fn_date":"-","owner":"สำนักงานระบบควบคุมน้ำ","surveillant_mobile":"-","objectid_1":160,"pump_name":"สถานีสูบน้ำคลองบวบขม (ตอนคลองบางเตย)","motor_total":8,"subdistrict_id":"102701","district_t":"บึงกุ่ม","surveillant_name":"-","district_id":"1027","objectid":160}},{"geometry":{"type":"Point","coordinates":[100.5889632452867,13.802793062375939],"crs":null},"id":161,"type":"Feature","properties":{"pump_type":"-","utm_x":671758.3359,"fd_prevent":"04","size_w":0,"year":"2563","accessibility":"ซอย ลาดพร้าววังหิน 23 ข้สงวัดลาดพร้าวบริเวณลานจอดรถข้างร้านก๋วยเตี๋ยวเรือชายคลอง","motor_sz":"(3,2)","hy_lname":"คลองทรงกระเทียม","pump_size":"-","motor_num":"(1,2)","rt_total":0,"pump_code":"158","sill_el":0,"utm_y":1526484.6987,"material_type":"-","gate_num":0,"crest_el":0,"rate":0,"gate_type":"-","size_h":0,"brand":"-","fn_date":"-","owner":"สำนักงานระบบควบคุมน้ำ","surveillant_mobile":"-","objectid_1":161,"pump_name":"สถานีสูบน้ำคลองทรงกระเทียม (ตอนวัดลาดพร้าว)","motor_total":7,"subdistrict_id":"103801","district_t":"ลาดพร้าว","surveillant_name":"-","district_id":"1038","objectid":161}},{"geometry":{"type":"Point","coordinates":[100.53600000003783,13.804599999975206],"crs":null},"id":162,"type":"Feature","properties":{"pump_type":"-","utm_x":666030.7716,"fd_prevent":"03","size_w":0,"year":"2563","accessibility":"ซอย ปูนซีเมนต์ไทย ถนนหน้าบ้าน ข้างบริษัท SCGปูนซีเมนต์ไทย บริเวณใต้สะพานกลับรถ","motor_sz":"4.3","hy_lname":"คลองเปรมประชากร","pump_size":"-","motor_num":"8","rt_total":0,"pump_code":"159","sill_el":0,"utm_y":1526647.3321,"material_type":"-","gate_num":0,"crest_el":0,"rate":0,"gate_type":"-","size_h":0,"brand":"-","fn_date":"-","owner":"สำนักงานระบบควบคุมน้ำ","surveillant_mobile":"-","objectid_1":162,"pump_name":"สถานีสูบน้ำคลองเปรมประชากร","motor_total":34.4,"subdistrict_id":"102901","district_t":"บางซื่อ","surveillant_name":"-","district_id":"1029","objectid":162}},{"geometry":{"type":"Point","coordinates":[100.51955097889396,13.805188345651702],"crs":null},"id":163,"type":"Feature","properties":{"pump_type":"-","utm_x":664251.9624,"fd_prevent":"22","size_w":0,"year":"2563","accessibility":"หลังโรงเรียนทหารพลาธิการ กรมพลาธิการทหารบก บริเวณติดลำคลอง","motor_sz":"1","hy_lname":"คลองขรัวตาแก่น","pump_size":"-","motor_num":"4","rt_total":0,"pump_code":"160","sill_el":0,"utm_y":1526701.1018,"material_type":"-","gate_num":0,"crest_el":0,"rate":0,"gate_type":"-","size_h":0,"brand":"-","fn_date":"-","owner":"สำนักงานระบบควบคุมน้ำ","surveillant_mobile":"-","objectid_1":163,"pump_name":"สถานีสูบน้ำคลองขรัวตาแก่น","motor_total":4,"subdistrict_id":"102901","district_t":"บางซื่อ","surveillant_name":"-","district_id":"1029","objectid":163}},{"geometry":{"type":"Point","coordinates":[100.70285359575054,13.804612279284633],"crs":null},"id":164,"type":"Feature","properties":{"pump_type":"-","utm_x":684070.9657,"fd_prevent":"25","size_w":0,"year":"2563","accessibility":"ซอย หม่อมเจ้าสง่างามสุประดิษฐ์ 2 หลังบริษัท อาร์ตอุตสาหกรรม จำกัด","motor_sz":"0.5","hy_lname":"-","pump_size":"-","motor_num":"2","rt_total":0,"pump_code":"161","sill_el":0,"utm_y":1526770.3904,"material_type":"-","gate_num":0,"crest_el":0,"rate":0,"gate_type":"-","size_h":0,"brand":"-","fn_date":"-","owner":"สำนักงานระบบควบคุมน้ำ","surveillant_mobile":"-","objectid_1":164,"pump_name":"สถานีสูบน้ำบึงกระเทียม","motor_total":1,"subdistrict_id":"101001","district_t":"มีนบุรี","surveillant_name":"-","district_id":"1010","objectid":164}},{"geometry":{"type":"Point","coordinates":[100.51588978600904,13.806810753961237],"crs":null},"id":165,"type":"Feature","properties":{"pump_type":"-","utm_x":663854.9992,"fd_prevent":"29","size_w":0,"year":"2563","accessibility":"ซอย จรัญสนิทวงศ์ 96/1 ข้างร้านเอี่ยมวัฒนา","motor_sz":"0.5","hy_lname":"คลองสวนแดน","pump_size":"-","motor_num":"2","rt_total":0,"pump_code":"162","sill_el":0,"utm_y":1526878.0827,"material_type":"-","gate_num":0,"crest_el":0,"rate":0,"gate_type":"-","size_h":0,"brand":"-","fn_date":"-","owner":"สำนักงานระบบควบคุมน้ำ","surveillant_mobile":"-","objectid_1":165,"pump_name":"สถานีสูบน้ำคลองสวนแดน 2","motor_total":1,"subdistrict_id":"102502","district_t":"บางพลัด","surveillant_name":"-","district_id":"1025","objectid":165}},{"geometry":{"type":"Point","coordinates":[100.64980442376797,13.806033008005477],"crs":null},"id":166,"type":"Feature","properties":{"pump_type":"-","utm_x":678334.0669,"fd_prevent":"24","size_w":0,"year":"2563","accessibility":"สุดซอย นวมินทร์ 68 แยก 6-12","motor_sz":"1","hy_lname":"ลำรางแยกคลองบางเตย ตอน 1","pump_size":"-","motor_num":"2","rt_total":0,"pump_code":"163","sill_el":0,"utm_y":1526887.5172,"material_type":"-","gate_num":0,"crest_el":0,"rate":0,"gate_type":"-","size_h":0,"brand":"-","fn_date":"-","owner":"สำนักงานระบบควบคุมน้ำ","surveillant_mobile":"-","objectid_1":166,"pump_name":"สถานีสูบน้ำลำรางบางเตย (นวมินทร 66)","motor_total":2,"subdistrict_id":"102701","district_t":"บึงกุ่ม","surveillant_name":"-","district_id":"1027","objectid":166}},{"geometry":{"type":"Point","coordinates":[100.70117398178724,13.805827325883875],"crs":null},"id":167,"type":"Feature","properties":{"pump_type":"-","utm_x":683888.4065,"fd_prevent":"24","size_w":0,"year":"2563","accessibility":"ซอย หม่อมเจ้าสง่างามสุประดิษฐ์ 2 บริเวณคลองฝั่งตรงข้ามมัสยิดซอลีฮุสสลาม (บางชัน)","motor_sz":"0.5","hy_lname":"คลองบางชัน","pump_size":"-","motor_num":"2","rt_total":0,"pump_code":"164","sill_el":0,"utm_y":1526903.5316,"material_type":"-","gate_num":0,"crest_el":0,"rate":0,"gate_type":"-","size_h":0,"brand":"-","fn_date":"-","owner":"สำนักงานระบบควบคุมน้ำ","surveillant_mobile":"-","objectid_1":167,"pump_name":"สถานีสูบน้ำบึงสวนสยาม","motor_total":1,"subdistrict_id":"104301","district_t":"คันนายาว","surveillant_name":"-","district_id":"1043","objectid":167}},{"geometry":{"type":"Point","coordinates":[100.51890000007998,13.808100000254443],"crs":null},"id":168,"type":"Feature","properties":{"pump_type":"-","utm_x":664179.5435,"fd_prevent":"22","size_w":0,"year":"2563","accessibility":"บริเวณหลังสถานีตำรวจนครบาลบางโพ","motor_sz":"2","hy_lname":"คลองบางโพ","pump_size":"-","motor_num":"2","rt_total":0,"pump_code":"165","sill_el":0,"utm_y":1527022.7668,"material_type":"-","gate_num":0,"crest_el":0,"rate":0,"gate_type":"-","size_h":0,"brand":"-","fn_date":"-","owner":"สำนักงานระบบควบคุมน้ำ","surveillant_mobile":"-","objectid_1":168,"pump_name":"สถานีสูบน้ำบางโพ","motor_total":4,"subdistrict_id":"102901","district_t":"บางซื่อ","surveillant_name":"-","district_id":"1029","objectid":168}},{"geometry":{"type":"Point","coordinates":[100.51828071486041,13.810768380311025],"crs":null},"id":169,"type":"Feature","properties":{"pump_type":"-","utm_x":664110.7227,"fd_prevent":"22","size_w":0,"year":"2563","accessibility":"วัดอนัมนิกายาราม บริเวณข้างลานจอดรถหลังวัด","motor_sz":"0.5","hy_lname":"-","pump_size":"-","motor_num":"2","rt_total":0,"pump_code":"167","sill_el":0,"utm_y":1527317.5406,"material_type":"-","gate_num":0,"crest_el":0,"rate":0,"gate_type":"-","size_h":0,"brand":"-","fn_date":"-","owner":"สำนักงานระบบควบคุมน้ำ","surveillant_mobile":"-","objectid_1":169,"pump_name":"สถานีสูบน้ำคูน้ำข้างวัดอนัมนิกายาราม","motor_total":1,"subdistrict_id":"102901","district_t":"บางซื่อ","surveillant_name":"-","district_id":"1029","objectid":169}},{"geometry":{"type":"Point","coordinates":[100.589199870266,13.810480867500203],"crs":null},"id":170,"type":"Feature","properties":{"pump_type":"-","utm_x":671778.2884,"fd_prevent":"04","size_w":0,"year":"2563","accessibility":"สุดซอยลาดพร้าววังหิน ซอย 47 แยก 11","motor_sz":"(3,2,0.2)","hy_lname":"คลองลาดพร้าว","pump_size":"-","motor_num":"(1,1,1)","rt_total":0,"pump_code":"168","sill_el":0,"utm_y":1527335.3795,"material_type":"-","gate_num":0,"crest_el":0,"rate":0,"gate_type":"-","size_h":0,"brand":"-","fn_date":"-","owner":"สำนักงานระบบควบคุมน้ำ","surveillant_mobile":"-","objectid_1":170,"pump_name":"สถานีสูบน้ำคลองหนองบอน (ตอนถนนลาดพร้าว-วังหิน)","motor_total":3.2,"subdistrict_id":"103801","district_t":"ลาดพร้าว","surveillant_name":"-","district_id":"1038","objectid":170}},{"geometry":{"type":"Point","coordinates":[100.51814122419006,13.812116965281337],"crs":null},"id":171,"type":"Feature","properties":{"pump_type":"-","utm_x":664094.6981,"fd_prevent":"22","size_w":0,"year":"2563","accessibility":"ถนน ประชาราษฎร์สาย1 หลังวัดสร้อยทอง พระอารามหลวง บริเวณสะพานทางเข้าชุมชนวัดสร้อยทอง","motor_sz":"(2,1)","hy_lname":"คลองกระดาษ","pump_size":"-","motor_num":"(2,3)","rt_total":0,"pump_code":"169","sill_el":0,"utm_y":1527466.6364,"material_type":"-","gate_num":0,"crest_el":0,"rate":0,"gate_type":"-","size_h":0,"brand":"-","fn_date":"-","owner":"สำนักงานระบบควบคุมน้ำ","surveillant_mobile":"-","objectid_1":171,"pump_name":"สถานีสูบน้ำวัดสร้อยทอง","motor_total":7,"subdistrict_id":"102901","district_t":"บางซื่อ","surveillant_name":"-","district_id":"1029","objectid":171}},{"geometry":{"type":"Point","coordinates":[100.51636242148588,13.814518577119772],"crs":null},"id":172,"type":"Feature","properties":{"pump_type":"-","utm_x":663900.7094,"fd_prevent":"22","size_w":0,"year":"2563","accessibility":"ถนน ประชาราษฎร์ สาย 1 ข้างบริษัท พาโก้ เอ็นเทค จำกัด","motor_sz":"1","hy_lname":"คลองส้มป่อยพระราม 6","pump_size":"-","motor_num":"2","rt_total":0,"pump_code":"170","sill_el":0,"utm_y":1527731.1056,"material_type":"-","gate_num":0,"crest_el":0,"rate":0,"gate_type":"-","size_h":0,"brand":"-","fn_date":"-","owner":"สำนักงานระบบควบคุมน้ำ","surveillant_mobile":"-","objectid_1":172,"pump_name":"สถานีสูบน้ำคลองส้มป่อย","motor_total":2,"subdistrict_id":"102902","district_t":"บางซื่อ","surveillant_name":"-","district_id":"1029","objectid":172}},{"geometry":{"type":"Point","coordinates":[100.62650029250207,13.819242089094026],"crs":null},"id":173,"type":"Feature","properties":{"pump_type":"-","utm_x":675804.5134,"fd_prevent":"04","size_w":0,"year":"2563","accessibility":"ซอย โยธินพัฒนา 1 ข้างหอพักบ้านสีเหลือง","motor_sz":"2","hy_lname":"คลองลำเจียก 1","pump_size":"-","motor_num":"4","rt_total":0,"pump_code":"172","sill_el":0,"utm_y":1528331.6828,"material_type":"-","gate_num":0,"crest_el":0,"rate":0,"gate_type":"-","size_h":0,"brand":"-","fn_date":"-","owner":"สำนักงานระบบควบคุมน้ำ","surveillant_mobile":"-","objectid_1":173,"pump_name":"สถานีสูบน้ำคลองลำเจียก","motor_total":8,"subdistrict_id":"100601","district_t":"บางกะปิ","surveillant_name":"-","district_id":"1006","objectid":173}},{"geometry":{"type":"Point","coordinates":[100.55820184375663,13.820482768819227],"crs":null},"id":174,"type":"Feature","properties":{"pump_type":"-","utm_x":668419.747,"fd_prevent":"03","size_w":0,"year":"2563","accessibility":"ถนน วิภาวดีรังสิต บริเวณหน้าสนง.การประปาสาขาพญาไท","motor_sz":"(3,2,1)","hy_lname":"คูระบายน้ำข้างถนนวิภาวดีรังสิต","pump_size":"-","motor_num":"(1,1,2)","rt_total":0,"pump_code":"173","sill_el":0,"utm_y":1528419.9096,"material_type":"-","gate_num":0,"crest_el":0,"rate":0,"gate_type":"-","size_h":0,"brand":"-","fn_date":"-","owner":"สำนักงานระบบควบคุมน้ำ","surveillant_mobile":"-","objectid_1":174,"pump_name":"สถานีสูบน้ำหลัง รร.หอวัง","motor_total":7,"subdistrict_id":"103005","district_t":"จตุจักร","surveillant_name":"-","district_id":"1030","objectid":174}},{"geometry":{"type":"Point","coordinates":[100.591345171571,13.821620752306012],"crs":null},"id":175,"type":"Feature","properties":{"pump_type":"-","utm_x":672002.0531,"fd_prevent":"04","size_w":0,"year":"2563","accessibility":"ถนน ลาดพร้าววังหิน ข้างปั๊มน้ำมัน ปตท.วังหิน","motor_sz":"(1,1,0.20)","hy_lname":"คลองเสือน้อย","pump_size":"-","motor_num":"(2,1,1)","rt_total":0,"pump_code":"175","sill_el":0,"utm_y":1528569.338,"material_type":"-","gate_num":0,"crest_el":0,"rate":0,"gate_type":"-","size_h":0,"brand":"-","fn_date":"-","owner":"สำนักงานระบบควบคุมน้ำ","surveillant_mobile":"-","objectid_1":175,"pump_name":"สถานีสูบน้ำคลองเสือน้อย (ตอนถนนลาดพร้าว-วังหิน)","motor_total":5.2,"subdistrict_id":"103801","district_t":"ลาดพร้าว","surveillant_name":"-","district_id":"1038","objectid":175}},{"geometry":{"type":"Point","coordinates":[100.54494173489263,13.82197459758592],"crs":null},"id":176,"type":"Feature","properties":{"pump_type":"-","utm_x":666985.1408,"fd_prevent":"03","size_w":0,"year":"2563","accessibility":"เลียบทางรถไฟสายใต้ หลังสหกรณ์เคหสถานบ่อฝรั่งริมน้ำพัฒนา จำกัด บริเวณหลังอาคาร I","motor_sz":"0.5","hy_lname":"-","pump_size":"-","motor_num":"1","rt_total":0,"pump_code":"176","sill_el":0,"utm_y":1528575.6738,"material_type":"-","gate_num":0,"crest_el":0,"rate":0,"gate_type":"-","size_h":0,"brand":"-","fn_date":"-","owner":"สำนักงานระบบควบคุมน้ำ","surveillant_mobile":"-","objectid_1":176,"pump_name":"สถานีสูบน้ำบึงบางซื่อ","motor_total":0.5,"subdistrict_id":"103005","district_t":"จตุจักร","surveillant_name":"-","district_id":"1030","objectid":176}},{"geometry":{"type":"Point","coordinates":[100.62610017220678,13.822524871607511],"crs":null},"id":177,"type":"Feature","properties":{"pump_type":"-","utm_x":675758.792,"fd_prevent":"04","size_w":0,"year":"2563","accessibility":"ถนน ประดิษฐ์มนูธรรม ข้างร้านแซ่บอินดี้ สาขาเลียบด่วน","motor_sz":"3","hy_lname":"คลองเสือน้อย","pump_size":"-","motor_num":"5","rt_total":0,"pump_code":"177","sill_el":0,"utm_y":1528694.574,"material_type":"-","gate_num":0,"crest_el":0,"rate":0,"gate_type":"-","size_h":0,"brand":"-","fn_date":"-","owner":"สำนักงานระบบควบคุมน้ำ","surveillant_mobile":"-","objectid_1":177,"pump_name":"สถานีสูบน้ำคลองเสือน้อย (ตอนคลองจั่น)","motor_total":15,"subdistrict_id":"103801","district_t":"ลาดพร้าว","surveillant_name":"-","district_id":"1038","objectid":177}},{"geometry":{"type":"Point","coordinates":[100.65994361892041,13.823755863631577],"crs":null},"id":178,"type":"Feature","properties":{"pump_type":"-","utm_x":679416.7581,"fd_prevent":"24","size_w":0,"year":"2563","accessibility":"ซอย นวมินทร์ 86 ข้างทางเข้าหมู่บ้านธนะสิน 9 ฝั่งขวามือ","motor_sz":"1","hy_lname":"คลองหนองแขม","pump_size":"-","motor_num":"4","rt_total":0,"pump_code":"178","sill_el":0,"utm_y":1528855.8394,"material_type":"-","gate_num":0,"crest_el":0,"rate":0,"gate_type":"-","size_h":0,"brand":"-","fn_date":"-","owner":"สำนักงานระบบควบคุมน้ำ","surveillant_mobile":"-","objectid_1":178,"pump_name":"สถานีคลองดอนอีกา","motor_total":4,"subdistrict_id":"102705","district_t":"บึงกุ่ม","surveillant_name":"-","district_id":"1027","objectid":178}},{"geometry":{"type":"Point","coordinates":[100.55701373793839,13.830183328370506],"crs":null},"id":179,"type":"Feature","properties":{"pump_type":"-","utm_x":668284.3305,"fd_prevent":"03","size_w":0,"year":"2563","accessibility":"บริเวณด่านเก็บเงินค่าผ่านทางพิเศษรัชดาภิเษก 2","motor_sz":"(3,2)","hy_lname":"คูระบายน้ำข้างถนนวิภาวดีรังสิต","pump_size":"-","motor_num":"(4,1)","rt_total":0,"pump_code":"179","sill_el":0,"utm_y":1529492.247,"material_type":"-","gate_num":0,"crest_el":0,"rate":0,"gate_type":"-","size_h":0,"brand":"-","fn_date":"-","owner":"สำนักงานระบบควบคุมน้ำ","surveillant_mobile":"-","objectid_1":179,"pump_name":"สถานีสูบน้ำรัชดาวิภาวดี","motor_total":14,"subdistrict_id":"103005","district_t":"จตุจักร","surveillant_name":"-","district_id":"1030","objectid":179}},{"geometry":{"type":"Point","coordinates":[100.62878662731333,13.842647919886627],"crs":null},"id":180,"type":"Feature","properties":{"pump_type":"-","utm_x":676034.0947,"fd_prevent":"24","size_w":0,"year":"2563","accessibility":"ซอย ประเสริฐมนูกิจ 29 แยก 4 บริเวณสะพานทางเท้า","motor_sz":"2","hy_lname":"คลองโคกคราม","pump_size":"-","motor_num":"4","rt_total":0,"pump_code":"180","sill_el":0,"utm_y":1530922.8263,"material_type":"-","gate_num":0,"crest_el":0,"rate":0,"gate_type":"-","size_h":0,"brand":"-","fn_date":"-","owner":"สำนักงานระบบควบคุมน้ำ","surveillant_mobile":"-","objectid_1":180,"pump_name":"สถานีสูบน้ำคลองบางขวด","motor_total":8,"subdistrict_id":"103801","district_t":"ลาดพร้าว","surveillant_name":"-","district_id":"1038","objectid":180}},{"geometry":{"type":"Point","coordinates":[100.55926423182119,13.84404219277728],"crs":null},"id":181,"type":"Feature","properties":{"pump_type":"-","utm_x":668517.6391,"fd_prevent":"03","size_w":0,"year":"2563","accessibility":"ถนน วิภาวดีรังสิต ตรงข้ามสหมณฑล","motor_sz":"(2,1)","hy_lname":"คลองลาดยาว","pump_size":"-","motor_num":"(1,3)","rt_total":0,"pump_code":"181","sill_el":0,"utm_y":1531027.0363,"material_type":"-","gate_num":0,"crest_el":0,"rate":0,"gate_type":"-","size_h":0,"brand":"-","fn_date":"-","owner":"สำนักงานระบบควบคุมน้ำ","surveillant_mobile":"-","objectid_1":181,"pump_name":"สถานีสูบน้ำคลองลาดยาว","motor_total":5,"subdistrict_id":"103001","district_t":"จตุจักร","surveillant_name":"-","district_id":"1030","objectid":181}},{"geometry":{"type":"Point","coordinates":[100.55679557289696,13.845764318283676],"crs":null},"id":182,"type":"Feature","properties":{"pump_type":"-","utm_x":668249.5409,"fd_prevent":"03","size_w":0,"year":"2563","accessibility":"ภายในเรือนจำกลางคลองเปรม","motor_sz":"1","hy_lname":"-","pump_size":"-","motor_num":"2","rt_total":0,"pump_code":"182","sill_el":0,"utm_y":1531215.8183,"material_type":"-","gate_num":0,"crest_el":0,"rate":0,"gate_type":"-","size_h":0,"brand":"-","fn_date":"-","owner":"สำนักงานระบบควบคุมน้ำ","surveillant_mobile":"-","objectid_1":182,"pump_name":"สถานีสูบน้ำเรือนจำกลางคลองเปรมฯ","motor_total":2,"subdistrict_id":"103001","district_t":"จตุจักร","surveillant_name":"-","district_id":"1030","objectid":182}},{"geometry":{"type":"Point","coordinates":[100.77669021073949,13.849000070962646],"crs":null},"id":183,"type":"Feature","properties":{"pump_type":"-","utm_x":692018.2065,"fd_prevent":"-","size_w":0,"year":"2563","accessibility":"ซอย ประชาร่วมใจ 47 ภายในสวนน้ำเฉลิมพระเกียรติ72พรรษา สมเด็จพระนางเจ้าสิริกิต","motor_sz":"0.5","hy_lname":"-","pump_size":"-","motor_num":"2","rt_total":0,"pump_code":"183","sill_el":0,"utm_y":1531739.3583,"material_type":"-","gate_num":0,"crest_el":0,"rate":0,"gate_type":"-","size_h":0,"brand":"-","fn_date":"-","owner":"สำนักงานระบบควบคุมน้ำ","surveillant_mobile":"-","objectid_1":183,"pump_name":"สถานีสูบน้ำบึงมะขามเทศ (ตอนลำรางสาธารณะเชื่อมคลองพระราชดำริ)","motor_total":1,"subdistrict_id":"104605","district_t":"คลองสามวา","surveillant_name":"-","district_id":"1046","objectid":183}},{"geometry":{"type":"Point","coordinates":[100.56560695820001,13.854395811146711],"crs":null},"id":184,"type":"Feature","properties":{"pump_type":"-","utm_x":669195.7879,"fd_prevent":"03","size_w":0,"year":"2563","accessibility":"ทางคู่ขนานถนนวิภาวดีรังสิต หน้าสำนักงานปรมาณูเพื่อสันติ","motor_sz":"(2,1)","hy_lname":"คูระบายน้ำข้างถนนวิภาวดีรังสิต","pump_size":"-","motor_num":"(2,2)","rt_total":0,"pump_code":"184","sill_el":0,"utm_y":1532176.9371,"material_type":"-","gate_num":0,"crest_el":0,"rate":0,"gate_type":"-","size_h":0,"brand":"-","fn_date":"-","owner":"สำนักงานระบบควบคุมน้ำ","surveillant_mobile":"-","objectid_1":184,"pump_name":"สถานีสูบน้ำคลองบางเขน-ขาเข้า(ฝั่งใต้)","motor_total":6,"subdistrict_id":"103001","district_t":"จตุจักร","surveillant_name":"-","district_id":"1030","objectid":184}},{"geometry":{"type":"Point","coordinates":[100.77100942242595,13.854028780842576],"crs":null},"id":185,"type":"Feature","properties":{"pump_type":"-","utm_x":691399.9544,"fd_prevent":"-","size_w":0,"year":"2563","accessibility":"ซอย บึงนายพล บริเวณร้านDreamrider Garage","motor_sz":"1","hy_lname":"-","pump_size":"-","motor_num":"2","rt_total":0,"pump_code":"185","sill_el":0,"utm_y":1532291.1862,"material_type":"-","gate_num":0,"crest_el":0,"rate":0,"gate_type":"-","size_h":0,"brand":"-","fn_date":"-","owner":"สำนักงานระบบควบคุมน้ำ","surveillant_mobile":"-","objectid_1":185,"pump_name":"สถานีสูบน้ำบึงสะแกงามสามเดือน (ตอนคลองโต๊ะเจริญ)","motor_total":2,"subdistrict_id":"104605","district_t":"คลองสามวา","surveillant_name":"-","district_id":"1046","objectid":185}},{"geometry":{"type":"Point","coordinates":[100.5656646641505,13.855986832778736],"crs":null},"id":186,"type":"Feature","properties":{"pump_type":"-","utm_x":669200.8735,"fd_prevent":"02","size_w":0,"year":"2563","accessibility":"ทางคู่ขนานถนนวิภาวดีรังสิต บริเวณป้ายยินดีต้อนรับสำนักงานเขตหลักสี่","motor_sz":"(1,0.25)","hy_lname":"คูน้ำข้างถนนวิภาวดีรังสิต","pump_size":"-","motor_num":"(1,2)","rt_total":0,"pump_code":"186","sill_el":0,"utm_y":1532352.9935,"material_type":"-","gate_num":0,"crest_el":0,"rate":0,"gate_type":"-","size_h":0,"brand":"-","fn_date":"-","owner":"สำนักงานระบบควบคุมน้ำ","surveillant_mobile":"-","objectid_1":186,"pump_name":"สถานีสูบน้ำคลองบางเขน-ขาออก(ฝั่งเหนือ)","motor_total":1.5,"subdistrict_id":"104102","district_t":"หลักสี่","surveillant_name":"-","district_id":"1041","objectid":186}},{"geometry":{"type":"Point","coordinates":[100.56702148257088,13.857071804292051],"crs":null},"id":187,"type":"Feature","properties":{"pump_type":"-","utm_x":669346.7506,"fd_prevent":"02","size_w":0,"year":"2563","accessibility":"ถนนวิภาวดีรังสิต หน้าบริษัท ยาคูลท์","motor_sz":"(2,1)","hy_lname":"คูน้ำข้างถนนวิภาวดีรังสิต","pump_size":"-","motor_num":"(2,3)","rt_total":0,"pump_code":"187","sill_el":0,"utm_y":1532473.985,"material_type":"-","gate_num":0,"crest_el":0,"rate":0,"gate_type":"-","size_h":0,"brand":"-","fn_date":"-","owner":"สำนักงานระบบควบคุมน้ำ","surveillant_mobile":"-","objectid_1":187,"pump_name":"สถานีสูบน้ำคลองบางเขน-ขาเข้า(ฝั่งเหนือ)","motor_total":7,"subdistrict_id":"104102","district_t":"หลักสี่","surveillant_name":"-","district_id":"1041","objectid":187}},{"geometry":{"type":"Point","coordinates":[100.57361359962856,13.875655102286876],"crs":null},"id":188,"type":"Feature","properties":{"pump_type":"-","utm_x":670045.7791,"fd_prevent":"02","size_w":0,"year":"2563","accessibility":"ถนน หมายเลข 8 บริเวณสะพานทางเท้าหลังศูนย์พัฒนาด้านการข่าว","motor_sz":"(3,2,1)","hy_lname":"คลองบางตลาด","pump_size":"-","motor_num":"(4,1,1)","rt_total":0,"pump_code":"188","sill_el":0,"utm_y":1534534.5524,"material_type":"-","gate_num":0,"crest_el":0,"rate":0,"gate_type":"-","size_h":0,"brand":"-","fn_date":"-","owner":"สำนักงานระบบควบคุมน้ำ","surveillant_mobile":"-","objectid_1":188,"pump_name":"สถานีสูบน้ำคลองบางตลาด ตอนคลองเปรมประชากร","motor_total":15,"subdistrict_id":"104101","district_t":"หลักสี่","surveillant_name":"-","district_id":"1041","objectid":188}},{"geometry":{"type":"Point","coordinates":[100.56269480684092,13.881951559114],"crs":null},"id":189,"type":"Feature","properties":{"pump_type":"-","utm_x":668861.0668,"fd_prevent":"02","size_w":0,"year":"2563","accessibility":"ซอย แจ้งวัฒนะ 7 ภายในบริเวณศูนย์ราชการฯ แจ้งวัฒนะ หลังอาคารB อาคารรัฐประศาสนภักดี","motor_sz":"-","hy_lname":"ลำรางบางตลาด","pump_size":"-","motor_num":"-","rt_total":0,"pump_code":"189","sill_el":0,"utm_y":1535223.3851,"material_type":"-","gate_num":0,"crest_el":0,"rate":0,"gate_type":"-","size_h":0,"brand":"-","fn_date":"-","owner":"สำนักงานระบบควบคุมน้ำ","surveillant_mobile":"-","objectid_1":189,"pump_name":"สถานีสูบน้ำคลองบางตลาด (ศูนย์ราชการแจ้งวัฒนะ)","motor_total":6,"subdistrict_id":"104101","district_t":"หลักสี่","surveillant_name":"-","district_id":"1041","objectid":189}},{"geometry":{"type":"Point","coordinates":[100.58540000013785,13.890300000171512],"crs":null},"id":190,"type":"Feature","properties":{"pump_type":"-","utm_x":671308.9547,"fd_prevent":"01","size_w":0,"year":"2563","accessibility":"ถนน วิภาวดีรังสิต หน้าเด็น วิภาวดี คอนโดมิเนียม","motor_sz":"(2,1)","hy_lname":"คลองวัดหลักสี่","pump_size":"-","motor_num":"(3,2)","rt_total":0,"pump_code":"190","sill_el":0,"utm_y":1536163.1667,"material_type":"-","gate_num":0,"crest_el":0,"rate":0,"gate_type":"-","size_h":0,"brand":"-","fn_date":"-","owner":"สำนักงานระบบควบคุมน้ำ","surveillant_mobile":"-","objectid_1":190,"pump_name":"สถานีสูบน้ำคลองวัดหลักสี่-ขาเข้า","motor_total":8,"subdistrict_id":"103605","district_t":"ดอนเมือง","surveillant_name":"-","district_id":"1036","objectid":190}},{"geometry":{"type":"Point","coordinates":[100.58475016296765,13.890576651933344],"crs":null},"id":191,"type":"Feature","properties":{"pump_type":"-","utm_x":671238.5179,"fd_prevent":"02","size_w":0,"year":"2563","accessibility":"ถนน วิภาวดีรังสิต บริเวณสะพานข้ามคลองวัดหลักสี่","motor_sz":"(1,0.5)","hy_lname":"คลองวัดหลักสี่","pump_size":"-","motor_num":"(1,1)","rt_total":0,"pump_code":"191","sill_el":0,"utm_y":1536193.3066,"material_type":"-","gate_num":0,"crest_el":0,"rate":0,"gate_type":"-","size_h":0,"brand":"-","fn_date":"-","owner":"สำนักงานระบบควบคุมน้ำ","surveillant_mobile":"-","objectid_1":191,"pump_name":"สถานีสูบน้ำคลองวัดหลักสี่-ขาออก","motor_total":1.5,"subdistrict_id":"104102","district_t":"หลักสี่","surveillant_name":"-","district_id":"1041","objectid":191}}],"type":"FeatureCollection","properties":{"exceededTransferLimit":false}}