{"features":[{"geometry":{"type":"Point","coordinates":[100.42846000042542,13.6667639998387],"crs":null},"id":6,"type":"Feature","properties":{"device_status":"normal","date_updated":"2025-03-03T07:19:49.348Z","code":"FL.BBN.06","long_":100.42846,"date_created":"2024-12-18T13:16:15.452Z","interval_":30000,"globalid":"{66F4634F-0682-4F8E-BEFD-5431319CC42E}","main_road":"false","flood":0,"site_time":"2026-06-18 11:45:00+07:00","road":"ถนนบางขุนเทียน","district":"บางบอน","name":"ถ.บางขุนเทียน ช่วงตรงข้าม ซ.บางขุนเทียน 10","id":522,"objectid":6,"lat":13.666764}},{"geometry":{"type":"Point","coordinates":[100.43025999967597,13.656219999824426],"crs":null},"id":46,"type":"Feature","properties":{"device_status":"normal","date_updated":"2025-03-03T07:19:54.446Z","code":"FL.BKT.01","long_":100.43026,"date_created":"2024-12-18T13:16:15.544Z","interval_":null,"globalid":"{73555022-77CE-413B-BD5C-6C040378AEF6}","main_road":"true","flood":0,"site_time":"2026-06-18 11:40:00+07:00","road":"ถนนบางขุนเทียน","district":"บางขุนเทียน","name":"ถ.บางขุนเทียน ชายทะเล ช่วงถ.พระรามที่ 2","id":562,"objectid":46,"lat":13.65622}},{"geometry":{"type":"Point","coordinates":[100.51273999967032,13.784800000305555],"crs":null},"id":99,"type":"Feature","properties":{"device_status":"normal","date_updated":"2025-03-03T07:20:01.353Z","code":"FL.DST.07","long_":100.51274,"date_created":"2024-12-18T13:16:15.717Z","interval_":null,"globalid":"{3DDD22E7-4C5D-4FD3-BC49-2A933231C8F2}","main_road":"true","flood":0,"site_time":"2026-06-18 11:40:00+07:00","road":"ถนนนครไชยศรี","district":"ดุสิต","name":"ถ.นครไชยศรี ช่วงตลาดศรีย่าน","id":615,"objectid":99,"lat":13.7848}},{"geometry":{"type":"Point","coordinates":[100.67342999988978,13.719560000132466],"crs":null},"id":168,"type":"Feature","properties":{"device_status":"normal","date_updated":"2025-03-03T07:20:10.427Z","code":"FL.PWT.04","long_":100.67343,"date_created":"2024-12-18T13:16:15.875Z","interval_":30000,"globalid":"{A84C7DA1-4C91-4092-B660-9D8995D83373}","main_road":"false","flood":0,"site_time":"2026-06-18 11:45:00+07:00","road":"ถนนอ่อนนุช","district":"ประเวศ","name":"ถ.อ่อนนุช ช่วง ซ.อ่อนนุช 59","id":684,"objectid":168,"lat":13.71956}},{"geometry":{"type":"Point","coordinates":[100.64656000004803,13.867323000320297],"crs":null},"id":17,"type":"Feature","properties":{"device_status":"normal","date_updated":"2025-03-03T07:19:50.748Z","code":"FL.BKA.11","long_":100.64656,"date_created":"2024-12-18T13:16:15.476Z","interval_":30000,"globalid":"{70472A17-B90B-45C4-BEB2-C63237BD2EA5}","main_road":"false","flood":0,"site_time":"2026-06-18 11:45:00+07:00","road":"ถนนสุขาภิบาล","district":"บางเขน","name":"ถ.สุขาภิบาล 5 ช่วงแยกวัชรพล","id":533,"objectid":17,"lat":13.867323}},{"geometry":{"type":"Point","coordinates":[100.60186000039349,13.661060000278535],"crs":null},"id":54,"type":"Feature","properties":{"device_status":"normal","date_updated":"2025-03-03T07:19:55.452Z","code":"FL.BNA.04","long_":100.60186,"date_created":"2024-12-18T13:16:15.565Z","interval_":null,"globalid":"{AD1F796D-8DB0-4406-B402-338BA2BECABB}","main_road":"true","flood":0,"site_time":"2026-06-18 11:40:00+07:00","road":"ถนนสุขุมวิท","district":"บางนา","name":"ถ.สุขุมวิท ช่วงแบริ่ง","id":570,"objectid":54,"lat":13.66106}},{"geometry":{"type":"Point","coordinates":[100.56791999965257,13.776720000217132],"crs":null},"id":81,"type":"Feature","properties":{"device_status":"normal","date_updated":"2025-03-03T07:19:59.023Z","code":"FL.DDG.02","long_":100.56792,"date_created":"2024-12-18T13:16:15.667Z","interval_":null,"globalid":"{CAE9FB2B-E36B-4D98-AD79-C3110B5715E5}","main_road":"true","flood":0,"site_time":"2026-06-18 11:40:00+07:00","road":"ถนนประชาสงเคราะห์ ","district":"ดินแดง","name":"ถ.ประชาสงเคราะห์ ตลาดห้วยขวาง","id":597,"objectid":81,"lat":13.77672}},{"geometry":{"type":"Point","coordinates":[100.64575999998183,13.754480000327623],"crs":null},"id":35,"type":"Feature","properties":{"device_status":"malfunction","date_updated":"2025-03-03T07:19:53.048Z","code":"FL.BKP.02","long_":100.64576,"date_created":"2024-12-18T13:16:15.517Z","interval_":null,"globalid":"{A5E4D1EF-B829-4566-ACF6-9C81D61F1915}","main_road":"true","flood":0,"site_time":"2025-08-03 04:55:00+07:00","road":"ถนนศรีนครินทร์","district":"บางกะปิ","name":"ถ.ศรีนครินทร์ หน้าบริษัทกรีนสปอร์ต","id":551,"objectid":35,"lat":13.75448}},{"geometry":{"type":"Point","coordinates":[100.57423999981596,13.794209999601451],"crs":null},"id":83,"type":"Feature","properties":{"device_status":"normal","date_updated":"2025-03-03T07:19:59.255Z","code":"FL.DDG.04","long_":100.57424,"date_created":"2024-12-18T13:16:15.672Z","interval_":null,"globalid":"{0CC376B5-919F-4A66-A6D3-044E32E3B806}","main_road":"true","flood":0,"site_time":"2026-06-18 11:40:00+07:00","road":"ถนนรัชดาภิเษก","district":"ดินแดง","name":"ถ.รัชดาภิเษก ช่วงคลองบางซื่อ","id":599,"objectid":83,"lat":13.79421}},{"geometry":{"type":"Point","coordinates":[100.43186999985403,13.67744000005933],"crs":null},"id":3,"type":"Feature","properties":{"device_status":"normal","date_updated":"2025-05-06T09:57:48.502Z","code":"FL.BBN.03","long_":100.43187,"date_created":"2024-12-18T13:16:15.445Z","interval_":30000,"globalid":"{DD465D93-C2ED-4DE8-A934-2AC8CD5FD4C8}","main_road":"false","flood":0,"site_time":"2026-06-18 11:45:00+07:00","road":"ถนนเอกชัย","district":"บางบอน","name":"ถ.เอกชัย ช่วง ซ.เอกชัย 62/1","id":519,"objectid":3,"lat":13.67744}},{"geometry":{"type":"Point","coordinates":[100.57264999972936,13.769550000211186],"crs":null},"id":80,"type":"Feature","properties":{"device_status":"normal","date_updated":"2025-03-03T07:19:58.892Z","code":"FL.DDG.01","long_":100.57265,"date_created":"2024-12-18T13:16:15.665Z","interval_":null,"globalid":"{ECA06CC9-EEB4-4343-93F1-902280078E73}","main_road":"true","flood":0,"site_time":"2026-06-18 11:40:00+07:00","road":"ถนนรัชดาภิเษก","district":"ดินแดง","name":"ถ.รัชดาภิเษก ช่วงแยกเทียมร่วมมิตร","id":596,"objectid":80,"lat":13.76955}},{"geometry":{"type":"Point","coordinates":[100.50702999960231,13.778990000171632],"crs":null},"id":98,"type":"Feature","properties":{"device_status":"normal","date_updated":"2025-03-03T07:20:01.217Z","code":"FL.DST.06","long_":100.50703,"date_created":"2024-12-18T13:16:15.714Z","interval_":null,"globalid":"{3175331C-5A7A-4D37-B664-3AE57C95DC80}","main_road":"true","flood":0,"site_time":"2026-06-18 11:40:00+07:00","road":"ถนนราชวิถี","district":"ดุสิต","name":"ถ.ราชวิถี เชิงสะพานกรุงธนบุรี","id":614,"objectid":98,"lat":13.77899}},{"geometry":{"type":"Point","coordinates":[100.42657999991059,13.675558000429051],"crs":null},"id":4,"type":"Feature","properties":{"device_status":"normal","date_updated":"2025-03-03T07:19:49.037Z","code":"FL.BBN.04","long_":100.42658,"date_created":"2024-12-18T13:16:15.447Z","interval_":30000,"globalid":"{5DFF9001-7DB6-4912-B3EF-0A12D07A1621}","main_road":"false","flood":0,"site_time":"2026-06-18 11:45:00+07:00","road":"ถนนบางบอน","district":"บางบอน","name":"ถ.บางบอน 1 ช่วงตลาดเอกชัยบางบอน","id":520,"objectid":4,"lat":13.675558}},{"geometry":{"type":"Point","coordinates":[100.44230999999884,13.656944999578242],"crs":null},"id":48,"type":"Feature","properties":{"device_status":"normal","date_updated":"2025-03-03T07:19:54.683Z","code":"FL.BKT.03","long_":100.44231,"date_created":"2024-12-18T13:16:15.550Z","interval_":30000,"globalid":"{2959C75F-9C5B-4BF5-AFA0-E54AF0F3D50E}","main_road":"false","flood":0,"site_time":"2026-06-18 11:45:00+07:00","road":"ถนนท่าข้าม","district":"บางขุนเทียน","name":"ถ.ท่าข้าม ช่วง ซ.ท่าข้าม 3","id":564,"objectid":48,"lat":13.656945}},{"geometry":{"type":"Point","coordinates":[100.60235599978773,13.65821499968639],"crs":null},"id":56,"type":"Feature","properties":{"device_status":"normal","date_updated":"2025-03-03T07:19:55.702Z","code":"FL.BNA.06","long_":100.602356,"date_created":"2024-12-18T13:16:15.571Z","interval_":30000,"globalid":"{780CFA32-E9EE-4725-9275-B1AC94285220}","main_road":"false","flood":0,"site_time":"2026-06-18 11:45:00+07:00","road":"ถนนสุขุมวิท","district":"บางนา","name":"ถ.สุขุมวิท ช่วง ซ.แบริ่ง 107","id":572,"objectid":56,"lat":13.658215}},{"geometry":{"type":"Point","coordinates":[100.53091000014003,13.700349999834252],"crs":null},"id":239,"type":"Feature","properties":{"device_status":"normal","date_updated":"2025-03-03T07:20:19.551Z","code":"FL.YNW.02","long_":100.53091,"date_created":"2024-12-18T13:16:16.043Z","interval_":30000,"globalid":"{D221D4CC-F8A2-4230-BD78-73B623D87BEA}","main_road":"false","flood":0,"site_time":"2026-06-18 11:45:00+07:00","road":"ถนนสาธุประดิษฐ์","district":"ยานนาวา","name":"ถ.สาธุประดิษฐ์ ช่วง ซ.สาธุประดิษฐ์ 15","id":755,"objectid":239,"lat":13.70035}},{"geometry":{"type":"Point","coordinates":[100.57537999964076,13.817790000103095],"crs":null},"id":76,"type":"Feature","properties":{"device_status":"normal","date_updated":"2025-03-03T07:19:58.327Z","code":"FL.CTC.12","long_":100.57538,"date_created":"2024-12-18T13:16:15.655Z","interval_":30000,"globalid":"{62F3BCA0-D3CF-4C79-B351-5D8F0E2BE3B4}","main_road":"false","flood":0,"site_time":"2026-06-18 11:45:00+07:00","road":"ถนนรัชดาภิเษก","district":"จตุจักร","name":"ถ.รัชดาภิเษก ช่วงตรงข้ามหน้ามหาวิทยาลัยราชภัฏจันทรเกษม","id":592,"objectid":76,"lat":13.81779}},{"geometry":{"type":"Point","coordinates":[100.5681399997606,13.77835899984766],"crs":null},"id":92,"type":"Feature","properties":{"device_status":"normal","date_updated":"2025-05-06T06:58:50.033Z","code":"FL.DDG.13","long_":100.56814,"date_created":"2024-12-18T13:16:15.698Z","interval_":30000,"globalid":"{E549071F-7CE7-4BAE-9D32-CF7F17D26D0D}","main_road":"false","flood":0,"site_time":"2026-06-18 11:45:00+07:00","road":"ถนนประชาสงเคราะห์","district":"ดินแดง","name":"ถ.ประชาสงเคราะห์ ช่วงหน้าตลาดห้วยขวาง","id":608,"objectid":92,"lat":13.778359}},{"geometry":{"type":"Point","coordinates":[100.43562999998537,13.679420000409145],"crs":null},"id":1,"type":"Feature","properties":{"device_status":"normal","date_updated":"2025-04-21T14:42:15.664Z","code":"FL.BBN.01","long_":100.43563,"date_created":"2024-12-18T13:16:15.439Z","interval_":null,"globalid":"{052C1A65-7B57-479D-ADE3-8C7A4207E668}","main_road":"true","flood":0,"site_time":"2026-06-18 11:40:00+07:00","road":"ถนนเอกชัย","district":"บางบอน","name":"ถ.เอกชัย ช่วงห้างบิ๊กซีบางบอน","id":517,"objectid":1,"lat":13.67942}},{"geometry":{"type":"Point","coordinates":[100.60866500008045,13.933332999709332],"crs":null},"id":93,"type":"Feature","properties":{"device_status":"normal","date_updated":"2025-03-03T07:20:00.579Z","code":"FL.DMG.01","long_":100.608665,"date_created":"2024-12-18T13:16:15.701Z","interval_":30000,"globalid":"{EEA04C9E-9A01-49A0-8FD7-D6A2C445D896}","main_road":"false","flood":0,"site_time":"2026-06-18 11:45:00+07:00","road":"ถนนวิภาวดีขาออก","district":"ดอนเมือง","name":"ถ.วิภาวดีขาออก ช่วงแยก ถ.กำแพงเพชร 6","id":609,"objectid":93,"lat":13.933333}},{"geometry":{"type":"Point","coordinates":[100.58716999967262,13.914517000395328],"crs":null},"id":94,"type":"Feature","properties":{"device_status":"normal","date_updated":"2025-03-03T07:20:00.711Z","code":"FL.DMG.02","long_":100.58717,"date_created":"2024-12-18T13:16:15.703Z","interval_":30000,"globalid":"{80B6748B-4239-4EB4-9359-145530AFFE58}","main_road":"false","flood":0,"site_time":"2026-06-18 11:45:00+07:00","road":"ถนนช่างอากาศอุทิศ","district":"ดอนเมือง","name":"ถ.ช่างอากาศอุทิศ ช่วง ซ.ช่างอากาศอุทิศ 7","id":610,"objectid":94,"lat":13.914517}},{"geometry":{"type":"Point","coordinates":[100.42305999997879,13.672465000089707],"crs":null},"id":7,"type":"Feature","properties":{"device_status":"normal","date_updated":"2025-03-03T07:19:49.474Z","code":"FL.BBN.07","long_":100.42306,"date_created":"2024-12-18T13:16:15.454Z","interval_":30000,"globalid":"{25341BE5-D127-4D79-9816-ABF8119C5D5A}","main_road":"false","flood":0,"site_time":"2026-06-18 11:45:00+07:00","road":"ถนนเอกชัย","district":"บางบอน","name":"ถ.เอกชัย ช่วง ซ.เอกชัย 87/1","id":523,"objectid":7,"lat":13.672465}},{"geometry":{"type":"Point","coordinates":[100.51688999978894,13.725400000071424],"crs":null},"id":60,"type":"Feature","properties":{"device_status":"normal","date_updated":"2025-03-03T07:19:56.236Z","code":"FL.BRK.01","long_":100.51689,"date_created":"2024-12-18T13:16:15.581Z","interval_":null,"globalid":"{E9BDCFE4-7F1D-4C09-BDE2-89B56A80B25D}","main_road":"true","flood":0,"site_time":"2026-06-18 11:40:00+07:00","road":"ถนนสุรวงศ์","district":"บางรัก","name":"ถ.สุรวงศ์ ช่วงทางด่วน","id":576,"objectid":60,"lat":13.7254}},{"geometry":{"type":"Point","coordinates":[100.51112000034483,13.768539999847993],"crs":null},"id":96,"type":"Feature","properties":{"device_status":"normal","date_updated":"2025-03-03T07:20:00.958Z","code":"FL.DST.03","long_":100.51112,"date_created":"2024-12-18T13:16:15.708Z","interval_":null,"globalid":"{FD9E3611-FB10-48C1-9001-DFEDC7BEC07D}","main_road":"true","flood":0,"site_time":"2026-06-18 11:40:00+07:00","road":"ถนนศรีอยุธยา","district":"ดุสิต","name":"ถ.ศรีอยุธยา ลานพระราชวังดุสิต","id":612,"objectid":96,"lat":13.76854}},{"geometry":{"type":"Point","coordinates":[100.61490999990076,13.766350000116985],"crs":null},"id":220,"type":"Feature","properties":{"device_status":"normal","date_updated":"2025-03-03T07:20:17.052Z","code":"FL.WTL.03","long_":100.61491,"date_created":"2024-12-18T13:16:15.997Z","interval_":null,"globalid":"{4D7F3C25-5FEB-4C74-98DD-64FE2F2B44F1}","main_road":"true","flood":0,"site_time":"2026-06-18 11:40:00+07:00","road":"ซอยรามคำแหง 43/1","district":"วังทองหลาง","name":"ซ.รามคำแหง 43/1","id":736,"objectid":220,"lat":13.76635}},{"geometry":{"type":"Point","coordinates":[100.59724999996729,13.761416000003317],"crs":null},"id":224,"type":"Feature","properties":{"device_status":"normal","date_updated":"2025-03-03T07:20:17.649Z","code":"FL.WTL.07","long_":100.59725,"date_created":"2024-12-18T13:16:16.007Z","interval_":30000,"globalid":"{8AEAF9A1-CF4E-43A5-B827-C90310E9DD3B}","main_road":"false","flood":0,"site_time":"2026-06-18 11:45:00+07:00","road":"ถนนประดิษฐ์มนูธรรม","district":"วังทองหลาง","name":"ถ.ประดิษฐ์มนูธรรม ช่วงหน้าศูนย์แพทย์พัฒนา","id":740,"objectid":224,"lat":13.761416}},{"geometry":{"type":"Point","coordinates":[100.78604000026499,13.73429599991331],"crs":null},"id":127,"type":"Feature","properties":{"device_status":"normal","date_updated":"2025-03-03T07:20:05.081Z","code":"FL.LKB.07","long_":100.78604,"date_created":"2024-12-18T13:16:15.787Z","interval_":30000,"globalid":"{A4F3C446-D6B2-4315-819F-096F8D5BCD81}","main_road":"false","flood":0,"site_time":"2026-06-18 11:45:00+07:00","road":"ถนนฉลองกรุง","district":"ลาดกระบัง","name":"ถ.ฉลองกรุง ช่วง ถ.คู่ขนานมอเตอร์เวย์ตัดเข้าถ.ฉลองกรุง","id":643,"objectid":127,"lat":13.734296}},{"geometry":{"type":"Point","coordinates":[100.5967000001464,13.876420000024089],"crs":null},"id":8,"type":"Feature","properties":{"device_status":"normal","date_updated":"2025-03-03T07:19:49.597Z","code":"FL.BKA.02","long_":100.5967,"date_created":"2024-12-18T13:16:15.456Z","interval_":null,"globalid":"{E828A65E-84AC-47D6-97CA-99CC0EA42C53}","main_road":"true","flood":0,"site_time":"2026-06-18 11:40:00+07:00","road":"ถนนพหลโยธิน","district":"บางเขน","name":"ถ.พหลโยธิน ช่วงซอยพหลโยธิน 55/1","id":524,"objectid":8,"lat":13.87642}},{"geometry":{"type":"Point","coordinates":[100.60650000005859,13.890222000342623],"crs":null},"id":12,"type":"Feature","properties":{"device_status":"normal","date_updated":"2025-03-03T07:19:50.122Z","code":"FL.BKA.06","long_":100.6065,"date_created":"2024-12-18T13:16:15.464Z","interval_":30000,"globalid":"{EC6C821B-8EA4-4342-99CC-A62416B867C7}","main_road":"false","flood":0,"site_time":"2026-06-18 11:45:00+07:00","road":"ถนนเทพรักษ์","district":"บางเขน","name":"ถ.เทพรักษ์ ช่วงบิ๊กซีสะพานใหม่","id":528,"objectid":12,"lat":13.890222}},{"geometry":{"type":"Point","coordinates":[100.51071000026599,13.777320000020122],"crs":null},"id":100,"type":"Feature","properties":{"device_status":"normal","date_updated":"2025-03-03T07:20:01.473Z","code":"FL.DST.08","long_":100.51071,"date_created":"2024-12-18T13:16:15.719Z","interval_":null,"globalid":"{78E7C4B5-61FE-4775-BE4D-E0D29C592078}","main_road":"true","flood":0,"site_time":"2026-06-18 11:40:00+07:00","road":"ถนนราชวิถี","district":"ดุสิต","name":"ถ.ราชวิถี หน้ามหาวิทยาลัยสวนดุสิต","id":616,"objectid":100,"lat":13.77732}},{"geometry":{"type":"Point","coordinates":[100.56523999996993,13.748569999984865],"crs":null},"id":101,"type":"Feature","properties":{"device_status":"malfunction","date_updated":"2025-03-03T07:20:01.629Z","code":"FL.HKG.01","long_":100.56524,"date_created":"2024-12-18T13:16:15.722Z","interval_":null,"globalid":"{7D550485-1A8F-4785-8A9A-DD5575367C22}","main_road":"true","flood":0,"site_time":"2026-06-18 10:50:00+07:00","road":"ถนนเพชรบุรีตัดใหม่ ","district":"ห้วยขวาง","name":"ถ.เพชรบุรีตัดใหม่ ช่วงสิงห์คอมเพล็กซ์","id":617,"objectid":101,"lat":13.74857}},{"geometry":{"type":"Point","coordinates":[100.6231160004267,13.828815000174625],"crs":null},"id":131,"type":"Feature","properties":{"device_status":"normal","date_updated":"2025-03-03T07:20:05.580Z","code":"FL.LPW.01","long_":100.623116,"date_created":"2024-12-18T13:16:15.796Z","interval_":30000,"globalid":"{69AED9A2-F4D5-4796-86B1-82FDB9866895}","main_road":"false","flood":0,"site_time":"2026-06-18 11:45:00+07:00","road":"ถนนสุคนธสวัสดิ์","district":"ลาดพร้าว","name":"ถ.สุคนธสวัสดิ์ ช่วง ซ.สุคนธสวัสดิ์ 15","id":647,"objectid":131,"lat":13.828815}},{"geometry":{"type":"Point","coordinates":[100.59171999982435,13.825166000075468],"crs":null},"id":137,"type":"Feature","properties":{"device_status":"normal","date_updated":"2025-03-03T07:20:06.361Z","code":"FL.LPW.07","long_":100.59172,"date_created":"2024-12-18T13:16:15.810Z","interval_":30000,"globalid":"{3AB78093-872D-4CBB-B9F8-D88CE936DBEA}","main_road":"false","flood":0,"site_time":"2026-06-18 11:45:00+07:00","road":"ถนนลาดพร้าววังหิน","district":"ลาดพร้าว","name":"ถ.ลาดพร้าววังหิน ช่วง ซ.ลาดพร้าววังหิน 64","id":653,"objectid":137,"lat":13.825166}},{"geometry":{"type":"Point","coordinates":[100.48656500031275,13.727313999702709],"crs":null},"id":212,"type":"Feature","properties":{"device_status":"normal","date_updated":"2025-03-03T07:20:16.000Z","code":"FL.TBR.01","long_":100.486565,"date_created":"2024-12-18T13:16:15.981Z","interval_":30000,"globalid":"{AF83A56B-C2DA-4EDA-8C82-FCE6C7C10EF1}","main_road":"false","flood":0,"site_time":"2026-06-18 11:45:00+07:00","road":"ถนนอินทรพิทักษ์","district":"ธนบุรี","name":"ถ.อินทรพิทักษ์ ช่วงหน้าสถานีดับเพลิงธนบุรี","id":728,"objectid":212,"lat":13.727314}},{"geometry":{"type":"Point","coordinates":[100.57364999981208,13.778440000415975],"crs":null},"id":246,"type":"Feature","properties":{"device_status":"normal","date_updated":"2025-03-03T07:20:20.781Z","code":"TN.HKG.02(IN)","long_":100.57365,"date_created":"2024-12-18T13:16:16.061Z","interval_":null,"globalid":"{6E90A3FE-12DF-495F-A3D4-BC73AB5D4A8F}","main_road":"true","flood":0,"site_time":"2026-06-18 11:40:00+07:00","road":"ถนนรัชดาภิเษก","district":"ห้วยขวาง","name":"อ.ห้วยขวาง(ขาเข้า)","id":762,"objectid":246,"lat":13.77844}},{"geometry":{"type":"Point","coordinates":[100.57564999997751,13.818752999887318],"crs":null},"id":75,"type":"Feature","properties":{"device_status":"normal","date_updated":"2025-03-03T07:19:58.207Z","code":"FL.CTC.11","long_":100.57565,"date_created":"2024-12-18T13:16:15.652Z","interval_":30000,"globalid":"{DE0526CF-2181-4C55-B766-17CC59D2562E}","main_road":"false","flood":0,"site_time":"2026-06-18 11:45:00+07:00","road":"ถนนรัชดาภิเษก","district":"จตุจักร","name":"ถ.รัชดาภิเษก ช่วงหน้ามหาวิทยาลัยราชภัฏจันทรเกษม","id":591,"objectid":75,"lat":13.818753}},{"geometry":{"type":"Point","coordinates":[100.50935000033317,13.772179999593234],"crs":null},"id":97,"type":"Feature","properties":{"device_status":"normal","date_updated":"2025-03-03T07:20:01.090Z","code":"FL.DST.04","long_":100.50935,"date_created":"2024-12-18T13:16:15.711Z","interval_":null,"globalid":"{8D930691-4750-468F-B0C0-EFF4F029729C}","main_road":"true","flood":0,"site_time":"2026-06-18 11:40:00+07:00","road":"ถนนราชสีมา","district":"ดุสิต","name":"ถ.ราชสีมา แยกอู่ทองนอก","id":613,"objectid":97,"lat":13.77218}},{"geometry":{"type":"Point","coordinates":[100.62962999986053,13.856516000280035],"crs":null},"id":16,"type":"Feature","properties":{"device_status":"normal","date_updated":"2025-03-03T07:19:50.641Z","code":"FL.BKA.10","long_":100.62963,"date_created":"2024-12-18T13:16:15.474Z","interval_":30000,"globalid":"{EBC032CB-5008-4E11-A357-BC22CD82B037}","main_road":"false","flood":0,"site_time":"2026-06-18 11:45:00+07:00","road":"ถนนรามอินทรา","district":"บางเขน","name":"ถ.รามอินทรา ช่วงแฟลตการเคหะรามอินทรา กม.4","id":532,"objectid":16,"lat":13.856516}},{"geometry":{"type":"Point","coordinates":[100.57669000024316,13.887166000435522],"crs":null},"id":144,"type":"Feature","properties":{"device_status":"normal","date_updated":"2025-03-03T07:20:07.297Z","code":"FL.LSI.07","long_":100.57669,"date_created":"2024-12-18T13:16:15.824Z","interval_":30000,"globalid":"{808CD6A3-C447-4025-8526-C0D858128904}","main_road":"false","flood":0,"site_time":"2026-06-18 11:45:00+07:00","road":"ถนนแจ้งวัฒนะ","district":"หลักสี่","name":"ถ.แจ้งวัฒนะ ช่วงตรงข้ามบริษัท โทรคมนาคมแห่งชาติ จำกัด (มหาชน)","id":660,"objectid":144,"lat":13.887166}},{"geometry":{"type":"Point","coordinates":[100.64323000008702,13.877946000266299],"crs":null},"id":15,"type":"Feature","properties":{"device_status":"normal","date_updated":"2025-03-03T07:19:50.514Z","code":"FL.BKA.09","long_":100.64323,"date_created":"2024-12-18T13:16:15.472Z","interval_":30000,"globalid":"{670F14A0-2B68-42F7-BF97-B4F913BD9105}","main_road":"false","flood":0,"site_time":"2026-06-18 11:45:00+07:00","road":"ถนนวัชรพล","district":"บางเขน","name":"ถ.วัชรพล ช่วง ซ.วัชรพล 1/9","id":531,"objectid":15,"lat":13.877946}},{"geometry":{"type":"Point","coordinates":[100.37548999977253,13.71857000003891],"crs":null},"id":22,"type":"Feature","properties":{"device_status":"normal","date_updated":"2025-03-03T07:19:51.405Z","code":"FL.BKE.05","long_":100.37549,"date_created":"2024-12-18T13:16:15.487Z","interval_":30000,"globalid":"{939CD26F-3F81-4EDB-BCD7-CFD26790E7C8}","main_road":"false","flood":0,"site_time":"2026-06-18 11:45:00+07:00","road":"ถนนหมู่บ้านเศรษฐกิจ","district":"บางแค","name":"ถ.หมู่บ้านเศรษฐกิจ ช่วงวงเวียนอู่ทอง","id":538,"objectid":22,"lat":13.71857}},{"geometry":{"type":"Point","coordinates":[100.64443000018626,13.668659999928078],"crs":null},"id":52,"type":"Feature","properties":{"device_status":"normal","date_updated":"2025-03-03T07:19:55.201Z","code":"FL.BNA.02","long_":100.64443,"date_created":"2024-12-18T13:16:15.560Z","interval_":null,"globalid":"{BF3BB43E-892C-4705-A96D-A49867CCF920}","main_road":"true","flood":0,"site_time":"2026-06-18 11:40:00+07:00","road":"ถนนศรีนครินทร์","district":"บางนา","name":"ถ.ศรีนครินทร์ ช่วงวัดศรีเอี่ยม","id":568,"objectid":52,"lat":13.66866}},{"geometry":{"type":"Point","coordinates":[100.57861000004264,13.918375000002149],"crs":null},"id":95,"type":"Feature","properties":{"device_status":"normal","date_updated":"2025-03-03T07:20:00.817Z","code":"FL.DMG.03","long_":100.57861,"date_created":"2024-12-18T13:16:15.706Z","interval_":30000,"globalid":"{2D963C76-B39D-4314-B976-E0E030C7118B}","main_road":"false","flood":0,"site_time":"2026-06-18 11:45:00+07:00","road":"ถนนช่างอากาศอุทิศ","district":"ดอนเมือง","name":"ถ.ช่างอากาศอุทิศ ช่วง ซ.ช่างอากาศอุทิศ 15","id":611,"objectid":95,"lat":13.918375}},{"geometry":{"type":"Point","coordinates":[100.57915999986353,13.777492000342573],"crs":null},"id":103,"type":"Feature","properties":{"device_status":"normal","date_updated":"2025-03-03T07:20:01.897Z","code":"FL.HKG.03","long_":100.57916,"date_created":"2024-12-18T13:16:15.727Z","interval_":30000,"globalid":"{E646CED4-D6F4-41F4-8476-0BB51AB2847B}","main_road":"false","flood":0,"site_time":"2026-06-18 11:45:00+07:00","road":"ถนนประชาราษฎร์บำเพ็ญ","district":"ห้วยขวาง","name":"ถ.ประชาราษฎร์บำเพ็ญ ช่วง ซ.ประชาราษฎร์บำเพ็ญ 14","id":619,"objectid":103,"lat":13.777492}},{"geometry":{"type":"Point","coordinates":[100.57754999968547,13.789582999746166],"crs":null},"id":105,"type":"Feature","properties":{"device_status":"normal","date_updated":"2025-03-03T07:20:02.165Z","code":"FL.HKG.05","long_":100.57755,"date_created":"2024-12-18T13:16:15.732Z","interval_":30000,"globalid":"{7A687213-24A1-47B4-846D-5741049CCF9C}","main_road":"false","flood":0,"site_time":"2026-06-18 11:45:00+07:00","road":"ถนนสุทธิสารวินิจฉัย","district":"ห้วยขวาง","name":"ถ.สุทธิสารวินิจฉัย ช่วงหน้าโรงพยาบาลโกลเด้นเยียส์","id":621,"objectid":105,"lat":13.789583}},{"geometry":{"type":"Point","coordinates":[100.638469999873,13.769720000378951],"crs":null},"id":34,"type":"Feature","properties":{"device_status":"normal","date_updated":"2025-03-03T07:19:52.908Z","code":"FL.BKP.01","long_":100.63847,"date_created":"2024-12-18T13:16:15.515Z","interval_":null,"globalid":"{9A980D44-D98A-4776-B3DC-5D591080F9DE}","main_road":"true","flood":0,"site_time":"2026-06-18 11:40:00+07:00","road":"ถนนลาดพร้าว","district":"บางกะปิ","name":"ถ.ลาดพร้าว แม็คโคร","id":550,"objectid":34,"lat":13.76972}},{"geometry":{"type":"Point","coordinates":[100.65482000010233,13.821040000361675],"crs":null},"id":27,"type":"Feature","properties":{"device_status":"normal","date_updated":"2025-03-03T07:19:52.053Z","code":"FL.BKM.02","long_":100.65482,"date_created":"2024-12-18T13:16:15.498Z","interval_":null,"globalid":"{6039E973-A269-425F-89DE-914D8AB2F24E}","main_road":"true","flood":0,"site_time":"2026-06-18 11:40:00+07:00","road":"ถนนนวมินทร์","district":"บึงกุ่ม","name":"ถ.นวมินทร์ ช่วงซอย 135","id":543,"objectid":27,"lat":13.82104}},{"geometry":{"type":"Point","coordinates":[100.53565000026252,13.757479999645273],"crs":null},"id":179,"type":"Feature","properties":{"device_status":"normal","date_updated":"2025-03-03T07:20:11.752Z","code":"FL.RTW.01","long_":100.53565,"date_created":"2024-12-18T13:16:15.898Z","interval_":null,"globalid":"{5954AF5F-C930-4804-99CF-A9D281E353C2}","main_road":"true","flood":0,"site_time":"2026-06-18 11:40:00+07:00","road":"ถนนศรีอยุธยา","district":"ราชเทวี","name":"ถ.ศรีอยุธยา ช่วงถนนพญาไท","id":695,"objectid":179,"lat":13.75748}},{"geometry":{"type":"Point","coordinates":[100.64679000020176,13.677819999866017],"crs":null},"id":166,"type":"Feature","properties":{"device_status":"normal","date_updated":"2025-03-03T07:20:10.176Z","code":"FL.PWT.02","long_":100.64679,"date_created":"2024-12-18T13:16:15.871Z","interval_":null,"globalid":"{295CC47F-4881-47D9-B4F6-886688B8B23A}","main_road":"true","flood":0,"site_time":"2026-06-18 11:40:00+07:00","road":"ถนนศรีนครินทร์","district":"ประเวศ","name":"ถ.เฉลิมพระเกียรติ ร.9 ช่วงแยกศรีอุดม","id":682,"objectid":166,"lat":13.67782}},{"geometry":{"type":"Point","coordinates":[100.65826999971392,13.829137999722292],"crs":null},"id":29,"type":"Feature","properties":{"device_status":"normal","date_updated":"2025-03-03T07:19:52.327Z","code":"FL.BKM.04","long_":100.65827,"date_created":"2024-12-18T13:16:15.502Z","interval_":30000,"globalid":"{C1BBCD34-BB69-4AB9-993D-748FF00654D7}","main_road":"false","flood":0,"site_time":"2026-06-18 11:45:00+07:00","road":"ถนนนวมินทร์","district":"บึงกุ่ม","name":"ถ.นวมินทร์ ช่วง ซ.นวมินทร์ 155","id":545,"objectid":29,"lat":13.829138}},{"geometry":{"type":"Point","coordinates":[100.58902000005023,13.862350000217978],"crs":null},"id":11,"type":"Feature","properties":{"device_status":"normal","date_updated":"2025-03-03T07:19:49.983Z","code":"FL.BKA.05","long_":100.58902,"date_created":"2024-12-18T13:16:15.462Z","interval_":30000,"globalid":"{F77E53F2-884D-4A67-BEDC-FA7180663C6C}","main_road":"false","flood":0,"site_time":"2026-06-18 11:45:00+07:00","road":"ถนนพหลโยธิน","district":"บางเขน","name":"ถ.พหลโยธิน ช่วงหน้ากรมทหาราบที่ 11 ประตู2","id":527,"objectid":11,"lat":13.86235}},{"geometry":{"type":"Point","coordinates":[100.64983999978027,13.80982099987036],"crs":null},"id":30,"type":"Feature","properties":{"device_status":"normal","date_updated":"2025-03-03T07:19:52.440Z","code":"FL.BKM.05","long_":100.64984,"date_created":"2024-12-18T13:16:15.505Z","interval_":30000,"globalid":"{A4BC6129-4A02-4DA1-866B-505B783839C8}","main_road":"false","flood":0,"site_time":"2026-06-18 11:45:00+07:00","road":"ถนนประเสริฐมนูกิจ","district":"บึงกุ่ม","name":"ถ.ประเสริฐมนูกิจ ช่วงแยกนวมินทร์","id":546,"objectid":30,"lat":13.809821}},{"geometry":{"type":"Point","coordinates":[100.56789000041368,13.763360000203326],"crs":null},"id":84,"type":"Feature","properties":{"device_status":"normal","date_updated":"2025-03-03T07:19:59.367Z","code":"FL.DDG.05","long_":100.56789,"date_created":"2024-12-18T13:16:15.676Z","interval_":null,"globalid":"{C48BF52F-EFD0-4D02-B70A-AC2348D29303}","main_road":"true","flood":0,"site_time":"2026-06-18 11:40:00+07:00","road":"ถนนรัชดาภิเษก","district":"ดินแดง","name":"ถ.รัชดาภิเษก สถานฑูตจีน","id":600,"objectid":84,"lat":13.76336}},{"geometry":{"type":"Point","coordinates":[100.56720999999813,13.782779999657437],"crs":null},"id":85,"type":"Feature","properties":{"device_status":"normal","date_updated":"2025-03-03T07:19:59.495Z","code":"FL.DDG.06","long_":100.56721,"date_created":"2024-12-18T13:16:15.678Z","interval_":null,"globalid":"{B0E6F59C-6534-4463-BA6C-D5CB905FBD8A}","main_road":"true","flood":0,"site_time":"2026-06-18 11:40:00+07:00","road":"ถนนประชาสุข","district":"ดินแดง","name":"ถ.ประชาสุข ซ.อินทามระ 53","id":601,"objectid":85,"lat":13.78278}},{"geometry":{"type":"Point","coordinates":[100.54802000025255,13.78940000007697],"crs":null},"id":170,"type":"Feature","properties":{"device_status":"normal","date_updated":"2025-03-03T07:20:10.648Z","code":"FL.PYT.02","long_":100.54802,"date_created":"2024-12-18T13:16:15.879Z","interval_":null,"globalid":"{DD82B7AE-5FAD-4782-859E-D5CA6A08F2A6}","main_road":"true","flood":0,"site_time":"2026-06-18 11:40:00+07:00","road":"ถนนพหลโยธิน","district":"พญาไท","name":"ถ.พหลโยธิน ช่วงสะพานควาย","id":686,"objectid":170,"lat":13.7894}},{"geometry":{"type":"Point","coordinates":[100.54766000040244,13.789939999617594],"crs":null},"id":174,"type":"Feature","properties":{"device_status":"normal","date_updated":"2025-03-03T07:20:11.165Z","code":"FL.PYT.06","long_":100.54766,"date_created":"2024-12-18T13:16:15.888Z","interval_":null,"globalid":"{91B069BA-D52D-4829-82B4-BCC895612A9E}","main_road":"true","flood":0,"site_time":"2026-06-18 11:40:00+07:00","road":"ถนนประดิพัทธ์","district":"พญาไท","name":"ถ.ประดิพัทธ์ ช่วงสะพานควาย","id":690,"objectid":174,"lat":13.78994}},{"geometry":{"type":"Point","coordinates":[100.5912500003694,13.878583000137104],"crs":null},"id":14,"type":"Feature","properties":{"device_status":"normal","date_updated":"2025-03-03T07:19:50.384Z","code":"FL.BKA.08","long_":100.59125,"date_created":"2024-12-18T13:16:15.469Z","interval_":30000,"globalid":"{E8D6F0C9-F236-4029-9FAA-14E68F9FCD0F}","main_road":"false","flood":0,"site_time":"2026-06-18 11:45:00+07:00","road":"ถนนแจ้งวัฒนะ","district":"บางเขน","name":"ถ.แจ้งวัฒนะ ช่วงหน้ามหาวิทยาลัยหน้าราชภัฏพระนคร","id":530,"objectid":14,"lat":13.878583}},{"geometry":{"type":"Point","coordinates":[100.55855999995644,13.71716000010136],"crs":null},"id":114,"type":"Feature","properties":{"device_status":"normal","date_updated":"2025-03-03T07:20:03.439Z","code":"FL.KTY.05","long_":100.55856,"date_created":"2024-12-18T13:16:15.754Z","interval_":null,"globalid":"{881A29B8-51CA-4E61-BEE7-DA0A98EA722A}","main_road":"true","flood":0,"site_time":"2026-06-18 11:40:00+07:00","road":"ถนนสุนทรโกษา","district":"คลองเตย","name":"ถ.สุนทรโกษา แยก ณ ระนอง","id":630,"objectid":114,"lat":13.71716}},{"geometry":{"type":"Point","coordinates":[100.46133999991083,13.787451000207275],"crs":null},"id":217,"type":"Feature","properties":{"device_status":"normal","date_updated":"2025-03-03T07:20:16.694Z","code":"FL.TLC.02","long_":100.46134,"date_created":"2024-12-18T13:16:15.991Z","interval_":30000,"globalid":"{401C3C2A-E347-490B-A7BE-58D72D7EB29B}","main_road":"false","flood":0,"site_time":"2026-06-18 11:45:00+07:00","road":"ถนนเลียบทางรถไฟสายใต้ฝั่ง(ขาออก)","district":"ตลิ่งชัน","name":"ถ.เลียบทางรถไฟสายใต้ฝั่ง(ขาออก) ช่วงวงเวียนชัยพฤกษ์","id":733,"objectid":217,"lat":13.787451}},{"geometry":{"type":"Point","coordinates":[100.6476999998728,13.766852000217769],"crs":null},"id":36,"type":"Feature","properties":{"device_status":"normal","date_updated":"2025-03-03T07:19:53.175Z","code":"FL.BKP.03","long_":100.6477,"date_created":"2024-12-18T13:16:15.520Z","interval_":30000,"globalid":"{6CCF0FF2-2D7A-43E8-B0DB-2F5C8FD22F68}","main_road":"false","flood":0,"site_time":"2026-06-18 11:45:00+07:00","road":"ถนนนวมินทร์","district":"บางกะปิ","name":"ถ.นวมินทร์ ช่วงแยกบางกะปิ","id":552,"objectid":36,"lat":13.766852}},{"geometry":{"type":"Point","coordinates":[100.60715000033694,13.672790999819899],"crs":null},"id":57,"type":"Feature","properties":{"device_status":"normal","date_updated":"2025-03-03T07:19:55.849Z","code":"FL.BNA.07","long_":100.60715,"date_created":"2024-12-18T13:16:15.573Z","interval_":30000,"globalid":"{58F32988-078B-46EB-A7CF-F1ACECA9CA28}","main_road":"false","flood":0,"site_time":"2026-06-18 11:45:00+07:00","road":"ถนนบางนา-ตราด","district":"บางนา","name":"ถ.บางนา-ตราด (ขาเข้า) ช่วงแยกบางนา","id":573,"objectid":57,"lat":13.672791}},{"geometry":{"type":"Point","coordinates":[100.5520299997308,13.803039999611073],"crs":null},"id":66,"type":"Feature","properties":{"device_status":"normal","date_updated":"2025-03-03T07:19:57.017Z","code":"FL.CTC.02","long_":100.55203,"date_created":"2024-12-18T13:16:15.611Z","interval_":null,"globalid":"{54543062-0F6C-4A1C-A9E8-B3D2302E72D6}","main_road":"true","flood":0,"site_time":"2026-06-18 11:40:00+07:00","road":"ถนนกำแพงเพชร 3","district":"จตุจักร","name":"ถ.กำแพงเพชร 3","id":582,"objectid":66,"lat":13.80304}},{"geometry":{"type":"Point","coordinates":[100.61255999993098,13.754202999811813],"crs":null},"id":40,"type":"Feature","properties":{"device_status":"normal","date_updated":"2025-03-03T07:19:53.693Z","code":"FL.BKP.07","long_":100.61256,"date_created":"2024-12-18T13:16:15.530Z","interval_":30000,"globalid":"{86F42D60-C07C-4803-8938-14238CACDF82}","main_road":"false","flood":0,"site_time":"2026-06-18 11:45:00+07:00","road":"ถนนรามคำแหง","district":"บางกะปิ","name":"ถ.รามคำแหง ช่วง ซ.รามคำแหง 20","id":556,"objectid":40,"lat":13.754203}},{"geometry":{"type":"Point","coordinates":[100.62168000032591,13.753447999652103],"crs":null},"id":43,"type":"Feature","properties":{"device_status":"normal","date_updated":"2025-03-03T07:19:54.071Z","code":"FL.BKP.10","long_":100.62168,"date_created":"2024-12-18T13:16:15.537Z","interval_":30000,"globalid":"{1E24B3C1-51D3-4572-9672-AAD128597E77}","main_road":"false","flood":0,"site_time":"2026-06-18 11:45:00+07:00","road":"ถนนหัวหมาก","district":"บางกะปิ","name":"ถ.หัวหมาก ช่วง ซ.รามคำแหง 24 แยก 18","id":559,"objectid":43,"lat":13.753448}},{"geometry":{"type":"Point","coordinates":[100.53287000012246,13.727680000028178],"crs":null},"id":61,"type":"Feature","properties":{"device_status":"normal","date_updated":"2025-03-03T07:19:56.364Z","code":"FL.BRK.02","long_":100.53287,"date_created":"2024-12-18T13:16:15.586Z","interval_":null,"globalid":"{C1EF4F96-CD84-4DA1-9907-194630AAC4CB}","main_road":"true","flood":0,"site_time":"2026-06-18 11:40:00+07:00","road":"ถนนสีลม","district":"บางรัก","name":"ถ.สีลม ช่วงถนนคอนแวนต์","id":577,"objectid":61,"lat":13.72768}},{"geometry":{"type":"Point","coordinates":[100.57519999971571,13.838819999922592],"crs":null},"id":67,"type":"Feature","properties":{"device_status":"normal","date_updated":"2025-03-03T07:19:57.157Z","code":"FL.CTC.03","long_":100.5752,"date_created":"2024-12-18T13:16:15.615Z","interval_":null,"globalid":"{29CB4E72-B14A-4E2D-A553-CFB5CF6CCBB2}","main_road":"true","flood":0,"site_time":"2026-06-18 11:40:00+07:00","road":"ถนนพหลโยธิน","district":"จตุจักร","name":"ถ.พหลโยธิน ช่วงแยกเกษตร","id":583,"objectid":67,"lat":13.83882}},{"geometry":{"type":"Point","coordinates":[100.6205100003639,13.759767000140126],"crs":null},"id":37,"type":"Feature","properties":{"device_status":"normal","date_updated":"2025-03-03T07:19:53.335Z","code":"FL.BKP.04","long_":100.62051,"date_created":"2024-12-18T13:16:15.522Z","interval_":30000,"globalid":"{057C1B1D-176D-4003-8C0E-9CBFE3C3FD44}","main_road":"false","flood":0,"site_time":"2026-06-18 11:45:00+07:00","road":"ถนนรามคำแหง","district":"บางกะปิ","name":"ถ.รามคำแหง ช่วงตรงข้าม ซ.รามคำแหง 53","id":553,"objectid":37,"lat":13.759767}},{"geometry":{"type":"Point","coordinates":[100.53726999958805,13.725784000284094],"crs":null},"id":62,"type":"Feature","properties":{"device_status":"normal","date_updated":"2025-03-03T07:19:56.504Z","code":"FL.BRK.03","long_":100.53727,"date_created":"2024-12-18T13:16:15.594Z","interval_":30000,"globalid":"{23497BAA-774B-4112-8FF5-BDCE48521CE8}","main_road":"false","flood":0,"site_time":"2026-06-18 11:45:00+07:00","road":"ถนนศาลาแดง","district":"บางรัก","name":"ถ.ศาลาแดง ช่วง ซ.ศาลาแดง 1/1","id":578,"objectid":62,"lat":13.725784}},{"geometry":{"type":"Point","coordinates":[100.61679999956299,13.758449000000631],"crs":null},"id":38,"type":"Feature","properties":{"device_status":"normal","date_updated":"2025-03-03T07:19:53.474Z","code":"FL.BKP.05","long_":100.6168,"date_created":"2024-12-18T13:16:15.525Z","interval_":30000,"globalid":"{88C22362-B4C3-415F-8616-B820B3A687D2}","main_road":"false","flood":0,"site_time":"2026-06-18 11:45:00+07:00","road":"ถนนรามคำแหง","district":"บางกะปิ","name":"ถ.รามคำแหง ช่วงตรงข้าม ซ.รามคำแหง 43","id":554,"objectid":38,"lat":13.758449}},{"geometry":{"type":"Point","coordinates":[100.39995000026836,13.630081000204987],"crs":null},"id":47,"type":"Feature","properties":{"device_status":"normal","date_updated":"2025-03-03T07:19:54.555Z","code":"FL.BKT.02","long_":100.39995,"date_created":"2024-12-18T13:16:15.548Z","interval_":30000,"globalid":"{8AF0E611-2B1E-472F-A279-A29D38C48168}","main_road":"false","flood":0,"site_time":"2026-06-18 11:45:00+07:00","road":"ถนนบางกระดี่","district":"บางขุนเทียน","name":"ถ.บางกระดี่ ช่วงตรงข้าม ซ.บางกระดี่ 3","id":563,"objectid":47,"lat":13.630081}},{"geometry":{"type":"Point","coordinates":[100.55668000033995,13.894680000111556],"crs":null},"id":141,"type":"Feature","properties":{"device_status":"normal","date_updated":"2025-03-03T07:20:06.865Z","code":"FL.LSI.04","long_":100.55668,"date_created":"2024-12-18T13:16:15.818Z","interval_":null,"globalid":"{AE1DB6C5-0344-41AA-8171-7CAC3CBEA9F1}","main_road":"true","flood":0,"site_time":"2026-06-18 11:40:00+07:00","road":"ถนนแจ้งวัฒนะ","district":"หลักสี่","name":"ถ.แจ้งวัฒนะขาเข้า (โลตัส)","id":657,"objectid":141,"lat":13.89468}},{"geometry":{"type":"Point","coordinates":[100.57601999987337,13.840721999964819],"crs":null},"id":77,"type":"Feature","properties":{"device_status":"normal","date_updated":"2025-03-03T07:19:58.472Z","code":"FL.CTC.13","long_":100.57602,"date_created":"2024-12-18T13:16:15.657Z","interval_":30000,"globalid":"{6D8FE393-DF49-44D0-9A6F-B0592CE8D76D}","main_road":"false","flood":0,"site_time":"2026-06-18 11:45:00+07:00","road":"ถนนพหลโยธิน","district":"จตุจักร","name":"ถ.พหลโยธิน ช่วงหน้ามหาวิทยาลัยเกษตรศาสตร์","id":593,"objectid":77,"lat":13.840722}},{"geometry":{"type":"Point","coordinates":[100.55160999960623,13.827945000043824],"crs":null},"id":78,"type":"Feature","properties":{"device_status":"normal","date_updated":"2025-03-03T07:19:58.598Z","code":"FL.CTC.14","long_":100.55161,"date_created":"2024-12-18T13:16:15.660Z","interval_":30000,"globalid":"{0C133AD2-FF24-4301-A5B1-94DF1D974613}","main_road":"false","flood":0,"site_time":"2026-06-18 11:45:00+07:00","road":"ถนนกำแพงเพชร","district":"จตุจักร","name":"ถ.กำแพงเพชร 2 ช่วงหน้าสถานีขนส่งนครชัยแอร์หมอชิต","id":594,"objectid":78,"lat":13.827945}},{"geometry":{"type":"Point","coordinates":[100.58343499965565,13.834194000073126],"crs":null},"id":79,"type":"Feature","properties":{"device_status":"normal","date_updated":"2025-03-03T07:19:58.726Z","code":"FL.CTC.15","long_":100.583435,"date_created":"2024-12-18T13:16:15.663Z","interval_":30000,"globalid":"{E42D720D-12DC-46BE-9233-7A54DC16EEEE}","main_road":"false","flood":0,"site_time":"2026-06-18 11:45:00+07:00","road":"ถนนเสนานิคม","district":"จตุจักร","name":"ถ.เสนานิคม 1 ช่วงเสนานิคม 1 ซ.15","id":595,"objectid":79,"lat":13.834194}},{"geometry":{"type":"Point","coordinates":[100.5571199996577,13.758339999669296],"crs":null},"id":82,"type":"Feature","properties":{"device_status":"malfunction","date_updated":"2025-03-03T07:19:59.132Z","code":"FL.DDG.03","long_":100.55712,"date_created":"2024-12-18T13:16:15.669Z","interval_":null,"globalid":"{EE4DF616-E04A-492E-92B8-0F24DD9EABCC}","main_road":"true","flood":0,"site_time":"2026-06-18 10:20:00+07:00","road":"ถนนดินแดง","district":"ดินแดง","name":"ถ.ดินแดง ซอยสุทธิพร 2","id":598,"objectid":82,"lat":13.75834}},{"geometry":{"type":"Point","coordinates":[100.65096000041191,13.796189999568531],"crs":null},"id":26,"type":"Feature","properties":{"device_status":"normal","date_updated":"2025-03-03T07:19:51.939Z","code":"FL.BKM.01","long_":100.65096,"date_created":"2024-12-18T13:16:15.495Z","interval_":null,"globalid":"{4CC76EC9-70DC-49D1-9CF7-09015D82A641}","main_road":"true","flood":0,"site_time":"2026-06-18 11:40:00+07:00","road":"ถนนนวมินทร์","district":"บึงกุ่ม","name":"ถ.นวมินทร์ ช่วงซอย 46 (สันติอโศก)","id":542,"objectid":26,"lat":13.79619}},{"geometry":{"type":"Point","coordinates":[100.55150000000135,13.798330000237899],"crs":null},"id":69,"type":"Feature","properties":{"device_status":"normal","date_updated":"2025-03-03T07:19:57.420Z","code":"FL.CTC.05","long_":100.5515,"date_created":"2024-12-18T13:16:15.623Z","interval_":null,"globalid":"{574F9CCD-9B3C-4563-947C-0CE5D0DB34B3}","main_road":"true","flood":0,"site_time":"2026-06-18 11:40:00+07:00","road":"ถนนพหลโยธิน","district":"จตุจักร","name":"ถ.พหลโยธิน หน้ากรมการขนส่งทางบก","id":585,"objectid":69,"lat":13.79833}},{"geometry":{"type":"Point","coordinates":[100.57539999973226,13.816513000405745],"crs":null},"id":72,"type":"Feature","properties":{"device_status":"normal","date_updated":"2025-03-03T07:19:57.827Z","code":"FL.CTC.08","long_":100.5754,"date_created":"2024-12-18T13:16:15.640Z","interval_":30000,"globalid":"{03F88498-2A77-4C5A-A6A5-E4F31E4E5F9D}","main_road":"false","flood":0,"site_time":"2026-06-18 11:45:00+07:00","road":"ถนนรัชดาภิเษก","district":"จตุจักร","name":"ถ.รัชดาภิเษก ช่วงหน้าศาลอาญา","id":588,"objectid":72,"lat":13.816513}},{"geometry":{"type":"Point","coordinates":[100.56866000034263,13.82661599980499],"crs":null},"id":74,"type":"Feature","properties":{"device_status":"normal","date_updated":"2025-03-03T07:19:58.080Z","code":"FL.CTC.10","long_":100.56866,"date_created":"2024-12-18T13:16:15.649Z","interval_":30000,"globalid":"{B3C0CBD1-706B-4A46-8E6F-F97773186230}","main_road":"false","flood":0,"site_time":"2026-06-18 11:45:00+07:00","road":"ถนนรัชดาภิเษก","district":"จตุจักร","name":"ถ.รัชดาภิเษก ช่วงหน้าสถานีตำรวจนครบาลพหลโยธิน","id":590,"objectid":74,"lat":13.826616}},{"geometry":{"type":"Point","coordinates":[100.56772999968179,13.775156000364149],"crs":null},"id":88,"type":"Feature","properties":{"device_status":"normal","date_updated":"2025-03-03T07:19:59.919Z","code":"FL.DDG.09","long_":100.56773,"date_created":"2024-12-18T13:16:15.687Z","interval_":30000,"globalid":"{0B99D84E-B9D0-4A8A-AAE4-FDD1947A27AC}","main_road":"false","flood":0,"site_time":"2026-06-18 11:45:00+07:00","road":"ถนนประชาสงเคราะห์","district":"ดินแดง","name":"ถ.ประชาสงเคราะห์ ช่วง ซ.เปรมสมบัติแยก 33","id":604,"objectid":88,"lat":13.775156}},{"geometry":{"type":"Point","coordinates":[100.56708000030177,13.785756999581844],"crs":null},"id":89,"type":"Feature","properties":{"device_status":"normal","date_updated":"2025-03-03T07:20:00.063Z","code":"FL.DDG.10","long_":100.56708,"date_created":"2024-12-18T13:16:15.689Z","interval_":30000,"globalid":"{83889F10-C8C3-4C31-ABDD-B157C8F656DF}","main_road":"false","flood":0,"site_time":"2026-06-18 11:45:00+07:00","road":"ถนนประชาสุข","district":"ดินแดง","name":"ถ.ประชาสุข ช่วง ซ.อินทามระ 34","id":605,"objectid":89,"lat":13.785757}},{"geometry":{"type":"Point","coordinates":[100.55681000003631,13.765306999656922],"crs":null},"id":90,"type":"Feature","properties":{"device_status":"normal","date_updated":"2025-03-03T07:20:00.204Z","code":"FL.DDG.11","long_":100.55681,"date_created":"2024-12-18T13:16:15.692Z","interval_":30000,"globalid":"{04B2E4CD-3B4A-49AC-909C-B171E76C6C15}","main_road":"false","flood":0,"site_time":"2026-06-18 11:45:00+07:00","road":"ถนนประชาสงเคราะห์","district":"ดินแดง","name":"ถ.ประชาสงเคราะห์ ช่วง ซ.ประชาสงเคราะห์ 9","id":606,"objectid":90,"lat":13.765307}},{"geometry":{"type":"Point","coordinates":[100.55010999993132,13.762990000138965],"crs":null},"id":91,"type":"Feature","properties":{"device_status":"normal","date_updated":"2025-03-03T07:20:00.317Z","code":"FL.DDG.12","long_":100.55011,"date_created":"2024-12-18T13:16:15.694Z","interval_":30000,"globalid":"{26159602-9FC3-44D2-BA54-A84564E17198}","main_road":"false","flood":0,"site_time":"2026-06-18 11:45:00+07:00","road":"ถนนดินแดง","district":"ดินแดง","name":"ถ.ดินแดง ช่วงทางเข้าโรงเรียนพิบูลประชาสรรค์","id":607,"objectid":91,"lat":13.76299}},{"geometry":{"type":"Point","coordinates":[100.57979000005042,13.776661000179509],"crs":null},"id":102,"type":"Feature","properties":{"device_status":"normal","date_updated":"2025-03-03T07:20:01.770Z","code":"FL.HKG.02","long_":100.57979,"date_created":"2024-12-18T13:16:15.725Z","interval_":30000,"globalid":"{730E2194-233E-4425-AF18-48AD373061FA}","main_road":"false","flood":0,"site_time":"2026-06-18 11:45:00+07:00","road":"ถนนประชาอุทิศ","district":"ห้วยขวาง","name":"ถ.ประชาอุทิศ ช่วงตรงข้ามสำนักงานเขตห้วยขวาง","id":618,"objectid":102,"lat":13.776661}},{"geometry":{"type":"Point","coordinates":[100.56791999965257,13.890320000009384],"crs":null},"id":140,"type":"Feature","properties":{"device_status":"normal","date_updated":"2025-03-03T07:20:06.764Z","code":"FL.LSI.03","long_":100.56792,"date_created":"2024-12-18T13:16:15.816Z","interval_":null,"globalid":"{38DFC68C-AF93-46C3-8C8F-FF3BB46F7F7C}","main_road":"true","flood":0,"site_time":"2026-06-18 11:40:00+07:00","road":"ถนนแจ้งวัฒนะ","district":"หลักสี่","name":"ถ.แจ้งวัฒนะ หน้าศาลปกครองกลาง","id":656,"objectid":140,"lat":13.89032}},{"geometry":{"type":"Point","coordinates":[100.54610999960049,13.840290000373976],"crs":null},"id":68,"type":"Feature","properties":{"device_status":"normal","date_updated":"2025-03-03T07:19:57.297Z","code":"FL.CTC.04","long_":100.54611,"date_created":"2024-12-18T13:16:15.619Z","interval_":null,"globalid":"{C91FB86D-1BF2-46E9-BD4D-66C1C8FC862B}","main_road":"true","flood":0,"site_time":"2026-06-18 11:40:00+07:00","road":"ถนนเทศบาลสงเคราะห์","district":"จตุจักร","name":"ถ.เทศบาลสงเคราะห์ ช่วงตลาดประชานิเวศน์","id":584,"objectid":68,"lat":13.84029}},{"geometry":{"type":"Point","coordinates":[100.55451000029524,13.776579999866934],"crs":null},"id":86,"type":"Feature","properties":{"device_status":"normal","date_updated":"2025-03-03T07:19:59.667Z","code":"FL.DDG.07","long_":100.55451,"date_created":"2024-12-18T13:16:15.681Z","interval_":null,"globalid":"{D272C23E-B961-4A53-8AE8-1BC14F0CE181}","main_road":"true","flood":0,"site_time":"2026-06-18 11:40:00+07:00","road":"ถนนวิภาวดี(ขาออก)","district":"ดินแดง","name":"ถ.วิภาวดี(ขาออก) ช่วงกรมทหารราบที่ 1","id":602,"objectid":86,"lat":13.77658}},{"geometry":{"type":"Point","coordinates":[100.55122999966463,13.762400000216997],"crs":null},"id":87,"type":"Feature","properties":{"device_status":"malfunction","date_updated":"2025-03-03T07:19:59.794Z","code":"FL.DDG.08","long_":100.55123,"date_created":"2024-12-18T13:16:15.685Z","interval_":null,"globalid":"{F2ABCE4F-F3BD-4378-8FBC-19A4BE46A0EE}","main_road":"true","flood":0,"site_time":"2026-06-18 10:10:00+07:00","road":"ถนนดินแดง","district":"ดินแดง","name":"ถ.ดินแดง ช่วงโรงเรียนพิบูลประชาสรรค์","id":603,"objectid":87,"lat":13.7624}},{"geometry":{"type":"Point","coordinates":[100.569855000419,13.712854000181228],"crs":null},"id":116,"type":"Feature","properties":{"device_status":"normal","date_updated":"2025-03-03T07:20:03.690Z","code":"FL.KTY.07","long_":100.569855,"date_created":"2024-12-18T13:16:15.760Z","interval_":30000,"globalid":"{5B4F55F0-AF47-47DF-ADA6-EA6DE8CF8740}","main_road":"false","flood":0,"site_time":"2026-06-18 11:45:00+07:00","road":"ถนนอาจณรงค์","district":"คลองเตย","name":"ถ.อาจณรงค์ ช่วงแฟลตการเคหะคลองเตย","id":632,"objectid":116,"lat":13.712854}},{"geometry":{"type":"Point","coordinates":[100.54165999990619,13.771689999824623],"crs":null},"id":169,"type":"Feature","properties":{"device_status":"normal","date_updated":"2025-03-03T07:20:10.522Z","code":"FL.PYT.01","long_":100.54166,"date_created":"2024-12-18T13:16:15.877Z","interval_":null,"globalid":"{C98B7C35-B083-479F-B9D6-B058206E9432}","main_road":"true","flood":0,"site_time":"2026-06-18 11:40:00+07:00","road":"ถนนพหลโยธิน","district":"พญาไท","name":"ถ.พหลโยธิน ช่วงหน้าสนามเป้า","id":685,"objectid":169,"lat":13.77169}},{"geometry":{"type":"Point","coordinates":[100.54707000039856,13.786170000027177],"crs":null},"id":176,"type":"Feature","properties":{"device_status":"normal","date_updated":"2025-03-03T07:20:11.395Z","code":"FL.PYT.08","long_":100.54707,"date_created":"2024-12-18T13:16:15.892Z","interval_":30000,"globalid":"{332C4B4C-B003-4ECF-BB1A-74403B06810E}","main_road":"false","flood":0,"site_time":"2026-06-18 11:45:00+07:00","road":"ถนนพหลโยธิน","district":"พญาไท","name":"ถ.พหลโยธิน ช่วงตรงข้าม ซ.พหลโยธิน 9","id":692,"objectid":176,"lat":13.78617}},{"geometry":{"type":"Point","coordinates":[100.54072000009795,13.763729999682415],"crs":null},"id":184,"type":"Feature","properties":{"device_status":"normal","date_updated":"2025-03-03T07:20:12.415Z","code":"FL.RTW.06","long_":100.54072,"date_created":"2024-12-18T13:16:15.913Z","interval_":null,"globalid":"{F97CFCAA-5D0F-4CC2-ABE1-4EFA38380FDF}","main_road":"true","flood":0,"site_time":"2026-06-18 11:40:00+07:00","road":"ถนนราชวิถี","district":"ราชเทวี","name":"ถ.ราชวิถี ช่วงสวนสันติภาพ","id":700,"objectid":184,"lat":13.76373}},{"geometry":{"type":"Point","coordinates":[100.52493999978103,13.760430000168892],"crs":null},"id":190,"type":"Feature","properties":{"device_status":"normal","date_updated":"2025-03-03T07:20:13.208Z","code":"FL.RTW.12","long_":100.52494,"date_created":"2024-12-18T13:16:15.929Z","interval_":null,"globalid":"{90E8D421-AD55-49CE-A6C8-09EE04F70A1F}","main_road":"true","flood":0,"site_time":"2026-06-18 11:40:00+07:00","road":"ถนนพระราม 6","district":"ราชเทวี","name":"ถ.พระรามที่ 6 ช่วงกองการพัสดุ กรมทางหลวง","id":706,"objectid":190,"lat":13.76043}},{"geometry":{"type":"Point","coordinates":[100.60381000033017,13.666189999779881],"crs":null},"id":51,"type":"Feature","properties":{"device_status":"normal","date_updated":"2025-03-03T07:19:55.078Z","code":"FL.BNA.01","long_":100.60381,"date_created":"2024-12-18T13:16:15.558Z","interval_":null,"globalid":"{9CF320C7-5F8D-48F3-914D-5AAD2229C058}","main_road":"true","flood":0,"site_time":"2026-06-18 11:40:00+07:00","road":"ถนนสุขุมวิท","district":"บางนา","name":"ถ.สุขุมวิท ช่วงกรมอุตุนิยมวิทยา","id":567,"objectid":51,"lat":13.66619}},{"geometry":{"type":"Point","coordinates":[100.57395000028605,13.840409999662413],"crs":null},"id":70,"type":"Feature","properties":{"device_status":"normal","date_updated":"2025-03-03T07:19:57.529Z","code":"FL.CTC.06","long_":100.57395,"date_created":"2024-12-18T13:16:15.633Z","interval_":null,"globalid":"{F668AF87-403D-4D12-85F3-A6299D3FD68A}","main_road":"true","flood":0,"site_time":"2026-06-18 11:40:00+07:00","road":"ถนนงามวงค์วาน","district":"จตุจักร","name":"ถ.งามวงศ์วาน ช่วงแยกเกษตร","id":586,"objectid":70,"lat":13.84041}},{"geometry":{"type":"Point","coordinates":[100.61441000030855,13.756415000237123],"crs":null},"id":42,"type":"Feature","properties":{"device_status":"normal","date_updated":"2025-03-03T07:19:53.945Z","code":"FL.BKP.09","long_":100.61441,"date_created":"2024-12-18T13:16:15.534Z","interval_":30000,"globalid":"{0996DF49-87A7-449B-8863-CEDDFF41BCAB}","main_road":"false","flood":0,"site_time":"2026-06-18 11:45:00+07:00","road":"ถนนรามคำแหง","district":"บางกะปิ","name":"ถ.รามคำแหง ช่วง ซ.รามคำแหง 33","id":558,"objectid":42,"lat":13.756415}},{"geometry":{"type":"Point","coordinates":[100.56848000041757,13.720139000436081],"crs":null},"id":117,"type":"Feature","properties":{"device_status":"normal","date_updated":"2025-03-03T07:20:03.830Z","code":"FL.KTY.08","long_":100.56848,"date_created":"2024-12-18T13:16:15.763Z","interval_":30000,"globalid":"{C364B7F7-6373-4F2C-A8C8-C12F1007CEC6}","main_road":"false","flood":0,"site_time":"2026-06-18 11:45:00+07:00","road":"ซอยสุขุมวิท26","district":"คลองเตย","name":"ซ.สุขุมวิท26 ช่วงซ.อรรถกระวี 3","id":633,"objectid":117,"lat":13.720139}},{"geometry":{"type":"Point","coordinates":[100.61317400022429,13.772307999758862],"crs":null},"id":227,"type":"Feature","properties":{"device_status":"normal","date_updated":"2025-03-03T07:20:18.088Z","code":"FL.WTL.10","long_":100.613174,"date_created":"2024-12-18T13:16:16.015Z","interval_":30000,"globalid":"{4F8D0E21-28D4-439E-A8D8-512CDE2B6AA6}","main_road":"false","flood":0,"site_time":"2026-06-18 11:45:00+07:00","road":"ถนนอินทราภรณ์","district":"วังทองหลาง","name":"ถ.อินทราภรณ์ ช่วง ซ.รามคำแหง 43/1","id":743,"objectid":227,"lat":13.772308}},{"geometry":{"type":"Point","coordinates":[100.51291999959538,13.746210000419971],"crs":null},"id":156,"type":"Feature","properties":{"device_status":"normal","date_updated":"2025-03-03T07:20:08.799Z","code":"FL.PPS.02","long_":100.51292,"date_created":"2024-12-18T13:16:15.849Z","interval_":null,"globalid":"{730C9D53-5EBD-409E-A786-C4AC8B2188FB}","main_road":"true","flood":0,"site_time":"2026-06-18 11:40:00+07:00","road":"ถนนหลวง","district":"ป้อมปราบศัตรูพ่าย","name":"ถ.หลวง ช่วงวัดเทพศิรินทราวาส","id":672,"objectid":156,"lat":13.74621}},{"geometry":{"type":"Point","coordinates":[100.59663999987194,13.807854000309195],"crs":null},"id":135,"type":"Feature","properties":{"device_status":"normal","date_updated":"2025-03-03T07:20:06.100Z","code":"FL.LPW.05","long_":100.59664,"date_created":"2024-12-18T13:16:15.806Z","interval_":30000,"globalid":"{B1F75D34-28FE-4776-90D2-E12C15FF39C0}","main_road":"false","flood":0,"site_time":"2026-06-18 11:45:00+07:00","road":"ถนนโชคชัย","district":"ลาดพร้าว","name":"ถ.โชคชัย 4 ช่วง ซ.โชคชัย 28","id":651,"objectid":135,"lat":13.807854}},{"geometry":{"type":"Point","coordinates":[100.54605000022435,13.783309999686821],"crs":null},"id":173,"type":"Feature","properties":{"device_status":"normal","date_updated":"2025-03-03T07:20:11.035Z","code":"FL.PYT.05","long_":100.54605,"date_created":"2024-12-18T13:16:15.886Z","interval_":null,"globalid":"{145F03C5-41F5-45A4-93D8-FA0EC06F2EA3}","main_road":"true","flood":0,"site_time":"2026-06-18 11:40:00+07:00","road":"ถนนพหลโยธิน","district":"พญาไท","name":"ถ.พหลโยธิน ช่วงซอยสายลม","id":689,"objectid":173,"lat":13.78331}},{"geometry":{"type":"Point","coordinates":[100.525240000255,13.759880000377867],"crs":null},"id":189,"type":"Feature","properties":{"device_status":"normal","date_updated":"2025-03-03T07:20:13.067Z","code":"FL.RTW.11","long_":100.52524,"date_created":"2024-12-18T13:16:15.927Z","interval_":null,"globalid":"{DB6A909A-5C88-4EF5-9764-C80AE0B1D31A}","main_road":"true","flood":0,"site_time":"2026-06-18 11:40:00+07:00","road":"ถนนพระราม 6","district":"ราชเทวี","name":"ถ.พระรามที่ 6 ช่วงพิพิธภัณฑ์กรมทางหลวง","id":705,"objectid":189,"lat":13.75988}},{"geometry":{"type":"Point","coordinates":[100.64880000041292,13.732657999772131],"crs":null},"id":197,"type":"Feature","properties":{"device_status":"normal","date_updated":"2025-03-03T07:20:14.081Z","code":"FL.SLG.06","long_":100.6488,"date_created":"2024-12-18T13:16:15.948Z","interval_":30000,"globalid":"{F7679FD1-79CD-4829-936B-79F259C434EE}","main_road":"false","flood":0,"site_time":"2026-06-18 11:45:00+07:00","road":"ถนนพัฒนาการ","district":"สวนหลวง","name":"ถ.พัฒนาการ ช่วง ซ.พัฒนาการ 53","id":713,"objectid":197,"lat":13.732658}},{"geometry":{"type":"Point","coordinates":[100.56264999980066,13.735624000136799],"crs":null},"id":236,"type":"Feature","properties":{"device_status":"normal","date_updated":"2025-03-03T07:20:19.222Z","code":"FL.WTN.09","long_":100.56265,"date_created":"2024-12-18T13:16:16.036Z","interval_":30000,"globalid":"{855A92D0-62F8-486B-AC65-A939025F57B4}","main_road":"false","flood":0,"site_time":"2026-06-18 11:45:00+07:00","road":"ถนนสุขุมวิท","district":"วัฒนา","name":"ถ.สุขุมวิท ช่วง ซ.สุขุมวิท 23","id":752,"objectid":236,"lat":13.735624}},{"geometry":{"type":"Point","coordinates":[100.34312400012298,13.687016000149711],"crs":null},"id":149,"type":"Feature","properties":{"device_status":"normal","date_updated":"2025-03-03T07:20:07.961Z","code":"FL.NKM.02","long_":100.343124,"date_created":"2024-12-18T13:16:15.834Z","interval_":30000,"globalid":"{80C9BF79-F55A-47DF-8553-1FA14D2126E2}","main_road":"false","flood":0,"site_time":"2026-06-18 11:45:00+07:00","road":"ถนนมาเจริญ","district":"หนองแขม","name":"ถ.มาเจริญ ช่วงตรงข้ามหมู่บ้านชวนชื่นเพชรเกษม 81","id":665,"objectid":149,"lat":13.687016}},{"geometry":{"type":"Point","coordinates":[100.56006999967708,13.74944000015087],"crs":null},"id":180,"type":"Feature","properties":{"device_status":"malfunction","date_updated":"2025-03-03T07:20:11.893Z","code":"FL.RTW.02","long_":100.56007,"date_created":"2024-12-18T13:16:15.901Z","interval_":null,"globalid":"{CF83BB12-8BDD-411D-98BD-604DD26B0967}","main_road":"true","flood":0,"site_time":"2026-06-18 10:50:00+07:00","road":"ถนนเพชรบุรี ","district":"ราชเทวี","name":"ถ.เพชรบุรี ช่วงหน้าดอนบอสโก","id":696,"objectid":180,"lat":13.74944}},{"geometry":{"type":"Point","coordinates":[100.55000000032646,13.8127200002013],"crs":null},"id":73,"type":"Feature","properties":{"device_status":"normal","date_updated":"2025-03-03T07:19:57.951Z","code":"FL.CTC.09","long_":100.55,"date_created":"2024-12-18T13:16:15.645Z","interval_":30000,"globalid":"{D7425462-0A94-44D1-B9E5-114EBC125A2A}","main_road":"false","flood":0,"site_time":"2026-06-18 11:45:00+07:00","road":"ถนนกำแพงเพชร","district":"จตุจักร","name":"ถ.กำแพงเพชร 2 ช่วงตรงข้ามสถานีขนส่งหมอชิต 2","id":589,"objectid":73,"lat":13.81272}},{"geometry":{"type":"Point","coordinates":[100.73717500042319,13.722296000075678],"crs":null},"id":121,"type":"Feature","properties":{"device_status":"normal","date_updated":"2025-03-03T07:20:04.297Z","code":"FL.LKB.01","long_":100.737175,"date_created":"2024-12-18T13:16:15.773Z","interval_":30000,"globalid":"{F6D47DA2-3235-43D6-B2E9-1195F8239165}","main_road":"false","flood":0,"site_time":"2026-06-18 11:45:00+07:00","road":"ถนนลาดกระบัง","district":"ลาดกระบัง","name":"ถ.ลาดกระบัง ช่วง ซ.ลาดกระบัง 30/1","id":637,"objectid":121,"lat":13.722296}},{"geometry":{"type":"Point","coordinates":[100.52861000039894,13.74646000040932],"crs":null},"id":161,"type":"Feature","properties":{"device_status":"malfunction","date_updated":"2025-03-03T07:20:09.472Z","code":"FL.PTW.01","long_":100.52861,"date_created":"2024-12-18T13:16:15.859Z","interval_":null,"globalid":"{13A1E96F-A5F8-4B42-8134-E67AE5C32568}","main_road":"true","flood":0,"site_time":"2026-06-18 00:25:00+07:00","road":"ถนนพระราม 1 ","district":"ปทุมวัน","name":"ถ.พระรามที่ 1 ช่วงสนามกีฬาแห่งชาติ","id":677,"objectid":161,"lat":13.74646}},{"geometry":{"type":"Point","coordinates":[100.538519999916,13.757050000193146],"crs":null},"id":188,"type":"Feature","properties":{"device_status":"normal","date_updated":"2025-03-03T07:20:12.912Z","code":"FL.RTW.10","long_":100.53852,"date_created":"2024-12-18T13:16:15.925Z","interval_":null,"globalid":"{1D7E9B0E-4CCE-4B83-820B-B52E708B5C94}","main_road":"true","flood":0,"site_time":"2026-06-18 11:40:00+07:00","road":"ถนนศรีอยุธยา","district":"ราชเทวี","name":"ถ.ศรีอยุธยา ช่วงโรงเรียนศรีอยุธยา","id":704,"objectid":188,"lat":13.75705}},{"geometry":{"type":"Point","coordinates":[100.64229000027875,13.740018000044138],"crs":null},"id":196,"type":"Feature","properties":{"device_status":"normal","date_updated":"2025-03-03T07:20:13.970Z","code":"FL.SLG.05","long_":100.64229,"date_created":"2024-12-18T13:16:15.945Z","interval_":30000,"globalid":"{22F1C321-359C-4534-8A9E-7D38F1FD16C6}","main_road":"false","flood":0,"site_time":"2026-06-18 11:45:00+07:00","road":"ถนนศรีนครินทร์","district":"สวนหลวง","name":"ถ.ศรีนครินทร์ ช่วง ถ.กำแพงเพชร 7","id":712,"objectid":196,"lat":13.740018}},{"geometry":{"type":"Point","coordinates":[100.53406000017596,13.722829000297168],"crs":null},"id":210,"type":"Feature","properties":{"device_status":"normal","date_updated":"2025-03-03T07:20:15.755Z","code":"FL.STN.09","long_":100.53406,"date_created":"2024-12-18T13:16:15.977Z","interval_":30000,"globalid":"{843D493B-6826-4BA6-9C0C-3A4FEEDD8811}","main_road":"false","flood":0,"site_time":"2026-06-18 11:45:00+07:00","road":"ถนนสาทรใต้","district":"สาทร","name":"ถ.สาทรใต้ ช่วง ซ.สาทร7","id":726,"objectid":210,"lat":13.722829}},{"geometry":{"type":"Point","coordinates":[100.39138999974006,13.709270000315716],"crs":null},"id":19,"type":"Feature","properties":{"device_status":"normal","date_updated":"2025-03-03T07:19:50.994Z","code":"FL.BKE.02","long_":100.39139,"date_created":"2024-12-18T13:16:15.480Z","interval_":null,"globalid":"{EDE4F92A-135A-4643-9354-504BAFB10B0B}","main_road":"true","flood":0,"site_time":"2026-06-18 11:40:00+07:00","road":"ถนนเพชรเกษม","district":"บางแค","name":"ถ.เพชรเกษม ช่วงซอยวัดม่วง","id":535,"objectid":19,"lat":13.70927}},{"geometry":{"type":"Point","coordinates":[100.5902800004239,13.712949999970888],"crs":null},"id":113,"type":"Feature","properties":{"device_status":"normal","date_updated":"2025-03-03T07:20:03.310Z","code":"FL.KTY.04","long_":100.59028,"date_created":"2024-12-18T13:16:15.752Z","interval_":null,"globalid":"{2A731448-FAAE-4DE5-97FF-1224C9AF0421}","main_road":"true","flood":0,"site_time":"2026-06-18 11:40:00+07:00","road":"ถนนพระราม 4","district":"คลองเตย","name":"ถ.พระราม 4 ช่วงกล้วยน้ำไท","id":629,"objectid":113,"lat":13.71295}},{"geometry":{"type":"Point","coordinates":[100.58000000011268,13.710627999616808],"crs":null},"id":120,"type":"Feature","properties":{"device_status":"malfunction","date_updated":"2025-03-03T07:20:04.205Z","code":"FL.KTY.11","long_":100.58,"date_created":"2024-12-18T13:16:15.770Z","interval_":30000,"globalid":"{33DF660F-B67B-45E9-9DE7-5DCF69E73AA3}","main_road":"false","flood":0,"site_time":"2026-01-04 05:10:00+07:00","road":"ถนนอาจณรงค์","district":"คลองเตย","name":"ถ.อาจณรงค์ ช่วงสถานีตรวจสอบสินค้า 3 ท่าเรือ","id":636,"objectid":120,"lat":13.710628}},{"geometry":{"type":"Point","coordinates":[100.61928000012742,13.780651000333664],"crs":null},"id":226,"type":"Feature","properties":{"device_status":"normal","date_updated":"2025-03-03T07:20:17.962Z","code":"FL.WTL.09","long_":100.61928,"date_created":"2024-12-18T13:16:16.012Z","interval_":30000,"globalid":"{7AA89FA8-81F7-43A7-8DE6-EBE942E2C260}","main_road":"false","flood":0,"site_time":"2026-06-18 11:45:00+07:00","road":"ถนนลาดพร้าว","district":"วังทองหลาง","name":"ถ.ลาดพร้าว ช่วง ซ.ลาดพร้าว 89","id":742,"objectid":226,"lat":13.780651}},{"geometry":{"type":"Point","coordinates":[100.53392000043388,13.70210500024362],"crs":null},"id":240,"type":"Feature","properties":{"device_status":"normal","date_updated":"2025-03-03T07:20:19.695Z","code":"FL.YNW.03","long_":100.53392,"date_created":"2024-12-18T13:16:16.046Z","interval_":30000,"globalid":"{CE571766-CE67-47DD-BC09-E608CCAB8164}","main_road":"false","flood":0,"site_time":"2026-06-18 11:45:00+07:00","road":"ซอยสาธุประดิษฐ์15","district":"ยานนาวา","name":"ซ.สาธุประดิษฐ์15 แยก 6","id":756,"objectid":240,"lat":13.702105}},{"geometry":{"type":"Point","coordinates":[100.76167000018083,13.75452800043094],"crs":null},"id":125,"type":"Feature","properties":{"device_status":"normal","date_updated":"2025-03-03T07:20:04.782Z","code":"FL.LKB.05","long_":100.76167,"date_created":"2024-12-18T13:16:15.782Z","interval_":30000,"globalid":"{A5C2AFCE-A5C0-45E9-B494-FB8DDF434FEE}","main_road":"false","flood":0,"site_time":"2026-06-18 11:45:00+07:00","road":"ถนนเจ้าคุณทหาร","district":"ลาดกระบัง","name":"ถ.เจ้าคุณทหาร ช่วง ถ.ไอ.ซี.ดี 1","id":641,"objectid":125,"lat":13.754528}},{"geometry":{"type":"Point","coordinates":[100.52688999971771,13.754619999947046],"crs":null},"id":187,"type":"Feature","properties":{"device_status":"normal","date_updated":"2025-03-03T07:20:12.781Z","code":"FL.RTW.09","long_":100.52689,"date_created":"2024-12-18T13:16:15.922Z","interval_":null,"globalid":"{B6B7DC67-4356-441F-8FC7-BDBBA74C26D8}","main_road":"true","flood":0,"site_time":"2026-06-18 11:40:00+07:00","road":"ถนนบรรทัดทอง","district":"ราชเทวี","name":"ถ.บรรทัดทอง ช่วงถนนเพชรบุรี","id":703,"objectid":187,"lat":13.75462}},{"geometry":{"type":"Point","coordinates":[100.54820000017759,13.763909999665442],"crs":null},"id":244,"type":"Feature","properties":{"device_status":"normal","date_updated":"2025-03-03T07:20:20.391Z","code":"TN.DDG.01(OUT)","long_":100.5482,"date_created":"2024-12-18T13:16:16.057Z","interval_":null,"globalid":"{F69077F3-1A26-480A-AF41-A3B82DD4956F}","main_road":"true","flood":0,"site_time":"2026-06-18 11:40:00+07:00","road":"ถนนดินแดง","district":"ดินแดง","name":"อ.ดินแดง(ขาออก)","id":760,"objectid":244,"lat":13.76391}},{"geometry":{"type":"Point","coordinates":[100.47411999997966,13.729340000376384],"crs":null},"id":242,"type":"Feature","properties":{"device_status":"normal","date_updated":"2025-03-03T07:20:20.120Z","code":"TN.BKY.01(IN)","long_":100.47412,"date_created":"2024-12-18T13:16:16.051Z","interval_":null,"globalid":"{4FB706FB-B68E-4906-A002-EACFCDFD8918}","main_road":"true","flood":0,"site_time":"2026-06-18 11:40:00+07:00","road":"ถนนรัชดาภิเษก","district":"บางกอกใหญ่","name":"อ.ท่าพระ(ขาเข้า)","id":758,"objectid":242,"lat":13.72934}},{"geometry":{"type":"Point","coordinates":[100.57493000027726,13.778705000269522],"crs":null},"id":104,"type":"Feature","properties":{"device_status":"normal","date_updated":"2025-03-03T07:20:02.006Z","code":"FL.HKG.04","long_":100.57493,"date_created":"2024-12-18T13:16:15.730Z","interval_":30000,"globalid":"{EEBCED45-DB50-4C0D-A4C1-C56492FB4194}","main_road":"false","flood":0,"site_time":"2026-06-18 11:45:00+07:00","road":"ถนนประชาราษฎร์บำเพ็ญ","district":"ห้วยขวาง","name":"ถ.ประชาราษฎร์บำเพ็ญ ช่วงสี่แยกห้วยขวาง","id":620,"objectid":104,"lat":13.778705}},{"geometry":{"type":"Point","coordinates":[100.57364999981208,13.778440000415975],"crs":null},"id":251,"type":"Feature","properties":{"device_status":"normal","date_updated":"2025-03-03T07:20:20.907Z","code":"TN.HKG.02(OUT)","long_":100.57365,"date_created":"2025-01-10T04:35:56.877Z","interval_":null,"globalid":"{F8A01102-6111-4737-9F16-33E692B4B2E8}","main_road":"true","flood":0,"site_time":"2026-06-18 11:40:00+07:00","road":"ถนนรัชดาภิเษก","district":"ห้วยขวาง","name":"อ.ห้วยขวาง(ขาออก)","id":767,"objectid":251,"lat":13.77844}},{"geometry":{"type":"Point","coordinates":[100.44072999995798,13.713862999626635],"crs":null},"id":160,"type":"Feature","properties":{"device_status":"normal","date_updated":"2025-03-03T07:20:09.360Z","code":"FL.PSC.04","long_":100.44073,"date_created":"2024-12-18T13:16:15.857Z","interval_":30000,"globalid":"{8A74B4DB-C563-48AC-A97F-840139390E9F}","main_road":"false","flood":0,"site_time":"2026-06-18 11:45:00+07:00","road":"ถนนเพชรเกษม","district":"ภาษีเจริญ","name":"ถ.เพชรเกษม ช่วง ซ.เพชรเกษม 31/4","id":676,"objectid":160,"lat":13.713863}},{"geometry":{"type":"Point","coordinates":[100.42866999958939,13.664277000362105],"crs":null},"id":5,"type":"Feature","properties":{"device_status":"normal","date_updated":"2025-03-03T07:19:49.204Z","code":"FL.BBN.05","long_":100.42867,"date_created":"2024-12-18T13:16:15.449Z","interval_":30000,"globalid":"{AB6CC10E-18AF-49C2-A43E-A658B4701268}","main_road":"false","flood":0,"site_time":"2026-06-18 11:45:00+07:00","road":"ถนนบางขุนเทียน","district":"บางบอน","name":"ถ.บางขุนเทียน ช่วงตรงข้าม ซ.บางขุนเทียน 9","id":521,"objectid":5,"lat":13.664277}},{"geometry":{"type":"Point","coordinates":[100.59336000013964,13.869635000420745],"crs":null},"id":10,"type":"Feature","properties":{"device_status":"normal","date_updated":"2025-03-03T07:19:49.836Z","code":"FL.BKA.04","long_":100.59336,"date_created":"2024-12-18T13:16:15.460Z","interval_":30000,"globalid":"{A78F711C-5E71-4E09-92FE-CA84D7145C26}","main_road":"false","flood":0,"site_time":"2026-06-18 11:45:00+07:00","road":"ถนนพหลโยธิน","district":"บางเขน","name":"ถ.พหลโยธิน ช่วงหน้ากรมทหาราบที่ 11","id":526,"objectid":10,"lat":13.869635}},{"geometry":{"type":"Point","coordinates":[100.53561000007957,13.786449999617892],"crs":null},"id":171,"type":"Feature","properties":{"device_status":"normal","date_updated":"2025-03-03T07:20:10.769Z","code":"FL.PYT.03","long_":100.53561,"date_created":"2024-12-18T13:16:15.881Z","interval_":null,"globalid":"{9E8F8320-CBC3-46FB-BD78-25F9F3AA3EC8}","main_road":"true","flood":0,"site_time":"2026-06-18 11:40:00+07:00","road":"ถนนพระราม 6","district":"พญาไท","name":"ถ.พระราม6 ช่วงทางด่วน","id":687,"objectid":171,"lat":13.78645}},{"geometry":{"type":"Point","coordinates":[100.5468200001533,13.749679999627816],"crs":null},"id":181,"type":"Feature","properties":{"device_status":"malfunction","date_updated":"2025-03-03T07:20:12.004Z","code":"FL.RTW.03","long_":100.54682,"date_created":"2024-12-18T13:16:15.903Z","interval_":null,"globalid":"{41FBAB0F-47AA-41CC-8851-A6C0EF3886E6}","main_road":"true","flood":0,"site_time":"2025-01-01 19:00:00+07:00","road":"ถนนเพชรบุรี ","district":"ราชเทวี","name":"ถ.เพชรบุรี ช่วงหน้าเมโทร","id":697,"objectid":181,"lat":13.74968}},{"geometry":{"type":"Point","coordinates":[100.50753000009281,13.741859999776901],"crs":null},"id":201,"type":"Feature","properties":{"device_status":"normal","date_updated":"2025-03-03T07:20:14.620Z","code":"FL.SPW.02","long_":100.50753,"date_created":"2024-12-18T13:16:15.958Z","interval_":null,"globalid":"{53F63B6F-09EC-425A-A426-766BAF059C02}","main_road":"true","flood":0,"site_time":"2026-06-18 11:40:00+07:00","road":"ถนนเยาวราช","district":"สัมพันธวงศ์","name":"ถ.เยาวราช ช่วงแยกราชวงศ์","id":717,"objectid":201,"lat":13.74186}},{"geometry":{"type":"Point","coordinates":[100.52881999956293,13.705349999642285],"crs":null},"id":204,"type":"Feature","properties":{"device_status":"normal","date_updated":"2025-03-03T07:20:15.006Z","code":"FL.STN.03","long_":100.52882,"date_created":"2024-12-18T13:16:15.964Z","interval_":null,"globalid":"{DCC35679-6847-4384-B84A-44EFB57541C0}","main_road":"true","flood":0,"site_time":"2026-06-18 11:40:00+07:00","road":"ถนนสาธุประดิษฐ์","district":"สาทร","name":"ถ.สาธุประดิษฐ์ ซอย 2","id":720,"objectid":204,"lat":13.70535}},{"geometry":{"type":"Point","coordinates":[100.49485999962883,13.726869999814435],"crs":null},"id":109,"type":"Feature","properties":{"device_status":"normal","date_updated":"2025-03-03T07:20:02.725Z","code":"FL.KSN.01","long_":100.49486,"date_created":"2024-12-18T13:16:15.742Z","interval_":null,"globalid":"{23AD0737-02AE-49CF-A107-C76E966F03B9}","main_road":"true","flood":0,"site_time":"2026-06-18 11:40:00+07:00","road":"ถนนลาดหญ้า","district":"คลองสาน","name":"ถ.ลาดหญ้า วงเวียนใหญ่","id":625,"objectid":109,"lat":13.72687}},{"geometry":{"type":"Point","coordinates":[100.56624000005263,13.74003300018572],"crs":null},"id":233,"type":"Feature","properties":{"device_status":"normal","date_updated":"2025-03-28T04:55:36.025Z","code":"FL.WTN.06","long_":100.56624,"date_created":"2024-12-18T13:16:16.029Z","interval_":30000,"globalid":"{03ABC9FB-5CA5-4040-87F3-07EAA6807087}","main_road":"false","flood":0,"site_time":"2026-06-18 11:45:00+07:00","road":"ซอยสุขุมวิท31","district":"วัฒนา","name":"ซ.สุขุมวิท31 ช่วงหน้าโรงเรียนสวัสดี","id":749,"objectid":233,"lat":13.740033}},{"geometry":{"type":"Point","coordinates":[100.58919999997526,13.856710000251514],"crs":null},"id":241,"type":"Feature","properties":{"device_status":"normal","date_updated":"2025-03-03T07:20:19.821Z","code":"TN.BKA.01(IN)","long_":100.5892,"date_created":"2024-12-18T13:16:16.048Z","interval_":null,"globalid":"{62E61645-8B63-4E77-9FCE-C89F7EEDFBE3}","main_road":"true","flood":0,"site_time":"2026-06-18 11:40:00+07:00","road":"ถนนผลาสินธุ์","district":"บางเขน","name":"อ.ทหารราบ 11(ขาเข้า)","id":757,"objectid":241,"lat":13.85671}},{"geometry":{"type":"Point","coordinates":[100.61609999995424,13.741330000069986],"crs":null},"id":252,"type":"Feature","properties":{"device_status":"malfunction","date_updated":"2025-03-03T07:20:21.133Z","code":"TN.HKG.03(OUT)","long_":100.6161,"date_created":"2025-01-10T04:36:30.067Z","interval_":null,"globalid":"{79C721A0-4BB5-4498-9BE2-06159D53CE17}","main_road":"true","flood":0,"site_time":"2026-06-13 15:45:00+07:00","road":"ถนนพระราม 9 ","district":"ห้วยขวาง","name":"อ.พระราม 9(ขาออก)","id":768,"objectid":252,"lat":13.74133}},{"geometry":{"type":"Point","coordinates":[100.65195499957343,13.793971000251782],"crs":null},"id":31,"type":"Feature","properties":{"device_status":"normal","date_updated":"2025-03-03T07:19:52.563Z","code":"FL.BKM.06","long_":100.651955,"date_created":"2024-12-18T13:16:15.508Z","interval_":30000,"globalid":"{A62F4462-AA99-4EAD-B4F9-7A1AB8716FC2}","main_road":"false","flood":0,"site_time":"2026-06-18 11:45:00+07:00","road":"ถนนนวมินทร์","district":"บึงกุ่ม","name":"ถ.นวมินทร์ ช่วง ซ.นวมินทร์ 38","id":547,"objectid":31,"lat":13.793971}},{"geometry":{"type":"Point","coordinates":[100.48202500020673,13.728249999826875],"crs":null},"id":50,"type":"Feature","properties":{"device_status":"normal","date_updated":"2025-03-03T07:19:54.950Z","code":"FL.BKY.01","long_":100.482025,"date_created":"2024-12-18T13:16:15.555Z","interval_":30000,"globalid":"{81AD41B3-DD55-4AF3-A6CD-50AF3207E44E}","main_road":"false","flood":0,"site_time":"2026-06-18 11:45:00+07:00","road":"ถนนเพชรเกษม","district":"บางกอกใหญ่","name":"ถ.เพชรเกษม ช่วง ซ.อุดมศรี","id":566,"objectid":50,"lat":13.72825}},{"geometry":{"type":"Point","coordinates":[100.51490999971503,13.756549999877326],"crs":null},"id":155,"type":"Feature","properties":{"device_status":"normal","date_updated":"2025-03-03T07:20:08.691Z","code":"FL.PPS.01","long_":100.51491,"date_created":"2024-12-18T13:16:15.847Z","interval_":null,"globalid":"{8514032F-B9F1-4E03-83B4-12E3C475CF0E}","main_road":"true","flood":0,"site_time":"2026-06-18 11:40:00+07:00","road":"ถนนหลานหลวง","district":"ป้อมปราบศัตรูพ่าย","name":"ถ.หลานหลวง หน้าธนาคารกรุงไทย","id":671,"objectid":155,"lat":13.75655}},{"geometry":{"type":"Point","coordinates":[100.5484899997075,13.790029999564963],"crs":null},"id":175,"type":"Feature","properties":{"device_status":"normal","date_updated":"2025-03-03T07:20:11.290Z","code":"FL.PYT.07","long_":100.54849,"date_created":"2024-12-18T13:16:15.890Z","interval_":null,"globalid":"{5637422A-A79F-4720-8A10-0D6AEC460C93}","main_road":"true","flood":0,"site_time":"2026-06-18 11:35:00+07:00","road":"ถนนพหลโยธิน","district":"พญาไท","name":"ถ.พหลโยธิน  ช่วงห้างบิ๊กซีสะพานควาย","id":691,"objectid":175,"lat":13.79003}},{"geometry":{"type":"Point","coordinates":[100.6193699996408,13.78063000029081],"crs":null},"id":219,"type":"Feature","properties":{"device_status":"normal","date_updated":"2025-03-03T07:20:16.945Z","code":"FL.WTL.02","long_":100.61937,"date_created":"2024-12-18T13:16:15.995Z","interval_":null,"globalid":"{5235AAE6-11A8-4A25-80B8-0B556FF6B35A}","main_road":"true","flood":0,"site_time":"2026-06-18 11:40:00+07:00","road":"ถนนลาดพร้าว","district":"วังทองหลาง","name":"ถ.ลาดพร้าว ช่วงซอยลาดพร้าว 89","id":735,"objectid":219,"lat":13.78063}},{"geometry":{"type":"Point","coordinates":[100.56207999988824,13.743293000317703],"crs":null},"id":231,"type":"Feature","properties":{"device_status":"normal","date_updated":"2025-03-03T07:20:18.592Z","code":"FL.WTN.04","long_":100.56208,"date_created":"2024-12-18T13:16:16.024Z","interval_":30000,"globalid":"{D0DEF5BE-2383-4ECB-8E85-51C45AB79925}","main_road":"false","flood":0,"site_time":"2026-06-18 11:45:00+07:00","road":"ถนนอโศกมนตรี","district":"วัฒนา","name":"ถ.อโศกมนตรี ช่วงตรงข้ามตึกแกรมมี่","id":747,"objectid":231,"lat":13.743293}},{"geometry":{"type":"Point","coordinates":[100.47190999975196,13.698087999700771],"crs":null},"id":107,"type":"Feature","properties":{"device_status":"normal","date_updated":"2025-03-03T07:20:02.432Z","code":"FL.JTG.02","long_":100.47191,"date_created":"2024-12-18T13:16:15.736Z","interval_":30000,"globalid":"{200C479E-26EA-430E-80D1-674AEE93E9C0}","main_road":"false","flood":0,"site_time":"2026-06-18 11:45:00+07:00","road":"ถนนจอมทอง","district":"จอมทอง","name":"ถ.จอมทอง ช่วง ซ.จอมทอง 12","id":623,"objectid":107,"lat":13.698088}},{"geometry":{"type":"Point","coordinates":[100.53984999971158,13.741889999823266],"crs":null},"id":164,"type":"Feature","properties":{"device_status":"normal","date_updated":"2025-03-03T07:20:09.913Z","code":"FL.PTW.05","long_":100.53985,"date_created":"2024-12-18T13:16:15.867Z","interval_":null,"globalid":"{3948C352-0267-4427-BEFC-3BA43F609FB9}","main_road":"true","flood":0,"site_time":"2026-06-18 11:40:00+07:00","road":"ถนนราชดำริ","district":"ปทุมวัน","name":"ถ.ราชดำริ หน้าโรงพยาบาลตำรวจ","id":680,"objectid":164,"lat":13.74189}},{"geometry":{"type":"Point","coordinates":[100.61082000005656,13.813385000199364],"crs":null},"id":133,"type":"Feature","properties":{"device_status":"normal","date_updated":"2025-03-03T07:20:05.854Z","code":"FL.LPW.03","long_":100.61082,"date_created":"2024-12-18T13:16:15.802Z","interval_":30000,"globalid":"{85BAA83B-923E-4F34-844A-1B7FC6512D45}","main_road":"false","flood":0,"site_time":"2026-06-18 11:45:00+07:00","road":"ถนนนาคนิวาส","district":"ลาดพร้าว","name":"ถ.นาคนิวาส ช่วง ซ.นาคนิวาส 38","id":649,"objectid":133,"lat":13.813385}},{"geometry":{"type":"Point","coordinates":[100.5997499997249,13.788596000288466],"crs":null},"id":222,"type":"Feature","properties":{"device_status":"normal","date_updated":"2025-03-03T07:20:17.374Z","code":"FL.WTL.05","long_":100.59975,"date_created":"2024-12-18T13:16:16.001Z","interval_":30000,"globalid":"{E256CBF4-EF88-46C1-BC39-A935FDCFEB54}","main_road":"false","flood":0,"site_time":"2026-06-18 11:45:00+07:00","road":"ซอยลาดพร้าว64","district":"วังทองหลาง","name":"ซ.ลาดพร้าว64 แยก 7","id":738,"objectid":222,"lat":13.788596}},{"geometry":{"type":"Point","coordinates":[100.55656999983678,13.894290000292337],"crs":null},"id":142,"type":"Feature","properties":{"device_status":"normal","date_updated":"2025-03-03T07:20:07.013Z","code":"FL.LSI.05","long_":100.55657,"date_created":"2024-12-18T13:16:15.820Z","interval_":null,"globalid":"{747B67C9-5B9C-4CD9-B02A-3B38D93F0268}","main_road":"true","flood":0,"site_time":"2026-06-18 11:40:00+07:00","road":"ถนนแจ้งวัฒนะ","district":"หลักสี่","name":"ถ.แจ้งวัฒนะขาออก (มทบ. 11)","id":658,"objectid":142,"lat":13.89429}},{"geometry":{"type":"Point","coordinates":[100.59587999998874,13.722949999810448],"crs":null},"id":230,"type":"Feature","properties":{"device_status":"normal","date_updated":"2025-03-03T07:20:18.472Z","code":"FL.WTN.03","long_":100.59588,"date_created":"2024-12-18T13:16:16.022Z","interval_":null,"globalid":"{59E3B45F-6795-4181-AB90-B671C9D388EB}","main_road":"true","flood":0,"site_time":"2026-06-18 11:40:00+07:00","road":"ถนนสุขุมวิท 71","district":"วัฒนา","name":"ถ.สุขุมวิท 71 ช่วงซอยปรีดีพนมยงค์ 20","id":746,"objectid":230,"lat":13.72295}},{"geometry":{"type":"Point","coordinates":[100.43297000039418,13.67811999992332],"crs":null},"id":2,"type":"Feature","properties":{"device_status":"normal","date_updated":"2025-03-03T07:19:48.798Z","code":"FL.BBN.02","long_":100.43297,"date_created":"2024-12-18T13:16:15.443Z","interval_":null,"globalid":"{593D740D-141F-48B4-9019-A326371A1A0C}","main_road":"true","flood":0,"site_time":"2026-06-18 11:40:00+07:00","road":"ถนนเอกชัย","district":"บางบอน","name":"ถ.เอกชัย ซอย 60","id":518,"objectid":2,"lat":13.67812}},{"geometry":{"type":"Point","coordinates":[100.6122600003553,13.684369999989418],"crs":null},"id":152,"type":"Feature","properties":{"device_status":"normal","date_updated":"2025-03-03T07:20:08.331Z","code":"FL.PKN.03","long_":100.61226,"date_created":"2024-12-18T13:16:15.840Z","interval_":30000,"globalid":"{37E01FA6-AE25-4062-B226-94335B69D741}","main_road":"false","flood":0,"site_time":"2026-06-18 11:45:00+07:00","road":"ถนนวชิรธรรมสาธิต","district":"พระโขนง","name":"ถ.วชิรธรรมสาธิต ช่วงตรงข้าม ซ.วชิรธรรมสาธิต 8","id":668,"objectid":152,"lat":13.68437}},{"geometry":{"type":"Point","coordinates":[100.49450999982449,13.784590000032635],"crs":null},"id":243,"type":"Feature","properties":{"device_status":"normal","date_updated":"2025-03-03T07:20:20.225Z","code":"TN.BPD.01(IN)","long_":100.49451,"date_created":"2024-12-18T13:16:16.054Z","interval_":null,"globalid":"{4397BE82-7646-4D8C-8823-B2214421A614}","main_road":"true","flood":0,"site_time":"2026-06-18 11:40:00+07:00","road":"ถนนจรัญสนิทวงศ์","district":"บางพลัด","name":"อ.บางพลัด(ขาเข้า)","id":759,"objectid":243,"lat":13.78459}},{"geometry":{"type":"Point","coordinates":[100.60299000017254,13.7449799997276],"crs":null},"id":193,"type":"Feature","properties":{"device_status":"normal","date_updated":"2025-03-03T07:20:13.583Z","code":"FL.SLG.02","long_":100.60299,"date_created":"2024-12-18T13:16:15.938Z","interval_":null,"globalid":"{5EEBA003-A03F-460C-9690-5FBF0826E8B8}","main_road":"true","flood":0,"site_time":"2026-06-18 11:40:00+07:00","road":"ถนนรามคำแหง","district":"สวนหลวง","name":"ถ.รามคำแหง ซอย 3","id":709,"objectid":193,"lat":13.74498}},{"geometry":{"type":"Point","coordinates":[100.64182999997124,13.891611000194075],"crs":null},"id":13,"type":"Feature","properties":{"device_status":"normal","date_updated":"2025-03-03T07:19:50.275Z","code":"FL.BKA.07","long_":100.64183,"date_created":"2024-12-18T13:16:15.467Z","interval_":30000,"globalid":"{A648468C-1C98-4F6B-AC0A-E4112D7C8706}","main_road":"false","flood":0,"site_time":"2026-06-18 11:45:00+07:00","road":"ถนนวัชรพล","district":"บางเขน","name":"ถ.วัชรพล ช่วง ซ.วัชรพล 8","id":529,"objectid":13,"lat":13.891611}},{"geometry":{"type":"Point","coordinates":[100.5993899998748,13.740037000223305],"crs":null},"id":195,"type":"Feature","properties":{"device_status":"normal","date_updated":"2025-03-03T07:20:13.846Z","code":"FL.SLG.04","long_":100.59939,"date_created":"2024-12-18T13:16:15.943Z","interval_":30000,"globalid":"{6C0CF916-4BD0-4728-AEC0-24F93054466E}","main_road":"false","flood":0,"site_time":"2026-06-18 11:45:00+07:00","road":"ถนนสุขุมวิท","district":"สวนหลวง","name":"ถ.สุขุมวิท 71 ช่วงแยกคลองตัน","id":711,"objectid":195,"lat":13.740037}},{"geometry":{"type":"Point","coordinates":[100.66061399983593,13.89625400013629],"crs":null},"id":199,"type":"Feature","properties":{"device_status":"normal","date_updated":"2025-03-03T07:20:14.344Z","code":"FL.SMI.02","long_":100.660614,"date_created":"2024-12-18T13:16:15.953Z","interval_":30000,"globalid":"{1CAEE3CD-6F6B-4FF0-8421-1C33FD269169}","main_road":"false","flood":0,"site_time":"2026-06-18 11:45:00+07:00","road":"ถนนสุขาภิบาล","district":"สายไหม","name":"ถ.สุขาภิบาล ๕ ช่วงหน้าตลาดสดออเงิน","id":715,"objectid":199,"lat":13.896254}},{"geometry":{"type":"Point","coordinates":[100.78994000013837,13.750905000251901],"crs":null},"id":128,"type":"Feature","properties":{"device_status":"normal","date_updated":"2025-03-03T07:20:05.204Z","code":"FL.LKB.08","long_":100.78994,"date_created":"2024-12-18T13:16:15.789Z","interval_":30000,"globalid":"{08B23DDD-F260-4AA8-BCDF-B8847EAC2F04}","main_road":"false","flood":0,"site_time":"2026-06-18 11:45:00+07:00","road":"ถนนเจ้าคุณทหาร","district":"ลาดกระบัง","name":"ถ.เจ้าคุณทหาร หน้าสถานี LPG PT สาขาลาดกระบัง4","id":644,"objectid":128,"lat":13.750905}},{"geometry":{"type":"Point","coordinates":[100.54511999956354,13.781431999921717],"crs":null},"id":178,"type":"Feature","properties":{"device_status":"normal","date_updated":"2025-03-03T07:20:11.643Z","code":"FL.PYT.10","long_":100.54512,"date_created":"2024-12-18T13:16:15.896Z","interval_":30000,"globalid":"{2C9DE6C6-7768-4C47-91E2-14582A3ADBD3}","main_road":"false","flood":0,"site_time":"2026-06-18 11:45:00+07:00","road":"ถนนพหลโยธิน","district":"พญาไท","name":"ถ.พหลโยธิน ช่วง ซ.พหลโยธิน 7","id":694,"objectid":178,"lat":13.781432}},{"geometry":{"type":"Point","coordinates":[100.77224000002195,13.753002999590397],"crs":null},"id":129,"type":"Feature","properties":{"device_status":"normal","date_updated":"2025-03-03T07:20:05.340Z","code":"FL.LKB.09","long_":100.77224,"date_created":"2024-12-18T13:16:15.792Z","interval_":30000,"globalid":"{7FDDBBEC-8B0D-47B6-96AB-044E2D9F0228}","main_road":"false","flood":0,"site_time":"2026-06-18 11:45:00+07:00","road":"ถนนเจ้าคุณทหาร","district":"ลาดกระบัง","name":"ถ.เจ้าคุณทหาร บริเวณร้านปฤษฏ์ชัย ค้าไม้","id":645,"objectid":129,"lat":13.753003}},{"geometry":{"type":"Point","coordinates":[100.53330000029275,13.755630000204759],"crs":null},"id":182,"type":"Feature","properties":{"device_status":"normal","date_updated":"2025-03-03T07:20:12.124Z","code":"FL.RTW.04","long_":100.5333,"date_created":"2024-12-18T13:16:15.906Z","interval_":null,"globalid":"{CB654185-2044-4B0B-BC9E-7AE85B91C4CD}","main_road":"true","flood":0,"site_time":"2026-06-18 11:40:00+07:00","road":"ถนนพญาไท","district":"ราชเทวี","name":"ถ.พญาไท ช่วงกรมปศุสัตว์","id":698,"objectid":182,"lat":13.75563}},{"geometry":{"type":"Point","coordinates":[100.7418000000197,13.820820000317715],"crs":null},"id":145,"type":"Feature","properties":{"device_status":"normal","date_updated":"2025-03-03T07:20:07.458Z","code":"FL.MBR.01","long_":100.7418,"date_created":"2024-12-18T13:16:15.826Z","interval_":null,"globalid":"{32F2477F-43D7-4B64-B038-D8F873481CF9}","main_road":"true","flood":0,"site_time":"2026-06-18 11:40:00+07:00","road":"ถนนสุวินทวงศ์","district":"มีนบุรี","name":"ถ.สุวินทวงศ์ ช่วงแยกไปรษณีย์มีนบุรี","id":661,"objectid":145,"lat":13.82082}},{"geometry":{"type":"Point","coordinates":[100.40502000010375,13.710640000360927],"crs":null},"id":18,"type":"Feature","properties":{"device_status":"normal","date_updated":"2025-03-03T07:19:50.878Z","code":"FL.BKE.01","long_":100.40502,"date_created":"2024-12-18T13:16:15.478Z","interval_":null,"globalid":"{F9B16965-A5F2-4E70-A0B3-657CFECD9942}","main_road":"true","flood":0,"site_time":"2026-06-18 11:40:00+07:00","road":"ถนนเพชรเกษม","district":"บางแค","name":"ถ.เพชรเกษม แยกวงแหวนกาญจนาภิเษก","id":534,"objectid":18,"lat":13.71064}},{"geometry":{"type":"Point","coordinates":[100.45579499969928,13.719756999903215],"crs":null},"id":159,"type":"Feature","properties":{"device_status":"normal","date_updated":"2025-03-03T07:20:09.210Z","code":"FL.PSC.03","long_":100.455795,"date_created":"2024-12-18T13:16:15.855Z","interval_":30000,"globalid":"{FEB8A617-0265-4563-8B6C-2808721ECB9F}","main_road":"false","flood":0,"site_time":"2026-06-18 11:45:00+07:00","road":"ถนนเพชรเกษม","district":"ภาษีเจริญ","name":"ถ.เพชรเกษม ช่วงสถานี BTS บางหว้า","id":675,"objectid":159,"lat":13.719757}},{"geometry":{"type":"Point","coordinates":[100.54269000012614,13.754689999725345],"crs":null},"id":186,"type":"Feature","properties":{"device_status":"normal","date_updated":"2025-03-03T07:20:12.662Z","code":"FL.RTW.08","long_":100.54269,"date_created":"2024-12-18T13:16:15.919Z","interval_":null,"globalid":"{21EBE541-89A0-4A62-8CB5-ABDCA72CD1B1}","main_road":"true","flood":0,"site_time":"2026-06-18 11:40:00+07:00","road":"ถนนนิคมมักกะสัน ","district":"ราชเทวี","name":"ถ.นิคมมักกะสัน แยกราชปรารภ","id":702,"objectid":186,"lat":13.75469}},{"geometry":{"type":"Point","coordinates":[100.54432000039569,13.781417999649355],"crs":null},"id":177,"type":"Feature","properties":{"device_status":"normal","date_updated":"2025-03-03T07:20:11.530Z","code":"FL.PYT.09","long_":100.54432,"date_created":"2024-12-18T13:16:15.894Z","interval_":30000,"globalid":"{4D76D951-E7C2-43A8-8D5B-0C40DC2CF60D}","main_road":"false","flood":0,"site_time":"2026-06-18 11:45:00+07:00","road":"ซอยพหลโยธิน7","district":"พญาไท","name":"ซ.พหลโยธิน7 ช่วงซ.อารีย์ 2","id":693,"objectid":177,"lat":13.781418}},{"geometry":{"type":"Point","coordinates":[100.57419999963301,13.78972999960539],"crs":null},"id":250,"type":"Feature","properties":{"device_status":"normal","date_updated":"2025-03-03T07:20:20.644Z","code":"TN.HKG.01(OUT)","long_":100.5742,"date_created":"2025-01-10T04:34:36.531Z","interval_":null,"globalid":"{24A76F49-CB4B-41DA-AAF3-E94A68677481}","main_road":"true","flood":0,"site_time":"2026-06-18 11:40:00+07:00","road":"ถนนรัชดาภิเษก","district":"ห้วยขวาง","name":"อ.สุทธิสาร(ขาออก)","id":766,"objectid":250,"lat":13.78973}},{"geometry":{"type":"Point","coordinates":[100.42134000019588,13.711701000386789],"crs":null},"id":20,"type":"Feature","properties":{"device_status":"normal","date_updated":"2025-03-03T07:19:51.139Z","code":"FL.BKE.03","long_":100.42134,"date_created":"2024-12-18T13:16:15.482Z","interval_":30000,"globalid":"{3A87E009-8635-4F84-A9F1-1C343411D04A}","main_road":"false","flood":0,"site_time":"2026-06-18 11:45:00+07:00","road":"ถนนเพชรเกษม","district":"บางแค","name":"ถ.เพชรเกษม ช่วง ถ.บางแค","id":536,"objectid":20,"lat":13.711701}},{"geometry":{"type":"Point","coordinates":[100.46758999975401,13.699100000279154],"crs":null},"id":106,"type":"Feature","properties":{"device_status":"normal","date_updated":"2025-03-03T07:20:02.308Z","code":"FL.JTG.01","long_":100.46759,"date_created":"2024-12-18T13:16:15.734Z","interval_":null,"globalid":"{6179272E-B6C4-4BB0-A74B-5B14FB19C31F}","main_road":"true","flood":0,"site_time":"2026-06-18 11:40:00+07:00","road":"ถนนจอมทอง","district":"จอมทอง","name":"ถ.จอมทอง ช่วงแยกจอมทอง","id":622,"objectid":106,"lat":13.6991}},{"geometry":{"type":"Point","coordinates":[100.55619999994092,13.715470000046118],"crs":null},"id":110,"type":"Feature","properties":{"device_status":"normal","date_updated":"2025-03-03T07:20:02.855Z","code":"FL.KTY.01","long_":100.5562,"date_created":"2024-12-18T13:16:15.744Z","interval_":null,"globalid":"{EEB2B7D9-5584-4D16-9E70-1397336380E1}","main_road":"true","flood":0,"site_time":"2026-06-18 11:40:00+07:00","road":"ถนนพระราม 3","district":"คลองเตย","name":"ถ.พระรามที่ 3 ช่วงตลาดฮ่องกง-ปีนัง","id":626,"objectid":110,"lat":13.71547}},{"geometry":{"type":"Point","coordinates":[100.62923999987318,13.835677999733763],"crs":null},"id":132,"type":"Feature","properties":{"device_status":"normal","date_updated":"2025-03-03T07:20:05.713Z","code":"FL.LPW.02","long_":100.62924,"date_created":"2024-12-18T13:16:15.799Z","interval_":30000,"globalid":"{C42EE28B-A4AB-4C1B-A777-2EA8F34E39A7}","main_road":"false","flood":0,"site_time":"2026-06-18 11:45:00+07:00","road":"ถนนสุคนธสวัสดิ์","district":"ลาดพร้าว","name":"ถ.สุคนธสวัสดิ์ ช่วงตรงข้าม ซ.สุคนธสวัสดิ์ 25/2","id":648,"objectid":132,"lat":13.835678}},{"geometry":{"type":"Point","coordinates":[100.52676000002135,13.706609999761323],"crs":null},"id":203,"type":"Feature","properties":{"device_status":"normal","date_updated":"2025-03-03T07:20:14.894Z","code":"FL.STN.02","long_":100.52676,"date_created":"2024-12-18T13:16:15.962Z","interval_":null,"globalid":"{D6E4D4C4-9C5E-4679-B932-B06334B64856}","main_road":"true","flood":0,"site_time":"2026-06-18 11:40:00+07:00","road":"ถนนเซนต์หลุยส์ 3","district":"สาทร","name":"ถ.เซนต์หลุยส์ 3","id":719,"objectid":203,"lat":13.70661}},{"geometry":{"type":"Point","coordinates":[100.54781000019024,13.85539999994057],"crs":null},"id":143,"type":"Feature","properties":{"device_status":"normal","date_updated":"2025-03-03T07:20:07.155Z","code":"FL.LSI.06","long_":100.54781,"date_created":"2024-12-18T13:16:15.822Z","interval_":null,"globalid":"{F225E19D-9C09-4297-B951-38318AEB5EC8}","main_road":"true","flood":0,"site_time":"2026-06-18 11:40:00+07:00","road":"ถนนงามวงค์วาน","district":"หลักสี่","name":"ถ.งามวงศ์วาน ซอยชินเขต","id":659,"objectid":143,"lat":13.8554}},{"geometry":{"type":"Point","coordinates":[100.52615999997174,13.706378000194348],"crs":null},"id":211,"type":"Feature","properties":{"device_status":"normal","date_updated":"2025-03-03T07:20:15.866Z","code":"FL.STN.10","long_":100.52616,"date_created":"2024-12-18T13:16:15.979Z","interval_":30000,"globalid":"{E280BF99-A15A-4A1F-A327-CCA019C06250}","main_road":"false","flood":0,"site_time":"2026-06-18 11:45:00+07:00","road":"ถนนจันทน์","district":"สาทร","name":"ถ.จันทน์ ช่วง ซ.จันทร์ 29","id":727,"objectid":211,"lat":13.706378}},{"geometry":{"type":"Point","coordinates":[100.72225999957143,13.81645000035976],"crs":null},"id":146,"type":"Feature","properties":{"device_status":"malfunction","date_updated":"2025-03-03T07:20:07.596Z","code":"FL.MBR.02","long_":100.72226,"date_created":"2024-12-18T13:16:15.828Z","interval_":30000,"globalid":"{5D553B32-F7FC-46EF-A5D1-A20FE3168269}","main_road":"false","flood":0,"site_time":"2026-04-23 11:45:00+07:00","road":"ถนนสุวินทวงศ์","district":"มีนบุรี","name":"ถ.สุวินทวงศ์ ช่วง ถ.หทัยราษฎร์","id":662,"objectid":146,"lat":13.81645}},{"geometry":{"type":"Point","coordinates":[100.57170999992114,13.736630000187798],"crs":null},"id":228,"type":"Feature","properties":{"device_status":"normal","date_updated":"2025-03-03T07:20:18.230Z","code":"FL.WTN.01","long_":100.57171,"date_created":"2024-12-18T13:16:16.017Z","interval_":null,"globalid":"{5D4F60BF-0536-4B79-BF15-4316D316C14B}","main_road":"true","flood":0,"site_time":"2026-06-18 11:40:00+07:00","road":"ซอยสุขุมวิท 39","district":"วัฒนา","name":"ซ.สุขุมวิท 39 (ซอยพร้อมพงษ์)","id":744,"objectid":228,"lat":13.73663}},{"geometry":{"type":"Point","coordinates":[100.60786400018935,13.676154000435975],"crs":null},"id":58,"type":"Feature","properties":{"device_status":"normal","date_updated":"2025-03-03T07:19:55.984Z","code":"FL.BNA.08","long_":100.607864,"date_created":"2024-12-18T13:16:15.576Z","interval_":30000,"globalid":"{B5ECD7CC-6C29-4B3C-A1D8-8E9D04CCF1AF}","main_road":"false","flood":0,"site_time":"2026-06-18 11:45:00+07:00","road":"ถนนสุขุมวิท","district":"บางนา","name":"ถ.สุขุมวิท ช่วง ซ.สุขุมวิท 70","id":574,"objectid":58,"lat":13.676154}},{"geometry":{"type":"Point","coordinates":[100.53027999995315,13.743379999909358],"crs":null},"id":162,"type":"Feature","properties":{"device_status":"normal","date_updated":"2025-03-03T07:20:09.600Z","code":"FL.PTW.02","long_":100.53028,"date_created":"2024-12-18T13:16:15.861Z","interval_":null,"globalid":"{15A5FFD7-2324-464D-85A9-F3764003F469}","main_road":"true","flood":0,"site_time":"2026-06-18 11:40:00+07:00","road":"ถนนพญาไท","district":"ปทุมวัน","name":"ถ.พญาไท ช่วงมาบุญครอง","id":678,"objectid":162,"lat":13.74338}},{"geometry":{"type":"Point","coordinates":[100.57971999973019,13.834689999611616],"crs":null},"id":71,"type":"Feature","properties":{"device_status":"malfunction","date_updated":"2025-03-03T07:19:57.679Z","code":"FL.CTC.07","long_":100.57972,"date_created":"2024-12-18T13:16:15.637Z","interval_":null,"globalid":"{DE550CFC-42EB-4305-9961-36BD81527533}","main_road":"true","flood":0,"site_time":"2026-05-24 22:30:00+07:00","road":"ถนนเสนานิคม 1","district":"จตุจักร","name":"ซ.เสนานิคม","id":587,"objectid":71,"lat":13.83469}},{"geometry":{"type":"Point","coordinates":[100.63800999956547,13.736019999632987],"crs":null},"id":192,"type":"Feature","properties":{"device_status":"normal","date_updated":"2025-03-03T07:20:13.441Z","code":"FL.SLG.01","long_":100.63801,"date_created":"2024-12-18T13:16:15.934Z","interval_":null,"globalid":"{0D454873-D39D-490A-A6E1-D06F43BFBA5B}","main_road":"true","flood":0,"site_time":"2026-06-18 11:40:00+07:00","road":"ถนนพัฒนาการ","district":"สวนหลวง","name":"ถ.พัฒนาการ แยกศรีนครินทร์","id":708,"objectid":192,"lat":13.73602}},{"geometry":{"type":"Point","coordinates":[100.56199000037486,13.74046000032271],"crs":null},"id":229,"type":"Feature","properties":{"device_status":"malfunction","date_updated":"2025-03-03T07:20:18.363Z","code":"FL.WTN.02","long_":100.56199,"date_created":"2024-12-18T13:16:16.019Z","interval_":null,"globalid":"{BE6A4366-C529-4702-993E-1E41E3A4BE20}","main_road":"true","flood":0,"site_time":"2026-06-18 11:10:00+07:00","road":"ถนนอโศกมนตรี ","district":"ทวีวัฒนา","name":"ถ.อโศกมนตรี ช่วงแยกชิโนไทย","id":745,"objectid":229,"lat":13.74046}},{"geometry":{"type":"Point","coordinates":[100.57130999988804,13.733142999895254],"crs":null},"id":237,"type":"Feature","properties":{"device_status":"normal","date_updated":"2025-05-06T07:00:12.074Z","code":"FL.WTN.10","long_":100.57131,"date_created":"2024-12-18T13:16:16.039Z","interval_":30000,"globalid":"{6353D658-991A-4399-A2DB-339F42AA8F4B}","main_road":"false","flood":0,"site_time":"2026-06-18 11:45:00+07:00","road":"ซอยสุขุมวิท39","district":"วัฒนา","name":"ซ.สุขุมวิท39 ช่วง ซ.พร้อมมิตร","id":753,"objectid":237,"lat":13.733143}},{"geometry":{"type":"Point","coordinates":[100.5709900002209,13.729221999962597],"crs":null},"id":115,"type":"Feature","properties":{"device_status":"normal","date_updated":"2025-03-03T07:20:03.567Z","code":"FL.KTY.06","long_":100.57099,"date_created":"2024-12-18T13:16:15.757Z","interval_":30000,"globalid":"{A42BCC16-9B35-4589-8AC7-8407A15F83BE}","main_road":"true","flood":0,"site_time":"2026-06-18 11:45:00+07:00","road":"ซอยสุขุมวิท26","district":"คลองเตย","name":"ซ.สุขุมวิท26 ช่วง ถ.สุขุมวิท","id":631,"objectid":115,"lat":13.729222}},{"geometry":{"type":"Point","coordinates":[100.81626000015923,13.712434999676267],"crs":null},"id":124,"type":"Feature","properties":{"device_status":"normal","date_updated":"2025-03-03T07:20:04.643Z","code":"FL.LKB.04","long_":100.81626,"date_created":"2024-12-18T13:16:15.780Z","interval_":30000,"globalid":"{B6A983EF-6EC0-4E28-97AF-5E6701706713}","main_road":"false","flood":0,"site_time":"2026-06-18 11:45:00+07:00","road":"ถนนหลวงแพ่ง","district":"ลาดกระบัง","name":"ถ.หลวงแพ่ง ช่วงมอเตอร์เวย์","id":640,"objectid":124,"lat":13.712435}},{"geometry":{"type":"Point","coordinates":[100.64778000023874,13.76781100036232],"crs":null},"id":44,"type":"Feature","properties":{"device_status":"normal","date_updated":"2025-03-03T07:19:54.182Z","code":"FL.BKP.11","long_":100.64778,"date_created":"2024-12-18T13:16:15.539Z","interval_":30000,"globalid":"{5DAFA10A-5E0E-4474-BAA4-BD560F4C13A3}","main_road":"false","flood":0,"site_time":"2026-06-18 11:45:00+07:00","road":"ถนนนวมินทร์","district":"บางกะปิ","name":"ถ.นวมินทร์ ช่วงตรงข้ามสถานีตำรวจนครบาลลาดพร้าว","id":560,"objectid":44,"lat":13.767811}},{"geometry":{"type":"Point","coordinates":[100.6074800000498,13.673777000380879],"crs":null},"id":59,"type":"Feature","properties":{"device_status":"normal","date_updated":"2025-03-03T07:19:56.096Z","code":"FL.BNA.09","long_":100.60748,"date_created":"2024-12-18T13:16:15.578Z","interval_":30000,"globalid":"{C904EDC7-A4D6-4DC5-AAF0-0820FAABADFE}","main_road":"false","flood":0,"site_time":"2026-06-18 11:45:00+07:00","road":"ถนนบางนา-ตราด","district":"บางนา","name":"ถ.บางนา-ตราด (ขาออก) ช่วงแยกบางนา","id":575,"objectid":59,"lat":13.673777}},{"geometry":{"type":"Point","coordinates":[100.57528000008163,13.808700000303443],"crs":null},"id":65,"type":"Feature","properties":{"device_status":"normal","date_updated":"2025-03-03T07:19:56.888Z","code":"FL.CTC.01","long_":100.57528,"date_created":"2024-12-18T13:16:15.608Z","interval_":null,"globalid":"{5EB7F60F-5A15-4BB5-87AA-0F776C12D3DE}","main_road":"true","flood":0,"site_time":"2026-06-18 11:40:00+07:00","road":"ถนนรัชดาภิเษก","district":"จตุจักร","name":"ถ.รัชดาภิเษก ช่วงแยกลาดพร้าว (หน้าธนาคารกรุงเทพ)","id":581,"objectid":65,"lat":13.8087}},{"geometry":{"type":"Point","coordinates":[100.51179999986205,13.740710000340123],"crs":null},"id":200,"type":"Feature","properties":{"device_status":"malfunction","date_updated":"2025-03-03T07:20:14.487Z","code":"FL.SPW.01","long_":100.5118,"date_created":"2024-12-18T13:16:15.955Z","interval_":null,"globalid":"{43DD4052-062D-4AF7-859B-D2A24C857894}","main_road":"true","flood":6.3,"site_time":"2026-05-22 20:50:00+07:00","road":"ถนนเจริญกรุง","district":"สัมพันธวงศ์","name":"ถ.เจริญกรุง แยกแปลงนาม","id":716,"objectid":200,"lat":13.74071}},{"geometry":{"type":"Point","coordinates":[100.57760999995996,13.725016000102832],"crs":null},"id":235,"type":"Feature","properties":{"device_status":"normal","date_updated":"2025-03-03T07:20:19.077Z","code":"FL.WTN.08","long_":100.57761,"date_created":"2024-12-18T13:16:16.034Z","interval_":30000,"globalid":"{4CDEA3C3-52AF-4E6C-A4B4-3B86308CC7F3}","main_road":"false","flood":0,"site_time":"2026-06-18 11:45:00+07:00","road":"ถนนสุขุมวิท","district":"วัฒนา","name":"ถ.สุขุมวิท ช่วง ซ.สุขุมวิท 53","id":751,"objectid":235,"lat":13.725016}},{"geometry":{"type":"Point","coordinates":[100.53266000006015,13.696064000311182],"crs":null},"id":238,"type":"Feature","properties":{"device_status":"normal","date_updated":"2025-03-03T07:20:19.424Z","code":"FL.YNW.01","long_":100.53266,"date_created":"2024-12-18T13:16:16.041Z","interval_":30000,"globalid":"{249CC5C5-DCBB-439D-B4C7-B181E8E5F4B6}","main_road":"false","flood":0,"site_time":"2026-06-18 11:45:00+07:00","road":"ถนนสาธุประดิษฐ์","district":"ยานนาวา","name":"ถ.สาธุประดิษฐ์ ช่วง ซ.สาธุประดิษฐ์ 29","id":754,"objectid":238,"lat":13.696064}},{"geometry":{"type":"Point","coordinates":[100.70186999972661,13.8000409996241],"crs":null},"id":108,"type":"Feature","properties":{"device_status":"normal","date_updated":"2025-03-03T07:20:02.552Z","code":"FL.KNY.01","long_":100.70187,"date_created":"2024-12-18T13:16:15.739Z","interval_":30000,"globalid":"{910FDFC5-4491-42E0-8197-6A083A231523}","main_road":"false","flood":0,"site_time":"2026-06-18 11:45:00+07:00","road":"ถนนเสรีไทย","district":"คันนายาว","name":"ถ.เสรีไทย ช่วงนิคมฯ บางชัน","id":624,"objectid":108,"lat":13.800041}},{"geometry":{"type":"Point","coordinates":[100.55731999967425,13.716870000326658],"crs":null},"id":112,"type":"Feature","properties":{"device_status":"normal","date_updated":"2025-03-03T07:20:03.164Z","code":"FL.KTY.03","long_":100.55732,"date_created":"2024-12-18T13:16:15.749Z","interval_":null,"globalid":"{2C446719-2B1C-4C3E-949B-B444A80662DF}","main_road":"true","flood":0,"site_time":"2026-06-18 11:40:00+07:00","road":"ถนนพระราม 3","district":"คลองเตย","name":"ถ.พระราม 3 ช่วงทางรถไฟ","id":628,"objectid":112,"lat":13.71687}},{"geometry":{"type":"Point","coordinates":[100.58621999981864,13.729954000195777],"crs":null},"id":232,"type":"Feature","properties":{"device_status":"normal","date_updated":"2025-03-03T07:20:18.692Z","code":"FL.WTN.05","long_":100.58622,"date_created":"2024-12-18T13:16:16.026Z","interval_":30000,"globalid":"{D4303A81-9A77-4654-91A3-C6C9EEB3EAF2}","main_road":"false","flood":0,"site_time":"2026-06-18 11:45:00+07:00","road":"ถนนเอกมัย","district":"วัฒนา","name":"ถ.เอกมัย ช่วงตรงข้าม ซ.เอกมัย 3","id":748,"objectid":232,"lat":13.729954}},{"geometry":{"type":"Point","coordinates":[100.4240299999243,13.712179000170366],"crs":null},"id":21,"type":"Feature","properties":{"device_status":"normal","date_updated":"2025-03-03T07:19:51.250Z","code":"FL.BKE.04","long_":100.42403,"date_created":"2024-12-18T13:16:15.484Z","interval_":30000,"globalid":"{BCBA0A3E-D849-41AC-9DEA-474D48F5BE66}","main_road":"false","flood":0,"site_time":"2026-06-18 11:45:00+07:00","road":"ถนนเพชรเกษม","district":"บางแค","name":"ถ.เพชรเกษม ช่วง ซ.เพชรเกษม 62/1","id":537,"objectid":21,"lat":13.712179}},{"geometry":{"type":"Point","coordinates":[100.56991999981801,13.724165999827559],"crs":null},"id":119,"type":"Feature","properties":{"device_status":"normal","date_updated":"2025-03-03T07:20:04.043Z","code":"FL.KTY.10","long_":100.56992,"date_created":"2024-12-18T13:16:15.768Z","interval_":30000,"globalid":"{BD52B6C5-83C7-40DF-BC38-687B250B0CB8}","main_road":"false","flood":0,"site_time":"2026-06-18 11:45:00+07:00","road":"ซอยสุขุมวิท26","district":"คลองเตย","name":"ซ.สุขุมวิท26 ช่วงกลางซ.สุขุมวิท 26","id":635,"objectid":119,"lat":13.724166}},{"geometry":{"type":"Point","coordinates":[100.72427999982834,13.81236699997312],"crs":null},"id":147,"type":"Feature","properties":{"device_status":"normal","date_updated":"2025-03-03T07:20:07.720Z","code":"FL.MBR.03","long_":100.72428,"date_created":"2024-12-18T13:16:15.830Z","interval_":30000,"globalid":"{8E725397-AB5A-45BC-88BD-04EF66326A65}","main_road":"false","flood":0,"site_time":"2026-06-18 11:45:00+07:00","road":"ถนนสีหบุรานุกิจ","district":"มีนบุรี","name":"ถ.สีหบุรานุกิจ ช่วง ซ.สีหบุรานุกิจ 14","id":663,"objectid":147,"lat":13.812367}},{"geometry":{"type":"Point","coordinates":[100.63517000004923,13.686753000105288],"crs":null},"id":153,"type":"Feature","properties":{"device_status":"normal","date_updated":"2025-03-03T07:20:08.449Z","code":"FL.PKN.04","long_":100.63517,"date_created":"2024-12-18T13:16:15.843Z","interval_":30000,"globalid":"{E7827D03-CD36-43C1-9D96-D5BB2A6DE8AD}","main_road":"false","flood":0,"site_time":"2026-06-18 11:45:00+07:00","road":"ถนนวชิรธรรมสาธิต","district":"พระโขนง","name":"ถ.วชิรธรรมสาธิต ช่วง 3 แยกชอยวัดทุ่ง","id":669,"objectid":153,"lat":13.686753}},{"geometry":{"type":"Point","coordinates":[100.55673999971609,13.789060000339346],"crs":null},"id":172,"type":"Feature","properties":{"device_status":"normal","date_updated":"2025-03-03T07:20:10.895Z","code":"FL.PYT.04","long_":100.55674,"date_created":"2024-12-18T13:16:15.884Z","interval_":null,"globalid":"{D1765552-0F2A-4D35-B2F1-442444AE8064}","main_road":"true","flood":0,"site_time":"2026-06-18 11:40:00+07:00","road":"ถนนสุทธิสารวินิจฉัย","district":"พญาไท","name":"ถ.สุทธิสารวินิจฉัย ซอย 19","id":688,"objectid":172,"lat":13.78906}},{"geometry":{"type":"Point","coordinates":[100.52104999995338,13.707450000159008],"crs":null},"id":202,"type":"Feature","properties":{"device_status":"normal","date_updated":"2025-03-03T07:20:14.768Z","code":"FL.STN.01","long_":100.52105,"date_created":"2024-12-18T13:16:15.960Z","interval_":null,"globalid":"{208B2EA1-A049-4582-A1BD-BAC16D237BC7}","main_road":"true","flood":0,"site_time":"2026-06-18 11:40:00+07:00","road":"ถนนจันทน์","district":"สาทร","name":"ถ.จันทน์ ซอย 28/2","id":718,"objectid":202,"lat":13.70745}},{"geometry":{"type":"Point","coordinates":[100.60419500029467,13.870253999854638],"crs":null},"id":9,"type":"Feature","properties":{"device_status":"normal","date_updated":"2025-03-03T07:19:49.711Z","code":"FL.BKA.03","long_":100.604195,"date_created":"2024-12-18T13:16:15.458Z","interval_":30000,"globalid":"{310BD69E-F624-4776-964B-512CCC63E916}","main_road":"false","flood":0,"site_time":"2026-06-18 11:45:00+07:00","road":"ถนนรามอินทรา","district":"บางเขน","name":"ถ.รามอินทรา ช่วง ซ.รามอินทรา 5","id":525,"objectid":9,"lat":13.870254}},{"geometry":{"type":"Point","coordinates":[100.50195999976688,13.636124000077842],"crs":null},"id":214,"type":"Feature","properties":{"device_status":"normal","date_updated":"2025-03-03T07:20:16.317Z","code":"FL.TKU.02","long_":100.50196,"date_created":"2024-12-18T13:16:15.985Z","interval_":30000,"globalid":"{6F03B4A1-1B09-419F-80C4-E4D3C3ED6A77}","main_road":"false","flood":0,"site_time":"2026-06-18 11:45:00+07:00","road":"ถนนประชาอุทิศ","district":"ทุ่งครุ","name":"ถ.ประชาอุทิศ ช่วง ซ.ประชาอุทิศ 60/1","id":730,"objectid":214,"lat":13.636124}},{"geometry":{"type":"Point","coordinates":[100.58919999997526,13.856710000251514],"crs":null},"id":249,"type":"Feature","properties":{"device_status":"normal","date_updated":"2025-03-03T07:20:19.947Z","code":"TN.BKA.01(OUT)","long_":100.5892,"date_created":"2025-01-10T04:33:05.172Z","interval_":null,"globalid":"{94983AFD-66C5-43A7-B72A-9B8994CE41FB}","main_road":"true","flood":0,"site_time":"2026-06-18 11:40:00+07:00","road":"ถนนผลาสินธุ์","district":"บางเขน","name":"อ.ทหารราบ 11(ขาออก)","id":765,"objectid":249,"lat":13.85671}},{"geometry":{"type":"Point","coordinates":[100.62428999968837,13.684357999649777],"crs":null},"id":151,"type":"Feature","properties":{"device_status":"normal","date_updated":"2025-03-03T07:20:08.191Z","code":"FL.PKN.02","long_":100.62429,"date_created":"2024-12-18T13:16:15.838Z","interval_":30000,"globalid":"{36B13D90-C449-49F8-B909-4C7E0704E204}","main_road":"false","flood":0,"site_time":"2026-06-18 11:45:00+07:00","road":"ถนนวชิรธรรมสาธิต","district":"พระโขนง","name":"ถ.วชิรธรรมสาธิต ช่วง ซ.วชิรธรรมสาธิต 34","id":667,"objectid":151,"lat":13.684358}},{"geometry":{"type":"Point","coordinates":[100.57419999963301,13.78972999960539],"crs":null},"id":245,"type":"Feature","properties":{"device_status":"normal","date_updated":"2025-03-03T07:20:20.512Z","code":"TN.HKG.01(IN)","long_":100.5742,"date_created":"2024-12-18T13:16:16.059Z","interval_":null,"globalid":"{9A805E60-1EB7-46C2-B007-CE5087E7F0F9}","main_road":"true","flood":0,"site_time":"2026-06-18 11:40:00+07:00","road":"ถนนรัชดาภิเษก","district":"ห้วยขวาง","name":"อ.สุทธิสาร(ขาเข้า)","id":761,"objectid":245,"lat":13.78973}},{"geometry":{"type":"Point","coordinates":[100.64738000020564,13.692910000080639],"crs":null},"id":165,"type":"Feature","properties":{"device_status":"normal","date_updated":"2025-03-03T07:20:10.035Z","code":"FL.PWT.01","long_":100.64738,"date_created":"2024-12-18T13:16:15.869Z","interval_":null,"globalid":"{62E914A1-399A-47BC-9072-EB094CB80BB3}","main_road":"true","flood":0,"site_time":"2026-06-18 11:40:00+07:00","road":"ถนนศรีนครินทร์","district":"ประเวศ","name":"ถ.ศรีนครินทร์ ช่วงซีคอนสแควร์","id":681,"objectid":165,"lat":13.69291}},{"geometry":{"type":"Point","coordinates":[100.64770499989568,13.805057999914666],"crs":null},"id":28,"type":"Feature","properties":{"device_status":"normal","date_updated":"2025-03-03T07:19:52.172Z","code":"FL.BKM.03","long_":100.647705,"date_created":"2024-12-18T13:16:15.500Z","interval_":30000,"globalid":"{2AF9F905-39DA-4174-85E8-E2879424E84B}","main_road":"false","flood":0,"site_time":"2026-06-18 11:45:00+07:00","road":"ถนนนวมินทร์","district":"บึงกุ่ม","name":"ถ.นวมินทร์ ช่วง ซ.นวมินทร์ 105","id":544,"objectid":28,"lat":13.805058}},{"geometry":{"type":"Point","coordinates":[100.6245299998879,13.939710000240217],"crs":null},"id":198,"type":"Feature","properties":{"device_status":"normal","date_updated":"2025-03-03T07:20:14.171Z","code":"FL.SMI.01","long_":100.62453,"date_created":"2024-12-18T13:16:15.950Z","interval_":null,"globalid":"{9F7C1262-BF44-4FDD-B10B-CC3F86BA4B84}","main_road":"true","flood":0,"site_time":"2026-06-18 11:40:00+07:00","road":"ถนนพหลโยธิน","district":"สายไหม","name":"ถ.พหลโยธิน ช่วงซอยพหลโยธิน 60/1","id":714,"objectid":198,"lat":13.93971}},{"geometry":{"type":"Point","coordinates":[100.5975799996802,13.843440000205609],"crs":null},"id":138,"type":"Feature","properties":{"device_status":"normal","date_updated":"2025-03-03T07:20:06.469Z","code":"FL.LPW.08","long_":100.59758,"date_created":"2024-12-18T13:16:15.812Z","interval_":30000,"globalid":"{8908CBDC-4129-4BC5-A56B-D16A6E769C58}","main_road":"false","flood":0,"site_time":"2026-06-18 11:45:00+07:00","road":"ถนนลาดปลาเค้า","district":"ลาดพร้าว","name":"ถ.ลาดปลาเค้า ช่วง ซ.ลาดปลาเค้า 30/2","id":654,"objectid":138,"lat":13.84344}},{"geometry":{"type":"Point","coordinates":[100.53872999997827,13.718990000165503],"crs":null},"id":205,"type":"Feature","properties":{"device_status":"normal","date_updated":"2025-03-03T07:20:15.132Z","code":"FL.STN.04","long_":100.53873,"date_created":"2024-12-18T13:16:15.966Z","interval_":null,"globalid":"{CDC1DD82-967F-4C90-9334-87CB71FA07E9}","main_road":"true","flood":0,"site_time":"2026-06-18 11:40:00+07:00","road":"ถนนสวนพลู","district":"สาทร","name":"ถ.สวนพลู ช่วงตลาดสวนพลู","id":721,"objectid":205,"lat":13.71899}},{"geometry":{"type":"Point","coordinates":[100.52869999991232,13.705763999790953],"crs":null},"id":209,"type":"Feature","properties":{"device_status":"normal","date_updated":"2025-03-03T07:20:15.627Z","code":"FL.STN.08","long_":100.5287,"date_created":"2024-12-18T13:16:15.975Z","interval_":30000,"globalid":"{BA6B2693-4A11-4371-AAED-6D9595DA4E39}","main_road":"false","flood":0,"site_time":"2026-06-18 11:45:00+07:00","road":"ถนนสาธุประดิษฐ์","district":"สาทร","name":"ถ.สาธุประดิษฐ์ ช่วงแยก ถ.จันทน์","id":725,"objectid":209,"lat":13.705764}},{"geometry":{"type":"Point","coordinates":[100.61732500016785,13.781509999928168],"crs":null},"id":225,"type":"Feature","properties":{"device_status":"normal","date_updated":"2025-03-03T07:20:17.792Z","code":"FL.WTL.08","long_":100.617325,"date_created":"2024-12-18T13:16:16.010Z","interval_":30000,"globalid":"{6B35533A-B729-4D61-B54F-60EAB6C3F046}","main_road":"false","flood":0,"site_time":"2026-06-18 11:45:00+07:00","road":"ถนนลาดพร้าว","district":"วังทองหลาง","name":"ถ.ลาดพร้าว ช่วง ซ.ลาดพร้าว 110","id":741,"objectid":225,"lat":13.78151}},{"geometry":{"type":"Point","coordinates":[100.62393999988402,13.763679999904944],"crs":null},"id":221,"type":"Feature","properties":{"device_status":"normal","date_updated":"2025-03-03T07:20:17.181Z","code":"FL.WTL.04","long_":100.62394,"date_created":"2024-12-18T13:16:15.999Z","interval_":null,"globalid":"{43B11A32-4EE4-411B-B861-E6915F44467F}","main_road":"true","flood":0,"site_time":"2026-06-18 11:40:00+07:00","road":"ซอยรามคำแหง 65","district":"วังทองหลาง","name":"ซ.รามคำแหง 65 (ซอยมหาดไทย)","id":737,"objectid":221,"lat":13.76368}},{"geometry":{"type":"Point","coordinates":[100.53215999956964,13.806090000321264],"crs":null},"id":63,"type":"Feature","properties":{"device_status":"normal","date_updated":"2025-03-03T07:19:56.616Z","code":"FL.BSU.01","long_":100.53216,"date_created":"2024-12-18T13:16:15.597Z","interval_":null,"globalid":"{6BF09F46-C5A9-4E04-B355-B2F203D9E806}","main_road":"true","flood":0,"site_time":"2026-06-18 11:40:00+07:00","road":"ถนนประชาราษฏร์","district":"บางซื่อ","name":"ถ.ประชาราษฏร์ แยกเตาปูน","id":579,"objectid":63,"lat":13.80609}},{"geometry":{"type":"Point","coordinates":[100.56077000018415,13.73445600004446],"crs":null},"id":118,"type":"Feature","properties":{"device_status":"normal","date_updated":"2025-03-03T07:20:03.951Z","code":"FL.KTY.09","long_":100.56077,"date_created":"2024-12-18T13:16:15.765Z","interval_":30000,"globalid":"{A3F848E8-1947-44EB-A1C5-7233A9EA9109}","main_road":"false","flood":0,"site_time":"2026-06-18 11:45:00+07:00","road":"ถนนรัชดาภิเษก","district":"คลองเตย","name":"ถ.รัชดาภิเษก ช่วง ซ.สุขุมวิท 16","id":634,"objectid":118,"lat":13.734456}},{"geometry":{"type":"Point","coordinates":[100.59629000006755,13.811403999965304],"crs":null},"id":134,"type":"Feature","properties":{"device_status":"normal","date_updated":"2025-03-03T07:20:05.971Z","code":"FL.LPW.04","long_":100.59629,"date_created":"2024-12-18T13:16:15.804Z","interval_":30000,"globalid":"{EB44880B-49E7-4730-93BF-5C2672700C32}","main_road":"false","flood":0,"site_time":"2026-06-18 11:45:00+07:00","road":"ถนนโชคชัย","district":"ลาดพร้าว","name":"ถ.โชคชัย 4 ช่วง ซ.โชคชัย 40","id":650,"objectid":134,"lat":13.811404}},{"geometry":{"type":"Point","coordinates":[100.53678000004159,13.744920000422454],"crs":null},"id":163,"type":"Feature","properties":{"device_status":"normal","date_updated":"2025-03-03T07:20:09.738Z","code":"FL.PTW.03","long_":100.53678,"date_created":"2024-12-18T13:16:15.864Z","interval_":null,"globalid":"{B37EBC5E-0949-4A18-909A-A9DC87A57784}","main_road":"true","flood":0,"site_time":"2026-06-18 11:40:00+07:00","road":"ถนนพระราม 1 ","district":"ปทุมวัน","name":"ถ.พระรามที่ 1 ช่วงวัดปทุมวนาราม","id":679,"objectid":163,"lat":13.74492}},{"geometry":{"type":"Point","coordinates":[100.60477000022992,13.782571000013176],"crs":null},"id":223,"type":"Feature","properties":{"device_status":"normal","date_updated":"2025-03-03T07:20:17.539Z","code":"FL.WTL.06","long_":100.60477,"date_created":"2024-12-18T13:16:16.005Z","interval_":30000,"globalid":"{6F024FA8-1EDF-4BA6-9CA5-E13D0AF19DA0}","main_road":"false","flood":0,"site_time":"2026-06-18 11:45:00+07:00","road":"ซอยลาดพร้าว80","district":"วังทองหลาง","name":"ซ.ลาดพร้าว80 แยก 22","id":739,"objectid":223,"lat":13.782571}},{"geometry":{"type":"Point","coordinates":[100.67178000042703,13.693398000021999],"crs":null},"id":167,"type":"Feature","properties":{"device_status":"normal","date_updated":"2025-03-03T07:20:10.301Z","code":"FL.PWT.03","long_":100.67178,"date_created":"2024-12-18T13:16:15.873Z","interval_":30000,"globalid":"{8391AEDF-86AC-4F52-A985-54586519D39C}","main_road":"false","flood":0,"site_time":"2026-06-18 11:45:00+07:00","road":"ถนนเฉลิมพระเกียรติ","district":"ประเวศ","name":"ถ.เฉลิมพระเกียรติ ร.9 ซ.เฉลิมพระเกียรติ ร.9 40","id":683,"objectid":167,"lat":13.693398}},{"geometry":{"type":"Point","coordinates":[100.5074799998641,13.62498299998102],"crs":null},"id":213,"type":"Feature","properties":{"device_status":"normal","date_updated":"2025-03-03T07:20:16.157Z","code":"FL.TKU.01","long_":100.50748,"date_created":"2024-12-18T13:16:15.983Z","interval_":30000,"globalid":"{E55D3ADA-AB59-46BE-B27D-735277659E98}","main_road":"false","flood":0,"site_time":"2026-06-18 11:45:00+07:00","road":"ถนนประชาอุทิศ","district":"ทุ่งครุ","name":"ถ.ประชาอุทิศ ช่วง ซ.ประชาอุทิศ 76/1","id":729,"objectid":213,"lat":13.624983}},{"geometry":{"type":"Point","coordinates":[100.4335000001236,13.782685000397494],"crs":null},"id":216,"type":"Feature","properties":{"device_status":"normal","date_updated":"2025-03-03T07:20:16.568Z","code":"FL.TLC.01","long_":100.4335,"date_created":"2024-12-18T13:16:15.989Z","interval_":30000,"globalid":"{6F3011F2-723C-49A4-9377-B047E6709937}","main_road":"false","flood":0,"site_time":"2026-06-18 11:45:00+07:00","road":"ถนนฉิมพลี","district":"ตลิ่งชัน","name":"ถ.ฉิมพลี ช่วง ซ.ฉิมพลี 31","id":732,"objectid":216,"lat":13.782685}},{"geometry":{"type":"Point","coordinates":[100.43174000015772,13.712556000184222],"crs":null},"id":158,"type":"Feature","properties":{"device_status":"normal","date_updated":"2025-03-03T07:20:09.081Z","code":"FL.PSC.02","long_":100.43174,"date_created":"2024-12-18T13:16:15.853Z","interval_":30000,"globalid":"{FA171107-52B4-47D2-A8E0-170BA7903EE0}","main_road":"false","flood":0,"site_time":"2026-06-18 11:45:00+07:00","road":"ถนนเพชรเกษม","district":"ภาษีเจริญ","name":"ถ.เพชรเกษม ช่วงหน้าโรงพยาบาลมิตรประชา","id":674,"objectid":158,"lat":13.712556}},{"geometry":{"type":"Point","coordinates":[100.6302600000474,13.754580000313618],"crs":null},"id":39,"type":"Feature","properties":{"device_status":"malfunction","date_updated":"2025-03-03T07:19:53.569Z","code":"FL.BKP.06","long_":100.63026,"date_created":"2024-12-18T13:16:15.528Z","interval_":30000,"globalid":"{5E143275-762A-45DD-96BB-14C559077E09}","main_road":"false","flood":0,"site_time":"2026-03-19 10:25:00+07:00","road":"ถนนหัวหมาก","district":"บางกะปิ","name":"ถ.หัวหมาก ช่วง ซ.หัวหมาก 30","id":555,"objectid":39,"lat":13.75458}},{"geometry":{"type":"Point","coordinates":[100.64565000037699,13.761777999734987],"crs":null},"id":45,"type":"Feature","properties":{"device_status":"normal","date_updated":"2025-03-03T07:19:54.324Z","code":"FL.BKP.12","long_":100.64565,"date_created":"2024-12-18T13:16:15.542Z","interval_":30000,"globalid":"{988B4F72-5B0D-473C-AA32-C2521927ECEA}","main_road":"false","flood":0,"site_time":"2026-06-18 11:45:00+07:00","road":"ถนนศรีนครินทร์","district":"บางกะปิ","name":"ถ.ศรีนครินทร์ ช่วงแยกลำสาลี","id":561,"objectid":45,"lat":13.761778}},{"geometry":{"type":"Point","coordinates":[100.79040000044593,13.738930000303798],"crs":null},"id":126,"type":"Feature","properties":{"device_status":"normal","date_updated":"2025-03-03T07:20:04.948Z","code":"FL.LKB.06","long_":100.7904,"date_created":"2024-12-18T13:16:15.785Z","interval_":30000,"globalid":"{FD72E3A2-2343-42BD-8B47-909CCE729CC7}","main_road":"false","flood":0,"site_time":"2026-06-18 11:45:00+07:00","road":"ถนนฉลองกรุง","district":"ลาดกระบัง","name":"ถ.ฉลองกรุง ช่วง ซ.ฉลองกรุง 8","id":642,"objectid":126,"lat":13.73893}},{"geometry":{"type":"Point","coordinates":[100.5419200001972,13.710421000429143],"crs":null},"id":207,"type":"Feature","properties":{"device_status":"normal","date_updated":"2025-03-03T07:20:15.396Z","code":"FL.STN.06","long_":100.54192,"date_created":"2024-12-18T13:16:15.970Z","interval_":30000,"globalid":"{65A1575A-6515-4FE0-B64B-7B6745CF1F01}","main_road":"false","flood":0,"site_time":"2026-06-18 11:45:00+07:00","road":"ถนนนางลิ้นจี่","district":"สาทร","name":"ถ.นางลิ้นจี่ ช่วงแยกถ.เย็นอากาศ","id":723,"objectid":207,"lat":13.710421}},{"geometry":{"type":"Point","coordinates":[100.47810000021902,13.754700000065908],"crs":null},"id":32,"type":"Feature","properties":{"device_status":"normal","date_updated":"2025-03-03T07:19:52.673Z","code":"FL.BKN.01","long_":100.4781,"date_created":"2024-12-18T13:16:15.510Z","interval_":null,"globalid":"{71D25207-F4EA-48DA-8DA2-868651B3D3AA}","main_road":"true","flood":0,"site_time":"2026-06-18 11:40:00+07:00","road":"ถนนอิสรภาพ","district":"บางกอกน้อย","name":"ถ.อิสรภาพ ช่วงตลาดพรานนก","id":548,"objectid":32,"lat":13.7547}},{"geometry":{"type":"Point","coordinates":[100.61609999995424,13.741330000069986],"crs":null},"id":247,"type":"Feature","properties":{"device_status":"malfunction","date_updated":"2025-03-03T07:20:21.018Z","code":"TN.HKG.03(IN)","long_":100.6161,"date_created":"2024-12-18T13:16:16.064Z","interval_":null,"globalid":"{245A9872-62BD-48D7-BFE2-9DACB7D278C8}","main_road":"true","flood":0,"site_time":"2026-06-13 15:45:00+07:00","road":"ถนนพระราม 9 ","district":"ห้วยขวาง","name":"อ.พระราม 9(ขาเข้า)","id":763,"objectid":247,"lat":13.74133}},{"geometry":{"type":"Point","coordinates":[100.45061000023614,13.717360999692843],"crs":null},"id":157,"type":"Feature","properties":{"device_status":"normal","date_updated":"2025-03-03T07:20:08.954Z","code":"FL.PSC.01","long_":100.45061,"date_created":"2024-12-18T13:16:15.851Z","interval_":30000,"globalid":"{1E82207B-F9C3-45A6-9285-14EE4F549F54}","main_road":"false","flood":0,"site_time":"2026-06-18 11:45:00+07:00","road":"ถนนเพชรเกษม","district":"ภาษีเจริญ","name":"ถ.เพชรเกษม ซ.เพชรเกษม 42","id":673,"objectid":157,"lat":13.717361}},{"geometry":{"type":"Point","coordinates":[100.61122000008962,13.753241999824795],"crs":null},"id":41,"type":"Feature","properties":{"device_status":"normal","date_updated":"2025-03-03T07:19:53.825Z","code":"FL.BKP.08","long_":100.61122,"date_created":"2024-12-18T13:16:15.532Z","interval_":30000,"globalid":"{639E701E-6EB3-4ACA-805A-F5B805DA5398}","main_road":"false","flood":0,"site_time":"2026-06-18 11:45:00+07:00","road":"ถนนรามคำแหง","district":"บางกะปิ","name":"ถ.รามคำแหง ช่วง ซ.รามคำแหง 19/1","id":557,"objectid":41,"lat":13.753242}},{"geometry":{"type":"Point","coordinates":[100.60586999987174,13.670619999917253],"crs":null},"id":53,"type":"Feature","properties":{"device_status":"normal","date_updated":"2025-03-03T07:19:55.325Z","code":"FL.BNA.03","long_":100.60587,"date_created":"2024-12-18T13:16:15.563Z","interval_":null,"globalid":"{A3A06E77-5A90-4CD2-8992-2F33BFA5B230}","main_road":"true","flood":0,"site_time":"2026-06-18 11:40:00+07:00","road":"ถนนสุขุมวิท","district":"บางนา","name":"ถ.สุขุมวิท ช่วงแยกบางนา","id":569,"objectid":53,"lat":13.67062}},{"geometry":{"type":"Point","coordinates":[100.52407000029295,13.75811999986253],"crs":null},"id":183,"type":"Feature","properties":{"device_status":"normal","date_updated":"2025-03-03T07:20:12.269Z","code":"FL.RTW.05","long_":100.52407,"date_created":"2024-12-18T13:16:15.909Z","interval_":null,"globalid":"{3D84B8E1-3BCB-45F9-9CC6-7F02F627290E}","main_road":"true","flood":0,"site_time":"2026-06-18 11:40:00+07:00","road":"ถนนพระราม 6","district":"ราชเทวี","name":"ถ.พระรามที่ 6 ช่วงตลาดประแจจีน","id":699,"objectid":183,"lat":13.75812}},{"geometry":{"type":"Point","coordinates":[100.60946000012372,13.737590000248971],"crs":null},"id":194,"type":"Feature","properties":{"device_status":"normal","date_updated":"2025-03-03T07:20:13.690Z","code":"FL.SLG.03","long_":100.60946,"date_created":"2024-12-18T13:16:15.941Z","interval_":null,"globalid":"{31CD8799-213E-48AD-A09D-573B5655FFB6}","main_road":"true","flood":0,"site_time":"2026-06-18 11:40:00+07:00","road":"ถนนพัฒนาการ","district":"สวนหลวง","name":"ถ.พัฒนาการ ช่วงธนาคารกรุงไทย ","id":710,"objectid":194,"lat":13.73759}},{"geometry":{"type":"Point","coordinates":[100.56467000005752,13.72217999978028],"crs":null},"id":111,"type":"Feature","properties":{"device_status":"normal","date_updated":"2025-03-03T07:20:02.970Z","code":"FL.KTY.02","long_":100.56467,"date_created":"2024-12-18T13:16:15.747Z","interval_":null,"globalid":"{89C8A71C-9663-4EB5-9936-1225CC423EA7}","main_road":"true","flood":0,"site_time":"2026-06-18 11:40:00+07:00","road":"ซอยสุขุมวิท 22","district":"คลองเตย","name":"ซ.สุขุมวิท 22 (ด้านถนนพระรามที่ 4)","id":627,"objectid":111,"lat":13.72218}},{"geometry":{"type":"Point","coordinates":[100.79264999995829,13.720995000135328],"crs":null},"id":123,"type":"Feature","properties":{"device_status":"normal","date_updated":"2025-03-03T07:20:04.536Z","code":"FL.LKB.03","long_":100.79265,"date_created":"2024-12-18T13:16:15.777Z","interval_":30000,"globalid":"{43BFC7A6-3A2F-49C9-9151-F5D2BA69B049}","main_road":"false","flood":0,"site_time":"2026-06-18 11:45:00+07:00","road":"ถนนหลวงแพ่ง","district":"ลาดกระบัง","name":"ถ.หลวงแพ่ง ช่วงโลตัสลาดกระบัง","id":639,"objectid":123,"lat":13.720995}},{"geometry":{"type":"Point","coordinates":[100.5368999996922,13.722905999677327],"crs":null},"id":206,"type":"Feature","properties":{"device_status":"normal","date_updated":"2025-03-03T07:20:15.286Z","code":"FL.STN.05","long_":100.5369,"date_created":"2024-12-18T13:16:15.968Z","interval_":30000,"globalid":"{DCB651FE-C921-463A-854C-E5853BC07684}","main_road":"false","flood":0,"site_time":"2026-06-18 11:45:00+07:00","road":"ถนนสาทรใต้","district":"สาทร","name":"ถ.สาทรใต้ ช่วง ซ.สาทร3","id":722,"objectid":206,"lat":13.722906}},{"geometry":{"type":"Point","coordinates":[100.59217000008616,13.71467200011245],"crs":null},"id":234,"type":"Feature","properties":{"device_status":"normal","date_updated":"2025-03-03T07:20:18.967Z","code":"FL.WTN.07","long_":100.59217,"date_created":"2024-12-18T13:16:16.031Z","interval_":30000,"globalid":"{87691110-1B8C-466D-B1BF-3DCFF82DC862}","main_road":"false","flood":0,"site_time":"2026-06-18 11:45:00+07:00","road":"ถนนสุขุมวิท","district":"วัฒนา","name":"ถ.สุขุมวิท ช่วง ซ.สุขุมวิท 69","id":750,"objectid":234,"lat":13.714672}},{"geometry":{"type":"Point","coordinates":[100.40152000026347,13.618952999670316],"crs":null},"id":49,"type":"Feature","properties":{"device_status":"normal","date_updated":"2025-03-03T07:19:54.810Z","code":"FL.BKT.04","long_":100.40152,"date_created":"2024-12-18T13:16:15.553Z","interval_":30000,"globalid":"{98138737-3414-4AAF-8B6A-FCD85EF7A5F2}","main_road":"false","flood":0,"site_time":"2026-06-18 11:45:00+07:00","road":"ถนนบางกระดี่","district":"บางขุนเทียน","name":"ถ.บางกระดี่ ช่วงหน้าตลาดบางกระดี่","id":565,"objectid":49,"lat":13.618953}},{"geometry":{"type":"Point","coordinates":[100.54821000022334,13.85473000032157],"crs":null},"id":139,"type":"Feature","properties":{"device_status":"normal","date_updated":"2025-03-03T07:20:06.607Z","code":"FL.LSI.02","long_":100.54821,"date_created":"2024-12-18T13:16:15.814Z","interval_":null,"globalid":"{D3DD27EF-993E-4148-A4B9-26D9F84790B7}","main_road":"true","flood":0,"site_time":"2026-06-18 11:40:00+07:00","road":"ถนนงามวงค์วาน","district":"หลักสี่","name":"ถ.งามวงศ์วาน แยกพงษ์เพชร","id":655,"objectid":139,"lat":13.85473}},{"geometry":{"type":"Point","coordinates":[100.52692999990067,13.754995999831705],"crs":null},"id":191,"type":"Feature","properties":{"device_status":"normal","date_updated":"2025-03-03T07:20:13.315Z","code":"FL.RTW.13","long_":100.52693,"date_created":"2024-12-18T13:16:15.932Z","interval_":30000,"globalid":"{EE3F85BE-A01B-45E2-B63B-676336B620BE}","main_road":"false","flood":0,"site_time":"2026-06-18 11:45:00+07:00","road":"ถนนเพชรบุรี","district":"ราชเทวี","name":"ถ.เพชรบุรี ช่วงแยกเพชรพระราม","id":707,"objectid":191,"lat":13.754996}},{"geometry":{"type":"Point","coordinates":[100.60601999965958,13.695900000278804],"crs":null},"id":150,"type":"Feature","properties":{"device_status":"normal","date_updated":"2025-03-03T07:20:08.065Z","code":"FL.PKN.01","long_":100.60602,"date_created":"2024-12-18T13:16:15.836Z","interval_":null,"globalid":"{D99F823C-30A0-4D75-8A02-517F6A27A91A}","main_road":"true","flood":0,"site_time":"2026-06-18 11:40:00+07:00","road":"ถนนสุขุมวิท","district":"พระโขนง","name":"ถ.สุขุมวิท ช่วงซอยสุขุมวิท 62","id":666,"objectid":150,"lat":13.6959}},{"geometry":{"type":"Point","coordinates":[100.53897000017781,13.71604099994572],"crs":null},"id":208,"type":"Feature","properties":{"device_status":"normal","date_updated":"2025-03-03T07:20:15.502Z","code":"FL.STN.07","long_":100.53897,"date_created":"2024-12-18T13:16:15.973Z","interval_":30000,"globalid":"{19F2BBA7-CEA5-40B7-86E2-18D19CD5E38F}","main_road":"false","flood":0,"site_time":"2026-06-18 11:45:00+07:00","road":"ถนนสวนพลู","district":"สาทร","name":"ถ.สวนพลู ช่วงแยกเทคนิคกรุงเทพ","id":724,"objectid":208,"lat":13.716041}},{"geometry":{"type":"Point","coordinates":[100.63055999962305,13.737019999596104],"crs":null},"id":248,"type":"Feature","properties":{"device_status":"normal","date_updated":"2025-03-03T07:20:21.259Z","code":"TN.SLG.01(IN)","long_":100.63056,"date_created":"2024-12-18T13:16:16.067Z","interval_":null,"globalid":"{2AABC9D4-1EA9-4B44-93E5-A507E0346BB8}","main_road":"true","flood":0,"site_time":"2026-06-18 11:40:00+07:00","road":"ถนนพัฒนาการ","district":"สวนหลวง","name":"อ.พัฒนาการ(ขาเข้า)","id":764,"objectid":248,"lat":13.73702}},{"geometry":{"type":"Point","coordinates":[100.81425999999382,13.712885999824572],"crs":null},"id":122,"type":"Feature","properties":{"device_status":"normal","date_updated":"2025-03-03T07:20:04.411Z","code":"FL.LKB.02","long_":100.81426,"date_created":"2024-12-18T13:16:15.775Z","interval_":30000,"globalid":"{E1F41A1C-46CC-455A-97CC-7160D2AD7E05}","main_road":"false","flood":0,"site_time":"2026-06-18 11:45:00+07:00","road":"ถนนหลวงแพ่ง","district":"ลาดกระบัง","name":"ถ.หลวงแพ่ง ช่วงโรงเรียนแสงหิรัญวิทยา","id":638,"objectid":122,"lat":13.712886}},{"geometry":{"type":"Point","coordinates":[100.4992700000385,13.699202999991085],"crs":null},"id":24,"type":"Feature","properties":{"device_status":"normal","date_updated":"2025-03-03T07:19:51.692Z","code":"FL.BKL.02","long_":100.49927,"date_created":"2024-12-18T13:16:15.491Z","interval_":30000,"globalid":"{C5C8549F-D069-497C-95CE-BD27624B5E4A}","main_road":"false","flood":0,"site_time":"2026-06-18 11:45:00+07:00","road":"ถนนเจริญกรุง","district":"บางคอแหลม","name":"ถ.เจริญกรุง ช่วง ซ.เจริญกรุง 82","id":540,"objectid":24,"lat":13.699203}},{"geometry":{"type":"Point","coordinates":[100.60887000011988,13.786509999611118],"crs":null},"id":218,"type":"Feature","properties":{"device_status":"normal","date_updated":"2025-03-03T07:20:16.803Z","code":"FL.WTL.01","long_":100.60887,"date_created":"2024-12-18T13:16:15.993Z","interval_":null,"globalid":"{38FD0BA7-BFA9-4198-944F-AABAFF99D72D}","main_road":"true","flood":0,"site_time":"2026-06-18 11:40:00+07:00","road":"ถนนลาดพร้าว","district":"วังทองหลาง","name":"ถ.ลาดพร้าว ช่วงตัดถนนประดิษฐ์มนูธรรม","id":734,"objectid":218,"lat":13.78651}},{"geometry":{"type":"Point","coordinates":[100.60853000036124,13.827418000053571],"crs":null},"id":136,"type":"Feature","properties":{"device_status":"normal","date_updated":"2025-03-28T04:13:16.659Z","code":"FL.LPW.06","long_":100.60853,"date_created":"2024-12-18T13:16:15.808Z","interval_":30000,"globalid":"{9CFF0A08-2FC8-45E6-B7DA-01DA23536B2C}","main_road":"false","flood":0,"site_time":"2026-06-18 11:45:00+07:00","road":"ถนนเสนานิคม","district":"ลาดพร้าว","name":"ถ.เสนานิคม 1 ช่วง ซ.เสนานิเวศน์ 112","id":652,"objectid":136,"lat":13.827418}},{"geometry":{"type":"Point","coordinates":[100.50230999957127,13.766199999815218],"crs":null},"id":154,"type":"Feature","properties":{"device_status":"normal","date_updated":"2025-03-03T07:20:08.597Z","code":"FL.PNK.02","long_":100.50231,"date_created":"2024-12-18T13:16:15.845Z","interval_":null,"globalid":"{E62E3221-57C7-4086-8531-EFD3B284B859}","main_road":"true","flood":0,"site_time":"2026-06-18 11:40:00+07:00","road":"ถนนวิสุทธิ์กษัตริย์ ","district":"พระนคร","name":"ถ.วิสุทธิ์กษัตริย์  หน้าวัดอินทรวิหาร","id":670,"objectid":154,"lat":13.7662}},{"geometry":{"type":"Point","coordinates":[100.50472999986123,13.70408399964476],"crs":null},"id":25,"type":"Feature","properties":{"device_status":"normal","date_updated":"2025-03-03T07:19:51.796Z","code":"FL.BKL.03","long_":100.50473,"date_created":"2024-12-18T13:16:15.493Z","interval_":30000,"globalid":"{0587DEEC-11CE-4B71-8580-4962080C9D77}","main_road":"true","flood":0,"site_time":"2026-06-18 11:45:00+07:00","road":"ถนนเจริญกรุง","district":"บางคอแหลม","name":"ถ.เจริญกรุง ช่วงตรงข้ามเอเชียทีค","id":541,"objectid":25,"lat":13.704084}},{"geometry":{"type":"Point","coordinates":[100.53063999980328,13.759460000237954],"crs":null},"id":185,"type":"Feature","properties":{"device_status":"normal","date_updated":"2025-03-03T07:20:12.561Z","code":"FL.RTW.07","long_":100.53064,"date_created":"2024-12-18T13:16:15.915Z","interval_":null,"globalid":"{80A025CB-24E2-41F2-9B22-BCB16E1B4810}","main_road":"true","flood":0,"site_time":"2026-06-18 11:40:00+07:00","road":"ถนนศรีอยุธยา","district":"ราชเทวี","name":"ถ.ศรีอยุธยา ช่วงโรงเรียนสันติราษฏร์วิทยาลัย","id":701,"objectid":185,"lat":13.75946}},{"geometry":{"type":"Point","coordinates":[100.37773000013746,13.713691999820787],"crs":null},"id":23,"type":"Feature","properties":{"device_status":"normal","date_updated":"2025-03-03T07:19:51.548Z","code":"FL.BKE.06","long_":100.37773,"date_created":"2024-12-18T13:16:15.489Z","interval_":30000,"globalid":"{29D48F2A-11C4-4197-851D-C8D57DE7A02A}","main_road":"false","flood":0,"site_time":"2026-06-18 11:45:00+07:00","road":"ถนนหมู่บ้านเศรษฐกิจ","district":"บางแค","name":"ถ.หมู่บ้านเศรษฐกิจ ช่วง ซ.เศรษฐกิจ 5","id":539,"objectid":23,"lat":13.713692}},{"geometry":{"type":"Point","coordinates":[100.50452999984472,13.628521000299477],"crs":null},"id":215,"type":"Feature","properties":{"device_status":"normal","date_updated":"2025-03-03T07:20:16.442Z","code":"FL.TKU.03","long_":100.50453,"date_created":"2024-12-18T13:16:15.987Z","interval_":30000,"globalid":"{4574A66B-BE86-46BC-9038-B57338754C0B}","main_road":"false","flood":0,"site_time":"2026-06-18 11:45:00+07:00","road":"ถนนประชาอุทิศ","district":"ทุ่งครุ","name":"ถ.ประชาอุทิศ ช่วง ซ.ประชาอุทิศ 74/1","id":731,"objectid":215,"lat":13.628521}},{"geometry":{"type":"Point","coordinates":[100.46801999992431,13.787049999728987],"crs":null},"id":33,"type":"Feature","properties":{"device_status":"normal","date_updated":"2025-03-03T07:19:52.806Z","code":"FL.BKN.02","long_":100.46802,"date_created":"2024-12-18T13:16:15.513Z","interval_":null,"globalid":"{A8993268-DB69-4FBA-8442-6402AA224506}","main_road":"true","flood":0,"site_time":"2026-06-18 11:40:00+07:00","road":"ถนนบรมราชชนนี","district":"บางกอกน้อย","name":"ถ.บรมราชชนนี ช่วงสายใต้","id":549,"objectid":33,"lat":13.78705}},{"geometry":{"type":"Point","coordinates":[100.60955999968284,13.678949999893767],"crs":null},"id":55,"type":"Feature","properties":{"device_status":"normal","date_updated":"2025-03-03T07:19:55.575Z","code":"FL.BNA.05","long_":100.60956,"date_created":"2024-12-18T13:16:15.567Z","interval_":null,"globalid":"{615401B3-936C-4055-AEE5-ABCCFF66CB1A}","main_road":"true","flood":0,"site_time":"2026-06-18 11:40:00+07:00","road":"ถนนอุดมสุข","district":"บางนา","name":"ถ.อุดมสุข ช่วงซอยอุดมสุข 1","id":571,"objectid":55,"lat":13.67895}},{"geometry":{"type":"Point","coordinates":[100.51460000009364,13.816175999989083],"crs":null},"id":64,"type":"Feature","properties":{"device_status":"normal","date_updated":"2025-03-03T07:19:56.743Z","code":"FL.BSU.02","long_":100.5146,"date_created":"2024-12-18T13:16:15.604Z","interval_":30000,"globalid":"{D6160720-8FFA-44FB-8C14-998E566F9538}","main_road":"false","flood":0,"site_time":"2026-06-18 11:45:00+07:00","road":"ถนนประชาราษฎร์สาย","district":"บางซื่อ","name":"ถ.ประชาราษฎร์สาย 1 ช่วงใต้สะพานพระราม7","id":580,"objectid":64,"lat":13.816176}},{"geometry":{"type":"Point","coordinates":[100.78194000037504,13.751869000110792],"crs":null},"id":130,"type":"Feature","properties":{"device_status":"normal","date_updated":"2025-03-03T07:20:05.467Z","code":"FL.LKB.10","long_":100.78194,"date_created":"2024-12-18T13:16:15.794Z","interval_":30000,"globalid":"{F6BF4833-7BA5-48E5-80C3-B9028788D6BC}","main_road":"false","flood":0,"site_time":"2026-06-18 11:45:00+07:00","road":"ถนนเจ้าคุณทหาร","district":"ลาดกระบัง","name":"ถ.เจ้าคุณทหาร ปั้มน้ำมัน PT สาขาเจ้าคุณทหาร2","id":646,"objectid":130,"lat":13.751869}},{"geometry":{"type":"Point","coordinates":[100.36087000027015,13.686368999804467],"crs":null},"id":148,"type":"Feature","properties":{"device_status":"normal","date_updated":"2025-03-03T07:20:07.815Z","code":"FL.NKM.01","long_":100.36087,"date_created":"2024-12-18T13:16:15.832Z","interval_":30000,"globalid":"{EB2C9ABF-E037-4CCF-97ED-6DD24EA472C5}","main_road":"false","flood":0,"site_time":"2026-06-18 11:45:00+07:00","road":"ถนนเลียบคลองภาษีเจริญฝั่งเหนือ","district":"หนองแขม","name":"ถ.เลียบคลองภาษีเจริญฝั่งเหนือ ซ.10","id":664,"objectid":148,"lat":13.686369}}],"type":"FeatureCollection","properties":{"exceededTransferLimit":false}}