{"features":[{"geometry":{"type":"Point","coordinates":[100.51141099971053,13.616324998903972],"crs":null},"id":1,"type":"Feature","properties":{"utm_x":663502.5738,"pump3_catagory":"-","year":"2564","accessibility":"หน้าซอยประชาอุทิศ 84/2 ถนนประชาอุทิศ","pump5_type":"-","sump_type":"บ่อสูบน้ำ","utm_y":1505802.194,"area_p1_y":100.511411,"area_p1_x":13.616325,"area_p3_y":100.511411,"sump_length":10,"area_p3_x":13.616325,"hpl_mdb":"G:\\BMA\\VDO_DRONE\\SUMP\\BWS032_MD.jpg","home_pic":"BMA\\VDO_DRONE\\SUMP\\BWS032_HO.jpg","sump_depth":4.2,"pump2_volume":0,"pump4_volume":0,"meter":400,"surveillant_mobile":"-","telephone":"-","mdb":500,"hpl_trans":"G:\\BMA\\VDO_DRONE\\SUMP\\BWS032_TR.jpg","volume":168,"subdistrict_id":"104902","hpl_home":"G:\\BMA\\VDO_DRONE\\SUMP\\BWS032_HO.jpg","sump_area":"กรุงเทพธนบุรี","sump_width":4,"fd_prevent_code":"37","area_p3_pic":"BMA\\VDO_DRONE\\SUMP\\BWS032_A3.jpg","district_t":"ทุ่งครุ","pump4_catagory":"-","sump_name":"บ่อสูบน้ำคลองตาถึง","mea_tel":"0-2877-5211 , 0-2427-0700","area_p4_pic":"BMA\\VDO_DRONE\\SUMP\\BWS032_A4.jpg","transformer":300,"mea":"เขตราษฎร์บูรณะ","trans_pic":"BMA\\VDO_DRONE\\SUMP\\BWS032_TR.jpg","pump2_type":"-","mdb_pic":"BMA\\VDO_DRONE\\SUMP\\BWS032_MD.jpg","area_p4_y":100.511411,"meter_pic":"BMA\\VDO_DRONE\\SUMP\\BWS032_ME.jpg","area_p2_x":13.616325,"sump_code":"BW.S.032","area_p4_x":13.616325,"amount5":"-","area_p2_y":100.511411,"amount4":"-","pump5_catagory":"-","hpl_meter":"G:\\BMA\\VDO_DRONE\\SUMP\\BWS032_ME.jpg","pump3_type":"-","amount3":"-","amount2":"-","area_p2_pic":"BMA\\VDO_DRONE\\SUMP\\BWS032_A2.jpg","gate_type":"8","amount1":"3","area_p5_pic":"","reflex_area":"กรุงเทพธนบุรี","pipe_in_bed2":2.4,"pipe_in_bed3":0,"pipe_in_bed1":2.4,"home_type":"เต็นท์","date_survey":"2 เมษายน 2021","pipe_in_bed4":0,"pump1_type":"คอลัมป์ไปท์","pump5_volume":0,"owner":"ทุ่งครุ","pump4_type":"-","area_p1_pic":"BMA\\VDO_DRONE\\SUMP\\BWS032_A1.jpg","pump3_volume":0,"pump1_catagory":"ไฟฟ้า","objectid_1":1,"pump2_catagory":"-","sump_bed":"4.2","pipe_in_dimention1":1.2,"pipe_in_dimention2":1.2,"pipe_in_dimention3":0,"meter_code":"MEA-TOU-9072187","pipe_in_dimention4":0,"pump1_volume":1,"hpl_areap1":"G:\\BMA\\VDO_DRONE\\SUMP\\BWS032_A1.jpg","surveillant_name":"-","hpl_areap3":"G:\\BMA\\VDO_DRONE\\SUMP\\BWS032_A3.jpg","district_id":"1049","hpl_areap2":"G:\\BMA\\VDO_DRONE\\SUMP\\BWS032_A2.jpg","hpl_areap5":"","hpl_areap4":"G:\\BMA\\VDO_DRONE\\SUMP\\BWS032_A4.jpg","objectid":1,"pump_amount":"3"}},{"geometry":{"type":"Point","coordinates":[100.51138899963325,13.618006996892815],"crs":null},"id":2,"type":"Feature","properties":{"utm_x":663499.0375,"pump3_catagory":"-","year":"2564","accessibility":"ฝั่งตรงข้ามซอยประชาอุทิศ 111","pump5_type":"-","sump_type":"บ่อสูบน้ำ","utm_y":1505988.252,"area_p1_y":100.511389,"area_p1_x":13.618007,"area_p3_y":100.511389,"sump_length":10,"area_p3_x":13.618007,"hpl_mdb":"","home_pic":"BMA\\VDO_DRONE\\SUMP\\BWS031_HO.jpg","sump_depth":4.2,"pump2_volume":0,"pump4_volume":0,"meter":400,"surveillant_mobile":"-","telephone":"-","mdb":500,"hpl_trans":"G:\\BMA\\VDO_DRONE\\SUMP\\BWS031_TR.jpg","volume":168,"subdistrict_id":"104902","hpl_home":"G:\\BMA\\VDO_DRONE\\SUMP\\BWS031_HO.jpg","sump_area":"กรุงเทพธนบุรี","sump_width":4,"fd_prevent_code":"37","area_p3_pic":"BMA\\VDO_DRONE\\SUMP\\BWS031_A3.jpg","district_t":"ทุ่งครุ","pump4_catagory":"-","sump_name":"บ่อสูบน้ำหนองรี","mea_tel":"0-2877-5211 , 0-2427-0700","area_p4_pic":"BMA\\VDO_DRONE\\SUMP\\BWS031_A4.jpg","transformer":300,"mea":"เขตราษฎร์บูรณะ","trans_pic":"BMA\\VDO_DRONE\\SUMP\\BWS031_TR.jpg","pump2_type":"-","mdb_pic":"","area_p4_y":100.511389,"meter_pic":"BMA\\VDO_DRONE\\SUMP\\BWS031_ME.jpg","area_p2_x":13.618007,"sump_code":"BW.S.031","area_p4_x":13.618007,"amount5":"-","area_p2_y":100.511389,"amount4":"-","pump5_catagory":"-","hpl_meter":"G:\\BMA\\VDO_DRONE\\SUMP\\BWS031_ME.jpg","pump3_type":"-","amount3":"-","amount2":"-","area_p2_pic":"BMA\\VDO_DRONE\\SUMP\\BWS031_A2.jpg","gate_type":"8","amount1":"3","area_p5_pic":"","reflex_area":"กรุงเทพธนบุรี","pipe_in_bed2":2.5,"pipe_in_bed3":0,"pipe_in_bed1":2.5,"home_type":"เต็นท์","date_survey":"2 เมษายน 2021","pipe_in_bed4":0,"pump1_type":"คอลัมป์ไปท์","pump5_volume":0,"owner":"ทุ่งครุ","pump4_type":"-","area_p1_pic":"BMA\\VDO_DRONE\\SUMP\\BWS031_A1.jpg","pump3_volume":0,"pump1_catagory":"ไฟฟ้า","objectid_1":2,"pump2_catagory":"-","sump_bed":"4.2","pipe_in_dimention1":1.2,"pipe_in_dimention2":1.2,"pipe_in_dimention3":0,"meter_code":"MEA-TOU-9066268","pipe_in_dimention4":0,"pump1_volume":1,"hpl_areap1":"G:\\BMA\\VDO_DRONE\\SUMP\\BWS031_A1.jpg","surveillant_name":"-","hpl_areap3":"G:\\BMA\\VDO_DRONE\\SUMP\\BWS031_A3.jpg","district_id":"1049","hpl_areap2":"G:\\BMA\\VDO_DRONE\\SUMP\\BWS031_A2.jpg","hpl_areap5":"","hpl_areap4":"G:\\BMA\\VDO_DRONE\\SUMP\\BWS031_A4.jpg","objectid":2,"pump_amount":"3"}},{"geometry":{"type":"Point","coordinates":[100.50896899975433,13.623793001491912],"crs":null},"id":3,"type":"Feature","properties":{"utm_x":663233.2217,"pump3_catagory":"-","year":"2564","accessibility":"หน้าซอยประชาอุทิศ 78 มีปิยวรรณแมนชั่น","pump5_type":"-","sump_type":"บ่อสูบน้ำ","utm_y":1506626.709,"area_p1_y":100.508969,"area_p1_x":13.623793,"area_p3_y":100.508969,"sump_length":10,"area_p3_x":13.623793,"hpl_mdb":"G:\\BMA\\VDO_DRONE\\SUMP\\BWS030_MD.jpg","home_pic":"","sump_depth":4.2,"pump2_volume":0,"pump4_volume":0,"meter":400,"surveillant_mobile":"-","telephone":"-","mdb":500,"hpl_trans":"","volume":168,"subdistrict_id":"104902","hpl_home":"","sump_area":"กรุงเทพธนบุรี","sump_width":4,"fd_prevent_code":"19","area_p3_pic":"BMA\\VDO_DRONE\\SUMP\\BWS030_A3.jpg","district_t":"ทุ่งครุ","pump4_catagory":"-","sump_name":"บ่อสูบน้ำคลองรางตรง จุดที่ 2 ปิยวรรณแมนชั่น","mea_tel":"0-2877-5211 , 0-2427-0700","area_p4_pic":"BMA\\VDO_DRONE\\SUMP\\BWS030_A4.jpg","transformer":300,"mea":"เขตราษฎร์บูรณะ","trans_pic":"","pump2_type":"-","mdb_pic":"BMA\\VDO_DRONE\\SUMP\\BWS030_MD.jpg","area_p4_y":100.508969,"meter_pic":"BMA\\VDO_DRONE\\SUMP\\BWS030_ME.jpg","area_p2_x":13.623793,"sump_code":"BW.S.030","area_p4_x":13.623793,"amount5":"-","area_p2_y":100.508969,"amount4":"-","pump5_catagory":"-","hpl_meter":"G:\\BMA\\VDO_DRONE\\SUMP\\BWS030_ME.jpg","pump3_type":"-","amount3":"-","amount2":"-","area_p2_pic":"BMA\\VDO_DRONE\\SUMP\\BWS030_A2.jpg","gate_type":"8","amount1":"3","area_p5_pic":"","reflex_area":"กรุงเทพธนบุรี","pipe_in_bed2":3.6,"pipe_in_bed3":0,"pipe_in_bed1":3.6,"home_type":"ตู้คอนเทนเนอร์","date_survey":"2 เมษายน 2021","pipe_in_bed4":0,"pump1_type":"คอลัมป์ไปท์","pump5_volume":0,"owner":"ทุ่งครุ","pump4_type":"-","area_p1_pic":"BMA\\VDO_DRONE\\SUMP\\BWS030_A1.jpg","pump3_volume":0,"pump1_catagory":"ไฟฟ้า","objectid_1":3,"pump2_catagory":"-","sump_bed":"4.2","pipe_in_dimention1":1.2,"pipe_in_dimention2":1.2,"pipe_in_dimention3":0,"meter_code":"MEA-TOU-032717","pipe_in_dimention4":0,"pump1_volume":1,"hpl_areap1":"G:\\BMA\\VDO_DRONE\\SUMP\\BWS030_A1.jpg","surveillant_name":"-","hpl_areap3":"G:\\BMA\\VDO_DRONE\\SUMP\\BWS030_A3.jpg","district_id":"1049","hpl_areap2":"G:\\BMA\\VDO_DRONE\\SUMP\\BWS030_A2.jpg","hpl_areap5":"","hpl_areap4":"G:\\BMA\\VDO_DRONE\\SUMP\\BWS030_A4.jpg","objectid":3,"pump_amount":"3"}},{"geometry":{"type":"Point","coordinates":[100.5084939997895,13.624171003547765],"crs":null},"id":4,"type":"Feature","properties":{"utm_x":663181.5684,"pump3_catagory":"-","year":"2564","accessibility":"PUK เบเกอรี่ ใกล้สะพานข้ามคลองรางตรง","pump5_type":"-","sump_type":"บ่อสูบน้ำ","utm_y":1506668.207,"area_p1_y":100.508494,"area_p1_x":13.624171,"area_p3_y":100.508494,"sump_length":10,"area_p3_x":13.624171,"hpl_mdb":"G:\\BMA\\VDO_DRONE\\SUMP\\BWS029_MD.jpg","home_pic":"BMA\\VDO_DRONE\\SUMP\\BWS029_HO.jpg","sump_depth":4.2,"pump2_volume":0,"pump4_volume":0,"meter":400,"surveillant_mobile":"-","telephone":"-","mdb":500,"hpl_trans":"G:\\BMA\\VDO_DRONE\\SUMP\\BWS029_TR.jpg","volume":168,"subdistrict_id":"104902","hpl_home":"G:\\BMA\\VDO_DRONE\\SUMP\\BWS029_HO.jpg","sump_area":"กรุงเทพธนบุรี","sump_width":4,"fd_prevent_code":"19","area_p3_pic":"BMA\\VDO_DRONE\\SUMP\\BWS029_A3.jpg","district_t":"ทุ่งครุ","pump4_catagory":"-","sump_name":"บ่อสูบน้ำคลองรางตรง จุดที่ 1 PUK เบเกอรี่","mea_tel":"0-2877-5211 , 0-2427-0700","area_p4_pic":"BMA\\VDO_DRONE\\SUMP\\BWS029_A4.jpg","transformer":300,"mea":"เขตราษฎร์บูรณะ","trans_pic":"BMA\\VDO_DRONE\\SUMP\\BWS029_TR.jpg","pump2_type":"-","mdb_pic":"BMA\\VDO_DRONE\\SUMP\\BWS029_MD.jpg","area_p4_y":100.508494,"meter_pic":"BMA\\VDO_DRONE\\SUMP\\BWS029_ME.jpg","area_p2_x":13.624171,"sump_code":"BW.S.029","area_p4_x":13.624171,"amount5":"-","area_p2_y":100.508494,"amount4":"-","pump5_catagory":"-","hpl_meter":"G:\\BMA\\VDO_DRONE\\SUMP\\BWS029_ME.jpg","pump3_type":"-","amount3":"-","amount2":"-","area_p2_pic":"BMA\\VDO_DRONE\\SUMP\\BWS029_A2.jpg","gate_type":"8","amount1":"3","area_p5_pic":"","reflex_area":"กรุงเทพธนบุรี","pipe_in_bed2":3.6,"pipe_in_bed3":0,"pipe_in_bed1":3.6,"home_type":"ตู้คอนเทนเนอร์","date_survey":"1 เมษายน 2021","pipe_in_bed4":0,"pump1_type":"คอลัมป์ไปท์","pump5_volume":0,"owner":"ทุ่งครุ","pump4_type":"-","area_p1_pic":"BMA\\VDO_DRONE\\SUMP\\BWS029_A1.jpg","pump3_volume":0,"pump1_catagory":"ไฟฟ้า","objectid_1":4,"pump2_catagory":"-","sump_bed":"4.2","pipe_in_dimention1":1.2,"pipe_in_dimention2":1.2,"pipe_in_dimention3":0,"meter_code":"MEA-TOU-9313919","pipe_in_dimention4":0,"pump1_volume":1,"hpl_areap1":"G:\\BMA\\VDO_DRONE\\SUMP\\BWS029_A1.jpg","surveillant_name":"-","hpl_areap3":"G:\\BMA\\VDO_DRONE\\SUMP\\BWS029_A3.jpg","district_id":"1049","hpl_areap2":"G:\\BMA\\VDO_DRONE\\SUMP\\BWS029_A2.jpg","hpl_areap5":"","hpl_areap4":"G:\\BMA\\VDO_DRONE\\SUMP\\BWS029_A4.jpg","objectid":4,"pump_amount":"3"}},{"geometry":{"type":"Point","coordinates":[100.4345990003264,13.627679998608269],"crs":null},"id":5,"type":"Feature","properties":{"utm_x":655184.1415,"pump3_catagory":"-","year":"2564","accessibility":"เกาะกลางถนน ใกล้บริษัทจงสถิตย์","pump5_type":"-","sump_type":"บ่อสูบน้ำ","utm_y":1507008.002,"area_p1_y":100.434648,"area_p1_x":13.62762,"area_p3_y":100.434564,"sump_length":15.5,"area_p3_x":13.627712,"hpl_mdb":"","home_pic":"","sump_depth":6.5,"pump2_volume":0,"pump4_volume":0,"meter":0,"surveillant_mobile":"-","telephone":"-","mdb":0,"hpl_trans":"G:\\BMA\\VDO_DRONE\\SUMP\\BWS005_TR.jpg","volume":584.35,"subdistrict_id":"102107","hpl_home":"","sump_area":"กรุงเทพธนบุรี","sump_width":5.8,"fd_prevent_code":"18","area_p3_pic":"BMA\\VDO_DRONE\\SUMP\\BWS005_A3.jpg","district_t":"บางขุนเทียน","pump4_catagory":"-","sump_name":"บ่อสูบน้ำจงสถิตย์","mea_tel":"0-2877-5211 , 0-2427-0700","area_p4_pic":"BMA\\VDO_DRONE\\SUMP\\BWS005_A4.jpg","transformer":630,"mea":"เขตราษฎร์บูรณะ","trans_pic":"BMA\\VDO_DRONE\\SUMP\\BWS005_TR.jpg","pump2_type":"-","mdb_pic":"","area_p4_y":100.434583,"meter_pic":"","area_p2_x":13.627725,"sump_code":"BW.S.005","area_p4_x":13.627588,"amount5":"-","area_p2_y":100.434631,"amount4":"-","pump5_catagory":"-","hpl_meter":"","pump3_type":"-","amount3":"-","amount2":"-","area_p2_pic":"BMA\\VDO_DRONE\\SUMP\\BWS005_A2.jpg","gate_type":"8","amount1":"4","area_p5_pic":"","reflex_area":"กรุงเทพธนบุรี","pipe_in_bed2":0,"pipe_in_bed3":0,"pipe_in_bed1":6.3,"home_type":"ไม่มี","date_survey":"29 มีนาคม 2021","pipe_in_bed4":0,"pump1_type":"คอลัมป์ไปท์","pump5_volume":0,"owner":"บางขุนเทียน","pump4_type":"-","area_p1_pic":"BMA\\VDO_DRONE\\SUMP\\BWS005_A1.jpg","pump3_volume":0,"pump1_catagory":"ไฟฟ้า","objectid_1":5,"pump2_catagory":"-","sump_bed":"6.5","pipe_in_dimention1":1.5,"pipe_in_dimention2":0,"pipe_in_dimention3":0,"meter_code":"-","pipe_in_dimention4":0,"pump1_volume":1,"hpl_areap1":"G:\\BMA\\VDO_DRONE\\SUMP\\BWS005_A1.jpg","surveillant_name":"-","hpl_areap3":"G:\\BMA\\VDO_DRONE\\SUMP\\BWS005_A3.jpg","district_id":"1021","hpl_areap2":"G:\\BMA\\VDO_DRONE\\SUMP\\BWS005_A2.jpg","hpl_areap5":"","hpl_areap4":"G:\\BMA\\VDO_DRONE\\SUMP\\BWS005_A4.jpg","objectid":5,"pump_amount":"4"}},{"geometry":{"type":"Point","coordinates":[100.50258499966132,13.635000996955709],"crs":null},"id":6,"type":"Feature","properties":{"utm_x":662534.8244,"pump3_catagory":"-","year":"2564","accessibility":"หน้าซอยประชาอุทิศ 77/1 ใกล้รร.ราษฎร์บูรณะ (มูฮำหมัดอุทิศ)","pump5_type":"-","sump_type":"บ่อสูบน้ำ","utm_y":1507862.325,"area_p1_y":100.502587,"area_p1_x":13.634958,"area_p3_y":100.502591,"sump_length":8.5,"area_p3_x":13.635029,"hpl_mdb":"G:\\BMA\\VDO_DRONE\\SUMP\\BWS008_MD.jpg","home_pic":"BMA\\VDO_DRONE\\SUMP\\BWS008_HO.jpg","sump_depth":4.4,"pump2_volume":0.5,"pump4_volume":0,"meter":400,"surveillant_mobile":"-","telephone":"-","mdb":630,"hpl_trans":"G:\\BMA\\VDO_DRONE\\SUMP\\BWS008_TR.jpg","volume":149.6,"subdistrict_id":"104902","hpl_home":"G:\\BMA\\VDO_DRONE\\SUMP\\BWS008_HO.jpg","sump_area":"กรุงเทพธนบุรี","sump_width":4,"fd_prevent_code":"19","area_p3_pic":"BMA\\VDO_DRONE\\SUMP\\BWS008_A3.jpg","district_t":"ทุ่งครุ","pump4_catagory":"-","sump_name":"บ่อสูบน้ำคลองรางจาก","mea_tel":"0-2877-5211 , 0-2427-0700","area_p4_pic":"BMA\\VDO_DRONE\\SUMP\\BWS008_A4.jpg","transformer":300,"mea":"เขตราษฎร์บูรณะ","trans_pic":"BMA\\VDO_DRONE\\SUMP\\BWS008_TR.jpg","pump2_type":"คอลัมป์ไปท์","mdb_pic":"BMA\\VDO_DRONE\\SUMP\\BWS008_MD.jpg","area_p4_y":100.502626,"meter_pic":"BMA\\VDO_DRONE\\SUMP\\BWS008_ME.jpg","area_p2_x":13.635044,"sump_code":"BW.S.008","area_p4_x":13.634963,"amount5":"-","area_p2_y":100.502553,"amount4":"-","pump5_catagory":"-","hpl_meter":"G:\\BMA\\VDO_DRONE\\SUMP\\BWS008_ME.jpg","pump3_type":"-","amount3":"-","amount2":"1","area_p2_pic":"BMA\\VDO_DRONE\\SUMP\\BWS008_A2.jpg","gate_type":"9","amount1":"2","area_p5_pic":"","reflex_area":"กรุงเทพธนบุรี","pipe_in_bed2":0,"pipe_in_bed3":0,"pipe_in_bed1":4.4,"home_type":"ตู้คอนเทนเนอร์","date_survey":"30 มีนาคม 2021","pipe_in_bed4":0,"pump1_type":"คอลัมป์ไปท์","pump5_volume":0,"owner":"ทุ่งครุ","pump4_type":"-","area_p1_pic":"BMA\\VDO_DRONE\\SUMP\\BWS008_A1.jpg","pump3_volume":0,"pump1_catagory":"ไฟฟ้า","objectid_1":6,"pump2_catagory":"ไฟฟ้า","sump_bed":"4.4","pipe_in_dimention1":1.2,"pipe_in_dimention2":0,"pipe_in_dimention3":0,"meter_code":"MEA-TOU-033193","pipe_in_dimention4":0,"pump1_volume":1,"hpl_areap1":"G:\\BMA\\VDO_DRONE\\SUMP\\BWS008_A1.jpg","surveillant_name":"-","hpl_areap3":"G:\\BMA\\VDO_DRONE\\SUMP\\BWS008_A3.jpg","district_id":"1049","hpl_areap2":"G:\\BMA\\VDO_DRONE\\SUMP\\BWS008_A2.jpg","hpl_areap5":"","hpl_areap4":"G:\\BMA\\VDO_DRONE\\SUMP\\BWS008_A4.jpg","objectid":6,"pump_amount":"3"}},{"geometry":{"type":"Point","coordinates":[100.43639000008771,13.637375997373354],"crs":null},"id":7,"type":"Feature","properties":{"utm_x":655371.5756,"pump3_catagory":"-","year":"2564","accessibility":"ซอยเทียนทะเล7 ตอนลงคลองราชมนตรี","pump5_type":"-","sump_type":"บ่อสูบน้ำ","utm_y":1508081.745,"area_p1_y":100.436397,"area_p1_x":13.637386,"area_p3_y":100.436382,"sump_length":3.7,"area_p3_x":13.637318,"hpl_mdb":"G:\\BMA\\VDO_DRONE\\SUMP\\BWS004_MD.jpg","home_pic":"BMA\\VDO_DRONE\\SUMP\\BWS004_HO.jpg","sump_depth":3.6,"pump2_volume":0,"pump4_volume":0,"meter":200,"surveillant_mobile":"-","telephone":"-","mdb":200,"hpl_trans":"G:\\BMA\\VDO_DRONE\\SUMP\\BWS004_TR.jpg","volume":89.24,"subdistrict_id":"102107","hpl_home":"G:\\BMA\\VDO_DRONE\\SUMP\\BWS004_HO.jpg","sump_area":"กรุงเทพธนบุรี","sump_width":6.7,"fd_prevent_code":"18","area_p3_pic":"BMA\\VDO_DRONE\\SUMP\\BWS004_A3.jpg","district_t":"บางขุนเทียน","pump4_catagory":"-","sump_name":"บ่อสูบน้ำบึงรางเข้ ตอนลงคลองราชมนตรี","mea_tel":"0-2877-5211 , 0-2427-0700","area_p4_pic":"BMA\\VDO_DRONE\\SUMP\\BWS004_A4.jpg","transformer":225,"mea":"เขตราษฎร์บูรณะ","trans_pic":"BMA\\VDO_DRONE\\SUMP\\BWS004_TR.jpg","pump2_type":"-","mdb_pic":"BMA\\VDO_DRONE\\SUMP\\BWS004_MD.jpg","area_p4_y":100.436359,"meter_pic":"BMA\\VDO_DRONE\\SUMP\\BWS004_ME.jpg","area_p2_x":13.637355,"sump_code":"BW.S.004","area_p4_x":13.637358,"amount5":"-","area_p2_y":100.436412,"amount4":"-","pump5_catagory":"-","hpl_meter":"G:\\BMA\\VDO_DRONE\\SUMP\\BWS004_ME.jpg","pump3_type":"-","amount3":"-","amount2":"-","area_p2_pic":"BMA\\VDO_DRONE\\SUMP\\BWS004_A2.jpg","gate_type":"1","amount1":"1","area_p5_pic":"","reflex_area":"กรุงเทพธนบุรี","pipe_in_bed2":0,"pipe_in_bed3":0,"pipe_in_bed1":3.1,"home_type":"ตู้คอนเทนเนอร์","date_survey":"29 มีนาคม 2021","pipe_in_bed4":0,"pump1_type":"คอลัมป์ไปท์","pump5_volume":0,"owner":"บางขุนเทียน","pump4_type":"-","area_p1_pic":"BMA\\VDO_DRONE\\SUMP\\BWS004_A1.jpg","pump3_volume":0,"pump1_catagory":"ไฟฟ้า","objectid_1":7,"pump2_catagory":"-","sump_bed":"-3.25","pipe_in_dimention1":6.4,"pipe_in_dimention2":0,"pipe_in_dimention3":0,"meter_code":"MEA-TOU-9154176","pipe_in_dimention4":0,"pump1_volume":1,"hpl_areap1":"G:\\BMA\\VDO_DRONE\\SUMP\\BWS004_A1.jpg","surveillant_name":"-","hpl_areap3":"G:\\BMA\\VDO_DRONE\\SUMP\\BWS004_A3.jpg","district_id":"1021","hpl_areap2":"G:\\BMA\\VDO_DRONE\\SUMP\\BWS004_A2.jpg","hpl_areap5":"","hpl_areap4":"G:\\BMA\\VDO_DRONE\\SUMP\\BWS004_A4.jpg","objectid":7,"pump_amount":"1"}},{"geometry":{"type":"Point","coordinates":[100.43300212698982,13.64085655095188],"crs":null},"id":8,"type":"Feature","properties":{"utm_x":655002.7761,"pump3_catagory":"-","year":"2564","accessibility":"เกือบต้นซอยเทียนทะเล7 บริเวณบึงรางเข้","pump5_type":"-","sump_type":"บ่อสูบน้ำ","utm_y":1508464.609,"area_p1_y":100.432957,"area_p1_x":13.640869,"area_p3_y":100.432964,"sump_length":6.9,"area_p3_x":13.6408,"hpl_mdb":"G:\\BMA\\VDO_DRONE\\SUMP\\BWS003_MD.jpg","home_pic":"BMA\\VDO_DRONE\\SUMP\\BWS003_HO.jpg","sump_depth":3.6,"pump2_volume":0.62,"pump4_volume":0,"meter":200,"surveillant_mobile":"-","telephone":"-","mdb":160,"hpl_trans":"G:\\BMA\\VDO_DRONE\\SUMP\\BWS003_TR.jpg","volume":121.72,"subdistrict_id":"102107","hpl_home":"G:\\BMA\\VDO_DRONE\\SUMP\\BWS003_HO.jpg","sump_area":"กรุงเทพธนบุรี","sump_width":4.9,"fd_prevent_code":"18","area_p3_pic":"BMA\\VDO_DRONE\\SUMP\\BWS003_A3.jpg","district_t":"บางขุนเทียน","pump4_catagory":"-","sump_name":"บ่อสูบน้ำบึงรางเข้","mea_tel":"0-2877-5211 , 0-2427-0700","area_p4_pic":"BMA\\VDO_DRONE\\SUMP\\BWS003_A4.jpg","transformer":225,"mea":"เขตราษฎร์บูรณะ","trans_pic":"BMA\\VDO_DRONE\\SUMP\\BWS003_TR.jpg","pump2_type":"ไฮดรอลิค","mdb_pic":"BMA\\VDO_DRONE\\SUMP\\BWS003_MD.jpg","area_p4_y":100.432988,"meter_pic":"BMA\\VDO_DRONE\\SUMP\\BWS003_ME.jpg","area_p2_x":13.640844,"sump_code":"BW.S.003","area_p4_x":13.640819,"amount5":"-","area_p2_y":100.43292,"amount4":"-","pump5_catagory":"-","hpl_meter":"G:\\BMA\\VDO_DRONE\\SUMP\\BWS003_ME.jpg","pump3_type":"-","amount3":"-","amount2":"1","area_p2_pic":"BMA\\VDO_DRONE\\SUMP\\BWS003_A2.jpg","gate_type":"9","amount1":"1","area_p5_pic":"","reflex_area":"กรุงเทพธนบุรี","pipe_in_bed2":0,"pipe_in_bed3":0,"pipe_in_bed1":3.4,"home_type":"ตู้คอนเทนเนอร์","date_survey":"29 มีนาคม 2021","pipe_in_bed4":0,"pump1_type":"คอลัมป์ไปท์","pump5_volume":0,"owner":"บางขุนเทียน","pump4_type":"-","area_p1_pic":"BMA\\VDO_DRONE\\SUMP\\BWS003_A1.jpg","pump3_volume":0,"pump1_catagory":"ไฟฟ้า","objectid_1":8,"pump2_catagory":"ดีเซล","sump_bed":"3.6","pipe_in_dimention1":1.5,"pipe_in_dimention2":0,"pipe_in_dimention3":0,"meter_code":"MEA-TOU-9154309","pipe_in_dimention4":0,"pump1_volume":0.5,"hpl_areap1":"G:\\BMA\\VDO_DRONE\\SUMP\\BWS003_A1.jpg","surveillant_name":"-","hpl_areap3":"G:\\BMA\\VDO_DRONE\\SUMP\\BWS003_A3.jpg","district_id":"1021","hpl_areap2":"G:\\BMA\\VDO_DRONE\\SUMP\\BWS003_A2.jpg","hpl_areap5":"","hpl_areap4":"G:\\BMA\\VDO_DRONE\\SUMP\\BWS003_A4.jpg","objectid":8,"pump_amount":"2"}},{"geometry":{"type":"Point","coordinates":[100.42982899995515,13.656308996193653],"crs":null},"id":9,"type":"Feature","properties":{"utm_x":654649.4183,"pump3_catagory":"-","year":"2564","accessibility":"หน้าสปริงปอนด์ ถนนพระราม2 ตรงข้ามโรงเหล้าแสงจันทร์","pump5_type":"-","sump_type":"บ่อสูบน้ำ","utm_y":1510171.977,"area_p1_y":100.429829,"area_p1_x":13.656309,"area_p3_y":100.429829,"sump_length":4.2,"area_p3_x":13.656309,"hpl_mdb":"G:\\BMA\\VDO_DRONE\\SUMP\\BWS002_MD.jpg","home_pic":"BMA\\VDO_DRONE\\SUMP\\BWS002_HO.jpg","sump_depth":2.45,"pump2_volume":0.2,"pump4_volume":0,"meter":200,"surveillant_mobile":"-","telephone":"-","mdb":250,"hpl_trans":"G:\\BMA\\VDO_DRONE\\SUMP\\BWS002_TR.jpg","volume":18.52,"subdistrict_id":"102107","hpl_home":"G:\\BMA\\VDO_DRONE\\SUMP\\BWS002_HO.jpg","sump_area":"กรุงเทพธนบุรี","sump_width":1.8,"fd_prevent_code":"18","area_p3_pic":"BMA\\VDO_DRONE\\SUMP\\BWS002_A3.jpg","district_t":"บางขุนเทียน","pump4_catagory":"-","sump_name":"บ่อสูบน้ำข้างโรงรับจำนำ","mea_tel":"0-2877-5211 , 0-2427-0700","area_p4_pic":"BMA\\VDO_DRONE\\SUMP\\BWS002_A4.jpg","transformer":225,"mea":"เขตราษฎร์บูรณะ","trans_pic":"BMA\\VDO_DRONE\\SUMP\\BWS002_TR.jpg","pump2_type":"หอยโข่ง","mdb_pic":"BMA\\VDO_DRONE\\SUMP\\BWS002_MD.jpg","area_p4_y":100.429829,"meter_pic":"BMA\\VDO_DRONE\\SUMP\\BWS002_ME.jpg","area_p2_x":13.656309,"sump_code":"BW.S.002","area_p4_x":13.656309,"amount5":"-","area_p2_y":100.429829,"amount4":"-","pump5_catagory":"-","hpl_meter":"G:\\BMA\\VDO_DRONE\\SUMP\\BWS002_ME.jpg","pump3_type":"-","amount3":"-","amount2":"1","area_p2_pic":"BMA\\VDO_DRONE\\SUMP\\BWS002_A2.jpg","gate_type":"8","amount1":"1","area_p5_pic":"","reflex_area":"กรุงเทพธนบุรี","pipe_in_bed2":0,"pipe_in_bed3":0,"pipe_in_bed1":1.3,"home_type":"ตู้คอนเทนเนอร์","date_survey":"29 มีนาคม 2021","pipe_in_bed4":0,"pump1_type":"หอยโข่ง","pump5_volume":0,"owner":"บางขุนเทียน","pump4_type":"-","area_p1_pic":"BMA\\VDO_DRONE\\SUMP\\BWS002_A1.jpg","pump3_volume":0,"pump1_catagory":"ไฟฟ้า","objectid_1":9,"pump2_catagory":"ไฟฟ้า","sump_bed":"2.45","pipe_in_dimention1":0.6,"pipe_in_dimention2":0,"pipe_in_dimention3":0,"meter_code":"MEA-TOU-9104191","pipe_in_dimention4":0,"pump1_volume":0.08,"hpl_areap1":"G:\\BMA\\VDO_DRONE\\SUMP\\BWS002_A1.jpg","surveillant_name":"-","hpl_areap3":"G:\\BMA\\VDO_DRONE\\SUMP\\BWS002_A3.jpg","district_id":"1021","hpl_areap2":"G:\\BMA\\VDO_DRONE\\SUMP\\BWS002_A2.jpg","hpl_areap5":"","hpl_areap4":"G:\\BMA\\VDO_DRONE\\SUMP\\BWS002_A4.jpg","objectid":9,"pump_amount":"2"}},{"geometry":{"type":"Point","coordinates":[100.62752599958732,13.660303999248075],"crs":null},"id":10,"type":"Feature","properties":{"utm_x":676034.0709,"pump3_catagory":"-","year":"2564","accessibility":"ซอยข้างบริษัท เคมีเอเซีย จำกัด ถนนสุขุมวิท 105","pump5_type":"-","sump_type":"บ่อสูบน้ำ","utm_y":1510748.709,"area_p1_y":100.62755,"area_p1_x":13.66024,"area_p3_y":100.627545,"sump_length":7.6,"area_p3_x":13.660216,"hpl_mdb":"G:\\BMA\\VDO_DRONE\\SUMP\\BES050_MD.jpg","home_pic":"BMA\\VDO_DRONE\\SUMP\\BES050_HO.jpg","sump_depth":2.9,"pump2_volume":1,"pump4_volume":0,"meter":400,"surveillant_mobile":"-","telephone":"-","mdb":400,"hpl_trans":"G:\\BMA\\VDO_DRONE\\SUMP\\BES050_TR.jpg","volume":66.12,"subdistrict_id":"104702","hpl_home":"G:\\BMA\\VDO_DRONE\\SUMP\\BES050_HO.jpg","sump_area":"กรุงเทพตะวันออก","sump_width":3,"fd_prevent_code":"28","area_p3_pic":"BMA\\VDO_DRONE\\SUMP\\BES050_A3.jpg","district_t":"บางนา","pump4_catagory":"-","sump_name":"บ่อสูบน้ำคูน้ำซอยลาซาลเพรนด้า","mea_tel":"0-2769-5211 , 0-2316-8001","area_p4_pic":"BMA\\VDO_DRONE\\SUMP\\BES050_A4.jpg","transformer":300,"mea":"เขตบางพลี","trans_pic":"BMA\\VDO_DRONE\\SUMP\\BES050_TR.jpg","pump2_type":"ซับเมิร์ส","mdb_pic":"BMA\\VDO_DRONE\\SUMP\\BES050_MD.jpg","area_p4_y":100.627554,"meter_pic":"BMA\\VDO_DRONE\\SUMP\\BES050_ME.jpg","area_p2_x":13.66023,"sump_code":"BE.S.050","area_p4_x":13.660216,"amount5":"-","area_p2_y":100.62755,"amount4":"-","pump5_catagory":"-","hpl_meter":"G:\\BMA\\VDO_DRONE\\SUMP\\BES050_ME.jpg","pump3_type":"-","amount3":"-","amount2":"2","area_p2_pic":"BMA\\VDO_DRONE\\SUMP\\BES050_A2.jpg","gate_type":"3","amount1":"1","area_p5_pic":"BMA\\VDO_DRONE\\SUMP\\BES050_A5.jpg","reflex_area":"กรุงเทพตะวันออก","pipe_in_bed2":2.6,"pipe_in_bed3":0,"pipe_in_bed1":2.6,"home_type":"ตู้พักอาศัยขนาดเล็ก","date_survey":"21 กุมภาพันธ์ 2021","pipe_in_bed4":0,"pump1_type":"ไฮดรอลิค","pump5_volume":0,"owner":"บางนา","pump4_type":"-","area_p1_pic":"BMA\\VDO_DRONE\\SUMP\\BES050_A1.jpg","pump3_volume":0,"pump1_catagory":"ดีเซล","objectid_1":10,"pump2_catagory":"ไฟฟ้า","sump_bed":"2.9","pipe_in_dimention1":1,"pipe_in_dimention2":1,"pipe_in_dimention3":0,"meter_code":"MEA-TOU-9204965","pipe_in_dimention4":0,"pump1_volume":2,"hpl_areap1":"G:\\BMA\\VDO_DRONE\\SUMP\\BES050_A1.jpg","surveillant_name":"-","hpl_areap3":"G:\\BMA\\VDO_DRONE\\SUMP\\BES050_A3.jpg","district_id":"1047","hpl_areap2":"G:\\BMA\\VDO_DRONE\\SUMP\\BES050_A2.jpg","hpl_areap5":"G:\\BMA\\VDO_DRONE\\SUMP\\BES050_A5.jpg","hpl_areap4":"G:\\BMA\\VDO_DRONE\\SUMP\\BES050_A4.jpg","objectid":10,"pump_amount":"3"}},{"geometry":{"type":"Point","coordinates":[100.60222800039679,13.661896002925072],"crs":null},"id":11,"type":"Feature","properties":{"utm_x":673296.0193,"pump3_catagory":"-","year":"2564","accessibility":"ใต้สถานีรถไฟฟ้าแบริ่ง แถวรร.นานาชาติ เซนต์ แอนดรูวส์ สุขุมวิท107  ถนนสุขุมวิท","pump5_type":"-","sump_type":"บ่อสูบน้ำ","utm_y":1510906.611,"area_p1_y":100.602307,"area_p1_x":13.661913,"area_p3_y":100.602188,"sump_length":1.2,"area_p3_x":13.661762,"hpl_mdb":"","home_pic":"","sump_depth":2,"pump2_volume":0,"pump4_volume":0,"meter":0,"surveillant_mobile":"-","telephone":"-","mdb":0,"hpl_trans":"","volume":2.4,"subdistrict_id":"104702","hpl_home":"","sump_area":"กรุงเทพตะวันออก","sump_width":1,"fd_prevent_code":"28","area_p3_pic":"BMA\\VDO_DRONE\\SUMP\\BES051_A3.jpg","district_t":"บางนา","pump4_catagory":"-","sump_name":"บ่อสูบน้ำปากซอยลาซาล ถนนสุขุมวิท","mea_tel":"0-2769-5211 , 0-2316-8001","area_p4_pic":"BMA\\VDO_DRONE\\SUMP\\BES051_A4.jpg","transformer":0,"mea":"เขตบางพลี","trans_pic":"","pump2_type":"-","mdb_pic":"","area_p4_y":100.602187,"meter_pic":"","area_p2_x":13.661795,"sump_code":"BE.S.051","area_p4_x":13.66176,"amount5":"-","area_p2_y":100.60221,"amount4":"-","pump5_catagory":"-","hpl_meter":"","pump3_type":"-","amount3":"-","amount2":"-","area_p2_pic":"BMA\\VDO_DRONE\\SUMP\\BES051_A2.jpg","gate_type":"8","amount1":"1","area_p5_pic":"BMA\\VDO_DRONE\\SUMP\\BES051_A5.jpg","reflex_area":"กรุงเทพตะวันออก","pipe_in_bed2":0,"pipe_in_bed3":0,"pipe_in_bed1":2,"home_type":"ไม่มี","date_survey":"21 กุมภาพันธ์ 2021","pipe_in_bed4":0,"pump1_type":"เครื่องยนต์","pump5_volume":0,"owner":"บางนา","pump4_type":"-","area_p1_pic":"BMA\\VDO_DRONE\\SUMP\\BES051_A1.jpg","pump3_volume":0,"pump1_catagory":"ดีเซล","objectid_1":11,"pump2_catagory":"-","sump_bed":"2","pipe_in_dimention1":1.2,"pipe_in_dimention2":0,"pipe_in_dimention3":0,"meter_code":"-","pipe_in_dimention4":0,"pump1_volume":0.13,"hpl_areap1":"G:\\BMA\\VDO_DRONE\\SUMP\\BES051_A1.jpg","surveillant_name":"-","hpl_areap3":"G:\\BMA\\VDO_DRONE\\SUMP\\BES051_A3.jpg","district_id":"1047","hpl_areap2":"G:\\BMA\\VDO_DRONE\\SUMP\\BES051_A2.jpg","hpl_areap5":"G:\\BMA\\VDO_DRONE\\SUMP\\BES051_A5.jpg","hpl_areap4":"G:\\BMA\\VDO_DRONE\\SUMP\\BES051_A4.jpg","objectid":11,"pump_amount":"1"}},{"geometry":{"type":"Point","coordinates":[100.60216100033647,13.662359996165774],"crs":null},"id":12,"type":"Feature","properties":{"utm_x":673288.4318,"pump3_catagory":"-","year":"2564","accessibility":"ซอยสุขุมวิท 70/4 มีร้านบุฟเฟ่สมบัติหมูกะทะ ฝั่งตรงข้ามมีเซเว่น","pump5_type":"-","sump_type":"บ่อสูบน้ำ","utm_y":1510957.895,"area_p1_y":100.602238,"area_p1_x":13.66238,"area_p3_y":100.602236,"sump_length":3.1,"area_p3_x":13.662387,"hpl_mdb":"","home_pic":"BMA\\VDO_DRONE\\SUMP\\BES052_HO.jpg","sump_depth":3.5,"pump2_volume":0,"pump4_volume":0,"meter":0,"surveillant_mobile":"-","telephone":"-","mdb":0,"hpl_trans":"","volume":21.7,"subdistrict_id":"104702","hpl_home":"G:\\BMA\\VDO_DRONE\\SUMP\\BES052_HO.jpg","sump_area":"กรุงเทพตะวันออก","sump_width":2,"fd_prevent_code":"28","area_p3_pic":"BMA\\VDO_DRONE\\SUMP\\BES052_A3.jpg","district_t":"บางนา","pump4_catagory":"-","sump_name":"บ่อสูบน้ำซอยสุขุมวิท 70/4","mea_tel":"0-2769-5211 , 0-2316-8001","area_p4_pic":"BMA\\VDO_DRONE\\SUMP\\BES052_A4.jpg","transformer":0,"mea":"เขตบางพลี","trans_pic":"","pump2_type":"-","mdb_pic":"","area_p4_y":100.602236,"meter_pic":"","area_p2_x":13.662385,"sump_code":"BE.S.052","area_p4_x":13.662398,"amount5":"-","area_p2_y":100.602236,"amount4":"-","pump5_catagory":"-","hpl_meter":"","pump3_type":"-","amount3":"-","amount2":"-","area_p2_pic":"BMA\\VDO_DRONE\\SUMP\\BES052_A2.jpg","gate_type":"8","amount1":"2","area_p5_pic":"BMA\\VDO_DRONE\\SUMP\\BES052_A5.jpg","reflex_area":"กรุงเทพตะวันออก","pipe_in_bed2":0,"pipe_in_bed3":0,"pipe_in_bed1":2,"home_type":"ตู้พักอาศัยขนาดเล็ก","date_survey":"21 กุมภาพันธ์ 2021","pipe_in_bed4":0,"pump1_type":"เครื่องยนต์","pump5_volume":0,"owner":"บางนา","pump4_type":"-","area_p1_pic":"BMA\\VDO_DRONE\\SUMP\\BES052_A1.jpg","pump3_volume":0,"pump1_catagory":"ดีเซล","objectid_1":12,"pump2_catagory":"-","sump_bed":"3.5","pipe_in_dimention1":1.2,"pipe_in_dimention2":0,"pipe_in_dimention3":0,"meter_code":"-","pipe_in_dimention4":0,"pump1_volume":0.13,"hpl_areap1":"G:\\BMA\\VDO_DRONE\\SUMP\\BES052_A1.jpg","surveillant_name":"-","hpl_areap3":"G:\\BMA\\VDO_DRONE\\SUMP\\BES052_A3.jpg","district_id":"1047","hpl_areap2":"G:\\BMA\\VDO_DRONE\\SUMP\\BES052_A2.jpg","hpl_areap5":"G:\\BMA\\VDO_DRONE\\SUMP\\BES052_A5.jpg","hpl_areap4":"G:\\BMA\\VDO_DRONE\\SUMP\\BES052_A4.jpg","objectid":12,"pump_amount":"2"}},{"geometry":{"type":"Point","coordinates":[100.60262899996023,13.662934000076168],"crs":null},"id":13,"type":"Feature","properties":{"utm_x":673338.6424,"pump3_catagory":"-","year":"2564","accessibility":"หน้าปั๊มเชลลาซาล ถนนสุขุมวิท","pump5_type":"-","sump_type":"บ่อสูบน้ำ","utm_y":1511021.732,"area_p1_y":100.602719,"area_p1_x":13.662925,"area_p3_y":100.602702,"sump_length":2.6,"area_p3_x":13.662934,"hpl_mdb":"G:\\BMA\\VDO_DRONE\\SUMP\\BES049_MD.jpg","home_pic":"BMA\\VDO_DRONE\\SUMP\\BES049_HO.jpg","sump_depth":2.3,"pump2_volume":0.13,"pump4_volume":0,"meter":200,"surveillant_mobile":"-","telephone":"-","mdb":250,"hpl_trans":"G:\\BMA\\VDO_DRONE\\SUMP\\BES049_TR.jpg","volume":11.96,"subdistrict_id":"104702","hpl_home":"G:\\BMA\\VDO_DRONE\\SUMP\\BES049_HO.jpg","sump_area":"กรุงเทพตะวันออก","sump_width":2,"fd_prevent_code":"28","area_p3_pic":"BMA\\VDO_DRONE\\SUMP\\BES049_A3.jpg","district_t":"บางนา","pump4_catagory":"-","sump_name":"บ่อสูบน้ำหน้าปั๊มเชลลาซาล ถนนสุขุมวิท","mea_tel":"0-2769-5211 , 0-2316-8001","area_p4_pic":"BMA\\VDO_DRONE\\SUMP\\BES049_A4.jpg","transformer":150,"mea":"เขตบางพลี","trans_pic":"BMA\\VDO_DRONE\\SUMP\\BES049_TR.jpg","pump2_type":"เครื่องยนต์","mdb_pic":"BMA\\VDO_DRONE\\SUMP\\BES049_MD.jpg","area_p4_y":100.602719,"meter_pic":"BMA\\VDO_DRONE\\SUMP\\BES049_ME.jpg","area_p2_x":13.662938,"sump_code":"BE.S.049","area_p4_x":13.662952,"amount5":"-","area_p2_y":100.602713,"amount4":"-","pump5_catagory":"-","hpl_meter":"G:\\BMA\\VDO_DRONE\\SUMP\\BES049_ME.jpg","pump3_type":"-","amount3":"-","amount2":"2","area_p2_pic":"BMA\\VDO_DRONE\\SUMP\\BES049_A2.jpg","gate_type":"8","amount1":"1","area_p5_pic":"BMA\\VDO_DRONE\\SUMP\\BES049_A5.jpg","reflex_area":"กรุงเทพตะวันออก","pipe_in_bed2":0,"pipe_in_bed3":0,"pipe_in_bed1":2.3,"home_type":"ตู้พักอาศัยขนาดเล็ก","date_survey":"21 กุมภาพันธ์ 2021","pipe_in_bed4":0,"pump1_type":"ซับเมิร์ส","pump5_volume":0,"owner":"บางนา","pump4_type":"-","area_p1_pic":"BMA\\VDO_DRONE\\SUMP\\BES049_A1.jpg","pump3_volume":0,"pump1_catagory":"ไฟฟ้า","objectid_1":13,"pump2_catagory":"ดีเซล","sump_bed":"2.3","pipe_in_dimention1":1.2,"pipe_in_dimention2":0,"pipe_in_dimention3":0,"meter_code":"MEA-TOU-9153839","pipe_in_dimention4":0,"pump1_volume":1,"hpl_areap1":"G:\\BMA\\VDO_DRONE\\SUMP\\BES049_A1.jpg","surveillant_name":"-","hpl_areap3":"G:\\BMA\\VDO_DRONE\\SUMP\\BES049_A3.jpg","district_id":"1047","hpl_areap2":"G:\\BMA\\VDO_DRONE\\SUMP\\BES049_A2.jpg","hpl_areap5":"G:\\BMA\\VDO_DRONE\\SUMP\\BES049_A5.jpg","hpl_areap4":"G:\\BMA\\VDO_DRONE\\SUMP\\BES049_A4.jpg","objectid":13,"pump_amount":"3"}},{"geometry":{"type":"Point","coordinates":[100.60280099955945,13.66345700146833],"crs":null},"id":14,"type":"Feature","properties":{"utm_x":673356.8676,"pump3_catagory":"-","year":"2564","accessibility":"หน้าตลาดรถยนต์ สาธุกิจ ถนนสุขุมวิท","pump5_type":"-","sump_type":"บ่อสูบน้ำ","utm_y":1511079.715,"area_p1_y":100.602719,"area_p1_x":13.663287,"area_p3_y":100.602767,"sump_length":28,"area_p3_x":13.663461,"hpl_mdb":"G:\\BMA\\VDO_DRONE\\SUMP\\BES053_MD.jpg","home_pic":"","sump_depth":8,"pump2_volume":0,"pump4_volume":0,"meter":400,"surveillant_mobile":"-","telephone":"-","mdb":800,"hpl_trans":"G:\\BMA\\VDO_DRONE\\SUMP\\BES053_TR.jpg","volume":425.6,"subdistrict_id":"104702","hpl_home":"","sump_area":"กรุงเทพตะวันออก","sump_width":1.9,"fd_prevent_code":"28","area_p3_pic":"BMA\\VDO_DRONE\\SUMP\\BES053_A3.jpg","district_t":"บางนา","pump4_catagory":"-","sump_name":"บ่อสูบน้ำ PIPE JACKING แบริ่ง ลาซาล","mea_tel":"0-2769-5211 , 0-2316-8001","area_p4_pic":"BMA\\VDO_DRONE\\SUMP\\BES053_A4.jpg","transformer":2500,"mea":"เขตบางพลี","trans_pic":"BMA\\VDO_DRONE\\SUMP\\BES053_TR.jpg","pump2_type":"-","mdb_pic":"BMA\\VDO_DRONE\\SUMP\\BES053_MD.jpg","area_p4_y":100.602792,"meter_pic":"BMA\\VDO_DRONE\\SUMP\\BES053_ME.jpg","area_p2_x":13.663238,"sump_code":"BE.S.053","area_p4_x":13.663486,"amount5":"-","area_p2_y":100.602748,"amount4":"-","pump5_catagory":"-","hpl_meter":"G:\\BMA\\VDO_DRONE\\SUMP\\BES053_ME.jpg","pump3_type":"-","amount3":"-","amount2":"-","area_p2_pic":"BMA\\VDO_DRONE\\SUMP\\BES053_A2.jpg","gate_type":"9","amount1":"3","area_p5_pic":"BMA\\VDO_DRONE\\SUMP\\BES053_A5.jpg","reflex_area":"กรุงเทพตะวันออก","pipe_in_bed2":2.3,"pipe_in_bed3":0,"pipe_in_bed1":2.3,"home_type":"ไม่มี","date_survey":"21 กุมภาพันธ์ 2021","pipe_in_bed4":0,"pump1_type":"ซับเมิร์ส","pump5_volume":0,"owner":"บางนา","pump4_type":"-","area_p1_pic":"BMA\\VDO_DRONE\\SUMP\\BES053_A1.jpg","pump3_volume":0,"pump1_catagory":"ไฟฟ้า","objectid_1":14,"pump2_catagory":"-","sump_bed":"8","pipe_in_dimention1":1.2,"pipe_in_dimention2":1.2,"pipe_in_dimention3":0,"meter_code":"MEA-TOU-9163016","pipe_in_dimention4":0,"pump1_volume":1.5,"hpl_areap1":"G:\\BMA\\VDO_DRONE\\SUMP\\BES053_A1.jpg","surveillant_name":"-","hpl_areap3":"G:\\BMA\\VDO_DRONE\\SUMP\\BES053_A3.jpg","district_id":"1047","hpl_areap2":"G:\\BMA\\VDO_DRONE\\SUMP\\BES053_A2.jpg","hpl_areap5":"G:\\BMA\\VDO_DRONE\\SUMP\\BES053_A5.jpg","hpl_areap4":"G:\\BMA\\VDO_DRONE\\SUMP\\BES053_A4.jpg","objectid":14,"pump_amount":"3"}},{"geometry":{"type":"Point","coordinates":[100.60361500008545,13.665235004020097],"crs":null},"id":15,"type":"Feature","properties":{"utm_x":673443.6285,"pump3_catagory":"-","year":"2564","accessibility":"หน้าคอนโดไอดีโอ โมบิ สุขุมวิท เยื้องโตโยต้า","pump5_type":"-","sump_type":"บ่อสูบน้ำ","utm_y":1511276.999,"area_p1_y":100.603453,"area_p1_x":13.664709,"area_p3_y":100.603417,"sump_length":1.7,"area_p3_x":13.664881,"hpl_mdb":"G:\\BMA\\VDO_DRONE\\SUMP\\BES048_MD.jpg","home_pic":"BMA\\VDO_DRONE\\SUMP\\BES048_HO.jpg","sump_depth":2.6,"pump2_volume":0,"pump4_volume":0,"meter":200,"surveillant_mobile":"-","telephone":"-","mdb":0,"hpl_trans":"","volume":5.3,"subdistrict_id":"104702","hpl_home":"G:\\BMA\\VDO_DRONE\\SUMP\\BES048_HO.jpg","sump_area":"กรุงเทพตะวันออก","sump_width":1.2,"fd_prevent_code":"28","area_p3_pic":"BMA\\VDO_DRONE\\SUMP\\BES048_A3.jpg","district_t":"บางนา","pump4_catagory":"-","sump_name":"บ่อสูบน้ำไอดีโอ ถนนสุขุมวิท","mea_tel":"0-2769-5211 , 0-2316-8001","area_p4_pic":"","transformer":0,"mea":"เขตบางพลี","trans_pic":"","pump2_type":"-","mdb_pic":"BMA\\VDO_DRONE\\SUMP\\BES048_MD.jpg","area_p4_y":100.603435,"meter_pic":"BMA\\VDO_DRONE\\SUMP\\BES048_ME.jpg","area_p2_x":13.664709,"sump_code":"BE.S.048","area_p4_x":13.664865,"amount5":"-","area_p2_y":100.603453,"amount4":"-","pump5_catagory":"-","hpl_meter":"G:\\BMA\\VDO_DRONE\\SUMP\\BES048_ME.jpg","pump3_type":"-","amount3":"-","amount2":"-","area_p2_pic":"","gate_type":"8","amount1":"1","area_p5_pic":"","reflex_area":"กรุงเทพตะวันออก","pipe_in_bed2":0,"pipe_in_bed3":0,"pipe_in_bed1":2.6,"home_type":"ตู้พักอาศัยขนาดเล็ก","date_survey":"21 กุมภาพันธ์ 2021","pipe_in_bed4":0,"pump1_type":"ซับเมิร์ส","pump5_volume":0,"owner":"บางนา","pump4_type":"-","area_p1_pic":"BMA\\VDO_DRONE\\SUMP\\BES048_A1.jpg","pump3_volume":0,"pump1_catagory":"ไฟฟ้า","objectid_1":15,"pump2_catagory":"-","sump_bed":"2.6","pipe_in_dimention1":1.2,"pipe_in_dimention2":0,"pipe_in_dimention3":0,"meter_code":"MEA-TOU-9310953","pipe_in_dimention4":0,"pump1_volume":0.5,"hpl_areap1":"G:\\BMA\\VDO_DRONE\\SUMP\\BES048_A1.jpg","surveillant_name":"-","hpl_areap3":"G:\\BMA\\VDO_DRONE\\SUMP\\BES048_A3.jpg","district_id":"1047","hpl_areap2":"","hpl_areap5":"","hpl_areap4":"","objectid":15,"pump_amount":"1"}},{"geometry":{"type":"Point","coordinates":[100.63346299959562,13.66843700137239],"crs":null},"id":16,"type":"Feature","properties":{"utm_x":676670.3138,"pump3_catagory":"-","year":"2564","accessibility":"หน้าซอยข้างเซนทรัลบางนา(หันหน้าเข้าห้างจะอยู่ทางซ้ายของห้าง)","pump5_type":"-","sump_type":"บ่อสูบน้ำ","utm_y":1511652.799,"area_p1_y":100.633518,"area_p1_x":13.668463,"area_p3_y":100.633519,"sump_length":15,"area_p3_x":13.668463,"hpl_mdb":"G:\\BMA\\VDO_DRONE\\SUMP\\BES045_MD.jpg","home_pic":"BMA\\VDO_DRONE\\SUMP\\BES045_HO.jpg","sump_depth":2.5,"pump2_volume":0.5,"pump4_volume":0,"meter":250,"surveillant_mobile":"-","telephone":"02-3960959","mdb":250,"hpl_trans":"G:\\BMA\\VDO_DRONE\\SUMP\\BES045_TR.jpg","volume":168.75,"subdistrict_id":"104701","hpl_home":"G:\\BMA\\VDO_DRONE\\SUMP\\BES045_HO.jpg","sump_area":"กรุงเทพตะวันออก","sump_width":4.5,"fd_prevent_code":"14","area_p3_pic":"BMA\\VDO_DRONE\\SUMP\\BES045_A3.jpg","district_t":"บางนา","pump4_catagory":"-","sump_name":"บ่อสูบน้ำคลองหลอด 3","mea_tel":"0-2769-5211 , 0-2316-8001","area_p4_pic":"BMA\\VDO_DRONE\\SUMP\\BES045_A4.jpg","transformer":300,"mea":"เขตบางพลี","trans_pic":"BMA\\VDO_DRONE\\SUMP\\BES045_TR.jpg","pump2_type":"ซับเมิร์ส","mdb_pic":"BMA\\VDO_DRONE\\SUMP\\BES045_MD.jpg","area_p4_y":100.633566,"meter_pic":"BMA\\VDO_DRONE\\SUMP\\BES045_ME.jpg","area_p2_x":13.668478,"sump_code":"BE.S.045","area_p4_x":13.668477,"amount5":"-","area_p2_y":100.6335,"amount4":"-","pump5_catagory":"-","hpl_meter":"G:\\BMA\\VDO_DRONE\\SUMP\\BES045_ME.jpg","pump3_type":"-","amount3":"-","amount2":"1","area_p2_pic":"BMA\\VDO_DRONE\\SUMP\\BES045_A2.jpg","gate_type":"8","amount1":"2","area_p5_pic":"BMA\\VDO_DRONE\\SUMP\\BES045_A5.jpg","reflex_area":"กรุงเทพตะวันออก","pipe_in_bed2":1.6,"pipe_in_bed3":0,"pipe_in_bed1":1.6,"home_type":"ตู้คอนเทนเนอร์","date_survey":"21 กุมภาพันธ์ 2021","pipe_in_bed4":0,"pump1_type":"ซับเมิร์ส","pump5_volume":0,"owner":"บางนา","pump4_type":"-","area_p1_pic":"BMA\\VDO_DRONE\\SUMP\\BES045_A1.jpg","pump3_volume":0,"pump1_catagory":"ไฟฟ้า","objectid_1":16,"pump2_catagory":"ไฟฟ้า","sump_bed":"2.5","pipe_in_dimention1":1.2,"pipe_in_dimention2":1.2,"pipe_in_dimention3":0,"meter_code":"MEA-TOU-9115930","pipe_in_dimention4":0,"pump1_volume":0.4,"hpl_areap1":"G:\\BMA\\VDO_DRONE\\SUMP\\BES045_A1.jpg","surveillant_name":"-","hpl_areap3":"G:\\BMA\\VDO_DRONE\\SUMP\\BES045_A3.jpg","district_id":"1047","hpl_areap2":"G:\\BMA\\VDO_DRONE\\SUMP\\BES045_A2.jpg","hpl_areap5":"G:\\BMA\\VDO_DRONE\\SUMP\\BES045_A5.jpg","hpl_areap4":"G:\\BMA\\VDO_DRONE\\SUMP\\BES045_A4.jpg","objectid":16,"pump_amount":"3"}},{"geometry":{"type":"Point","coordinates":[100.60483800037584,13.668865000484836],"crs":null},"id":17,"type":"Feature","properties":{"utm_x":673573.2781,"pump3_catagory":"-","year":"2564","accessibility":"หน้าร้านยูนิแอร์ แอร์พันธุ์อึด ใต้สถานีรถไฟฟ้าบางนา ฝั่งตรงข้ามกรมอุตุนิยมวิทยา","pump5_type":"-","sump_type":"บ่อสูบน้ำ","utm_y":1511679.464,"area_p1_y":100.60492,"area_p1_x":13.668898,"area_p3_y":100.605028,"sump_length":7.6,"area_p3_x":13.668865,"hpl_mdb":"G:\\BMA\\VDO_DRONE\\SUMP\\BES041_MD.jpg","home_pic":"BMA\\VDO_DRONE\\SUMP\\BES041_HO.jpg","sump_depth":4,"pump2_volume":1,"pump4_volume":0,"meter":400,"surveillant_mobile":"-","telephone":"02-3992608","mdb":500,"hpl_trans":"G:\\BMA\\VDO_DRONE\\SUMP\\BES041_TR.jpg","volume":60.8,"subdistrict_id":"104702","hpl_home":"G:\\BMA\\VDO_DRONE\\SUMP\\BES041_HO.jpg","sump_area":"กรุงเทพตะวันออก","sump_width":2,"fd_prevent_code":"28","area_p3_pic":"BMA\\VDO_DRONE\\SUMP\\BES041_A3.jpg","district_t":"บางนา","pump4_catagory":"-","sump_name":"บ่อสูบน้ำสุขุมวิท หน้าไปรษณีย์","mea_tel":"0-2769-5211 , 0-2316-8001","area_p4_pic":"BMA\\VDO_DRONE\\SUMP\\BES041_A4.jpg","transformer":500,"mea":"เขตบางพลี","trans_pic":"BMA\\VDO_DRONE\\SUMP\\BES041_TR.jpg","pump2_type":"ซับเมิร์ส","mdb_pic":"BMA\\VDO_DRONE\\SUMP\\BES041_MD.jpg","area_p4_y":100.60492,"meter_pic":"BMA\\VDO_DRONE\\SUMP\\BES041_ME.jpg","area_p2_x":13.668897,"sump_code":"BE.S.041","area_p4_x":13.668897,"amount5":"-","area_p2_y":100.60492,"amount4":"-","pump5_catagory":"-","hpl_meter":"G:\\BMA\\VDO_DRONE\\SUMP\\BES041_ME.jpg","pump3_type":"-","amount3":"-","amount2":"2","area_p2_pic":"BMA\\VDO_DRONE\\SUMP\\BES041_A2.jpg","gate_type":"9","amount1":"1","area_p5_pic":"BMA\\VDO_DRONE\\SUMP\\BES041_A5.jpg","reflex_area":"กรุงเทพตะวันออก","pipe_in_bed2":0,"pipe_in_bed3":0,"pipe_in_bed1":2.5,"home_type":"ตู้พักอาศัยขนาดเล็ก","date_survey":"21 กุมภาพันธ์ 2021","pipe_in_bed4":0,"pump1_type":"ซับเมิร์ส","pump5_volume":0,"owner":"บางนา","pump4_type":"-","area_p1_pic":"BMA\\VDO_DRONE\\SUMP\\BES041_A1.jpg","pump3_volume":0,"pump1_catagory":"ไฟฟ้า","objectid_1":17,"pump2_catagory":"ไฟฟ้า","sump_bed":"4","pipe_in_dimention1":2,"pipe_in_dimention2":0,"pipe_in_dimention3":0,"meter_code":"MEA-TOU-035294","pipe_in_dimention4":0,"pump1_volume":0.13,"hpl_areap1":"G:\\BMA\\VDO_DRONE\\SUMP\\BES041_A1.jpg","surveillant_name":"-","hpl_areap3":"G:\\BMA\\VDO_DRONE\\SUMP\\BES041_A3.jpg","district_id":"1047","hpl_areap2":"G:\\BMA\\VDO_DRONE\\SUMP\\BES041_A2.jpg","hpl_areap5":"G:\\BMA\\VDO_DRONE\\SUMP\\BES041_A5.jpg","hpl_areap4":"G:\\BMA\\VDO_DRONE\\SUMP\\BES041_A4.jpg","objectid":17,"pump_amount":"3"}},{"geometry":{"type":"Point","coordinates":[100.60513799976468,13.668901998362943],"crs":null},"id":18,"type":"Feature","properties":{"utm_x":673605.7054,"pump3_catagory":"-","year":"2564","accessibility":"หน้ากรมอุตุนิยมวิทยา ใต้สถานีรถไฟฟ้าบางนา","pump5_type":"-","sump_type":"บ่อสูบน้ำ","utm_y":1511683.772,"area_p1_y":100.605206,"area_p1_x":13.668897,"area_p3_y":100.605175,"sump_length":8.3,"area_p3_x":13.668888,"hpl_mdb":"G:\\BMA\\VDO_DRONE\\SUMP\\BES042_MD.jpg","home_pic":"BMA\\VDO_DRONE\\SUMP\\BES042_HO.jpg","sump_depth":4.3,"pump2_volume":1,"pump4_volume":0,"meter":400,"surveillant_mobile":"-","telephone":"02-3992608","mdb":500,"hpl_trans":"G:\\BMA\\VDO_DRONE\\SUMP\\BES042_TR.jpg","volume":117.78,"subdistrict_id":"104702","hpl_home":"G:\\BMA\\VDO_DRONE\\SUMP\\BES042_HO.jpg","sump_area":"กรุงเทพตะวันออก","sump_width":3.3,"fd_prevent_code":"28","area_p3_pic":"","district_t":"บางนา","pump4_catagory":"-","sump_name":"บ่อสูบน้ำสุขุมวิท หน้ากรมอุตุฯ","mea_tel":"0-2769-5211 , 0-2316-8001","area_p4_pic":"BMA\\VDO_DRONE\\SUMP\\BES042_A4.jpg","transformer":500,"mea":"เขตบางพลี","trans_pic":"BMA\\VDO_DRONE\\SUMP\\BES042_TR.jpg","pump2_type":"ซับเมิร์ส","mdb_pic":"BMA\\VDO_DRONE\\SUMP\\BES042_MD.jpg","area_p4_y":100.605164,"meter_pic":"BMA\\VDO_DRONE\\SUMP\\BES042_ME.jpg","area_p2_x":13.66888,"sump_code":"BE.S.042","area_p4_x":13.668895,"amount5":"-","area_p2_y":100.605184,"amount4":"-","pump5_catagory":"-","hpl_meter":"G:\\BMA\\VDO_DRONE\\SUMP\\BES042_ME.jpg","pump3_type":"-","amount3":"-","amount2":"3","area_p2_pic":"BMA\\VDO_DRONE\\SUMP\\BES042_A2.jpg","gate_type":"9","amount1":"1","area_p5_pic":"","reflex_area":"กรุงเทพตะวันออก","pipe_in_bed2":0,"pipe_in_bed3":0,"pipe_in_bed1":3,"home_type":"ตู้คอนเทนเนอร์","date_survey":"21 กุมภาพันธ์ 2021","pipe_in_bed4":0,"pump1_type":"ซับเมิร์ส","pump5_volume":0,"owner":"บางนา","pump4_type":"-","area_p1_pic":"BMA\\VDO_DRONE\\SUMP\\BES042_A1.jpg","pump3_volume":0,"pump1_catagory":"ไฟฟ้า","objectid_1":18,"pump2_catagory":"ไฟฟ้า","sump_bed":"4.3","pipe_in_dimention1":2,"pipe_in_dimention2":0,"pipe_in_dimention3":0,"meter_code":"MEA-TOU-35182924","pipe_in_dimention4":0,"pump1_volume":0.13,"hpl_areap1":"G:\\BMA\\VDO_DRONE\\SUMP\\BES042_A1.jpg","surveillant_name":"-","hpl_areap3":"","district_id":"1047","hpl_areap2":"G:\\BMA\\VDO_DRONE\\SUMP\\BES042_A2.jpg","hpl_areap5":"","hpl_areap4":"G:\\BMA\\VDO_DRONE\\SUMP\\BES042_A4.jpg","objectid":18,"pump_amount":"4"}},{"geometry":{"type":"Point","coordinates":[100.60544099999336,13.66964199885757],"crs":null},"id":19,"type":"Feature","properties":{"utm_x":673637.9422,"pump3_catagory":"ไฟฟ้า","year":"2564","accessibility":"บริเวณสะพานข้ามคลองบางนาหน้าไบเทคบางนา ถนนสุขุมวิท","pump5_type":"-","sump_type":"บ่อสูบน้ำ","utm_y":1511765.856,"area_p1_y":100.605493,"area_p1_x":13.669666,"area_p3_y":100.605517,"sump_length":4,"area_p3_x":13.669674,"hpl_mdb":"G:\\BMA\\VDO_DRONE\\SUMP\\BES040_MD.jpg","home_pic":"BMA\\VDO_DRONE\\SUMP\\BES040_HO.jpg","sump_depth":4.6,"pump2_volume":0.2,"pump4_volume":0,"meter":200,"surveillant_mobile":"-","telephone":"-","mdb":400,"hpl_trans":"G:\\BMA\\VDO_DRONE\\SUMP\\BES040_TR.jpg","volume":46,"subdistrict_id":"104702","hpl_home":"G:\\BMA\\VDO_DRONE\\SUMP\\BES040_HO.jpg","sump_area":"กรุงเทพตะวันออก","sump_width":2.5,"fd_prevent_code":"14","area_p3_pic":"BMA\\VDO_DRONE\\SUMP\\BES040_A3.jpg","district_t":"บางนา","pump4_catagory":"-","sump_name":"บ่อสูบน้ำใต้สะพานคลองบางนา","mea_tel":"0-2769-5211 , 0-2316-8001","area_p4_pic":"BMA\\VDO_DRONE\\SUMP\\BES040_A4.jpg","transformer":500,"mea":"เขตบางพลี","trans_pic":"BMA\\VDO_DRONE\\SUMP\\BES040_TR.jpg","pump2_type":"ซับเมิร์ส","mdb_pic":"BMA\\VDO_DRONE\\SUMP\\BES040_MD.jpg","area_p4_y":100.605517,"meter_pic":"BMA\\VDO_DRONE\\SUMP\\BES040_ME.jpg","area_p2_x":13.669657,"sump_code":"BE.S.040","area_p4_x":13.669674,"amount5":"-","area_p2_y":100.60547,"amount4":"-","pump5_catagory":"-","hpl_meter":"G:\\BMA\\VDO_DRONE\\SUMP\\BES040_ME.jpg","pump3_type":"ซับเมิร์ส","amount3":"1","amount2":"1","area_p2_pic":"BMA\\VDO_DRONE\\SUMP\\BES040_A2.jpg","gate_type":"9","amount1":"1","area_p5_pic":"BMA\\VDO_DRONE\\SUMP\\BES040_A5.jpg","reflex_area":"กรุงเทพตะวันออก","pipe_in_bed2":0,"pipe_in_bed3":0,"pipe_in_bed1":3,"home_type":"บ้านพัก","date_survey":"21 กุมภาพันธ์ 2021","pipe_in_bed4":0,"pump1_type":"ซับเมิร์ส","pump5_volume":0,"owner":"บางนา","pump4_type":"-","area_p1_pic":"BMA\\VDO_DRONE\\SUMP\\BES040_A1.jpg","pump3_volume":0.3,"pump1_catagory":"ไฟฟ้า","objectid_1":19,"pump2_catagory":"ไฟฟ้า","sump_bed":"4.6","pipe_in_dimention1":2,"pipe_in_dimention2":0,"pipe_in_dimention3":0,"meter_code":"MEA-TOU-049279","pipe_in_dimention4":0,"pump1_volume":0.13,"hpl_areap1":"G:\\BMA\\VDO_DRONE\\SUMP\\BES040_A1.jpg","surveillant_name":"-","hpl_areap3":"G:\\BMA\\VDO_DRONE\\SUMP\\BES040_A3.jpg","district_id":"1047","hpl_areap2":"G:\\BMA\\VDO_DRONE\\SUMP\\BES040_A2.jpg","hpl_areap5":"G:\\BMA\\VDO_DRONE\\SUMP\\BES040_A5.jpg","hpl_areap4":"G:\\BMA\\VDO_DRONE\\SUMP\\BES040_A4.jpg","objectid":19,"pump_amount":"3"}},{"geometry":{"type":"Point","coordinates":[100.60466199986791,13.685887999043302],"crs":null},"id":20,"type":"Feature","properties":{"utm_x":673541.7632,"pump3_catagory":"-","year":"2564","accessibility":"สุขุมวิท 64 แยก 7  ใกล้คอนโดElio","pump5_type":"-","sump_type":"บ่อสูบน้ำ","utm_y":1513562.608,"area_p1_y":100.604678,"area_p1_x":13.685879,"area_p3_y":100.604666,"sump_length":7.2,"area_p3_x":13.685881,"hpl_mdb":"G:\\BMA\\VDO_DRONE\\SUMP\\BES037_MD.jpg","home_pic":"","sump_depth":5.5,"pump2_volume":0,"pump4_volume":0,"meter":500,"surveillant_mobile":"-","telephone":"-","mdb":0,"hpl_trans":"G:\\BMA\\VDO_DRONE\\SUMP\\BES037_TR.jpg","volume":142.56,"subdistrict_id":"100902","hpl_home":"","sump_area":"กรุงเทพตะวันออก","sump_width":3.6,"fd_prevent_code":"14","area_p3_pic":"BMA\\VDO_DRONE\\SUMP\\BES037_A3.jpg","district_t":"พระโขนง","pump4_catagory":"-","sump_name":"บ่อสูบน้ำสุขุมวิท 64","mea_tel":"0-2791-5211 , 0-2395-0122 , 0-2388-0508","area_p4_pic":"BMA\\VDO_DRONE\\SUMP\\BES037_A4.jpg","transformer":500,"mea":"เขตสมุทรปราการ","trans_pic":"BMA\\VDO_DRONE\\SUMP\\BES037_TR.jpg","pump2_type":"-","mdb_pic":"BMA\\VDO_DRONE\\SUMP\\BES037_MD.jpg","area_p4_y":100.604666,"meter_pic":"BMA\\VDO_DRONE\\SUMP\\BES037_ME.jpg","area_p2_x":13.685905,"sump_code":"BE.S.037","area_p4_x":13.685881,"amount5":"-","area_p2_y":100.604702,"amount4":"-","pump5_catagory":"-","hpl_meter":"G:\\BMA\\VDO_DRONE\\SUMP\\BES037_ME.jpg","pump3_type":"-","amount3":"-","amount2":"-","area_p2_pic":"BMA\\VDO_DRONE\\SUMP\\BES037_A2.jpg","gate_type":"9","amount1":"4","area_p5_pic":"BMA\\VDO_DRONE\\SUMP\\BES037_A5.jpg","reflex_area":"กรุงเทพตะวันออก","pipe_in_bed2":0,"pipe_in_bed3":0,"pipe_in_bed1":3.3,"home_type":"ไม่มี","date_survey":"21 กุมภาพันธ์ 2021","pipe_in_bed4":0,"pump1_type":"ซับเมิร์ส","pump5_volume":0,"owner":"พระโขนง","pump4_type":"-","area_p1_pic":"BMA\\VDO_DRONE\\SUMP\\BES037_A1.jpg","pump3_volume":0,"pump1_catagory":"ไฟฟ้า","objectid_1":20,"pump2_catagory":"-","sump_bed":"5.5","pipe_in_dimention1":1.5,"pipe_in_dimention2":0,"pipe_in_dimention3":0,"meter_code":"MEA-TOU-9163663","pipe_in_dimention4":0,"pump1_volume":1,"hpl_areap1":"G:\\BMA\\VDO_DRONE\\SUMP\\BES037_A1.jpg","surveillant_name":"-","hpl_areap3":"G:\\BMA\\VDO_DRONE\\SUMP\\BES037_A3.jpg","district_id":"1009","hpl_areap2":"G:\\BMA\\VDO_DRONE\\SUMP\\BES037_A2.jpg","hpl_areap5":"G:\\BMA\\VDO_DRONE\\SUMP\\BES037_A5.jpg","hpl_areap4":"G:\\BMA\\VDO_DRONE\\SUMP\\BES037_A4.jpg","objectid":30,"pump_amount":"4"}},{"geometry":{"type":"Point","coordinates":[100.62255400010011,13.670612997445604],"crs":null},"id":21,"type":"Feature","properties":{"utm_x":675488.5355,"pump3_catagory":"-","year":"2564","accessibility":"ข้างร้านอาหารญี่ปุ่น TORA SUSHI ทางคู่ขนาน ถนนบางนา-ตราด","pump5_type":"-","sump_type":"บ่อสูบน้ำ","utm_y":1511885.607,"area_p1_y":100.622425,"area_p1_x":13.670777,"area_p3_y":100.622484,"sump_length":9,"area_p3_x":13.670729,"hpl_mdb":"G:\\BMA\\VDO_DRONE\\SUMP\\BES044_MD.jpg","home_pic":"BMA\\VDO_DRONE\\SUMP\\BES044_HO.jpg","sump_depth":4.3,"pump2_volume":3,"pump4_volume":0,"meter":1800,"surveillant_mobile":"-","telephone":"02-3960939","mdb":800,"hpl_trans":"G:\\BMA\\VDO_DRONE\\SUMP\\BES044_TR.jpg","volume":212.85,"subdistrict_id":"104701","hpl_home":"G:\\BMA\\VDO_DRONE\\SUMP\\BES044_HO.jpg","sump_area":"กรุงเทพตะวันออก","sump_width":5.5,"fd_prevent_code":"14","area_p3_pic":"BMA\\VDO_DRONE\\SUMP\\BES044_A3.jpg","district_t":"บางนา","pump4_catagory":"-","sump_name":"บ่อสูบน้ำคลองหลอด 2","mea_tel":"0-2769-5211 , 0-2316-8001","area_p4_pic":"BMA\\VDO_DRONE\\SUMP\\BES044_A4.jpg","transformer":500,"mea":"เขตบางพลี","trans_pic":"BMA\\VDO_DRONE\\SUMP\\BES044_TR.jpg","pump2_type":"ซับเมิร์ส","mdb_pic":"BMA\\VDO_DRONE\\SUMP\\BES044_MD.jpg","area_p4_y":100.62248,"meter_pic":"BMA\\VDO_DRONE\\SUMP\\BES044_ME.jpg","area_p2_x":13.670756,"sump_code":"BE.S.044","area_p4_x":13.670721,"amount5":"-","area_p2_y":100.622464,"amount4":"-","pump5_catagory":"-","hpl_meter":"G:\\BMA\\VDO_DRONE\\SUMP\\BES044_ME.jpg","pump3_type":"-","amount3":"-","amount2":"2","area_p2_pic":"BMA\\VDO_DRONE\\SUMP\\BES044_A2.jpg","gate_type":"8","amount1":"1","area_p5_pic":"BMA\\VDO_DRONE\\SUMP\\BES044_A5.jpg","reflex_area":"กรุงเทพตะวันออก","pipe_in_bed2":1.6,"pipe_in_bed3":0,"pipe_in_bed1":1.6,"home_type":"ตู้คอนเทนเนอร์","date_survey":"21 กุมภาพันธ์ 2021","pipe_in_bed4":0,"pump1_type":"ซับเมิร์ส","pump5_volume":0,"owner":"บางนา","pump4_type":"-","area_p1_pic":"BMA\\VDO_DRONE\\SUMP\\BES044_A1.jpg","pump3_volume":0,"pump1_catagory":"ไฟฟ้า","objectid_1":21,"pump2_catagory":"ไฟฟ้า","sump_bed":"4.3","pipe_in_dimention1":1.2,"pipe_in_dimention2":1.2,"pipe_in_dimention3":0,"meter_code":"MEA-TOU-9081931","pipe_in_dimention4":0,"pump1_volume":0.3,"hpl_areap1":"G:\\BMA\\VDO_DRONE\\SUMP\\BES044_A1.jpg","surveillant_name":"-","hpl_areap3":"G:\\BMA\\VDO_DRONE\\SUMP\\BES044_A3.jpg","district_id":"1047","hpl_areap2":"G:\\BMA\\VDO_DRONE\\SUMP\\BES044_A2.jpg","hpl_areap5":"G:\\BMA\\VDO_DRONE\\SUMP\\BES044_A5.jpg","hpl_areap4":"G:\\BMA\\VDO_DRONE\\SUMP\\BES044_A4.jpg","objectid":20,"pump_amount":"3"}},{"geometry":{"type":"Point","coordinates":[100.64425399976197,13.670627004796913],"crs":null},"id":22,"type":"Feature","properties":{"utm_x":677836.0771,"pump3_catagory":"ดีเซล","year":"2564","accessibility":"ข้างสวนอาหารเบิกไทย บริเวณสะพานข้ามคลองเคล็ด","pump5_type":"-","sump_type":"บ่อสูบน้ำ","utm_y":1511902.978,"area_p1_y":100.644312,"area_p1_x":13.670748,"area_p3_y":100.645075,"sump_length":10,"area_p3_x":13.672361,"hpl_mdb":"G:\\BMA\\VDO_DRONE\\SUMP\\BES047_MD.jpg","home_pic":"BMA\\VDO_DRONE\\SUMP\\BES047_HO.jpg","sump_depth":3,"pump2_volume":0.75,"pump4_volume":0,"meter":400,"surveillant_mobile":"-","telephone":"-","mdb":630,"hpl_trans":"G:\\BMA\\VDO_DRONE\\SUMP\\BES047_TR.jpg","volume":150,"subdistrict_id":"104701","hpl_home":"G:\\BMA\\VDO_DRONE\\SUMP\\BES047_HO.jpg","sump_area":"กรุงเทพตะวันออก","sump_width":5,"fd_prevent_code":"14","area_p3_pic":"BMA\\VDO_DRONE\\SUMP\\BES047_A3.jpg","district_t":"บางนา","pump4_catagory":"-","sump_name":"บ่อสูบน้ำคลองเคล็ด วัดศรีเอี่ยม","mea_tel":"0-2769-5211 , 0-2316-8001","area_p4_pic":"BMA\\VDO_DRONE\\SUMP\\BES047_A4.jpg","transformer":0,"mea":"เขตบางพลี","trans_pic":"BMA\\VDO_DRONE\\SUMP\\BES047_TR.jpg","pump2_type":"ไฮดรอลิค","mdb_pic":"BMA\\VDO_DRONE\\SUMP\\BES047_MD.jpg","area_p4_y":100.644307,"meter_pic":"BMA\\VDO_DRONE\\SUMP\\BES047_ME.jpg","area_p2_x":13.670748,"sump_code":"BE.S.047","area_p4_x":13.670871,"amount5":"-","area_p2_y":100.644312,"amount4":"-","pump5_catagory":"-","hpl_meter":"G:\\BMA\\VDO_DRONE\\SUMP\\BES047_ME.jpg","pump3_type":"ไฮดรอลิค","amount3":"1","amount2":"2","area_p2_pic":"BMA\\VDO_DRONE\\SUMP\\BES047_A2.jpg","gate_type":"8","amount1":"3","area_p5_pic":"","reflex_area":"กรุงเทพตะวันออก","pipe_in_bed2":0,"pipe_in_bed3":0,"pipe_in_bed1":3.3,"home_type":"ตู้พักอาศัยขนาดเล็ก","date_survey":"21 กุมภาพันธ์ 2021","pipe_in_bed4":0,"pump1_type":"ซับเมิร์ส","pump5_volume":0,"owner":"บางนา","pump4_type":"-","area_p1_pic":"BMA\\VDO_DRONE\\SUMP\\BES047_A1.jpg","pump3_volume":2,"pump1_catagory":"ไฟฟ้า","objectid_1":22,"pump2_catagory":"ดีเซล","sump_bed":"3","pipe_in_dimention1":2,"pipe_in_dimention2":0,"pipe_in_dimention3":0,"meter_code":"MEA-TOU-9070676","pipe_in_dimention4":0,"pump1_volume":0.2,"hpl_areap1":"G:\\BMA\\VDO_DRONE\\SUMP\\BES047_A1.jpg","surveillant_name":"-","hpl_areap3":"G:\\BMA\\VDO_DRONE\\SUMP\\BES047_A3.jpg","district_id":"1047","hpl_areap2":"G:\\BMA\\VDO_DRONE\\SUMP\\BES047_A2.jpg","hpl_areap5":"","hpl_areap4":"G:\\BMA\\VDO_DRONE\\SUMP\\BES047_A4.jpg","objectid":21,"pump_amount":"6"}},{"geometry":{"type":"Point","coordinates":[100.60675499992801,13.672543998715117],"crs":null},"id":23,"type":"Feature","properties":{"utm_x":673777.9639,"pump3_catagory":"-","year":"2564","accessibility":"ภายในซอยข้างโรงแรมคิวบิกบางนา ตรงไปเกือบถึงไบเทคบางนา ถนนสุขุมวิท","pump5_type":"-","sump_type":"บ่อสูบน้ำ","utm_y":1512087.849,"area_p1_y":100.606814,"area_p1_x":13.67259,"area_p3_y":100.606813,"sump_length":8.2,"area_p3_x":13.672566,"hpl_mdb":"G:\\BMA\\VDO_DRONE\\SUMP\\BES046_MD.jpg","home_pic":"BMA\\VDO_DRONE\\SUMP\\BES046_HO.jpg","sump_depth":5.2,"pump2_volume":0,"pump4_volume":0,"meter":400,"surveillant_mobile":"-","telephone":"-","mdb":800,"hpl_trans":"G:\\BMA\\VDO_DRONE\\SUMP\\BES046_TR.jpg","volume":208.94,"subdistrict_id":"104702","hpl_home":"G:\\BMA\\VDO_DRONE\\SUMP\\BES046_HO.jpg","sump_area":"กรุงเทพตะวันออก","sump_width":4.9,"fd_prevent_code":"14","area_p3_pic":"BMA\\VDO_DRONE\\SUMP\\BES046_A3.jpg","district_t":"บางนา","pump4_catagory":"-","sump_name":"บ่อสูบน้ำแยกบางนา ถนนสุขุมวิท","mea_tel":"0-2769-5211 , 0-2316-8001","area_p4_pic":"BMA\\VDO_DRONE\\SUMP\\BES046_A4.jpg","transformer":500,"mea":"เขตบางพลี","trans_pic":"BMA\\VDO_DRONE\\SUMP\\BES046_TR.jpg","pump2_type":"-","mdb_pic":"BMA\\VDO_DRONE\\SUMP\\BES046_MD.jpg","area_p4_y":100.606803,"meter_pic":"BMA\\VDO_DRONE\\SUMP\\BES046_ME.jpg","area_p2_x":13.67259,"sump_code":"BE.S.046","area_p4_x":13.672561,"amount5":"-","area_p2_y":100.606814,"amount4":"-","pump5_catagory":"-","hpl_meter":"G:\\BMA\\VDO_DRONE\\SUMP\\BES046_ME.jpg","pump3_type":"-","amount3":"-","amount2":"-","area_p2_pic":"BMA\\VDO_DRONE\\SUMP\\BES046_A2.jpg","gate_type":"9","amount1":"2","area_p5_pic":"BMA\\VDO_DRONE\\SUMP\\BES046_A5.jpg","reflex_area":"กรุงเทพตะวันออก","pipe_in_bed2":0,"pipe_in_bed3":0,"pipe_in_bed1":2.15,"home_type":"ตู้พักอาศัยขนาดกลาง","date_survey":"21 กุมภาพันธ์ 2021","pipe_in_bed4":0,"pump1_type":"ซับเมิร์ส","pump5_volume":0,"owner":"บางนา","pump4_type":"-","area_p1_pic":"BMA\\VDO_DRONE\\SUMP\\BES046_A1.jpg","pump3_volume":0,"pump1_catagory":"ไฟฟ้า","objectid_1":23,"pump2_catagory":"-","sump_bed":"5.2","pipe_in_dimention1":2,"pipe_in_dimention2":0,"pipe_in_dimention3":0,"meter_code":"MEA-TOU-9163996","pipe_in_dimention4":0,"pump1_volume":1,"hpl_areap1":"G:\\BMA\\VDO_DRONE\\SUMP\\BES046_A1.jpg","surveillant_name":"-","hpl_areap3":"G:\\BMA\\VDO_DRONE\\SUMP\\BES046_A3.jpg","district_id":"1047","hpl_areap2":"G:\\BMA\\VDO_DRONE\\SUMP\\BES046_A2.jpg","hpl_areap5":"G:\\BMA\\VDO_DRONE\\SUMP\\BES046_A5.jpg","hpl_areap4":"G:\\BMA\\VDO_DRONE\\SUMP\\BES046_A4.jpg","objectid":22,"pump_amount":"2"}},{"geometry":{"type":"Point","coordinates":[100.42962600018608,13.676160002173358],"crs":null},"id":24,"type":"Feature","properties":{"utm_x":654614.5094,"pump3_catagory":"-","year":"2564","accessibility":"หน้าซอยเอกชัย 64/3 มีบางปะกอก2คลินิกเวชกรรมอยู่หน้าซอย","pump5_type":"-","sump_type":"บ่อสูบน้ำ","utm_y":1512367.822,"area_p1_y":100.429567,"area_p1_x":13.676182,"area_p3_y":100.429567,"sump_length":1.2,"area_p3_x":13.676182,"hpl_mdb":"G:\\BMA\\VDO_DRONE\\SUMP\\BWS014_MD.jpg","home_pic":"BMA\\VDO_DRONE\\SUMP\\BWS014_HO.jpg","sump_depth":3,"pump2_volume":0,"pump4_volume":0,"meter":0,"surveillant_mobile":"-","telephone":"-","mdb":0,"hpl_trans":"","volume":4.32,"subdistrict_id":"105004","hpl_home":"G:\\BMA\\VDO_DRONE\\SUMP\\BWS014_HO.jpg","sump_area":"กรุงเทพธนบุรี","sump_width":1.2,"fd_prevent_code":"35","area_p3_pic":"BMA\\VDO_DRONE\\SUMP\\BWS014_A3.jpg","district_t":"บางบอน","pump4_catagory":"-","sump_name":"บ่อสูบน้ำถนนเอกชัย ตอนลงคลองราชมนตรี","mea_tel":"-","area_p4_pic":"BMA\\VDO_DRONE\\SUMP\\BWS014_A4.jpg","transformer":0,"mea":"-","trans_pic":"","pump2_type":"-","mdb_pic":"BMA\\VDO_DRONE\\SUMP\\BWS014_MD.jpg","area_p4_y":100.429567,"meter_pic":"BMA\\VDO_DRONE\\SUMP\\BWS014_ME.jpg","area_p2_x":13.676182,"sump_code":"BW.S.014","area_p4_x":13.676182,"amount5":"-","area_p2_y":100.429567,"amount4":"-","pump5_catagory":"-","hpl_meter":"G:\\BMA\\VDO_DRONE\\SUMP\\BWS014_ME.jpg","pump3_type":"-","amount3":"-","amount2":"-","area_p2_pic":"BMA\\VDO_DRONE\\SUMP\\BWS014_A2.jpg","gate_type":"8","amount1":"1","area_p5_pic":"BMA\\VDO_DRONE\\SUMP\\BWS014_A5.jpg","reflex_area":"กรุงเทพธนบุรี","pipe_in_bed2":0,"pipe_in_bed3":0,"pipe_in_bed1":3,"home_type":"เต็นท์","date_survey":"31 มีนาคม 2021","pipe_in_bed4":0,"pump1_type":"ไฮดรอลิค","pump5_volume":0,"owner":"บางบอน","pump4_type":"-","area_p1_pic":"BMA\\VDO_DRONE\\SUMP\\BWS014_A1.jpg","pump3_volume":0,"pump1_catagory":"ดีเซล","objectid_1":24,"pump2_catagory":"-","sump_bed":"3","pipe_in_dimention1":1.2,"pipe_in_dimention2":0,"pipe_in_dimention3":0,"meter_code":"-","pipe_in_dimention4":0,"pump1_volume":0.62,"hpl_areap1":"G:\\BMA\\VDO_DRONE\\SUMP\\BWS014_A1.jpg","surveillant_name":"-","hpl_areap3":"G:\\BMA\\VDO_DRONE\\SUMP\\BWS014_A3.jpg","district_id":"1050","hpl_areap2":"G:\\BMA\\VDO_DRONE\\SUMP\\BWS014_A2.jpg","hpl_areap5":"G:\\BMA\\VDO_DRONE\\SUMP\\BWS014_A5.jpg","hpl_areap4":"G:\\BMA\\VDO_DRONE\\SUMP\\BWS014_A4.jpg","objectid":23,"pump_amount":"1"}},{"geometry":{"type":"Point","coordinates":[100.34486400014482,13.6797220034889],"crs":null},"id":25,"type":"Feature","properties":{"utm_x":645443.7315,"pump3_catagory":"-","year":"2564","accessibility":"ใต้สะพานหนองแขม ถนนมาเจริญ","pump5_type":"-","sump_type":"บ่อสูบน้ำ","utm_y":1512709.352,"area_p1_y":100.344864,"area_p1_x":13.679725,"area_p3_y":100.344865,"sump_length":7.59,"area_p3_x":13.679723,"hpl_mdb":"G:\\BMA\\VDO_DRONE\\SUMP\\BWS054_MD.jpg","home_pic":"BMA\\VDO_DRONE\\SUMP\\BWS054_HO.jpg","sump_depth":3.35,"pump2_volume":0,"pump4_volume":0,"meter":400,"surveillant_mobile":"-","telephone":"-","mdb":500,"hpl_trans":"G:\\BMA\\VDO_DRONE\\SUMP\\BWS054_TR.jpg","volume":194.51,"subdistrict_id":"102302","hpl_home":"G:\\BMA\\VDO_DRONE\\SUMP\\BWS054_HO.jpg","sump_area":"กรุงเทพธนบุรี","sump_width":7.65,"fd_prevent_code":"34","area_p3_pic":"BMA\\VDO_DRONE\\SUMP\\BWS054_A3.jpg","district_t":"หนองแขม","pump4_catagory":"-","sump_name":"บ่อสูบน้ำซอยเพชรเกษม 81 (ใต้สะพานข้ามคลองภาษีเจริญ)","mea_tel":"0-2841-5211 , 0-2451-4104","area_p4_pic":"BMA\\VDO_DRONE\\SUMP\\BWS054_A4.jpg","transformer":200,"mea":"เขตบางขุนเทียน","trans_pic":"BMA\\VDO_DRONE\\SUMP\\BWS054_TR.jpg","pump2_type":"-","mdb_pic":"BMA\\VDO_DRONE\\SUMP\\BWS054_MD.jpg","area_p4_y":100.344863,"meter_pic":"BMA\\VDO_DRONE\\SUMP\\BWS054_ME.jpg","area_p2_x":13.679726,"sump_code":"BW.S.054","area_p4_x":13.679722,"amount5":"-","area_p2_y":100.344865,"amount4":"-","pump5_catagory":"-","hpl_meter":"G:\\BMA\\VDO_DRONE\\SUMP\\BWS054_ME.jpg","pump3_type":"-","amount3":"-","amount2":"-","area_p2_pic":"BMA\\VDO_DRONE\\SUMP\\BWS054_A2.jpg","gate_type":"8","amount1":"1","area_p5_pic":"BMA\\VDO_DRONE\\SUMP\\BWS054_A5.jpg","reflex_area":"กรุงเทพธนบุรี","pipe_in_bed2":0,"pipe_in_bed3":0,"pipe_in_bed1":2.73,"home_type":"ไม่มี","date_survey":"16 เมษายน 2021","pipe_in_bed4":0,"pump1_type":"คอลัมป์ไปท์","pump5_volume":0,"owner":"หนองแขม","pump4_type":"-","area_p1_pic":"BMA\\VDO_DRONE\\SUMP\\BWS054_A1.jpg","pump3_volume":0,"pump1_catagory":"ไฟฟ้า","objectid_1":25,"pump2_catagory":"-","sump_bed":"3.35","pipe_in_dimention1":1,"pipe_in_dimention2":0,"pipe_in_dimention3":0,"meter_code":"MEA-TOU-9304474","pipe_in_dimention4":0,"pump1_volume":0.5,"hpl_areap1":"G:\\BMA\\VDO_DRONE\\SUMP\\BWS054_A1.jpg","surveillant_name":"-","hpl_areap3":"G:\\BMA\\VDO_DRONE\\SUMP\\BWS054_A3.jpg","district_id":"1023","hpl_areap2":"G:\\BMA\\VDO_DRONE\\SUMP\\BWS054_A2.jpg","hpl_areap5":"G:\\BMA\\VDO_DRONE\\SUMP\\BWS054_A5.jpg","hpl_areap4":"G:\\BMA\\VDO_DRONE\\SUMP\\BWS054_A4.jpg","objectid":24,"pump_amount":"1"}},{"geometry":{"type":"Point","coordinates":[100.6072439997554,13.682340997003303],"crs":null},"id":26,"type":"Feature","properties":{"utm_x":673823.6728,"pump3_catagory":"-","year":"2564","accessibility":"ภายในซอยสุขุมวิท 66/1 พื้นที่โล่งๆ","pump5_type":"-","sump_type":"บ่อสูบน้ำ","utm_y":1513172.052,"area_p1_y":100.607348,"area_p1_x":13.682178,"area_p3_y":100.60727,"sump_length":14,"area_p3_x":13.682234,"hpl_mdb":"G:\\BMA\\VDO_DRONE\\SUMP\\BES043_MD.jpg","home_pic":"BMA\\VDO_DRONE\\SUMP\\BES043_HO.jpg","sump_depth":5,"pump2_volume":0,"pump4_volume":0,"meter":1600,"surveillant_mobile":"-","telephone":"02-3329527","mdb":1600,"hpl_trans":"G:\\BMA\\VDO_DRONE\\SUMP\\BES043_TR.jpg","volume":525,"subdistrict_id":"100902","hpl_home":"G:\\BMA\\VDO_DRONE\\SUMP\\BES043_HO.jpg","sump_area":"กรุงเทพตะวันออก","sump_width":7.5,"fd_prevent_code":"14","area_p3_pic":"BMA\\VDO_DRONE\\SUMP\\BES043_A3.jpg","district_t":"พระโขนง","pump4_catagory":"-","sump_name":"บ่อสูบน้ำซอยสุขุมวิท 66/1","mea_tel":"0-2791-5211 , 0-2395-0122 , 0-2388-0508","area_p4_pic":"BMA\\VDO_DRONE\\SUMP\\BES043_A4.jpg","transformer":1000,"mea":"เขตสมุทรปราการ","trans_pic":"BMA\\VDO_DRONE\\SUMP\\BES043_TR.jpg","pump2_type":"-","mdb_pic":"BMA\\VDO_DRONE\\SUMP\\BES043_MD.jpg","area_p4_y":100.607281,"meter_pic":"BMA\\VDO_DRONE\\SUMP\\BES043_ME.jpg","area_p2_x":13.6822,"sump_code":"BE.S.043","area_p4_x":13.682227,"amount5":"-","area_p2_y":100.607319,"amount4":"-","pump5_catagory":"-","hpl_meter":"G:\\BMA\\VDO_DRONE\\SUMP\\BES043_ME.jpg","pump3_type":"-","amount3":"-","amount2":"-","area_p2_pic":"BMA\\VDO_DRONE\\SUMP\\BES043_A2.jpg","gate_type":"6","amount1":"4","area_p5_pic":"BMA\\VDO_DRONE\\SUMP\\BES043_A5.jpg","reflex_area":"กรุงเทพตะวันออก","pipe_in_bed2":0,"pipe_in_bed3":0,"pipe_in_bed1":3.5,"home_type":"ตู้คอนเทนเนอร์","date_survey":"21 กุมภาพันธ์ 2021","pipe_in_bed4":0,"pump1_type":"ซับเมิร์ส","pump5_volume":0,"owner":"พระโขนง","pump4_type":"-","area_p1_pic":"BMA\\VDO_DRONE\\SUMP\\BES043_A1.jpg","pump3_volume":0,"pump1_catagory":"ไฟฟ้า","objectid_1":26,"pump2_catagory":"-","sump_bed":"5","pipe_in_dimention1":1.5,"pipe_in_dimention2":0,"pipe_in_dimention3":0,"meter_code":"MEA-TOU-40024609","pipe_in_dimention4":0,"pump1_volume":3,"hpl_areap1":"G:\\BMA\\VDO_DRONE\\SUMP\\BES043_A1.jpg","surveillant_name":"-","hpl_areap3":"G:\\BMA\\VDO_DRONE\\SUMP\\BES043_A3.jpg","district_id":"1009","hpl_areap2":"G:\\BMA\\VDO_DRONE\\SUMP\\BES043_A2.jpg","hpl_areap5":"G:\\BMA\\VDO_DRONE\\SUMP\\BES043_A5.jpg","hpl_areap4":"G:\\BMA\\VDO_DRONE\\SUMP\\BES043_A4.jpg","objectid":25,"pump_amount":"4"}},{"geometry":{"type":"Point","coordinates":[100.35501000030374,13.684433002143221],"crs":null},"id":27,"type":"Feature","properties":{"utm_x":646538.263,"pump3_catagory":"-","year":"2564","accessibility":"ถนนเลียบคลองภาษีเจริญฝั่งเหนือ ตรงข้ามมีบริษัท แสงธนา เฟอร์นิเจอร์","pump5_type":"-","sump_type":"บ่อสูบน้ำ","utm_y":1513236.598,"area_p1_y":100.355013,"area_p1_x":13.684432,"area_p3_y":100.355014,"sump_length":7.1,"area_p3_x":13.684429,"hpl_mdb":"G:\\BMA\\VDO_DRONE\\SUMP\\BWS055_MD.jpg","home_pic":"BMA\\VDO_DRONE\\SUMP\\BWS055_HO.jpg","sump_depth":3.05,"pump2_volume":0.16,"pump4_volume":0,"meter":400,"surveillant_mobile":"-","telephone":"-","mdb":630,"hpl_trans":"G:\\BMA\\VDO_DRONE\\SUMP\\BWS055_TR.jpg","volume":67.13,"subdistrict_id":"102302","hpl_home":"G:\\BMA\\VDO_DRONE\\SUMP\\BWS055_HO.jpg","sump_area":"กรุงเทพธนบุรี","sump_width":3.1,"fd_prevent_code":"34","area_p3_pic":"BMA\\VDO_DRONE\\SUMP\\BWS055_A3.jpg","district_t":"หนองแขม","pump4_catagory":"-","sump_name":"บ่อสูบน้ำคำหลิ่ม","mea_tel":"0-2841-5211 , 0-2451-4104","area_p4_pic":"BMA\\VDO_DRONE\\SUMP\\BWS055_A4.jpg","transformer":300,"mea":"เขตบางขุนเทียน","trans_pic":"BMA\\VDO_DRONE\\SUMP\\BWS055_TR.jpg","pump2_type":"ไฮดรอลิค","mdb_pic":"BMA\\VDO_DRONE\\SUMP\\BWS055_MD.jpg","area_p4_y":100.355008,"meter_pic":"BMA\\VDO_DRONE\\SUMP\\BWS055_ME.jpg","area_p2_x":13.684431,"sump_code":"BW.S.055","area_p4_x":13.68443,"amount5":"-","area_p2_y":100.355007,"amount4":"-","pump5_catagory":"-","hpl_meter":"G:\\BMA\\VDO_DRONE\\SUMP\\BWS055_ME.jpg","pump3_type":"-","amount3":"-","amount2":"1","area_p2_pic":"BMA\\VDO_DRONE\\SUMP\\BWS055_A2.jpg","gate_type":"8","amount1":"2","area_p5_pic":"BMA\\VDO_DRONE\\SUMP\\BWS055_A5.jpg","reflex_area":"กรุงเทพธนบุรี","pipe_in_bed2":0,"pipe_in_bed3":0,"pipe_in_bed1":2.3,"home_type":"ตู้คอนเทนเนอร์","date_survey":"16 เมษายน 2021","pipe_in_bed4":0,"pump1_type":"หอยโข่ง","pump5_volume":0,"owner":"หนองแขม","pump4_type":"-","area_p1_pic":"BMA\\VDO_DRONE\\SUMP\\BWS055_A1.jpg","pump3_volume":0,"pump1_catagory":"ไฟฟ้า","objectid_1":27,"pump2_catagory":"ดีเซล","sump_bed":"3.05","pipe_in_dimention1":0.8,"pipe_in_dimention2":0,"pipe_in_dimention3":0,"meter_code":"MEA-TOU-9103791","pipe_in_dimention4":0,"pump1_volume":0.4,"hpl_areap1":"G:\\BMA\\VDO_DRONE\\SUMP\\BWS055_A1.jpg","surveillant_name":"-","hpl_areap3":"G:\\BMA\\VDO_DRONE\\SUMP\\BWS055_A3.jpg","district_id":"1023","hpl_areap2":"G:\\BMA\\VDO_DRONE\\SUMP\\BWS055_A2.jpg","hpl_areap5":"G:\\BMA\\VDO_DRONE\\SUMP\\BWS055_A5.jpg","hpl_areap4":"G:\\BMA\\VDO_DRONE\\SUMP\\BWS055_A4.jpg","objectid":26,"pump_amount":"3"}},{"geometry":{"type":"Point","coordinates":[100.3638879998872,13.68581900352952],"crs":null},"id":28,"type":"Feature","properties":{"utm_x":647497.6769,"pump3_catagory":"-","year":"2564","accessibility":"ในโรงเรียนประชาบำรุงบริเวณริมคลองภาษีเจริญ","pump5_type":"-","sump_type":"บ่อสูบน้ำ","utm_y":1513395.309,"area_p1_y":100.363801,"area_p1_x":13.685846,"area_p3_y":100.36384,"sump_length":11.33,"area_p3_x":13.685827,"hpl_mdb":"G:\\BMA\\VDO_DRONE\\SUMP\\BWS050_MD.jpg","home_pic":"BMA\\VDO_DRONE\\SUMP\\BWS050_HO.jpg","sump_depth":3.24,"pump2_volume":1,"pump4_volume":0,"meter":400,"surveillant_mobile":"-","telephone":"-","mdb":630,"hpl_trans":"G:\\BMA\\VDO_DRONE\\SUMP\\BWS050_TR.jpg","volume":119.3,"subdistrict_id":"102302","hpl_home":"G:\\BMA\\VDO_DRONE\\SUMP\\BWS050_HO.jpg","sump_area":"กรุงเทพธนบุรี","sump_width":3.25,"fd_prevent_code":"34","area_p3_pic":"BMA\\VDO_DRONE\\SUMP\\BWS050_A3.jpg","district_t":"หนองแขม","pump4_catagory":"-","sump_name":"บ่อสูบน้ำเลียบคลองภาษีเจริญ ฝั่งเหนือ ซอย 3","mea_tel":"0-2841-5211 , 0-2451-4104","area_p4_pic":"BMA\\VDO_DRONE\\SUMP\\BWS050_A4.jpg","transformer":300,"mea":"เขตบางขุนเทียน","trans_pic":"BMA\\VDO_DRONE\\SUMP\\BWS050_TR.jpg","pump2_type":"คอลัมป์ไปท์","mdb_pic":"BMA\\VDO_DRONE\\SUMP\\BWS050_MD.jpg","area_p4_y":100.363847,"meter_pic":"BMA\\VDO_DRONE\\SUMP\\BWS050_ME.jpg","area_p2_x":13.685845,"sump_code":"BW.S.050","area_p4_x":13.685831,"amount5":"-","area_p2_y":100.363846,"amount4":"-","pump5_catagory":"-","hpl_meter":"G:\\BMA\\VDO_DRONE\\SUMP\\BWS050_ME.jpg","pump3_type":"-","amount3":"-","amount2":"2","area_p2_pic":"BMA\\VDO_DRONE\\SUMP\\BWS050_A2.jpg","gate_type":"2","amount1":"2","area_p5_pic":"","reflex_area":"กรุงเทพธนบุรี","pipe_in_bed2":0,"pipe_in_bed3":0,"pipe_in_bed1":3.24,"home_type":"ตู้คอนเทนเนอร์","date_survey":"16 เมษายน 2021","pipe_in_bed4":0,"pump1_type":"คอลัมป์ไปท์","pump5_volume":0,"owner":"หนองแขม","pump4_type":"-","area_p1_pic":"BMA\\VDO_DRONE\\SUMP\\BWS050_A1.jpg","pump3_volume":0,"pump1_catagory":"ไฟฟ้า","objectid_1":28,"pump2_catagory":"ไฟฟ้า","sump_bed":"3.24","pipe_in_dimention1":1.2,"pipe_in_dimention2":0,"pipe_in_dimention3":0,"meter_code":"MEA-TOU-9314044","pipe_in_dimention4":0,"pump1_volume":0.5,"hpl_areap1":"G:\\BMA\\VDO_DRONE\\SUMP\\BWS050_A1.jpg","surveillant_name":"-","hpl_areap3":"G:\\BMA\\VDO_DRONE\\SUMP\\BWS050_A3.jpg","district_id":"1023","hpl_areap2":"G:\\BMA\\VDO_DRONE\\SUMP\\BWS050_A2.jpg","hpl_areap5":"","hpl_areap4":"G:\\BMA\\VDO_DRONE\\SUMP\\BWS050_A4.jpg","objectid":27,"pump_amount":"4"}},{"geometry":{"type":"Point","coordinates":[100.42630600039485,13.686010996141304],"crs":null},"id":29,"type":"Feature","properties":{"utm_x":654248.9664,"pump3_catagory":"-","year":"2564","accessibility":"ถนนบางบอน1 ซอย1 หน้าร้านขายมอไซ","pump5_type":"-","sump_type":"บ่อสูบน้ำ","utm_y":1513455.45,"area_p1_y":100.426385,"area_p1_x":13.685924,"area_p3_y":100.426355,"sump_length":13.6,"area_p3_x":13.685823,"hpl_mdb":"G:\\BMA\\VDO_DRONE\\SUMP\\BWS006_MD.jpg","home_pic":"BMA\\VDO_DRONE\\SUMP\\BWS006_HO.jpg","sump_depth":4.6,"pump2_volume":0.5,"pump4_volume":0,"meter":400,"surveillant_mobile":"-","telephone":"-","mdb":630,"hpl_trans":"G:\\BMA\\VDO_DRONE\\SUMP\\BWS006_TR.jpg","volume":156.4,"subdistrict_id":"105003","hpl_home":"G:\\BMA\\VDO_DRONE\\SUMP\\BWS006_HO.jpg","sump_area":"กรุงเทพธนบุรี","sump_width":2.5,"fd_prevent_code":"17","area_p3_pic":"BMA\\VDO_DRONE\\SUMP\\BWS006_A3.jpg","district_t":"บางบอน","pump4_catagory":"-","sump_name":"บ่อสูบน้ำคลองบางโคลัด(ฝั่งขาเข้า) ถนนบางบอน1","mea_tel":"0-2841-5211 , 0-2451-4104","area_p4_pic":"BMA\\VDO_DRONE\\SUMP\\BWS006_A4.jpg","transformer":300,"mea":"เขตบางขุนเทียน","trans_pic":"BMA\\VDO_DRONE\\SUMP\\BWS006_TR.jpg","pump2_type":"คอลัมป์ไปท์","mdb_pic":"BMA\\VDO_DRONE\\SUMP\\BWS006_MD.jpg","area_p4_y":100.426392,"meter_pic":"BMA\\VDO_DRONE\\SUMP\\BWS006_ME.jpg","area_p2_x":13.685898,"sump_code":"BW.S.006","area_p4_x":13.685829,"amount5":"-","area_p2_y":100.426299,"amount4":"-","pump5_catagory":"-","hpl_meter":"G:\\BMA\\VDO_DRONE\\SUMP\\BWS006_ME.jpg","pump3_type":"-","amount3":"-","amount2":"1","area_p2_pic":"BMA\\VDO_DRONE\\SUMP\\BWS006_A2.jpg","gate_type":"9","amount1":"3","area_p5_pic":"","reflex_area":"กรุงเทพธนบุรี","pipe_in_bed2":0,"pipe_in_bed3":0,"pipe_in_bed1":3.6,"home_type":"ตู้คอนเทนเนอร์","date_survey":"29 มีนาคม 2021","pipe_in_bed4":0,"pump1_type":"คอลัมป์ไปท์","pump5_volume":0,"owner":"บางบอน","pump4_type":"-","area_p1_pic":"BMA\\VDO_DRONE\\SUMP\\BWS006_A1.jpg","pump3_volume":0,"pump1_catagory":"ไฟฟ้า","objectid_1":29,"pump2_catagory":"ไฟฟ้า","sump_bed":"4.5","pipe_in_dimention1":1.2,"pipe_in_dimention2":0,"pipe_in_dimention3":0,"meter_code":"MEA-TOU-9156527","pipe_in_dimention4":0,"pump1_volume":1,"hpl_areap1":"G:\\BMA\\VDO_DRONE\\SUMP\\BWS006_A1.jpg","surveillant_name":"-","hpl_areap3":"G:\\BMA\\VDO_DRONE\\SUMP\\BWS006_A3.jpg","district_id":"1050","hpl_areap2":"G:\\BMA\\VDO_DRONE\\SUMP\\BWS006_A2.jpg","hpl_areap5":"","hpl_areap4":"G:\\BMA\\VDO_DRONE\\SUMP\\BWS006_A4.jpg","objectid":28,"pump_amount":"4"}},{"geometry":{"type":"Point","coordinates":[100.4263809997928,13.686307998131355],"crs":null},"id":30,"type":"Feature","properties":{"utm_x":654256.8852,"pump3_catagory":"-","year":"2564","accessibility":"ถนนบางบอน1 หน้าบริษัท ยิ่งเจริญอุตสาหกรรม คอร์ปอร์เรชั่น จำกัด","pump5_type":"-","sump_type":"บ่อสูบน้ำ","utm_y":1513488.353,"area_p1_y":100.426363,"area_p1_x":13.68631,"area_p3_y":100.426367,"sump_length":4,"area_p3_x":13.68619,"hpl_mdb":"G:\\BMA\\VDO_DRONE\\SUMP\\BWS007_MD.jpg","home_pic":"BMA\\VDO_DRONE\\SUMP\\BWS007_HO.jpg","sump_depth":3.6,"pump2_volume":0,"pump4_volume":0,"meter":200,"surveillant_mobile":"-","telephone":"-","mdb":250,"hpl_trans":"G:\\BMA\\VDO_DRONE\\SUMP\\BWS007_TR.jpg","volume":36,"subdistrict_id":"105003","hpl_home":"G:\\BMA\\VDO_DRONE\\SUMP\\BWS007_HO.jpg","sump_area":"กรุงเทพธนบุรี","sump_width":2.5,"fd_prevent_code":"17","area_p3_pic":"BMA\\VDO_DRONE\\SUMP\\BWS007_A3.jpg","district_t":"บางบอน","pump4_catagory":"-","sump_name":"บ่อสูบน้ำคลองบางโคลัด(ฝั่งขาออก) ถนนบางบอน1","mea_tel":"0-2841-5211 , 0-2451-4104","area_p4_pic":"","transformer":300,"mea":"เขตบางขุนเทียน","trans_pic":"BMA\\VDO_DRONE\\SUMP\\BWS007_TR.jpg","pump2_type":"-","mdb_pic":"BMA\\VDO_DRONE\\SUMP\\BWS007_MD.jpg","area_p4_y":100.426448,"meter_pic":"BMA\\VDO_DRONE\\SUMP\\BWS007_ME.jpg","area_p2_x":13.6863,"sump_code":"BW.S.007","area_p4_x":13.686135,"amount5":"-","area_p2_y":100.426325,"amount4":"-","pump5_catagory":"-","hpl_meter":"G:\\BMA\\VDO_DRONE\\SUMP\\BWS007_ME.jpg","pump3_type":"-","amount3":"-","amount2":"-","area_p2_pic":"BMA\\VDO_DRONE\\SUMP\\BWS007_A2.jpg","gate_type":"8","amount1":"1","area_p5_pic":"","reflex_area":"กรุงเทพธนบุรี","pipe_in_bed2":0,"pipe_in_bed3":0,"pipe_in_bed1":3.6,"home_type":"ตู้คอนเทนเนอร์","date_survey":"29 มีนาคม 2021","pipe_in_bed4":0,"pump1_type":"หอยโข่ง","pump5_volume":0,"owner":"บางบอน","pump4_type":"-","area_p1_pic":"BMA\\VDO_DRONE\\SUMP\\BWS007_A1.jpg","pump3_volume":0,"pump1_catagory":"ไฟฟ้า","objectid_1":30,"pump2_catagory":"-","sump_bed":"3.6","pipe_in_dimention1":1.2,"pipe_in_dimention2":0,"pipe_in_dimention3":0,"meter_code":"MEA-TOU-9156351","pipe_in_dimention4":0,"pump1_volume":0.2,"hpl_areap1":"G:\\BMA\\VDO_DRONE\\SUMP\\BWS007_A1.jpg","surveillant_name":"-","hpl_areap3":"G:\\BMA\\VDO_DRONE\\SUMP\\BWS007_A3.jpg","district_id":"1050","hpl_areap2":"G:\\BMA\\VDO_DRONE\\SUMP\\BWS007_A2.jpg","hpl_areap5":"","hpl_areap4":"","objectid":29,"pump_amount":"1"}},{"geometry":{"type":"Point","coordinates":[100.38030200027805,13.693087001733803],"crs":null},"id":31,"type":"Feature","properties":{"utm_x":649268.4896,"pump3_catagory":"-","year":"2564","accessibility":"บริเวณร้านข้าวมันไก่ ถนนเลียบคลองภาษีเจริญฝั่งเหนือ ใกล้สะพานข้ามคลองทวีวัฒนา","pump5_type":"-","sump_type":"บ่อสูบน้ำ","utm_y":1514209.363,"area_p1_y":100.380303,"area_p1_x":13.693087,"area_p3_y":100.380307,"sump_length":1.76,"area_p3_x":13.693089,"hpl_mdb":"G:\\BMA\\VDO_DRONE\\SUMP\\BWS049_MD.jpg","home_pic":"","sump_depth":4.12,"pump2_volume":0,"pump4_volume":0,"meter":200,"surveillant_mobile":"-","telephone":"-","mdb":250,"hpl_trans":"G:\\BMA\\VDO_DRONE\\SUMP\\BWS049_TR.jpg","volume":10.51,"subdistrict_id":"102302","hpl_home":"","sump_area":"กรุงเทพธนบุรี","sump_width":1.45,"fd_prevent_code":"34","area_p3_pic":"BMA\\VDO_DRONE\\SUMP\\BWS049_A3.jpg","district_t":"หนองแขม","pump4_catagory":"-","sump_name":"บ่อสูบน้ำเลียบคลองภาษีเจริญ ฝั่งเหนือ ตอนคลองทวีวัฒนา","mea_tel":"0-2841-5211 , 0-2451-4104","area_p4_pic":"BMA\\VDO_DRONE\\SUMP\\BWS049_A4.jpg","transformer":24,"mea":"เขตบางขุนเทียน","trans_pic":"BMA\\VDO_DRONE\\SUMP\\BWS049_TR.jpg","pump2_type":"-","mdb_pic":"BMA\\VDO_DRONE\\SUMP\\BWS049_MD.jpg","area_p4_y":100.380302,"meter_pic":"BMA\\VDO_DRONE\\SUMP\\BWS049_ME.jpg","area_p2_x":13.69309,"sump_code":"BW.S.049","area_p4_x":13.693089,"amount5":"-","area_p2_y":100.380308,"amount4":"-","pump5_catagory":"-","hpl_meter":"G:\\BMA\\VDO_DRONE\\SUMP\\BWS049_ME.jpg","pump3_type":"-","amount3":"-","amount2":"-","area_p2_pic":"BMA\\VDO_DRONE\\SUMP\\BWS049_A2.jpg","gate_type":"8","amount1":"2","area_p5_pic":"BMA\\VDO_DRONE\\SUMP\\BWS049_A5.jpg","reflex_area":"กรุงเทพธนบุรี","pipe_in_bed2":0,"pipe_in_bed3":0,"pipe_in_bed1":2.55,"home_type":"ไม่มี","date_survey":"16 เมษายน 2021","pipe_in_bed4":0,"pump1_type":"คอลัมป์ไปท์","pump5_volume":0,"owner":"หนองแขม","pump4_type":"-","area_p1_pic":"BMA\\VDO_DRONE\\SUMP\\BWS049_A1.jpg","pump3_volume":0,"pump1_catagory":"ไฟฟ้า","objectid_1":31,"pump2_catagory":"-","sump_bed":"4.12","pipe_in_dimention1":1,"pipe_in_dimention2":0,"pipe_in_dimention3":0,"meter_code":"MEA-TOU-9110324","pipe_in_dimention4":0,"pump1_volume":1,"hpl_areap1":"G:\\BMA\\VDO_DRONE\\SUMP\\BWS049_A1.jpg","surveillant_name":"-","hpl_areap3":"G:\\BMA\\VDO_DRONE\\SUMP\\BWS049_A3.jpg","district_id":"1023","hpl_areap2":"G:\\BMA\\VDO_DRONE\\SUMP\\BWS049_A2.jpg","hpl_areap5":"G:\\BMA\\VDO_DRONE\\SUMP\\BWS049_A5.jpg","hpl_areap4":"G:\\BMA\\VDO_DRONE\\SUMP\\BWS049_A4.jpg","objectid":31,"pump_amount":"2"}},{"geometry":{"type":"Point","coordinates":[100.49252643313848,13.69311671374201],"crs":null},"id":32,"type":"Feature","properties":{"utm_x":661406.9955,"pump3_catagory":"-","year":"2564","accessibility":"บริเวณหน้าการไฟฟ้านครหลวง เขตยานนาวา ก่อนถึงท่าเรือถนนตก","pump5_type":"-","sump_type":"บ่อสูบน้ำ","utm_y":1514284.703,"area_p1_y":100.49253,"area_p1_x":13.692995,"area_p3_y":100.492465,"sump_length":5.8,"area_p3_x":13.693086,"hpl_mdb":"G:\\BMA\\VDO_DRONE\\SUMP\\BSS041_MD.jpg","home_pic":"BMA\\VDO_DRONE\\SUMP\\BSS041_HO.jpg","sump_depth":4,"pump2_volume":0.13,"pump4_volume":0,"meter":400,"surveillant_mobile":"-","telephone":"-","mdb":630,"hpl_trans":"G:\\BMA\\VDO_DRONE\\SUMP\\BSS041_TR.jpg","volume":118.32,"subdistrict_id":"103101","hpl_home":"G:\\BMA\\VDO_DRONE\\SUMP\\BSS041_HO.jpg","sump_area":"กรุงเทพใต้","sump_width":5.1,"fd_prevent_code":"11","area_p3_pic":"BMA\\VDO_DRONE\\SUMP\\BSS041_A3.jpg","district_t":"บางคอแหลม","pump4_catagory":"-","sump_name":"บ่อสูบน้ำถนนตก","mea_tel":"0-2611-5200 , 0-2289-0151","area_p4_pic":"BMA\\VDO_DRONE\\SUMP\\BSS041_A4.jpg","transformer":500,"mea":"เขตยานนาวา","trans_pic":"BMA\\VDO_DRONE\\SUMP\\BSS041_TR.jpg","pump2_type":"หอยโข่ง","mdb_pic":"BMA\\VDO_DRONE\\SUMP\\BSS041_MD.jpg","area_p4_y":100.492481,"meter_pic":"BMA\\VDO_DRONE\\SUMP\\BSS041_ME.jpg","area_p2_x":13.693079,"sump_code":"BS.S.041","area_p4_x":13.693109,"amount5":"-","area_p2_y":100.492473,"amount4":"-","pump5_catagory":"-","hpl_meter":"G:\\BMA\\VDO_DRONE\\SUMP\\BSS041_ME.jpg","pump3_type":"-","amount3":"-","amount2":"1","area_p2_pic":"BMA\\VDO_DRONE\\SUMP\\BSS041_A2.jpg","gate_type":"8","amount1":"2","area_p5_pic":"BMA\\VDO_DRONE\\SUMP\\BSS041_A5.jpg","reflex_area":"กรุงเทพใต้","pipe_in_bed2":2,"pipe_in_bed3":0,"pipe_in_bed1":2,"home_type":"ตู้คอนเทนเนอร์","date_survey":"6 มิถุนายน 2021","pipe_in_bed4":0,"pump1_type":"หอยโข่ง","pump5_volume":0,"owner":"บางคอแหลม","pump4_type":"-","area_p1_pic":"BMA\\VDO_DRONE\\SUMP\\BSS041_A1.jpg","pump3_volume":0,"pump1_catagory":"ไฟฟ้า","objectid_1":32,"pump2_catagory":"ไฟฟ้า","sump_bed":"2","pipe_in_dimention1":0.8,"pipe_in_dimention2":1,"pipe_in_dimention3":0,"meter_code":"MEA-TOU-9111645","pipe_in_dimention4":0,"pump1_volume":0.5,"hpl_areap1":"G:\\BMA\\VDO_DRONE\\SUMP\\BSS041_A1.jpg","surveillant_name":"-","hpl_areap3":"G:\\BMA\\VDO_DRONE\\SUMP\\BSS041_A3.jpg","district_id":"1031","hpl_areap2":"G:\\BMA\\VDO_DRONE\\SUMP\\BSS041_A2.jpg","hpl_areap5":"G:\\BMA\\VDO_DRONE\\SUMP\\BSS041_A5.jpg","hpl_areap4":"G:\\BMA\\VDO_DRONE\\SUMP\\BSS041_A4.jpg","objectid":32,"pump_amount":"3"}},{"geometry":{"type":"Point","coordinates":[100.36998699976007,13.694566997500141],"crs":null},"id":33,"type":"Feature","properties":{"utm_x":648151.8881,"pump3_catagory":"-","year":"2564","accessibility":"พื้นที่หญ้าขึ้นสูง ภายในเลียบคลองภาษีเจริญ ซอย 8 ตรงไปซ้ายมือ","pump5_type":"-","sump_type":"บ่อสูบน้ำ","utm_y":1514366.741,"area_p1_y":100.369988,"area_p1_x":13.694564,"area_p3_y":100.369984,"sump_length":3.74,"area_p3_x":13.694571,"hpl_mdb":"G:\\BMA\\VDO_DRONE\\SUMP\\BWS057_MD.jpg","home_pic":"","sump_depth":2,"pump2_volume":0,"pump4_volume":0,"meter":200,"surveillant_mobile":"-","telephone":"-","mdb":250,"hpl_trans":"G:\\BMA\\VDO_DRONE\\SUMP\\BWS057_TR.jpg","volume":9.28,"subdistrict_id":"102302","hpl_home":"","sump_area":"กรุงเทพธนบุรี","sump_width":1.24,"fd_prevent_code":"34","area_p3_pic":"BMA\\VDO_DRONE\\SUMP\\BWS057_A3.jpg","district_t":"หนองแขม","pump4_catagory":"-","sump_name":"บ่อสูบน้ำเลียบคลองภาษีเจริญ ซอย 8","mea_tel":"0-2841-5211 , 0-2451-4104","area_p4_pic":"BMA\\VDO_DRONE\\SUMP\\BWS057_A4.jpg","transformer":300,"mea":"เขตบางขุนเทียน","trans_pic":"BMA\\VDO_DRONE\\SUMP\\BWS057_TR.jpg","pump2_type":"-","mdb_pic":"BMA\\VDO_DRONE\\SUMP\\BWS057_MD.jpg","area_p4_y":100.369984,"meter_pic":"BMA\\VDO_DRONE\\SUMP\\BWS057_ME.jpg","area_p2_x":13.694565,"sump_code":"BW.S.057","area_p4_x":13.694568,"amount5":"-","area_p2_y":100.369985,"amount4":"-","pump5_catagory":"-","hpl_meter":"G:\\BMA\\VDO_DRONE\\SUMP\\BWS057_ME.jpg","pump3_type":"-","amount3":"-","amount2":"-","area_p2_pic":"BMA\\VDO_DRONE\\SUMP\\BWS057_A2.jpg","gate_type":"8","amount1":"1","area_p5_pic":"BMA\\VDO_DRONE\\SUMP\\BWS057_A5.jpg","reflex_area":"กรุงเทพธนบุรี","pipe_in_bed2":0,"pipe_in_bed3":0,"pipe_in_bed1":1.4,"home_type":"ไม่มี","date_survey":"16 เมษายน 2021","pipe_in_bed4":0,"pump1_type":"หอยโข่ง","pump5_volume":0,"owner":"หนองแขม","pump4_type":"-","area_p1_pic":"BMA\\VDO_DRONE\\SUMP\\BWS057_A1.jpg","pump3_volume":0,"pump1_catagory":"ไฟฟ้า","objectid_1":33,"pump2_catagory":"-","sump_bed":"2","pipe_in_dimention1":0.8,"pipe_in_dimention2":0,"pipe_in_dimention3":0,"meter_code":"MEA-TOU-9147133","pipe_in_dimention4":0,"pump1_volume":0.05,"hpl_areap1":"G:\\BMA\\VDO_DRONE\\SUMP\\BWS057_A1.jpg","surveillant_name":"-","hpl_areap3":"G:\\BMA\\VDO_DRONE\\SUMP\\BWS057_A3.jpg","district_id":"1023","hpl_areap2":"G:\\BMA\\VDO_DRONE\\SUMP\\BWS057_A2.jpg","hpl_areap5":"G:\\BMA\\VDO_DRONE\\SUMP\\BWS057_A5.jpg","hpl_areap4":"G:\\BMA\\VDO_DRONE\\SUMP\\BWS057_A4.jpg","objectid":33,"pump_amount":"1"}},{"geometry":{"type":"Point","coordinates":[100.48037327888073,13.693987454698716],"crs":null},"id":34,"type":"Feature","properties":{"utm_x":660091.8593,"pump3_catagory":"ดีเซล","year":"2564","accessibility":"พื้นที่โล่งข้างฟอร์ด จอมทอง ถนนจอมทอง","pump5_type":"-","sump_type":"บ่อสูบน้ำ","utm_y":1514372.954,"area_p1_y":100.480382,"area_p1_x":13.694013,"area_p3_y":100.480435,"sump_length":28,"area_p3_x":13.694046,"hpl_mdb":"G:\\BMA\\VDO_DRONE\\SUMP\\BWS001_MD.jpg","home_pic":"BMA\\VDO_DRONE\\SUMP\\BWS001_HO.jpg","sump_depth":3.5,"pump2_volume":0.3,"pump4_volume":0,"meter":200,"surveillant_mobile":"-","telephone":"-","mdb":200,"hpl_trans":"G:\\BMA\\VDO_DRONE\\SUMP\\BWS001_TR.jpg","volume":588,"subdistrict_id":"103503","hpl_home":"G:\\BMA\\VDO_DRONE\\SUMP\\BWS001_HO.jpg","sump_area":"กรุงเทพธนบุรี","sump_width":6,"fd_prevent_code":"35","area_p3_pic":"BMA\\VDO_DRONE\\SUMP\\BWS001_A3.jpg","district_t":"จอมทอง","pump4_catagory":"-","sump_name":"บ่อสูบน้ำโรงไม้จอมทอง","mea_tel":"0-2841-5211 , 0-2451-4104","area_p4_pic":"BMA\\VDO_DRONE\\SUMP\\BWS001_A4.jpg","transformer":225,"mea":"เขตบางขุนเทียน","trans_pic":"BMA\\VDO_DRONE\\SUMP\\BWS001_TR.jpg","pump2_type":"หอยโข่ง","mdb_pic":"BMA\\VDO_DRONE\\SUMP\\BWS001_MD.jpg","area_p4_y":100.480435,"meter_pic":"BMA\\VDO_DRONE\\SUMP\\BWS001_ME.jpg","area_p2_x":13.694046,"sump_code":"BW.S.001","area_p4_x":13.694046,"amount5":"-","area_p2_y":100.480435,"amount4":"-","pump5_catagory":"-","hpl_meter":"G:\\BMA\\VDO_DRONE\\SUMP\\BWS001_ME.jpg","pump3_type":"ไฮดรอลิค","amount3":"1","amount2":"1","area_p2_pic":"BMA\\VDO_DRONE\\SUMP\\BWS001_A2.jpg","gate_type":"8","amount1":"1","area_p5_pic":"","reflex_area":"กรุงเทพธนบุรี","pipe_in_bed2":2.4,"pipe_in_bed3":0,"pipe_in_bed1":2.35,"home_type":"ตู้คอนเทนเนอร์","date_survey":"29 มีนาคม 2021","pipe_in_bed4":0,"pump1_type":"หอยโข่ง","pump5_volume":0,"owner":"จอมทอง","pump4_type":"-","area_p1_pic":"BMA\\VDO_DRONE\\SUMP\\BWS001_A1.jpg","pump3_volume":0.62,"pump1_catagory":"ไฟฟ้า","objectid_1":34,"pump2_catagory":"ไฟฟ้า","sump_bed":"3.5","pipe_in_dimention1":0.6,"pipe_in_dimention2":0.6,"pipe_in_dimention3":0,"meter_code":"MEA-TOU-053110","pipe_in_dimention4":0,"pump1_volume":0.5,"hpl_areap1":"G:\\BMA\\VDO_DRONE\\SUMP\\BWS001_A1.jpg","surveillant_name":"-","hpl_areap3":"G:\\BMA\\VDO_DRONE\\SUMP\\BWS001_A3.jpg","district_id":"1035","hpl_areap2":"G:\\BMA\\VDO_DRONE\\SUMP\\BWS001_A2.jpg","hpl_areap5":"","hpl_areap4":"G:\\BMA\\VDO_DRONE\\SUMP\\BWS001_A4.jpg","objectid":34,"pump_amount":"3"}},{"geometry":{"type":"Point","coordinates":[100.48833100004376,13.695050000228626],"crs":null},"id":35,"type":"Feature","properties":{"utm_x":660951.8799,"pump3_catagory":"-","year":"2564","accessibility":"ภายในวัดดาวคนองบริเวณริมแม่น้ำเจ้าพระยา","pump5_type":"-","sump_type":"บ่อสูบน้ำ","utm_y":1514495.779,"area_p1_y":100.488331,"area_p1_x":13.69505,"area_p3_y":100.488331,"sump_length":6.1,"area_p3_x":13.69505,"hpl_mdb":"G:\\BMA\\VDO_DRONE\\SUMP\\BWS028_MD.jpg","home_pic":"","sump_depth":3.5,"pump2_volume":0,"pump4_volume":0,"meter":160,"surveillant_mobile":"-","telephone":"-","mdb":100,"hpl_trans":"G:\\BMA\\VDO_DRONE\\SUMP\\BWS028_TR.jpg","volume":40.57,"subdistrict_id":"101506","hpl_home":"","sump_area":"กรุงเทพธนบุรี","sump_width":1.9,"fd_prevent_code":"31","area_p3_pic":"BMA\\VDO_DRONE\\SUMP\\BWS028_A3.jpg","district_t":"ธนบุรี","pump4_catagory":"-","sump_name":"บ่อสูบน้ำหลังวัดดาวคะนอง","mea_tel":"0-2221-0812, 0-2220-5222, 0-2220-5333","area_p4_pic":"BMA\\VDO_DRONE\\SUMP\\BWS028_A4.jpg","transformer":500,"mea":"เขตวัดเลียบ","trans_pic":"BMA\\VDO_DRONE\\SUMP\\BWS028_TR.jpg","pump2_type":"-","mdb_pic":"BMA\\VDO_DRONE\\SUMP\\BWS028_MD.jpg","area_p4_y":100.488331,"meter_pic":"BMA\\VDO_DRONE\\SUMP\\BWS028_ME.jpg","area_p2_x":13.69505,"sump_code":"BW.S.028","area_p4_x":13.69505,"amount5":"-","area_p2_y":100.488331,"amount4":"-","pump5_catagory":"-","hpl_meter":"G:\\BMA\\VDO_DRONE\\SUMP\\BWS028_ME.jpg","pump3_type":"-","amount3":"-","amount2":"-","area_p2_pic":"BMA\\VDO_DRONE\\SUMP\\BWS028_A2.jpg","gate_type":"1","amount1":"1","area_p5_pic":"BMA\\VDO_DRONE\\SUMP\\BWS028_A5.jpg","reflex_area":"กรุงเทพธนบุรี","pipe_in_bed2":0,"pipe_in_bed3":0,"pipe_in_bed1":2.7,"home_type":"ไม่มี","date_survey":"1 เมษายน 2021","pipe_in_bed4":0,"pump1_type":"หอยโข่ง","pump5_volume":0,"owner":"ธนบุรี","pump4_type":"-","area_p1_pic":"BMA\\VDO_DRONE\\SUMP\\BWS028_A1.jpg","pump3_volume":0,"pump1_catagory":"ไฟฟ้า","objectid_1":35,"pump2_catagory":"-","sump_bed":"3.5","pipe_in_dimention1":0.6,"pipe_in_dimention2":0,"pipe_in_dimention3":0,"meter_code":"MEA-857808","pipe_in_dimention4":0,"pump1_volume":0.3,"hpl_areap1":"G:\\BMA\\VDO_DRONE\\SUMP\\BWS028_A1.jpg","surveillant_name":"-","hpl_areap3":"G:\\BMA\\VDO_DRONE\\SUMP\\BWS028_A3.jpg","district_id":"1015","hpl_areap2":"G:\\BMA\\VDO_DRONE\\SUMP\\BWS028_A2.jpg","hpl_areap5":"G:\\BMA\\VDO_DRONE\\SUMP\\BWS028_A5.jpg","hpl_areap4":"G:\\BMA\\VDO_DRONE\\SUMP\\BWS028_A4.jpg","objectid":35,"pump_amount":"1"}},{"geometry":{"type":"Point","coordinates":[100.47156999997101,13.698310000656285],"crs":null},"id":36,"type":"Feature","properties":{"utm_x":659136.7509,"pump3_catagory":"ไฟฟ้า","year":"2564","accessibility":"ข้างธนาคารทีเอ็มบีธนชาต สาขาถนนจอมทอง","pump5_type":"-","sump_type":"บ่อสูบน้ำ","utm_y":1514845.327,"area_p1_y":100.47157,"area_p1_x":13.69831,"area_p3_y":100.47157,"sump_length":8,"area_p3_x":13.69831,"hpl_mdb":"G:\\BMA\\VDO_DRONE\\SUMP\\BWS012_MD.jpg","home_pic":"BMA\\VDO_DRONE\\SUMP\\BWS012_HO.jpg","sump_depth":2.75,"pump2_volume":0.2,"pump4_volume":0,"meter":200,"surveillant_mobile":"-","telephone":"02-4601446","mdb":250,"hpl_trans":"G:\\BMA\\VDO_DRONE\\SUMP\\BWS012_TR.jpg","volume":46.2,"subdistrict_id":"103502","hpl_home":"G:\\BMA\\VDO_DRONE\\SUMP\\BWS012_HO.jpg","sump_area":"กรุงเทพธนบุรี","sump_width":2.1,"fd_prevent_code":"35","area_p3_pic":"BMA\\VDO_DRONE\\SUMP\\BWS012_A3.jpg","district_t":"จอมทอง","pump4_catagory":"-","sump_name":"บ่อสูบน้ำข้างธนาคารทหารไทย ถนนจอมทอง","mea_tel":"0-2611-5200 , 0-2289-0151","area_p4_pic":"BMA\\VDO_DRONE\\SUMP\\BWS012_A4.jpg","transformer":225,"mea":"เขตยานนาวา","trans_pic":"BMA\\VDO_DRONE\\SUMP\\BWS012_TR.jpg","pump2_type":"หอยโข่ง","mdb_pic":"BMA\\VDO_DRONE\\SUMP\\BWS012_MD.jpg","area_p4_y":100.47157,"meter_pic":"BMA\\VDO_DRONE\\SUMP\\BWS012_ME.jpg","area_p2_x":13.69831,"sump_code":"BW.S.012","area_p4_x":13.69831,"amount5":"-","area_p2_y":100.47157,"amount4":"-","pump5_catagory":"-","hpl_meter":"G:\\BMA\\VDO_DRONE\\SUMP\\BWS012_ME.jpg","pump3_type":"หอยโข่ง","amount3":"1","amount2":"1","area_p2_pic":"BMA\\VDO_DRONE\\SUMP\\BWS012_A2.jpg","gate_type":"4","amount1":"1","area_p5_pic":"","reflex_area":"กรุงเทพธนบุรี","pipe_in_bed2":0,"pipe_in_bed3":0,"pipe_in_bed1":2,"home_type":"ตู้คอนเทนเนอร์","date_survey":"31 มีนาคม 2021","pipe_in_bed4":0,"pump1_type":"คอลัมป์ไปท์","pump5_volume":0,"owner":"จอมทอง","pump4_type":"-","area_p1_pic":"BMA\\VDO_DRONE\\SUMP\\BWS012_A1.jpg","pump3_volume":0.13,"pump1_catagory":"ไฟฟ้า","objectid_1":36,"pump2_catagory":"ไฟฟ้า","sump_bed":"2.75","pipe_in_dimention1":1,"pipe_in_dimention2":0,"pipe_in_dimention3":0,"meter_code":"MEA-TOU-035235","pipe_in_dimention4":0,"pump1_volume":0.5,"hpl_areap1":"G:\\BMA\\VDO_DRONE\\SUMP\\BWS012_A1.jpg","surveillant_name":"-","hpl_areap3":"G:\\BMA\\VDO_DRONE\\SUMP\\BWS012_A3.jpg","district_id":"1035","hpl_areap2":"G:\\BMA\\VDO_DRONE\\SUMP\\BWS012_A2.jpg","hpl_areap5":"","hpl_areap4":"G:\\BMA\\VDO_DRONE\\SUMP\\BWS012_A4.jpg","objectid":36,"pump_amount":"3"}},{"geometry":{"type":"Point","coordinates":[100.54892593044025,13.697909751530888],"crs":null},"id":37,"type":"Feature","properties":{"utm_x":667504.1427,"pump3_catagory":"-","year":"2564","accessibility":"หลังสถานีสูบน้ำนางลิ้นจี่","pump5_type":"-","sump_type":"บ่อสูบน้ำ","utm_y":1514853.288,"area_p1_y":100.548771,"area_p1_x":13.698,"area_p3_y":100.549057,"sump_length":9,"area_p3_x":13.697847,"hpl_mdb":"G:\\BMA\\VDO_DRONE\\SUMP\\BSS047_MD.jpg","home_pic":"BMA\\VDO_DRONE\\SUMP\\BSS047_HO.jpg","sump_depth":6,"pump2_volume":1,"pump4_volume":0,"meter":200,"surveillant_mobile":"-","telephone":"-","mdb":400,"hpl_trans":"G:\\BMA\\VDO_DRONE\\SUMP\\BSS047_TR.jpg","volume":394.2,"subdistrict_id":"101203","hpl_home":"G:\\BMA\\VDO_DRONE\\SUMP\\BSS047_HO.jpg","sump_area":"กรุงเทพใต้","sump_width":7.3,"fd_prevent_code":"11","area_p3_pic":"BMA\\VDO_DRONE\\SUMP\\BSS047_A3.jpg","district_t":"ยานนาวา","pump4_catagory":"-","sump_name":"บ่อสูบน้ำนางลิ้นจี่","mea_tel":"0-2611-5200 , 0-2289-0151","area_p4_pic":"BMA\\VDO_DRONE\\SUMP\\BSS047_A4.jpg","transformer":300,"mea":"เขตยานนาวา","trans_pic":"BMA\\VDO_DRONE\\SUMP\\BSS047_TR.jpg","pump2_type":"ซับเมิร์ส","mdb_pic":"BMA\\VDO_DRONE\\SUMP\\BSS047_MD.jpg","area_p4_y":100.549008,"meter_pic":"BMA\\VDO_DRONE\\SUMP\\BSS047_ME.jpg","area_p2_x":13.697999,"sump_code":"BS.S.047","area_p4_x":13.697943,"amount5":"-","area_p2_y":100.548761,"amount4":"-","pump5_catagory":"-","hpl_meter":"G:\\BMA\\VDO_DRONE\\SUMP\\BSS047_ME.jpg","pump3_type":"-","amount3":"-","amount2":"2","area_p2_pic":"BMA\\VDO_DRONE\\SUMP\\BSS047_A2.jpg","gate_type":"9","amount1":"1","area_p5_pic":"BMA\\VDO_DRONE\\SUMP\\BSS047_A5.jpg","reflex_area":"กรุงเทพใต้","pipe_in_bed2":0,"pipe_in_bed3":0,"pipe_in_bed1":5,"home_type":"บ้านพัก","date_survey":"6 มิถุนายน 2021","pipe_in_bed4":0,"pump1_type":"ซับเมิร์ส","pump5_volume":0,"owner":"ยานนาวา","pump4_type":"-","area_p1_pic":"BMA\\VDO_DRONE\\SUMP\\BSS047_A1.jpg","pump3_volume":0,"pump1_catagory":"ไฟฟ้า","objectid_1":37,"pump2_catagory":"ไฟฟ้า","sump_bed":"5","pipe_in_dimention1":2,"pipe_in_dimention2":0,"pipe_in_dimention3":0,"meter_code":"MEA-TOU-030696","pipe_in_dimention4":0,"pump1_volume":3,"hpl_areap1":"G:\\BMA\\VDO_DRONE\\SUMP\\BSS047_A1.jpg","surveillant_name":"-","hpl_areap3":"G:\\BMA\\VDO_DRONE\\SUMP\\BSS047_A3.jpg","district_id":"1012","hpl_areap2":"G:\\BMA\\VDO_DRONE\\SUMP\\BSS047_A2.jpg","hpl_areap5":"G:\\BMA\\VDO_DRONE\\SUMP\\BSS047_A5.jpg","hpl_areap4":"G:\\BMA\\VDO_DRONE\\SUMP\\BSS047_A4.jpg","objectid":37,"pump_amount":"3"}},{"geometry":{"type":"Point","coordinates":[100.6032016608306,13.697518703889468],"crs":null},"id":38,"type":"Feature","properties":{"utm_x":673269.9786,"pump3_catagory":"-","year":"2564","accessibility":"ภายในซอยสุขุมวิท60/1 ตรงไป150เมตรเลี้ยวซ้าย บริเวณสถานีสูบน้ำสุขุมวิท60/1","pump5_type":"-","sump_type":"บ่อสูบน้ำ","utm_y":1514875.825,"area_p1_y":100.603221,"area_p1_x":13.697544,"area_p3_y":100.603174,"sump_length":9.5,"area_p3_x":13.697529,"hpl_mdb":"G:\\BMA\\VDO_DRONE\\SUMP\\BES038_MD.jpg","home_pic":"BMA\\VDO_DRONE\\SUMP\\BES038_HO.jpg","sump_depth":4.5,"pump2_volume":2,"pump4_volume":0,"meter":500,"surveillant_mobile":"-","telephone":"-","mdb":800,"hpl_trans":"G:\\BMA\\VDO_DRONE\\SUMP\\BES038_TR.jpg","volume":239.4,"subdistrict_id":"100902","hpl_home":"G:\\BMA\\VDO_DRONE\\SUMP\\BES038_HO.jpg","sump_area":"กรุงเทพตะวันออก","sump_width":5.6,"fd_prevent_code":"14","area_p3_pic":"BMA\\VDO_DRONE\\SUMP\\BES038_A3.jpg","district_t":"พระโขนง","pump4_catagory":"-","sump_name":"บ่อสูบสุขุมวิท 60/1","mea_tel":"0-2791-5211 , 0-2395-0122 , 0-2388-0508","area_p4_pic":"BMA\\VDO_DRONE\\SUMP\\BES038_A4.jpg","transformer":500,"mea":"เขตสมุทรปราการ","trans_pic":"BMA\\VDO_DRONE\\SUMP\\BES038_TR.jpg","pump2_type":"ซับเมิร์ส","mdb_pic":"BMA\\VDO_DRONE\\SUMP\\BES038_MD.jpg","area_p4_y":100.603169,"meter_pic":"BMA\\VDO_DRONE\\SUMP\\BES038_ME.jpg","area_p2_x":13.697525,"sump_code":"BE.S.038","area_p4_x":13.697524,"amount5":"-","area_p2_y":100.603209,"amount4":"-","pump5_catagory":"-","hpl_meter":"G:\\BMA\\VDO_DRONE\\SUMP\\BES038_ME.jpg","pump3_type":"-","amount3":"-","amount2":"2","area_p2_pic":"BMA\\VDO_DRONE\\SUMP\\BES038_A2.jpg","gate_type":"9","amount1":"1","area_p5_pic":"BMA\\VDO_DRONE\\SUMP\\BES038_A5.jpg","reflex_area":"กรุงเทพตะวันออก","pipe_in_bed2":0,"pipe_in_bed3":0,"pipe_in_bed1":2.7,"home_type":"บ้านพัก","date_survey":"21 กุมภาพันธ์ 2021","pipe_in_bed4":0,"pump1_type":"ซับเมิร์ส","pump5_volume":0,"owner":"พระโขนง","pump4_type":"-","area_p1_pic":"BMA\\VDO_DRONE\\SUMP\\BES038_A1.jpg","pump3_volume":0,"pump1_catagory":"ไฟฟ้า","objectid_1":38,"pump2_catagory":"ไฟฟ้า","sump_bed":"4.5","pipe_in_dimention1":1.5,"pipe_in_dimention2":0,"pipe_in_dimention3":0,"meter_code":"MEA-TOU-9091067","pipe_in_dimention4":0,"pump1_volume":1,"hpl_areap1":"G:\\BMA\\VDO_DRONE\\SUMP\\BES038_A1.jpg","surveillant_name":"-","hpl_areap3":"G:\\BMA\\VDO_DRONE\\SUMP\\BES038_A3.jpg","district_id":"1009","hpl_areap2":"G:\\BMA\\VDO_DRONE\\SUMP\\BES038_A2.jpg","hpl_areap5":"G:\\BMA\\VDO_DRONE\\SUMP\\BES038_A5.jpg","hpl_areap4":"G:\\BMA\\VDO_DRONE\\SUMP\\BES038_A4.jpg","objectid":38,"pump_amount":"3"}},{"geometry":{"type":"Point","coordinates":[100.46400599965769,13.698981997226081],"crs":null},"id":39,"type":"Feature","properties":{"utm_x":658318.1644,"pump3_catagory":"-","year":"2564","accessibility":"ทางกลับรถใต้สะพานบางขุนเทียน ใกล้ศาลเจ้าแม่ทับทิม","pump5_type":"-","sump_type":"บ่อสูบน้ำ","utm_y":1514914.702,"area_p1_y":100.464006,"area_p1_x":13.698982,"area_p3_y":100.464006,"sump_length":4,"area_p3_x":13.698982,"hpl_mdb":"G:\\BMA\\VDO_DRONE\\SUMP\\BWS013_MD.jpg","home_pic":"BMA\\VDO_DRONE\\SUMP\\BWS013_HO.jpg","sump_depth":2.5,"pump2_volume":0,"pump4_volume":0,"meter":400,"surveillant_mobile":"-","telephone":"-","mdb":630,"hpl_trans":"G:\\BMA\\VDO_DRONE\\SUMP\\BWS013_TR.jpg","volume":15,"subdistrict_id":"103503","hpl_home":"G:\\BMA\\VDO_DRONE\\SUMP\\BWS013_HO.jpg","sump_area":"กรุงเทพธนบุรี","sump_width":1.5,"fd_prevent_code":"35","area_p3_pic":"BMA\\VDO_DRONE\\SUMP\\BWS013_A3.jpg","district_t":"จอมทอง","pump4_catagory":"-","sump_name":"บ่อสูบน้ำใต้สะพานบางขุนเทียน","mea_tel":"0-2611-5200 , 0-2289-0151","area_p4_pic":"BMA\\VDO_DRONE\\SUMP\\BWS013_A4.jpg","transformer":300,"mea":"เขตยานนาวา","trans_pic":"BMA\\VDO_DRONE\\SUMP\\BWS013_TR.jpg","pump2_type":"-","mdb_pic":"BMA\\VDO_DRONE\\SUMP\\BWS013_MD.jpg","area_p4_y":100.464006,"meter_pic":"BMA\\VDO_DRONE\\SUMP\\BWS013_ME.jpg","area_p2_x":13.698982,"sump_code":"BW.S.013","area_p4_x":13.698982,"amount5":"-","area_p2_y":100.464006,"amount4":"-","pump5_catagory":"-","hpl_meter":"G:\\BMA\\VDO_DRONE\\SUMP\\BWS013_ME.jpg","pump3_type":"-","amount3":"-","amount2":"-","area_p2_pic":"BMA\\VDO_DRONE\\SUMP\\BWS013_A2.jpg","gate_type":"9","amount1":"2","area_p5_pic":"","reflex_area":"กรุงเทพธนบุรี","pipe_in_bed2":0,"pipe_in_bed3":0,"pipe_in_bed1":2.3,"home_type":"ตู้คอนเทนเนอร์","date_survey":"31 มีนาคม 2021","pipe_in_bed4":0,"pump1_type":"หอยโข่ง","pump5_volume":0,"owner":"จอมทอง","pump4_type":"-","area_p1_pic":"BMA\\VDO_DRONE\\SUMP\\BWS013_A1.jpg","pump3_volume":0,"pump1_catagory":"ไฟฟ้า","objectid_1":39,"pump2_catagory":"-","sump_bed":"2.5","pipe_in_dimention1":0.8,"pipe_in_dimention2":0,"pipe_in_dimention3":0,"meter_code":"MEA-TOU-033969","pipe_in_dimention4":0,"pump1_volume":0.08,"hpl_areap1":"G:\\BMA\\VDO_DRONE\\SUMP\\BWS013_A1.jpg","surveillant_name":"-","hpl_areap3":"G:\\BMA\\VDO_DRONE\\SUMP\\BWS013_A3.jpg","district_id":"1035","hpl_areap2":"G:\\BMA\\VDO_DRONE\\SUMP\\BWS013_A2.jpg","hpl_areap5":"","hpl_areap4":"G:\\BMA\\VDO_DRONE\\SUMP\\BWS013_A4.jpg","objectid":39,"pump_amount":"2"}},{"geometry":{"type":"Point","coordinates":[100.6469889999467,13.698058996106159],"crs":null},"id":40,"type":"Feature","properties":{"utm_x":678111.3127,"pump3_catagory":"-","year":"2564","accessibility":"ถนนศรีนครินทร์ขาเข้า(หัวม้าลาย) ก่อนถึงแม็คโคร","pump5_type":"-","sump_type":"บ่อสูบน้ำ","utm_y":1514939.872,"area_p1_y":100.644307,"area_p1_x":13.670871,"area_p3_y":100.647039,"sump_length":3.3,"area_p3_x":13.698089,"hpl_mdb":"G:\\BMA\\VDO_DRONE\\SUMP\\BES034_MD.jpg","home_pic":"BMA\\VDO_DRONE\\SUMP\\BES034_HO.jpg","sump_depth":4,"pump2_volume":1,"pump4_volume":0,"meter":400,"surveillant_mobile":"-","telephone":"-","mdb":630,"hpl_trans":"G:\\BMA\\VDO_DRONE\\SUMP\\BES034_TR.jpg","volume":52.8,"subdistrict_id":"103202","hpl_home":"G:\\BMA\\VDO_DRONE\\SUMP\\BES034_HO.jpg","sump_area":"กรุงเทพตะวันออก","sump_width":4,"fd_prevent_code":"14","area_p3_pic":"BMA\\VDO_DRONE\\SUMP\\BES034_A3.jpg","district_t":"ประเวศ","pump4_catagory":"-","sump_name":"บ่อสูบน้ำคลองขวาง ถนนศรีนครินทร์ขาเข้า(หัวม้าลาย)","mea_tel":"0-2769-5211 , 0-2316-8001","area_p4_pic":"","transformer":500,"mea":"เขตบางพลี","trans_pic":"BMA\\VDO_DRONE\\SUMP\\BES034_TR.jpg","pump2_type":"ซับเมิร์ส","mdb_pic":"BMA\\VDO_DRONE\\SUMP\\BES034_MD.jpg","area_p4_y":100.647039,"meter_pic":"BMA\\VDO_DRONE\\SUMP\\BES034_ME.jpg","area_p2_x":13.698094,"sump_code":"BE.S.034","area_p4_x":13.698089,"amount5":"-","area_p2_y":100.647045,"amount4":"-","pump5_catagory":"-","hpl_meter":"G:\\BMA\\VDO_DRONE\\SUMP\\BES034_ME.jpg","pump3_type":"-","amount3":"-","amount2":"1","area_p2_pic":"BMA\\VDO_DRONE\\SUMP\\BES034_A2.jpg","gate_type":"8","amount1":"1","area_p5_pic":"","reflex_area":"กรุงเทพตะวันออก","pipe_in_bed2":4.7,"pipe_in_bed3":0,"pipe_in_bed1":4.7,"home_type":"ตู้คอนเทนเนอร์","date_survey":"21 กุมภาพันธ์ 2021","pipe_in_bed4":0,"pump1_type":"ซับเมิร์ส","pump5_volume":0,"owner":"ประเวศ","pump4_type":"-","area_p1_pic":"BMA\\VDO_DRONE\\SUMP\\BES034_A1.jpg","pump3_volume":0,"pump1_catagory":"ไฟฟ้า","objectid_1":40,"pump2_catagory":"ไฟฟ้า","sump_bed":"4","pipe_in_dimention1":1.5,"pipe_in_dimention2":1.5,"pipe_in_dimention3":0,"meter_code":"MEA-TOU-9303654","pipe_in_dimention4":0,"pump1_volume":0.5,"hpl_areap1":"G:\\BMA\\VDO_DRONE\\SUMP\\BES034_A1.jpg","surveillant_name":"-","hpl_areap3":"G:\\BMA\\VDO_DRONE\\SUMP\\BES034_A3.jpg","district_id":"1032","hpl_areap2":"G:\\BMA\\VDO_DRONE\\SUMP\\BES034_A2.jpg","hpl_areap5":"","hpl_areap4":"","objectid":40,"pump_amount":"2"}},{"geometry":{"type":"Point","coordinates":[100.6473340003252,13.698165002917646],"crs":null},"id":41,"type":"Feature","properties":{"utm_x":678148.5516,"pump3_catagory":"-","year":"2564","accessibility":"ถนนศรีนครินทร์ อยู่ระหว่างซีคอนโฮมกับโชว์รูมSUBARU","pump5_type":"-","sump_type":"บ่อสูบน้ำ","utm_y":1514951.854,"area_p1_y":100.647325,"area_p1_x":13.698205,"area_p3_y":100.647282,"sump_length":4.5,"area_p3_x":13.698194,"hpl_mdb":"G:\\BMA\\VDO_DRONE\\SUMP\\BES036_MD.jpg","home_pic":"BMA\\VDO_DRONE\\SUMP\\BES036_HO.jpg","sump_depth":2.6,"pump2_volume":0,"pump4_volume":0,"meter":400,"surveillant_mobile":"-","telephone":"02-3210047","mdb":250,"hpl_trans":"G:\\BMA\\VDO_DRONE\\SUMP\\BES036_TR.jpg","volume":36.27,"subdistrict_id":"103202","hpl_home":"G:\\BMA\\VDO_DRONE\\SUMP\\BES036_HO.jpg","sump_area":"กรุงเทพตะวันออก","sump_width":3.1,"fd_prevent_code":"14","area_p3_pic":"BMA\\VDO_DRONE\\SUMP\\BES036_A3.jpg","district_t":"ประเวศ","pump4_catagory":"-","sump_name":"บ่อสูบน้ำคลองขวาง ถนนศรีนครินทร์ขาออก ซีคอน","mea_tel":"0-2769-5211 , 0-2316-8001","area_p4_pic":"","transformer":500,"mea":"เขตบางพลี","trans_pic":"BMA\\VDO_DRONE\\SUMP\\BES036_TR.jpg","pump2_type":"-","mdb_pic":"BMA\\VDO_DRONE\\SUMP\\BES036_MD.jpg","area_p4_y":100.647291,"meter_pic":"BMA\\VDO_DRONE\\SUMP\\BES036_ME.jpg","area_p2_x":13.698194,"sump_code":"BE.S.036","area_p4_x":13.6982,"amount5":"-","area_p2_y":100.647306,"amount4":"-","pump5_catagory":"-","hpl_meter":"G:\\BMA\\VDO_DRONE\\SUMP\\BES036_ME.jpg","pump3_type":"-","amount3":"-","amount2":"-","area_p2_pic":"BMA\\VDO_DRONE\\SUMP\\BES036_A2.jpg","gate_type":"9","amount1":"2","area_p5_pic":"","reflex_area":"กรุงเทพตะวันออก","pipe_in_bed2":2.6,"pipe_in_bed3":0,"pipe_in_bed1":2.6,"home_type":"ตู้พักอาศัยขนาดกลาง","date_survey":"21 กุมภาพันธ์ 2021","pipe_in_bed4":0,"pump1_type":"ซับเมิร์ส","pump5_volume":0,"owner":"ประเวศ","pump4_type":"-","area_p1_pic":"BMA\\VDO_DRONE\\SUMP\\BES036_A1.jpg","pump3_volume":0,"pump1_catagory":"ไฟฟ้า","objectid_1":41,"pump2_catagory":"-","sump_bed":"2","pipe_in_dimention1":1.5,"pipe_in_dimention2":1.5,"pipe_in_dimention3":0,"meter_code":"MEA-TOU-9182034","pipe_in_dimention4":0,"pump1_volume":1,"hpl_areap1":"G:\\BMA\\VDO_DRONE\\SUMP\\BES036_A1.jpg","surveillant_name":"-","hpl_areap3":"G:\\BMA\\VDO_DRONE\\SUMP\\BES036_A3.jpg","district_id":"1032","hpl_areap2":"G:\\BMA\\VDO_DRONE\\SUMP\\BES036_A2.jpg","hpl_areap5":"","hpl_areap4":"","objectid":41,"pump_amount":"2"}},{"geometry":{"type":"Point","coordinates":[100.63823100033538,13.69876399840953],"crs":null},"id":42,"type":"Feature","properties":{"utm_x":677163.4315,"pump3_catagory":"-","year":"2564","accessibility":"ซอยอ่อนนุช46 ข้างคลินิกGrand New Life ตรงข้ามหอขวัญ อพาร์ทเมนท์","pump5_type":"-","sump_type":"บ่อสูบน้ำ","utm_y":1515011.435,"area_p1_y":100.638332,"area_p1_x":13.698791,"area_p3_y":100.638303,"sump_length":11.7,"area_p3_x":13.698774,"hpl_mdb":"G:\\BMA\\VDO_DRONE\\SUMP\\BES035_MD.jpg","home_pic":"BMA\\VDO_DRONE\\SUMP\\BES035_HO.jpg","sump_depth":4.2,"pump2_volume":0,"pump4_volume":0,"meter":400,"surveillant_mobile":"-","telephone":"-","mdb":500,"hpl_trans":"G:\\BMA\\VDO_DRONE\\SUMP\\BES035_TR.jpg","volume":196.56,"subdistrict_id":"103202","hpl_home":"G:\\BMA\\VDO_DRONE\\SUMP\\BES035_HO.jpg","sump_area":"กรุงเทพตะวันออก","sump_width":4,"fd_prevent_code":"14","area_p3_pic":"BMA\\VDO_DRONE\\SUMP\\BES035_A3.jpg","district_t":"ประเวศ","pump4_catagory":"-","sump_name":"บ่อสูบน้ำหมู่บ้านมิตรภาพ 2-3","mea_tel":"0-2769-5211 , 0-2316-8001","area_p4_pic":"BMA\\VDO_DRONE\\SUMP\\BES035_A4.jpg","transformer":300,"mea":"เขตบางพลี","trans_pic":"BMA\\VDO_DRONE\\SUMP\\BES035_TR.jpg","pump2_type":"-","mdb_pic":"BMA\\VDO_DRONE\\SUMP\\BES035_MD.jpg","area_p4_y":100.638279,"meter_pic":"BMA\\VDO_DRONE\\SUMP\\BES035_ME.jpg","area_p2_x":13.698791,"sump_code":"BE.S.035","area_p4_x":13.698787,"amount5":"-","area_p2_y":100.638331,"amount4":"-","pump5_catagory":"-","hpl_meter":"G:\\BMA\\VDO_DRONE\\SUMP\\BES035_ME.jpg","pump3_type":"-","amount3":"-","amount2":"-","area_p2_pic":"BMA\\VDO_DRONE\\SUMP\\BES035_A2.jpg","gate_type":"9","amount1":"3","area_p5_pic":"BMA\\VDO_DRONE\\SUMP\\BES035_A5.jpg","reflex_area":"กรุงเทพตะวันออก","pipe_in_bed2":1.8,"pipe_in_bed3":2.3,"pipe_in_bed1":1.8,"home_type":"ตู้พักอาศัยขนาดเล็ก","date_survey":"21 กุมภาพันธ์ 2021","pipe_in_bed4":2.3,"pump1_type":"ซับเมิร์ส","pump5_volume":0,"owner":"ประเวศ","pump4_type":"-","area_p1_pic":"BMA\\VDO_DRONE\\SUMP\\BES035_A1.jpg","pump3_volume":0,"pump1_catagory":"ไฟฟ้า","objectid_1":42,"pump2_catagory":"-","sump_bed":"4.2","pipe_in_dimention1":1,"pipe_in_dimention2":1,"pipe_in_dimention3":1,"meter_code":"MEA-TOU-9105200","pipe_in_dimention4":1,"pump1_volume":1,"hpl_areap1":"G:\\BMA\\VDO_DRONE\\SUMP\\BES035_A1.jpg","surveillant_name":"-","hpl_areap3":"G:\\BMA\\VDO_DRONE\\SUMP\\BES035_A3.jpg","district_id":"1032","hpl_areap2":"G:\\BMA\\VDO_DRONE\\SUMP\\BES035_A2.jpg","hpl_areap5":"G:\\BMA\\VDO_DRONE\\SUMP\\BES035_A5.jpg","hpl_areap4":"G:\\BMA\\VDO_DRONE\\SUMP\\BES035_A4.jpg","objectid":42,"pump_amount":"3"}},{"geometry":{"type":"Point","coordinates":[100.4904110002005,13.701707997569837],"crs":null},"id":43,"type":"Feature","properties":{"utm_x":661172.3235,"pump3_catagory":"-","year":"2564","accessibility":"ใต้สะพานกลับรถฝั่งศาลเจ้าบ้วนชุนตั๊ว ถนน มไหสวรรย์","pump5_type":"-","sump_type":"บ่อสูบน้ำ","utm_y":1515233.71,"area_p1_y":100.490411,"area_p1_x":13.701708,"area_p3_y":100.490411,"sump_length":4.2,"area_p3_x":13.701708,"hpl_mdb":"G:\\BMA\\VDO_DRONE\\SUMP\\BWS027_MD.jpg","home_pic":"","sump_depth":2.4,"pump2_volume":0,"pump4_volume":0,"meter":150,"surveillant_mobile":"-","telephone":"-","mdb":100,"hpl_trans":"","volume":19.15,"subdistrict_id":"101506","hpl_home":"","sump_area":"กรุงเทพธนบุรี","sump_width":1.9,"fd_prevent_code":"31","area_p3_pic":"BMA\\VDO_DRONE\\SUMP\\BWS027_A3.jpg","district_t":"ธนบุรี","pump4_catagory":"-","sump_name":"บ่อสูบน้ำใต้สะพานกรุงเทพ","mea_tel":"0-2221-0812, 0-2220-5222, 0-2220-5333","area_p4_pic":"BMA\\VDO_DRONE\\SUMP\\BWS027_A4.jpg","transformer":0,"mea":"เขตวัดเลียบ","trans_pic":"","pump2_type":"-","mdb_pic":"BMA\\VDO_DRONE\\SUMP\\BWS027_MD.jpg","area_p4_y":100.490411,"meter_pic":"BMA\\VDO_DRONE\\SUMP\\BWS027_ME.jpg","area_p2_x":13.701708,"sump_code":"BW.S.027","area_p4_x":13.701708,"amount5":"-","area_p2_y":100.490411,"amount4":"-","pump5_catagory":"-","hpl_meter":"G:\\BMA\\VDO_DRONE\\SUMP\\BWS027_ME.jpg","pump3_type":"-","amount3":"-","amount2":"-","area_p2_pic":"BMA\\VDO_DRONE\\SUMP\\BWS027_A2.jpg","gate_type":"1","amount1":"1","area_p5_pic":"","reflex_area":"กรุงเทพธนบุรี","pipe_in_bed2":0,"pipe_in_bed3":0,"pipe_in_bed1":2.4,"home_type":"ไม่มี","date_survey":"1 เมษายน 2021","pipe_in_bed4":0,"pump1_type":"หอยโข่ง","pump5_volume":0,"owner":"ธนบุรี","pump4_type":"-","area_p1_pic":"BMA\\VDO_DRONE\\SUMP\\BWS027_A1.jpg","pump3_volume":0,"pump1_catagory":"ไฟฟ้า","objectid_1":43,"pump2_catagory":"-","sump_bed":"2.4","pipe_in_dimention1":1,"pipe_in_dimention2":0,"pipe_in_dimention3":0,"meter_code":"MEA-1624581","pipe_in_dimention4":0,"pump1_volume":0.3,"hpl_areap1":"G:\\BMA\\VDO_DRONE\\SUMP\\BWS027_A1.jpg","surveillant_name":"-","hpl_areap3":"G:\\BMA\\VDO_DRONE\\SUMP\\BWS027_A3.jpg","district_id":"1015","hpl_areap2":"G:\\BMA\\VDO_DRONE\\SUMP\\BWS027_A2.jpg","hpl_areap5":"","hpl_areap4":"G:\\BMA\\VDO_DRONE\\SUMP\\BWS027_A4.jpg","objectid":43,"pump_amount":"1"}},{"geometry":{"type":"Point","coordinates":[100.38846000033912,13.702861996929384],"crs":null},"id":44,"type":"Feature","properties":{"utm_x":650144.6588,"pump3_catagory":"-","year":"2564","accessibility":"เพชรเกษม 63/2 ภายในหมู่บ้านหลักสองนิเวศน์สุดซอย","pump5_type":"-","sump_type":"บ่อสูบน้ำ","utm_y":1515295.734,"area_p1_y":100.38846,"area_p1_x":13.702862,"area_p3_y":100.38846,"sump_length":11,"area_p3_x":13.702862,"hpl_mdb":"G:\\BMA\\VDO_DRONE\\SUMP\\BWS040_MD.jpg","home_pic":"BMA\\VDO_DRONE\\SUMP\\BWS040_HO.jpg","sump_depth":4.1,"pump2_volume":0,"pump4_volume":0,"meter":400,"surveillant_mobile":"-","telephone":"-","mdb":800,"hpl_trans":"G:\\BMA\\VDO_DRONE\\SUMP\\BWS040_TR.jpg","volume":180.4,"subdistrict_id":"104004","hpl_home":"G:\\BMA\\VDO_DRONE\\SUMP\\BWS040_HO.jpg","sump_area":"กรุงเทพธนบุรี","sump_width":4,"fd_prevent_code":"16","area_p3_pic":"BMA\\VDO_DRONE\\SUMP\\BWS040_A3.jpg","district_t":"บางแค","pump4_catagory":"-","sump_name":"บ่อสูบน้ำซอยเพชรเกษม 63/2","mea_tel":"0-2841-5211 , 0-2451-4104","area_p4_pic":"BMA\\VDO_DRONE\\SUMP\\BWS040_A4.jpg","transformer":500,"mea":"เขตบางขุนเทียน","trans_pic":"BMA\\VDO_DRONE\\SUMP\\BWS040_TR.jpg","pump2_type":"-","mdb_pic":"BMA\\VDO_DRONE\\SUMP\\BWS040_MD.jpg","area_p4_y":100.38846,"meter_pic":"BMA\\VDO_DRONE\\SUMP\\BWS040_ME.jpg","area_p2_x":13.702862,"sump_code":"BW.S.040","area_p4_x":13.702862,"amount5":"-","area_p2_y":100.38846,"amount4":"-","pump5_catagory":"-","hpl_meter":"G:\\BMA\\VDO_DRONE\\SUMP\\BWS040_ME.jpg","pump3_type":"-","amount3":"-","amount2":"-","area_p2_pic":"BMA\\VDO_DRONE\\SUMP\\BWS040_A2.jpg","gate_type":"8","amount1":"4","area_p5_pic":"BMA\\VDO_DRONE\\SUMP\\BWS040_A5.jpg","reflex_area":"กรุงเทพธนบุรี","pipe_in_bed2":0,"pipe_in_bed3":0,"pipe_in_bed1":2,"home_type":"ตู้คอนเทนเนอร์","date_survey":"7 เมษายน 2021","pipe_in_bed4":0,"pump1_type":"คอลัมป์ไปท์","pump5_volume":0,"owner":"บางแค","pump4_type":"-","area_p1_pic":"BMA\\VDO_DRONE\\SUMP\\BWS040_A1.jpg","pump3_volume":0,"pump1_catagory":"ไฟฟ้า","objectid_1":44,"pump2_catagory":"-","sump_bed":"4.1","pipe_in_dimention1":1.75,"pipe_in_dimention2":0,"pipe_in_dimention3":0,"meter_code":"MEA-TOU-9084195","pipe_in_dimention4":0,"pump1_volume":1,"hpl_areap1":"G:\\BMA\\VDO_DRONE\\SUMP\\BWS040_A1.jpg","surveillant_name":"-","hpl_areap3":"G:\\BMA\\VDO_DRONE\\SUMP\\BWS040_A3.jpg","district_id":"1040","hpl_areap2":"G:\\BMA\\VDO_DRONE\\SUMP\\BWS040_A2.jpg","hpl_areap5":"G:\\BMA\\VDO_DRONE\\SUMP\\BWS040_A5.jpg","hpl_areap4":"G:\\BMA\\VDO_DRONE\\SUMP\\BWS040_A4.jpg","objectid":44,"pump_amount":"4"}},{"geometry":{"type":"Point","coordinates":[100.59015100022503,13.702892002382233],"crs":null},"id":45,"type":"Feature","properties":{"utm_x":671959.6954,"pump3_catagory":"-","year":"2564","accessibility":"ซอยสุขุมวิท50 บริเวณใต้ทางพิเศษเฉลิมมหานคร เยื้องฝั่งตรงข้ามมีตึกสูงกำลังสร้าง","pump5_type":"-","sump_type":"บ่อสูบน้ำ","utm_y":1515433.41,"area_p1_y":100.590257,"area_p1_x":13.702965,"area_p3_y":100.590212,"sump_length":5,"area_p3_x":13.702949,"hpl_mdb":"G:\\BMA\\VDO_DRONE\\SUMP\\BSS054_MD.jpg","home_pic":"","sump_depth":5.5,"pump2_volume":0,"pump4_volume":0,"meter":400,"surveillant_mobile":"-","telephone":"-","mdb":500,"hpl_trans":"G:\\BMA\\VDO_DRONE\\SUMP\\BSS054_TR.jpg","volume":68.75,"subdistrict_id":"103303","hpl_home":"","sump_area":"กรุงเทพใต้","sump_width":2.5,"fd_prevent_code":"14","area_p3_pic":"BMA\\VDO_DRONE\\SUMP\\BSS054_A3.jpg","district_t":"คลองเตย","pump4_catagory":"-","sump_name":"บ่อสูบน้ำสุขุมวิท? 50","mea_tel":"0-2348-5211 , 0-2249-0800","area_p4_pic":"BMA\\VDO_DRONE\\SUMP\\BSS054_A4.jpg","transformer":500,"mea":"สำนักงานใหญ่คลองเตย","trans_pic":"BMA\\VDO_DRONE\\SUMP\\BSS054_TR.jpg","pump2_type":"-","mdb_pic":"BMA\\VDO_DRONE\\SUMP\\BSS054_MD.jpg","area_p4_y":100.590175,"meter_pic":"BMA\\VDO_DRONE\\SUMP\\BSS054_ME.jpg","area_p2_x":13.702928,"sump_code":"BS.S.054","area_p4_x":13.703144,"amount5":"-","area_p2_y":100.590226,"amount4":"-","pump5_catagory":"-","hpl_meter":"G:\\BMA\\VDO_DRONE\\SUMP\\BSS054_ME.jpg","pump3_type":"-","amount3":"-","amount2":"-","area_p2_pic":"BMA\\VDO_DRONE\\SUMP\\BSS054_A2.jpg","gate_type":"8","amount1":"1","area_p5_pic":"BMA\\VDO_DRONE\\SUMP\\BSS054_A5.jpg","reflex_area":"กรุงเทพใต้","pipe_in_bed2":0,"pipe_in_bed3":0,"pipe_in_bed1":5,"home_type":"ไม่มี","date_survey":"6 มิถุนายน 2021","pipe_in_bed4":0,"pump1_type":"ซับเมิร์ส","pump5_volume":0,"owner":"คลองเตย","pump4_type":"-","area_p1_pic":"BMA\\VDO_DRONE\\SUMP\\BSS054_A1.jpg","pump3_volume":0,"pump1_catagory":"ไฟฟ้า","objectid_1":45,"pump2_catagory":"-","sump_bed":"5.5","pipe_in_dimention1":1.2,"pipe_in_dimention2":0,"pipe_in_dimention3":0,"meter_code":"MEA-96753395","pipe_in_dimention4":0,"pump1_volume":0.5,"hpl_areap1":"G:\\BMA\\VDO_DRONE\\SUMP\\BSS054_A1.jpg","surveillant_name":"-","hpl_areap3":"G:\\BMA\\VDO_DRONE\\SUMP\\BSS054_A3.jpg","district_id":"1033","hpl_areap2":"G:\\BMA\\VDO_DRONE\\SUMP\\BSS054_A2.jpg","hpl_areap5":"G:\\BMA\\VDO_DRONE\\SUMP\\BSS054_A5.jpg","hpl_areap4":"G:\\BMA\\VDO_DRONE\\SUMP\\BSS054_A4.jpg","objectid":45,"pump_amount":"1"}},{"geometry":{"type":"Point","coordinates":[100.64031499975539,13.704243999379207],"crs":null},"id":46,"type":"Feature","properties":{"utm_x":677384.7444,"pump3_catagory":"-","year":"2564","accessibility":"ซอยหมู่บ้านมิตรกาพ4 1141-1217 สุดซอย หน้าซอยมีร้านฮันชา-ชานมไข่มุก","pump5_type":"-","sump_type":"บ่อสูบน้ำ","utm_y":1515619.231,"area_p1_y":100.640334,"area_p1_x":13.704228,"area_p3_y":100.64034,"sump_length":3,"area_p3_x":13.704238,"hpl_mdb":"G:\\BMA\\VDO_DRONE\\SUMP\\BES033_MD.jpg","home_pic":"BMA\\VDO_DRONE\\SUMP\\BES033_HO.jpg","sump_depth":3.6,"pump2_volume":0.2,"pump4_volume":0,"meter":15,"surveillant_mobile":"-","telephone":"-","mdb":100,"hpl_trans":"","volume":21.6,"subdistrict_id":"103402","hpl_home":"G:\\BMA\\VDO_DRONE\\SUMP\\BES033_HO.jpg","sump_area":"กรุงเทพตะวันออก","sump_width":2,"fd_prevent_code":"14","area_p3_pic":"","district_t":"สวนหลวง","pump4_catagory":"-","sump_name":"บ่อสูบน้ำหมู่บ้านมิตรภาพ 1","mea_tel":"0-2769-5211 , 0-2316-8001","area_p4_pic":"","transformer":0,"mea":"เขตบางพลี","trans_pic":"","pump2_type":"ซับเมิร์ส","mdb_pic":"BMA\\VDO_DRONE\\SUMP\\BES033_MD.jpg","area_p4_y":100.640346,"meter_pic":"BMA\\VDO_DRONE\\SUMP\\BES033_ME.jpg","area_p2_x":13.704237,"sump_code":"BE.S.033","area_p4_x":13.704267,"amount5":"-","area_p2_y":100.640333,"amount4":"-","pump5_catagory":"-","hpl_meter":"G:\\BMA\\VDO_DRONE\\SUMP\\BES033_ME.jpg","pump3_type":"-","amount3":"-","amount2":"1","area_p2_pic":"BMA\\VDO_DRONE\\SUMP\\BES033_A2.jpg","gate_type":"9","amount1":"1","area_p5_pic":"","reflex_area":"กรุงเทพตะวันออก","pipe_in_bed2":1.6,"pipe_in_bed3":0,"pipe_in_bed1":1.6,"home_type":"บ้านพัก","date_survey":"21 กุมภาพันธ์ 2021","pipe_in_bed4":0,"pump1_type":"เครื่องยนต์","pump5_volume":0,"owner":"สวนหลวง","pump4_type":"-","area_p1_pic":"BMA\\VDO_DRONE\\SUMP\\BES033_A1.jpg","pump3_volume":0,"pump1_catagory":"ดีเซล","objectid_1":46,"pump2_catagory":"ไฟฟ้า","sump_bed":"3.6","pipe_in_dimention1":0.8,"pipe_in_dimention2":0.8,"pipe_in_dimention3":0,"meter_code":"MEA-4668493","pipe_in_dimention4":0,"pump1_volume":0.13,"hpl_areap1":"G:\\BMA\\VDO_DRONE\\SUMP\\BES033_A1.jpg","surveillant_name":"-","hpl_areap3":"","district_id":"1034","hpl_areap2":"G:\\BMA\\VDO_DRONE\\SUMP\\BES033_A2.jpg","hpl_areap5":"","hpl_areap4":"","objectid":46,"pump_amount":"2"}},{"geometry":{"type":"Point","coordinates":[100.37375300013417,13.707804002702002],"crs":null},"id":47,"type":"Feature","properties":{"utm_x":648550.8998,"pump3_catagory":"-","year":"2564","accessibility":"ปากซอยเพชรเกษม69 บริเวณสะพานข้ามคลองทวีวัฒนา","pump5_type":"-","sump_type":"บ่อสูบน้ำ","utm_y":1515833.338,"area_p1_y":100.373753,"area_p1_x":13.707804,"area_p3_y":100.373753,"sump_length":1.73,"area_p3_x":13.707804,"hpl_mdb":"G:\\BMA\\VDO_DRONE\\SUMP\\BWS068_MD.jpg","home_pic":"BMA\\VDO_DRONE\\SUMP\\BWS068_HO.jpg","sump_depth":8,"pump2_volume":0,"pump4_volume":0,"meter":400,"surveillant_mobile":"-","telephone":"-","mdb":630,"hpl_trans":"G:\\BMA\\VDO_DRONE\\SUMP\\BWS068_TR.jpg","volume":52.59,"subdistrict_id":"104004","hpl_home":"G:\\BMA\\VDO_DRONE\\SUMP\\BWS068_HO.jpg","sump_area":"กรุงเทพธนบุรี","sump_width":3.8,"fd_prevent_code":"16","area_p3_pic":"BMA\\VDO_DRONE\\SUMP\\BWS068_A3.jpg","district_t":"บางแค","pump4_catagory":"-","sump_name":"บ่อสูบน้ำซอยเพชรเกษม 69 (อินทปัจ)","mea_tel":"0-2841-5211 , 0-2451-4104","area_p4_pic":"BMA\\VDO_DRONE\\SUMP\\BWS068_A4.jpg","transformer":225,"mea":"เขตบางขุนเทียน","trans_pic":"BMA\\VDO_DRONE\\SUMP\\BWS068_TR.jpg","pump2_type":"-","mdb_pic":"BMA\\VDO_DRONE\\SUMP\\BWS068_MD.jpg","area_p4_y":100.373753,"meter_pic":"BMA\\VDO_DRONE\\SUMP\\BWS068_ME.jpg","area_p2_x":13.707804,"sump_code":"BW.S.068","area_p4_x":13.707804,"amount5":"-","area_p2_y":100.373753,"amount4":"-","pump5_catagory":"-","hpl_meter":"G:\\BMA\\VDO_DRONE\\SUMP\\BWS068_ME.jpg","pump3_type":"-","amount3":"-","amount2":"-","area_p2_pic":"BMA\\VDO_DRONE\\SUMP\\BWS068_A2.jpg","gate_type":"8","amount1":"2","area_p5_pic":"","reflex_area":"กรุงเทพธนบุรี","pipe_in_bed2":0,"pipe_in_bed3":0,"pipe_in_bed1":4,"home_type":"ตู้คอนเทนเนอร์","date_survey":"19 เมษายน 2021","pipe_in_bed4":0,"pump1_type":"คอลัมป์ไปท์","pump5_volume":0,"owner":"บางแค","pump4_type":"-","area_p1_pic":"BMA\\VDO_DRONE\\SUMP\\BWS068_A1.jpg","pump3_volume":0,"pump1_catagory":"ไฟฟ้า","objectid_1":47,"pump2_catagory":"-","sump_bed":"8","pipe_in_dimention1":2,"pipe_in_dimention2":0,"pipe_in_dimention3":0,"meter_code":"MEA-TOU-054882","pipe_in_dimention4":0,"pump1_volume":0.5,"hpl_areap1":"G:\\BMA\\VDO_DRONE\\SUMP\\BWS068_A1.jpg","surveillant_name":"-","hpl_areap3":"G:\\BMA\\VDO_DRONE\\SUMP\\BWS068_A3.jpg","district_id":"1040","hpl_areap2":"G:\\BMA\\VDO_DRONE\\SUMP\\BWS068_A2.jpg","hpl_areap5":"","hpl_areap4":"G:\\BMA\\VDO_DRONE\\SUMP\\BWS068_A4.jpg","objectid":47,"pump_amount":"2"}},{"geometry":{"type":"Point","coordinates":[100.49926500027341,13.707257002618963],"crs":null},"id":48,"type":"Feature","properties":{"utm_x":662126.1791,"pump3_catagory":"-","year":"2564","accessibility":"ริมแม่น้ำเจ้าพระยาภายในซอย เจริญนคร 44","pump5_type":"-","sump_type":"บ่อสูบน้ำ","utm_y":1515853.495,"area_p1_y":100.499265,"area_p1_x":13.707257,"area_p3_y":100.499265,"sump_length":6.2,"area_p3_x":13.707257,"hpl_mdb":"G:\\BMA\\VDO_DRONE\\SUMP\\BWS033_MD.jpg","home_pic":"","sump_depth":3.4,"pump2_volume":0,"pump4_volume":0,"meter":150,"surveillant_mobile":"-","telephone":"-","mdb":100,"hpl_trans":"G:\\BMA\\VDO_DRONE\\SUMP\\BWS033_TR.jpg","volume":46.38,"subdistrict_id":"101803","hpl_home":"","sump_area":"กรุงเทพธนบุรี","sump_width":2.2,"fd_prevent_code":"31","area_p3_pic":"BMA\\VDO_DRONE\\SUMP\\BWS033_A3.jpg","district_t":"คลองสาน","pump4_catagory":"-","sump_name":"บ่อสูบน้ำชุมชนชัยโพธิ์ทอง เจริญนคร 55","mea_tel":"0-2221-0812, 0-2220-5222, 0-2220-5333","area_p4_pic":"BMA\\VDO_DRONE\\SUMP\\BWS033_A4.jpg","transformer":150,"mea":"เขตวัดเลียบ","trans_pic":"BMA\\VDO_DRONE\\SUMP\\BWS033_TR.jpg","pump2_type":"-","mdb_pic":"BMA\\VDO_DRONE\\SUMP\\BWS033_MD.jpg","area_p4_y":100.499265,"meter_pic":"BMA\\VDO_DRONE\\SUMP\\BWS033_ME.jpg","area_p2_x":13.707257,"sump_code":"BW.S.033","area_p4_x":13.707257,"amount5":"-","area_p2_y":100.499265,"amount4":"-","pump5_catagory":"-","hpl_meter":"G:\\BMA\\VDO_DRONE\\SUMP\\BWS033_ME.jpg","pump3_type":"-","amount3":"-","amount2":"-","area_p2_pic":"BMA\\VDO_DRONE\\SUMP\\BWS033_A2.jpg","gate_type":"1","amount1":"1","area_p5_pic":"BMA\\VDO_DRONE\\SUMP\\BWS033_A5.jpg","reflex_area":"กรุงเทพธนบุรี","pipe_in_bed2":0,"pipe_in_bed3":0,"pipe_in_bed1":2.1,"home_type":"ไม่มี","date_survey":"2 เมษายน 2021","pipe_in_bed4":0,"pump1_type":"หอยโข่ง","pump5_volume":0,"owner":"คลองสาน","pump4_type":"-","area_p1_pic":"BMA\\VDO_DRONE\\SUMP\\BWS033_A1.jpg","pump3_volume":0,"pump1_catagory":"ไฟฟ้า","objectid_1":48,"pump2_catagory":"-","sump_bed":"1","pipe_in_dimention1":1,"pipe_in_dimention2":0,"pipe_in_dimention3":0,"meter_code":"MEA-TOU-9093666","pipe_in_dimention4":0,"pump1_volume":0.3,"hpl_areap1":"G:\\BMA\\VDO_DRONE\\SUMP\\BWS033_A1.jpg","surveillant_name":"-","hpl_areap3":"G:\\BMA\\VDO_DRONE\\SUMP\\BWS033_A3.jpg","district_id":"1018","hpl_areap2":"G:\\BMA\\VDO_DRONE\\SUMP\\BWS033_A2.jpg","hpl_areap5":"G:\\BMA\\VDO_DRONE\\SUMP\\BWS033_A5.jpg","hpl_areap4":"G:\\BMA\\VDO_DRONE\\SUMP\\BWS033_A4.jpg","objectid":48,"pump_amount":"1"}},{"geometry":{"type":"Point","coordinates":[100.53765541805454,13.70705159693975],"crs":null},"id":49,"type":"Feature","properties":{"utm_x":666278.6321,"pump3_catagory":"ไฟฟ้า","year":"2564","accessibility":"ถนน นราธิวาสราชนครินทร์บริเวณแยกถนนจันทน์","pump5_type":"-","sump_type":"บ่อสูบน้ำ","utm_y":1515856.854,"area_p1_y":100.53761,"area_p1_x":13.706966,"area_p3_y":100.537716,"sump_length":19.2,"area_p3_x":13.706821,"hpl_mdb":"G:\\BMA\\VDO_DRONE\\SUMP\\BSS043_MD.jpg","home_pic":"BMA\\VDO_DRONE\\SUMP\\BSS043_HO.jpg","sump_depth":7.5,"pump2_volume":1.5,"pump4_volume":0,"meter":10,"surveillant_mobile":"-","telephone":"-","mdb":1250,"hpl_trans":"G:\\BMA\\VDO_DRONE\\SUMP\\BSS043_TR.jpg","volume":604.8,"subdistrict_id":"101203","hpl_home":"G:\\BMA\\VDO_DRONE\\SUMP\\BSS043_HO.jpg","sump_area":"กรุงเทพใต้","sump_width":4.2,"fd_prevent_code":"11","area_p3_pic":"BMA\\VDO_DRONE\\SUMP\\BSS043_A3.jpg","district_t":"ยานนาวา","pump4_catagory":"-","sump_name":"บ่อสูบน้ำถนนจันทน์","mea_tel":"0-2611-5200 , 0-2289-0151","area_p4_pic":"BMA\\VDO_DRONE\\SUMP\\BSS043_A4.jpg","transformer":500,"mea":"เขตยานนาวา","trans_pic":"BMA\\VDO_DRONE\\SUMP\\BSS043_TR.jpg","pump2_type":"ซับเมิร์ส","mdb_pic":"BMA\\VDO_DRONE\\SUMP\\BSS043_MD.jpg","area_p4_y":100.537735,"meter_pic":"BMA\\VDO_DRONE\\SUMP\\BSS043_ME.jpg","area_p2_x":13.706976,"sump_code":"BS.S.043","area_p4_x":13.706816,"amount5":"-","area_p2_y":100.537648,"amount4":"-","pump5_catagory":"-","hpl_meter":"G:\\BMA\\VDO_DRONE\\SUMP\\BSS043_ME.jpg","pump3_type":"หอยโข่ง","amount3":"1","amount2":"1","area_p2_pic":"BMA\\VDO_DRONE\\SUMP\\BSS043_A2.jpg","gate_type":"9","amount1":"2","area_p5_pic":"BMA\\VDO_DRONE\\SUMP\\BSS043_A5.jpg","reflex_area":"กรุงเทพใต้","pipe_in_bed2":3,"pipe_in_bed3":0,"pipe_in_bed1":3,"home_type":"ตู้คอนเทนเนอร์","date_survey":"6 มิถุนายน 2021","pipe_in_bed4":0,"pump1_type":"ซับเมิร์ส","pump5_volume":0,"owner":"ยานนาวา","pump4_type":"-","area_p1_pic":"BMA\\VDO_DRONE\\SUMP\\BSS043_A1.jpg","pump3_volume":0.3,"pump1_catagory":"ไฟฟ้า","objectid_1":49,"pump2_catagory":"ไฟฟ้า","sump_bed":"7.2","pipe_in_dimention1":2,"pipe_in_dimention2":2,"pipe_in_dimention3":0,"meter_code":"MEA-TOU-547673","pipe_in_dimention4":0,"pump1_volume":3,"hpl_areap1":"G:\\BMA\\VDO_DRONE\\SUMP\\BSS043_A1.jpg","surveillant_name":"-","hpl_areap3":"G:\\BMA\\VDO_DRONE\\SUMP\\BSS043_A3.jpg","district_id":"1012","hpl_areap2":"G:\\BMA\\VDO_DRONE\\SUMP\\BSS043_A2.jpg","hpl_areap5":"G:\\BMA\\VDO_DRONE\\SUMP\\BSS043_A5.jpg","hpl_areap4":"G:\\BMA\\VDO_DRONE\\SUMP\\BSS043_A4.jpg","objectid":49,"pump_amount":"4"}},{"geometry":{"type":"Point","coordinates":[100.37358200032537,13.708092999800773],"crs":null},"id":50,"type":"Feature","properties":{"utm_x":648532.2239,"pump3_catagory":"-","year":"2564","accessibility":"หน้าร้านCanale Kouse ใกล้ป้อมตำรวจจราจร","pump5_type":"-","sump_type":"บ่อสูบน้ำ","utm_y":1515865.202,"area_p1_y":100.373582,"area_p1_x":13.708093,"area_p3_y":100.373582,"sump_length":3,"area_p3_x":13.708093,"hpl_mdb":"G:\\BMA\\VDO_DRONE\\SUMP\\BWS042_MD.jpg","home_pic":"BMA\\VDO_DRONE\\SUMP\\BWS042_HO.jpg","sump_depth":6,"pump2_volume":0,"pump4_volume":0,"meter":400,"surveillant_mobile":"-","telephone":"-","mdb":500,"hpl_trans":"G:\\BMA\\VDO_DRONE\\SUMP\\BWS042_TR.jpg","volume":27,"subdistrict_id":"104004","hpl_home":"G:\\BMA\\VDO_DRONE\\SUMP\\BWS042_HO.jpg","sump_area":"กรุงเทพธนบุรี","sump_width":1.5,"fd_prevent_code":"16","area_p3_pic":"BMA\\VDO_DRONE\\SUMP\\BWS042_A3.jpg","district_t":"บางแค","pump4_catagory":"-","sump_name":"บ่อสูบน้ำตรงข้าม ซอยเพชรเกษม 69","mea_tel":"0-2841-5211 , 0-2451-4104","area_p4_pic":"BMA\\VDO_DRONE\\SUMP\\BWS042_A4.jpg","transformer":150,"mea":"เขตบางขุนเทียน","trans_pic":"BMA\\VDO_DRONE\\SUMP\\BWS042_TR.jpg","pump2_type":"-","mdb_pic":"BMA\\VDO_DRONE\\SUMP\\BWS042_MD.jpg","area_p4_y":100.373582,"meter_pic":"BMA\\VDO_DRONE\\SUMP\\BWS042_ME.jpg","area_p2_x":13.708093,"sump_code":"BW.S.042","area_p4_x":13.708093,"amount5":"-","area_p2_y":100.373582,"amount4":"-","pump5_catagory":"-","hpl_meter":"G:\\BMA\\VDO_DRONE\\SUMP\\BWS042_ME.jpg","pump3_type":"-","amount3":"-","amount2":"-","area_p2_pic":"BMA\\VDO_DRONE\\SUMP\\BWS042_A2.jpg","gate_type":"8","amount1":"1","area_p5_pic":"","reflex_area":"กรุงเทพธนบุรี","pipe_in_bed2":0,"pipe_in_bed3":0,"pipe_in_bed1":4.8,"home_type":"ตู้คอนเทนเนอร์","date_survey":"7 เมษายน 2021","pipe_in_bed4":0,"pump1_type":"คอลัมป์ไปท์","pump5_volume":0,"owner":"บางแค","pump4_type":"-","area_p1_pic":"BMA\\VDO_DRONE\\SUMP\\BWS042_A1.jpg","pump3_volume":0,"pump1_catagory":"ไฟฟ้า","objectid_1":50,"pump2_catagory":"-","sump_bed":"6","pipe_in_dimention1":2,"pipe_in_dimention2":0,"pipe_in_dimention3":0,"meter_code":"MEA-TOU-035778","pipe_in_dimention4":0,"pump1_volume":0.5,"hpl_areap1":"G:\\BMA\\VDO_DRONE\\SUMP\\BWS042_A1.jpg","surveillant_name":"-","hpl_areap3":"G:\\BMA\\VDO_DRONE\\SUMP\\BWS042_A3.jpg","district_id":"1040","hpl_areap2":"G:\\BMA\\VDO_DRONE\\SUMP\\BWS042_A2.jpg","hpl_areap5":"","hpl_areap4":"G:\\BMA\\VDO_DRONE\\SUMP\\BWS042_A4.jpg","objectid":50,"pump_amount":"1"}},{"geometry":{"type":"Point","coordinates":[100.52039315660564,13.708788579906416],"crs":null},"id":51,"type":"Feature","properties":{"utm_x":664410.3271,"pump3_catagory":"ไฟฟ้า","year":"2564","accessibility":"ซอยจันทร์32ตรงเข้าไป แยก1ซ้ายมือ ","pump5_type":"-","sump_type":"บ่อสูบน้ำ","utm_y":1516037.202,"area_p1_y":100.520565,"area_p1_x":13.70891,"area_p3_y":100.520684,"sump_length":4.3,"area_p3_x":13.708874,"hpl_mdb":"G:\\BMA\\VDO_DRONE\\SUMP\\BSS045_MD.jpg","home_pic":"BMA\\VDO_DRONE\\SUMP\\BSS045_HO.jpg","sump_depth":1,"pump2_volume":0.2,"pump4_volume":0,"meter":200,"surveillant_mobile":"-","telephone":"-","mdb":200,"hpl_trans":"G:\\BMA\\VDO_DRONE\\SUMP\\BSS045_TR.jpg","volume":11.61,"subdistrict_id":"102801","hpl_home":"G:\\BMA\\VDO_DRONE\\SUMP\\BSS045_HO.jpg","sump_area":"กรุงเทพใต้","sump_width":2.7,"fd_prevent_code":"11","area_p3_pic":"BMA\\VDO_DRONE\\SUMP\\BSS045_A3.jpg","district_t":"สาทร","pump4_catagory":"-","sump_name":"บ่อสูบน้ำบำเพ็ญกุศล","mea_tel":"0-2611-5200 , 0-2289-0151","area_p4_pic":"BMA\\VDO_DRONE\\SUMP\\BSS045_A4.jpg","transformer":750,"mea":"เขตยานนาวา","trans_pic":"BMA\\VDO_DRONE\\SUMP\\BSS045_TR.jpg","pump2_type":"ซับเมิร์ส","mdb_pic":"BMA\\VDO_DRONE\\SUMP\\BSS045_MD.jpg","area_p4_y":100.520544,"meter_pic":"BMA\\VDO_DRONE\\SUMP\\BSS045_ME.jpg","area_p2_x":13.708867,"sump_code":"BS.S.045","area_p4_x":13.708877,"amount5":"-","area_p2_y":100.520644,"amount4":"-","pump5_catagory":"-","hpl_meter":"G:\\BMA\\VDO_DRONE\\SUMP\\BSS045_ME.jpg","pump3_type":"หอยโข่ง","amount3":"1","amount2":"1","area_p2_pic":"BMA\\VDO_DRONE\\SUMP\\BSS045_A2.jpg","gate_type":"9","amount1":"1","area_p5_pic":"BMA\\VDO_DRONE\\SUMP\\BSS045_A5.jpg","reflex_area":"กรุงเทพใต้","pipe_in_bed2":0.8,"pipe_in_bed3":0,"pipe_in_bed1":0.8,"home_type":"บ้านพัก","date_survey":"6 มิถุนายน 2021","pipe_in_bed4":0,"pump1_type":"ซับเมิร์ส","pump5_volume":0,"owner":"สาทร","pump4_type":"-","area_p1_pic":"BMA\\VDO_DRONE\\SUMP\\BSS045_A1.jpg","pump3_volume":0.12,"pump1_catagory":"ไฟฟ้า","objectid_1":51,"pump2_catagory":"ไฟฟ้า","sump_bed":"3.6","pipe_in_dimention1":1.7,"pipe_in_dimention2":2.1,"pipe_in_dimention3":0,"meter_code":"MEA-21035587","pipe_in_dimention4":0,"pump1_volume":0.5,"hpl_areap1":"G:\\BMA\\VDO_DRONE\\SUMP\\BSS045_A1.jpg","surveillant_name":"-","hpl_areap3":"G:\\BMA\\VDO_DRONE\\SUMP\\BSS045_A3.jpg","district_id":"1028","hpl_areap2":"G:\\BMA\\VDO_DRONE\\SUMP\\BSS045_A2.jpg","hpl_areap5":"G:\\BMA\\VDO_DRONE\\SUMP\\BSS045_A5.jpg","hpl_areap4":"G:\\BMA\\VDO_DRONE\\SUMP\\BSS045_A4.jpg","objectid":51,"pump_amount":"3"}},{"geometry":{"type":"Point","coordinates":[100.51931859714803,13.709043425150272],"crs":null},"id":52,"type":"Feature","properties":{"utm_x":664293.9262,"pump3_catagory":"-","year":"2564","accessibility":"ถนนจันทน์ ตอนถนนเจริญราษฎร์ มีบ้าน3ชั้นหลังสีส้มอ่อน","pump5_type":"-","sump_type":"บ่อสูบน้ำ","utm_y":1516064.664,"area_p1_y":100.519327,"area_p1_x":13.709084,"area_p3_y":100.519525,"sump_length":9.1,"area_p3_x":13.708781,"hpl_mdb":"","home_pic":"","sump_depth":9,"pump2_volume":0,"pump4_volume":0,"meter":0,"surveillant_mobile":"-","telephone":"-","mdb":0,"hpl_trans":"G:\\BMA\\VDO_DRONE\\SUMP\\BSS044_TR.jpg","volume":368.55,"subdistrict_id":"102801","hpl_home":"","sump_area":"กรุงเทพใต้","sump_width":4.5,"fd_prevent_code":"11","area_p3_pic":"BMA\\VDO_DRONE\\SUMP\\BSS044_A3.jpg","district_t":"สาทร","pump4_catagory":"-","sump_name":"บ่อสูบถนนจันทน์ ตอนถนนเจริญราษฎร์ (อยู่ระหว่างดำเนินการก่อสร้าง)","mea_tel":"0-2611-5200 , 0-2289-0151","area_p4_pic":"BMA\\VDO_DRONE\\SUMP\\BSS044_A4.jpg","transformer":0,"mea":"เขตยานนาวา","trans_pic":"BMA\\VDO_DRONE\\SUMP\\BSS044_TR.jpg","pump2_type":"-","mdb_pic":"","area_p4_y":100.519651,"meter_pic":"BMA\\VDO_DRONE\\SUMP\\BSS044_ME.jpg","area_p2_x":13.709106,"sump_code":"BS.S.044","area_p4_x":13.708958,"amount5":"-","area_p2_y":100.519425,"amount4":"-","pump5_catagory":"-","hpl_meter":"G:\\BMA\\VDO_DRONE\\SUMP\\BSS044_ME.jpg","pump3_type":"-","amount3":"-","amount2":"-","area_p2_pic":"BMA\\VDO_DRONE\\SUMP\\BSS044_A2.jpg","gate_type":"9","amount1":"1","area_p5_pic":"BMA\\VDO_DRONE\\SUMP\\BSS044_A5.jpg","reflex_area":"กรุงเทพใต้","pipe_in_bed2":5.6,"pipe_in_bed3":2.5,"pipe_in_bed1":2.8,"home_type":"ตู้คอนเทนเนอร์","date_survey":"6 มิถุนายน 2021","pipe_in_bed4":0,"pump1_type":"ซับเมิร์ส","pump5_volume":0,"owner":"สาทร","pump4_type":"-","area_p1_pic":"BMA\\VDO_DRONE\\SUMP\\BSS044_A1.jpg","pump3_volume":0,"pump1_catagory":"ไฟฟ้า","objectid_1":52,"pump2_catagory":"-","sump_bed":"9","pipe_in_dimention1":2,"pipe_in_dimention2":2,"pipe_in_dimention3":2,"meter_code":"-","pipe_in_dimention4":0,"pump1_volume":0.5,"hpl_areap1":"G:\\BMA\\VDO_DRONE\\SUMP\\BSS044_A1.jpg","surveillant_name":"-","hpl_areap3":"G:\\BMA\\VDO_DRONE\\SUMP\\BSS044_A3.jpg","district_id":"1028","hpl_areap2":"G:\\BMA\\VDO_DRONE\\SUMP\\BSS044_A2.jpg","hpl_areap5":"G:\\BMA\\VDO_DRONE\\SUMP\\BSS044_A5.jpg","hpl_areap4":"G:\\BMA\\VDO_DRONE\\SUMP\\BSS044_A4.jpg","objectid":52,"pump_amount":"1"}},{"geometry":{"type":"Point","coordinates":[100.40688500029849,13.71093100252609],"crs":null},"id":53,"type":"Feature","properties":{"utm_x":652132.2541,"pump3_catagory":"-","year":"2564","accessibility":"บริเวณบ่อสูบน้ำแก้มลิง ถนนเพชรเกษมใกล้เดอะมอลล์บางแค","pump5_type":"-","sump_type":"บ่อสูบน้ำ","utm_y":1516199.863,"area_p1_y":100.406885,"area_p1_x":13.710931,"area_p3_y":100.406885,"sump_length":6.7,"area_p3_x":13.710931,"hpl_mdb":"G:\\BMA\\VDO_DRONE\\SUMP\\BWS015_MD.jpg","home_pic":"BMA\\VDO_DRONE\\SUMP\\BWS015_HO.jpg","sump_depth":3.25,"pump2_volume":0,"pump4_volume":0,"meter":200,"surveillant_mobile":"-","telephone":"-","mdb":250,"hpl_trans":"G:\\BMA\\VDO_DRONE\\SUMP\\BWS015_TR.jpg","volume":148.07,"subdistrict_id":"104002","hpl_home":"G:\\BMA\\VDO_DRONE\\SUMP\\BWS015_HO.jpg","sump_area":"กรุงเทพธนบุรี","sump_width":6.8,"fd_prevent_code":"16","area_p3_pic":"BMA\\VDO_DRONE\\SUMP\\BWS015_A3.jpg","district_t":"บางแค","pump4_catagory":"-","sump_name":"บ่อสูบน้ำแก้มลิงเพชรเกษม","mea_tel":"0-2412-8699 , 0-2878-5222 , 0-2878-5333","area_p4_pic":"BMA\\VDO_DRONE\\SUMP\\BWS015_A4.jpg","transformer":150,"mea":"เขตธนบุรี","trans_pic":"BMA\\VDO_DRONE\\SUMP\\BWS015_TR.jpg","pump2_type":"-","mdb_pic":"BMA\\VDO_DRONE\\SUMP\\BWS015_MD.jpg","area_p4_y":100.406885,"meter_pic":"BMA\\VDO_DRONE\\SUMP\\BWS015_ME.jpg","area_p2_x":13.710931,"sump_code":"BW.S.015","area_p4_x":13.710931,"amount5":"-","area_p2_y":100.406885,"amount4":"-","pump5_catagory":"-","hpl_meter":"G:\\BMA\\VDO_DRONE\\SUMP\\BWS015_ME.jpg","pump3_type":"-","amount3":"-","amount2":"-","area_p2_pic":"BMA\\VDO_DRONE\\SUMP\\BWS015_A2.jpg","gate_type":"2","amount1":"1","area_p5_pic":"BMA\\VDO_DRONE\\SUMP\\BWS015_A5.jpg","reflex_area":"กรุงเทพธนบุรี","pipe_in_bed2":2.2,"pipe_in_bed3":0,"pipe_in_bed1":1.4,"home_type":"ตู้คอนเทนเนอร์","date_survey":"31 มีนาคม 2021","pipe_in_bed4":0,"pump1_type":"หอยโข่ง","pump5_volume":0,"owner":"บางแค","pump4_type":"-","area_p1_pic":"BMA\\VDO_DRONE\\SUMP\\BWS015_A1.jpg","pump3_volume":0,"pump1_catagory":"ไฟฟ้า","objectid_1":53,"pump2_catagory":"-","sump_bed":"-1.75","pipe_in_dimention1":1,"pipe_in_dimention2":1.2,"pipe_in_dimention3":0,"meter_code":"MEA-TOU-9302345","pipe_in_dimention4":0,"pump1_volume":0.2,"hpl_areap1":"G:\\BMA\\VDO_DRONE\\SUMP\\BWS015_A1.jpg","surveillant_name":"-","hpl_areap3":"G:\\BMA\\VDO_DRONE\\SUMP\\BWS015_A3.jpg","district_id":"1040","hpl_areap2":"G:\\BMA\\VDO_DRONE\\SUMP\\BWS015_A2.jpg","hpl_areap5":"G:\\BMA\\VDO_DRONE\\SUMP\\BWS015_A5.jpg","hpl_areap4":"G:\\BMA\\VDO_DRONE\\SUMP\\BWS015_A4.jpg","objectid":53,"pump_amount":"1"}},{"geometry":{"type":"Point","coordinates":[100.41752199953943,13.711372997987798],"crs":null},"id":54,"type":"Feature","properties":{"utm_x":653282.3987,"pump3_catagory":"-","year":"2564","accessibility":"บริเวณบ่อสูบน้ำคลองยายเทียบ ถนนเพชรเกษมเลยธนาคารกสิกรไทยสาขาบางแค","pump5_type":"-","sump_type":"บ่อสูบน้ำ","utm_y":1516255.48,"area_p1_y":100.417797,"area_p1_x":13.711314,"area_p3_y":100.417797,"sump_length":5.6,"area_p3_x":13.711314,"hpl_mdb":"G:\\BMA\\VDO_DRONE\\SUMP\\BWS038_MD.jpg","home_pic":"BMA\\VDO_DRONE\\SUMP\\BWS038_HO.jpg","sump_depth":3.1,"pump2_volume":0,"pump4_volume":0,"meter":400,"surveillant_mobile":"-","telephone":"-","mdb":630,"hpl_trans":"G:\\BMA\\VDO_DRONE\\SUMP\\BWS038_TR.jpg","volume":48.61,"subdistrict_id":"104001","hpl_home":"G:\\BMA\\VDO_DRONE\\SUMP\\BWS038_HO.jpg","sump_area":"กรุงเทพธนบุรี","sump_width":2.8,"fd_prevent_code":"16","area_p3_pic":"BMA\\VDO_DRONE\\SUMP\\BWS038_A3.jpg","district_t":"บางแค","pump4_catagory":"-","sump_name":"บ่อสูบน้ำคลองยายเทียบ ถ.เพชรเกษม ฝั่งขาออก (นันยาง)","mea_tel":"0-2412-8699 , 0-2878-5222 , 0-2878-5333","area_p4_pic":"BMA\\VDO_DRONE\\SUMP\\BWS038_A4.jpg","transformer":500,"mea":"เขตธนบุรี","trans_pic":"BMA\\VDO_DRONE\\SUMP\\BWS038_TR.jpg","pump2_type":"-","mdb_pic":"BMA\\VDO_DRONE\\SUMP\\BWS038_MD.jpg","area_p4_y":100.417797,"meter_pic":"BMA\\VDO_DRONE\\SUMP\\BWS038_ME.jpg","area_p2_x":13.711314,"sump_code":"BW.S.038","area_p4_x":13.711314,"amount5":"-","area_p2_y":100.417797,"amount4":"-","pump5_catagory":"-","hpl_meter":"G:\\BMA\\VDO_DRONE\\SUMP\\BWS038_ME.jpg","pump3_type":"-","amount3":"-","amount2":"-","area_p2_pic":"BMA\\VDO_DRONE\\SUMP\\BWS038_A2.jpg","gate_type":"8","amount1":"2","area_p5_pic":"","reflex_area":"กรุงเทพธนบุรี","pipe_in_bed2":0,"pipe_in_bed3":0,"pipe_in_bed1":2,"home_type":"ตู้คอนเทนเนอร์","date_survey":"7 เมษายน 2021","pipe_in_bed4":0,"pump1_type":"คอลัมป์ไปท์","pump5_volume":0,"owner":"บางแค","pump4_type":"-","area_p1_pic":"BMA\\VDO_DRONE\\SUMP\\BWS038_A1.jpg","pump3_volume":0,"pump1_catagory":"ไฟฟ้า","objectid_1":54,"pump2_catagory":"-","sump_bed":"2.1","pipe_in_dimention1":2,"pipe_in_dimention2":0,"pipe_in_dimention3":0,"meter_code":"MEA-TOU-022401","pipe_in_dimention4":0,"pump1_volume":1,"hpl_areap1":"G:\\BMA\\VDO_DRONE\\SUMP\\BWS038_A1.jpg","surveillant_name":"-","hpl_areap3":"G:\\BMA\\VDO_DRONE\\SUMP\\BWS038_A3.jpg","district_id":"1040","hpl_areap2":"G:\\BMA\\VDO_DRONE\\SUMP\\BWS038_A2.jpg","hpl_areap5":"","hpl_areap4":"G:\\BMA\\VDO_DRONE\\SUMP\\BWS038_A4.jpg","objectid":54,"pump_amount":"2"}},{"geometry":{"type":"Point","coordinates":[100.41795599995226,13.71139100188658],"crs":null},"id":55,"type":"Feature","properties":{"utm_x":653329.3258,"pump3_catagory":"-","year":"2564","accessibility":"ปากซอยเพชรเกษม39/5 ถนนเพชรเกษมข้างธนาคารกสิกรไทยสาขาบางแค","pump5_type":"-","sump_type":"บ่อสูบน้ำ","utm_y":1516257.747,"area_p1_y":100.417921,"area_p1_x":13.711336,"area_p3_y":100.417921,"sump_length":2.15,"area_p3_x":13.711336,"hpl_mdb":"G:\\BMA\\VDO_DRONE\\SUMP\\BWS039_MD.jpg","home_pic":"BMA\\VDO_DRONE\\SUMP\\BWS039_HO.jpg","sump_depth":2.8,"pump2_volume":0,"pump4_volume":0,"meter":400,"surveillant_mobile":"-","telephone":"-","mdb":630,"hpl_trans":"G:\\BMA\\VDO_DRONE\\SUMP\\BWS039_TR.jpg","volume":16.25,"subdistrict_id":"104001","hpl_home":"G:\\BMA\\VDO_DRONE\\SUMP\\BWS039_HO.jpg","sump_area":"กรุงเทพธนบุรี","sump_width":2.7,"fd_prevent_code":"16","area_p3_pic":"BMA\\VDO_DRONE\\SUMP\\BWS039_A3.jpg","district_t":"บางแค","pump4_catagory":"-","sump_name":"บ่อสูบน้ำคลองยายเทียบ ถ.เพชรเกษม ฝั่งขาออก (หน้าร้านตัดผม)","mea_tel":"0-2412-8699 , 0-2878-5222 , 0-2878-5333","area_p4_pic":"BMA\\VDO_DRONE\\SUMP\\BWS039_A4.jpg","transformer":500,"mea":"เขตธนบุรี","trans_pic":"BMA\\VDO_DRONE\\SUMP\\BWS039_TR.jpg","pump2_type":"-","mdb_pic":"BMA\\VDO_DRONE\\SUMP\\BWS039_MD.jpg","area_p4_y":100.417921,"meter_pic":"BMA\\VDO_DRONE\\SUMP\\BWS039_ME.jpg","area_p2_x":13.711336,"sump_code":"BW.S.039","area_p4_x":13.711336,"amount5":"-","area_p2_y":100.417921,"amount4":"-","pump5_catagory":"-","hpl_meter":"G:\\BMA\\VDO_DRONE\\SUMP\\BWS039_ME.jpg","pump3_type":"-","amount3":"-","amount2":"-","area_p2_pic":"BMA\\VDO_DRONE\\SUMP\\BWS039_A2.jpg","gate_type":"8","amount1":"1","area_p5_pic":"","reflex_area":"กรุงเทพธนบุรี","pipe_in_bed2":0,"pipe_in_bed3":0,"pipe_in_bed1":1.8,"home_type":"ตู้คอนเทนเนอร์","date_survey":"7 เมษายน 2021","pipe_in_bed4":0,"pump1_type":"หอยโข่ง","pump5_volume":0,"owner":"บางแค","pump4_type":"-","area_p1_pic":"BMA\\VDO_DRONE\\SUMP\\BWS039_A1.jpg","pump3_volume":0,"pump1_catagory":"ไฟฟ้า","objectid_1":55,"pump2_catagory":"-","sump_bed":"2.8","pipe_in_dimention1":0.8,"pipe_in_dimention2":0,"pipe_in_dimention3":0,"meter_code":"MEA-TOU-022401","pipe_in_dimention4":0,"pump1_volume":0.2,"hpl_areap1":"G:\\BMA\\VDO_DRONE\\SUMP\\BWS039_A1.jpg","surveillant_name":"-","hpl_areap3":"G:\\BMA\\VDO_DRONE\\SUMP\\BWS039_A3.jpg","district_id":"1040","hpl_areap2":"G:\\BMA\\VDO_DRONE\\SUMP\\BWS039_A2.jpg","hpl_areap5":"","hpl_areap4":"G:\\BMA\\VDO_DRONE\\SUMP\\BWS039_A4.jpg","objectid":55,"pump_amount":"1"}},{"geometry":{"type":"Point","coordinates":[100.3757590001933,13.711710995978668],"crs":null},"id":56,"type":"Feature","properties":{"utm_x":648765.396,"pump3_catagory":"-","year":"2564","accessibility":"ซอยเศรษฐกิจ27(สุดซอย)","pump5_type":"-","sump_type":"บ่อสูบน้ำ","utm_y":1516266.767,"area_p1_y":100.375759,"area_p1_x":13.711711,"area_p3_y":100.375759,"sump_length":2.7,"area_p3_x":13.711711,"hpl_mdb":"G:\\BMA\\VDO_DRONE\\SUMP\\BWS063_MD.jpg","home_pic":"","sump_depth":3.18,"pump2_volume":0,"pump4_volume":0,"meter":200,"surveillant_mobile":"-","telephone":"-","mdb":250,"hpl_trans":"G:\\BMA\\VDO_DRONE\\SUMP\\BWS063_TR.jpg","volume":18.46,"subdistrict_id":"104002","hpl_home":"","sump_area":"กรุงเทพธนบุรี","sump_width":2.15,"fd_prevent_code":"34","area_p3_pic":"BMA\\VDO_DRONE\\SUMP\\BWS063_A3.jpg","district_t":"บางแค","pump4_catagory":"-","sump_name":"บ่อสูบน้ำหมู่บ้านเศรษฐกิจ ซอย 27","mea_tel":"0-2841-5211 , 0-2451-4104","area_p4_pic":"BMA\\VDO_DRONE\\SUMP\\BWS063_A4.jpg","transformer":225,"mea":"เขตบางขุนเทียน","trans_pic":"BMA\\VDO_DRONE\\SUMP\\BWS063_TR.jpg","pump2_type":"-","mdb_pic":"BMA\\VDO_DRONE\\SUMP\\BWS063_MD.jpg","area_p4_y":100.375759,"meter_pic":"BMA\\VDO_DRONE\\SUMP\\BWS063_ME.jpg","area_p2_x":13.711711,"sump_code":"BW.S.063","area_p4_x":13.711711,"amount5":"-","area_p2_y":100.375759,"amount4":"-","pump5_catagory":"-","hpl_meter":"G:\\BMA\\VDO_DRONE\\SUMP\\BWS063_ME.jpg","pump3_type":"-","amount3":"-","amount2":"-","area_p2_pic":"BMA\\VDO_DRONE\\SUMP\\BWS063_A2.jpg","gate_type":"8","amount1":"1","area_p5_pic":"","reflex_area":"กรุงเทพธนบุรี","pipe_in_bed2":0,"pipe_in_bed3":0,"pipe_in_bed1":1.3,"home_type":"ตู้คอนเทนเนอร์","date_survey":"19 เมษายน 2021","pipe_in_bed4":0,"pump1_type":"หอยโข่ง","pump5_volume":0,"owner":"บางแค","pump4_type":"-","area_p1_pic":"BMA\\VDO_DRONE\\SUMP\\BWS063_A1.jpg","pump3_volume":0,"pump1_catagory":"ไฟฟ้า","objectid_1":56,"pump2_catagory":"-","sump_bed":"3.18","pipe_in_dimention1":0.6,"pipe_in_dimention2":0,"pipe_in_dimention3":0,"meter_code":"MEA-TOU-9148791","pipe_in_dimention4":0,"pump1_volume":0.2,"hpl_areap1":"G:\\BMA\\VDO_DRONE\\SUMP\\BWS063_A1.jpg","surveillant_name":"-","hpl_areap3":"G:\\BMA\\VDO_DRONE\\SUMP\\BWS063_A3.jpg","district_id":"1040","hpl_areap2":"G:\\BMA\\VDO_DRONE\\SUMP\\BWS063_A2.jpg","hpl_areap5":"","hpl_areap4":"G:\\BMA\\VDO_DRONE\\SUMP\\BWS063_A4.jpg","objectid":56,"pump_amount":"1"}},{"geometry":{"type":"Point","coordinates":[100.40705200030486,13.711681004085632],"crs":null},"id":57,"type":"Feature","properties":{"utm_x":652149.8327,"pump3_catagory":"-","year":"2564","accessibility":"บริเวณริมบ่อสูบน้ำแก้มลิง(ข้างใน) ถนนเพชรเกษมใกล้เดอะมอลล์บางแค","pump5_type":"-","sump_type":"บ่อสูบน้ำ","utm_y":1516282.935,"area_p1_y":100.407052,"area_p1_x":13.711681,"area_p3_y":100.407052,"sump_length":3.2,"area_p3_x":13.711681,"hpl_mdb":"","home_pic":"","sump_depth":3,"pump2_volume":0.3,"pump4_volume":0,"meter":200,"surveillant_mobile":"-","telephone":"-","mdb":250,"hpl_trans":"","volume":38.4,"subdistrict_id":"104002","hpl_home":"","sump_area":"กรุงเทพธนบุรี","sump_width":4,"fd_prevent_code":"16","area_p3_pic":"BMA\\VDO_DRONE\\SUMP\\BWS016_A3.jpg","district_t":"บางแค","pump4_catagory":"-","sump_name":"บ่อสูบน้ำแก้มลิงเพชรเกษม ตอนลงบึงสวนกาญจนารมย์","mea_tel":"0-2412-8699 , 0-2878-5222 , 0-2878-5333","area_p4_pic":"BMA\\VDO_DRONE\\SUMP\\BWS016_A4.jpg","transformer":150,"mea":"เขตธนบุรี","trans_pic":"","pump2_type":"หอยโข่ง","mdb_pic":"","area_p4_y":100.407052,"meter_pic":"","area_p2_x":13.711681,"sump_code":"BW.S.016","area_p4_x":13.711681,"amount5":"-","area_p2_y":100.407052,"amount4":"-","pump5_catagory":"-","hpl_meter":"","pump3_type":"-","amount3":"-","amount2":"1","area_p2_pic":"BMA\\VDO_DRONE\\SUMP\\BWS016_A2.jpg","gate_type":"4","amount1":"1","area_p5_pic":"","reflex_area":"กรุงเทพธนบุรี","pipe_in_bed2":0,"pipe_in_bed3":0,"pipe_in_bed1":3,"home_type":"ตู้คอนเทนเนอร์","date_survey":"31 มีนาคม 2021","pipe_in_bed4":0,"pump1_type":"ซับเมิร์ส","pump5_volume":0,"owner":"บางแค","pump4_type":"-","area_p1_pic":"BMA\\VDO_DRONE\\SUMP\\BWS016_A1.jpg","pump3_volume":0,"pump1_catagory":"ไฟฟ้า","objectid_1":57,"pump2_catagory":"ไฟฟ้า","sump_bed":"-2.5","pipe_in_dimention1":4,"pipe_in_dimention2":0,"pipe_in_dimention3":0,"meter_code":"MEA-TOU-9302345","pipe_in_dimention4":0,"pump1_volume":0.2,"hpl_areap1":"G:\\BMA\\VDO_DRONE\\SUMP\\BWS016_A1.jpg","surveillant_name":"-","hpl_areap3":"G:\\BMA\\VDO_DRONE\\SUMP\\BWS016_A3.jpg","district_id":"1040","hpl_areap2":"G:\\BMA\\VDO_DRONE\\SUMP\\BWS016_A2.jpg","hpl_areap5":"","hpl_areap4":"G:\\BMA\\VDO_DRONE\\SUMP\\BWS016_A4.jpg","objectid":57,"pump_amount":"2"}},{"geometry":{"type":"Point","coordinates":[100.41792100027432,13.711757004594274],"crs":null},"id":58,"type":"Feature","properties":{"utm_x":653325.3029,"pump3_catagory":"-","year":"2564","accessibility":"บริเวณหน้าร้านอาหารตามสั่งใกล้ยงยุทธคลินิกเวชกรรม (ขาเข้า โลตัส)","pump5_type":"-","sump_type":"บ่อสูบน้ำ","utm_y":1516298.213,"area_p1_y":100.417921,"area_p1_x":13.711757,"area_p3_y":100.417921,"sump_length":2.2,"area_p3_x":13.711757,"hpl_mdb":"G:\\BMA\\VDO_DRONE\\SUMP\\BWS046_MD.jpg","home_pic":"BMA\\VDO_DRONE\\SUMP\\BWS046_HO.jpg","sump_depth":3.15,"pump2_volume":0,"pump4_volume":0,"meter":400,"surveillant_mobile":"-","telephone":"-","mdb":600,"hpl_trans":"G:\\BMA\\VDO_DRONE\\SUMP\\BWS046_TR.jpg","volume":9.01,"subdistrict_id":"104002","hpl_home":"G:\\BMA\\VDO_DRONE\\SUMP\\BWS046_HO.jpg","sump_area":"กรุงเทพธนบุรี","sump_width":1.3,"fd_prevent_code":"16","area_p3_pic":"BMA\\VDO_DRONE\\SUMP\\BWS046_A3.jpg","district_t":"บางแค","pump4_catagory":"-","sump_name":"บ่อสูบน้ำคลองยายเทียบ ถ. เพขรเกษม (ขาเข้า โลตัส)","mea_tel":"0-2412-8699 , 0-2878-5222 , 0-2878-5333","area_p4_pic":"BMA\\VDO_DRONE\\SUMP\\BWS046_A4.jpg","transformer":300,"mea":"เขตธนบุรี","trans_pic":"BMA\\VDO_DRONE\\SUMP\\BWS046_TR.jpg","pump2_type":"-","mdb_pic":"BMA\\VDO_DRONE\\SUMP\\BWS046_MD.jpg","area_p4_y":100.417921,"meter_pic":"BMA\\VDO_DRONE\\SUMP\\BWS046_ME.jpg","area_p2_x":13.711757,"sump_code":"BW.S.046","area_p4_x":13.711757,"amount5":"-","area_p2_y":100.417921,"amount4":"-","pump5_catagory":"-","hpl_meter":"G:\\BMA\\VDO_DRONE\\SUMP\\BWS046_ME.jpg","pump3_type":"-","amount3":"-","amount2":"-","area_p2_pic":"BMA\\VDO_DRONE\\SUMP\\BWS046_A2.jpg","gate_type":"8","amount1":"1","area_p5_pic":"","reflex_area":"กรุงเทพธนบุรี","pipe_in_bed2":0,"pipe_in_bed3":0,"pipe_in_bed1":1.5,"home_type":"ตู้คอนเทนเนอร์","date_survey":"7 เมษายน 2021","pipe_in_bed4":0,"pump1_type":"หอยโข่ง","pump5_volume":0,"owner":"บางแค","pump4_type":"-","area_p1_pic":"BMA\\VDO_DRONE\\SUMP\\BWS046_A1.jpg","pump3_volume":0,"pump1_catagory":"ไฟฟ้า","objectid_1":58,"pump2_catagory":"-","sump_bed":"3.15","pipe_in_dimention1":1,"pipe_in_dimention2":0,"pipe_in_dimention3":0,"meter_code":"MEA-TOU-034560","pipe_in_dimention4":0,"pump1_volume":0.2,"hpl_areap1":"G:\\BMA\\VDO_DRONE\\SUMP\\BWS046_A1.jpg","surveillant_name":"-","hpl_areap3":"G:\\BMA\\VDO_DRONE\\SUMP\\BWS046_A3.jpg","district_id":"1040","hpl_areap2":"G:\\BMA\\VDO_DRONE\\SUMP\\BWS046_A2.jpg","hpl_areap5":"","hpl_areap4":"G:\\BMA\\VDO_DRONE\\SUMP\\BWS046_A4.jpg","objectid":58,"pump_amount":"1"}},{"geometry":{"type":"Point","coordinates":[100.41781199955227,13.711777001987342],"crs":null},"id":59,"type":"Feature","properties":{"utm_x":653313.5011,"pump3_catagory":"ไฟฟ้า","year":"2564","accessibility":"บริเวณบ่อสูบน้ำคลองยายเทียบ ถ.เพชรเกษม (ขาเข้า โลตัส)","pump5_type":"-","sump_type":"บ่อสูบน้ำ","utm_y":1516300.356,"area_p1_y":100.417812,"area_p1_x":13.711777,"area_p3_y":100.417812,"sump_length":3.7,"area_p3_x":13.711777,"hpl_mdb":"G:\\BMA\\VDO_DRONE\\SUMP\\BWS045_MD.jpg","home_pic":"BMA\\VDO_DRONE\\SUMP\\BWS045_HO.jpg","sump_depth":3.6,"pump2_volume":0.5,"pump4_volume":0,"meter":400,"surveillant_mobile":"-","telephone":"-","mdb":600,"hpl_trans":"G:\\BMA\\VDO_DRONE\\SUMP\\BWS045_TR.jpg","volume":39.96,"subdistrict_id":"104002","hpl_home":"G:\\BMA\\VDO_DRONE\\SUMP\\BWS045_HO.jpg","sump_area":"กรุงเทพธนบุรี","sump_width":3,"fd_prevent_code":"16","area_p3_pic":"BMA\\VDO_DRONE\\SUMP\\BWS045_A3.jpg","district_t":"บางแค","pump4_catagory":"-","sump_name":"บ่อสูบน้ำคลองยายเทียบ ถ.เพชรเกษม (ขาเข้า ที่พักดับเพลิง)","mea_tel":"0-2412-8699 , 0-2878-5222 , 0-2878-5333","area_p4_pic":"BMA\\VDO_DRONE\\SUMP\\BWS045_A4.jpg","transformer":300,"mea":"เขตธนบุรี","trans_pic":"BMA\\VDO_DRONE\\SUMP\\BWS045_TR.jpg","pump2_type":"คอลัมป์ไปท์","mdb_pic":"BMA\\VDO_DRONE\\SUMP\\BWS045_MD.jpg","area_p4_y":100.417812,"meter_pic":"BMA\\VDO_DRONE\\SUMP\\BWS045_ME.jpg","area_p2_x":13.711777,"sump_code":"BW.S.045","area_p4_x":13.711777,"amount5":"-","area_p2_y":100.417812,"amount4":"-","pump5_catagory":"-","hpl_meter":"G:\\BMA\\VDO_DRONE\\SUMP\\BWS045_ME.jpg","pump3_type":"คอลัมป์ไปท์","amount3":"1","amount2":"1","area_p2_pic":"BMA\\VDO_DRONE\\SUMP\\BWS045_A2.jpg","gate_type":"8","amount1":"1","area_p5_pic":"","reflex_area":"กรุงเทพธนบุรี","pipe_in_bed2":0,"pipe_in_bed3":0,"pipe_in_bed1":3.2,"home_type":"ตู้คอนเทนเนอร์","date_survey":"7 เมษายน 2021","pipe_in_bed4":0,"pump1_type":"เครื่องยนต์","pump5_volume":0,"owner":"บางแค","pump4_type":"-","area_p1_pic":"BMA\\VDO_DRONE\\SUMP\\BWS045_A1.jpg","pump3_volume":1,"pump1_catagory":"ดีเซล","objectid_1":59,"pump2_catagory":"ไฟฟ้า","sump_bed":"3.6","pipe_in_dimention1":1.5,"pipe_in_dimention2":0,"pipe_in_dimention3":0,"meter_code":"MEA-TOU-034560","pipe_in_dimention4":0,"pump1_volume":0.2,"hpl_areap1":"G:\\BMA\\VDO_DRONE\\SUMP\\BWS045_A1.jpg","surveillant_name":"-","hpl_areap3":"G:\\BMA\\VDO_DRONE\\SUMP\\BWS045_A3.jpg","district_id":"1040","hpl_areap2":"G:\\BMA\\VDO_DRONE\\SUMP\\BWS045_A2.jpg","hpl_areap5":"","hpl_areap4":"G:\\BMA\\VDO_DRONE\\SUMP\\BWS045_A4.jpg","objectid":59,"pump_amount":"3"}},{"geometry":{"type":"Point","coordinates":[100.37760800027011,13.712012998676146],"crs":null},"id":60,"type":"Feature","properties":{"utm_x":648965.1785,"pump3_catagory":"-","year":"2564","accessibility":"ภายในถนนหมู่บ้านเศรษฐกิจ ฝั่งตรงข้ามคลินิกหมอหมู่บ้าน บริเวณสะพานข้ามคลองบางจากขาเข้า","pump5_type":"-","sump_type":"บ่อสูบน้ำ","utm_y":1516301.314,"area_p1_y":100.377608,"area_p1_x":13.712013,"area_p3_y":100.377608,"sump_length":1.64,"area_p3_x":13.712013,"hpl_mdb":"G:\\BMA\\VDO_DRONE\\SUMP\\BWS062_MD.jpg","home_pic":"BMA\\VDO_DRONE\\SUMP\\BWS062_HO.jpg","sump_depth":1.8,"pump2_volume":0,"pump4_volume":0,"meter":200,"surveillant_mobile":"-","telephone":"-","mdb":250,"hpl_trans":"G:\\BMA\\VDO_DRONE\\SUMP\\BWS062_TR.jpg","volume":4.84,"subdistrict_id":"104002","hpl_home":"G:\\BMA\\VDO_DRONE\\SUMP\\BWS062_HO.jpg","sump_area":"กรุงเทพธนบุรี","sump_width":1.64,"fd_prevent_code":"34","area_p3_pic":"BMA\\VDO_DRONE\\SUMP\\BWS062_A3.jpg","district_t":"บางแค","pump4_catagory":"-","sump_name":"บ่อสูบน้ำหมู่บ้านเศรษฐกิจ (คลองบางจาก ขาเข้า)","mea_tel":"0-2841-5211 , 0-2451-4104","area_p4_pic":"BMA\\VDO_DRONE\\SUMP\\BWS062_A4.jpg","transformer":150,"mea":"เขตบางขุนเทียน","trans_pic":"BMA\\VDO_DRONE\\SUMP\\BWS062_TR.jpg","pump2_type":"-","mdb_pic":"BMA\\VDO_DRONE\\SUMP\\BWS062_MD.jpg","area_p4_y":100.377608,"meter_pic":"BMA\\VDO_DRONE\\SUMP\\BWS062_ME.jpg","area_p2_x":13.712013,"sump_code":"BW.S.062","area_p4_x":13.712013,"amount5":"-","area_p2_y":100.377608,"amount4":"-","pump5_catagory":"-","hpl_meter":"G:\\BMA\\VDO_DRONE\\SUMP\\BWS062_ME.jpg","pump3_type":"-","amount3":"-","amount2":"-","area_p2_pic":"BMA\\VDO_DRONE\\SUMP\\BWS062_A2.jpg","gate_type":"8","amount1":"2","area_p5_pic":"","reflex_area":"กรุงเทพธนบุรี","pipe_in_bed2":0,"pipe_in_bed3":0,"pipe_in_bed1":1.7,"home_type":"ตู้คอนเทนเนอร์","date_survey":"19 เมษายน 2021","pipe_in_bed4":0,"pump1_type":"หอยโข่ง","pump5_volume":0,"owner":"บางแค","pump4_type":"-","area_p1_pic":"BMA\\VDO_DRONE\\SUMP\\BWS062_A1.jpg","pump3_volume":0,"pump1_catagory":"ไฟฟ้า","objectid_1":60,"pump2_catagory":"-","sump_bed":"1.8","pipe_in_dimention1":0.6,"pipe_in_dimention2":0,"pipe_in_dimention3":0,"meter_code":"MEA-TOU-9115254","pipe_in_dimention4":0,"pump1_volume":0.03,"hpl_areap1":"G:\\BMA\\VDO_DRONE\\SUMP\\BWS062_A1.jpg","surveillant_name":"-","hpl_areap3":"G:\\BMA\\VDO_DRONE\\SUMP\\BWS062_A3.jpg","district_id":"1040","hpl_areap2":"G:\\BMA\\VDO_DRONE\\SUMP\\BWS062_A2.jpg","hpl_areap5":"","hpl_areap4":"G:\\BMA\\VDO_DRONE\\SUMP\\BWS062_A4.jpg","objectid":60,"pump_amount":"2"}},{"geometry":{"type":"Point","coordinates":[100.37775200028949,13.712064003599007],"crs":null},"id":61,"type":"Feature","properties":{"utm_x":648980.7202,"pump3_catagory":"-","year":"2564","accessibility":"ภายในถนนหมู่บ้านเศรษฐกิจ ใกล้คลินิกหมอหมู่บ้าน บริเวณสะพานข้ามคลองบางจากขาเข้า","pump5_type":"-","sump_type":"บ่อสูบน้ำ","utm_y":1516307.045,"area_p1_y":100.377752,"area_p1_x":13.712064,"area_p3_y":100.377752,"sump_length":1.3,"area_p3_x":13.712064,"hpl_mdb":"G:\\BMA\\VDO_DRONE\\SUMP\\BWS051_MD.jpg","home_pic":"BMA\\VDO_DRONE\\SUMP\\BWS051_HO.jpg","sump_depth":3.2,"pump2_volume":0,"pump4_volume":0,"meter":200,"surveillant_mobile":"-","telephone":"-","mdb":250,"hpl_trans":"G:\\BMA\\VDO_DRONE\\SUMP\\BWS051_TR.jpg","volume":9.15,"subdistrict_id":"104002","hpl_home":"G:\\BMA\\VDO_DRONE\\SUMP\\BWS051_HO.jpg","sump_area":"กรุงเทพธนบุรี","sump_width":2.2,"fd_prevent_code":"34","area_p3_pic":"BMA\\VDO_DRONE\\SUMP\\BWS051_A3.jpg","district_t":"บางแค","pump4_catagory":"-","sump_name":"บ่อสูบน้ำหมู่บ้านเศรษฐกิจ (คลองบางจาก) ขาออก","mea_tel":"0-2841-5211 , 0-2451-4104","area_p4_pic":"BMA\\VDO_DRONE\\SUMP\\BWS051_A4.jpg","transformer":150,"mea":"เขตบางขุนเทียน","trans_pic":"BMA\\VDO_DRONE\\SUMP\\BWS051_TR.jpg","pump2_type":"-","mdb_pic":"BMA\\VDO_DRONE\\SUMP\\BWS051_MD.jpg","area_p4_y":100.377752,"meter_pic":"BMA\\VDO_DRONE\\SUMP\\BWS051_ME.jpg","area_p2_x":13.712064,"sump_code":"BW.S.051","area_p4_x":13.712064,"amount5":"-","area_p2_y":100.377752,"amount4":"-","pump5_catagory":"-","hpl_meter":"G:\\BMA\\VDO_DRONE\\SUMP\\BWS051_ME.jpg","pump3_type":"-","amount3":"-","amount2":"-","area_p2_pic":"BMA\\VDO_DRONE\\SUMP\\BWS051_A2.jpg","gate_type":"8","amount1":"1","area_p5_pic":"","reflex_area":"กรุงเทพธนบุรี","pipe_in_bed2":0,"pipe_in_bed3":0,"pipe_in_bed1":2.33,"home_type":"ตู้คอนเทนเนอร์","date_survey":"16 เมษายน 2021","pipe_in_bed4":0,"pump1_type":"คอลัมป์ไปท์","pump5_volume":0,"owner":"บางแค","pump4_type":"-","area_p1_pic":"BMA\\VDO_DRONE\\SUMP\\BWS051_A1.jpg","pump3_volume":0,"pump1_catagory":"ไฟฟ้า","objectid_1":61,"pump2_catagory":"-","sump_bed":"3.2","pipe_in_dimention1":0.6,"pipe_in_dimention2":0,"pipe_in_dimention3":0,"meter_code":"MEA-TOU-9151608","pipe_in_dimention4":0,"pump1_volume":0.5,"hpl_areap1":"G:\\BMA\\VDO_DRONE\\SUMP\\BWS051_A1.jpg","surveillant_name":"-","hpl_areap3":"G:\\BMA\\VDO_DRONE\\SUMP\\BWS051_A3.jpg","district_id":"1040","hpl_areap2":"G:\\BMA\\VDO_DRONE\\SUMP\\BWS051_A2.jpg","hpl_areap5":"","hpl_areap4":"G:\\BMA\\VDO_DRONE\\SUMP\\BWS051_A4.jpg","objectid":61,"pump_amount":"1"}},{"geometry":{"type":"Point","coordinates":[100.59754999992671,13.710859002314933],"crs":null},"id":62,"type":"Feature","properties":{"utm_x":672754.1869,"pump3_catagory":"-","year":"2564","accessibility":"บริเวณตรงข้ามท่าเรือพระโขนง ใต้สะพานพระโขนง ฝั่งขาออก","pump5_type":"-","sump_type":"บ่อสูบน้ำ","utm_y":1516320.081,"area_p1_y":100.597434,"area_p1_x":13.71088,"area_p3_y":100.597489,"sump_length":9.5,"area_p3_x":13.710897,"hpl_mdb":"G:\\BMA\\VDO_DRONE\\SUMP\\BES039_MD.jpg","home_pic":"BMA\\VDO_DRONE\\SUMP\\BES039_HO.jpg","sump_depth":5.6,"pump2_volume":0,"pump4_volume":0,"meter":400,"surveillant_mobile":"-","telephone":"02-3323156","mdb":800,"hpl_trans":"G:\\BMA\\VDO_DRONE\\SUMP\\BES039_TR.jpg","volume":372.4,"subdistrict_id":"103903","hpl_home":"G:\\BMA\\VDO_DRONE\\SUMP\\BES039_HO.jpg","sump_area":"กรุงเทพตะวันออก","sump_width":7,"fd_prevent_code":"14","area_p3_pic":"BMA\\VDO_DRONE\\SUMP\\BES039_A3.jpg","district_t":"วัฒนา","pump4_catagory":"-","sump_name":"บ่อสูบน้ำใต้สะพานพระโขนง ฝั่งอ่อนนุช","mea_tel":"0-2769-5211 , 0-2316-8001","area_p4_pic":"BMA\\VDO_DRONE\\SUMP\\BES039_A4.jpg","transformer":500,"mea":"เขตบางพลี","trans_pic":"BMA\\VDO_DRONE\\SUMP\\BES039_TR.jpg","pump2_type":"-","mdb_pic":"BMA\\VDO_DRONE\\SUMP\\BES039_MD.jpg","area_p4_y":100.597488,"meter_pic":"BMA\\VDO_DRONE\\SUMP\\BES039_ME.jpg","area_p2_x":13.710885,"sump_code":"BE.S.039","area_p4_x":13.710897,"amount5":"-","area_p2_y":100.597465,"amount4":"-","pump5_catagory":"-","hpl_meter":"G:\\BMA\\VDO_DRONE\\SUMP\\BES039_ME.jpg","pump3_type":"-","amount3":"-","amount2":"-","area_p2_pic":"BMA\\VDO_DRONE\\SUMP\\BES039_A2.jpg","gate_type":"9","amount1":"4","area_p5_pic":"BMA\\VDO_DRONE\\SUMP\\BES039_A5.jpg","reflex_area":"กรุงเทพตะวันออก","pipe_in_bed2":2.8,"pipe_in_bed3":0,"pipe_in_bed1":2.8,"home_type":"ตู้คอนเทนเนอร์","date_survey":"21 กุมภาพันธ์ 2021","pipe_in_bed4":0,"pump1_type":"ซับเมิร์ส","pump5_volume":0,"owner":"วัฒนา","pump4_type":"-","area_p1_pic":"BMA\\VDO_DRONE\\SUMP\\BES039_A1.jpg","pump3_volume":0,"pump1_catagory":"ไฟฟ้า","objectid_1":62,"pump2_catagory":"-","sump_bed":"5.6","pipe_in_dimention1":1.2,"pipe_in_dimention2":1.2,"pipe_in_dimention3":0,"meter_code":"MEA-TOU-9083243","pipe_in_dimention4":0,"pump1_volume":1,"hpl_areap1":"G:\\BMA\\VDO_DRONE\\SUMP\\BES039_A1.jpg","surveillant_name":"-","hpl_areap3":"G:\\BMA\\VDO_DRONE\\SUMP\\BES039_A3.jpg","district_id":"1039","hpl_areap2":"G:\\BMA\\VDO_DRONE\\SUMP\\BES039_A2.jpg","hpl_areap5":"G:\\BMA\\VDO_DRONE\\SUMP\\BES039_A5.jpg","hpl_areap4":"G:\\BMA\\VDO_DRONE\\SUMP\\BES039_A4.jpg","objectid":62,"pump_amount":"4"}},{"geometry":{"type":"Point","coordinates":[100.59705999979616,13.710959004271587],"crs":null},"id":63,"type":"Feature","properties":{"utm_x":672701.1144,"pump3_catagory":"-","year":"2564","accessibility":"ใต้สะพานพระโขนง ฝั่งขาเข้า (ฝั่งตรงข้ามตลาด)","pump5_type":"-","sump_type":"บ่อสูบน้ำ","utm_y":1516330.794,"area_p1_y":100.597,"area_p1_x":13.710973,"area_p3_y":100.596993,"sump_length":5.2,"area_p3_x":13.710975,"hpl_mdb":"G:\\BMA\\VDO_DRONE\\SUMP\\BSS035_MD.jpg","home_pic":"BMA\\VDO_DRONE\\SUMP\\BSS035_HO.jpg","sump_depth":4.5,"pump2_volume":0,"pump4_volume":0,"meter":400,"surveillant_mobile":"-","telephone":"-","mdb":400,"hpl_trans":"","volume":72.54,"subdistrict_id":"103303","hpl_home":"G:\\BMA\\VDO_DRONE\\SUMP\\BSS035_HO.jpg","sump_area":"กรุงเทพใต้","sump_width":3.1,"fd_prevent_code":"13","area_p3_pic":"BMA\\VDO_DRONE\\SUMP\\BSS035_A3.jpg","district_t":"คลองเตย","pump4_catagory":"-","sump_name":"บ่อสูบพระโขนง","mea_tel":"0-2348-5211 , 0-2249-0800","area_p4_pic":"BMA\\VDO_DRONE\\SUMP\\BSS035_A4.jpg","transformer":150,"mea":"สำนักงานใหญ่คลองเตย","trans_pic":"","pump2_type":"-","mdb_pic":"BMA\\VDO_DRONE\\SUMP\\BSS035_MD.jpg","area_p4_y":100.596997,"meter_pic":"BMA\\VDO_DRONE\\SUMP\\BSS035_ME.jpg","area_p2_x":13.710976,"sump_code":"BS.S.035","area_p4_x":13.710981,"amount5":"-","area_p2_y":100.596992,"amount4":"-","pump5_catagory":"-","hpl_meter":"G:\\BMA\\VDO_DRONE\\SUMP\\BSS035_ME.jpg","pump3_type":"-","amount3":"-","amount2":"-","area_p2_pic":"BMA\\VDO_DRONE\\SUMP\\BSS035_A2.jpg","gate_type":"1","amount1":"2","area_p5_pic":"BMA\\VDO_DRONE\\SUMP\\BSS035_A5.jpg","reflex_area":"กรุงเทพใต้","pipe_in_bed2":0,"pipe_in_bed3":0,"pipe_in_bed1":1,"home_type":"ตู้คอนเทนเนอร์","date_survey":"5 มิถุนายน 2021","pipe_in_bed4":0,"pump1_type":"หอยโข่ง","pump5_volume":0,"owner":"คลองเตย","pump4_type":"-","area_p1_pic":"BMA\\VDO_DRONE\\SUMP\\BSS035_A1.jpg","pump3_volume":0,"pump1_catagory":"ไฟฟ้า","objectid_1":63,"pump2_catagory":"-","sump_bed":"4.5","pipe_in_dimention1":1,"pipe_in_dimention2":0,"pipe_in_dimention3":0,"meter_code":"MEA-TOU-033275","pipe_in_dimention4":0,"pump1_volume":0.5,"hpl_areap1":"G:\\BMA\\VDO_DRONE\\SUMP\\BSS035_A1.jpg","surveillant_name":"-","hpl_areap3":"G:\\BMA\\VDO_DRONE\\SUMP\\BSS035_A3.jpg","district_id":"1033","hpl_areap2":"G:\\BMA\\VDO_DRONE\\SUMP\\BSS035_A2.jpg","hpl_areap5":"G:\\BMA\\VDO_DRONE\\SUMP\\BSS035_A5.jpg","hpl_areap4":"G:\\BMA\\VDO_DRONE\\SUMP\\BSS035_A4.jpg","objectid":63,"pump_amount":"2"}},{"geometry":{"type":"Point","coordinates":[100.42659600003405,13.712082002525335],"crs":null},"id":64,"type":"Feature","properties":{"utm_x":654263.3248,"pump3_catagory":"-","year":"2564","accessibility":"หน้ามูลนิธิบ้านบางแค ถนนเพชรเกษม (ขาออก)","pump5_type":"-","sump_type":"บ่อสูบน้ำ","utm_y":1516339.687,"area_p1_y":100.426596,"area_p1_x":13.712082,"area_p3_y":100.426596,"sump_length":2.24,"area_p3_x":13.712082,"hpl_mdb":"G:\\BMA\\VDO_DRONE\\SUMP\\BWS048_MD.jpg","home_pic":"BMA\\VDO_DRONE\\SUMP\\BWS048_HO.jpg","sump_depth":2.5,"pump2_volume":0,"pump4_volume":0,"meter":200,"surveillant_mobile":"-","telephone":"-","mdb":200,"hpl_trans":"G:\\BMA\\VDO_DRONE\\SUMP\\BWS048_TR.jpg","volume":6.38,"subdistrict_id":"102201","hpl_home":"G:\\BMA\\VDO_DRONE\\SUMP\\BWS048_HO.jpg","sump_area":"กรุงเทพธนบุรี","sump_width":1.14,"fd_prevent_code":"34","area_p3_pic":"","district_t":"ภาษีเจริญ","pump4_catagory":"-","sump_name":"บ่อสูบน้ำราชมนตรี ถนนเพชรเกษม (ขาออก)","mea_tel":"0-2412-8699 , 0-2878-5222 , 0-2878-5333","area_p4_pic":"","transformer":500,"mea":"เขตธนบุรี","trans_pic":"BMA\\VDO_DRONE\\SUMP\\BWS048_TR.jpg","pump2_type":"-","mdb_pic":"BMA\\VDO_DRONE\\SUMP\\BWS048_MD.jpg","area_p4_y":100.426596,"meter_pic":"BMA\\VDO_DRONE\\SUMP\\BWS048_ME.jpg","area_p2_x":13.712082,"sump_code":"BW.S.048","area_p4_x":13.712082,"amount5":"-","area_p2_y":100.426596,"amount4":"-","pump5_catagory":"-","hpl_meter":"G:\\BMA\\VDO_DRONE\\SUMP\\BWS048_ME.jpg","pump3_type":"-","amount3":"-","amount2":"-","area_p2_pic":"BMA\\VDO_DRONE\\SUMP\\BWS048_A2.jpg","gate_type":"8","amount1":"1","area_p5_pic":"","reflex_area":"กรุงเทพธนบุรี","pipe_in_bed2":0,"pipe_in_bed3":0,"pipe_in_bed1":2.4,"home_type":"ตู้คอนเทนเนอร์","date_survey":"7 เมษายน 2021","pipe_in_bed4":0,"pump1_type":"หอยโข่ง","pump5_volume":0,"owner":"ภาษีเจริญ","pump4_type":"-","area_p1_pic":"BMA\\VDO_DRONE\\SUMP\\BWS048_A1.jpg","pump3_volume":0,"pump1_catagory":"ไฟฟ้า","objectid_1":64,"pump2_catagory":"-","sump_bed":"2.5","pipe_in_dimention1":1.2,"pipe_in_dimention2":0,"pipe_in_dimention3":0,"meter_code":"MEA-TOU-9150438","pipe_in_dimention4":0,"pump1_volume":0.2,"hpl_areap1":"G:\\BMA\\VDO_DRONE\\SUMP\\BWS048_A1.jpg","surveillant_name":"-","hpl_areap3":"","district_id":"1022","hpl_areap2":"G:\\BMA\\VDO_DRONE\\SUMP\\BWS048_A2.jpg","hpl_areap5":"","hpl_areap4":"","objectid":64,"pump_amount":"1"}},{"geometry":{"type":"Point","coordinates":[100.59715839585968,13.711186189253544],"crs":null},"id":65,"type":"Feature","properties":{"utm_x":672711.591,"pump3_catagory":"-","year":"2564","accessibility":"บริเวณท่าเรือพระโขนง ใต้สะพานพระโขนง ฝั่งขาออก (ฝั่งตลาด)","pump5_type":"-","sump_type":"บ่อสูบน้ำ","utm_y":1516355.998,"area_p1_y":100.597159,"area_p1_x":13.71122,"area_p3_y":100.597159,"sump_length":8.6,"area_p3_x":13.71122,"hpl_mdb":"G:\\BMA\\VDO_DRONE\\SUMP\\BSS055_MD.jpg","home_pic":"BMA\\VDO_DRONE\\SUMP\\BSS055_HO.jpg","sump_depth":5.5,"pump2_volume":0.13,"pump4_volume":0,"meter":400,"surveillant_mobile":"-","telephone":"-","mdb":450,"hpl_trans":"","volume":113.52,"subdistrict_id":"103903","hpl_home":"G:\\BMA\\VDO_DRONE\\SUMP\\BSS055_HO.jpg","sump_area":"กรุงเทพใต้","sump_width":2.4,"fd_prevent_code":"13","area_p3_pic":"BMA\\VDO_DRONE\\SUMP\\BSS055_A3.jpg","district_t":"วัฒนา","pump4_catagory":"-","sump_name":"บ่อสูบน้ำใต้สะพานพระโขนง ฝั่งขาออก (ฝั่งตลาด)","mea_tel":"0-2725-5211 , 0-2314-0668","area_p4_pic":"BMA\\VDO_DRONE\\SUMP\\BSS055_A4.jpg","transformer":0,"mea":"เขตบางกะปิ","trans_pic":"","pump2_type":"หอยโข่ง","mdb_pic":"BMA\\VDO_DRONE\\SUMP\\BSS055_MD.jpg","area_p4_y":100.597159,"meter_pic":"BMA\\VDO_DRONE\\SUMP\\BSS055_ME.jpg","area_p2_x":13.71122,"sump_code":"BS.S.055","area_p4_x":13.71122,"amount5":"-","area_p2_y":100.597159,"amount4":"-","pump5_catagory":"-","hpl_meter":"G:\\BMA\\VDO_DRONE\\SUMP\\BSS055_ME.jpg","pump3_type":"-","amount3":"-","amount2":"1","area_p2_pic":"BMA\\VDO_DRONE\\SUMP\\BSS055_A2.jpg","gate_type":"1","amount1":"1","area_p5_pic":"BMA\\VDO_DRONE\\SUMP\\BSS055_A5.jpg","reflex_area":"กรุงเทพใต้","pipe_in_bed2":0,"pipe_in_bed3":0,"pipe_in_bed1":4.5,"home_type":"ตู้คอนเทนเนอร์","date_survey":"6 มิถุนายน 2021","pipe_in_bed4":0,"pump1_type":"ซับเมิร์ส","pump5_volume":0,"owner":"วัฒนา","pump4_type":"-","area_p1_pic":"BMA\\VDO_DRONE\\SUMP\\BSS055_A1.jpg","pump3_volume":0,"pump1_catagory":"ไฟฟ้า","objectid_1":65,"pump2_catagory":"ไฟฟ้า","sump_bed":"5.5","pipe_in_dimention1":1.5,"pipe_in_dimention2":0,"pipe_in_dimention3":0,"meter_code":"MEA-26027682","pipe_in_dimention4":0,"pump1_volume":1,"hpl_areap1":"G:\\BMA\\VDO_DRONE\\SUMP\\BSS055_A1.jpg","surveillant_name":"-","hpl_areap3":"G:\\BMA\\VDO_DRONE\\SUMP\\BSS055_A3.jpg","district_id":"1039","hpl_areap2":"G:\\BMA\\VDO_DRONE\\SUMP\\BSS055_A2.jpg","hpl_areap5":"G:\\BMA\\VDO_DRONE\\SUMP\\BSS055_A5.jpg","hpl_areap4":"G:\\BMA\\VDO_DRONE\\SUMP\\BSS055_A4.jpg","objectid":65,"pump_amount":"2"}},{"geometry":{"type":"Point","coordinates":[100.42625599960417,13.712377999140005],"crs":null},"id":66,"type":"Feature","properties":{"utm_x":654226.3592,"pump3_catagory":"-","year":"2564","accessibility":"หน้าคอนโดProdigyบางเเค ตรงข้ามมูลนิธิบ้านบางแ8 ถ.เพชรเกษม (ขาเข้า)","pump5_type":"-","sump_type":"บ่อสูบน้ำ","utm_y":1516372.214,"area_p1_y":100.426256,"area_p1_x":13.712378,"area_p3_y":100.426256,"sump_length":2.2,"area_p3_x":13.712378,"hpl_mdb":"G:\\BMA\\VDO_DRONE\\SUMP\\BWS047_MD.jpg","home_pic":"","sump_depth":2.9,"pump2_volume":0,"pump4_volume":0,"meter":200,"surveillant_mobile":"-","telephone":"-","mdb":200,"hpl_trans":"G:\\BMA\\VDO_DRONE\\SUMP\\BWS047_TR.jpg","volume":7.02,"subdistrict_id":"102201","hpl_home":"","sump_area":"กรุงเทพธนบุรี","sump_width":1.1,"fd_prevent_code":"34","area_p3_pic":"BMA\\VDO_DRONE\\SUMP\\BWS047_A3.jpg","district_t":"ภาษีเจริญ","pump4_catagory":"-","sump_name":"บ่อสูบน้ำคลองราชมนตรี ถ.เพชรเกษม (ขาเข้า)","mea_tel":"0-2412-8699 , 0-2878-5222 , 0-2878-5333","area_p4_pic":"BMA\\VDO_DRONE\\SUMP\\BWS047_A4.jpg","transformer":150,"mea":"เขตธนบุรี","trans_pic":"BMA\\VDO_DRONE\\SUMP\\BWS047_TR.jpg","pump2_type":"-","mdb_pic":"BMA\\VDO_DRONE\\SUMP\\BWS047_MD.jpg","area_p4_y":100.426256,"meter_pic":"BMA\\VDO_DRONE\\SUMP\\BWS047_ME.jpg","area_p2_x":13.712378,"sump_code":"BW.S.047","area_p4_x":13.712378,"amount5":"-","area_p2_y":100.426256,"amount4":"-","pump5_catagory":"-","hpl_meter":"G:\\BMA\\VDO_DRONE\\SUMP\\BWS047_ME.jpg","pump3_type":"-","amount3":"-","amount2":"-","area_p2_pic":"BMA\\VDO_DRONE\\SUMP\\BWS047_A2.jpg","gate_type":"8","amount1":"1","area_p5_pic":"","reflex_area":"กรุงเทพธนบุรี","pipe_in_bed2":0,"pipe_in_bed3":0,"pipe_in_bed1":1.7,"home_type":"ตู้คอนเทนเนอร์","date_survey":"7 เมษายน 2021","pipe_in_bed4":0,"pump1_type":"หอยโข่ง","pump5_volume":0,"owner":"ภาษีเจริญ","pump4_type":"-","area_p1_pic":"BMA\\VDO_DRONE\\SUMP\\BWS047_A1.jpg","pump3_volume":0,"pump1_catagory":"ไฟฟ้า","objectid_1":66,"pump2_catagory":"-","sump_bed":"2.9","pipe_in_dimention1":1.2,"pipe_in_dimention2":0,"pipe_in_dimention3":0,"meter_code":"MEA-TOU-9150036","pipe_in_dimention4":0,"pump1_volume":0.2,"hpl_areap1":"G:\\BMA\\VDO_DRONE\\SUMP\\BWS047_A1.jpg","surveillant_name":"-","hpl_areap3":"G:\\BMA\\VDO_DRONE\\SUMP\\BWS047_A3.jpg","district_id":"1022","hpl_areap2":"G:\\BMA\\VDO_DRONE\\SUMP\\BWS047_A2.jpg","hpl_areap5":"","hpl_areap4":"G:\\BMA\\VDO_DRONE\\SUMP\\BWS047_A4.jpg","objectid":66,"pump_amount":"1"}},{"geometry":{"type":"Point","coordinates":[100.40717899970483,13.712681996407227],"crs":null},"id":67,"type":"Feature","properties":{"utm_x":652162.9233,"pump3_catagory":"-","year":"2564","accessibility":"หน้าทางเข้าเดอะมอลล์บางแคฝั่งถนนกาญจนาภิเษก เป็นทางเข้ามีป้ายหมู่บ้านศุภวรรณ","pump5_type":"-","sump_type":"บ่อสูบน้ำ","utm_y":1516393.747,"area_p1_y":100.407179,"area_p1_x":13.712682,"area_p3_y":100.407179,"sump_length":2.6,"area_p3_x":13.712682,"hpl_mdb":"G:\\BMA\\VDO_DRONE\\SUMP\\BWS044_MD.jpg","home_pic":"","sump_depth":2.5,"pump2_volume":0,"pump4_volume":0,"meter":200,"surveillant_mobile":"-","telephone":"-","mdb":250,"hpl_trans":"G:\\BMA\\VDO_DRONE\\SUMP\\BWS044_TR.jpg","volume":13.65,"subdistrict_id":"104002","hpl_home":"","sump_area":"กรุงเทพธนบุรี","sump_width":2.1,"fd_prevent_code":"16","area_p3_pic":"BMA\\VDO_DRONE\\SUMP\\BWS044_A3.jpg","district_t":"บางแค","pump4_catagory":"-","sump_name":"บ่อสูบน้ำคูน้ำข้างเดอะมอลบางแค","mea_tel":"0-2412-8699 , 0-2878-5222 , 0-2878-5333","area_p4_pic":"BMA\\VDO_DRONE\\SUMP\\BWS044_A4.jpg","transformer":225,"mea":"เขตธนบุรี","trans_pic":"BMA\\VDO_DRONE\\SUMP\\BWS044_TR.jpg","pump2_type":"-","mdb_pic":"BMA\\VDO_DRONE\\SUMP\\BWS044_MD.jpg","area_p4_y":100.407179,"meter_pic":"BMA\\VDO_DRONE\\SUMP\\BWS044_ME.jpg","area_p2_x":13.712682,"sump_code":"BW.S.044","area_p4_x":13.712682,"amount5":"-","area_p2_y":100.407179,"amount4":"-","pump5_catagory":"-","hpl_meter":"G:\\BMA\\VDO_DRONE\\SUMP\\BWS044_ME.jpg","pump3_type":"-","amount3":"-","amount2":"-","area_p2_pic":"BMA\\VDO_DRONE\\SUMP\\BWS044_A2.jpg","gate_type":"8","amount1":"1","area_p5_pic":"BMA\\VDO_DRONE\\SUMP\\BWS044_A5.jpg","reflex_area":"กรุงเทพธนบุรี","pipe_in_bed2":0,"pipe_in_bed3":0,"pipe_in_bed1":1.4,"home_type":"ไม่มี","date_survey":"7 เมษายน 2021","pipe_in_bed4":0,"pump1_type":"หอยโข่ง","pump5_volume":0,"owner":"บางแค","pump4_type":"-","area_p1_pic":"BMA\\VDO_DRONE\\SUMP\\BWS044_A1.jpg","pump3_volume":0,"pump1_catagory":"ไฟฟ้า","objectid_1":67,"pump2_catagory":"-","sump_bed":"2.5","pipe_in_dimention1":1,"pipe_in_dimention2":0,"pipe_in_dimention3":0,"meter_code":"MEA-TOU-9150263","pipe_in_dimention4":0,"pump1_volume":0.2,"hpl_areap1":"G:\\BMA\\VDO_DRONE\\SUMP\\BWS044_A1.jpg","surveillant_name":"-","hpl_areap3":"G:\\BMA\\VDO_DRONE\\SUMP\\BWS044_A3.jpg","district_id":"1040","hpl_areap2":"G:\\BMA\\VDO_DRONE\\SUMP\\BWS044_A2.jpg","hpl_areap5":"G:\\BMA\\VDO_DRONE\\SUMP\\BWS044_A5.jpg","hpl_areap4":"G:\\BMA\\VDO_DRONE\\SUMP\\BWS044_A4.jpg","objectid":67,"pump_amount":"1"}},{"geometry":{"type":"Point","coordinates":[100.43228400005826,13.712559000923674],"crs":null},"id":68,"type":"Feature","properties":{"utm_x":654878.1917,"pump3_catagory":"-","year":"2564","accessibility":"หน้าร้านยางDUNLOP ตรงข้ามปั๊มบางจาก ถนนเพชรเกษมฝั่งขาออก","pump5_type":"-","sump_type":"บ่อสูบน้ำ","utm_y":1516396.093,"area_p1_y":100.432284,"area_p1_x":13.712559,"area_p3_y":100.432284,"sump_length":3,"area_p3_x":13.712559,"hpl_mdb":"G:\\BMA\\VDO_DRONE\\SUMP\\BWS082_MD.jpg","home_pic":"","sump_depth":2.8,"pump2_volume":0.2,"pump4_volume":0,"meter":400,"surveillant_mobile":"-","telephone":"-","mdb":600,"hpl_trans":"G:\\BMA\\VDO_DRONE\\SUMP\\BWS082_TR.jpg","volume":9.49,"subdistrict_id":"102201","hpl_home":"","sump_area":"กรุงเทพธนบุรี","sump_width":1.13,"fd_prevent_code":"34","area_p3_pic":"BMA\\VDO_DRONE\\SUMP\\BWS082_A3.jpg","district_t":"ภาษีเจริญ","pump4_catagory":"-","sump_name":"บ่อสูบน้ำคลองยายเพียร ถนนเพชรเกษมฝั่งขาออก (ร้านยาง)","mea_tel":"0-2412-8699 , 0-2878-5222 , 0-2878-5333","area_p4_pic":"","transformer":500,"mea":"เขตธนบุรี","trans_pic":"BMA\\VDO_DRONE\\SUMP\\BWS082_TR.jpg","pump2_type":"หอยโข่ง","mdb_pic":"BMA\\VDO_DRONE\\SUMP\\BWS082_MD.jpg","area_p4_y":100.432284,"meter_pic":"BMA\\VDO_DRONE\\SUMP\\BWS082_ME.jpg","area_p2_x":13.712559,"sump_code":"BW.S.082","area_p4_x":13.712559,"amount5":"-","area_p2_y":100.432284,"amount4":"-","pump5_catagory":"-","hpl_meter":"G:\\BMA\\VDO_DRONE\\SUMP\\BWS082_ME.jpg","pump3_type":"-","amount3":"-","amount2":"1","area_p2_pic":"","gate_type":"8","amount1":"1","area_p5_pic":"","reflex_area":"กรุงเทพธนบุรี","pipe_in_bed2":0,"pipe_in_bed3":0,"pipe_in_bed1":1.7,"home_type":"ตู้คอนเทนเนอร์","date_survey":"27 เมษายน 2021","pipe_in_bed4":0,"pump1_type":"หอยโข่ง","pump5_volume":0,"owner":"ภาษีเจริญ","pump4_type":"-","area_p1_pic":"BMA\\VDO_DRONE\\SUMP\\BWS082_A1.jpg","pump3_volume":0,"pump1_catagory":"ไฟฟ้า","objectid_1":68,"pump2_catagory":"ไฟฟ้า","sump_bed":"2.8","pipe_in_dimention1":1.2,"pipe_in_dimention2":0,"pipe_in_dimention3":0,"meter_code":"MEA-TOU-055788","pipe_in_dimention4":0,"pump1_volume":0.13,"hpl_areap1":"G:\\BMA\\VDO_DRONE\\SUMP\\BWS082_A1.jpg","surveillant_name":"-","hpl_areap3":"G:\\BMA\\VDO_DRONE\\SUMP\\BWS082_A3.jpg","district_id":"1022","hpl_areap2":"","hpl_areap5":"","hpl_areap4":"","objectid":68,"pump_amount":"2"}},{"geometry":{"type":"Point","coordinates":[100.43213100029583,13.712565998301093],"crs":null},"id":69,"type":"Feature","properties":{"utm_x":654861.6396,"pump3_catagory":"-","year":"2564","accessibility":"หน้ารพ.เพชรเกษม2 ตรงข้ามปั๊มบางจาก ถนนเพชรเกษม ฝั่งขาออก","pump5_type":"-","sump_type":"บ่อสูบน้ำ","utm_y":1516396.769,"area_p1_y":100.432131,"area_p1_x":13.712566,"area_p3_y":100.432131,"sump_length":3,"area_p3_x":13.712566,"hpl_mdb":"G:\\BMA\\VDO_DRONE\\SUMP\\BWS037_MD.jpg","home_pic":"BMA\\VDO_DRONE\\SUMP\\BWS037_HO.jpg","sump_depth":2.8,"pump2_volume":0,"pump4_volume":0,"meter":400,"surveillant_mobile":"-","telephone":"-","mdb":600,"hpl_trans":"G:\\BMA\\VDO_DRONE\\SUMP\\BWS037_TR.jpg","volume":9.66,"subdistrict_id":"102201","hpl_home":"G:\\BMA\\VDO_DRONE\\SUMP\\BWS037_HO.jpg","sump_area":"กรุงเทพธนบุรี","sump_width":1.15,"fd_prevent_code":"34","area_p3_pic":"BMA\\VDO_DRONE\\SUMP\\BWS037_A3.jpg","district_t":"ภาษีเจริญ","pump4_catagory":"-","sump_name":"บ่อสูบน้ำคลองยายเพียร ถนนเพชรเกษม ฝั่งขาออก (รพ.เพชรเกษม2)","mea_tel":"0-2412-8699 , 0-2878-5222 , 0-2878-5333","area_p4_pic":"BMA\\VDO_DRONE\\SUMP\\BWS037_A4.jpg","transformer":500,"mea":"เขตธนบุรี","trans_pic":"BMA\\VDO_DRONE\\SUMP\\BWS037_TR.jpg","pump2_type":"-","mdb_pic":"BMA\\VDO_DRONE\\SUMP\\BWS037_MD.jpg","area_p4_y":100.432131,"meter_pic":"BMA\\VDO_DRONE\\SUMP\\BWS037_ME.jpg","area_p2_x":13.712566,"sump_code":"BW.S.037","area_p4_x":13.712566,"amount5":"-","area_p2_y":100.432131,"amount4":"-","pump5_catagory":"-","hpl_meter":"G:\\BMA\\VDO_DRONE\\SUMP\\BWS037_ME.jpg","pump3_type":"-","amount3":"-","amount2":"-","area_p2_pic":"BMA\\VDO_DRONE\\SUMP\\BWS037_A2.jpg","gate_type":"8","amount1":"2","area_p5_pic":"BMA\\VDO_DRONE\\SUMP\\BWS037_A5.jpg","reflex_area":"กรุงเทพธนบุรี","pipe_in_bed2":2.2,"pipe_in_bed3":0,"pipe_in_bed1":2.8,"home_type":"ตู้คอนเทนเนอร์","date_survey":"7 เมษายน 2021","pipe_in_bed4":0,"pump1_type":"หอยโข่ง","pump5_volume":0,"owner":"ภาษีเจริญ","pump4_type":"-","area_p1_pic":"BMA\\VDO_DRONE\\SUMP\\BWS037_A1.jpg","pump3_volume":0,"pump1_catagory":"ไฟฟ้า","objectid_1":69,"pump2_catagory":"-","sump_bed":"2.86","pipe_in_dimention1":1.2,"pipe_in_dimention2":1.2,"pipe_in_dimention3":0,"meter_code":"MEA-TOU-055788","pipe_in_dimention4":0,"pump1_volume":0.4,"hpl_areap1":"G:\\BMA\\VDO_DRONE\\SUMP\\BWS037_A1.jpg","surveillant_name":"-","hpl_areap3":"G:\\BMA\\VDO_DRONE\\SUMP\\BWS037_A3.jpg","district_id":"1022","hpl_areap2":"G:\\BMA\\VDO_DRONE\\SUMP\\BWS037_A2.jpg","hpl_areap5":"G:\\BMA\\VDO_DRONE\\SUMP\\BWS037_A5.jpg","hpl_areap4":"G:\\BMA\\VDO_DRONE\\SUMP\\BWS037_A4.jpg","objectid":69,"pump_amount":"2"}},{"geometry":{"type":"Point","coordinates":[100.40571699964532,13.712963000420174],"crs":null},"id":70,"type":"Feature","properties":{"utm_x":652004.6232,"pump3_catagory":"-","year":"2564","accessibility":"ภายในจุดพักรถหน้าสวนกาญจนาภิรมย์ ถนนกาญจนาภิเษกใกล้เดอะมอลล์บางแค","pump5_type":"-","sump_type":"บ่อสูบน้ำ","utm_y":1516423.912,"area_p1_y":100.405717,"area_p1_x":13.712963,"area_p3_y":100.405717,"sump_length":3.2,"area_p3_x":13.712963,"hpl_mdb":"","home_pic":"","sump_depth":2.2,"pump2_volume":0,"pump4_volume":0,"meter":0,"surveillant_mobile":"-","telephone":"-","mdb":0,"hpl_trans":"","volume":22.53,"subdistrict_id":"104002","hpl_home":"","sump_area":"กรุงเทพธนบุรี","sump_width":3.2,"fd_prevent_code":"16","area_p3_pic":"BMA\\VDO_DRONE\\SUMP\\BWS017_A3.jpg","district_t":"บางแค","pump4_catagory":"-","sump_name":"บ่อสูบน้ำบึงสวนเพชรกาญจนารมย์ ตอนลงคลองบางจาก","mea_tel":"0-2412-8699 , 0-2878-5222 , 0-2878-5333","area_p4_pic":"BMA\\VDO_DRONE\\SUMP\\BWS017_A4.jpg","transformer":0,"mea":"เขตธนบุรี","trans_pic":"","pump2_type":"-","mdb_pic":"","area_p4_y":100.405717,"meter_pic":"","area_p2_x":13.712963,"sump_code":"BW.S.017","area_p4_x":13.712963,"amount5":"-","area_p2_y":100.405717,"amount4":"-","pump5_catagory":"-","hpl_meter":"","pump3_type":"-","amount3":"-","amount2":"-","area_p2_pic":"BMA\\VDO_DRONE\\SUMP\\BWS017_A2.jpg","gate_type":"8","amount1":"1","area_p5_pic":"","reflex_area":"กรุงเทพธนบุรี","pipe_in_bed2":0,"pipe_in_bed3":0,"pipe_in_bed1":2.2,"home_type":"ตู้คอนเทนเนอร์","date_survey":"31 มีนาคม 2021","pipe_in_bed4":0,"pump1_type":"เครื่องยนต์","pump5_volume":0,"owner":"บางแค","pump4_type":"-","area_p1_pic":"BMA\\VDO_DRONE\\SUMP\\BWS017_A1.jpg","pump3_volume":0,"pump1_catagory":"ดีเซล","objectid_1":70,"pump2_catagory":"-","sump_bed":"2.2","pipe_in_dimention1":3.2,"pipe_in_dimention2":0,"pipe_in_dimention3":0,"meter_code":"-","pipe_in_dimention4":0,"pump1_volume":0.2,"hpl_areap1":"G:\\BMA\\VDO_DRONE\\SUMP\\BWS017_A1.jpg","surveillant_name":"-","hpl_areap3":"G:\\BMA\\VDO_DRONE\\SUMP\\BWS017_A3.jpg","district_id":"1040","hpl_areap2":"G:\\BMA\\VDO_DRONE\\SUMP\\BWS017_A2.jpg","hpl_areap5":"","hpl_areap4":"G:\\BMA\\VDO_DRONE\\SUMP\\BWS017_A4.jpg","objectid":70,"pump_amount":"1"}},{"geometry":{"type":"Point","coordinates":[100.43232300011034,13.71284999739427],"crs":null},"id":71,"type":"Feature","properties":{"utm_x":654882.2189,"pump3_catagory":"-","year":"2564","accessibility":"หน้าปั๊มบางจาก ถนนเพชรเกษมฝั่งขาเข้า","pump5_type":"-","sump_type":"บ่อสูบน้ำ","utm_y":1516428.309,"area_p1_y":100.432323,"area_p1_x":13.71285,"area_p3_y":100.432323,"sump_length":2.8,"area_p3_x":13.71285,"hpl_mdb":"G:\\BMA\\VDO_DRONE\\SUMP\\BWS083_MD.jpg","home_pic":"BMA\\VDO_DRONE\\SUMP\\BWS083_HO.jpg","sump_depth":3,"pump2_volume":0,"pump4_volume":0,"meter":200,"surveillant_mobile":"-","telephone":"-","mdb":225,"hpl_trans":"G:\\BMA\\VDO_DRONE\\SUMP\\BWS083_TR.jpg","volume":18.06,"subdistrict_id":"102201","hpl_home":"G:\\BMA\\VDO_DRONE\\SUMP\\BWS083_HO.jpg","sump_area":"กรุงเทพธนบุรี","sump_width":2.15,"fd_prevent_code":"34","area_p3_pic":"","district_t":"ภาษีเจริญ","pump4_catagory":"-","sump_name":"บ่อสูบน้ำคลองยายเพียร ถนนเพชรเกษมฝั่งขาเข้า (ปั้มบางจาก)","mea_tel":"0-2412-8699 , 0-2878-5222 , 0-2878-5333","area_p4_pic":"","transformer":500,"mea":"เขตธนบุรี","trans_pic":"BMA\\VDO_DRONE\\SUMP\\BWS083_TR.jpg","pump2_type":"-","mdb_pic":"BMA\\VDO_DRONE\\SUMP\\BWS083_MD.jpg","area_p4_y":100.432323,"meter_pic":"BMA\\VDO_DRONE\\SUMP\\BWS083_ME.jpg","area_p2_x":13.71285,"sump_code":"BW.S.083","area_p4_x":13.71285,"amount5":"-","area_p2_y":100.432323,"amount4":"-","pump5_catagory":"-","hpl_meter":"G:\\BMA\\VDO_DRONE\\SUMP\\BWS083_ME.jpg","pump3_type":"-","amount3":"-","amount2":"-","area_p2_pic":"BMA\\VDO_DRONE\\SUMP\\BWS083_A2.jpg","gate_type":"8","amount1":"1","area_p5_pic":"","reflex_area":"กรุงเทพธนบุรี","pipe_in_bed2":0,"pipe_in_bed3":0,"pipe_in_bed1":2.8,"home_type":"ตู้คอนเทนเนอร์","date_survey":"27 เมษายน 2021","pipe_in_bed4":0,"pump1_type":"หอยโข่ง","pump5_volume":0,"owner":"ภาษีเจริญ","pump4_type":"-","area_p1_pic":"BMA\\VDO_DRONE\\SUMP\\BWS083_A1.jpg","pump3_volume":0,"pump1_catagory":"ไฟฟ้า","objectid_1":71,"pump2_catagory":"-","sump_bed":"3","pipe_in_dimention1":1.2,"pipe_in_dimention2":0,"pipe_in_dimention3":0,"meter_code":"MEA-TOU-032858","pipe_in_dimention4":0,"pump1_volume":0.2,"hpl_areap1":"G:\\BMA\\VDO_DRONE\\SUMP\\BWS083_A1.jpg","surveillant_name":"-","hpl_areap3":"","district_id":"1022","hpl_areap2":"G:\\BMA\\VDO_DRONE\\SUMP\\BWS083_A2.jpg","hpl_areap5":"","hpl_areap4":"","objectid":71,"pump_amount":"1"}},{"geometry":{"type":"Point","coordinates":[100.52067071092779,13.713791218550622],"crs":null},"id":72,"type":"Feature","properties":{"utm_x":664436.8648,"pump3_catagory":"ไฟฟ้า","year":"2564","accessibility":"ในซอยเจริญราษฎร์3 ทางเข้าวัดปรก","pump5_type":"-","sump_type":"บ่อสูบน้ำ","utm_y":1516590.819,"area_p1_y":100.520637,"area_p1_x":13.713785,"area_p3_y":100.52076,"sump_length":16.6,"area_p3_x":13.713694,"hpl_mdb":"G:\\BMA\\VDO_DRONE\\SUMP\\BSS042_MD.jpg","home_pic":"BMA\\VDO_DRONE\\SUMP\\BSS042_HO.jpg","sump_depth":5,"pump2_volume":0.5,"pump4_volume":0,"meter":400,"surveillant_mobile":"-","telephone":"-","mdb":800,"hpl_trans":"G:\\BMA\\VDO_DRONE\\SUMP\\BSS042_TR.jpg","volume":340.3,"subdistrict_id":"102802","hpl_home":"G:\\BMA\\VDO_DRONE\\SUMP\\BSS042_HO.jpg","sump_area":"กรุงเทพใต้","sump_width":4.1,"fd_prevent_code":"11","area_p3_pic":"BMA\\VDO_DRONE\\SUMP\\BSS042_A3.jpg","district_t":"สาทร","pump4_catagory":"-","sump_name":"บ่อสูบน้ำคูน้ำวัดปรก","mea_tel":"0-2611-5200 , 0-2289-0151","area_p4_pic":"BMA\\VDO_DRONE\\SUMP\\BSS042_A4.jpg","transformer":500,"mea":"เขตยานนาวา","trans_pic":"BMA\\VDO_DRONE\\SUMP\\BSS042_TR.jpg","pump2_type":"ซับเมิร์ส","mdb_pic":"BMA\\VDO_DRONE\\SUMP\\BSS042_MD.jpg","area_p4_y":100.520813,"meter_pic":"BMA\\VDO_DRONE\\SUMP\\BSS042_ME.jpg","area_p2_x":13.713711,"sump_code":"BS.S.042","area_p4_x":13.713712,"amount5":"-","area_p2_y":100.520554,"amount4":"-","pump5_catagory":"-","hpl_meter":"G:\\BMA\\VDO_DRONE\\SUMP\\BSS042_ME.jpg","pump3_type":"หอยโข่ง","amount3":"1","amount2":"1","area_p2_pic":"BMA\\VDO_DRONE\\SUMP\\BSS042_A2.jpg","gate_type":"2","amount1":"2","area_p5_pic":"BMA\\VDO_DRONE\\SUMP\\BSS042_A5.jpg","reflex_area":"กรุงเทพใต้","pipe_in_bed2":2,"pipe_in_bed3":0,"pipe_in_bed1":2,"home_type":"ตู้คอนเทนเนอร์","date_survey":"6 มิถุนายน 2021","pipe_in_bed4":0,"pump1_type":"ซับเมิร์ส","pump5_volume":0,"owner":"สาทร","pump4_type":"-","area_p1_pic":"BMA\\VDO_DRONE\\SUMP\\BSS042_A1.jpg","pump3_volume":0.13,"pump1_catagory":"ไฟฟ้า","objectid_1":72,"pump2_catagory":"ไฟฟ้า","sump_bed":"5","pipe_in_dimention1":1,"pipe_in_dimention2":1,"pipe_in_dimention3":0,"meter_code":"MEA-TOU-9083230","pipe_in_dimention4":0,"pump1_volume":2,"hpl_areap1":"G:\\BMA\\VDO_DRONE\\SUMP\\BSS042_A1.jpg","surveillant_name":"-","hpl_areap3":"G:\\BMA\\VDO_DRONE\\SUMP\\BSS042_A3.jpg","district_id":"1028","hpl_areap2":"G:\\BMA\\VDO_DRONE\\SUMP\\BSS042_A2.jpg","hpl_areap5":"G:\\BMA\\VDO_DRONE\\SUMP\\BSS042_A5.jpg","hpl_areap4":"G:\\BMA\\VDO_DRONE\\SUMP\\BSS042_A4.jpg","objectid":72,"pump_amount":"4"}},{"geometry":{"type":"Point","coordinates":[100.53452899993076,13.713856000731736],"crs":null},"id":73,"type":"Feature","properties":{"utm_x":665935.6963,"pump3_catagory":"-","year":"2564","accessibility":"ปากซอยซอย นราธิวาสราชนครินทร์17 ถนนนราธิวาสราชนครินทร์ ใกล้ม.เทคโนโลยีราชมงคลกรุงเทพ","pump5_type":"-","sump_type":"บ่อสูบน้ำ","utm_y":1516607.462,"area_p1_y":100.534584,"area_p1_x":13.714011,"area_p3_y":100.534656,"sump_length":6,"area_p3_x":13.713779,"hpl_mdb":"G:\\BMA\\VDO_DRONE\\SUMP\\BSS030_MD.jpg","home_pic":"BMA\\VDO_DRONE\\SUMP\\BSS030_HO.jpg","sump_depth":5,"pump2_volume":1,"pump4_volume":0,"meter":400,"surveillant_mobile":"-","telephone":"-","mdb":500,"hpl_trans":"G:\\BMA\\VDO_DRONE\\SUMP\\BSS030_TR.jpg","volume":216,"subdistrict_id":"102803","hpl_home":"G:\\BMA\\VDO_DRONE\\SUMP\\BSS030_HO.jpg","sump_area":"กรุงเทพใต้","sump_width":7.2,"fd_prevent_code":"11","area_p3_pic":"BMA\\VDO_DRONE\\SUMP\\BSS030_A3.jpg","district_t":"สาทร","pump4_catagory":"-","sump_name":"บ่อสูบน้ำนราธิวาส 17","mea_tel":"0-2611-5200 , 0-2289-0151","area_p4_pic":"BMA\\VDO_DRONE\\SUMP\\BSS030_A4.jpg","transformer":750,"mea":"เขตยานนาวา","trans_pic":"BMA\\VDO_DRONE\\SUMP\\BSS030_TR.jpg","pump2_type":"ซับเมิร์ส","mdb_pic":"BMA\\VDO_DRONE\\SUMP\\BSS030_MD.jpg","area_p4_y":100.534611,"meter_pic":"BMA\\VDO_DRONE\\SUMP\\BSS030_ME.jpg","area_p2_x":13.713993,"sump_code":"BS.S.030","area_p4_x":13.713804,"amount5":"-","area_p2_y":100.534627,"amount4":"-","pump5_catagory":"-","hpl_meter":"G:\\BMA\\VDO_DRONE\\SUMP\\BSS030_ME.jpg","pump3_type":"-","amount3":"-","amount2":"2","area_p2_pic":"BMA\\VDO_DRONE\\SUMP\\BSS030_A2.jpg","gate_type":"9","amount1":"1","area_p5_pic":"BMA\\VDO_DRONE\\SUMP\\BSS030_A5.jpg","reflex_area":"กรุงเทพใต้","pipe_in_bed2":2.5,"pipe_in_bed3":0,"pipe_in_bed1":2.5,"home_type":"ตู้คอนเทนเนอร์","date_survey":"5 มิถุนายน 2021","pipe_in_bed4":0,"pump1_type":"ซับเมิร์ส","pump5_volume":0,"owner":"สาทร","pump4_type":"-","area_p1_pic":"BMA\\VDO_DRONE\\SUMP\\BSS030_A1.jpg","pump3_volume":0,"pump1_catagory":"ไฟฟ้า","objectid_1":73,"pump2_catagory":"ไฟฟ้า","sump_bed":"5","pipe_in_dimention1":1.2,"pipe_in_dimention2":1.2,"pipe_in_dimention3":0,"meter_code":"MEA-21036076","pipe_in_dimention4":0,"pump1_volume":2,"hpl_areap1":"G:\\BMA\\VDO_DRONE\\SUMP\\BSS030_A1.jpg","surveillant_name":"-","hpl_areap3":"G:\\BMA\\VDO_DRONE\\SUMP\\BSS030_A3.jpg","district_id":"1028","hpl_areap2":"G:\\BMA\\VDO_DRONE\\SUMP\\BSS030_A2.jpg","hpl_areap5":"G:\\BMA\\VDO_DRONE\\SUMP\\BSS030_A5.jpg","hpl_areap4":"G:\\BMA\\VDO_DRONE\\SUMP\\BSS030_A4.jpg","objectid":73,"pump_amount":"3"}},{"geometry":{"type":"Point","coordinates":[100.39557400039914,13.714702001954823],"crs":null},"id":74,"type":"Feature","properties":{"utm_x":650906.523,"pump3_catagory":"-","year":"2564","accessibility":"บริเวณสะพานข้ามคลองบางจาก ฝั่งตลาดนัดบุญเกียรติ ถนนพุทธมณฑลสาย 2","pump5_type":"-","sump_type":"บ่อสูบน้ำ","utm_y":1516609.925,"area_p1_y":100.395575,"area_p1_x":13.714704,"area_p3_y":100.395578,"sump_length":12.45,"area_p3_x":13.714716,"hpl_mdb":"G:\\BMA\\VDO_DRONE\\SUMP\\BWS058_MD.jpg","home_pic":"BMA\\VDO_DRONE\\SUMP\\BWS058_HO.jpg","sump_depth":4.13,"pump2_volume":1,"pump4_volume":0,"meter":400,"surveillant_mobile":"-","telephone":"-","mdb":600,"hpl_trans":"G:\\BMA\\VDO_DRONE\\SUMP\\BWS058_TR.jpg","volume":223.67,"subdistrict_id":"104002","hpl_home":"G:\\BMA\\VDO_DRONE\\SUMP\\BWS058_HO.jpg","sump_area":"กรุงเทพธนบุรี","sump_width":4.35,"fd_prevent_code":"16","area_p3_pic":"BMA\\VDO_DRONE\\SUMP\\BWS058_A3.jpg","district_t":"บางแค","pump4_catagory":"-","sump_name":"บ่อสูบน้ำคลองบางจาก ถนนพุทธมณฑลสาย 2","mea_tel":"0-2841-5211 , 0-2451-4104","area_p4_pic":"BMA\\VDO_DRONE\\SUMP\\BWS058_A4.jpg","transformer":300,"mea":"เขตบางขุนเทียน","trans_pic":"BMA\\VDO_DRONE\\SUMP\\BWS058_TR.jpg","pump2_type":"คอลัมป์ไปท์","mdb_pic":"BMA\\VDO_DRONE\\SUMP\\BWS058_MD.jpg","area_p4_y":100.395572,"meter_pic":"BMA\\VDO_DRONE\\SUMP\\BWS058_ME.jpg","area_p2_x":13.714713,"sump_code":"BW.S.058","area_p4_x":13.714716,"amount5":"-","area_p2_y":100.395573,"amount4":"-","pump5_catagory":"-","hpl_meter":"G:\\BMA\\VDO_DRONE\\SUMP\\BWS058_ME.jpg","pump3_type":"-","amount3":"-","amount2":"2","area_p2_pic":"BMA\\VDO_DRONE\\SUMP\\BWS058_A2.jpg","gate_type":"1","amount1":"3","area_p5_pic":"BMA\\VDO_DRONE\\SUMP\\BWS058_A5.jpg","reflex_area":"กรุงเทพธนบุรี","pipe_in_bed2":0,"pipe_in_bed3":0,"pipe_in_bed1":3.58,"home_type":"ตู้คอนเทนเนอร์","date_survey":"16 เมษายน 2021","pipe_in_bed4":0,"pump1_type":"คอลัมป์ไปท์","pump5_volume":0,"owner":"บางแค","pump4_type":"-","area_p1_pic":"BMA\\VDO_DRONE\\SUMP\\BWS058_A1.jpg","pump3_volume":0,"pump1_catagory":"ไฟฟ้า","objectid_1":74,"pump2_catagory":"ไฟฟ้า","sump_bed":"4.13","pipe_in_dimention1":1.5,"pipe_in_dimention2":0,"pipe_in_dimention3":0,"meter_code":"MEA-TOU-029325","pipe_in_dimention4":0,"pump1_volume":3,"hpl_areap1":"G:\\BMA\\VDO_DRONE\\SUMP\\BWS058_A1.jpg","surveillant_name":"-","hpl_areap3":"G:\\BMA\\VDO_DRONE\\SUMP\\BWS058_A3.jpg","district_id":"1040","hpl_areap2":"G:\\BMA\\VDO_DRONE\\SUMP\\BWS058_A2.jpg","hpl_areap5":"G:\\BMA\\VDO_DRONE\\SUMP\\BWS058_A5.jpg","hpl_areap4":"G:\\BMA\\VDO_DRONE\\SUMP\\BWS058_A4.jpg","objectid":74,"pump_amount":"5"}},{"geometry":{"type":"Point","coordinates":[100.57629061801427,13.714913019546314],"crs":null},"id":75,"type":"Feature","properties":{"utm_x":670451.8145,"pump3_catagory":"-","year":"2564","accessibility":"หน้าโตโยต้า ใกล้โรงพยาบาลเทพธารินทร์ ถนนพระรามที่ 4","pump5_type":"-","sump_type":"บ่อสูบน้ำ","utm_y":1516753.477,"area_p1_y":100.576265,"area_p1_x":13.714753,"area_p3_y":100.576278,"sump_length":9,"area_p3_x":13.714815,"hpl_mdb":"G:\\BMA\\VDO_DRONE\\SUMP\\BSS052_MD.jpg","home_pic":"","sump_depth":3.5,"pump2_volume":0,"pump4_volume":0,"meter":400,"surveillant_mobile":"-","telephone":"-","mdb":630,"hpl_trans":"G:\\BMA\\VDO_DRONE\\SUMP\\BSS052_TR.jpg","volume":126,"subdistrict_id":"103303","hpl_home":"","sump_area":"กรุงเทพใต้","sump_width":4,"fd_prevent_code":"13","area_p3_pic":"BMA\\VDO_DRONE\\SUMP\\BSS052_A3.jpg","district_t":"คลองเตย","pump4_catagory":"-","sump_name":"บ่อสูบน้ำคูน้ำเทพธารินทร์ ตอนถนนพระรามที่ 4","mea_tel":"0-2348-5211 , 0-2249-0800","area_p4_pic":"BMA\\VDO_DRONE\\SUMP\\BSS052_A4.jpg","transformer":750,"mea":"สำนักงานใหญ่คลองเตย","trans_pic":"BMA\\VDO_DRONE\\SUMP\\BSS052_TR.jpg","pump2_type":"-","mdb_pic":"BMA\\VDO_DRONE\\SUMP\\BSS052_MD.jpg","area_p4_y":100.576239,"meter_pic":"BMA\\VDO_DRONE\\SUMP\\BSS052_ME.jpg","area_p2_x":13.714869,"sump_code":"BS.S.052","area_p4_x":13.714802,"amount5":"-","area_p2_y":100.576235,"amount4":"-","pump5_catagory":"-","hpl_meter":"G:\\BMA\\VDO_DRONE\\SUMP\\BSS052_ME.jpg","pump3_type":"-","amount3":"-","amount2":"-","area_p2_pic":"BMA\\VDO_DRONE\\SUMP\\BSS052_A2.jpg","gate_type":"9","amount1":"2","area_p5_pic":"BMA\\VDO_DRONE\\SUMP\\BSS052_A5.jpg","reflex_area":"กรุงเทพใต้","pipe_in_bed2":1.5,"pipe_in_bed3":0,"pipe_in_bed1":3.5,"home_type":"ไม่มี","date_survey":"6 มิถุนายน 2021","pipe_in_bed4":0,"pump1_type":"ซับเมิร์ส","pump5_volume":0,"owner":"คลองเตย","pump4_type":"-","area_p1_pic":"BMA\\VDO_DRONE\\SUMP\\BSS052_A1.jpg","pump3_volume":0,"pump1_catagory":"ไฟฟ้า","objectid_1":75,"pump2_catagory":"-","sump_bed":"3.5","pipe_in_dimention1":1.2,"pipe_in_dimention2":0.4,"pipe_in_dimention3":0,"meter_code":"MEA-96528044","pipe_in_dimention4":0,"pump1_volume":1,"hpl_areap1":"G:\\BMA\\VDO_DRONE\\SUMP\\BSS052_A1.jpg","surveillant_name":"-","hpl_areap3":"G:\\BMA\\VDO_DRONE\\SUMP\\BSS052_A3.jpg","district_id":"1033","hpl_areap2":"G:\\BMA\\VDO_DRONE\\SUMP\\BSS052_A2.jpg","hpl_areap5":"G:\\BMA\\VDO_DRONE\\SUMP\\BSS052_A5.jpg","hpl_areap4":"G:\\BMA\\VDO_DRONE\\SUMP\\BSS052_A4.jpg","objectid":75,"pump_amount":"2"}},{"geometry":{"type":"Point","coordinates":[100.50903499988043,13.715423997489482],"crs":null},"id":76,"type":"Feature","properties":{"utm_x":663177.2546,"pump3_catagory":"-","year":"2564","accessibility":"ซอยเจริญนคร 21 ร้านอาหารปริ๊นเซสเทอเรสริมแม่น้ำเจ้าพระยา","pump5_type":"-","sump_type":"บ่อสูบน้ำ","utm_y":1516763.558,"area_p1_y":100.509035,"area_p1_x":13.715424,"area_p3_y":100.509035,"sump_length":1.6,"area_p3_x":13.715424,"hpl_mdb":"G:\\BMA\\VDO_DRONE\\SUMP\\BWS034_MD.jpg","home_pic":"","sump_depth":2.85,"pump2_volume":0,"pump4_volume":0,"meter":150,"surveillant_mobile":"-","telephone":"-","mdb":100,"hpl_trans":"G:\\BMA\\VDO_DRONE\\SUMP\\BWS034_TR.jpg","volume":6.84,"subdistrict_id":"101803","hpl_home":"","sump_area":"กรุงเทพธนบุรี","sump_width":1.5,"fd_prevent_code":"31","area_p3_pic":"BMA\\VDO_DRONE\\SUMP\\BWS034_A3.jpg","district_t":"คลองสาน","pump4_catagory":"-","sump_name":"บ่อสูบน้ำซอยเจริญนคร 21","mea_tel":"0-2611-5200 , 0-2289-0151","area_p4_pic":"BMA\\VDO_DRONE\\SUMP\\BWS034_A4.jpg","transformer":500,"mea":"เขตยานนาวา","trans_pic":"BMA\\VDO_DRONE\\SUMP\\BWS034_TR.jpg","pump2_type":"-","mdb_pic":"BMA\\VDO_DRONE\\SUMP\\BWS034_MD.jpg","area_p4_y":100.509035,"meter_pic":"BMA\\VDO_DRONE\\SUMP\\BWS034_ME.jpg","area_p2_x":13.715424,"sump_code":"BW.S.034","area_p4_x":13.715424,"amount5":"-","area_p2_y":100.509035,"amount4":"-","pump5_catagory":"-","hpl_meter":"G:\\BMA\\VDO_DRONE\\SUMP\\BWS034_ME.jpg","pump3_type":"-","amount3":"-","amount2":"-","area_p2_pic":"BMA\\VDO_DRONE\\SUMP\\BWS034_A2.jpg","gate_type":"1","amount1":"1","area_p5_pic":"BMA\\VDO_DRONE\\SUMP\\BWS034_A5.jpg","reflex_area":"กรุงเทพธนบุรี","pipe_in_bed2":0,"pipe_in_bed3":0,"pipe_in_bed1":2.85,"home_type":"ไม่มี","date_survey":"2 เมษายน 2021","pipe_in_bed4":0,"pump1_type":"หอยโข่ง","pump5_volume":0,"owner":"คลองสาน","pump4_type":"-","area_p1_pic":"BMA\\VDO_DRONE\\SUMP\\BWS034_A1.jpg","pump3_volume":0,"pump1_catagory":"ไฟฟ้า","objectid_1":76,"pump2_catagory":"-","sump_bed":"2.85","pipe_in_dimention1":0.6,"pipe_in_dimention2":0,"pipe_in_dimention3":0,"meter_code":"MEA-TOU-9172827","pipe_in_dimention4":0,"pump1_volume":0.03,"hpl_areap1":"G:\\BMA\\VDO_DRONE\\SUMP\\BWS034_A1.jpg","surveillant_name":"-","hpl_areap3":"G:\\BMA\\VDO_DRONE\\SUMP\\BWS034_A3.jpg","district_id":"1018","hpl_areap2":"G:\\BMA\\VDO_DRONE\\SUMP\\BWS034_A2.jpg","hpl_areap5":"G:\\BMA\\VDO_DRONE\\SUMP\\BWS034_A5.jpg","hpl_areap4":"G:\\BMA\\VDO_DRONE\\SUMP\\BWS034_A4.jpg","objectid":76,"pump_amount":"1"}},{"geometry":{"type":"Point","coordinates":[100.3683139998318,13.719270997404214],"crs":null},"id":77,"type":"Feature","properties":{"utm_x":647955.4699,"pump3_catagory":"-","year":"2564","accessibility":"ซอยเศรษฐกิจ 31-10-3 (สุดซอยริมคลองทวีวัฒนา)","pump5_type":"-","sump_type":"บ่อสูบน้ำ","utm_y":1517098.488,"area_p1_y":100.368314,"area_p1_x":13.719271,"area_p3_y":100.368314,"sump_length":1.63,"area_p3_x":13.719271,"hpl_mdb":"G:\\BMA\\VDO_DRONE\\SUMP\\BWS056_MD.jpg","home_pic":"BMA\\VDO_DRONE\\SUMP\\BWS056_HO.jpg","sump_depth":2.1,"pump2_volume":0,"pump4_volume":0,"meter":200,"surveillant_mobile":"-","telephone":"-","mdb":250,"hpl_trans":"G:\\BMA\\VDO_DRONE\\SUMP\\BWS056_TR.jpg","volume":6.64,"subdistrict_id":"104002","hpl_home":"G:\\BMA\\VDO_DRONE\\SUMP\\BWS056_HO.jpg","sump_area":"กรุงเทพธนบุรี","sump_width":1.94,"fd_prevent_code":"34","area_p3_pic":"BMA\\VDO_DRONE\\SUMP\\BWS056_A3.jpg","district_t":"บางแค","pump4_catagory":"-","sump_name":"บ่อสูบน้ำถนนหมู่บ้านเศรษฐกิจ ซอย 30-10-3","mea_tel":"0-2841-5211 , 0-2451-4104","area_p4_pic":"BMA\\VDO_DRONE\\SUMP\\BWS056_A4.jpg","transformer":500,"mea":"เขตบางขุนเทียน","trans_pic":"BMA\\VDO_DRONE\\SUMP\\BWS056_TR.jpg","pump2_type":"-","mdb_pic":"BMA\\VDO_DRONE\\SUMP\\BWS056_MD.jpg","area_p4_y":100.368314,"meter_pic":"BMA\\VDO_DRONE\\SUMP\\BWS056_ME.jpg","area_p2_x":13.719271,"sump_code":"BW.S.056","area_p4_x":13.719271,"amount5":"-","area_p2_y":100.368314,"amount4":"-","pump5_catagory":"-","hpl_meter":"G:\\BMA\\VDO_DRONE\\SUMP\\BWS056_ME.jpg","pump3_type":"-","amount3":"-","amount2":"-","area_p2_pic":"BMA\\VDO_DRONE\\SUMP\\BWS056_A2.jpg","gate_type":"8","amount1":"1","area_p5_pic":"","reflex_area":"กรุงเทพธนบุรี","pipe_in_bed2":0,"pipe_in_bed3":0,"pipe_in_bed1":2,"home_type":"ตู้คอนเทนเนอร์","date_survey":"16 เมษายน 2021","pipe_in_bed4":0,"pump1_type":"หอยโข่ง","pump5_volume":0,"owner":"บางแค","pump4_type":"-","area_p1_pic":"BMA\\VDO_DRONE\\SUMP\\BWS056_A1.jpg","pump3_volume":0,"pump1_catagory":"ไฟฟ้า","objectid_1":77,"pump2_catagory":"-","sump_bed":"2.1","pipe_in_dimention1":0.6,"pipe_in_dimention2":0,"pipe_in_dimention3":0,"meter_code":"MEA-TOU-9150221","pipe_in_dimention4":0,"pump1_volume":0.2,"hpl_areap1":"G:\\BMA\\VDO_DRONE\\SUMP\\BWS056_A1.jpg","surveillant_name":"-","hpl_areap3":"G:\\BMA\\VDO_DRONE\\SUMP\\BWS056_A3.jpg","district_id":"1040","hpl_areap2":"G:\\BMA\\VDO_DRONE\\SUMP\\BWS056_A2.jpg","hpl_areap5":"","hpl_areap4":"G:\\BMA\\VDO_DRONE\\SUMP\\BWS056_A4.jpg","objectid":77,"pump_amount":"1"}},{"geometry":{"type":"Point","coordinates":[100.56807400011724,13.718791000701989],"crs":null},"id":78,"type":"Feature","properties":{"utm_x":669560.3288,"pump3_catagory":"-","year":"2564","accessibility":"ท้ายซอยสุขุมวิท26 (ฝั่ง Big C)","pump5_type":"-","sump_type":"บ่อสูบน้ำ","utm_y":1517176.713,"area_p1_y":100.568128,"area_p1_x":13.718747,"area_p3_y":100.568104,"sump_length":3.3,"area_p3_x":13.718801,"hpl_mdb":"G:\\BMA\\VDO_DRONE\\SUMP\\BSS050_MD.jpg","home_pic":"","sump_depth":3,"pump2_volume":0.12,"pump4_volume":0,"meter":200,"surveillant_mobile":"-","telephone":"-","mdb":250,"hpl_trans":"","volume":16.83,"subdistrict_id":"103302","hpl_home":"","sump_area":"กรุงเทพใต้","sump_width":1.7,"fd_prevent_code":"13","area_p3_pic":"BMA\\VDO_DRONE\\SUMP\\BSS050_A3.jpg","district_t":"คลองเตย","pump4_catagory":"-","sump_name":"บ่อสูบน้ำท้ายซอยสุขุมวิท? 26? (ฝั่ง? Big C)","mea_tel":"0-2348-5211 , 0-2249-0800","area_p4_pic":"BMA\\VDO_DRONE\\SUMP\\BSS050_A4.jpg","transformer":0,"mea":"สำนักงานใหญ่คลองเตย","trans_pic":"","pump2_type":"เครื่องยนต์","mdb_pic":"BMA\\VDO_DRONE\\SUMP\\BSS050_MD.jpg","area_p4_y":100.568146,"meter_pic":"BMA\\VDO_DRONE\\SUMP\\BSS050_ME.jpg","area_p2_x":13.718813,"sump_code":"BS.S.050","area_p4_x":13.718828,"amount5":"-","area_p2_y":100.568091,"amount4":"-","pump5_catagory":"-","hpl_meter":"G:\\BMA\\VDO_DRONE\\SUMP\\BSS050_ME.jpg","pump3_type":"-","amount3":"-","amount2":"1","area_p2_pic":"BMA\\VDO_DRONE\\SUMP\\BSS050_A2.jpg","gate_type":"9","amount1":"1","area_p5_pic":"BMA\\VDO_DRONE\\SUMP\\BSS050_A5.jpg","reflex_area":"กรุงเทพใต้","pipe_in_bed2":0,"pipe_in_bed3":0,"pipe_in_bed1":2.2,"home_type":"ไม่มี","date_survey":"6 มิถุนายน 2021","pipe_in_bed4":0,"pump1_type":"หอยโข่ง","pump5_volume":0,"owner":"คลองเตย","pump4_type":"-","area_p1_pic":"BMA\\VDO_DRONE\\SUMP\\BSS050_A1.jpg","pump3_volume":0,"pump1_catagory":"ไฟฟ้า","objectid_1":78,"pump2_catagory":"ดีเซล","sump_bed":"3","pipe_in_dimention1":0.6,"pipe_in_dimention2":0,"pipe_in_dimention3":0,"meter_code":"MEA-96490649","pipe_in_dimention4":0,"pump1_volume":0.12,"hpl_areap1":"G:\\BMA\\VDO_DRONE\\SUMP\\BSS050_A1.jpg","surveillant_name":"-","hpl_areap3":"G:\\BMA\\VDO_DRONE\\SUMP\\BSS050_A3.jpg","district_id":"1033","hpl_areap2":"G:\\BMA\\VDO_DRONE\\SUMP\\BSS050_A2.jpg","hpl_areap5":"G:\\BMA\\VDO_DRONE\\SUMP\\BSS050_A5.jpg","hpl_areap4":"G:\\BMA\\VDO_DRONE\\SUMP\\BSS050_A4.jpg","objectid":78,"pump_amount":"2"}},{"geometry":{"type":"Point","coordinates":[100.56791882655463,13.718841122531323],"crs":null},"id":79,"type":"Feature","properties":{"utm_x":669543.5097,"pump3_catagory":"-","year":"2564","accessibility":"ท้ายซอยสุขุมวิท26(ฝั่งธนาคารกรุงเทพ)","pump5_type":"-","sump_type":"บ่อสูบน้ำ","utm_y":1517182.149,"area_p1_y":100.567974,"area_p1_x":13.718866,"area_p3_y":100.567937,"sump_length":3.3,"area_p3_x":13.718883,"hpl_mdb":"G:\\BMA\\VDO_DRONE\\SUMP\\BSS049_MD.jpg","home_pic":"","sump_depth":3,"pump2_volume":0,"pump4_volume":0,"meter":200,"surveillant_mobile":"-","telephone":"-","mdb":250,"hpl_trans":"","volume":16.83,"subdistrict_id":"103302","hpl_home":"","sump_area":"กรุงเทพใต้","sump_width":1.7,"fd_prevent_code":"13","area_p3_pic":"BMA\\VDO_DRONE\\SUMP\\BSS049_A3.jpg","district_t":"คลองเตย","pump4_catagory":"-","sump_name":"บ่อสูบน้ำท้ายซอยสุขุมวิท 26 (ฝั่งธนาคารกรุงเทพ)","mea_tel":"0-2348-5211 , 0-2249-0800","area_p4_pic":"BMA\\VDO_DRONE\\SUMP\\BSS049_A4.jpg","transformer":0,"mea":"สำนักงานใหญ่คลองเตย","trans_pic":"","pump2_type":"-","mdb_pic":"BMA\\VDO_DRONE\\SUMP\\BSS049_MD.jpg","area_p4_y":100.567919,"meter_pic":"BMA\\VDO_DRONE\\SUMP\\BSS049_ME.jpg","area_p2_x":13.718908,"sump_code":"BS.S.049","area_p4_x":13.718873,"amount5":"-","area_p2_y":100.567935,"amount4":"-","pump5_catagory":"-","hpl_meter":"G:\\BMA\\VDO_DRONE\\SUMP\\BSS049_ME.jpg","pump3_type":"-","amount3":"-","amount2":"-","area_p2_pic":"BMA\\VDO_DRONE\\SUMP\\BSS049_A2.jpg","gate_type":"9","amount1":"1","area_p5_pic":"BMA\\VDO_DRONE\\SUMP\\BSS049_A5.jpg","reflex_area":"กรุงเทพใต้","pipe_in_bed2":0,"pipe_in_bed3":0,"pipe_in_bed1":2.2,"home_type":"ไม่มี","date_survey":"6 มิถุนายน 2021","pipe_in_bed4":0,"pump1_type":"หอยโข่ง","pump5_volume":0,"owner":"คลองเตย","pump4_type":"-","area_p1_pic":"BMA\\VDO_DRONE\\SUMP\\BSS049_A1.jpg","pump3_volume":0,"pump1_catagory":"ไฟฟ้า","objectid_1":79,"pump2_catagory":"-","sump_bed":"3","pipe_in_dimention1":0.6,"pipe_in_dimention2":0,"pipe_in_dimention3":0,"meter_code":"MEA-96409650","pipe_in_dimention4":0,"pump1_volume":0.12,"hpl_areap1":"G:\\BMA\\VDO_DRONE\\SUMP\\BSS049_A1.jpg","surveillant_name":"-","hpl_areap3":"G:\\BMA\\VDO_DRONE\\SUMP\\BSS049_A3.jpg","district_id":"1033","hpl_areap2":"G:\\BMA\\VDO_DRONE\\SUMP\\BSS049_A2.jpg","hpl_areap5":"G:\\BMA\\VDO_DRONE\\SUMP\\BSS049_A5.jpg","hpl_areap4":"G:\\BMA\\VDO_DRONE\\SUMP\\BSS049_A4.jpg","objectid":79,"pump_amount":"1"}},{"geometry":{"type":"Point","coordinates":[100.51092600034139,13.719243004441894],"crs":null},"id":80,"type":"Feature","properties":{"utm_x":663379.1349,"pump3_catagory":"-","year":"2564","accessibility":"ใต้สะพานตากสิน ในสวนป่าเฉลิมพระเกียรติริมท่าเรือแม่น้ำเจ้าพระยา","pump5_type":"-","sump_type":"บ่อสูบน้ำ","utm_y":1517187.321,"area_p1_y":100.510926,"area_p1_x":13.719243,"area_p3_y":100.510926,"sump_length":3.1,"area_p3_x":13.719243,"hpl_mdb":"G:\\BMA\\VDO_DRONE\\SUMP\\BWS026_MD.jpg","home_pic":"","sump_depth":2.8,"pump2_volume":0,"pump4_volume":0,"meter":200,"surveillant_mobile":"-","telephone":"-","mdb":100,"hpl_trans":"G:\\BMA\\VDO_DRONE\\SUMP\\BWS026_TR.jpg","volume":12.15,"subdistrict_id":"101804","hpl_home":"","sump_area":"กรุงเทพธนบุรี","sump_width":1.4,"fd_prevent_code":"31","area_p3_pic":"BMA\\VDO_DRONE\\SUMP\\BWS026_A3.jpg","district_t":"คลองสาน","pump4_catagory":"-","sump_name":"บ่อสูบน้ำใต้สะพานตากสิน","mea_tel":"0-2221-0812, 0-2220-5222, 0-2220-5333","area_p4_pic":"BMA\\VDO_DRONE\\SUMP\\BWS026_A4.jpg","transformer":0,"mea":"เขตวัดเลียบ","trans_pic":"BMA\\VDO_DRONE\\SUMP\\BWS026_TR.jpg","pump2_type":"-","mdb_pic":"BMA\\VDO_DRONE\\SUMP\\BWS026_MD.jpg","area_p4_y":100.510926,"meter_pic":"BMA\\VDO_DRONE\\SUMP\\BWS026_ME.jpg","area_p2_x":13.719243,"sump_code":"BW.S.026","area_p4_x":13.719243,"amount5":"-","area_p2_y":100.510926,"amount4":"-","pump5_catagory":"-","hpl_meter":"G:\\BMA\\VDO_DRONE\\SUMP\\BWS026_ME.jpg","pump3_type":"-","amount3":"-","amount2":"-","area_p2_pic":"BMA\\VDO_DRONE\\SUMP\\BWS026_A2.jpg","gate_type":"1","amount1":"1","area_p5_pic":"","reflex_area":"กรุงเทพธนบุรี","pipe_in_bed2":0.4,"pipe_in_bed3":0,"pipe_in_bed1":0.4,"home_type":"ไม่มี","date_survey":"1 เมษายน 2021","pipe_in_bed4":0,"pump1_type":"หอยโข่ง","pump5_volume":0,"owner":"คลองสาน","pump4_type":"-","area_p1_pic":"BMA\\VDO_DRONE\\SUMP\\BWS026_A1.jpg","pump3_volume":0,"pump1_catagory":"ไฟฟ้า","objectid_1":80,"pump2_catagory":"-","sump_bed":"2.8","pipe_in_dimention1":0.4,"pipe_in_dimention2":0.4,"pipe_in_dimention3":0,"meter_code":"MEA-TOU-062144","pipe_in_dimention4":0,"pump1_volume":0.2,"hpl_areap1":"G:\\BMA\\VDO_DRONE\\SUMP\\BWS026_A1.jpg","surveillant_name":"-","hpl_areap3":"G:\\BMA\\VDO_DRONE\\SUMP\\BWS026_A3.jpg","district_id":"1018","hpl_areap2":"G:\\BMA\\VDO_DRONE\\SUMP\\BWS026_A2.jpg","hpl_areap5":"","hpl_areap4":"G:\\BMA\\VDO_DRONE\\SUMP\\BWS026_A4.jpg","objectid":80,"pump_amount":"1"}},{"geometry":{"type":"Point","coordinates":[100.58464999985044,13.719216003418959],"crs":null},"id":81,"type":"Feature","properties":{"utm_x":671352.8369,"pump3_catagory":"-","year":"2564","accessibility":"ในถนนสุขุมวิท 42 หน้าBangkok Mediplex ตรงข้ามเกตเวย์เอกมัย","pump5_type":"-","sump_type":"บ่อสูบน้ำ","utm_y":1517235.432,"area_p1_y":100.584832,"area_p1_x":13.719157,"area_p3_y":100.584862,"sump_length":24.2,"area_p3_x":13.719178,"hpl_mdb":"G:\\BMA\\VDO_DRONE\\SUMP\\BSS036_MD.jpg","home_pic":"BMA\\VDO_DRONE\\SUMP\\BSS036_HO.jpg","sump_depth":9,"pump2_volume":0,"pump4_volume":0,"meter":400,"surveillant_mobile":"-","telephone":"-","mdb":600,"hpl_trans":"G:\\BMA\\VDO_DRONE\\SUMP\\BSS036_TR.jpg","volume":914.76,"subdistrict_id":"103303","hpl_home":"G:\\BMA\\VDO_DRONE\\SUMP\\BSS036_HO.jpg","sump_area":"กรุงเทพใต้","sump_width":4.2,"fd_prevent_code":"13","area_p3_pic":"","district_t":"คลองเตย","pump4_catagory":"-","sump_name":"บ่อสูบน้ำสุขุมวิท 42","mea_tel":"0-2348-5211 , 0-2249-0800","area_p4_pic":"","transformer":500,"mea":"สำนักงานใหญ่คลองเตย","trans_pic":"BMA\\VDO_DRONE\\SUMP\\BSS036_TR.jpg","pump2_type":"-","mdb_pic":"BMA\\VDO_DRONE\\SUMP\\BSS036_MD.jpg","area_p4_y":100.584961,"meter_pic":"BMA\\VDO_DRONE\\SUMP\\BSS036_ME.jpg","area_p2_x":13.719157,"sump_code":"BS.S.036","area_p4_x":13.719145,"amount5":"-","area_p2_y":100.584832,"amount4":"-","pump5_catagory":"-","hpl_meter":"G:\\BMA\\VDO_DRONE\\SUMP\\BSS036_ME.jpg","pump3_type":"-","amount3":"-","amount2":"-","area_p2_pic":"BMA\\VDO_DRONE\\SUMP\\BSS036_A2.jpg","gate_type":"8","amount1":"4","area_p5_pic":"","reflex_area":"กรุงเทพใต้","pipe_in_bed2":1.2,"pipe_in_bed3":0,"pipe_in_bed1":1.2,"home_type":"ตู้พักอาศัยขนาดกลาง","date_survey":"5 มิถุนายน 2021","pipe_in_bed4":0,"pump1_type":"ซับเมิร์ส","pump5_volume":0,"owner":"คลองเตย","pump4_type":"-","area_p1_pic":"BMA\\VDO_DRONE\\SUMP\\BSS036_A1.jpg","pump3_volume":0,"pump1_catagory":"ไฟฟ้า","objectid_1":81,"pump2_catagory":"-","sump_bed":"9","pipe_in_dimention1":2,"pipe_in_dimention2":2,"pipe_in_dimention3":0,"meter_code":"MEA-TOU-9084313","pipe_in_dimention4":0,"pump1_volume":1.05,"hpl_areap1":"G:\\BMA\\VDO_DRONE\\SUMP\\BSS036_A1.jpg","surveillant_name":"-","hpl_areap3":"","district_id":"1033","hpl_areap2":"G:\\BMA\\VDO_DRONE\\SUMP\\BSS036_A2.jpg","hpl_areap5":"","hpl_areap4":"","objectid":81,"pump_amount":"4"}},{"geometry":{"type":"Point","coordinates":[100.37517800012368,13.720700998979433],"crs":null},"id":82,"type":"Feature","properties":{"utm_x":648696.899,"pump3_catagory":"-","year":"2564","accessibility":"ภายในถนนหมู่บ้านเศรษฐกิจ สะพานคลองขี้แก้งใกล้ร้านเอกภาพ","pump5_type":"-","sump_type":"บ่อสูบน้ำ","utm_y":1517260.892,"area_p1_y":100.375178,"area_p1_x":13.720701,"area_p3_y":100.375178,"sump_length":1.15,"area_p3_x":13.720701,"hpl_mdb":"G:\\BMA\\VDO_DRONE\\SUMP\\BWS053_MD.jpg","home_pic":"BMA\\VDO_DRONE\\SUMP\\BWS053_HO.jpg","sump_depth":2.63,"pump2_volume":0.13,"pump4_volume":0,"meter":200,"surveillant_mobile":"-","telephone":"-","mdb":250,"hpl_trans":"G:\\BMA\\VDO_DRONE\\SUMP\\BWS053_TR.jpg","volume":2.27,"subdistrict_id":"104002","hpl_home":"G:\\BMA\\VDO_DRONE\\SUMP\\BWS053_HO.jpg","sump_area":"กรุงเทพธนบุรี","sump_width":0.75,"fd_prevent_code":"34","area_p3_pic":"BMA\\VDO_DRONE\\SUMP\\BWS053_A3.jpg","district_t":"บางแค","pump4_catagory":"-","sump_name":"บ่อสูบน้ำหมู่บ้านเศรษฐกิจ (คลองบางขี้แก้ง)","mea_tel":"0-2841-5211 , 0-2451-4104","area_p4_pic":"BMA\\VDO_DRONE\\SUMP\\BWS053_A4.jpg","transformer":225,"mea":"เขตบางขุนเทียน","trans_pic":"BMA\\VDO_DRONE\\SUMP\\BWS053_TR.jpg","pump2_type":"เครื่องยนต์","mdb_pic":"BMA\\VDO_DRONE\\SUMP\\BWS053_MD.jpg","area_p4_y":100.375178,"meter_pic":"BMA\\VDO_DRONE\\SUMP\\BWS053_ME.jpg","area_p2_x":13.720701,"sump_code":"BW.S.053","area_p4_x":13.720701,"amount5":"-","area_p2_y":100.375178,"amount4":"-","pump5_catagory":"-","hpl_meter":"G:\\BMA\\VDO_DRONE\\SUMP\\BWS053_ME.jpg","pump3_type":"-","amount3":"-","amount2":"1","area_p2_pic":"BMA\\VDO_DRONE\\SUMP\\BWS053_A2.jpg","gate_type":"8","amount1":"2","area_p5_pic":"BMA\\VDO_DRONE\\SUMP\\BWS053_A5.jpg","reflex_area":"กรุงเทพธนบุรี","pipe_in_bed2":0,"pipe_in_bed3":0,"pipe_in_bed1":2.63,"home_type":"ตู้คอนเทนเนอร์","date_survey":"16 เมษายน 2021","pipe_in_bed4":0,"pump1_type":"หอยโข่ง","pump5_volume":0,"owner":"บางแค","pump4_type":"-","area_p1_pic":"BMA\\VDO_DRONE\\SUMP\\BWS053_A1.jpg","pump3_volume":0,"pump1_catagory":"ไฟฟ้า","objectid_1":82,"pump2_catagory":"ดีเซล","sump_bed":"2.63","pipe_in_dimention1":0.6,"pipe_in_dimention2":0,"pipe_in_dimention3":0,"meter_code":"MEA-TOU-9071269","pipe_in_dimention4":0,"pump1_volume":0.05,"hpl_areap1":"G:\\BMA\\VDO_DRONE\\SUMP\\BWS053_A1.jpg","surveillant_name":"-","hpl_areap3":"G:\\BMA\\VDO_DRONE\\SUMP\\BWS053_A3.jpg","district_id":"1040","hpl_areap2":"G:\\BMA\\VDO_DRONE\\SUMP\\BWS053_A2.jpg","hpl_areap5":"G:\\BMA\\VDO_DRONE\\SUMP\\BWS053_A5.jpg","hpl_areap4":"G:\\BMA\\VDO_DRONE\\SUMP\\BWS053_A4.jpg","objectid":82,"pump_amount":"3"}},{"geometry":{"type":"Point","coordinates":[100.45805099991358,13.720630999621184],"crs":null},"id":83,"type":"Feature","properties":{"utm_x":657659.6165,"pump3_catagory":"-","year":"2564","accessibility":"ถนนเพชรเกษม (ฝั่งขาออก) ใกล้BTSบางหว้า","pump5_type":"-","sump_type":"บ่อสูบน้ำ","utm_y":1517305.72,"area_p1_y":100.458051,"area_p1_x":13.720631,"area_p3_y":100.458051,"sump_length":2.8,"area_p3_x":13.720631,"hpl_mdb":"G:\\BMA\\VDO_DRONE\\SUMP\\BWS036_MD.jpg","home_pic":"","sump_depth":5,"pump2_volume":0,"pump4_volume":0,"meter":200,"surveillant_mobile":"-","telephone":"-","mdb":250,"hpl_trans":"G:\\BMA\\VDO_DRONE\\SUMP\\BWS036_TR.jpg","volume":22.4,"subdistrict_id":"102209","hpl_home":"","sump_area":"กรุงเทพธนบุรี","sump_width":1.6,"fd_prevent_code":"34","area_p3_pic":"BMA\\VDO_DRONE\\SUMP\\BWS036_A3.jpg","district_t":"ภาษีเจริญ","pump4_catagory":"-","sump_name":"บ่อสูบน้ำคลองประดู่ ถ.เพชรเกษม (ฝั่งขาออก)","mea_tel":"0-2412-8699 , 0-2878-5222 , 0-2878-5333","area_p4_pic":"BMA\\VDO_DRONE\\SUMP\\BWS036_A4.jpg","transformer":0,"mea":"เขตธนบุรี","trans_pic":"BMA\\VDO_DRONE\\SUMP\\BWS036_TR.jpg","pump2_type":"-","mdb_pic":"BMA\\VDO_DRONE\\SUMP\\BWS036_MD.jpg","area_p4_y":100.458051,"meter_pic":"BMA\\VDO_DRONE\\SUMP\\BWS036_ME.jpg","area_p2_x":13.720631,"sump_code":"BW.S.036","area_p4_x":13.720631,"amount5":"-","area_p2_y":100.458051,"amount4":"-","pump5_catagory":"-","hpl_meter":"G:\\BMA\\VDO_DRONE\\SUMP\\BWS036_ME.jpg","pump3_type":"-","amount3":"-","amount2":"-","area_p2_pic":"BMA\\VDO_DRONE\\SUMP\\BWS036_A2.jpg","gate_type":"8","amount1":"2","area_p5_pic":"","reflex_area":"กรุงเทพธนบุรี","pipe_in_bed2":0,"pipe_in_bed3":0,"pipe_in_bed1":3.3,"home_type":"ไม่มี","date_survey":"7 เมษายน 2021","pipe_in_bed4":0,"pump1_type":"หอยโข่ง","pump5_volume":0,"owner":"ภาษีเจริญ","pump4_type":"-","area_p1_pic":"BMA\\VDO_DRONE\\SUMP\\BWS036_A1.jpg","pump3_volume":0,"pump1_catagory":"ไฟฟ้า","objectid_1":83,"pump2_catagory":"-","sump_bed":"5","pipe_in_dimention1":1.5,"pipe_in_dimention2":0,"pipe_in_dimention3":0,"meter_code":"MEA-TOU-9073467","pipe_in_dimention4":0,"pump1_volume":0.2,"hpl_areap1":"G:\\BMA\\VDO_DRONE\\SUMP\\BWS036_A1.jpg","surveillant_name":"-","hpl_areap3":"G:\\BMA\\VDO_DRONE\\SUMP\\BWS036_A3.jpg","district_id":"1022","hpl_areap2":"G:\\BMA\\VDO_DRONE\\SUMP\\BWS036_A2.jpg","hpl_areap5":"","hpl_areap4":"G:\\BMA\\VDO_DRONE\\SUMP\\BWS036_A4.jpg","objectid":83,"pump_amount":"2"}},{"geometry":{"type":"Point","coordinates":[100.45852000045785,13.720816001286197],"crs":null},"id":84,"type":"Feature","properties":{"utm_x":657710.2159,"pump3_catagory":"-","year":"2564","accessibility":"ถนนเพชรเกษม (ฝั่งขาเข้า)หน้าLim Condoตรงข้ามมีธนาคารธกส.","pump5_type":"-","sump_type":"บ่อสูบน้ำ","utm_y":1517326.492,"area_p1_y":100.45852,"area_p1_x":13.720816,"area_p3_y":100.45852,"sump_length":1.9,"area_p3_x":13.720816,"hpl_mdb":"G:\\BMA\\VDO_DRONE\\SUMP\\BWS069_MD.jpg","home_pic":"","sump_depth":5,"pump2_volume":0,"pump4_volume":0,"meter":200,"surveillant_mobile":"-","telephone":"-","mdb":125,"hpl_trans":"G:\\BMA\\VDO_DRONE\\SUMP\\BWS069_TR.jpg","volume":13.3,"subdistrict_id":"102209","hpl_home":"","sump_area":"กรุงเทพธนบุรี","sump_width":1.4,"fd_prevent_code":"34","area_p3_pic":"BMA\\VDO_DRONE\\SUMP\\BWS069_A3.jpg","district_t":"ภาษีเจริญ","pump4_catagory":"-","sump_name":"บ่อสูบน้ำคลองประดู่ ถนนเพชรเกษม (ฝั่งขาเข้า)","mea_tel":"0-2841-5211 , 0-2451-4104","area_p4_pic":"BMA\\VDO_DRONE\\SUMP\\BWS069_A4.jpg","transformer":500,"mea":"เขตบางขุนเทียน","trans_pic":"BMA\\VDO_DRONE\\SUMP\\BWS069_TR.jpg","pump2_type":"-","mdb_pic":"BMA\\VDO_DRONE\\SUMP\\BWS069_MD.jpg","area_p4_y":100.45852,"meter_pic":"BMA\\VDO_DRONE\\SUMP\\BWS069_ME.jpg","area_p2_x":13.720816,"sump_code":"BW.S.069","area_p4_x":13.720816,"amount5":"-","area_p2_y":100.45852,"amount4":"-","pump5_catagory":"-","hpl_meter":"G:\\BMA\\VDO_DRONE\\SUMP\\BWS069_ME.jpg","pump3_type":"-","amount3":"-","amount2":"-","area_p2_pic":"BMA\\VDO_DRONE\\SUMP\\BWS069_A2.jpg","gate_type":"8","amount1":"1","area_p5_pic":"","reflex_area":"กรุงเทพธนบุรี","pipe_in_bed2":0,"pipe_in_bed3":0,"pipe_in_bed1":1.5,"home_type":"ไม่มี","date_survey":"19 เมษายน 2021","pipe_in_bed4":0,"pump1_type":"หอยโข่ง","pump5_volume":0,"owner":"ภาษีเจริญ","pump4_type":"-","area_p1_pic":"BMA\\VDO_DRONE\\SUMP\\BWS069_A1.jpg","pump3_volume":0,"pump1_catagory":"ไฟฟ้า","objectid_1":84,"pump2_catagory":"-","sump_bed":"5","pipe_in_dimention1":1,"pipe_in_dimention2":0,"pipe_in_dimention3":0,"meter_code":"MEA-TOU-9099757","pipe_in_dimention4":0,"pump1_volume":0.2,"hpl_areap1":"G:\\BMA\\VDO_DRONE\\SUMP\\BWS069_A1.jpg","surveillant_name":"-","hpl_areap3":"G:\\BMA\\VDO_DRONE\\SUMP\\BWS069_A3.jpg","district_id":"1022","hpl_areap2":"G:\\BMA\\VDO_DRONE\\SUMP\\BWS069_A2.jpg","hpl_areap5":"","hpl_areap4":"G:\\BMA\\VDO_DRONE\\SUMP\\BWS069_A4.jpg","objectid":84,"pump_amount":"1"}},{"geometry":{"type":"Point","coordinates":[100.37674799997933,13.721677997956881],"crs":null},"id":85,"type":"Feature","properties":{"utm_x":648866.0749,"pump3_catagory":"-","year":"2564","accessibility":"ซอยหมู่บ้านเศรษฐกิจ26 ท้ายซอยริมคลอง","pump5_type":"-","sump_type":"บ่อสูบน้ำ","utm_y":1517369.936,"area_p1_y":100.376748,"area_p1_x":13.721678,"area_p3_y":100.376748,"sump_length":1.64,"area_p3_x":13.721678,"hpl_mdb":"G:\\BMA\\VDO_DRONE\\SUMP\\BWS052_MD.jpg","home_pic":"BMA\\VDO_DRONE\\SUMP\\BWS052_HO.jpg","sump_depth":2.18,"pump2_volume":0.13,"pump4_volume":0,"meter":200,"surveillant_mobile":"-","telephone":"-","mdb":250,"hpl_trans":"G:\\BMA\\VDO_DRONE\\SUMP\\BWS052_TR.jpg","volume":5.86,"subdistrict_id":"104002","hpl_home":"G:\\BMA\\VDO_DRONE\\SUMP\\BWS052_HO.jpg","sump_area":"กรุงเทพธนบุรี","sump_width":1.64,"fd_prevent_code":"34","area_p3_pic":"BMA\\VDO_DRONE\\SUMP\\BWS052_A3.jpg","district_t":"บางแค","pump4_catagory":"-","sump_name":"บ่อสูบน้ำซอยหมู่บ้านเศรษฐกิจ 26","mea_tel":"0-2841-5211 , 0-2451-4104","area_p4_pic":"BMA\\VDO_DRONE\\SUMP\\BWS052_A4.jpg","transformer":500,"mea":"เขตบางขุนเทียน","trans_pic":"BMA\\VDO_DRONE\\SUMP\\BWS052_TR.jpg","pump2_type":"เครื่องยนต์","mdb_pic":"BMA\\VDO_DRONE\\SUMP\\BWS052_MD.jpg","area_p4_y":100.376748,"meter_pic":"BMA\\VDO_DRONE\\SUMP\\BWS052_ME.jpg","area_p2_x":13.712064,"sump_code":"BW.S.052","area_p4_x":13.721678,"amount5":"-","area_p2_y":100.377752,"amount4":"-","pump5_catagory":"-","hpl_meter":"G:\\BMA\\VDO_DRONE\\SUMP\\BWS052_ME.jpg","pump3_type":"-","amount3":"-","amount2":"1","area_p2_pic":"BMA\\VDO_DRONE\\SUMP\\BWS052_A2.jpg","gate_type":"8","amount1":"1","area_p5_pic":"","reflex_area":"กรุงเทพธนบุรี","pipe_in_bed2":0,"pipe_in_bed3":0,"pipe_in_bed1":1.63,"home_type":"ตู้คอนเทนเนอร์","date_survey":"16 เมษายน 2021","pipe_in_bed4":0,"pump1_type":"หอยโข่ง","pump5_volume":0,"owner":"บางแค","pump4_type":"-","area_p1_pic":"BMA\\VDO_DRONE\\SUMP\\BWS052_A1.jpg","pump3_volume":0,"pump1_catagory":"ไฟฟ้า","objectid_1":85,"pump2_catagory":"ดีเซล","sump_bed":"2.18","pipe_in_dimention1":0.6,"pipe_in_dimention2":0,"pipe_in_dimention3":0,"meter_code":"MEA-TOU-9150326","pipe_in_dimention4":0,"pump1_volume":0.2,"hpl_areap1":"G:\\BMA\\VDO_DRONE\\SUMP\\BWS052_A1.jpg","surveillant_name":"-","hpl_areap3":"G:\\BMA\\VDO_DRONE\\SUMP\\BWS052_A3.jpg","district_id":"1040","hpl_areap2":"G:\\BMA\\VDO_DRONE\\SUMP\\BWS052_A2.jpg","hpl_areap5":"","hpl_areap4":"G:\\BMA\\VDO_DRONE\\SUMP\\BWS052_A4.jpg","objectid":85,"pump_amount":"2"}},{"geometry":{"type":"Point","coordinates":[100.38160200012238,13.722110998415612],"crs":null},"id":86,"type":"Feature","properties":{"utm_x":649390.7487,"pump3_catagory":"-","year":"2564","accessibility":"ซอยหมู่บ้านเศรษฐกิจ22-15 ท้ายซอยริมคลอง","pump5_type":"-","sump_type":"บ่อสูบน้ำ","utm_y":1517420.833,"area_p1_y":100.381816,"area_p1_x":13.722125,"area_p3_y":100.381602,"sump_length":2.3,"area_p3_x":13.722111,"hpl_mdb":"G:\\BMA\\VDO_DRONE\\SUMP\\BWS064_MD.jpg","home_pic":"BMA\\VDO_DRONE\\SUMP\\BWS064_HO.jpg","sump_depth":3.45,"pump2_volume":0,"pump4_volume":0,"meter":200,"surveillant_mobile":"-","telephone":"-","mdb":250,"hpl_trans":"G:\\BMA\\VDO_DRONE\\SUMP\\BWS064_TR.jpg","volume":9.28,"subdistrict_id":"104002","hpl_home":"G:\\BMA\\VDO_DRONE\\SUMP\\BWS064_HO.jpg","sump_area":"กรุงเทพธนบุรี","sump_width":1.17,"fd_prevent_code":"34","area_p3_pic":"BMA\\VDO_DRONE\\SUMP\\BWS064_A3.jpg","district_t":"บางแค","pump4_catagory":"-","sump_name":"บ่อสูบน้ำหมู่บ้านเศรษฐกิจ ซอย 25-15","mea_tel":"0-2841-5211 , 0-2451-4104","area_p4_pic":"BMA\\VDO_DRONE\\SUMP\\BWS064_A4.jpg","transformer":500,"mea":"เขตบางขุนเทียน","trans_pic":"BMA\\VDO_DRONE\\SUMP\\BWS064_TR.jpg","pump2_type":"-","mdb_pic":"BMA\\VDO_DRONE\\SUMP\\BWS064_MD.jpg","area_p4_y":100.381602,"meter_pic":"BMA\\VDO_DRONE\\SUMP\\BWS064_ME.jpg","area_p2_x":13.722111,"sump_code":"BW.S.064","area_p4_x":13.722111,"amount5":"-","area_p2_y":100.381602,"amount4":"-","pump5_catagory":"-","hpl_meter":"G:\\BMA\\VDO_DRONE\\SUMP\\BWS064_ME.jpg","pump3_type":"-","amount3":"-","amount2":"-","area_p2_pic":"BMA\\VDO_DRONE\\SUMP\\BWS064_A2.jpg","gate_type":"8","amount1":"1","area_p5_pic":"","reflex_area":"กรุงเทพธนบุรี","pipe_in_bed2":0,"pipe_in_bed3":0,"pipe_in_bed1":1.4,"home_type":"เต็นท์","date_survey":"19 เมษายน 2021","pipe_in_bed4":0,"pump1_type":"หอยโข่ง","pump5_volume":0,"owner":"บางแค","pump4_type":"-","area_p1_pic":"BMA\\VDO_DRONE\\SUMP\\BWS064_A1.jpg","pump3_volume":0,"pump1_catagory":"ไฟฟ้า","objectid_1":86,"pump2_catagory":"-","sump_bed":"3.45","pipe_in_dimention1":0.6,"pipe_in_dimention2":0,"pipe_in_dimention3":0,"meter_code":"MEA-TOU-9150193","pipe_in_dimention4":0,"pump1_volume":0.2,"hpl_areap1":"G:\\BMA\\VDO_DRONE\\SUMP\\BWS064_A1.jpg","surveillant_name":"-","hpl_areap3":"G:\\BMA\\VDO_DRONE\\SUMP\\BWS064_A3.jpg","district_id":"1040","hpl_areap2":"G:\\BMA\\VDO_DRONE\\SUMP\\BWS064_A2.jpg","hpl_areap5":"","hpl_areap4":"G:\\BMA\\VDO_DRONE\\SUMP\\BWS064_A4.jpg","objectid":86,"pump_amount":"1"}},{"geometry":{"type":"Point","coordinates":[100.51384699978594,13.722388997378566],"crs":null},"id":87,"type":"Feature","properties":{"utm_x":663692.8718,"pump3_catagory":"-","year":"2564","accessibility":"ซอยวัดสวนพลู ท้ายซอยตรงตึกสูงกำลังก่อสร้าง","pump5_type":"-","sump_type":"บ่อสูบน้ำ","utm_y":1517537.331,"area_p1_y":100.513817,"area_p1_x":13.72232,"area_p3_y":100.51384,"sump_length":1.6,"area_p3_x":13.72224,"hpl_mdb":"G:\\BMA\\VDO_DRONE\\SUMP\\BSS015_MD.jpg","home_pic":"BMA\\VDO_DRONE\\SUMP\\BSS015_HO.jpg","sump_depth":5.3,"pump2_volume":0.08,"pump4_volume":0,"meter":160,"surveillant_mobile":"-","telephone":"-","mdb":0,"hpl_trans":"","volume":13.57,"subdistrict_id":"100404","hpl_home":"G:\\BMA\\VDO_DRONE\\SUMP\\BSS015_HO.jpg","sump_area":"กรุงเทพใต้","sump_width":1.6,"fd_prevent_code":"12","area_p3_pic":"BMA\\VDO_DRONE\\SUMP\\BSS015_A3.jpg","district_t":"บางรัก","pump4_catagory":"-","sump_name":"บ่อสูบน้ำซอยวัดสวนพลู","mea_tel":"0-2221-0812, 0-2220-5222, 0-2220-5333","area_p4_pic":"BMA\\VDO_DRONE\\SUMP\\BSS015_A4.jpg","transformer":0,"mea":"เขตวัดเลียบ","trans_pic":"","pump2_type":"หอยโข่ง","mdb_pic":"BMA\\VDO_DRONE\\SUMP\\BSS015_MD.jpg","area_p4_y":100.513918,"meter_pic":"BMA\\VDO_DRONE\\SUMP\\BSS015_ME.jpg","area_p2_x":13.722327,"sump_code":"BS.S.015","area_p4_x":13.722235,"amount5":"-","area_p2_y":100.513805,"amount4":"-","pump5_catagory":"-","hpl_meter":"G:\\BMA\\VDO_DRONE\\SUMP\\BSS015_ME.jpg","pump3_type":"-","amount3":"-","amount2":"1","area_p2_pic":"BMA\\VDO_DRONE\\SUMP\\BSS015_A2.jpg","gate_type":"1","amount1":"1","area_p5_pic":"","reflex_area":"กรุงเทพใต้","pipe_in_bed2":0,"pipe_in_bed3":0,"pipe_in_bed1":5.3,"home_type":"ตู้พักอาศัยขนาดกลาง","date_survey":"31 มีนาคม 2021","pipe_in_bed4":0,"pump1_type":"หอยโข่ง","pump5_volume":0,"owner":"บางรัก","pump4_type":"-","area_p1_pic":"BMA\\VDO_DRONE\\SUMP\\BSS015_A1.jpg","pump3_volume":0,"pump1_catagory":"ไฟฟ้า","objectid_1":87,"pump2_catagory":"ไฟฟ้า","sump_bed":"5.3","pipe_in_dimention1":1.2,"pipe_in_dimention2":0,"pipe_in_dimention3":0,"meter_code":"MEA-2769627","pipe_in_dimention4":0,"pump1_volume":0.3,"hpl_areap1":"G:\\BMA\\VDO_DRONE\\SUMP\\BSS015_A1.jpg","surveillant_name":"-","hpl_areap3":"G:\\BMA\\VDO_DRONE\\SUMP\\BSS015_A3.jpg","district_id":"1004","hpl_areap2":"G:\\BMA\\VDO_DRONE\\SUMP\\BSS015_A2.jpg","hpl_areap5":"","hpl_areap4":"G:\\BMA\\VDO_DRONE\\SUMP\\BSS015_A4.jpg","objectid":87,"pump_amount":"2"}},{"geometry":{"type":"Point","coordinates":[100.58072400010373,13.722229002933002],"crs":null},"id":88,"type":"Feature","properties":{"utm_x":670926.0289,"pump3_catagory":"ไฟฟ้า","year":"2564","accessibility":"ซอยสุขุมวิท 40 ฝั่งอาคาร T-ONE","pump5_type":"-","sump_type":"บ่อสูบน้ำ","utm_y":1517565.978,"area_p1_y":100.580816,"area_p1_x":13.722283,"area_p3_y":100.580807,"sump_length":15,"area_p3_x":13.722299,"hpl_mdb":"G:\\BMA\\VDO_DRONE\\SUMP\\BSS037_MD.jpg","home_pic":"BMA\\VDO_DRONE\\SUMP\\BSS037_HO.jpg","sump_depth":7,"pump2_volume":2,"pump4_volume":0,"meter":400,"surveillant_mobile":"-","telephone":"-","mdb":400,"hpl_trans":"G:\\BMA\\VDO_DRONE\\SUMP\\BSS037_TR.jpg","volume":420,"subdistrict_id":"103303","hpl_home":"G:\\BMA\\VDO_DRONE\\SUMP\\BSS037_HO.jpg","sump_area":"กรุงเทพใต้","sump_width":4,"fd_prevent_code":"13","area_p3_pic":"BMA\\VDO_DRONE\\SUMP\\BSS037_A3.jpg","district_t":"คลองเตย","pump4_catagory":"-","sump_name":"บ่อสูบน้ำสุขุมวิท 40 บ้านกล้วยใต้","mea_tel":"0-2348-5211 , 0-2249-0800","area_p4_pic":"BMA\\VDO_DRONE\\SUMP\\BSS037_A4.jpg","transformer":500,"mea":"สำนักงานใหญ่คลองเตย","trans_pic":"BMA\\VDO_DRONE\\SUMP\\BSS037_TR.jpg","pump2_type":"ซับเมิร์ส","mdb_pic":"BMA\\VDO_DRONE\\SUMP\\BSS037_MD.jpg","area_p4_y":100.580807,"meter_pic":"BMA\\VDO_DRONE\\SUMP\\BSS037_ME.jpg","area_p2_x":13.722283,"sump_code":"BS.S.037","area_p4_x":13.722299,"amount5":"-","area_p2_y":100.580816,"amount4":"-","pump5_catagory":"-","hpl_meter":"G:\\BMA\\VDO_DRONE\\SUMP\\BSS037_ME.jpg","pump3_type":"ซับเมิร์ส","amount3":"1","amount2":"1","area_p2_pic":"BMA\\VDO_DRONE\\SUMP\\BSS037_A2.jpg","gate_type":"2","amount1":"1","area_p5_pic":"","reflex_area":"กรุงเทพใต้","pipe_in_bed2":1,"pipe_in_bed3":0,"pipe_in_bed1":1.2,"home_type":"ตู้คอนเทนเนอร์","date_survey":"5 มิถุนายน 2021","pipe_in_bed4":0,"pump1_type":"ซับเมิร์ส","pump5_volume":0,"owner":"คลองเตย","pump4_type":"-","area_p1_pic":"BMA\\VDO_DRONE\\SUMP\\BSS037_A1.jpg","pump3_volume":3,"pump1_catagory":"ไฟฟ้า","objectid_1":88,"pump2_catagory":"ไฟฟ้า","sump_bed":"7","pipe_in_dimention1":2,"pipe_in_dimention2":1.2,"pipe_in_dimention3":0,"meter_code":"MEA-TOU-9108401","pipe_in_dimention4":0,"pump1_volume":1,"hpl_areap1":"G:\\BMA\\VDO_DRONE\\SUMP\\BSS037_A1.jpg","surveillant_name":"-","hpl_areap3":"G:\\BMA\\VDO_DRONE\\SUMP\\BSS037_A3.jpg","district_id":"1033","hpl_areap2":"G:\\BMA\\VDO_DRONE\\SUMP\\BSS037_A2.jpg","hpl_areap5":"","hpl_areap4":"G:\\BMA\\VDO_DRONE\\SUMP\\BSS037_A4.jpg","objectid":88,"pump_amount":"3"}},{"geometry":{"type":"Point","coordinates":[100.49221399992452,13.723161002339111],"crs":null},"id":89,"type":"Feature","properties":{"utm_x":661352.6832,"pump3_catagory":"ไฟฟ้า","year":"2564","accessibility":"ใกล้รพ.สัตว์วงเวียนใหญ่ ตรงข้ามมีร้านทอง","pump5_type":"-","sump_type":"บ่อสูบน้ำ","utm_y":1517608.172,"area_p1_y":100.492214,"area_p1_x":13.723161,"area_p3_y":100.492214,"sump_length":7.5,"area_p3_x":13.723161,"hpl_mdb":"G:\\BMA\\VDO_DRONE\\SUMP\\BWS011_MD.jpg","home_pic":"BMA\\VDO_DRONE\\SUMP\\BWS011_HO.jpg","sump_depth":4.5,"pump2_volume":0.5,"pump4_volume":0,"meter":400,"surveillant_mobile":"-","telephone":"-","mdb":630,"hpl_trans":"G:\\BMA\\VDO_DRONE\\SUMP\\BWS011_TR.jpg","volume":87.75,"subdistrict_id":"101804","hpl_home":"G:\\BMA\\VDO_DRONE\\SUMP\\BWS011_HO.jpg","sump_area":"กรุงเทพธนบุรี","sump_width":2.6,"fd_prevent_code":"31","area_p3_pic":"BMA\\VDO_DRONE\\SUMP\\BWS011_A3.jpg","district_t":"คลองสาน","pump4_catagory":"-","sump_name":"บ่อสูบน้ำบางไส้ไก่","mea_tel":"0-2221-0812, 0-2220-5222, 0-2220-5333","area_p4_pic":"BMA\\VDO_DRONE\\SUMP\\BWS011_A4.jpg","transformer":1000,"mea":"เขตวัดเลียบ","trans_pic":"BMA\\VDO_DRONE\\SUMP\\BWS011_TR.jpg","pump2_type":"หอยโข่ง","mdb_pic":"BMA\\VDO_DRONE\\SUMP\\BWS011_MD.jpg","area_p4_y":100.492214,"meter_pic":"BMA\\VDO_DRONE\\SUMP\\BWS011_ME.jpg","area_p2_x":13.723161,"sump_code":"BW.S.011","area_p4_x":13.723161,"amount5":"-","area_p2_y":100.492214,"amount4":"-","pump5_catagory":"-","hpl_meter":"G:\\BMA\\VDO_DRONE\\SUMP\\BWS011_ME.jpg","pump3_type":"หอยโข่ง","amount3":"1","amount2":"1","area_p2_pic":"BMA\\VDO_DRONE\\SUMP\\BWS011_A2.jpg","gate_type":"1","amount1":"1","area_p5_pic":"","reflex_area":"กรุงเทพธนบุรี","pipe_in_bed2":0,"pipe_in_bed3":0,"pipe_in_bed1":2.8,"home_type":"ตู้คอนเทนเนอร์","date_survey":"31 มีนาคม 2021","pipe_in_bed4":0,"pump1_type":"คอลัมป์ไปท์","pump5_volume":0,"owner":"คลองสาน","pump4_type":"-","area_p1_pic":"BMA\\VDO_DRONE\\SUMP\\BWS011_A1.jpg","pump3_volume":0.13,"pump1_catagory":"ไฟฟ้า","objectid_1":89,"pump2_catagory":"ไฟฟ้า","sump_bed":"4.5","pipe_in_dimention1":1,"pipe_in_dimention2":0,"pipe_in_dimention3":0,"meter_code":"MEA-TOU-9072377","pipe_in_dimention4":0,"pump1_volume":1,"hpl_areap1":"G:\\BMA\\VDO_DRONE\\SUMP\\BWS011_A1.jpg","surveillant_name":"-","hpl_areap3":"G:\\BMA\\VDO_DRONE\\SUMP\\BWS011_A3.jpg","district_id":"1018","hpl_areap2":"G:\\BMA\\VDO_DRONE\\SUMP\\BWS011_A2.jpg","hpl_areap5":"","hpl_areap4":"G:\\BMA\\VDO_DRONE\\SUMP\\BWS011_A4.jpg","objectid":89,"pump_amount":"3"}},{"geometry":{"type":"Point","coordinates":[100.53656048238346,13.723545385224275],"crs":null},"id":90,"type":"Feature","properties":{"utm_x":666148.5978,"pump3_catagory":"-","year":"2564","accessibility":"ถนนสาธรใต้ ปากซอยสวนพลู (ฝั่งบ้านขนิษฐา)","pump5_type":"-","sump_type":"บ่อสูบน้ำ","utm_y":1517680.776,"area_p1_y":100.536556,"area_p1_x":13.723538,"area_p3_y":100.536219,"sump_length":3.6,"area_p3_x":13.723607,"hpl_mdb":"G:\\BMA\\VDO_DRONE\\SUMP\\BSS053_MD.jpg","home_pic":"","sump_depth":3.2,"pump2_volume":0,"pump4_volume":0,"meter":200,"surveillant_mobile":"-","telephone":"-","mdb":200,"hpl_trans":"G:\\BMA\\VDO_DRONE\\SUMP\\BSS053_TR.jpg","volume":40.32,"subdistrict_id":"102803","hpl_home":"","sump_area":"กรุงเทพใต้","sump_width":3.5,"fd_prevent_code":"11","area_p3_pic":"BMA\\VDO_DRONE\\SUMP\\BSS053_A3.jpg","district_t":"สาทร","pump4_catagory":"-","sump_name":"บ่อสูบน้ำปากซอยสวนพลู (ฝั่งบ้านขนิษฐา)","mea_tel":"0-2611-5200 , 0-2289-0151","area_p4_pic":"BMA\\VDO_DRONE\\SUMP\\BSS053_A4.jpg","transformer":500,"mea":"เขตยานนาวา","trans_pic":"BMA\\VDO_DRONE\\SUMP\\BSS053_TR.jpg","pump2_type":"-","mdb_pic":"BMA\\VDO_DRONE\\SUMP\\BSS053_MD.jpg","area_p4_y":100.536232,"meter_pic":"BMA\\VDO_DRONE\\SUMP\\BSS053_ME.jpg","area_p2_x":13.723533,"sump_code":"BS.S.053","area_p4_x":13.723582,"amount5":"-","area_p2_y":100.536563,"amount4":"-","pump5_catagory":"-","hpl_meter":"G:\\BMA\\VDO_DRONE\\SUMP\\BSS053_ME.jpg","pump3_type":"-","amount3":"-","amount2":"-","area_p2_pic":"BMA\\VDO_DRONE\\SUMP\\BSS053_A2.jpg","gate_type":"8","amount1":"1","area_p5_pic":"BMA\\VDO_DRONE\\SUMP\\BSS053_A5.jpg","reflex_area":"กรุงเทพใต้","pipe_in_bed2":0,"pipe_in_bed3":0,"pipe_in_bed1":2.5,"home_type":"ไม่มี","date_survey":"6 มิถุนายน 2021","pipe_in_bed4":0,"pump1_type":"หอยโข่ง","pump5_volume":0,"owner":"สาทร","pump4_type":"-","area_p1_pic":"BMA\\VDO_DRONE\\SUMP\\BSS053_A1.jpg","pump3_volume":0,"pump1_catagory":"ไฟฟ้า","objectid_1":90,"pump2_catagory":"-","sump_bed":"3.2","pipe_in_dimention1":0.6,"pipe_in_dimention2":0,"pipe_in_dimention3":0,"meter_code":"MEA-96490417","pipe_in_dimention4":0,"pump1_volume":0.12,"hpl_areap1":"G:\\BMA\\VDO_DRONE\\SUMP\\BSS053_A1.jpg","surveillant_name":"-","hpl_areap3":"G:\\BMA\\VDO_DRONE\\SUMP\\BSS053_A3.jpg","district_id":"1028","hpl_areap2":"G:\\BMA\\VDO_DRONE\\SUMP\\BSS053_A2.jpg","hpl_areap5":"G:\\BMA\\VDO_DRONE\\SUMP\\BSS053_A5.jpg","hpl_areap4":"G:\\BMA\\VDO_DRONE\\SUMP\\BSS053_A4.jpg","objectid":90,"pump_amount":"1"}},{"geometry":{"type":"Point","coordinates":[100.53663751773,13.723557362091334],"crs":null},"id":91,"type":"Feature","properties":{"utm_x":666156.921,"pump3_catagory":"-","year":"2564","accessibility":"ถนนสาธรใต้ ปากซอยสวนพลู(ฝั่งปั๊มเชลล์)","pump5_type":"-","sump_type":"บ่อสูบน้ำ","utm_y":1517682.154,"area_p1_y":100.536786,"area_p1_x":13.72361,"area_p3_y":100.536707,"sump_length":3.5,"area_p3_x":13.723668,"hpl_mdb":"G:\\BMA\\VDO_DRONE\\SUMP\\BSS034_MD.jpg","home_pic":"","sump_depth":9,"pump2_volume":0,"pump4_volume":0,"meter":200,"surveillant_mobile":"-","telephone":"-","mdb":200,"hpl_trans":"G:\\BMA\\VDO_DRONE\\SUMP\\BSS034_TR.jpg","volume":78.75,"subdistrict_id":"102803","hpl_home":"","sump_area":"กรุงเทพใต้","sump_width":2.5,"fd_prevent_code":"11","area_p3_pic":"BMA\\VDO_DRONE\\SUMP\\BSS034_A3.jpg","district_t":"สาทร","pump4_catagory":"-","sump_name":"บ่อสูบน้ำสวนพลู (ฝั่งปั๊มเชลล์)","mea_tel":"0-2348-5211 , 0-2249-0800","area_p4_pic":"BMA\\VDO_DRONE\\SUMP\\BSS034_A4.jpg","transformer":150,"mea":"สำนักงานใหญ่คลองเตย","trans_pic":"BMA\\VDO_DRONE\\SUMP\\BSS034_TR.jpg","pump2_type":"-","mdb_pic":"BMA\\VDO_DRONE\\SUMP\\BSS034_MD.jpg","area_p4_y":100.536711,"meter_pic":"BMA\\VDO_DRONE\\SUMP\\BSS034_ME.jpg","area_p2_x":13.72361,"sump_code":"BS.S.034","area_p4_x":13.72366,"amount5":"-","area_p2_y":100.536784,"amount4":"-","pump5_catagory":"-","hpl_meter":"G:\\BMA\\VDO_DRONE\\SUMP\\BSS034_ME.jpg","pump3_type":"-","amount3":"-","amount2":"-","area_p2_pic":"BMA\\VDO_DRONE\\SUMP\\BSS034_A2.jpg","gate_type":"8","amount1":"1","area_p5_pic":"BMA\\VDO_DRONE\\SUMP\\BSS034_A5.jpg","reflex_area":"กรุงเทพใต้","pipe_in_bed2":0,"pipe_in_bed3":0,"pipe_in_bed1":9,"home_type":"ไม่มี","date_survey":"5 มิถุนายน 2021","pipe_in_bed4":0,"pump1_type":"หอยโข่ง","pump5_volume":0,"owner":"สาทร","pump4_type":"-","area_p1_pic":"BMA\\VDO_DRONE\\SUMP\\BSS034_A1.jpg","pump3_volume":0,"pump1_catagory":"ไฟฟ้า","objectid_1":91,"pump2_catagory":"-","sump_bed":"9","pipe_in_dimention1":0.6,"pipe_in_dimention2":0,"pipe_in_dimention3":0,"meter_code":"MEA-TOU-96090680","pipe_in_dimention4":0,"pump1_volume":0.2,"hpl_areap1":"G:\\BMA\\VDO_DRONE\\SUMP\\BSS034_A1.jpg","surveillant_name":"-","hpl_areap3":"G:\\BMA\\VDO_DRONE\\SUMP\\BSS034_A3.jpg","district_id":"1028","hpl_areap2":"G:\\BMA\\VDO_DRONE\\SUMP\\BSS034_A2.jpg","hpl_areap5":"G:\\BMA\\VDO_DRONE\\SUMP\\BSS034_A5.jpg","hpl_areap4":"G:\\BMA\\VDO_DRONE\\SUMP\\BSS034_A4.jpg","objectid":91,"pump_amount":"1"}},{"geometry":{"type":"Point","coordinates":[100.57735900015676,13.724743003865862],"crs":null},"id":92,"type":"Feature","properties":{"utm_x":670560.2673,"pump3_catagory":"-","year":"2564","accessibility":"หน้าโรงแรมUrbana Sathon ถนนสาทรใต้(ตรงข้ามคริสตจักรไครสต์เชิร์ช)","pump5_type":"-","sump_type":"บ่อสูบน้ำ","utm_y":1517841.722,"area_p1_y":100.577424,"area_p1_x":13.724801,"area_p3_y":100.577479,"sump_length":23.8,"area_p3_x":13.724991,"hpl_mdb":"G:\\BMA\\VDO_DRONE\\SUMP\\BSS038_MD.jpg","home_pic":"BMA\\VDO_DRONE\\SUMP\\BSS038_HO.jpg","sump_depth":7,"pump2_volume":0,"pump4_volume":0,"meter":400,"surveillant_mobile":"-","telephone":"-","mdb":400,"hpl_trans":"G:\\BMA\\VDO_DRONE\\SUMP\\BSS038_TR.jpg","volume":699.72,"subdistrict_id":"103302","hpl_home":"G:\\BMA\\VDO_DRONE\\SUMP\\BSS038_HO.jpg","sump_area":"กรุงเทพใต้","sump_width":4.2,"fd_prevent_code":"13","area_p3_pic":"BMA\\VDO_DRONE\\SUMP\\BSS038_A3.jpg","district_t":"คลองเตย","pump4_catagory":"-","sump_name":"บ่อสูบสุขุมวิท 36","mea_tel":"0-2348-5211 , 0-2249-0800","area_p4_pic":"BMA\\VDO_DRONE\\SUMP\\BSS038_A4.jpg","transformer":2000,"mea":"สำนักงานใหญ่คลองเตย","trans_pic":"BMA\\VDO_DRONE\\SUMP\\BSS038_TR.jpg","pump2_type":"-","mdb_pic":"BMA\\VDO_DRONE\\SUMP\\BSS038_MD.jpg","area_p4_y":100.577471,"meter_pic":"BMA\\VDO_DRONE\\SUMP\\BSS038_ME.jpg","area_p2_x":13.724991,"sump_code":"BS.S.038","area_p4_x":13.724979,"amount5":"-","area_p2_y":100.577479,"amount4":"-","pump5_catagory":"-","hpl_meter":"G:\\BMA\\VDO_DRONE\\SUMP\\BSS038_ME.jpg","pump3_type":"-","amount3":"-","amount2":"-","area_p2_pic":"BMA\\VDO_DRONE\\SUMP\\BSS038_A2.jpg","gate_type":"8","amount1":"4","area_p5_pic":"","reflex_area":"กรุงเทพใต้","pipe_in_bed2":0,"pipe_in_bed3":0,"pipe_in_bed1":1.2,"home_type":"ตู้พักอาศัยขนาดกลาง","date_survey":"5 มิถุนายน 2021","pipe_in_bed4":0,"pump1_type":"ซับเมิร์ส","pump5_volume":0,"owner":"คลองเตย","pump4_type":"-","area_p1_pic":"BMA\\VDO_DRONE\\SUMP\\BSS038_A1.jpg","pump3_volume":0,"pump1_catagory":"ไฟฟ้า","objectid_1":92,"pump2_catagory":"-","sump_bed":"7","pipe_in_dimention1":2,"pipe_in_dimention2":0,"pipe_in_dimention3":0,"meter_code":"MEA-TOU-9183640","pipe_in_dimention4":0,"pump1_volume":1.5,"hpl_areap1":"G:\\BMA\\VDO_DRONE\\SUMP\\BSS038_A1.jpg","surveillant_name":"-","hpl_areap3":"G:\\BMA\\VDO_DRONE\\SUMP\\BSS038_A3.jpg","district_id":"1033","hpl_areap2":"G:\\BMA\\VDO_DRONE\\SUMP\\BSS038_A2.jpg","hpl_areap5":"","hpl_areap4":"G:\\BMA\\VDO_DRONE\\SUMP\\BSS038_A4.jpg","objectid":92,"pump_amount":"4"}},{"geometry":{"type":"Point","coordinates":[100.36804799965981,13.726776996603233],"crs":null},"id":93,"type":"Feature","properties":{"utm_x":647921.9984,"pump3_catagory":"-","year":"2564","accessibility":"ซอยอัสสัมชัญ 23 ใกล้สนามฟุตซอลไบร์ท&เบรฟ","pump5_type":"-","sump_type":"บ่อสูบน้ำ","utm_y":1517928.644,"area_p1_y":100.368048,"area_p1_x":13.726777,"area_p3_y":100.368048,"sump_length":2.7,"area_p3_x":13.726777,"hpl_mdb":"G:\\BMA\\VDO_DRONE\\SUMP\\BWS067_MD.jpg","home_pic":"","sump_depth":2.03,"pump2_volume":0,"pump4_volume":0,"meter":200,"surveillant_mobile":"-","telephone":"-","mdb":250,"hpl_trans":"G:\\BMA\\VDO_DRONE\\SUMP\\BWS067_TR.jpg","volume":9.32,"subdistrict_id":"104003","hpl_home":"","sump_area":"กรุงเทพธนบุรี","sump_width":1.7,"fd_prevent_code":"34","area_p3_pic":"BMA\\VDO_DRONE\\SUMP\\BWS067_A3.jpg","district_t":"บางแค","pump4_catagory":"-","sump_name":"บ่อสูบน้ำซอยอัสสัมชัญ 23","mea_tel":"0-2841-5211 , 0-2451-4104","area_p4_pic":"BMA\\VDO_DRONE\\SUMP\\BWS067_A4.jpg","transformer":150,"mea":"เขตบางขุนเทียน","trans_pic":"BMA\\VDO_DRONE\\SUMP\\BWS067_TR.jpg","pump2_type":"-","mdb_pic":"BMA\\VDO_DRONE\\SUMP\\BWS067_MD.jpg","area_p4_y":100.368048,"meter_pic":"BMA\\VDO_DRONE\\SUMP\\BWS067_ME.jpg","area_p2_x":13.726777,"sump_code":"BW.S.067","area_p4_x":13.726777,"amount5":"-","area_p2_y":100.368048,"amount4":"-","pump5_catagory":"-","hpl_meter":"G:\\BMA\\VDO_DRONE\\SUMP\\BWS067_ME.jpg","pump3_type":"-","amount3":"-","amount2":"-","area_p2_pic":"BMA\\VDO_DRONE\\SUMP\\BWS067_A2.jpg","gate_type":"8","amount1":"1","area_p5_pic":"","reflex_area":"กรุงเทพธนบุรี","pipe_in_bed2":0,"pipe_in_bed3":0,"pipe_in_bed1":1.3,"home_type":"ไม่มี","date_survey":"19 เมษายน 2021","pipe_in_bed4":0,"pump1_type":"หอยโข่ง","pump5_volume":0,"owner":"บางแค","pump4_type":"-","area_p1_pic":"BMA\\VDO_DRONE\\SUMP\\BWS067_A1.jpg","pump3_volume":0,"pump1_catagory":"ไฟฟ้า","objectid_1":93,"pump2_catagory":"-","sump_bed":"2.03","pipe_in_dimention1":0.6,"pipe_in_dimention2":0,"pipe_in_dimention3":0,"meter_code":"MEA-TOU-9146378","pipe_in_dimention4":0,"pump1_volume":0.2,"hpl_areap1":"G:\\BMA\\VDO_DRONE\\SUMP\\BWS067_A1.jpg","surveillant_name":"-","hpl_areap3":"G:\\BMA\\VDO_DRONE\\SUMP\\BWS067_A3.jpg","district_id":"1040","hpl_areap2":"G:\\BMA\\VDO_DRONE\\SUMP\\BWS067_A2.jpg","hpl_areap5":"","hpl_areap4":"G:\\BMA\\VDO_DRONE\\SUMP\\BWS067_A4.jpg","objectid":93,"pump_amount":"1"}},{"geometry":{"type":"Point","coordinates":[100.37500800027254,13.727445998975659],"crs":null},"id":94,"type":"Feature","properties":{"utm_x":648674.2649,"pump3_catagory":"-","year":"2564","accessibility":"ถนนหมู่บ้านเศรษฐกิจ (สะพานข้ามคลองบางแวก)","pump5_type":"-","sump_type":"บ่อสูบน้ำ","utm_y":1518006.926,"area_p1_y":100.375008,"area_p1_x":13.727446,"area_p3_y":100.375008,"sump_length":1.14,"area_p3_x":13.727446,"hpl_mdb":"G:\\BMA\\VDO_DRONE\\SUMP\\BWS066_MD.jpg","home_pic":"","sump_depth":2.3,"pump2_volume":0,"pump4_volume":0,"meter":200,"surveillant_mobile":"-","telephone":"-","mdb":250,"hpl_trans":"","volume":1.91,"subdistrict_id":"104003","hpl_home":"","sump_area":"กรุงเทพธนบุรี","sump_width":0.73,"fd_prevent_code":"34","area_p3_pic":"BMA\\VDO_DRONE\\SUMP\\BWS066_A3.jpg","district_t":"บางแค","pump4_catagory":"-","sump_name":"บ่อสูบน้ำหมู่บ้านเศรษฐกิจ (คลองบางแวก)","mea_tel":"0-2841-5211 , 0-2451-4104","area_p4_pic":"BMA\\VDO_DRONE\\SUMP\\BWS066_A4.jpg","transformer":225,"mea":"เขตบางขุนเทียน","trans_pic":"","pump2_type":"-","mdb_pic":"BMA\\VDO_DRONE\\SUMP\\BWS066_MD.jpg","area_p4_y":100.375008,"meter_pic":"BMA\\VDO_DRONE\\SUMP\\BWS066_ME.jpg","area_p2_x":13.727446,"sump_code":"BW.S.066","area_p4_x":13.727446,"amount5":"-","area_p2_y":100.375008,"amount4":"-","pump5_catagory":"-","hpl_meter":"G:\\BMA\\VDO_DRONE\\SUMP\\BWS066_ME.jpg","pump3_type":"-","amount3":"-","amount2":"-","area_p2_pic":"BMA\\VDO_DRONE\\SUMP\\BWS066_A2.jpg","gate_type":"8","amount1":"1","area_p5_pic":"","reflex_area":"กรุงเทพธนบุรี","pipe_in_bed2":0,"pipe_in_bed3":0,"pipe_in_bed1":1.7,"home_type":"ไม่มี","date_survey":"19 เมษายน 2021","pipe_in_bed4":0,"pump1_type":"หอยโข่ง","pump5_volume":0,"owner":"บางแค","pump4_type":"-","area_p1_pic":"BMA\\VDO_DRONE\\SUMP\\BWS066_A1.jpg","pump3_volume":0,"pump1_catagory":"ไฟฟ้า","objectid_1":94,"pump2_catagory":"-","sump_bed":"2.3","pipe_in_dimention1":0.6,"pipe_in_dimention2":0,"pipe_in_dimention3":0,"meter_code":"MEA-TOU-9070354","pipe_in_dimention4":0,"pump1_volume":0.05,"hpl_areap1":"G:\\BMA\\VDO_DRONE\\SUMP\\BWS066_A1.jpg","surveillant_name":"-","hpl_areap3":"G:\\BMA\\VDO_DRONE\\SUMP\\BWS066_A3.jpg","district_id":"1040","hpl_areap2":"G:\\BMA\\VDO_DRONE\\SUMP\\BWS066_A2.jpg","hpl_areap5":"","hpl_areap4":"G:\\BMA\\VDO_DRONE\\SUMP\\BWS066_A4.jpg","objectid":94,"pump_amount":"1"}},{"geometry":{"type":"Point","coordinates":[100.37596800013453,13.72768400460986],"crs":null},"id":95,"type":"Feature","properties":{"utm_x":648777.9337,"pump3_catagory":"-","year":"2564","accessibility":"หน้าหอ4ชั้นในหมู่บ้านฐิติมาวิลเลจ อยู่ในซอยหมู่บ้านเศรษฐกิจ48 ","pump5_type":"-","sump_type":"บ่อสูบน้ำ","utm_y":1518033.846,"area_p1_y":100.375968,"area_p1_x":13.727684,"area_p3_y":100.375968,"sump_length":2.67,"area_p3_x":13.727684,"hpl_mdb":"G:\\BMA\\VDO_DRONE\\SUMP\\BWS065_MD.jpg","home_pic":"","sump_depth":2.13,"pump2_volume":0,"pump4_volume":0,"meter":200,"surveillant_mobile":"-","telephone":"-","mdb":250,"hpl_trans":"G:\\BMA\\VDO_DRONE\\SUMP\\BWS065_TR.jpg","volume":9.67,"subdistrict_id":"104003","hpl_home":"","sump_area":"กรุงเทพธนบุรี","sump_width":1.7,"fd_prevent_code":"34","area_p3_pic":"BMA\\VDO_DRONE\\SUMP\\BWS065_A3.jpg","district_t":"บางแค","pump4_catagory":"-","sump_name":"บ่อสูบน้ำหมู่บ้านเศรษฐกิจ ซอย 48","mea_tel":"0-2841-5211 , 0-2451-4104","area_p4_pic":"BMA\\VDO_DRONE\\SUMP\\BWS065_A4.jpg","transformer":225,"mea":"เขตบางขุนเทียน","trans_pic":"BMA\\VDO_DRONE\\SUMP\\BWS065_TR.jpg","pump2_type":"-","mdb_pic":"BMA\\VDO_DRONE\\SUMP\\BWS065_MD.jpg","area_p4_y":100.375968,"meter_pic":"BMA\\VDO_DRONE\\SUMP\\BWS065_ME.jpg","area_p2_x":13.727684,"sump_code":"BW.S.065","area_p4_x":13.727684,"amount5":"-","area_p2_y":100.375968,"amount4":"-","pump5_catagory":"-","hpl_meter":"G:\\BMA\\VDO_DRONE\\SUMP\\BWS065_ME.jpg","pump3_type":"-","amount3":"-","amount2":"-","area_p2_pic":"BMA\\VDO_DRONE\\SUMP\\BWS065_A2.jpg","gate_type":"8","amount1":"1","area_p5_pic":"","reflex_area":"กรุงเทพธนบุรี","pipe_in_bed2":0,"pipe_in_bed3":0,"pipe_in_bed1":1.2,"home_type":"ไม่มี","date_survey":"19 เมษายน 2021","pipe_in_bed4":0,"pump1_type":"หอยโข่ง","pump5_volume":0,"owner":"บางแค","pump4_type":"-","area_p1_pic":"BMA\\VDO_DRONE\\SUMP\\BWS065_A1.jpg","pump3_volume":0,"pump1_catagory":"ไฟฟ้า","objectid_1":95,"pump2_catagory":"-","sump_bed":"2.13","pipe_in_dimention1":0.6,"pipe_in_dimention2":0,"pipe_in_dimention3":0,"meter_code":"MEA-TOU-9302921","pipe_in_dimention4":0,"pump1_volume":0.2,"hpl_areap1":"G:\\BMA\\VDO_DRONE\\SUMP\\BWS065_A1.jpg","surveillant_name":"-","hpl_areap3":"G:\\BMA\\VDO_DRONE\\SUMP\\BWS065_A3.jpg","district_id":"1040","hpl_areap2":"G:\\BMA\\VDO_DRONE\\SUMP\\BWS065_A2.jpg","hpl_areap5":"","hpl_areap4":"G:\\BMA\\VDO_DRONE\\SUMP\\BWS065_A4.jpg","objectid":95,"pump_amount":"1"}},{"geometry":{"type":"Point","coordinates":[100.51372199992024,13.727218004204035],"crs":null},"id":96,"type":"Feature","properties":{"utm_x":663676.0033,"pump3_catagory":"-","year":"2564","accessibility":"ซอย เจริญกรุง 32 (เกือบสุดซอยซ้ายมือ)","pump5_type":"-","sump_type":"บ่อสูบน้ำ","utm_y":1518071.465,"area_p1_y":100.513777,"area_p1_x":13.727221,"area_p3_y":100.513598,"sump_length":2.7,"area_p3_x":13.727287,"hpl_mdb":"G:\\BMA\\VDO_DRONE\\SUMP\\BSS016_MD.jpg","home_pic":"","sump_depth":5.1,"pump2_volume":0,"pump4_volume":0,"meter":200,"surveillant_mobile":"-","telephone":"-","mdb":0,"hpl_trans":"","volume":34.43,"subdistrict_id":"100404","hpl_home":"","sump_area":"กรุงเทพใต้","sump_width":2.5,"fd_prevent_code":"12","area_p3_pic":"BMA\\VDO_DRONE\\SUMP\\BSS016_A3.jpg","district_t":"บางรัก","pump4_catagory":"-","sump_name":"บ่อสูบน้ำข้างไปรษณีย์กลาง","mea_tel":"0-2221-0812, 0-2220-5222, 0-2220-5333","area_p4_pic":"BMA\\VDO_DRONE\\SUMP\\BSS016_A4.jpg","transformer":0,"mea":"เขตวัดเลียบ","trans_pic":"","pump2_type":"-","mdb_pic":"BMA\\VDO_DRONE\\SUMP\\BSS016_MD.jpg","area_p4_y":100.513708,"meter_pic":"BMA\\VDO_DRONE\\SUMP\\BSS016_ME.jpg","area_p2_x":13.727225,"sump_code":"BS.S.016","area_p4_x":13.727269,"amount5":"-","area_p2_y":100.51377,"amount4":"-","pump5_catagory":"-","hpl_meter":"G:\\BMA\\VDO_DRONE\\SUMP\\BSS016_ME.jpg","pump3_type":"-","amount3":"-","amount2":"-","area_p2_pic":"BMA\\VDO_DRONE\\SUMP\\BSS016_A2.jpg","gate_type":"1","amount1":"2","area_p5_pic":"BMA\\VDO_DRONE\\SUMP\\BSS016_A5.jpg","reflex_area":"กรุงเทพใต้","pipe_in_bed2":0,"pipe_in_bed3":0,"pipe_in_bed1":3.1,"home_type":"ตู้คอนเทนเนอร์","date_survey":"31 มีนาคม 2021","pipe_in_bed4":0,"pump1_type":"หอยโข่ง","pump5_volume":0,"owner":"บางรัก","pump4_type":"-","area_p1_pic":"BMA\\VDO_DRONE\\SUMP\\BSS016_A1.jpg","pump3_volume":0,"pump1_catagory":"ไฟฟ้า","objectid_1":96,"pump2_catagory":"-","sump_bed":"5.1","pipe_in_dimention1":0.6,"pipe_in_dimention2":0,"pipe_in_dimention3":0,"meter_code":"MEA-TOU-9304623","pipe_in_dimention4":0,"pump1_volume":0.3,"hpl_areap1":"G:\\BMA\\VDO_DRONE\\SUMP\\BSS016_A1.jpg","surveillant_name":"-","hpl_areap3":"G:\\BMA\\VDO_DRONE\\SUMP\\BSS016_A3.jpg","district_id":"1004","hpl_areap2":"G:\\BMA\\VDO_DRONE\\SUMP\\BSS016_A2.jpg","hpl_areap5":"G:\\BMA\\VDO_DRONE\\SUMP\\BSS016_A5.jpg","hpl_areap4":"G:\\BMA\\VDO_DRONE\\SUMP\\BSS016_A4.jpg","objectid":96,"pump_amount":"2"}},{"geometry":{"type":"Point","coordinates":[100.4859660001197,13.727442998079786],"crs":null},"id":97,"type":"Feature","properties":{"utm_x":660674.0375,"pump3_catagory":"-","year":"2564","accessibility":"ใต้สะพานเนาวจำเนียร ถนนอินทรพิทักษ์ (ใกล้สถานีดับเพลิงธนบุรี)","pump5_type":"-","sump_type":"บ่อสูบน้ำ","utm_y":1518077.704,"area_p1_y":100.485966,"area_p1_x":13.727443,"area_p3_y":100.485966,"sump_length":3.5,"area_p3_x":13.727443,"hpl_mdb":"G:\\BMA\\VDO_DRONE\\SUMP\\BWS035_MD.jpg","home_pic":"","sump_depth":280,"pump2_volume":0,"pump4_volume":0,"meter":15,"surveillant_mobile":"-","telephone":"-","mdb":100,"hpl_trans":"G:\\BMA\\VDO_DRONE\\SUMP\\BWS035_TR.jpg","volume":2744,"subdistrict_id":"101503","hpl_home":"","sump_area":"กรุงเทพธนบุรี","sump_width":2.8,"fd_prevent_code":"31","area_p3_pic":"BMA\\VDO_DRONE\\SUMP\\BWS035_A3.jpg","district_t":"ธนบุรี","pump4_catagory":"-","sump_name":"บ่อสูบน้ำใต้สะพานเนาวจำเนียร ถ.อินทรพิทักษ์","mea_tel":"0-2221-0812, 0-2220-5222, 0-2220-5333","area_p4_pic":"BMA\\VDO_DRONE\\SUMP\\BWS035_A4.jpg","transformer":500,"mea":"เขตวัดเลียบ","trans_pic":"BMA\\VDO_DRONE\\SUMP\\BWS035_TR.jpg","pump2_type":"-","mdb_pic":"BMA\\VDO_DRONE\\SUMP\\BWS035_MD.jpg","area_p4_y":100.485966,"meter_pic":"","area_p2_x":13.727443,"sump_code":"BW.S.035","area_p4_x":13.727443,"amount5":"-","area_p2_y":100.485966,"amount4":"-","pump5_catagory":"-","hpl_meter":"","pump3_type":"-","amount3":"-","amount2":"-","area_p2_pic":"BMA\\VDO_DRONE\\SUMP\\BWS035_A2.jpg","gate_type":"8","amount1":"2","area_p5_pic":"BMA\\VDO_DRONE\\SUMP\\BWS035_A5.jpg","reflex_area":"กรุงเทพธนบุรี","pipe_in_bed2":0,"pipe_in_bed3":0,"pipe_in_bed1":0.4,"home_type":"ไม่มี","date_survey":"2 เมษายน 2021","pipe_in_bed4":0,"pump1_type":"หอยโข่ง","pump5_volume":0,"owner":"ธนบุรี","pump4_type":"-","area_p1_pic":"BMA\\VDO_DRONE\\SUMP\\BWS035_A1.jpg","pump3_volume":0,"pump1_catagory":"ไฟฟ้า","objectid_1":97,"pump2_catagory":"-","sump_bed":"2.8","pipe_in_dimention1":1,"pipe_in_dimention2":0,"pipe_in_dimention3":0,"meter_code":"-","pipe_in_dimention4":0,"pump1_volume":0.03,"hpl_areap1":"G:\\BMA\\VDO_DRONE\\SUMP\\BWS035_A1.jpg","surveillant_name":"-","hpl_areap3":"G:\\BMA\\VDO_DRONE\\SUMP\\BWS035_A3.jpg","district_id":"1015","hpl_areap2":"G:\\BMA\\VDO_DRONE\\SUMP\\BWS035_A2.jpg","hpl_areap5":"G:\\BMA\\VDO_DRONE\\SUMP\\BWS035_A5.jpg","hpl_areap4":"G:\\BMA\\VDO_DRONE\\SUMP\\BWS035_A4.jpg","objectid":97,"pump_amount":"2"}},{"geometry":{"type":"Point","coordinates":[100.48502700044563,13.727637003004078],"crs":null},"id":98,"type":"Feature","properties":{"utm_x":660572.3533,"pump3_catagory":"-","year":"2564","accessibility":"ใต้สะพานเนาวจำเนียร ถนนเพชรเกษม (ใกล้โรงพยาบาลสัตว์มหานคร)","pump5_type":"-","sump_type":"บ่อสูบน้ำ","utm_y":1518098.541,"area_p1_y":100.485027,"area_p1_x":13.727637,"area_p3_y":100.485027,"sump_length":2.7,"area_p3_x":13.727637,"hpl_mdb":"G:\\BMA\\VDO_DRONE\\SUMP\\BWS071_MD.jpg","home_pic":"","sump_depth":3.3,"pump2_volume":0,"pump4_volume":0,"meter":15,"surveillant_mobile":"-","telephone":"-","mdb":100,"hpl_trans":"G:\\BMA\\VDO_DRONE\\SUMP\\BWS071_TR.jpg","volume":15.15,"subdistrict_id":"101602","hpl_home":"","sump_area":"กรุงเทพธนบุรี","sump_width":1.7,"fd_prevent_code":"30","area_p3_pic":"BMA\\VDO_DRONE\\SUMP\\BWS071_A3.jpg","district_t":"บางกอกใหญ่","pump4_catagory":"-","sump_name":"บ่อสูบน้ำเนาวจำเนียร ถนนเพชรเกษม","mea_tel":"0-2412-8699 , 0-2878-5222 , 0-2878-5333","area_p4_pic":"BMA\\VDO_DRONE\\SUMP\\BWS071_A4.jpg","transformer":500,"mea":"เขตธนบุรี","trans_pic":"BMA\\VDO_DRONE\\SUMP\\BWS071_TR.jpg","pump2_type":"-","mdb_pic":"BMA\\VDO_DRONE\\SUMP\\BWS071_MD.jpg","area_p4_y":100.485027,"meter_pic":"BMA\\VDO_DRONE\\SUMP\\BWS071_ME.jpg","area_p2_x":13.727637,"sump_code":"BW.S.071","area_p4_x":13.727637,"amount5":"-","area_p2_y":100.485027,"amount4":"-","pump5_catagory":"-","hpl_meter":"G:\\BMA\\VDO_DRONE\\SUMP\\BWS071_ME.jpg","pump3_type":"-","amount3":"-","amount2":"-","area_p2_pic":"BMA\\VDO_DRONE\\SUMP\\BWS071_A2.jpg","gate_type":"8","amount1":"1","area_p5_pic":"BMA\\VDO_DRONE\\SUMP\\BWS071_A5.jpg","reflex_area":"กรุงเทพธนบุรี","pipe_in_bed2":0,"pipe_in_bed3":0,"pipe_in_bed1":1,"home_type":"ไม่มี","date_survey":"20 เมษายน 2021","pipe_in_bed4":0,"pump1_type":"หอยโข่ง","pump5_volume":0,"owner":"บางกอกใหญ่","pump4_type":"-","area_p1_pic":"BMA\\VDO_DRONE\\SUMP\\BWS071_A1.jpg","pump3_volume":0,"pump1_catagory":"ไฟฟ้า","objectid_1":98,"pump2_catagory":"-","sump_bed":"3.3","pipe_in_dimention1":0.4,"pipe_in_dimention2":0,"pipe_in_dimention3":0,"meter_code":"MEA-7539336","pipe_in_dimention4":0,"pump1_volume":0.03,"hpl_areap1":"G:\\BMA\\VDO_DRONE\\SUMP\\BWS071_A1.jpg","surveillant_name":"-","hpl_areap3":"G:\\BMA\\VDO_DRONE\\SUMP\\BWS071_A3.jpg","district_id":"1016","hpl_areap2":"G:\\BMA\\VDO_DRONE\\SUMP\\BWS071_A2.jpg","hpl_areap5":"G:\\BMA\\VDO_DRONE\\SUMP\\BWS071_A5.jpg","hpl_areap4":"G:\\BMA\\VDO_DRONE\\SUMP\\BWS071_A4.jpg","objectid":98,"pump_amount":"1"}},{"geometry":{"type":"Point","coordinates":[100.49344400021153,13.728555004185175],"crs":null},"id":99,"type":"Feature","properties":{"utm_x":661482.0183,"pump3_catagory":"-","year":"2564","accessibility":"ในซอยสะพานเหลือง ตรงเข้าไป30เมตรอยู่ขวามือ","pump5_type":"-","sump_type":"บ่อสูบน้ำ","utm_y":1518205.712,"area_p1_y":100.493444,"area_p1_x":13.728555,"area_p3_y":100.493444,"sump_length":10.3,"area_p3_x":13.728555,"hpl_mdb":"G:\\BMA\\VDO_DRONE\\SUMP\\BWS009_MD.jpg","home_pic":"BMA\\VDO_DRONE\\SUMP\\BWS009_HO.jpg","sump_depth":310,"pump2_volume":0.2,"pump4_volume":0,"meter":400,"surveillant_mobile":"-","telephone":"-","mdb":500,"hpl_trans":"G:\\BMA\\VDO_DRONE\\SUMP\\BWS009_TR.jpg","volume":15326.4,"subdistrict_id":"101502","hpl_home":"G:\\BMA\\VDO_DRONE\\SUMP\\BWS009_HO.jpg","sump_area":"กรุงเทพธนบุรี","sump_width":4.8,"fd_prevent_code":"31","area_p3_pic":"BMA\\VDO_DRONE\\SUMP\\BWS009_A3.jpg","district_t":"ธนบุรี","pump4_catagory":"-","sump_name":"บ่อสูบน้ำสะพานเหลือง","mea_tel":"0-2221-0812, 0-2220-5222, 0-2220-5333","area_p4_pic":"BMA\\VDO_DRONE\\SUMP\\BWS009_A4.jpg","transformer":500,"mea":"เขตวัดเลียบ","trans_pic":"BMA\\VDO_DRONE\\SUMP\\BWS009_TR.jpg","pump2_type":"หอยโข่ง","mdb_pic":"BMA\\VDO_DRONE\\SUMP\\BWS009_MD.jpg","area_p4_y":100.493444,"meter_pic":"BMA\\VDO_DRONE\\SUMP\\BWS009_ME.jpg","area_p2_x":13.728555,"sump_code":"BW.S.009","area_p4_x":13.728555,"amount5":"-","area_p2_y":100.493444,"amount4":"-","pump5_catagory":"-","hpl_meter":"G:\\BMA\\VDO_DRONE\\SUMP\\BWS009_ME.jpg","pump3_type":"-","amount3":"-","amount2":"1","area_p2_pic":"BMA\\VDO_DRONE\\SUMP\\BWS009_A2.jpg","gate_type":"1","amount1":"2","area_p5_pic":"BMA\\VDO_DRONE\\SUMP\\BWS009_A5.jpg","reflex_area":"กรุงเทพธนบุรี","pipe_in_bed2":0,"pipe_in_bed3":0,"pipe_in_bed1":1.9,"home_type":"ตู้คอนเทนเนอร์","date_survey":"31 มีนาคม 2021","pipe_in_bed4":0,"pump1_type":"คอลัมป์ไปท์","pump5_volume":0,"owner":"ธนบุรี","pump4_type":"-","area_p1_pic":"BMA\\VDO_DRONE\\SUMP\\BWS009_A1.jpg","pump3_volume":0,"pump1_catagory":"ไฟฟ้า","objectid_1":99,"pump2_catagory":"ไฟฟ้า","sump_bed":"3.1","pipe_in_dimention1":2,"pipe_in_dimention2":0,"pipe_in_dimention3":0,"meter_code":"MEA-TOU-9148792","pipe_in_dimention4":0,"pump1_volume":1,"hpl_areap1":"G:\\BMA\\VDO_DRONE\\SUMP\\BWS009_A1.jpg","surveillant_name":"-","hpl_areap3":"G:\\BMA\\VDO_DRONE\\SUMP\\BWS009_A3.jpg","district_id":"1015","hpl_areap2":"G:\\BMA\\VDO_DRONE\\SUMP\\BWS009_A2.jpg","hpl_areap5":"G:\\BMA\\VDO_DRONE\\SUMP\\BWS009_A5.jpg","hpl_areap4":"G:\\BMA\\VDO_DRONE\\SUMP\\BWS009_A4.jpg","objectid":99,"pump_amount":"3"}},{"geometry":{"type":"Point","coordinates":[100.57086299985258,13.72928399658031],"crs":null},"id":100,"type":"Feature","properties":{"utm_x":669854.4262,"pump3_catagory":"-","year":"2564","accessibility":"ซอยสุขุมวิท 26 ตึกแถว","pump5_type":"-","sump_type":"บ่อสูบน้ำ","utm_y":1518339.51,"area_p1_y":100.570846,"area_p1_x":13.729354,"area_p3_y":100.570865,"sump_length":15.7,"area_p3_x":13.729412,"hpl_mdb":"G:\\BMA\\VDO_DRONE\\SUMP\\BSS039_MD.jpg","home_pic":"BMA\\VDO_DRONE\\SUMP\\BSS039_HO.jpg","sump_depth":7,"pump2_volume":0,"pump4_volume":0,"meter":400,"surveillant_mobile":"-","telephone":"-","mdb":400,"hpl_trans":"G:\\BMA\\VDO_DRONE\\SUMP\\BSS039_TR.jpg","volume":637.42,"subdistrict_id":"103302","hpl_home":"G:\\BMA\\VDO_DRONE\\SUMP\\BSS039_HO.jpg","sump_area":"กรุงเทพใต้","sump_width":5.8,"fd_prevent_code":"13","area_p3_pic":"BMA\\VDO_DRONE\\SUMP\\BSS039_A3.jpg","district_t":"คลองเตย","pump4_catagory":"-","sump_name":"บ่อสูบน้ำสุขุมวิท 26","mea_tel":"0-2348-5211 , 0-2249-0800","area_p4_pic":"BMA\\VDO_DRONE\\SUMP\\BSS039_A4.jpg","transformer":500,"mea":"สำนักงานใหญ่คลองเตย","trans_pic":"BMA\\VDO_DRONE\\SUMP\\BSS039_TR.jpg","pump2_type":"-","mdb_pic":"BMA\\VDO_DRONE\\SUMP\\BSS039_MD.jpg","area_p4_y":100.570865,"meter_pic":"BMA\\VDO_DRONE\\SUMP\\BSS039_ME.jpg","area_p2_x":13.729354,"sump_code":"BS.S.039","area_p4_x":13.729412,"amount5":"-","area_p2_y":100.570846,"amount4":"-","pump5_catagory":"-","hpl_meter":"G:\\BMA\\VDO_DRONE\\SUMP\\BSS039_ME.jpg","pump3_type":"-","amount3":"-","amount2":"-","area_p2_pic":"BMA\\VDO_DRONE\\SUMP\\BSS039_A2.jpg","gate_type":"8","amount1":"4","area_p5_pic":"","reflex_area":"กรุงเทพใต้","pipe_in_bed2":2,"pipe_in_bed3":0,"pipe_in_bed1":2,"home_type":"บ้านพัก","date_survey":"5 มิถุนายน 2021","pipe_in_bed4":0,"pump1_type":"ซับเมิร์ส","pump5_volume":0,"owner":"คลองเตย","pump4_type":"-","area_p1_pic":"BMA\\VDO_DRONE\\SUMP\\BSS039_A1.jpg","pump3_volume":0,"pump1_catagory":"ไฟฟ้า","objectid_1":100,"pump2_catagory":"-","sump_bed":"7","pipe_in_dimention1":2,"pipe_in_dimention2":1.2,"pipe_in_dimention3":0,"meter_code":"MEA-TOU-9162107","pipe_in_dimention4":0,"pump1_volume":1,"hpl_areap1":"G:\\BMA\\VDO_DRONE\\SUMP\\BSS039_A1.jpg","surveillant_name":"-","hpl_areap3":"G:\\BMA\\VDO_DRONE\\SUMP\\BSS039_A3.jpg","district_id":"1033","hpl_areap2":"G:\\BMA\\VDO_DRONE\\SUMP\\BSS039_A2.jpg","hpl_areap5":"","hpl_areap4":"G:\\BMA\\VDO_DRONE\\SUMP\\BSS039_A4.jpg","objectid":100,"pump_amount":"4"}},{"geometry":{"type":"Point","coordinates":[100.49795699959006,13.729846003175096],"crs":null},"id":101,"type":"Feature","properties":{"utm_x":661969.2094,"pump3_catagory":"-","year":"2564","accessibility":"ถนน อิสรภาพ หน้าธนาคารธอส.สาขาสี่แยกบ้านแขก","pump5_type":"-","sump_type":"บ่อสูบน้ำ","utm_y":1518351.555,"area_p1_y":100.497957,"area_p1_x":13.729846,"area_p3_y":100.497957,"sump_length":5,"area_p3_x":13.729846,"hpl_mdb":"G:\\BMA\\VDO_DRONE\\SUMP\\BWS010_MD.jpg","home_pic":"BMA\\VDO_DRONE\\SUMP\\BWS010_HO.jpg","sump_depth":3.4,"pump2_volume":0.13,"pump4_volume":0,"meter":400,"surveillant_mobile":"-","telephone":"-","mdb":630,"hpl_trans":"G:\\BMA\\VDO_DRONE\\SUMP\\BWS010_TR.jpg","volume":44.2,"subdistrict_id":"101801","hpl_home":"G:\\BMA\\VDO_DRONE\\SUMP\\BWS010_HO.jpg","sump_area":"กรุงเทพธนบุรี","sump_width":2.6,"fd_prevent_code":"31","area_p3_pic":"BMA\\VDO_DRONE\\SUMP\\BWS010_A3.jpg","district_t":"คลองสาน","pump4_catagory":"-","sump_name":"บ่อสูบน้ำร่วมมิตร ตอนถนนอิสรภาพตัดใหม่","mea_tel":"0-2221-0812, 0-2220-5222, 0-2220-5333","area_p4_pic":"BMA\\VDO_DRONE\\SUMP\\BWS010_A4.jpg","transformer":500,"mea":"เขตวัดเลียบ","trans_pic":"BMA\\VDO_DRONE\\SUMP\\BWS010_TR.jpg","pump2_type":"หอยโข่ง","mdb_pic":"BMA\\VDO_DRONE\\SUMP\\BWS010_MD.jpg","area_p4_y":100.497957,"meter_pic":"BMA\\VDO_DRONE\\SUMP\\BWS010_ME.jpg","area_p2_x":13.729846,"sump_code":"BW.S.010","area_p4_x":13.729846,"amount5":"-","area_p2_y":100.497957,"amount4":"-","pump5_catagory":"-","hpl_meter":"G:\\BMA\\VDO_DRONE\\SUMP\\BWS010_ME.jpg","pump3_type":"-","amount3":"-","amount2":"1","area_p2_pic":"BMA\\VDO_DRONE\\SUMP\\BWS010_A2.jpg","gate_type":"1","amount1":"1","area_p5_pic":"","reflex_area":"กรุงเทพธนบุรี","pipe_in_bed2":0,"pipe_in_bed3":0,"pipe_in_bed1":1.7,"home_type":"ตู้คอนเทนเนอร์","date_survey":"31 มีนาคม 2021","pipe_in_bed4":0,"pump1_type":"คอลัมป์ไปท์","pump5_volume":0,"owner":"คลองสาน","pump4_type":"-","area_p1_pic":"BMA\\VDO_DRONE\\SUMP\\BWS010_A1.jpg","pump3_volume":0,"pump1_catagory":"ไฟฟ้า","objectid_1":101,"pump2_catagory":"ไฟฟ้า","sump_bed":"3.4","pipe_in_dimention1":1,"pipe_in_dimention2":0,"pipe_in_dimention3":0,"meter_code":"MEA-TOU-9072925","pipe_in_dimention4":0,"pump1_volume":0.5,"hpl_areap1":"G:\\BMA\\VDO_DRONE\\SUMP\\BWS010_A1.jpg","surveillant_name":"-","hpl_areap3":"G:\\BMA\\VDO_DRONE\\SUMP\\BWS010_A3.jpg","district_id":"1018","hpl_areap2":"G:\\BMA\\VDO_DRONE\\SUMP\\BWS010_A2.jpg","hpl_areap5":"","hpl_areap4":"G:\\BMA\\VDO_DRONE\\SUMP\\BWS010_A4.jpg","objectid":101,"pump_amount":"2"}},{"geometry":{"type":"Point","coordinates":[100.51109900020143,13.730608998217924],"crs":null},"id":102,"type":"Feature","properties":{"utm_x":663389.9757,"pump3_catagory":"-","year":"2564","accessibility":"ท่าเรือในสำนักการศึกษา","pump5_type":"-","sump_type":"บ่อสูบน้ำ","utm_y":1518444.823,"area_p1_y":100.511099,"area_p1_x":13.730609,"area_p3_y":100.511099,"sump_length":1.2,"area_p3_x":13.730609,"hpl_mdb":"G:\\BMA\\VDO_DRONE\\SUMP\\BWS025_MD.jpg","home_pic":"","sump_depth":1.3,"pump2_volume":0,"pump4_volume":0,"meter":15,"surveillant_mobile":"-","telephone":"-","mdb":32,"hpl_trans":"G:\\BMA\\VDO_DRONE\\SUMP\\BWS025_TR.jpg","volume":1.72,"subdistrict_id":"101802","hpl_home":"","sump_area":"กรุงเทพธนบุรี","sump_width":1.1,"fd_prevent_code":"31","area_p3_pic":"BMA\\VDO_DRONE\\SUMP\\BWS025_A3.jpg","district_t":"คลองสาน","pump4_catagory":"-","sump_name":"บ่อสูบน้ำสำนักการศึกษา","mea_tel":"-","area_p4_pic":"","transformer":500,"mea":"-","trans_pic":"BMA\\VDO_DRONE\\SUMP\\BWS025_TR.jpg","pump2_type":"-","mdb_pic":"BMA\\VDO_DRONE\\SUMP\\BWS025_MD.jpg","area_p4_y":100.511099,"meter_pic":"BMA\\VDO_DRONE\\SUMP\\BWS025_ME.jpg","area_p2_x":13.730609,"sump_code":"BW.S.025","area_p4_x":13.730609,"amount5":"-","area_p2_y":100.511099,"amount4":"-","pump5_catagory":"-","hpl_meter":"G:\\BMA\\VDO_DRONE\\SUMP\\BWS025_ME.jpg","pump3_type":"-","amount3":"-","amount2":"-","area_p2_pic":"BMA\\VDO_DRONE\\SUMP\\BWS025_A2.jpg","gate_type":"8","amount1":"1","area_p5_pic":"","reflex_area":"กรุงเทพธนบุรี","pipe_in_bed2":0,"pipe_in_bed3":0,"pipe_in_bed1":0.6,"home_type":"ไม่มี","date_survey":"1 เมษายน 2021","pipe_in_bed4":0,"pump1_type":"หอยโข่ง","pump5_volume":0,"owner":"คลองสาน","pump4_type":"-","area_p1_pic":"BMA\\VDO_DRONE\\SUMP\\BWS025_A1.jpg","pump3_volume":0,"pump1_catagory":"ไฟฟ้า","objectid_1":102,"pump2_catagory":"-","sump_bed":"1.3","pipe_in_dimention1":0.3,"pipe_in_dimention2":0,"pipe_in_dimention3":0,"meter_code":"MEA-39022142","pipe_in_dimention4":0,"pump1_volume":0.05,"hpl_areap1":"G:\\BMA\\VDO_DRONE\\SUMP\\BWS025_A1.jpg","surveillant_name":"-","hpl_areap3":"G:\\BMA\\VDO_DRONE\\SUMP\\BWS025_A3.jpg","district_id":"1018","hpl_areap2":"G:\\BMA\\VDO_DRONE\\SUMP\\BWS025_A2.jpg","hpl_areap5":"","hpl_areap4":"","objectid":102,"pump_amount":"1"}},{"geometry":{"type":"Point","coordinates":[100.61959699989214,13.732647996776633],"crs":null},"id":103,"type":"Feature","properties":{"utm_x":675122.6783,"pump3_catagory":"-","year":"2564","accessibility":"ซอยพัฒนาการ30 ตรงข้ามร้านนวด ใกล้สะพานข้ามคลองบ้านป่า","pump5_type":"-","sump_type":"บ่อสูบน้ำ","utm_y":1518746.514,"area_p1_y":100.612019,"area_p1_x":13.736407,"area_p3_y":100.612016,"sump_length":15.7,"area_p3_x":13.736406,"hpl_mdb":"G:\\BMA\\VDO_DRONE\\SUMP\\BES025_MD.jpg","home_pic":"BMA\\VDO_DRONE\\SUMP\\BES025_HO.jpg","sump_depth":3.7,"pump2_volume":1,"pump4_volume":0,"meter":400,"surveillant_mobile":"-","telephone":"-","mdb":500,"hpl_trans":"","volume":255.6,"subdistrict_id":"103403","hpl_home":"G:\\BMA\\VDO_DRONE\\SUMP\\BES025_HO.jpg","sump_area":"กรุงเทพตะวันออก","sump_width":4.4,"fd_prevent_code":"21","area_p3_pic":"BMA\\VDO_DRONE\\SUMP\\BES025_A3.jpg","district_t":"สวนหลวง","pump4_catagory":"-","sump_name":"บ่อสูบน้ำพัฒนาการ 30","mea_tel":"0-2725-5211 , 0-2314-0668","area_p4_pic":"","transformer":0,"mea":"เขตบางกะปิ","trans_pic":"","pump2_type":"ซับเมิร์ส","mdb_pic":"BMA\\VDO_DRONE\\SUMP\\BES025_MD.jpg","area_p4_y":100.611997,"meter_pic":"BMA\\VDO_DRONE\\SUMP\\BES025_ME.jpg","area_p2_x":13.736399,"sump_code":"BE.S.025","area_p4_x":13.736411,"amount5":"-","area_p2_y":100.612018,"amount4":"-","pump5_catagory":"-","hpl_meter":"G:\\BMA\\VDO_DRONE\\SUMP\\BES025_ME.jpg","pump3_type":"-","amount3":"-","amount2":"2","area_p2_pic":"BMA\\VDO_DRONE\\SUMP\\BES025_A2.jpg","gate_type":"8","amount1":"2","area_p5_pic":"","reflex_area":"กรุงเทพตะวันออก","pipe_in_bed2":0,"pipe_in_bed3":0,"pipe_in_bed1":2.5,"home_type":"ตู้พักอาศัยขนาดเล็ก","date_survey":"21 กุมภาพันธ์ 2021","pipe_in_bed4":0,"pump1_type":"ซับเมิร์ส","pump5_volume":0,"owner":"สวนหลวง","pump4_type":"-","area_p1_pic":"BMA\\VDO_DRONE\\SUMP\\BES025_A1.jpg","pump3_volume":0,"pump1_catagory":"ไฟฟ้า","objectid_1":103,"pump2_catagory":"ไฟฟ้า","sump_bed":"3.7","pipe_in_dimention1":1,"pipe_in_dimention2":0,"pipe_in_dimention3":0,"meter_code":"MEA-TOU-9081085","pipe_in_dimention4":0,"pump1_volume":0.5,"hpl_areap1":"G:\\BMA\\VDO_DRONE\\SUMP\\BES025_A1.jpg","surveillant_name":"-","hpl_areap3":"G:\\BMA\\VDO_DRONE\\SUMP\\BES025_A3.jpg","district_id":"1034","hpl_areap2":"G:\\BMA\\VDO_DRONE\\SUMP\\BES025_A2.jpg","hpl_areap5":"","hpl_areap4":"","objectid":103,"pump_amount":"4"}},{"geometry":{"type":"Point","coordinates":[100.55310058206327,13.73391742841493],"crs":null},"id":104,"type":"Feature","properties":{"utm_x":667930.088,"pump3_catagory":"-","year":"2564","accessibility":"สุขุมวิทซอย 4 ป้อมยามโรงงานยาสูบ","pump5_type":"-","sump_type":"บ่อสูบน้ำ","utm_y":1518839.669,"area_p1_y":100.553035,"area_p1_x":13.733957,"area_p3_y":100.552733,"sump_length":17,"area_p3_x":13.734158,"hpl_mdb":"G:\\BMA\\VDO_DRONE\\SUMP\\BSS051_MD.jpg","home_pic":"BMA\\VDO_DRONE\\SUMP\\BSS051_HO.jpg","sump_depth":9,"pump2_volume":0.35,"pump4_volume":0,"meter":400,"surveillant_mobile":"-","telephone":"-","mdb":2500,"hpl_trans":"G:\\BMA\\VDO_DRONE\\SUMP\\BSS051_TR.jpg","volume":612,"subdistrict_id":"103301","hpl_home":"G:\\BMA\\VDO_DRONE\\SUMP\\BSS051_HO.jpg","sump_area":"กรุงเทพใต้","sump_width":4,"fd_prevent_code":"13","area_p3_pic":"BMA\\VDO_DRONE\\SUMP\\BSS051_A3.jpg","district_t":"คลองเตย","pump4_catagory":"-","sump_name":"บ่อสูบน้ำสุขุมวิทซอย 4","mea_tel":"0-2348-5211 , 0-2249-0800","area_p4_pic":"BMA\\VDO_DRONE\\SUMP\\BSS051_A4.jpg","transformer":1600,"mea":"สำนักงานใหญ่คลองเตย","trans_pic":"BMA\\VDO_DRONE\\SUMP\\BSS051_TR.jpg","pump2_type":"ซับเมิร์ส","mdb_pic":"BMA\\VDO_DRONE\\SUMP\\BSS051_MD.jpg","area_p4_y":100.552729,"meter_pic":"BMA\\VDO_DRONE\\SUMP\\BSS051_ME.jpg","area_p2_x":13.734054,"sump_code":"BS.S.051","area_p4_x":13.734112,"amount5":"-","area_p2_y":100.553051,"amount4":"-","pump5_catagory":"-","hpl_meter":"G:\\BMA\\VDO_DRONE\\SUMP\\BSS051_ME.jpg","pump3_type":"-","amount3":"-","amount2":"1","area_p2_pic":"BMA\\VDO_DRONE\\SUMP\\BSS051_A2.jpg","gate_type":"8","amount1":"4","area_p5_pic":"BMA\\VDO_DRONE\\SUMP\\BSS051_A5.jpg","reflex_area":"กรุงเทพใต้","pipe_in_bed2":0,"pipe_in_bed3":0,"pipe_in_bed1":4,"home_type":"ตู้คอนเทนเนอร์","date_survey":"6 มิถุนายน 2021","pipe_in_bed4":0,"pump1_type":"ซับเมิร์ส","pump5_volume":0,"owner":"คลองเตย","pump4_type":"-","area_p1_pic":"BMA\\VDO_DRONE\\SUMP\\BSS051_A1.jpg","pump3_volume":0,"pump1_catagory":"ไฟฟ้า","objectid_1":104,"pump2_catagory":"ไฟฟ้า","sump_bed":"9","pipe_in_dimention1":2,"pipe_in_dimention2":0,"pipe_in_dimention3":0,"meter_code":"MEA-24014063","pipe_in_dimention4":0,"pump1_volume":0.5,"hpl_areap1":"G:\\BMA\\VDO_DRONE\\SUMP\\BSS051_A1.jpg","surveillant_name":"-","hpl_areap3":"G:\\BMA\\VDO_DRONE\\SUMP\\BSS051_A3.jpg","district_id":"1033","hpl_areap2":"G:\\BMA\\VDO_DRONE\\SUMP\\BSS051_A2.jpg","hpl_areap5":"G:\\BMA\\VDO_DRONE\\SUMP\\BSS051_A5.jpg","hpl_areap4":"G:\\BMA\\VDO_DRONE\\SUMP\\BSS051_A4.jpg","objectid":104,"pump_amount":"5"}},{"geometry":{"type":"Point","coordinates":[100.64093000002254,13.733350003296097],"crs":null},"id":105,"type":"Feature","properties":{"utm_x":677429.39,"pump3_catagory":"-","year":"2564","accessibility":"ถนนศรีนครินทร์ หน้าโรงเรียนคลองกลันตัน","pump5_type":"-","sump_type":"บ่อสูบน้ำ","utm_y":1518839.768,"area_p1_y":100.640937,"area_p1_x":13.733341,"area_p3_y":100.640948,"sump_length":13.5,"area_p3_x":13.733333,"hpl_mdb":"G:\\BMA\\VDO_DRONE\\SUMP\\BES026_MD.jpg","home_pic":"BMA\\VDO_DRONE\\SUMP\\BES026_HO.jpg","sump_depth":6,"pump2_volume":2,"pump4_volume":0,"meter":400,"surveillant_mobile":"-","telephone":"-","mdb":630,"hpl_trans":"G:\\BMA\\VDO_DRONE\\SUMP\\BES026_TR.jpg","volume":413.1,"subdistrict_id":"103401","hpl_home":"G:\\BMA\\VDO_DRONE\\SUMP\\BES026_HO.jpg","sump_area":"กรุงเทพตะวันออก","sump_width":5.1,"fd_prevent_code":"21","area_p3_pic":"BMA\\VDO_DRONE\\SUMP\\BES026_A3.jpg","district_t":"สวนหลวง","pump4_catagory":"-","sump_name":"บ่อสูบน้ำถนนศรีนครินทร์ ตอนคลองหัวหมาก(สวนหย่อม)","mea_tel":"0-2725-5211 , 0-2314-0668","area_p4_pic":"BMA\\VDO_DRONE\\SUMP\\BES026_A4.jpg","transformer":500,"mea":"เขตบางกะปิ","trans_pic":"BMA\\VDO_DRONE\\SUMP\\BES026_TR.jpg","pump2_type":"ซับเมิร์ส","mdb_pic":"BMA\\VDO_DRONE\\SUMP\\BES026_MD.jpg","area_p4_y":100.682276,"meter_pic":"BMA\\VDO_DRONE\\SUMP\\BES026_ME.jpg","area_p2_x":13.733322,"sump_code":"BE.S.026","area_p4_x":13.849408,"amount5":"-","area_p2_y":100.640947,"amount4":"-","pump5_catagory":"-","hpl_meter":"G:\\BMA\\VDO_DRONE\\SUMP\\BES026_ME.jpg","pump3_type":"-","amount3":"-","amount2":"1","area_p2_pic":"BMA\\VDO_DRONE\\SUMP\\BES026_A2.jpg","gate_type":"9","amount1":"2","area_p5_pic":"BMA\\VDO_DRONE\\SUMP\\BES026_A5.jpg","reflex_area":"กรุงเทพตะวันออก","pipe_in_bed2":0,"pipe_in_bed3":0,"pipe_in_bed1":3.5,"home_type":"ตู้พักอาศัยขนาดเล็ก","date_survey":"21 กุมภาพันธ์ 2021","pipe_in_bed4":0,"pump1_type":"ซับเมิร์ส","pump5_volume":0,"owner":"สวนหลวง","pump4_type":"-","area_p1_pic":"BMA\\VDO_DRONE\\SUMP\\BES026_A1.jpg","pump3_volume":0,"pump1_catagory":"ไฟฟ้า","objectid_1":105,"pump2_catagory":"ไฟฟ้า","sump_bed":"6","pipe_in_dimention1":1.2,"pipe_in_dimention2":0,"pipe_in_dimention3":0,"meter_code":"MEA-TOU-9181643","pipe_in_dimention4":0,"pump1_volume":1,"hpl_areap1":"G:\\BMA\\VDO_DRONE\\SUMP\\BES026_A1.jpg","surveillant_name":"-","hpl_areap3":"G:\\BMA\\VDO_DRONE\\SUMP\\BES026_A3.jpg","district_id":"1034","hpl_areap2":"G:\\BMA\\VDO_DRONE\\SUMP\\BES026_A2.jpg","hpl_areap5":"G:\\BMA\\VDO_DRONE\\SUMP\\BES026_A5.jpg","hpl_areap4":"G:\\BMA\\VDO_DRONE\\SUMP\\BES026_A4.jpg","objectid":105,"pump_amount":"3"}},{"geometry":{"type":"Point","coordinates":[100.55991023670852,13.733947709107536],"crs":null},"id":106,"type":"Feature","properties":{"utm_x":668666.5272,"pump3_catagory":"-","year":"2564","accessibility":"ถนนรัชดาภิเษก แถวสวนเบญจกิติบริเวณสะพานลอย","pump5_type":"-","sump_type":"บ่อสูบน้ำ","utm_y":1518847.77,"area_p1_y":100.559916,"area_p1_x":13.734228,"area_p3_y":100.559864,"sump_length":15,"area_p3_x":13.733784,"hpl_mdb":"G:\\BMA\\VDO_DRONE\\SUMP\\BSS048_MD.jpg","home_pic":"BMA\\VDO_DRONE\\SUMP\\BSS048_HO.jpg","sump_depth":6,"pump2_volume":0,"pump4_volume":0,"meter":400,"surveillant_mobile":"-","telephone":"-","mdb":400,"hpl_trans":"G:\\BMA\\VDO_DRONE\\SUMP\\BSS048_TR.jpg","volume":315,"subdistrict_id":"103301","hpl_home":"G:\\BMA\\VDO_DRONE\\SUMP\\BSS048_HO.jpg","sump_area":"กรุงเทพใต้","sump_width":3.5,"fd_prevent_code":"13","area_p3_pic":"BMA\\VDO_DRONE\\SUMP\\BSS048_A3.jpg","district_t":"คลองเตย","pump4_catagory":"-","sump_name":"บ่อสูบน้ำสุขุมวิทซอย 14","mea_tel":"0-2348-5211 , 0-2249-0800","area_p4_pic":"BMA\\VDO_DRONE\\SUMP\\BSS048_A4.jpg","transformer":500,"mea":"สำนักงานใหญ่คลองเตย","trans_pic":"BMA\\VDO_DRONE\\SUMP\\BSS048_TR.jpg","pump2_type":"-","mdb_pic":"BMA\\VDO_DRONE\\SUMP\\BSS048_MD.jpg","area_p4_y":100.56002,"meter_pic":"BMA\\VDO_DRONE\\SUMP\\BSS048_ME.jpg","area_p2_x":13.734242,"sump_code":"BS.S.048","area_p4_x":13.733886,"amount5":"-","area_p2_y":100.559937,"amount4":"-","pump5_catagory":"-","hpl_meter":"G:\\BMA\\VDO_DRONE\\SUMP\\BSS048_ME.jpg","pump3_type":"-","amount3":"-","amount2":"-","area_p2_pic":"BMA\\VDO_DRONE\\SUMP\\BSS048_A2.jpg","gate_type":"8","amount1":"2","area_p5_pic":"BMA\\VDO_DRONE\\SUMP\\BSS048_A5.jpg","reflex_area":"กรุงเทพใต้","pipe_in_bed2":0,"pipe_in_bed3":0,"pipe_in_bed1":2,"home_type":"บ้านพัก","date_survey":"6 มิถุนายน 2021","pipe_in_bed4":0,"pump1_type":"ซับเมิร์ส","pump5_volume":0,"owner":"คลองเตย","pump4_type":"-","area_p1_pic":"BMA\\VDO_DRONE\\SUMP\\BSS048_A1.jpg","pump3_volume":0,"pump1_catagory":"ไฟฟ้า","objectid_1":106,"pump2_catagory":"-","sump_bed":"6","pipe_in_dimention1":1.2,"pipe_in_dimention2":0,"pipe_in_dimention3":0,"meter_code":"MEA-24001944","pipe_in_dimention4":0,"pump1_volume":0.5,"hpl_areap1":"G:\\BMA\\VDO_DRONE\\SUMP\\BSS048_A1.jpg","surveillant_name":"-","hpl_areap3":"G:\\BMA\\VDO_DRONE\\SUMP\\BSS048_A3.jpg","district_id":"1033","hpl_areap2":"G:\\BMA\\VDO_DRONE\\SUMP\\BSS048_A2.jpg","hpl_areap5":"G:\\BMA\\VDO_DRONE\\SUMP\\BSS048_A5.jpg","hpl_areap4":"G:\\BMA\\VDO_DRONE\\SUMP\\BSS048_A4.jpg","objectid":106,"pump_amount":"2"}},{"geometry":{"type":"Point","coordinates":[100.64139200037694,13.733549004389877],"crs":null},"id":107,"type":"Feature","properties":{"utm_x":677479.2073,"pump3_catagory":"-","year":"2564","accessibility":"ถนนศรีนครินทร์ ตรงข้ามโรงเรียนคลองกลันตัน","pump5_type":"-","sump_type":"บ่อสูบน้ำ","utm_y":1518862.124,"area_p1_y":100.641363,"area_p1_x":13.733522,"area_p3_y":100.641356,"sump_length":11.3,"area_p3_x":13.733494,"hpl_mdb":"G:\\BMA\\VDO_DRONE\\SUMP\\BES023_MD.jpg","home_pic":"BMA\\VDO_DRONE\\SUMP\\BES023_HO.jpg","sump_depth":5,"pump2_volume":2,"pump4_volume":0,"meter":400,"surveillant_mobile":"-","telephone":"-","mdb":0,"hpl_trans":"G:\\BMA\\VDO_DRONE\\SUMP\\BES023_TR.jpg","volume":401.15,"subdistrict_id":"103401","hpl_home":"G:\\BMA\\VDO_DRONE\\SUMP\\BES023_HO.jpg","sump_area":"กรุงเทพตะวันออก","sump_width":7.1,"fd_prevent_code":"21","area_p3_pic":"BMA\\VDO_DRONE\\SUMP\\BES023_A3.jpg","district_t":"สวนหลวง","pump4_catagory":"-","sump_name":"บ่อสูบน้ำถนนศรีนครินทร์ ตอนคลองหัวหมากขาออก","mea_tel":"0-2725-5211 , 0-2314-0668","area_p4_pic":"BMA\\VDO_DRONE\\SUMP\\BES023_A4.jpg","transformer":500,"mea":"เขตบางกะปิ","trans_pic":"BMA\\VDO_DRONE\\SUMP\\BES023_TR.jpg","pump2_type":"ซับเมิร์ส","mdb_pic":"BMA\\VDO_DRONE\\SUMP\\BES023_MD.jpg","area_p4_y":100.641402,"meter_pic":"BMA\\VDO_DRONE\\SUMP\\BES023_ME.jpg","area_p2_x":13.733494,"sump_code":"BE.S.023","area_p4_x":13.733543,"amount5":"-","area_p2_y":100.641356,"amount4":"-","pump5_catagory":"-","hpl_meter":"G:\\BMA\\VDO_DRONE\\SUMP\\BES023_ME.jpg","pump3_type":"-","amount3":"-","amount2":"2","area_p2_pic":"BMA\\VDO_DRONE\\SUMP\\BES023_A2.jpg","gate_type":"4","amount1":"1","area_p5_pic":"","reflex_area":"กรุงเทพตะวันออก","pipe_in_bed2":0,"pipe_in_bed3":0,"pipe_in_bed1":2,"home_type":"ตู้คอนเทนเนอร์","date_survey":"21 กุมภาพันธ์ 2021","pipe_in_bed4":0,"pump1_type":"ซับเมิร์ส","pump5_volume":0,"owner":"สวนหลวง","pump4_type":"-","area_p1_pic":"BMA\\VDO_DRONE\\SUMP\\BES023_A1.jpg","pump3_volume":0,"pump1_catagory":"ไฟฟ้า","objectid_1":107,"pump2_catagory":"ไฟฟ้า","sump_bed":"5","pipe_in_dimention1":1.5,"pipe_in_dimention2":0,"pipe_in_dimention3":0,"meter_code":"MEA-TOU-044436","pipe_in_dimention4":0,"pump1_volume":1,"hpl_areap1":"G:\\BMA\\VDO_DRONE\\SUMP\\BES023_A1.jpg","surveillant_name":"-","hpl_areap3":"G:\\BMA\\VDO_DRONE\\SUMP\\BES023_A3.jpg","district_id":"1034","hpl_areap2":"G:\\BMA\\VDO_DRONE\\SUMP\\BES023_A2.jpg","hpl_areap5":"","hpl_areap4":"G:\\BMA\\VDO_DRONE\\SUMP\\BES023_A4.jpg","objectid":107,"pump_amount":"3"}},{"geometry":{"type":"Point","coordinates":[100.51107000041479,13.735113004311],"crs":null},"id":108,"type":"Feature","properties":{"utm_x":663383.7191,"pump3_catagory":"-","year":"2564","accessibility":"ในวัดปทุมคงคาราชวรวิหาร แถวๆท่าน้ำภานุรังษี","pump5_type":"-","sump_type":"บ่อสูบน้ำ","utm_y":1518943.068,"area_p1_y":100.511065,"area_p1_x":13.735093,"area_p3_y":100.511121,"sump_length":6.8,"area_p3_x":13.734984,"hpl_mdb":"","home_pic":"BMA\\VDO_DRONE\\SUMP\\BSS010_HO.jpg","sump_depth":6,"pump2_volume":1,"pump4_volume":0,"meter":400,"surveillant_mobile":"-","telephone":"-","mdb":0,"hpl_trans":"","volume":232.56,"subdistrict_id":"101302","hpl_home":"G:\\BMA\\VDO_DRONE\\SUMP\\BSS010_HO.jpg","sump_area":"กรุงเทพใต้","sump_width":5.7,"fd_prevent_code":"10","area_p3_pic":"BMA\\VDO_DRONE\\SUMP\\BSS010_A3.jpg","district_t":"สัมพันธวงศ์","pump4_catagory":"-","sump_name":"บ่อสูบน้ำภานุรังษี","mea_tel":"0-2221-0812, 0-2220-5222, 0-2220-5333","area_p4_pic":"BMA\\VDO_DRONE\\SUMP\\BSS010_A4.jpg","transformer":0,"mea":"เขตวัดเลียบ","trans_pic":"","pump2_type":"ซับเมิร์ส","mdb_pic":"","area_p4_y":100.511173,"meter_pic":"BMA\\VDO_DRONE\\SUMP\\BSS010_ME.jpg","area_p2_x":13.735029,"sump_code":"BS.S.010","area_p4_x":13.735018,"amount5":"-","area_p2_y":100.511062,"amount4":"-","pump5_catagory":"-","hpl_meter":"G:\\BMA\\VDO_DRONE\\SUMP\\BSS010_ME.jpg","pump3_type":"-","amount3":"-","amount2":"1","area_p2_pic":"BMA\\VDO_DRONE\\SUMP\\BSS010_A2.jpg","gate_type":"9","amount1":"1","area_p5_pic":"BMA\\VDO_DRONE\\SUMP\\BSS010_A5.jpg","reflex_area":"กรุงเทพใต้","pipe_in_bed2":0,"pipe_in_bed3":0,"pipe_in_bed1":2.5,"home_type":"ตู้พักอาศัยขนาดเล็ก","date_survey":"17 มีนาคม 2021","pipe_in_bed4":0,"pump1_type":"ซับเมิร์ส","pump5_volume":0,"owner":"สัมพันธวงศ์","pump4_type":"-","area_p1_pic":"BMA\\VDO_DRONE\\SUMP\\BSS010_A1.jpg","pump3_volume":0,"pump1_catagory":"ไฟฟ้า","objectid_1":108,"pump2_catagory":"ไฟฟ้า","sump_bed":"6","pipe_in_dimention1":1.2,"pipe_in_dimention2":0,"pipe_in_dimention3":0,"meter_code":"MEA-TOU-048814","pipe_in_dimention4":0,"pump1_volume":2,"hpl_areap1":"G:\\BMA\\VDO_DRONE\\SUMP\\BSS010_A1.jpg","surveillant_name":"-","hpl_areap3":"G:\\BMA\\VDO_DRONE\\SUMP\\BSS010_A3.jpg","district_id":"1013","hpl_areap2":"G:\\BMA\\VDO_DRONE\\SUMP\\BSS010_A2.jpg","hpl_areap5":"G:\\BMA\\VDO_DRONE\\SUMP\\BSS010_A5.jpg","hpl_areap4":"G:\\BMA\\VDO_DRONE\\SUMP\\BSS010_A4.jpg","objectid":108,"pump_amount":"2"}},{"geometry":{"type":"Point","coordinates":[100.51014499971245,13.736280001527946],"crs":null},"id":109,"type":"Feature","properties":{"utm_x":663282.875,"pump3_catagory":"-","year":"2564","accessibility":"ในวัดปทุมคงคาราชวรวิหาร แถวศาลาอเนกประสงค์","pump5_type":"-","sump_type":"บ่อสูบน้ำ","utm_y":1519071.543,"area_p1_y":100.510236,"area_p1_x":13.736349,"area_p3_y":100.510038,"sump_length":7,"area_p3_x":13.736267,"hpl_mdb":"G:\\BMA\\VDO_DRONE\\SUMP\\BSS014_MD.jpg","home_pic":"BMA\\VDO_DRONE\\SUMP\\BSS014_HO.jpg","sump_depth":4.5,"pump2_volume":2,"pump4_volume":0,"meter":400,"surveillant_mobile":"-","telephone":"-","mdb":400,"hpl_trans":"","volume":88.2,"subdistrict_id":"101302","hpl_home":"G:\\BMA\\VDO_DRONE\\SUMP\\BSS014_HO.jpg","sump_area":"กรุงเทพใต้","sump_width":2.8,"fd_prevent_code":"10","area_p3_pic":"BMA\\VDO_DRONE\\SUMP\\BSS014_A3.jpg","district_t":"สัมพันธวงศ์","pump4_catagory":"-","sump_name":"บ่อสูบน้ำวัดปทุมคงคา","mea_tel":"0-2221-0812, 0-2220-5222, 0-2220-5333","area_p4_pic":"BMA\\VDO_DRONE\\SUMP\\BSS014_A4.jpg","transformer":0,"mea":"เขตวัดเลียบ","trans_pic":"","pump2_type":"ซับเมิร์ส","mdb_pic":"BMA\\VDO_DRONE\\SUMP\\BSS014_MD.jpg","area_p4_y":100.510047,"meter_pic":"BMA\\VDO_DRONE\\SUMP\\BSS014_ME.jpg","area_p2_x":13.7363,"sump_code":"BS.S.014","area_p4_x":13.736255,"amount5":"-","area_p2_y":100.510092,"amount4":"-","pump5_catagory":"-","hpl_meter":"G:\\BMA\\VDO_DRONE\\SUMP\\BSS014_ME.jpg","pump3_type":"-","amount3":"-","amount2":"1","area_p2_pic":"BMA\\VDO_DRONE\\SUMP\\BSS014_A2.jpg","gate_type":"9","amount1":"1","area_p5_pic":"","reflex_area":"กรุงเทพใต้","pipe_in_bed2":2.8,"pipe_in_bed3":0,"pipe_in_bed1":2.5,"home_type":"ตู้คอนเทนเนอร์","date_survey":"29 มีนาคม 2021","pipe_in_bed4":0,"pump1_type":"ซับเมิร์ส","pump5_volume":0,"owner":"สัมพันธวงศ์","pump4_type":"-","area_p1_pic":"BMA\\VDO_DRONE\\SUMP\\BSS014_A1.jpg","pump3_volume":0,"pump1_catagory":"ไฟฟ้า","objectid_1":109,"pump2_catagory":"ไฟฟ้า","sump_bed":"4.5","pipe_in_dimention1":0.8,"pipe_in_dimention2":1.2,"pipe_in_dimention3":0,"meter_code":"MEA-TOU-048811","pipe_in_dimention4":0,"pump1_volume":1.5,"hpl_areap1":"G:\\BMA\\VDO_DRONE\\SUMP\\BSS014_A1.jpg","surveillant_name":"-","hpl_areap3":"G:\\BMA\\VDO_DRONE\\SUMP\\BSS014_A3.jpg","district_id":"1013","hpl_areap2":"G:\\BMA\\VDO_DRONE\\SUMP\\BSS014_A2.jpg","hpl_areap5":"","hpl_areap4":"G:\\BMA\\VDO_DRONE\\SUMP\\BSS014_A4.jpg","objectid":109,"pump_amount":"2"}},{"geometry":{"type":"Point","coordinates":[100.50958499993328,13.736827002484365],"crs":null},"id":110,"type":"Feature","properties":{"utm_x":663221.9344,"pump3_catagory":"-","year":"2564","accessibility":"ถนนทรงเสริม หน้าซอยมีเซเว่น","pump5_type":"-","sump_type":"บ่อสูบน้ำ","utm_y":1519131.677,"area_p1_y":100.50968,"area_p1_x":13.736871,"area_p3_y":100.509643,"sump_length":18,"area_p3_x":13.736677,"hpl_mdb":"G:\\BMA\\VDO_DRONE\\SUMP\\BSS013_MD.jpg","home_pic":"BMA\\VDO_DRONE\\SUMP\\BSS013_HO.jpg","sump_depth":10,"pump2_volume":0,"pump4_volume":0,"meter":0,"surveillant_mobile":"-","telephone":"-","mdb":380,"hpl_trans":"","volume":1080,"subdistrict_id":"101302","hpl_home":"G:\\BMA\\VDO_DRONE\\SUMP\\BSS013_HO.jpg","sump_area":"กรุงเทพใต้","sump_width":6,"fd_prevent_code":"10","area_p3_pic":"BMA\\VDO_DRONE\\SUMP\\BSS013_A3.jpg","district_t":"สัมพันธวงศ์","pump4_catagory":"-","sump_name":"บ่อสูบน้ำท่าน้ำสวัสดี","mea_tel":"0-2221-0812, 0-2220-5222, 0-2220-5333","area_p4_pic":"","transformer":0,"mea":"เขตวัดเลียบ","trans_pic":"","pump2_type":"-","mdb_pic":"BMA\\VDO_DRONE\\SUMP\\BSS013_MD.jpg","area_p4_y":100.509515,"meter_pic":"BMA\\VDO_DRONE\\SUMP\\BSS013_ME.jpg","area_p2_x":13.736842,"sump_code":"BS.S.013","area_p4_x":13.736713,"amount5":"-","area_p2_y":100.509671,"amount4":"-","pump5_catagory":"-","hpl_meter":"G:\\BMA\\VDO_DRONE\\SUMP\\BSS013_ME.jpg","pump3_type":"-","amount3":"-","amount2":"-","area_p2_pic":"BMA\\VDO_DRONE\\SUMP\\BSS013_A2.jpg","gate_type":"8","amount1":"3","area_p5_pic":"","reflex_area":"กรุงเทพใต้","pipe_in_bed2":2.8,"pipe_in_bed3":0,"pipe_in_bed1":6,"home_type":"ตู้คอนเทนเนอร์","date_survey":"29 มีนาคม 2021","pipe_in_bed4":0,"pump1_type":"ซับเมิร์ส","pump5_volume":0,"owner":"สัมพันธวงศ์","pump4_type":"-","area_p1_pic":"BMA\\VDO_DRONE\\SUMP\\BSS013_A1.jpg","pump3_volume":0,"pump1_catagory":"ไฟฟ้า","objectid_1":110,"pump2_catagory":"-","sump_bed":"8","pipe_in_dimention1":1.8,"pipe_in_dimention2":1,"pipe_in_dimention3":0,"meter_code":"-","pipe_in_dimention4":0,"pump1_volume":1.5,"hpl_areap1":"G:\\BMA\\VDO_DRONE\\SUMP\\BSS013_A1.jpg","surveillant_name":"-","hpl_areap3":"G:\\BMA\\VDO_DRONE\\SUMP\\BSS013_A3.jpg","district_id":"1013","hpl_areap2":"G:\\BMA\\VDO_DRONE\\SUMP\\BSS013_A2.jpg","hpl_areap5":"","hpl_areap4":"","objectid":110,"pump_amount":"3"}},{"geometry":{"type":"Point","coordinates":[100.61188999979444,13.736422000061674],"crs":null},"id":111,"type":"Feature","properties":{"utm_x":674286.3546,"pump3_catagory":"-","year":"2564","accessibility":"ถนนพัฒนาการตรงข้ามศรีสวัสดิ์เงินติดล้อ ใกล้สะพานลอย","pump5_type":"-","sump_type":"บ่อสูบน้ำ","utm_y":1519158.457,"area_p1_y":100.682412,"area_p1_x":13.849533,"area_p3_y":100.682825,"sump_length":1.6,"area_p3_x":13.850622,"hpl_mdb":"","home_pic":"BMA\\VDO_DRONE\\SUMP\\BES031_HO.jpg","sump_depth":2.6,"pump2_volume":0,"pump4_volume":0,"meter":0,"surveillant_mobile":"-","telephone":"-","mdb":0,"hpl_trans":"","volume":5.82,"subdistrict_id":"103403","hpl_home":"G:\\BMA\\VDO_DRONE\\SUMP\\BES031_HO.jpg","sump_area":"กรุงเทพตะวันออก","sump_width":1.4,"fd_prevent_code":"21","area_p3_pic":"BMA\\VDO_DRONE\\SUMP\\BES031_A3.jpg","district_t":"สวนหลวง","pump4_catagory":"-","sump_name":"บ่อสูบน้ำถนนพัฒนาการตอนคลองบ้านป่าขาเข้า","mea_tel":"0-2725-5211 , 0-2314-0668","area_p4_pic":"BMA\\VDO_DRONE\\SUMP\\BES031_A4.jpg","transformer":0,"mea":"เขตบางกะปิ","trans_pic":"","pump2_type":"-","mdb_pic":"","area_p4_y":100.682412,"meter_pic":"","area_p2_x":13.849533,"sump_code":"BE.S.031","area_p4_x":13.849533,"amount5":"-","area_p2_y":100.682412,"amount4":"-","pump5_catagory":"-","hpl_meter":"","pump3_type":"-","amount3":"-","amount2":"-","area_p2_pic":"BMA\\VDO_DRONE\\SUMP\\BES031_A2.jpg","gate_type":"8","amount1":"1","area_p5_pic":"","reflex_area":"กรุงเทพตะวันออก","pipe_in_bed2":0,"pipe_in_bed3":0,"pipe_in_bed1":1.9,"home_type":"ตู้พักอาศัยขนาดเล็ก","date_survey":"21 กุมภาพันธ์ 2021","pipe_in_bed4":0,"pump1_type":"เครื่องยนต์","pump5_volume":0,"owner":"สวนหลวง","pump4_type":"-","area_p1_pic":"BMA\\VDO_DRONE\\SUMP\\BES031_A1.jpg","pump3_volume":0,"pump1_catagory":"ดีเซล","objectid_1":111,"pump2_catagory":"-","sump_bed":"2.6","pipe_in_dimention1":1.2,"pipe_in_dimention2":0,"pipe_in_dimention3":0,"meter_code":"-","pipe_in_dimention4":0,"pump1_volume":0.13,"hpl_areap1":"G:\\BMA\\VDO_DRONE\\SUMP\\BES031_A1.jpg","surveillant_name":"-","hpl_areap3":"G:\\BMA\\VDO_DRONE\\SUMP\\BES031_A3.jpg","district_id":"1034","hpl_areap2":"G:\\BMA\\VDO_DRONE\\SUMP\\BES031_A2.jpg","hpl_areap5":"","hpl_areap4":"G:\\BMA\\VDO_DRONE\\SUMP\\BES031_A4.jpg","objectid":111,"pump_amount":"1"}},{"geometry":{"type":"Point","coordinates":[100.50196400001958,13.737243002344526],"crs":null},"id":112,"type":"Feature","properties":{"utm_x":662397.468,"pump3_catagory":"-","year":"2564","accessibility":"ถนนท่าดินแดง ริมแม่น้ำเจ้าพระยาใกล้ท่าเรือท่าดินแดง","pump5_type":"-","sump_type":"บ่อสูบน้ำ","utm_y":1519172.553,"area_p1_y":100.501964,"area_p1_x":13.737243,"area_p3_y":100.501964,"sump_length":4.7,"area_p3_x":13.737243,"hpl_mdb":"G:\\BMA\\VDO_DRONE\\SUMP\\BWS024_MD.jpg","home_pic":"","sump_depth":2.7,"pump2_volume":0.08,"pump4_volume":0,"meter":200,"surveillant_mobile":"-","telephone":"-","mdb":200,"hpl_trans":"G:\\BMA\\VDO_DRONE\\SUMP\\BWS024_TR.jpg","volume":34.26,"subdistrict_id":"101801","hpl_home":"","sump_area":"กรุงเทพธนบุรี","sump_width":2.7,"fd_prevent_code":"31","area_p3_pic":"BMA\\VDO_DRONE\\SUMP\\BWS024_A3.jpg","district_t":"คลองสาน","pump4_catagory":"-","sump_name":"บ่อสูบน้ำโรงเกลือ ถนนท่าดินแดง","mea_tel":"0-2221-0812, 0-2220-5222, 0-2220-5333","area_p4_pic":"BMA\\VDO_DRONE\\SUMP\\BWS024_A4.jpg","transformer":300,"mea":"เขตวัดเลียบ","trans_pic":"BMA\\VDO_DRONE\\SUMP\\BWS024_TR.jpg","pump2_type":"หอยโข่ง","mdb_pic":"BMA\\VDO_DRONE\\SUMP\\BWS024_MD.jpg","area_p4_y":100.501964,"meter_pic":"BMA\\VDO_DRONE\\SUMP\\BWS024_ME.jpg","area_p2_x":13.737243,"sump_code":"BW.S.024","area_p4_x":13.737243,"amount5":"-","area_p2_y":100.501964,"amount4":"-","pump5_catagory":"-","hpl_meter":"G:\\BMA\\VDO_DRONE\\SUMP\\BWS024_ME.jpg","pump3_type":"-","amount3":"-","amount2":"1","area_p2_pic":"BMA\\VDO_DRONE\\SUMP\\BWS024_A2.jpg","gate_type":"1","amount1":"1","area_p5_pic":"BMA\\VDO_DRONE\\SUMP\\BWS024_A5.jpg","reflex_area":"กรุงเทพธนบุรี","pipe_in_bed2":0,"pipe_in_bed3":0,"pipe_in_bed1":3.3,"home_type":"ไม่มี","date_survey":"1 เมษายน 2021","pipe_in_bed4":0,"pump1_type":"หอยโข่ง","pump5_volume":0,"owner":"คลองสาน","pump4_type":"-","area_p1_pic":"BMA\\VDO_DRONE\\SUMP\\BWS024_A1.jpg","pump3_volume":0,"pump1_catagory":"ไฟฟ้า","objectid_1":112,"pump2_catagory":"ไฟฟ้า","sump_bed":"3.4","pipe_in_dimention1":0.6,"pipe_in_dimention2":0,"pipe_in_dimention3":0,"meter_code":"MEA-TOU-9302815","pipe_in_dimention4":0,"pump1_volume":0.05,"hpl_areap1":"G:\\BMA\\VDO_DRONE\\SUMP\\BWS024_A1.jpg","surveillant_name":"-","hpl_areap3":"G:\\BMA\\VDO_DRONE\\SUMP\\BWS024_A3.jpg","district_id":"1018","hpl_areap2":"G:\\BMA\\VDO_DRONE\\SUMP\\BWS024_A2.jpg","hpl_areap5":"G:\\BMA\\VDO_DRONE\\SUMP\\BWS024_A5.jpg","hpl_areap4":"G:\\BMA\\VDO_DRONE\\SUMP\\BWS024_A4.jpg","objectid":112,"pump_amount":"2"}},{"geometry":{"type":"Point","coordinates":[100.61166400025047,13.736737002875968],"crs":null},"id":113,"type":"Feature","properties":{"utm_x":674261.6797,"pump3_catagory":"-","year":"2564","accessibility":"ถนนพัฒนาการ ตรงสะพานข้ามคลองบ้านป่า ใกล้กับอาคารเทพนาคร","pump5_type":"-","sump_type":"บ่อสูบน้ำ","utm_y":1519193.143,"area_p1_y":100.682344,"area_p1_x":13.849362,"area_p3_y":100.682344,"sump_length":3.1,"area_p3_x":13.849362,"hpl_mdb":"G:\\BMA\\VDO_DRONE\\SUMP\\BES030_MD.jpg","home_pic":"BMA\\VDO_DRONE\\SUMP\\BES030_HO.jpg","sump_depth":2.6,"pump2_volume":0.08,"pump4_volume":0,"meter":200,"surveillant_mobile":"-","telephone":"-","mdb":100,"hpl_trans":"G:\\BMA\\VDO_DRONE\\SUMP\\BES030_TR.jpg","volume":16.12,"subdistrict_id":"103403","hpl_home":"G:\\BMA\\VDO_DRONE\\SUMP\\BES030_HO.jpg","sump_area":"กรุงเทพตะวันออก","sump_width":2,"fd_prevent_code":"21","area_p3_pic":"BMA\\VDO_DRONE\\SUMP\\BES030_A3.jpg","district_t":"สวนหลวง","pump4_catagory":"-","sump_name":"บ่อสูบน้ำพัฒนาการตอนคลองบ้านป่าขาออก(กรุงไทย)","mea_tel":"0-2725-5211 , 0-2314-0668","area_p4_pic":"BMA\\VDO_DRONE\\SUMP\\BES030_A4.jpg","transformer":225,"mea":"เขตบางกะปิ","trans_pic":"BMA\\VDO_DRONE\\SUMP\\BES030_TR.jpg","pump2_type":"เครื่องยนต์","mdb_pic":"BMA\\VDO_DRONE\\SUMP\\BES030_MD.jpg","area_p4_y":100.682344,"meter_pic":"BMA\\VDO_DRONE\\SUMP\\BES030_ME.jpg","area_p2_x":13.849362,"sump_code":"BE.S.030","area_p4_x":13.849362,"amount5":"-","area_p2_y":100.682344,"amount4":"-","pump5_catagory":"-","hpl_meter":"G:\\BMA\\VDO_DRONE\\SUMP\\BES030_ME.jpg","pump3_type":"-","amount3":"-","amount2":"1","area_p2_pic":"BMA\\VDO_DRONE\\SUMP\\BES030_A2.jpg","gate_type":"8","amount1":"1","area_p5_pic":"BMA\\VDO_DRONE\\SUMP\\BES030_A5.jpg","reflex_area":"กรุงเทพตะวันออก","pipe_in_bed2":0,"pipe_in_bed3":0,"pipe_in_bed1":2.5,"home_type":"ตู้พักอาศัยขนาดเล็ก","date_survey":"21 กุมภาพันธ์ 2021","pipe_in_bed4":0,"pump1_type":"ซับเมิร์ส","pump5_volume":0,"owner":"สวนหลวง","pump4_type":"-","area_p1_pic":"BMA\\VDO_DRONE\\SUMP\\BES030_A1.jpg","pump3_volume":0,"pump1_catagory":"ไฟฟ้า","objectid_1":113,"pump2_catagory":"ดีเซล","sump_bed":"2.6","pipe_in_dimention1":1.2,"pipe_in_dimention2":0,"pipe_in_dimention3":0,"meter_code":"MEA TOU-9152330","pipe_in_dimention4":0,"pump1_volume":0.08,"hpl_areap1":"G:\\BMA\\VDO_DRONE\\SUMP\\BES030_A1.jpg","surveillant_name":"-","hpl_areap3":"G:\\BMA\\VDO_DRONE\\SUMP\\BES030_A3.jpg","district_id":"1034","hpl_areap2":"G:\\BMA\\VDO_DRONE\\SUMP\\BES030_A2.jpg","hpl_areap5":"G:\\BMA\\VDO_DRONE\\SUMP\\BES030_A5.jpg","hpl_areap4":"G:\\BMA\\VDO_DRONE\\SUMP\\BES030_A4.jpg","objectid":113,"pump_amount":"2"}},{"geometry":{"type":"Point","coordinates":[100.50010799974045,13.737648004692359],"crs":null},"id":114,"type":"Feature","properties":{"utm_x":662196.4713,"pump3_catagory":"-","year":"2564","accessibility":"ริมแม่น้ำหลังศาลเจ้ากวนอู ในซอยสมเด็จเจ้าพระยา3 ","pump5_type":"-","sump_type":"บ่อสูบน้ำ","utm_y":1519216.108,"area_p1_y":100.500108,"area_p1_x":13.737648,"area_p3_y":100.500108,"sump_length":2.1,"area_p3_x":13.737648,"hpl_mdb":"G:\\BMA\\VDO_DRONE\\SUMP\\BWS023_MD.jpg","home_pic":"","sump_depth":2.8,"pump2_volume":0,"pump4_volume":0,"meter":150,"surveillant_mobile":"-","telephone":"-","mdb":125,"hpl_trans":"","volume":6.47,"subdistrict_id":"101801","hpl_home":"","sump_area":"กรุงเทพธนบุรี","sump_width":1.1,"fd_prevent_code":"31","area_p3_pic":"BMA\\VDO_DRONE\\SUMP\\BWS023_A3.jpg","district_t":"คลองสาน","pump4_catagory":"-","sump_name":"บ่อสูบน้ำศาลเจ้ากวนอู","mea_tel":"0-2221-0812, 0-2220-5222, 0-2220-5333","area_p4_pic":"BMA\\VDO_DRONE\\SUMP\\BWS023_A4.jpg","transformer":225,"mea":"เขตวัดเลียบ","trans_pic":"","pump2_type":"-","mdb_pic":"BMA\\VDO_DRONE\\SUMP\\BWS023_MD.jpg","area_p4_y":100.500108,"meter_pic":"BMA\\VDO_DRONE\\SUMP\\BWS023_ME.jpg","area_p2_x":13.737648,"sump_code":"BW.S.023","area_p4_x":13.737648,"amount5":"-","area_p2_y":100.500108,"amount4":"-","pump5_catagory":"-","hpl_meter":"G:\\BMA\\VDO_DRONE\\SUMP\\BWS023_ME.jpg","pump3_type":"-","amount3":"-","amount2":"-","area_p2_pic":"BMA\\VDO_DRONE\\SUMP\\BWS023_A2.jpg","gate_type":"1","amount1":"1","area_p5_pic":"","reflex_area":"กรุงเทพธนบุรี","pipe_in_bed2":0,"pipe_in_bed3":0,"pipe_in_bed1":2.5,"home_type":"ไม่มี","date_survey":"1 เมษายน 2021","pipe_in_bed4":0,"pump1_type":"หอยโข่ง","pump5_volume":0,"owner":"คลองสาน","pump4_type":"-","area_p1_pic":"BMA\\VDO_DRONE\\SUMP\\BWS023_A1.jpg","pump3_volume":0,"pump1_catagory":"ไฟฟ้า","objectid_1":114,"pump2_catagory":"-","sump_bed":"2.8","pipe_in_dimention1":0.4,"pipe_in_dimention2":0,"pipe_in_dimention3":0,"meter_code":"MEA-TOU-041750","pipe_in_dimention4":0,"pump1_volume":0.03,"hpl_areap1":"G:\\BMA\\VDO_DRONE\\SUMP\\BWS023_A1.jpg","surveillant_name":"-","hpl_areap3":"G:\\BMA\\VDO_DRONE\\SUMP\\BWS023_A3.jpg","district_id":"1018","hpl_areap2":"G:\\BMA\\VDO_DRONE\\SUMP\\BWS023_A2.jpg","hpl_areap5":"","hpl_areap4":"G:\\BMA\\VDO_DRONE\\SUMP\\BWS023_A4.jpg","objectid":114,"pump_amount":"1"}},{"geometry":{"type":"Point","coordinates":[100.6253539997585,13.736929999720985],"crs":null},"id":115,"type":"Feature","properties":{"utm_x":675742.1246,"pump3_catagory":"-","year":"2564","accessibility":"ตรงข้ามร้านอาหารหรอยแซ่บ ถนนพัฒนาการตอนคลองลาวขาเข้า","pump5_type":"-","sump_type":"บ่อสูบน้ำ","utm_y":1519224.429,"area_p1_y":100.625339,"area_p1_x":13.736927,"area_p3_y":100.625345,"sump_length":13.3,"area_p3_x":13.736958,"hpl_mdb":"G:\\BMA\\VDO_DRONE\\SUMP\\BES027_MD.jpg","home_pic":"BMA\\VDO_DRONE\\SUMP\\BES027_HO.jpg","sump_depth":4.4,"pump2_volume":2,"pump4_volume":0,"meter":400,"surveillant_mobile":"-","telephone":"-","mdb":630,"hpl_trans":"G:\\BMA\\VDO_DRONE\\SUMP\\BES027_TR.jpg","volume":152.15,"subdistrict_id":"103401","hpl_home":"G:\\BMA\\VDO_DRONE\\SUMP\\BES027_HO.jpg","sump_area":"กรุงเทพตะวันออก","sump_width":2.6,"fd_prevent_code":"21","area_p3_pic":"BMA\\VDO_DRONE\\SUMP\\BES027_A3.jpg","district_t":"สวนหลวง","pump4_catagory":"-","sump_name":"บ่อสูบน้ำถนนพัฒนาการตอนคลองลาวขาเข้า","mea_tel":"0-2725-5211 , 0-2314-0668","area_p4_pic":"BMA\\VDO_DRONE\\SUMP\\BES027_A4.jpg","transformer":300,"mea":"เขตบางกะปิ","trans_pic":"BMA\\VDO_DRONE\\SUMP\\BES027_TR.jpg","pump2_type":"ซับเมิร์ส","mdb_pic":"BMA\\VDO_DRONE\\SUMP\\BES027_MD.jpg","area_p4_y":100.625359,"meter_pic":"BMA\\VDO_DRONE\\SUMP\\BES027_ME.jpg","area_p2_x":13.736954,"sump_code":"BE.S.027","area_p4_x":13.736958,"amount5":"-","area_p2_y":100.625321,"amount4":"-","pump5_catagory":"-","hpl_meter":"G:\\BMA\\VDO_DRONE\\SUMP\\BES027_ME.jpg","pump3_type":"-","amount3":"-","amount2":"1","area_p2_pic":"BMA\\VDO_DRONE\\SUMP\\BES027_A2.jpg","gate_type":"9","amount1":"1","area_p5_pic":"","reflex_area":"กรุงเทพตะวันออก","pipe_in_bed2":0,"pipe_in_bed3":0,"pipe_in_bed1":2.2,"home_type":"ตู้พักอาศัยขนาดกลาง","date_survey":"21 กุมภาพันธ์ 2021","pipe_in_bed4":0,"pump1_type":"ซับเมิร์ส","pump5_volume":0,"owner":"สวนหลวง","pump4_type":"-","area_p1_pic":"BMA\\VDO_DRONE\\SUMP\\BES027_A1.jpg","pump3_volume":0,"pump1_catagory":"ไฟฟ้า","objectid_1":115,"pump2_catagory":"ไฟฟ้า","sump_bed":"4.4","pipe_in_dimention1":1.2,"pipe_in_dimention2":0,"pipe_in_dimention3":0,"meter_code":"MEA-TOU-051623","pipe_in_dimention4":0,"pump1_volume":1,"hpl_areap1":"G:\\BMA\\VDO_DRONE\\SUMP\\BES027_A1.jpg","surveillant_name":"-","hpl_areap3":"G:\\BMA\\VDO_DRONE\\SUMP\\BES027_A3.jpg","district_id":"1034","hpl_areap2":"G:\\BMA\\VDO_DRONE\\SUMP\\BES027_A2.jpg","hpl_areap5":"","hpl_areap4":"G:\\BMA\\VDO_DRONE\\SUMP\\BES027_A4.jpg","objectid":115,"pump_amount":"2"}},{"geometry":{"type":"Point","coordinates":[100.62486159521055,13.737107775693506],"crs":null},"id":116,"type":"Feature","properties":{"utm_x":675688.7379,"pump3_catagory":"-","year":"2564","accessibility":"บริเวณสะพานลอยซอยพัฒนาการ35 ถนนพัฒนาการตอนคลองลาว ขาออก","pump5_type":"-","sump_type":"บ่อสูบน้ำ","utm_y":1519243.738,"area_p1_y":100.624858,"area_p1_x":13.737006,"area_p3_y":100.62486,"sump_length":5.5,"area_p3_x":13.737106,"hpl_mdb":"","home_pic":"","sump_depth":3.3,"pump2_volume":0,"pump4_volume":0,"meter":0,"surveillant_mobile":"-","telephone":"-","mdb":0,"hpl_trans":"","volume":43.56,"subdistrict_id":"103403","hpl_home":"","sump_area":"กรุงเทพตะวันออก","sump_width":2.4,"fd_prevent_code":"21","area_p3_pic":"BMA\\VDO_DRONE\\SUMP\\BES054_A3.jpg","district_t":"สวนหลวง","pump4_catagory":"-","sump_name":"บ่อสูบน้ำถนนพัฒนาการตอนคลองลาว ขาออก","mea_tel":"0-2725-5211 , 0-2314-0668","area_p4_pic":"BMA\\VDO_DRONE\\SUMP\\BES054_A4.jpg","transformer":0,"mea":"เขตบางกะปิ","trans_pic":"","pump2_type":"-","mdb_pic":"","area_p4_y":100.625108,"meter_pic":"","area_p2_x":13.737118,"sump_code":"BE.S.054","area_p4_x":13.737889,"amount5":"-","area_p2_y":100.62488,"amount4":"-","pump5_catagory":"-","hpl_meter":"","pump3_type":"-","amount3":"-","amount2":"-","area_p2_pic":"BMA\\VDO_DRONE\\SUMP\\BES054_A2.jpg","gate_type":"8","amount1":"1","area_p5_pic":"BMA\\VDO_DRONE\\SUMP\\BES054_A5.jpg","reflex_area":"กรุงเทพตะวันออก","pipe_in_bed2":0,"pipe_in_bed3":0,"pipe_in_bed1":2.7,"home_type":"ไม่มี","date_survey":"22 กุมภาพันธ์ 2021","pipe_in_bed4":0,"pump1_type":"เครื่องยนต์","pump5_volume":0,"owner":"สวนหลวง","pump4_type":"-","area_p1_pic":"BMA\\VDO_DRONE\\SUMP\\BES054_A1.jpg","pump3_volume":0,"pump1_catagory":"ดีเซล","objectid_1":116,"pump2_catagory":"-","sump_bed":"3.3","pipe_in_dimention1":1.2,"pipe_in_dimention2":0,"pipe_in_dimention3":0,"meter_code":"-","pipe_in_dimention4":0,"pump1_volume":0.13,"hpl_areap1":"G:\\BMA\\VDO_DRONE\\SUMP\\BES054_A1.jpg","surveillant_name":"-","hpl_areap3":"G:\\BMA\\VDO_DRONE\\SUMP\\BES054_A3.jpg","district_id":"1034","hpl_areap2":"G:\\BMA\\VDO_DRONE\\SUMP\\BES054_A2.jpg","hpl_areap5":"G:\\BMA\\VDO_DRONE\\SUMP\\BES054_A5.jpg","hpl_areap4":"G:\\BMA\\VDO_DRONE\\SUMP\\BES054_A4.jpg","objectid":116,"pump_amount":"1"}},{"geometry":{"type":"Point","coordinates":[100.49950399986514,13.737902004779926],"crs":null},"id":117,"type":"Feature","properties":{"utm_x":662130.9769,"pump3_catagory":"-","year":"2564","accessibility":"ซอยดิลกจันทร์ หลังมัสยิดกูวติลอิสลาม ติดแม่น้ำเจ้าพระยา","pump5_type":"-","sump_type":"บ่อสูบน้ำ","utm_y":1519243.801,"area_p1_y":100.499504,"area_p1_x":13.737902,"area_p3_y":100.499504,"sump_length":1.9,"area_p3_x":13.737902,"hpl_mdb":"G:\\BMA\\VDO_DRONE\\SUMP\\BWS022_MD.jpg","home_pic":"","sump_depth":2.6,"pump2_volume":0,"pump4_volume":0,"meter":150,"surveillant_mobile":"-","telephone":"-","mdb":100,"hpl_trans":"G:\\BMA\\VDO_DRONE\\SUMP\\BWS022_TR.jpg","volume":5.93,"subdistrict_id":"101801","hpl_home":"","sump_area":"กรุงเทพธนบุรี","sump_width":1.2,"fd_prevent_code":"31","area_p3_pic":"BMA\\VDO_DRONE\\SUMP\\BWS022_A3.jpg","district_t":"คลองสาน","pump4_catagory":"-","sump_name":"บ่อสูบน้ำมัสยิดกูวติลอิสลาม","mea_tel":"0-2221-0812, 0-2220-5222, 0-2220-5333","area_p4_pic":"BMA\\VDO_DRONE\\SUMP\\BWS022_A4.jpg","transformer":225,"mea":"เขตวัดเลียบ","trans_pic":"BMA\\VDO_DRONE\\SUMP\\BWS022_TR.jpg","pump2_type":"-","mdb_pic":"BMA\\VDO_DRONE\\SUMP\\BWS022_MD.jpg","area_p4_y":100.499504,"meter_pic":"BMA\\VDO_DRONE\\SUMP\\BWS022_ME.jpg","area_p2_x":13.737902,"sump_code":"BW.S.022","area_p4_x":13.737902,"amount5":"-","area_p2_y":100.499504,"amount4":"-","pump5_catagory":"-","hpl_meter":"G:\\BMA\\VDO_DRONE\\SUMP\\BWS022_ME.jpg","pump3_type":"-","amount3":"-","amount2":"-","area_p2_pic":"BMA\\VDO_DRONE\\SUMP\\BWS022_A2.jpg","gate_type":"1","amount1":"1","area_p5_pic":"","reflex_area":"กรุงเทพธนบุรี","pipe_in_bed2":0,"pipe_in_bed3":0,"pipe_in_bed1":2,"home_type":"ไม่มี","date_survey":"1 เมษายน 2021","pipe_in_bed4":0,"pump1_type":"หอยโข่ง","pump5_volume":0,"owner":"คลองสาน","pump4_type":"-","area_p1_pic":"BMA\\VDO_DRONE\\SUMP\\BWS022_A1.jpg","pump3_volume":0,"pump1_catagory":"ไฟฟ้า","objectid_1":117,"pump2_catagory":"-","sump_bed":"2.6","pipe_in_dimention1":0.2,"pipe_in_dimention2":0,"pipe_in_dimention3":0,"meter_code":"MEA-TOU-040118","pipe_in_dimention4":0,"pump1_volume":0.03,"hpl_areap1":"G:\\BMA\\VDO_DRONE\\SUMP\\BWS022_A1.jpg","surveillant_name":"-","hpl_areap3":"G:\\BMA\\VDO_DRONE\\SUMP\\BWS022_A3.jpg","district_id":"1018","hpl_areap2":"G:\\BMA\\VDO_DRONE\\SUMP\\BWS022_A2.jpg","hpl_areap5":"","hpl_areap4":"G:\\BMA\\VDO_DRONE\\SUMP\\BWS022_A4.jpg","objectid":117,"pump_amount":"1"}},{"geometry":{"type":"Point","coordinates":[100.59830299976248,13.73774499626253],"crs":null},"id":118,"type":"Feature","properties":{"utm_x":672815.9422,"pump3_catagory":"-","year":"2564","accessibility":"ถนนสุขุมวิท71 ใต้สะพานคลองตัน ซอยปรีดีพนมยงค์47 มีร้านขายของชำ","pump5_type":"-","sump_type":"บ่อสูบน้ำ","utm_y":1519295.044,"area_p1_y":100.598424,"area_p1_x":13.737831,"area_p3_y":100.598424,"sump_length":7.5,"area_p3_x":13.737831,"hpl_mdb":"G:\\BMA\\VDO_DRONE\\SUMP\\BSS046_MD.jpg","home_pic":"BMA\\VDO_DRONE\\SUMP\\BSS046_HO.jpg","sump_depth":5,"pump2_volume":0,"pump4_volume":0,"meter":400,"surveillant_mobile":"-","telephone":"-","mdb":400,"hpl_trans":"G:\\BMA\\VDO_DRONE\\SUMP\\BSS046_TR.jpg","volume":206.25,"subdistrict_id":"103902","hpl_home":"G:\\BMA\\VDO_DRONE\\SUMP\\BSS046_HO.jpg","sump_area":"กรุงเทพใต้","sump_width":5.5,"fd_prevent_code":"13","area_p3_pic":"BMA\\VDO_DRONE\\SUMP\\BSS046_A3.jpg","district_t":"วัฒนา","pump4_catagory":"-","sump_name":"บ่อสูบน้ำคลองตัน ซอย 71","mea_tel":"0-2725-5211 , 0-2314-0668","area_p4_pic":"","transformer":500,"mea":"เขตบางกะปิ","trans_pic":"BMA\\VDO_DRONE\\SUMP\\BSS046_TR.jpg","pump2_type":"-","mdb_pic":"BMA\\VDO_DRONE\\SUMP\\BSS046_MD.jpg","area_p4_y":100.598424,"meter_pic":"BMA\\VDO_DRONE\\SUMP\\BSS046_ME.jpg","area_p2_x":13.737831,"sump_code":"BS.S.046","area_p4_x":13.737831,"amount5":"-","area_p2_y":100.598424,"amount4":"-","pump5_catagory":"-","hpl_meter":"G:\\BMA\\VDO_DRONE\\SUMP\\BSS046_ME.jpg","pump3_type":"-","amount3":"-","amount2":"-","area_p2_pic":"BMA\\VDO_DRONE\\SUMP\\BSS046_A2.jpg","gate_type":"1","amount1":"4","area_p5_pic":"","reflex_area":"กรุงเทพใต้","pipe_in_bed2":1.2,"pipe_in_bed3":0,"pipe_in_bed1":1.2,"home_type":"บ้านพัก","date_survey":"6 มิถุนายน 2021","pipe_in_bed4":0,"pump1_type":"ซับเมิร์ส","pump5_volume":0,"owner":"วัฒนา","pump4_type":"-","area_p1_pic":"BMA\\VDO_DRONE\\SUMP\\BSS046_A1.jpg","pump3_volume":0,"pump1_catagory":"ไฟฟ้า","objectid_1":118,"pump2_catagory":"-","sump_bed":"5","pipe_in_dimention1":1,"pipe_in_dimention2":2,"pipe_in_dimention3":0,"meter_code":"MEA-26026826","pipe_in_dimention4":0,"pump1_volume":1,"hpl_areap1":"G:\\BMA\\VDO_DRONE\\SUMP\\BSS046_A1.jpg","surveillant_name":"-","hpl_areap3":"G:\\BMA\\VDO_DRONE\\SUMP\\BSS046_A3.jpg","district_id":"1039","hpl_areap2":"G:\\BMA\\VDO_DRONE\\SUMP\\BSS046_A2.jpg","hpl_areap5":"","hpl_areap4":"","objectid":118,"pump_amount":"4"}},{"geometry":{"type":"Point","coordinates":[100.50573199975624,13.738372001486105],"crs":null},"id":119,"type":"Feature","properties":{"utm_x":662804.181,"pump3_catagory":"-","year":"2564","accessibility":"ที่จอดรถหลังซอยท่าน้ำศาลเจ้า","pump5_type":"-","sump_type":"บ่อสูบน้ำ","utm_y":1519299.991,"area_p1_y":100.505745,"area_p1_x":13.738383,"area_p3_y":100.50583,"sump_length":2,"area_p3_x":13.738373,"hpl_mdb":"G:\\BMA\\VDO_DRONE\\SUMP\\BSS064_MD.jpg","home_pic":"BMA\\VDO_DRONE\\SUMP\\BSS064_HO.jpg","sump_depth":3.1,"pump2_volume":0,"pump4_volume":0,"meter":200,"surveillant_mobile":"-","telephone":"-","mdb":200,"hpl_trans":"","volume":12.4,"subdistrict_id":"101301","hpl_home":"G:\\BMA\\VDO_DRONE\\SUMP\\BSS064_HO.jpg","sump_area":"กรุงเทพใต้","sump_width":2,"fd_prevent_code":"10","area_p3_pic":"BMA\\VDO_DRONE\\SUMP\\BSS064_A3.jpg","district_t":"สัมพันธวงศ์","pump4_catagory":"-","sump_name":"บ่อสูบน้ำมังกร","mea_tel":"0-2221-0812, 0-2220-5222, 0-2220-5333","area_p4_pic":"BMA\\VDO_DRONE\\SUMP\\BSS064_A4.jpg","transformer":0,"mea":"เขตวัดเลียบ","trans_pic":"","pump2_type":"-","mdb_pic":"BMA\\VDO_DRONE\\SUMP\\BSS064_MD.jpg","area_p4_y":100.505627,"meter_pic":"BMA\\VDO_DRONE\\SUMP\\BSS064_ME.jpg","area_p2_x":13.738376,"sump_code":"BS.S.064","area_p4_x":13.738448,"amount5":"-","area_p2_y":100.50575,"amount4":"-","pump5_catagory":"-","hpl_meter":"G:\\BMA\\VDO_DRONE\\SUMP\\BSS064_ME.jpg","pump3_type":"-","amount3":"-","amount2":"-","area_p2_pic":"BMA\\VDO_DRONE\\SUMP\\BSS064_A2.jpg","gate_type":"1","amount1":"1","area_p5_pic":"","reflex_area":"กรุงเทพใต้","pipe_in_bed2":0,"pipe_in_bed3":0,"pipe_in_bed1":3,"home_type":"บ้านพัก","date_survey":"7 มิถุนายน 2021","pipe_in_bed4":0,"pump1_type":"หอยโข่ง","pump5_volume":0,"owner":"สัมพันธวงศ์","pump4_type":"-","area_p1_pic":"BMA\\VDO_DRONE\\SUMP\\BSS064_A1.jpg","pump3_volume":0,"pump1_catagory":"ไฟฟ้า","objectid_1":119,"pump2_catagory":"-","sump_bed":"3.1","pipe_in_dimention1":1.5,"pipe_in_dimention2":0,"pipe_in_dimention3":0,"meter_code":"MEA-TOU-9116829","pipe_in_dimention4":0,"pump1_volume":0.3,"hpl_areap1":"G:\\BMA\\VDO_DRONE\\SUMP\\BSS064_A1.jpg","surveillant_name":"-","hpl_areap3":"G:\\BMA\\VDO_DRONE\\SUMP\\BSS064_A3.jpg","district_id":"1013","hpl_areap2":"G:\\BMA\\VDO_DRONE\\SUMP\\BSS064_A2.jpg","hpl_areap5":"","hpl_areap4":"G:\\BMA\\VDO_DRONE\\SUMP\\BSS064_A4.jpg","objectid":119,"pump_amount":"1"}},{"geometry":{"type":"Point","coordinates":[100.60452600047347,13.737783002337018],"crs":null},"id":120,"type":"Feature","properties":{"utm_x":673488.9308,"pump3_catagory":"-","year":"2564","accessibility":"ท้ายซอยพัฒนาการ12 ","pump5_type":"-","sump_type":"บ่อสูบน้ำ","utm_y":1519303.717,"area_p1_y":100.682344,"area_p1_x":13.849362,"area_p3_y":100.682344,"sump_length":9.2,"area_p3_x":13.849362,"hpl_mdb":"G:\\BMA\\VDO_DRONE\\SUMP\\BES029_MD.jpg","home_pic":"BMA\\VDO_DRONE\\SUMP\\BES029_HO.jpg","sump_depth":4.6,"pump2_volume":2,"pump4_volume":0,"meter":400,"surveillant_mobile":"-","telephone":"-","mdb":630,"hpl_trans":"","volume":207.37,"subdistrict_id":"103403","hpl_home":"G:\\BMA\\VDO_DRONE\\SUMP\\BES029_HO.jpg","sump_area":"กรุงเทพตะวันออก","sump_width":4.9,"fd_prevent_code":"21","area_p3_pic":"BMA\\VDO_DRONE\\SUMP\\BES029_A3.jpg","district_t":"สวนหลวง","pump4_catagory":"-","sump_name":"บ่อสูบน้ำใต้ด่วนพัฒนาการ","mea_tel":"0-2725-5211 , 0-2314-0668","area_p4_pic":"BMA\\VDO_DRONE\\SUMP\\BES029_A4.jpg","transformer":0,"mea":"เขตบางกะปิ","trans_pic":"","pump2_type":"ซับเมิร์ส","mdb_pic":"BMA\\VDO_DRONE\\SUMP\\BES029_MD.jpg","area_p4_y":100.682344,"meter_pic":"BMA\\VDO_DRONE\\SUMP\\BES029_ME.jpg","area_p2_x":13.849362,"sump_code":"BE.S.029","area_p4_x":13.849362,"amount5":"-","area_p2_y":100.682344,"amount4":"-","pump5_catagory":"-","hpl_meter":"G:\\BMA\\VDO_DRONE\\SUMP\\BES029_ME.jpg","pump3_type":"-","amount3":"-","amount2":"2","area_p2_pic":"BMA\\VDO_DRONE\\SUMP\\BES029_A2.jpg","gate_type":"6","amount1":"1","area_p5_pic":"","reflex_area":"กรุงเทพตะวันออก","pipe_in_bed2":0,"pipe_in_bed3":0,"pipe_in_bed1":3.8,"home_type":"ตู้คอนเทนเนอร์","date_survey":"21 กุมภาพันธ์ 2021","pipe_in_bed4":0,"pump1_type":"ซับเมิร์ส","pump5_volume":0,"owner":"สวนหลวง","pump4_type":"-","area_p1_pic":"BMA\\VDO_DRONE\\SUMP\\BES029_A1.jpg","pump3_volume":0,"pump1_catagory":"ไฟฟ้า","objectid_1":120,"pump2_catagory":"ไฟฟ้า","sump_bed":"4.6","pipe_in_dimention1":1.5,"pipe_in_dimention2":0,"pipe_in_dimention3":0,"meter_code":"MEA-TOU-9105215","pipe_in_dimention4":0,"pump1_volume":0.5,"hpl_areap1":"G:\\BMA\\VDO_DRONE\\SUMP\\BES029_A1.jpg","surveillant_name":"-","hpl_areap3":"G:\\BMA\\VDO_DRONE\\SUMP\\BES029_A3.jpg","district_id":"1034","hpl_areap2":"G:\\BMA\\VDO_DRONE\\SUMP\\BES029_A2.jpg","hpl_areap5":"","hpl_areap4":"G:\\BMA\\VDO_DRONE\\SUMP\\BES029_A4.jpg","objectid":120,"pump_amount":"3"}},{"geometry":{"type":"Point","coordinates":[100.50453300017486,13.73876399657132],"crs":null},"id":121,"type":"Feature","properties":{"utm_x":662674.2445,"pump3_catagory":"-","year":"2564","accessibility":"หน้าท่าน้ำราชวงศ์","pump5_type":"-","sump_type":"บ่อสูบน้ำ","utm_y":1519342.547,"area_p1_y":100.504596,"area_p1_x":13.738751,"area_p3_y":100.504635,"sump_length":10,"area_p3_x":13.738718,"hpl_mdb":"G:\\BMA\\VDO_DRONE\\SUMP\\BSS012_MD.jpg","home_pic":"BMA\\VDO_DRONE\\SUMP\\BSS012_HO.jpg","sump_depth":5.6,"pump2_volume":2,"pump4_volume":0,"meter":0,"surveillant_mobile":"-","telephone":"-","mdb":800,"hpl_trans":"G:\\BMA\\VDO_DRONE\\SUMP\\BSS012_TR.jpg","volume":235.2,"subdistrict_id":"101301","hpl_home":"G:\\BMA\\VDO_DRONE\\SUMP\\BSS012_HO.jpg","sump_area":"กรุงเทพใต้","sump_width":4.2,"fd_prevent_code":"10","area_p3_pic":"BMA\\VDO_DRONE\\SUMP\\BSS012_A3.jpg","district_t":"สัมพันธวงศ์","pump4_catagory":"-","sump_name":"บ่อสูบน้ำท่าน้ำราชวงศ์","mea_tel":"0-2221-0812, 0-2220-5222, 0-2220-5333","area_p4_pic":"BMA\\VDO_DRONE\\SUMP\\BSS012_A4.jpg","transformer":0,"mea":"เขตวัดเลียบ","trans_pic":"BMA\\VDO_DRONE\\SUMP\\BSS012_TR.jpg","pump2_type":"ซับเมิร์ส","mdb_pic":"BMA\\VDO_DRONE\\SUMP\\BSS012_MD.jpg","area_p4_y":100.504592,"meter_pic":"BMA\\VDO_DRONE\\SUMP\\BSS012_ME.jpg","area_p2_x":13.738803,"sump_code":"BS.S.012","area_p4_x":13.738801,"amount5":"-","area_p2_y":100.504416,"amount4":"-","pump5_catagory":"-","hpl_meter":"G:\\BMA\\VDO_DRONE\\SUMP\\BSS012_ME.jpg","pump3_type":"-","amount3":"-","amount2":"2","area_p2_pic":"BMA\\VDO_DRONE\\SUMP\\BSS012_A2.jpg","gate_type":"1","amount1":"1","area_p5_pic":"BMA\\VDO_DRONE\\SUMP\\BSS012_A5.jpg","reflex_area":"กรุงเทพใต้","pipe_in_bed2":4,"pipe_in_bed3":0,"pipe_in_bed1":4,"home_type":"ตู้คอนเทนเนอร์","date_survey":"29 มีนาคม 2021","pipe_in_bed4":0,"pump1_type":"ซับเมิร์ส","pump5_volume":0,"owner":"สัมพันธวงศ์","pump4_type":"-","area_p1_pic":"BMA\\VDO_DRONE\\SUMP\\BSS012_A1.jpg","pump3_volume":0,"pump1_catagory":"ไฟฟ้า","objectid_1":121,"pump2_catagory":"ไฟฟ้า","sump_bed":"5.6","pipe_in_dimention1":1.2,"pipe_in_dimention2":1.2,"pipe_in_dimention3":0,"meter_code":"-","pipe_in_dimention4":0,"pump1_volume":3,"hpl_areap1":"G:\\BMA\\VDO_DRONE\\SUMP\\BSS012_A1.jpg","surveillant_name":"-","hpl_areap3":"G:\\BMA\\VDO_DRONE\\SUMP\\BSS012_A3.jpg","district_id":"1013","hpl_areap2":"G:\\BMA\\VDO_DRONE\\SUMP\\BSS012_A2.jpg","hpl_areap5":"G:\\BMA\\VDO_DRONE\\SUMP\\BSS012_A5.jpg","hpl_areap4":"G:\\BMA\\VDO_DRONE\\SUMP\\BSS012_A4.jpg","objectid":121,"pump_amount":"3"}},{"geometry":{"type":"Point","coordinates":[100.5985269996425,13.738366001070663],"crs":null},"id":122,"type":"Feature","properties":{"utm_x":672839.7124,"pump3_catagory":"-","year":"2564","accessibility":"ถนนสุขุมวิท71 ใต้สะพานคลองตัน ใกล้ร้านเหล็กดัด","pump5_type":"-","sump_type":"บ่อสูบน้ำ","utm_y":1519363.907,"area_p1_y":100.598526,"area_p1_x":13.738407,"area_p3_y":100.598551,"sump_length":8.7,"area_p3_x":13.738358,"hpl_mdb":"G:\\BMA\\VDO_DRONE\\SUMP\\BES028_MD.jpg","home_pic":"BMA\\VDO_DRONE\\SUMP\\BES028_HO.jpg","sump_depth":4,"pump2_volume":0.5,"pump4_volume":0,"meter":400,"surveillant_mobile":"-","telephone":"-","mdb":500,"hpl_trans":"G:\\BMA\\VDO_DRONE\\SUMP\\BES028_TR.jpg","volume":104.4,"subdistrict_id":"103403","hpl_home":"G:\\BMA\\VDO_DRONE\\SUMP\\BES028_HO.jpg","sump_area":"กรุงเทพตะวันออก","sump_width":3,"fd_prevent_code":"06","area_p3_pic":"BMA\\VDO_DRONE\\SUMP\\BES028_A3.jpg","district_t":"สวนหลวง","pump4_catagory":"-","sump_name":"บ่อสูบน้ำใต้สะพานคลองตัน","mea_tel":"0-2725-5211 , 0-2314-0668","area_p4_pic":"BMA\\VDO_DRONE\\SUMP\\BES028_A4.jpg","transformer":500,"mea":"เขตบางกะปิ","trans_pic":"BMA\\VDO_DRONE\\SUMP\\BES028_TR.jpg","pump2_type":"ซับเมิร์ส","mdb_pic":"BMA\\VDO_DRONE\\SUMP\\BES028_MD.jpg","area_p4_y":100.598551,"meter_pic":"BMA\\VDO_DRONE\\SUMP\\BES028_ME.jpg","area_p2_x":13.738384,"sump_code":"BE.S.028","area_p4_x":13.738358,"amount5":"-","area_p2_y":100.598522,"amount4":"-","pump5_catagory":"-","hpl_meter":"G:\\BMA\\VDO_DRONE\\SUMP\\BES028_ME.jpg","pump3_type":"-","amount3":"-","amount2":"1","area_p2_pic":"BMA\\VDO_DRONE\\SUMP\\BES028_A2.jpg","gate_type":"8","amount1":"1","area_p5_pic":"","reflex_area":"กรุงเทพตะวันออก","pipe_in_bed2":0,"pipe_in_bed3":0,"pipe_in_bed1":2.3,"home_type":"ตู้คอนเทนเนอร์","date_survey":"21 กุมภาพันธ์ 2021","pipe_in_bed4":0,"pump1_type":"ซับเมิร์ส","pump5_volume":0,"owner":"สวนหลวง","pump4_type":"-","area_p1_pic":"BMA\\VDO_DRONE\\SUMP\\BES028_A1.jpg","pump3_volume":0,"pump1_catagory":"ไฟฟ้า","objectid_1":122,"pump2_catagory":"ไฟฟ้า","sump_bed":"4","pipe_in_dimention1":1.2,"pipe_in_dimention2":0,"pipe_in_dimention3":0,"meter_code":"MEA-TOU-501981","pipe_in_dimention4":0,"pump1_volume":0.13,"hpl_areap1":"G:\\BMA\\VDO_DRONE\\SUMP\\BES028_A1.jpg","surveillant_name":"-","hpl_areap3":"G:\\BMA\\VDO_DRONE\\SUMP\\BES028_A3.jpg","district_id":"1034","hpl_areap2":"G:\\BMA\\VDO_DRONE\\SUMP\\BES028_A2.jpg","hpl_areap5":"","hpl_areap4":"G:\\BMA\\VDO_DRONE\\SUMP\\BES028_A4.jpg","objectid":122,"pump_amount":"2"}},{"geometry":{"type":"Point","coordinates":[100.50252999994618,13.739177001115179],"crs":null},"id":123,"type":"Feature","properties":{"utm_x":662457.3456,"pump3_catagory":"-","year":"2564","accessibility":"สุดซอยตรอกสะพานยาว","pump5_type":"-","sump_type":"บ่อสูบน้ำ","utm_y":1519386.886,"area_p1_y":100.502552,"area_p1_x":13.739126,"area_p3_y":100.502512,"sump_length":3.4,"area_p3_x":13.739172,"hpl_mdb":"G:\\BMA\\VDO_DRONE\\SUMP\\BSS011_MD.jpg","home_pic":"BMA\\VDO_DRONE\\SUMP\\BSS011_HO.jpg","sump_depth":5.45,"pump2_volume":0.3,"pump4_volume":0,"meter":150,"surveillant_mobile":"-","telephone":"-","mdb":0,"hpl_trans":"","volume":29.65,"subdistrict_id":"101301","hpl_home":"G:\\BMA\\VDO_DRONE\\SUMP\\BSS011_HO.jpg","sump_area":"กรุงเทพใต้","sump_width":1.6,"fd_prevent_code":"10","area_p3_pic":"BMA\\VDO_DRONE\\SUMP\\BSS011_A3.jpg","district_t":"สัมพันธวงศ์","pump4_catagory":"-","sump_name":"บ่อสูบน้ำซอยสะพานยาว","mea_tel":"0-2221-0812, 0-2220-5222, 0-2220-5333","area_p4_pic":"BMA\\VDO_DRONE\\SUMP\\BSS011_A4.jpg","transformer":0,"mea":"เขตวัดเลียบ","trans_pic":"","pump2_type":"หอยโข่ง","mdb_pic":"BMA\\VDO_DRONE\\SUMP\\BSS011_MD.jpg","area_p4_y":100.502477,"meter_pic":"BMA\\VDO_DRONE\\SUMP\\BSS011_ME.jpg","area_p2_x":13.739147,"sump_code":"BS.S.011","area_p4_x":13.739139,"amount5":"-","area_p2_y":100.50249,"amount4":"-","pump5_catagory":"-","hpl_meter":"G:\\BMA\\VDO_DRONE\\SUMP\\BSS011_ME.jpg","pump3_type":"-","amount3":"-","amount2":"1","area_p2_pic":"BMA\\VDO_DRONE\\SUMP\\BSS011_A2.jpg","gate_type":"8","amount1":"1","area_p5_pic":"BMA\\VDO_DRONE\\SUMP\\BSS011_A5.jpg","reflex_area":"กรุงเทพใต้","pipe_in_bed2":0,"pipe_in_bed3":0,"pipe_in_bed1":3.5,"home_type":"ตู้คอนเทนเนอร์","date_survey":"29 มีนาคม 2021","pipe_in_bed4":0,"pump1_type":"หอยโข่ง","pump5_volume":0,"owner":"สัมพันธวงศ์","pump4_type":"-","area_p1_pic":"BMA\\VDO_DRONE\\SUMP\\BSS011_A1.jpg","pump3_volume":0,"pump1_catagory":"ไฟฟ้า","objectid_1":123,"pump2_catagory":"ไฟฟ้า","sump_bed":"5.45","pipe_in_dimention1":1.2,"pipe_in_dimention2":0,"pipe_in_dimention3":0,"meter_code":"MEA-TOU-9207694","pipe_in_dimention4":0,"pump1_volume":0.16,"hpl_areap1":"G:\\BMA\\VDO_DRONE\\SUMP\\BSS011_A1.jpg","surveillant_name":"-","hpl_areap3":"G:\\BMA\\VDO_DRONE\\SUMP\\BSS011_A3.jpg","district_id":"1013","hpl_areap2":"G:\\BMA\\VDO_DRONE\\SUMP\\BSS011_A2.jpg","hpl_areap5":"G:\\BMA\\VDO_DRONE\\SUMP\\BSS011_A5.jpg","hpl_areap4":"G:\\BMA\\VDO_DRONE\\SUMP\\BSS011_A4.jpg","objectid":123,"pump_amount":"2"}},{"geometry":{"type":"Point","coordinates":[100.49409700044237,13.739633000028292],"crs":null},"id":124,"type":"Feature","properties":{"utm_x":661545.0507,"pump3_catagory":"-","year":"2564","accessibility":"ท่าเรือในโรงเรียนซางตาครูสศึกษา","pump5_type":"-","sump_type":"บ่อสูบน้ำ","utm_y":1519431.666,"area_p1_y":100.494097,"area_p1_x":13.739633,"area_p3_y":100.494097,"sump_length":3.1,"area_p3_x":13.739633,"hpl_mdb":"G:\\BMA\\VDO_DRONE\\SUMP\\BWS021_MD.jpg","home_pic":"","sump_depth":4.8,"pump2_volume":0,"pump4_volume":0,"meter":150,"surveillant_mobile":"-","telephone":"-","mdb":150,"hpl_trans":"G:\\BMA\\VDO_DRONE\\SUMP\\BWS021_TR.jpg","volume":23.81,"subdistrict_id":"101501","hpl_home":"","sump_area":"กรุงเทพธนบุรี","sump_width":1.6,"fd_prevent_code":"31","area_p3_pic":"BMA\\VDO_DRONE\\SUMP\\BWS021_A3.jpg","district_t":"ธนบุรี","pump4_catagory":"-","sump_name":"บ่อสูบน้ำข้างโรงเรียนซางตาครู้สศึกษา","mea_tel":"0-2221-0812, 0-2220-5222, 0-2220-5333","area_p4_pic":"BMA\\VDO_DRONE\\SUMP\\BWS021_A4.jpg","transformer":500,"mea":"เขตวัดเลียบ","trans_pic":"BMA\\VDO_DRONE\\SUMP\\BWS021_TR.jpg","pump2_type":"-","mdb_pic":"BMA\\VDO_DRONE\\SUMP\\BWS021_MD.jpg","area_p4_y":100.494097,"meter_pic":"BMA\\VDO_DRONE\\SUMP\\BWS021_ME.jpg","area_p2_x":13.739633,"sump_code":"BW.S.021","area_p4_x":13.739633,"amount5":"-","area_p2_y":100.494097,"amount4":"-","pump5_catagory":"-","hpl_meter":"G:\\BMA\\VDO_DRONE\\SUMP\\BWS021_ME.jpg","pump3_type":"-","amount3":"-","amount2":"-","area_p2_pic":"BMA\\VDO_DRONE\\SUMP\\BWS021_A2.jpg","gate_type":"1","amount1":"1","area_p5_pic":"","reflex_area":"กรุงเทพธนบุรี","pipe_in_bed2":0,"pipe_in_bed3":0,"pipe_in_bed1":4,"home_type":"ไม่มี","date_survey":"1 เมษายน 2021","pipe_in_bed4":0,"pump1_type":"หอยโข่ง","pump5_volume":0,"owner":"ธนบุรี","pump4_type":"-","area_p1_pic":"BMA\\VDO_DRONE\\SUMP\\BWS021_A1.jpg","pump3_volume":0,"pump1_catagory":"ไฟฟ้า","objectid_1":124,"pump2_catagory":"-","sump_bed":"4.8","pipe_in_dimention1":0.6,"pipe_in_dimention2":0,"pipe_in_dimention3":0,"meter_code":"MEA-TOU-9170064","pipe_in_dimention4":0,"pump1_volume":0.05,"hpl_areap1":"G:\\BMA\\VDO_DRONE\\SUMP\\BWS021_A1.jpg","surveillant_name":"-","hpl_areap3":"G:\\BMA\\VDO_DRONE\\SUMP\\BWS021_A3.jpg","district_id":"1015","hpl_areap2":"G:\\BMA\\VDO_DRONE\\SUMP\\BWS021_A2.jpg","hpl_areap5":"","hpl_areap4":"G:\\BMA\\VDO_DRONE\\SUMP\\BWS021_A4.jpg","objectid":124,"pump_amount":"1"}},{"geometry":{"type":"Point","coordinates":[100.49305699997679,13.740179999609998],"crs":null},"id":125,"type":"Feature","properties":{"utm_x":661432.2062,"pump3_catagory":"-","year":"2564","accessibility":"ริมแม่น้ำเจ้าพระยา ชุมชนกุฎีจีน","pump5_type":"-","sump_type":"บ่อสูบน้ำ","utm_y":1519491.482,"area_p1_y":100.493057,"area_p1_x":13.74018,"area_p3_y":100.493057,"sump_length":2.2,"area_p3_x":13.74018,"hpl_mdb":"G:\\BMA\\VDO_DRONE\\SUMP\\BWS020_MD.jpg","home_pic":"","sump_depth":2,"pump2_volume":0,"pump4_volume":0,"meter":200,"surveillant_mobile":"-","telephone":"-","mdb":200,"hpl_trans":"G:\\BMA\\VDO_DRONE\\SUMP\\BWS020_TR.jpg","volume":5.72,"subdistrict_id":"101501","hpl_home":"","sump_area":"กรุงเทพธนบุรี","sump_width":1.3,"fd_prevent_code":"31","area_p3_pic":"BMA\\VDO_DRONE\\SUMP\\BWS020_A3.jpg","district_t":"ธนบุรี","pump4_catagory":"-","sump_name":"บ่อสูบน้ำชุมชนกุฎีจีน","mea_tel":"0-2221-0812, 0-2220-5222, 0-2220-5333","area_p4_pic":"BMA\\VDO_DRONE\\SUMP\\BWS020_A4.jpg","transformer":225,"mea":"เขตวัดเลียบ","trans_pic":"BMA\\VDO_DRONE\\SUMP\\BWS020_TR.jpg","pump2_type":"-","mdb_pic":"BMA\\VDO_DRONE\\SUMP\\BWS020_MD.jpg","area_p4_y":100.493057,"meter_pic":"BMA\\VDO_DRONE\\SUMP\\BWS020_ME.jpg","area_p2_x":13.74018,"sump_code":"BW.S.020","area_p4_x":13.74018,"amount5":"-","area_p2_y":100.493057,"amount4":"-","pump5_catagory":"-","hpl_meter":"G:\\BMA\\VDO_DRONE\\SUMP\\BWS020_ME.jpg","pump3_type":"-","amount3":"-","amount2":"-","area_p2_pic":"BMA\\VDO_DRONE\\SUMP\\BWS020_A2.jpg","gate_type":"1","amount1":"1","area_p5_pic":"","reflex_area":"กรุงเทพธนบุรี","pipe_in_bed2":0,"pipe_in_bed3":0,"pipe_in_bed1":1.8,"home_type":"ไม่มี","date_survey":"1 เมษายน 2021","pipe_in_bed4":0,"pump1_type":"หอยโข่ง","pump5_volume":0,"owner":"ธนบุรี","pump4_type":"-","area_p1_pic":"BMA\\VDO_DRONE\\SUMP\\BWS020_A1.jpg","pump3_volume":0,"pump1_catagory":"ไฟฟ้า","objectid_1":125,"pump2_catagory":"-","sump_bed":"2","pipe_in_dimention1":0.8,"pipe_in_dimention2":0,"pipe_in_dimention3":0,"meter_code":"MEA-TOU-031010","pipe_in_dimention4":0,"pump1_volume":0.3,"hpl_areap1":"G:\\BMA\\VDO_DRONE\\SUMP\\BWS020_A1.jpg","surveillant_name":"-","hpl_areap3":"G:\\BMA\\VDO_DRONE\\SUMP\\BWS020_A3.jpg","district_id":"1015","hpl_areap2":"G:\\BMA\\VDO_DRONE\\SUMP\\BWS020_A2.jpg","hpl_areap5":"","hpl_areap4":"G:\\BMA\\VDO_DRONE\\SUMP\\BWS020_A4.jpg","objectid":125,"pump_amount":"1"}},{"geometry":{"type":"Point","coordinates":[100.49280800013936,13.740342996158391],"crs":null},"id":126,"type":"Feature","properties":{"utm_x":661405.1668,"pump3_catagory":"-","year":"2564","accessibility":"ศาลเจ้าแม่กวนอิมริมแม่น้ำ","pump5_type":"-","sump_type":"บ่อสูบน้ำ","utm_y":1519509.347,"area_p1_y":100.492808,"area_p1_x":13.740343,"area_p3_y":100.492808,"sump_length":3.2,"area_p3_x":13.740343,"hpl_mdb":"G:\\BMA\\VDO_DRONE\\SUMP\\BWS019_MD.jpg","home_pic":"","sump_depth":3.5,"pump2_volume":0,"pump4_volume":0,"meter":150,"surveillant_mobile":"-","telephone":"-","mdb":125,"hpl_trans":"G:\\BMA\\VDO_DRONE\\SUMP\\BWS019_TR.jpg","volume":17.92,"subdistrict_id":"101501","hpl_home":"","sump_area":"กรุงเทพธนบุรี","sump_width":1.6,"fd_prevent_code":"31","area_p3_pic":"BMA\\VDO_DRONE\\SUMP\\BWS019_A3.jpg","district_t":"ธนบุรี","pump4_catagory":"-","sump_name":"บ่อสูบน้ำข้างศาลเจ้าแม่กวนอิม","mea_tel":"0-2221-0812, 0-2220-5222, 0-2220-5333","area_p4_pic":"BMA\\VDO_DRONE\\SUMP\\BWS019_A4.jpg","transformer":225,"mea":"เขตวัดเลียบ","trans_pic":"BMA\\VDO_DRONE\\SUMP\\BWS019_TR.jpg","pump2_type":"-","mdb_pic":"BMA\\VDO_DRONE\\SUMP\\BWS019_MD.jpg","area_p4_y":100.492808,"meter_pic":"BMA\\VDO_DRONE\\SUMP\\BWS019_ME.jpg","area_p2_x":13.740343,"sump_code":"BW.S.019","area_p4_x":13.740343,"amount5":"-","area_p2_y":100.492808,"amount4":"-","pump5_catagory":"-","hpl_meter":"G:\\BMA\\VDO_DRONE\\SUMP\\BWS019_ME.jpg","pump3_type":"-","amount3":"-","amount2":"-","area_p2_pic":"BMA\\VDO_DRONE\\SUMP\\BWS019_A2.jpg","gate_type":"1","amount1":"1","area_p5_pic":"BMA\\VDO_DRONE\\SUMP\\BWS019_A5.jpg","reflex_area":"กรุงเทพธนบุรี","pipe_in_bed2":0,"pipe_in_bed3":0,"pipe_in_bed1":3,"home_type":"ไม่มี","date_survey":"1 เมษายน 2021","pipe_in_bed4":0,"pump1_type":"หอยโข่ง","pump5_volume":0,"owner":"ธนบุรี","pump4_type":"-","area_p1_pic":"BMA\\VDO_DRONE\\SUMP\\BWS019_A1.jpg","pump3_volume":0,"pump1_catagory":"ไฟฟ้า","objectid_1":126,"pump2_catagory":"-","sump_bed":"3.5","pipe_in_dimention1":0.8,"pipe_in_dimention2":0,"pipe_in_dimention3":0,"meter_code":"MEA-TOU-9176238","pipe_in_dimention4":0,"pump1_volume":0.05,"hpl_areap1":"G:\\BMA\\VDO_DRONE\\SUMP\\BWS019_A1.jpg","surveillant_name":"-","hpl_areap3":"G:\\BMA\\VDO_DRONE\\SUMP\\BWS019_A3.jpg","district_id":"1015","hpl_areap2":"G:\\BMA\\VDO_DRONE\\SUMP\\BWS019_A2.jpg","hpl_areap5":"G:\\BMA\\VDO_DRONE\\SUMP\\BWS019_A5.jpg","hpl_areap4":"G:\\BMA\\VDO_DRONE\\SUMP\\BWS019_A4.jpg","objectid":126,"pump_amount":"1"}},{"geometry":{"type":"Point","coordinates":[100.49730300029893,13.74031799765033],"crs":null},"id":127,"type":"Feature","properties":{"utm_x":661891.2904,"pump3_catagory":"-","year":"2564","accessibility":"ใต้สะพานพุทธ  ซอยเอ็มไพร์ริมแม่น้ำ","pump5_type":"-","sump_type":"บ่อสูบน้ำ","utm_y":1519509.595,"area_p1_y":100.497271,"area_p1_x":13.740373,"area_p3_y":100.497326,"sump_length":3.1,"area_p3_x":13.740297,"hpl_mdb":"G:\\BMA\\VDO_DRONE\\SUMP\\BSS058_MD.jpg","home_pic":"BMA\\VDO_DRONE\\SUMP\\BSS058_HO.jpg","sump_depth":2.5,"pump2_volume":0,"pump4_volume":0,"meter":150,"surveillant_mobile":"-","telephone":"-","mdb":250,"hpl_trans":"G:\\BMA\\VDO_DRONE\\SUMP\\BSS058_TR.jpg","volume":11.63,"subdistrict_id":"100102","hpl_home":"G:\\BMA\\VDO_DRONE\\SUMP\\BSS058_HO.jpg","sump_area":"กรุงเทพใต้","sump_width":1.5,"fd_prevent_code":"10","area_p3_pic":"","district_t":"พระนคร","pump4_catagory":"-","sump_name":"บ่อสูบน้ำใต้สะพานพุทธ","mea_tel":"0-2221-0812, 0-2220-5222, 0-2220-5333","area_p4_pic":"","transformer":500,"mea":"เขตวัดเลียบ","trans_pic":"BMA\\VDO_DRONE\\SUMP\\BSS058_TR.jpg","pump2_type":"-","mdb_pic":"BMA\\VDO_DRONE\\SUMP\\BSS058_MD.jpg","area_p4_y":100.497279,"meter_pic":"BMA\\VDO_DRONE\\SUMP\\BSS058_ME.jpg","area_p2_x":13.740339,"sump_code":"BS.S.058","area_p4_x":13.740294,"amount5":"-","area_p2_y":100.497225,"amount4":"-","pump5_catagory":"-","hpl_meter":"G:\\BMA\\VDO_DRONE\\SUMP\\BSS058_ME.jpg","pump3_type":"-","amount3":"-","amount2":"-","area_p2_pic":"BMA\\VDO_DRONE\\SUMP\\BSS058_A2.jpg","gate_type":"1","amount1":"1","area_p5_pic":"","reflex_area":"กรุงเทพใต้","pipe_in_bed2":0,"pipe_in_bed3":0,"pipe_in_bed1":2.1,"home_type":"ตู้พักอาศัยขนาดเล็ก","date_survey":"7 มิถุนายน 2021","pipe_in_bed4":0,"pump1_type":"หอยโข่ง","pump5_volume":0,"owner":"พระนคร","pump4_type":"-","area_p1_pic":"BMA\\VDO_DRONE\\SUMP\\BSS058_A1.jpg","pump3_volume":0,"pump1_catagory":"ไฟฟ้า","objectid_1":127,"pump2_catagory":"-","sump_bed":"2.5","pipe_in_dimention1":0.8,"pipe_in_dimention2":0,"pipe_in_dimention3":0,"meter_code":"MEA-TOU-9211628","pipe_in_dimention4":0,"pump1_volume":0.3,"hpl_areap1":"G:\\BMA\\VDO_DRONE\\SUMP\\BSS058_A1.jpg","surveillant_name":"-","hpl_areap3":"","district_id":"1001","hpl_areap2":"G:\\BMA\\VDO_DRONE\\SUMP\\BSS058_A2.jpg","hpl_areap5":"","hpl_areap4":"","objectid":127,"pump_amount":"1"}},{"geometry":{"type":"Point","coordinates":[100.49264200006907,13.740478001354857],"crs":null},"id":128,"type":"Feature","properties":{"utm_x":661387.1225,"pump3_catagory":"-","year":"2564","accessibility":"ริมแม่น้ำในวัดกัลยาณมิตรวรมหาวิหาร\r\nวัดกัลยาณมิตรวรมหาวิหาร\r\n","pump5_type":"-","sump_type":"บ่อสูบน้ำ","utm_y":1519524.171,"area_p1_y":100.492642,"area_p1_x":13.740478,"area_p3_y":100.492642,"sump_length":3.2,"area_p3_x":13.740478,"hpl_mdb":"G:\\BMA\\VDO_DRONE\\SUMP\\BWS018_MD.jpg","home_pic":"","sump_depth":3.7,"pump2_volume":0,"pump4_volume":0,"meter":150,"surveillant_mobile":"-","telephone":"-","mdb":125,"hpl_trans":"G:\\BMA\\VDO_DRONE\\SUMP\\BWS018_TR.jpg","volume":18.94,"subdistrict_id":"101501","hpl_home":"","sump_area":"กรุงเทพธนบุรี","sump_width":1.6,"fd_prevent_code":"31","area_p3_pic":"BMA\\VDO_DRONE\\SUMP\\BWS018_A3.jpg","district_t":"ธนบุรี","pump4_catagory":"-","sump_name":"บ่อสูบน้ำข้างวัดกัลยาณมิตร","mea_tel":"0-2221-0812, 0-2220-5222, 0-2220-5333","area_p4_pic":"BMA\\VDO_DRONE\\SUMP\\BWS018_A4.jpg","transformer":225,"mea":"เขตวัดเลียบ","trans_pic":"BMA\\VDO_DRONE\\SUMP\\BWS018_TR.jpg","pump2_type":"-","mdb_pic":"BMA\\VDO_DRONE\\SUMP\\BWS018_MD.jpg","area_p4_y":100.492642,"meter_pic":"BMA\\VDO_DRONE\\SUMP\\BWS018_ME.jpg","area_p2_x":13.740478,"sump_code":"BW.S.018","area_p4_x":13.740478,"amount5":"-","area_p2_y":100.492642,"amount4":"-","pump5_catagory":"-","hpl_meter":"G:\\BMA\\VDO_DRONE\\SUMP\\BWS018_ME.jpg","pump3_type":"-","amount3":"-","amount2":"-","area_p2_pic":"BMA\\VDO_DRONE\\SUMP\\BWS018_A2.jpg","gate_type":"1","amount1":"1","area_p5_pic":"","reflex_area":"กรุงเทพธนบุรี","pipe_in_bed2":0,"pipe_in_bed3":0,"pipe_in_bed1":3.1,"home_type":"ไม่มี","date_survey":"1 เมษายน 2021","pipe_in_bed4":0,"pump1_type":"หอยโข่ง","pump5_volume":0,"owner":"ธนบุรี","pump4_type":"-","area_p1_pic":"BMA\\VDO_DRONE\\SUMP\\BWS018_A1.jpg","pump3_volume":0,"pump1_catagory":"ไฟฟ้า","objectid_1":128,"pump2_catagory":"-","sump_bed":"3.7","pipe_in_dimention1":0.6,"pipe_in_dimention2":0,"pipe_in_dimention3":0,"meter_code":"MEA-TOU-9176204","pipe_in_dimention4":0,"pump1_volume":0.05,"hpl_areap1":"G:\\BMA\\VDO_DRONE\\SUMP\\BWS018_A1.jpg","surveillant_name":"-","hpl_areap3":"G:\\BMA\\VDO_DRONE\\SUMP\\BWS018_A3.jpg","district_id":"1015","hpl_areap2":"G:\\BMA\\VDO_DRONE\\SUMP\\BWS018_A2.jpg","hpl_areap5":"","hpl_areap4":"G:\\BMA\\VDO_DRONE\\SUMP\\BWS018_A4.jpg","objectid":128,"pump_amount":"1"}},{"geometry":{"type":"Point","coordinates":[100.5896949995904,13.741351998083042],"crs":null},"id":129,"type":"Feature","properties":{"utm_x":671882.361,"pump3_catagory":"-","year":"2564","accessibility":"ใกล้ๆวัดภาษี","pump5_type":"-","sump_type":"บ่อสูบน้ำ","utm_y":1519687.937,"area_p1_y":100.589707,"area_p1_x":13.741347,"area_p3_y":100.589786,"sump_length":19.3,"area_p3_x":13.741484,"hpl_mdb":"G:\\BMA\\VDO_DRONE\\SUMP\\BSS029_MD.jpg","home_pic":"BMA\\VDO_DRONE\\SUMP\\BSS029_HO.jpg","sump_depth":9.6,"pump2_volume":0,"pump4_volume":0,"meter":400,"surveillant_mobile":"-","telephone":"-","mdb":400,"hpl_trans":"G:\\BMA\\VDO_DRONE\\SUMP\\BSS029_TR.jpg","volume":741.12,"subdistrict_id":"103902","hpl_home":"G:\\BMA\\VDO_DRONE\\SUMP\\BSS029_HO.jpg","sump_area":"กรุงเทพใต้","sump_width":4,"fd_prevent_code":"13","area_p3_pic":"BMA\\VDO_DRONE\\SUMP\\BSS029_A3.jpg","district_t":"วัฒนา","pump4_catagory":"-","sump_name":"บ่อสูบน้ำเอกมัย","mea_tel":"0-2725-5211 , 0-2314-0668","area_p4_pic":"BMA\\VDO_DRONE\\SUMP\\BSS029_A4.jpg","transformer":2500,"mea":"เขตบางกะปิ","trans_pic":"BMA\\VDO_DRONE\\SUMP\\BSS029_TR.jpg","pump2_type":"-","mdb_pic":"BMA\\VDO_DRONE\\SUMP\\BSS029_MD.jpg","area_p4_y":100.589795,"meter_pic":"BMA\\VDO_DRONE\\SUMP\\BSS029_ME.jpg","area_p2_x":13.741422,"sump_code":"BS.S.029","area_p4_x":13.741486,"amount5":"-","area_p2_y":100.589693,"amount4":"-","pump5_catagory":"-","hpl_meter":"G:\\BMA\\VDO_DRONE\\SUMP\\BSS029_ME.jpg","pump3_type":"-","amount3":"-","amount2":"-","area_p2_pic":"","gate_type":"8","amount1":"6","area_p5_pic":"","reflex_area":"กรุงเทพใต้","pipe_in_bed2":2,"pipe_in_bed3":3.2,"pipe_in_bed1":2,"home_type":"ตู้คอนเทนเนอร์","date_survey":"5 มิถุนายน 2021","pipe_in_bed4":0,"pump1_type":"ซับเมิร์ส","pump5_volume":0,"owner":"วัฒนา","pump4_type":"-","area_p1_pic":"BMA\\VDO_DRONE\\SUMP\\BSS029_A1.jpg","pump3_volume":0,"pump1_catagory":"ไฟฟ้า","objectid_1":129,"pump2_catagory":"-","sump_bed":"9.6","pipe_in_dimention1":1.2,"pipe_in_dimention2":1.2,"pipe_in_dimention3":2,"meter_code":"MEA-26046087","pipe_in_dimention4":0,"pump1_volume":1,"hpl_areap1":"G:\\BMA\\VDO_DRONE\\SUMP\\BSS029_A1.jpg","surveillant_name":"-","hpl_areap3":"G:\\BMA\\VDO_DRONE\\SUMP\\BSS029_A3.jpg","district_id":"1039","hpl_areap2":"","hpl_areap5":"","hpl_areap4":"G:\\BMA\\VDO_DRONE\\SUMP\\BSS029_A4.jpg","objectid":129,"pump_amount":"6"}},{"geometry":{"type":"Point","coordinates":[100.59802405969376,13.74157093508352],"crs":null},"id":130,"type":"Feature","properties":{"utm_x":672782.9703,"pump3_catagory":"-","year":"2564","accessibility":"แนนซี่อาบอบนวดใต้สะพานข้ามคลองตัน ถนนเพชรบุรีตัดใหม่","pump5_type":"-","sump_type":"บ่อสูบน้ำ","utm_y":1519718.112,"area_p1_y":100.597774,"area_p1_x":13.741687,"area_p3_y":100.597774,"sump_length":4,"area_p3_x":13.741687,"hpl_mdb":"G:\\BMA\\VDO_DRONE\\SUMP\\BNS090_MD.jpg","home_pic":"BMA\\VDO_DRONE\\SUMP\\BNS090_HO.jpg","sump_depth":4.5,"pump2_volume":0,"pump4_volume":0,"meter":200,"surveillant_mobile":"-","telephone":"-","mdb":250,"hpl_trans":"G:\\BMA\\VDO_DRONE\\SUMP\\BNS090_TR.jpg","volume":39.6,"subdistrict_id":"101702","hpl_home":"G:\\BMA\\VDO_DRONE\\SUMP\\BNS090_HO.jpg","sump_area":"กรุงเทพเหนือ","sump_width":2.2,"fd_prevent_code":"06","area_p3_pic":"BMA\\VDO_DRONE\\SUMP\\BNS090_A3.jpg","district_t":"ห้วยขวาง","pump4_catagory":"-","sump_name":"บ่อสูบน้ำตรงข้ามบีวาอาบอบนวด","mea_tel":"-","area_p4_pic":"BMA\\VDO_DRONE\\SUMP\\BNS090_A4.jpg","transformer":500,"mea":"-","trans_pic":"BMA\\VDO_DRONE\\SUMP\\BNS090_TR.jpg","pump2_type":"-","mdb_pic":"BMA\\VDO_DRONE\\SUMP\\BNS090_MD.jpg","area_p4_y":100.597774,"meter_pic":"BMA\\VDO_DRONE\\SUMP\\BNS090_ME.jpg","area_p2_x":13.741687,"sump_code":"BN.S.090","area_p4_x":13.741687,"amount5":"-","area_p2_y":100.597774,"amount4":"-","pump5_catagory":"-","hpl_meter":"G:\\BMA\\VDO_DRONE\\SUMP\\BNS090_ME.jpg","pump3_type":"-","amount3":"-","amount2":"-","area_p2_pic":"BMA\\VDO_DRONE\\SUMP\\BNS090_A2.jpg","gate_type":"8","amount1":"1","area_p5_pic":"BMA\\VDO_DRONE\\SUMP\\BNS090_A5.jpg","reflex_area":"กรุงเทพเหนือ","pipe_in_bed2":0,"pipe_in_bed3":0,"pipe_in_bed1":3,"home_type":"ไม่มี","date_survey":"4 มีนาคม 2021","pipe_in_bed4":0,"pump1_type":"ซับเมิร์ส","pump5_volume":0,"owner":"ห้วยขวาง","pump4_type":"-","area_p1_pic":"BMA\\VDO_DRONE\\SUMP\\BNS090_A1.jpg","pump3_volume":0,"pump1_catagory":"ไฟฟ้า","objectid_1":130,"pump2_catagory":"-","sump_bed":"4.5","pipe_in_dimention1":1.2,"pipe_in_dimention2":0,"pipe_in_dimention3":0,"meter_code":"MEA-TOU-9154677","pipe_in_dimention4":0,"pump1_volume":1,"hpl_areap1":"G:\\BMA\\VDO_DRONE\\SUMP\\BNS090_A1.jpg","surveillant_name":"-","hpl_areap3":"G:\\BMA\\VDO_DRONE\\SUMP\\BNS090_A3.jpg","district_id":"1017","hpl_areap2":"G:\\BMA\\VDO_DRONE\\SUMP\\BNS090_A2.jpg","hpl_areap5":"G:\\BMA\\VDO_DRONE\\SUMP\\BNS090_A5.jpg","hpl_areap4":"G:\\BMA\\VDO_DRONE\\SUMP\\BNS090_A4.jpg","objectid":130,"pump_amount":"1"}},{"geometry":{"type":"Point","coordinates":[100.59835899975137,13.741640996040944],"crs":null},"id":131,"type":"Feature","properties":{"utm_x":672819.142,"pump3_catagory":"ไฟฟ้า","year":"2564","accessibility":"ใต้ถนนเพชรบุรีตัดใหม่ ใกล้คลองตัน","pump5_type":"-","sump_type":"บ่อสูบน้ำ","utm_y":1519726.103,"area_p1_y":100.682412,"area_p1_x":13.849533,"area_p3_y":100.682412,"sump_length":9.8,"area_p3_x":13.849533,"hpl_mdb":"G:\\BMA\\VDO_DRONE\\SUMP\\BES032_MD.jpg","home_pic":"BMA\\VDO_DRONE\\SUMP\\BES032_HO.jpg","sump_depth":5,"pump2_volume":0.2,"pump4_volume":0,"meter":400,"surveillant_mobile":"-","telephone":"-","mdb":400,"hpl_trans":"","volume":254.8,"subdistrict_id":"103403","hpl_home":"G:\\BMA\\VDO_DRONE\\SUMP\\BES032_HO.jpg","sump_area":"กรุงเทพตะวันออก","sump_width":5.2,"fd_prevent_code":"06","area_p3_pic":"BMA\\VDO_DRONE\\SUMP\\BES032_A3.jpg","district_t":"สวนหลวง","pump4_catagory":"-","sump_name":"บ่อสูบน้ำสุเหร่าคลองตัน แยกคลองตัน","mea_tel":"0-2725-5211 , 0-2314-0668","area_p4_pic":"","transformer":0,"mea":"เขตบางกะปิ","trans_pic":"","pump2_type":"ซับเมิร์ส","mdb_pic":"BMA\\VDO_DRONE\\SUMP\\BES032_MD.jpg","area_p4_y":100.682412,"meter_pic":"BMA\\VDO_DRONE\\SUMP\\BES032_ME.jpg","area_p2_x":13.849533,"sump_code":"BE.S.032","area_p4_x":13.849533,"amount5":"-","area_p2_y":100.682412,"amount4":"-","pump5_catagory":"-","hpl_meter":"G:\\BMA\\VDO_DRONE\\SUMP\\BES032_ME.jpg","pump3_type":"ซับเมิร์ส","amount3":"1","amount2":"1","area_p2_pic":"BMA\\VDO_DRONE\\SUMP\\BES032_A2.jpg","gate_type":"5","amount1":"1","area_p5_pic":"","reflex_area":"กรุงเทพตะวันออก","pipe_in_bed2":0,"pipe_in_bed3":0,"pipe_in_bed1":2.1,"home_type":"ตู้คอนเทนเนอร์","date_survey":"21 กุมภาพันธ์ 2021","pipe_in_bed4":0,"pump1_type":"ซับเมิร์ส","pump5_volume":0,"owner":"สวนหลวง","pump4_type":"-","area_p1_pic":"BMA\\VDO_DRONE\\SUMP\\BES032_A1.jpg","pump3_volume":1,"pump1_catagory":"ไฟฟ้า","objectid_1":131,"pump2_catagory":"ไฟฟ้า","sump_bed":"5","pipe_in_dimention1":1.2,"pipe_in_dimention2":0,"pipe_in_dimention3":0,"meter_code":"MEA-TOU-9065679","pipe_in_dimention4":0,"pump1_volume":0.13,"hpl_areap1":"G:\\BMA\\VDO_DRONE\\SUMP\\BES032_A1.jpg","surveillant_name":"-","hpl_areap3":"G:\\BMA\\VDO_DRONE\\SUMP\\BES032_A3.jpg","district_id":"1034","hpl_areap2":"G:\\BMA\\VDO_DRONE\\SUMP\\BES032_A2.jpg","hpl_areap5":"","hpl_areap4":"","objectid":131,"pump_amount":"3"}},{"geometry":{"type":"Point","coordinates":[100.59817296733459,13.741944150736117],"crs":null},"id":132,"type":"Feature","properties":{"utm_x":672798.8007,"pump3_catagory":"-","year":"2564","accessibility":"ท่าเรือสะพานคลองตัน ตรงข้ามแนนซี่อาบอบนวด","pump5_type":"-","sump_type":"บ่อสูบน้ำ","utm_y":1519759.508,"area_p1_y":100.598212,"area_p1_x":13.741858,"area_p3_y":100.598212,"sump_length":4.9,"area_p3_x":13.741858,"hpl_mdb":"G:\\BMA\\VDO_DRONE\\SUMP\\BNS089_MD.jpg","home_pic":"BMA\\VDO_DRONE\\SUMP\\BNS089_HO.jpg","sump_depth":3.5,"pump2_volume":0,"pump4_volume":0,"meter":200,"surveillant_mobile":"-","telephone":"-","mdb":250,"hpl_trans":"G:\\BMA\\VDO_DRONE\\SUMP\\BNS089_TR.jpg","volume":46.31,"subdistrict_id":"101702","hpl_home":"G:\\BMA\\VDO_DRONE\\SUMP\\BNS089_HO.jpg","sump_area":"กรุงเทพเหนือ","sump_width":2.7,"fd_prevent_code":"06","area_p3_pic":"BMA\\VDO_DRONE\\SUMP\\BNS089_A3.jpg","district_t":"ห้วยขวาง","pump4_catagory":"-","sump_name":"บ่อสูบน้ำหน้าบีวาอาบอบนวด","mea_tel":"-","area_p4_pic":"BMA\\VDO_DRONE\\SUMP\\BNS089_A4.jpg","transformer":225,"mea":"-","trans_pic":"BMA\\VDO_DRONE\\SUMP\\BNS089_TR.jpg","pump2_type":"-","mdb_pic":"BMA\\VDO_DRONE\\SUMP\\BNS089_MD.jpg","area_p4_y":100.598212,"meter_pic":"BMA\\VDO_DRONE\\SUMP\\BNS089_ME.jpg","area_p2_x":13.741858,"sump_code":"BN.S.089","area_p4_x":13.741858,"amount5":"-","area_p2_y":100.598212,"amount4":"-","pump5_catagory":"-","hpl_meter":"G:\\BMA\\VDO_DRONE\\SUMP\\BNS089_ME.jpg","pump3_type":"-","amount3":"-","amount2":"-","area_p2_pic":"BMA\\VDO_DRONE\\SUMP\\BNS089_A2.jpg","gate_type":"8","amount1":"1","area_p5_pic":"BMA\\VDO_DRONE\\SUMP\\BNS089_A5.jpg","reflex_area":"กรุงเทพเหนือ","pipe_in_bed2":0,"pipe_in_bed3":0,"pipe_in_bed1":2.5,"home_type":"ไม่มี","date_survey":"4 มีนาคม 2021","pipe_in_bed4":0,"pump1_type":"ซับเมิร์ส","pump5_volume":0,"owner":"ห้วยขวาง","pump4_type":"-","area_p1_pic":"BMA\\VDO_DRONE\\SUMP\\BNS089_A1.jpg","pump3_volume":0,"pump1_catagory":"ไฟฟ้า","objectid_1":132,"pump2_catagory":"-","sump_bed":"3.5","pipe_in_dimention1":1.2,"pipe_in_dimention2":0,"pipe_in_dimention3":0,"meter_code":"MEA-TOU-9157480","pipe_in_dimention4":0,"pump1_volume":1,"hpl_areap1":"G:\\BMA\\VDO_DRONE\\SUMP\\BNS089_A1.jpg","surveillant_name":"-","hpl_areap3":"G:\\BMA\\VDO_DRONE\\SUMP\\BNS089_A3.jpg","district_id":"1017","hpl_areap2":"G:\\BMA\\VDO_DRONE\\SUMP\\BNS089_A2.jpg","hpl_areap5":"G:\\BMA\\VDO_DRONE\\SUMP\\BNS089_A5.jpg","hpl_areap4":"G:\\BMA\\VDO_DRONE\\SUMP\\BNS089_A4.jpg","objectid":132,"pump_amount":"1"}},{"geometry":{"type":"Point","coordinates":[100.56757899977015,13.742462999366284],"crs":null},"id":133,"type":"Feature","properties":{"utm_x":669489.7802,"pump3_catagory":"-","year":"2564","accessibility":"ซอยสุขุมวิท31(ซอยสวัสดี) ที่จอดรถGardettใกล้เซเว่น","pump5_type":"-","sump_type":"บ่อสูบน้ำ","utm_y":1519795.189,"area_p1_y":100.566898,"area_p1_x":13.741162,"area_p3_y":100.566926,"sump_length":27,"area_p3_x":13.741207,"hpl_mdb":"G:\\BMA\\VDO_DRONE\\SUMP\\BSS028_MD.jpg","home_pic":"BMA\\VDO_DRONE\\SUMP\\BSS028_HO.jpg","sump_depth":9,"pump2_volume":0,"pump4_volume":0,"meter":5,"surveillant_mobile":"-","telephone":"-","mdb":2000,"hpl_trans":"G:\\BMA\\VDO_DRONE\\SUMP\\BSS028_TR.jpg","volume":972,"subdistrict_id":"103901","hpl_home":"G:\\BMA\\VDO_DRONE\\SUMP\\BSS028_HO.jpg","sump_area":"กรุงเทพใต้","sump_width":4,"fd_prevent_code":"13","area_p3_pic":"BMA\\VDO_DRONE\\SUMP\\BSS028_A3.jpg","district_t":"วัฒนา","pump4_catagory":"-","sump_name":"บ่อสูบน้ำสุขุมวิท 31 (สวัสดี)","mea_tel":"0-2725-5211 , 0-2314-0668","area_p4_pic":"BMA\\VDO_DRONE\\SUMP\\BSS028_A4.jpg","transformer":2500,"mea":"เขตบางกะปิ","trans_pic":"BMA\\VDO_DRONE\\SUMP\\BSS028_TR.jpg","pump2_type":"-","mdb_pic":"BMA\\VDO_DRONE\\SUMP\\BSS028_MD.jpg","area_p4_y":100.566943,"meter_pic":"BMA\\VDO_DRONE\\SUMP\\BSS028_ME.jpg","area_p2_x":13.741138,"sump_code":"BS.S.028","area_p4_x":13.741212,"amount5":"-","area_p2_y":100.566867,"amount4":"-","pump5_catagory":"-","hpl_meter":"G:\\BMA\\VDO_DRONE\\SUMP\\BSS028_ME.jpg","pump3_type":"-","amount3":"-","amount2":"-","area_p2_pic":"BMA\\VDO_DRONE\\SUMP\\BSS028_A2.jpg","gate_type":"9","amount1":"4","area_p5_pic":"BMA\\VDO_DRONE\\SUMP\\BSS028_A5.jpg","reflex_area":"กรุงเทพใต้","pipe_in_bed2":0,"pipe_in_bed3":0,"pipe_in_bed1":9,"home_type":"ไม่มี","date_survey":"5 มิถุนายน 2021","pipe_in_bed4":0,"pump1_type":"ซับเมิร์ส","pump5_volume":0,"owner":"วัฒนา","pump4_type":"-","area_p1_pic":"BMA\\VDO_DRONE\\SUMP\\BSS028_A1.jpg","pump3_volume":0,"pump1_catagory":"ไฟฟ้า","objectid_1":133,"pump2_catagory":"-","sump_bed":"9","pipe_in_dimention1":2,"pipe_in_dimention2":0,"pipe_in_dimention3":0,"meter_code":"A261-5007751-OE","pipe_in_dimention4":0,"pump1_volume":1,"hpl_areap1":"G:\\BMA\\VDO_DRONE\\SUMP\\BSS028_A1.jpg","surveillant_name":"-","hpl_areap3":"G:\\BMA\\VDO_DRONE\\SUMP\\BSS028_A3.jpg","district_id":"1039","hpl_areap2":"G:\\BMA\\VDO_DRONE\\SUMP\\BSS028_A2.jpg","hpl_areap5":"G:\\BMA\\VDO_DRONE\\SUMP\\BSS028_A5.jpg","hpl_areap4":"G:\\BMA\\VDO_DRONE\\SUMP\\BSS028_A4.jpg","objectid":133,"pump_amount":"4"}},{"geometry":{"type":"Point","coordinates":[100.49287299966471,13.74295299616268],"crs":null},"id":134,"type":"Feature","properties":{"utm_x":661410.4086,"pump3_catagory":"-","year":"2564","accessibility":"ท่าเรือราชินีในซอยท่าข้าม ข้างโรงเรียนราชินี","pump5_type":"-","sump_type":"บ่อสูบน้ำ","utm_y":1519798.125,"area_p1_y":100.492861,"area_p1_x":13.742959,"area_p3_y":100.492899,"sump_length":1.2,"area_p3_x":13.742845,"hpl_mdb":"","home_pic":"BMA\\VDO_DRONE\\SUMP\\BSS003_HO.jpg","sump_depth":1.6,"pump2_volume":0,"pump4_volume":0,"meter":0,"surveillant_mobile":"-","telephone":"-","mdb":0,"hpl_trans":"","volume":4.22,"subdistrict_id":"100101","hpl_home":"G:\\BMA\\VDO_DRONE\\SUMP\\BSS003_HO.jpg","sump_area":"กรุงเทพใต้","sump_width":2.2,"fd_prevent_code":"10","area_p3_pic":"","district_t":"พระนคร","pump4_catagory":"-","sump_name":"บ่อสูบน้ำข้างโรงเรียนราชินี","mea_tel":"-","area_p4_pic":"","transformer":0,"mea":"-","trans_pic":"","pump2_type":"-","mdb_pic":"","area_p4_y":100.492855,"meter_pic":"","area_p2_x":13.742853,"sump_code":"BS.S.003","area_p4_x":13.742934,"amount5":"-","area_p2_y":100.492936,"amount4":"-","pump5_catagory":"-","hpl_meter":"","pump3_type":"-","amount3":"-","amount2":"-","area_p2_pic":"BMA\\VDO_DRONE\\SUMP\\BSS003_A2.jpg","gate_type":"8","amount1":"2","area_p5_pic":"","reflex_area":"กรุงเทพใต้","pipe_in_bed2":0,"pipe_in_bed3":0,"pipe_in_bed1":0.7,"home_type":"ตู้พักอาศัยขนาดเล็ก","date_survey":"3 มีนาคม 2021","pipe_in_bed4":0,"pump1_type":"ไฮดรอลิค","pump5_volume":0,"owner":"พระนคร","pump4_type":"-","area_p1_pic":"BMA\\VDO_DRONE\\SUMP\\BSS003_A1.jpg","pump3_volume":0,"pump1_catagory":"ดีเซล","objectid_1":134,"pump2_catagory":"-","sump_bed":"1.6","pipe_in_dimention1":0.6,"pipe_in_dimention2":0,"pipe_in_dimention3":0,"meter_code":"-","pipe_in_dimention4":0,"pump1_volume":0.08,"hpl_areap1":"G:\\BMA\\VDO_DRONE\\SUMP\\BSS003_A1.jpg","surveillant_name":"-","hpl_areap3":"","district_id":"1001","hpl_areap2":"G:\\BMA\\VDO_DRONE\\SUMP\\BSS003_A2.jpg","hpl_areap5":"","hpl_areap4":"","objectid":134,"pump_amount":"2"}},{"geometry":{"type":"Point","coordinates":[100.59010996722196,13.74252188173238],"crs":null},"id":135,"type":"Feature","properties":{"utm_x":671926.3853,"pump3_catagory":"-","year":"2564","accessibility":"สวนสมเด็จสราญราษฎร์มณีรมย์ ริมคลองตัน","pump5_type":"-","sump_type":"บ่อสูบน้ำ","utm_y":1519817.658,"area_p1_y":100.589264,"area_p1_x":13.742167,"area_p3_y":100.589264,"sump_length":7,"area_p3_x":13.742167,"hpl_mdb":"G:\\BMA\\VDO_DRONE\\SUMP\\BNS091_MD.jpg","home_pic":"BMA\\VDO_DRONE\\SUMP\\BNS091_HO.jpg","sump_depth":4.5,"pump2_volume":0,"pump4_volume":0,"meter":1000,"surveillant_mobile":"-","telephone":"-","mdb":800,"hpl_trans":"G:\\BMA\\VDO_DRONE\\SUMP\\BNS091_TR.jpg","volume":148.05,"subdistrict_id":"101702","hpl_home":"G:\\BMA\\VDO_DRONE\\SUMP\\BNS091_HO.jpg","sump_area":"กรุงเทพเหนือ","sump_width":4.7,"fd_prevent_code":"06","area_p3_pic":"BMA\\VDO_DRONE\\SUMP\\BNS091_A3.jpg","district_t":"ห้วยขวาง","pump4_catagory":"-","sump_name":"บ่อสูบน้ำเอกมัยแก้มลิง","mea_tel":"-","area_p4_pic":"BMA\\VDO_DRONE\\SUMP\\BNS091_A4.jpg","transformer":500,"mea":"-","trans_pic":"BMA\\VDO_DRONE\\SUMP\\BNS091_TR.jpg","pump2_type":"-","mdb_pic":"BMA\\VDO_DRONE\\SUMP\\BNS091_MD.jpg","area_p4_y":100.589264,"meter_pic":"BMA\\VDO_DRONE\\SUMP\\BNS091_ME.jpg","area_p2_x":13.742167,"sump_code":"BN.S.091","area_p4_x":13.742167,"amount5":"-","area_p2_y":100.589264,"amount4":"-","pump5_catagory":"-","hpl_meter":"G:\\BMA\\VDO_DRONE\\SUMP\\BNS091_ME.jpg","pump3_type":"-","amount3":"-","amount2":"-","area_p2_pic":"BMA\\VDO_DRONE\\SUMP\\BNS091_A2.jpg","gate_type":"4","amount1":"2","area_p5_pic":"BMA\\VDO_DRONE\\SUMP\\BNS091_A5.jpg","reflex_area":"กรุงเทพเหนือ","pipe_in_bed2":0,"pipe_in_bed3":0,"pipe_in_bed1":2.5,"home_type":"ตู้คอนเทนเนอร์","date_survey":"4 มีนาคม 2021","pipe_in_bed4":0,"pump1_type":"ซับเมิร์ส","pump5_volume":0,"owner":"ห้วยขวาง","pump4_type":"-","area_p1_pic":"BMA\\VDO_DRONE\\SUMP\\BNS091_A1.jpg","pump3_volume":0,"pump1_catagory":"ไฟฟ้า","objectid_1":135,"pump2_catagory":"-","sump_bed":"4.5","pipe_in_dimention1":2,"pipe_in_dimention2":0,"pipe_in_dimention3":0,"meter_code":"MEA-TOU-9181833","pipe_in_dimention4":0,"pump1_volume":1,"hpl_areap1":"G:\\BMA\\VDO_DRONE\\SUMP\\BNS091_A1.jpg","surveillant_name":"-","hpl_areap3":"G:\\BMA\\VDO_DRONE\\SUMP\\BNS091_A3.jpg","district_id":"1017","hpl_areap2":"G:\\BMA\\VDO_DRONE\\SUMP\\BNS091_A2.jpg","hpl_areap5":"G:\\BMA\\VDO_DRONE\\SUMP\\BNS091_A5.jpg","hpl_areap4":"G:\\BMA\\VDO_DRONE\\SUMP\\BNS091_A4.jpg","objectid":135,"pump_amount":"2"}},{"geometry":{"type":"Point","coordinates":[100.58568100030652,13.743061003038118],"crs":null},"id":136,"type":"Feature","properties":{"utm_x":671447.0135,"pump3_catagory":"ไฟฟ้า","year":"2564","accessibility":"ใต้สะพานใกล้สำนักงานเขตวัฒนา สุขุมวิท 55","pump5_type":"-","sump_type":"บ่อสูบน้ำ","utm_y":1519874.147,"area_p1_y":100.58559,"area_p1_x":13.743018,"area_p3_y":100.58559,"sump_length":7.3,"area_p3_x":13.743018,"hpl_mdb":"G:\\BMA\\VDO_DRONE\\SUMP\\BSS027_MD.jpg","home_pic":"BMA\\VDO_DRONE\\SUMP\\BSS027_HO.jpg","sump_depth":3.5,"pump2_volume":0.3,"pump4_volume":1,"meter":400,"surveillant_mobile":"-","telephone":"-","mdb":500,"hpl_trans":"G:\\BMA\\VDO_DRONE\\SUMP\\BSS027_TR.jpg","volume":97.09,"subdistrict_id":"103902","hpl_home":"G:\\BMA\\VDO_DRONE\\SUMP\\BSS027_HO.jpg","sump_area":"กรุงเทพใต้","sump_width":3.8,"fd_prevent_code":"13","area_p3_pic":"BMA\\VDO_DRONE\\SUMP\\BSS027_A3.jpg","district_t":"วัฒนา","pump4_catagory":"ไฟฟ้า","sump_name":"บ่อสูบน้ำทองหล่อ สุขุมวิท 55","mea_tel":"0-2725-5211 , 0-2314-0668","area_p4_pic":"","transformer":500,"mea":"เขตบางกะปิ","trans_pic":"BMA\\VDO_DRONE\\SUMP\\BSS027_TR.jpg","pump2_type":"ซับเมิร์ส","mdb_pic":"BMA\\VDO_DRONE\\SUMP\\BSS027_MD.jpg","area_p4_y":100.58559,"meter_pic":"BMA\\VDO_DRONE\\SUMP\\BSS027_ME.jpg","area_p2_x":13.743018,"sump_code":"BS.S.027","area_p4_x":13.743018,"amount5":"-","area_p2_y":100.58559,"amount4":"1","pump5_catagory":"-","hpl_meter":"G:\\BMA\\VDO_DRONE\\SUMP\\BSS027_ME.jpg","pump3_type":"ซับเมิร์ส","amount3":"1","amount2":"1","area_p2_pic":"BMA\\VDO_DRONE\\SUMP\\BSS027_A2.jpg","gate_type":"2","amount1":"2","area_p5_pic":"","reflex_area":"กรุงเทพใต้","pipe_in_bed2":0.8,"pipe_in_bed3":0,"pipe_in_bed1":2.2,"home_type":"บ้านพัก","date_survey":"3 มิถุนายน 2021","pipe_in_bed4":0,"pump1_type":"ซับเมิร์ส","pump5_volume":0,"owner":"วัฒนา","pump4_type":"หอยโข่ง","area_p1_pic":"BMA\\VDO_DRONE\\SUMP\\BSS027_A1.jpg","pump3_volume":0.2,"pump1_catagory":"ไฟฟ้า","objectid_1":136,"pump2_catagory":"ไฟฟ้า","sump_bed":"3.5","pipe_in_dimention1":2,"pipe_in_dimention2":0.8,"pipe_in_dimention3":0,"meter_code":"MEA-26027680","pipe_in_dimention4":0,"pump1_volume":2,"hpl_areap1":"G:\\BMA\\VDO_DRONE\\SUMP\\BSS027_A1.jpg","surveillant_name":"-","hpl_areap3":"G:\\BMA\\VDO_DRONE\\SUMP\\BSS027_A3.jpg","district_id":"1039","hpl_areap2":"G:\\BMA\\VDO_DRONE\\SUMP\\BSS027_A2.jpg","hpl_areap5":"","hpl_areap4":"","objectid":136,"pump_amount":"5"}},{"geometry":{"type":"Point","coordinates":[100.58578314978315,13.743279011033724],"crs":null},"id":137,"type":"Feature","properties":{"utm_x":671457.902,"pump3_catagory":"-","year":"2564","accessibility":"ท่าเรือซอยทองหล่อ ตรงข้ามโรงแรมMetropole","pump5_type":"-","sump_type":"บ่อสูบน้ำ","utm_y":1519898.338,"area_p1_y":100.585768,"area_p1_x":13.743314,"area_p3_y":100.585768,"sump_length":4.5,"area_p3_x":13.743314,"hpl_mdb":"G:\\BMA\\VDO_DRONE\\SUMP\\BNS092_MD.jpg","home_pic":"","sump_depth":4.5,"pump2_volume":0,"pump4_volume":0,"meter":400,"surveillant_mobile":"-","telephone":"-","mdb":400,"hpl_trans":"G:\\BMA\\VDO_DRONE\\SUMP\\BNS092_TR.jpg","volume":50.63,"subdistrict_id":"101702","hpl_home":"","sump_area":"กรุงเทพเหนือ","sump_width":2.5,"fd_prevent_code":"06","area_p3_pic":"BMA\\VDO_DRONE\\SUMP\\BNS092_A3.jpg","district_t":"ห้วยขวาง","pump4_catagory":"-","sump_name":"บ่อสูบน้ำโรงแรมมรกต","mea_tel":"-","area_p4_pic":"BMA\\VDO_DRONE\\SUMP\\BNS092_A4.jpg","transformer":500,"mea":"-","trans_pic":"BMA\\VDO_DRONE\\SUMP\\BNS092_TR.jpg","pump2_type":"-","mdb_pic":"BMA\\VDO_DRONE\\SUMP\\BNS092_MD.jpg","area_p4_y":100.585768,"meter_pic":"BMA\\VDO_DRONE\\SUMP\\BNS092_ME.jpg","area_p2_x":13.743314,"sump_code":"BN.S.092","area_p4_x":13.743314,"amount5":"-","area_p2_y":100.585768,"amount4":"-","pump5_catagory":"-","hpl_meter":"G:\\BMA\\VDO_DRONE\\SUMP\\BNS092_ME.jpg","pump3_type":"-","amount3":"-","amount2":"-","area_p2_pic":"BMA\\VDO_DRONE\\SUMP\\BNS092_A2.jpg","gate_type":"8","amount1":"2","area_p5_pic":"BMA\\VDO_DRONE\\SUMP\\BNS092_A5.jpg","reflex_area":"กรุงเทพเหนือ","pipe_in_bed2":0,"pipe_in_bed3":0,"pipe_in_bed1":3,"home_type":"ไม่มี","date_survey":"4 มีนาคม 2021","pipe_in_bed4":0,"pump1_type":"ซับเมิร์ส","pump5_volume":0,"owner":"ห้วยขวาง","pump4_type":"-","area_p1_pic":"BMA\\VDO_DRONE\\SUMP\\BNS092_A1.jpg","pump3_volume":0,"pump1_catagory":"ไฟฟ้า","objectid_1":137,"pump2_catagory":"-","sump_bed":"4.5","pipe_in_dimention1":1.5,"pipe_in_dimention2":0,"pipe_in_dimention3":0,"meter_code":"MEA-TOU-052097","pipe_in_dimention4":0,"pump1_volume":0.5,"hpl_areap1":"G:\\BMA\\VDO_DRONE\\SUMP\\BNS092_A1.jpg","surveillant_name":"-","hpl_areap3":"G:\\BMA\\VDO_DRONE\\SUMP\\BNS092_A3.jpg","district_id":"1017","hpl_areap2":"G:\\BMA\\VDO_DRONE\\SUMP\\BNS092_A2.jpg","hpl_areap5":"G:\\BMA\\VDO_DRONE\\SUMP\\BNS092_A5.jpg","hpl_areap4":"G:\\BMA\\VDO_DRONE\\SUMP\\BNS092_A4.jpg","objectid":137,"pump_amount":"2"}},{"geometry":{"type":"Point","coordinates":[100.48960699971558,13.744016997694203],"crs":null},"id":138,"type":"Feature","properties":{"utm_x":661056.4882,"pump3_catagory":"-","year":"2564","accessibility":"ท่าเรือวัดอรุณฯ ถนนอรุณอัมรินทร์","pump5_type":"-","sump_type":"บ่อสูบน้ำ","utm_y":1519913.647,"area_p1_y":100.489607,"area_p1_x":13.744017,"area_p3_y":100.489607,"sump_length":5.8,"area_p3_x":13.744017,"hpl_mdb":"G:\\BMA\\VDO_DRONE\\SUMP\\BWS080_MD.jpg","home_pic":"BMA\\VDO_DRONE\\SUMP\\BWS080_HO.jpg","sump_depth":3,"pump2_volume":0.13,"pump4_volume":0,"meter":200,"surveillant_mobile":"-","telephone":"-","mdb":100,"hpl_trans":"G:\\BMA\\VDO_DRONE\\SUMP\\BWS080_TR.jpg","volume":30.97,"subdistrict_id":"101601","hpl_home":"G:\\BMA\\VDO_DRONE\\SUMP\\BWS080_HO.jpg","sump_area":"กรุงเทพธนบุรี","sump_width":1.78,"fd_prevent_code":"30","area_p3_pic":"BMA\\VDO_DRONE\\SUMP\\BWS080_A3.jpg","district_t":"บางกอกใหญ่","pump4_catagory":"-","sump_name":"บ่อสูบน้ำวัดอรุณราชวนาราม ถนนอรุณอัมรินทร์","mea_tel":"0-2412-8699 , 0-2878-5222 , 0-2878-5333","area_p4_pic":"","transformer":225,"mea":"เขตธนบุรี","trans_pic":"BMA\\VDO_DRONE\\SUMP\\BWS080_TR.jpg","pump2_type":"หอยโข่ง","mdb_pic":"BMA\\VDO_DRONE\\SUMP\\BWS080_MD.jpg","area_p4_y":100.489607,"meter_pic":"BMA\\VDO_DRONE\\SUMP\\BWS080_ME.jpg","area_p2_x":13.744017,"sump_code":"BW.S.080","area_p4_x":13.744017,"amount5":"-","area_p2_y":100.489607,"amount4":"-","pump5_catagory":"-","hpl_meter":"G:\\BMA\\VDO_DRONE\\SUMP\\BWS080_ME.jpg","pump3_type":"-","amount3":"-","amount2":"1","area_p2_pic":"BMA\\VDO_DRONE\\SUMP\\BWS080_A2.jpg","gate_type":"2","amount1":"2","area_p5_pic":"","reflex_area":"กรุงเทพธนบุรี","pipe_in_bed2":0,"pipe_in_bed3":0,"pipe_in_bed1":0.6,"home_type":"ตู้คอนเทนเนอร์","date_survey":"20 เมษายน 2021","pipe_in_bed4":0,"pump1_type":"หอยโข่ง","pump5_volume":0,"owner":"บางกอกใหญ่","pump4_type":"-","area_p1_pic":"BMA\\VDO_DRONE\\SUMP\\BWS080_A1.jpg","pump3_volume":0,"pump1_catagory":"ไฟฟ้า","objectid_1":138,"pump2_catagory":"ไฟฟ้า","sump_bed":"3","pipe_in_dimention1":0.3,"pipe_in_dimention2":0,"pipe_in_dimention3":0,"meter_code":"MEA-TOU-9166244","pipe_in_dimention4":0,"pump1_volume":0.03,"hpl_areap1":"G:\\BMA\\VDO_DRONE\\SUMP\\BWS080_A1.jpg","surveillant_name":"-","hpl_areap3":"G:\\BMA\\VDO_DRONE\\SUMP\\BWS080_A3.jpg","district_id":"1016","hpl_areap2":"G:\\BMA\\VDO_DRONE\\SUMP\\BWS080_A2.jpg","hpl_areap5":"","hpl_areap4":"","objectid":138,"pump_amount":"3"}},{"geometry":{"type":"Point","coordinates":[100.55087100032858,13.743854997170171],"crs":null},"id":139,"type":"Feature","properties":{"utm_x":667681.8911,"pump3_catagory":"-","year":"2564","accessibility":"ในศูนย์อาหารตรงข้ามสมบัติเพิ่มพูนแคลเลอรี่ สุขุมวิทซอย1","pump5_type":"-","sump_type":"บ่อสูบน้ำ","utm_y":1519937.5,"area_p1_y":100.550714,"area_p1_x":13.743628,"area_p3_y":100.550686,"sump_length":9,"area_p3_x":13.743772,"hpl_mdb":"G:\\BMA\\VDO_DRONE\\SUMP\\BSS025_MD.jpg","home_pic":"BMA\\VDO_DRONE\\SUMP\\BSS025_HO.jpg","sump_depth":7.5,"pump2_volume":0.3,"pump4_volume":0,"meter":400,"surveillant_mobile":"-","telephone":"-","mdb":630,"hpl_trans":"G:\\BMA\\VDO_DRONE\\SUMP\\BSS025_TR.jpg","volume":297.68,"subdistrict_id":"103901","hpl_home":"G:\\BMA\\VDO_DRONE\\SUMP\\BSS025_HO.jpg","sump_area":"กรุงเทพใต้","sump_width":4.41,"fd_prevent_code":"13","area_p3_pic":"BMA\\VDO_DRONE\\SUMP\\BSS025_A3.jpg","district_t":"วัฒนา","pump4_catagory":"-","sump_name":"บ่อสูบน้ำสุขุมวิท ซอย 1","mea_tel":"0-2725-5211 , 0-2314-0668","area_p4_pic":"BMA\\VDO_DRONE\\SUMP\\BSS025_A4.jpg","transformer":500,"mea":"เขตบางกะปิ","trans_pic":"BMA\\VDO_DRONE\\SUMP\\BSS025_TR.jpg","pump2_type":"หอยโข่ง","mdb_pic":"BMA\\VDO_DRONE\\SUMP\\BSS025_MD.jpg","area_p4_y":100.55071,"meter_pic":"BMA\\VDO_DRONE\\SUMP\\BSS025_ME.jpg","area_p2_x":13.743712,"sump_code":"BS.S.025","area_p4_x":13.743694,"amount5":"-","area_p2_y":100.550745,"amount4":"-","pump5_catagory":"-","hpl_meter":"G:\\BMA\\VDO_DRONE\\SUMP\\BSS025_ME.jpg","pump3_type":"-","amount3":"-","amount2":"1","area_p2_pic":"BMA\\VDO_DRONE\\SUMP\\BSS025_A2.jpg","gate_type":"2","amount1":"2","area_p5_pic":"BMA\\VDO_DRONE\\SUMP\\BSS025_A5.jpg","reflex_area":"กรุงเทพใต้","pipe_in_bed2":0,"pipe_in_bed3":0,"pipe_in_bed1":3.4,"home_type":"ตู้คอนเทนเนอร์","date_survey":"3 มิถุนายน 2021","pipe_in_bed4":0,"pump1_type":"ซับเมิร์ส","pump5_volume":0,"owner":"วัฒนา","pump4_type":"-","area_p1_pic":"BMA\\VDO_DRONE\\SUMP\\BSS025_A1.jpg","pump3_volume":0,"pump1_catagory":"ไฟฟ้า","objectid_1":139,"pump2_catagory":"ไฟฟ้า","sump_bed":"4","pipe_in_dimention1":1.5,"pipe_in_dimention2":0,"pipe_in_dimention3":0,"meter_code":"MEA-33016171","pipe_in_dimention4":0,"pump1_volume":0.5,"hpl_areap1":"G:\\BMA\\VDO_DRONE\\SUMP\\BSS025_A1.jpg","surveillant_name":"-","hpl_areap3":"G:\\BMA\\VDO_DRONE\\SUMP\\BSS025_A3.jpg","district_id":"1039","hpl_areap2":"G:\\BMA\\VDO_DRONE\\SUMP\\BSS025_A2.jpg","hpl_areap5":"G:\\BMA\\VDO_DRONE\\SUMP\\BSS025_A5.jpg","hpl_areap4":"G:\\BMA\\VDO_DRONE\\SUMP\\BSS025_A4.jpg","objectid":139,"pump_amount":"3"}},{"geometry":{"type":"Point","coordinates":[100.58260500021697,13.743655998643188],"crs":null},"id":140,"type":"Feature","properties":{"utm_x":671113.9225,"pump3_catagory":"-","year":"2564","accessibility":"ซอยพร้อมพรรคแยก1 ใกล้บุษบา อพาร์ทเม้นท์  ","pump5_type":"-","sump_type":"บ่อสูบน้ำ","utm_y":1519937.786,"area_p1_y":100.582517,"area_p1_x":13.743608,"area_p3_y":100.582477,"sump_length":6.2,"area_p3_x":13.743625,"hpl_mdb":"G:\\BMA\\VDO_DRONE\\SUMP\\BSS026_MD.jpg","home_pic":"BMA\\VDO_DRONE\\SUMP\\BSS026_HO.jpg","sump_depth":3.5,"pump2_volume":1,"pump4_volume":0,"meter":400,"surveillant_mobile":"-","telephone":"-","mdb":500,"hpl_trans":"G:\\BMA\\VDO_DRONE\\SUMP\\BSS026_TR.jpg","volume":53.17,"subdistrict_id":"103902","hpl_home":"G:\\BMA\\VDO_DRONE\\SUMP\\BSS026_HO.jpg","sump_area":"กรุงเทพใต้","sump_width":2.45,"fd_prevent_code":"13","area_p3_pic":"BMA\\VDO_DRONE\\SUMP\\BSS026_A3.jpg","district_t":"วัฒนา","pump4_catagory":"-","sump_name":"บ่อสูบซอยต่อศักดิ์","mea_tel":"0-2725-5211 , 0-2314-0668","area_p4_pic":"","transformer":500,"mea":"เขตบางกะปิ","trans_pic":"BMA\\VDO_DRONE\\SUMP\\BSS026_TR.jpg","pump2_type":"ซับเมิร์ส","mdb_pic":"BMA\\VDO_DRONE\\SUMP\\BSS026_MD.jpg","area_p4_y":100.582516,"meter_pic":"BMA\\VDO_DRONE\\SUMP\\BSS026_ME.jpg","area_p2_x":13.743593,"sump_code":"BS.S.026","area_p4_x":13.743661,"amount5":"-","area_p2_y":100.582499,"amount4":"-","pump5_catagory":"-","hpl_meter":"G:\\BMA\\VDO_DRONE\\SUMP\\BSS026_ME.jpg","pump3_type":"-","amount3":"-","amount2":"2","area_p2_pic":"BMA\\VDO_DRONE\\SUMP\\BSS026_A2.jpg","gate_type":"8","amount1":"1","area_p5_pic":"","reflex_area":"กรุงเทพใต้","pipe_in_bed2":1,"pipe_in_bed3":0,"pipe_in_bed1":1,"home_type":"ตู้คอนเทนเนอร์","date_survey":"3 มิถุนายน 2021","pipe_in_bed4":0,"pump1_type":"ซับเมิร์ส","pump5_volume":0,"owner":"วัฒนา","pump4_type":"-","area_p1_pic":"BMA\\VDO_DRONE\\SUMP\\BSS026_A1.jpg","pump3_volume":0,"pump1_catagory":"ไฟฟ้า","objectid_1":140,"pump2_catagory":"ไฟฟ้า","sump_bed":"3.5","pipe_in_dimention1":0.6,"pipe_in_dimention2":1.5,"pipe_in_dimention3":0,"meter_code":"MEA-26047918","pipe_in_dimention4":0,"pump1_volume":0.5,"hpl_areap1":"G:\\BMA\\VDO_DRONE\\SUMP\\BSS026_A1.jpg","surveillant_name":"-","hpl_areap3":"G:\\BMA\\VDO_DRONE\\SUMP\\BSS026_A3.jpg","district_id":"1039","hpl_areap2":"G:\\BMA\\VDO_DRONE\\SUMP\\BSS026_A2.jpg","hpl_areap5":"","hpl_areap4":"","objectid":140,"pump_amount":"3"}},{"geometry":{"type":"Point","coordinates":[100.49601100036024,13.745222000145857],"crs":null},"id":141,"type":"Feature","properties":{"utm_x":661748.2026,"pump3_catagory":"-","year":"2564","accessibility":"หน้ากรมที่ดินกรุงเทพ ใกล้สะพานอุบลรัตน์","pump5_type":"-","sump_type":"บ่อสูบน้ำ","utm_y":1520051.24,"area_p1_y":100.496071,"area_p1_x":13.745233,"area_p3_y":100.496027,"sump_length":2.2,"area_p3_x":13.7452,"hpl_mdb":"G:\\BMA\\VDO_DRONE\\SUMP\\BSS005_MD.jpg","home_pic":"","sump_depth":1.3,"pump2_volume":0.08,"pump4_volume":0,"meter":200,"surveillant_mobile":"-","telephone":"-","mdb":0,"hpl_trans":"","volume":8.01,"subdistrict_id":"100101","hpl_home":"","sump_area":"กรุงเทพใต้","sump_width":2.8,"fd_prevent_code":"10","area_p3_pic":"BMA\\VDO_DRONE\\SUMP\\BSS005_A3.jpg","district_t":"พระนคร","pump4_catagory":"-","sump_name":"บ่อสูบน้ำกรมที่ดิน","mea_tel":"0-2221-0812, 0-2220-5222, 0-2220-5333","area_p4_pic":"BMA\\VDO_DRONE\\SUMP\\BSS005_A4.jpg","transformer":0,"mea":"เขตวัดเลียบ","trans_pic":"","pump2_type":"หอยโข่ง","mdb_pic":"BMA\\VDO_DRONE\\SUMP\\BSS005_MD.jpg","area_p4_y":100.496015,"meter_pic":"BMA\\VDO_DRONE\\SUMP\\BSS005_ME.jpg","area_p2_x":13.745198,"sump_code":"BS.S.005","area_p4_x":13.745205,"amount5":"-","area_p2_y":100.496063,"amount4":"-","pump5_catagory":"-","hpl_meter":"G:\\BMA\\VDO_DRONE\\SUMP\\BSS005_ME.jpg","pump3_type":"-","amount3":"-","amount2":"1","area_p2_pic":"BMA\\VDO_DRONE\\SUMP\\BSS005_A2.jpg","gate_type":"8","amount1":"2","area_p5_pic":"","reflex_area":"กรุงเทพใต้","pipe_in_bed2":1,"pipe_in_bed3":0,"pipe_in_bed1":1.3,"home_type":"ไม่มี","date_survey":"3 มีนาคม 2021","pipe_in_bed4":0,"pump1_type":"หอยโข่ง","pump5_volume":0,"owner":"พระนคร","pump4_type":"-","area_p1_pic":"BMA\\VDO_DRONE\\SUMP\\BSS005_A1.jpg","pump3_volume":0,"pump1_catagory":"ไฟฟ้า","objectid_1":141,"pump2_catagory":"ไฟฟ้า","sump_bed":"1.3","pipe_in_dimention1":0.8,"pipe_in_dimention2":0.3,"pipe_in_dimention3":0,"meter_code":"MEA-TOU-9104869","pipe_in_dimention4":0,"pump1_volume":0.13,"hpl_areap1":"G:\\BMA\\VDO_DRONE\\SUMP\\BSS005_A1.jpg","surveillant_name":"-","hpl_areap3":"G:\\BMA\\VDO_DRONE\\SUMP\\BSS005_A3.jpg","district_id":"1001","hpl_areap2":"G:\\BMA\\VDO_DRONE\\SUMP\\BSS005_A2.jpg","hpl_areap5":"","hpl_areap4":"G:\\BMA\\VDO_DRONE\\SUMP\\BSS005_A4.jpg","objectid":141,"pump_amount":"3"}},{"geometry":{"type":"Point","coordinates":[100.49440900026225,13.74532800076679],"crs":null},"id":142,"type":"Feature","properties":{"utm_x":661574.8871,"pump3_catagory":"-","year":"2564","accessibility":"ข้างวัดโพธิ์ ถนนสนามไชย ใกล้แยกไปถนนพระพิพิธ","pump5_type":"-","sump_type":"บ่อสูบน้ำ","utm_y":1520061.892,"area_p1_y":100.494414,"area_p1_x":13.745315,"area_p3_y":100.494419,"sump_length":4.3,"area_p3_x":13.745349,"hpl_mdb":"G:\\BMA\\VDO_DRONE\\SUMP\\BSS004_MD.jpg","home_pic":"","sump_depth":3.4,"pump2_volume":0.13,"pump4_volume":0,"meter":0,"surveillant_mobile":"-","telephone":"-","mdb":0,"hpl_trans":"G:\\BMA\\VDO_DRONE\\SUMP\\BSS004_TR.jpg","volume":80.41,"subdistrict_id":"100101","hpl_home":"","sump_area":"กรุงเทพใต้","sump_width":5.5,"fd_prevent_code":"10","area_p3_pic":"BMA\\VDO_DRONE\\SUMP\\BSS004_A3.jpg","district_t":"พระนคร","pump4_catagory":"-","sump_name":"บ่อสูบน้ำวัดโพธิ์","mea_tel":"0-2221-0812, 0-2220-5222, 0-2220-5333","area_p4_pic":"BMA\\VDO_DRONE\\SUMP\\BSS004_A4.jpg","transformer":0,"mea":"เขตวัดเลียบ","trans_pic":"BMA\\VDO_DRONE\\SUMP\\BSS004_TR.jpg","pump2_type":"หอยโข่ง","mdb_pic":"BMA\\VDO_DRONE\\SUMP\\BSS004_MD.jpg","area_p4_y":100.49442,"meter_pic":"","area_p2_x":13.745329,"sump_code":"BS.S.004","area_p4_x":13.745363,"amount5":"-","area_p2_y":100.49441,"amount4":"-","pump5_catagory":"-","hpl_meter":"","pump3_type":"-","amount3":"-","amount2":"1","area_p2_pic":"BMA\\VDO_DRONE\\SUMP\\BSS004_A2.jpg","gate_type":"8","amount1":"2","area_p5_pic":"BMA\\VDO_DRONE\\SUMP\\BSS004_A5.jpg","reflex_area":"กรุงเทพใต้","pipe_in_bed2":1,"pipe_in_bed3":0,"pipe_in_bed1":1.4,"home_type":"ไม่มี","date_survey":"3 มีนาคม 2021","pipe_in_bed4":0,"pump1_type":"ซับเมิร์ส","pump5_volume":0,"owner":"พระนคร","pump4_type":"-","area_p1_pic":"BMA\\VDO_DRONE\\SUMP\\BSS004_A1.jpg","pump3_volume":0,"pump1_catagory":"ไฟฟ้า","objectid_1":142,"pump2_catagory":"ไฟฟ้า","sump_bed":"3.4","pipe_in_dimention1":0.8,"pipe_in_dimention2":0.6,"pipe_in_dimention3":0,"meter_code":"-","pipe_in_dimention4":0,"pump1_volume":0.5,"hpl_areap1":"G:\\BMA\\VDO_DRONE\\SUMP\\BSS004_A1.jpg","surveillant_name":"-","hpl_areap3":"G:\\BMA\\VDO_DRONE\\SUMP\\BSS004_A3.jpg","district_id":"1001","hpl_areap2":"G:\\BMA\\VDO_DRONE\\SUMP\\BSS004_A2.jpg","hpl_areap5":"G:\\BMA\\VDO_DRONE\\SUMP\\BSS004_A5.jpg","hpl_areap4":"G:\\BMA\\VDO_DRONE\\SUMP\\BSS004_A4.jpg","objectid":142,"pump_amount":"3"}},{"geometry":{"type":"Point","coordinates":[100.57649087766984,13.74501173114118],"crs":null},"id":143,"type":"Feature","properties":{"utm_x":670451.7232,"pump3_catagory":"-","year":"2564","accessibility":"สุขุมวิทซอย49 สุดซอย ใกล้หอพี เอส แมนชั่น ริมคลองแสนแสบ","pump5_type":"-","sump_type":"บ่อสูบน้ำ","utm_y":1520083.439,"area_p1_y":100.576198,"area_p1_x":13.746509,"area_p3_y":100.576577,"sump_length":5.5,"area_p3_x":13.74519,"hpl_mdb":"G:\\BMA\\VDO_DRONE\\SUMP\\BSS057_MD.jpg","home_pic":"","sump_depth":3,"pump2_volume":0,"pump4_volume":0,"meter":400,"surveillant_mobile":"-","telephone":"-","mdb":250,"hpl_trans":"G:\\BMA\\VDO_DRONE\\SUMP\\BSS057_TR.jpg","volume":33,"subdistrict_id":"103902","hpl_home":"","sump_area":"กรุงเทพใต้","sump_width":2,"fd_prevent_code":"13","area_p3_pic":"BMA\\VDO_DRONE\\SUMP\\BSS057_A3.jpg","district_t":"วัฒนา","pump4_catagory":"-","sump_name":"บ่อสูบน้ำสุขุมวิท ซอย 49","mea_tel":"0-2725-5211 , 0-2314-0668","area_p4_pic":"BMA\\VDO_DRONE\\SUMP\\BSS057_A4.jpg","transformer":500,"mea":"เขตบางกะปิ","trans_pic":"BMA\\VDO_DRONE\\SUMP\\BSS057_TR.jpg","pump2_type":"-","mdb_pic":"BMA\\VDO_DRONE\\SUMP\\BSS057_MD.jpg","area_p4_y":100.5765,"meter_pic":"BMA\\VDO_DRONE\\SUMP\\BSS057_ME.jpg","area_p2_x":13.748315,"sump_code":"BS.S.057","area_p4_x":13.745143,"amount5":"-","area_p2_y":100.575757,"amount4":"-","pump5_catagory":"-","hpl_meter":"G:\\BMA\\VDO_DRONE\\SUMP\\BSS057_ME.jpg","pump3_type":"-","amount3":"-","amount2":"-","area_p2_pic":"BMA\\VDO_DRONE\\SUMP\\BSS057_A2.jpg","gate_type":"1","amount1":"1","area_p5_pic":"BMA\\VDO_DRONE\\SUMP\\BSS057_A5.jpg","reflex_area":"กรุงเทพใต้","pipe_in_bed2":0,"pipe_in_bed3":0,"pipe_in_bed1":2,"home_type":"ไม่มี","date_survey":"7 มิถุนายน 2021","pipe_in_bed4":0,"pump1_type":"ซับเมิร์ส","pump5_volume":0,"owner":"วัฒนา","pump4_type":"-","area_p1_pic":"BMA\\VDO_DRONE\\SUMP\\BSS057_A1.jpg","pump3_volume":0,"pump1_catagory":"ไฟฟ้า","objectid_1":143,"pump2_catagory":"-","sump_bed":"3","pipe_in_dimention1":1,"pipe_in_dimention2":0,"pipe_in_dimention3":0,"meter_code":"MEA-26037027","pipe_in_dimention4":0,"pump1_volume":0.5,"hpl_areap1":"G:\\BMA\\VDO_DRONE\\SUMP\\BSS057_A1.jpg","surveillant_name":"-","hpl_areap3":"G:\\BMA\\VDO_DRONE\\SUMP\\BSS057_A3.jpg","district_id":"1039","hpl_areap2":"G:\\BMA\\VDO_DRONE\\SUMP\\BSS057_A2.jpg","hpl_areap5":"G:\\BMA\\VDO_DRONE\\SUMP\\BSS057_A5.jpg","hpl_areap4":"G:\\BMA\\VDO_DRONE\\SUMP\\BSS057_A4.jpg","objectid":143,"pump_amount":"1"}},{"geometry":{"type":"Point","coordinates":[100.57518906202226,13.745025481946506],"crs":null},"id":144,"type":"Feature","properties":{"utm_x":670310.928,"pump3_catagory":"-","year":"2564","accessibility":"ซอยพร้อมศรี 2 เกือบท้ายซอย","pump5_type":"-","sump_type":"บ่อสูบน้ำ","utm_y":1520084.04,"area_p1_y":100.575124,"area_p1_x":13.745139,"area_p3_y":100.575164,"sump_length":19.5,"area_p3_x":13.745057,"hpl_mdb":"G:\\BMA\\VDO_DRONE\\SUMP\\BSS056_MD.jpg","home_pic":"BMA\\VDO_DRONE\\SUMP\\BSS056_HO.jpg","sump_depth":7,"pump2_volume":0,"pump4_volume":0,"meter":400,"surveillant_mobile":"-","telephone":"-","mdb":200,"hpl_trans":"G:\\BMA\\VDO_DRONE\\SUMP\\BSS056_TR.jpg","volume":477.75,"subdistrict_id":"103902","hpl_home":"G:\\BMA\\VDO_DRONE\\SUMP\\BSS056_HO.jpg","sump_area":"กรุงเทพใต้","sump_width":3.5,"fd_prevent_code":"13","area_p3_pic":"BMA\\VDO_DRONE\\SUMP\\BSS056_A3.jpg","district_t":"วัฒนา","pump4_catagory":"-","sump_name":"บ่อสูบน้ำพร้อมศรี","mea_tel":"0-2725-5211 , 0-2314-0668","area_p4_pic":"BMA\\VDO_DRONE\\SUMP\\BSS056_A4.jpg","transformer":1500,"mea":"เขตบางกะปิ","trans_pic":"BMA\\VDO_DRONE\\SUMP\\BSS056_TR.jpg","pump2_type":"-","mdb_pic":"BMA\\VDO_DRONE\\SUMP\\BSS056_MD.jpg","area_p4_y":100.575112,"meter_pic":"BMA\\VDO_DRONE\\SUMP\\BSS056_ME.jpg","area_p2_x":13.74501,"sump_code":"BS.S.056","area_p4_x":13.745392,"amount5":"-","area_p2_y":100.575164,"amount4":"-","pump5_catagory":"-","hpl_meter":"G:\\BMA\\VDO_DRONE\\SUMP\\BSS056_ME.jpg","pump3_type":"-","amount3":"-","amount2":"-","area_p2_pic":"BMA\\VDO_DRONE\\SUMP\\BSS056_A2.jpg","gate_type":"8","amount1":"1","area_p5_pic":"BMA\\VDO_DRONE\\SUMP\\BSS056_A5.jpg","reflex_area":"กรุงเทพใต้","pipe_in_bed2":0,"pipe_in_bed3":0,"pipe_in_bed1":3,"home_type":"ตู้คอนเทนเนอร์","date_survey":"6 มิถุนายน 2021","pipe_in_bed4":0,"pump1_type":"ซับเมิร์ส","pump5_volume":0,"owner":"วัฒนา","pump4_type":"-","area_p1_pic":"BMA\\VDO_DRONE\\SUMP\\BSS056_A1.jpg","pump3_volume":0,"pump1_catagory":"ไฟฟ้า","objectid_1":144,"pump2_catagory":"-","sump_bed":"4","pipe_in_dimention1":2,"pipe_in_dimention2":0,"pipe_in_dimention3":0,"meter_code":"MEA-26027679","pipe_in_dimention4":0,"pump1_volume":1,"hpl_areap1":"G:\\BMA\\VDO_DRONE\\SUMP\\BSS056_A1.jpg","surveillant_name":"-","hpl_areap3":"G:\\BMA\\VDO_DRONE\\SUMP\\BSS056_A3.jpg","district_id":"1039","hpl_areap2":"G:\\BMA\\VDO_DRONE\\SUMP\\BSS056_A2.jpg","hpl_areap5":"G:\\BMA\\VDO_DRONE\\SUMP\\BSS056_A5.jpg","hpl_areap4":"G:\\BMA\\VDO_DRONE\\SUMP\\BSS056_A4.jpg","objectid":144,"pump_amount":"1"}},{"geometry":{"type":"Point","coordinates":[100.54533800020509,13.745575998281874],"crs":null},"id":145,"type":"Feature","properties":{"utm_x":667082.3068,"pump3_catagory":"-","year":"2564","accessibility":"ซอยสมคิด บริเวณหลังคอนโดNEWHOUSE","pump5_type":"-","sump_type":"บ่อสูบน้ำ","utm_y":1520124.05,"area_p1_y":100.544617,"area_p1_x":13.74788,"area_p3_y":100.544544,"sump_length":5.5,"area_p3_x":13.747908,"hpl_mdb":"G:\\BMA\\VDO_DRONE\\SUMP\\BSS020_MD.jpg","home_pic":"","sump_depth":4.4,"pump2_volume":0,"pump4_volume":0,"meter":200,"surveillant_mobile":"-","telephone":"-","mdb":250,"hpl_trans":"","volume":33.88,"subdistrict_id":"100704","hpl_home":"","sump_area":"กรุงเทพใต้","sump_width":1.4,"fd_prevent_code":"12","area_p3_pic":"BMA\\VDO_DRONE\\SUMP\\BSS020_A3.jpg","district_t":"ปทุมวัน","pump4_catagory":"-","sump_name":"บ่อสูบน้ำถนนชิดลม","mea_tel":"0-2221-0812, 0-2220-5222, 0-2220-5333","area_p4_pic":"BMA\\VDO_DRONE\\SUMP\\BSS020_A4.jpg","transformer":0,"mea":"เขตวัดเลียบ","trans_pic":"","pump2_type":"-","mdb_pic":"BMA\\VDO_DRONE\\SUMP\\BSS020_MD.jpg","area_p4_y":100.544608,"meter_pic":"BMA\\VDO_DRONE\\SUMP\\BSS020_ME.jpg","area_p2_x":13.747848,"sump_code":"BS.S.020","area_p4_x":13.74784,"amount5":"-","area_p2_y":100.544651,"amount4":"-","pump5_catagory":"-","hpl_meter":"G:\\BMA\\VDO_DRONE\\SUMP\\BSS020_ME.jpg","pump3_type":"-","amount3":"-","amount2":"-","area_p2_pic":"BMA\\VDO_DRONE\\SUMP\\BSS020_A2.jpg","gate_type":"1","amount1":"2","area_p5_pic":"BMA\\VDO_DRONE\\SUMP\\BSS020_A5.jpg","reflex_area":"กรุงเทพใต้","pipe_in_bed2":0,"pipe_in_bed3":0,"pipe_in_bed1":2.6,"home_type":"ตู้พักอาศัยขนาดเล็ก","date_survey":"17 เมษายน 2021","pipe_in_bed4":0,"pump1_type":"ซับเมิร์ส","pump5_volume":0,"owner":"ปทุมวัน","pump4_type":"-","area_p1_pic":"BMA\\VDO_DRONE\\SUMP\\BSS020_A1.jpg","pump3_volume":0,"pump1_catagory":"ไฟฟ้า","objectid_1":145,"pump2_catagory":"-","sump_bed":"4.4","pipe_in_dimention1":1.2,"pipe_in_dimention2":0,"pipe_in_dimention3":0,"meter_code":"MEA-TOU-9147444","pipe_in_dimention4":0,"pump1_volume":0.5,"hpl_areap1":"G:\\BMA\\VDO_DRONE\\SUMP\\BSS020_A1.jpg","surveillant_name":"-","hpl_areap3":"G:\\BMA\\VDO_DRONE\\SUMP\\BSS020_A3.jpg","district_id":"1007","hpl_areap2":"G:\\BMA\\VDO_DRONE\\SUMP\\BSS020_A2.jpg","hpl_areap5":"G:\\BMA\\VDO_DRONE\\SUMP\\BSS020_A5.jpg","hpl_areap4":"G:\\BMA\\VDO_DRONE\\SUMP\\BSS020_A4.jpg","objectid":145,"pump_amount":"2"}},{"geometry":{"type":"Point","coordinates":[100.57303200046924,13.745708001800725],"crs":null},"id":146,"type":"Feature","properties":{"utm_x":670077.1594,"pump3_catagory":"-","year":"2564","accessibility":"ถนนเพชรบุรี38/1 ฝั่งตรงข้ามTaka Town","pump5_type":"-","sump_type":"บ่อสูบน้ำ","utm_y":1520158.024,"area_p1_y":100.573066,"area_p1_x":13.745719,"area_p3_y":100.573015,"sump_length":6.5,"area_p3_x":13.745656,"hpl_mdb":"G:\\BMA\\VDO_DRONE\\SUMP\\BSS032_MD.jpg","home_pic":"BMA\\VDO_DRONE\\SUMP\\BSS032_HO.jpg","sump_depth":4.5,"pump2_volume":1,"pump4_volume":0,"meter":400,"surveillant_mobile":"-","telephone":"-","mdb":400,"hpl_trans":"G:\\BMA\\VDO_DRONE\\SUMP\\BSS032_TR.jpg","volume":81.9,"subdistrict_id":"103902","hpl_home":"G:\\BMA\\VDO_DRONE\\SUMP\\BSS032_HO.jpg","sump_area":"กรุงเทพใต้","sump_width":2.8,"fd_prevent_code":"13","area_p3_pic":"BMA\\VDO_DRONE\\SUMP\\BSS032_A3.jpg","district_t":"วัฒนา","pump4_catagory":"-","sump_name":"บ่อสูบน้ำสุขุมวิทซอย? 39 ฝั่งขวา? (บ่อเก่า)?","mea_tel":"0-2725-5211 , 0-2314-0668","area_p4_pic":"","transformer":500,"mea":"เขตบางกะปิ","trans_pic":"BMA\\VDO_DRONE\\SUMP\\BSS032_TR.jpg","pump2_type":"ซับเมิร์ส","mdb_pic":"BMA\\VDO_DRONE\\SUMP\\BSS032_MD.jpg","area_p4_y":100.574432,"meter_pic":"","area_p2_x":13.745525,"sump_code":"BS.S.032","area_p4_x":13.74723,"amount5":"-","area_p2_y":100.573008,"amount4":"-","pump5_catagory":"-","hpl_meter":"","pump3_type":"-","amount3":"-","amount2":"2","area_p2_pic":"BMA\\VDO_DRONE\\SUMP\\BSS032_A2.jpg","gate_type":"8","amount1":"1","area_p5_pic":"","reflex_area":"กรุงเทพใต้","pipe_in_bed2":1.8,"pipe_in_bed3":0,"pipe_in_bed1":1.8,"home_type":"ตู้พักอาศัยขนาดกลาง","date_survey":"5 มิถุนายน 2021","pipe_in_bed4":0,"pump1_type":"ซับเมิร์ส","pump5_volume":0,"owner":"วัฒนา","pump4_type":"-","area_p1_pic":"BMA\\VDO_DRONE\\SUMP\\BSS032_A1.jpg","pump3_volume":0,"pump1_catagory":"ไฟฟ้า","objectid_1":146,"pump2_catagory":"ไฟฟ้า","sump_bed":"4.5","pipe_in_dimention1":0.8,"pipe_in_dimention2":1.2,"pipe_in_dimention3":0,"meter_code":"MEA-96612055","pipe_in_dimention4":0,"pump1_volume":0.5,"hpl_areap1":"G:\\BMA\\VDO_DRONE\\SUMP\\BSS032_A1.jpg","surveillant_name":"-","hpl_areap3":"G:\\BMA\\VDO_DRONE\\SUMP\\BSS032_A3.jpg","district_id":"1039","hpl_areap2":"G:\\BMA\\VDO_DRONE\\SUMP\\BSS032_A2.jpg","hpl_areap5":"","hpl_areap4":"","objectid":146,"pump_amount":"3"}},{"geometry":{"type":"Point","coordinates":[100.57282799980963,13.745817004349366],"crs":null},"id":147,"type":"Feature","properties":{"utm_x":670055.0191,"pump3_catagory":"-","year":"2564","accessibility":"ถนนเพชรบุรี38/1 ฝั่งTaka Town","pump5_type":"-","sump_type":"บ่อสูบน้ำ","utm_y":1520169.939,"area_p1_y":100.572817,"area_p1_x":13.745832,"area_p3_y":100.572824,"sump_length":12.5,"area_p3_x":13.745814,"hpl_mdb":"","home_pic":"","sump_depth":10,"pump2_volume":0,"pump4_volume":0,"meter":0,"surveillant_mobile":"-","telephone":"-","mdb":0,"hpl_trans":"","volume":787.5,"subdistrict_id":"103902","hpl_home":"","sump_area":"กรุงเทพใต้","sump_width":6.3,"fd_prevent_code":"13","area_p3_pic":"BMA\\VDO_DRONE\\SUMP\\BSS031_A3.jpg","district_t":"วัฒนา","pump4_catagory":"-","sump_name":"บ่อสูบน้ำ สุขุมวิท 39 ฝั่งซ้าย (บ่อใหม่)","mea_tel":"-","area_p4_pic":"","transformer":0,"mea":"-","trans_pic":"","pump2_type":"-","mdb_pic":"","area_p4_y":100.572777,"meter_pic":"","area_p2_x":13.745814,"sump_code":"BS.S.031","area_p4_x":13.745614,"amount5":"-","area_p2_y":100.572824,"amount4":"-","pump5_catagory":"-","hpl_meter":"","pump3_type":"-","amount3":"-","amount2":"-","area_p2_pic":"BMA\\VDO_DRONE\\SUMP\\BSS031_A2.jpg","gate_type":"8","amount1":"-","area_p5_pic":"","reflex_area":"กรุงเทพใต้","pipe_in_bed2":0,"pipe_in_bed3":0,"pipe_in_bed1":9,"home_type":"ไม่มี","date_survey":"5 มิถุนายน 2021","pipe_in_bed4":0,"pump1_type":"-","pump5_volume":0,"owner":"วัฒนา","pump4_type":"-","area_p1_pic":"BMA\\VDO_DRONE\\SUMP\\BSS031_A1.jpg","pump3_volume":0,"pump1_catagory":"-","objectid_1":147,"pump2_catagory":"-","sump_bed":"10","pipe_in_dimention1":1.5,"pipe_in_dimention2":0,"pipe_in_dimention3":0,"meter_code":"-","pipe_in_dimention4":0,"pump1_volume":0,"hpl_areap1":"G:\\BMA\\VDO_DRONE\\SUMP\\BSS031_A1.jpg","surveillant_name":"-","hpl_areap3":"G:\\BMA\\VDO_DRONE\\SUMP\\BSS031_A3.jpg","district_id":"1039","hpl_areap2":"G:\\BMA\\VDO_DRONE\\SUMP\\BSS031_A2.jpg","hpl_areap5":"","hpl_areap4":"","objectid":147,"pump_amount":"-"}},{"geometry":{"type":"Point","coordinates":[100.49034300031491,13.746335998399532],"crs":null},"id":148,"type":"Feature","properties":{"utm_x":661134.4948,"pump3_catagory":"-","year":"2564","accessibility":"ที่จอดรถท่าเตียน ถนนมหาราช","pump5_type":"-","sump_type":"บ่อสูบน้ำ","utm_y":1520170.681,"area_p1_y":100.490276,"area_p1_x":13.746326,"area_p3_y":100.490285,"sump_length":2.2,"area_p3_x":13.746352,"hpl_mdb":"G:\\BMA\\VDO_DRONE\\SUMP\\BSS002_MD.jpg","home_pic":"","sump_depth":2.6,"pump2_volume":0,"pump4_volume":0,"meter":150,"surveillant_mobile":"-","telephone":"-","mdb":2,"hpl_trans":"","volume":9.15,"subdistrict_id":"100101","hpl_home":"","sump_area":"กรุงเทพใต้","sump_width":1.6,"fd_prevent_code":"10","area_p3_pic":"BMA\\VDO_DRONE\\SUMP\\BSS002_A3.jpg","district_t":"พระนคร","pump4_catagory":"-","sump_name":"บ่อสูบน้ำท่าเตียน","mea_tel":"0-2221-0812, 0-2220-5222, 0-2220-5333","area_p4_pic":"BMA\\VDO_DRONE\\SUMP\\BSS002_A4.jpg","transformer":0,"mea":"เขตวัดเลียบ","trans_pic":"","pump2_type":"-","mdb_pic":"BMA\\VDO_DRONE\\SUMP\\BSS002_MD.jpg","area_p4_y":100.490269,"meter_pic":"BMA\\VDO_DRONE\\SUMP\\BSS002_ME.jpg","area_p2_x":13.74634,"sump_code":"BS.S.002","area_p4_x":13.746415,"amount5":"-","area_p2_y":100.490334,"amount4":"-","pump5_catagory":"-","hpl_meter":"G:\\BMA\\VDO_DRONE\\SUMP\\BSS002_ME.jpg","pump3_type":"-","amount3":"-","amount2":"-","area_p2_pic":"BMA\\VDO_DRONE\\SUMP\\BSS002_A2.jpg","gate_type":"1","amount1":"2","area_p5_pic":"BMA\\VDO_DRONE\\SUMP\\BSS002_A5.jpg","reflex_area":"กรุงเทพใต้","pipe_in_bed2":0,"pipe_in_bed3":0,"pipe_in_bed1":2.55,"home_type":"ไม่มี","date_survey":"3 มีนาคม 2021","pipe_in_bed4":0,"pump1_type":"หอยโข่ง","pump5_volume":0,"owner":"พระนคร","pump4_type":"-","area_p1_pic":"BMA\\VDO_DRONE\\SUMP\\BSS002_A1.jpg","pump3_volume":0,"pump1_catagory":"ไฟฟ้า","objectid_1":148,"pump2_catagory":"-","sump_bed":"2.6","pipe_in_dimention1":0.8,"pipe_in_dimention2":0,"pipe_in_dimention3":0,"meter_code":"MEA-TOU-9179777","pipe_in_dimention4":0,"pump1_volume":0.08,"hpl_areap1":"G:\\BMA\\VDO_DRONE\\SUMP\\BSS002_A1.jpg","surveillant_name":"-","hpl_areap3":"G:\\BMA\\VDO_DRONE\\SUMP\\BSS002_A3.jpg","district_id":"1001","hpl_areap2":"G:\\BMA\\VDO_DRONE\\SUMP\\BSS002_A2.jpg","hpl_areap5":"G:\\BMA\\VDO_DRONE\\SUMP\\BSS002_A5.jpg","hpl_areap4":"G:\\BMA\\VDO_DRONE\\SUMP\\BSS002_A4.jpg","objectid":148,"pump_amount":"2"}},{"geometry":{"type":"Point","coordinates":[100.56869799974531,13.746351998082176],"crs":null},"id":149,"type":"Feature","properties":{"utm_x":669607.9963,"pump3_catagory":"-","year":"2564","accessibility":"สุดซอยสุขุมวิท31","pump5_type":"-","sump_type":"บ่อสูบน้ำ","utm_y":1520226.215,"area_p1_y":100.568698,"area_p1_x":13.746352,"area_p3_y":100.568734,"sump_length":6.5,"area_p3_x":13.746354,"hpl_mdb":"G:\\BMA\\VDO_DRONE\\SUMP\\BSS033_MD.jpg","home_pic":"BMA\\VDO_DRONE\\SUMP\\BSS033_HO.jpg","sump_depth":4,"pump2_volume":0,"pump4_volume":0,"meter":200,"surveillant_mobile":"-","telephone":"-","mdb":0,"hpl_trans":"G:\\BMA\\VDO_DRONE\\SUMP\\BSS033_TR.jpg","volume":104,"subdistrict_id":"103901","hpl_home":"G:\\BMA\\VDO_DRONE\\SUMP\\BSS033_HO.jpg","sump_area":"กรุงเทพใต้","sump_width":4,"fd_prevent_code":"13","area_p3_pic":"BMA\\VDO_DRONE\\SUMP\\BSS033_A3.jpg","district_t":"วัฒนา","pump4_catagory":"-","sump_name":"บ่อสูบสวัสดี","mea_tel":"0-2725-5211 , 0-2314-0668","area_p4_pic":"","transformer":500,"mea":"เขตบางกะปิ","trans_pic":"BMA\\VDO_DRONE\\SUMP\\BSS033_TR.jpg","pump2_type":"-","mdb_pic":"BMA\\VDO_DRONE\\SUMP\\BSS033_MD.jpg","area_p4_y":100.568731,"meter_pic":"BMA\\VDO_DRONE\\SUMP\\BSS033_ME.jpg","area_p2_x":13.746354,"sump_code":"BS.S.033","area_p4_x":13.746344,"amount5":"-","area_p2_y":100.568734,"amount4":"-","pump5_catagory":"-","hpl_meter":"G:\\BMA\\VDO_DRONE\\SUMP\\BSS033_ME.jpg","pump3_type":"-","amount3":"-","amount2":"-","area_p2_pic":"BMA\\VDO_DRONE\\SUMP\\BSS033_A2.jpg","gate_type":"8","amount1":"1","area_p5_pic":"","reflex_area":"กรุงเทพใต้","pipe_in_bed2":0,"pipe_in_bed3":0,"pipe_in_bed1":2.5,"home_type":"ตู้คอนเทนเนอร์","date_survey":"5 มิถุนายน 2021","pipe_in_bed4":0,"pump1_type":"ซับเมิร์ส","pump5_volume":0,"owner":"วัฒนา","pump4_type":"-","area_p1_pic":"BMA\\VDO_DRONE\\SUMP\\BSS033_A1.jpg","pump3_volume":0,"pump1_catagory":"ไฟฟ้า","objectid_1":149,"pump2_catagory":"-","sump_bed":"4","pipe_in_dimention1":4,"pipe_in_dimention2":0,"pipe_in_dimention3":0,"meter_code":"MEA-TOU-9155265","pipe_in_dimention4":0,"pump1_volume":1,"hpl_areap1":"G:\\BMA\\VDO_DRONE\\SUMP\\BSS033_A1.jpg","surveillant_name":"-","hpl_areap3":"G:\\BMA\\VDO_DRONE\\SUMP\\BSS033_A3.jpg","district_id":"1039","hpl_areap2":"G:\\BMA\\VDO_DRONE\\SUMP\\BSS033_A2.jpg","hpl_areap5":"","hpl_areap4":"","objectid":149,"pump_amount":"1"}},{"geometry":{"type":"Point","coordinates":[100.57299600031011,13.746337003159121],"crs":null},"id":150,"type":"Feature","properties":{"utm_x":670072.8121,"pump3_catagory":"-","year":"2564","accessibility":"ถนนเพชรบุรี38/1 ก่อนข้ามคลองแสนแสบ","pump5_type":"-","sump_type":"บ่อสูบน้ำ","utm_y":1520227.585,"area_p1_y":100.6039,"area_p1_x":13.6992,"area_p3_y":100.6039,"sump_length":5.7,"area_p3_x":13.6992,"hpl_mdb":"G:\\BMA\\VDO_DRONE\\SUMP\\BNS093_MD.jpg","home_pic":"BMA\\VDO_DRONE\\SUMP\\BNS093_HO.jpg","sump_depth":5.7,"pump2_volume":0,"pump4_volume":0,"meter":200,"surveillant_mobile":"-","telephone":"-","mdb":250,"hpl_trans":"G:\\BMA\\VDO_DRONE\\SUMP\\BNS093_TR.jpg","volume":74.73,"subdistrict_id":"101702","hpl_home":"G:\\BMA\\VDO_DRONE\\SUMP\\BNS093_HO.jpg","sump_area":"กรุงเทพเหนือ","sump_width":2.3,"fd_prevent_code":"06","area_p3_pic":"BMA\\VDO_DRONE\\SUMP\\BNS093_A3.jpg","district_t":"ห้วยขวาง","pump4_catagory":"-","sump_name":"บ่อสูบน้ำซอยพร้อมพงษ์","mea_tel":"-","area_p4_pic":"BMA\\VDO_DRONE\\SUMP\\BNS093_A4.jpg","transformer":750,"mea":"-","trans_pic":"BMA\\VDO_DRONE\\SUMP\\BNS093_TR.jpg","pump2_type":"-","mdb_pic":"BMA\\VDO_DRONE\\SUMP\\BNS093_MD.jpg","area_p4_y":100.6039,"meter_pic":"BMA\\VDO_DRONE\\SUMP\\BNS093_ME.jpg","area_p2_x":13.6992,"sump_code":"BN.S.093","area_p4_x":13.6992,"amount5":"-","area_p2_y":100.6039,"amount4":"-","pump5_catagory":"-","hpl_meter":"G:\\BMA\\VDO_DRONE\\SUMP\\BNS093_ME.jpg","pump3_type":"-","amount3":"-","amount2":"-","area_p2_pic":"BMA\\VDO_DRONE\\SUMP\\BNS093_A2.jpg","gate_type":"8","amount1":"1","area_p5_pic":"BMA\\VDO_DRONE\\SUMP\\BNS093_A5.jpg","reflex_area":"กรุงเทพเหนือ","pipe_in_bed2":0,"pipe_in_bed3":0,"pipe_in_bed1":3.3,"home_type":"บ้านพัก","date_survey":"8 มีนาคม 2021","pipe_in_bed4":0,"pump1_type":"ซับเมิร์ส","pump5_volume":0,"owner":"ห้วยขวาง","pump4_type":"-","area_p1_pic":"BMA\\VDO_DRONE\\SUMP\\BNS093_A1.jpg","pump3_volume":0,"pump1_catagory":"ไฟฟ้า","objectid_1":150,"pump2_catagory":"-","sump_bed":"4","pipe_in_dimention1":1.2,"pipe_in_dimention2":0,"pipe_in_dimention3":0,"meter_code":"MEA-TOU-9156926","pipe_in_dimention4":0,"pump1_volume":1,"hpl_areap1":"G:\\BMA\\VDO_DRONE\\SUMP\\BNS093_A1.jpg","surveillant_name":"-","hpl_areap3":"G:\\BMA\\VDO_DRONE\\SUMP\\BNS093_A3.jpg","district_id":"1017","hpl_areap2":"G:\\BMA\\VDO_DRONE\\SUMP\\BNS093_A2.jpg","hpl_areap5":"G:\\BMA\\VDO_DRONE\\SUMP\\BNS093_A5.jpg","hpl_areap4":"G:\\BMA\\VDO_DRONE\\SUMP\\BNS093_A4.jpg","objectid":150,"pump_amount":"1"}},{"geometry":{"type":"Point","coordinates":[100.6042970000118,13.746363002317905],"crs":null},"id":151,"type":"Feature","properties":{"utm_x":673457.849,"pump3_catagory":"-","year":"2564","accessibility":"ถนน รามคำแหง หน้าซอยรามคำแหง5 ใกล้สะพานลอย","pump5_type":"-","sump_type":"บ่อสูบน้ำ","utm_y":1520252.77,"area_p1_y":100.682345,"area_p1_x":13.849546,"area_p3_y":100.682345,"sump_length":3.15,"area_p3_x":13.849546,"hpl_mdb":"G:\\BMA\\VDO_DRONE\\SUMP\\BES024_MD.jpg","home_pic":"BMA\\VDO_DRONE\\SUMP\\BES024_HO.jpg","sump_depth":2.8,"pump2_volume":0.13,"pump4_volume":0,"meter":200,"surveillant_mobile":"-","telephone":"-","mdb":250,"hpl_trans":"G:\\BMA\\VDO_DRONE\\SUMP\\BES024_TR.jpg","volume":22.93,"subdistrict_id":"103403","hpl_home":"G:\\BMA\\VDO_DRONE\\SUMP\\BES024_HO.jpg","sump_area":"กรุงเทพตะวันออก","sump_width":2.6,"fd_prevent_code":"09","area_p3_pic":"BMA\\VDO_DRONE\\SUMP\\BES024_A3.jpg","district_t":"สวนหลวง","pump4_catagory":"-","sump_name":"บ่อสูบน้ำรามคำแหงซอย 5","mea_tel":"0-2725-5211 , 0-2314-0668","area_p4_pic":"BMA\\VDO_DRONE\\SUMP\\BES024_A4.jpg","transformer":0,"mea":"เขตบางกะปิ","trans_pic":"BMA\\VDO_DRONE\\SUMP\\BES024_TR.jpg","pump2_type":"เครื่องยนต์","mdb_pic":"BMA\\VDO_DRONE\\SUMP\\BES024_MD.jpg","area_p4_y":100.682345,"meter_pic":"","area_p2_x":13.849546,"sump_code":"BE.S.024","area_p4_x":13.849546,"amount5":"-","area_p2_y":100.682345,"amount4":"-","pump5_catagory":"-","hpl_meter":"","pump3_type":"-","amount3":"-","amount2":"2","area_p2_pic":"BMA\\VDO_DRONE\\SUMP\\BES024_A2.jpg","gate_type":"9","amount1":"1","area_p5_pic":"BMA\\VDO_DRONE\\SUMP\\BES024_A5.jpg","reflex_area":"กรุงเทพตะวันออก","pipe_in_bed2":0,"pipe_in_bed3":0,"pipe_in_bed1":2.4,"home_type":"ตู้พักอาศัยขนาดเล็ก","date_survey":"21 กุมภาพันธ์ 2021","pipe_in_bed4":0,"pump1_type":"ซับเมิร์ส","pump5_volume":0,"owner":"สวนหลวง","pump4_type":"-","area_p1_pic":"BMA\\VDO_DRONE\\SUMP\\BES024_A1.jpg","pump3_volume":0,"pump1_catagory":"ไฟฟ้า","objectid_1":151,"pump2_catagory":"ดีเซล","sump_bed":"2.8","pipe_in_dimention1":1.2,"pipe_in_dimention2":0,"pipe_in_dimention3":0,"meter_code":"MEA-TOU-9152331","pipe_in_dimention4":0,"pump1_volume":0.2,"hpl_areap1":"G:\\BMA\\VDO_DRONE\\SUMP\\BES024_A1.jpg","surveillant_name":"-","hpl_areap3":"G:\\BMA\\VDO_DRONE\\SUMP\\BES024_A3.jpg","district_id":"1034","hpl_areap2":"G:\\BMA\\VDO_DRONE\\SUMP\\BES024_A2.jpg","hpl_areap5":"G:\\BMA\\VDO_DRONE\\SUMP\\BES024_A5.jpg","hpl_areap4":"G:\\BMA\\VDO_DRONE\\SUMP\\BES024_A4.jpg","objectid":151,"pump_amount":"3"}},{"geometry":{"type":"Point","coordinates":[100.56778299951978,13.746597996582029],"crs":null},"id":152,"type":"Feature","properties":{"utm_x":669508.8672,"pump3_catagory":"ไฟฟ้า","year":"2564","accessibility":"ซอยสุขุมวิท31 สุดซอย ใกล้ร้านอาหารแสนสำราญที่แสนแสบ","pump5_type":"-","sump_type":"บ่อสูบน้ำ","utm_y":1520252.786,"area_p1_y":100.567765,"area_p1_x":13.746498,"area_p3_y":100.567758,"sump_length":16,"area_p3_x":13.746488,"hpl_mdb":"G:\\BMA\\VDO_DRONE\\SUMP\\BSS040_MD.jpg","home_pic":"BMA\\VDO_DRONE\\SUMP\\BSS040_HO.jpg","sump_depth":4,"pump2_volume":0.08,"pump4_volume":1,"meter":400,"surveillant_mobile":"-","telephone":"-","mdb":400,"hpl_trans":"G:\\BMA\\VDO_DRONE\\SUMP\\BSS040_TR.jpg","volume":281.6,"subdistrict_id":"103901","hpl_home":"G:\\BMA\\VDO_DRONE\\SUMP\\BSS040_HO.jpg","sump_area":"กรุงเทพใต้","sump_width":4.4,"fd_prevent_code":"13","area_p3_pic":"BMA\\VDO_DRONE\\SUMP\\BSS040_A3.jpg","district_t":"วัฒนา","pump4_catagory":"ไฟฟ้า","sump_name":"บ่อสูบน้ำ มศว.","mea_tel":"0-2725-5211 , 0-2314-0668","area_p4_pic":"BMA\\VDO_DRONE\\SUMP\\BSS040_A4.jpg","transformer":500,"mea":"เขตบางกะปิ","trans_pic":"BMA\\VDO_DRONE\\SUMP\\BSS040_TR.jpg","pump2_type":"ซับเมิร์ส","mdb_pic":"BMA\\VDO_DRONE\\SUMP\\BSS040_MD.jpg","area_p4_y":100.567741,"meter_pic":"BMA\\VDO_DRONE\\SUMP\\BSS040_ME.jpg","area_p2_x":13.746488,"sump_code":"BS.S.040","area_p4_x":13.746558,"amount5":"-","area_p2_y":100.567758,"amount4":"2","pump5_catagory":"-","hpl_meter":"G:\\BMA\\VDO_DRONE\\SUMP\\BSS040_ME.jpg","pump3_type":"ซับเมิร์ส","amount3":"1","amount2":"1","area_p2_pic":"BMA\\VDO_DRONE\\SUMP\\BSS040_A2.jpg","gate_type":"8","amount1":"1","area_p5_pic":"BMA\\VDO_DRONE\\SUMP\\BSS040_A5.jpg","reflex_area":"กรุงเทพใต้","pipe_in_bed2":0,"pipe_in_bed3":0,"pipe_in_bed1":1.2,"home_type":"ตู้คอนเทนเนอร์","date_survey":"6 มิถุนายน 2021","pipe_in_bed4":0,"pump1_type":"ไฮดรอลิค","pump5_volume":0,"owner":"วัฒนา","pump4_type":"ซับเมิร์ส","area_p1_pic":"BMA\\VDO_DRONE\\SUMP\\BSS040_A1.jpg","pump3_volume":0.5,"pump1_catagory":"ดีเซล","objectid_1":152,"pump2_catagory":"ไฟฟ้า","sump_bed":"4","pipe_in_dimention1":2,"pipe_in_dimention2":0,"pipe_in_dimention3":0,"meter_code":"MEA-TOU-9154400","pipe_in_dimention4":0,"pump1_volume":0.35,"hpl_areap1":"G:\\BMA\\VDO_DRONE\\SUMP\\BSS040_A1.jpg","surveillant_name":"-","hpl_areap3":"G:\\BMA\\VDO_DRONE\\SUMP\\BSS040_A3.jpg","district_id":"1039","hpl_areap2":"G:\\BMA\\VDO_DRONE\\SUMP\\BSS040_A2.jpg","hpl_areap5":"G:\\BMA\\VDO_DRONE\\SUMP\\BSS040_A5.jpg","hpl_areap4":"G:\\BMA\\VDO_DRONE\\SUMP\\BSS040_A4.jpg","objectid":152,"pump_amount":"5"}},{"geometry":{"type":"Point","coordinates":[100.49604799965566,13.747193998952525],"crs":null},"id":153,"type":"Feature","properties":{"utm_x":661750.8499,"pump3_catagory":"-","year":"2564","accessibility":"กรมรักษาดินแดน บริเวณอาคารสีเหลือง","pump5_type":"-","sump_type":"บ่อสูบน้ำ","utm_y":1520269.42,"area_p1_y":100.496079,"area_p1_x":13.74721,"area_p3_y":100.496102,"sump_length":2.1,"area_p3_x":13.747242,"hpl_mdb":"G:\\BMA\\VDO_DRONE\\SUMP\\BSS006_MD.jpg","home_pic":"BMA\\VDO_DRONE\\SUMP\\BSS006_HO.jpg","sump_depth":3.4,"pump2_volume":0,"pump4_volume":0,"meter":200,"surveillant_mobile":"-","telephone":"-","mdb":0,"hpl_trans":"","volume":22.85,"subdistrict_id":"100101","hpl_home":"G:\\BMA\\VDO_DRONE\\SUMP\\BSS006_HO.jpg","sump_area":"กรุงเทพใต้","sump_width":3.2,"fd_prevent_code":"10","area_p3_pic":"BMA\\VDO_DRONE\\SUMP\\BSS006_A3.jpg","district_t":"พระนคร","pump4_catagory":"-","sump_name":"บ่อสูบน้ำกรมรักษาดินแดน","mea_tel":"0-2221-0812, 0-2220-5222, 0-2220-5333","area_p4_pic":"","transformer":0,"mea":"เขตวัดเลียบ","trans_pic":"","pump2_type":"-","mdb_pic":"BMA\\VDO_DRONE\\SUMP\\BSS006_MD.jpg","area_p4_y":100.496021,"meter_pic":"BMA\\VDO_DRONE\\SUMP\\BSS006_ME.jpg","area_p2_x":13.747199,"sump_code":"BS.S.006","area_p4_x":13.747232,"amount5":"-","area_p2_y":100.49605,"amount4":"-","pump5_catagory":"-","hpl_meter":"G:\\BMA\\VDO_DRONE\\SUMP\\BSS006_ME.jpg","pump3_type":"-","amount3":"-","amount2":"-","area_p2_pic":"BMA\\VDO_DRONE\\SUMP\\BSS006_A2.jpg","gate_type":"8","amount1":"1","area_p5_pic":"","reflex_area":"กรุงเทพใต้","pipe_in_bed2":1.7,"pipe_in_bed3":0,"pipe_in_bed1":1.7,"home_type":"ตู้พักอาศัยขนาดเล็ก","date_survey":"3 มีนาคม 2021","pipe_in_bed4":0,"pump1_type":"ซับเมิร์ส","pump5_volume":0,"owner":"พระนคร","pump4_type":"-","area_p1_pic":"BMA\\VDO_DRONE\\SUMP\\BSS006_A1.jpg","pump3_volume":0,"pump1_catagory":"ไฟฟ้า","objectid_1":153,"pump2_catagory":"-","sump_bed":"3.4","pipe_in_dimention1":0.4,"pipe_in_dimention2":0.4,"pipe_in_dimention3":0,"meter_code":"MEA-TOU-9104982","pipe_in_dimention4":0,"pump1_volume":0.5,"hpl_areap1":"G:\\BMA\\VDO_DRONE\\SUMP\\BSS006_A1.jpg","surveillant_name":"-","hpl_areap3":"G:\\BMA\\VDO_DRONE\\SUMP\\BSS006_A3.jpg","district_id":"1001","hpl_areap2":"G:\\BMA\\VDO_DRONE\\SUMP\\BSS006_A2.jpg","hpl_areap5":"","hpl_areap4":"","objectid":153,"pump_amount":"1"}},{"geometry":{"type":"Point","coordinates":[100.64356199998734,13.746557996911681],"crs":null},"id":154,"type":"Feature","properties":{"utm_x":677704.0922,"pump3_catagory":"ดีเซล","year":"2564","accessibility":"บริเวณคลองกะจะถนนศรีนครินทร์ ใกล้อู่เจริญศูนย์ล้อ","pump5_type":"-","sump_type":"บ่อสูบน้ำ","utm_y":1520302.95,"area_p1_y":100.643587,"area_p1_x":13.746496,"area_p3_y":100.643546,"sump_length":7,"area_p3_x":13.746498,"hpl_mdb":"G:\\BMA\\VDO_DRONE\\SUMP\\BES022_MD.jpg","home_pic":"BMA\\VDO_DRONE\\SUMP\\BES022_HO.jpg","sump_depth":3.5,"pump2_volume":1,"pump4_volume":0,"meter":400,"surveillant_mobile":"-","telephone":"-","mdb":630,"hpl_trans":"G:\\BMA\\VDO_DRONE\\SUMP\\BES022_TR.jpg","volume":220.5,"subdistrict_id":"100608","hpl_home":"G:\\BMA\\VDO_DRONE\\SUMP\\BES022_HO.jpg","sump_area":"กรุงเทพตะวันออก","sump_width":9,"fd_prevent_code":"09","area_p3_pic":"BMA\\VDO_DRONE\\SUMP\\BES022_A3.jpg","district_t":"บางกะปิ","pump4_catagory":"-","sump_name":"บ่อสูบน้ำคลองกะจะถนนศรีนครินทร์","mea_tel":"0-2725-5211 , 0-2314-0668","area_p4_pic":"BMA\\VDO_DRONE\\SUMP\\BES022_A4.jpg","transformer":500,"mea":"เขตบางกะปิ","trans_pic":"BMA\\VDO_DRONE\\SUMP\\BES022_TR.jpg","pump2_type":"ซับเมิร์ส","mdb_pic":"BMA\\VDO_DRONE\\SUMP\\BES022_MD.jpg","area_p4_y":100.643549,"meter_pic":"BMA\\VDO_DRONE\\SUMP\\BES022_ME.jpg","area_p2_x":13.746494,"sump_code":"BE.S.022","area_p4_x":13.74651,"amount5":"-","area_p2_y":100.643553,"amount4":"-","pump5_catagory":"-","hpl_meter":"G:\\BMA\\VDO_DRONE\\SUMP\\BES022_ME.jpg","pump3_type":"ไฮดรอลิค","amount3":"1","amount2":"1","area_p2_pic":"BMA\\VDO_DRONE\\SUMP\\BES022_A2.jpg","gate_type":"4","amount1":"2","area_p5_pic":"BMA\\VDO_DRONE\\SUMP\\BES022_A5.jpg","reflex_area":"กรุงเทพตะวันออก","pipe_in_bed2":3.4,"pipe_in_bed3":3.4,"pipe_in_bed1":3.4,"home_type":"ตู้คอนเทนเนอร์","date_survey":"21 กุมภาพันธ์ 2021","pipe_in_bed4":3.2,"pump1_type":"หอยโข่ง","pump5_volume":0,"owner":"บางกะปิ","pump4_type":"-","area_p1_pic":"BMA\\VDO_DRONE\\SUMP\\BES022_A1.jpg","pump3_volume":2,"pump1_catagory":"ไฟฟ้า","objectid_1":154,"pump2_catagory":"ไฟฟ้า","sump_bed":"3.5","pipe_in_dimention1":1.2,"pipe_in_dimention2":1.2,"pipe_in_dimention3":1.2,"meter_code":"MEA-TOU-9065275","pipe_in_dimention4":1.2,"pump1_volume":1,"hpl_areap1":"G:\\BMA\\VDO_DRONE\\SUMP\\BES022_A1.jpg","surveillant_name":"-","hpl_areap3":"G:\\BMA\\VDO_DRONE\\SUMP\\BES022_A3.jpg","district_id":"1006","hpl_areap2":"G:\\BMA\\VDO_DRONE\\SUMP\\BES022_A2.jpg","hpl_areap5":"G:\\BMA\\VDO_DRONE\\SUMP\\BES022_A5.jpg","hpl_areap4":"G:\\BMA\\VDO_DRONE\\SUMP\\BES022_A4.jpg","objectid":154,"pump_amount":"4"}},{"geometry":{"type":"Point","coordinates":[100.54844999983139,13.747608999191499],"crs":null},"id":155,"type":"Feature","properties":{"utm_x":667417.4053,"pump3_catagory":"-","year":"2564","accessibility":"ถนนวิทยุ ในซอยข้างTHE MOONITE","pump5_type":"-","sump_type":"บ่อสูบน้ำ","utm_y":1520351.118,"area_p1_y":100.54894,"area_p1_x":13.748804,"area_p3_y":100.548537,"sump_length":2.6,"area_p3_x":13.747573,"hpl_mdb":"G:\\BMA\\VDO_DRONE\\SUMP\\BSS018_MD.jpg","home_pic":"","sump_depth":3.4,"pump2_volume":0,"pump4_volume":0,"meter":200,"surveillant_mobile":"-","telephone":"-","mdb":200,"hpl_trans":"","volume":14.14,"subdistrict_id":"100704","hpl_home":"","sump_area":"กรุงเทพใต้","sump_width":1.6,"fd_prevent_code":"12","area_p3_pic":"BMA\\VDO_DRONE\\SUMP\\BSS018_A3.jpg","district_t":"ปทุมวัน","pump4_catagory":"-","sump_name":"บ่อสูบน้ำถนนวิทยุ (ฝั่งตะวันตก)","mea_tel":"0-2221-0812, 0-2220-5222, 0-2220-5333","area_p4_pic":"BMA\\VDO_DRONE\\SUMP\\BSS018_A4.jpg","transformer":0,"mea":"เขตวัดเลียบ","trans_pic":"","pump2_type":"-","mdb_pic":"BMA\\VDO_DRONE\\SUMP\\BSS018_MD.jpg","area_p4_y":100.548346,"meter_pic":"BMA\\VDO_DRONE\\SUMP\\BSS018_ME.jpg","area_p2_x":13.747567,"sump_code":"BS.S.018","area_p4_x":13.747682,"amount5":"-","area_p2_y":100.548423,"amount4":"-","pump5_catagory":"-","hpl_meter":"G:\\BMA\\VDO_DRONE\\SUMP\\BSS018_ME.jpg","pump3_type":"-","amount3":"-","amount2":"-","area_p2_pic":"BMA\\VDO_DRONE\\SUMP\\BSS018_A2.jpg","gate_type":"1","amount1":"1","area_p5_pic":"","reflex_area":"กรุงเทพใต้","pipe_in_bed2":0,"pipe_in_bed3":0,"pipe_in_bed1":2.6,"home_type":"ไม่มี","date_survey":"17 เมษายน 2021","pipe_in_bed4":0,"pump1_type":"หอยโข่ง","pump5_volume":0,"owner":"ปทุมวัน","pump4_type":"-","area_p1_pic":"BMA\\VDO_DRONE\\SUMP\\BSS018_A1.jpg","pump3_volume":0,"pump1_catagory":"ไฟฟ้า","objectid_1":155,"pump2_catagory":"-","sump_bed":"3.4","pipe_in_dimention1":1.2,"pipe_in_dimention2":0,"pipe_in_dimention3":0,"meter_code":"MEA-TOU-9116465","pipe_in_dimention4":0,"pump1_volume":0.2,"hpl_areap1":"G:\\BMA\\VDO_DRONE\\SUMP\\BSS018_A1.jpg","surveillant_name":"-","hpl_areap3":"G:\\BMA\\VDO_DRONE\\SUMP\\BSS018_A3.jpg","district_id":"1007","hpl_areap2":"G:\\BMA\\VDO_DRONE\\SUMP\\BSS018_A2.jpg","hpl_areap5":"","hpl_areap4":"G:\\BMA\\VDO_DRONE\\SUMP\\BSS018_A4.jpg","objectid":155,"pump_amount":"1"}},{"geometry":{"type":"Point","coordinates":[100.56317151615194,13.74761713449085],"crs":null},"id":156,"type":"Feature","properties":{"utm_x":669009.4313,"pump3_catagory":"-","year":"2564","accessibility":"ถนนอโศกมนตรี ใกล้สะพานมิตรสัมพันธ์2 ตรงข้ามมีร้านซูชิ คอร์เนอร์","pump5_type":"-","sump_type":"บ่อสูบน้ำ","utm_y":1520362.294,"area_p1_y":100.556443,"area_p1_x":13.748059,"area_p3_y":0,"sump_length":6.6,"area_p3_x":0,"hpl_mdb":"G:\\BMA\\VDO_DRONE\\SUMP\\BSS023_MD.jpg","home_pic":"","sump_depth":4.5,"pump2_volume":0.3,"pump4_volume":0,"meter":400,"surveillant_mobile":"-","telephone":"-","mdb":500,"hpl_trans":"G:\\BMA\\VDO_DRONE\\SUMP\\BSS023_TR.jpg","volume":62.37,"subdistrict_id":"103901","hpl_home":"","sump_area":"กรุงเทพใต้","sump_width":2.1,"fd_prevent_code":"13","area_p3_pic":"BMA\\VDO_DRONE\\SUMP\\BSS023_A3.jpg","district_t":"วัฒนา","pump4_catagory":"-","sump_name":"บ่อสูบน้ำอโศก? (สุขุมวิท ?21)","mea_tel":"0-2725-5211 , 0-2314-0668","area_p4_pic":"BMA\\VDO_DRONE\\SUMP\\BSS023_A4.jpg","transformer":500,"mea":"เขตบางกะปิ","trans_pic":"BMA\\VDO_DRONE\\SUMP\\BSS023_TR.jpg","pump2_type":"หอยโข่ง","mdb_pic":"BMA\\VDO_DRONE\\SUMP\\BSS023_MD.jpg","area_p4_y":0.000185,"meter_pic":"BMA\\VDO_DRONE\\SUMP\\BSS023_ME.jpg","area_p2_x":13.747544,"sump_code":"BS.S.023","area_p4_x":0.001167,"amount5":"-","area_p2_y":100.562986,"amount4":"-","pump5_catagory":"-","hpl_meter":"G:\\BMA\\VDO_DRONE\\SUMP\\BSS023_ME.jpg","pump3_type":"-","amount3":"-","amount2":"1","area_p2_pic":"BMA\\VDO_DRONE\\SUMP\\BSS023_A2.jpg","gate_type":"1","amount1":"2","area_p5_pic":"BMA\\VDO_DRONE\\SUMP\\BSS023_A5.jpg","reflex_area":"กรุงเทพใต้","pipe_in_bed2":0,"pipe_in_bed3":0,"pipe_in_bed1":2.5,"home_type":"ตู้คอนเทนเนอร์","date_survey":"20 พฤษภาคม 2021","pipe_in_bed4":0,"pump1_type":"ซับเมิร์ส","pump5_volume":0,"owner":"วัฒนา","pump4_type":"-","area_p1_pic":"BMA\\VDO_DRONE\\SUMP\\BSS023_A1.jpg","pump3_volume":0,"pump1_catagory":"ไฟฟ้า","objectid_1":156,"pump2_catagory":"ไฟฟ้า","sump_bed":"4.5","pipe_in_dimention1":1.2,"pipe_in_dimention2":0,"pipe_in_dimention3":0,"meter_code":"MEA-33009207","pipe_in_dimention4":0,"pump1_volume":1,"hpl_areap1":"G:\\BMA\\VDO_DRONE\\SUMP\\BSS023_A1.jpg","surveillant_name":"-","hpl_areap3":"G:\\BMA\\VDO_DRONE\\SUMP\\BSS023_A3.jpg","district_id":"1039","hpl_areap2":"G:\\BMA\\VDO_DRONE\\SUMP\\BSS023_A2.jpg","hpl_areap5":"G:\\BMA\\VDO_DRONE\\SUMP\\BSS023_A5.jpg","hpl_areap4":"G:\\BMA\\VDO_DRONE\\SUMP\\BSS023_A4.jpg","objectid":156,"pump_amount":"3"}},{"geometry":{"type":"Point","coordinates":[100.54458999997648,13.747868003246966],"crs":null},"id":157,"type":"Feature","properties":{"utm_x":666999.7906,"pump3_catagory":"-","year":"2564","accessibility":"ซอยชิดลม หน้าคอนโดเดอะพาร์ค ชิดลม","pump5_type":"-","sump_type":"บ่อสูบน้ำ","utm_y":1520377.093,"area_p1_y":100.544548,"area_p1_x":13.747909,"area_p3_y":100.544561,"sump_length":4,"area_p3_x":13.748019,"hpl_mdb":"G:\\BMA\\VDO_DRONE\\SUMP\\BSS060_MD.jpg","home_pic":"","sump_depth":2.8,"pump2_volume":0,"pump4_volume":0,"meter":200,"surveillant_mobile":"-","telephone":"-","mdb":250,"hpl_trans":"","volume":15.68,"subdistrict_id":"100704","hpl_home":"","sump_area":"กรุงเทพใต้","sump_width":1.4,"fd_prevent_code":"12","area_p3_pic":"BMA\\VDO_DRONE\\SUMP\\BSS060_A3.jpg","district_t":"ปทุมวัน","pump4_catagory":"-","sump_name":"บ่อสูบน้ำชิดลม","mea_tel":"0-2221-0812, 0-2220-5222, 0-2220-5333","area_p4_pic":"BMA\\VDO_DRONE\\SUMP\\BSS060_A4.jpg","transformer":0,"mea":"เขตวัดเลียบ","trans_pic":"","pump2_type":"-","mdb_pic":"BMA\\VDO_DRONE\\SUMP\\BSS060_MD.jpg","area_p4_y":100.544639,"meter_pic":"BMA\\VDO_DRONE\\SUMP\\BSS060_ME.jpg","area_p2_x":13.748043,"sump_code":"BS.S.060","area_p4_x":13.747849,"amount5":"-","area_p2_y":100.54443,"amount4":"-","pump5_catagory":"-","hpl_meter":"G:\\BMA\\VDO_DRONE\\SUMP\\BSS060_ME.jpg","pump3_type":"-","amount3":"-","amount2":"-","area_p2_pic":"BMA\\VDO_DRONE\\SUMP\\BSS060_A2.jpg","gate_type":"1","amount1":"2","area_p5_pic":"BMA\\VDO_DRONE\\SUMP\\BSS060_A5.jpg","reflex_area":"กรุงเทพใต้","pipe_in_bed2":0,"pipe_in_bed3":0,"pipe_in_bed1":2.4,"home_type":"ไม่มี","date_survey":"7 มิถุนายน 2021","pipe_in_bed4":0,"pump1_type":"ซับเมิร์ส","pump5_volume":0,"owner":"ปทุมวัน","pump4_type":"-","area_p1_pic":"BMA\\VDO_DRONE\\SUMP\\BSS060_A1.jpg","pump3_volume":0,"pump1_catagory":"ไฟฟ้า","objectid_1":157,"pump2_catagory":"-","sump_bed":"2.8","pipe_in_dimention1":1.2,"pipe_in_dimention2":0,"pipe_in_dimention3":0,"meter_code":"MEA-TOU-9147444","pipe_in_dimention4":0,"pump1_volume":0.5,"hpl_areap1":"G:\\BMA\\VDO_DRONE\\SUMP\\BSS060_A1.jpg","surveillant_name":"-","hpl_areap3":"G:\\BMA\\VDO_DRONE\\SUMP\\BSS060_A3.jpg","district_id":"1007","hpl_areap2":"G:\\BMA\\VDO_DRONE\\SUMP\\BSS060_A2.jpg","hpl_areap5":"G:\\BMA\\VDO_DRONE\\SUMP\\BSS060_A5.jpg","hpl_areap4":"G:\\BMA\\VDO_DRONE\\SUMP\\BSS060_A4.jpg","objectid":157,"pump_amount":"2"}},{"geometry":{"type":"Point","coordinates":[100.54871799957577,13.747901000779686],"crs":null},"id":158,"type":"Feature","properties":{"utm_x":667446.18,"pump3_catagory":"-","year":"2564","accessibility":"ถนนวิทยุ ในคอนโดLife One Wireless","pump5_type":"-","sump_type":"บ่อสูบน้ำ","utm_y":1520383.608,"area_p1_y":100.548751,"area_p1_x":13.747764,"area_p3_y":100.548651,"sump_length":6.2,"area_p3_x":13.747849,"hpl_mdb":"G:\\BMA\\VDO_DRONE\\SUMP\\BSS019_MD.jpg","home_pic":"BMA\\VDO_DRONE\\SUMP\\BSS019_HO.jpg","sump_depth":4.8,"pump2_volume":0,"pump4_volume":0,"meter":200,"surveillant_mobile":"-","telephone":"-","mdb":250,"hpl_trans":"","volume":47.62,"subdistrict_id":"100704","hpl_home":"G:\\BMA\\VDO_DRONE\\SUMP\\BSS019_HO.jpg","sump_area":"กรุงเทพใต้","sump_width":1.6,"fd_prevent_code":"12","area_p3_pic":"BMA\\VDO_DRONE\\SUMP\\BSS019_A3.jpg","district_t":"ปทุมวัน","pump4_catagory":"-","sump_name":"บ่อสูบน้ำถนนวิทยุ (ฝั่งตะวันออก)","mea_tel":"0-2221-0812, 0-2220-5222, 0-2220-5333","area_p4_pic":"BMA\\VDO_DRONE\\SUMP\\BSS019_A4.jpg","transformer":0,"mea":"เขตวัดเลียบ","trans_pic":"","pump2_type":"-","mdb_pic":"BMA\\VDO_DRONE\\SUMP\\BSS019_MD.jpg","area_p4_y":100.548651,"meter_pic":"BMA\\VDO_DRONE\\SUMP\\BSS019_ME.jpg","area_p2_x":13.747986,"sump_code":"BS.S.019","area_p4_x":13.74785,"amount5":"-","area_p2_y":100.548666,"amount4":"-","pump5_catagory":"-","hpl_meter":"G:\\BMA\\VDO_DRONE\\SUMP\\BSS019_ME.jpg","pump3_type":"-","amount3":"-","amount2":"-","area_p2_pic":"BMA\\VDO_DRONE\\SUMP\\BSS019_A2.jpg","gate_type":"8","amount1":"2","area_p5_pic":"","reflex_area":"กรุงเทพใต้","pipe_in_bed2":0,"pipe_in_bed3":0,"pipe_in_bed1":2.6,"home_type":"ตู้พักอาศัยขนาดเล็ก","date_survey":"17 เมษายน 2021","pipe_in_bed4":0,"pump1_type":"ซับเมิร์ส","pump5_volume":0,"owner":"ปทุมวัน","pump4_type":"-","area_p1_pic":"BMA\\VDO_DRONE\\SUMP\\BSS019_A1.jpg","pump3_volume":0,"pump1_catagory":"ไฟฟ้า","objectid_1":158,"pump2_catagory":"-","sump_bed":"4.8","pipe_in_dimention1":1.2,"pipe_in_dimention2":0,"pipe_in_dimention3":0,"meter_code":"MEA-130001174","pipe_in_dimention4":0,"pump1_volume":0.5,"hpl_areap1":"G:\\BMA\\VDO_DRONE\\SUMP\\BSS019_A1.jpg","surveillant_name":"-","hpl_areap3":"G:\\BMA\\VDO_DRONE\\SUMP\\BSS019_A3.jpg","district_id":"1007","hpl_areap2":"G:\\BMA\\VDO_DRONE\\SUMP\\BSS019_A2.jpg","hpl_areap5":"","hpl_areap4":"G:\\BMA\\VDO_DRONE\\SUMP\\BSS019_A4.jpg","objectid":158,"pump_amount":"2"}},{"geometry":{"type":"Point","coordinates":[100.54621600003031,13.74808299795405],"crs":null},"id":159,"type":"Feature","properties":{"utm_x":667175.4779,"pump3_catagory":"ดีเซล","year":"2564","accessibility":"ซอยสมคิดใกล้คอนโดThe Address Chidlom","pump5_type":"-","sump_type":"บ่อสูบน้ำ","utm_y":1520402.005,"area_p1_y":100.54627,"area_p1_x":13.748211,"area_p3_y":100.546309,"sump_length":12,"area_p3_x":13.748083,"hpl_mdb":"G:\\BMA\\VDO_DRONE\\SUMP\\BSS021_MD.jpg","home_pic":"BMA\\VDO_DRONE\\SUMP\\BSS021_HO.jpg","sump_depth":5.5,"pump2_volume":1,"pump4_volume":0,"meter":15,"surveillant_mobile":"-","telephone":"-","mdb":700,"hpl_trans":"G:\\BMA\\VDO_DRONE\\SUMP\\BSS021_TR.jpg","volume":409.2,"subdistrict_id":"100704","hpl_home":"G:\\BMA\\VDO_DRONE\\SUMP\\BSS021_HO.jpg","sump_area":"กรุงเทพใต้","sump_width":6.2,"fd_prevent_code":"12","area_p3_pic":"BMA\\VDO_DRONE\\SUMP\\BSS021_A3.jpg","district_t":"ปทุมวัน","pump4_catagory":"-","sump_name":"บ่อสูบน้ำซอยสมคิด","mea_tel":"0-2221-0812, 0-2220-5222, 0-2220-5333","area_p4_pic":"BMA\\VDO_DRONE\\SUMP\\BSS021_A4.jpg","transformer":500,"mea":"เขตวัดเลียบ","trans_pic":"BMA\\VDO_DRONE\\SUMP\\BSS021_TR.jpg","pump2_type":"ซับเมิร์ส","mdb_pic":"BMA\\VDO_DRONE\\SUMP\\BSS021_MD.jpg","area_p4_y":100.546347,"meter_pic":"BMA\\VDO_DRONE\\SUMP\\BSS021_ME.jpg","area_p2_x":13.748117,"sump_code":"BS.S.021","area_p4_x":13.748069,"amount5":"-","area_p2_y":100.546328,"amount4":"-","pump5_catagory":"-","hpl_meter":"G:\\BMA\\VDO_DRONE\\SUMP\\BSS021_ME.jpg","pump3_type":"เครื่องยนต์","amount3":"1","amount2":"1","area_p2_pic":"BMA\\VDO_DRONE\\SUMP\\BSS021_A2.jpg","gate_type":"2","amount1":"2","area_p5_pic":"BMA\\VDO_DRONE\\SUMP\\BSS021_A5.jpg","reflex_area":"กรุงเทพใต้","pipe_in_bed2":0,"pipe_in_bed3":0,"pipe_in_bed1":2.5,"home_type":"ตู้พักอาศัยขนาดกลาง","date_survey":"17 เมษายน 2021","pipe_in_bed4":0,"pump1_type":"ซับเมิร์ส","pump5_volume":0,"owner":"ปทุมวัน","pump4_type":"-","area_p1_pic":"BMA\\VDO_DRONE\\SUMP\\BSS021_A1.jpg","pump3_volume":0.32,"pump1_catagory":"ไฟฟ้า","objectid_1":159,"pump2_catagory":"ไฟฟ้า","sump_bed":"5.2","pipe_in_dimention1":6,"pipe_in_dimention2":0,"pipe_in_dimention3":0,"meter_code":"MEA-140004334","pipe_in_dimention4":0,"pump1_volume":2,"hpl_areap1":"G:\\BMA\\VDO_DRONE\\SUMP\\BSS021_A1.jpg","surveillant_name":"-","hpl_areap3":"G:\\BMA\\VDO_DRONE\\SUMP\\BSS021_A3.jpg","district_id":"1007","hpl_areap2":"G:\\BMA\\VDO_DRONE\\SUMP\\BSS021_A2.jpg","hpl_areap5":"G:\\BMA\\VDO_DRONE\\SUMP\\BSS021_A5.jpg","hpl_areap4":"G:\\BMA\\VDO_DRONE\\SUMP\\BSS021_A4.jpg","objectid":159,"pump_amount":"4"}},{"geometry":{"type":"Point","coordinates":[100.55641399963169,13.748066003372681],"crs":null},"id":160,"type":"Feature","properties":{"utm_x":668278.33,"pump3_catagory":"ไฟฟ้า","year":"2564","accessibility":"ในซอยสุขุมวิท11 สุดซอยริมคลองแสนแสบ ใกล้คาลิสต้า แมนชั่น","pump5_type":"-","sump_type":"บ่อสูบน้ำ","utm_y":1520407.223,"area_p1_y":100.556672,"area_p1_x":13.748294,"area_p3_y":100.556477,"sump_length":6,"area_p3_x":13.748041,"hpl_mdb":"G:\\BMA\\VDO_DRONE\\SUMP\\BSS024_MD.jpg","home_pic":"BMA\\VDO_DRONE\\SUMP\\BSS024_HO.jpg","sump_depth":3.8,"pump2_volume":1,"pump4_volume":0,"meter":400,"surveillant_mobile":"-","telephone":"-","mdb":500,"hpl_trans":"G:\\BMA\\VDO_DRONE\\SUMP\\BSS024_TR.jpg","volume":118.56,"subdistrict_id":"103901","hpl_home":"G:\\BMA\\VDO_DRONE\\SUMP\\BSS024_HO.jpg","sump_area":"กรุงเทพใต้","sump_width":5.2,"fd_prevent_code":"13","area_p3_pic":"BMA\\VDO_DRONE\\SUMP\\BSS024_A3.jpg","district_t":"วัฒนา","pump4_catagory":"-","sump_name":"บ่อสูบน้ำสุขุมวิท? 11","mea_tel":"0-2725-5211 , 0-2314-0668","area_p4_pic":"BMA\\VDO_DRONE\\SUMP\\BSS024_A4.jpg","transformer":500,"mea":"เขตบางกะปิ","trans_pic":"BMA\\VDO_DRONE\\SUMP\\BSS024_TR.jpg","pump2_type":"ซับเมิร์ส","mdb_pic":"BMA\\VDO_DRONE\\SUMP\\BSS024_MD.jpg","area_p4_y":100.556443,"meter_pic":"BMA\\VDO_DRONE\\SUMP\\BSS024_ME.jpg","area_p2_x":13.748037,"sump_code":"BS.S.024","area_p4_x":13.748059,"amount5":"-","area_p2_y":100.556484,"amount4":"-","pump5_catagory":"-","hpl_meter":"G:\\BMA\\VDO_DRONE\\SUMP\\BSS024_ME.jpg","pump3_type":"ซับเมิร์ส","amount3":"1","amount2":"1","area_p2_pic":"BMA\\VDO_DRONE\\SUMP\\BSS024_A2.jpg","gate_type":"9","amount1":"1","area_p5_pic":"BMA\\VDO_DRONE\\SUMP\\BSS024_A5.jpg","reflex_area":"กรุงเทพใต้","pipe_in_bed2":1.6,"pipe_in_bed3":0,"pipe_in_bed1":1.6,"home_type":"ตู้คอนเทนเนอร์","date_survey":"3 มิถุนายน 2021","pipe_in_bed4":0,"pump1_type":"ซับเมิร์ส","pump5_volume":0,"owner":"วัฒนา","pump4_type":"-","area_p1_pic":"BMA\\VDO_DRONE\\SUMP\\BSS024_A1.jpg","pump3_volume":0.5,"pump1_catagory":"ไฟฟ้า","objectid_1":160,"pump2_catagory":"ไฟฟ้า","sump_bed":"3.8","pipe_in_dimention1":1.2,"pipe_in_dimention2":0.8,"pipe_in_dimention3":0,"meter_code":"MEA-33018918","pipe_in_dimention4":0,"pump1_volume":2,"hpl_areap1":"G:\\BMA\\VDO_DRONE\\SUMP\\BSS024_A1.jpg","surveillant_name":"-","hpl_areap3":"G:\\BMA\\VDO_DRONE\\SUMP\\BSS024_A3.jpg","district_id":"1039","hpl_areap2":"G:\\BMA\\VDO_DRONE\\SUMP\\BSS024_A2.jpg","hpl_areap5":"G:\\BMA\\VDO_DRONE\\SUMP\\BSS024_A5.jpg","hpl_areap4":"G:\\BMA\\VDO_DRONE\\SUMP\\BSS024_A4.jpg","objectid":160,"pump_amount":"3"}},{"geometry":{"type":"Point","coordinates":[100.5631299996017,13.748147003141431],"crs":null},"id":161,"type":"Feature","properties":{"utm_x":669004.5614,"pump3_catagory":"-","year":"2564","accessibility":"ถนนอโศกมนตรี บริเวณข้างตึกQ Asoke ใกล้MRTเพชรบุรี","pump5_type":"-","sump_type":"บ่อสูบน้ำ","utm_y":1520420.884,"area_p1_y":100.563122,"area_p1_x":13.748206,"area_p3_y":100.563047,"sump_length":5.1,"area_p3_x":13.747883,"hpl_mdb":"G:\\BMA\\VDO_DRONE\\SUMP\\BNS034_MD.jpg","home_pic":"BMA\\VDO_DRONE\\SUMP\\BNS034_HO.jpg","sump_depth":3,"pump2_volume":0,"pump4_volume":0,"meter":200,"surveillant_mobile":"-","telephone":"02-2529488","mdb":250,"hpl_trans":"G:\\BMA\\VDO_DRONE\\SUMP\\BNS034_TR.jpg","volume":18.36,"subdistrict_id":"103704","hpl_home":"G:\\BMA\\VDO_DRONE\\SUMP\\BNS034_HO.jpg","sump_area":"กรุงเทพเหนือ","sump_width":1.2,"fd_prevent_code":"06","area_p3_pic":"BMA\\VDO_DRONE\\SUMP\\BNS034_A3.jpg","district_t":"ราชเทวี","pump4_catagory":"-","sump_name":"บ่อสูบน้ำถนนอโศก ฝั่งตรงข้ามสถานฑูตญี่ปุ่น","mea_tel":"0-2725-5211 , 0-2314-0668","area_p4_pic":"BMA\\VDO_DRONE\\SUMP\\BNS034_A4.jpg","transformer":36,"mea":"เขตบางกะปิ","trans_pic":"BMA\\VDO_DRONE\\SUMP\\BNS034_TR.jpg","pump2_type":"-","mdb_pic":"BMA\\VDO_DRONE\\SUMP\\BNS034_MD.jpg","area_p4_y":100.563154,"meter_pic":"BMA\\VDO_DRONE\\SUMP\\BNS034_ME.jpg","area_p2_x":13.748269,"sump_code":"BN.S.034","area_p4_x":13.747883,"amount5":"-","area_p2_y":100.563229,"amount4":"-","pump5_catagory":"-","hpl_meter":"G:\\BMA\\VDO_DRONE\\SUMP\\BNS034_ME.jpg","pump3_type":"-","amount3":"-","amount2":"-","area_p2_pic":"BMA\\VDO_DRONE\\SUMP\\BNS034_A2.jpg","gate_type":"8","amount1":"2","area_p5_pic":"BMA\\VDO_DRONE\\SUMP\\BNS034_A5.jpg","reflex_area":"กรุงเทพเหนือ","pipe_in_bed2":0,"pipe_in_bed3":0,"pipe_in_bed1":3,"home_type":"บ้านพัก","date_survey":"16 กุมภาพันธ์ 2021","pipe_in_bed4":0,"pump1_type":"หอยโข่ง","pump5_volume":0,"owner":"ราชเทวี","pump4_type":"-","area_p1_pic":"BMA\\VDO_DRONE\\SUMP\\BNS034_A1.jpg","pump3_volume":0,"pump1_catagory":"ไฟฟ้า","objectid_1":161,"pump2_catagory":"-","sump_bed":"3","pipe_in_dimention1":1,"pipe_in_dimention2":0,"pipe_in_dimention3":0,"meter_code":"MEA-23102896","pipe_in_dimention4":0,"pump1_volume":0.2,"hpl_areap1":"G:\\BMA\\VDO_DRONE\\SUMP\\BNS034_A1.jpg","surveillant_name":"-","hpl_areap3":"G:\\BMA\\VDO_DRONE\\SUMP\\BNS034_A3.jpg","district_id":"1037","hpl_areap2":"G:\\BMA\\VDO_DRONE\\SUMP\\BNS034_A2.jpg","hpl_areap5":"G:\\BMA\\VDO_DRONE\\SUMP\\BNS034_A5.jpg","hpl_areap4":"G:\\BMA\\VDO_DRONE\\SUMP\\BNS034_A4.jpg","objectid":161,"pump_amount":"2"}},{"geometry":{"type":"Point","coordinates":[100.54841899974443,13.74863300467979],"crs":null},"id":162,"type":"Feature","properties":{"utm_x":667413.3251,"pump3_catagory":"-","year":"2564","accessibility":"ถนนวิทยุ ฝั่งตรงข้ามโรงแรม อะเดรียติค พาเลซ","pump5_type":"-","sump_type":"บ่อสูบน้ำ","utm_y":1520464.381,"area_p1_y":100.548464,"area_p1_x":13.748721,"area_p3_y":100.548445,"sump_length":5.67,"area_p3_x":13.748544,"hpl_mdb":"G:\\BMA\\VDO_DRONE\\SUMP\\BNS047_MD.jpg","home_pic":"","sump_depth":3.04,"pump2_volume":0.3,"pump4_volume":0,"meter":200,"surveillant_mobile":"-","telephone":"-","mdb":250,"hpl_trans":"G:\\BMA\\VDO_DRONE\\SUMP\\BNS047_TR.jpg","volume":37.4,"subdistrict_id":"103704","hpl_home":"","sump_area":"กรุงเทพเหนือ","sump_width":2.17,"fd_prevent_code":"06","area_p3_pic":"BMA\\VDO_DRONE\\SUMP\\BNS047_A3.jpg","district_t":"ราชเทวี","pump4_catagory":"-","sump_name":"บ่อสูบน้ำถนนวิทยุ ฝั่งตะวันตก","mea_tel":"0-2348-5211 , 0-2249-0800","area_p4_pic":"","transformer":225,"mea":"สำนักงานใหญ่คลองเตย","trans_pic":"BMA\\VDO_DRONE\\SUMP\\BNS047_TR.jpg","pump2_type":"หอยโข่ง","mdb_pic":"BMA\\VDO_DRONE\\SUMP\\BNS047_MD.jpg","area_p4_y":100.548392,"meter_pic":"BMA\\VDO_DRONE\\SUMP\\BNS047_ME.jpg","area_p2_x":13.748512,"sump_code":"BN.S.047","area_p4_x":13.748901,"amount5":"-","area_p2_y":100.548311,"amount4":"-","pump5_catagory":"-","hpl_meter":"G:\\BMA\\VDO_DRONE\\SUMP\\BNS047_ME.jpg","pump3_type":"-","amount3":"-","amount2":"1","area_p2_pic":"BMA\\VDO_DRONE\\SUMP\\BNS047_A2.jpg","gate_type":"8","amount1":"1","area_p5_pic":"","reflex_area":"กรุงเทพเหนือ","pipe_in_bed2":0,"pipe_in_bed3":0,"pipe_in_bed1":2.55,"home_type":"ไม่มี","date_survey":"17 กุมภาพันธ์ 2021","pipe_in_bed4":0,"pump1_type":"หอยโข่ง","pump5_volume":0,"owner":"ราชเทวี","pump4_type":"-","area_p1_pic":"BMA\\VDO_DRONE\\SUMP\\BNS047_A1.jpg","pump3_volume":0,"pump1_catagory":"ไฟฟ้า","objectid_1":162,"pump2_catagory":"ไฟฟ้า","sump_bed":"3.04","pipe_in_dimention1":1.2,"pipe_in_dimention2":0,"pipe_in_dimention3":0,"meter_code":"MEA-TOU-034786","pipe_in_dimention4":0,"pump1_volume":0.13,"hpl_areap1":"G:\\BMA\\VDO_DRONE\\SUMP\\BNS047_A1.jpg","surveillant_name":"-","hpl_areap3":"G:\\BMA\\VDO_DRONE\\SUMP\\BNS047_A3.jpg","district_id":"1037","hpl_areap2":"G:\\BMA\\VDO_DRONE\\SUMP\\BNS047_A2.jpg","hpl_areap5":"","hpl_areap4":"","objectid":162,"pump_amount":"2"}},{"geometry":{"type":"Point","coordinates":[100.5486325705536,13.748664177477083],"crs":null},"id":163,"type":"Feature","properties":{"utm_x":667436.399,"pump3_catagory":"-","year":"2564","accessibility":"ถนนวิทยุ ฝั่งโรงแรม อะเดรียติค พาเลซ","pump5_type":"-","sump_type":"บ่อสูบน้ำ","utm_y":1520467.978,"area_p1_y":100.54857,"area_p1_x":13.74873,"area_p3_y":100.54854,"sump_length":7.13,"area_p3_x":13.748553,"hpl_mdb":"G:\\BMA\\VDO_DRONE\\SUMP\\BNS046_MD.jpg","home_pic":"BMA\\VDO_DRONE\\SUMP\\BNS046_HO.jpg","sump_depth":4.6,"pump2_volume":0,"pump4_volume":0,"meter":200,"surveillant_mobile":"-","telephone":"02-2534940","mdb":0,"hpl_trans":"G:\\BMA\\VDO_DRONE\\SUMP\\BNS046_TR.jpg","volume":78.72,"subdistrict_id":"103704","hpl_home":"G:\\BMA\\VDO_DRONE\\SUMP\\BNS046_HO.jpg","sump_area":"กรุงเทพเหนือ","sump_width":2.4,"fd_prevent_code":"06","area_p3_pic":"BMA\\VDO_DRONE\\SUMP\\BNS046_A3.jpg","district_t":"ราชเทวี","pump4_catagory":"-","sump_name":"บ่อสูบน้ำถนนวิทยุ ฝั่งตะวันออก","mea_tel":"0-2348-5211 , 0-2249-0800","area_p4_pic":"","transformer":150,"mea":"สำนักงานใหญ่คลองเตย","trans_pic":"BMA\\VDO_DRONE\\SUMP\\BNS046_TR.jpg","pump2_type":"-","mdb_pic":"BMA\\VDO_DRONE\\SUMP\\BNS046_MD.jpg","area_p4_y":100.548717,"meter_pic":"BMA\\VDO_DRONE\\SUMP\\BNS046_ME.jpg","area_p2_x":13.748696,"sump_code":"BN.S.046","area_p4_x":13.748496,"amount5":"-","area_p2_y":100.548712,"amount4":"-","pump5_catagory":"-","hpl_meter":"G:\\BMA\\VDO_DRONE\\SUMP\\BNS046_ME.jpg","pump3_type":"-","amount3":"-","amount2":"-","area_p2_pic":"BMA\\VDO_DRONE\\SUMP\\BNS046_A2.jpg","gate_type":"8","amount1":"1","area_p5_pic":"","reflex_area":"กรุงเทพเหนือ","pipe_in_bed2":0,"pipe_in_bed3":0,"pipe_in_bed1":2.05,"home_type":"บ้านพัก","date_survey":"17 กุมภาพันธ์ 2021","pipe_in_bed4":0,"pump1_type":"ซับเมิร์ส","pump5_volume":0,"owner":"ราชเทวี","pump4_type":"-","area_p1_pic":"BMA\\VDO_DRONE\\SUMP\\BNS046_A1.jpg","pump3_volume":0,"pump1_catagory":"ไฟฟ้า","objectid_1":163,"pump2_catagory":"-","sump_bed":"4.6","pipe_in_dimention1":1.2,"pipe_in_dimention2":0,"pipe_in_dimention3":0,"meter_code":"MEA-TOU-055362","pipe_in_dimention4":0,"pump1_volume":0.5,"hpl_areap1":"G:\\BMA\\VDO_DRONE\\SUMP\\BNS046_A1.jpg","surveillant_name":"-","hpl_areap3":"G:\\BMA\\VDO_DRONE\\SUMP\\BNS046_A3.jpg","district_id":"1037","hpl_areap2":"G:\\BMA\\VDO_DRONE\\SUMP\\BNS046_A2.jpg","hpl_areap5":"","hpl_areap4":"","objectid":163,"pump_amount":"1"}},{"geometry":{"type":"Point","coordinates":[100.55429499991038,13.74865400164224],"crs":null},"id":164,"type":"Feature","properties":{"utm_x":668048.7556,"pump3_catagory":"-","year":"2564","accessibility":"ซอยสุขุมวิท3ก่อนถึงโรงแรมอัญญา","pump5_type":"-","sump_type":"บ่อสูบน้ำ","utm_y":1520470.794,"area_p1_y":100.554253,"area_p1_x":13.748673,"area_p3_y":100.554184,"sump_length":6,"area_p3_x":13.748305,"hpl_mdb":"G:\\BMA\\VDO_DRONE\\SUMP\\BNS035_MD.jpg","home_pic":"BMA\\VDO_DRONE\\SUMP\\BNS035_HO.jpg","sump_depth":5.04,"pump2_volume":0,"pump4_volume":0,"meter":200,"surveillant_mobile":"-","telephone":"02-2534941","mdb":250,"hpl_trans":"G:\\BMA\\VDO_DRONE\\SUMP\\BNS035_TR.jpg","volume":81.65,"subdistrict_id":"103704","hpl_home":"G:\\BMA\\VDO_DRONE\\SUMP\\BNS035_HO.jpg","sump_area":"กรุงเทพเหนือ","sump_width":2.7,"fd_prevent_code":"06","area_p3_pic":"BMA\\VDO_DRONE\\SUMP\\BNS035_A3.jpg","district_t":"ราชเทวี","pump4_catagory":"-","sump_name":"บ่อสูบน้ำนานาเหนือ ฝั่งตะวันออก","mea_tel":"0-2348-5211 , 0-2249-0800","area_p4_pic":"BMA\\VDO_DRONE\\SUMP\\BNS035_A4.jpg","transformer":500,"mea":"สำนักงานใหญ่คลองเตย","trans_pic":"BMA\\VDO_DRONE\\SUMP\\BNS035_TR.jpg","pump2_type":"-","mdb_pic":"BMA\\VDO_DRONE\\SUMP\\BNS035_MD.jpg","area_p4_y":100.554329,"meter_pic":"BMA\\VDO_DRONE\\SUMP\\BNS035_ME.jpg","area_p2_x":13.748682,"sump_code":"BN.S.035","area_p4_x":13.748306,"amount5":"-","area_p2_y":100.554346,"amount4":"-","pump5_catagory":"-","hpl_meter":"G:\\BMA\\VDO_DRONE\\SUMP\\BNS035_ME.jpg","pump3_type":"-","amount3":"-","amount2":"-","area_p2_pic":"BMA\\VDO_DRONE\\SUMP\\BNS035_A2.jpg","gate_type":"8","amount1":"1","area_p5_pic":"","reflex_area":"กรุงเทพเหนือ","pipe_in_bed2":0,"pipe_in_bed3":0,"pipe_in_bed1":2.95,"home_type":"ตู้คอนเทนเนอร์","date_survey":"16 กุมภาพันธ์ 2021","pipe_in_bed4":0,"pump1_type":"ซับเมิร์ส","pump5_volume":0,"owner":"ราชเทวี","pump4_type":"-","area_p1_pic":"BMA\\VDO_DRONE\\SUMP\\BNS035_A1.jpg","pump3_volume":0,"pump1_catagory":"ไฟฟ้า","objectid_1":164,"pump2_catagory":"-","sump_bed":"5.04","pipe_in_dimention1":1.5,"pipe_in_dimention2":0,"pipe_in_dimention3":0,"meter_code":"MEA-TOU-9118053","pipe_in_dimention4":0,"pump1_volume":0.5,"hpl_areap1":"G:\\BMA\\VDO_DRONE\\SUMP\\BNS035_A1.jpg","surveillant_name":"-","hpl_areap3":"G:\\BMA\\VDO_DRONE\\SUMP\\BNS035_A3.jpg","district_id":"1037","hpl_areap2":"G:\\BMA\\VDO_DRONE\\SUMP\\BNS035_A2.jpg","hpl_areap5":"","hpl_areap4":"G:\\BMA\\VDO_DRONE\\SUMP\\BNS035_A4.jpg","objectid":164,"pump_amount":"1"}},{"geometry":{"type":"Point","coordinates":[100.53093200034503,13.74891400459303],"crs":null},"id":165,"type":"Feature","properties":{"utm_x":665522.0487,"pump3_catagory":"-","year":"2564","accessibility":"ใต้สะพานหัวช้าง ฝั่งโรงแรมหัวช้าง เฮอริเทจ","pump5_type":"-","sump_type":"บ่อสูบน้ำ","utm_y":1520483.387,"area_p1_y":100.53093,"area_p1_x":13.748917,"area_p3_y":100.531009,"sump_length":9.6,"area_p3_x":13.748992,"hpl_mdb":"G:\\BMA\\VDO_DRONE\\SUMP\\BSS062_MD.jpg","home_pic":"BMA\\VDO_DRONE\\SUMP\\BSS062_HO.jpg","sump_depth":5,"pump2_volume":0.13,"pump4_volume":0,"meter":400,"surveillant_mobile":"-","telephone":"-","mdb":630,"hpl_trans":"","volume":163.2,"subdistrict_id":"100702","hpl_home":"G:\\BMA\\VDO_DRONE\\SUMP\\BSS062_HO.jpg","sump_area":"กรุงเทพใต้","sump_width":3.4,"fd_prevent_code":"12","area_p3_pic":"BMA\\VDO_DRONE\\SUMP\\BSS062_A3.jpg","district_t":"ปทุมวัน","pump4_catagory":"-","sump_name":"บ่อสูบน้ำสะพานหัวช้าง","mea_tel":"0-2221-0812, 0-2220-5222, 0-2220-5333","area_p4_pic":"BMA\\VDO_DRONE\\SUMP\\BSS062_A4.jpg","transformer":0,"mea":"เขตวัดเลียบ","trans_pic":"","pump2_type":"หอยโข่ง","mdb_pic":"BMA\\VDO_DRONE\\SUMP\\BSS062_MD.jpg","area_p4_y":100.531144,"meter_pic":"BMA\\VDO_DRONE\\SUMP\\BSS062_ME.jpg","area_p2_x":13.749006,"sump_code":"BS.S.062","area_p4_x":13.749025,"amount5":"-","area_p2_y":100.531045,"amount4":"-","pump5_catagory":"-","hpl_meter":"G:\\BMA\\VDO_DRONE\\SUMP\\BSS062_ME.jpg","pump3_type":"-","amount3":"-","amount2":"1","area_p2_pic":"BMA\\VDO_DRONE\\SUMP\\BSS062_A2.jpg","gate_type":"8","amount1":"2","area_p5_pic":"BMA\\VDO_DRONE\\SUMP\\BSS062_A5.jpg","reflex_area":"กรุงเทพใต้","pipe_in_bed2":0,"pipe_in_bed3":0,"pipe_in_bed1":3.7,"home_type":"บ้านพัก","date_survey":"7 มิถุนายน 2021","pipe_in_bed4":0,"pump1_type":"ซับเมิร์ส","pump5_volume":0,"owner":"ปทุมวัน","pump4_type":"-","area_p1_pic":"BMA\\VDO_DRONE\\SUMP\\BSS062_A1.jpg","pump3_volume":0,"pump1_catagory":"ไฟฟ้า","objectid_1":165,"pump2_catagory":"ไฟฟ้า","sump_bed":"5","pipe_in_dimention1":1.5,"pipe_in_dimention2":0,"pipe_in_dimention3":0,"meter_code":"MEA-TOU-130002945","pipe_in_dimention4":0,"pump1_volume":1,"hpl_areap1":"G:\\BMA\\VDO_DRONE\\SUMP\\BSS062_A1.jpg","surveillant_name":"-","hpl_areap3":"G:\\BMA\\VDO_DRONE\\SUMP\\BSS062_A3.jpg","district_id":"1007","hpl_areap2":"G:\\BMA\\VDO_DRONE\\SUMP\\BSS062_A2.jpg","hpl_areap5":"G:\\BMA\\VDO_DRONE\\SUMP\\BSS062_A5.jpg","hpl_areap4":"G:\\BMA\\VDO_DRONE\\SUMP\\BSS062_A4.jpg","objectid":165,"pump_amount":"3"}},{"geometry":{"type":"Point","coordinates":[100.5451135445251,13.748972853429208],"crs":null},"id":166,"type":"Feature","properties":{"utm_x":667055.6245,"pump3_catagory":"-","year":"2564","accessibility":"ธนาคารไทยพาณิชย์ สาขาชิดลม ถนนชิดลม ฝั่งตะวันออก","pump5_type":"-","sump_type":"บ่อสูบน้ำ","utm_y":1520499.684,"area_p1_y":100.544782,"area_p1_x":13.749053,"area_p3_y":100.54476,"sump_length":4.5,"area_p3_x":13.748869,"hpl_mdb":"G:\\BMA\\VDO_DRONE\\SUMP\\BNS059_MD.jpg","home_pic":"","sump_depth":2.74,"pump2_volume":0.5,"pump4_volume":0,"meter":200,"surveillant_mobile":"-","telephone":"-","mdb":250,"hpl_trans":"G:\\BMA\\VDO_DRONE\\SUMP\\BNS059_TR.jpg","volume":25.4,"subdistrict_id":"103704","hpl_home":"","sump_area":"กรุงเทพเหนือ","sump_width":2.06,"fd_prevent_code":"06","area_p3_pic":"","district_t":"ราชเทวี","pump4_catagory":"-","sump_name":"บ่อสูบน้ำถนนชิดลม ฝั่งตะวันออก","mea_tel":"0-2348-5211 , 0-2249-0800","area_p4_pic":"","transformer":225,"mea":"สำนักงานใหญ่คลองเตย","trans_pic":"BMA\\VDO_DRONE\\SUMP\\BNS059_TR.jpg","pump2_type":"ซับเมิร์ส","mdb_pic":"BMA\\VDO_DRONE\\SUMP\\BNS059_MD.jpg","area_p4_y":100.544901,"meter_pic":"BMA\\VDO_DRONE\\SUMP\\BNS059_ME.jpg","area_p2_x":13.74902,"sump_code":"BN.S.059","area_p4_x":13.748859,"amount5":"-","area_p2_y":100.54489,"amount4":"-","pump5_catagory":"-","hpl_meter":"G:\\BMA\\VDO_DRONE\\SUMP\\BNS059_ME.jpg","pump3_type":"-","amount3":"-","amount2":"1","area_p2_pic":"BMA\\VDO_DRONE\\SUMP\\BNS059_A2.jpg","gate_type":"8","amount1":"1","area_p5_pic":"","reflex_area":"กรุงเทพเหนือ","pipe_in_bed2":0,"pipe_in_bed3":0,"pipe_in_bed1":2.66,"home_type":"ไม่มี","date_survey":"18 กุมภาพันธ์ 2021","pipe_in_bed4":0,"pump1_type":"หอยโข่ง","pump5_volume":0,"owner":"ราชเทวี","pump4_type":"-","area_p1_pic":"BMA\\VDO_DRONE\\SUMP\\BNS059_A1.jpg","pump3_volume":0,"pump1_catagory":"ไฟฟ้า","objectid_1":166,"pump2_catagory":"ไฟฟ้า","sump_bed":"2.74","pipe_in_dimention1":1.2,"pipe_in_dimention2":0,"pipe_in_dimention3":0,"meter_code":"MEA-TOU-036536","pipe_in_dimention4":0,"pump1_volume":0.08,"hpl_areap1":"G:\\BMA\\VDO_DRONE\\SUMP\\BNS059_A1.jpg","surveillant_name":"-","hpl_areap3":"","district_id":"1037","hpl_areap2":"G:\\BMA\\VDO_DRONE\\SUMP\\BNS059_A2.jpg","hpl_areap5":"","hpl_areap4":"","objectid":166,"pump_amount":"2"}},{"geometry":{"type":"Point","coordinates":[100.52534899970466,13.749096996830719],"crs":null},"id":167,"type":"Feature","properties":{"utm_x":664918.1674,"pump3_catagory":"-","year":"2564","accessibility":"ซอยข้างโลตัส-สถาบันเทคโนโลยีปทุมวัน สุดซอย","pump5_type":"-","sump_type":"บ่อสูบน้ำ","utm_y":1520499.803,"area_p1_y":100.525344,"area_p1_x":13.749141,"area_p3_y":100.525336,"sump_length":2.8,"area_p3_x":13.749164,"hpl_mdb":"G:\\BMA\\VDO_DRONE\\SUMP\\BSS017_MD.jpg","home_pic":"BMA\\VDO_DRONE\\SUMP\\BSS017_HO.jpg","sump_depth":3.4,"pump2_volume":0,"pump4_volume":0,"meter":200,"surveillant_mobile":"-","telephone":"-","mdb":200,"hpl_trans":"","volume":20.94,"subdistrict_id":"100702","hpl_home":"G:\\BMA\\VDO_DRONE\\SUMP\\BSS017_HO.jpg","sump_area":"กรุงเทพใต้","sump_width":2.2,"fd_prevent_code":"12","area_p3_pic":"BMA\\VDO_DRONE\\SUMP\\BSS017_A3.jpg","district_t":"ปทุมวัน","pump4_catagory":"-","sump_name":"บ่อสูบน้ำข้างช่างกลปทุมวัน","mea_tel":"0-2221-0812, 0-2220-5222, 0-2220-5333","area_p4_pic":"BMA\\VDO_DRONE\\SUMP\\BSS017_A4.jpg","transformer":500,"mea":"เขตวัดเลียบ","trans_pic":"","pump2_type":"-","mdb_pic":"BMA\\VDO_DRONE\\SUMP\\BSS017_MD.jpg","area_p4_y":100.525312,"meter_pic":"BMA\\VDO_DRONE\\SUMP\\BSS017_ME.jpg","area_p2_x":13.749104,"sump_code":"BS.S.017","area_p4_x":13.749136,"amount5":"-","area_p2_y":100.52536,"amount4":"-","pump5_catagory":"-","hpl_meter":"G:\\BMA\\VDO_DRONE\\SUMP\\BSS017_ME.jpg","pump3_type":"-","amount3":"-","amount2":"-","area_p2_pic":"BMA\\VDO_DRONE\\SUMP\\BSS017_A2.jpg","gate_type":"1","amount1":"2","area_p5_pic":"BMA\\VDO_DRONE\\SUMP\\BSS017_A5.jpg","reflex_area":"กรุงเทพใต้","pipe_in_bed2":0,"pipe_in_bed3":0,"pipe_in_bed1":1.8,"home_type":"ตู้พักอาศัยขนาดเล็ก","date_survey":"17 เมษายน 2021","pipe_in_bed4":0,"pump1_type":"ซับเมิร์ส","pump5_volume":0,"owner":"ปทุมวัน","pump4_type":"-","area_p1_pic":"BMA\\VDO_DRONE\\SUMP\\BSS017_A1.jpg","pump3_volume":0,"pump1_catagory":"ไฟฟ้า","objectid_1":167,"pump2_catagory":"-","sump_bed":"3.4","pipe_in_dimention1":0.8,"pipe_in_dimention2":0,"pipe_in_dimention3":0,"meter_code":"MEA-13001197","pipe_in_dimention4":0,"pump1_volume":0.3,"hpl_areap1":"G:\\BMA\\VDO_DRONE\\SUMP\\BSS017_A1.jpg","surveillant_name":"-","hpl_areap3":"G:\\BMA\\VDO_DRONE\\SUMP\\BSS017_A3.jpg","district_id":"1007","hpl_areap2":"G:\\BMA\\VDO_DRONE\\SUMP\\BSS017_A2.jpg","hpl_areap5":"G:\\BMA\\VDO_DRONE\\SUMP\\BSS017_A5.jpg","hpl_areap4":"G:\\BMA\\VDO_DRONE\\SUMP\\BSS017_A4.jpg","objectid":167,"pump_amount":"2"}},{"geometry":{"type":"Point","coordinates":[100.54464647832556,13.749031235769692],"crs":null},"id":168,"type":"Feature","properties":{"utm_x":667005.0736,"pump3_catagory":"-","year":"2564","accessibility":"ถนนชิดลม บริเวณThe Bangkok Venice Suite","pump5_type":"-","sump_type":"บ่อสูบน้ำ","utm_y":1520505.819,"area_p1_y":100.544644,"area_p1_x":13.749116,"area_p3_y":100.544633,"sump_length":6.77,"area_p3_x":13.748965,"hpl_mdb":"G:\\BMA\\VDO_DRONE\\SUMP\\BNS048_MD.jpg","home_pic":"BMA\\VDO_DRONE\\SUMP\\BNS048_HO.jpg","sump_depth":2.9,"pump2_volume":0,"pump4_volume":0,"meter":200,"surveillant_mobile":"-","telephone":"02-2500068","mdb":250,"hpl_trans":"G:\\BMA\\VDO_DRONE\\SUMP\\BNS048_TR.jpg","volume":67.73,"subdistrict_id":"103704","hpl_home":"G:\\BMA\\VDO_DRONE\\SUMP\\BNS048_HO.jpg","sump_area":"กรุงเทพเหนือ","sump_width":3.45,"fd_prevent_code":"06","area_p3_pic":"BMA\\VDO_DRONE\\SUMP\\BNS048_A3.jpg","district_t":"ราชเทวี","pump4_catagory":"-","sump_name":"บ่อสูบน้ำถนนชิดลม ฝั่งตะวันตก","mea_tel":"0-2348-5211 , 0-2249-0800","area_p4_pic":"","transformer":0,"mea":"สำนักงานใหญ่คลองเตย","trans_pic":"BMA\\VDO_DRONE\\SUMP\\BNS048_TR.jpg","pump2_type":"-","mdb_pic":"BMA\\VDO_DRONE\\SUMP\\BNS048_MD.jpg","area_p4_y":100.544703,"meter_pic":"BMA\\VDO_DRONE\\SUMP\\BNS048_ME.jpg","area_p2_x":13.749113,"sump_code":"BN.S.048","area_p4_x":13.748983,"amount5":"-","area_p2_y":100.544711,"amount4":"-","pump5_catagory":"-","hpl_meter":"G:\\BMA\\VDO_DRONE\\SUMP\\BNS048_ME.jpg","pump3_type":"-","amount3":"-","amount2":"-","area_p2_pic":"BMA\\VDO_DRONE\\SUMP\\BNS048_A2.jpg","gate_type":"8","amount1":"1","area_p5_pic":"","reflex_area":"กรุงเทพเหนือ","pipe_in_bed2":0,"pipe_in_bed3":0,"pipe_in_bed1":2.47,"home_type":"ตู้คอนเทนเนอร์","date_survey":"17 กุมภาพันธ์ 2021","pipe_in_bed4":0,"pump1_type":"ซับเมิร์ส","pump5_volume":0,"owner":"ราชเทวี","pump4_type":"-","area_p1_pic":"BMA\\VDO_DRONE\\SUMP\\BNS048_A1.jpg","pump3_volume":0,"pump1_catagory":"ไฟฟ้า","objectid_1":168,"pump2_catagory":"-","sump_bed":"2.9","pipe_in_dimention1":1.2,"pipe_in_dimention2":0,"pipe_in_dimention3":0,"meter_code":"MEA-TOU-9118034","pipe_in_dimention4":0,"pump1_volume":0.5,"hpl_areap1":"G:\\BMA\\VDO_DRONE\\SUMP\\BNS048_A1.jpg","surveillant_name":"-","hpl_areap3":"G:\\BMA\\VDO_DRONE\\SUMP\\BNS048_A3.jpg","district_id":"1037","hpl_areap2":"G:\\BMA\\VDO_DRONE\\SUMP\\BNS048_A2.jpg","hpl_areap5":"","hpl_areap4":"","objectid":168,"pump_amount":"1"}},{"geometry":{"type":"Point","coordinates":[100.54308410132823,13.749061773076624],"crs":null},"id":169,"type":"Feature","properties":{"utm_x":666836.0934,"pump3_catagory":"-","year":"2564","accessibility":"ซอยเพชรบุรี 32 เข้าไป50เมตร ก่อนขึ้นสะพาน","pump5_type":"-","sump_type":"บ่อสูบน้ำ","utm_y":1520508.115,"area_p1_y":100.543189,"area_p1_x":13.749212,"area_p3_y":100.543154,"sump_length":8.04,"area_p3_x":13.749105,"hpl_mdb":"G:\\BMA\\VDO_DRONE\\SUMP\\BNS060_MD.jpg","home_pic":"BMA\\VDO_DRONE\\SUMP\\BNS060_HO.jpg","sump_depth":4.25,"pump2_volume":0,"pump4_volume":0,"meter":400,"surveillant_mobile":"-","telephone":"02-2534942","mdb":500,"hpl_trans":"G:\\BMA\\VDO_DRONE\\SUMP\\BNS060_TR.jpg","volume":78.59,"subdistrict_id":"103704","hpl_home":"G:\\BMA\\VDO_DRONE\\SUMP\\BNS060_HO.jpg","sump_area":"กรุงเทพเหนือ","sump_width":2.3,"fd_prevent_code":"06","area_p3_pic":"BMA\\VDO_DRONE\\SUMP\\BNS060_A3.jpg","district_t":"ราชเทวี","pump4_catagory":"-","sump_name":"บ่อสูบน้ำซอยเพชรบุรี 32","mea_tel":"0-2348-5211 , 0-2249-0800","area_p4_pic":"BMA\\VDO_DRONE\\SUMP\\BNS060_A4.jpg","transformer":225,"mea":"สำนักงานใหญ่คลองเตย","trans_pic":"BMA\\VDO_DRONE\\SUMP\\BNS060_TR.jpg","pump2_type":"-","mdb_pic":"BMA\\VDO_DRONE\\SUMP\\BNS060_MD.jpg","area_p4_y":100.543231,"meter_pic":"BMA\\VDO_DRONE\\SUMP\\BNS060_ME.jpg","area_p2_x":13.7492,"sump_code":"BN.S.060","area_p4_x":13.749078,"amount5":"-","area_p2_y":100.543216,"amount4":"-","pump5_catagory":"-","hpl_meter":"G:\\BMA\\VDO_DRONE\\SUMP\\BNS060_ME.jpg","pump3_type":"-","amount3":"-","amount2":"-","area_p2_pic":"BMA\\VDO_DRONE\\SUMP\\BNS060_A2.jpg","gate_type":"8","amount1":"3","area_p5_pic":"BMA\\VDO_DRONE\\SUMP\\BNS060_A5.jpg","reflex_area":"กรุงเทพเหนือ","pipe_in_bed2":0,"pipe_in_bed3":0,"pipe_in_bed1":2.9,"home_type":"บ้านพัก","date_survey":"18 กุมภาพันธ์ 2021","pipe_in_bed4":0,"pump1_type":"ซับเมิร์ส","pump5_volume":0,"owner":"ราชเทวี","pump4_type":"-","area_p1_pic":"BMA\\VDO_DRONE\\SUMP\\BNS060_A1.jpg","pump3_volume":0,"pump1_catagory":"ไฟฟ้า","objectid_1":169,"pump2_catagory":"-","sump_bed":"4.25","pipe_in_dimention1":1.5,"pipe_in_dimention2":0,"pipe_in_dimention3":0,"meter_code":"MEA-TOU-9065879","pipe_in_dimention4":0,"pump1_volume":1,"hpl_areap1":"G:\\BMA\\VDO_DRONE\\SUMP\\BNS060_A1.jpg","surveillant_name":"-","hpl_areap3":"G:\\BMA\\VDO_DRONE\\SUMP\\BNS060_A3.jpg","district_id":"1037","hpl_areap2":"G:\\BMA\\VDO_DRONE\\SUMP\\BNS060_A2.jpg","hpl_areap5":"G:\\BMA\\VDO_DRONE\\SUMP\\BNS060_A5.jpg","hpl_areap4":"G:\\BMA\\VDO_DRONE\\SUMP\\BNS060_A4.jpg","objectid":169,"pump_amount":"3"}},{"geometry":{"type":"Point","coordinates":[100.54096099983185,13.749131004546065],"crs":null},"id":170,"type":"Feature","properties":{"utm_x":666606.4482,"pump3_catagory":"ไฟฟ้า","year":"2564","accessibility":"ถนนราชดำริ ใต้สะพานเฉลิมโลก","pump5_type":"-","sump_type":"บ่อสูบน้ำ","utm_y":1520514.305,"area_p1_y":100.54079,"area_p1_x":13.749202,"area_p3_y":100.540904,"sump_length":9.5,"area_p3_x":13.749079,"hpl_mdb":"G:\\BMA\\VDO_DRONE\\SUMP\\BSS061_MD.jpg","home_pic":"BMA\\VDO_DRONE\\SUMP\\BSS061_HO.jpg","sump_depth":5.1,"pump2_volume":0.5,"pump4_volume":0,"meter":400,"surveillant_mobile":"-","telephone":"-","mdb":630,"hpl_trans":"","volume":222.87,"subdistrict_id":"100703","hpl_home":"G:\\BMA\\VDO_DRONE\\SUMP\\BSS061_HO.jpg","sump_area":"กรุงเทพใต้","sump_width":4.6,"fd_prevent_code":"12","area_p3_pic":"BMA\\VDO_DRONE\\SUMP\\BSS061_A3.jpg","district_t":"ปทุมวัน","pump4_catagory":"-","sump_name":"บ่อสูบน้ำราชดำริ","mea_tel":"0-2221-0812, 0-2220-5222, 0-2220-5333","area_p4_pic":"BMA\\VDO_DRONE\\SUMP\\BSS061_A4.jpg","transformer":0,"mea":"เขตวัดเลียบ","trans_pic":"","pump2_type":"ซับเมิร์ส","mdb_pic":"BMA\\VDO_DRONE\\SUMP\\BSS061_MD.jpg","area_p4_y":100.540699,"meter_pic":"BMA\\VDO_DRONE\\SUMP\\BSS061_ME.jpg","area_p2_x":13.749099,"sump_code":"BS.S.061","area_p4_x":13.749175,"amount5":"-","area_p2_y":100.540983,"amount4":"-","pump5_catagory":"-","hpl_meter":"G:\\BMA\\VDO_DRONE\\SUMP\\BSS061_ME.jpg","pump3_type":"ซับเมิร์ส","amount3":"1","amount2":"1","area_p2_pic":"BMA\\VDO_DRONE\\SUMP\\BSS061_A2.jpg","gate_type":"8","amount1":"1","area_p5_pic":"BMA\\VDO_DRONE\\SUMP\\BSS061_A5.jpg","reflex_area":"กรุงเทพใต้","pipe_in_bed2":0,"pipe_in_bed3":0,"pipe_in_bed1":2.7,"home_type":"ตู้คอนเทนเนอร์","date_survey":"7 มิถุนายน 2021","pipe_in_bed4":0,"pump1_type":"หอยโข่ง","pump5_volume":0,"owner":"ปทุมวัน","pump4_type":"-","area_p1_pic":"BMA\\VDO_DRONE\\SUMP\\BSS061_A1.jpg","pump3_volume":3,"pump1_catagory":"ไฟฟ้า","objectid_1":170,"pump2_catagory":"ไฟฟ้า","sump_bed":"5.1","pipe_in_dimention1":1.2,"pipe_in_dimention2":0,"pipe_in_dimention3":0,"meter_code":"MEA-TOU-13035618","pipe_in_dimention4":0,"pump1_volume":0.3,"hpl_areap1":"G:\\BMA\\VDO_DRONE\\SUMP\\BSS061_A1.jpg","surveillant_name":"-","hpl_areap3":"G:\\BMA\\VDO_DRONE\\SUMP\\BSS061_A3.jpg","district_id":"1007","hpl_areap2":"G:\\BMA\\VDO_DRONE\\SUMP\\BSS061_A2.jpg","hpl_areap5":"G:\\BMA\\VDO_DRONE\\SUMP\\BSS061_A5.jpg","hpl_areap4":"G:\\BMA\\VDO_DRONE\\SUMP\\BSS061_A4.jpg","objectid":170,"pump_amount":"3"}},{"geometry":{"type":"Point","coordinates":[100.5311379997381,13.749334996281805],"crs":null},"id":171,"type":"Feature","properties":{"utm_x":665544.0299,"pump3_catagory":"-","year":"2564","accessibility":"ถนนพญาไท สะพานเฉลิมหล้า56(สะพานหัวช้าง) ฝั่งตะวันตก","pump5_type":"-","sump_type":"บ่อสูบน้ำ","utm_y":1520530.102,"area_p1_y":100.531079,"area_p1_x":13.749345,"area_p3_y":100.531088,"sump_length":5.5,"area_p3_x":13.749284,"hpl_mdb":"G:\\BMA\\VDO_DRONE\\SUMP\\BNS037_MD.jpg","home_pic":"BMA\\VDO_DRONE\\SUMP\\BNS037_HO.jpg","sump_depth":4.5,"pump2_volume":0,"pump4_volume":0,"meter":400,"surveillant_mobile":"-","telephone":"02-2192517","mdb":630,"hpl_trans":"G:\\BMA\\VDO_DRONE\\SUMP\\BNS037_TR.jpg","volume":108.9,"subdistrict_id":"103703","hpl_home":"G:\\BMA\\VDO_DRONE\\SUMP\\BNS037_HO.jpg","sump_area":"กรุงเทพเหนือ","sump_width":4.4,"fd_prevent_code":"06","area_p3_pic":"BMA\\VDO_DRONE\\SUMP\\BNS037_A3.jpg","district_t":"ราชเทวี","pump4_catagory":"-","sump_name":"บ่อสูบน้ำถนนพญาไท ตอนสะพานหัวช้าง ฝั่งตะวันตก","mea_tel":"0-2242-5211 , 0-2243-0131 , 0-2241-5409","area_p4_pic":"BMA\\VDO_DRONE\\SUMP\\BNS037_A4.jpg","transformer":0,"mea":"เขตสามเสน","trans_pic":"BMA\\VDO_DRONE\\SUMP\\BNS037_TR.jpg","pump2_type":"-","mdb_pic":"BMA\\VDO_DRONE\\SUMP\\BNS037_MD.jpg","area_p4_y":100.531142,"meter_pic":"BMA\\VDO_DRONE\\SUMP\\BNS037_ME.jpg","area_p2_x":13.74934,"sump_code":"BN.S.037","area_p4_x":13.749276,"amount5":"-","area_p2_y":100.531154,"amount4":"-","pump5_catagory":"-","hpl_meter":"G:\\BMA\\VDO_DRONE\\SUMP\\BNS037_ME.jpg","pump3_type":"-","amount3":"-","amount2":"-","area_p2_pic":"BMA\\VDO_DRONE\\SUMP\\BNS037_A2.jpg","gate_type":"8","amount1":"2","area_p5_pic":"","reflex_area":"กรุงเทพเหนือ","pipe_in_bed2":0,"pipe_in_bed3":0,"pipe_in_bed1":3.5,"home_type":"ตู้คอนเทนเนอร์","date_survey":"16 กุมภาพันธ์ 2021","pipe_in_bed4":0,"pump1_type":"ซับเมิร์ส","pump5_volume":0,"owner":"ราชเทวี","pump4_type":"-","area_p1_pic":"BMA\\VDO_DRONE\\SUMP\\BNS037_A1.jpg","pump3_volume":0,"pump1_catagory":"ไฟฟ้า","objectid_1":171,"pump2_catagory":"-","sump_bed":"4.5","pipe_in_dimention1":1.5,"pipe_in_dimention2":0,"pipe_in_dimention3":0,"meter_code":"MEA-86026243","pipe_in_dimention4":0,"pump1_volume":0.5,"hpl_areap1":"G:\\BMA\\VDO_DRONE\\SUMP\\BNS037_A1.jpg","surveillant_name":"-","hpl_areap3":"G:\\BMA\\VDO_DRONE\\SUMP\\BNS037_A3.jpg","district_id":"1037","hpl_areap2":"G:\\BMA\\VDO_DRONE\\SUMP\\BNS037_A2.jpg","hpl_areap5":"","hpl_areap4":"G:\\BMA\\VDO_DRONE\\SUMP\\BNS037_A4.jpg","objectid":171,"pump_amount":"2"}},{"geometry":{"type":"Point","coordinates":[100.53145818713708,13.749344496591577],"crs":null},"id":172,"type":"Feature","properties":{"utm_x":665578.6487,"pump3_catagory":"-","year":"2564","accessibility":"ถนนพญาไท สะพานเฉลิมหล้า56(สะพานหัวช้าง) ฝั่งตะวันออก","pump5_type":"-","sump_type":"บ่อสูบน้ำ","utm_y":1520531.373,"area_p1_y":100.531334,"area_p1_x":13.749572,"area_p3_y":100.531321,"sump_length":5.3,"area_p3_x":13.749486,"hpl_mdb":"G:\\BMA\\VDO_DRONE\\SUMP\\BNS036_MD.jpg","home_pic":"","sump_depth":4.9,"pump2_volume":1,"pump4_volume":0,"meter":250,"surveillant_mobile":"-","telephone":"-","mdb":250,"hpl_trans":"G:\\BMA\\VDO_DRONE\\SUMP\\BNS036_TR.jpg","volume":129.85,"subdistrict_id":"103703","hpl_home":"","sump_area":"กรุงเทพเหนือ","sump_width":5,"fd_prevent_code":"06","area_p3_pic":"BMA\\VDO_DRONE\\SUMP\\BNS036_A3.jpg","district_t":"ราชเทวี","pump4_catagory":"-","sump_name":"บ่อสูบน้ำถนนพญาไท ตอนสะพานหัวช้าง ฝั่งตะวันออก","mea_tel":"0-2242-5211 , 0-2243-0131 , 0-2241-5409","area_p4_pic":"","transformer":500,"mea":"เขตสามเสน","trans_pic":"BMA\\VDO_DRONE\\SUMP\\BNS036_TR.jpg","pump2_type":"หอยโข่ง","mdb_pic":"BMA\\VDO_DRONE\\SUMP\\BNS036_MD.jpg","area_p4_y":100.531382,"meter_pic":"BMA\\VDO_DRONE\\SUMP\\BNS036_ME.jpg","area_p2_x":13.749572,"sump_code":"BN.S.036","area_p4_x":13.749484,"amount5":"-","area_p2_y":100.531405,"amount4":"-","pump5_catagory":"-","hpl_meter":"G:\\BMA\\VDO_DRONE\\SUMP\\BNS036_ME.jpg","pump3_type":"-","amount3":"-","amount2":"1","area_p2_pic":"BMA\\VDO_DRONE\\SUMP\\BNS036_A2.jpg","gate_type":"8","amount1":"1","area_p5_pic":"","reflex_area":"กรุงเทพเหนือ","pipe_in_bed2":0,"pipe_in_bed3":0,"pipe_in_bed1":2.7,"home_type":"ไม่มี","date_survey":"16 กุมภาพันธ์ 2021","pipe_in_bed4":0,"pump1_type":"หอยโข่ง","pump5_volume":0,"owner":"ราชเทวี","pump4_type":"-","area_p1_pic":"BMA\\VDO_DRONE\\SUMP\\BNS036_A1.jpg","pump3_volume":0,"pump1_catagory":"ไฟฟ้า","objectid_1":172,"pump2_catagory":"ไฟฟ้า","sump_bed":"4.9","pipe_in_dimention1":1.5,"pipe_in_dimention2":0,"pipe_in_dimention3":0,"meter_code":"MEA-86029472","pipe_in_dimention4":0,"pump1_volume":0.5,"hpl_areap1":"G:\\BMA\\VDO_DRONE\\SUMP\\BNS036_A1.jpg","surveillant_name":"-","hpl_areap3":"G:\\BMA\\VDO_DRONE\\SUMP\\BNS036_A3.jpg","district_id":"1037","hpl_areap2":"G:\\BMA\\VDO_DRONE\\SUMP\\BNS036_A2.jpg","hpl_areap5":"","hpl_areap4":"","objectid":172,"pump_amount":"2"}},{"geometry":{"type":"Point","coordinates":[100.52886300018253,13.749415001518257],"crs":null},"id":173,"type":"Feature","properties":{"utm_x":665297.9525,"pump3_catagory":"-","year":"2564","accessibility":"ท้ายซอยเกษมสันต์ 2","pump5_type":"-","sump_type":"บ่อสูบน้ำ","utm_y":1520537.391,"area_p1_y":100.528741,"area_p1_x":13.74934,"area_p3_y":100.528734,"sump_length":10,"area_p3_x":13.749444,"hpl_mdb":"G:\\BMA\\VDO_DRONE\\SUMP\\BSS063_MD.jpg","home_pic":"BMA\\VDO_DRONE\\SUMP\\BSS063_HO.jpg","sump_depth":4,"pump2_volume":0,"pump4_volume":0,"meter":400,"surveillant_mobile":"-","telephone":"-","mdb":500,"hpl_trans":"G:\\BMA\\VDO_DRONE\\SUMP\\BSS063_TR.jpg","volume":80,"subdistrict_id":"100702","hpl_home":"G:\\BMA\\VDO_DRONE\\SUMP\\BSS063_HO.jpg","sump_area":"กรุงเทพใต้","sump_width":2,"fd_prevent_code":"12","area_p3_pic":"BMA\\VDO_DRONE\\SUMP\\BSS063_A3.jpg","district_t":"ปทุมวัน","pump4_catagory":"-","sump_name":"บ่อสูบน้ำเกษมสันต์ 2","mea_tel":"0-2221-0812, 0-2220-5222, 0-2220-5333","area_p4_pic":"BMA\\VDO_DRONE\\SUMP\\BSS063_A4.jpg","transformer":500,"mea":"เขตวัดเลียบ","trans_pic":"BMA\\VDO_DRONE\\SUMP\\BSS063_TR.jpg","pump2_type":"-","mdb_pic":"BMA\\VDO_DRONE\\SUMP\\BSS063_MD.jpg","area_p4_y":100.528668,"meter_pic":"BMA\\VDO_DRONE\\SUMP\\BSS063_ME.jpg","area_p2_x":13.749358,"sump_code":"BS.S.063","area_p4_x":13.749242,"amount5":"-","area_p2_y":100.528649,"amount4":"-","pump5_catagory":"-","hpl_meter":"G:\\BMA\\VDO_DRONE\\SUMP\\BSS063_ME.jpg","pump3_type":"-","amount3":"-","amount2":"-","area_p2_pic":"BMA\\VDO_DRONE\\SUMP\\BSS063_A2.jpg","gate_type":"8","amount1":"2","area_p5_pic":"","reflex_area":"กรุงเทพใต้","pipe_in_bed2":0,"pipe_in_bed3":0,"pipe_in_bed1":2.2,"home_type":"ตู้พักอาศัยขนาดเล็ก","date_survey":"7 มิถุนายน 2021","pipe_in_bed4":0,"pump1_type":"ซับเมิร์ส","pump5_volume":0,"owner":"ปทุมวัน","pump4_type":"-","area_p1_pic":"BMA\\VDO_DRONE\\SUMP\\BSS063_A1.jpg","pump3_volume":0,"pump1_catagory":"ไฟฟ้า","objectid_1":173,"pump2_catagory":"-","sump_bed":"4","pipe_in_dimention1":1.2,"pipe_in_dimention2":0,"pipe_in_dimention3":0,"meter_code":"MEA-TOU-1300041776","pipe_in_dimention4":0,"pump1_volume":1,"hpl_areap1":"G:\\BMA\\VDO_DRONE\\SUMP\\BSS063_A1.jpg","surveillant_name":"-","hpl_areap3":"G:\\BMA\\VDO_DRONE\\SUMP\\BSS063_A3.jpg","district_id":"1007","hpl_areap2":"G:\\BMA\\VDO_DRONE\\SUMP\\BSS063_A2.jpg","hpl_areap5":"","hpl_areap4":"G:\\BMA\\VDO_DRONE\\SUMP\\BSS063_A4.jpg","objectid":173,"pump_amount":"2"}},{"geometry":{"type":"Point","coordinates":[100.48885199979811,13.750196003145247],"crs":null},"id":174,"type":"Feature","properties":{"utm_x":660970.6191,"pump3_catagory":"-","year":"2564","accessibility":"ท่านิเวศน์วรดิฐ ซอยทางเข้าราชนาวีสโมสร ถนท่าขุนนาง","pump5_type":"-","sump_type":"บ่อสูบน้ำ","utm_y":1520596.702,"area_p1_y":100.488872,"area_p1_x":13.750179,"area_p3_y":100.488846,"sump_length":4,"area_p3_x":13.750188,"hpl_mdb":"G:\\BMA\\VDO_DRONE\\SUMP\\BSS001_MD.jpg","home_pic":"BMA\\VDO_DRONE\\SUMP\\BSS001_HO.jpg","sump_depth":3.4,"pump2_volume":0.08,"pump4_volume":0,"meter":150,"surveillant_mobile":"-","telephone":"-","mdb":200,"hpl_trans":"","volume":54.4,"subdistrict_id":"100101","hpl_home":"G:\\BMA\\VDO_DRONE\\SUMP\\BSS001_HO.jpg","sump_area":"กรุงเทพใต้","sump_width":4,"fd_prevent_code":"10","area_p3_pic":"BMA\\VDO_DRONE\\SUMP\\BSS001_A3.jpg","district_t":"พระนคร","pump4_catagory":"-","sump_name":"บ่อสูบน้ำท่าราชวรดิฐ","mea_tel":"0-2221-0812, 0-2220-5222, 0-2220-5333","area_p4_pic":"BMA\\VDO_DRONE\\SUMP\\BSS001_A4.jpg","transformer":0,"mea":"เขตวัดเลียบ","trans_pic":"","pump2_type":"หอยโข่ง","mdb_pic":"BMA\\VDO_DRONE\\SUMP\\BSS001_MD.jpg","area_p4_y":100.488876,"meter_pic":"BMA\\VDO_DRONE\\SUMP\\BSS001_ME.jpg","area_p2_x":13.750202,"sump_code":"BS.S.001","area_p4_x":13.75021,"amount5":"-","area_p2_y":100.48881,"amount4":"-","pump5_catagory":"-","hpl_meter":"G:\\BMA\\VDO_DRONE\\SUMP\\BSS001_ME.jpg","pump3_type":"-","amount3":"-","amount2":"1","area_p2_pic":"BMA\\VDO_DRONE\\SUMP\\BSS001_A2.jpg","gate_type":"8","amount1":"2","area_p5_pic":"","reflex_area":"กรุงเทพใต้","pipe_in_bed2":2.1,"pipe_in_bed3":0,"pipe_in_bed1":2.1,"home_type":"ตู้พักอาศัยขนาดเล็ก","date_survey":"22 กุมภาพันธ์ 2021","pipe_in_bed4":0,"pump1_type":"หอยโข่ง","pump5_volume":0,"owner":"พระนคร","pump4_type":"-","area_p1_pic":"BMA\\VDO_DRONE\\SUMP\\BSS001_A1.jpg","pump3_volume":0,"pump1_catagory":"ไฟฟ้า","objectid_1":174,"pump2_catagory":"ไฟฟ้า","sump_bed":"3.4","pipe_in_dimention1":1.2,"pipe_in_dimention2":1.2,"pipe_in_dimention3":0,"meter_code":"MEA-TOU-9206536","pipe_in_dimention4":0,"pump1_volume":1,"hpl_areap1":"G:\\BMA\\VDO_DRONE\\SUMP\\BSS001_A1.jpg","surveillant_name":"-","hpl_areap3":"G:\\BMA\\VDO_DRONE\\SUMP\\BSS001_A3.jpg","district_id":"1001","hpl_areap2":"G:\\BMA\\VDO_DRONE\\SUMP\\BSS001_A2.jpg","hpl_areap5":"","hpl_areap4":"G:\\BMA\\VDO_DRONE\\SUMP\\BSS001_A4.jpg","objectid":174,"pump_amount":"3"}},{"geometry":{"type":"Point","coordinates":[100.52950951645313,13.750476409282944],"crs":null},"id":175,"type":"Feature","properties":{"utm_x":665367.1223,"pump3_catagory":"-","year":"2564","accessibility":"ซอย เพชรบุรี 12 ฝั่งสภาคริสตจักรในประเทศไทย","pump5_type":"-","sump_type":"บ่อสูบน้ำ","utm_y":1520655.256,"area_p1_y":100.529459,"area_p1_x":13.750538,"area_p3_y":100.52947,"sump_length":9.4,"area_p3_x":13.750481,"hpl_mdb":"G:\\BMA\\VDO_DRONE\\SUMP\\BNS038_MD.jpg","home_pic":"BMA\\VDO_DRONE\\SUMP\\BNS038_HO.jpg","sump_depth":4.78,"pump2_volume":0,"pump4_volume":0,"meter":400,"surveillant_mobile":"-","telephone":"02-2192509","mdb":500,"hpl_trans":"G:\\BMA\\VDO_DRONE\\SUMP\\BNS038_TR.jpg","volume":211.18,"subdistrict_id":"103703","hpl_home":"G:\\BMA\\VDO_DRONE\\SUMP\\BNS038_HO.jpg","sump_area":"กรุงเทพเหนือ","sump_width":4.7,"fd_prevent_code":"06","area_p3_pic":"BMA\\VDO_DRONE\\SUMP\\BNS038_A3.jpg","district_t":"ราชเทวี","pump4_catagory":"-","sump_name":"บ่อสูบน้ำซอยเพชรบุรี 12","mea_tel":"0-2242-5211 , 0-2243-0131 , 0-2241-5409","area_p4_pic":"BMA\\VDO_DRONE\\SUMP\\BNS038_A4.jpg","transformer":500,"mea":"เขตสามเสน","trans_pic":"BMA\\VDO_DRONE\\SUMP\\BNS038_TR.jpg","pump2_type":"-","mdb_pic":"BMA\\VDO_DRONE\\SUMP\\BNS038_MD.jpg","area_p4_y":100.529502,"meter_pic":"BMA\\VDO_DRONE\\SUMP\\BNS038_ME.jpg","area_p2_x":13.75052,"sump_code":"BN.S.038","area_p4_x":13.750494,"amount5":"-","area_p2_y":100.529512,"amount4":"-","pump5_catagory":"-","hpl_meter":"G:\\BMA\\VDO_DRONE\\SUMP\\BNS038_ME.jpg","pump3_type":"-","amount3":"-","amount2":"-","area_p2_pic":"BMA\\VDO_DRONE\\SUMP\\BNS038_A2.jpg","gate_type":"8","amount1":"3","area_p5_pic":"","reflex_area":"กรุงเทพเหนือ","pipe_in_bed2":0,"pipe_in_bed3":0,"pipe_in_bed1":3.03,"home_type":"ตู้คอนเทนเนอร์","date_survey":"16 กุมภาพันธ์ 2021","pipe_in_bed4":0,"pump1_type":"ซับเมิร์ส","pump5_volume":0,"owner":"ราชเทวี","pump4_type":"-","area_p1_pic":"BMA\\VDO_DRONE\\SUMP\\BNS038_A1.jpg","pump3_volume":0,"pump1_catagory":"ไฟฟ้า","objectid_1":175,"pump2_catagory":"-","sump_bed":"4.78","pipe_in_dimention1":1.2,"pipe_in_dimention2":0,"pipe_in_dimention3":0,"meter_code":"MEA-TOU-9166941","pipe_in_dimention4":0,"pump1_volume":1,"hpl_areap1":"G:\\BMA\\VDO_DRONE\\SUMP\\BNS038_A1.jpg","surveillant_name":"-","hpl_areap3":"G:\\BMA\\VDO_DRONE\\SUMP\\BNS038_A3.jpg","district_id":"1037","hpl_areap2":"G:\\BMA\\VDO_DRONE\\SUMP\\BNS038_A2.jpg","hpl_areap5":"","hpl_areap4":"G:\\BMA\\VDO_DRONE\\SUMP\\BNS038_A4.jpg","objectid":175,"pump_amount":"3"}},{"geometry":{"type":"Point","coordinates":[100.5248330001541,13.750528003805876],"crs":null},"id":176,"type":"Feature","properties":{"utm_x":664861.365,"pump3_catagory":"-","year":"2564","accessibility":"ถนนบรรทัดทอง หน้าโรงเรียนบ้านครัววิทยา","pump5_type":"-","sump_type":"บ่อสูบน้ำ","utm_y":1520657.759,"area_p1_y":100.524805,"area_p1_x":13.750537,"area_p3_y":100.524807,"sump_length":6.7,"area_p3_x":13.750519,"hpl_mdb":"G:\\BMA\\VDO_DRONE\\SUMP\\BNS039_MD.jpg","home_pic":"BMA\\VDO_DRONE\\SUMP\\BNS039_HO.jpg","sump_depth":3.2,"pump2_volume":0,"pump4_volume":0,"meter":200,"surveillant_mobile":"-","telephone":"02-2154404","mdb":250,"hpl_trans":"G:\\BMA\\VDO_DRONE\\SUMP\\BNS039_TR.jpg","volume":53.6,"subdistrict_id":"103703","hpl_home":"G:\\BMA\\VDO_DRONE\\SUMP\\BNS039_HO.jpg","sump_area":"กรุงเทพเหนือ","sump_width":2.5,"fd_prevent_code":"06","area_p3_pic":"BMA\\VDO_DRONE\\SUMP\\BNS039_A3.jpg","district_t":"ราชเทวี","pump4_catagory":"-","sump_name":"บ่อสูบน้ำถนนบรรทัดทอง ฝั่งตะวันตก","mea_tel":"0-2242-5211 , 0-2243-0131 , 0-2241-5409","area_p4_pic":"","transformer":225,"mea":"เขตสามเสน","trans_pic":"BMA\\VDO_DRONE\\SUMP\\BNS039_TR.jpg","pump2_type":"-","mdb_pic":"BMA\\VDO_DRONE\\SUMP\\BNS039_MD.jpg","area_p4_y":100.52482,"meter_pic":"BMA\\VDO_DRONE\\SUMP\\BNS039_ME.jpg","area_p2_x":13.750532,"sump_code":"BN.S.039","area_p4_x":13.750502,"amount5":"-","area_p2_y":100.524841,"amount4":"-","pump5_catagory":"-","hpl_meter":"G:\\BMA\\VDO_DRONE\\SUMP\\BNS039_ME.jpg","pump3_type":"-","amount3":"-","amount2":"-","area_p2_pic":"BMA\\VDO_DRONE\\SUMP\\BNS039_A2.jpg","gate_type":"8","amount1":"1","area_p5_pic":"","reflex_area":"กรุงเทพเหนือ","pipe_in_bed2":0,"pipe_in_bed3":0,"pipe_in_bed1":2.1,"home_type":"ตู้คอนเทนเนอร์","date_survey":"16 กุมภาพันธ์ 2021","pipe_in_bed4":0,"pump1_type":"ซับเมิร์ส","pump5_volume":0,"owner":"ราชเทวี","pump4_type":"-","area_p1_pic":"BMA\\VDO_DRONE\\SUMP\\BNS039_A1.jpg","pump3_volume":0,"pump1_catagory":"ไฟฟ้า","objectid_1":176,"pump2_catagory":"-","sump_bed":"3.2","pipe_in_dimention1":0.8,"pipe_in_dimention2":0,"pipe_in_dimention3":0,"meter_code":"MEA-4407677","pipe_in_dimention4":0,"pump1_volume":0.5,"hpl_areap1":"G:\\BMA\\VDO_DRONE\\SUMP\\BNS039_A1.jpg","surveillant_name":"-","hpl_areap3":"G:\\BMA\\VDO_DRONE\\SUMP\\BNS039_A3.jpg","district_id":"1037","hpl_areap2":"G:\\BMA\\VDO_DRONE\\SUMP\\BNS039_A2.jpg","hpl_areap5":"","hpl_areap4":"","objectid":176,"pump_amount":"1"}},{"geometry":{"type":"Point","coordinates":[100.53596712602136,13.751496460290799],"crs":null},"id":177,"type":"Feature","properties":{"utm_x":666064.7343,"pump3_catagory":"-","year":"2564","accessibility":"ข้างสถานฑูตอินโดนีเซีย","pump5_type":"-","sump_type":"บ่อสูบน้ำ","utm_y":1520772.544,"area_p1_y":100.535977,"area_p1_x":13.75172,"area_p3_y":100.53601,"sump_length":28.8,"area_p3_x":13.751389,"hpl_mdb":"G:\\BMA\\VDO_DRONE\\SUMP\\BNS051_MD.jpg","home_pic":"BMA\\VDO_DRONE\\SUMP\\BNS051_HO.jpg","sump_depth":5.2,"pump2_volume":2,"pump4_volume":0,"meter":10,"surveillant_mobile":"-","telephone":"-","mdb":630,"hpl_trans":"G:\\BMA\\VDO_DRONE\\SUMP\\BNS051_TR.jpg","volume":628.99,"subdistrict_id":"103703","hpl_home":"G:\\BMA\\VDO_DRONE\\SUMP\\BNS051_HO.jpg","sump_area":"กรุงเทพเหนือ","sump_width":4.2,"fd_prevent_code":"06","area_p3_pic":"BMA\\VDO_DRONE\\SUMP\\BNS051_A3.jpg","district_t":"ราชเทวี","pump4_catagory":"-","sump_name":"บ่อสูบน้ำสถานฑูตอินโดนีเซีย","mea_tel":"0-2242-5211 , 0-2243-0131 , 0-2241-5409","area_p4_pic":"BMA\\VDO_DRONE\\SUMP\\BNS051_A4.jpg","transformer":500,"mea":"เขตสามเสน","trans_pic":"BMA\\VDO_DRONE\\SUMP\\BNS051_TR.jpg","pump2_type":"ซับเมิร์ส","mdb_pic":"BMA\\VDO_DRONE\\SUMP\\BNS051_MD.jpg","area_p4_y":100.535956,"meter_pic":"BMA\\VDO_DRONE\\SUMP\\BNS051_ME.jpg","area_p2_x":13.751651,"sump_code":"BN.S.051","area_p4_x":13.751411,"amount5":"-","area_p2_y":100.536112,"amount4":"-","pump5_catagory":"-","hpl_meter":"G:\\BMA\\VDO_DRONE\\SUMP\\BNS051_ME.jpg","pump3_type":"-","amount3":"-","amount2":"3","area_p2_pic":"BMA\\VDO_DRONE\\SUMP\\BNS051_A2.jpg","gate_type":"2","amount1":"2","area_p5_pic":"","reflex_area":"กรุงเทพเหนือ","pipe_in_bed2":0,"pipe_in_bed3":0,"pipe_in_bed1":2.5,"home_type":"ตู้คอนเทนเนอร์","date_survey":"17 กุมภาพันธ์ 2021","pipe_in_bed4":0,"pump1_type":"ซับเมิร์ส","pump5_volume":0,"owner":"ราชเทวี","pump4_type":"-","area_p1_pic":"BMA\\VDO_DRONE\\SUMP\\BNS051_A1.jpg","pump3_volume":0,"pump1_catagory":"ไฟฟ้า","objectid_1":177,"pump2_catagory":"ไฟฟ้า","sump_bed":"5.2","pipe_in_dimention1":2,"pipe_in_dimention2":0,"pipe_in_dimention3":0,"meter_code":"MEA-TOU-027757","pipe_in_dimention4":0,"pump1_volume":1,"hpl_areap1":"G:\\BMA\\VDO_DRONE\\SUMP\\BNS051_A1.jpg","surveillant_name":"-","hpl_areap3":"G:\\BMA\\VDO_DRONE\\SUMP\\BNS051_A3.jpg","district_id":"1037","hpl_areap2":"G:\\BMA\\VDO_DRONE\\SUMP\\BNS051_A2.jpg","hpl_areap5":"","hpl_areap4":"G:\\BMA\\VDO_DRONE\\SUMP\\BNS051_A4.jpg","objectid":177,"pump_amount":"5"}},{"geometry":{"type":"Point","coordinates":[100.48867000022167,13.752229000023721],"crs":null},"id":178,"type":"Feature","properties":{"utm_x":660949.5485,"pump3_catagory":"-","year":"2564","accessibility":"ท่าเรือท่าช้าง ใกล้อาคารGoldenPlace ถนนหน้าพระลาน","pump5_type":"-","sump_type":"บ่อสูบน้ำ","utm_y":1520821.483,"area_p1_y":100.488695,"area_p1_x":13.752244,"area_p3_y":100.488681,"sump_length":2.1,"area_p3_x":13.752321,"hpl_mdb":"G:\\BMA\\VDO_DRONE\\SUMP\\BSS009_MD.jpg","home_pic":"BMA\\VDO_DRONE\\SUMP\\BSS009_HO.jpg","sump_depth":4.4,"pump2_volume":0.2,"pump4_volume":0,"meter":400,"surveillant_mobile":"-","telephone":"-","mdb":0,"hpl_trans":"","volume":46.2,"subdistrict_id":"100101","hpl_home":"G:\\BMA\\VDO_DRONE\\SUMP\\BSS009_HO.jpg","sump_area":"กรุงเทพใต้","sump_width":5,"fd_prevent_code":"10","area_p3_pic":"BMA\\VDO_DRONE\\SUMP\\BSS009_A3.jpg","district_t":"พระนคร","pump4_catagory":"-","sump_name":"บ่อสูบน้ำท่าช้าง","mea_tel":"0-2221-0812, 0-2220-5222, 0-2220-5333","area_p4_pic":"BMA\\VDO_DRONE\\SUMP\\BSS009_A4.jpg","transformer":0,"mea":"เขตวัดเลียบ","trans_pic":"","pump2_type":"หอยโข่ง","mdb_pic":"BMA\\VDO_DRONE\\SUMP\\BSS009_MD.jpg","area_p4_y":100.488651,"meter_pic":"BMA\\VDO_DRONE\\SUMP\\BSS009_ME.jpg","area_p2_x":13.752161,"sump_code":"BS.S.009","area_p4_x":13.752249,"amount5":"-","area_p2_y":100.488652,"amount4":"-","pump5_catagory":"-","hpl_meter":"G:\\BMA\\VDO_DRONE\\SUMP\\BSS009_ME.jpg","pump3_type":"-","amount3":"-","amount2":"1","area_p2_pic":"BMA\\VDO_DRONE\\SUMP\\BSS009_A2.jpg","gate_type":"1","amount1":"2","area_p5_pic":"","reflex_area":"กรุงเทพใต้","pipe_in_bed2":2.6,"pipe_in_bed3":0,"pipe_in_bed1":2.6,"home_type":"ตู้พักอาศัยขนาดกลาง","date_survey":"3 มีนาคม 2021","pipe_in_bed4":0,"pump1_type":"ซับเมิร์ส","pump5_volume":0,"owner":"พระนคร","pump4_type":"-","area_p1_pic":"BMA\\VDO_DRONE\\SUMP\\BSS009_A1.jpg","pump3_volume":0,"pump1_catagory":"ไฟฟ้า","objectid_1":178,"pump2_catagory":"ไฟฟ้า","sump_bed":"4.4","pipe_in_dimention1":0.6,"pipe_in_dimention2":1,"pipe_in_dimention3":0,"meter_code":"MEA-TOU-9115454","pipe_in_dimention4":0,"pump1_volume":1,"hpl_areap1":"G:\\BMA\\VDO_DRONE\\SUMP\\BSS009_A1.jpg","surveillant_name":"-","hpl_areap3":"G:\\BMA\\VDO_DRONE\\SUMP\\BSS009_A3.jpg","district_id":"1001","hpl_areap2":"G:\\BMA\\VDO_DRONE\\SUMP\\BSS009_A2.jpg","hpl_areap5":"","hpl_areap4":"G:\\BMA\\VDO_DRONE\\SUMP\\BSS009_A4.jpg","objectid":178,"pump_amount":"3"}},{"geometry":{"type":"Point","coordinates":[100.48242799990777,13.752445001805839],"crs":null},"id":179,"type":"Feature","properties":{"utm_x":660274.4045,"pump3_catagory":"-","year":"2564","accessibility":"ถนนซอยอิสรภาพ 44 หน้าซอยบ้านช่างหล่อ ตรงข้ามแฟลต","pump5_type":"-","sump_type":"บ่อสูบน้ำ","utm_y":1520841.217,"area_p1_y":100.482428,"area_p1_x":13.752445,"area_p3_y":100.482428,"sump_length":11.4,"area_p3_x":13.752445,"hpl_mdb":"G:\\BMA\\VDO_DRONE\\SUMP\\BWS073_MD.jpg","home_pic":"BMA\\VDO_DRONE\\SUMP\\BWS073_HO.jpg","sump_depth":4.5,"pump2_volume":0,"pump4_volume":0,"meter":400,"surveillant_mobile":"-","telephone":"-","mdb":1250,"hpl_trans":"G:\\BMA\\VDO_DRONE\\SUMP\\BWS073_TR.jpg","volume":179.55,"subdistrict_id":"102005","hpl_home":"G:\\BMA\\VDO_DRONE\\SUMP\\BWS073_HO.jpg","sump_area":"กรุงเทพธนบุรี","sump_width":3.5,"fd_prevent_code":"30","area_p3_pic":"BMA\\VDO_DRONE\\SUMP\\BWS073_A3.jpg","district_t":"บางกอกน้อย","pump4_catagory":"-","sump_name":"บ่อสูบน้ำซอยอิสรภาพ 44","mea_tel":"0-2412-8699 , 0-2878-5222 , 0-2878-5333","area_p4_pic":"BMA\\VDO_DRONE\\SUMP\\BWS073_A4.jpg","transformer":500,"mea":"เขตธนบุรี","trans_pic":"BMA\\VDO_DRONE\\SUMP\\BWS073_TR.jpg","pump2_type":"-","mdb_pic":"BMA\\VDO_DRONE\\SUMP\\BWS073_MD.jpg","area_p4_y":100.482428,"meter_pic":"BMA\\VDO_DRONE\\SUMP\\BWS073_ME.jpg","area_p2_x":13.752445,"sump_code":"BW.S.073","area_p4_x":13.752445,"amount5":"-","area_p2_y":100.482428,"amount4":"-","pump5_catagory":"-","hpl_meter":"G:\\BMA\\VDO_DRONE\\SUMP\\BWS073_ME.jpg","pump3_type":"-","amount3":"-","amount2":"-","area_p2_pic":"BMA\\VDO_DRONE\\SUMP\\BWS073_A2.jpg","gate_type":"8","amount1":"3","area_p5_pic":"BMA\\VDO_DRONE\\SUMP\\BWS073_A5.jpg","reflex_area":"กรุงเทพธนบุรี","pipe_in_bed2":0,"pipe_in_bed3":0,"pipe_in_bed1":4.2,"home_type":"ตู้คอนเทนเนอร์","date_survey":"20 เมษายน 2021","pipe_in_bed4":0,"pump1_type":"คอลัมป์ไปท์","pump5_volume":0,"owner":"บางกอกน้อย","pump4_type":"-","area_p1_pic":"BMA\\VDO_DRONE\\SUMP\\BWS073_A1.jpg","pump3_volume":0,"pump1_catagory":"ไฟฟ้า","objectid_1":179,"pump2_catagory":"-","sump_bed":"4.5","pipe_in_dimention1":1.5,"pipe_in_dimention2":0,"pipe_in_dimention3":0,"meter_code":"MEA-TOU-9311298","pipe_in_dimention4":0,"pump1_volume":1,"hpl_areap1":"G:\\BMA\\VDO_DRONE\\SUMP\\BWS073_A1.jpg","surveillant_name":"-","hpl_areap3":"G:\\BMA\\VDO_DRONE\\SUMP\\BWS073_A3.jpg","district_id":"1020","hpl_areap2":"G:\\BMA\\VDO_DRONE\\SUMP\\BWS073_A2.jpg","hpl_areap5":"G:\\BMA\\VDO_DRONE\\SUMP\\BWS073_A5.jpg","hpl_areap4":"G:\\BMA\\VDO_DRONE\\SUMP\\BWS073_A4.jpg","objectid":179,"pump_amount":"3"}},{"geometry":{"type":"Point","coordinates":[100.48650299957278,13.752506002316508],"crs":null},"id":180,"type":"Feature","properties":{"utm_x":660715.0243,"pump3_catagory":"-","year":"2564","accessibility":"ท่าเรือวัดระฆังโฆสิตาราม ถนนอรุณอัมรินทร์","pump5_type":"-","sump_type":"บ่อสูบน้ำ","utm_y":1520850.68,"area_p1_y":100.486503,"area_p1_x":13.752506,"area_p3_y":100.486503,"sump_length":3.6,"area_p3_x":13.752506,"hpl_mdb":"G:\\BMA\\VDO_DRONE\\SUMP\\BWS074_MD.jpg","home_pic":"","sump_depth":2.5,"pump2_volume":0.3,"pump4_volume":0,"meter":400,"surveillant_mobile":"-","telephone":"-","mdb":250,"hpl_trans":"G:\\BMA\\VDO_DRONE\\SUMP\\BWS074_TR.jpg","volume":31.5,"subdistrict_id":"102004","hpl_home":"","sump_area":"กรุงเทพธนบุรี","sump_width":3.5,"fd_prevent_code":"30","area_p3_pic":"BMA\\VDO_DRONE\\SUMP\\BWS074_A3.jpg","district_t":"บางกอกน้อย","pump4_catagory":"-","sump_name":"บ่อสูบน้ำวัดระฆังโฆสิตาราม ถนนอรุณอัมรินทร์","mea_tel":"0-2412-8699 , 0-2878-5222 , 0-2878-5333","area_p4_pic":"BMA\\VDO_DRONE\\SUMP\\BWS074_A4.jpg","transformer":500,"mea":"เขตธนบุรี","trans_pic":"BMA\\VDO_DRONE\\SUMP\\BWS074_TR.jpg","pump2_type":"หอยโข่ง","mdb_pic":"BMA\\VDO_DRONE\\SUMP\\BWS074_MD.jpg","area_p4_y":100.486503,"meter_pic":"BMA\\VDO_DRONE\\SUMP\\BWS074_ME.jpg","area_p2_x":13.752506,"sump_code":"BW.S.074","area_p4_x":13.752506,"amount5":"-","area_p2_y":100.486503,"amount4":"-","pump5_catagory":"-","hpl_meter":"G:\\BMA\\VDO_DRONE\\SUMP\\BWS074_ME.jpg","pump3_type":"-","amount3":"-","amount2":"1","area_p2_pic":"BMA\\VDO_DRONE\\SUMP\\BWS074_A2.jpg","gate_type":"2","amount1":"1","area_p5_pic":"BMA\\VDO_DRONE\\SUMP\\BWS074_A5.jpg","reflex_area":"กรุงเทพธนบุรี","pipe_in_bed2":0,"pipe_in_bed3":0,"pipe_in_bed1":1.7,"home_type":"ไม่มี","date_survey":"20 เมษายน 2021","pipe_in_bed4":0,"pump1_type":"หอยโข่ง","pump5_volume":0,"owner":"บางกอกน้อย","pump4_type":"-","area_p1_pic":"BMA\\VDO_DRONE\\SUMP\\BWS074_A1.jpg","pump3_volume":0,"pump1_catagory":"ไฟฟ้า","objectid_1":180,"pump2_catagory":"ไฟฟ้า","sump_bed":"2.5","pipe_in_dimention1":0.6,"pipe_in_dimention2":0,"pipe_in_dimention3":0,"meter_code":"MEA-TOU-9193734","pipe_in_dimention4":0,"pump1_volume":0.13,"hpl_areap1":"G:\\BMA\\VDO_DRONE\\SUMP\\BWS074_A1.jpg","surveillant_name":"-","hpl_areap3":"G:\\BMA\\VDO_DRONE\\SUMP\\BWS074_A3.jpg","district_id":"1020","hpl_areap2":"G:\\BMA\\VDO_DRONE\\SUMP\\BWS074_A2.jpg","hpl_areap5":"G:\\BMA\\VDO_DRONE\\SUMP\\BWS074_A5.jpg","hpl_areap4":"G:\\BMA\\VDO_DRONE\\SUMP\\BWS074_A4.jpg","objectid":180,"pump_amount":"2"}},{"geometry":{"type":"Point","coordinates":[100.55256800007858,13.752208996735572],"crs":null},"id":181,"type":"Feature","properties":{"utm_x":667859.4596,"pump3_catagory":"-","year":"2564","accessibility":"ถนน นิคมมักกะสัน ชอยโรงพยาบาลรถไฟ ฝั่งเดียวกับโรงพยาบาลบุรฉัตรไชยากร\r\nค้นหาใน Google Maps\r\n\r\n","pump5_type":"-","sump_type":"บ่อสูบน้ำ","utm_y":1520862.876,"area_p1_y":100.552468,"area_p1_x":13.752298,"area_p3_y":100.552471,"sump_length":13,"area_p3_x":13.752238,"hpl_mdb":"G:\\BMA\\VDO_DRONE\\SUMP\\BNS028_MD.jpg","home_pic":"BMA\\VDO_DRONE\\SUMP\\BNS028_HO.jpg","sump_depth":2.5,"pump2_volume":0,"pump4_volume":0,"meter":800,"surveillant_mobile":"-","telephone":"02-2521575","mdb":800,"hpl_trans":"G:\\BMA\\VDO_DRONE\\SUMP\\BNS028_TR.jpg","volume":159.25,"subdistrict_id":"103704","hpl_home":"G:\\BMA\\VDO_DRONE\\SUMP\\BNS028_HO.jpg","sump_area":"กรุงเทพเหนือ","sump_width":4.9,"fd_prevent_code":"06","area_p3_pic":"BMA\\VDO_DRONE\\SUMP\\BNS028_A3.jpg","district_t":"ราชเทวี","pump4_catagory":"-","sump_name":"บ่อสูบน้ำถนนนิคมมักกะสัน ตอนลงคลองมักกะสัน","mea_tel":"0-2725-5211 , 0-2314-0668","area_p4_pic":"BMA\\VDO_DRONE\\SUMP\\BNS028_A4.jpg","transformer":630,"mea":"เขตบางกะปิ","trans_pic":"BMA\\VDO_DRONE\\SUMP\\BNS028_TR.jpg","pump2_type":"-","mdb_pic":"BMA\\VDO_DRONE\\SUMP\\BNS028_MD.jpg","area_p4_y":100.55261,"meter_pic":"BMA\\VDO_DRONE\\SUMP\\BNS028_ME.jpg","area_p2_x":13.752247,"sump_code":"BN.S.028","area_p4_x":13.75222,"amount5":"-","area_p2_y":100.552613,"amount4":"-","pump5_catagory":"-","hpl_meter":"G:\\BMA\\VDO_DRONE\\SUMP\\BNS028_ME.jpg","pump3_type":"-","amount3":"-","amount2":"-","area_p2_pic":"BMA\\VDO_DRONE\\SUMP\\BNS028_A2.jpg","gate_type":"8","amount1":"4","area_p5_pic":"","reflex_area":"กรุงเทพเหนือ","pipe_in_bed2":0,"pipe_in_bed3":0,"pipe_in_bed1":2.5,"home_type":"ตู้คอนเทนเนอร์","date_survey":"16 กุมภาพันธ์ 2021","pipe_in_bed4":0,"pump1_type":"ซับเมิร์ส","pump5_volume":0,"owner":"ราชเทวี","pump4_type":"-","area_p1_pic":"BMA\\VDO_DRONE\\SUMP\\BNS028_A1.jpg","pump3_volume":0,"pump1_catagory":"ไฟฟ้า","objectid_1":181,"pump2_catagory":"-","sump_bed":"2.5","pipe_in_dimention1":0.8,"pipe_in_dimention2":0,"pipe_in_dimention3":0,"meter_code":"MEA-TOU-9090998","pipe_in_dimention4":0,"pump1_volume":1,"hpl_areap1":"G:\\BMA\\VDO_DRONE\\SUMP\\BNS028_A1.jpg","surveillant_name":"-","hpl_areap3":"G:\\BMA\\VDO_DRONE\\SUMP\\BNS028_A3.jpg","district_id":"1037","hpl_areap2":"G:\\BMA\\VDO_DRONE\\SUMP\\BNS028_A2.jpg","hpl_areap5":"","hpl_areap4":"G:\\BMA\\VDO_DRONE\\SUMP\\BNS028_A4.jpg","objectid":181,"pump_amount":"4"}},{"geometry":{"type":"Point","coordinates":[100.4957670002631,13.753233997763127],"crs":null},"id":182,"type":"Feature","properties":{"utm_x":661716.3153,"pump3_catagory":"-","year":"2564","accessibility":"ถนนราชินี หลังศาลศาลฎีกา\r\n","pump5_type":"-","sump_type":"บ่อสูบน้ำ","utm_y":1520937.415,"area_p1_y":100.495759,"area_p1_x":13.753219,"area_p3_y":100.495745,"sump_length":1.7,"area_p3_x":13.753236,"hpl_mdb":"G:\\BMA\\VDO_DRONE\\SUMP\\BSS007_MD.jpg","home_pic":"","sump_depth":1.7,"pump2_volume":0,"pump4_volume":0,"meter":200,"surveillant_mobile":"-","telephone":"-","mdb":0,"hpl_trans":"G:\\BMA\\VDO_DRONE\\SUMP\\BSS007_TR.jpg","volume":4.34,"subdistrict_id":"100101","hpl_home":"","sump_area":"กรุงเทพใต้","sump_width":1.5,"fd_prevent_code":"10","area_p3_pic":"BMA\\VDO_DRONE\\SUMP\\BSS007_A3.jpg","district_t":"พระนคร","pump4_catagory":"-","sump_name":"บ่อสูบน้ำหลังศาลฏีกา","mea_tel":"0-2221-0812, 0-2220-5222, 0-2220-5333","area_p4_pic":"BMA\\VDO_DRONE\\SUMP\\BSS007_A4.jpg","transformer":0,"mea":"เขตวัดเลียบ","trans_pic":"BMA\\VDO_DRONE\\SUMP\\BSS007_TR.jpg","pump2_type":"-","mdb_pic":"BMA\\VDO_DRONE\\SUMP\\BSS007_MD.jpg","area_p4_y":100.49579,"meter_pic":"BMA\\VDO_DRONE\\SUMP\\BSS007_ME.jpg","area_p2_x":13.753223,"sump_code":"BS.S.007","area_p4_x":13.75324,"amount5":"-","area_p2_y":100.495755,"amount4":"-","pump5_catagory":"-","hpl_meter":"G:\\BMA\\VDO_DRONE\\SUMP\\BSS007_ME.jpg","pump3_type":"-","amount3":"-","amount2":"-","area_p2_pic":"BMA\\VDO_DRONE\\SUMP\\BSS007_A2.jpg","gate_type":"8","amount1":"2","area_p5_pic":"BMA\\VDO_DRONE\\SUMP\\BSS007_A5.jpg","reflex_area":"กรุงเทพใต้","pipe_in_bed2":0,"pipe_in_bed3":0,"pipe_in_bed1":1.2,"home_type":"ไม่มี","date_survey":"3 มีนาคม 2021","pipe_in_bed4":0,"pump1_type":"หอยโข่ง","pump5_volume":0,"owner":"พระนคร","pump4_type":"-","area_p1_pic":"BMA\\VDO_DRONE\\SUMP\\BSS007_A1.jpg","pump3_volume":0,"pump1_catagory":"ไฟฟ้า","objectid_1":182,"pump2_catagory":"-","sump_bed":"1.7","pipe_in_dimention1":0.6,"pipe_in_dimention2":0,"pipe_in_dimention3":0,"meter_code":"MEA-TOU-9205670","pipe_in_dimention4":0,"pump1_volume":0.045,"hpl_areap1":"G:\\BMA\\VDO_DRONE\\SUMP\\BSS007_A1.jpg","surveillant_name":"-","hpl_areap3":"G:\\BMA\\VDO_DRONE\\SUMP\\BSS007_A3.jpg","district_id":"1001","hpl_areap2":"G:\\BMA\\VDO_DRONE\\SUMP\\BSS007_A2.jpg","hpl_areap5":"G:\\BMA\\VDO_DRONE\\SUMP\\BSS007_A5.jpg","hpl_areap4":"G:\\BMA\\VDO_DRONE\\SUMP\\BSS007_A4.jpg","objectid":182,"pump_amount":"2"}},{"geometry":{"type":"Point","coordinates":[100.56944800042854,13.755453999819915],"crs":null},"id":183,"type":"Feature","properties":{"utm_x":669682.5466,"pump3_catagory":"-","year":"2564","accessibility":"ถนนพระรามเก้า ใกล้แยกอสมท.","pump5_type":"-","sump_type":"บ่อสูบน้ำ","utm_y":1521233.696,"area_p1_y":100.569623,"area_p1_x":13.755812,"area_p3_y":100.569623,"sump_length":7,"area_p3_x":13.755812,"hpl_mdb":"G:\\BMA\\VDO_DRONE\\SUMP\\BNS088_MD.jpg","home_pic":"BMA\\VDO_DRONE\\SUMP\\BNS088_HO.jpg","sump_depth":2,"pump2_volume":0.08,"pump4_volume":0,"meter":400,"surveillant_mobile":"-","telephone":"-","mdb":400,"hpl_trans":"G:\\BMA\\VDO_DRONE\\SUMP\\BNS088_TR.jpg","volume":46.2,"subdistrict_id":"101701","hpl_home":"G:\\BMA\\VDO_DRONE\\SUMP\\BNS088_HO.jpg","sump_area":"กรุงเทพเหนือ","sump_width":3.3,"fd_prevent_code":"05","area_p3_pic":"BMA\\VDO_DRONE\\SUMP\\BNS088_A3.jpg","district_t":"ห้วยขวาง","pump4_catagory":"-","sump_name":"บ่อสูบน้ำ อสมท.","mea_tel":"-","area_p4_pic":"BMA\\VDO_DRONE\\SUMP\\BNS088_A4.jpg","transformer":300,"mea":"-","trans_pic":"BMA\\VDO_DRONE\\SUMP\\BNS088_TR.jpg","pump2_type":"ซับเมิร์ส","mdb_pic":"BMA\\VDO_DRONE\\SUMP\\BNS088_MD.jpg","area_p4_y":100.569623,"meter_pic":"BMA\\VDO_DRONE\\SUMP\\BNS088_ME.jpg","area_p2_x":13.755812,"sump_code":"BN.S.088","area_p4_x":13.755812,"amount5":"-","area_p2_y":100.569623,"amount4":"-","pump5_catagory":"-","hpl_meter":"G:\\BMA\\VDO_DRONE\\SUMP\\BNS088_ME.jpg","pump3_type":"-","amount3":"-","amount2":"1","area_p2_pic":"BMA\\VDO_DRONE\\SUMP\\BNS088_A2.jpg","gate_type":"8","amount1":"2","area_p5_pic":"BMA\\VDO_DRONE\\SUMP\\BNS088_A5.jpg","reflex_area":"กรุงเทพเหนือ","pipe_in_bed2":0,"pipe_in_bed3":0,"pipe_in_bed1":2,"home_type":"ตู้พักอาศัยขนาดเล็ก","date_survey":"2 มีนาคม 2021","pipe_in_bed4":0,"pump1_type":"หอยโข่ง","pump5_volume":0,"owner":"ห้วยขวาง","pump4_type":"-","area_p1_pic":"BMA\\VDO_DRONE\\SUMP\\BNS088_A1.jpg","pump3_volume":0,"pump1_catagory":"ไฟฟ้า","objectid_1":183,"pump2_catagory":"ไฟฟ้า","sump_bed":"2","pipe_in_dimention1":1.2,"pipe_in_dimention2":0,"pipe_in_dimention3":0,"meter_code":"MEA-TOU-031050","pipe_in_dimention4":0,"pump1_volume":0.08,"hpl_areap1":"G:\\BMA\\VDO_DRONE\\SUMP\\BNS088_A1.jpg","surveillant_name":"-","hpl_areap3":"G:\\BMA\\VDO_DRONE\\SUMP\\BNS088_A3.jpg","district_id":"1017","hpl_areap2":"G:\\BMA\\VDO_DRONE\\SUMP\\BNS088_A2.jpg","hpl_areap5":"G:\\BMA\\VDO_DRONE\\SUMP\\BNS088_A5.jpg","hpl_areap4":"G:\\BMA\\VDO_DRONE\\SUMP\\BNS088_A4.jpg","objectid":183,"pump_amount":"3"}},{"geometry":{"type":"Point","coordinates":[100.54276719628126,13.75566017832197],"crs":null},"id":184,"type":"Feature","properties":{"utm_x":666797.1489,"pump3_catagory":"-","year":"2564","accessibility":"ถนนราชปรารภ ใกล้สถานีรถไฟฟ้าราชปรารภ","pump5_type":"-","sump_type":"บ่อสูบน้ำ","utm_y":1521237.868,"area_p1_y":100.542812,"area_p1_x":13.755809,"area_p3_y":100.542667,"sump_length":8,"area_p3_x":13.755583,"hpl_mdb":"G:\\BMA\\VDO_DRONE\\SUMP\\BNS027_MD.jpg","home_pic":"BMA\\VDO_DRONE\\SUMP\\BNS027_HO.jpg","sump_depth":5,"pump2_volume":0,"pump4_volume":0,"meter":630,"surveillant_mobile":"-","telephone":"02-2454735","mdb":630,"hpl_trans":"G:\\BMA\\VDO_DRONE\\SUMP\\BNS027_TR.jpg","volume":160,"subdistrict_id":"103704","hpl_home":"G:\\BMA\\VDO_DRONE\\SUMP\\BNS027_HO.jpg","sump_area":"กรุงเทพเหนือ","sump_width":4,"fd_prevent_code":"06","area_p3_pic":"BMA\\VDO_DRONE\\SUMP\\BNS027_A3.jpg","district_t":"ราชเทวี","pump4_catagory":"-","sump_name":"บ่อสูบน้ำในบึงมักกะสัน ตอนถนนราชปรารภ","mea_tel":"0-2725-5211 , 0-2314-0668","area_p4_pic":"BMA\\VDO_DRONE\\SUMP\\BNS027_A4.jpg","transformer":630,"mea":"เขตบางกะปิ","trans_pic":"BMA\\VDO_DRONE\\SUMP\\BNS027_TR.jpg","pump2_type":"-","mdb_pic":"BMA\\VDO_DRONE\\SUMP\\BNS027_MD.jpg","area_p4_y":100.542744,"meter_pic":"BMA\\VDO_DRONE\\SUMP\\BNS027_ME.jpg","area_p2_x":13.755722,"sump_code":"BN.S.027","area_p4_x":13.755522,"amount5":"-","area_p2_y":100.543049,"amount4":"-","pump5_catagory":"-","hpl_meter":"G:\\BMA\\VDO_DRONE\\SUMP\\BNS027_ME.jpg","pump3_type":"-","amount3":"-","amount2":"-","area_p2_pic":"BMA\\VDO_DRONE\\SUMP\\BNS027_A2.jpg","gate_type":"8","amount1":"4","area_p5_pic":"","reflex_area":"กรุงเทพเหนือ","pipe_in_bed2":0,"pipe_in_bed3":0,"pipe_in_bed1":2.5,"home_type":"ตู้คอนเทนเนอร์","date_survey":"16 กุมภาพันธ์ 2021","pipe_in_bed4":0,"pump1_type":"ซับเมิร์ส","pump5_volume":0,"owner":"ราชเทวี","pump4_type":"-","area_p1_pic":"BMA\\VDO_DRONE\\SUMP\\BNS027_A1.jpg","pump3_volume":0,"pump1_catagory":"ไฟฟ้า","objectid_1":184,"pump2_catagory":"-","sump_bed":"5","pipe_in_dimention1":1.2,"pipe_in_dimention2":0,"pipe_in_dimention3":0,"meter_code":"MEA-TOU-9103321","pipe_in_dimention4":0,"pump1_volume":1,"hpl_areap1":"G:\\BMA\\VDO_DRONE\\SUMP\\BNS027_A1.jpg","surveillant_name":"-","hpl_areap3":"G:\\BMA\\VDO_DRONE\\SUMP\\BNS027_A3.jpg","district_id":"1037","hpl_areap2":"G:\\BMA\\VDO_DRONE\\SUMP\\BNS027_A2.jpg","hpl_areap5":"","hpl_areap4":"G:\\BMA\\VDO_DRONE\\SUMP\\BNS027_A4.jpg","objectid":184,"pump_amount":"4"}},{"geometry":{"type":"Point","coordinates":[100.48660500039979,13.756221997719333],"crs":null},"id":185,"type":"Feature","properties":{"utm_x":660723.5179,"pump3_catagory":"-","year":"2564","accessibility":"ท่าเรือพรานนก ถนนวังหลัง","pump5_type":"-","sump_type":"บ่อสูบน้ำ","utm_y":1521261.834,"area_p1_y":100.486605,"area_p1_x":13.756222,"area_p3_y":100.486605,"sump_length":4.8,"area_p3_x":13.756222,"hpl_mdb":"G:\\BMA\\VDO_DRONE\\SUMP\\BWS081_MD.jpg","home_pic":"BMA\\VDO_DRONE\\SUMP\\BWS081_HO.jpg","sump_depth":3,"pump2_volume":0,"pump4_volume":0,"meter":400,"surveillant_mobile":"-","telephone":"-","mdb":100,"hpl_trans":"G:\\BMA\\VDO_DRONE\\SUMP\\BWS081_TR.jpg","volume":41.76,"subdistrict_id":"102004","hpl_home":"G:\\BMA\\VDO_DRONE\\SUMP\\BWS081_HO.jpg","sump_area":"กรุงเทพธนบุรี","sump_width":2.9,"fd_prevent_code":"30","area_p3_pic":"BMA\\VDO_DRONE\\SUMP\\BWS081_A3.jpg","district_t":"บางกอกน้อย","pump4_catagory":"-","sump_name":"บ่อสูบน้ำท่าน้ำพรานนก ถนนพรานนก","mea_tel":"-","area_p4_pic":"BMA\\VDO_DRONE\\SUMP\\BWS081_A4.jpg","transformer":500,"mea":"-","trans_pic":"BMA\\VDO_DRONE\\SUMP\\BWS081_TR.jpg","pump2_type":"-","mdb_pic":"BMA\\VDO_DRONE\\SUMP\\BWS081_MD.jpg","area_p4_y":100.486605,"meter_pic":"BMA\\VDO_DRONE\\SUMP\\BWS081_ME.jpg","area_p2_x":13.756222,"sump_code":"BW.S.081","area_p4_x":13.756222,"amount5":"-","area_p2_y":100.486605,"amount4":"-","pump5_catagory":"-","hpl_meter":"G:\\BMA\\VDO_DRONE\\SUMP\\BWS081_ME.jpg","pump3_type":"-","amount3":"-","amount2":"-","area_p2_pic":"BMA\\VDO_DRONE\\SUMP\\BWS081_A2.jpg","gate_type":"8","amount1":"3","area_p5_pic":"BMA\\VDO_DRONE\\SUMP\\BWS081_A5.jpg","reflex_area":"กรุงเทพธนบุรี","pipe_in_bed2":0,"pipe_in_bed3":0,"pipe_in_bed1":1.8,"home_type":"ไม่มี","date_survey":"20 เมษายน 2021","pipe_in_bed4":0,"pump1_type":"หอยโข่ง","pump5_volume":0,"owner":"บางกอกน้อย","pump4_type":"-","area_p1_pic":"BMA\\VDO_DRONE\\SUMP\\BWS081_A1.jpg","pump3_volume":0,"pump1_catagory":"ไฟฟ้า","objectid_1":185,"pump2_catagory":"-","sump_bed":"3","pipe_in_dimention1":1.5,"pipe_in_dimention2":0,"pipe_in_dimention3":0,"meter_code":"MEA-TOU-9152392","pipe_in_dimention4":0,"pump1_volume":0.5,"hpl_areap1":"G:\\BMA\\VDO_DRONE\\SUMP\\BWS081_A1.jpg","surveillant_name":"-","hpl_areap3":"G:\\BMA\\VDO_DRONE\\SUMP\\BWS081_A3.jpg","district_id":"1020","hpl_areap2":"G:\\BMA\\VDO_DRONE\\SUMP\\BWS081_A2.jpg","hpl_areap5":"G:\\BMA\\VDO_DRONE\\SUMP\\BWS081_A5.jpg","hpl_areap4":"G:\\BMA\\VDO_DRONE\\SUMP\\BWS081_A4.jpg","objectid":185,"pump_amount":"3"}},{"geometry":{"type":"Point","coordinates":[100.52099919372182,13.75626507920357],"crs":null},"id":186,"type":"Feature","properties":{"utm_x":664442.7692,"pump3_catagory":"-","year":"2564","accessibility":"ถนนเพชรบุรี ใกล้สถานีอุรุพงษ์","pump5_type":"-","sump_type":"บ่อสูบน้ำ","utm_y":1521289.818,"area_p1_y":100.520947,"area_p1_x":13.756366,"area_p3_y":100.52091,"sump_length":7.8,"area_p3_x":13.756262,"hpl_mdb":"G:\\BMA\\VDO_DRONE\\SUMP\\BNS040_MD.jpg","home_pic":"BMA\\VDO_DRONE\\SUMP\\BNS040_HO.jpg","sump_depth":3.9,"pump2_volume":1,"pump4_volume":0,"meter":400,"surveillant_mobile":"-","telephone":"02-2141874","mdb":600,"hpl_trans":"G:\\BMA\\VDO_DRONE\\SUMP\\BNS040_TR.jpg","volume":103.43,"subdistrict_id":"103703","hpl_home":"G:\\BMA\\VDO_DRONE\\SUMP\\BNS040_HO.jpg","sump_area":"กรุงเทพเหนือ","sump_width":3.4,"fd_prevent_code":"06","area_p3_pic":"BMA\\VDO_DRONE\\SUMP\\BNS040_A3.jpg","district_t":"ราชเทวี","pump4_catagory":"-","sump_name":"บ่อสูบน้ำคลองส้มป่อยล่าง","mea_tel":"0-2242-5211 , 0-2243-0131 , 0-2241-5409","area_p4_pic":"BMA\\VDO_DRONE\\SUMP\\BNS040_A4.jpg","transformer":0,"mea":"เขตสามเสน","trans_pic":"BMA\\VDO_DRONE\\SUMP\\BNS040_TR.jpg","pump2_type":"ซับเมิร์ส","mdb_pic":"BMA\\VDO_DRONE\\SUMP\\BNS040_MD.jpg","area_p4_y":100.521009,"meter_pic":"BMA\\VDO_DRONE\\SUMP\\BNS040_ME.jpg","area_p2_x":13.75634,"sump_code":"BN.S.040","area_p4_x":13.756267,"amount5":"-","area_p2_y":100.521054,"amount4":"-","pump5_catagory":"-","hpl_meter":"G:\\BMA\\VDO_DRONE\\SUMP\\BNS040_ME.jpg","pump3_type":"-","amount3":"-","amount2":"2","area_p2_pic":"BMA\\VDO_DRONE\\SUMP\\BNS040_A2.jpg","gate_type":"8","amount1":"1","area_p5_pic":"","reflex_area":"กรุงเทพเหนือ","pipe_in_bed2":0,"pipe_in_bed3":0,"pipe_in_bed1":2.66,"home_type":"บ้านพัก","date_survey":"16 กุมภาพันธ์ 2021","pipe_in_bed4":0,"pump1_type":"หอยโข่ง","pump5_volume":0,"owner":"ราชเทวี","pump4_type":"-","area_p1_pic":"BMA\\VDO_DRONE\\SUMP\\BNS040_A1.jpg","pump3_volume":0,"pump1_catagory":"ไฟฟ้า","objectid_1":186,"pump2_catagory":"ไฟฟ้า","sump_bed":"3.9","pipe_in_dimention1":1.2,"pipe_in_dimention2":0,"pipe_in_dimention3":0,"meter_code":"MEA-4316302","pipe_in_dimention4":0,"pump1_volume":0.2,"hpl_areap1":"G:\\BMA\\VDO_DRONE\\SUMP\\BNS040_A1.jpg","surveillant_name":"-","hpl_areap3":"G:\\BMA\\VDO_DRONE\\SUMP\\BNS040_A3.jpg","district_id":"1037","hpl_areap2":"G:\\BMA\\VDO_DRONE\\SUMP\\BNS040_A2.jpg","hpl_areap5":"","hpl_areap4":"G:\\BMA\\VDO_DRONE\\SUMP\\BNS040_A4.jpg","objectid":186,"pump_amount":"3"}},{"geometry":{"type":"Point","coordinates":[100.55307300041414,13.756126998867696],"crs":null},"id":187,"type":"Feature","properties":{"utm_x":667911.2767,"pump3_catagory":"-","year":"2564","accessibility":"ถนนจตุรทิศ ริมคลองมักกะสัน","pump5_type":"-","sump_type":"บ่อสูบน้ำ","utm_y":1521296.673,"area_p1_y":100.6039,"area_p1_x":13.6992,"area_p3_y":100.6039,"sump_length":7.5,"area_p3_x":13.6992,"hpl_mdb":"G:\\BMA\\VDO_DRONE\\SUMP\\BNS094_MD.jpg","home_pic":"BMA\\VDO_DRONE\\SUMP\\BNS094_HO.jpg","sump_depth":3.8,"pump2_volume":0.5,"pump4_volume":0,"meter":100,"surveillant_mobile":"-","telephone":"-","mdb":700,"hpl_trans":"G:\\BMA\\VDO_DRONE\\SUMP\\BNS094_TR.jpg","volume":128.25,"subdistrict_id":"102601","hpl_home":"G:\\BMA\\VDO_DRONE\\SUMP\\BNS094_HO.jpg","sump_area":"กรุงเทพเหนือ","sump_width":4.5,"fd_prevent_code":"05","area_p3_pic":"BMA\\VDO_DRONE\\SUMP\\BNS094_A3.jpg","district_t":"ดินแดง","pump4_catagory":"-","sump_name":"บ่อสูบน้ำจักรวาล","mea_tel":"-","area_p4_pic":"BMA\\VDO_DRONE\\SUMP\\BNS094_A4.jpg","transformer":300,"mea":"-","trans_pic":"BMA\\VDO_DRONE\\SUMP\\BNS094_TR.jpg","pump2_type":"ซับเมิร์ส","mdb_pic":"BMA\\VDO_DRONE\\SUMP\\BNS094_MD.jpg","area_p4_y":100.6039,"meter_pic":"BMA\\VDO_DRONE\\SUMP\\BNS094_ME.jpg","area_p2_x":13.6992,"sump_code":"BN.S.094","area_p4_x":13.6992,"amount5":"-","area_p2_y":100.6039,"amount4":"-","pump5_catagory":"-","hpl_meter":"G:\\BMA\\VDO_DRONE\\SUMP\\BNS094_ME.jpg","pump3_type":"-","amount3":"-","amount2":"2","area_p2_pic":"BMA\\VDO_DRONE\\SUMP\\BNS094_A2.jpg","gate_type":"8","amount1":"1","area_p5_pic":"","reflex_area":"กรุงเทพเหนือ","pipe_in_bed2":0,"pipe_in_bed3":0,"pipe_in_bed1":3.8,"home_type":"บ้านพัก","date_survey":"8 มีนาคม 2021","pipe_in_bed4":0,"pump1_type":"ซับเมิร์ส","pump5_volume":0,"owner":"ดินแดง","pump4_type":"-","area_p1_pic":"BMA\\VDO_DRONE\\SUMP\\BNS094_A1.jpg","pump3_volume":0,"pump1_catagory":"ไฟฟ้า","objectid_1":187,"pump2_catagory":"ไฟฟ้า","sump_bed":"3.8","pipe_in_dimention1":1.5,"pipe_in_dimention2":0,"pipe_in_dimention3":0,"meter_code":"MEA-TOU-4704938","pipe_in_dimention4":0,"pump1_volume":0.5,"hpl_areap1":"G:\\BMA\\VDO_DRONE\\SUMP\\BNS094_A1.jpg","surveillant_name":"-","hpl_areap3":"G:\\BMA\\VDO_DRONE\\SUMP\\BNS094_A3.jpg","district_id":"1026","hpl_areap2":"G:\\BMA\\VDO_DRONE\\SUMP\\BNS094_A2.jpg","hpl_areap5":"","hpl_areap4":"G:\\BMA\\VDO_DRONE\\SUMP\\BNS094_A4.jpg","objectid":187,"pump_amount":"3"}},{"geometry":{"type":"Point","coordinates":[100.48904799997307,13.75654499878387],"crs":null},"id":188,"type":"Feature","properties":{"utm_x":660987.4737,"pump3_catagory":"-","year":"2564","accessibility":"ท่าเรือข้ามฟาก ถนนท่าพระจันทร์ ใกล้ม.ธรรมศาสตร์ท่าพระจันทร์","pump5_type":"-","sump_type":"บ่อสูบน้ำ","utm_y":1521299.198,"area_p1_y":100.489083,"area_p1_x":13.756488,"area_p3_y":100.489115,"sump_length":4.8,"area_p3_x":13.756519,"hpl_mdb":"G:\\BMA\\VDO_DRONE\\SUMP\\BSS008_MD.jpg","home_pic":"BMA\\VDO_DRONE\\SUMP\\BSS008_HO.jpg","sump_depth":4.2,"pump2_volume":0,"pump4_volume":0,"meter":400,"surveillant_mobile":"-","telephone":"-","mdb":0,"hpl_trans":"G:\\BMA\\VDO_DRONE\\SUMP\\BSS008_TR.jpg","volume":42.34,"subdistrict_id":"100101","hpl_home":"G:\\BMA\\VDO_DRONE\\SUMP\\BSS008_HO.jpg","sump_area":"กรุงเทพใต้","sump_width":2.1,"fd_prevent_code":"10","area_p3_pic":"BMA\\VDO_DRONE\\SUMP\\BSS008_A3.jpg","district_t":"พระนคร","pump4_catagory":"-","sump_name":"บ่อสูบน้ำท่าพระจันทร์","mea_tel":"0-2221-0812, 0-2220-5222, 0-2220-5333","area_p4_pic":"BMA\\VDO_DRONE\\SUMP\\BSS008_A4.jpg","transformer":0,"mea":"เขตวัดเลียบ","trans_pic":"BMA\\VDO_DRONE\\SUMP\\BSS008_TR.jpg","pump2_type":"-","mdb_pic":"BMA\\VDO_DRONE\\SUMP\\BSS008_MD.jpg","area_p4_y":100.489241,"meter_pic":"BMA\\VDO_DRONE\\SUMP\\BSS008_ME.jpg","area_p2_x":13.756431,"sump_code":"BS.S.008","area_p4_x":13.756449,"amount5":"-","area_p2_y":100.489263,"amount4":"-","pump5_catagory":"-","hpl_meter":"G:\\BMA\\VDO_DRONE\\SUMP\\BSS008_ME.jpg","pump3_type":"-","amount3":"-","amount2":"-","area_p2_pic":"BMA\\VDO_DRONE\\SUMP\\BSS008_A2.jpg","gate_type":"1","amount1":"2","area_p5_pic":"","reflex_area":"กรุงเทพใต้","pipe_in_bed2":2.6,"pipe_in_bed3":0,"pipe_in_bed1":2.2,"home_type":"บ้านพัก","date_survey":"3 มีนาคม 2021","pipe_in_bed4":0,"pump1_type":"ซับเมิร์ส","pump5_volume":0,"owner":"พระนคร","pump4_type":"-","area_p1_pic":"BMA\\VDO_DRONE\\SUMP\\BSS008_A1.jpg","pump3_volume":0,"pump1_catagory":"ไฟฟ้า","objectid_1":188,"pump2_catagory":"-","sump_bed":"4.2","pipe_in_dimention1":0.8,"pipe_in_dimention2":0.8,"pipe_in_dimention3":0,"meter_code":"MEA-TOU-9145917","pipe_in_dimention4":0,"pump1_volume":1,"hpl_areap1":"G:\\BMA\\VDO_DRONE\\SUMP\\BSS008_A1.jpg","surveillant_name":"-","hpl_areap3":"G:\\BMA\\VDO_DRONE\\SUMP\\BSS008_A3.jpg","district_id":"1001","hpl_areap2":"G:\\BMA\\VDO_DRONE\\SUMP\\BSS008_A2.jpg","hpl_areap5":"","hpl_areap4":"G:\\BMA\\VDO_DRONE\\SUMP\\BSS008_A4.jpg","objectid":188,"pump_amount":"2"}},{"geometry":{"type":"Point","coordinates":[100.61331800018515,13.759427001541635],"crs":null},"id":189,"type":"Feature","properties":{"utm_x":674423.7587,"pump3_catagory":"-","year":"2564","accessibility":"ซอยรามคำแหง39 ที่กลับรถใต้สะพาน ใกล้วัดเทพลีลา","pump5_type":"-","sump_type":"บ่อสูบน้ำ","utm_y":1521704.577,"area_p1_y":100.674684,"area_p1_x":13.853858,"area_p3_y":100.674684,"sump_length":14.2,"area_p3_x":13.853858,"hpl_mdb":"G:\\BMA\\VDO_DRONE\\SUMP\\BES059_MD.jpg","home_pic":"BMA\\VDO_DRONE\\SUMP\\BES059_HO.jpg","sump_depth":3.5,"pump2_volume":0,"pump4_volume":0,"meter":400,"surveillant_mobile":"-","telephone":"-","mdb":630,"hpl_trans":"G:\\BMA\\VDO_DRONE\\SUMP\\BES059_TR.jpg","volume":318.08,"subdistrict_id":"100608","hpl_home":"G:\\BMA\\VDO_DRONE\\SUMP\\BES059_HO.jpg","sump_area":"กรุงเทพตะวันออก","sump_width":6.4,"fd_prevent_code":"09","area_p3_pic":"","district_t":"บางกะปิ","pump4_catagory":"-","sump_name":"บ่อสูบน้ำซอยรามคำแหง 39","mea_tel":"0-2725-5211 , 0-2314-0668","area_p4_pic":"","transformer":500,"mea":"เขตบางกะปิ","trans_pic":"BMA\\VDO_DRONE\\SUMP\\BES059_TR.jpg","pump2_type":"-","mdb_pic":"BMA\\VDO_DRONE\\SUMP\\BES059_MD.jpg","area_p4_y":100.674684,"meter_pic":"BMA\\VDO_DRONE\\SUMP\\BES059_ME.jpg","area_p2_x":13.853858,"sump_code":"BE.S.059","area_p4_x":13.853858,"amount5":"-","area_p2_y":100.674684,"amount4":"-","pump5_catagory":"-","hpl_meter":"G:\\BMA\\VDO_DRONE\\SUMP\\BES059_ME.jpg","pump3_type":"-","amount3":"-","amount2":"-","area_p2_pic":"BMA\\VDO_DRONE\\SUMP\\BES059_A2.jpg","gate_type":"9","amount1":"3","area_p5_pic":"","reflex_area":"กรุงเทพตะวันออก","pipe_in_bed2":2.3,"pipe_in_bed3":0,"pipe_in_bed1":2.3,"home_type":"ตู้คอนเทนเนอร์","date_survey":"17 มีนาคม 2021","pipe_in_bed4":0,"pump1_type":"ซับเมิร์ส","pump5_volume":0,"owner":"บางกะปิ","pump4_type":"-","area_p1_pic":"BMA\\VDO_DRONE\\SUMP\\BES059_A1.jpg","pump3_volume":0,"pump1_catagory":"ไฟฟ้า","objectid_1":189,"pump2_catagory":"-","sump_bed":"1","pipe_in_dimention1":1.5,"pipe_in_dimention2":1,"pipe_in_dimention3":0,"meter_code":"MEA-TOU-055479","pipe_in_dimention4":0,"pump1_volume":1,"hpl_areap1":"G:\\BMA\\VDO_DRONE\\SUMP\\BES059_A1.jpg","surveillant_name":"-","hpl_areap3":"","district_id":"1006","hpl_areap2":"G:\\BMA\\VDO_DRONE\\SUMP\\BES059_A2.jpg","hpl_areap5":"","hpl_areap4":"","objectid":189,"pump_amount":"3"}},{"geometry":{"type":"Point","coordinates":[100.61308499971696,13.759651997736457],"crs":null},"id":190,"type":"Feature","properties":{"utm_x":674398.3952,"pump3_catagory":"-","year":"2564","accessibility":"ซอยรามคำแหง39 ที่กลับรถใต้สะพาน ใกล้ตึกแถวสีฟ้า","pump5_type":"-","sump_type":"บ่อสูบน้ำ","utm_y":1521729.3,"area_p1_y":100.613069,"area_p1_x":13.759513,"area_p3_y":100.613284,"sump_length":13.2,"area_p3_x":13.759767,"hpl_mdb":"G:\\BMA\\VDO_DRONE\\SUMP\\BES018_MD.jpg","home_pic":"BMA\\VDO_DRONE\\SUMP\\BES018_HO.jpg","sump_depth":4.6,"pump2_volume":0,"pump4_volume":0,"meter":400,"surveillant_mobile":"-","telephone":"02-3186989","mdb":630,"hpl_trans":"G:\\BMA\\VDO_DRONE\\SUMP\\BES018_TR.jpg","volume":133.58,"subdistrict_id":"104504","hpl_home":"G:\\BMA\\VDO_DRONE\\SUMP\\BES018_HO.jpg","sump_area":"กรุงเทพตะวันออก","sump_width":2.2,"fd_prevent_code":"04","area_p3_pic":"BMA\\VDO_DRONE\\SUMP\\BES018_A3.jpg","district_t":"วังทองหลาง","pump4_catagory":"-","sump_name":"บ่อสูบน้ำประชาอุทิศ (รามคำแหง 39)","mea_tel":"0-2716-3311 , 0-2716-3222 , 0-2716-3333","area_p4_pic":"BMA\\VDO_DRONE\\SUMP\\BES018_A4.jpg","transformer":500,"mea":"เขตนวลจันทร์","trans_pic":"BMA\\VDO_DRONE\\SUMP\\BES018_TR.jpg","pump2_type":"-","mdb_pic":"BMA\\VDO_DRONE\\SUMP\\BES018_MD.jpg","area_p4_y":100.613014,"meter_pic":"BMA\\VDO_DRONE\\SUMP\\BES018_ME.jpg","area_p2_x":13.759513,"sump_code":"BE.S.018","area_p4_x":13.759484,"amount5":"-","area_p2_y":100.613069,"amount4":"-","pump5_catagory":"-","hpl_meter":"G:\\BMA\\VDO_DRONE\\SUMP\\BES018_ME.jpg","pump3_type":"-","amount3":"-","amount2":"-","area_p2_pic":"BMA\\VDO_DRONE\\SUMP\\BES018_A2.jpg","gate_type":"8","amount1":"2","area_p5_pic":"BMA\\VDO_DRONE\\SUMP\\BES018_A5.jpg","reflex_area":"กรุงเทพตะวันออก","pipe_in_bed2":2.9,"pipe_in_bed3":0,"pipe_in_bed1":2.9,"home_type":"ตู้พักอาศัยขนาดเล็ก","date_survey":"20 กุมภาพันธ์ 2021","pipe_in_bed4":0,"pump1_type":"ซับเมิร์ส","pump5_volume":0,"owner":"วังทองหลาง","pump4_type":"-","area_p1_pic":"BMA\\VDO_DRONE\\SUMP\\BES018_A1.jpg","pump3_volume":0,"pump1_catagory":"ไฟฟ้า","objectid_1":190,"pump2_catagory":"-","sump_bed":"4.6","pipe_in_dimention1":1.2,"pipe_in_dimention2":1.2,"pipe_in_dimention3":0,"meter_code":"MEA-130003854","pipe_in_dimention4":0,"pump1_volume":2,"hpl_areap1":"G:\\BMA\\VDO_DRONE\\SUMP\\BES018_A1.jpg","surveillant_name":"-","hpl_areap3":"G:\\BMA\\VDO_DRONE\\SUMP\\BES018_A3.jpg","district_id":"1045","hpl_areap2":"G:\\BMA\\VDO_DRONE\\SUMP\\BES018_A2.jpg","hpl_areap5":"G:\\BMA\\VDO_DRONE\\SUMP\\BES018_A5.jpg","hpl_areap4":"G:\\BMA\\VDO_DRONE\\SUMP\\BES018_A4.jpg","objectid":190,"pump_amount":"2"}},{"geometry":{"type":"Point","coordinates":[100.48280799970736,13.761937001187642],"crs":null},"id":191,"type":"Feature","properties":{"utm_x":660309.0328,"pump3_catagory":"-","year":"2564","accessibility":"ใต้สะพานอรุณอัมรินทร์ ใกล้กองเรือเล็ก ถนน อรุณอมรินทร์","pump5_type":"-","sump_type":"บ่อสูบน้ำ","utm_y":1521891.531,"area_p1_y":100.482886,"area_p1_x":13.761922,"area_p3_y":100.482938,"sump_length":5.3,"area_p3_x":13.761926,"hpl_mdb":"G:\\BMA\\VDO_DRONE\\SUMP\\BWS043_MD.jpg","home_pic":"BMA\\VDO_DRONE\\SUMP\\BWS043_HO.jpg","sump_depth":2.7,"pump2_volume":0,"pump4_volume":0,"meter":400,"surveillant_mobile":"-","telephone":"-","mdb":350,"hpl_trans":"G:\\BMA\\VDO_DRONE\\SUMP\\BWS043_TR.jpg","volume":70.12,"subdistrict_id":"102009","hpl_home":"G:\\BMA\\VDO_DRONE\\SUMP\\BWS043_HO.jpg","sump_area":"กรุงเทพธนบุรี","sump_width":4.9,"fd_prevent_code":"29","area_p3_pic":"BMA\\VDO_DRONE\\SUMP\\BWS043_A3.jpg","district_t":"บางกอกน้อย","pump4_catagory":"-","sump_name":"บ่อสูบน้ำใต้สะพานอรุณอัมรินทร์","mea_tel":"0-2412-8699 , 0-2878-5222 , 0-2878-5333","area_p4_pic":"BMA\\VDO_DRONE\\SUMP\\BWS043_A4.jpg","transformer":300,"mea":"เขตธนบุรี","trans_pic":"BMA\\VDO_DRONE\\SUMP\\BWS043_TR.jpg","pump2_type":"-","mdb_pic":"BMA\\VDO_DRONE\\SUMP\\BWS043_MD.jpg","area_p4_y":100.482927,"meter_pic":"BMA\\VDO_DRONE\\SUMP\\BWS043_ME.jpg","area_p2_x":13.761926,"sump_code":"BW.S.043","area_p4_x":13.761934,"amount5":"-","area_p2_y":100.482946,"amount4":"-","pump5_catagory":"-","hpl_meter":"G:\\BMA\\VDO_DRONE\\SUMP\\BWS043_ME.jpg","pump3_type":"-","amount3":"-","amount2":"-","area_p2_pic":"BMA\\VDO_DRONE\\SUMP\\BWS043_A2.jpg","gate_type":"8","amount1":"2","area_p5_pic":"BMA\\VDO_DRONE\\SUMP\\BWS043_A5.jpg","reflex_area":"กรุงเทพธนบุรี","pipe_in_bed2":0,"pipe_in_bed3":0,"pipe_in_bed1":1.8,"home_type":"ตู้คอนเทนเนอร์","date_survey":"7 เมษายน 2021","pipe_in_bed4":0,"pump1_type":"คอลัมป์ไปท์","pump5_volume":0,"owner":"บางกอกน้อย","pump4_type":"-","area_p1_pic":"BMA\\VDO_DRONE\\SUMP\\BWS043_A1.jpg","pump3_volume":0,"pump1_catagory":"ไฟฟ้า","objectid_1":191,"pump2_catagory":"-","sump_bed":"2.7","pipe_in_dimention1":1,"pipe_in_dimention2":0,"pipe_in_dimention3":0,"meter_code":"MEA-TOU-9302730","pipe_in_dimention4":0,"pump1_volume":1,"hpl_areap1":"G:\\BMA\\VDO_DRONE\\SUMP\\BWS043_A1.jpg","surveillant_name":"-","hpl_areap3":"G:\\BMA\\VDO_DRONE\\SUMP\\BWS043_A3.jpg","district_id":"1020","hpl_areap2":"G:\\BMA\\VDO_DRONE\\SUMP\\BWS043_A2.jpg","hpl_areap5":"G:\\BMA\\VDO_DRONE\\SUMP\\BWS043_A5.jpg","hpl_areap4":"G:\\BMA\\VDO_DRONE\\SUMP\\BWS043_A4.jpg","objectid":191,"pump_amount":"2"}},{"geometry":{"type":"Point","coordinates":[100.5135539062159,13.76281152764512],"crs":null},"id":192,"type":"Feature","properties":{"utm_x":663633.1032,"pump3_catagory":"ไฟฟ้า","year":"2564","accessibility":"ถนนพิษณุโลก ในพระอนุสาวรีย์พลเรือเอกสมเด็จพระเจ้าบรมวงศ์เธอ","pump5_type":"-","sump_type":"บ่อสูบน้ำ","utm_y":1522008.963,"area_p1_y":100.513524,"area_p1_x":13.763485,"area_p3_y":100.513503,"sump_length":5.4,"area_p3_x":13.763428,"hpl_mdb":"G:\\BMA\\VDO_DRONE\\SUMP\\BNS072_MD.jpg","home_pic":"BMA\\VDO_DRONE\\SUMP\\BNS072_HO.jpg","sump_depth":4.1,"pump2_volume":0.5,"pump4_volume":0,"meter":400,"surveillant_mobile":"-","telephone":"02-2819650","mdb":400,"hpl_trans":"G:\\BMA\\VDO_DRONE\\SUMP\\BNS072_TR.jpg","volume":55.35,"subdistrict_id":"100203","hpl_home":"G:\\BMA\\VDO_DRONE\\SUMP\\BNS072_HO.jpg","sump_area":"กรุงเทพเหนือ","sump_width":2.5,"fd_prevent_code":"08","area_p3_pic":"","district_t":"ดุสิต","pump4_catagory":"-","sump_name":"บ่อสูบน้ำถนนพิษณุโลก (ฝั่งถนนพระรามที่ 5)","mea_tel":"0-2242-5211 , 0-2243-0131 , 0-2241-5409","area_p4_pic":"","transformer":225,"mea":"เขตสามเสน","trans_pic":"BMA\\VDO_DRONE\\SUMP\\BNS072_TR.jpg","pump2_type":"ซับเมิร์ส","mdb_pic":"BMA\\VDO_DRONE\\SUMP\\BNS072_MD.jpg","area_p4_y":100.513568,"meter_pic":"BMA\\VDO_DRONE\\SUMP\\BNS072_ME.jpg","area_p2_x":13.763461,"sump_code":"BN.S.072","area_p4_x":13.763392,"amount5":"-","area_p2_y":100.51357,"amount4":"-","pump5_catagory":"-","hpl_meter":"G:\\BMA\\VDO_DRONE\\SUMP\\BNS072_ME.jpg","pump3_type":"ซับเมิร์ส","amount3":"1","amount2":"1","area_p2_pic":"BMA\\VDO_DRONE\\SUMP\\BNS072_A2.jpg","gate_type":"1","amount1":"1","area_p5_pic":"","reflex_area":"กรุงเทพเหนือ","pipe_in_bed2":0,"pipe_in_bed3":0,"pipe_in_bed1":2.5,"home_type":"ตู้คอนเทนเนอร์","date_survey":"19 กุมภาพันธ์ 2021","pipe_in_bed4":0,"pump1_type":"หอยโข่ง","pump5_volume":0,"owner":"ดุสิต","pump4_type":"-","area_p1_pic":"BMA\\VDO_DRONE\\SUMP\\BNS072_A1.jpg","pump3_volume":1,"pump1_catagory":"ไฟฟ้า","objectid_1":192,"pump2_catagory":"ไฟฟ้า","sump_bed":"4.1","pipe_in_dimention1":0.8,"pipe_in_dimention2":0,"pipe_in_dimention3":0,"meter_code":"MEA-TOU-9066726","pipe_in_dimention4":0,"pump1_volume":0.08,"hpl_areap1":"G:\\BMA\\VDO_DRONE\\SUMP\\BNS072_A1.jpg","surveillant_name":"-","hpl_areap3":"","district_id":"1002","hpl_areap2":"G:\\BMA\\VDO_DRONE\\SUMP\\BNS072_A2.jpg","hpl_areap5":"","hpl_areap4":"","objectid":192,"pump_amount":"3"}},{"geometry":{"type":"Point","coordinates":[100.54331252423421,13.76274490708293],"crs":null},"id":193,"type":"Feature","properties":{"utm_x":666851.0976,"pump3_catagory":"-","year":"2564","accessibility":"ถนนดินแดง ใกล้โรงแรมเซ็นจูรี่พาร์ค","pump5_type":"-","sump_type":"บ่อสูบน้ำ","utm_y":1522022.02,"area_p1_y":100.543404,"area_p1_x":13.763002,"area_p3_y":100.543187,"sump_length":3.1,"area_p3_x":13.762937,"hpl_mdb":"G:\\BMA\\VDO_DRONE\\SUMP\\BNS054_MD.jpg","home_pic":"","sump_depth":4.45,"pump2_volume":0,"pump4_volume":0,"meter":200,"surveillant_mobile":"-","telephone":"-","mdb":400,"hpl_trans":"G:\\BMA\\VDO_DRONE\\SUMP\\BNS054_TR.jpg","volume":38.63,"subdistrict_id":"101401","hpl_home":"","sump_area":"กรุงเทพเหนือ","sump_width":2.8,"fd_prevent_code":"05","area_p3_pic":"BMA\\VDO_DRONE\\SUMP\\BNS054_A3.jpg","district_t":"พญาไท","pump4_catagory":"-","sump_name":"บ่อสูบน้ำสะพานพรหมโยธี (ฝั่ง ป.ป.ส.)","mea_tel":"0-2242-5211 , 0-2243-0131 , 0-2241-5409","area_p4_pic":"","transformer":0,"mea":"เขตสามเสน","trans_pic":"BMA\\VDO_DRONE\\SUMP\\BNS054_TR.jpg","pump2_type":"-","mdb_pic":"BMA\\VDO_DRONE\\SUMP\\BNS054_MD.jpg","area_p4_y":100.543286,"meter_pic":"BMA\\VDO_DRONE\\SUMP\\BNS054_ME.jpg","area_p2_x":13.763002,"sump_code":"BN.S.054","area_p4_x":13.762809,"amount5":"-","area_p2_y":100.543509,"amount4":"-","pump5_catagory":"-","hpl_meter":"G:\\BMA\\VDO_DRONE\\SUMP\\BNS054_ME.jpg","pump3_type":"-","amount3":"-","amount2":"-","area_p2_pic":"BMA\\VDO_DRONE\\SUMP\\BNS054_A2.jpg","gate_type":"8","amount1":"2","area_p5_pic":"","reflex_area":"กรุงเทพเหนือ","pipe_in_bed2":0,"pipe_in_bed3":0,"pipe_in_bed1":3.73,"home_type":"ไม่มี","date_survey":"17 กุมภาพันธ์ 2021","pipe_in_bed4":0,"pump1_type":"หอยโข่ง","pump5_volume":0,"owner":"พญาไท","pump4_type":"-","area_p1_pic":"BMA\\VDO_DRONE\\SUMP\\BNS054_A1.jpg","pump3_volume":0,"pump1_catagory":"ไฟฟ้า","objectid_1":193,"pump2_catagory":"-","sump_bed":"4.45","pipe_in_dimention1":2,"pipe_in_dimention2":0,"pipe_in_dimention3":0,"meter_code":"MEA-TOU-034904","pipe_in_dimention4":0,"pump1_volume":0.3,"hpl_areap1":"G:\\BMA\\VDO_DRONE\\SUMP\\BNS054_A1.jpg","surveillant_name":"-","hpl_areap3":"G:\\BMA\\VDO_DRONE\\SUMP\\BNS054_A3.jpg","district_id":"1014","hpl_areap2":"G:\\BMA\\VDO_DRONE\\SUMP\\BNS054_A2.jpg","hpl_areap5":"","hpl_areap4":"","objectid":193,"pump_amount":"2"}},{"geometry":{"type":"Point","coordinates":[100.49052699995043,13.763258004363228],"crs":null},"id":194,"type":"Feature","properties":{"utm_x":661142.8108,"pump3_catagory":"-","year":"2564","accessibility":"ท่าเรือสะพานพระปิ่นเกล้า ซอยจึงเจริญพาณิชย์","pump5_type":"-","sump_type":"บ่อสูบน้ำ","utm_y":1522042.822,"area_p1_y":100.490529,"area_p1_x":13.763255,"area_p3_y":100.490529,"sump_length":7,"area_p3_x":13.763252,"hpl_mdb":"G:\\BMA\\VDO_DRONE\\SUMP\\BWS041_MD.jpg","home_pic":"BMA\\VDO_DRONE\\SUMP\\BWS041_HO.jpg","sump_depth":3,"pump2_volume":0,"pump4_volume":0,"meter":400,"surveillant_mobile":"-","telephone":"-","mdb":630,"hpl_trans":"G:\\BMA\\VDO_DRONE\\SUMP\\BWS041_TR.jpg","volume":105,"subdistrict_id":"102504","hpl_home":"G:\\BMA\\VDO_DRONE\\SUMP\\BWS041_HO.jpg","sump_area":"กรุงเทพธนบุรี","sump_width":5,"fd_prevent_code":"29","area_p3_pic":"BMA\\VDO_DRONE\\SUMP\\BWS041_A3.jpg","district_t":"บางพลัด","pump4_catagory":"-","sump_name":"บ่อสูบน้ำปิ่นเกล้า","mea_tel":"0-2412-8699 , 0-2878-5222 , 0-2878-5333","area_p4_pic":"BMA\\VDO_DRONE\\SUMP\\BWS041_A4.jpg","transformer":750,"mea":"เขตธนบุรี","trans_pic":"BMA\\VDO_DRONE\\SUMP\\BWS041_TR.jpg","pump2_type":"-","mdb_pic":"BMA\\VDO_DRONE\\SUMP\\BWS041_MD.jpg","area_p4_y":100.490529,"meter_pic":"BMA\\VDO_DRONE\\SUMP\\BWS041_ME.jpg","area_p2_x":13.763252,"sump_code":"BW.S.041","area_p4_x":13.763251,"amount5":"-","area_p2_y":100.49053,"amount4":"-","pump5_catagory":"-","hpl_meter":"G:\\BMA\\VDO_DRONE\\SUMP\\BWS041_ME.jpg","pump3_type":"-","amount3":"-","amount2":"-","area_p2_pic":"BMA\\VDO_DRONE\\SUMP\\BWS041_A2.jpg","gate_type":"8","amount1":"2","area_p5_pic":"BMA\\VDO_DRONE\\SUMP\\BWS041_A5.jpg","reflex_area":"กรุงเทพธนบุรี","pipe_in_bed2":0,"pipe_in_bed3":0,"pipe_in_bed1":2.5,"home_type":"ตู้คอนเทนเนอร์","date_survey":"7 เมษายน 2021","pipe_in_bed4":0,"pump1_type":"คอลัมป์ไปท์","pump5_volume":0,"owner":"บางพลัด","pump4_type":"-","area_p1_pic":"BMA\\VDO_DRONE\\SUMP\\BWS041_A1.jpg","pump3_volume":0,"pump1_catagory":"ไฟฟ้า","objectid_1":194,"pump2_catagory":"-","sump_bed":"3","pipe_in_dimention1":2,"pipe_in_dimention2":0,"pipe_in_dimention3":0,"meter_code":"MEA-TOU-9154211","pipe_in_dimention4":0,"pump1_volume":1,"hpl_areap1":"G:\\BMA\\VDO_DRONE\\SUMP\\BWS041_A1.jpg","surveillant_name":"-","hpl_areap3":"G:\\BMA\\VDO_DRONE\\SUMP\\BWS041_A3.jpg","district_id":"1025","hpl_areap2":"G:\\BMA\\VDO_DRONE\\SUMP\\BWS041_A2.jpg","hpl_areap5":"G:\\BMA\\VDO_DRONE\\SUMP\\BWS041_A5.jpg","hpl_areap4":"G:\\BMA\\VDO_DRONE\\SUMP\\BWS041_A4.jpg","objectid":194,"pump_amount":"2"}},{"geometry":{"type":"Point","coordinates":[100.54296103539008,13.76299615827693],"crs":null},"id":195,"type":"Feature","properties":{"utm_x":666812.911,"pump3_catagory":"-","year":"2564","accessibility":"ซอยราชวิถี2","pump5_type":"-","sump_type":"บ่อสูบน้ำ","utm_y":1522049.572,"area_p1_y":100.542856,"area_p1_x":13.763046,"area_p3_y":100.542796,"sump_length":5.3,"area_p3_x":13.762966,"hpl_mdb":"G:\\BMA\\VDO_DRONE\\SUMP\\BNS055_MD.jpg","home_pic":"BMA\\VDO_DRONE\\SUMP\\BNS055_HO.jpg","sump_depth":5.05,"pump2_volume":2,"pump4_volume":0,"meter":10,"surveillant_mobile":"-","telephone":"02-2461502","mdb":800,"hpl_trans":"G:\\BMA\\VDO_DRONE\\SUMP\\BNS055_TR.jpg","volume":111.07,"subdistrict_id":"101401","hpl_home":"G:\\BMA\\VDO_DRONE\\SUMP\\BNS055_HO.jpg","sump_area":"กรุงเทพเหนือ","sump_width":4.15,"fd_prevent_code":"05","area_p3_pic":"BMA\\VDO_DRONE\\SUMP\\BNS055_A3.jpg","district_t":"พญาไท","pump4_catagory":"-","sump_name":"บ่อสูบน้ำสะพานพรหมโยธี","mea_tel":"0-2242-5211 , 0-2243-0131 , 0-2241-5409","area_p4_pic":"BMA\\VDO_DRONE\\SUMP\\BNS055_A4.jpg","transformer":500,"mea":"เขตสามเสน","trans_pic":"BMA\\VDO_DRONE\\SUMP\\BNS055_TR.jpg","pump2_type":"ซับเมิร์ส","mdb_pic":"BMA\\VDO_DRONE\\SUMP\\BNS055_MD.jpg","area_p4_y":100.542865,"meter_pic":"BMA\\VDO_DRONE\\SUMP\\BNS055_ME.jpg","area_p2_x":13.762899,"sump_code":"BN.S.055","area_p4_x":13.762945,"amount5":"-","area_p2_y":100.542959,"amount4":"-","pump5_catagory":"-","hpl_meter":"G:\\BMA\\VDO_DRONE\\SUMP\\BNS055_ME.jpg","pump3_type":"-","amount3":"-","amount2":"2","area_p2_pic":"BMA\\VDO_DRONE\\SUMP\\BNS055_A2.jpg","gate_type":"8","amount1":"1","area_p5_pic":"","reflex_area":"กรุงเทพเหนือ","pipe_in_bed2":0,"pipe_in_bed3":0,"pipe_in_bed1":5.05,"home_type":"ตู้คอนเทนเนอร์","date_survey":"17 กุมภาพันธ์ 2021","pipe_in_bed4":0,"pump1_type":"ซับเมิร์ส","pump5_volume":0,"owner":"พญาไท","pump4_type":"-","area_p1_pic":"BMA\\VDO_DRONE\\SUMP\\BNS055_A1.jpg","pump3_volume":0,"pump1_catagory":"ไฟฟ้า","objectid_1":195,"pump2_catagory":"ไฟฟ้า","sump_bed":"1.65","pipe_in_dimention1":1.2,"pipe_in_dimention2":0,"pipe_in_dimention3":0,"meter_code":"MEA-TOU-030187","pipe_in_dimention4":0,"pump1_volume":1,"hpl_areap1":"G:\\BMA\\VDO_DRONE\\SUMP\\BNS055_A1.jpg","surveillant_name":"-","hpl_areap3":"G:\\BMA\\VDO_DRONE\\SUMP\\BNS055_A3.jpg","district_id":"1014","hpl_areap2":"G:\\BMA\\VDO_DRONE\\SUMP\\BNS055_A2.jpg","hpl_areap5":"","hpl_areap4":"G:\\BMA\\VDO_DRONE\\SUMP\\BNS055_A4.jpg","objectid":195,"pump_amount":"3"}},{"geometry":{"type":"Point","coordinates":[100.51348588807446,13.763902842125646],"crs":null},"id":196,"type":"Feature","properties":{"utm_x":663624.9892,"pump3_catagory":"-","year":"2564","accessibility":"ถนนพิษณุโลก ใกล้สะพานชมัยมรุเชฐ","pump5_type":"-","sump_type":"บ่อสูบน้ำ","utm_y":1522129.646,"area_p1_y":100.513506,"area_p1_x":13.763986,"area_p3_y":100.513437,"sump_length":5.1,"area_p3_x":13.763857,"hpl_mdb":"G:\\BMA\\VDO_DRONE\\SUMP\\BNS071_MD.jpg","home_pic":"BMA\\VDO_DRONE\\SUMP\\BNS071_HO.jpg","sump_depth":3.9,"pump2_volume":0,"pump4_volume":0,"meter":400,"surveillant_mobile":"-","telephone":"02-2820581","mdb":500,"hpl_trans":"G:\\BMA\\VDO_DRONE\\SUMP\\BNS071_TR.jpg","volume":89.51,"subdistrict_id":"100201","hpl_home":"G:\\BMA\\VDO_DRONE\\SUMP\\BNS071_HO.jpg","sump_area":"กรุงเทพเหนือ","sump_width":4.5,"fd_prevent_code":"08","area_p3_pic":"BMA\\VDO_DRONE\\SUMP\\BNS071_A3.jpg","district_t":"ดุสิต","pump4_catagory":"-","sump_name":"บ่อสูบน้ำถนนพิษณุโลก (ฝั่ง ก.พ.)","mea_tel":"0-2242-5211 , 0-2243-0131 , 0-2241-5409","area_p4_pic":"","transformer":500,"mea":"เขตสามเสน","trans_pic":"BMA\\VDO_DRONE\\SUMP\\BNS071_TR.jpg","pump2_type":"-","mdb_pic":"BMA\\VDO_DRONE\\SUMP\\BNS071_MD.jpg","area_p4_y":100.513502,"meter_pic":"BMA\\VDO_DRONE\\SUMP\\BNS071_ME.jpg","area_p2_x":13.763939,"sump_code":"BN.S.071","area_p4_x":13.763807,"amount5":"-","area_p2_y":100.513586,"amount4":"-","pump5_catagory":"-","hpl_meter":"G:\\BMA\\VDO_DRONE\\SUMP\\BNS071_ME.jpg","pump3_type":"-","amount3":"-","amount2":"-","area_p2_pic":"BMA\\VDO_DRONE\\SUMP\\BNS071_A2.jpg","gate_type":"8","amount1":"3","area_p5_pic":"","reflex_area":"กรุงเทพเหนือ","pipe_in_bed2":0,"pipe_in_bed3":0,"pipe_in_bed1":2.4,"home_type":"ตู้คอนเทนเนอร์","date_survey":"19 กุมภาพันธ์ 2021","pipe_in_bed4":0,"pump1_type":"ซับเมิร์ส","pump5_volume":0,"owner":"ดุสิต","pump4_type":"-","area_p1_pic":"BMA\\VDO_DRONE\\SUMP\\BNS071_A1.jpg","pump3_volume":0,"pump1_catagory":"ไฟฟ้า","objectid_1":196,"pump2_catagory":"-","sump_bed":"3.9","pipe_in_dimention1":1,"pipe_in_dimention2":0,"pipe_in_dimention3":0,"meter_code":"MEA-TOU-054885","pipe_in_dimention4":0,"pump1_volume":1,"hpl_areap1":"G:\\BMA\\VDO_DRONE\\SUMP\\BNS071_A1.jpg","surveillant_name":"-","hpl_areap3":"G:\\BMA\\VDO_DRONE\\SUMP\\BNS071_A3.jpg","district_id":"1002","hpl_areap2":"G:\\BMA\\VDO_DRONE\\SUMP\\BNS071_A2.jpg","hpl_areap5":"","hpl_areap4":"","objectid":196,"pump_amount":"3"}},{"geometry":{"type":"Point","coordinates":[100.54145109578232,13.76478724800648],"crs":null},"id":197,"type":"Feature","properties":{"utm_x":666648.3643,"pump3_catagory":"-","year":"2564","accessibility":"หน้าหอพักวิบูลย์\u200bสุข ซอยราชวิถี6","pump5_type":"-","sump_type":"บ่อสูบน้ำ","utm_y":1522246.672,"area_p1_y":100.541431,"area_p1_x":13.764848,"area_p3_y":100.541312,"sump_length":6.64,"area_p3_x":13.764755,"hpl_mdb":"G:\\BMA\\VDO_DRONE\\SUMP\\BNS061_MD.jpg","home_pic":"","sump_depth":3.06,"pump2_volume":0,"pump4_volume":0,"meter":150,"surveillant_mobile":"-","telephone":"-","mdb":100,"hpl_trans":"G:\\BMA\\VDO_DRONE\\SUMP\\BNS061_TR.jpg","volume":49.37,"subdistrict_id":"101401","hpl_home":"","sump_area":"กรุงเทพเหนือ","sump_width":2.43,"fd_prevent_code":"05","area_p3_pic":"BMA\\VDO_DRONE\\SUMP\\BNS061_A3.jpg","district_t":"พญาไท","pump4_catagory":"-","sump_name":"บ่อสูบน้ำกองพลทหารม้าที่ 2 รักษาพระองค์","mea_tel":"0-2242-5211 , 0-2243-0131 , 0-2241-5409","area_p4_pic":"BMA\\VDO_DRONE\\SUMP\\BNS061_A4.jpg","transformer":300,"mea":"เขตสามเสน","trans_pic":"BMA\\VDO_DRONE\\SUMP\\BNS061_TR.jpg","pump2_type":"-","mdb_pic":"BMA\\VDO_DRONE\\SUMP\\BNS061_MD.jpg","area_p4_y":100.541398,"meter_pic":"BMA\\VDO_DRONE\\SUMP\\BNS061_ME.jpg","area_p2_x":13.764815,"sump_code":"BN.S.061","area_p4_x":13.764702,"amount5":"-","area_p2_y":100.541474,"amount4":"-","pump5_catagory":"-","hpl_meter":"G:\\BMA\\VDO_DRONE\\SUMP\\BNS061_ME.jpg","pump3_type":"-","amount3":"-","amount2":"-","area_p2_pic":"BMA\\VDO_DRONE\\SUMP\\BNS061_A2.jpg","gate_type":"8","amount1":"2","area_p5_pic":"","reflex_area":"กรุงเทพเหนือ","pipe_in_bed2":0,"pipe_in_bed3":0,"pipe_in_bed1":1.2,"home_type":"ไม่มี","date_survey":"18 กุมภาพันธ์ 2021","pipe_in_bed4":0,"pump1_type":"หอยโข่ง","pump5_volume":0,"owner":"พญาไท","pump4_type":"-","area_p1_pic":"BMA\\VDO_DRONE\\SUMP\\BNS061_A1.jpg","pump3_volume":0,"pump1_catagory":"ไฟฟ้า","objectid_1":197,"pump2_catagory":"-","sump_bed":"2.2","pipe_in_dimention1":1.5,"pipe_in_dimention2":0,"pipe_in_dimention3":0,"meter_code":"MEA-TOU-9172405","pipe_in_dimention4":0,"pump1_volume":0.35,"hpl_areap1":"G:\\BMA\\VDO_DRONE\\SUMP\\BNS061_A1.jpg","surveillant_name":"-","hpl_areap3":"G:\\BMA\\VDO_DRONE\\SUMP\\BNS061_A3.jpg","district_id":"1014","hpl_areap2":"G:\\BMA\\VDO_DRONE\\SUMP\\BNS061_A2.jpg","hpl_areap5":"","hpl_areap4":"G:\\BMA\\VDO_DRONE\\SUMP\\BNS061_A4.jpg","objectid":197,"pump_amount":"2"}},{"geometry":{"type":"Point","coordinates":[100.47517500043944,13.765518002468056],"crs":null},"id":198,"type":"Feature","properties":{"utm_x":659481.2251,"pump3_catagory":"-","year":"2564","accessibility":"สะพานข้ามคลองบางกอกน้อย ถนนจรัญสนิทงวศ์ ใกล้ศาลเจ้าบางกอกน้อย","pump5_type":"-","sump_type":"บ่อสูบน้ำ","utm_y":1522282.612,"area_p1_y":100.475175,"area_p1_x":13.765518,"area_p3_y":100.475175,"sump_length":8.5,"area_p3_x":13.765518,"hpl_mdb":"G:\\BMA\\VDO_DRONE\\SUMP\\BWS078_MD.jpg","home_pic":"BMA\\VDO_DRONE\\SUMP\\BWS078_HO.jpg","sump_depth":3,"pump2_volume":0,"pump4_volume":0,"meter":400,"surveillant_mobile":"-","telephone":"-","mdb":400,"hpl_trans":"G:\\BMA\\VDO_DRONE\\SUMP\\BWS078_TR.jpg","volume":102,"subdistrict_id":"102006","hpl_home":"G:\\BMA\\VDO_DRONE\\SUMP\\BWS078_HO.jpg","sump_area":"กรุงเทพธนบุรี","sump_width":4,"fd_prevent_code":"30","area_p3_pic":"BMA\\VDO_DRONE\\SUMP\\BWS078_A3.jpg","district_t":"บางกอกน้อย","pump4_catagory":"-","sump_name":"บ่อสูบน้ำสะพานบางกอกน้อย ถนนจรัญสนิทงวศ์","mea_tel":"0-2412-8699 , 0-2878-5222 , 0-2878-5333","area_p4_pic":"BMA\\VDO_DRONE\\SUMP\\BWS078_A4.jpg","transformer":225,"mea":"เขตธนบุรี","trans_pic":"BMA\\VDO_DRONE\\SUMP\\BWS078_TR.jpg","pump2_type":"-","mdb_pic":"BMA\\VDO_DRONE\\SUMP\\BWS078_MD.jpg","area_p4_y":100.475175,"meter_pic":"BMA\\VDO_DRONE\\SUMP\\BWS078_ME.jpg","area_p2_x":13.765518,"sump_code":"BW.S.078","area_p4_x":13.765518,"amount5":"-","area_p2_y":100.475175,"amount4":"-","pump5_catagory":"-","hpl_meter":"G:\\BMA\\VDO_DRONE\\SUMP\\BWS078_ME.jpg","pump3_type":"-","amount3":"-","amount2":"-","area_p2_pic":"BMA\\VDO_DRONE\\SUMP\\BWS078_A2.jpg","gate_type":"1","amount1":"4","area_p5_pic":"BMA\\VDO_DRONE\\SUMP\\BWS078_A5.jpg","reflex_area":"กรุงเทพธนบุรี","pipe_in_bed2":0,"pipe_in_bed3":0,"pipe_in_bed1":2.9,"home_type":"ตู้พักอาศัยขนาดกลาง","date_survey":"20 เมษายน 2021","pipe_in_bed4":0,"pump1_type":"หอยโข่ง","pump5_volume":0,"owner":"บางกอกน้อย","pump4_type":"-","area_p1_pic":"BMA\\VDO_DRONE\\SUMP\\BWS078_A1.jpg","pump3_volume":0,"pump1_catagory":"ไฟฟ้า","objectid_1":198,"pump2_catagory":"-","sump_bed":"3","pipe_in_dimention1":1,"pipe_in_dimention2":0,"pipe_in_dimention3":0,"meter_code":"MEA-TOU-9313728","pipe_in_dimention4":0,"pump1_volume":0.3,"hpl_areap1":"G:\\BMA\\VDO_DRONE\\SUMP\\BWS078_A1.jpg","surveillant_name":"-","hpl_areap3":"G:\\BMA\\VDO_DRONE\\SUMP\\BWS078_A3.jpg","district_id":"1020","hpl_areap2":"G:\\BMA\\VDO_DRONE\\SUMP\\BWS078_A2.jpg","hpl_areap5":"G:\\BMA\\VDO_DRONE\\SUMP\\BWS078_A5.jpg","hpl_areap4":"G:\\BMA\\VDO_DRONE\\SUMP\\BWS078_A4.jpg","objectid":198,"pump_amount":"4"}},{"geometry":{"type":"Point","coordinates":[100.53955636922835,13.76533142978387],"crs":null},"id":199,"type":"Feature","properties":{"utm_x":666443.0938,"pump3_catagory":"-","year":"2564","accessibility":"อนุสาวรีย์ชัยสมรภูมิ ซอยราชวิถี10","pump5_type":"-","sump_type":"บ่อสูบน้ำ","utm_y":1522305.563,"area_p1_y":100.539509,"area_p1_x":13.765534,"area_p3_y":100.53945,"sump_length":7.47,"area_p3_x":13.765393,"hpl_mdb":"G:\\BMA\\VDO_DRONE\\SUMP\\BNS053_MD.jpg","home_pic":"BMA\\VDO_DRONE\\SUMP\\BNS053_HO.jpg","sump_depth":4.7,"pump2_volume":2,"pump4_volume":0,"meter":10,"surveillant_mobile":"-","telephone":"02-2463057","mdb":800,"hpl_trans":"G:\\BMA\\VDO_DRONE\\SUMP\\BNS053_TR.jpg","volume":135.52,"subdistrict_id":"103702","hpl_home":"G:\\BMA\\VDO_DRONE\\SUMP\\BNS053_HO.jpg","sump_area":"กรุงเทพเหนือ","sump_width":3.86,"fd_prevent_code":"06","area_p3_pic":"BMA\\VDO_DRONE\\SUMP\\BNS053_A3.jpg","district_t":"ราชเทวี","pump4_catagory":"-","sump_name":"บ่อสูบน้ำอนุสาวรีย์ชัยสมรภูมิ","mea_tel":"0-2242-5211 , 0-2243-0131 , 0-2241-5409","area_p4_pic":"BMA\\VDO_DRONE\\SUMP\\BNS053_A4.jpg","transformer":500,"mea":"เขตสามเสน","trans_pic":"BMA\\VDO_DRONE\\SUMP\\BNS053_TR.jpg","pump2_type":"ซับเมิร์ส","mdb_pic":"BMA\\VDO_DRONE\\SUMP\\BNS053_MD.jpg","area_p4_y":100.539558,"meter_pic":"BMA\\VDO_DRONE\\SUMP\\BNS053_ME.jpg","area_p2_x":13.765471,"sump_code":"BN.S.053","area_p4_x":13.765323,"amount5":"-","area_p2_y":100.539628,"amount4":"-","pump5_catagory":"-","hpl_meter":"G:\\BMA\\VDO_DRONE\\SUMP\\BNS053_ME.jpg","pump3_type":"-","amount3":"-","amount2":"1","area_p2_pic":"BMA\\VDO_DRONE\\SUMP\\BNS053_A2.jpg","gate_type":"8","amount1":"2","area_p5_pic":"","reflex_area":"กรุงเทพเหนือ","pipe_in_bed2":0,"pipe_in_bed3":0,"pipe_in_bed1":2.6,"home_type":"บ้านพัก","date_survey":"17 กุมภาพันธ์ 2021","pipe_in_bed4":0,"pump1_type":"ซับเมิร์ส","pump5_volume":0,"owner":"ราชเทวี","pump4_type":"-","area_p1_pic":"BMA\\VDO_DRONE\\SUMP\\BNS053_A1.jpg","pump3_volume":0,"pump1_catagory":"ไฟฟ้า","objectid_1":199,"pump2_catagory":"ไฟฟ้า","sump_bed":"4.7","pipe_in_dimention1":1.2,"pipe_in_dimention2":0,"pipe_in_dimention3":0,"meter_code":"MEA-TOU-9102911","pipe_in_dimention4":0,"pump1_volume":1,"hpl_areap1":"G:\\BMA\\VDO_DRONE\\SUMP\\BNS053_A1.jpg","surveillant_name":"-","hpl_areap3":"G:\\BMA\\VDO_DRONE\\SUMP\\BNS053_A3.jpg","district_id":"1037","hpl_areap2":"G:\\BMA\\VDO_DRONE\\SUMP\\BNS053_A2.jpg","hpl_areap5":"","hpl_areap4":"G:\\BMA\\VDO_DRONE\\SUMP\\BNS053_A4.jpg","objectid":199,"pump_amount":"3"}},{"geometry":{"type":"Point","coordinates":[100.50690930776196,13.766094265593335],"crs":null},"id":200,"type":"Feature","properties":{"utm_x":662912.3221,"pump3_catagory":"-","year":"2564","accessibility":"ถนนกรุงเกษม ใกล้สะพานวิศสุกรรมนฤมาณ","pump5_type":"-","sump_type":"บ่อสูบน้ำ","utm_y":1522367.616,"area_p1_y":100.506896,"area_p1_x":13.766551,"area_p3_y":100.506882,"sump_length":6.85,"area_p3_x":13.766483,"hpl_mdb":"G:\\BMA\\VDO_DRONE\\SUMP\\BNS075_MD.jpg","home_pic":"","sump_depth":2.9,"pump2_volume":0,"pump4_volume":0,"meter":30,"surveillant_mobile":"-","telephone":"-","mdb":0,"hpl_trans":"G:\\BMA\\VDO_DRONE\\SUMP\\BNS075_TR.jpg","volume":49.66,"subdistrict_id":"100111","hpl_home":"","sump_area":"กรุงเทพเหนือ","sump_width":2.5,"fd_prevent_code":"10","area_p3_pic":"BMA\\VDO_DRONE\\SUMP\\BNS075_A3.jpg","district_t":"พระนคร","pump4_catagory":"-","sump_name":"บ่อสูบน้ำถนนราชสีมา ตอนลงคลองผดุงกรุงเกษม","mea_tel":"0-2242-5211 , 0-2243-0131 , 0-2241-5409","area_p4_pic":"BMA\\VDO_DRONE\\SUMP\\BNS075_A4.jpg","transformer":500,"mea":"เขตสามเสน","trans_pic":"BMA\\VDO_DRONE\\SUMP\\BNS075_TR.jpg","pump2_type":"-","mdb_pic":"BMA\\VDO_DRONE\\SUMP\\BNS075_MD.jpg","area_p4_y":100.507015,"meter_pic":"BMA\\VDO_DRONE\\SUMP\\BNS075_ME.jpg","area_p2_x":13.766361,"sump_code":"BN.S.075","area_p4_x":13.766344,"amount5":"-","area_p2_y":100.507068,"amount4":"-","pump5_catagory":"-","hpl_meter":"G:\\BMA\\VDO_DRONE\\SUMP\\BNS075_ME.jpg","pump3_type":"-","amount3":"-","amount2":"-","area_p2_pic":"BMA\\VDO_DRONE\\SUMP\\BNS075_A2.jpg","gate_type":"8","amount1":"2","area_p5_pic":"","reflex_area":"กรุงเทพเหนือ","pipe_in_bed2":0,"pipe_in_bed3":0,"pipe_in_bed1":2.2,"home_type":"ไม่มี","date_survey":"19 กุมภาพันธ์ 2021","pipe_in_bed4":0,"pump1_type":"หอยโข่ง","pump5_volume":0,"owner":"พระนคร","pump4_type":"-","area_p1_pic":"BMA\\VDO_DRONE\\SUMP\\BNS075_A1.jpg","pump3_volume":0,"pump1_catagory":"ไฟฟ้า","objectid_1":200,"pump2_catagory":"-","sump_bed":"2.9","pipe_in_dimention1":1,"pipe_in_dimention2":0,"pipe_in_dimention3":0,"meter_code":"MEA-TOU-9136073","pipe_in_dimention4":0,"pump1_volume":0.13,"hpl_areap1":"G:\\BMA\\VDO_DRONE\\SUMP\\BNS075_A1.jpg","surveillant_name":"-","hpl_areap3":"G:\\BMA\\VDO_DRONE\\SUMP\\BNS075_A3.jpg","district_id":"1001","hpl_areap2":"G:\\BMA\\VDO_DRONE\\SUMP\\BNS075_A2.jpg","hpl_areap5":"","hpl_areap4":"G:\\BMA\\VDO_DRONE\\SUMP\\BNS075_A4.jpg","objectid":200,"pump_amount":"2"}},{"geometry":{"type":"Point","coordinates":[100.49693000043766,13.766160999967909],"crs":null},"id":201,"type":"Feature","properties":{"utm_x":661833.191,"pump3_catagory":"-","year":"2564","accessibility":"ซอยสามเสน 3 ข้างโรงแรมHiranyakul House","pump5_type":"-","sump_type":"บ่อสูบน้ำ","utm_y":1522368.266,"area_p1_y":100.496848,"area_p1_x":13.766142,"area_p3_y":100.496942,"sump_length":2,"area_p3_x":13.766182,"hpl_mdb":"G:\\BMA\\VDO_DRONE\\SUMP\\BSS022_MD.jpg","home_pic":"BMA\\VDO_DRONE\\SUMP\\BSS022_HO.jpg","sump_depth":4,"pump2_volume":0,"pump4_volume":0,"meter":200,"surveillant_mobile":"-","telephone":"-","mdb":150,"hpl_trans":"","volume":12,"subdistrict_id":"100112","hpl_home":"G:\\BMA\\VDO_DRONE\\SUMP\\BSS022_HO.jpg","sump_area":"กรุงเทพใต้","sump_width":1.5,"fd_prevent_code":"10","area_p3_pic":"BMA\\VDO_DRONE\\SUMP\\BSS022_A3.jpg","district_t":"พระนคร","pump4_catagory":"-","sump_name":"บ่อสูบน้ำซอยสามเสน 3 (สามพระยา)","mea_tel":"0-2221-0812, 0-2220-5222, 0-2220-5333","area_p4_pic":"","transformer":0,"mea":"เขตวัดเลียบ","trans_pic":"","pump2_type":"-","mdb_pic":"BMA\\VDO_DRONE\\SUMP\\BSS022_MD.jpg","area_p4_y":100.496904,"meter_pic":"BMA\\VDO_DRONE\\SUMP\\BSS022_ME.jpg","area_p2_x":13.766142,"sump_code":"BS.S.022","area_p4_x":13.766151,"amount5":"-","area_p2_y":100.496848,"amount4":"-","pump5_catagory":"-","hpl_meter":"G:\\BMA\\VDO_DRONE\\SUMP\\BSS022_ME.jpg","pump3_type":"-","amount3":"-","amount2":"-","area_p2_pic":"BMA\\VDO_DRONE\\SUMP\\BSS022_A2.jpg","gate_type":"1","amount1":"1","area_p5_pic":"","reflex_area":"กรุงเทพใต้","pipe_in_bed2":0,"pipe_in_bed3":0,"pipe_in_bed1":3.6,"home_type":"ตู้พักอาศัยขนาดเล็ก","date_survey":"22 เมษายน 2021","pipe_in_bed4":0,"pump1_type":"หอยโข่ง","pump5_volume":0,"owner":"พระนคร","pump4_type":"-","area_p1_pic":"BMA\\VDO_DRONE\\SUMP\\BSS022_A1.jpg","pump3_volume":0,"pump1_catagory":"ไฟฟ้า","objectid_1":201,"pump2_catagory":"-","sump_bed":"4","pipe_in_dimention1":0.6,"pipe_in_dimention2":0,"pipe_in_dimention3":0,"meter_code":"MEA-TOU-9092851","pipe_in_dimention4":0,"pump1_volume":0.3,"hpl_areap1":"G:\\BMA\\VDO_DRONE\\SUMP\\BSS022_A1.jpg","surveillant_name":"-","hpl_areap3":"G:\\BMA\\VDO_DRONE\\SUMP\\BSS022_A3.jpg","district_id":"1001","hpl_areap2":"G:\\BMA\\VDO_DRONE\\SUMP\\BSS022_A2.jpg","hpl_areap5":"","hpl_areap4":"","objectid":201,"pump_amount":"1"}},{"geometry":{"type":"Point","coordinates":[100.51514954545887,13.76614333043477],"crs":null},"id":202,"type":"Feature","properties":{"utm_x":663803.3269,"pump3_catagory":"-","year":"2564","accessibility":"ซอยสามเสน5 ท่าเรือ","pump5_type":"-","sump_type":"บ่อสูบน้ำ","utm_y":1522378.637,"area_p1_y":100.514927,"area_p1_x":13.766565,"area_p3_y":100.514862,"sump_length":5.6,"area_p3_x":13.766429,"hpl_mdb":"G:\\BMA\\VDO_DRONE\\SUMP\\BNS069_MD.jpg","home_pic":"","sump_depth":5.42,"pump2_volume":0,"pump4_volume":0,"meter":400,"surveillant_mobile":"-","telephone":"02-2820028","mdb":400,"hpl_trans":"G:\\BMA\\VDO_DRONE\\SUMP\\BNS069_TR.jpg","volume":112.3,"subdistrict_id":"100203","hpl_home":"","sump_area":"กรุงเทพเหนือ","sump_width":3.7,"fd_prevent_code":"08","area_p3_pic":"BMA\\VDO_DRONE\\SUMP\\BNS069_A3.jpg","district_t":"ดุสิต","pump4_catagory":"-","sump_name":"บ่อสูบน้ำถนนศรีอยุธยา ฝั่งวัดเบญจฯ","mea_tel":"0-2242-5211 , 0-2243-0131 , 0-2241-5409","area_p4_pic":"","transformer":750,"mea":"เขตสามเสน","trans_pic":"BMA\\VDO_DRONE\\SUMP\\BNS069_TR.jpg","pump2_type":"-","mdb_pic":"BMA\\VDO_DRONE\\SUMP\\BNS069_MD.jpg","area_p4_y":100.514936,"meter_pic":"BMA\\VDO_DRONE\\SUMP\\BNS069_ME.jpg","area_p2_x":13.766518,"sump_code":"BN.S.069","area_p4_x":13.766396,"amount5":"-","area_p2_y":100.51501,"amount4":"-","pump5_catagory":"-","hpl_meter":"G:\\BMA\\VDO_DRONE\\SUMP\\BNS069_ME.jpg","pump3_type":"-","amount3":"-","amount2":"-","area_p2_pic":"BMA\\VDO_DRONE\\SUMP\\BNS069_A2.jpg","gate_type":"8","amount1":"3","area_p5_pic":"","reflex_area":"กรุงเทพเหนือ","pipe_in_bed2":0,"pipe_in_bed3":0,"pipe_in_bed1":3.45,"home_type":"ไม่มี","date_survey":"19 กุมภาพันธ์ 2021","pipe_in_bed4":0,"pump1_type":"ซับเมิร์ส","pump5_volume":0,"owner":"ดุสิต","pump4_type":"-","area_p1_pic":"BMA\\VDO_DRONE\\SUMP\\BNS069_A1.jpg","pump3_volume":0,"pump1_catagory":"ไฟฟ้า","objectid_1":202,"pump2_catagory":"-","sump_bed":"5.42","pipe_in_dimention1":1.2,"pipe_in_dimention2":0,"pipe_in_dimention3":0,"meter_code":"MEA-TOU-9205892","pipe_in_dimention4":0,"pump1_volume":1,"hpl_areap1":"G:\\BMA\\VDO_DRONE\\SUMP\\BNS069_A1.jpg","surveillant_name":"-","hpl_areap3":"G:\\BMA\\VDO_DRONE\\SUMP\\BNS069_A3.jpg","district_id":"1002","hpl_areap2":"G:\\BMA\\VDO_DRONE\\SUMP\\BNS069_A2.jpg","hpl_areap5":"","hpl_areap4":"","objectid":202,"pump_amount":"3"}},{"geometry":{"type":"Point","coordinates":[100.52474025795723,13.766173321130012],"crs":null},"id":203,"type":"Feature","properties":{"utm_x":664840.3789,"pump3_catagory":"-","year":"2564","accessibility":"ถนนกำแพงเพชร5 หลังโรงพยาบาลรามาฯ ตรงข้ามสถานีรถไฟหลวงจิตรลดา","pump5_type":"-","sump_type":"บ่อสูบน้ำ","utm_y":1522388.503,"area_p1_y":100.524716,"area_p1_x":13.766283,"area_p3_y":100.524694,"sump_length":4.8,"area_p3_x":13.766205,"hpl_mdb":"G:\\BMA\\VDO_DRONE\\SUMP\\BNS041_MD.jpg","home_pic":"BMA\\VDO_DRONE\\SUMP\\BNS041_HO.jpg","sump_depth":4.2,"pump2_volume":0.5,"pump4_volume":0,"meter":400,"surveillant_mobile":"-","telephone":"02-3547347","mdb":630,"hpl_trans":"G:\\BMA\\VDO_DRONE\\SUMP\\BNS041_TR.jpg","volume":80.64,"subdistrict_id":"103701","hpl_home":"G:\\BMA\\VDO_DRONE\\SUMP\\BNS041_HO.jpg","sump_area":"กรุงเทพเหนือ","sump_width":4,"fd_prevent_code":"06","area_p3_pic":"BMA\\VDO_DRONE\\SUMP\\BNS041_A3.jpg","district_t":"ราชเทวี","pump4_catagory":"-","sump_name":"บ่อสูบน้ำหลังโรงพยาบาลรามาฯ","mea_tel":"0-2242-5211 , 0-2243-0131 , 0-2241-5409","area_p4_pic":"BMA\\VDO_DRONE\\SUMP\\BNS041_A4.jpg","transformer":300,"mea":"เขตสามเสน","trans_pic":"BMA\\VDO_DRONE\\SUMP\\BNS041_TR.jpg","pump2_type":"ซับเมิร์ส","mdb_pic":"BMA\\VDO_DRONE\\SUMP\\BNS041_MD.jpg","area_p4_y":100.524786,"meter_pic":"BMA\\VDO_DRONE\\SUMP\\BNS041_ME.jpg","area_p2_x":13.766247,"sump_code":"BN.S.041","area_p4_x":13.766174,"amount5":"-","area_p2_y":100.524791,"amount4":"-","pump5_catagory":"-","hpl_meter":"G:\\BMA\\VDO_DRONE\\SUMP\\BNS041_ME.jpg","pump3_type":"-","amount3":"-","amount2":"1","area_p2_pic":"BMA\\VDO_DRONE\\SUMP\\BNS041_A2.jpg","gate_type":"8","amount1":"1","area_p5_pic":"","reflex_area":"กรุงเทพเหนือ","pipe_in_bed2":0,"pipe_in_bed3":0,"pipe_in_bed1":3.34,"home_type":"ตู้คอนเทนเนอร์","date_survey":"16 กุมภาพันธ์ 2021","pipe_in_bed4":0,"pump1_type":"หอยโข่ง","pump5_volume":0,"owner":"ราชเทวี","pump4_type":"-","area_p1_pic":"BMA\\VDO_DRONE\\SUMP\\BNS041_A1.jpg","pump3_volume":0,"pump1_catagory":"ไฟฟ้า","objectid_1":203,"pump2_catagory":"ไฟฟ้า","sump_bed":"4.2","pipe_in_dimention1":1.2,"pipe_in_dimention2":0,"pipe_in_dimention3":0,"meter_code":"MEA-0659362","pipe_in_dimention4":0,"pump1_volume":0.13,"hpl_areap1":"G:\\BMA\\VDO_DRONE\\SUMP\\BNS041_A1.jpg","surveillant_name":"-","hpl_areap3":"G:\\BMA\\VDO_DRONE\\SUMP\\BNS041_A3.jpg","district_id":"1037","hpl_areap2":"G:\\BMA\\VDO_DRONE\\SUMP\\BNS041_A2.jpg","hpl_areap5":"","hpl_areap4":"G:\\BMA\\VDO_DRONE\\SUMP\\BNS041_A4.jpg","objectid":203,"pump_amount":"2"}},{"geometry":{"type":"Point","coordinates":[100.53812554275562,13.766271097376876],"crs":null},"id":204,"type":"Feature","properties":{"utm_x":666287.7082,"pump3_catagory":"-","year":"2564","accessibility":"อยู่ในซอยราชวิถี12 ท่ารถตู้","pump5_type":"-","sump_type":"บ่อสูบน้ำ","utm_y":1522408.528,"area_p1_y":100.538164,"area_p1_x":13.766464,"area_p3_y":100.538059,"sump_length":10.9,"area_p3_x":13.766202,"hpl_mdb":"G:\\BMA\\VDO_DRONE\\SUMP\\BNS045_MD.jpg","home_pic":"BMA\\VDO_DRONE\\SUMP\\BNS045_HO.jpg","sump_depth":5.2,"pump2_volume":2,"pump4_volume":0,"meter":0,"surveillant_mobile":"-","telephone":"02-3544514","mdb":800,"hpl_trans":"G:\\BMA\\VDO_DRONE\\SUMP\\BNS045_TR.jpg","volume":215.38,"subdistrict_id":"103701","hpl_home":"G:\\BMA\\VDO_DRONE\\SUMP\\BNS045_HO.jpg","sump_area":"กรุงเทพเหนือ","sump_width":3.8,"fd_prevent_code":"06","area_p3_pic":"BMA\\VDO_DRONE\\SUMP\\BNS045_A3.jpg","district_t":"ราชเทวี","pump4_catagory":"-","sump_name":"บ่อสูบน้ำปฐมวัย","mea_tel":"0-2242-5211 , 0-2243-0131 , 0-2241-5409","area_p4_pic":"BMA\\VDO_DRONE\\SUMP\\BNS045_A4.jpg","transformer":500,"mea":"เขตสามเสน","trans_pic":"BMA\\VDO_DRONE\\SUMP\\BNS045_TR.jpg","pump2_type":"ซับเมิร์ส","mdb_pic":"BMA\\VDO_DRONE\\SUMP\\BNS045_MD.jpg","area_p4_y":100.538084,"meter_pic":"BMA\\VDO_DRONE\\SUMP\\BNS045_ME.jpg","area_p2_x":13.766411,"sump_code":"BN.S.045","area_p4_x":13.766187,"amount5":"-","area_p2_y":100.538212,"amount4":"-","pump5_catagory":"-","hpl_meter":"G:\\BMA\\VDO_DRONE\\SUMP\\BNS045_ME.jpg","pump3_type":"-","amount3":"-","amount2":"1","area_p2_pic":"BMA\\VDO_DRONE\\SUMP\\BNS045_A2.jpg","gate_type":"8","amount1":"3","area_p5_pic":"","reflex_area":"กรุงเทพเหนือ","pipe_in_bed2":0,"pipe_in_bed3":0,"pipe_in_bed1":3.45,"home_type":"ตู้คอนเทนเนอร์","date_survey":"16 กุมภาพันธ์ 2021","pipe_in_bed4":0,"pump1_type":"ซับเมิร์ส","pump5_volume":0,"owner":"ราชเทวี","pump4_type":"-","area_p1_pic":"BMA\\VDO_DRONE\\SUMP\\BNS045_A1.jpg","pump3_volume":0,"pump1_catagory":"ไฟฟ้า","objectid_1":204,"pump2_catagory":"ไฟฟ้า","sump_bed":"5.2","pipe_in_dimention1":1.2,"pipe_in_dimention2":0,"pipe_in_dimention3":0,"meter_code":"MEA-6257699","pipe_in_dimention4":0,"pump1_volume":1,"hpl_areap1":"G:\\BMA\\VDO_DRONE\\SUMP\\BNS045_A1.jpg","surveillant_name":"-","hpl_areap3":"G:\\BMA\\VDO_DRONE\\SUMP\\BNS045_A3.jpg","district_id":"1037","hpl_areap2":"G:\\BMA\\VDO_DRONE\\SUMP\\BNS045_A2.jpg","hpl_areap5":"","hpl_areap4":"G:\\BMA\\VDO_DRONE\\SUMP\\BNS045_A4.jpg","objectid":204,"pump_amount":"4"}},{"geometry":{"type":"Point","coordinates":[100.53947107369896,13.766339831011711],"crs":null},"id":205,"type":"Feature","properties":{"utm_x":666433.157,"pump3_catagory":"-","year":"2564","accessibility":"ถนนพหลโยธิน ฝั่งขาเข้า ใต้ทางด่วน","pump5_type":"-","sump_type":"บ่อสูบน้ำ","utm_y":1522417.062,"area_p1_y":100.539397,"area_p1_x":13.766465,"area_p3_y":100.539421,"sump_length":5.12,"area_p3_x":13.76618,"hpl_mdb":"G:\\BMA\\VDO_DRONE\\SUMP\\BNS062_MD.jpg","home_pic":"BMA\\VDO_DRONE\\SUMP\\BNS062_HO.jpg","sump_depth":5.46,"pump2_volume":2,"pump4_volume":0,"meter":10,"surveillant_mobile":"-","telephone":"02-2794176","mdb":800,"hpl_trans":"G:\\BMA\\VDO_DRONE\\SUMP\\BNS062_TR.jpg","volume":69.89,"subdistrict_id":"101401","hpl_home":"G:\\BMA\\VDO_DRONE\\SUMP\\BNS062_HO.jpg","sump_area":"กรุงเทพเหนือ","sump_width":2.5,"fd_prevent_code":"05","area_p3_pic":"BMA\\VDO_DRONE\\SUMP\\BNS062_A3.jpg","district_t":"พญาไท","pump4_catagory":"-","sump_name":"บ่อสูบน้ำถนนพหลโยธิน ฝั่งขาเข้า ตอนคลองสามเสน ใต้ทางด่วน","mea_tel":"0-2242-5211 , 0-2243-0131 , 0-2241-5409","area_p4_pic":"BMA\\VDO_DRONE\\SUMP\\BNS062_A4.jpg","transformer":500,"mea":"เขตสามเสน","trans_pic":"BMA\\VDO_DRONE\\SUMP\\BNS062_TR.jpg","pump2_type":"ซับเมิร์ส","mdb_pic":"BMA\\VDO_DRONE\\SUMP\\BNS062_MD.jpg","area_p4_y":100.539268,"meter_pic":"BMA\\VDO_DRONE\\SUMP\\BNS062_ME.jpg","area_p2_x":13.766254,"sump_code":"BN.S.062","area_p4_x":13.766213,"amount5":"-","area_p2_y":100.539513,"amount4":"-","pump5_catagory":"-","hpl_meter":"G:\\BMA\\VDO_DRONE\\SUMP\\BNS062_ME.jpg","pump3_type":"-","amount3":"-","amount2":"1","area_p2_pic":"BMA\\VDO_DRONE\\SUMP\\BNS062_A2.jpg","gate_type":"8","amount1":"2","area_p5_pic":"","reflex_area":"กรุงเทพเหนือ","pipe_in_bed2":0,"pipe_in_bed3":0,"pipe_in_bed1":5.06,"home_type":"ตู้คอนเทนเนอร์","date_survey":"18 กุมภาพันธ์ 2021","pipe_in_bed4":0,"pump1_type":"ซับเมิร์ส","pump5_volume":0,"owner":"พญาไท","pump4_type":"-","area_p1_pic":"BMA\\VDO_DRONE\\SUMP\\BNS062_A1.jpg","pump3_volume":0,"pump1_catagory":"ไฟฟ้า","objectid_1":205,"pump2_catagory":"ไฟฟ้า","sump_bed":"5.46","pipe_in_dimention1":1.2,"pipe_in_dimention2":0,"pipe_in_dimention3":0,"meter_code":"MEA-TOU-9183041","pipe_in_dimention4":0,"pump1_volume":1,"hpl_areap1":"G:\\BMA\\VDO_DRONE\\SUMP\\BNS062_A1.jpg","surveillant_name":"-","hpl_areap3":"G:\\BMA\\VDO_DRONE\\SUMP\\BNS062_A3.jpg","district_id":"1014","hpl_areap2":"G:\\BMA\\VDO_DRONE\\SUMP\\BNS062_A2.jpg","hpl_areap5":"","hpl_areap4":"G:\\BMA\\VDO_DRONE\\SUMP\\BNS062_A4.jpg","objectid":205,"pump_amount":"3"}},{"geometry":{"type":"Point","coordinates":[100.51475007545184,13.766650382282757],"crs":null},"id":206,"type":"Feature","properties":{"utm_x":663759.7781,"pump3_catagory":"-","year":"2564","accessibility":"ถนนศรีอยุธยา ฝั่งวัดวัดเบญจมบพิตรดุสิตวนาราม","pump5_type":"-","sump_type":"บ่อสูบน้ำ","utm_y":1522434.459,"area_p1_y":100.515136,"area_p1_x":13.766782,"area_p3_y":100.514994,"sump_length":10.25,"area_p3_x":13.766834,"hpl_mdb":"G:\\BMA\\VDO_DRONE\\SUMP\\BNS070_MD.jpg","home_pic":"BMA\\VDO_DRONE\\SUMP\\BNS070_HO.jpg","sump_depth":4.1,"pump2_volume":1,"pump4_volume":0,"meter":400,"surveillant_mobile":"-","telephone":"-","mdb":500,"hpl_trans":"G:\\BMA\\VDO_DRONE\\SUMP\\BNS070_TR.jpg","volume":93.72,"subdistrict_id":"100201","hpl_home":"G:\\BMA\\VDO_DRONE\\SUMP\\BNS070_HO.jpg","sump_area":"กรุงเทพเหนือ","sump_width":2.23,"fd_prevent_code":"08","area_p3_pic":"BMA\\VDO_DRONE\\SUMP\\BNS070_A3.jpg","district_t":"ดุสิต","pump4_catagory":"-","sump_name":"บ่อสูบน้ำถนนศรีอยุธยา ฝั่งสนามเสือป่า","mea_tel":"0-2242-5211 , 0-2243-0131 , 0-2241-5409","area_p4_pic":"","transformer":0,"mea":"เขตสามเสน","trans_pic":"BMA\\VDO_DRONE\\SUMP\\BNS070_TR.jpg","pump2_type":"ซับเมิร์ส","mdb_pic":"BMA\\VDO_DRONE\\SUMP\\BNS070_MD.jpg","area_p4_y":100.514972,"meter_pic":"BMA\\VDO_DRONE\\SUMP\\BNS070_ME.jpg","area_p2_x":13.766715,"sump_code":"BN.S.070","area_p4_x":13.766768,"amount5":"-","area_p2_y":100.5151,"amount4":"-","pump5_catagory":"-","hpl_meter":"G:\\BMA\\VDO_DRONE\\SUMP\\BNS070_ME.jpg","pump3_type":"-","amount3":"-","amount2":"2","area_p2_pic":"BMA\\VDO_DRONE\\SUMP\\BNS070_A2.jpg","gate_type":"8","amount1":"1","area_p5_pic":"","reflex_area":"กรุงเทพเหนือ","pipe_in_bed2":0,"pipe_in_bed3":0,"pipe_in_bed1":2.7,"home_type":"ตู้คอนเทนเนอร์","date_survey":"19 กุมภาพันธ์ 2021","pipe_in_bed4":0,"pump1_type":"ซับเมิร์ส","pump5_volume":0,"owner":"ดุสิต","pump4_type":"-","area_p1_pic":"BMA\\VDO_DRONE\\SUMP\\BNS070_A1.jpg","pump3_volume":0,"pump1_catagory":"ไฟฟ้า","objectid_1":206,"pump2_catagory":"ไฟฟ้า","sump_bed":"4.1","pipe_in_dimention1":1.2,"pipe_in_dimention2":0,"pipe_in_dimention3":0,"meter_code":"MEA-TOU-9311174","pipe_in_dimention4":0,"pump1_volume":0.5,"hpl_areap1":"G:\\BMA\\VDO_DRONE\\SUMP\\BNS070_A1.jpg","surveillant_name":"-","hpl_areap3":"G:\\BMA\\VDO_DRONE\\SUMP\\BNS070_A3.jpg","district_id":"1002","hpl_areap2":"G:\\BMA\\VDO_DRONE\\SUMP\\BNS070_A2.jpg","hpl_areap5":"","hpl_areap4":"","objectid":206,"pump_amount":"3"}},{"geometry":{"type":"Point","coordinates":[100.58011167916268,13.76666846027476],"crs":null},"id":207,"type":"Feature","properties":{"utm_x":670827.5808,"pump3_catagory":"-","year":"2564","accessibility":"ถนน เทียมร่วมมิตร ใกล้ร้านอาหาร","pump5_type":"-","sump_type":"บ่อสูบน้ำ","utm_y":1522481.895,"area_p1_y":100.58001,"area_p1_x":13.766706,"area_p3_y":100.58001,"sump_length":20,"area_p3_x":13.766706,"hpl_mdb":"G:\\BMA\\VDO_DRONE\\SUMP\\BNS087_MD.jpg","home_pic":"BMA\\VDO_DRONE\\SUMP\\BNS087_HO.jpg","sump_depth":3.3,"pump2_volume":0.08,"pump4_volume":0,"meter":1500,"surveillant_mobile":"-","telephone":"-","mdb":1600,"hpl_trans":"G:\\BMA\\VDO_DRONE\\SUMP\\BNS087_TR.jpg","volume":521.4,"subdistrict_id":"101701","hpl_home":"G:\\BMA\\VDO_DRONE\\SUMP\\BNS087_HO.jpg","sump_area":"กรุงเทพเหนือ","sump_width":7.9,"fd_prevent_code":"05","area_p3_pic":"BMA\\VDO_DRONE\\SUMP\\BNS087_A3.jpg","district_t":"ห้วยขวาง","pump4_catagory":"-","sump_name":"บ่อสูบน้ำคลองชวดบางจาก","mea_tel":"-","area_p4_pic":"BMA\\VDO_DRONE\\SUMP\\BNS087_A4.jpg","transformer":750,"mea":"-","trans_pic":"BMA\\VDO_DRONE\\SUMP\\BNS087_TR.jpg","pump2_type":"ซับเมิร์ส","mdb_pic":"BMA\\VDO_DRONE\\SUMP\\BNS087_MD.jpg","area_p4_y":100.58001,"meter_pic":"BMA\\VDO_DRONE\\SUMP\\BNS087_ME.jpg","area_p2_x":13.766706,"sump_code":"BN.S.087","area_p4_x":13.766706,"amount5":"-","area_p2_y":100.58001,"amount4":"-","pump5_catagory":"-","hpl_meter":"G:\\BMA\\VDO_DRONE\\SUMP\\BNS087_ME.jpg","pump3_type":"-","amount3":"-","amount2":"2","area_p2_pic":"BMA\\VDO_DRONE\\SUMP\\BNS087_A2.jpg","gate_type":"2","amount1":"2","area_p5_pic":"BMA\\VDO_DRONE\\SUMP\\BNS087_A5.jpg","reflex_area":"กรุงเทพเหนือ","pipe_in_bed2":0,"pipe_in_bed3":0,"pipe_in_bed1":3.3,"home_type":"ตู้คอนเทนเนอร์","date_survey":"2 มีนาคม 2021","pipe_in_bed4":0,"pump1_type":"ซับเมิร์ส","pump5_volume":0,"owner":"ห้วยขวาง","pump4_type":"-","area_p1_pic":"BMA\\VDO_DRONE\\SUMP\\BNS087_A1.jpg","pump3_volume":0,"pump1_catagory":"ไฟฟ้า","objectid_1":207,"pump2_catagory":"ไฟฟ้า","sump_bed":"3.3","pipe_in_dimention1":1.5,"pipe_in_dimention2":0,"pipe_in_dimention3":0,"meter_code":"MEA-TOU-9163809","pipe_in_dimention4":0,"pump1_volume":1,"hpl_areap1":"G:\\BMA\\VDO_DRONE\\SUMP\\BNS087_A1.jpg","surveillant_name":"-","hpl_areap3":"G:\\BMA\\VDO_DRONE\\SUMP\\BNS087_A3.jpg","district_id":"1017","hpl_areap2":"G:\\BMA\\VDO_DRONE\\SUMP\\BNS087_A2.jpg","hpl_areap5":"G:\\BMA\\VDO_DRONE\\SUMP\\BNS087_A5.jpg","hpl_areap4":"G:\\BMA\\VDO_DRONE\\SUMP\\BNS087_A4.jpg","objectid":207,"pump_amount":"4"}},{"geometry":{"type":"Point","coordinates":[100.49777399993147,13.767431998367314],"crs":null},"id":208,"type":"Feature","properties":{"utm_x":661923.5795,"pump3_catagory":"-","year":"2564","accessibility":"ซอยสามเสน5 ซอยวัดสามพระยาวรวิหาร","pump5_type":"-","sump_type":"บ่อสูบน้ำ","utm_y":1522509.44,"area_p1_y":100.4978,"area_p1_x":13.767411,"area_p3_y":100.49778,"sump_length":2.1,"area_p3_x":13.767482,"hpl_mdb":"G:\\BMA\\VDO_DRONE\\SUMP\\BSS059_MD.jpg","home_pic":"BMA\\VDO_DRONE\\SUMP\\BSS059_HO.jpg","sump_depth":3.9,"pump2_volume":0,"pump4_volume":0,"meter":150,"surveillant_mobile":"-","telephone":"-","mdb":250,"hpl_trans":"","volume":13.1,"subdistrict_id":"100112","hpl_home":"G:\\BMA\\VDO_DRONE\\SUMP\\BSS059_HO.jpg","sump_area":"กรุงเทพใต้","sump_width":1.6,"fd_prevent_code":"10","area_p3_pic":"BMA\\VDO_DRONE\\SUMP\\BSS059_A3.jpg","district_t":"พระนคร","pump4_catagory":"-","sump_name":"บ่อสูบน้ำพายัพ (ซอย สามเสน ?3)","mea_tel":"0-2242-5211 , 0-2243-0131 , 0-2241-5409","area_p4_pic":"BMA\\VDO_DRONE\\SUMP\\BSS059_A4.jpg","transformer":0,"mea":"เขตสามเสน","trans_pic":"","pump2_type":"-","mdb_pic":"BMA\\VDO_DRONE\\SUMP\\BSS059_MD.jpg","area_p4_y":100.498233,"meter_pic":"BMA\\VDO_DRONE\\SUMP\\BSS059_ME.jpg","area_p2_x":13.767494,"sump_code":"BS.S.059","area_p4_x":13.768667,"amount5":"-","area_p2_y":100.497684,"amount4":"-","pump5_catagory":"-","hpl_meter":"G:\\BMA\\VDO_DRONE\\SUMP\\BSS059_ME.jpg","pump3_type":"-","amount3":"-","amount2":"-","area_p2_pic":"BMA\\VDO_DRONE\\SUMP\\BSS059_A2.jpg","gate_type":"1","amount1":"1","area_p5_pic":"BMA\\VDO_DRONE\\SUMP\\BSS059_A5.jpg","reflex_area":"กรุงเทพใต้","pipe_in_bed2":0,"pipe_in_bed3":0,"pipe_in_bed1":2.6,"home_type":"ตู้คอนเทนเนอร์","date_survey":"7 มิถุนายน 2021","pipe_in_bed4":0,"pump1_type":"หอยโข่ง","pump5_volume":0,"owner":"พระนคร","pump4_type":"-","area_p1_pic":"BMA\\VDO_DRONE\\SUMP\\BSS059_A1.jpg","pump3_volume":0,"pump1_catagory":"ไฟฟ้า","objectid_1":208,"pump2_catagory":"-","sump_bed":"3.9","pipe_in_dimention1":1,"pipe_in_dimention2":0,"pipe_in_dimention3":0,"meter_code":"MEA-TOU-9179151","pipe_in_dimention4":0,"pump1_volume":0.3,"hpl_areap1":"G:\\BMA\\VDO_DRONE\\SUMP\\BSS059_A1.jpg","surveillant_name":"-","hpl_areap3":"G:\\BMA\\VDO_DRONE\\SUMP\\BSS059_A3.jpg","district_id":"1001","hpl_areap2":"G:\\BMA\\VDO_DRONE\\SUMP\\BSS059_A2.jpg","hpl_areap5":"G:\\BMA\\VDO_DRONE\\SUMP\\BSS059_A5.jpg","hpl_areap4":"G:\\BMA\\VDO_DRONE\\SUMP\\BSS059_A4.jpg","objectid":208,"pump_amount":"1"}},{"geometry":{"type":"Point","coordinates":[100.5149492259007,13.768831572059467],"crs":null},"id":209,"type":"Feature","properties":{"utm_x":663779.794,"pump3_catagory":"ไฟฟ้า","year":"2564","accessibility":"ในสำนักพระราชวัง (สนามเสือป่า)","pump5_type":"-","sump_type":"บ่อสูบน้ำ","utm_y":1522675.894,"area_p1_y":100.515088,"area_p1_x":13.769052,"area_p3_y":100.515029,"sump_length":10.6,"area_p3_x":13.769015,"hpl_mdb":"G:\\BMA\\VDO_DRONE\\SUMP\\BNS073_MD.jpg","home_pic":"","sump_depth":5.75,"pump2_volume":0.5,"pump4_volume":0,"meter":0,"surveillant_mobile":"-","telephone":"-","mdb":630,"hpl_trans":"","volume":249.9,"subdistrict_id":"100201","hpl_home":"","sump_area":"กรุงเทพเหนือ","sump_width":4.1,"fd_prevent_code":"08","area_p3_pic":"BMA\\VDO_DRONE\\SUMP\\BNS073_A3.jpg","district_t":"ดุสิต","pump4_catagory":"-","sump_name":"บ่อสูบน้ำสำนักพระราชวังสนามเสือป่า ตอนลงคลองเปรมประชากร","mea_tel":"0-2242-5211 , 0-2243-0131 , 0-2241-5409","area_p4_pic":"BMA\\VDO_DRONE\\SUMP\\BNS073_A4.jpg","transformer":0,"mea":"เขตสามเสน","trans_pic":"","pump2_type":"ซับเมิร์ส","mdb_pic":"BMA\\VDO_DRONE\\SUMP\\BNS073_MD.jpg","area_p4_y":100.515164,"meter_pic":"","area_p2_x":13.769001,"sump_code":"BN.S.073","area_p4_x":13.768893,"amount5":"-","area_p2_y":100.515219,"amount4":"-","pump5_catagory":"-","hpl_meter":"","pump3_type":"ซับเมิร์ส","amount3":"2","amount2":"1","area_p2_pic":"BMA\\VDO_DRONE\\SUMP\\BNS073_A2.jpg","gate_type":"8","amount1":"1","area_p5_pic":"","reflex_area":"กรุงเทพเหนือ","pipe_in_bed2":0,"pipe_in_bed3":0,"pipe_in_bed1":2.65,"home_type":"ไม่มี","date_survey":"19 กุมภาพันธ์ 2021","pipe_in_bed4":0,"pump1_type":"หอยโข่ง","pump5_volume":0,"owner":"ดุสิต","pump4_type":"-","area_p1_pic":"BMA\\VDO_DRONE\\SUMP\\BNS073_A1.jpg","pump3_volume":1,"pump1_catagory":"ดีเซล","objectid_1":209,"pump2_catagory":"ไฟฟ้า","sump_bed":"5.75","pipe_in_dimention1":1.2,"pipe_in_dimention2":0,"pipe_in_dimention3":0,"meter_code":"-","pipe_in_dimention4":0,"pump1_volume":0.08,"hpl_areap1":"G:\\BMA\\VDO_DRONE\\SUMP\\BNS073_A1.jpg","surveillant_name":"-","hpl_areap3":"G:\\BMA\\VDO_DRONE\\SUMP\\BNS073_A3.jpg","district_id":"1002","hpl_areap2":"G:\\BMA\\VDO_DRONE\\SUMP\\BNS073_A2.jpg","hpl_areap5":"","hpl_areap4":"G:\\BMA\\VDO_DRONE\\SUMP\\BNS073_A4.jpg","objectid":209,"pump_amount":"4"}},{"geometry":{"type":"Point","coordinates":[100.53464160558525,13.769101831572042],"crs":null},"id":210,"type":"Feature","properties":{"utm_x":665908.9804,"pump3_catagory":"-","year":"2564","accessibility":"ในโรงพยาบาลพระมงกุฎ ตรงอาคารมหาวชิราลงกรณ\u200b","pump5_type":"-","sump_type":"บ่อสูบน้ำ","utm_y":1522719.283,"area_p1_y":100.53464,"area_p1_x":13.76921,"area_p3_y":100.534587,"sump_length":11,"area_p3_x":13.769116,"hpl_mdb":"G:\\BMA\\VDO_DRONE\\SUMP\\BNS044_MD.jpg","home_pic":"BMA\\VDO_DRONE\\SUMP\\BNS044_HO.jpg","sump_depth":5.85,"pump2_volume":2,"pump4_volume":0,"meter":13,"surveillant_mobile":"-","telephone":"02-3547015","mdb":660,"hpl_trans":"G:\\BMA\\VDO_DRONE\\SUMP\\BNS044_TR.jpg","volume":373.23,"subdistrict_id":"103701","hpl_home":"G:\\BMA\\VDO_DRONE\\SUMP\\BNS044_HO.jpg","sump_area":"กรุงเทพเหนือ","sump_width":5.8,"fd_prevent_code":"06","area_p3_pic":"BMA\\VDO_DRONE\\SUMP\\BNS044_A3.jpg","district_t":"ราชเทวี","pump4_catagory":"-","sump_name":"บ่อสูบน้ำโรงพยาบาลพระมงกุฎ","mea_tel":"0-2242-5211 , 0-2243-0131 , 0-2241-5409","area_p4_pic":"BMA\\VDO_DRONE\\SUMP\\BNS044_A4.jpg","transformer":500,"mea":"เขตสามเสน","trans_pic":"BMA\\VDO_DRONE\\SUMP\\BNS044_TR.jpg","pump2_type":"ซับเมิร์ส","mdb_pic":"BMA\\VDO_DRONE\\SUMP\\BNS044_MD.jpg","area_p4_y":100.534651,"meter_pic":"BMA\\VDO_DRONE\\SUMP\\BNS044_ME.jpg","area_p2_x":13.769163,"sump_code":"BN.S.044","area_p4_x":13.769083,"amount5":"-","area_p2_y":100.53469,"amount4":"-","pump5_catagory":"-","hpl_meter":"G:\\BMA\\VDO_DRONE\\SUMP\\BNS044_ME.jpg","pump3_type":"-","amount3":"-","amount2":"2","area_p2_pic":"BMA\\VDO_DRONE\\SUMP\\BNS044_A2.jpg","gate_type":"1","amount1":"2","area_p5_pic":"","reflex_area":"กรุงเทพเหนือ","pipe_in_bed2":0,"pipe_in_bed3":0,"pipe_in_bed1":3.6,"home_type":"ตู้คอนเทนเนอร์","date_survey":"16 กุมภาพันธ์ 2021","pipe_in_bed4":0,"pump1_type":"หอยโข่ง","pump5_volume":0,"owner":"ราชเทวี","pump4_type":"-","area_p1_pic":"BMA\\VDO_DRONE\\SUMP\\BNS044_A1.jpg","pump3_volume":0,"pump1_catagory":"ไฟฟ้า","objectid_1":210,"pump2_catagory":"ไฟฟ้า","sump_bed":"5.85","pipe_in_dimention1":1.5,"pipe_in_dimention2":0,"pipe_in_dimention3":0,"meter_code":"MEA-TOU-9103555","pipe_in_dimention4":0,"pump1_volume":1,"hpl_areap1":"G:\\BMA\\VDO_DRONE\\SUMP\\BNS044_A1.jpg","surveillant_name":"-","hpl_areap3":"G:\\BMA\\VDO_DRONE\\SUMP\\BNS044_A3.jpg","district_id":"1037","hpl_areap2":"G:\\BMA\\VDO_DRONE\\SUMP\\BNS044_A2.jpg","hpl_areap5":"","hpl_areap4":"G:\\BMA\\VDO_DRONE\\SUMP\\BNS044_A4.jpg","objectid":210,"pump_amount":"4"}},{"geometry":{"type":"Point","coordinates":[100.526058673633,13.769292926519899],"crs":null},"id":211,"type":"Feature","properties":{"utm_x":664980.7554,"pump3_catagory":"-","year":"2564","accessibility":"ถนนกำแพงเพชร5 ฝั่งรพ.รามา","pump5_type":"-","sump_type":"บ่อสูบน้ำ","utm_y":1522734.522,"area_p1_y":100.525833,"area_p1_x":13.77006,"area_p3_y":100.525752,"sump_length":3.37,"area_p3_x":13.769867,"hpl_mdb":"G:\\BMA\\VDO_DRONE\\SUMP\\BNS068_MD.jpg","home_pic":"","sump_depth":2.57,"pump2_volume":0,"pump4_volume":0,"meter":0,"surveillant_mobile":"-","telephone":"02-3577358","mdb":150,"hpl_trans":"G:\\BMA\\VDO_DRONE\\SUMP\\BNS068_TR.jpg","volume":20.79,"subdistrict_id":"103701","hpl_home":"","sump_area":"กรุงเทพเหนือ","sump_width":2.4,"fd_prevent_code":"06","area_p3_pic":"","district_t":"ราชเทวี","pump4_catagory":"-","sump_name":"บ่อสูบน้ำสวรรคโลก ตอนคูน้ำข้างวังสวนจิตรลดา","mea_tel":"0-2242-5211 , 0-2243-0131 , 0-2241-5409","area_p4_pic":"","transformer":500,"mea":"เขตสามเสน","trans_pic":"BMA\\VDO_DRONE\\SUMP\\BNS068_TR.jpg","pump2_type":"-","mdb_pic":"BMA\\VDO_DRONE\\SUMP\\BNS068_MD.jpg","area_p4_y":100.525823,"meter_pic":"BMA\\VDO_DRONE\\SUMP\\BNS068_ME.jpg","area_p2_x":13.770096,"sump_code":"BN.S.068","area_p4_x":13.769791,"amount5":"-","area_p2_y":100.525942,"amount4":"-","pump5_catagory":"-","hpl_meter":"G:\\BMA\\VDO_DRONE\\SUMP\\BNS068_ME.jpg","pump3_type":"-","amount3":"-","amount2":"-","area_p2_pic":"BMA\\VDO_DRONE\\SUMP\\BNS068_A2.jpg","gate_type":"1","amount1":"2","area_p5_pic":"","reflex_area":"กรุงเทพเหนือ","pipe_in_bed2":0,"pipe_in_bed3":0,"pipe_in_bed1":2.57,"home_type":"ไม่มี","date_survey":"19 กุมภาพันธ์ 2021","pipe_in_bed4":0,"pump1_type":"หอยโข่ง","pump5_volume":0,"owner":"ราชเทวี","pump4_type":"-","area_p1_pic":"BMA\\VDO_DRONE\\SUMP\\BNS068_A1.jpg","pump3_volume":0,"pump1_catagory":"ไฟฟ้า","objectid_1":211,"pump2_catagory":"-","sump_bed":"2.57","pipe_in_dimention1":1,"pipe_in_dimention2":0,"pipe_in_dimention3":0,"meter_code":"MEA-TOU-9074838","pipe_in_dimention4":0,"pump1_volume":0.2,"hpl_areap1":"G:\\BMA\\VDO_DRONE\\SUMP\\BNS068_A1.jpg","surveillant_name":"-","hpl_areap3":"","district_id":"1037","hpl_areap2":"G:\\BMA\\VDO_DRONE\\SUMP\\BNS068_A2.jpg","hpl_areap5":"","hpl_areap4":"","objectid":211,"pump_amount":"2"}},{"geometry":{"type":"Point","coordinates":[100.52620953208958,13.770067482386045],"crs":null},"id":212,"type":"Feature","properties":{"utm_x":664996.5246,"pump3_catagory":"-","year":"2564","accessibility":"ถนนกำแพงเพชร5 ฝั่งข้างทางรถไฟ","pump5_type":"-","sump_type":"บ่อสูบน้ำ","utm_y":1522820.313,"area_p1_y":100.526055,"area_p1_x":13.770328,"area_p3_y":100.526013,"sump_length":6.55,"area_p3_x":13.770219,"hpl_mdb":"G:\\BMA\\VDO_DRONE\\SUMP\\BNS067_MD.jpg","home_pic":"","sump_depth":5.35,"pump2_volume":0,"pump4_volume":0,"meter":0,"surveillant_mobile":"-","telephone":"02-3547358","mdb":250,"hpl_trans":"G:\\BMA\\VDO_DRONE\\SUMP\\BNS067_TR.jpg","volume":206.75,"subdistrict_id":"103701","hpl_home":"","sump_area":"กรุงเทพเหนือ","sump_width":5.9,"fd_prevent_code":"06","area_p3_pic":"BMA\\VDO_DRONE\\SUMP\\BNS067_A3.jpg","district_t":"ราชเทวี","pump4_catagory":"-","sump_name":"บ่อสูบน้ำคูน้ำข้างทางรถไฟ (แยกสวรรคโลก-ราชวิถี)","mea_tel":"0-2242-5211 , 0-2243-0131 , 0-2241-5409","area_p4_pic":"","transformer":500,"mea":"เขตสามเสน","trans_pic":"BMA\\VDO_DRONE\\SUMP\\BNS067_TR.jpg","pump2_type":"-","mdb_pic":"BMA\\VDO_DRONE\\SUMP\\BNS067_MD.jpg","area_p4_y":100.526069,"meter_pic":"BMA\\VDO_DRONE\\SUMP\\BNS067_ME.jpg","area_p2_x":13.770305,"sump_code":"BN.S.067","area_p4_x":13.770211,"amount5":"-","area_p2_y":100.526106,"amount4":"-","pump5_catagory":"-","hpl_meter":"G:\\BMA\\VDO_DRONE\\SUMP\\BNS067_ME.jpg","pump3_type":"-","amount3":"-","amount2":"-","area_p2_pic":"BMA\\VDO_DRONE\\SUMP\\BNS067_A2.jpg","gate_type":"8","amount1":"2","area_p5_pic":"","reflex_area":"กรุงเทพเหนือ","pipe_in_bed2":0,"pipe_in_bed3":0,"pipe_in_bed1":2.7,"home_type":"ตู้คอนเทนเนอร์","date_survey":"19 กุมภาพันธ์ 2021","pipe_in_bed4":0,"pump1_type":"ซับเมิร์ส","pump5_volume":0,"owner":"ราชเทวี","pump4_type":"-","area_p1_pic":"BMA\\VDO_DRONE\\SUMP\\BNS067_A1.jpg","pump3_volume":0,"pump1_catagory":"ไฟฟ้า","objectid_1":212,"pump2_catagory":"-","sump_bed":"5.35","pipe_in_dimention1":1.5,"pipe_in_dimention2":0,"pipe_in_dimention3":0,"meter_code":"MEA-TOU-9074838","pipe_in_dimention4":0,"pump1_volume":1,"hpl_areap1":"G:\\BMA\\VDO_DRONE\\SUMP\\BNS067_A1.jpg","surveillant_name":"-","hpl_areap3":"G:\\BMA\\VDO_DRONE\\SUMP\\BNS067_A3.jpg","district_id":"1037","hpl_areap2":"G:\\BMA\\VDO_DRONE\\SUMP\\BNS067_A2.jpg","hpl_areap5":"","hpl_areap4":"","objectid":212,"pump_amount":"2"}},{"geometry":{"type":"Point","coordinates":[100.51326099955222,13.770274997826881],"crs":null},"id":213,"type":"Feature","properties":{"utm_x":663596.2394,"pump3_catagory":"-","year":"2564","accessibility":"ใกล้พระที่นั่งอนันตสมาคม ซอยอู่ทองใน","pump5_type":"-","sump_type":"บ่อสูบน้ำ","utm_y":1522834.428,"area_p1_y":100.513098,"area_p1_x":13.770362,"area_p3_y":100.512985,"sump_length":9.5,"area_p3_x":13.770113,"hpl_mdb":"G:\\BMA\\VDO_DRONE\\SUMP\\BNS074_MD.jpg","home_pic":"BMA\\VDO_DRONE\\SUMP\\BNS074_HO.jpg","sump_depth":5.3,"pump2_volume":1,"pump4_volume":0,"meter":0,"surveillant_mobile":"-","telephone":"02-2820583","mdb":500,"hpl_trans":"","volume":191.33,"subdistrict_id":"100201","hpl_home":"G:\\BMA\\VDO_DRONE\\SUMP\\BNS074_HO.jpg","sump_area":"กรุงเทพเหนือ","sump_width":3.8,"fd_prevent_code":"08","area_p3_pic":"BMA\\VDO_DRONE\\SUMP\\BNS074_A3.jpg","district_t":"ดุสิต","pump4_catagory":"-","sump_name":"บ่อสูบน้ำพระที่นั่งอนันตสมาคม ถนนอู่ทองใน","mea_tel":"0-2242-5211 , 0-2243-0131 , 0-2241-5409","area_p4_pic":"","transformer":0,"mea":"เขตสามเสน","trans_pic":"","pump2_type":"ซับเมิร์ส","mdb_pic":"BMA\\VDO_DRONE\\SUMP\\BNS074_MD.jpg","area_p4_y":100.51323,"meter_pic":"","area_p2_x":13.770308,"sump_code":"BN.S.074","area_p4_x":13.770122,"amount5":"-","area_p2_y":100.513268,"amount4":"-","pump5_catagory":"-","hpl_meter":"","pump3_type":"-","amount3":"-","amount2":"1","area_p2_pic":"BMA\\VDO_DRONE\\SUMP\\BNS074_A2.jpg","gate_type":"8","amount1":"1","area_p5_pic":"","reflex_area":"กรุงเทพเหนือ","pipe_in_bed2":0,"pipe_in_bed3":0,"pipe_in_bed1":1.9,"home_type":"ตู้คอนเทนเนอร์","date_survey":"19 กุมภาพันธ์ 2021","pipe_in_bed4":0,"pump1_type":"ซับเมิร์ส","pump5_volume":0,"owner":"ดุสิต","pump4_type":"-","area_p1_pic":"BMA\\VDO_DRONE\\SUMP\\BNS074_A1.jpg","pump3_volume":0,"pump1_catagory":"ไฟฟ้า","objectid_1":213,"pump2_catagory":"ไฟฟ้า","sump_bed":"5.3","pipe_in_dimention1":1.2,"pipe_in_dimention2":0,"pipe_in_dimention3":0,"meter_code":"-","pipe_in_dimention4":0,"pump1_volume":0.5,"hpl_areap1":"G:\\BMA\\VDO_DRONE\\SUMP\\BNS074_A1.jpg","surveillant_name":"-","hpl_areap3":"G:\\BMA\\VDO_DRONE\\SUMP\\BNS074_A3.jpg","district_id":"1002","hpl_areap2":"G:\\BMA\\VDO_DRONE\\SUMP\\BNS074_A2.jpg","hpl_areap5":"","hpl_areap4":"","objectid":213,"pump_amount":"2"}},{"geometry":{"type":"Point","coordinates":[100.53022299987546,13.772466003997843],"crs":null},"id":214,"type":"Feature","properties":{"utm_x":665428.82,"pump3_catagory":"ไฟฟ้า","year":"2564","accessibility":"ถนนพระรามที่๖ ใกล้โรงกรองน้ำประปาสามเสน ตรงสะพานข้ามคลองสามเสน","pump5_type":"-","sump_type":"บ่อสูบน้ำ","utm_y":1523088.413,"area_p1_y":100.530181,"area_p1_x":13.772595,"area_p3_y":100.53011,"sump_length":9.7,"area_p3_x":13.772458,"hpl_mdb":"G:\\BMA\\VDO_DRONE\\SUMP\\BNS043_MD.jpg","home_pic":"BMA\\VDO_DRONE\\SUMP\\BNS043_HO.jpg","sump_depth":5.25,"pump2_volume":1,"pump4_volume":0,"meter":200,"surveillant_mobile":"-","telephone":"02-3547014","mdb":250,"hpl_trans":"G:\\BMA\\VDO_DRONE\\SUMP\\BNS043_TR.jpg","volume":198.61,"subdistrict_id":"103701","hpl_home":"G:\\BMA\\VDO_DRONE\\SUMP\\BNS043_HO.jpg","sump_area":"กรุงเทพเหนือ","sump_width":3.9,"fd_prevent_code":"06","area_p3_pic":"BMA\\VDO_DRONE\\SUMP\\BNS043_A3.jpg","district_t":"ราชเทวี","pump4_catagory":"-","sump_name":"บ่อสูบน้ำถนนพระรามที่ 6 ฝั่งขาเข้า","mea_tel":"0-2242-5211 , 0-2243-0131 , 0-2241-5409","area_p4_pic":"BMA\\VDO_DRONE\\SUMP\\BNS043_A4.jpg","transformer":300,"mea":"เขตสามเสน","trans_pic":"BMA\\VDO_DRONE\\SUMP\\BNS043_TR.jpg","pump2_type":"ซับเมิร์ส","mdb_pic":"BMA\\VDO_DRONE\\SUMP\\BNS043_MD.jpg","area_p4_y":100.530234,"meter_pic":"BMA\\VDO_DRONE\\SUMP\\BNS043_ME.jpg","area_p2_x":13.772498,"sump_code":"BN.S.043","area_p4_x":13.772408,"amount5":"-","area_p2_y":100.530331,"amount4":"-","pump5_catagory":"-","hpl_meter":"G:\\BMA\\VDO_DRONE\\SUMP\\BNS043_ME.jpg","pump3_type":"ซับเมิร์ส","amount3":"1","amount2":"1","area_p2_pic":"BMA\\VDO_DRONE\\SUMP\\BNS043_A2.jpg","gate_type":"8","amount1":"1","area_p5_pic":"","reflex_area":"กรุงเทพเหนือ","pipe_in_bed2":0,"pipe_in_bed3":0,"pipe_in_bed1":2.78,"home_type":"บ้านพัก","date_survey":"16 กุมภาพันธ์ 2021","pipe_in_bed4":0,"pump1_type":"ซับเมิร์ส","pump5_volume":0,"owner":"ราชเทวี","pump4_type":"-","area_p1_pic":"BMA\\VDO_DRONE\\SUMP\\BNS043_A1.jpg","pump3_volume":2,"pump1_catagory":"ไฟฟ้า","objectid_1":214,"pump2_catagory":"ไฟฟ้า","sump_bed":"5.25","pipe_in_dimention1":1.2,"pipe_in_dimention2":0,"pipe_in_dimention3":0,"meter_code":"MEA-TOU-9151864","pipe_in_dimention4":0,"pump1_volume":0.5,"hpl_areap1":"G:\\BMA\\VDO_DRONE\\SUMP\\BNS043_A1.jpg","surveillant_name":"-","hpl_areap3":"G:\\BMA\\VDO_DRONE\\SUMP\\BNS043_A3.jpg","district_id":"1037","hpl_areap2":"G:\\BMA\\VDO_DRONE\\SUMP\\BNS043_A2.jpg","hpl_areap5":"","hpl_areap4":"G:\\BMA\\VDO_DRONE\\SUMP\\BNS043_A4.jpg","objectid":214,"pump_amount":"3"}},{"geometry":{"type":"Point","coordinates":[100.5299790637387,13.772475158409192],"crs":null},"id":215,"type":"Feature","properties":{"utm_x":665402.4366,"pump3_catagory":"-","year":"2564","accessibility":"ถนนพระรามที่๖ ใกล้โรงงานผลิตน้ำสามเสน ฝั่งตรงข้ามโรงกรองน้ำประปาสามเสน","pump5_type":"-","sump_type":"บ่อสูบน้ำ","utm_y":1523089.258,"area_p1_y":100.529985,"area_p1_x":13.772733,"area_p3_y":100.529851,"sump_length":10,"area_p3_x":13.772525,"hpl_mdb":"G:\\BMA\\VDO_DRONE\\SUMP\\BNS042_MD.jpg","home_pic":"BMA\\VDO_DRONE\\SUMP\\BNS042_HO.jpg","sump_depth":5,"pump2_volume":2,"pump4_volume":0,"meter":400,"surveillant_mobile":"-","telephone":"-","mdb":630,"hpl_trans":"G:\\BMA\\VDO_DRONE\\SUMP\\BNS042_TR.jpg","volume":150,"subdistrict_id":"103701","hpl_home":"G:\\BMA\\VDO_DRONE\\SUMP\\BNS042_HO.jpg","sump_area":"กรุงเทพเหนือ","sump_width":3,"fd_prevent_code":"06","area_p3_pic":"BMA\\VDO_DRONE\\SUMP\\BNS042_A3.jpg","district_t":"ราชเทวี","pump4_catagory":"-","sump_name":"บ่อสูบน้ำถนนพระรามที่ 6 ฝั่งขาออก","mea_tel":"0-2242-5211 , 0-2243-0131 , 0-2241-5409","area_p4_pic":"BMA\\VDO_DRONE\\SUMP\\BNS042_A4.jpg","transformer":300,"mea":"เขตสามเสน","trans_pic":"BMA\\VDO_DRONE\\SUMP\\BNS042_TR.jpg","pump2_type":"ซับเมิร์ส","mdb_pic":"BMA\\VDO_DRONE\\SUMP\\BNS042_MD.jpg","area_p4_y":100.529974,"meter_pic":"BMA\\VDO_DRONE\\SUMP\\BNS042_ME.jpg","area_p2_x":13.772718,"sump_code":"BN.S.042","area_p4_x":13.77252,"amount5":"-","area_p2_y":100.530017,"amount4":"-","pump5_catagory":"-","hpl_meter":"G:\\BMA\\VDO_DRONE\\SUMP\\BNS042_ME.jpg","pump3_type":"-","amount3":"-","amount2":"1","area_p2_pic":"BMA\\VDO_DRONE\\SUMP\\BNS042_A2.jpg","gate_type":"8","amount1":"2","area_p5_pic":"","reflex_area":"กรุงเทพเหนือ","pipe_in_bed2":0,"pipe_in_bed3":0,"pipe_in_bed1":3.54,"home_type":"ตู้คอนเทนเนอร์","date_survey":"16 กุมภาพันธ์ 2021","pipe_in_bed4":0,"pump1_type":"ซับเมิร์ส","pump5_volume":0,"owner":"ราชเทวี","pump4_type":"-","area_p1_pic":"BMA\\VDO_DRONE\\SUMP\\BNS042_A1.jpg","pump3_volume":0,"pump1_catagory":"ไฟฟ้า","objectid_1":215,"pump2_catagory":"ไฟฟ้า","sump_bed":"5","pipe_in_dimention1":1.2,"pipe_in_dimention2":0,"pipe_in_dimention3":0,"meter_code":"MEA-TOU-9152520","pipe_in_dimention4":0,"pump1_volume":0.5,"hpl_areap1":"G:\\BMA\\VDO_DRONE\\SUMP\\BNS042_A1.jpg","surveillant_name":"-","hpl_areap3":"G:\\BMA\\VDO_DRONE\\SUMP\\BNS042_A3.jpg","district_id":"1037","hpl_areap2":"G:\\BMA\\VDO_DRONE\\SUMP\\BNS042_A2.jpg","hpl_areap5":"","hpl_areap4":"G:\\BMA\\VDO_DRONE\\SUMP\\BNS042_A4.jpg","objectid":215,"pump_amount":"3"}},{"geometry":{"type":"Point","coordinates":[100.5305475539549,13.773076370788615],"crs":null},"id":216,"type":"Feature","properties":{"utm_x":665463.4847,"pump3_catagory":"-","year":"2564","accessibility":"ถนนพระรามที่๖ ตรงโรงกรองน้ำประปาสามเสน ฝั่งตรงข้ามโรงงานผลิตน้ำสามเสน","pump5_type":"-","sump_type":"บ่อสูบน้ำ","utm_y":1523156.16,"area_p1_y":100.530605,"area_p1_x":13.773288,"area_p3_y":100.530539,"sump_length":6.42,"area_p3_x":13.773132,"hpl_mdb":"G:\\BMA\\VDO_DRONE\\SUMP\\BNS081_MD.jpg","home_pic":"BMA\\VDO_DRONE\\SUMP\\BNS081_HO.jpg","sump_depth":3.88,"pump2_volume":1,"pump4_volume":0,"meter":400,"surveillant_mobile":"-","telephone":"02-2790486","mdb":630,"hpl_trans":"G:\\BMA\\VDO_DRONE\\SUMP\\BNS081_TR.jpg","volume":57.79,"subdistrict_id":"101402","hpl_home":"G:\\BMA\\VDO_DRONE\\SUMP\\BNS081_HO.jpg","sump_area":"กรุงเทพเหนือ","sump_width":2.32,"fd_prevent_code":"05","area_p3_pic":"BMA\\VDO_DRONE\\SUMP\\BNS081_A3.jpg","district_t":"พญาไท","pump4_catagory":"-","sump_name":"บ่อสูบน้ำถนนพระรามที่ 6 ตอนโรงกรองน้ำประปาสามเสน","mea_tel":"0-2242-5211 , 0-2243-0131 , 0-2241-5409","area_p4_pic":"BMA\\VDO_DRONE\\SUMP\\BNS081_A4.jpg","transformer":0,"mea":"เขตสามเสน","trans_pic":"BMA\\VDO_DRONE\\SUMP\\BNS081_TR.jpg","pump2_type":"ซับเมิร์ส","mdb_pic":"BMA\\VDO_DRONE\\SUMP\\BNS081_MD.jpg","area_p4_y":100.530358,"meter_pic":"BMA\\VDO_DRONE\\SUMP\\BNS081_ME.jpg","area_p2_x":13.773297,"sump_code":"BN.S.081","area_p4_x":13.773159,"amount5":"-","area_p2_y":100.530484,"amount4":"-","pump5_catagory":"-","hpl_meter":"G:\\BMA\\VDO_DRONE\\SUMP\\BNS081_ME.jpg","pump3_type":"-","amount3":"-","amount2":"1","area_p2_pic":"BMA\\VDO_DRONE\\SUMP\\BNS081_A2.jpg","gate_type":"4","amount1":"2","area_p5_pic":"","reflex_area":"กรุงเทพเหนือ","pipe_in_bed2":0,"pipe_in_bed3":0,"pipe_in_bed1":3.78,"home_type":"ตู้คอนเทนเนอร์","date_survey":"20 กุมภาพันธ์ 2021","pipe_in_bed4":0,"pump1_type":"ซับเมิร์ส","pump5_volume":0,"owner":"พญาไท","pump4_type":"-","area_p1_pic":"BMA\\VDO_DRONE\\SUMP\\BNS081_A1.jpg","pump3_volume":0,"pump1_catagory":"ไฟฟ้า","objectid_1":216,"pump2_catagory":"ไฟฟ้า","sump_bed":"3.88","pipe_in_dimention1":1.2,"pipe_in_dimention2":0,"pipe_in_dimention3":0,"meter_code":"MEA-TOU-9117743","pipe_in_dimention4":0,"pump1_volume":0.5,"hpl_areap1":"G:\\BMA\\VDO_DRONE\\SUMP\\BNS081_A1.jpg","surveillant_name":"-","hpl_areap3":"G:\\BMA\\VDO_DRONE\\SUMP\\BNS081_A3.jpg","district_id":"1014","hpl_areap2":"G:\\BMA\\VDO_DRONE\\SUMP\\BNS081_A2.jpg","hpl_areap5":"","hpl_areap4":"G:\\BMA\\VDO_DRONE\\SUMP\\BNS081_A4.jpg","objectid":216,"pump_amount":"3"}},{"geometry":{"type":"Point","coordinates":[100.57342692980139,13.773674342420382],"crs":null},"id":217,"type":"Feature","properties":{"utm_x":670099.6552,"pump3_catagory":"-","year":"2564","accessibility":"ถนนรัชดาภิเษก เกาะกลางหน้าตึกForum Tower ใกล้โรงเรียนเตรียมอุดมศึกษาพัฒนาการรัชดา","pump5_type":"-","sump_type":"บ่อสูบน้ำ","utm_y":1523252.222,"area_p1_y":100.573721,"area_p1_x":13.773577,"area_p3_y":100.573721,"sump_length":25,"area_p3_x":13.773577,"hpl_mdb":"G:\\BMA\\VDO_DRONE\\SUMP\\BNS086_MD.jpg","home_pic":"BMA\\VDO_DRONE\\SUMP\\BNS086_HO.jpg","sump_depth":2.5,"pump2_volume":0,"pump4_volume":0,"meter":400,"surveillant_mobile":"-","telephone":"-","mdb":600,"hpl_trans":"G:\\BMA\\VDO_DRONE\\SUMP\\BNS086_TR.jpg","volume":262.5,"subdistrict_id":"102601","hpl_home":"G:\\BMA\\VDO_DRONE\\SUMP\\BNS086_HO.jpg","sump_area":"กรุงเทพเหนือ","sump_width":4.2,"fd_prevent_code":"05","area_p3_pic":"BMA\\VDO_DRONE\\SUMP\\BNS086_A3.jpg","district_t":"ดินแดง","pump4_catagory":"-","sump_name":"บ่อสูบน้ำถนนรัชดาภิเษก คลองห้วยขวาง ฝั่งใต้","mea_tel":"-","area_p4_pic":"BMA\\VDO_DRONE\\SUMP\\BNS086_A4.jpg","transformer":300,"mea":"-","trans_pic":"BMA\\VDO_DRONE\\SUMP\\BNS086_TR.jpg","pump2_type":"-","mdb_pic":"BMA\\VDO_DRONE\\SUMP\\BNS086_MD.jpg","area_p4_y":100.573721,"meter_pic":"BMA\\VDO_DRONE\\SUMP\\BNS086_ME.jpg","area_p2_x":13.773577,"sump_code":"BN.S.086","area_p4_x":13.773577,"amount5":"-","area_p2_y":100.573721,"amount4":"-","pump5_catagory":"-","hpl_meter":"G:\\BMA\\VDO_DRONE\\SUMP\\BNS086_ME.jpg","pump3_type":"-","amount3":"-","amount2":"-","area_p2_pic":"BMA\\VDO_DRONE\\SUMP\\BNS086_A2.jpg","gate_type":"8","amount1":"-","area_p5_pic":"BMA\\VDO_DRONE\\SUMP\\BNS086_A5.jpg","reflex_area":"กรุงเทพเหนือ","pipe_in_bed2":0,"pipe_in_bed3":0,"pipe_in_bed1":2.2,"home_type":"ตู้คอนเทนเนอร์","date_survey":"2 มีนาคม 2021","pipe_in_bed4":0,"pump1_type":"-","pump5_volume":0,"owner":"ดินแดง","pump4_type":"-","area_p1_pic":"BMA\\VDO_DRONE\\SUMP\\BNS086_A1.jpg","pump3_volume":0,"pump1_catagory":"-","objectid_1":217,"pump2_catagory":"-","sump_bed":"2.5","pipe_in_dimention1":1.5,"pipe_in_dimention2":0,"pipe_in_dimention3":0,"meter_code":"MEA-TOU-035080","pipe_in_dimention4":0,"pump1_volume":0,"hpl_areap1":"G:\\BMA\\VDO_DRONE\\SUMP\\BNS086_A1.jpg","surveillant_name":"-","hpl_areap3":"G:\\BMA\\VDO_DRONE\\SUMP\\BNS086_A3.jpg","district_id":"1026","hpl_areap2":"G:\\BMA\\VDO_DRONE\\SUMP\\BNS086_A2.jpg","hpl_areap5":"G:\\BMA\\VDO_DRONE\\SUMP\\BNS086_A5.jpg","hpl_areap4":"G:\\BMA\\VDO_DRONE\\SUMP\\BNS086_A4.jpg","objectid":217,"pump_amount":"4"}},{"geometry":{"type":"Point","coordinates":[100.55292725472428,13.773885283575382],"crs":null},"id":218,"type":"Feature","properties":{"utm_x":667882.843,"pump3_catagory":"-","year":"2564","accessibility":"ถนนวิภาวดีรังสิต หน้าสนามยิงปืนร.1พัน.1รอ. ใกล้โรงพยาบาลทหารผ่านศึก","pump5_type":"-","sump_type":"บ่อสูบน้ำ","utm_y":1523261.156,"area_p1_y":100.55283,"area_p1_x":13.774003,"area_p3_y":100.552811,"sump_length":9.9,"area_p3_x":13.773847,"hpl_mdb":"G:\\BMA\\VDO_DRONE\\SUMP\\BNS056_MD.jpg","home_pic":"BMA\\VDO_DRONE\\SUMP\\BNS056_HO.jpg","sump_depth":4.7,"pump2_volume":0,"pump4_volume":0,"meter":200,"surveillant_mobile":"-","telephone":"02-2785546","mdb":250,"hpl_trans":"G:\\BMA\\VDO_DRONE\\SUMP\\BNS056_TR.jpg","volume":268.48,"subdistrict_id":"101401","hpl_home":"G:\\BMA\\VDO_DRONE\\SUMP\\BNS056_HO.jpg","sump_area":"กรุงเทพเหนือ","sump_width":5.77,"fd_prevent_code":"05","area_p3_pic":"BMA\\VDO_DRONE\\SUMP\\BNS056_A3.jpg","district_t":"พญาไท","pump4_catagory":"-","sump_name":"บ่อสูบน้ำพัน 1 รอ. (ด้านถนนวิภาวดี)","mea_tel":"0-2242-5211 , 0-2243-0131 , 0-2241-5409","area_p4_pic":"","transformer":225,"mea":"เขตสามเสน","trans_pic":"BMA\\VDO_DRONE\\SUMP\\BNS056_TR.jpg","pump2_type":"-","mdb_pic":"BMA\\VDO_DRONE\\SUMP\\BNS056_MD.jpg","area_p4_y":100.552975,"meter_pic":"BMA\\VDO_DRONE\\SUMP\\BNS056_ME.jpg","area_p2_x":13.773985,"sump_code":"BN.S.056","area_p4_x":13.773824,"amount5":"-","area_p2_y":100.553061,"amount4":"-","pump5_catagory":"-","hpl_meter":"G:\\BMA\\VDO_DRONE\\SUMP\\BNS056_ME.jpg","pump3_type":"-","amount3":"-","amount2":"-","area_p2_pic":"BMA\\VDO_DRONE\\SUMP\\BNS056_A2.jpg","gate_type":"8","amount1":"3","area_p5_pic":"","reflex_area":"กรุงเทพเหนือ","pipe_in_bed2":0,"pipe_in_bed3":0,"pipe_in_bed1":1.5,"home_type":"ตู้คอนเทนเนอร์","date_survey":"17 กุมภาพันธ์ 2021","pipe_in_bed4":0,"pump1_type":"หอยโข่ง","pump5_volume":0,"owner":"พญาไท","pump4_type":"-","area_p1_pic":"BMA\\VDO_DRONE\\SUMP\\BNS056_A1.jpg","pump3_volume":0,"pump1_catagory":"ไฟฟ้า","objectid_1":218,"pump2_catagory":"-","sump_bed":"4.7","pipe_in_dimention1":1,"pipe_in_dimention2":0,"pipe_in_dimention3":0,"meter_code":"MEA-TOU-9104460","pipe_in_dimention4":0,"pump1_volume":0.35,"hpl_areap1":"G:\\BMA\\VDO_DRONE\\SUMP\\BNS056_A1.jpg","surveillant_name":"-","hpl_areap3":"G:\\BMA\\VDO_DRONE\\SUMP\\BNS056_A3.jpg","district_id":"1014","hpl_areap2":"G:\\BMA\\VDO_DRONE\\SUMP\\BNS056_A2.jpg","hpl_areap5":"","hpl_areap4":"","objectid":218,"pump_amount":"3"}},{"geometry":{"type":"Point","coordinates":[100.57346499955939,13.77409499669355],"crs":null},"id":219,"type":"Feature","properties":{"utm_x":670103.4674,"pump3_catagory":"-","year":"2564","accessibility":"ถนนรัชดาภิเษก เกาะกลางหน้าโรงแรมบางกอกชฎา ใกล้โรงเรียนเตรียมอุดมศึกษาพัฒนาการรัชดา","pump5_type":"-","sump_type":"บ่อสูบน้ำ","utm_y":1523298.786,"area_p1_y":100.573451,"area_p1_x":13.774363,"area_p3_y":100.573451,"sump_length":19.8,"area_p3_x":13.774363,"hpl_mdb":"G:\\BMA\\VDO_DRONE\\SUMP\\BNS085_MD.jpg","home_pic":"BMA\\VDO_DRONE\\SUMP\\BNS085_HO.jpg","sump_depth":2.5,"pump2_volume":0.13,"pump4_volume":0,"meter":400,"surveillant_mobile":"-","telephone":"-","mdb":800,"hpl_trans":"G:\\BMA\\VDO_DRONE\\SUMP\\BNS085_TR.jpg","volume":207.9,"subdistrict_id":"102601","hpl_home":"G:\\BMA\\VDO_DRONE\\SUMP\\BNS085_HO.jpg","sump_area":"กรุงเทพเหนือ","sump_width":4.2,"fd_prevent_code":"05","area_p3_pic":"BMA\\VDO_DRONE\\SUMP\\BNS085_A3.jpg","district_t":"ดินแดง","pump4_catagory":"-","sump_name":"บ่อสูบน้ำถนนรัชดาภิเษก คลองห้อยขวาง ฝั่งเหนือ","mea_tel":"-","area_p4_pic":"BMA\\VDO_DRONE\\SUMP\\BNS085_A4.jpg","transformer":500,"mea":"-","trans_pic":"BMA\\VDO_DRONE\\SUMP\\BNS085_TR.jpg","pump2_type":"ซับเมิร์ส","mdb_pic":"BMA\\VDO_DRONE\\SUMP\\BNS085_MD.jpg","area_p4_y":100.573451,"meter_pic":"BMA\\VDO_DRONE\\SUMP\\BNS085_ME.jpg","area_p2_x":13.774363,"sump_code":"BN.S.085","area_p4_x":13.774363,"amount5":"-","area_p2_y":100.573451,"amount4":"-","pump5_catagory":"-","hpl_meter":"G:\\BMA\\VDO_DRONE\\SUMP\\BNS085_ME.jpg","pump3_type":"-","amount3":"-","amount2":"3","area_p2_pic":"BMA\\VDO_DRONE\\SUMP\\BNS085_A2.jpg","gate_type":"8","amount1":"2","area_p5_pic":"","reflex_area":"กรุงเทพเหนือ","pipe_in_bed2":0,"pipe_in_bed3":0,"pipe_in_bed1":2.5,"home_type":"ตู้คอนเทนเนอร์","date_survey":"2 มีนาคม 2021","pipe_in_bed4":0,"pump1_type":"ซับเมิร์ส","pump5_volume":0,"owner":"ดินแดง","pump4_type":"-","area_p1_pic":"BMA\\VDO_DRONE\\SUMP\\BNS085_A1.jpg","pump3_volume":0,"pump1_catagory":"ไฟฟ้า","objectid_1":219,"pump2_catagory":"ไฟฟ้า","sump_bed":"2.5","pipe_in_dimention1":1.5,"pipe_in_dimention2":0,"pipe_in_dimention3":0,"meter_code":"-","pipe_in_dimention4":0,"pump1_volume":0.5,"hpl_areap1":"G:\\BMA\\VDO_DRONE\\SUMP\\BNS085_A1.jpg","surveillant_name":"-","hpl_areap3":"G:\\BMA\\VDO_DRONE\\SUMP\\BNS085_A3.jpg","district_id":"1026","hpl_areap2":"G:\\BMA\\VDO_DRONE\\SUMP\\BNS085_A2.jpg","hpl_areap5":"","hpl_areap4":"G:\\BMA\\VDO_DRONE\\SUMP\\BNS085_A4.jpg","objectid":219,"pump_amount":"5"}},{"geometry":{"type":"Point","coordinates":[100.62805899956378,13.775535996697506],"crs":null},"id":220,"type":"Feature","properties":{"utm_x":676005.8072,"pump3_catagory":"-","year":"2564","accessibility":"ถนนลาดพร้าวริมคลองจั่นขาเข้า ใกล้หอพักเมแฟร์ เพลส","pump5_type":"-","sump_type":"บ่อสูบน้ำ","utm_y":1523497.488,"area_p1_y":100.628056,"area_p1_x":13.775559,"area_p3_y":100.628056,"sump_length":6.5,"area_p3_x":13.775559,"hpl_mdb":"G:\\BMA\\VDO_DRONE\\SUMP\\BES019_MD.jpg","home_pic":"BMA\\VDO_DRONE\\SUMP\\BES019_HO.jpg","sump_depth":4.4,"pump2_volume":0,"pump4_volume":0,"meter":400,"surveillant_mobile":"-","telephone":"02-5141432","mdb":500,"hpl_trans":"G:\\BMA\\VDO_DRONE\\SUMP\\BES019_TR.jpg","volume":68.64,"subdistrict_id":"104504","hpl_home":"G:\\BMA\\VDO_DRONE\\SUMP\\BES019_HO.jpg","sump_area":"กรุงเทพตะวันออก","sump_width":2.4,"fd_prevent_code":"04","area_p3_pic":"BMA\\VDO_DRONE\\SUMP\\BES019_A3.jpg","district_t":"วังทองหลาง","pump4_catagory":"-","sump_name":"บ่อสูบน้ำถนนลาดพร้าวริมคลองจั่นขาเข้า","mea_tel":"0-2716-3311 , 0-2716-3222 , 0-2716-3333","area_p4_pic":"BMA\\VDO_DRONE\\SUMP\\BES019_A4.jpg","transformer":500,"mea":"เขตนวลจันทร์","trans_pic":"BMA\\VDO_DRONE\\SUMP\\BES019_TR.jpg","pump2_type":"-","mdb_pic":"BMA\\VDO_DRONE\\SUMP\\BES019_MD.jpg","area_p4_y":100.628052,"meter_pic":"BMA\\VDO_DRONE\\SUMP\\BES019_ME.jpg","area_p2_x":13.775559,"sump_code":"BE.S.019","area_p4_x":13.775561,"amount5":"-","area_p2_y":100.628056,"amount4":"-","pump5_catagory":"-","hpl_meter":"G:\\BMA\\VDO_DRONE\\SUMP\\BES019_ME.jpg","pump3_type":"-","amount3":"-","amount2":"-","area_p2_pic":"BMA\\VDO_DRONE\\SUMP\\BES019_A2.jpg","gate_type":"9","amount1":"2","area_p5_pic":"BMA\\VDO_DRONE\\SUMP\\BES019_A5.jpg","reflex_area":"กรุงเทพตะวันออก","pipe_in_bed2":0,"pipe_in_bed3":0,"pipe_in_bed1":3.3,"home_type":"ตู้พักอาศัยขนาดเล็ก","date_survey":"20 กุมภาพันธ์ 2021","pipe_in_bed4":0,"pump1_type":"ซับเมิร์ส","pump5_volume":0,"owner":"วังทองหลาง","pump4_type":"-","area_p1_pic":"BMA\\VDO_DRONE\\SUMP\\BES019_A1.jpg","pump3_volume":0,"pump1_catagory":"ไฟฟ้า","objectid_1":220,"pump2_catagory":"-","sump_bed":"4.4","pipe_in_dimention1":1.2,"pipe_in_dimention2":0,"pipe_in_dimention3":0,"meter_code":"MEA-TOU-054923","pipe_in_dimention4":0,"pump1_volume":1,"hpl_areap1":"G:\\BMA\\VDO_DRONE\\SUMP\\BES019_A1.jpg","surveillant_name":"-","hpl_areap3":"G:\\BMA\\VDO_DRONE\\SUMP\\BES019_A3.jpg","district_id":"1045","hpl_areap2":"G:\\BMA\\VDO_DRONE\\SUMP\\BES019_A2.jpg","hpl_areap5":"G:\\BMA\\VDO_DRONE\\SUMP\\BES019_A5.jpg","hpl_areap4":"G:\\BMA\\VDO_DRONE\\SUMP\\BES019_A4.jpg","objectid":220,"pump_amount":"2"}},{"geometry":{"type":"Point","coordinates":[100.46913104338003,13.778893990552008],"crs":null},"id":221,"type":"Feature","properties":{"utm_x":658818.65,"pump3_catagory":"-","year":"2564","accessibility":"บริเวณชุมชนข้าง รพ. เจ้าพระยา  สุดซอยริมคลอง หน้าซอยมีร้านก๋วยเตี๋ยว","pump5_type":"-","sump_type":"บ่อสูบน้ำ","utm_y":1523758.34,"area_p1_y":100.601788,"area_p1_x":13.795262,"area_p3_y":100.601788,"sump_length":3.3,"area_p3_x":13.795262,"hpl_mdb":"G:\\BMA\\VDO_DRONE\\SUMP\\BWS103_MD.jpg","home_pic":"","sump_depth":2.95,"pump2_volume":0,"pump4_volume":0,"meter":15,"surveillant_mobile":"-","telephone":"-","mdb":50,"hpl_trans":"","volume":18.5,"subdistrict_id":"102009","hpl_home":"","sump_area":"กรุงเทพธนบุรี","sump_width":1.9,"fd_prevent_code":"29","area_p3_pic":"BMA\\VDO_DRONE\\SUMP\\BWS103_A3.jpg","district_t":"บางกอกน้อย","pump4_catagory":"-","sump_name":"บ่อสูบน้ำบริเวณชุมชนข้าง รพ. เจ้าพระยา 1","mea_tel":"0-2412-8699 , 0-2878-5222 , 0-2878-5333","area_p4_pic":"BMA\\VDO_DRONE\\SUMP\\BWS103_A4.jpg","transformer":0,"mea":"เขตธนบุรี","trans_pic":"","pump2_type":"-","mdb_pic":"BMA\\VDO_DRONE\\SUMP\\BWS103_MD.jpg","area_p4_y":100.601788,"meter_pic":"BMA\\VDO_DRONE\\SUMP\\BWS103_ME.jpg","area_p2_x":13.795262,"sump_code":"BW.S.103","area_p4_x":13.795262,"amount5":"-","area_p2_y":100.601788,"amount4":"-","pump5_catagory":"-","hpl_meter":"G:\\BMA\\VDO_DRONE\\SUMP\\BWS103_ME.jpg","pump3_type":"-","amount3":"-","amount2":"-","area_p2_pic":"BMA\\VDO_DRONE\\SUMP\\BWS103_A2.jpg","gate_type":"1","amount1":"1","area_p5_pic":"BMA\\VDO_DRONE\\SUMP\\BWS103_A5.jpg","reflex_area":"กรุงเทพธนบุรี","pipe_in_bed2":0,"pipe_in_bed3":0,"pipe_in_bed1":2.85,"home_type":"ไม่มี","date_survey":"14 มิถุนายน 2021","pipe_in_bed4":0,"pump1_type":"หอยโข่ง","pump5_volume":0,"owner":"บางกอกน้อย","pump4_type":"-","area_p1_pic":"BMA\\VDO_DRONE\\SUMP\\BWS103_A1.jpg","pump3_volume":0,"pump1_catagory":"ไฟฟ้า","objectid_1":221,"pump2_catagory":"-","sump_bed":"2.95","pipe_in_dimention1":0.4,"pipe_in_dimention2":0,"pipe_in_dimention3":0,"meter_code":"MEA-6790672","pipe_in_dimention4":0,"pump1_volume":0.03,"hpl_areap1":"G:\\BMA\\VDO_DRONE\\SUMP\\BWS103_A1.jpg","surveillant_name":"-","hpl_areap3":"G:\\BMA\\VDO_DRONE\\SUMP\\BWS103_A3.jpg","district_id":"1020","hpl_areap2":"G:\\BMA\\VDO_DRONE\\SUMP\\BWS103_A2.jpg","hpl_areap5":"G:\\BMA\\VDO_DRONE\\SUMP\\BWS103_A5.jpg","hpl_areap4":"G:\\BMA\\VDO_DRONE\\SUMP\\BWS103_A4.jpg","objectid":226,"pump_amount":"1"}},{"geometry":{"type":"Point","coordinates":[100.62799799983509,13.7758000018004],"crs":null},"id":222,"type":"Feature","properties":{"utm_x":675999.0134,"pump3_catagory":"-","year":"2564","accessibility":"ถนนลาดพร้าวริมคลองจั่นขาออก ใกล้สมชายการช่าง","pump5_type":"-","sump_type":"บ่อสูบน้ำ","utm_y":1523526.651,"area_p1_y":100.628079,"area_p1_x":13.77564,"area_p3_y":100.628062,"sump_length":6.9,"area_p3_x":13.775671,"hpl_mdb":"G:\\BMA\\VDO_DRONE\\SUMP\\BES013_MD.jpg","home_pic":"BMA\\VDO_DRONE\\SUMP\\BES013_HO.jpg","sump_depth":4.6,"pump2_volume":0,"pump4_volume":0,"meter":400,"surveillant_mobile":"-","telephone":"02-5141691","mdb":500,"hpl_trans":"G:\\BMA\\VDO_DRONE\\SUMP\\BES013_TR.jpg","volume":76.18,"subdistrict_id":"104503","hpl_home":"G:\\BMA\\VDO_DRONE\\SUMP\\BES013_HO.jpg","sump_area":"กรุงเทพตะวันออก","sump_width":2.4,"fd_prevent_code":"04","area_p3_pic":"BMA\\VDO_DRONE\\SUMP\\BES013_A3.jpg","district_t":"วังทองหลาง","pump4_catagory":"-","sump_name":"บ่อสูบน้ำถนนลาดพร้าวริมคลองจั่นขาออก","mea_tel":"0-2716-3311 , 0-2716-3222 , 0-2716-3333","area_p4_pic":"BMA\\VDO_DRONE\\SUMP\\BES013_A4.jpg","transformer":225,"mea":"เขตนวลจันทร์","trans_pic":"BMA\\VDO_DRONE\\SUMP\\BES013_TR.jpg","pump2_type":"-","mdb_pic":"BMA\\VDO_DRONE\\SUMP\\BES013_MD.jpg","area_p4_y":100.628074,"meter_pic":"BMA\\VDO_DRONE\\SUMP\\BES013_ME.jpg","area_p2_x":13.775694,"sump_code":"BE.S.013","area_p4_x":13.775651,"amount5":"-","area_p2_y":100.628066,"amount4":"-","pump5_catagory":"-","hpl_meter":"G:\\BMA\\VDO_DRONE\\SUMP\\BES013_ME.jpg","pump3_type":"-","amount3":"-","amount2":"-","area_p2_pic":"BMA\\VDO_DRONE\\SUMP\\BES013_A2.jpg","gate_type":"9","amount1":"2","area_p5_pic":"BMA\\VDO_DRONE\\SUMP\\BES013_A5.jpg","reflex_area":"กรุงเทพตะวันออก","pipe_in_bed2":0,"pipe_in_bed3":0,"pipe_in_bed1":3.3,"home_type":"ตู้พักอาศัยขนาดเล็ก","date_survey":"20 กุมภาพันธ์ 2021","pipe_in_bed4":0,"pump1_type":"ซับเมิร์ส","pump5_volume":0,"owner":"วังทองหลาง","pump4_type":"-","area_p1_pic":"BMA\\VDO_DRONE\\SUMP\\BES013_A1.jpg","pump3_volume":0,"pump1_catagory":"ไฟฟ้า","objectid_1":222,"pump2_catagory":"-","sump_bed":"4.6","pipe_in_dimention1":1.2,"pipe_in_dimention2":0,"pipe_in_dimention3":0,"meter_code":"MEA-TOU-9204939","pipe_in_dimention4":0,"pump1_volume":1,"hpl_areap1":"G:\\BMA\\VDO_DRONE\\SUMP\\BES013_A1.jpg","surveillant_name":"-","hpl_areap3":"G:\\BMA\\VDO_DRONE\\SUMP\\BES013_A3.jpg","district_id":"1045","hpl_areap2":"G:\\BMA\\VDO_DRONE\\SUMP\\BES013_A2.jpg","hpl_areap5":"G:\\BMA\\VDO_DRONE\\SUMP\\BES013_A5.jpg","hpl_areap4":"G:\\BMA\\VDO_DRONE\\SUMP\\BES013_A4.jpg","objectid":221,"pump_amount":"2"}},{"geometry":{"type":"Point","coordinates":[100.47002102989433,13.777740025491806],"crs":null},"id":223,"type":"Feature","properties":{"utm_x":658915.66,"pump3_catagory":"-","year":"2564","accessibility":"ภายในหมู่บ้านพันธ์ศักด์ วิลล่า ริมคลองบางกอกน้อย หลังโรงแรมวอเตอร์ไซด์","pump5_type":"-","sump_type":"บ่อสูบน้ำ","utm_y":1523631.27,"area_p1_y":100.470004,"area_p1_x":13.777735,"area_p3_y":100.470004,"sump_length":3.3,"area_p3_x":13.777735,"hpl_mdb":"G:\\BMA\\VDO_DRONE\\SUMP\\BWS100_MD.jpg","home_pic":"","sump_depth":2.9,"pump2_volume":0,"pump4_volume":0,"meter":15,"surveillant_mobile":"-","telephone":"-","mdb":50,"hpl_trans":"","volume":18.18,"subdistrict_id":"102009","hpl_home":"","sump_area":"กรุงเทพธนบุรี","sump_width":1.9,"fd_prevent_code":"29","area_p3_pic":"BMA\\VDO_DRONE\\SUMP\\BWS100_A3.jpg","district_t":"บางกอกน้อย","pump4_catagory":"-","sump_name":"บ่อสูบน้ำบริเวณปากคลองพิกุล 2","mea_tel":"0-2412-8699 , 0-2878-5222 , 0-2878-5333","area_p4_pic":"BMA\\VDO_DRONE\\SUMP\\BWS100_A4.jpg","transformer":0,"mea":"เขตธนบุรี","trans_pic":"","pump2_type":"-","mdb_pic":"BMA\\VDO_DRONE\\SUMP\\BWS100_MD.jpg","area_p4_y":100.470004,"meter_pic":"BMA\\VDO_DRONE\\SUMP\\BWS100_ME.jpg","area_p2_x":13.777735,"sump_code":"BW.S.100","area_p4_x":13.777735,"amount5":"-","area_p2_y":100.470004,"amount4":"-","pump5_catagory":"-","hpl_meter":"G:\\BMA\\VDO_DRONE\\SUMP\\BWS100_ME.jpg","pump3_type":"-","amount3":"-","amount2":"-","area_p2_pic":"BMA\\VDO_DRONE\\SUMP\\BWS100_A2.jpg","gate_type":"1","amount1":"1","area_p5_pic":"BMA\\VDO_DRONE\\SUMP\\BWS100_A5.jpg","reflex_area":"กรุงเทพธนบุรี","pipe_in_bed2":0,"pipe_in_bed3":0,"pipe_in_bed1":2.45,"home_type":"ไม่มี","date_survey":"10 มิถุนายน 2021","pipe_in_bed4":0,"pump1_type":"หอยโข่ง","pump5_volume":0,"owner":"บางกอกน้อย","pump4_type":"-","area_p1_pic":"BMA\\VDO_DRONE\\SUMP\\BWS100_A1.jpg","pump3_volume":0,"pump1_catagory":"ไฟฟ้า","objectid_1":223,"pump2_catagory":"-","sump_bed":"2.9","pipe_in_dimention1":0.4,"pipe_in_dimention2":0,"pipe_in_dimention3":0,"meter_code":"MEA-6790467","pipe_in_dimention4":0,"pump1_volume":0.03,"hpl_areap1":"G:\\BMA\\VDO_DRONE\\SUMP\\BWS100_A1.jpg","surveillant_name":"-","hpl_areap3":"G:\\BMA\\VDO_DRONE\\SUMP\\BWS100_A3.jpg","district_id":"1020","hpl_areap2":"G:\\BMA\\VDO_DRONE\\SUMP\\BWS100_A2.jpg","hpl_areap5":"G:\\BMA\\VDO_DRONE\\SUMP\\BWS100_A5.jpg","hpl_areap4":"G:\\BMA\\VDO_DRONE\\SUMP\\BWS100_A4.jpg","objectid":222,"pump_amount":"1"}},{"geometry":{"type":"Point","coordinates":[100.46980702628811,13.778036985998671],"crs":null},"id":224,"type":"Feature","properties":{"utm_x":658892.32,"pump3_catagory":"-","year":"2564","accessibility":"บริเวณชุมชนหลังรพ.เจ้าพระยา  ริมคลองบางกอกน้อย","pump5_type":"-","sump_type":"บ่อสูบน้ำ","utm_y":1523663.98,"area_p1_y":100.469837,"area_p1_x":13.77808,"area_p3_y":100.469837,"sump_length":3.3,"area_p3_x":13.77808,"hpl_mdb":"G:\\BMA\\VDO_DRONE\\SUMP\\BWS098_MD.jpg","home_pic":"","sump_depth":2.9,"pump2_volume":0,"pump4_volume":0,"meter":15,"surveillant_mobile":"-","telephone":"-","mdb":50,"hpl_trans":"","volume":18.18,"subdistrict_id":"102009","hpl_home":"","sump_area":"กรุงเทพธนบุรี","sump_width":1.9,"fd_prevent_code":"30","area_p3_pic":"BMA\\VDO_DRONE\\SUMP\\BWS098_A3.jpg","district_t":"บางกอกน้อย","pump4_catagory":"-","sump_name":"บ่อสูบน้ำปากคลองพิกุล 1","mea_tel":"0-2412-8699 , 0-2878-5222 , 0-2878-5333","area_p4_pic":"BMA\\VDO_DRONE\\SUMP\\BWS098_A4.jpg","transformer":0,"mea":"เขตธนบุรี","trans_pic":"","pump2_type":"-","mdb_pic":"BMA\\VDO_DRONE\\SUMP\\BWS098_MD.jpg","area_p4_y":100.469837,"meter_pic":"BMA\\VDO_DRONE\\SUMP\\BWS098_ME.jpg","area_p2_x":13.77808,"sump_code":"BW.S.098","area_p4_x":13.77808,"amount5":"-","area_p2_y":100.469837,"amount4":"-","pump5_catagory":"-","hpl_meter":"G:\\BMA\\VDO_DRONE\\SUMP\\BWS098_ME.jpg","pump3_type":"-","amount3":"-","amount2":"-","area_p2_pic":"BMA\\VDO_DRONE\\SUMP\\BWS098_A2.jpg","gate_type":"1","amount1":"1","area_p5_pic":"","reflex_area":"กรุงเทพธนบุรี","pipe_in_bed2":0,"pipe_in_bed3":0,"pipe_in_bed1":2.45,"home_type":"ไม่มี","date_survey":"10 มิถุนายน 2021","pipe_in_bed4":0,"pump1_type":"หอยโข่ง","pump5_volume":0,"owner":"บางกอกน้อย","pump4_type":"-","area_p1_pic":"BMA\\VDO_DRONE\\SUMP\\BWS098_A1.jpg","pump3_volume":0,"pump1_catagory":"ไฟฟ้า","objectid_1":224,"pump2_catagory":"-","sump_bed":"2.9","pipe_in_dimention1":0.4,"pipe_in_dimention2":0,"pipe_in_dimention3":0,"meter_code":"MEA-6790677","pipe_in_dimention4":0,"pump1_volume":0.03,"hpl_areap1":"G:\\BMA\\VDO_DRONE\\SUMP\\BWS098_A1.jpg","surveillant_name":"-","hpl_areap3":"G:\\BMA\\VDO_DRONE\\SUMP\\BWS098_A3.jpg","district_id":"1020","hpl_areap2":"G:\\BMA\\VDO_DRONE\\SUMP\\BWS098_A2.jpg","hpl_areap5":"","hpl_areap4":"G:\\BMA\\VDO_DRONE\\SUMP\\BWS098_A4.jpg","objectid":223,"pump_amount":"1"}},{"geometry":{"type":"Point","coordinates":[100.46960200140163,13.778424016619898],"crs":null},"id":225,"type":"Feature","properties":{"utm_x":658869.89,"pump3_catagory":"-","year":"2564","accessibility":"หลังบ้านริมน้ำ ริมคลองบางกอกน้อย อยู่หลังสวนหย่อมโรงพยาบาลเจ้าพระยา","pump5_type":"-","sump_type":"บ่อสูบน้ำ","utm_y":1523706.66,"area_p1_y":100.469627,"area_p1_x":13.778424,"area_p3_y":100.469627,"sump_length":3.3,"area_p3_x":13.778424,"hpl_mdb":"G:\\BMA\\VDO_DRONE\\SUMP\\BWS099_MD.jpg","home_pic":"","sump_depth":2.9,"pump2_volume":0,"pump4_volume":0,"meter":15,"surveillant_mobile":"-","telephone":"-","mdb":50,"hpl_trans":"","volume":18.18,"subdistrict_id":"102009","hpl_home":"","sump_area":"กรุงเทพธนบุรี","sump_width":1.9,"fd_prevent_code":"29","area_p3_pic":"BMA\\VDO_DRONE\\SUMP\\BWS099_A3.jpg","district_t":"บางกอกน้อย","pump4_catagory":"-","sump_name":"บ่อสูบน้ำบริเวณชุมชนข้าง รพ. เจ้าพระยา 2","mea_tel":"0-2412-8699 , 0-2878-5222 , 0-2878-5333","area_p4_pic":"BMA\\VDO_DRONE\\SUMP\\BWS099_A4.jpg","transformer":0,"mea":"เขตธนบุรี","trans_pic":"","pump2_type":"-","mdb_pic":"BMA\\VDO_DRONE\\SUMP\\BWS099_MD.jpg","area_p4_y":100.469627,"meter_pic":"BMA\\VDO_DRONE\\SUMP\\BWS099_ME.jpg","area_p2_x":13.778424,"sump_code":"BW.S.099","area_p4_x":13.778424,"amount5":"-","area_p2_y":100.469627,"amount4":"-","pump5_catagory":"-","hpl_meter":"G:\\BMA\\VDO_DRONE\\SUMP\\BWS099_ME.jpg","pump3_type":"-","amount3":"-","amount2":"-","area_p2_pic":"BMA\\VDO_DRONE\\SUMP\\BWS099_A2.jpg","gate_type":"1","amount1":"1","area_p5_pic":"BMA\\VDO_DRONE\\SUMP\\BWS099_A5.jpg","reflex_area":"กรุงเทพธนบุรี","pipe_in_bed2":0,"pipe_in_bed3":0,"pipe_in_bed1":2.45,"home_type":"ไม่มี","date_survey":"10 มิถุนายน 2021","pipe_in_bed4":0,"pump1_type":"หอยโข่ง","pump5_volume":0,"owner":"บางกอกน้อย","pump4_type":"-","area_p1_pic":"BMA\\VDO_DRONE\\SUMP\\BWS099_A1.jpg","pump3_volume":0,"pump1_catagory":"ไฟฟ้า","objectid_1":225,"pump2_catagory":"-","sump_bed":"2.9","pipe_in_dimention1":0.4,"pipe_in_dimention2":0,"pipe_in_dimention3":0,"meter_code":"MEA-6790683","pipe_in_dimention4":0,"pump1_volume":0.03,"hpl_areap1":"G:\\BMA\\VDO_DRONE\\SUMP\\BWS099_A1.jpg","surveillant_name":"-","hpl_areap3":"G:\\BMA\\VDO_DRONE\\SUMP\\BWS099_A3.jpg","district_id":"1020","hpl_areap2":"G:\\BMA\\VDO_DRONE\\SUMP\\BWS099_A2.jpg","hpl_areap5":"G:\\BMA\\VDO_DRONE\\SUMP\\BWS099_A5.jpg","hpl_areap4":"G:\\BMA\\VDO_DRONE\\SUMP\\BWS099_A4.jpg","objectid":224,"pump_amount":"1"}},{"geometry":{"type":"Point","coordinates":[100.46871602224256,13.778577011783934],"crs":null},"id":226,"type":"Feature","properties":{"utm_x":658773.99,"pump3_catagory":"-","year":"2564","accessibility":"ริมคลองบางกอกน้อย","pump5_type":"-","sump_type":"บ่อสูบน้ำ","utm_y":1523723,"area_p1_y":100.468748,"area_p1_x":13.778641,"area_p3_y":100.468748,"sump_length":1.6,"area_p3_x":13.778641,"hpl_mdb":"G:\\BMA\\VDO_DRONE\\SUMP\\BWS097_MD.jpg","home_pic":"","sump_depth":3.28,"pump2_volume":0,"pump4_volume":0,"meter":15,"surveillant_mobile":"-","telephone":"-","mdb":50,"hpl_trans":"","volume":6.3,"subdistrict_id":"102006","hpl_home":"","sump_area":"กรุงเทพธนบุรี","sump_width":1.2,"fd_prevent_code":"30","area_p3_pic":"BMA\\VDO_DRONE\\SUMP\\BWS097_A3.jpg","district_t":"บางกอกน้อย","pump4_catagory":"-","sump_name":"บ่อสูบน้ำคลองแกลบ","mea_tel":"0-2832-5211 , 0-2595-1300","area_p4_pic":"BMA\\VDO_DRONE\\SUMP\\BWS097_A4.jpg","transformer":225,"mea":"เขตบางใหญ่","trans_pic":"","pump2_type":"-","mdb_pic":"BMA\\VDO_DRONE\\SUMP\\BWS097_MD.jpg","area_p4_y":100.468748,"meter_pic":"BMA\\VDO_DRONE\\SUMP\\BWS097_ME.jpg","area_p2_x":13.778641,"sump_code":"BW.S.097","area_p4_x":13.778641,"amount5":"-","area_p2_y":100.468748,"amount4":"-","pump5_catagory":"-","hpl_meter":"G:\\BMA\\VDO_DRONE\\SUMP\\BWS097_ME.jpg","pump3_type":"-","amount3":"-","amount2":"-","area_p2_pic":"BMA\\VDO_DRONE\\SUMP\\BWS097_A2.jpg","gate_type":"1","amount1":"1","area_p5_pic":"BMA\\VDO_DRONE\\SUMP\\BWS097_A5.jpg","reflex_area":"กรุงเทพธนบุรี","pipe_in_bed2":0,"pipe_in_bed3":0,"pipe_in_bed1":2.55,"home_type":"ไม่มี","date_survey":"10 มิถุนายน 2021","pipe_in_bed4":0,"pump1_type":"หอยโข่ง","pump5_volume":0,"owner":"บางกอกน้อย","pump4_type":"-","area_p1_pic":"BMA\\VDO_DRONE\\SUMP\\BWS097_A1.jpg","pump3_volume":0,"pump1_catagory":"ไฟฟ้า","objectid_1":226,"pump2_catagory":"-","sump_bed":"23.28","pipe_in_dimention1":0.4,"pipe_in_dimention2":0,"pipe_in_dimention3":0,"meter_code":"MEA-5364558","pipe_in_dimention4":0,"pump1_volume":0.03,"hpl_areap1":"G:\\BMA\\VDO_DRONE\\SUMP\\BWS097_A1.jpg","surveillant_name":"-","hpl_areap3":"G:\\BMA\\VDO_DRONE\\SUMP\\BWS097_A3.jpg","district_id":"1020","hpl_areap2":"G:\\BMA\\VDO_DRONE\\SUMP\\BWS097_A2.jpg","hpl_areap5":"G:\\BMA\\VDO_DRONE\\SUMP\\BWS097_A5.jpg","hpl_areap4":"G:\\BMA\\VDO_DRONE\\SUMP\\BWS097_A4.jpg","objectid":225,"pump_amount":"1"}},{"geometry":{"type":"Point","coordinates":[100.46745196506242,13.779427035836155],"crs":null},"id":227,"type":"Feature","properties":{"utm_x":658636.74,"pump3_catagory":"-","year":"2564","accessibility":"บริเวณปากคลองชักพระ ในซอยบางขุนนนท์24(ซอยกิตติชัย)","pump5_type":"-","sump_type":"บ่อสูบน้ำ","utm_y":1523816.2,"area_p1_y":100.4649,"area_p1_x":13.779115,"area_p3_y":100.4649,"sump_length":1.25,"area_p3_x":13.779115,"hpl_mdb":"G:\\BMA\\VDO_DRONE\\SUMP\\BWS084_MD.jpg","home_pic":"","sump_depth":3.2,"pump2_volume":0,"pump4_volume":0,"meter":15,"surveillant_mobile":"-","telephone":"-","mdb":50,"hpl_trans":"G:\\BMA\\VDO_DRONE\\SUMP\\BWS084_TR.jpg","volume":6.4,"subdistrict_id":"102006","hpl_home":"","sump_area":"กรุงเทพธนบุรี","sump_width":1.6,"fd_prevent_code":"30","area_p3_pic":"BMA\\VDO_DRONE\\SUMP\\BWS084_A3.jpg","district_t":"บางกอกน้อย","pump4_catagory":"-","sump_name":"บ่อสูบน้ำบริเวณปากคลองชักพระ 1","mea_tel":"0-2832-5211 , 0-2595-1300","area_p4_pic":"BMA\\VDO_DRONE\\SUMP\\BWS084_A4.jpg","transformer":225,"mea":"เขตบางใหญ่","trans_pic":"BMA\\VDO_DRONE\\SUMP\\BWS084_TR.jpg","pump2_type":"-","mdb_pic":"BMA\\VDO_DRONE\\SUMP\\BWS084_MD.jpg","area_p4_y":100.4649,"meter_pic":"BMA\\VDO_DRONE\\SUMP\\BWS084_ME.jpg","area_p2_x":13.779115,"sump_code":"BW.S.084","area_p4_x":13.779115,"amount5":"-","area_p2_y":100.4649,"amount4":"-","pump5_catagory":"-","hpl_meter":"G:\\BMA\\VDO_DRONE\\SUMP\\BWS084_ME.jpg","pump3_type":"-","amount3":"-","amount2":"-","area_p2_pic":"BMA\\VDO_DRONE\\SUMP\\BWS084_A2.jpg","gate_type":"1","amount1":"1","area_p5_pic":"BMA\\VDO_DRONE\\SUMP\\BWS084_A5.jpg","reflex_area":"กรุงเทพธนบุรี","pipe_in_bed2":0,"pipe_in_bed3":0,"pipe_in_bed1":2.8,"home_type":"ไม่มี","date_survey":"10 มิถุนายน 2021","pipe_in_bed4":0,"pump1_type":"หอยโข่ง","pump5_volume":0,"owner":"บางกอกน้อย","pump4_type":"-","area_p1_pic":"BMA\\VDO_DRONE\\SUMP\\BWS084_A1.jpg","pump3_volume":0,"pump1_catagory":"ไฟฟ้า","objectid_1":227,"pump2_catagory":"-","sump_bed":"3.2","pipe_in_dimention1":0.6,"pipe_in_dimention2":0,"pipe_in_dimention3":0,"meter_code":"MEA-4664082","pipe_in_dimention4":0,"pump1_volume":0.03,"hpl_areap1":"G:\\BMA\\VDO_DRONE\\SUMP\\BWS084_A1.jpg","surveillant_name":"-","hpl_areap3":"G:\\BMA\\VDO_DRONE\\SUMP\\BWS084_A3.jpg","district_id":"1020","hpl_areap2":"G:\\BMA\\VDO_DRONE\\SUMP\\BWS084_A2.jpg","hpl_areap5":"G:\\BMA\\VDO_DRONE\\SUMP\\BWS084_A5.jpg","hpl_areap4":"G:\\BMA\\VDO_DRONE\\SUMP\\BWS084_A4.jpg","objectid":227,"pump_amount":"1"}},{"geometry":{"type":"Point","coordinates":[100.46717400702508,13.779658025837024],"crs":null},"id":228,"type":"Feature","properties":{"utm_x":658606.53,"pump3_catagory":"-","year":"2564","accessibility":"ซอยชัยพฤกษ์2 บริเวณปากคลองชักพระ ในชุมชนริมคลองชักพระ","pump5_type":"-","sump_type":"บ่อสูบน้ำ","utm_y":1523841.57,"area_p1_y":100.601941,"area_p1_x":13.795174,"area_p3_y":100.601941,"sump_length":3.3,"area_p3_x":13.795174,"hpl_mdb":"G:\\BMA\\VDO_DRONE\\SUMP\\BWS102_MD.jpg","home_pic":"","sump_depth":2.95,"pump2_volume":0,"pump4_volume":0,"meter":150,"surveillant_mobile":"-","telephone":"-","mdb":125,"hpl_trans":"","volume":18.5,"subdistrict_id":"101901","hpl_home":"","sump_area":"กรุงเทพธนบุรี","sump_width":1.9,"fd_prevent_code":"32","area_p3_pic":"BMA\\VDO_DRONE\\SUMP\\BWS102_A3.jpg","district_t":"ตลิ่งชัน","pump4_catagory":"-","sump_name":"บ่อสูบน้ำบริเวณปากคลองชักพระ 2","mea_tel":"0-2832-5211 , 0-2595-1300","area_p4_pic":"BMA\\VDO_DRONE\\SUMP\\BWS102_A4.jpg","transformer":0,"mea":"เขตบางใหญ่","trans_pic":"","pump2_type":"-","mdb_pic":"BMA\\VDO_DRONE\\SUMP\\BWS102_MD.jpg","area_p4_y":100.601941,"meter_pic":"","area_p2_x":13.795174,"sump_code":"BW.S.102","area_p4_x":13.795174,"amount5":"-","area_p2_y":100.601941,"amount4":"-","pump5_catagory":"-","hpl_meter":"","pump3_type":"-","amount3":"-","amount2":"-","area_p2_pic":"BMA\\VDO_DRONE\\SUMP\\BWS102_A2.jpg","gate_type":"1","amount1":"1","area_p5_pic":"BMA\\VDO_DRONE\\SUMP\\BWS102_A5.jpg","reflex_area":"กรุงเทพธนบุรี","pipe_in_bed2":0,"pipe_in_bed3":0,"pipe_in_bed1":2.45,"home_type":"ไม่มี","date_survey":"10 มิถุนายน 2021","pipe_in_bed4":0,"pump1_type":"หอยโข่ง","pump5_volume":0,"owner":"ตลิ่งชัน","pump4_type":"-","area_p1_pic":"BMA\\VDO_DRONE\\SUMP\\BWS102_A1.jpg","pump3_volume":0,"pump1_catagory":"ไฟฟ้า","objectid_1":228,"pump2_catagory":"-","sump_bed":"2.95","pipe_in_dimention1":0.4,"pipe_in_dimention2":0,"pipe_in_dimention3":0,"meter_code":"MEA-1588133","pipe_in_dimention4":0,"pump1_volume":0.03,"hpl_areap1":"G:\\BMA\\VDO_DRONE\\SUMP\\BWS102_A1.jpg","surveillant_name":"-","hpl_areap3":"G:\\BMA\\VDO_DRONE\\SUMP\\BWS102_A3.jpg","district_id":"1019","hpl_areap2":"G:\\BMA\\VDO_DRONE\\SUMP\\BWS102_A2.jpg","hpl_areap5":"G:\\BMA\\VDO_DRONE\\SUMP\\BWS102_A5.jpg","hpl_areap4":"G:\\BMA\\VDO_DRONE\\SUMP\\BWS102_A4.jpg","objectid":228,"pump_amount":"1"}},{"geometry":{"type":"Point","coordinates":[100.46793296532378,13.779661001989071],"crs":null},"id":229,"type":"Feature","properties":{"utm_x":658688.59,"pump3_catagory":"-","year":"2564","accessibility":"ท่าเรือริมคลองในวัดสุวรรณคีรี (ขี้เหล็ก)","pump5_type":"-","sump_type":"บ่อสูบน้ำ","utm_y":1523842.4,"area_p1_y":100.467332,"area_p1_x":13.779044,"area_p3_y":100.467332,"sump_length":2.4,"area_p3_x":13.779044,"hpl_mdb":"G:\\BMA\\VDO_DRONE\\SUMP\\BWS101_MD.jpg","home_pic":"","sump_depth":3.1,"pump2_volume":0,"pump4_volume":0,"meter":15,"surveillant_mobile":"-","telephone":"-","mdb":50,"hpl_trans":"","volume":10.04,"subdistrict_id":"102009","hpl_home":"","sump_area":"กรุงเทพธนบุรี","sump_width":1.35,"fd_prevent_code":"30","area_p3_pic":"BMA\\VDO_DRONE\\SUMP\\BWS101_A3.jpg","district_t":"บางกอกน้อย","pump4_catagory":"-","sump_name":"บ่อสูบน้ำบริเวณคลองวัดสุวรรณคีรี 1","mea_tel":"0-2412-8699 , 0-2878-5222 , 0-2878-5333","area_p4_pic":"BMA\\VDO_DRONE\\SUMP\\BWS101_A4.jpg","transformer":0,"mea":"เขตธนบุรี","trans_pic":"","pump2_type":"-","mdb_pic":"BMA\\VDO_DRONE\\SUMP\\BWS101_MD.jpg","area_p4_y":100.467332,"meter_pic":"BMA\\VDO_DRONE\\SUMP\\BWS101_ME.jpg","area_p2_x":13.779044,"sump_code":"BW.S.101","area_p4_x":13.779044,"amount5":"-","area_p2_y":100.467332,"amount4":"-","pump5_catagory":"-","hpl_meter":"G:\\BMA\\VDO_DRONE\\SUMP\\BWS101_ME.jpg","pump3_type":"-","amount3":"-","amount2":"-","area_p2_pic":"BMA\\VDO_DRONE\\SUMP\\BWS101_A2.jpg","gate_type":"1","amount1":"1","area_p5_pic":"BMA\\VDO_DRONE\\SUMP\\BWS101_A5.jpg","reflex_area":"กรุงเทพธนบุรี","pipe_in_bed2":0,"pipe_in_bed3":0,"pipe_in_bed1":2.8,"home_type":"ไม่มี","date_survey":"10 มิถุนายน 2021","pipe_in_bed4":0,"pump1_type":"หอยโข่ง","pump5_volume":0,"owner":"บางกอกน้อย","pump4_type":"-","area_p1_pic":"BMA\\VDO_DRONE\\SUMP\\BWS101_A1.jpg","pump3_volume":0,"pump1_catagory":"ไฟฟ้า","objectid_1":229,"pump2_catagory":"-","sump_bed":"3.1","pipe_in_dimention1":0.4,"pipe_in_dimention2":0,"pipe_in_dimention3":0,"meter_code":"MEA-5365498","pipe_in_dimention4":0,"pump1_volume":0.03,"hpl_areap1":"G:\\BMA\\VDO_DRONE\\SUMP\\BWS101_A1.jpg","surveillant_name":"-","hpl_areap3":"G:\\BMA\\VDO_DRONE\\SUMP\\BWS101_A3.jpg","district_id":"1020","hpl_areap2":"G:\\BMA\\VDO_DRONE\\SUMP\\BWS101_A2.jpg","hpl_areap5":"G:\\BMA\\VDO_DRONE\\SUMP\\BWS101_A5.jpg","hpl_areap4":"G:\\BMA\\VDO_DRONE\\SUMP\\BWS101_A4.jpg","objectid":229,"pump_amount":"1"}},{"geometry":{"type":"Point","coordinates":[100.44477999975827,13.78022199642439],"crs":null},"id":230,"type":"Feature","properties":{"utm_x":656184.8248,"pump3_catagory":"-","year":"2564","accessibility":"ถนนบรมราชชนนี หน้ารพ.สัตว์ตลิ่งชัน ข้างโตโยต้ามหานคร","pump5_type":"-","sump_type":"บ่อสูบน้ำ","utm_y":1523889.3,"area_p1_y":100.444784,"area_p1_x":13.780226,"area_p3_y":100.444783,"sump_length":15.3,"area_p3_x":13.780231,"hpl_mdb":"G:\\BMA\\VDO_DRONE\\SUMP\\BWS079_MD.jpg","home_pic":"BMA\\VDO_DRONE\\SUMP\\BWS079_HO.jpg","sump_depth":5,"pump2_volume":2,"pump4_volume":0,"meter":30,"surveillant_mobile":"-","telephone":"-","mdb":800,"hpl_trans":"G:\\BMA\\VDO_DRONE\\SUMP\\BWS079_TR.jpg","volume":359.55,"subdistrict_id":"101903","hpl_home":"G:\\BMA\\VDO_DRONE\\SUMP\\BWS079_HO.jpg","sump_area":"กรุงเทพธนบุรี","sump_width":4.7,"fd_prevent_code":"32","area_p3_pic":"BMA\\VDO_DRONE\\SUMP\\BWS079_A3.jpg","district_t":"ตลิ่งชัน","pump4_catagory":"-","sump_name":"บ่อสูบน้ำขุนจันทร์ ตอนถนนบรมราชชนนี","mea_tel":"0-2412-8699 , 0-2878-5222 , 0-2878-5334","area_p4_pic":"BMA\\VDO_DRONE\\SUMP\\BWS079_A4.jpg","transformer":630,"mea":"เขตธนบุรี","trans_pic":"BMA\\VDO_DRONE\\SUMP\\BWS079_TR.jpg","pump2_type":"คอลัมป์ไปท์","mdb_pic":"BMA\\VDO_DRONE\\SUMP\\BWS079_MD.jpg","area_p4_y":100.444777,"meter_pic":"BMA\\VDO_DRONE\\SUMP\\BWS079_ME.jpg","area_p2_x":13.780225,"sump_code":"BW.S.079","area_p4_x":13.780228,"amount5":"-","area_p2_y":100.444781,"amount4":"-","pump5_catagory":"-","hpl_meter":"G:\\BMA\\VDO_DRONE\\SUMP\\BWS079_ME.jpg","pump3_type":"-","amount3":"-","amount2":"2","area_p2_pic":"BMA\\VDO_DRONE\\SUMP\\BWS079_A2.jpg","gate_type":"8","amount1":"2","area_p5_pic":"BMA\\VDO_DRONE\\SUMP\\BWS079_A5.jpg","reflex_area":"กรุงเทพธนบุรี","pipe_in_bed2":4.2,"pipe_in_bed3":4.2,"pipe_in_bed1":4.2,"home_type":"ตู้คอนเทนเนอร์","date_survey":"20 เมษายน 2021","pipe_in_bed4":0,"pump1_type":"คอลัมป์ไปท์","pump5_volume":0,"owner":"ตลิ่งชัน","pump4_type":"-","area_p1_pic":"BMA\\VDO_DRONE\\SUMP\\BWS079_A1.jpg","pump3_volume":0,"pump1_catagory":"ไฟฟ้า","objectid_1":230,"pump2_catagory":"ไฟฟ้า","sump_bed":"5","pipe_in_dimention1":2.1,"pipe_in_dimention2":2.1,"pipe_in_dimention3":2.1,"meter_code":"MEA-TOU-9217528","pipe_in_dimention4":0,"pump1_volume":4,"hpl_areap1":"G:\\BMA\\VDO_DRONE\\SUMP\\BWS079_A1.jpg","surveillant_name":"-","hpl_areap3":"G:\\BMA\\VDO_DRONE\\SUMP\\BWS079_A3.jpg","district_id":"1019","hpl_areap2":"G:\\BMA\\VDO_DRONE\\SUMP\\BWS079_A2.jpg","hpl_areap5":"G:\\BMA\\VDO_DRONE\\SUMP\\BWS079_A5.jpg","hpl_areap4":"G:\\BMA\\VDO_DRONE\\SUMP\\BWS079_A4.jpg","objectid":230,"pump_amount":"4"}},{"geometry":{"type":"Point","coordinates":[100.5041883651818,13.780060927955546],"crs":null},"id":231,"type":"Feature","properties":{"utm_x":662608.4405,"pump3_catagory":"-","year":"2564","accessibility":"ถนนราชวิถี ช่วงใต้สะพานซังฮี้ (เขตดุสิต) ศาลเจ้าแม่ทับทิม","pump5_type":"-","sump_type":"บ่อสูบน้ำ","utm_y":1523910.866,"area_p1_y":100.504088,"area_p1_x":13.780252,"area_p3_y":100.504081,"sump_length":2.64,"area_p3_x":13.780175,"hpl_mdb":"G:\\BMA\\VDO_DRONE\\SUMP\\BNS079_MD.jpg","home_pic":"","sump_depth":2.19,"pump2_volume":0.2,"pump4_volume":0,"meter":200,"surveillant_mobile":"-","telephone":"-","mdb":200,"hpl_trans":"","volume":8.09,"subdistrict_id":"100202","hpl_home":"","sump_area":"กรุงเทพเหนือ","sump_width":1.4,"fd_prevent_code":"08","area_p3_pic":"BMA\\VDO_DRONE\\SUMP\\BNS079_A3.jpg","district_t":"ดุสิต","pump4_catagory":"-","sump_name":"บ่อสูบน้ำถนนราชวิถี ช่วงใต้สะพานซังฮี้ (เขตดุสิต)","mea_tel":"0-2242-5211 , 0-2243-0131 , 0-2241-5409","area_p4_pic":"BMA\\VDO_DRONE\\SUMP\\BNS079_A4.jpg","transformer":0,"mea":"เขตสามเสน","trans_pic":"","pump2_type":"หอยโข่ง","mdb_pic":"BMA\\VDO_DRONE\\SUMP\\BNS079_MD.jpg","area_p4_y":100.50415,"meter_pic":"BMA\\VDO_DRONE\\SUMP\\BNS079_ME.jpg","area_p2_x":13.78022,"sump_code":"BN.S.079","area_p4_x":13.780148,"amount5":"-","area_p2_y":100.50419,"amount4":"-","pump5_catagory":"-","hpl_meter":"G:\\BMA\\VDO_DRONE\\SUMP\\BNS079_ME.jpg","pump3_type":"-","amount3":"-","amount2":"1","area_p2_pic":"BMA\\VDO_DRONE\\SUMP\\BNS079_A2.jpg","gate_type":"8","amount1":"1","area_p5_pic":"","reflex_area":"กรุงเทพเหนือ","pipe_in_bed2":0,"pipe_in_bed3":0,"pipe_in_bed1":2.22,"home_type":"ไม่มี","date_survey":"20 กุมภาพันธ์ 2021","pipe_in_bed4":0,"pump1_type":"หอยโข่ง","pump5_volume":0,"owner":"ดุสิต","pump4_type":"-","area_p1_pic":"BMA\\VDO_DRONE\\SUMP\\BNS079_A1.jpg","pump3_volume":0,"pump1_catagory":"ดีเซล","objectid_1":231,"pump2_catagory":"ไฟฟ้า","sump_bed":"2.19","pipe_in_dimention1":0.6,"pipe_in_dimention2":0,"pipe_in_dimention3":0,"meter_code":"MEA-TOU-031477","pipe_in_dimention4":0,"pump1_volume":0.2,"hpl_areap1":"G:\\BMA\\VDO_DRONE\\SUMP\\BNS079_A1.jpg","surveillant_name":"-","hpl_areap3":"G:\\BMA\\VDO_DRONE\\SUMP\\BNS079_A3.jpg","district_id":"1002","hpl_areap2":"G:\\BMA\\VDO_DRONE\\SUMP\\BNS079_A2.jpg","hpl_areap5":"","hpl_areap4":"G:\\BMA\\VDO_DRONE\\SUMP\\BNS079_A4.jpg","objectid":231,"pump_amount":"2"}},{"geometry":{"type":"Point","coordinates":[100.46706395624031,13.780815016673891],"crs":null},"id":232,"type":"Feature","properties":{"utm_x":658593.85,"pump3_catagory":"-","year":"2564","accessibility":"บริเวณชุมชนริมคลองใกล้วัดสุวรรณคีรี ","pump5_type":"-","sump_type":"บ่อสูบน้ำ","utm_y":1523969.49,"area_p1_y":100.467157,"area_p1_x":13.780795,"area_p3_y":100.467157,"sump_length":2.35,"area_p3_x":13.780795,"hpl_mdb":"G:\\BMA\\VDO_DRONE\\SUMP\\BWS094_MD.jpg","home_pic":"","sump_depth":3.25,"pump2_volume":0,"pump4_volume":0,"meter":15,"surveillant_mobile":"-","telephone":"-","mdb":50,"hpl_trans":"","volume":10.31,"subdistrict_id":"102009","hpl_home":"","sump_area":"กรุงเทพธนบุรี","sump_width":1.35,"fd_prevent_code":"29","area_p3_pic":"BMA\\VDO_DRONE\\SUMP\\BWS094_A3.jpg","district_t":"บางกอกน้อย","pump4_catagory":"-","sump_name":"บ่อสูบน้ำบริเวณคลองวัดสุวรรณคีรี 2","mea_tel":"0-2412-8699 , 0-2878-5222 , 0-2878-5333","area_p4_pic":"BMA\\VDO_DRONE\\SUMP\\BWS094_A4.jpg","transformer":0,"mea":"เขตธนบุรี","trans_pic":"","pump2_type":"-","mdb_pic":"BMA\\VDO_DRONE\\SUMP\\BWS094_MD.jpg","area_p4_y":100.467157,"meter_pic":"BMA\\VDO_DRONE\\SUMP\\BWS094_ME.jpg","area_p2_x":13.780795,"sump_code":"BW.S.094","area_p4_x":13.780795,"amount5":"-","area_p2_y":100.467157,"amount4":"-","pump5_catagory":"-","hpl_meter":"G:\\BMA\\VDO_DRONE\\SUMP\\BWS094_ME.jpg","pump3_type":"-","amount3":"-","amount2":"-","area_p2_pic":"BMA\\VDO_DRONE\\SUMP\\BWS094_A2.jpg","gate_type":"1","amount1":"1","area_p5_pic":"BMA\\VDO_DRONE\\SUMP\\BWS094_A5.jpg","reflex_area":"กรุงเทพธนบุรี","pipe_in_bed2":0,"pipe_in_bed3":0,"pipe_in_bed1":3,"home_type":"ไม่มี","date_survey":"10 มิถุนายน 2021","pipe_in_bed4":0,"pump1_type":"หอยโข่ง","pump5_volume":0,"owner":"บางกอกน้อย","pump4_type":"-","area_p1_pic":"BMA\\VDO_DRONE\\SUMP\\BWS094_A1.jpg","pump3_volume":0,"pump1_catagory":"ไฟฟ้า","objectid_1":232,"pump2_catagory":"-","sump_bed":"3.25","pipe_in_dimention1":0.4,"pipe_in_dimention2":0,"pipe_in_dimention3":0,"meter_code":"MEA-4666844","pipe_in_dimention4":0,"pump1_volume":0.03,"hpl_areap1":"G:\\BMA\\VDO_DRONE\\SUMP\\BWS094_A1.jpg","surveillant_name":"-","hpl_areap3":"G:\\BMA\\VDO_DRONE\\SUMP\\BWS094_A3.jpg","district_id":"1020","hpl_areap2":"G:\\BMA\\VDO_DRONE\\SUMP\\BWS094_A2.jpg","hpl_areap5":"G:\\BMA\\VDO_DRONE\\SUMP\\BWS094_A5.jpg","hpl_areap4":"G:\\BMA\\VDO_DRONE\\SUMP\\BWS094_A4.jpg","objectid":232,"pump_amount":"1"}},{"geometry":{"type":"Point","coordinates":[100.43125600020149,13.781105004165179],"crs":null},"id":233,"type":"Feature","properties":{"utm_x":654721.9879,"pump3_catagory":"-","year":"2564","accessibility":"ปากซอยถนนฉิมพลี มีลานจอดรถ","pump5_type":"-","sump_type":"บ่อสูบน้ำ","utm_y":1523978.238,"area_p1_y":100.431254,"area_p1_x":13.7811,"area_p3_y":100.431252,"sump_length":11.74,"area_p3_x":13.781104,"hpl_mdb":"G:\\BMA\\VDO_DRONE\\SUMP\\BWS061_MD.jpg","home_pic":"","sump_depth":3,"pump2_volume":0,"pump4_volume":0,"meter":400,"surveillant_mobile":"-","telephone":"-","mdb":630,"hpl_trans":"G:\\BMA\\VDO_DRONE\\SUMP\\BWS061_TR.jpg","volume":91.57,"subdistrict_id":"101903","hpl_home":"","sump_area":"กรุงเทพธนบุรี","sump_width":2.6,"fd_prevent_code":"15","area_p3_pic":"BMA\\VDO_DRONE\\SUMP\\BWS061_A3.jpg","district_t":"ตลิ่งชัน","pump4_catagory":"-","sump_name":"บ่อสูบน้ำฉิมพลี ตอนซอยฉิมพลี 30","mea_tel":"0-2832-5211 , 0-2595-1300","area_p4_pic":"BMA\\VDO_DRONE\\SUMP\\BWS061_A4.jpg","transformer":300,"mea":"เขตบางใหญ่","trans_pic":"BMA\\VDO_DRONE\\SUMP\\BWS061_TR.jpg","pump2_type":"-","mdb_pic":"BMA\\VDO_DRONE\\SUMP\\BWS061_MD.jpg","area_p4_y":100.431256,"meter_pic":"BMA\\VDO_DRONE\\SUMP\\BWS061_ME.jpg","area_p2_x":13.781104,"sump_code":"BW.S.061","area_p4_x":13.781105,"amount5":"-","area_p2_y":100.431257,"amount4":"-","pump5_catagory":"-","hpl_meter":"G:\\BMA\\VDO_DRONE\\SUMP\\BWS061_ME.jpg","pump3_type":"-","amount3":"-","amount2":"-","area_p2_pic":"BMA\\VDO_DRONE\\SUMP\\BWS061_A2.jpg","gate_type":"8","amount1":"2","area_p5_pic":"BMA\\VDO_DRONE\\SUMP\\BWS061_A5.jpg","reflex_area":"กรุงเทพธนบุรี","pipe_in_bed2":0,"pipe_in_bed3":0,"pipe_in_bed1":2.2,"home_type":"ไม่มี","date_survey":"19 เมษายน 2021","pipe_in_bed4":0,"pump1_type":"คอลัมป์ไปท์","pump5_volume":0,"owner":"ตลิ่งชัน","pump4_type":"-","area_p1_pic":"BMA\\VDO_DRONE\\SUMP\\BWS061_A1.jpg","pump3_volume":0,"pump1_catagory":"ไฟฟ้า","objectid_1":233,"pump2_catagory":"-","sump_bed":"3","pipe_in_dimention1":1,"pipe_in_dimention2":0,"pipe_in_dimention3":0,"meter_code":"MEA-TOU-9153178","pipe_in_dimention4":0,"pump1_volume":2,"hpl_areap1":"G:\\BMA\\VDO_DRONE\\SUMP\\BWS061_A1.jpg","surveillant_name":"-","hpl_areap3":"G:\\BMA\\VDO_DRONE\\SUMP\\BWS061_A3.jpg","district_id":"1019","hpl_areap2":"G:\\BMA\\VDO_DRONE\\SUMP\\BWS061_A2.jpg","hpl_areap5":"G:\\BMA\\VDO_DRONE\\SUMP\\BWS061_A5.jpg","hpl_areap4":"G:\\BMA\\VDO_DRONE\\SUMP\\BWS061_A4.jpg","objectid":233,"pump_amount":"2"}},{"geometry":{"type":"Point","coordinates":[100.56728383622412,13.780346375303369],"crs":null},"id":234,"type":"Feature","properties":{"utm_x":669430.5814,"pump3_catagory":"ไฟฟ้า","year":"2564","accessibility":"ถนนประชาสุข บริเวณคลองนาซอง ตรงข้ามอูอู๋มอเตอร์ไซค์","pump5_type":"-","sump_type":"บ่อสูบน้ำ","utm_y":1523986.013,"area_p1_y":100.567213,"area_p1_x":13.780298,"area_p3_y":100.567108,"sump_length":4,"area_p3_x":13.778441,"hpl_mdb":"G:\\BMA\\VDO_DRONE\\SUMP\\BNS082_MD.jpg","home_pic":"BMA\\VDO_DRONE\\SUMP\\BNS082_HO.jpg","sump_depth":3.3,"pump2_volume":0.13,"pump4_volume":0,"meter":480,"surveillant_mobile":"-","telephone":"-","mdb":690,"hpl_trans":"G:\\BMA\\VDO_DRONE\\SUMP\\BNS082_TR.jpg","volume":23.76,"subdistrict_id":"102602","hpl_home":"G:\\BMA\\VDO_DRONE\\SUMP\\BNS082_HO.jpg","sump_area":"กรุงเทพเหนือ","sump_width":1.8,"fd_prevent_code":"05","area_p3_pic":"BMA\\VDO_DRONE\\SUMP\\BNS082_A3.jpg","district_t":"ดินแดง","pump4_catagory":"-","sump_name":"บ่อสูบน้ำถนนประชาสุข ตอนลงคลองนาซอง","mea_tel":"-","area_p4_pic":"BMA\\VDO_DRONE\\SUMP\\BNS082_A4.jpg","transformer":300,"mea":"-","trans_pic":"BMA\\VDO_DRONE\\SUMP\\BNS082_TR.jpg","pump2_type":"ซับเมิร์ส","mdb_pic":"BMA\\VDO_DRONE\\SUMP\\BNS082_MD.jpg","area_p4_y":100.567213,"meter_pic":"BMA\\VDO_DRONE\\SUMP\\BNS082_ME.jpg","area_p2_x":13.780298,"sump_code":"BN.S.082","area_p4_x":13.780298,"amount5":"-","area_p2_y":100.567213,"amount4":"-","pump5_catagory":"-","hpl_meter":"G:\\BMA\\VDO_DRONE\\SUMP\\BNS082_ME.jpg","pump3_type":"หอยโข่ง","amount3":"1","amount2":"1","area_p2_pic":"BMA\\VDO_DRONE\\SUMP\\BNS082_A2.jpg","gate_type":"4","amount1":"1","area_p5_pic":"BMA\\VDO_DRONE\\SUMP\\BNS082_A5.jpg","reflex_area":"กรุงเทพเหนือ","pipe_in_bed2":0,"pipe_in_bed3":0,"pipe_in_bed1":3.3,"home_type":"ตู้คอนเทนเนอร์","date_survey":"2 มีนาคม 2021","pipe_in_bed4":0,"pump1_type":"ซับเมิร์ส","pump5_volume":0,"owner":"ดินแดง","pump4_type":"-","area_p1_pic":"BMA\\VDO_DRONE\\SUMP\\BNS082_A1.jpg","pump3_volume":0.4,"pump1_catagory":"ไฟฟ้า","objectid_1":234,"pump2_catagory":"ไฟฟ้า","sump_bed":"3.3","pipe_in_dimention1":1.2,"pipe_in_dimention2":0,"pipe_in_dimention3":0,"meter_code":"MEA-TOU-9151799","pipe_in_dimention4":0,"pump1_volume":0.5,"hpl_areap1":"G:\\BMA\\VDO_DRONE\\SUMP\\BNS082_A1.jpg","surveillant_name":"-","hpl_areap3":"G:\\BMA\\VDO_DRONE\\SUMP\\BNS082_A3.jpg","district_id":"1026","hpl_areap2":"G:\\BMA\\VDO_DRONE\\SUMP\\BNS082_A2.jpg","hpl_areap5":"G:\\BMA\\VDO_DRONE\\SUMP\\BNS082_A5.jpg","hpl_areap4":"G:\\BMA\\VDO_DRONE\\SUMP\\BNS082_A4.jpg","objectid":234,"pump_amount":"3"}},{"geometry":{"type":"Point","coordinates":[100.4261549998642,13.781626997314152],"crs":null},"id":235,"type":"Feature","properties":{"utm_x":654170.114,"pump3_catagory":"-","year":"2564","accessibility":"ถนนบรมราชชนนี หน้าทางเข้าถนนพุทธมณฑลสาย 1 ","pump5_type":"-","sump_type":"บ่อสูบน้ำ","utm_y":1524032.706,"area_p1_y":100.426152,"area_p1_x":13.781626,"area_p3_y":100.426153,"sump_length":10.17,"area_p3_x":13.78163,"hpl_mdb":"G:\\BMA\\VDO_DRONE\\SUMP\\BWS059_MD.jpg","home_pic":"BMA\\VDO_DRONE\\SUMP\\BWS059_HO.jpg","sump_depth":3.12,"pump2_volume":0,"pump4_volume":0,"meter":400,"surveillant_mobile":"-","telephone":"-","mdb":630,"hpl_trans":"G:\\BMA\\VDO_DRONE\\SUMP\\BWS059_TR.jpg","volume":88.21,"subdistrict_id":"101903","hpl_home":"G:\\BMA\\VDO_DRONE\\SUMP\\BWS059_HO.jpg","sump_area":"กรุงเทพธนบุรี","sump_width":2.78,"fd_prevent_code":"15","area_p3_pic":"BMA\\VDO_DRONE\\SUMP\\BWS059_A3.jpg","district_t":"ตลิ่งชัน","pump4_catagory":"-","sump_name":"บ่อสูบน้ำพุทธมณฑลสาย 1 ตอนถนนบรมราชชนนี","mea_tel":"0-2832-5211 , 0-2595-1300","area_p4_pic":"BMA\\VDO_DRONE\\SUMP\\BWS059_A4.jpg","transformer":500,"mea":"เขตบางใหญ่","trans_pic":"BMA\\VDO_DRONE\\SUMP\\BWS059_TR.jpg","pump2_type":"-","mdb_pic":"BMA\\VDO_DRONE\\SUMP\\BWS059_MD.jpg","area_p4_y":100.426154,"meter_pic":"BMA\\VDO_DRONE\\SUMP\\BWS059_ME.jpg","area_p2_x":13.781631,"sump_code":"BW.S.059","area_p4_x":13.781628,"amount5":"-","area_p2_y":100.426153,"amount4":"-","pump5_catagory":"-","hpl_meter":"G:\\BMA\\VDO_DRONE\\SUMP\\BWS059_ME.jpg","pump3_type":"-","amount3":"-","amount2":"-","area_p2_pic":"BMA\\VDO_DRONE\\SUMP\\BWS059_A2.jpg","gate_type":"8","amount1":"3","area_p5_pic":"BMA\\VDO_DRONE\\SUMP\\BWS059_A5.jpg","reflex_area":"กรุงเทพธนบุรี","pipe_in_bed2":0,"pipe_in_bed3":0,"pipe_in_bed1":2.54,"home_type":"ตู้คอนเทนเนอร์","date_survey":"19 เมษายน 2021","pipe_in_bed4":0,"pump1_type":"คอลัมป์ไปท์","pump5_volume":0,"owner":"ตลิ่งชัน","pump4_type":"-","area_p1_pic":"","pump3_volume":0,"pump1_catagory":"ไฟฟ้า","objectid_1":235,"pump2_catagory":"-","sump_bed":"3.12","pipe_in_dimention1":1.2,"pipe_in_dimention2":0,"pipe_in_dimention3":0,"meter_code":"MEA-TOU-9147589","pipe_in_dimention4":0,"pump1_volume":2,"hpl_areap1":"","surveillant_name":"-","hpl_areap3":"G:\\BMA\\VDO_DRONE\\SUMP\\BWS059_A3.jpg","district_id":"1019","hpl_areap2":"G:\\BMA\\VDO_DRONE\\SUMP\\BWS059_A2.jpg","hpl_areap5":"G:\\BMA\\VDO_DRONE\\SUMP\\BWS059_A5.jpg","hpl_areap4":"G:\\BMA\\VDO_DRONE\\SUMP\\BWS059_A4.jpg","objectid":235,"pump_amount":"3"}},{"geometry":{"type":"Point","coordinates":[100.46694498808934,13.78138801765704],"crs":null},"id":236,"type":"Feature","properties":{"utm_x":658580.6,"pump3_catagory":"-","year":"2564","accessibility":"ซอยริมคลองใกล้วัดสุวรรณคีรี","pump5_type":"-","sump_type":"บ่อสูบน้ำ","utm_y":1524032.8,"area_p1_y":100.466942,"area_p1_x":13.781396,"area_p3_y":100.466942,"sump_length":1.35,"area_p3_x":13.781396,"hpl_mdb":"G:\\BMA\\VDO_DRONE\\SUMP\\BWS093_MD.jpg","home_pic":"","sump_depth":3.4,"pump2_volume":0,"pump4_volume":0,"meter":15,"surveillant_mobile":"-","telephone":"-","mdb":50,"hpl_trans":"","volume":10.79,"subdistrict_id":"102009","hpl_home":"","sump_area":"กรุงเทพธนบุรี","sump_width":2.35,"fd_prevent_code":"29","area_p3_pic":"BMA\\VDO_DRONE\\SUMP\\BWS093_A3.jpg","district_t":"บางกอกน้อย","pump4_catagory":"-","sump_name":"บ่อสูบน้ำบริเวณคลองวัดสุวรรณคีรี 3","mea_tel":"0-2412-8699 , 0-2878-5222 , 0-2878-5333","area_p4_pic":"BMA\\VDO_DRONE\\SUMP\\BWS093_A4.jpg","transformer":0,"mea":"เขตธนบุรี","trans_pic":"","pump2_type":"-","mdb_pic":"BMA\\VDO_DRONE\\SUMP\\BWS093_MD.jpg","area_p4_y":100.466942,"meter_pic":"BMA\\VDO_DRONE\\SUMP\\BWS093_ME.jpg","area_p2_x":13.781396,"sump_code":"BW.S.093","area_p4_x":13.781396,"amount5":"-","area_p2_y":100.466942,"amount4":"-","pump5_catagory":"-","hpl_meter":"G:\\BMA\\VDO_DRONE\\SUMP\\BWS093_ME.jpg","pump3_type":"-","amount3":"-","amount2":"-","area_p2_pic":"BMA\\VDO_DRONE\\SUMP\\BWS093_A2.jpg","gate_type":"1","amount1":"1","area_p5_pic":"BMA\\VDO_DRONE\\SUMP\\BWS093_A5.jpg","reflex_area":"กรุงเทพธนบุรี","pipe_in_bed2":0,"pipe_in_bed3":0,"pipe_in_bed1":3.1,"home_type":"ไม่มี","date_survey":"10 มิถุนายน 2021","pipe_in_bed4":0,"pump1_type":"หอยโข่ง","pump5_volume":0,"owner":"บางกอกน้อย","pump4_type":"-","area_p1_pic":"BMA\\VDO_DRONE\\SUMP\\BWS093_A1.jpg","pump3_volume":0,"pump1_catagory":"ไฟฟ้า","objectid_1":236,"pump2_catagory":"-","sump_bed":"3.4","pipe_in_dimention1":0.4,"pipe_in_dimention2":0,"pipe_in_dimention3":0,"meter_code":"MEA-5363673","pipe_in_dimention4":0,"pump1_volume":0.03,"hpl_areap1":"G:\\BMA\\VDO_DRONE\\SUMP\\BWS093_A1.jpg","surveillant_name":"-","hpl_areap3":"G:\\BMA\\VDO_DRONE\\SUMP\\BWS093_A3.jpg","district_id":"1020","hpl_areap2":"G:\\BMA\\VDO_DRONE\\SUMP\\BWS093_A2.jpg","hpl_areap5":"G:\\BMA\\VDO_DRONE\\SUMP\\BWS093_A5.jpg","hpl_areap4":"G:\\BMA\\VDO_DRONE\\SUMP\\BWS093_A4.jpg","objectid":236,"pump_amount":"1"}},{"geometry":{"type":"Point","coordinates":[100.46626800635333,13.781420979681132],"crs":null},"id":237,"type":"Feature","properties":{"utm_x":658507.38,"pump3_catagory":"-","year":"2564","accessibility":"ริมคลองซอยชัยพฤกษ์ 4","pump5_type":"-","sump_type":"บ่อสูบน้ำ","utm_y":1524036,"area_p1_y":100.466268,"area_p1_x":13.781421,"area_p3_y":100.466268,"sump_length":1.4,"area_p3_x":13.781421,"hpl_mdb":"G:\\BMA\\VDO_DRONE\\SUMP\\BWS085_MD.jpg","home_pic":"","sump_depth":3.4,"pump2_volume":0,"pump4_volume":0,"meter":15,"surveillant_mobile":"-","telephone":"-","mdb":50,"hpl_trans":"G:\\BMA\\VDO_DRONE\\SUMP\\BWS085_TR.jpg","volume":4.28,"subdistrict_id":"101902","hpl_home":"","sump_area":"กรุงเทพธนบุรี","sump_width":0.9,"fd_prevent_code":"32","area_p3_pic":"BMA\\VDO_DRONE\\SUMP\\BWS085_A3.jpg","district_t":"ตลิ่งชัน","pump4_catagory":"-","sump_name":"บ่อสูบน้ำคลองเจ้าแม่ทับทิม","mea_tel":"0-2832-5211 , 0-2595-1300","area_p4_pic":"BMA\\VDO_DRONE\\SUMP\\BWS085_A4.jpg","transformer":50,"mea":"เขตบางใหญ่","trans_pic":"BMA\\VDO_DRONE\\SUMP\\BWS085_TR.jpg","pump2_type":"-","mdb_pic":"BMA\\VDO_DRONE\\SUMP\\BWS085_MD.jpg","area_p4_y":100.466268,"meter_pic":"BMA\\VDO_DRONE\\SUMP\\BWS085_ME.jpg","area_p2_x":13.781421,"sump_code":"BW.S.085","area_p4_x":13.781421,"amount5":"-","area_p2_y":100.466268,"amount4":"-","pump5_catagory":"-","hpl_meter":"G:\\BMA\\VDO_DRONE\\SUMP\\BWS085_ME.jpg","pump3_type":"-","amount3":"-","amount2":"-","area_p2_pic":"BMA\\VDO_DRONE\\SUMP\\BWS085_A2.jpg","gate_type":"1","amount1":"1","area_p5_pic":"","reflex_area":"กรุงเทพธนบุรี","pipe_in_bed2":0,"pipe_in_bed3":0,"pipe_in_bed1":2.8,"home_type":"ไม่มี","date_survey":"10 มิถุนายน 2021","pipe_in_bed4":0,"pump1_type":"หอยโข่ง","pump5_volume":0,"owner":"ตลิ่งชัน","pump4_type":"-","area_p1_pic":"BMA\\VDO_DRONE\\SUMP\\BWS085_A1.jpg","pump3_volume":0,"pump1_catagory":"ไฟฟ้า","objectid_1":237,"pump2_catagory":"-","sump_bed":"3.4","pipe_in_dimention1":0.4,"pipe_in_dimention2":0,"pipe_in_dimention3":0,"meter_code":"MEA-4085111","pipe_in_dimention4":0,"pump1_volume":0.03,"hpl_areap1":"G:\\BMA\\VDO_DRONE\\SUMP\\BWS085_A1.jpg","surveillant_name":"-","hpl_areap3":"G:\\BMA\\VDO_DRONE\\SUMP\\BWS085_A3.jpg","district_id":"1019","hpl_areap2":"G:\\BMA\\VDO_DRONE\\SUMP\\BWS085_A2.jpg","hpl_areap5":"","hpl_areap4":"G:\\BMA\\VDO_DRONE\\SUMP\\BWS085_A4.jpg","objectid":237,"pump_amount":"1"}},{"geometry":{"type":"Point","coordinates":[100.50085700030861,13.781610004077827],"crs":null},"id":238,"type":"Feature","properties":{"utm_x":662247.1642,"pump3_catagory":"-","year":"2564","accessibility":"ท่าเรือสะพานซังฮี้ ใต้สะพานกรุงธน  ถนนราชวิถี ฝั่งร้านอาหารWaterFront","pump5_type":"-","sump_type":"บ่อสูบน้ำ","utm_y":1524079.985,"area_p1_y":100.500857,"area_p1_x":13.78161,"area_p3_y":100.500857,"sump_length":3.3,"area_p3_x":13.78161,"hpl_mdb":"G:\\BMA\\VDO_DRONE\\SUMP\\BWS075_MD.jpg","home_pic":"","sump_depth":3.8,"pump2_volume":0,"pump4_volume":0,"meter":200,"surveillant_mobile":"-","telephone":"-","mdb":125,"hpl_trans":"G:\\BMA\\VDO_DRONE\\SUMP\\BWS075_TR.jpg","volume":23.83,"subdistrict_id":"102504","hpl_home":"","sump_area":"กรุงเทพธนบุรี","sump_width":1.9,"fd_prevent_code":"29","area_p3_pic":"BMA\\VDO_DRONE\\SUMP\\BWS075_A3.jpg","district_t":"บางพลัด","pump4_catagory":"-","sump_name":"บ่อสูบน้ำใต้สะพานกรุงธน (ฝั่งขาออก)","mea_tel":"0-2412-8699 , 0-2878-5222 , 0-2878-5333","area_p4_pic":"BMA\\VDO_DRONE\\SUMP\\BWS075_A4.jpg","transformer":500,"mea":"เขตธนบุรี","trans_pic":"BMA\\VDO_DRONE\\SUMP\\BWS075_TR.jpg","pump2_type":"-","mdb_pic":"BMA\\VDO_DRONE\\SUMP\\BWS075_MD.jpg","area_p4_y":100.500857,"meter_pic":"BMA\\VDO_DRONE\\SUMP\\BWS075_ME.jpg","area_p2_x":13.78161,"sump_code":"BW.S.075","area_p4_x":13.78161,"amount5":"-","area_p2_y":100.500857,"amount4":"-","pump5_catagory":"-","hpl_meter":"G:\\BMA\\VDO_DRONE\\SUMP\\BWS075_ME.jpg","pump3_type":"-","amount3":"-","amount2":"-","area_p2_pic":"BMA\\VDO_DRONE\\SUMP\\BWS075_A2.jpg","gate_type":"8","amount1":"1","area_p5_pic":"BMA\\VDO_DRONE\\SUMP\\BWS075_A5.jpg","reflex_area":"กรุงเทพธนบุรี","pipe_in_bed2":0,"pipe_in_bed3":0,"pipe_in_bed1":3,"home_type":"ไม่มี","date_survey":"20 เมษายน 2021","pipe_in_bed4":0,"pump1_type":"หอยโข่ง","pump5_volume":0,"owner":"บางพลัด","pump4_type":"-","area_p1_pic":"BMA\\VDO_DRONE\\SUMP\\BWS075_A1.jpg","pump3_volume":0,"pump1_catagory":"ไฟฟ้า","objectid_1":238,"pump2_catagory":"-","sump_bed":"3.8","pipe_in_dimention1":1.2,"pipe_in_dimention2":0,"pipe_in_dimention3":0,"meter_code":"MEA-TOU-9066611","pipe_in_dimention4":0,"pump1_volume":0.3,"hpl_areap1":"G:\\BMA\\VDO_DRONE\\SUMP\\BWS075_A1.jpg","surveillant_name":"-","hpl_areap3":"G:\\BMA\\VDO_DRONE\\SUMP\\BWS075_A3.jpg","district_id":"1025","hpl_areap2":"G:\\BMA\\VDO_DRONE\\SUMP\\BWS075_A2.jpg","hpl_areap5":"G:\\BMA\\VDO_DRONE\\SUMP\\BWS075_A5.jpg","hpl_areap4":"G:\\BMA\\VDO_DRONE\\SUMP\\BWS075_A4.jpg","objectid":238,"pump_amount":"1"}},{"geometry":{"type":"Point","coordinates":[100.4668429915955,13.781850002587248],"crs":null},"id":239,"type":"Feature","properties":{"utm_x":658569.26,"pump3_catagory":"-","year":"2564","accessibility":"บริเวณริมคลองใกล้คอนโดปิ่นเกล้าริเวอร์พาร์ควิว","pump5_type":"-","sump_type":"บ่อสูบน้ำ","utm_y":1524083.84,"area_p1_y":100.466885,"area_p1_x":13.781844,"area_p3_y":100.466885,"sump_length":1.4,"area_p3_x":13.781844,"hpl_mdb":"G:\\BMA\\VDO_DRONE\\SUMP\\BWS092_MD.jpg","home_pic":"","sump_depth":3.45,"pump2_volume":0,"pump4_volume":0,"meter":15,"surveillant_mobile":"-","telephone":"-","mdb":50,"hpl_trans":"","volume":11.54,"subdistrict_id":"102009","hpl_home":"","sump_area":"กรุงเทพธนบุรี","sump_width":2.39,"fd_prevent_code":"29","area_p3_pic":"BMA\\VDO_DRONE\\SUMP\\BWS092_A3.jpg","district_t":"บางกอกน้อย","pump4_catagory":"-","sump_name":"บ่อสูบน้ำบริเวณคลองวัดสุวรรณคีรี 4","mea_tel":"0-2412-8699 , 0-2878-5222 , 0-2878-5333","area_p4_pic":"BMA\\VDO_DRONE\\SUMP\\BWS092_A4.jpg","transformer":0,"mea":"เขตธนบุรี","trans_pic":"","pump2_type":"-","mdb_pic":"BMA\\VDO_DRONE\\SUMP\\BWS092_MD.jpg","area_p4_y":100.466885,"meter_pic":"BMA\\VDO_DRONE\\SUMP\\BWS092_ME.jpg","area_p2_x":13.781844,"sump_code":"BW.S.092","area_p4_x":13.781844,"amount5":"-","area_p2_y":100.466885,"amount4":"-","pump5_catagory":"-","hpl_meter":"G:\\BMA\\VDO_DRONE\\SUMP\\BWS092_ME.jpg","pump3_type":"-","amount3":"-","amount2":"-","area_p2_pic":"BMA\\VDO_DRONE\\SUMP\\BWS092_A2.jpg","gate_type":"1","amount1":"1","area_p5_pic":"BMA\\VDO_DRONE\\SUMP\\BWS092_A5.jpg","reflex_area":"กรุงเทพธนบุรี","pipe_in_bed2":0,"pipe_in_bed3":0,"pipe_in_bed1":3.45,"home_type":"ไม่มี","date_survey":"10 มิถุนายน 2021","pipe_in_bed4":0,"pump1_type":"หอยโข่ง","pump5_volume":0,"owner":"บางกอกน้อย","pump4_type":"-","area_p1_pic":"BMA\\VDO_DRONE\\SUMP\\BWS092_A1.jpg","pump3_volume":0,"pump1_catagory":"ไฟฟ้า","objectid_1":239,"pump2_catagory":"-","sump_bed":"3.45","pipe_in_dimention1":0.4,"pipe_in_dimention2":0,"pipe_in_dimention3":0,"meter_code":"MEA-5064304","pipe_in_dimention4":0,"pump1_volume":0.03,"hpl_areap1":"G:\\BMA\\VDO_DRONE\\SUMP\\BWS092_A1.jpg","surveillant_name":"-","hpl_areap3":"G:\\BMA\\VDO_DRONE\\SUMP\\BWS092_A3.jpg","district_id":"1020","hpl_areap2":"G:\\BMA\\VDO_DRONE\\SUMP\\BWS092_A2.jpg","hpl_areap5":"G:\\BMA\\VDO_DRONE\\SUMP\\BWS092_A5.jpg","hpl_areap4":"G:\\BMA\\VDO_DRONE\\SUMP\\BWS092_A4.jpg","objectid":239,"pump_amount":"1"}},{"geometry":{"type":"Point","coordinates":[100.50088300022293,13.781932000277358],"crs":null},"id":240,"type":"Feature","properties":{"utm_x":662249.7531,"pump3_catagory":"-","year":"2564","accessibility":"ท่าเรือสะพานซังฮี้ ใต้สะพานกรุงธน  ถนนราชวิถี ฝั่งตรงข้ามร้านอาหารWaterFront","pump5_type":"-","sump_type":"บ่อสูบน้ำ","utm_y":1524115.624,"area_p1_y":100.500883,"area_p1_x":13.781932,"area_p3_y":100.500883,"sump_length":1.9,"area_p3_x":13.781932,"hpl_mdb":"G:\\BMA\\VDO_DRONE\\SUMP\\BWS076_MD.jpg","home_pic":"","sump_depth":2.4,"pump2_volume":0,"pump4_volume":0,"meter":200,"surveillant_mobile":"-","telephone":"-","mdb":125,"hpl_trans":"G:\\BMA\\VDO_DRONE\\SUMP\\BWS076_TR.jpg","volume":7.3,"subdistrict_id":"102501","hpl_home":"","sump_area":"กรุงเทพธนบุรี","sump_width":1.6,"fd_prevent_code":"29","area_p3_pic":"BMA\\VDO_DRONE\\SUMP\\BWS076_A3.jpg","district_t":"บางพลัด","pump4_catagory":"-","sump_name":"บ่อสูบน้ำใตัสะพานกรุงธน (ฝั่งขาเข้า)","mea_tel":"0-2412-8699 , 0-2878-5222 , 0-2878-5333","area_p4_pic":"BMA\\VDO_DRONE\\SUMP\\BWS076_A4.jpg","transformer":225,"mea":"เขตธนบุรี","trans_pic":"BMA\\VDO_DRONE\\SUMP\\BWS076_TR.jpg","pump2_type":"-","mdb_pic":"BMA\\VDO_DRONE\\SUMP\\BWS076_MD.jpg","area_p4_y":100.500883,"meter_pic":"BMA\\VDO_DRONE\\SUMP\\BWS076_ME.jpg","area_p2_x":13.781932,"sump_code":"BW.S.076","area_p4_x":13.781932,"amount5":"-","area_p2_y":100.500883,"amount4":"-","pump5_catagory":"-","hpl_meter":"G:\\BMA\\VDO_DRONE\\SUMP\\BWS076_ME.jpg","pump3_type":"-","amount3":"-","amount2":"-","area_p2_pic":"BMA\\VDO_DRONE\\SUMP\\BWS076_A2.jpg","gate_type":"8","amount1":"1","area_p5_pic":"BMA\\VDO_DRONE\\SUMP\\BWS076_A5.jpg","reflex_area":"กรุงเทพธนบุรี","pipe_in_bed2":0,"pipe_in_bed3":0,"pipe_in_bed1":2,"home_type":"ตู้คอนเทนเนอร์","date_survey":"20 เมษายน 2021","pipe_in_bed4":0,"pump1_type":"หอยโข่ง","pump5_volume":0,"owner":"บางพลัด","pump4_type":"-","area_p1_pic":"BMA\\VDO_DRONE\\SUMP\\BWS076_A1.jpg","pump3_volume":0,"pump1_catagory":"ไฟฟ้า","objectid_1":240,"pump2_catagory":"-","sump_bed":"2.4","pipe_in_dimention1":1.2,"pipe_in_dimention2":0,"pipe_in_dimention3":0,"meter_code":"MEA-TOU-031905","pipe_in_dimention4":0,"pump1_volume":0.3,"hpl_areap1":"G:\\BMA\\VDO_DRONE\\SUMP\\BWS076_A1.jpg","surveillant_name":"-","hpl_areap3":"G:\\BMA\\VDO_DRONE\\SUMP\\BWS076_A3.jpg","district_id":"1025","hpl_areap2":"G:\\BMA\\VDO_DRONE\\SUMP\\BWS076_A2.jpg","hpl_areap5":"G:\\BMA\\VDO_DRONE\\SUMP\\BWS076_A5.jpg","hpl_areap4":"G:\\BMA\\VDO_DRONE\\SUMP\\BWS076_A4.jpg","objectid":240,"pump_amount":"1"}},{"geometry":{"type":"Point","coordinates":[100.46673000304142,13.782417996134953],"crs":null},"id":241,"type":"Feature","properties":{"utm_x":658556.66,"pump3_catagory":"-","year":"2564","accessibility":"บริเวณริมคลองใกล้สนามบอลWinning Seven","pump5_type":"-","sump_type":"บ่อสูบน้ำ","utm_y":1524146.6,"area_p1_y":100.466905,"area_p1_x":13.781159,"area_p3_y":100.466905,"sump_length":1.35,"area_p3_x":13.781159,"hpl_mdb":"G:\\BMA\\VDO_DRONE\\SUMP\\BWS095_MD.jpg","home_pic":"","sump_depth":3.4,"pump2_volume":0,"pump4_volume":0,"meter":30,"surveillant_mobile":"-","telephone":"-","mdb":50,"hpl_trans":"","volume":11.02,"subdistrict_id":"102009","hpl_home":"","sump_area":"กรุงเทพธนบุรี","sump_width":2.4,"fd_prevent_code":"29","area_p3_pic":"BMA\\VDO_DRONE\\SUMP\\BWS095_A3.jpg","district_t":"บางกอกน้อย","pump4_catagory":"-","sump_name":"บ่อสูบน้ำบริเวณเพรสซิเดนท์ คอนโด 1","mea_tel":"0-2412-8699 , 0-2878-5222 , 0-2878-5333","area_p4_pic":"","transformer":0,"mea":"เขตธนบุรี","trans_pic":"","pump2_type":"-","mdb_pic":"BMA\\VDO_DRONE\\SUMP\\BWS095_MD.jpg","area_p4_y":100.466905,"meter_pic":"BMA\\VDO_DRONE\\SUMP\\BWS095_ME.jpg","area_p2_x":13.781159,"sump_code":"BW.S.095","area_p4_x":13.781159,"amount5":"-","area_p2_y":100.466905,"amount4":"-","pump5_catagory":"-","hpl_meter":"G:\\BMA\\VDO_DRONE\\SUMP\\BWS095_ME.jpg","pump3_type":"-","amount3":"-","amount2":"-","area_p2_pic":"BMA\\VDO_DRONE\\SUMP\\BWS095_A2.jpg","gate_type":"1","amount1":"1","area_p5_pic":"","reflex_area":"กรุงเทพธนบุรี","pipe_in_bed2":0,"pipe_in_bed3":0,"pipe_in_bed1":2.8,"home_type":"ไม่มี","date_survey":"10 มิถุนายน 2021","pipe_in_bed4":0,"pump1_type":"หอยโข่ง","pump5_volume":0,"owner":"บางกอกน้อย","pump4_type":"-","area_p1_pic":"BMA\\VDO_DRONE\\SUMP\\BWS095_A1.jpg","pump3_volume":0,"pump1_catagory":"ไฟฟ้า","objectid_1":241,"pump2_catagory":"-","sump_bed":"3.4","pipe_in_dimention1":0.4,"pipe_in_dimention2":0,"pipe_in_dimention3":0,"meter_code":"MEA-TOU-9299271","pipe_in_dimention4":0,"pump1_volume":0.03,"hpl_areap1":"G:\\BMA\\VDO_DRONE\\SUMP\\BWS095_A1.jpg","surveillant_name":"-","hpl_areap3":"G:\\BMA\\VDO_DRONE\\SUMP\\BWS095_A3.jpg","district_id":"1020","hpl_areap2":"G:\\BMA\\VDO_DRONE\\SUMP\\BWS095_A2.jpg","hpl_areap5":"","hpl_areap4":"","objectid":241,"pump_amount":"1"}},{"geometry":{"type":"Point","coordinates":[100.59128545786487,13.781664330086041],"crs":null},"id":242,"type":"Feature","properties":{"utm_x":672024.8931,"pump3_catagory":"-","year":"2564","accessibility":"ซอย ประชาราษฎร์บำเพ็ญ 26 บริเวณสะพานข้ามคลองลาดพร้าว","pump5_type":"-","sump_type":"บ่อสูบน้ำ","utm_y":1524148.864,"area_p1_y":100.590577,"area_p1_x":13.78152,"area_p3_y":100.590577,"sump_length":9.2,"area_p3_x":13.78152,"hpl_mdb":"G:\\BMA\\VDO_DRONE\\SUMP\\BNS084_MD.jpg","home_pic":"","sump_depth":2.9,"pump2_volume":0,"pump4_volume":0,"meter":400,"surveillant_mobile":"-","telephone":"-","mdb":500,"hpl_trans":"G:\\BMA\\VDO_DRONE\\SUMP\\BNS084_TR.jpg","volume":61.36,"subdistrict_id":"101704","hpl_home":"","sump_area":"กรุงเทพเหนือ","sump_width":2.3,"fd_prevent_code":"05","area_p3_pic":"BMA\\VDO_DRONE\\SUMP\\BNS084_A3.jpg","district_t":"ห้วยขวาง","pump4_catagory":"-","sump_name":"บ่อสูบน้ำซอยประชาราษร์บำเพ็ญ 26","mea_tel":"-","area_p4_pic":"BMA\\VDO_DRONE\\SUMP\\BNS084_A4.jpg","transformer":300,"mea":"-","trans_pic":"BMA\\VDO_DRONE\\SUMP\\BNS084_TR.jpg","pump2_type":"-","mdb_pic":"BMA\\VDO_DRONE\\SUMP\\BNS084_MD.jpg","area_p4_y":100.590577,"meter_pic":"BMA\\VDO_DRONE\\SUMP\\BNS084_ME.jpg","area_p2_x":13.78152,"sump_code":"BN.S.084","area_p4_x":13.78152,"amount5":"-","area_p2_y":100.590577,"amount4":"-","pump5_catagory":"-","hpl_meter":"G:\\BMA\\VDO_DRONE\\SUMP\\BNS084_ME.jpg","pump3_type":"-","amount3":"-","amount2":"-","area_p2_pic":"BMA\\VDO_DRONE\\SUMP\\BNS084_A2.jpg","gate_type":"8","amount1":"2","area_p5_pic":"BMA\\VDO_DRONE\\SUMP\\BNS084_A5.jpg","reflex_area":"กรุงเทพเหนือ","pipe_in_bed2":0,"pipe_in_bed3":0,"pipe_in_bed1":2.9,"home_type":"ไม่มี","date_survey":"2 มีนาคม 2021","pipe_in_bed4":0,"pump1_type":"ซับเมิร์ส","pump5_volume":0,"owner":"ห้วยขวาง","pump4_type":"-","area_p1_pic":"BMA\\VDO_DRONE\\SUMP\\BNS084_A1.jpg","pump3_volume":0,"pump1_catagory":"ไฟฟ้า","objectid_1":242,"pump2_catagory":"-","sump_bed":"2.9","pipe_in_dimention1":1.2,"pipe_in_dimention2":0,"pipe_in_dimention3":0,"meter_code":"MEA-TOU-9105671","pipe_in_dimention4":0,"pump1_volume":1,"hpl_areap1":"G:\\BMA\\VDO_DRONE\\SUMP\\BNS084_A1.jpg","surveillant_name":"-","hpl_areap3":"G:\\BMA\\VDO_DRONE\\SUMP\\BNS084_A3.jpg","district_id":"1017","hpl_areap2":"G:\\BMA\\VDO_DRONE\\SUMP\\BNS084_A2.jpg","hpl_areap5":"G:\\BMA\\VDO_DRONE\\SUMP\\BNS084_A5.jpg","hpl_areap4":"G:\\BMA\\VDO_DRONE\\SUMP\\BNS084_A4.jpg","objectid":242,"pump_amount":"2"}},{"geometry":{"type":"Point","coordinates":[100.46628502542534,13.782533009882389],"crs":null},"id":243,"type":"Feature","properties":{"utm_x":658508.47,"pump3_catagory":"-","year":"2564","accessibility":"อู่เรือยายเป้า ริมคลองซอยชัยพฤกษ์ 4","pump5_type":"-","sump_type":"บ่อสูบน้ำ","utm_y":1524159.03,"area_p1_y":100.466285,"area_p1_x":13.782533,"area_p3_y":100.466285,"sump_length":1.6,"area_p3_x":13.782533,"hpl_mdb":"G:\\BMA\\VDO_DRONE\\SUMP\\BWS086_MD.jpg","home_pic":"","sump_depth":3.1,"pump2_volume":0,"pump4_volume":0,"meter":15,"surveillant_mobile":"-","telephone":"-","mdb":50,"hpl_trans":"G:\\BMA\\VDO_DRONE\\SUMP\\BWS086_TR.jpg","volume":6.45,"subdistrict_id":"101902","hpl_home":"","sump_area":"กรุงเทพธนบุรี","sump_width":1.3,"fd_prevent_code":"32","area_p3_pic":"BMA\\VDO_DRONE\\SUMP\\BWS086_A3.jpg","district_t":"ตลิ่งชัน","pump4_catagory":"-","sump_name":"บ่อสูบน้ำอู่เรือยายเป้า","mea_tel":"0-2832-5211 , 0-2595-1300","area_p4_pic":"","transformer":215,"mea":"เขตบางใหญ่","trans_pic":"BMA\\VDO_DRONE\\SUMP\\BWS086_TR.jpg","pump2_type":"-","mdb_pic":"BMA\\VDO_DRONE\\SUMP\\BWS086_MD.jpg","area_p4_y":100.466285,"meter_pic":"BMA\\VDO_DRONE\\SUMP\\BWS086_ME.jpg","area_p2_x":13.782533,"sump_code":"BW.S.086","area_p4_x":13.782533,"amount5":"-","area_p2_y":100.466285,"amount4":"-","pump5_catagory":"-","hpl_meter":"G:\\BMA\\VDO_DRONE\\SUMP\\BWS086_ME.jpg","pump3_type":"-","amount3":"-","amount2":"-","area_p2_pic":"BMA\\VDO_DRONE\\SUMP\\BWS086_A2.jpg","gate_type":"1","amount1":"1","area_p5_pic":"","reflex_area":"กรุงเทพธนบุรี","pipe_in_bed2":0,"pipe_in_bed3":0,"pipe_in_bed1":2.7,"home_type":"ไม่มี","date_survey":"10 มิถุนายน 2021","pipe_in_bed4":0,"pump1_type":"หอยโข่ง","pump5_volume":0,"owner":"ตลิ่งชัน","pump4_type":"-","area_p1_pic":"BMA\\VDO_DRONE\\SUMP\\BWS086_A1.jpg","pump3_volume":0,"pump1_catagory":"ไฟฟ้า","objectid_1":243,"pump2_catagory":"-","sump_bed":"3.1","pipe_in_dimention1":0.4,"pipe_in_dimention2":0,"pipe_in_dimention3":0,"meter_code":"MEA-5364026","pipe_in_dimention4":0,"pump1_volume":0.03,"hpl_areap1":"G:\\BMA\\VDO_DRONE\\SUMP\\BWS086_A1.jpg","surveillant_name":"-","hpl_areap3":"G:\\BMA\\VDO_DRONE\\SUMP\\BWS086_A3.jpg","district_id":"1019","hpl_areap2":"G:\\BMA\\VDO_DRONE\\SUMP\\BWS086_A2.jpg","hpl_areap5":"","hpl_areap4":"","objectid":243,"pump_amount":"1"}},{"geometry":{"type":"Point","coordinates":[100.59224799997307,13.781834001994406],"crs":null},"id":244,"type":"Feature","properties":{"utm_x":672128.8477,"pump3_catagory":"-","year":"2564","accessibility":"ซอยลาดพร้าว80แยก22 บริเวณสะพานข้ามคลองลาดพร้าว","pump5_type":"-","sump_type":"บ่อสูบน้ำ","utm_y":1524168.324,"area_p1_y":100.592297,"area_p1_x":13.781834,"area_p3_y":100.592211,"sump_length":10.6,"area_p3_x":13.781856,"hpl_mdb":"G:\\BMA\\VDO_DRONE\\SUMP\\BES017_MD.jpg","home_pic":"BMA\\VDO_DRONE\\SUMP\\BES017_HO.jpg","sump_depth":4.3,"pump2_volume":0,"pump4_volume":0,"meter":400,"surveillant_mobile":"-","telephone":"-","mdb":500,"hpl_trans":"G:\\BMA\\VDO_DRONE\\SUMP\\BES017_TR.jpg","volume":102.56,"subdistrict_id":"104501","hpl_home":"G:\\BMA\\VDO_DRONE\\SUMP\\BES017_HO.jpg","sump_area":"กรุงเทพตะวันออก","sump_width":2.25,"fd_prevent_code":"04","area_p3_pic":"BMA\\VDO_DRONE\\SUMP\\BES017_A3.jpg","district_t":"วังทองหลาง","pump4_catagory":"-","sump_name":"บ่อสูบน้ำลาดพร้าว 80","mea_tel":"0-2716-3311 , 0-2716-3222 , 0-2716-3333","area_p4_pic":"BMA\\VDO_DRONE\\SUMP\\BES017_A4.jpg","transformer":225,"mea":"เขตนวลจันทร์","trans_pic":"BMA\\VDO_DRONE\\SUMP\\BES017_TR.jpg","pump2_type":"-","mdb_pic":"BMA\\VDO_DRONE\\SUMP\\BES017_MD.jpg","area_p4_y":100.592228,"meter_pic":"BMA\\VDO_DRONE\\SUMP\\BES017_ME.jpg","area_p2_x":13.781854,"sump_code":"BE.S.017","area_p4_x":13.781861,"amount5":"-","area_p2_y":100.592217,"amount4":"-","pump5_catagory":"-","hpl_meter":"G:\\BMA\\VDO_DRONE\\SUMP\\BES017_ME.jpg","pump3_type":"-","amount3":"-","amount2":"-","area_p2_pic":"BMA\\VDO_DRONE\\SUMP\\BES017_A2.jpg","gate_type":"9","amount1":"3","area_p5_pic":"BMA\\VDO_DRONE\\SUMP\\BES017_A5.jpg","reflex_area":"กรุงเทพตะวันออก","pipe_in_bed2":0,"pipe_in_bed3":0,"pipe_in_bed1":2.8,"home_type":"ตู้คอนเทนเนอร์","date_survey":"20 กุมภาพันธ์ 2021","pipe_in_bed4":0,"pump1_type":"ซับเมิร์ส","pump5_volume":0,"owner":"วังทองหลาง","pump4_type":"-","area_p1_pic":"BMA\\VDO_DRONE\\SUMP\\BES017_A1.jpg","pump3_volume":0,"pump1_catagory":"ไฟฟ้า","objectid_1":244,"pump2_catagory":"-","sump_bed":"4.3","pipe_in_dimention1":1.5,"pipe_in_dimention2":0,"pipe_in_dimention3":0,"meter_code":"MEA-TOU-048747","pipe_in_dimention4":0,"pump1_volume":1,"hpl_areap1":"G:\\BMA\\VDO_DRONE\\SUMP\\BES017_A1.jpg","surveillant_name":"-","hpl_areap3":"G:\\BMA\\VDO_DRONE\\SUMP\\BES017_A3.jpg","district_id":"1045","hpl_areap2":"G:\\BMA\\VDO_DRONE\\SUMP\\BES017_A2.jpg","hpl_areap5":"G:\\BMA\\VDO_DRONE\\SUMP\\BES017_A5.jpg","hpl_areap4":"G:\\BMA\\VDO_DRONE\\SUMP\\BES017_A4.jpg","objectid":244,"pump_amount":"3"}},{"geometry":{"type":"Point","coordinates":[100.5055047372787,13.782391823746726],"crs":null},"id":245,"type":"Feature","properties":{"utm_x":662749.1601,"pump3_catagory":"-","year":"2564","accessibility":"ริมคลองภายในสถานีดับเพลิงและกู้ภัยสามเสน","pump5_type":"-","sump_type":"บ่อสูบน้ำ","utm_y":1524169.617,"area_p1_y":100.505215,"area_p1_x":13.78264,"area_p3_y":100.505183,"sump_length":12.95,"area_p3_x":13.782592,"hpl_mdb":"G:\\BMA\\VDO_DRONE\\SUMP\\BNS080_MD.jpg","home_pic":"BMA\\VDO_DRONE\\SUMP\\BNS080_HO.jpg","sump_depth":5.4,"pump2_volume":1,"pump4_volume":0,"meter":20,"surveillant_mobile":"-","telephone":"02-2412122","mdb":800,"hpl_trans":"G:\\BMA\\VDO_DRONE\\SUMP\\BNS080_TR.jpg","volume":302.8,"subdistrict_id":"100202","hpl_home":"G:\\BMA\\VDO_DRONE\\SUMP\\BNS080_HO.jpg","sump_area":"กรุงเทพเหนือ","sump_width":4.33,"fd_prevent_code":"08","area_p3_pic":"BMA\\VDO_DRONE\\SUMP\\BNS080_A3.jpg","district_t":"ดุสิต","pump4_catagory":"-","sump_name":"บ่อสูบน้ำสังคโลก","mea_tel":"0-2242-5211 , 0-2243-0131 , 0-2241-5409","area_p4_pic":"","transformer":500,"mea":"เขตสามเสน","trans_pic":"BMA\\VDO_DRONE\\SUMP\\BNS080_TR.jpg","pump2_type":"ซับเมิร์ส","mdb_pic":"BMA\\VDO_DRONE\\SUMP\\BNS080_MD.jpg","area_p4_y":100.505289,"meter_pic":"BMA\\VDO_DRONE\\SUMP\\BNS080_ME.jpg","area_p2_x":13.782585,"sump_code":"BN.S.080","area_p4_x":13.782534,"amount5":"-","area_p2_y":100.505344,"amount4":"-","pump5_catagory":"-","hpl_meter":"G:\\BMA\\VDO_DRONE\\SUMP\\BNS080_ME.jpg","pump3_type":"-","amount3":"-","amount2":"2","area_p2_pic":"BMA\\VDO_DRONE\\SUMP\\BNS080_A2.jpg","gate_type":"2","amount1":"3","area_p5_pic":"","reflex_area":"กรุงเทพเหนือ","pipe_in_bed2":0,"pipe_in_bed3":0,"pipe_in_bed1":3.55,"home_type":"ตู้คอนเทนเนอร์","date_survey":"20 กุมภาพันธ์ 2021","pipe_in_bed4":0,"pump1_type":"ซับเมิร์ส","pump5_volume":0,"owner":"ดุสิต","pump4_type":"-","area_p1_pic":"BMA\\VDO_DRONE\\SUMP\\BNS080_A1.jpg","pump3_volume":0,"pump1_catagory":"ไฟฟ้า","objectid_1":245,"pump2_catagory":"ไฟฟ้า","sump_bed":"5.4","pipe_in_dimention1":1.5,"pipe_in_dimention2":0,"pipe_in_dimention3":0,"meter_code":"MEA-TOU-9101559","pipe_in_dimention4":0,"pump1_volume":0.5,"hpl_areap1":"G:\\BMA\\VDO_DRONE\\SUMP\\BNS080_A1.jpg","surveillant_name":"-","hpl_areap3":"G:\\BMA\\VDO_DRONE\\SUMP\\BNS080_A3.jpg","district_id":"1002","hpl_areap2":"G:\\BMA\\VDO_DRONE\\SUMP\\BNS080_A2.jpg","hpl_areap5":"","hpl_areap4":"","objectid":245,"pump_amount":"5"}},{"geometry":{"type":"Point","coordinates":[100.4442210000832,13.782857002609155],"crs":null},"id":246,"type":"Feature","properties":{"utm_x":656122.6332,"pump3_catagory":"-","year":"2564","accessibility":"ถนน ฉิมพลี บริเวณสะพานข้ามคลองขุนจันทร์","pump5_type":"-","sump_type":"บ่อสูบน้ำ","utm_y":1524180.433,"area_p1_y":100.444221,"area_p1_x":13.782857,"area_p3_y":100.444221,"sump_length":10,"area_p3_x":13.782857,"hpl_mdb":"G:\\BMA\\VDO_DRONE\\SUMP\\BWS070_MD.jpg","home_pic":"BMA\\VDO_DRONE\\SUMP\\BWS070_HO.jpg","sump_depth":3.5,"pump2_volume":1,"pump4_volume":0,"meter":400,"surveillant_mobile":"-","telephone":"-","mdb":630,"hpl_trans":"G:\\BMA\\VDO_DRONE\\SUMP\\BWS070_TR.jpg","volume":70,"subdistrict_id":"101903","hpl_home":"G:\\BMA\\VDO_DRONE\\SUMP\\BWS070_HO.jpg","sump_area":"กรุงเทพธนบุรี","sump_width":2,"fd_prevent_code":"32","area_p3_pic":"BMA\\VDO_DRONE\\SUMP\\BWS070_A3.jpg","district_t":"ตลิ่งชัน","pump4_catagory":"-","sump_name":"บ่อสูบฉิมพลี ตอนคลองขุนจันทร์","mea_tel":"0-2832-5211 , 0-2595-1300","area_p4_pic":"BMA\\VDO_DRONE\\SUMP\\BWS070_A4.jpg","transformer":300,"mea":"เขตบางใหญ่","trans_pic":"BMA\\VDO_DRONE\\SUMP\\BWS070_TR.jpg","pump2_type":"คอลัมป์ไปท์","mdb_pic":"BMA\\VDO_DRONE\\SUMP\\BWS070_MD.jpg","area_p4_y":100.444221,"meter_pic":"BMA\\VDO_DRONE\\SUMP\\BWS070_ME.jpg","area_p2_x":13.782857,"sump_code":"BW.S.070","area_p4_x":13.782857,"amount5":"-","area_p2_y":100.444221,"amount4":"-","pump5_catagory":"-","hpl_meter":"G:\\BMA\\VDO_DRONE\\SUMP\\BWS070_ME.jpg","pump3_type":"-","amount3":"-","amount2":"1","area_p2_pic":"BMA\\VDO_DRONE\\SUMP\\BWS070_A2.jpg","gate_type":"8","amount1":"2","area_p5_pic":"BMA\\VDO_DRONE\\SUMP\\BWS070_A5.jpg","reflex_area":"กรุงเทพธนบุรี","pipe_in_bed2":0,"pipe_in_bed3":0,"pipe_in_bed1":2.5,"home_type":"ตู้คอนเทนเนอร์","date_survey":"20 เมษายน 2021","pipe_in_bed4":0,"pump1_type":"คอลัมป์ไปท์","pump5_volume":0,"owner":"ตลิ่งชัน","pump4_type":"-","area_p1_pic":"BMA\\VDO_DRONE\\SUMP\\BWS070_A1.jpg","pump3_volume":0,"pump1_catagory":"ไฟฟ้า","objectid_1":246,"pump2_catagory":"ไฟฟ้า","sump_bed":"3.6","pipe_in_dimention1":1.5,"pipe_in_dimention2":0,"pipe_in_dimention3":0,"meter_code":"MEA-TOU-9153502","pipe_in_dimention4":0,"pump1_volume":4,"hpl_areap1":"G:\\BMA\\VDO_DRONE\\SUMP\\BWS070_A1.jpg","surveillant_name":"-","hpl_areap3":"G:\\BMA\\VDO_DRONE\\SUMP\\BWS070_A3.jpg","district_id":"1019","hpl_areap2":"G:\\BMA\\VDO_DRONE\\SUMP\\BWS070_A2.jpg","hpl_areap5":"G:\\BMA\\VDO_DRONE\\SUMP\\BWS070_A5.jpg","hpl_areap4":"G:\\BMA\\VDO_DRONE\\SUMP\\BWS070_A4.jpg","objectid":246,"pump_amount":"3"}},{"geometry":{"type":"Point","coordinates":[100.46664399101624,13.782922009859373],"crs":null},"id":247,"type":"Feature","properties":{"utm_x":658547.02,"pump3_catagory":"-","year":"2564","accessibility":"บริเวณริมคลองใกล้เพรสซิเดนท์คอนโด(1)","pump5_type":"-","sump_type":"บ่อสูบน้ำ","utm_y":1524202.3,"area_p1_y":100.466705,"area_p1_x":13.78295,"area_p3_y":100.466705,"sump_length":2.35,"area_p3_x":13.78295,"hpl_mdb":"G:\\BMA\\VDO_DRONE\\SUMP\\BWS091_MD.jpg","home_pic":"","sump_depth":3.65,"pump2_volume":0,"pump4_volume":0,"meter":15,"surveillant_mobile":"-","telephone":"-","mdb":50,"hpl_trans":"","volume":11.58,"subdistrict_id":"102009","hpl_home":"","sump_area":"กรุงเทพธนบุรี","sump_width":1.35,"fd_prevent_code":"29","area_p3_pic":"BMA\\VDO_DRONE\\SUMP\\BWS091_A3.jpg","district_t":"บางกอกน้อย","pump4_catagory":"-","sump_name":"บ่อสูบน้ำบริเวณเพรสซิเดนท์ คอนโด 2","mea_tel":"0-2412-8699 , 0-2878-5222 , 0-2878-5333","area_p4_pic":"BMA\\VDO_DRONE\\SUMP\\BWS091_A4.jpg","transformer":0,"mea":"เขตธนบุรี","trans_pic":"","pump2_type":"-","mdb_pic":"BMA\\VDO_DRONE\\SUMP\\BWS091_MD.jpg","area_p4_y":100.466705,"meter_pic":"BMA\\VDO_DRONE\\SUMP\\BWS091_ME.jpg","area_p2_x":13.78295,"sump_code":"BW.S.091","area_p4_x":13.78295,"amount5":"-","area_p2_y":100.466705,"amount4":"-","pump5_catagory":"-","hpl_meter":"G:\\BMA\\VDO_DRONE\\SUMP\\BWS091_ME.jpg","pump3_type":"-","amount3":"-","amount2":"-","area_p2_pic":"BMA\\VDO_DRONE\\SUMP\\BWS091_A2.jpg","gate_type":"1","amount1":"1","area_p5_pic":"BMA\\VDO_DRONE\\SUMP\\BWS091_A5.jpg","reflex_area":"กรุงเทพธนบุรี","pipe_in_bed2":0,"pipe_in_bed3":0,"pipe_in_bed1":3.65,"home_type":"ไม่มี","date_survey":"10 มิถุนายน 2021","pipe_in_bed4":0,"pump1_type":"หอยโข่ง","pump5_volume":0,"owner":"บางกอกน้อย","pump4_type":"-","area_p1_pic":"BMA\\VDO_DRONE\\SUMP\\BWS091_A1.jpg","pump3_volume":0,"pump1_catagory":"ไฟฟ้า","objectid_1":247,"pump2_catagory":"-","sump_bed":"3.65","pipe_in_dimention1":0.4,"pipe_in_dimention2":0,"pipe_in_dimention3":0,"meter_code":"MEA-8078207","pipe_in_dimention4":0,"pump1_volume":0.03,"hpl_areap1":"G:\\BMA\\VDO_DRONE\\SUMP\\BWS091_A1.jpg","surveillant_name":"-","hpl_areap3":"G:\\BMA\\VDO_DRONE\\SUMP\\BWS091_A3.jpg","district_id":"1020","hpl_areap2":"G:\\BMA\\VDO_DRONE\\SUMP\\BWS091_A2.jpg","hpl_areap5":"G:\\BMA\\VDO_DRONE\\SUMP\\BWS091_A5.jpg","hpl_areap4":"G:\\BMA\\VDO_DRONE\\SUMP\\BWS091_A4.jpg","objectid":247,"pump_amount":"1"}},{"geometry":{"type":"Point","coordinates":[100.4666000240239,13.783434993207852],"crs":null},"id":248,"type":"Feature","properties":{"utm_x":658541.92,"pump3_catagory":"-","year":"2564","accessibility":"บริเวณริมคลองใกล้เพรสซิเดนท์คอนโด(2)","pump5_type":"-","sump_type":"บ่อสูบน้ำ","utm_y":1524259.02,"area_p1_y":100.466599,"area_p1_x":13.783448,"area_p3_y":100.466599,"sump_length":2.85,"area_p3_x":13.783448,"hpl_mdb":"G:\\BMA\\VDO_DRONE\\SUMP\\BWS090_MD.jpg","home_pic":"","sump_depth":2.8,"pump2_volume":0,"pump4_volume":0,"meter":15,"surveillant_mobile":"-","telephone":"-","mdb":50,"hpl_trans":"","volume":13.17,"subdistrict_id":"102009","hpl_home":"","sump_area":"กรุงเทพธนบุรี","sump_width":1.65,"fd_prevent_code":"29","area_p3_pic":"BMA\\VDO_DRONE\\SUMP\\BWS090_A3.jpg","district_t":"บางกอกน้อย","pump4_catagory":"-","sump_name":"บ่อสูบน้ำบริเวณเพรสซิเดนท์ คอนโด 3","mea_tel":"0-2412-8699 , 0-2878-5222 , 0-2878-5333","area_p4_pic":"BMA\\VDO_DRONE\\SUMP\\BWS090_A4.jpg","transformer":0,"mea":"เขตธนบุรี","trans_pic":"","pump2_type":"-","mdb_pic":"BMA\\VDO_DRONE\\SUMP\\BWS090_MD.jpg","area_p4_y":100.466599,"meter_pic":"BMA\\VDO_DRONE\\SUMP\\BWS090_ME.jpg","area_p2_x":13.783448,"sump_code":"BW.S.090","area_p4_x":13.783448,"amount5":"-","area_p2_y":100.466599,"amount4":"-","pump5_catagory":"-","hpl_meter":"G:\\BMA\\VDO_DRONE\\SUMP\\BWS090_ME.jpg","pump3_type":"-","amount3":"-","amount2":"-","area_p2_pic":"BMA\\VDO_DRONE\\SUMP\\BWS090_A2.jpg","gate_type":"1","amount1":"1","area_p5_pic":"BMA\\VDO_DRONE\\SUMP\\BWS090_A5.jpg","reflex_area":"กรุงเทพธนบุรี","pipe_in_bed2":0,"pipe_in_bed3":0,"pipe_in_bed1":2.6,"home_type":"ไม่มี","date_survey":"10 มิถุนายน 2021","pipe_in_bed4":0,"pump1_type":"หอยโข่ง","pump5_volume":0,"owner":"บางกอกน้อย","pump4_type":"-","area_p1_pic":"BMA\\VDO_DRONE\\SUMP\\BWS090_A1.jpg","pump3_volume":0,"pump1_catagory":"ไฟฟ้า","objectid_1":248,"pump2_catagory":"-","sump_bed":"2.8","pipe_in_dimention1":0.4,"pipe_in_dimention2":0,"pipe_in_dimention3":0,"meter_code":"MEA-5364995","pipe_in_dimention4":0,"pump1_volume":0.03,"hpl_areap1":"G:\\BMA\\VDO_DRONE\\SUMP\\BWS090_A1.jpg","surveillant_name":"-","hpl_areap3":"G:\\BMA\\VDO_DRONE\\SUMP\\BWS090_A3.jpg","district_id":"1020","hpl_areap2":"G:\\BMA\\VDO_DRONE\\SUMP\\BWS090_A2.jpg","hpl_areap5":"G:\\BMA\\VDO_DRONE\\SUMP\\BWS090_A5.jpg","hpl_areap4":"G:\\BMA\\VDO_DRONE\\SUMP\\BWS090_A4.jpg","objectid":248,"pump_amount":"1"}},{"geometry":{"type":"Point","coordinates":[100.4665749592515,13.784161015576904],"crs":null},"id":249,"type":"Feature","properties":{"utm_x":658538.72,"pump3_catagory":"-","year":"2564","accessibility":"บริเวณริชุมชนคลองใกล้เพรสซิเดนท์คอนโด","pump5_type":"-","sump_type":"บ่อสูบน้ำ","utm_y":1524339.32,"area_p1_y":100.467869,"area_p1_x":13.779722,"area_p3_y":100.467869,"sump_length":1.65,"area_p3_x":13.779722,"hpl_mdb":"G:\\BMA\\VDO_DRONE\\SUMP\\BWS096_MD.jpg","home_pic":"","sump_depth":2.8,"pump2_volume":0,"pump4_volume":0,"meter":15,"surveillant_mobile":"-","telephone":"-","mdb":50,"hpl_trans":"","volume":12.94,"subdistrict_id":"102009","hpl_home":"","sump_area":"กรุงเทพธนบุรี","sump_width":2.8,"fd_prevent_code":"29","area_p3_pic":"BMA\\VDO_DRONE\\SUMP\\BWS096_A3.jpg","district_t":"บางกอกน้อย","pump4_catagory":"-","sump_name":"บ่อสูบน้ำบริเวณเพรสซิเดนท์ คอนโด 4","mea_tel":"0-2412-8699 , 0-2878-5222 , 0-2878-5333","area_p4_pic":"","transformer":0,"mea":"เขตธนบุรี","trans_pic":"","pump2_type":"-","mdb_pic":"BMA\\VDO_DRONE\\SUMP\\BWS096_MD.jpg","area_p4_y":100.467869,"meter_pic":"BMA\\VDO_DRONE\\SUMP\\BWS096_ME.jpg","area_p2_x":13.779722,"sump_code":"BW.S.096","area_p4_x":13.779722,"amount5":"-","area_p2_y":100.467869,"amount4":"-","pump5_catagory":"-","hpl_meter":"G:\\BMA\\VDO_DRONE\\SUMP\\BWS096_ME.jpg","pump3_type":"-","amount3":"-","amount2":"-","area_p2_pic":"BMA\\VDO_DRONE\\SUMP\\BWS096_A2.jpg","gate_type":"1","amount1":"1","area_p5_pic":"","reflex_area":"กรุงเทพธนบุรี","pipe_in_bed2":0,"pipe_in_bed3":0,"pipe_in_bed1":2.55,"home_type":"ไม่มี","date_survey":"10 มิถุนายน 2021","pipe_in_bed4":0,"pump1_type":"หอยโข่ง","pump5_volume":0,"owner":"บางกอกน้อย","pump4_type":"-","area_p1_pic":"BMA\\VDO_DRONE\\SUMP\\BWS096_A1.jpg","pump3_volume":0,"pump1_catagory":"ไฟฟ้า","objectid_1":249,"pump2_catagory":"-","sump_bed":"2.8","pipe_in_dimention1":0.4,"pipe_in_dimention2":0,"pipe_in_dimention3":0,"meter_code":"MEA-4658984","pipe_in_dimention4":0,"pump1_volume":0.03,"hpl_areap1":"G:\\BMA\\VDO_DRONE\\SUMP\\BWS096_A1.jpg","surveillant_name":"-","hpl_areap3":"G:\\BMA\\VDO_DRONE\\SUMP\\BWS096_A3.jpg","district_id":"1020","hpl_areap2":"G:\\BMA\\VDO_DRONE\\SUMP\\BWS096_A2.jpg","hpl_areap5":"","hpl_areap4":"","objectid":249,"pump_amount":"1"}},{"geometry":{"type":"Point","coordinates":[100.61362999991408,13.783553002566565],"crs":null},"id":250,"type":"Feature","properties":{"utm_x":674439.5993,"pump3_catagory":"-","year":"2564","accessibility":"ปากซอยลาดพร้าว100 ถนนลาดพร้าว หน้าซอยมีร้านยางดันลอบ","pump5_type":"-","sump_type":"บ่อสูบน้ำ","utm_y":1524373.914,"area_p1_y":100.613664,"area_p1_x":13.783585,"area_p3_y":100.613655,"sump_length":6.6,"area_p3_x":13.783471,"hpl_mdb":"G:\\BMA\\VDO_DRONE\\SUMP\\BES009_MD.jpg","home_pic":"BMA\\VDO_DRONE\\SUMP\\BES009_HO.jpg","sump_depth":2.8,"pump2_volume":0.6,"pump4_volume":0,"meter":400,"surveillant_mobile":"-","telephone":"-","mdb":500,"hpl_trans":"G:\\BMA\\VDO_DRONE\\SUMP\\BES009_TR.jpg","volume":40.66,"subdistrict_id":"104504","hpl_home":"G:\\BMA\\VDO_DRONE\\SUMP\\BES009_HO.jpg","sump_area":"กรุงเทพตะวันออก","sump_width":2.2,"fd_prevent_code":"04","area_p3_pic":"BMA\\VDO_DRONE\\SUMP\\BES009_A3.jpg","district_t":"วังทองหลาง","pump4_catagory":"-","sump_name":"บ่อสูบน้ำถนนลาดพร้าวริมคลองเจ้าคุณสิงห์หน้าร้านยาง","mea_tel":"0-2716-3311 , 0-2716-3222 , 0-2716-3333","area_p4_pic":"BMA\\VDO_DRONE\\SUMP\\BES009_A4.jpg","transformer":750,"mea":"เขตนวลจันทร์","trans_pic":"BMA\\VDO_DRONE\\SUMP\\BES009_TR.jpg","pump2_type":"ไฮดรอลิค","mdb_pic":"BMA\\VDO_DRONE\\SUMP\\BES009_MD.jpg","area_p4_y":100.613655,"meter_pic":"BMA\\VDO_DRONE\\SUMP\\BES009_ME.jpg","area_p2_x":13.783476,"sump_code":"BE.S.009","area_p4_x":13.783471,"amount5":"-","area_p2_y":100.613687,"amount4":"-","pump5_catagory":"-","hpl_meter":"G:\\BMA\\VDO_DRONE\\SUMP\\BES009_ME.jpg","pump3_type":"-","amount3":"-","amount2":"1","area_p2_pic":"BMA\\VDO_DRONE\\SUMP\\BES009_A2.jpg","gate_type":"9","amount1":"1","area_p5_pic":"BMA\\VDO_DRONE\\SUMP\\BES009_A5.jpg","reflex_area":"กรุงเทพตะวันออก","pipe_in_bed2":0,"pipe_in_bed3":0,"pipe_in_bed1":3.1,"home_type":"ตู้พักอาศัยขนาดเล็ก","date_survey":"20 กุมภาพันธ์ 2021","pipe_in_bed4":0,"pump1_type":"ซับเมิร์ส","pump5_volume":0,"owner":"วังทองหลาง","pump4_type":"-","area_p1_pic":"","pump3_volume":0,"pump1_catagory":"ไฟฟ้า","objectid_1":250,"pump2_catagory":"ดีเซล","sump_bed":"2.8","pipe_in_dimention1":1.2,"pipe_in_dimention2":0,"pipe_in_dimention3":0,"meter_code":"MEA-TOU-9155724","pipe_in_dimention4":0,"pump1_volume":0.08,"hpl_areap1":"","surveillant_name":"-","hpl_areap3":"G:\\BMA\\VDO_DRONE\\SUMP\\BES009_A3.jpg","district_id":"1045","hpl_areap2":"G:\\BMA\\VDO_DRONE\\SUMP\\BES009_A2.jpg","hpl_areap5":"G:\\BMA\\VDO_DRONE\\SUMP\\BES009_A5.jpg","hpl_areap4":"G:\\BMA\\VDO_DRONE\\SUMP\\BES009_A4.jpg","objectid":250,"pump_amount":"2"}},{"geometry":{"type":"Point","coordinates":[100.61354500038507,13.783878998763873],"crs":null},"id":251,"type":"Feature","properties":{"utm_x":674430.1663,"pump3_catagory":"-","year":"2564","accessibility":"หน้าแฟมิลี่มาร์ท ปากซอยลาดพร้าว85 ถนนลาดพร้าว","pump5_type":"-","sump_type":"บ่อสูบน้ำ","utm_y":1524409.918,"area_p1_y":100.613359,"area_p1_x":13.783967,"area_p3_y":100.613444,"sump_length":7.5,"area_p3_x":13.783945,"hpl_mdb":"","home_pic":"BMA\\VDO_DRONE\\SUMP\\BES012_HO.jpg","sump_depth":2.4,"pump2_volume":2,"pump4_volume":0,"meter":400,"surveillant_mobile":"-","telephone":"-","mdb":500,"hpl_trans":"","volume":43.2,"subdistrict_id":"104503","hpl_home":"G:\\BMA\\VDO_DRONE\\SUMP\\BES012_HO.jpg","sump_area":"กรุงเทพตะวันออก","sump_width":2.4,"fd_prevent_code":"04","area_p3_pic":"BMA\\VDO_DRONE\\SUMP\\BES012_A3.jpg","district_t":"วังทองหลาง","pump4_catagory":"-","sump_name":"บ่อสูบน้ำถนนลาดพร้าวริมคลองเจ้าคุณสิงห์ขาออกร้านสุกี้","mea_tel":"0-2716-3311 , 0-2716-3222 , 0-2716-3333","area_p4_pic":"BMA\\VDO_DRONE\\SUMP\\BES012_A4.jpg","transformer":500,"mea":"เขตนวลจันทร์","trans_pic":"","pump2_type":"ไฮดรอลิค","mdb_pic":"","area_p4_y":100.613465,"meter_pic":"BMA\\VDO_DRONE\\SUMP\\BES012_ME.jpg","area_p2_x":13.783963,"sump_code":"BE.S.012","area_p4_x":13.783929,"amount5":"-","area_p2_y":100.613403,"amount4":"-","pump5_catagory":"-","hpl_meter":"G:\\BMA\\VDO_DRONE\\SUMP\\BES012_ME.jpg","pump3_type":"-","amount3":"-","amount2":"1","area_p2_pic":"BMA\\VDO_DRONE\\SUMP\\BES012_A2.jpg","gate_type":"9","amount1":"1","area_p5_pic":"BMA\\VDO_DRONE\\SUMP\\BES012_A5.jpg","reflex_area":"กรุงเทพตะวันออก","pipe_in_bed2":0,"pipe_in_bed3":0,"pipe_in_bed1":2.8,"home_type":"ตู้พักอาศัยขนาดเล็ก","date_survey":"20 กุมภาพันธ์ 2021","pipe_in_bed4":0,"pump1_type":"ซับเมิร์ส","pump5_volume":0,"owner":"วังทองหลาง","pump4_type":"-","area_p1_pic":"BMA\\VDO_DRONE\\SUMP\\BES012_A1.jpg","pump3_volume":0,"pump1_catagory":"ไฟฟ้า","objectid_1":251,"pump2_catagory":"ไฟฟ้า","sump_bed":"2.4","pipe_in_dimention1":1.2,"pipe_in_dimention2":0,"pipe_in_dimention3":0,"meter_code":"MEA-TOU-9069991","pipe_in_dimention4":0,"pump1_volume":0.08,"hpl_areap1":"G:\\BMA\\VDO_DRONE\\SUMP\\BES012_A1.jpg","surveillant_name":"-","hpl_areap3":"G:\\BMA\\VDO_DRONE\\SUMP\\BES012_A3.jpg","district_id":"1045","hpl_areap2":"G:\\BMA\\VDO_DRONE\\SUMP\\BES012_A2.jpg","hpl_areap5":"G:\\BMA\\VDO_DRONE\\SUMP\\BES012_A5.jpg","hpl_areap4":"G:\\BMA\\VDO_DRONE\\SUMP\\BES012_A4.jpg","objectid":251,"pump_amount":"2"}},{"geometry":{"type":"Point","coordinates":[100.61324199994513,13.78407499838947],"crs":null},"id":252,"type":"Feature","properties":{"utm_x":674397.2576,"pump3_catagory":"-","year":"2564","accessibility":"ปากซอยลาดพร้าว83 ถนนลาดพร้าว","pump5_type":"-","sump_type":"บ่อสูบน้ำ","utm_y":1524431.382,"area_p1_y":100.613302,"area_p1_x":13.783979,"area_p3_y":100.61325,"sump_length":4,"area_p3_x":13.784031,"hpl_mdb":"G:\\BMA\\VDO_DRONE\\SUMP\\BES010_MD.jpg","home_pic":"BMA\\VDO_DRONE\\SUMP\\BES010_HO.jpg","sump_depth":2.7,"pump2_volume":0.13,"pump4_volume":0,"meter":400,"surveillant_mobile":"-","telephone":"-","mdb":500,"hpl_trans":"G:\\BMA\\VDO_DRONE\\SUMP\\BES010_TR.jpg","volume":25.92,"subdistrict_id":"104503","hpl_home":"G:\\BMA\\VDO_DRONE\\SUMP\\BES010_HO.jpg","sump_area":"กรุงเทพตะวันออก","sump_width":2.4,"fd_prevent_code":"04","area_p3_pic":"BMA\\VDO_DRONE\\SUMP\\BES010_A3.jpg","district_t":"วังทองหลาง","pump4_catagory":"-","sump_name":"บ่อสูบน้ำถนนลาดพร้าวริมคลองเจ้าคุณสิงห์ขาออกบิ๊กซี","mea_tel":"0-2716-3311 , 0-2716-3222 , 0-2716-3333","area_p4_pic":"BMA\\VDO_DRONE\\SUMP\\BES010_A4.jpg","transformer":500,"mea":"เขตนวลจันทร์","trans_pic":"BMA\\VDO_DRONE\\SUMP\\BES010_TR.jpg","pump2_type":"เครื่องยนต์","mdb_pic":"BMA\\VDO_DRONE\\SUMP\\BES010_MD.jpg","area_p4_y":100.613255,"meter_pic":"","area_p2_x":13.784008,"sump_code":"BE.S.010","area_p4_x":13.784041,"amount5":"-","area_p2_y":100.613246,"amount4":"-","pump5_catagory":"-","hpl_meter":"","pump3_type":"-","amount3":"-","amount2":"1","area_p2_pic":"BMA\\VDO_DRONE\\SUMP\\BES010_A2.jpg","gate_type":"9","amount1":"1","area_p5_pic":"BMA\\VDO_DRONE\\SUMP\\BES010_A5.jpg","reflex_area":"กรุงเทพตะวันออก","pipe_in_bed2":0,"pipe_in_bed3":0,"pipe_in_bed1":2.7,"home_type":"ตู้พักอาศัยขนาดเล็ก","date_survey":"20 กุมภาพันธ์ 2021","pipe_in_bed4":0,"pump1_type":"ซับเมิร์ส","pump5_volume":0,"owner":"วังทองหลาง","pump4_type":"-","area_p1_pic":"BMA\\VDO_DRONE\\SUMP\\BES010_A1.jpg","pump3_volume":0,"pump1_catagory":"ไฟฟ้า","objectid_1":252,"pump2_catagory":"ดีเซล","sump_bed":"2.7","pipe_in_dimention1":1.2,"pipe_in_dimention2":0,"pipe_in_dimention3":0,"meter_code":"MEA-TOU-9069991","pipe_in_dimention4":0,"pump1_volume":0.08,"hpl_areap1":"G:\\BMA\\VDO_DRONE\\SUMP\\BES010_A1.jpg","surveillant_name":"-","hpl_areap3":"G:\\BMA\\VDO_DRONE\\SUMP\\BES010_A3.jpg","district_id":"1045","hpl_areap2":"G:\\BMA\\VDO_DRONE\\SUMP\\BES010_A2.jpg","hpl_areap5":"G:\\BMA\\VDO_DRONE\\SUMP\\BES010_A5.jpg","hpl_areap4":"G:\\BMA\\VDO_DRONE\\SUMP\\BES010_A4.jpg","objectid":252,"pump_amount":"2"}},{"geometry":{"type":"Point","coordinates":[100.46650399965925,13.785105977370119],"crs":null},"id":253,"type":"Feature","properties":{"utm_x":658530.41,"pump3_catagory":"-","year":"2564","accessibility":"บริเวณริมคลองใกล้ บขส.","pump5_type":"-","sump_type":"บ่อสูบน้ำ","utm_y":1524443.81,"area_p1_y":100.466285,"area_p1_x":13.782533,"area_p3_y":100.466285,"sump_length":2.75,"area_p3_x":13.782533,"hpl_mdb":"G:\\BMA\\VDO_DRONE\\SUMP\\BWS088_MD.jpg","home_pic":"","sump_depth":2.8,"pump2_volume":0,"pump4_volume":0,"meter":15,"surveillant_mobile":"-","telephone":"-","mdb":50,"hpl_trans":"","volume":12.71,"subdistrict_id":"102009","hpl_home":"","sump_area":"กรุงเทพธนบุรี","sump_width":1.65,"fd_prevent_code":"29","area_p3_pic":"BMA\\VDO_DRONE\\SUMP\\BWS088_A3.jpg","district_t":"บางกอกน้อย","pump4_catagory":"-","sump_name":"บ่อสูบน้ำสวนมะม่วง 1","mea_tel":"0-2832-5211 , 0-2595-1300","area_p4_pic":"BMA\\VDO_DRONE\\SUMP\\BWS088_A4.jpg","transformer":0,"mea":"เขตบางใหญ่","trans_pic":"","pump2_type":"-","mdb_pic":"BMA\\VDO_DRONE\\SUMP\\BWS088_MD.jpg","area_p4_y":100.466285,"meter_pic":"BMA\\VDO_DRONE\\SUMP\\BWS088_ME.jpg","area_p2_x":13.782533,"sump_code":"BW.S.088","area_p4_x":13.782533,"amount5":"-","area_p2_y":100.466285,"amount4":"-","pump5_catagory":"-","hpl_meter":"G:\\BMA\\VDO_DRONE\\SUMP\\BWS088_ME.jpg","pump3_type":"-","amount3":"-","amount2":"-","area_p2_pic":"BMA\\VDO_DRONE\\SUMP\\BWS088_A2.jpg","gate_type":"1","amount1":"1","area_p5_pic":"BMA\\VDO_DRONE\\SUMP\\BWS088_A5.jpg","reflex_area":"กรุงเทพธนบุรี","pipe_in_bed2":0,"pipe_in_bed3":0,"pipe_in_bed1":2.5,"home_type":"ไม่มี","date_survey":"10 มิถุนายน 2021","pipe_in_bed4":0,"pump1_type":"หอยโข่ง","pump5_volume":0,"owner":"บางกอกน้อย","pump4_type":"-","area_p1_pic":"BMA\\VDO_DRONE\\SUMP\\BWS088_A1.jpg","pump3_volume":0,"pump1_catagory":"ไฟฟ้า","objectid_1":253,"pump2_catagory":"-","sump_bed":"2.8","pipe_in_dimention1":0.4,"pipe_in_dimention2":0,"pipe_in_dimention3":0,"meter_code":"MEA-TOU-9201735","pipe_in_dimention4":0,"pump1_volume":0.03,"hpl_areap1":"G:\\BMA\\VDO_DRONE\\SUMP\\BWS088_A1.jpg","surveillant_name":"-","hpl_areap3":"G:\\BMA\\VDO_DRONE\\SUMP\\BWS088_A3.jpg","district_id":"1020","hpl_areap2":"G:\\BMA\\VDO_DRONE\\SUMP\\BWS088_A2.jpg","hpl_areap5":"G:\\BMA\\VDO_DRONE\\SUMP\\BWS088_A5.jpg","hpl_areap4":"G:\\BMA\\VDO_DRONE\\SUMP\\BWS088_A4.jpg","objectid":253,"pump_amount":"1"}},{"geometry":{"type":"Point","coordinates":[100.59175110784743,13.785573388475083],"crs":null},"id":254,"type":"Feature","properties":{"utm_x":672072.3802,"pump3_catagory":"ไฟฟ้า","year":"2564","accessibility":"ซอยเกตุนุติ12 ใกล้โรงงานGRAND LINE","pump5_type":"-","sump_type":"บ่อสูบน้ำ","utm_y":1524581.661,"area_p1_y":100.59178,"area_p1_x":13.785493,"area_p3_y":100.591787,"sump_length":6.4,"area_p3_x":13.785565,"hpl_mdb":"G:\\BMA\\VDO_DRONE\\SUMP\\BES015_MD.jpg","home_pic":"BMA\\VDO_DRONE\\SUMP\\BES015_HO.jpg","sump_depth":4.5,"pump2_volume":0.5,"pump4_volume":0,"meter":400,"surveillant_mobile":"-","telephone":"-","mdb":350,"hpl_trans":"G:\\BMA\\VDO_DRONE\\SUMP\\BES015_TR.jpg","volume":141.12,"subdistrict_id":"104501","hpl_home":"G:\\BMA\\VDO_DRONE\\SUMP\\BES015_HO.jpg","sump_area":"กรุงเทพตะวันออก","sump_width":4.9,"fd_prevent_code":"04","area_p3_pic":"BMA\\VDO_DRONE\\SUMP\\BES015_A3.jpg","district_t":"วังทองหลาง","pump4_catagory":"-","sump_name":"บ่อสูบน้ำลาดพร้าว 64","mea_tel":"0-2716-3311 , 0-2716-3222 , 0-2716-3333","area_p4_pic":"BMA\\VDO_DRONE\\SUMP\\BES015_A4.jpg","transformer":500,"mea":"เขตนวลจันทร์","trans_pic":"BMA\\VDO_DRONE\\SUMP\\BES015_TR.jpg","pump2_type":"ซับเมิร์ส","mdb_pic":"BMA\\VDO_DRONE\\SUMP\\BES015_MD.jpg","area_p4_y":100.591788,"meter_pic":"BMA\\VDO_DRONE\\SUMP\\BES015_ME.jpg","area_p2_x":13.785493,"sump_code":"BE.S.015","area_p4_x":13.785568,"amount5":"-","area_p2_y":100.591791,"amount4":"-","pump5_catagory":"-","hpl_meter":"G:\\BMA\\VDO_DRONE\\SUMP\\BES015_ME.jpg","pump3_type":"หอยโข่ง","amount3":"1","amount2":"1","area_p2_pic":"BMA\\VDO_DRONE\\SUMP\\BES015_A2.jpg","gate_type":"9","amount1":"1","area_p5_pic":"BMA\\VDO_DRONE\\SUMP\\BES015_A5.jpg","reflex_area":"กรุงเทพตะวันออก","pipe_in_bed2":0,"pipe_in_bed3":0,"pipe_in_bed1":1.7,"home_type":"ตู้พักอาศัยขนาดกลาง","date_survey":"20 กุมภาพันธ์ 2021","pipe_in_bed4":0,"pump1_type":"ซับเมิร์ส","pump5_volume":0,"owner":"วังทองหลาง","pump4_type":"-","area_p1_pic":"BMA\\VDO_DRONE\\SUMP\\BES015_A1.jpg","pump3_volume":1,"pump1_catagory":"ไฟฟ้า","objectid_1":254,"pump2_catagory":"ไฟฟ้า","sump_bed":"4.5","pipe_in_dimention1":1.2,"pipe_in_dimention2":0,"pipe_in_dimention3":0,"meter_code":"MEA-TOU-9118358","pipe_in_dimention4":0,"pump1_volume":0.2,"hpl_areap1":"G:\\BMA\\VDO_DRONE\\SUMP\\BES015_A1.jpg","surveillant_name":"-","hpl_areap3":"G:\\BMA\\VDO_DRONE\\SUMP\\BES015_A3.jpg","district_id":"1045","hpl_areap2":"G:\\BMA\\VDO_DRONE\\SUMP\\BES015_A2.jpg","hpl_areap5":"G:\\BMA\\VDO_DRONE\\SUMP\\BES015_A5.jpg","hpl_areap4":"G:\\BMA\\VDO_DRONE\\SUMP\\BES015_A4.jpg","objectid":254,"pump_amount":"3"}},{"geometry":{"type":"Point","coordinates":[100.6089600003706,13.785758000020738],"crs":null},"id":255,"type":"Feature","properties":{"utm_x":673933.0031,"pump3_catagory":"-","year":"2564","accessibility":"ถนนลาดพร้าว โค้งก่อนถึงซอยลาดพร้าว88 หน้าเซ็นจูรี่อพาร์ทเม้นท์","pump5_type":"-","sump_type":"บ่อสูบน้ำ","utm_y":1524614.473,"area_p1_y":100.609037,"area_p1_x":13.785767,"area_p3_y":100.608998,"sump_length":2.45,"area_p3_x":13.785795,"hpl_mdb":"G:\\BMA\\VDO_DRONE\\SUMP\\BES011_MD.jpg","home_pic":"BMA\\VDO_DRONE\\SUMP\\BES011_HO.jpg","sump_depth":2.1,"pump2_volume":0.5,"pump4_volume":0,"meter":400,"surveillant_mobile":"-","telephone":"-","mdb":500,"hpl_trans":"G:\\BMA\\VDO_DRONE\\SUMP\\BES011_TR.jpg","volume":8.23,"subdistrict_id":"104501","hpl_home":"G:\\BMA\\VDO_DRONE\\SUMP\\BES011_HO.jpg","sump_area":"กรุงเทพตะวันออก","sump_width":1.6,"fd_prevent_code":"04","area_p3_pic":"BMA\\VDO_DRONE\\SUMP\\BES011_A3.jpg","district_t":"วังทองหลาง","pump4_catagory":"-","sump_name":"บ่อสูบน้ำถนนลาดพร้าว เซ็นจูรี่อพาร์ทเม้นท์ฝั่งขาเข้า","mea_tel":"0-2716-3311 , 0-2716-3222 , 0-2716-3333","area_p4_pic":"BMA\\VDO_DRONE\\SUMP\\BES011_A4.jpg","transformer":400,"mea":"เขตนวลจันทร์","trans_pic":"BMA\\VDO_DRONE\\SUMP\\BES011_TR.jpg","pump2_type":"ซับเมิร์ส","mdb_pic":"BMA\\VDO_DRONE\\SUMP\\BES011_MD.jpg","area_p4_y":100.609015,"meter_pic":"BMA\\VDO_DRONE\\SUMP\\BES011_ME.jpg","area_p2_x":13.785773,"sump_code":"BE.S.011","area_p4_x":13.785779,"amount5":"-","area_p2_y":100.609013,"amount4":"-","pump5_catagory":"-","hpl_meter":"G:\\BMA\\VDO_DRONE\\SUMP\\BES011_ME.jpg","pump3_type":"-","amount3":"-","amount2":"1","area_p2_pic":"BMA\\VDO_DRONE\\SUMP\\BES011_A2.jpg","gate_type":"8","amount1":"3","area_p5_pic":"BMA\\VDO_DRONE\\SUMP\\BES011_A5.jpg","reflex_area":"กรุงเทพตะวันออก","pipe_in_bed2":0,"pipe_in_bed3":0,"pipe_in_bed1":2.1,"home_type":"ตู้คอนเทนเนอร์","date_survey":"20 กุมภาพันธ์ 2021","pipe_in_bed4":0,"pump1_type":"เครื่องยนต์","pump5_volume":0,"owner":"วังทองหลาง","pump4_type":"-","area_p1_pic":"BMA\\VDO_DRONE\\SUMP\\BES011_A1.jpg","pump3_volume":0,"pump1_catagory":"ดีเซล","objectid_1":255,"pump2_catagory":"ไฟฟ้า","sump_bed":"2.1","pipe_in_dimention1":1.2,"pipe_in_dimention2":0,"pipe_in_dimention3":0,"meter_code":"MEA-TOU-9073054","pipe_in_dimention4":0,"pump1_volume":0.13,"hpl_areap1":"G:\\BMA\\VDO_DRONE\\SUMP\\BES011_A1.jpg","surveillant_name":"-","hpl_areap3":"G:\\BMA\\VDO_DRONE\\SUMP\\BES011_A3.jpg","district_id":"1045","hpl_areap2":"G:\\BMA\\VDO_DRONE\\SUMP\\BES011_A2.jpg","hpl_areap5":"G:\\BMA\\VDO_DRONE\\SUMP\\BES011_A5.jpg","hpl_areap4":"G:\\BMA\\VDO_DRONE\\SUMP\\BES011_A4.jpg","objectid":255,"pump_amount":"4"}},{"geometry":{"type":"Point","coordinates":[100.46642399984624,13.786916996379592],"crs":null},"id":256,"type":"Feature","properties":{"utm_x":658520.5381,"pump3_catagory":"-","year":"2564","accessibility":"ถนนบรมราชชนนี ริมคลองตรงข้าววัดไก่เตี้ย","pump5_type":"-","sump_type":"บ่อสูบน้ำ","utm_y":1524644.102,"area_p1_y":100.466424,"area_p1_x":13.786917,"area_p3_y":100.466424,"sump_length":2.8,"area_p3_x":13.786917,"hpl_mdb":"G:\\BMA\\VDO_DRONE\\SUMP\\BWS077_MD.jpg","home_pic":"BMA\\VDO_DRONE\\SUMP\\BWS077_HO.jpg","sump_depth":3.9,"pump2_volume":0,"pump4_volume":0,"meter":200,"surveillant_mobile":"-","telephone":"-","mdb":125,"hpl_trans":"G:\\BMA\\VDO_DRONE\\SUMP\\BWS077_TR.jpg","volume":19.11,"subdistrict_id":"102009","hpl_home":"G:\\BMA\\VDO_DRONE\\SUMP\\BWS077_HO.jpg","sump_area":"กรุงเทพธนบุรี","sump_width":1.75,"fd_prevent_code":"29","area_p3_pic":"BMA\\VDO_DRONE\\SUMP\\BWS077_A3.jpg","district_t":"บางกอกน้อย","pump4_catagory":"-","sump_name":"บ่อสูบน้ำสายใต้ (ตรงข้ามวัดไก่เตี้ย)","mea_tel":"0-2412-8699 , 0-2878-5222 , 0-2878-5333","area_p4_pic":"BMA\\VDO_DRONE\\SUMP\\BWS077_A4.jpg","transformer":225,"mea":"เขตธนบุรี","trans_pic":"BMA\\VDO_DRONE\\SUMP\\BWS077_TR.jpg","pump2_type":"-","mdb_pic":"BMA\\VDO_DRONE\\SUMP\\BWS077_MD.jpg","area_p4_y":100.466424,"meter_pic":"BMA\\VDO_DRONE\\SUMP\\BWS077_ME.jpg","area_p2_x":13.786917,"sump_code":"BW.S.077","area_p4_x":13.786917,"amount5":"-","area_p2_y":100.466424,"amount4":"-","pump5_catagory":"-","hpl_meter":"G:\\BMA\\VDO_DRONE\\SUMP\\BWS077_ME.jpg","pump3_type":"-","amount3":"-","amount2":"-","area_p2_pic":"BMA\\VDO_DRONE\\SUMP\\BWS077_A2.jpg","gate_type":"1","amount1":"2","area_p5_pic":"BMA\\VDO_DRONE\\SUMP\\BWS077_A5.jpg","reflex_area":"กรุงเทพธนบุรี","pipe_in_bed2":0,"pipe_in_bed3":0,"pipe_in_bed1":3.4,"home_type":"ตู้คอนเทนเนอร์","date_survey":"20 เมษายน 2021","pipe_in_bed4":0,"pump1_type":"หอยโข่ง","pump5_volume":0,"owner":"บางกอกน้อย","pump4_type":"-","area_p1_pic":"BMA\\VDO_DRONE\\SUMP\\BWS077_A1.jpg","pump3_volume":0,"pump1_catagory":"ไฟฟ้า","objectid_1":256,"pump2_catagory":"-","sump_bed":"3.9","pipe_in_dimention1":1,"pipe_in_dimention2":0,"pipe_in_dimention3":0,"meter_code":"MEA-TOU-9104575","pipe_in_dimention4":0,"pump1_volume":0.6,"hpl_areap1":"G:\\BMA\\VDO_DRONE\\SUMP\\BWS077_A1.jpg","surveillant_name":"-","hpl_areap3":"G:\\BMA\\VDO_DRONE\\SUMP\\BWS077_A3.jpg","district_id":"1020","hpl_areap2":"G:\\BMA\\VDO_DRONE\\SUMP\\BWS077_A2.jpg","hpl_areap5":"G:\\BMA\\VDO_DRONE\\SUMP\\BWS077_A5.jpg","hpl_areap4":"G:\\BMA\\VDO_DRONE\\SUMP\\BWS077_A4.jpg","objectid":256,"pump_amount":"2"}},{"geometry":{"type":"Point","coordinates":[100.60937600034525,13.786286001479228],"crs":null},"id":257,"type":"Feature","properties":{"utm_x":673977.5933,"pump3_catagory":"-","year":"2564","accessibility":"ถนนประดิษฐ์มนูธรรม ทางที่จะเข้าลาดพร้าว ใกล้ร้านท่อไอเสีย","pump5_type":"-","sump_type":"บ่อสูบน้ำ","utm_y":1524673.188,"area_p1_y":100.609387,"area_p1_x":13.786273,"area_p3_y":100.609273,"sump_length":2,"area_p3_x":13.786285,"hpl_mdb":"","home_pic":"BMA\\VDO_DRONE\\SUMP\\BES016_HO.jpg","sump_depth":2.1,"pump2_volume":0,"pump4_volume":0,"meter":0,"surveillant_mobile":"-","telephone":"-","mdb":0,"hpl_trans":"","volume":5.67,"subdistrict_id":"104503","hpl_home":"G:\\BMA\\VDO_DRONE\\SUMP\\BES016_HO.jpg","sump_area":"กรุงเทพตะวันออก","sump_width":1.35,"fd_prevent_code":"04","area_p3_pic":"BMA\\VDO_DRONE\\SUMP\\BES016_A3.jpg","district_t":"วังทองหลาง","pump4_catagory":"-","sump_name":"บ่อสูบน้ำประดิษฐ์มนูธรรมท่อไอเสีย","mea_tel":"0-2716-3311 , 0-2716-3222 , 0-2716-3333","area_p4_pic":"BMA\\VDO_DRONE\\SUMP\\BES016_A4.jpg","transformer":0,"mea":"เขตนวลจันทร์","trans_pic":"","pump2_type":"-","mdb_pic":"","area_p4_y":100.609282,"meter_pic":"","area_p2_x":13.786296,"sump_code":"BE.S.016","area_p4_x":13.786274,"amount5":"-","area_p2_y":100.60927,"amount4":"-","pump5_catagory":"-","hpl_meter":"","pump3_type":"-","amount3":"-","amount2":"-","area_p2_pic":"BMA\\VDO_DRONE\\SUMP\\BES016_A2.jpg","gate_type":"8","amount1":"2","area_p5_pic":"BMA\\VDO_DRONE\\SUMP\\BES016_A5.jpg","reflex_area":"กรุงเทพตะวันออก","pipe_in_bed2":0,"pipe_in_bed3":0,"pipe_in_bed1":2.1,"home_type":"ตู้พักอาศัยขนาดเล็ก","date_survey":"20 กุมภาพันธ์ 2021","pipe_in_bed4":0,"pump1_type":"เครื่องยนต์","pump5_volume":0,"owner":"วังทองหลาง","pump4_type":"-","area_p1_pic":"BMA\\VDO_DRONE\\SUMP\\BES016_A1.jpg","pump3_volume":0,"pump1_catagory":"ดีเซล","objectid_1":257,"pump2_catagory":"-","sump_bed":"2.1","pipe_in_dimention1":1.2,"pipe_in_dimention2":0,"pipe_in_dimention3":0,"meter_code":"MEA-TOU-9304565","pipe_in_dimention4":0,"pump1_volume":0.13,"hpl_areap1":"G:\\BMA\\VDO_DRONE\\SUMP\\BES016_A1.jpg","surveillant_name":"-","hpl_areap3":"G:\\BMA\\VDO_DRONE\\SUMP\\BES016_A3.jpg","district_id":"1045","hpl_areap2":"G:\\BMA\\VDO_DRONE\\SUMP\\BES016_A2.jpg","hpl_areap5":"G:\\BMA\\VDO_DRONE\\SUMP\\BES016_A5.jpg","hpl_areap4":"G:\\BMA\\VDO_DRONE\\SUMP\\BES016_A4.jpg","objectid":257,"pump_amount":"2"}},{"geometry":{"type":"Point","coordinates":[100.46625796410211,13.787503999830944],"crs":null},"id":258,"type":"Feature","properties":{"utm_x":658502.19,"pump3_catagory":"-","year":"2564","accessibility":"ถนนบรมราชชนนี ริมคลองบางกอกน้อย ตรงร้านอาหารจินหลง","pump5_type":"-","sump_type":"บ่อสูบน้ำ","utm_y":1524708.93,"area_p1_y":100.466257,"area_p1_x":13.787583,"area_p3_y":100.466279,"sump_length":2.6,"area_p3_x":13.787599,"hpl_mdb":"G:\\BMA\\VDO_DRONE\\SUMP\\BWS087_MD.jpg","home_pic":"BMA\\VDO_DRONE\\SUMP\\BWS087_HO.jpg","sump_depth":2.8,"pump2_volume":0,"pump4_volume":0,"meter":30,"surveillant_mobile":"-","telephone":"-","mdb":50,"hpl_trans":"G:\\BMA\\VDO_DRONE\\SUMP\\BWS087_TR.jpg","volume":13.1,"subdistrict_id":"102501","hpl_home":"G:\\BMA\\VDO_DRONE\\SUMP\\BWS087_HO.jpg","sump_area":"กรุงเทพธนบุรี","sump_width":1.8,"fd_prevent_code":"29","area_p3_pic":"BMA\\VDO_DRONE\\SUMP\\BWS087_A3.jpg","district_t":"บางพลัด","pump4_catagory":"-","sump_name":"บ่อสูบชุมชนวัดชัยพฤกษ์มาลา","mea_tel":"0-2832-5211 , 0-2595-1300","area_p4_pic":"","transformer":225,"mea":"เขตบางใหญ่","trans_pic":"BMA\\VDO_DRONE\\SUMP\\BWS087_TR.jpg","pump2_type":"-","mdb_pic":"BMA\\VDO_DRONE\\SUMP\\BWS087_MD.jpg","area_p4_y":100.46626,"meter_pic":"BMA\\VDO_DRONE\\SUMP\\BWS087_ME.jpg","area_p2_x":13.787572,"sump_code":"BW.S.087","area_p4_x":13.787599,"amount5":"-","area_p2_y":100.466284,"amount4":"-","pump5_catagory":"-","hpl_meter":"G:\\BMA\\VDO_DRONE\\SUMP\\BWS087_ME.jpg","pump3_type":"-","amount3":"-","amount2":"-","area_p2_pic":"BMA\\VDO_DRONE\\SUMP\\BWS087_A2.jpg","gate_type":"1","amount1":"1","area_p5_pic":"","reflex_area":"กรุงเทพธนบุรี","pipe_in_bed2":0,"pipe_in_bed3":0,"pipe_in_bed1":2.1,"home_type":"ไม่มี","date_survey":"10 มิถุนายน 2021","pipe_in_bed4":0,"pump1_type":"หอยโข่ง","pump5_volume":0,"owner":"บางพลัด","pump4_type":"-","area_p1_pic":"BMA\\VDO_DRONE\\SUMP\\BWS087_A1.jpg","pump3_volume":0,"pump1_catagory":"ไฟฟ้า","objectid_1":258,"pump2_catagory":"-","sump_bed":"2.8","pipe_in_dimention1":0.4,"pipe_in_dimention2":0,"pipe_in_dimention3":0,"meter_code":"MEA-TOU-9287030","pipe_in_dimention4":0,"pump1_volume":0.03,"hpl_areap1":"G:\\BMA\\VDO_DRONE\\SUMP\\BWS087_A1.jpg","surveillant_name":"-","hpl_areap3":"G:\\BMA\\VDO_DRONE\\SUMP\\BWS087_A3.jpg","district_id":"1025","hpl_areap2":"G:\\BMA\\VDO_DRONE\\SUMP\\BWS087_A2.jpg","hpl_areap5":"","hpl_areap4":"","objectid":258,"pump_amount":"1"}},{"geometry":{"type":"Point","coordinates":[100.42272899987385,13.78799400013702],"crs":null},"id":259,"type":"Feature","properties":{"utm_x":653795.5205,"pump3_catagory":"-","year":"2564","accessibility":"ท้ายซอยพุทธมณฑลสาย 1 ซอย 43","pump5_type":"-","sump_type":"บ่อสูบน้ำ","utm_y":1524734.852,"area_p1_y":100.422757,"area_p1_x":13.788015,"area_p3_y":100.422755,"sump_length":12.94,"area_p3_x":13.788012,"hpl_mdb":"G:\\BMA\\VDO_DRONE\\SUMP\\BWS060_MD.jpg","home_pic":"","sump_depth":3.8,"pump2_volume":0,"pump4_volume":0,"meter":400,"surveillant_mobile":"-","telephone":"-","mdb":800,"hpl_trans":"G:\\BMA\\VDO_DRONE\\SUMP\\BWS060_TR.jpg","volume":242.42,"subdistrict_id":"101903","hpl_home":"","sump_area":"กรุงเทพธนบุรี","sump_width":4.93,"fd_prevent_code":"15","area_p3_pic":"BMA\\VDO_DRONE\\SUMP\\BWS060_A3.jpg","district_t":"ตลิ่งชัน","pump4_catagory":"-","sump_name":"บ่อสูบน้ำพุทธมณฑลสาย 1 ซอย 43","mea_tel":"0-2832-5211 , 0-2595-1300","area_p4_pic":"BMA\\VDO_DRONE\\SUMP\\BWS060_A4.jpg","transformer":500,"mea":"เขตบางใหญ่","trans_pic":"BMA\\VDO_DRONE\\SUMP\\BWS060_TR.jpg","pump2_type":"-","mdb_pic":"BMA\\VDO_DRONE\\SUMP\\BWS060_MD.jpg","area_p4_y":100.422754,"meter_pic":"BMA\\VDO_DRONE\\SUMP\\BWS060_ME.jpg","area_p2_x":13.788014,"sump_code":"BW.S.060","area_p4_x":13.788012,"amount5":"-","area_p2_y":100.422757,"amount4":"-","pump5_catagory":"-","hpl_meter":"G:\\BMA\\VDO_DRONE\\SUMP\\BWS060_ME.jpg","pump3_type":"-","amount3":"-","amount2":"-","area_p2_pic":"BMA\\VDO_DRONE\\SUMP\\BWS060_A2.jpg","gate_type":"8","amount1":"3","area_p5_pic":"BMA\\VDO_DRONE\\SUMP\\BWS060_A5.jpg","reflex_area":"กรุงเทพธนบุรี","pipe_in_bed2":0,"pipe_in_bed3":0,"pipe_in_bed1":2.69,"home_type":"ไม่มี","date_survey":"19 เมษายน 2021","pipe_in_bed4":0,"pump1_type":"คอลัมป์ไปท์","pump5_volume":0,"owner":"ตลิ่งชัน","pump4_type":"-","area_p1_pic":"BMA\\VDO_DRONE\\SUMP\\BWS060_A1.jpg","pump3_volume":0,"pump1_catagory":"ไฟฟ้า","objectid_1":259,"pump2_catagory":"-","sump_bed":"3.8","pipe_in_dimention1":1.5,"pipe_in_dimention2":0,"pipe_in_dimention3":0,"meter_code":"MEA-TOU-9158360","pipe_in_dimention4":0,"pump1_volume":2,"hpl_areap1":"G:\\BMA\\VDO_DRONE\\SUMP\\BWS060_A1.jpg","surveillant_name":"-","hpl_areap3":"G:\\BMA\\VDO_DRONE\\SUMP\\BWS060_A3.jpg","district_id":"1019","hpl_areap2":"G:\\BMA\\VDO_DRONE\\SUMP\\BWS060_A2.jpg","hpl_areap5":"G:\\BMA\\VDO_DRONE\\SUMP\\BWS060_A5.jpg","hpl_areap4":"G:\\BMA\\VDO_DRONE\\SUMP\\BWS060_A4.jpg","objectid":259,"pump_amount":"3"}},{"geometry":{"type":"Point","coordinates":[100.60756999998904,13.786858998069816],"crs":null},"id":260,"type":"Feature","properties":{"utm_x":673781.8904,"pump3_catagory":"-","year":"2564","accessibility":"ถนนลาดพร้าว ใกล้ซอยลาดพร้าว84 หน้าอาคารไอยเรศวร","pump5_type":"-","sump_type":"บ่อสูบน้ำ","utm_y":1524735.273,"area_p1_y":100.609282,"area_p1_x":13.786274,"area_p3_y":100.607599,"sump_length":3.7,"area_p3_x":13.786842,"hpl_mdb":"G:\\BMA\\VDO_DRONE\\SUMP\\BES014_MD.jpg","home_pic":"BMA\\VDO_DRONE\\SUMP\\BES014_HO.jpg","sump_depth":2.6,"pump2_volume":1,"pump4_volume":0,"meter":400,"surveillant_mobile":"-","telephone":"-","mdb":630,"hpl_trans":"G:\\BMA\\VDO_DRONE\\SUMP\\BES014_TR.jpg","volume":19.24,"subdistrict_id":"104501","hpl_home":"G:\\BMA\\VDO_DRONE\\SUMP\\BES014_HO.jpg","sump_area":"กรุงเทพตะวันออก","sump_width":2,"fd_prevent_code":"04","area_p3_pic":"BMA\\VDO_DRONE\\SUMP\\BES014_A3.jpg","district_t":"วังทองหลาง","pump4_catagory":"-","sump_name":"บ่อสูบน้ำถนนลาดพร้าวตอนคลองวัดตึก","mea_tel":"0-2716-3311 , 0-2716-3222 , 0-2716-3333","area_p4_pic":"","transformer":300,"mea":"เขตนวลจันทร์","trans_pic":"BMA\\VDO_DRONE\\SUMP\\BES014_TR.jpg","pump2_type":"ซับเมิร์ส","mdb_pic":"BMA\\VDO_DRONE\\SUMP\\BES014_MD.jpg","area_p4_y":100.607592,"meter_pic":"BMA\\VDO_DRONE\\SUMP\\BES014_ME.jpg","area_p2_x":13.786838,"sump_code":"BE.S.014","area_p4_x":13.786847,"amount5":"-","area_p2_y":100.607623,"amount4":"-","pump5_catagory":"-","hpl_meter":"G:\\BMA\\VDO_DRONE\\SUMP\\BES014_ME.jpg","pump3_type":"-","amount3":"-","amount2":"1","area_p2_pic":"BMA\\VDO_DRONE\\SUMP\\BES014_A2.jpg","gate_type":"9","amount1":"1","area_p5_pic":"BMA\\VDO_DRONE\\SUMP\\BES014_A5.jpg","reflex_area":"กรุงเทพตะวันออก","pipe_in_bed2":2.3,"pipe_in_bed3":0,"pipe_in_bed1":2.3,"home_type":"ตู้พักอาศัยขนาดกลาง","date_survey":"20 กุมภาพันธ์ 2021","pipe_in_bed4":0,"pump1_type":"ซับเมิร์ส","pump5_volume":0,"owner":"วังทองหลาง","pump4_type":"-","area_p1_pic":"BMA\\VDO_DRONE\\SUMP\\BES014_A1.jpg","pump3_volume":0,"pump1_catagory":"ไฟฟ้า","objectid_1":260,"pump2_catagory":"ไฟฟ้า","sump_bed":"2.6","pipe_in_dimention1":1.2,"pipe_in_dimention2":1.2,"pipe_in_dimention3":0,"meter_code":"MEA-TOU-048879","pipe_in_dimention4":0,"pump1_volume":0.2,"hpl_areap1":"G:\\BMA\\VDO_DRONE\\SUMP\\BES014_A1.jpg","surveillant_name":"-","hpl_areap3":"G:\\BMA\\VDO_DRONE\\SUMP\\BES014_A3.jpg","district_id":"1045","hpl_areap2":"G:\\BMA\\VDO_DRONE\\SUMP\\BES014_A2.jpg","hpl_areap5":"G:\\BMA\\VDO_DRONE\\SUMP\\BES014_A5.jpg","hpl_areap4":"","objectid":260,"pump_amount":"2"}},{"geometry":{"type":"Point","coordinates":[100.46506500025401,13.788230004199457],"crs":null},"id":261,"type":"Feature","properties":{"utm_x":658372.7162,"pump3_catagory":"-","year":"2564","accessibility":"ทางคู่ขนานถนนบรมราชชนนี ทางกลับรถใต้สะพานใกล้คลองบางกอกน้อย ฝั่ง","pump5_type":"-","sump_type":"บ่อสูบน้ำ","utm_y":1524788.458,"area_p1_y":100.465065,"area_p1_x":13.78823,"area_p3_y":100.465065,"sump_length":10.7,"area_p3_x":13.78823,"hpl_mdb":"G:\\BMA\\VDO_DRONE\\SUMP\\BWS072_MD.jpg","home_pic":"","sump_depth":3.5,"pump2_volume":1,"pump4_volume":0,"meter":400,"surveillant_mobile":"-","telephone":"-","mdb":630,"hpl_trans":"G:\\BMA\\VDO_DRONE\\SUMP\\BWS072_TR.jpg","volume":127.33,"subdistrict_id":"101902","hpl_home":"","sump_area":"กรุงเทพธนบุรี","sump_width":3.4,"fd_prevent_code":"32","area_p3_pic":"BMA\\VDO_DRONE\\SUMP\\BWS072_A3.jpg","district_t":"ตลิ่งชัน","pump4_catagory":"-","sump_name":"บ่อสูบน้ำถนนเลียบทางรถไฟสายใต้ ตอนคลองบางกอกน้อย","mea_tel":"0-2832-5211 , 0-2595-1300","area_p4_pic":"BMA\\VDO_DRONE\\SUMP\\BWS072_A4.jpg","transformer":300,"mea":"เขตบางใหญ่","trans_pic":"BMA\\VDO_DRONE\\SUMP\\BWS072_TR.jpg","pump2_type":"คอลัมป์ไปท์","mdb_pic":"BMA\\VDO_DRONE\\SUMP\\BWS072_MD.jpg","area_p4_y":100.465065,"meter_pic":"BMA\\VDO_DRONE\\SUMP\\BWS072_ME.jpg","area_p2_x":13.78823,"sump_code":"BW.S.072","area_p4_x":13.78823,"amount5":"-","area_p2_y":100.465065,"amount4":"-","pump5_catagory":"-","hpl_meter":"G:\\BMA\\VDO_DRONE\\SUMP\\BWS072_ME.jpg","pump3_type":"-","amount3":"-","amount2":"1","area_p2_pic":"BMA\\VDO_DRONE\\SUMP\\BWS072_A2.jpg","gate_type":"8","amount1":"2","area_p5_pic":"BMA\\VDO_DRONE\\SUMP\\BWS072_A5.jpg","reflex_area":"กรุงเทพธนบุรี","pipe_in_bed2":0,"pipe_in_bed3":0,"pipe_in_bed1":1.7,"home_type":"ตู้คอนเทนเนอร์","date_survey":"20 เมษายน 2021","pipe_in_bed4":0,"pump1_type":"คอลัมป์ไปท์","pump5_volume":0,"owner":"ตลิ่งชัน","pump4_type":"-","area_p1_pic":"BMA\\VDO_DRONE\\SUMP\\BWS072_A1.jpg","pump3_volume":0,"pump1_catagory":"ไฟฟ้า","objectid_1":261,"pump2_catagory":"ไฟฟ้า","sump_bed":"3","pipe_in_dimention1":0.8,"pipe_in_dimention2":0,"pipe_in_dimention3":0,"meter_code":"MEA-TOU-9150815","pipe_in_dimention4":0,"pump1_volume":2,"hpl_areap1":"G:\\BMA\\VDO_DRONE\\SUMP\\BWS072_A1.jpg","surveillant_name":"-","hpl_areap3":"G:\\BMA\\VDO_DRONE\\SUMP\\BWS072_A3.jpg","district_id":"1019","hpl_areap2":"G:\\BMA\\VDO_DRONE\\SUMP\\BWS072_A2.jpg","hpl_areap5":"G:\\BMA\\VDO_DRONE\\SUMP\\BWS072_A5.jpg","hpl_areap4":"G:\\BMA\\VDO_DRONE\\SUMP\\BWS072_A4.jpg","objectid":261,"pump_amount":"3"}},{"geometry":{"type":"Point","coordinates":[100.46641796794874,13.78836297451939],"crs":null},"id":262,"type":"Feature","properties":{"utm_x":658518.91,"pump3_catagory":"-","year":"2564","accessibility":"เลียบทางรถไฟถนนชัยพฤกษ์ ริมคลอง","pump5_type":"-","sump_type":"บ่อสูบน้ำ","utm_y":1524804.06,"area_p1_y":100.466419,"area_p1_x":13.788363,"area_p3_y":100.466419,"sump_length":2.75,"area_p3_x":13.788363,"hpl_mdb":"G:\\BMA\\VDO_DRONE\\SUMP\\BWS089_MD.jpg","home_pic":"","sump_depth":3.1,"pump2_volume":0,"pump4_volume":0,"meter":15,"surveillant_mobile":"-","telephone":"-","mdb":50,"hpl_trans":"","volume":15.77,"subdistrict_id":"102501","hpl_home":"","sump_area":"กรุงเทพธนบุรี","sump_width":1.85,"fd_prevent_code":"29","area_p3_pic":"BMA\\VDO_DRONE\\SUMP\\BWS089_A3.jpg","district_t":"บางพลัด","pump4_catagory":"-","sump_name":"บ่อสูบน้ำเลียบทางรถไฟถนนชัยพฤกษ์","mea_tel":"0-2832-5211 , 0-2595-1300","area_p4_pic":"","transformer":0,"mea":"เขตบางใหญ่","trans_pic":"","pump2_type":"-","mdb_pic":"BMA\\VDO_DRONE\\SUMP\\BWS089_MD.jpg","area_p4_y":100.466419,"meter_pic":"BMA\\VDO_DRONE\\SUMP\\BWS089_ME.jpg","area_p2_x":13.788363,"sump_code":"BW.S.089","area_p4_x":13.788363,"amount5":"-","area_p2_y":100.466419,"amount4":"-","pump5_catagory":"-","hpl_meter":"G:\\BMA\\VDO_DRONE\\SUMP\\BWS089_ME.jpg","pump3_type":"-","amount3":"-","amount2":"-","area_p2_pic":"BMA\\VDO_DRONE\\SUMP\\BWS089_A2.jpg","gate_type":"1","amount1":"1","area_p5_pic":"","reflex_area":"กรุงเทพธนบุรี","pipe_in_bed2":0,"pipe_in_bed3":0,"pipe_in_bed1":2.8,"home_type":"ไม่มี","date_survey":"10 มิถุนายน 2021","pipe_in_bed4":0,"pump1_type":"หอยโข่ง","pump5_volume":0,"owner":"บางพลัด","pump4_type":"-","area_p1_pic":"BMA\\VDO_DRONE\\SUMP\\BWS089_A1.jpg","pump3_volume":0,"pump1_catagory":"ไฟฟ้า","objectid_1":262,"pump2_catagory":"-","sump_bed":"3.1","pipe_in_dimention1":0.4,"pipe_in_dimention2":0,"pipe_in_dimention3":0,"meter_code":"MEA-5367310","pipe_in_dimention4":0,"pump1_volume":0.03,"hpl_areap1":"G:\\BMA\\VDO_DRONE\\SUMP\\BWS089_A1.jpg","surveillant_name":"-","hpl_areap3":"G:\\BMA\\VDO_DRONE\\SUMP\\BWS089_A3.jpg","district_id":"1025","hpl_areap2":"G:\\BMA\\VDO_DRONE\\SUMP\\BWS089_A2.jpg","hpl_areap5":"","hpl_areap4":"","objectid":262,"pump_amount":"1"}},{"geometry":{"type":"Point","coordinates":[100.53479249600991,13.792203641011373],"crs":null},"id":263,"type":"Feature","properties":{"utm_x":665908.9849,"pump3_catagory":"-","year":"2564","accessibility":"ถนนเทอดดำริ ตรงไฟแดงมีป้อมตำรวจ","pump5_type":"-","sump_type":"บ่อสูบน้ำ","utm_y":1525275.105,"area_p1_y":100.534689,"area_p1_x":13.792416,"area_p3_y":100.534652,"sump_length":4.34,"area_p3_x":13.792267,"hpl_mdb":"G:\\BMA\\VDO_DRONE\\SUMP\\BNS077_MD.jpg","home_pic":"BMA\\VDO_DRONE\\SUMP\\BNS077_HO.jpg","sump_depth":5.27,"pump2_volume":0,"pump4_volume":0,"meter":13,"surveillant_mobile":"-","telephone":"02-2434579","mdb":1250,"hpl_trans":"G:\\BMA\\VDO_DRONE\\SUMP\\BNS077_TR.jpg","volume":94.92,"subdistrict_id":"100206","hpl_home":"G:\\BMA\\VDO_DRONE\\SUMP\\BNS077_HO.jpg","sump_area":"กรุงเทพเหนือ","sump_width":4.15,"fd_prevent_code":"07","area_p3_pic":"BMA\\VDO_DRONE\\SUMP\\BNS077_A3.jpg","district_t":"ดุสิต","pump4_catagory":"-","sump_name":"บ่อสูบน้ำคูน้ำทหารถนนเทอดดำริ","mea_tel":"0-2242-5211 , 0-2243-0131 , 0-2241-5409","area_p4_pic":"BMA\\VDO_DRONE\\SUMP\\BNS077_A4.jpg","transformer":500,"mea":"เขตสามเสน","trans_pic":"BMA\\VDO_DRONE\\SUMP\\BNS077_TR.jpg","pump2_type":"-","mdb_pic":"BMA\\VDO_DRONE\\SUMP\\BNS077_MD.jpg","area_p4_y":100.534688,"meter_pic":"BMA\\VDO_DRONE\\SUMP\\BNS077_ME.jpg","area_p2_x":13.792404,"sump_code":"BN.S.077","area_p4_x":13.792286,"amount5":"-","area_p2_y":100.534751,"amount4":"-","pump5_catagory":"-","hpl_meter":"G:\\BMA\\VDO_DRONE\\SUMP\\BNS077_ME.jpg","pump3_type":"-","amount3":"-","amount2":"-","area_p2_pic":"BMA\\VDO_DRONE\\SUMP\\BNS077_A2.jpg","gate_type":"8","amount1":"4","area_p5_pic":"","reflex_area":"กรุงเทพเหนือ","pipe_in_bed2":0,"pipe_in_bed3":0,"pipe_in_bed1":3.15,"home_type":"ตู้คอนเทนเนอร์","date_survey":"20 กุมภาพันธ์ 2021","pipe_in_bed4":0,"pump1_type":"ซับเมิร์ส","pump5_volume":0,"owner":"ดุสิต","pump4_type":"-","area_p1_pic":"BMA\\VDO_DRONE\\SUMP\\BNS077_A1.jpg","pump3_volume":0,"pump1_catagory":"ไฟฟ้า","objectid_1":263,"pump2_catagory":"-","sump_bed":"5.27","pipe_in_dimention1":1.5,"pipe_in_dimention2":0,"pipe_in_dimention3":0,"meter_code":"MEA-TOU-9083783","pipe_in_dimention4":0,"pump1_volume":1,"hpl_areap1":"G:\\BMA\\VDO_DRONE\\SUMP\\BNS077_A1.jpg","surveillant_name":"-","hpl_areap3":"G:\\BMA\\VDO_DRONE\\SUMP\\BNS077_A3.jpg","district_id":"1002","hpl_areap2":"G:\\BMA\\VDO_DRONE\\SUMP\\BNS077_A2.jpg","hpl_areap5":"","hpl_areap4":"G:\\BMA\\VDO_DRONE\\SUMP\\BNS077_A4.jpg","objectid":263,"pump_amount":"4"}},{"geometry":{"type":"Point","coordinates":[100.51394757867008,13.792925789337767],"crs":null},"id":264,"type":"Feature","properties":{"utm_x":663654.703,"pump3_catagory":"-","year":"2564","accessibility":"ถนนสามเสน อยู่ในบริษัทSINGHA ริมแม่น้ำเจ้าพระยา","pump5_type":"-","sump_type":"บ่อสูบน้ำ","utm_y":1525340.696,"area_p1_y":100.513868,"area_p1_x":13.793051,"area_p3_y":100.513807,"sump_length":4.82,"area_p3_x":13.79297,"hpl_mdb":"G:\\BMA\\VDO_DRONE\\SUMP\\BNS078_MD.jpg","home_pic":"","sump_depth":4.8,"pump2_volume":0,"pump4_volume":0,"meter":0,"surveillant_mobile":"-","telephone":"-","mdb":320,"hpl_trans":"","volume":53.68,"subdistrict_id":"100206","hpl_home":"","sump_area":"กรุงเทพเหนือ","sump_width":2.32,"fd_prevent_code":"07","area_p3_pic":"BMA\\VDO_DRONE\\SUMP\\BNS078_A3.jpg","district_t":"ดุสิต","pump4_catagory":"-","sump_name":"บ่อสูบน้ำคลองบางกระบือ","mea_tel":"0-2242-5211 , 0-2243-0131 , 0-2241-5409","area_p4_pic":"BMA\\VDO_DRONE\\SUMP\\BNS078_A4.jpg","transformer":0,"mea":"เขตสามเสน","trans_pic":"","pump2_type":"-","mdb_pic":"BMA\\VDO_DRONE\\SUMP\\BNS078_MD.jpg","area_p4_y":100.513907,"meter_pic":"","area_p2_x":13.792971,"sump_code":"BN.S.078","area_p4_x":13.792919,"amount5":"-","area_p2_y":100.513963,"amount4":"-","pump5_catagory":"-","hpl_meter":"","pump3_type":"-","amount3":"-","amount2":"-","area_p2_pic":"BMA\\VDO_DRONE\\SUMP\\BNS078_A2.jpg","gate_type":"4","amount1":"2","area_p5_pic":"","reflex_area":"กรุงเทพเหนือ","pipe_in_bed2":0,"pipe_in_bed3":0,"pipe_in_bed1":1.88,"home_type":"ไม่มี","date_survey":"20 กุมภาพันธ์ 2021","pipe_in_bed4":0,"pump1_type":"หอยโข่ง","pump5_volume":0,"owner":"ดุสิต","pump4_type":"-","area_p1_pic":"BMA\\VDO_DRONE\\SUMP\\BNS078_A1.jpg","pump3_volume":0,"pump1_catagory":"ไฟฟ้า","objectid_1":264,"pump2_catagory":"-","sump_bed":"4.8","pipe_in_dimention1":1.2,"pipe_in_dimention2":0,"pipe_in_dimention3":0,"meter_code":"-","pipe_in_dimention4":0,"pump1_volume":0.3,"hpl_areap1":"G:\\BMA\\VDO_DRONE\\SUMP\\BNS078_A1.jpg","surveillant_name":"-","hpl_areap3":"G:\\BMA\\VDO_DRONE\\SUMP\\BNS078_A3.jpg","district_id":"1002","hpl_areap2":"G:\\BMA\\VDO_DRONE\\SUMP\\BNS078_A2.jpg","hpl_areap5":"","hpl_areap4":"G:\\BMA\\VDO_DRONE\\SUMP\\BNS078_A4.jpg","objectid":264,"pump_amount":"2"}},{"geometry":{"type":"Point","coordinates":[100.65516699994352,13.794083001905083],"crs":null},"id":265,"type":"Feature","properties":{"utm_x":678922.986,"pump3_catagory":"-","year":"2564","accessibility":"สุดซอยนวมินทร์ 36 ปากซอยมีธนาคารกสิกรไทย","pump5_type":"-","sump_type":"บ่อสูบน้ำ","utm_y":1525569.427,"area_p1_y":100.655205,"area_p1_x":13.794133,"area_p3_y":100.655227,"sump_length":7,"area_p3_x":13.794137,"hpl_mdb":"G:\\BMA\\VDO_DRONE\\SUMP\\BES021_MD.jpg","home_pic":"BMA\\VDO_DRONE\\SUMP\\BES021_HO.jpg","sump_depth":4.9,"pump2_volume":0,"pump4_volume":0,"meter":400,"surveillant_mobile":"-","telephone":"-","mdb":630,"hpl_trans":"G:\\BMA\\VDO_DRONE\\SUMP\\BES021_TR.jpg","volume":120.05,"subdistrict_id":"102701","hpl_home":"G:\\BMA\\VDO_DRONE\\SUMP\\BES021_HO.jpg","sump_area":"กรุงเทพตะวันออก","sump_width":3.5,"fd_prevent_code":"24","area_p3_pic":"BMA\\VDO_DRONE\\SUMP\\BES021_A3.jpg","district_t":"บึงกุ่ม","pump4_catagory":"-","sump_name":"บ่อสูบน้ำนวมินทร์ 36 ข้างธนาคารกสิกรไทย","mea_tel":"0-2907-5200 , 0-2543-8405, 0-2919-5004","area_p4_pic":"BMA\\VDO_DRONE\\SUMP\\BES021_A4.jpg","transformer":500,"mea":"เขตมีนบุรี","trans_pic":"BMA\\VDO_DRONE\\SUMP\\BES021_TR.jpg","pump2_type":"-","mdb_pic":"BMA\\VDO_DRONE\\SUMP\\BES021_MD.jpg","area_p4_y":100.655217,"meter_pic":"BMA\\VDO_DRONE\\SUMP\\BES021_ME.jpg","area_p2_x":13.794118,"sump_code":"BE.S.021","area_p4_x":13.794134,"amount5":"-","area_p2_y":100.655222,"amount4":"-","pump5_catagory":"-","hpl_meter":"G:\\BMA\\VDO_DRONE\\SUMP\\BES021_ME.jpg","pump3_type":"-","amount3":"-","amount2":"-","area_p2_pic":"","gate_type":"4","amount1":"3","area_p5_pic":"","reflex_area":"กรุงเทพตะวันออก","pipe_in_bed2":0,"pipe_in_bed3":0,"pipe_in_bed1":2.5,"home_type":"ตู้คอนเทนเนอร์","date_survey":"21 กุมภาพันธ์ 2021","pipe_in_bed4":0,"pump1_type":"ซับเมิร์ส","pump5_volume":0,"owner":"บึงกุ่ม","pump4_type":"-","area_p1_pic":"BMA\\VDO_DRONE\\SUMP\\BES021_A1.jpg","pump3_volume":0,"pump1_catagory":"ไฟฟ้า","objectid_1":265,"pump2_catagory":"-","sump_bed":"4.9","pipe_in_dimention1":5,"pipe_in_dimention2":0,"pipe_in_dimention3":0,"meter_code":"MEA-TOU-9205105","pipe_in_dimention4":0,"pump1_volume":0.5,"hpl_areap1":"G:\\BMA\\VDO_DRONE\\SUMP\\BES021_A1.jpg","surveillant_name":"-","hpl_areap3":"G:\\BMA\\VDO_DRONE\\SUMP\\BES021_A3.jpg","district_id":"1027","hpl_areap2":"","hpl_areap5":"","hpl_areap4":"G:\\BMA\\VDO_DRONE\\SUMP\\BES021_A4.jpg","objectid":265,"pump_amount":"3"}},{"geometry":{"type":"Point","coordinates":[100.55751498513591,13.794785304895882],"crs":null},"id":266,"type":"Feature","properties":{"utm_x":668363.9396,"pump3_catagory":"-","year":"2564","accessibility":"ซอยอินทามระ21แยก1 เกือบสุดซอย","pump5_type":"-","sump_type":"บ่อสูบน้ำ","utm_y":1525576.523,"area_p1_y":100.557518,"area_p1_x":13.795232,"area_p3_y":100.55752,"sump_length":4.42,"area_p3_x":13.795115,"hpl_mdb":"G:\\BMA\\VDO_DRONE\\SUMP\\BNS064_MD.jpg","home_pic":"","sump_depth":3.7,"pump2_volume":0,"pump4_volume":0,"meter":400,"surveillant_mobile":"-","telephone":"-","mdb":630,"hpl_trans":"G:\\BMA\\VDO_DRONE\\SUMP\\BNS064_TR.jpg","volume":40.89,"subdistrict_id":"101401","hpl_home":"","sump_area":"กรุงเทพเหนือ","sump_width":2.5,"fd_prevent_code":"05","area_p3_pic":"BMA\\VDO_DRONE\\SUMP\\BNS064_A3.jpg","district_t":"พญาไท","pump4_catagory":"-","sump_name":"บ่อสูบน้ำซอยอินทามระ 21","mea_tel":"0-2242-5211 , 0-2243-0131 , 0-2241-5409","area_p4_pic":"","transformer":500,"mea":"เขตสามเสน","trans_pic":"BMA\\VDO_DRONE\\SUMP\\BNS064_TR.jpg","pump2_type":"-","mdb_pic":"BMA\\VDO_DRONE\\SUMP\\BNS064_MD.jpg","area_p4_y":100.55765,"meter_pic":"","area_p2_x":13.795224,"sump_code":"BN.S.064","area_p4_x":13.795108,"amount5":"-","area_p2_y":100.557655,"amount4":"-","pump5_catagory":"-","hpl_meter":"","pump3_type":"-","amount3":"-","amount2":"-","area_p2_pic":"BMA\\VDO_DRONE\\SUMP\\BNS064_A2.jpg","gate_type":"9","amount1":"2","area_p5_pic":"BMA\\VDO_DRONE\\SUMP\\BNS064_A5.jpg","reflex_area":"กรุงเทพเหนือ","pipe_in_bed2":0,"pipe_in_bed3":0,"pipe_in_bed1":2.5,"home_type":"ไม่มี","date_survey":"18 กุมภาพันธ์ 2021","pipe_in_bed4":0,"pump1_type":"หอยโข่ง","pump5_volume":0,"owner":"พญาไท","pump4_type":"-","area_p1_pic":"BMA\\VDO_DRONE\\SUMP\\BNS064_A1.jpg","pump3_volume":0,"pump1_catagory":"ไฟฟ้า","objectid_1":266,"pump2_catagory":"-","sump_bed":"3.7","pipe_in_dimention1":1.5,"pipe_in_dimention2":0,"pipe_in_dimention3":0,"meter_code":"MEA-TOU-031151","pipe_in_dimention4":0,"pump1_volume":0.3,"hpl_areap1":"G:\\BMA\\VDO_DRONE\\SUMP\\BNS064_A1.jpg","surveillant_name":"-","hpl_areap3":"G:\\BMA\\VDO_DRONE\\SUMP\\BNS064_A3.jpg","district_id":"1014","hpl_areap2":"G:\\BMA\\VDO_DRONE\\SUMP\\BNS064_A2.jpg","hpl_areap5":"G:\\BMA\\VDO_DRONE\\SUMP\\BNS064_A5.jpg","hpl_areap4":"","objectid":266,"pump_amount":"2"}},{"geometry":{"type":"Point","coordinates":[100.57487054504213,13.809214467425514],"crs":null},"id":282,"type":"Feature","properties":{"utm_x":670229.9864,"pump3_catagory":"-","year":"2564","accessibility":"ถนนรัชดาภิเษก ข้างศาลอาญา ตรงข้ามClassy clinic","pump5_type":"-","sump_type":"บ่อสูบน้ำ","utm_y":1527185.063,"area_p1_y":100.6128,"area_p1_x":13.7399,"area_p3_y":100.6128,"sump_length":6,"area_p3_x":13.7399,"hpl_mdb":"G:\\BMA\\VDO_DRONE\\SUMP\\BNS095_MD.jpg","home_pic":"","sump_depth":2.5,"pump2_volume":1,"pump4_volume":0,"meter":0,"surveillant_mobile":"-","telephone":"-","mdb":0,"hpl_trans":"G:\\BMA\\VDO_DRONE\\SUMP\\BNS095_TR.jpg","volume":60,"subdistrict_id":"103004","hpl_home":"","sump_area":"กรุงเทพเหนือ","sump_width":4,"fd_prevent_code":"03","area_p3_pic":"BMA\\VDO_DRONE\\SUMP\\BNS095_A3.jpg","district_t":"จตุจักร","pump4_catagory":"-","sump_name":"บ่อสูบน้ำถนนรัชดาภิเษก ข้างศาลอาญา","mea_tel":"0-2902-5211 , 0-2580-7480 , 0-2588-4521","area_p4_pic":"","transformer":400,"mea":"เขตนนทบุรี","trans_pic":"BMA\\VDO_DRONE\\SUMP\\BNS095_TR.jpg","pump2_type":"ซับเมิร์ส","mdb_pic":"BMA\\VDO_DRONE\\SUMP\\BNS095_MD.jpg","area_p4_y":100.6128,"meter_pic":"BMA\\VDO_DRONE\\SUMP\\BNS095_ME.jpg","area_p2_x":13.7399,"sump_code":"BN.S.095","area_p4_x":13.7399,"amount5":"-","area_p2_y":100.6128,"amount4":"-","pump5_catagory":"-","hpl_meter":"G:\\BMA\\VDO_DRONE\\SUMP\\BNS095_ME.jpg","pump3_type":"-","amount3":"-","amount2":"1","area_p2_pic":"BMA\\VDO_DRONE\\SUMP\\BNS095_A2.jpg","gate_type":"9","amount1":"2","area_p5_pic":"","reflex_area":"กรุงเทพเหนือ","pipe_in_bed2":0,"pipe_in_bed3":0,"pipe_in_bed1":2.5,"home_type":"ไม่มี","date_survey":"15 มีนาคม 2021","pipe_in_bed4":0,"pump1_type":"ซับเมิร์ส","pump5_volume":0,"owner":"จตุจักร","pump4_type":"-","area_p1_pic":"BMA\\VDO_DRONE\\SUMP\\BNS095_A1.jpg","pump3_volume":0,"pump1_catagory":"ไฟฟ้า","objectid_1":282,"pump2_catagory":"ไฟฟ้า","sump_bed":"3","pipe_in_dimention1":1.5,"pipe_in_dimention2":0,"pipe_in_dimention3":0,"meter_code":"-","pipe_in_dimention4":0,"pump1_volume":0.5,"hpl_areap1":"G:\\BMA\\VDO_DRONE\\SUMP\\BNS095_A1.jpg","surveillant_name":"-","hpl_areap3":"G:\\BMA\\VDO_DRONE\\SUMP\\BNS095_A3.jpg","district_id":"1030","hpl_areap2":"G:\\BMA\\VDO_DRONE\\SUMP\\BNS095_A2.jpg","hpl_areap5":"","hpl_areap4":"","objectid":282,"pump_amount":"3"}},{"geometry":{"type":"Point","coordinates":[100.55464406416006,13.795532182087912],"crs":null},"id":267,"type":"Feature","properties":{"utm_x":668052.9966,"pump3_catagory":"ไฟฟ้า","year":"2564","accessibility":"ซอยอินทามระ 15 บริเวณสะพานข้ามคลอง ใกล้คนโดThe Trio Place","pump5_type":"-","sump_type":"บ่อสูบน้ำ","utm_y":1525657.139,"area_p1_y":100.554621,"area_p1_x":13.795625,"area_p3_y":100.554572,"sump_length":6.95,"area_p3_x":13.795483,"hpl_mdb":"G:\\BMA\\VDO_DRONE\\SUMP\\BNS057_MD.jpg","home_pic":"BMA\\VDO_DRONE\\SUMP\\BNS057_HO.jpg","sump_depth":5.65,"pump2_volume":0.5,"pump4_volume":0,"meter":400,"surveillant_mobile":"-","telephone":"02-2790554","mdb":630,"hpl_trans":"G:\\BMA\\VDO_DRONE\\SUMP\\BNS057_TR.jpg","volume":117.8,"subdistrict_id":"101401","hpl_home":"G:\\BMA\\VDO_DRONE\\SUMP\\BNS057_HO.jpg","sump_area":"กรุงเทพเหนือ","sump_width":3,"fd_prevent_code":"05","area_p3_pic":"BMA\\VDO_DRONE\\SUMP\\BNS057_A3.jpg","district_t":"พญาไท","pump4_catagory":"-","sump_name":"บ่อสูบน้ำซอยอินทามระ 15","mea_tel":"0-2242-5211 , 0-2243-0131 , 0-2241-5409","area_p4_pic":"","transformer":500,"mea":"เขตสามเสน","trans_pic":"BMA\\VDO_DRONE\\SUMP\\BNS057_TR.jpg","pump2_type":"ซับเมิร์ส","mdb_pic":"BMA\\VDO_DRONE\\SUMP\\BNS057_MD.jpg","area_p4_y":100.554658,"meter_pic":"BMA\\VDO_DRONE\\SUMP\\BNS057_ME.jpg","area_p2_x":13.795626,"sump_code":"BN.S.057","area_p4_x":13.795512,"amount5":"-","area_p2_y":100.554681,"amount4":"-","pump5_catagory":"-","hpl_meter":"G:\\BMA\\VDO_DRONE\\SUMP\\BNS057_ME.jpg","pump3_type":"ซับเมิร์ส","amount3":"1","amount2":"1","area_p2_pic":"BMA\\VDO_DRONE\\SUMP\\BNS057_A2.jpg","gate_type":"8","amount1":"1","area_p5_pic":"","reflex_area":"กรุงเทพเหนือ","pipe_in_bed2":0,"pipe_in_bed3":0,"pipe_in_bed1":3,"home_type":"ตู้คอนเทนเนอร์","date_survey":"17 กุมภาพันธ์ 2021","pipe_in_bed4":0,"pump1_type":"หอยโข่ง","pump5_volume":0,"owner":"พญาไท","pump4_type":"-","area_p1_pic":"BMA\\VDO_DRONE\\SUMP\\BNS057_A1.jpg","pump3_volume":1,"pump1_catagory":"ไฟฟ้า","objectid_1":267,"pump2_catagory":"ไฟฟ้า","sump_bed":"5.65","pipe_in_dimention1":1,"pipe_in_dimention2":0,"pipe_in_dimention3":0,"meter_code":"MEA-TOU-052856","pipe_in_dimention4":0,"pump1_volume":0.08,"hpl_areap1":"G:\\BMA\\VDO_DRONE\\SUMP\\BNS057_A1.jpg","surveillant_name":"-","hpl_areap3":"G:\\BMA\\VDO_DRONE\\SUMP\\BNS057_A3.jpg","district_id":"1014","hpl_areap2":"G:\\BMA\\VDO_DRONE\\SUMP\\BNS057_A2.jpg","hpl_areap5":"","hpl_areap4":"","objectid":267,"pump_amount":"3"}},{"geometry":{"type":"Point","coordinates":[100.55294462367958,13.7955554175042],"crs":null},"id":268,"type":"Feature","properties":{"utm_x":667869.2347,"pump3_catagory":"-","year":"2564","accessibility":"ซอยอินทามระ 3 สุดซอย","pump5_type":"-","sump_type":"บ่อสูบน้ำ","utm_y":1525658.521,"area_p1_y":100.552866,"area_p1_x":13.795671,"area_p3_y":100.552866,"sump_length":6.6,"area_p3_x":13.795671,"hpl_mdb":"G:\\BMA\\VDO_DRONE\\SUMP\\BNS063_MD.jpg","home_pic":"BMA\\VDO_DRONE\\SUMP\\BNS063_HO.jpg","sump_depth":5.98,"pump2_volume":2,"pump4_volume":0,"meter":400,"surveillant_mobile":"-","telephone":"02-2792591","mdb":500,"hpl_trans":"G:\\BMA\\VDO_DRONE\\SUMP\\BNS063_TR.jpg","volume":101.83,"subdistrict_id":"101401","hpl_home":"G:\\BMA\\VDO_DRONE\\SUMP\\BNS063_HO.jpg","sump_area":"กรุงเทพเหนือ","sump_width":2.58,"fd_prevent_code":"05","area_p3_pic":"BMA\\VDO_DRONE\\SUMP\\BNS063_A3.jpg","district_t":"พญาไท","pump4_catagory":"-","sump_name":"บ่อสูบน้ำซอยอินทามระ 3","mea_tel":"0-2242-5211 , 0-2243-0131 , 0-2241-5409","area_p4_pic":"BMA\\VDO_DRONE\\SUMP\\BNS063_A4.jpg","transformer":500,"mea":"เขตสามเสน","trans_pic":"BMA\\VDO_DRONE\\SUMP\\BNS063_TR.jpg","pump2_type":"ซับเมิร์ส","mdb_pic":"BMA\\VDO_DRONE\\SUMP\\BNS063_MD.jpg","area_p4_y":100.552866,"meter_pic":"BMA\\VDO_DRONE\\SUMP\\BNS063_ME.jpg","area_p2_x":13.795671,"sump_code":"BN.S.063","area_p4_x":13.795671,"amount5":"-","area_p2_y":100.552866,"amount4":"-","pump5_catagory":"-","hpl_meter":"G:\\BMA\\VDO_DRONE\\SUMP\\BNS063_ME.jpg","pump3_type":"-","amount3":"-","amount2":"1","area_p2_pic":"BMA\\VDO_DRONE\\SUMP\\BNS063_A2.jpg","gate_type":"8","amount1":"2","area_p5_pic":"","reflex_area":"กรุงเทพเหนือ","pipe_in_bed2":0,"pipe_in_bed3":0,"pipe_in_bed1":2.8,"home_type":"ตู้คอนเทนเนอร์","date_survey":"18 กุมภาพันธ์ 2021","pipe_in_bed4":0,"pump1_type":"ซับเมิร์ส","pump5_volume":0,"owner":"พญาไท","pump4_type":"-","area_p1_pic":"BMA\\VDO_DRONE\\SUMP\\BNS063_A1.jpg","pump3_volume":0,"pump1_catagory":"ไฟฟ้า","objectid_1":268,"pump2_catagory":"ไฟฟ้า","sump_bed":"5.98","pipe_in_dimention1":1.5,"pipe_in_dimention2":0,"pipe_in_dimention3":0,"meter_code":"MEA-TOU-9116649","pipe_in_dimention4":0,"pump1_volume":1,"hpl_areap1":"G:\\BMA\\VDO_DRONE\\SUMP\\BNS063_A1.jpg","surveillant_name":"-","hpl_areap3":"G:\\BMA\\VDO_DRONE\\SUMP\\BNS063_A3.jpg","district_id":"1014","hpl_areap2":"G:\\BMA\\VDO_DRONE\\SUMP\\BNS063_A2.jpg","hpl_areap5":"","hpl_areap4":"G:\\BMA\\VDO_DRONE\\SUMP\\BNS063_A4.jpg","objectid":268,"pump_amount":"3"}},{"geometry":{"type":"Point","coordinates":[100.5507651824584,13.795763276576158],"crs":null},"id":269,"type":"Feature","properties":{"utm_x":667633.443,"pump3_catagory":"-","year":"2564","accessibility":"ถนนพหลโยธิน ฝั่งขาเข้า ตอนคลองงบางซื่อ ฝั่งตรงข้ามตึกสูงๆ","pump5_type":"-","sump_type":"บ่อสูบน้ำ","utm_y":1525679.994,"area_p1_y":100.550664,"area_p1_x":13.796027,"area_p3_y":100.550599,"sump_length":6.35,"area_p3_x":13.795843,"hpl_mdb":"G:\\BMA\\VDO_DRONE\\SUMP\\BNS058_MD.jpg","home_pic":"","sump_depth":3.9,"pump2_volume":0,"pump4_volume":0,"meter":40,"surveillant_mobile":"-","telephone":"02-2725607","mdb":500,"hpl_trans":"G:\\BMA\\VDO_DRONE\\SUMP\\BNS058_TR.jpg","volume":59.44,"subdistrict_id":"101401","hpl_home":"","sump_area":"กรุงเทพเหนือ","sump_width":2.4,"fd_prevent_code":"05","area_p3_pic":"BMA\\VDO_DRONE\\SUMP\\BNS058_A3.jpg","district_t":"พญาไท","pump4_catagory":"-","sump_name":"บ่อสูบน้ำถนนพหลโยธิน ฝั่งขาเข้า ตอนคลองงบางซื่อ ร.ส.พ.","mea_tel":"0-2242-5211 , 0-2243-0131 , 0-2241-5409","area_p4_pic":"","transformer":0,"mea":"เขตสามเสน","trans_pic":"BMA\\VDO_DRONE\\SUMP\\BNS058_TR.jpg","pump2_type":"-","mdb_pic":"BMA\\VDO_DRONE\\SUMP\\BNS058_MD.jpg","area_p4_y":100.550668,"meter_pic":"BMA\\VDO_DRONE\\SUMP\\BNS058_ME.jpg","area_p2_x":13.796017,"sump_code":"BN.S.058","area_p4_x":13.795831,"amount5":"-","area_p2_y":100.550723,"amount4":"-","pump5_catagory":"-","hpl_meter":"G:\\BMA\\VDO_DRONE\\SUMP\\BNS058_ME.jpg","pump3_type":"-","amount3":"-","amount2":"-","area_p2_pic":"BMA\\VDO_DRONE\\SUMP\\BNS058_A2.jpg","gate_type":"8","amount1":"2","area_p5_pic":"","reflex_area":"กรุงเทพเหนือ","pipe_in_bed2":0,"pipe_in_bed3":0,"pipe_in_bed1":3.43,"home_type":"ไม่มี","date_survey":"17 กุมภาพันธ์ 2021","pipe_in_bed4":0,"pump1_type":"ซับเมิร์ส","pump5_volume":0,"owner":"พญาไท","pump4_type":"-","area_p1_pic":"BMA\\VDO_DRONE\\SUMP\\BNS058_A1.jpg","pump3_volume":0,"pump1_catagory":"ไฟฟ้า","objectid_1":269,"pump2_catagory":"-","sump_bed":"3.9","pipe_in_dimention1":1.2,"pipe_in_dimention2":0,"pipe_in_dimention3":0,"meter_code":"MEA-TOU-9312604","pipe_in_dimention4":0,"pump1_volume":1,"hpl_areap1":"G:\\BMA\\VDO_DRONE\\SUMP\\BNS058_A1.jpg","surveillant_name":"-","hpl_areap3":"G:\\BMA\\VDO_DRONE\\SUMP\\BNS058_A3.jpg","district_id":"1014","hpl_areap2":"G:\\BMA\\VDO_DRONE\\SUMP\\BNS058_A2.jpg","hpl_areap5":"","hpl_areap4":"","objectid":269,"pump_amount":"2"}},{"geometry":{"type":"Point","coordinates":[100.57448304390064,13.795732200514571],"crs":null},"id":270,"type":"Feature","properties":{"utm_x":670197.8726,"pump3_catagory":"-","year":"2564","accessibility":"ถนนรัชดา ช่วงคลองบางซื่อ เกาะกลางถนน แถวตึกบริษัท จรัญประกันภัย ","pump5_type":"-","sump_type":"บ่อสูบน้ำ","utm_y":1525693.238,"area_p1_y":100.574733,"area_p1_x":13.795615,"area_p3_y":100.574733,"sump_length":21.3,"area_p3_x":13.795615,"hpl_mdb":"G:\\BMA\\VDO_DRONE\\SUMP\\BNS083_MD.jpg","home_pic":"BMA\\VDO_DRONE\\SUMP\\BNS083_HO.jpg","sump_depth":3.3,"pump2_volume":0.13,"pump4_volume":0,"meter":1000,"surveillant_mobile":"-","telephone":"-","mdb":700,"hpl_trans":"G:\\BMA\\VDO_DRONE\\SUMP\\BNS083_TR.jpg","volume":309.28,"subdistrict_id":"102602","hpl_home":"G:\\BMA\\VDO_DRONE\\SUMP\\BNS083_HO.jpg","sump_area":"กรุงเทพเหนือ","sump_width":4.4,"fd_prevent_code":"05","area_p3_pic":"BMA\\VDO_DRONE\\SUMP\\BNS083_A3.jpg","district_t":"ดินแดง","pump4_catagory":"-","sump_name":"บ่อสูบน้ำถนนรัชดา ช่วงคลองบางซื่อ","mea_tel":"-","area_p4_pic":"BMA\\VDO_DRONE\\SUMP\\BNS083_A4.jpg","transformer":500,"mea":"-","trans_pic":"BMA\\VDO_DRONE\\SUMP\\BNS083_TR.jpg","pump2_type":"ซับเมิร์ส","mdb_pic":"BMA\\VDO_DRONE\\SUMP\\BNS083_MD.jpg","area_p4_y":100.574733,"meter_pic":"BMA\\VDO_DRONE\\SUMP\\BNS083_ME.jpg","area_p2_x":13.795615,"sump_code":"BN.S.083","area_p4_x":13.795615,"amount5":"-","area_p2_y":100.574733,"amount4":"-","pump5_catagory":"-","hpl_meter":"G:\\BMA\\VDO_DRONE\\SUMP\\BNS083_ME.jpg","pump3_type":"-","amount3":"-","amount2":"2","area_p2_pic":"BMA\\VDO_DRONE\\SUMP\\BNS083_A2.jpg","gate_type":"8","amount1":"1","area_p5_pic":"BMA\\VDO_DRONE\\SUMP\\BNS083_A5.jpg","reflex_area":"กรุงเทพเหนือ","pipe_in_bed2":0,"pipe_in_bed3":0,"pipe_in_bed1":3.3,"home_type":"ตู้คอนเทนเนอร์","date_survey":"2 มีนาคม 2021","pipe_in_bed4":0,"pump1_type":"ซับเมิร์ส","pump5_volume":0,"owner":"ดินแดง","pump4_type":"-","area_p1_pic":"BMA\\VDO_DRONE\\SUMP\\BNS083_A1.jpg","pump3_volume":0,"pump1_catagory":"ไฟฟ้า","objectid_1":270,"pump2_catagory":"ไฟฟ้า","sump_bed":"3.4","pipe_in_dimention1":1.5,"pipe_in_dimention2":0,"pipe_in_dimention3":0,"meter_code":"MEA-TOU-028338","pipe_in_dimention4":0,"pump1_volume":0.5,"hpl_areap1":"G:\\BMA\\VDO_DRONE\\SUMP\\BNS083_A1.jpg","surveillant_name":"-","hpl_areap3":"G:\\BMA\\VDO_DRONE\\SUMP\\BNS083_A3.jpg","district_id":"1026","hpl_areap2":"G:\\BMA\\VDO_DRONE\\SUMP\\BNS083_A2.jpg","hpl_areap5":"G:\\BMA\\VDO_DRONE\\SUMP\\BNS083_A5.jpg","hpl_areap4":"G:\\BMA\\VDO_DRONE\\SUMP\\BNS083_A4.jpg","objectid":270,"pump_amount":"3"}},{"geometry":{"type":"Point","coordinates":[100.55029600035766,13.795902999411027],"crs":null},"id":271,"type":"Feature","properties":{"utm_x":667582.6149,"pump3_catagory":"-","year":"2564","accessibility":"ถนนพหลโยธิน ฝั่งขาออก ตอนคลองบางซื่อ หน้าตึกสูงๆ","pump5_type":"-","sump_type":"บ่อสูบน้ำ","utm_y":1525695.124,"area_p1_y":100.550347,"area_p1_x":13.796107,"area_p3_y":100.550271,"sump_length":6.92,"area_p3_x":13.79583,"hpl_mdb":"G:\\BMA\\VDO_DRONE\\SUMP\\BNS065_MD.jpg","home_pic":"","sump_depth":3.83,"pump2_volume":1,"pump4_volume":0,"meter":400,"surveillant_mobile":"-","telephone":"-","mdb":630,"hpl_trans":"G:\\BMA\\VDO_DRONE\\SUMP\\BNS065_TR.jpg","volume":60.96,"subdistrict_id":"101402","hpl_home":"","sump_area":"กรุงเทพเหนือ","sump_width":2.3,"fd_prevent_code":"05","area_p3_pic":"BMA\\VDO_DRONE\\SUMP\\BNS065_A3.jpg","district_t":"พญาไท","pump4_catagory":"-","sump_name":"บ่อสูบน้ำถนนพหลโยธิน ฝั่งขาออก ตอนคลองบางซื่อ วัดไผ่ตัน","mea_tel":"0-2242-5211 , 0-2243-0131 , 0-2241-5409","area_p4_pic":"BMA\\VDO_DRONE\\SUMP\\BNS065_A4.jpg","transformer":0,"mea":"เขตสามเสน","trans_pic":"BMA\\VDO_DRONE\\SUMP\\BNS065_TR.jpg","pump2_type":"ซับเมิร์ส","mdb_pic":"BMA\\VDO_DRONE\\SUMP\\BNS065_MD.jpg","area_p4_y":100.55031,"meter_pic":"BMA\\VDO_DRONE\\SUMP\\BNS065_ME.jpg","area_p2_x":13.796085,"sump_code":"BN.S.065","area_p4_x":13.795823,"amount5":"-","area_p2_y":100.550388,"amount4":"-","pump5_catagory":"-","hpl_meter":"G:\\BMA\\VDO_DRONE\\SUMP\\BNS065_ME.jpg","pump3_type":"-","amount3":"-","amount2":"2","area_p2_pic":"BMA\\VDO_DRONE\\SUMP\\BNS065_A2.jpg","gate_type":"9","amount1":"1","area_p5_pic":"","reflex_area":"กรุงเทพเหนือ","pipe_in_bed2":0,"pipe_in_bed3":0,"pipe_in_bed1":2.73,"home_type":"ไม่มี","date_survey":"18 กุมภาพันธ์ 2021","pipe_in_bed4":0,"pump1_type":"ซับเมิร์ส","pump5_volume":0,"owner":"พญาไท","pump4_type":"-","area_p1_pic":"BMA\\VDO_DRONE\\SUMP\\BNS065_A1.jpg","pump3_volume":0,"pump1_catagory":"ไฟฟ้า","objectid_1":271,"pump2_catagory":"ไฟฟ้า","sump_bed":"3.83","pipe_in_dimention1":1.2,"pipe_in_dimention2":0,"pipe_in_dimention3":0,"meter_code":"MEA-TOU-9117821","pipe_in_dimention4":0,"pump1_volume":0.5,"hpl_areap1":"G:\\BMA\\VDO_DRONE\\SUMP\\BNS065_A1.jpg","surveillant_name":"-","hpl_areap3":"G:\\BMA\\VDO_DRONE\\SUMP\\BNS065_A3.jpg","district_id":"1014","hpl_areap2":"G:\\BMA\\VDO_DRONE\\SUMP\\BNS065_A2.jpg","hpl_areap5":"","hpl_areap4":"G:\\BMA\\VDO_DRONE\\SUMP\\BNS065_A4.jpg","objectid":271,"pump_amount":"3"}},{"geometry":{"type":"Point","coordinates":[100.55075704542145,13.796228430557148],"crs":null},"id":272,"type":"Feature","properties":{"utm_x":667632.231,"pump3_catagory":"-","year":"2564","accessibility":"ถนนพหลโยธิน ตอนคลองบางซื่อ (ที่จอดรถเยอะๆ)","pump5_type":"-","sump_type":"บ่อสูบน้ำ","utm_y":1525731.448,"area_p1_y":100.550765,"area_p1_x":13.796924,"area_p3_y":100.550519,"sump_length":20,"area_p3_x":13.795984,"hpl_mdb":"G:\\BMA\\VDO_DRONE\\SUMP\\BNS003_MD.jpg","home_pic":"BMA\\VDO_DRONE\\SUMP\\BNS003_HO.jpg","sump_depth":3,"pump2_volume":0.5,"pump4_volume":0,"meter":600,"surveillant_mobile":"-","telephone":"-","mdb":200,"hpl_trans":"G:\\BMA\\VDO_DRONE\\SUMP\\BNS003_TR.jpg","volume":264,"subdistrict_id":"103005","hpl_home":"G:\\BMA\\VDO_DRONE\\SUMP\\BNS003_HO.jpg","sump_area":"กรุงเทพเหนือ","sump_width":4.4,"fd_prevent_code":"03","area_p3_pic":"BMA\\VDO_DRONE\\SUMP\\BNS003_A3.jpg","district_t":"จตุจักร","pump4_catagory":"-","sump_name":"บ่อสูบน้ำพหลโยธิน ตอนคลองบางซื่อ (โรงไม้)","mea_tel":"0-2986-1111 , 0-2986-0000 , 0-2792-5211","area_p4_pic":"BMA\\VDO_DRONE\\SUMP\\BNS003_A4.jpg","transformer":500,"mea":"เขตบางเขน","trans_pic":"BMA\\VDO_DRONE\\SUMP\\BNS003_TR.jpg","pump2_type":"ซับเมิร์ส","mdb_pic":"BMA\\VDO_DRONE\\SUMP\\BNS003_MD.jpg","area_p4_y":100.550519,"meter_pic":"BMA\\VDO_DRONE\\SUMP\\BNS003_ME.jpg","area_p2_x":13.795984,"sump_code":"BN.S.003","area_p4_x":13.795984,"amount5":"-","area_p2_y":100.550519,"amount4":"-","pump5_catagory":"-","hpl_meter":"G:\\BMA\\VDO_DRONE\\SUMP\\BNS003_ME.jpg","pump3_type":"-","amount3":"-","amount2":"1","area_p2_pic":"BMA\\VDO_DRONE\\SUMP\\BNS003_A2.jpg","gate_type":"8","amount1":"1","area_p5_pic":"BMA\\VDO_DRONE\\SUMP\\BNS003_A5.jpg","reflex_area":"กรุงเทพเหนือ","pipe_in_bed2":0,"pipe_in_bed3":0,"pipe_in_bed1":2.6,"home_type":"ตู้คอนเทนเนอร์","date_survey":"11 กุมภาพันธ์ 2021","pipe_in_bed4":0,"pump1_type":"ซับเมิร์ส","pump5_volume":0,"owner":"จตุจักร","pump4_type":"-","area_p1_pic":"BMA\\VDO_DRONE\\SUMP\\BNS003_A1.jpg","pump3_volume":0,"pump1_catagory":"ไฟฟ้า","objectid_1":272,"pump2_catagory":"ไฟฟ้า","sump_bed":"3","pipe_in_dimention1":1.2,"pipe_in_dimention2":0,"pipe_in_dimention3":0,"meter_code":"MEA-TOU-055891","pipe_in_dimention4":0,"pump1_volume":0.3,"hpl_areap1":"G:\\BMA\\VDO_DRONE\\SUMP\\BNS003_A1.jpg","surveillant_name":"-","hpl_areap3":"G:\\BMA\\VDO_DRONE\\SUMP\\BNS003_A3.jpg","district_id":"1030","hpl_areap2":"G:\\BMA\\VDO_DRONE\\SUMP\\BNS003_A2.jpg","hpl_areap5":"G:\\BMA\\VDO_DRONE\\SUMP\\BNS003_A5.jpg","hpl_areap4":"G:\\BMA\\VDO_DRONE\\SUMP\\BNS003_A4.jpg","objectid":272,"pump_amount":"2"}},{"geometry":{"type":"Point","coordinates":[100.55040800005469,13.79633600252397],"crs":null},"id":273,"type":"Feature","properties":{"utm_x":667594.4152,"pump3_catagory":"-","year":"2564","accessibility":"ถนนพหลโยธิน บริเวณใกล้คลองบางซื่อ","pump5_type":"-","sump_type":"บ่อสูบน้ำ","utm_y":1525743.105,"area_p1_y":100.550366,"area_p1_x":13.796316,"area_p3_y":100.550424,"sump_length":25.3,"area_p3_x":13.796249,"hpl_mdb":"G:\\BMA\\VDO_DRONE\\SUMP\\BNS002_MD.jpg","home_pic":"BMA\\VDO_DRONE\\SUMP\\BNS002_HO.jpg","sump_depth":3.3,"pump2_volume":2,"pump4_volume":0,"meter":900,"surveillant_mobile":"-","telephone":"-","mdb":1250,"hpl_trans":"G:\\BMA\\VDO_DRONE\\SUMP\\BNS002_TR.jpg","volume":793.16,"subdistrict_id":"103005","hpl_home":"G:\\BMA\\VDO_DRONE\\SUMP\\BNS002_HO.jpg","sump_area":"กรุงเทพเหนือ","sump_width":9.5,"fd_prevent_code":"03","area_p3_pic":"BMA\\VDO_DRONE\\SUMP\\BNS002_A3.jpg","district_t":"จตุจักร","pump4_catagory":"-","sump_name":"บ่อสูบน้ำพหลโยธินตอนลงคลองบางซื่อ(อตก.)","mea_tel":"0-2986-1111 , 0-2986-0000 , 0-2792-5211","area_p4_pic":"BMA\\VDO_DRONE\\SUMP\\BNS002_A4.jpg","transformer":500,"mea":"เขตบางเขน","trans_pic":"BMA\\VDO_DRONE\\SUMP\\BNS002_TR.jpg","pump2_type":"ซับเมิร์ส","mdb_pic":"BMA\\VDO_DRONE\\SUMP\\BNS002_MD.jpg","area_p4_y":100.550324,"meter_pic":"BMA\\VDO_DRONE\\SUMP\\BNS002_ME.jpg","area_p2_x":13.796347,"sump_code":"BN.S.002","area_p4_x":13.79625,"amount5":"-","area_p2_y":100.550478,"amount4":"-","pump5_catagory":"-","hpl_meter":"G:\\BMA\\VDO_DRONE\\SUMP\\BNS002_ME.jpg","pump3_type":"-","amount3":"-","amount2":"2","area_p2_pic":"BMA\\VDO_DRONE\\SUMP\\BNS002_A2.jpg","gate_type":"8","amount1":"2","area_p5_pic":"BMA\\VDO_DRONE\\SUMP\\BNS002_A5.jpg","reflex_area":"กรุงเทพเหนือ","pipe_in_bed2":0,"pipe_in_bed3":0,"pipe_in_bed1":2.3,"home_type":"ตู้คอนเทนเนอร์","date_survey":"11 กุมภาพันธ์ 2021","pipe_in_bed4":0,"pump1_type":"ซับเมิร์ส","pump5_volume":0,"owner":"จตุจักร","pump4_type":"-","area_p1_pic":"BMA\\VDO_DRONE\\SUMP\\BNS002_A1.jpg","pump3_volume":0,"pump1_catagory":"ไฟฟ้า","objectid_1":273,"pump2_catagory":"ไฟฟ้า","sump_bed":"3.3","pipe_in_dimention1":1.5,"pipe_in_dimention2":0,"pipe_in_dimention3":0,"meter_code":"MEA-TOU-027127","pipe_in_dimention4":0,"pump1_volume":1,"hpl_areap1":"G:\\BMA\\VDO_DRONE\\SUMP\\BNS002_A1.jpg","surveillant_name":"-","hpl_areap3":"G:\\BMA\\VDO_DRONE\\SUMP\\BNS002_A3.jpg","district_id":"1030","hpl_areap2":"G:\\BMA\\VDO_DRONE\\SUMP\\BNS002_A2.jpg","hpl_areap5":"G:\\BMA\\VDO_DRONE\\SUMP\\BNS002_A5.jpg","hpl_areap4":"G:\\BMA\\VDO_DRONE\\SUMP\\BNS002_A4.jpg","objectid":273,"pump_amount":"4"}},{"geometry":{"type":"Point","coordinates":[100.54320097055275,13.796614861415948],"crs":null},"id":274,"type":"Feature","properties":{"utm_x":666814.9904,"pump3_catagory":"-","year":"2564","accessibility":"ซอย ประดิพัทธิ์ 15(ซอยอุทัยรัตน์) สุดซอย","pump5_type":"-","sump_type":"บ่อสูบน้ำ","utm_y":1525768.937,"area_p1_y":100.543051,"area_p1_x":13.796957,"area_p3_y":100.543037,"sump_length":8.13,"area_p3_x":13.796834,"hpl_mdb":"G:\\BMA\\VDO_DRONE\\SUMP\\BNS066_MD.jpg","home_pic":"BMA\\VDO_DRONE\\SUMP\\BNS066_HO.jpg","sump_depth":5.1,"pump2_volume":0,"pump4_volume":0,"meter":50,"surveillant_mobile":"-","telephone":"02-2794060","mdb":630,"hpl_trans":"G:\\BMA\\VDO_DRONE\\SUMP\\BNS066_TR.jpg","volume":113.61,"subdistrict_id":"101402","hpl_home":"G:\\BMA\\VDO_DRONE\\SUMP\\BNS066_HO.jpg","sump_area":"กรุงเทพเหนือ","sump_width":2.74,"fd_prevent_code":"05","area_p3_pic":"BMA\\VDO_DRONE\\SUMP\\BNS066_A3.jpg","district_t":"พญาไท","pump4_catagory":"-","sump_name":"บ่อสูบน้ำซอยอุทัยรัตน์","mea_tel":"0-2242-5211 , 0-2243-0131 , 0-2241-5409","area_p4_pic":"BMA\\VDO_DRONE\\SUMP\\BNS066_A4.jpg","transformer":500,"mea":"เขตสามเสน","trans_pic":"BMA\\VDO_DRONE\\SUMP\\BNS066_TR.jpg","pump2_type":"-","mdb_pic":"BMA\\VDO_DRONE\\SUMP\\BNS066_MD.jpg","area_p4_y":100.543099,"meter_pic":"BMA\\VDO_DRONE\\SUMP\\BNS066_ME.jpg","area_p2_x":13.796931,"sump_code":"BN.S.066","area_p4_x":13.796816,"amount5":"-","area_p2_y":100.543114,"amount4":"-","pump5_catagory":"-","hpl_meter":"G:\\BMA\\VDO_DRONE\\SUMP\\BNS066_ME.jpg","pump3_type":"-","amount3":"-","amount2":"-","area_p2_pic":"BMA\\VDO_DRONE\\SUMP\\BNS066_A2.jpg","gate_type":"4","amount1":"4","area_p5_pic":"","reflex_area":"กรุงเทพเหนือ","pipe_in_bed2":0,"pipe_in_bed3":0,"pipe_in_bed1":2.93,"home_type":"บ้านพัก","date_survey":"18 กุมภาพันธ์ 2021","pipe_in_bed4":0,"pump1_type":"ซับเมิร์ส","pump5_volume":0,"owner":"พญาไท","pump4_type":"-","area_p1_pic":"BMA\\VDO_DRONE\\SUMP\\BNS066_A1.jpg","pump3_volume":0,"pump1_catagory":"ไฟฟ้า","objectid_1":274,"pump2_catagory":"-","sump_bed":"5.1","pipe_in_dimention1":2,"pipe_in_dimention2":0,"pipe_in_dimention3":0,"meter_code":"MEA-TOU-9075358","pipe_in_dimention4":0,"pump1_volume":1,"hpl_areap1":"G:\\BMA\\VDO_DRONE\\SUMP\\BNS066_A1.jpg","surveillant_name":"-","hpl_areap3":"G:\\BMA\\VDO_DRONE\\SUMP\\BNS066_A3.jpg","district_id":"1014","hpl_areap2":"G:\\BMA\\VDO_DRONE\\SUMP\\BNS066_A2.jpg","hpl_areap5":"","hpl_areap4":"G:\\BMA\\VDO_DRONE\\SUMP\\BNS066_A4.jpg","objectid":274,"pump_amount":"4"}},{"geometry":{"type":"Point","coordinates":[100.5373159876271,13.79690403697203],"crs":null},"id":275,"type":"Feature","properties":{"utm_x":666178.5017,"pump3_catagory":"-","year":"2564","accessibility":"ถนนกำแพงเพชร5 บริเวณตรงข้ามแฟลต 13 ชั้น","pump5_type":"-","sump_type":"บ่อสูบน้ำ","utm_y":1525796.848,"area_p1_y":100.537276,"area_p1_x":13.79753,"area_p3_y":100.53726,"sump_length":1.93,"area_p3_x":13.797499,"hpl_mdb":"G:\\BMA\\VDO_DRONE\\SUMP\\BNS076_MD.jpg","home_pic":"BMA\\VDO_DRONE\\SUMP\\BNS076_HO.jpg","sump_depth":2.1,"pump2_volume":0.05,"pump4_volume":0,"meter":15,"surveillant_mobile":"-","telephone":"02-2797656","mdb":100,"hpl_trans":"G:\\BMA\\VDO_DRONE\\SUMP\\BNS076_TR.jpg","volume":27.56,"subdistrict_id":"101402","hpl_home":"G:\\BMA\\VDO_DRONE\\SUMP\\BNS076_HO.jpg","sump_area":"กรุงเทพเหนือ","sump_width":6.8,"fd_prevent_code":"05","area_p3_pic":"BMA\\VDO_DRONE\\SUMP\\BNS076_A3.jpg","district_t":"พญาไท","pump4_catagory":"-","sump_name":"บ่อสูบน้ำสะพานดำ","mea_tel":"0-2242-5211 , 0-2243-0131 , 0-2241-5409","area_p4_pic":"","transformer":300,"mea":"เขตสามเสน","trans_pic":"BMA\\VDO_DRONE\\SUMP\\BNS076_TR.jpg","pump2_type":"หอยโข่ง","mdb_pic":"BMA\\VDO_DRONE\\SUMP\\BNS076_MD.jpg","area_p4_y":100.53733,"meter_pic":"BMA\\VDO_DRONE\\SUMP\\BNS076_ME.jpg","area_p2_x":13.797542,"sump_code":"BN.S.076","area_p4_x":13.797486,"amount5":"-","area_p2_y":100.53731,"amount4":"-","pump5_catagory":"-","hpl_meter":"G:\\BMA\\VDO_DRONE\\SUMP\\BNS076_ME.jpg","pump3_type":"-","amount3":"-","amount2":"1","area_p2_pic":"BMA\\VDO_DRONE\\SUMP\\BNS076_A2.jpg","gate_type":"8","amount1":"1","area_p5_pic":"","reflex_area":"กรุงเทพเหนือ","pipe_in_bed2":0,"pipe_in_bed3":0,"pipe_in_bed1":1.3,"home_type":"ตู้คอนเทนเนอร์","date_survey":"20 กุมภาพันธ์ 2021","pipe_in_bed4":0,"pump1_type":"หอยโข่ง","pump5_volume":0,"owner":"พญาไท","pump4_type":"-","area_p1_pic":"BMA\\VDO_DRONE\\SUMP\\BNS076_A1.jpg","pump3_volume":0,"pump1_catagory":"ไฟฟ้า","objectid_1":275,"pump2_catagory":"ไฟฟ้า","sump_bed":"2.1","pipe_in_dimention1":0.6,"pipe_in_dimention2":0,"pipe_in_dimention3":0,"meter_code":"MEA-4678607","pipe_in_dimention4":0,"pump1_volume":0.02,"hpl_areap1":"G:\\BMA\\VDO_DRONE\\SUMP\\BNS076_A1.jpg","surveillant_name":"-","hpl_areap3":"G:\\BMA\\VDO_DRONE\\SUMP\\BNS076_A3.jpg","district_id":"1014","hpl_areap2":"G:\\BMA\\VDO_DRONE\\SUMP\\BNS076_A2.jpg","hpl_areap5":"","hpl_areap4":"","objectid":275,"pump_amount":"2"}},{"geometry":{"type":"Point","coordinates":[100.65076600037288,13.80186200207847],"crs":null},"id":276,"type":"Feature","properties":{"utm_x":678441.2064,"pump3_catagory":"-","year":"2564","accessibility":"ข้างวัดบางเตยริมคลอง","pump5_type":"-","sump_type":"บ่อสูบน้ำ","utm_y":1526426.776,"area_p1_y":100.650767,"area_p1_x":13.801918,"area_p3_y":100.650754,"sump_length":6.7,"area_p3_x":13.801879,"hpl_mdb":"G:\\BMA\\VDO_DRONE\\SUMP\\BES020_MD.jpg","home_pic":"BMA\\VDO_DRONE\\SUMP\\BES020_HO.jpg","sump_depth":3,"pump2_volume":0,"pump4_volume":0,"meter":400,"surveillant_mobile":"-","telephone":"-","mdb":630,"hpl_trans":"G:\\BMA\\VDO_DRONE\\SUMP\\BES020_TR.jpg","volume":78.39,"subdistrict_id":"102701","hpl_home":"G:\\BMA\\VDO_DRONE\\SUMP\\BES020_HO.jpg","sump_area":"กรุงเทพตะวันออก","sump_width":3.9,"fd_prevent_code":"24","area_p3_pic":"BMA\\VDO_DRONE\\SUMP\\BES020_A3.jpg","district_t":"บึงกุ่ม","pump4_catagory":"-","sump_name":"บ่อสูบน้ำข้างวัดบางเตย","mea_tel":"0-2907-5200 , 0-2543-8405, 0-2919-5004","area_p4_pic":"BMA\\VDO_DRONE\\SUMP\\BES020_A4.jpg","transformer":225,"mea":"เขตมีนบุรี","trans_pic":"BMA\\VDO_DRONE\\SUMP\\BES020_TR.jpg","pump2_type":"-","mdb_pic":"BMA\\VDO_DRONE\\SUMP\\BES020_MD.jpg","area_p4_y":100.650778,"meter_pic":"BMA\\VDO_DRONE\\SUMP\\BES020_ME.jpg","area_p2_x":13.801887,"sump_code":"BE.S.020","area_p4_x":13.801865,"amount5":"-","area_p2_y":100.650763,"amount4":"-","pump5_catagory":"-","hpl_meter":"G:\\BMA\\VDO_DRONE\\SUMP\\BES020_ME.jpg","pump3_type":"-","amount3":"-","amount2":"-","area_p2_pic":"BMA\\VDO_DRONE\\SUMP\\BES020_A2.jpg","gate_type":"4","amount1":"2","area_p5_pic":"BMA\\VDO_DRONE\\SUMP\\BES020_A5.jpg","reflex_area":"กรุงเทพตะวันออก","pipe_in_bed2":0,"pipe_in_bed3":0,"pipe_in_bed1":2.1,"home_type":"บ้านพัก","date_survey":"21 กุมภาพันธ์ 2021","pipe_in_bed4":0,"pump1_type":"ซับเมิร์ส","pump5_volume":0,"owner":"บึงกุ่ม","pump4_type":"-","area_p1_pic":"BMA\\VDO_DRONE\\SUMP\\BES020_A1.jpg","pump3_volume":0,"pump1_catagory":"ไฟฟ้า","objectid_1":276,"pump2_catagory":"-","sump_bed":"3","pipe_in_dimention1":3.5,"pipe_in_dimention2":0,"pipe_in_dimention3":0,"meter_code":"MEA-TOU-9311590","pipe_in_dimention4":0,"pump1_volume":0.3,"hpl_areap1":"G:\\BMA\\VDO_DRONE\\SUMP\\BES020_A1.jpg","surveillant_name":"-","hpl_areap3":"G:\\BMA\\VDO_DRONE\\SUMP\\BES020_A3.jpg","district_id":"1027","hpl_areap2":"G:\\BMA\\VDO_DRONE\\SUMP\\BES020_A2.jpg","hpl_areap5":"G:\\BMA\\VDO_DRONE\\SUMP\\BES020_A5.jpg","hpl_areap4":"G:\\BMA\\VDO_DRONE\\SUMP\\BES020_A4.jpg","objectid":276,"pump_amount":"2"}},{"geometry":{"type":"Point","coordinates":[100.52840673334804,13.805000165151199],"crs":null},"id":277,"type":"Feature","properties":{"utm_x":665209.537,"pump3_catagory":"ไฟฟ้า","year":"2564","accessibility":"ซอยสะพานขวา ข้างรำไพอพาร์ทเม้นท์","pump5_type":"-","sump_type":"บ่อสูบน้ำ","utm_y":1526686.362,"area_p1_y":100.528425,"area_p1_x":13.805031,"area_p3_y":100.528457,"sump_length":2.3,"area_p3_x":13.804995,"hpl_mdb":"G:\\BMA\\VDO_DRONE\\SUMP\\BNS001_MD.jpg","home_pic":"BMA\\VDO_DRONE\\SUMP\\BNS001_HO.jpg","sump_depth":2.4,"pump2_volume":0.5,"pump4_volume":0,"meter":400,"surveillant_mobile":"-","telephone":"-","mdb":320,"hpl_trans":"G:\\BMA\\VDO_DRONE\\SUMP\\BNS001_TR.jpg","volume":15.46,"subdistrict_id":"102901","hpl_home":"G:\\BMA\\VDO_DRONE\\SUMP\\BNS001_HO.jpg","sump_area":"กรุงเทพเหนือ","sump_width":2.8,"fd_prevent_code":"22","area_p3_pic":"BMA\\VDO_DRONE\\SUMP\\BNS001_A3.jpg","district_t":"บางซื่อ","pump4_catagory":"-","sump_name":"บ่อสูบน้ำซอยสะพานขวา","mea_tel":"0-2242-5211 , 0-2243-0131 , 0-2241-5409","area_p4_pic":"BMA\\VDO_DRONE\\SUMP\\BNS001_A4.jpg","transformer":225,"mea":"เขตสามเสน","trans_pic":"BMA\\VDO_DRONE\\SUMP\\BNS001_TR.jpg","pump2_type":"หอยโข่ง","mdb_pic":"BMA\\VDO_DRONE\\SUMP\\BNS001_MD.jpg","area_p4_y":100.528406,"meter_pic":"BMA\\VDO_DRONE\\SUMP\\BNS001_ME.jpg","area_p2_x":13.80504,"sump_code":"BN.S.001","area_p4_x":13.804989,"amount5":"-","area_p2_y":100.528461,"amount4":"-","pump5_catagory":"-","hpl_meter":"G:\\BMA\\VDO_DRONE\\SUMP\\BNS001_ME.jpg","pump3_type":"หอยโข่ง","amount3":"1","amount2":"1","area_p2_pic":"BMA\\VDO_DRONE\\SUMP\\BNS001_A2.jpg","gate_type":"8","amount1":"2","area_p5_pic":"BMA\\VDO_DRONE\\SUMP\\BNS001_A5.jpg","reflex_area":"กรุงเทพเหนือ","pipe_in_bed2":0,"pipe_in_bed3":0,"pipe_in_bed1":2.25,"home_type":"ตู้พักอาศัยขนาดเล็ก","date_survey":"9 กุมภาพันธ์ 2021","pipe_in_bed4":0,"pump1_type":"ซับเมิร์ส","pump5_volume":0,"owner":"บางซื่อ","pump4_type":"-","area_p1_pic":"BMA\\VDO_DRONE\\SUMP\\BNS001_A1.jpg","pump3_volume":0.4,"pump1_catagory":"ไฟฟ้า","objectid_1":277,"pump2_catagory":"ไฟฟ้า","sump_bed":"2.55","pipe_in_dimention1":1.2,"pipe_in_dimention2":0,"pipe_in_dimention3":0,"meter_code":"MEA-TOU-048589","pipe_in_dimention4":0,"pump1_volume":1,"hpl_areap1":"G:\\BMA\\VDO_DRONE\\SUMP\\BNS001_A1.jpg","surveillant_name":"-","hpl_areap3":"G:\\BMA\\VDO_DRONE\\SUMP\\BNS001_A3.jpg","district_id":"1029","hpl_areap2":"G:\\BMA\\VDO_DRONE\\SUMP\\BNS001_A2.jpg","hpl_areap5":"G:\\BMA\\VDO_DRONE\\SUMP\\BNS001_A5.jpg","hpl_areap4":"G:\\BMA\\VDO_DRONE\\SUMP\\BNS001_A4.jpg","objectid":277,"pump_amount":"4"}},{"geometry":{"type":"Point","coordinates":[100.64875699997927,13.806546998927203],"crs":null},"id":278,"type":"Feature","properties":{"utm_x":678220.4281,"pump3_catagory":"-","year":"2564","accessibility":"ถนนนวมินทร์ ช่วงคลองบางเตย","pump5_type":"-","sump_type":"บ่อสูบน้ำ","utm_y":1526943.604,"area_p1_y":100.6487,"area_p1_x":13.806707,"area_p3_y":100.648635,"sump_length":10.2,"area_p3_x":13.806641,"hpl_mdb":"G:\\BMA\\VDO_DRONE\\SUMP\\BES008_MD.jpg","home_pic":"BMA\\VDO_DRONE\\SUMP\\BES008_HO.jpg","sump_depth":4.15,"pump2_volume":1,"pump4_volume":0,"meter":400,"surveillant_mobile":"-","telephone":"02-5105643","mdb":500,"hpl_trans":"G:\\BMA\\VDO_DRONE\\SUMP\\BES008_TR.jpg","volume":118.52,"subdistrict_id":"102704","hpl_home":"G:\\BMA\\VDO_DRONE\\SUMP\\BES008_HO.jpg","sump_area":"กรุงเทพตะวันออก","sump_width":2.8,"fd_prevent_code":"24","area_p3_pic":"BMA\\VDO_DRONE\\SUMP\\BES008_A3.jpg","district_t":"บึงกุ่ม","pump4_catagory":"-","sump_name":"บ่อสูบน้ำคลองบางเตย (ถนนนวมินทร์)","mea_tel":"0-2907-5200 , 0-2543-8405, 0-2919-5004","area_p4_pic":"BMA\\VDO_DRONE\\SUMP\\BES008_A4.jpg","transformer":500,"mea":"เขตมีนบุรี","trans_pic":"BMA\\VDO_DRONE\\SUMP\\BES008_TR.jpg","pump2_type":"ซับเมิร์ส","mdb_pic":"BMA\\VDO_DRONE\\SUMP\\BES008_MD.jpg","area_p4_y":100.648646,"meter_pic":"BMA\\VDO_DRONE\\SUMP\\BES008_ME.jpg","area_p2_x":13.80663,"sump_code":"BE.S.008","area_p4_x":13.80664,"amount5":"-","area_p2_y":100.648668,"amount4":"-","pump5_catagory":"-","hpl_meter":"G:\\BMA\\VDO_DRONE\\SUMP\\BES008_ME.jpg","pump3_type":"-","amount3":"-","amount2":"2","area_p2_pic":"BMA\\VDO_DRONE\\SUMP\\BES008_A2.jpg","gate_type":"8","amount1":"1","area_p5_pic":"BMA\\VDO_DRONE\\SUMP\\BES008_A5.jpg","reflex_area":"กรุงเทพตะวันออก","pipe_in_bed2":0,"pipe_in_bed3":0,"pipe_in_bed1":3.1,"home_type":"ตู้คอนเทนเนอร์","date_survey":"20 กุมภาพันธ์ 2021","pipe_in_bed4":0,"pump1_type":"ซับเมิร์ส","pump5_volume":0,"owner":"บึงกุ่ม","pump4_type":"-","area_p1_pic":"BMA\\VDO_DRONE\\SUMP\\BES008_A1.jpg","pump3_volume":0,"pump1_catagory":"ไฟฟ้า","objectid_1":278,"pump2_catagory":"ไฟฟ้า","sump_bed":"4","pipe_in_dimention1":1.5,"pipe_in_dimention2":0,"pipe_in_dimention3":0,"meter_code":"MEA-TOU-056140","pipe_in_dimention4":0,"pump1_volume":0.35,"hpl_areap1":"G:\\BMA\\VDO_DRONE\\SUMP\\BES008_A1.jpg","surveillant_name":"-","hpl_areap3":"G:\\BMA\\VDO_DRONE\\SUMP\\BES008_A3.jpg","district_id":"1027","hpl_areap2":"G:\\BMA\\VDO_DRONE\\SUMP\\BES008_A2.jpg","hpl_areap5":"G:\\BMA\\VDO_DRONE\\SUMP\\BES008_A5.jpg","hpl_areap4":"G:\\BMA\\VDO_DRONE\\SUMP\\BES008_A4.jpg","objectid":278,"pump_amount":"3"}},{"geometry":{"type":"Point","coordinates":[100.64895500017732,13.80690100294259],"crs":null},"id":279,"type":"Feature","properties":{"utm_x":678241.5669,"pump3_catagory":"-","year":"2564","accessibility":"ถนนนวมินทร์ หน้าธนาคารอิสลาม","pump5_type":"-","sump_type":"บ่อสูบน้ำ","utm_y":1526982.916,"area_p1_y":100.648973,"area_p1_x":13.807025,"area_p3_y":100.649018,"sump_length":3,"area_p3_x":13.806968,"hpl_mdb":"G:\\BMA\\VDO_DRONE\\SUMP\\BES055_MD.jpg","home_pic":"","sump_depth":3.5,"pump2_volume":0,"pump4_volume":0,"meter":200,"surveillant_mobile":"-","telephone":"-","mdb":250,"hpl_trans":"G:\\BMA\\VDO_DRONE\\SUMP\\BES055_TR.jpg","volume":18.9,"subdistrict_id":"102704","hpl_home":"","sump_area":"กรุงเทพตะวันออก","sump_width":1.8,"fd_prevent_code":"24","area_p3_pic":"BMA\\VDO_DRONE\\SUMP\\BES055_A3.jpg","district_t":"บึงกุ่ม","pump4_catagory":"-","sump_name":"บ่อสูบน้ำถนนนวมิทร์(ขาเข้า) หน้าธนาคารอิสลาม","mea_tel":"0-2907-5200 , 0-2543-8405, 0-2919-5004","area_p4_pic":"","transformer":500,"mea":"เขตมีนบุรี","trans_pic":"BMA\\VDO_DRONE\\SUMP\\BES055_TR.jpg","pump2_type":"-","mdb_pic":"BMA\\VDO_DRONE\\SUMP\\BES055_MD.jpg","area_p4_y":100.649018,"meter_pic":"BMA\\VDO_DRONE\\SUMP\\BES055_ME.jpg","area_p2_x":13.806984,"sump_code":"BE.S.055","area_p4_x":13.806968,"amount5":"-","area_p2_y":100.648998,"amount4":"-","pump5_catagory":"-","hpl_meter":"G:\\BMA\\VDO_DRONE\\SUMP\\BES055_ME.jpg","pump3_type":"-","amount3":"-","amount2":"-","area_p2_pic":"BMA\\VDO_DRONE\\SUMP\\BES055_A2.jpg","gate_type":"8","amount1":"1","area_p5_pic":"","reflex_area":"กรุงเทพตะวันออก","pipe_in_bed2":0,"pipe_in_bed3":0,"pipe_in_bed1":3.1,"home_type":"ไม่มี","date_survey":"6 มีนาคม 2021","pipe_in_bed4":0,"pump1_type":"เครื่องยนต์","pump5_volume":0,"owner":"บึงกุ่ม","pump4_type":"-","area_p1_pic":"BMA\\VDO_DRONE\\SUMP\\BES055_A1.jpg","pump3_volume":0,"pump1_catagory":"ดีเซล","objectid_1":279,"pump2_catagory":"-","sump_bed":"3.5","pipe_in_dimention1":1.2,"pipe_in_dimention2":0,"pipe_in_dimention3":0,"meter_code":"MEA-TOU-9153391","pipe_in_dimention4":0,"pump1_volume":0.13,"hpl_areap1":"G:\\BMA\\VDO_DRONE\\SUMP\\BES055_A1.jpg","surveillant_name":"-","hpl_areap3":"G:\\BMA\\VDO_DRONE\\SUMP\\BES055_A3.jpg","district_id":"1027","hpl_areap2":"G:\\BMA\\VDO_DRONE\\SUMP\\BES055_A2.jpg","hpl_areap5":"","hpl_areap4":"","objectid":279,"pump_amount":"1"}},{"geometry":{"type":"Point","coordinates":[100.64898084956437,13.807519128458537],"crs":null},"id":280,"type":"Feature","properties":{"utm_x":678243.8919,"pump3_catagory":"-","year":"2564","accessibility":"ถนนนวมินทร์ หน้าศูนย์ฮอนด้า","pump5_type":"-","sump_type":"บ่อสูบน้ำ","utm_y":1527051.321,"area_p1_y":100.648945,"area_p1_x":13.807563,"area_p3_y":100.648964,"sump_length":1.6,"area_p3_x":13.807553,"hpl_mdb":"G:\\BMA\\VDO_DRONE\\SUMP\\BES056_MD.jpg","home_pic":"","sump_depth":3.1,"pump2_volume":0,"pump4_volume":0,"meter":200,"surveillant_mobile":"-","telephone":"-","mdb":250,"hpl_trans":"G:\\BMA\\VDO_DRONE\\SUMP\\BES056_TR.jpg","volume":4.96,"subdistrict_id":"102704","hpl_home":"","sump_area":"กรุงเทพตะวันออก","sump_width":1,"fd_prevent_code":"04","area_p3_pic":"BMA\\VDO_DRONE\\SUMP\\BES056_A3.jpg","district_t":"บึงกุ่ม","pump4_catagory":"-","sump_name":"บ่อสูบน้ำถนนนวมินทร์(ขาออก) หน้าศูนย์ฮอนด้า","mea_tel":"0-2716-3311 , 0-2716-3222 , 0-2716-3333","area_p4_pic":"BMA\\VDO_DRONE\\SUMP\\BES056_A4.jpg","transformer":0,"mea":"เขตนวลจันทร์","trans_pic":"BMA\\VDO_DRONE\\SUMP\\BES056_TR.jpg","pump2_type":"-","mdb_pic":"BMA\\VDO_DRONE\\SUMP\\BES056_MD.jpg","area_p4_y":100.64897,"meter_pic":"BMA\\VDO_DRONE\\SUMP\\BES056_ME.jpg","area_p2_x":13.80908,"sump_code":"BE.S.056","area_p4_x":13.807531,"amount5":"-","area_p2_y":100.649159,"amount4":"-","pump5_catagory":"-","hpl_meter":"G:\\BMA\\VDO_DRONE\\SUMP\\BES056_ME.jpg","pump3_type":"-","amount3":"-","amount2":"-","area_p2_pic":"BMA\\VDO_DRONE\\SUMP\\BES056_A2.jpg","gate_type":"8","amount1":"1","area_p5_pic":"BMA\\VDO_DRONE\\SUMP\\BES056_A5.jpg","reflex_area":"กรุงเทพตะวันออก","pipe_in_bed2":0,"pipe_in_bed3":0,"pipe_in_bed1":3.1,"home_type":"ไม่มี","date_survey":"6 มีนาคม 2021","pipe_in_bed4":0,"pump1_type":"เครื่องยนต์","pump5_volume":0,"owner":"บึงกุ่ม","pump4_type":"-","area_p1_pic":"BMA\\VDO_DRONE\\SUMP\\BES056_A1.jpg","pump3_volume":0,"pump1_catagory":"ดีเซล","objectid_1":280,"pump2_catagory":"-","sump_bed":"3.1","pipe_in_dimention1":1.2,"pipe_in_dimention2":0,"pipe_in_dimention3":0,"meter_code":"MEA-TOU-9154178","pipe_in_dimention4":0,"pump1_volume":0.13,"hpl_areap1":"G:\\BMA\\VDO_DRONE\\SUMP\\BES056_A1.jpg","surveillant_name":"-","hpl_areap3":"G:\\BMA\\VDO_DRONE\\SUMP\\BES056_A3.jpg","district_id":"1027","hpl_areap2":"G:\\BMA\\VDO_DRONE\\SUMP\\BES056_A2.jpg","hpl_areap5":"G:\\BMA\\VDO_DRONE\\SUMP\\BES056_A5.jpg","hpl_areap4":"G:\\BMA\\VDO_DRONE\\SUMP\\BES056_A4.jpg","objectid":280,"pump_amount":"1"}},{"geometry":{"type":"Point","coordinates":[100.5549041629937,13.808869807164855],"crs":null},"id":281,"type":"Feature","properties":{"utm_x":668071.5632,"pump3_catagory":"-","year":"2564","accessibility":"อยู่ในสวนสิริกิตติ์ บริเวณอุทยานผีเสื้อและแมลง","pump5_type":"-","sump_type":"บ่อสูบน้ำ","utm_y":1527132.857,"area_p1_y":100.554944,"area_p1_x":13.808892,"area_p3_y":100.554944,"sump_length":9.15,"area_p3_x":13.808892,"hpl_mdb":"G:\\BMA\\VDO_DRONE\\SUMP\\BNS004_MD.jpg","home_pic":"BMA\\VDO_DRONE\\SUMP\\BNS004_HO.jpg","sump_depth":3.3,"pump2_volume":1,"pump4_volume":0,"meter":400,"surveillant_mobile":"-","telephone":"-","mdb":600,"hpl_trans":"G:\\BMA\\VDO_DRONE\\SUMP\\BNS004_TR.jpg","volume":110.21,"subdistrict_id":"103005","hpl_home":"G:\\BMA\\VDO_DRONE\\SUMP\\BNS004_HO.jpg","sump_area":"กรุงเทพเหนือ","sump_width":3.65,"fd_prevent_code":"03","area_p3_pic":"BMA\\VDO_DRONE\\SUMP\\BNS004_A3.jpg","district_t":"จตุจักร","pump4_catagory":"-","sump_name":"บ่อสูบน้ำสวนสิริกิตติ์","mea_tel":"0-2986-1111 , 0-2986-0000 , 0-2792-5211","area_p4_pic":"BMA\\VDO_DRONE\\SUMP\\BNS004_A4.jpg","transformer":500,"mea":"เขตบางเขน","trans_pic":"BMA\\VDO_DRONE\\SUMP\\BNS004_TR.jpg","pump2_type":"ซับเมิร์ส","mdb_pic":"BMA\\VDO_DRONE\\SUMP\\BNS004_MD.jpg","area_p4_y":100.554944,"meter_pic":"BMA\\VDO_DRONE\\SUMP\\BNS004_ME.jpg","area_p2_x":13.808892,"sump_code":"BN.S.004","area_p4_x":13.808892,"amount5":"-","area_p2_y":100.554944,"amount4":"-","pump5_catagory":"-","hpl_meter":"G:\\BMA\\VDO_DRONE\\SUMP\\BNS004_ME.jpg","pump3_type":"-","amount3":"-","amount2":"2","area_p2_pic":"","gate_type":"8","amount1":"1","area_p5_pic":"BMA\\VDO_DRONE\\SUMP\\BNS004_A5.jpg","reflex_area":"กรุงเทพเหนือ","pipe_in_bed2":0,"pipe_in_bed3":0,"pipe_in_bed1":3.3,"home_type":"ตู้คอนเทนเนอร์","date_survey":"11 กุมภาพันธ์ 2021","pipe_in_bed4":0,"pump1_type":"ซับเมิร์ส","pump5_volume":0,"owner":"จตุจักร","pump4_type":"-","area_p1_pic":"","pump3_volume":0,"pump1_catagory":"ไฟฟ้า","objectid_1":281,"pump2_catagory":"ไฟฟ้า","sump_bed":"3.3","pipe_in_dimention1":1.2,"pipe_in_dimention2":0,"pipe_in_dimention3":0,"meter_code":"MEA-TOU-9312558","pipe_in_dimention4":0,"pump1_volume":0.5,"hpl_areap1":"","surveillant_name":"-","hpl_areap3":"G:\\BMA\\VDO_DRONE\\SUMP\\BNS004_A3.jpg","district_id":"1030","hpl_areap2":"","hpl_areap5":"G:\\BMA\\VDO_DRONE\\SUMP\\BNS004_A5.jpg","hpl_areap4":"G:\\BMA\\VDO_DRONE\\SUMP\\BNS004_A4.jpg","objectid":281,"pump_amount":"3"}},{"geometry":{"type":"Point","coordinates":[100.55825413634467,13.814879243207523],"crs":null},"id":283,"type":"Feature","properties":{"utm_x":668429.428,"pump3_catagory":"-","year":"2564","accessibility":"ถนนกำแพงเพชร 3 บริเวณฝั่งสวนรถไฟ","pump5_type":"-","sump_type":"บ่อสูบน้ำ","utm_y":1527800.029,"area_p1_y":100.558237,"area_p1_x":13.81486,"area_p3_y":100.558237,"sump_length":6,"area_p3_x":13.81486,"hpl_mdb":"G:\\BMA\\VDO_DRONE\\SUMP\\BNS005_MD.jpg","home_pic":"","sump_depth":3.8,"pump2_volume":0,"pump4_volume":0,"meter":200,"surveillant_mobile":"-","telephone":"-","mdb":200,"hpl_trans":"G:\\BMA\\VDO_DRONE\\SUMP\\BNS005_TR.jpg","volume":98.04,"subdistrict_id":"103005","hpl_home":"","sump_area":"กรุงเทพเหนือ","sump_width":4.3,"fd_prevent_code":"03","area_p3_pic":"BMA\\VDO_DRONE\\SUMP\\BNS005_A3.jpg","district_t":"จตุจักร","pump4_catagory":"-","sump_name":"บ่อสูบน้ำสวนรถไฟ ตอนถนนกำแพงเพชร 3","mea_tel":"0-2986-1111 , 0-2986-0000 , 0-2792-5211","area_p4_pic":"BMA\\VDO_DRONE\\SUMP\\BNS005_A4.jpg","transformer":0,"mea":"เขตบางเขน","trans_pic":"BMA\\VDO_DRONE\\SUMP\\BNS005_TR.jpg","pump2_type":"-","mdb_pic":"BMA\\VDO_DRONE\\SUMP\\BNS005_MD.jpg","area_p4_y":100.558237,"meter_pic":"BMA\\VDO_DRONE\\SUMP\\BNS005_ME.jpg","area_p2_x":13.81486,"sump_code":"BN.S.005","area_p4_x":13.81486,"amount5":"-","area_p2_y":100.558237,"amount4":"-","pump5_catagory":"-","hpl_meter":"G:\\BMA\\VDO_DRONE\\SUMP\\BNS005_ME.jpg","pump3_type":"-","amount3":"-","amount2":"-","area_p2_pic":"BMA\\VDO_DRONE\\SUMP\\BNS005_A2.jpg","gate_type":"8","amount1":"2","area_p5_pic":"","reflex_area":"กรุงเทพเหนือ","pipe_in_bed2":0,"pipe_in_bed3":0,"pipe_in_bed1":1,"home_type":"ไม่มี","date_survey":"11 กุมภาพันธ์ 2021","pipe_in_bed4":0,"pump1_type":"ซับเมิร์ส","pump5_volume":0,"owner":"จตุจักร","pump4_type":"-","area_p1_pic":"BMA\\VDO_DRONE\\SUMP\\BNS005_A1.jpg","pump3_volume":0,"pump1_catagory":"ไฟฟ้า","objectid_1":283,"pump2_catagory":"-","sump_bed":"3.8","pipe_in_dimention1":1.2,"pipe_in_dimention2":0,"pipe_in_dimention3":0,"meter_code":"MEA-TOU-9105472","pipe_in_dimention4":0,"pump1_volume":1,"hpl_areap1":"G:\\BMA\\VDO_DRONE\\SUMP\\BNS005_A1.jpg","surveillant_name":"-","hpl_areap3":"G:\\BMA\\VDO_DRONE\\SUMP\\BNS005_A3.jpg","district_id":"1030","hpl_areap2":"G:\\BMA\\VDO_DRONE\\SUMP\\BNS005_A2.jpg","hpl_areap5":"","hpl_areap4":"G:\\BMA\\VDO_DRONE\\SUMP\\BNS005_A4.jpg","objectid":283,"pump_amount":"2"}},{"geometry":{"type":"Point","coordinates":[100.55793892312856,13.816384789449874],"crs":null},"id":284,"type":"Feature","properties":{"utm_x":668394.2678,"pump3_catagory":"-","year":"2564","accessibility":"ซอยนิคมรถไฟสาย 1 บริเวณสวนรถไฟ ตรงข้ามปั๊มปตท","pump5_type":"-","sump_type":"บ่อสูบน้ำ","utm_y":1527966.366,"area_p1_y":100.558098,"area_p1_x":13.816799,"area_p3_y":100.558098,"sump_length":6,"area_p3_x":13.816799,"hpl_mdb":"G:\\BMA\\VDO_DRONE\\SUMP\\BNS006_MD.jpg","home_pic":"BMA\\VDO_DRONE\\SUMP\\BNS006_HO.jpg","sump_depth":2.25,"pump2_volume":0,"pump4_volume":0,"meter":400,"surveillant_mobile":"-","telephone":"-","mdb":125,"hpl_trans":"G:\\BMA\\VDO_DRONE\\SUMP\\BNS006_TR.jpg","volume":54,"subdistrict_id":"103005","hpl_home":"G:\\BMA\\VDO_DRONE\\SUMP\\BNS006_HO.jpg","sump_area":"กรุงเทพเหนือ","sump_width":4,"fd_prevent_code":"03","area_p3_pic":"","district_t":"จตุจักร","pump4_catagory":"-","sump_name":"บ่อสูบน้ำสวนรถไฟ ตอนซอยนิคมรถไฟ","mea_tel":"0-2986-1111 , 0-2986-0000 , 0-2792-5211","area_p4_pic":"","transformer":500,"mea":"เขตบางเขน","trans_pic":"BMA\\VDO_DRONE\\SUMP\\BNS006_TR.jpg","pump2_type":"-","mdb_pic":"BMA\\VDO_DRONE\\SUMP\\BNS006_MD.jpg","area_p4_y":100.558098,"meter_pic":"BMA\\VDO_DRONE\\SUMP\\BNS006_ME.jpg","area_p2_x":13.816799,"sump_code":"BN.S.006","area_p4_x":13.816799,"amount5":"-","area_p2_y":100.558098,"amount4":"-","pump5_catagory":"-","hpl_meter":"G:\\BMA\\VDO_DRONE\\SUMP\\BNS006_ME.jpg","pump3_type":"-","amount3":"-","amount2":"-","area_p2_pic":"","gate_type":"8","amount1":"3","area_p5_pic":"","reflex_area":"กรุงเทพเหนือ","pipe_in_bed2":0,"pipe_in_bed3":0,"pipe_in_bed1":0.9,"home_type":"ตู้พักอาศัยขนาดเล็ก","date_survey":"11 กุมภาพันธ์ 2021","pipe_in_bed4":0,"pump1_type":"ซับเมิร์ส","pump5_volume":0,"owner":"จตุจักร","pump4_type":"-","area_p1_pic":"BMA\\VDO_DRONE\\SUMP\\BNS006_A1.jpg","pump3_volume":0,"pump1_catagory":"ไฟฟ้า","objectid_1":284,"pump2_catagory":"-","sump_bed":"2.25","pipe_in_dimention1":0.6,"pipe_in_dimention2":0,"pipe_in_dimention3":0,"meter_code":"MEA-TOU-9118157","pipe_in_dimention4":0,"pump1_volume":0.13,"hpl_areap1":"G:\\BMA\\VDO_DRONE\\SUMP\\BNS006_A1.jpg","surveillant_name":"-","hpl_areap3":"","district_id":"1030","hpl_areap2":"","hpl_areap5":"","hpl_areap4":"","objectid":284,"pump_amount":"3"}},{"geometry":{"type":"Point","coordinates":[100.74401600014279,13.816638004508265],"crs":null},"id":285,"type":"Feature","properties":{"utm_x":688511.9811,"pump3_catagory":"-","year":"2564","accessibility":"ถนนรามคำแหง บริเวณแยกรามคำแหง-สุวินทวงศ์","pump5_type":"-","sump_type":"บ่อสูบน้ำ","utm_y":1528132.859,"area_p1_y":100.744098,"area_p1_x":13.81668,"area_p3_y":100.74402,"sump_length":10.6,"area_p3_x":13.816731,"hpl_mdb":"G:\\BMA\\VDO_DRONE\\SUMP\\BES005_MD.jpg","home_pic":"BMA\\VDO_DRONE\\SUMP\\BES005_HO.jpg","sump_depth":6,"pump2_volume":1,"pump4_volume":0,"meter":400,"surveillant_mobile":"-","telephone":"-","mdb":630,"hpl_trans":"","volume":241.68,"subdistrict_id":"101002","hpl_home":"G:\\BMA\\VDO_DRONE\\SUMP\\BES005_HO.jpg","sump_area":"กรุงเทพตะวันออก","sump_width":3.8,"fd_prevent_code":"26","area_p3_pic":"BMA\\VDO_DRONE\\SUMP\\BES005_A3.jpg","district_t":"มีนบุรี","pump4_catagory":"-","sump_name":"บ่อสูบน้ำลำรางถนนรามคำแหงตักสุวินทวงศ์","mea_tel":"0-2907-5200 , 0-2543-8405, 0-2919-5004","area_p4_pic":"BMA\\VDO_DRONE\\SUMP\\BES005_A4.jpg","transformer":300,"mea":"เขตมีนบุรี","trans_pic":"","pump2_type":"ซับเมิร์ส","mdb_pic":"BMA\\VDO_DRONE\\SUMP\\BES005_MD.jpg","area_p4_y":100.743985,"meter_pic":"BMA\\VDO_DRONE\\SUMP\\BES005_ME.jpg","area_p2_x":13.816696,"sump_code":"BE.S.005","area_p4_x":13.816708,"amount5":"-","area_p2_y":100.744057,"amount4":"-","pump5_catagory":"-","hpl_meter":"G:\\BMA\\VDO_DRONE\\SUMP\\BES005_ME.jpg","pump3_type":"-","amount3":"-","amount2":"2","area_p2_pic":"BMA\\VDO_DRONE\\SUMP\\BES005_A2.jpg","gate_type":"9","amount1":"1","area_p5_pic":"BMA\\VDO_DRONE\\SUMP\\BES005_A5.jpg","reflex_area":"กรุงเทพตะวันออก","pipe_in_bed2":0,"pipe_in_bed3":0,"pipe_in_bed1":4.2,"home_type":"ตู้พักอาศัยขนาดเล็ก","date_survey":"19 กุมภาพันธ์ 2021","pipe_in_bed4":0,"pump1_type":"ซับเมิร์ส","pump5_volume":0,"owner":"มีนบุรี","pump4_type":"-","area_p1_pic":"BMA\\VDO_DRONE\\SUMP\\BES005_A1.jpg","pump3_volume":0,"pump1_catagory":"ไฟฟ้า","objectid_1":285,"pump2_catagory":"ไฟฟ้า","sump_bed":"6","pipe_in_dimention1":2.4,"pipe_in_dimention2":0,"pipe_in_dimention3":0,"meter_code":"MEA-TOU-9105129","pipe_in_dimention4":0,"pump1_volume":0.5,"hpl_areap1":"G:\\BMA\\VDO_DRONE\\SUMP\\BES005_A1.jpg","surveillant_name":"-","hpl_areap3":"G:\\BMA\\VDO_DRONE\\SUMP\\BES005_A3.jpg","district_id":"1010","hpl_areap2":"G:\\BMA\\VDO_DRONE\\SUMP\\BES005_A2.jpg","hpl_areap5":"G:\\BMA\\VDO_DRONE\\SUMP\\BES005_A5.jpg","hpl_areap4":"G:\\BMA\\VDO_DRONE\\SUMP\\BES005_A4.jpg","objectid":285,"pump_amount":"3"}},{"geometry":{"type":"Point","coordinates":[100.58917408165182,13.81855242476854],"crs":null},"id":286,"type":"Feature","properties":{"utm_x":671769.5847,"pump3_catagory":"-","year":"2564","accessibility":"ใต้สะพานข้ามคลองลาดพร้าว","pump5_type":"-","sump_type":"บ่อสูบน้ำ","utm_y":1528228.328,"area_p1_y":100.589047,"area_p1_x":13.818613,"area_p3_y":100.589047,"sump_length":3.7,"area_p3_x":13.818613,"hpl_mdb":"G:\\BMA\\VDO_DRONE\\SUMP\\BNS052_MD.jpg","home_pic":"","sump_depth":2.5,"pump2_volume":0,"pump4_volume":0,"meter":400,"surveillant_mobile":"-","telephone":"-","mdb":400,"hpl_trans":"G:\\BMA\\VDO_DRONE\\SUMP\\BNS052_TR.jpg","volume":32.38,"subdistrict_id":"103003","hpl_home":"","sump_area":"กรุงเทพเหนือ","sump_width":3.5,"fd_prevent_code":"03","area_p3_pic":"BMA\\VDO_DRONE\\SUMP\\BNS052_A3.jpg","district_t":"จตุจักร","pump4_catagory":"-","sump_name":"บ่อสูบน้ำอาภาภิรมย์","mea_tel":"0-2986-1111 , 0-2986-0000 , 0-2792-5211","area_p4_pic":"BMA\\VDO_DRONE\\SUMP\\BNS052_A4.jpg","transformer":300,"mea":"เขตบางเขน","trans_pic":"BMA\\VDO_DRONE\\SUMP\\BNS052_TR.jpg","pump2_type":"-","mdb_pic":"BMA\\VDO_DRONE\\SUMP\\BNS052_MD.jpg","area_p4_y":100.589047,"meter_pic":"BMA\\VDO_DRONE\\SUMP\\BNS052_ME.jpg","area_p2_x":13.818613,"sump_code":"BN.S.052","area_p4_x":13.818613,"amount5":"-","area_p2_y":100.589047,"amount4":"-","pump5_catagory":"-","hpl_meter":"G:\\BMA\\VDO_DRONE\\SUMP\\BNS052_ME.jpg","pump3_type":"-","amount3":"-","amount2":"-","area_p2_pic":"BMA\\VDO_DRONE\\SUMP\\BNS052_A2.jpg","gate_type":"8","amount1":"2","area_p5_pic":"BMA\\VDO_DRONE\\SUMP\\BNS052_A5.jpg","reflex_area":"กรุงเทพเหนือ","pipe_in_bed2":0,"pipe_in_bed3":0,"pipe_in_bed1":2.5,"home_type":"ไม่มี","date_survey":"17 กุมภาพันธ์ 2021","pipe_in_bed4":0,"pump1_type":"ซับเมิร์ส","pump5_volume":0,"owner":"จตุจักร","pump4_type":"-","area_p1_pic":"BMA\\VDO_DRONE\\SUMP\\BNS052_A1.jpg","pump3_volume":0,"pump1_catagory":"ไฟฟ้า","objectid_1":286,"pump2_catagory":"-","sump_bed":"2.5","pipe_in_dimention1":1.5,"pipe_in_dimention2":0,"pipe_in_dimention3":0,"meter_code":"MEA-TOU-9152592","pipe_in_dimention4":0,"pump1_volume":1,"hpl_areap1":"G:\\BMA\\VDO_DRONE\\SUMP\\BNS052_A1.jpg","surveillant_name":"-","hpl_areap3":"G:\\BMA\\VDO_DRONE\\SUMP\\BNS052_A3.jpg","district_id":"1030","hpl_areap2":"G:\\BMA\\VDO_DRONE\\SUMP\\BNS052_A2.jpg","hpl_areap5":"G:\\BMA\\VDO_DRONE\\SUMP\\BNS052_A5.jpg","hpl_areap4":"G:\\BMA\\VDO_DRONE\\SUMP\\BNS052_A4.jpg","objectid":286,"pump_amount":"2"}},{"geometry":{"type":"Point","coordinates":[100.75170099973843,13.817637003054248],"crs":null},"id":287,"type":"Feature","properties":{"utm_x":689342.0815,"pump3_catagory":"-","year":"2564","accessibility":"ถนนราษฎร์อุทิศ(เขตมีนบุรี) เลยซอย2ไปนิดนึง","pump5_type":"-","sump_type":"บ่อสูบน้ำ","utm_y":1528249.443,"area_p1_y":100.751724,"area_p1_x":13.817809,"area_p3_y":100.751739,"sump_length":13.7,"area_p3_x":13.817788,"hpl_mdb":"G:\\BMA\\VDO_DRONE\\SUMP\\BES006_MD.jpg","home_pic":"BMA\\VDO_DRONE\\SUMP\\BES006_HO.jpg","sump_depth":4.2,"pump2_volume":1,"pump4_volume":0,"meter":400,"surveillant_mobile":"-","telephone":"-","mdb":630,"hpl_trans":"G:\\BMA\\VDO_DRONE\\SUMP\\BES006_TR.jpg","volume":166.87,"subdistrict_id":"101002","hpl_home":"G:\\BMA\\VDO_DRONE\\SUMP\\BES006_HO.jpg","sump_area":"กรุงเทพตะวันออก","sump_width":2.9,"fd_prevent_code":"26","area_p3_pic":"BMA\\VDO_DRONE\\SUMP\\BES006_A3.jpg","district_t":"มีนบุรี","pump4_catagory":"-","sump_name":"บ่อสูบน้ำถนนราษฎร์อุทิศ(เขตมีนบุรี)","mea_tel":"0-2907-5200 , 0-2543-8405, 0-2919-5004","area_p4_pic":"BMA\\VDO_DRONE\\SUMP\\BES006_A4.jpg","transformer":225,"mea":"เขตมีนบุรี","trans_pic":"BMA\\VDO_DRONE\\SUMP\\BES006_TR.jpg","pump2_type":"ซับเมิร์ส","mdb_pic":"BMA\\VDO_DRONE\\SUMP\\BES006_MD.jpg","area_p4_y":100.751718,"meter_pic":"BMA\\VDO_DRONE\\SUMP\\BES006_ME.jpg","area_p2_x":13.817788,"sump_code":"BE.S.006","area_p4_x":13.817819,"amount5":"-","area_p2_y":100.751739,"amount4":"-","pump5_catagory":"-","hpl_meter":"G:\\BMA\\VDO_DRONE\\SUMP\\BES006_ME.jpg","pump3_type":"-","amount3":"-","amount2":"2","area_p2_pic":"BMA\\VDO_DRONE\\SUMP\\BES006_A2.jpg","gate_type":"9","amount1":"1","area_p5_pic":"BMA\\VDO_DRONE\\SUMP\\BES006_A5.jpg","reflex_area":"กรุงเทพตะวันออก","pipe_in_bed2":0,"pipe_in_bed3":0,"pipe_in_bed1":2.6,"home_type":"ตู้พักอาศัยขนาดกลาง","date_survey":"19 กุมภาพันธ์ 2021","pipe_in_bed4":0,"pump1_type":"ซับเมิร์ส","pump5_volume":0,"owner":"มีนบุรี","pump4_type":"-","area_p1_pic":"BMA\\VDO_DRONE\\SUMP\\BES006_A1.jpg","pump3_volume":0,"pump1_catagory":"ไฟฟ้า","objectid_1":287,"pump2_catagory":"ไฟฟ้า","sump_bed":"4.2","pipe_in_dimention1":1,"pipe_in_dimention2":0,"pipe_in_dimention3":0,"meter_code":"MEA-TOU-9146215","pipe_in_dimention4":0,"pump1_volume":0.5,"hpl_areap1":"G:\\BMA\\VDO_DRONE\\SUMP\\BES006_A1.jpg","surveillant_name":"-","hpl_areap3":"G:\\BMA\\VDO_DRONE\\SUMP\\BES006_A3.jpg","district_id":"1010","hpl_areap2":"G:\\BMA\\VDO_DRONE\\SUMP\\BES006_A2.jpg","hpl_areap5":"G:\\BMA\\VDO_DRONE\\SUMP\\BES006_A5.jpg","hpl_areap4":"G:\\BMA\\VDO_DRONE\\SUMP\\BES006_A4.jpg","objectid":287,"pump_amount":"3"}},{"geometry":{"type":"Point","coordinates":[100.74411885485819,13.817743907718182],"crs":null},"id":288,"type":"Feature","properties":{"utm_x":688522.212,"pump3_catagory":"-","year":"2564","accessibility":"ถนนสุวินทวงศ์ หน้าศูนย์บริการ HONDA ","pump5_type":"-","sump_type":"บ่อสูบน้ำ","utm_y":1528255.296,"area_p1_y":100.742472,"area_p1_x":13.819826,"area_p3_y":100.742472,"sump_length":14,"area_p3_x":13.819826,"hpl_mdb":"","home_pic":"","sump_depth":4,"pump2_volume":1,"pump4_volume":0,"meter":250,"surveillant_mobile":"-","telephone":"-","mdb":0,"hpl_trans":"G:\\BMA\\VDO_DRONE\\SUMP\\BES004_TR.jpg","volume":263.2,"subdistrict_id":"101002","hpl_home":"","sump_area":"กรุงเทพตะวันออก","sump_width":4.7,"fd_prevent_code":"26","area_p3_pic":"BMA\\VDO_DRONE\\SUMP\\BES004_A3.jpg","district_t":"มีนบุรี","pump4_catagory":"-","sump_name":"บ่อสูบน้ำฮอนด้าสุวินทวงศ์","mea_tel":"0-2907-5200 , 0-2543-8405, 0-2919-5004","area_p4_pic":"BMA\\VDO_DRONE\\SUMP\\BES004_A4.jpg","transformer":300,"mea":"เขตมีนบุรี","trans_pic":"BMA\\VDO_DRONE\\SUMP\\BES004_TR.jpg","pump2_type":"ซับเมิร์ส","mdb_pic":"","area_p4_y":100.742472,"meter_pic":"BMA\\VDO_DRONE\\SUMP\\BES004_ME.jpg","area_p2_x":13.819826,"sump_code":"BE.S.004","area_p4_x":13.819826,"amount5":"-","area_p2_y":100.742472,"amount4":"-","pump5_catagory":"-","hpl_meter":"G:\\BMA\\VDO_DRONE\\SUMP\\BES004_ME.jpg","pump3_type":"-","amount3":"-","amount2":"2","area_p2_pic":"","gate_type":"9","amount1":"1","area_p5_pic":"BMA\\VDO_DRONE\\SUMP\\BES004_A5.jpg","reflex_area":"กรุงเทพตะวันออก","pipe_in_bed2":0,"pipe_in_bed3":0,"pipe_in_bed1":2.5,"home_type":"ไม่มี","date_survey":"18 กุมภาพันธ์ 2021","pipe_in_bed4":0,"pump1_type":"ซับเมิร์ส","pump5_volume":0,"owner":"มีนบุรี","pump4_type":"-","area_p1_pic":"","pump3_volume":0,"pump1_catagory":"ไฟฟ้า","objectid_1":288,"pump2_catagory":"ไฟฟ้า","sump_bed":"4","pipe_in_dimention1":1.2,"pipe_in_dimention2":0,"pipe_in_dimention3":0,"meter_code":"MEA-TOU-9182940","pipe_in_dimention4":0,"pump1_volume":0.5,"hpl_areap1":"","surveillant_name":"-","hpl_areap3":"G:\\BMA\\VDO_DRONE\\SUMP\\BES004_A3.jpg","district_id":"1010","hpl_areap2":"","hpl_areap5":"G:\\BMA\\VDO_DRONE\\SUMP\\BES004_A5.jpg","hpl_areap4":"G:\\BMA\\VDO_DRONE\\SUMP\\BES004_A4.jpg","objectid":288,"pump_amount":"3"}},{"geometry":{"type":"Point","coordinates":[100.72952400010408,13.818544000726387],"crs":null},"id":289,"type":"Feature","properties":{"utm_x":686943.5831,"pump3_catagory":"-","year":"2564","accessibility":"หน้าห้างโลตัส สุวินทวงศ์ ใต้สะพาน","pump5_type":"-","sump_type":"บ่อสูบน้ำ","utm_y":1528332.389,"area_p1_y":100.729564,"area_p1_x":13.818511,"area_p3_y":100.729595,"sump_length":9.8,"area_p3_x":13.818498,"hpl_mdb":"G:\\BMA\\VDO_DRONE\\SUMP\\BES003_MD.jpg","home_pic":"","sump_depth":5,"pump2_volume":1,"pump4_volume":0,"meter":400,"surveillant_mobile":"-","telephone":"-","mdb":630,"hpl_trans":"G:\\BMA\\VDO_DRONE\\SUMP\\BES003_TR.jpg","volume":472.85,"subdistrict_id":"101001","hpl_home":"","sump_area":"กรุงเทพตะวันออก","sump_width":9.65,"fd_prevent_code":"25","area_p3_pic":"BMA\\VDO_DRONE\\SUMP\\BES003_A3.jpg","district_t":"มีนบุรี","pump4_catagory":"-","sump_name":"บ่อสูบน้ำหน้าห้างโลตัส สุวินทวงศ์","mea_tel":"0-2907-5200 , 0-2543-8405, 0-2919-5004","area_p4_pic":"BMA\\VDO_DRONE\\SUMP\\BES003_A4.jpg","transformer":225,"mea":"เขตมีนบุรี","trans_pic":"BMA\\VDO_DRONE\\SUMP\\BES003_TR.jpg","pump2_type":"ซับเมิร์ส","mdb_pic":"BMA\\VDO_DRONE\\SUMP\\BES003_MD.jpg","area_p4_y":100.729588,"meter_pic":"BMA\\VDO_DRONE\\SUMP\\BES003_ME.jpg","area_p2_x":13.81849,"sump_code":"BE.S.003","area_p4_x":13.818539,"amount5":"-","area_p2_y":100.729596,"amount4":"-","pump5_catagory":"-","hpl_meter":"G:\\BMA\\VDO_DRONE\\SUMP\\BES003_ME.jpg","pump3_type":"-","amount3":"-","amount2":"2","area_p2_pic":"BMA\\VDO_DRONE\\SUMP\\BES003_A2.jpg","gate_type":"9","amount1":"1","area_p5_pic":"BMA\\VDO_DRONE\\SUMP\\BES003_A5.jpg","reflex_area":"กรุงเทพตะวันออก","pipe_in_bed2":0,"pipe_in_bed3":0,"pipe_in_bed1":2.8,"home_type":"ไม่มี","date_survey":"18 กุมภาพันธ์ 2021","pipe_in_bed4":0,"pump1_type":"ซับเมิร์ส","pump5_volume":0,"owner":"มีนบุรี","pump4_type":"-","area_p1_pic":"BMA\\VDO_DRONE\\SUMP\\BES003_A1.jpg","pump3_volume":0,"pump1_catagory":"ไฟฟ้า","objectid_1":289,"pump2_catagory":"ไฟฟ้า","sump_bed":"5","pipe_in_dimention1":1.2,"pipe_in_dimention2":0,"pipe_in_dimention3":0,"meter_code":"MEA-TOU-9311917","pipe_in_dimention4":0,"pump1_volume":0.5,"hpl_areap1":"G:\\BMA\\VDO_DRONE\\SUMP\\BES003_A1.jpg","surveillant_name":"-","hpl_areap3":"G:\\BMA\\VDO_DRONE\\SUMP\\BES003_A3.jpg","district_id":"1010","hpl_areap2":"G:\\BMA\\VDO_DRONE\\SUMP\\BES003_A2.jpg","hpl_areap5":"G:\\BMA\\VDO_DRONE\\SUMP\\BES003_A5.jpg","hpl_areap4":"G:\\BMA\\VDO_DRONE\\SUMP\\BES003_A4.jpg","objectid":289,"pump_amount":"3"}},{"geometry":{"type":"Point","coordinates":[100.73004199990069,13.819161996275698],"crs":null},"id":290,"type":"Feature","properties":{"utm_x":686999.0954,"pump3_catagory":"-","year":"2564","accessibility":"ถนนสุวินทวงศ์ทางกลับรถใต้สะพาน ใกล้ร้านเหล็กมาบุญยงค์","pump5_type":"-","sump_type":"บ่อสูบน้ำ","utm_y":1528401.167,"area_p1_y":100.730014,"area_p1_x":13.819215,"area_p3_y":100.730023,"sump_length":10.95,"area_p3_x":13.819185,"hpl_mdb":"G:\\BMA\\VDO_DRONE\\SUMP\\BES002_MD.jpg","home_pic":"BMA\\VDO_DRONE\\SUMP\\BES002_HO.jpg","sump_depth":5.5,"pump2_volume":1,"pump4_volume":0,"meter":400,"surveillant_mobile":"-","telephone":"-","mdb":630,"hpl_trans":"G:\\BMA\\VDO_DRONE\\SUMP\\BES002_TR.jpg","volume":204.77,"subdistrict_id":"101001","hpl_home":"G:\\BMA\\VDO_DRONE\\SUMP\\BES002_HO.jpg","sump_area":"กรุงเทพตะวันออก","sump_width":3.4,"fd_prevent_code":"25","area_p3_pic":"BMA\\VDO_DRONE\\SUMP\\BES002_A3.jpg","district_t":"มีนบุรี","pump4_catagory":"-","sump_name":"บ่อสูบปั๊มแก้สสุวินทวงศ์","mea_tel":"0-2907-5200 , 0-2543-8405, 0-2919-5004","area_p4_pic":"BMA\\VDO_DRONE\\SUMP\\BES002_A4.jpg","transformer":300,"mea":"เขตมีนบุรี","trans_pic":"BMA\\VDO_DRONE\\SUMP\\BES002_TR.jpg","pump2_type":"ซับเมิร์ส","mdb_pic":"BMA\\VDO_DRONE\\SUMP\\BES002_MD.jpg","area_p4_y":100.730027,"meter_pic":"BMA\\VDO_DRONE\\SUMP\\BES002_ME.jpg","area_p2_x":13.81921,"sump_code":"BE.S.002","area_p4_x":13.819174,"amount5":"-","area_p2_y":100.730042,"amount4":"-","pump5_catagory":"-","hpl_meter":"G:\\BMA\\VDO_DRONE\\SUMP\\BES002_ME.jpg","pump3_type":"-","amount3":"-","amount2":"2","area_p2_pic":"BMA\\VDO_DRONE\\SUMP\\BES002_A2.jpg","gate_type":"9","amount1":"1","area_p5_pic":"BMA\\VDO_DRONE\\SUMP\\BES002_A5.jpg","reflex_area":"กรุงเทพตะวันออก","pipe_in_bed2":0,"pipe_in_bed3":0,"pipe_in_bed1":3,"home_type":"ตู้พักอาศัยขนาดกลาง","date_survey":"18 กุมภาพันธ์ 2021","pipe_in_bed4":0,"pump1_type":"ซับเมิร์ส","pump5_volume":0,"owner":"มีนบุรี","pump4_type":"-","area_p1_pic":"BMA\\VDO_DRONE\\SUMP\\BES002_A1.jpg","pump3_volume":0,"pump1_catagory":"ไฟฟ้า","objectid_1":290,"pump2_catagory":"ไฟฟ้า","sump_bed":"5.5","pipe_in_dimention1":1.2,"pipe_in_dimention2":0,"pipe_in_dimention3":0,"meter_code":"MEA-TOU 9154117","pipe_in_dimention4":0,"pump1_volume":0.5,"hpl_areap1":"G:\\BMA\\VDO_DRONE\\SUMP\\BES002_A1.jpg","surveillant_name":"-","hpl_areap3":"G:\\BMA\\VDO_DRONE\\SUMP\\BES002_A3.jpg","district_id":"1010","hpl_areap2":"G:\\BMA\\VDO_DRONE\\SUMP\\BES002_A2.jpg","hpl_areap5":"G:\\BMA\\VDO_DRONE\\SUMP\\BES002_A5.jpg","hpl_areap4":"G:\\BMA\\VDO_DRONE\\SUMP\\BES002_A4.jpg","objectid":291,"pump_amount":"3"}},{"geometry":{"type":"Point","coordinates":[100.7424559995561,13.8200250006182],"crs":null},"id":291,"type":"Feature","properties":{"utm_x":688340.5903,"pump3_catagory":"-","year":"2564","accessibility":"แยกนิมิตใหม่ ใกล้ไปรษณีย์มีนบุรี","pump5_type":"-","sump_type":"บ่อสูบน้ำ","utm_y":1528506.367,"area_p1_y":100.742489,"area_p1_x":13.820203,"area_p3_y":100.742589,"sump_length":10.9,"area_p3_x":13.820001,"hpl_mdb":"G:\\BMA\\VDO_DRONE\\SUMP\\BES007_MD.jpg","home_pic":"","sump_depth":4.5,"pump2_volume":1,"pump4_volume":0,"meter":200,"surveillant_mobile":"-","telephone":"-","mdb":250,"hpl_trans":"G:\\BMA\\VDO_DRONE\\SUMP\\BES007_TR.jpg","volume":115.27,"subdistrict_id":"101001","hpl_home":"","sump_area":"กรุงเทพตะวันออก","sump_width":2.35,"fd_prevent_code":"25","area_p3_pic":"BMA\\VDO_DRONE\\SUMP\\BES007_A3.jpg","district_t":"มีนบุรี","pump4_catagory":"-","sump_name":"บ่อสูบน้ำโค้งไปรษณีย์มีนบุรี","mea_tel":"0-2907-5200 , 0-2543-8405, 0-2919-5004","area_p4_pic":"BMA\\VDO_DRONE\\SUMP\\BES007_A4.jpg","transformer":225,"mea":"เขตมีนบุรี","trans_pic":"BMA\\VDO_DRONE\\SUMP\\BES007_TR.jpg","pump2_type":"ซับเมิร์ส","mdb_pic":"BMA\\VDO_DRONE\\SUMP\\BES007_MD.jpg","area_p4_y":100.742589,"meter_pic":"BMA\\VDO_DRONE\\SUMP\\BES007_ME.jpg","area_p2_x":13.820022,"sump_code":"BE.S.007","area_p4_x":13.820001,"amount5":"-","area_p2_y":100.742599,"amount4":"-","pump5_catagory":"-","hpl_meter":"G:\\BMA\\VDO_DRONE\\SUMP\\BES007_ME.jpg","pump3_type":"-","amount3":"-","amount2":"2","area_p2_pic":"BMA\\VDO_DRONE\\SUMP\\BES007_A2.jpg","gate_type":"9","amount1":"1","area_p5_pic":"BMA\\VDO_DRONE\\SUMP\\BES007_A5.jpg","reflex_area":"กรุงเทพตะวันออก","pipe_in_bed2":0,"pipe_in_bed3":0,"pipe_in_bed1":4,"home_type":"ไม่มี","date_survey":"19 กุมภาพันธ์ 2021","pipe_in_bed4":0,"pump1_type":"ซับเมิร์ส","pump5_volume":0,"owner":"มีนบุรี","pump4_type":"-","area_p1_pic":"BMA\\VDO_DRONE\\SUMP\\BES007_A1.jpg","pump3_volume":0,"pump1_catagory":"ไฟฟ้า","objectid_1":291,"pump2_catagory":"ไฟฟ้า","sump_bed":"4.5","pipe_in_dimention1":1.2,"pipe_in_dimention2":0,"pipe_in_dimention3":0,"meter_code":"MEA-TOU-9104399","pipe_in_dimention4":0,"pump1_volume":0.5,"hpl_areap1":"G:\\BMA\\VDO_DRONE\\SUMP\\BES007_A1.jpg","surveillant_name":"-","hpl_areap3":"G:\\BMA\\VDO_DRONE\\SUMP\\BES007_A3.jpg","district_id":"1010","hpl_areap2":"G:\\BMA\\VDO_DRONE\\SUMP\\BES007_A2.jpg","hpl_areap5":"G:\\BMA\\VDO_DRONE\\SUMP\\BES007_A5.jpg","hpl_areap4":"G:\\BMA\\VDO_DRONE\\SUMP\\BES007_A4.jpg","objectid":292,"pump_amount":"3"}},{"geometry":{"type":"Point","coordinates":[100.54879500999272,13.824016500566021],"crs":null},"id":292,"type":"Feature","properties":{"utm_x":667400.2534,"pump3_catagory":"-","year":"2564","accessibility":"ถนนกำแพงเพชร2 ตรงข้ามซอยวิภาวดีรังสิต 11","pump5_type":"-","sump_type":"บ่อสูบน้ำ","utm_y":1528804.256,"area_p1_y":100.548822,"area_p1_x":13.824046,"area_p3_y":100.548822,"sump_length":7.85,"area_p3_x":13.824046,"hpl_mdb":"G:\\BMA\\VDO_DRONE\\SUMP\\BNS007_MD.jpg","home_pic":"BMA\\VDO_DRONE\\SUMP\\BNS007_HO.jpg","sump_depth":3.4,"pump2_volume":2,"pump4_volume":0,"meter":900,"surveillant_mobile":"-","telephone":"-","mdb":800,"hpl_trans":"G:\\BMA\\VDO_DRONE\\SUMP\\BNS007_TR.jpg","volume":168.15,"subdistrict_id":"103005","hpl_home":"G:\\BMA\\VDO_DRONE\\SUMP\\BNS007_HO.jpg","sump_area":"กรุงเทพเหนือ","sump_width":6.3,"fd_prevent_code":"03","area_p3_pic":"","district_t":"จตุจักร","pump4_catagory":"-","sump_name":"บ่อสูบน้ำถนนกำแพงเพชร 6 (ตอนกม.11)","mea_tel":"0-2986-1111 , 0-2986-0000 , 0-2792-5211","area_p4_pic":"","transformer":500,"mea":"เขตบางเขน","trans_pic":"BMA\\VDO_DRONE\\SUMP\\BNS007_TR.jpg","pump2_type":"ซับเมิร์ส","mdb_pic":"BMA\\VDO_DRONE\\SUMP\\BNS007_MD.jpg","area_p4_y":100.548822,"meter_pic":"BMA\\VDO_DRONE\\SUMP\\BNS007_ME.jpg","area_p2_x":13.824046,"sump_code":"BN.S.007","area_p4_x":13.824046,"amount5":"-","area_p2_y":100.548822,"amount4":"-","pump5_catagory":"-","hpl_meter":"G:\\BMA\\VDO_DRONE\\SUMP\\BNS007_ME.jpg","pump3_type":"-","amount3":"-","amount2":"2","area_p2_pic":"BMA\\VDO_DRONE\\SUMP\\BNS007_A2.jpg","gate_type":"3","amount1":"1","area_p5_pic":"","reflex_area":"กรุงเทพเหนือ","pipe_in_bed2":0,"pipe_in_bed3":0,"pipe_in_bed1":1.8,"home_type":"ตู้คอนเทนเนอร์","date_survey":"11 กุมภาพันธ์ 2021","pipe_in_bed4":0,"pump1_type":"ซับเมิร์ส","pump5_volume":0,"owner":"จตุจักร","pump4_type":"-","area_p1_pic":"BMA\\VDO_DRONE\\SUMP\\BNS007_A1.jpg","pump3_volume":0,"pump1_catagory":"ไฟฟ้า","objectid_1":292,"pump2_catagory":"ไฟฟ้า","sump_bed":"3.4","pipe_in_dimention1":1.5,"pipe_in_dimention2":0,"pipe_in_dimention3":0,"meter_code":"MEA-TOU-044900","pipe_in_dimention4":0,"pump1_volume":1,"hpl_areap1":"G:\\BMA\\VDO_DRONE\\SUMP\\BNS007_A1.jpg","surveillant_name":"-","hpl_areap3":"","district_id":"1030","hpl_areap2":"G:\\BMA\\VDO_DRONE\\SUMP\\BNS007_A2.jpg","hpl_areap5":"","hpl_areap4":"","objectid":293,"pump_amount":"3"}},{"geometry":{"type":"Point","coordinates":[100.58952564980541,13.832217829489416],"crs":null},"id":293,"type":"Feature","properties":{"utm_x":671797.5683,"pump3_catagory":"-","year":"2564","accessibility":"เสนานิคม1ซอย30 ทางกลับรถใต้สะพานถนนเสนานิคม1","pump5_type":"-","sump_type":"บ่อสูบน้ำ","utm_y":1529740.403,"area_p1_y":100.589455,"area_p1_x":13.832258,"area_p3_y":100.589455,"sump_length":12,"area_p3_x":13.832258,"hpl_mdb":"G:\\BMA\\VDO_DRONE\\SUMP\\BNS033_MD.jpg","home_pic":"BMA\\VDO_DRONE\\SUMP\\BNS033_HO.jpg","sump_depth":6,"pump2_volume":0,"pump4_volume":0,"meter":1000,"surveillant_mobile":"-","telephone":"-","mdb":800,"hpl_trans":"G:\\BMA\\VDO_DRONE\\SUMP\\BNS033_TR.jpg","volume":612,"subdistrict_id":"103003","hpl_home":"G:\\BMA\\VDO_DRONE\\SUMP\\BNS033_HO.jpg","sump_area":"กรุงเทพเหนือ","sump_width":8.5,"fd_prevent_code":"03","area_p3_pic":"BMA\\VDO_DRONE\\SUMP\\BNS033_A3.jpg","district_t":"จตุจักร","pump4_catagory":"-","sump_name":"บ่อสูบน้ำเสนานิคม 1","mea_tel":"0-2986-1111 , 0-2986-0000 , 0-2792-5211","area_p4_pic":"BMA\\VDO_DRONE\\SUMP\\BNS033_A4.jpg","transformer":500,"mea":"เขตบางเขน","trans_pic":"BMA\\VDO_DRONE\\SUMP\\BNS033_TR.jpg","pump2_type":"-","mdb_pic":"BMA\\VDO_DRONE\\SUMP\\BNS033_MD.jpg","area_p4_y":100.589455,"meter_pic":"BMA\\VDO_DRONE\\SUMP\\BNS033_ME.jpg","area_p2_x":13.832258,"sump_code":"BN.S.033","area_p4_x":13.832258,"amount5":"-","area_p2_y":100.589455,"amount4":"-","pump5_catagory":"-","hpl_meter":"G:\\BMA\\VDO_DRONE\\SUMP\\BNS033_ME.jpg","pump3_type":"-","amount3":"-","amount2":"-","area_p2_pic":"BMA\\VDO_DRONE\\SUMP\\BNS033_A2.jpg","gate_type":"2","amount1":"4","area_p5_pic":"BMA\\VDO_DRONE\\SUMP\\BNS033_A5.jpg","reflex_area":"กรุงเทพเหนือ","pipe_in_bed2":0,"pipe_in_bed3":0,"pipe_in_bed1":3.6,"home_type":"บ้านพัก","date_survey":"16 กุมภาพันธ์ 2021","pipe_in_bed4":0,"pump1_type":"ซับเมิร์ส","pump5_volume":0,"owner":"จตุจักร","pump4_type":"-","area_p1_pic":"BMA\\VDO_DRONE\\SUMP\\BNS033_A1.jpg","pump3_volume":0,"pump1_catagory":"ไฟฟ้า","objectid_1":293,"pump2_catagory":"-","sump_bed":"6","pipe_in_dimention1":1.5,"pipe_in_dimention2":0,"pipe_in_dimention3":0,"meter_code":"MEA-TOU-9183066","pipe_in_dimention4":0,"pump1_volume":1,"hpl_areap1":"G:\\BMA\\VDO_DRONE\\SUMP\\BNS033_A1.jpg","surveillant_name":"-","hpl_areap3":"G:\\BMA\\VDO_DRONE\\SUMP\\BNS033_A3.jpg","district_id":"1030","hpl_areap2":"G:\\BMA\\VDO_DRONE\\SUMP\\BNS033_A2.jpg","hpl_areap5":"G:\\BMA\\VDO_DRONE\\SUMP\\BNS033_A5.jpg","hpl_areap4":"G:\\BMA\\VDO_DRONE\\SUMP\\BNS033_A4.jpg","objectid":294,"pump_amount":"4"}},{"geometry":{"type":"Point","coordinates":[100.65986031400195,13.832816360521287],"crs":null},"id":294,"type":"Feature","properties":{"utm_x":679400.8089,"pump3_catagory":"-","year":"2564","accessibility":"ถนนนวมินทร์ หน้าทีโอที ใกล้ๆตึกบริษัทสหฟาร์ม","pump5_type":"-","sump_type":"บ่อสูบน้ำ","utm_y":1529858.184,"area_p1_y":100.64897,"area_p1_x":13.807531,"area_p3_y":100.659906,"sump_length":1.6,"area_p3_x":13.832817,"hpl_mdb":"G:\\BMA\\VDO_DRONE\\SUMP\\BES057_MD.jpg","home_pic":"","sump_depth":3.1,"pump2_volume":0,"pump4_volume":0,"meter":200,"surveillant_mobile":"-","telephone":"-","mdb":250,"hpl_trans":"G:\\BMA\\VDO_DRONE\\SUMP\\BES057_TR.jpg","volume":4.96,"subdistrict_id":"104302","hpl_home":"","sump_area":"กรุงเทพตะวันออก","sump_width":1,"fd_prevent_code":"24","area_p3_pic":"BMA\\VDO_DRONE\\SUMP\\BES057_A3.jpg","district_t":"คันนายาว","pump4_catagory":"-","sump_name":"บ่อสูบน้ำถนนนวมินทร์(ขาออก) หน้าสหฟาร์ม","mea_tel":"0-2716-3311 , 0-2716-3222 , 0-2716-3333","area_p4_pic":"BMA\\VDO_DRONE\\SUMP\\BES057_A4.jpg","transformer":800,"mea":"เขตนวลจันทร์","trans_pic":"BMA\\VDO_DRONE\\SUMP\\BES057_TR.jpg","pump2_type":"-","mdb_pic":"BMA\\VDO_DRONE\\SUMP\\BES057_MD.jpg","area_p4_y":100.659908,"meter_pic":"BMA\\VDO_DRONE\\SUMP\\BES057_ME.jpg","area_p2_x":13.832843,"sump_code":"BE.S.057","area_p4_x":13.832821,"amount5":"-","area_p2_y":100.65995,"amount4":"-","pump5_catagory":"-","hpl_meter":"G:\\BMA\\VDO_DRONE\\SUMP\\BES057_ME.jpg","pump3_type":"-","amount3":"-","amount2":"-","area_p2_pic":"BMA\\VDO_DRONE\\SUMP\\BES057_A2.jpg","gate_type":"8","amount1":"1","area_p5_pic":"","reflex_area":"กรุงเทพตะวันออก","pipe_in_bed2":0,"pipe_in_bed3":0,"pipe_in_bed1":3.1,"home_type":"ไม่มี","date_survey":"6 มีนาคม 2021","pipe_in_bed4":0,"pump1_type":"เครื่องยนต์","pump5_volume":0,"owner":"คันนายาว","pump4_type":"-","area_p1_pic":"BMA\\VDO_DRONE\\SUMP\\BES057_A1.jpg","pump3_volume":0,"pump1_catagory":"ดีเซล","objectid_1":294,"pump2_catagory":"-","sump_bed":"3.1","pipe_in_dimention1":1.2,"pipe_in_dimention2":0,"pipe_in_dimention3":0,"meter_code":"MEA-TOU-9154180","pipe_in_dimention4":0,"pump1_volume":0.13,"hpl_areap1":"G:\\BMA\\VDO_DRONE\\SUMP\\BES057_A1.jpg","surveillant_name":"-","hpl_areap3":"G:\\BMA\\VDO_DRONE\\SUMP\\BES057_A3.jpg","district_id":"1043","hpl_areap2":"G:\\BMA\\VDO_DRONE\\SUMP\\BES057_A2.jpg","hpl_areap5":"","hpl_areap4":"G:\\BMA\\VDO_DRONE\\SUMP\\BES057_A4.jpg","objectid":295,"pump_amount":"1"}},{"geometry":{"type":"Point","coordinates":[100.5509435231447,13.833618199511205],"crs":null},"id":295,"type":"Feature","properties":{"utm_x":667625.6498,"pump3_catagory":"-","year":"2564","accessibility":"ถนนเทศบาลนิมิตรใต้ ช่วงคลองเปรมฯ","pump5_type":"-","sump_type":"บ่อสูบน้ำ","utm_y":1529867.99,"area_p1_y":100.551238,"area_p1_x":13.833745,"area_p3_y":100.551238,"sump_length":13,"area_p3_x":13.833745,"hpl_mdb":"G:\\BMA\\VDO_DRONE\\SUMP\\BNS009_MD.jpg","home_pic":"BMA\\VDO_DRONE\\SUMP\\BNS009_HO.jpg","sump_depth":3.35,"pump2_volume":2,"pump4_volume":0,"meter":400,"surveillant_mobile":"-","telephone":"-","mdb":400,"hpl_trans":"G:\\BMA\\VDO_DRONE\\SUMP\\BNS009_TR.jpg","volume":326.63,"subdistrict_id":"103001","hpl_home":"G:\\BMA\\VDO_DRONE\\SUMP\\BNS009_HO.jpg","sump_area":"กรุงเทพเหนือ","sump_width":7.5,"fd_prevent_code":"03","area_p3_pic":"","district_t":"จตุจักร","pump4_catagory":"-","sump_name":"บ่อสูบน้ำเทศบาลนิมิตใต้ ตอนลงคลองเปรมประชากร","mea_tel":"0-2902-5211 , 0-2580-7480 , 0-2588-4521","area_p4_pic":"","transformer":500,"mea":"เขตนนทบุรี","trans_pic":"BMA\\VDO_DRONE\\SUMP\\BNS009_TR.jpg","pump2_type":"ซับเมิร์ส","mdb_pic":"BMA\\VDO_DRONE\\SUMP\\BNS009_MD.jpg","area_p4_y":100.551238,"meter_pic":"BMA\\VDO_DRONE\\SUMP\\BNS009_ME.jpg","area_p2_x":13.833745,"sump_code":"BN.S.009","area_p4_x":13.833745,"amount5":"-","area_p2_y":100.551238,"amount4":"-","pump5_catagory":"-","hpl_meter":"G:\\BMA\\VDO_DRONE\\SUMP\\BNS009_ME.jpg","pump3_type":"-","amount3":"-","amount2":"1","area_p2_pic":"","gate_type":"8","amount1":"1","area_p5_pic":"","reflex_area":"กรุงเทพเหนือ","pipe_in_bed2":0,"pipe_in_bed3":0,"pipe_in_bed1":2.8,"home_type":"ตู้คอนเทนเนอร์","date_survey":"11 กุมภาพันธ์ 2021","pipe_in_bed4":0,"pump1_type":"ซับเมิร์ส","pump5_volume":0,"owner":"จตุจักร","pump4_type":"-","area_p1_pic":"","pump3_volume":0,"pump1_catagory":"ไฟฟ้า","objectid_1":295,"pump2_catagory":"ไฟฟ้า","sump_bed":"3.35","pipe_in_dimention1":1.5,"pipe_in_dimention2":0,"pipe_in_dimention3":0,"meter_code":"MEA-TOU-053356","pipe_in_dimention4":0,"pump1_volume":1,"hpl_areap1":"","surveillant_name":"-","hpl_areap3":"","district_id":"1030","hpl_areap2":"","hpl_areap5":"","hpl_areap4":"","objectid":296,"pump_amount":"2"}},{"geometry":{"type":"Point","coordinates":[100.66019024473736,13.832945920415435],"crs":null},"id":296,"type":"Feature","properties":{"utm_x":679436.378,"pump3_catagory":"-","year":"2564","accessibility":"ถนนนวมินทร์ ซอยนวมินทร์96 ตรงทีโอที","pump5_type":"-","sump_type":"บ่อสูบน้ำ","utm_y":1529872.765,"area_p1_y":100.660129,"area_p1_x":13.832911,"area_p3_y":100.660156,"sump_length":1.6,"area_p3_x":13.832918,"hpl_mdb":"G:\\BMA\\VDO_DRONE\\SUMP\\BES058_MD.jpg","home_pic":"","sump_depth":4.1,"pump2_volume":0,"pump4_volume":0,"meter":200,"surveillant_mobile":"-","telephone":"-","mdb":250,"hpl_trans":"G:\\BMA\\VDO_DRONE\\SUMP\\BES058_TR.jpg","volume":6.56,"subdistrict_id":"104302","hpl_home":"","sump_area":"กรุงเทพตะวันออก","sump_width":1,"fd_prevent_code":"24","area_p3_pic":"BMA\\VDO_DRONE\\SUMP\\BES058_A3.jpg","district_t":"คันนายาว","pump4_catagory":"-","sump_name":"บ่อสูบน้ำถนนนวมินทร์(ขาเข้า) ซอยนวมินทร์ 96","mea_tel":"0-2907-5200 , 0-2543-8405, 0-2919-5004","area_p4_pic":"","transformer":500,"mea":"เขตมีนบุรี","trans_pic":"BMA\\VDO_DRONE\\SUMP\\BES058_TR.jpg","pump2_type":"-","mdb_pic":"BMA\\VDO_DRONE\\SUMP\\BES058_MD.jpg","area_p4_y":100.660165,"meter_pic":"BMA\\VDO_DRONE\\SUMP\\BES058_ME.jpg","area_p2_x":13.832916,"sump_code":"BE.S.058","area_p4_x":13.832902,"amount5":"-","area_p2_y":100.660155,"amount4":"-","pump5_catagory":"-","hpl_meter":"G:\\BMA\\VDO_DRONE\\SUMP\\BES058_ME.jpg","pump3_type":"-","amount3":"-","amount2":"-","area_p2_pic":"BMA\\VDO_DRONE\\SUMP\\BES058_A2.jpg","gate_type":"8","amount1":"1","area_p5_pic":"","reflex_area":"กรุงเทพตะวันออก","pipe_in_bed2":0,"pipe_in_bed3":0,"pipe_in_bed1":4.1,"home_type":"ไม่มี","date_survey":"6 มีนาคม 2021","pipe_in_bed4":0,"pump1_type":"เครื่องยนต์","pump5_volume":0,"owner":"คันนายาว","pump4_type":"-","area_p1_pic":"BMA\\VDO_DRONE\\SUMP\\BES058_A1.jpg","pump3_volume":0,"pump1_catagory":"ดีเซล","objectid_1":296,"pump2_catagory":"-","sump_bed":"4.1","pipe_in_dimention1":1.2,"pipe_in_dimention2":0,"pipe_in_dimention3":0,"meter_code":"MEA-TOU-9153387","pipe_in_dimention4":0,"pump1_volume":0.13,"hpl_areap1":"G:\\BMA\\VDO_DRONE\\SUMP\\BES058_A1.jpg","surveillant_name":"-","hpl_areap3":"G:\\BMA\\VDO_DRONE\\SUMP\\BES058_A3.jpg","district_id":"1043","hpl_areap2":"G:\\BMA\\VDO_DRONE\\SUMP\\BES058_A2.jpg","hpl_areap5":"","hpl_areap4":"","objectid":297,"pump_amount":"1"}},{"geometry":{"type":"Point","coordinates":[100.54247499986315,13.83923100310289],"crs":null},"id":297,"type":"Feature","properties":{"utm_x":666706.1771,"pump3_catagory":"-","year":"2564","accessibility":"เทศบาลรังสรรใต้ ซอย 1(ริมบ่อบัว) ข้างสวนป่าประชานิเวศน์","pump5_type":"-","sump_type":"บ่อสูบน้ำ","utm_y":1530483.02,"area_p1_y":100.542019,"area_p1_x":13.839998,"area_p3_y":100.542019,"sump_length":2.4,"area_p3_x":13.839998,"hpl_mdb":"G:\\BMA\\VDO_DRONE\\SUMP\\BNS010_MD.jpg","home_pic":"BMA\\VDO_DRONE\\SUMP\\BNS010_HO.jpg","sump_depth":3.6,"pump2_volume":0,"pump4_volume":0,"meter":400,"surveillant_mobile":"-","telephone":"-","mdb":400,"hpl_trans":"G:\\BMA\\VDO_DRONE\\SUMP\\BNS010_TR.jpg","volume":19.87,"subdistrict_id":"103001","hpl_home":"G:\\BMA\\VDO_DRONE\\SUMP\\BNS010_HO.jpg","sump_area":"กรุงเทพเหนือ","sump_width":2.3,"fd_prevent_code":"03","area_p3_pic":"BMA\\VDO_DRONE\\SUMP\\BNS010_A3.jpg","district_t":"จตุจักร","pump4_catagory":"-","sump_name":"บ่อสูบน้ำถนนเทศบาลรังสรรใต้ สวนป่าประชานิเวศน์","mea_tel":"0-2902-5211 , 0-2580-7480 , 0-2588-4521","area_p4_pic":"BMA\\VDO_DRONE\\SUMP\\BNS010_A4.jpg","transformer":500,"mea":"เขตนนทบุรี","trans_pic":"BMA\\VDO_DRONE\\SUMP\\BNS010_TR.jpg","pump2_type":"-","mdb_pic":"BMA\\VDO_DRONE\\SUMP\\BNS010_MD.jpg","area_p4_y":100.542019,"meter_pic":"BMA\\VDO_DRONE\\SUMP\\BNS010_ME.jpg","area_p2_x":13.839998,"sump_code":"BN.S.010","area_p4_x":13.839998,"amount5":"-","area_p2_y":100.542019,"amount4":"-","pump5_catagory":"-","hpl_meter":"G:\\BMA\\VDO_DRONE\\SUMP\\BNS010_ME.jpg","pump3_type":"-","amount3":"-","amount2":"-","area_p2_pic":"BMA\\VDO_DRONE\\SUMP\\BNS010_A2.jpg","gate_type":"8","amount1":"3","area_p5_pic":"BMA\\VDO_DRONE\\SUMP\\BNS010_A5.jpg","reflex_area":"กรุงเทพเหนือ","pipe_in_bed2":0,"pipe_in_bed3":0,"pipe_in_bed1":3.1,"home_type":"ตู้คอนเทนเนอร์","date_survey":"11 กุมภาพันธ์ 2021","pipe_in_bed4":0,"pump1_type":"ซับเมิร์ส","pump5_volume":0,"owner":"จตุจักร","pump4_type":"-","area_p1_pic":"BMA\\VDO_DRONE\\SUMP\\BNS010_A1.jpg","pump3_volume":0,"pump1_catagory":"ไฟฟ้า","objectid_1":297,"pump2_catagory":"-","sump_bed":"3.6","pipe_in_dimention1":1.5,"pipe_in_dimention2":0,"pipe_in_dimention3":0,"meter_code":"MEA-TOU-9312742","pipe_in_dimention4":0,"pump1_volume":1,"hpl_areap1":"G:\\BMA\\VDO_DRONE\\SUMP\\BNS010_A1.jpg","surveillant_name":"-","hpl_areap3":"G:\\BMA\\VDO_DRONE\\SUMP\\BNS010_A3.jpg","district_id":"1030","hpl_areap2":"G:\\BMA\\VDO_DRONE\\SUMP\\BNS010_A2.jpg","hpl_areap5":"G:\\BMA\\VDO_DRONE\\SUMP\\BNS010_A5.jpg","hpl_areap4":"G:\\BMA\\VDO_DRONE\\SUMP\\BNS010_A4.jpg","objectid":298,"pump_amount":"3"}},{"geometry":{"type":"Point","coordinates":[100.55410401385925,13.839245450589305],"crs":null},"id":298,"type":"Feature","properties":{"utm_x":667963.2703,"pump3_catagory":"-","year":"2564","accessibility":"ถนนเทศบาลสงเคราะห์ เกาะกลางถนน ช่วงคลองเปรมประชากร","pump5_type":"-","sump_type":"บ่อสูบน้ำ","utm_y":1530492.746,"area_p1_y":100.554158,"area_p1_x":13.839295,"area_p3_y":100.554158,"sump_length":10,"area_p3_x":13.839295,"hpl_mdb":"G:\\BMA\\VDO_DRONE\\SUMP\\BNS008_MD.jpg","home_pic":"","sump_depth":1.8,"pump2_volume":2,"pump4_volume":0,"meter":400,"surveillant_mobile":"-","telephone":"-","mdb":400,"hpl_trans":"G:\\BMA\\VDO_DRONE\\SUMP\\BNS008_TR.jpg","volume":59.4,"subdistrict_id":"103001","hpl_home":"","sump_area":"กรุงเทพเหนือ","sump_width":3.3,"fd_prevent_code":"03","area_p3_pic":"","district_t":"จตุจักร","pump4_catagory":"-","sump_name":"บ่อสูบน้ำเทศบาลสงเคราะห์ ตอนลงคลองเปรมประชากร","mea_tel":"0-2902-5211 , 0-2580-7480 , 0-2588-4521","area_p4_pic":"","transformer":500,"mea":"เขตนนทบุรี","trans_pic":"BMA\\VDO_DRONE\\SUMP\\BNS008_TR.jpg","pump2_type":"ซับเมิร์ส","mdb_pic":"BMA\\VDO_DRONE\\SUMP\\BNS008_MD.jpg","area_p4_y":100.554158,"meter_pic":"BMA\\VDO_DRONE\\SUMP\\BNS008_ME.jpg","area_p2_x":13.839295,"sump_code":"BN.S.008","area_p4_x":13.839295,"amount5":"-","area_p2_y":100.554158,"amount4":"-","pump5_catagory":"-","hpl_meter":"G:\\BMA\\VDO_DRONE\\SUMP\\BNS008_ME.jpg","pump3_type":"-","amount3":"-","amount2":"1","area_p2_pic":"","gate_type":"8","amount1":"1","area_p5_pic":"","reflex_area":"กรุงเทพเหนือ","pipe_in_bed2":0,"pipe_in_bed3":0,"pipe_in_bed1":1.8,"home_type":"ไม่มี","date_survey":"11 กุมภาพันธ์ 2021","pipe_in_bed4":0,"pump1_type":"ซับเมิร์ส","pump5_volume":0,"owner":"จตุจักร","pump4_type":"-","area_p1_pic":"","pump3_volume":0,"pump1_catagory":"ไฟฟ้า","objectid_1":298,"pump2_catagory":"ไฟฟ้า","sump_bed":"1.8","pipe_in_dimention1":1.2,"pipe_in_dimention2":0,"pipe_in_dimention3":0,"meter_code":"MEA-TOU-9073833","pipe_in_dimention4":0,"pump1_volume":1,"hpl_areap1":"","surveillant_name":"-","hpl_areap3":"","district_id":"1030","hpl_areap2":"","hpl_areap5":"","hpl_areap4":"","objectid":299,"pump_amount":"2"}},{"geometry":{"type":"Point","coordinates":[100.59000061393488,13.841160020314188],"crs":null},"id":299,"type":"Feature","properties":{"utm_x":671842.3473,"pump3_catagory":"-","year":"2564","accessibility":"ถนนประเสริฐมนูกิจ ทางกลับรถใต้สะพานฝั่งตรงข้ามตึกอาร์เอส","pump5_type":"-","sump_type":"บ่อสูบน้ำ","utm_y":1530730.032,"area_p1_y":100.589642,"area_p1_x":13.841564,"area_p3_y":100.589642,"sump_length":13.5,"area_p3_x":13.841564,"hpl_mdb":"G:\\BMA\\VDO_DRONE\\SUMP\\BNS032_MD.jpg","home_pic":"BMA\\VDO_DRONE\\SUMP\\BNS032_HO.jpg","sump_depth":3,"pump2_volume":0,"pump4_volume":0,"meter":400,"surveillant_mobile":"-","telephone":"-","mdb":400,"hpl_trans":"G:\\BMA\\VDO_DRONE\\SUMP\\BNS032_TR.jpg","volume":101.25,"subdistrict_id":"103001","hpl_home":"G:\\BMA\\VDO_DRONE\\SUMP\\BNS032_HO.jpg","sump_area":"กรุงเทพเหนือ","sump_width":2.5,"fd_prevent_code":"03","area_p3_pic":"BMA\\VDO_DRONE\\SUMP\\BNS032_A3.jpg","district_t":"จตุจักร","pump4_catagory":"-","sump_name":"บ่อสูบน้ำถนนประเสริฐมนูกิจ ฝั่งใต้","mea_tel":"0-2986-1111 , 0-2986-0000 , 0-2792-5211","area_p4_pic":"BMA\\VDO_DRONE\\SUMP\\BNS032_A4.jpg","transformer":0,"mea":"เขตบางเขน","trans_pic":"BMA\\VDO_DRONE\\SUMP\\BNS032_TR.jpg","pump2_type":"-","mdb_pic":"BMA\\VDO_DRONE\\SUMP\\BNS032_MD.jpg","area_p4_y":100.589642,"meter_pic":"BMA\\VDO_DRONE\\SUMP\\BNS032_ME.jpg","area_p2_x":13.841564,"sump_code":"BN.S.032","area_p4_x":13.841564,"amount5":"-","area_p2_y":100.589642,"amount4":"-","pump5_catagory":"-","hpl_meter":"G:\\BMA\\VDO_DRONE\\SUMP\\BNS032_ME.jpg","pump3_type":"-","amount3":"-","amount2":"-","area_p2_pic":"BMA\\VDO_DRONE\\SUMP\\BNS032_A2.jpg","gate_type":"8","amount1":"3","area_p5_pic":"BMA\\VDO_DRONE\\SUMP\\BNS032_A5.jpg","reflex_area":"กรุงเทพเหนือ","pipe_in_bed2":0,"pipe_in_bed3":0,"pipe_in_bed1":2.7,"home_type":"ตู้คอนเทนเนอร์","date_survey":"16 กุมภาพันธ์ 2021","pipe_in_bed4":0,"pump1_type":"ซับเมิร์ส","pump5_volume":0,"owner":"จตุจักร","pump4_type":"-","area_p1_pic":"BMA\\VDO_DRONE\\SUMP\\BNS032_A1.jpg","pump3_volume":0,"pump1_catagory":"ไฟฟ้า","objectid_1":299,"pump2_catagory":"-","sump_bed":"3","pipe_in_dimention1":1.2,"pipe_in_dimention2":0,"pipe_in_dimention3":0,"meter_code":"MEA-TOU-9304742","pipe_in_dimention4":0,"pump1_volume":0.5,"hpl_areap1":"G:\\BMA\\VDO_DRONE\\SUMP\\BNS032_A1.jpg","surveillant_name":"-","hpl_areap3":"G:\\BMA\\VDO_DRONE\\SUMP\\BNS032_A3.jpg","district_id":"1030","hpl_areap2":"G:\\BMA\\VDO_DRONE\\SUMP\\BNS032_A2.jpg","hpl_areap5":"G:\\BMA\\VDO_DRONE\\SUMP\\BNS032_A5.jpg","hpl_areap4":"G:\\BMA\\VDO_DRONE\\SUMP\\BNS032_A4.jpg","objectid":300,"pump_amount":"3"}},{"geometry":{"type":"Point","coordinates":[100.58972450119651,13.841639993585648],"crs":null},"id":300,"type":"Feature","properties":{"utm_x":671812.1465,"pump3_catagory":"-","year":"2564","accessibility":"ถนนประเสริฐมนูกิจ ทางกลับรถใต้สะพานฝั่งตึกอาร์เอส","pump5_type":"-","sump_type":"บ่อสูบน้ำ","utm_y":1530782.934,"area_p1_y":100.589856,"area_p1_x":13.8415,"area_p3_y":100.589856,"sump_length":13.5,"area_p3_x":13.8415,"hpl_mdb":"G:\\BMA\\VDO_DRONE\\SUMP\\BNS031_MD.jpg","home_pic":"BMA\\VDO_DRONE\\SUMP\\BNS031_HO.jpg","sump_depth":3,"pump2_volume":0,"pump4_volume":0,"meter":400,"surveillant_mobile":"-","telephone":"-","mdb":400,"hpl_trans":"G:\\BMA\\VDO_DRONE\\SUMP\\BNS031_TR.jpg","volume":101.25,"subdistrict_id":"103001","hpl_home":"G:\\BMA\\VDO_DRONE\\SUMP\\BNS031_HO.jpg","sump_area":"กรุงเทพเหนือ","sump_width":2.5,"fd_prevent_code":"03","area_p3_pic":"BMA\\VDO_DRONE\\SUMP\\BNS031_A3.jpg","district_t":"จตุจักร","pump4_catagory":"-","sump_name":"บ่อสูบน้ำถนนประเสริฐมนูกิจ ฝั่งเหนือ","mea_tel":"0-2986-1111 , 0-2986-0000 , 0-2792-5211","area_p4_pic":"BMA\\VDO_DRONE\\SUMP\\BNS031_A4.jpg","transformer":500,"mea":"เขตบางเขน","trans_pic":"BMA\\VDO_DRONE\\SUMP\\BNS031_TR.jpg","pump2_type":"-","mdb_pic":"BMA\\VDO_DRONE\\SUMP\\BNS031_MD.jpg","area_p4_y":100.589856,"meter_pic":"BMA\\VDO_DRONE\\SUMP\\BNS031_ME.jpg","area_p2_x":13.8415,"sump_code":"BN.S.031","area_p4_x":13.8415,"amount5":"-","area_p2_y":100.589856,"amount4":"-","pump5_catagory":"-","hpl_meter":"G:\\BMA\\VDO_DRONE\\SUMP\\BNS031_ME.jpg","pump3_type":"-","amount3":"-","amount2":"-","area_p2_pic":"BMA\\VDO_DRONE\\SUMP\\BNS031_A2.jpg","gate_type":"8","amount1":"3","area_p5_pic":"BMA\\VDO_DRONE\\SUMP\\BNS031_A5.jpg","reflex_area":"กรุงเทพเหนือ","pipe_in_bed2":0,"pipe_in_bed3":0,"pipe_in_bed1":3,"home_type":"ตู้คอนเทนเนอร์","date_survey":"16 กุมภาพันธ์ 2021","pipe_in_bed4":0,"pump1_type":"ซับเมิร์ส","pump5_volume":0,"owner":"จตุจักร","pump4_type":"-","area_p1_pic":"BMA\\VDO_DRONE\\SUMP\\BNS031_A1.jpg","pump3_volume":0,"pump1_catagory":"ไฟฟ้า","objectid_1":300,"pump2_catagory":"-","sump_bed":"3","pipe_in_dimention1":1.2,"pipe_in_dimention2":0,"pipe_in_dimention3":0,"meter_code":"MEA-TOU-9034797","pipe_in_dimention4":0,"pump1_volume":0.5,"hpl_areap1":"G:\\BMA\\VDO_DRONE\\SUMP\\BNS031_A1.jpg","surveillant_name":"-","hpl_areap3":"G:\\BMA\\VDO_DRONE\\SUMP\\BNS031_A3.jpg","district_id":"1030","hpl_areap2":"G:\\BMA\\VDO_DRONE\\SUMP\\BNS031_A2.jpg","hpl_areap5":"G:\\BMA\\VDO_DRONE\\SUMP\\BNS031_A5.jpg","hpl_areap4":"G:\\BMA\\VDO_DRONE\\SUMP\\BNS031_A4.jpg","objectid":301,"pump_amount":"3"}},{"geometry":{"type":"Point","coordinates":[100.55979855056,13.844649906048813],"crs":null},"id":301,"type":"Feature","properties":{"utm_x":668574.9603,"pump3_catagory":"-","year":"2564","accessibility":"ถนนวิภาวดีใกล้ทางรถไฟ ตรงข้ามซอยวิภาวดีรังสิต50","pump5_type":"-","sump_type":"บ่อสูบน้ำ","utm_y":1531094.644,"area_p1_y":100.560227,"area_p1_x":13.844426,"area_p3_y":100.560227,"sump_length":10.8,"area_p3_x":13.844426,"hpl_mdb":"G:\\BMA\\VDO_DRONE\\SUMP\\BNS011_MD.jpg","home_pic":"BMA\\VDO_DRONE\\SUMP\\BNS011_HO.jpg","sump_depth":5.8,"pump2_volume":0,"pump4_volume":0,"meter":0,"surveillant_mobile":"-","telephone":"-","mdb":600,"hpl_trans":"G:\\BMA\\VDO_DRONE\\SUMP\\BNS011_TR.jpg","volume":325.73,"subdistrict_id":"103001","hpl_home":"G:\\BMA\\VDO_DRONE\\SUMP\\BNS011_HO.jpg","sump_area":"กรุงเทพเหนือ","sump_width":5.2,"fd_prevent_code":"03","area_p3_pic":"BMA\\VDO_DRONE\\SUMP\\BNS011_A3.jpg","district_t":"จตุจักร","pump4_catagory":"-","sump_name":"บ่อสูบน้ำถนนวิภาวดี ตอนลงคลองลาดยาว","mea_tel":"0-2902-5211 , 0-2580-7480 , 0-2588-4521","area_p4_pic":"BMA\\VDO_DRONE\\SUMP\\BNS011_A4.jpg","transformer":500,"mea":"เขตนนทบุรี","trans_pic":"BMA\\VDO_DRONE\\SUMP\\BNS011_TR.jpg","pump2_type":"-","mdb_pic":"BMA\\VDO_DRONE\\SUMP\\BNS011_MD.jpg","area_p4_y":100.560227,"meter_pic":"","area_p2_x":13.844426,"sump_code":"BN.S.011","area_p4_x":13.844426,"amount5":"-","area_p2_y":100.560227,"amount4":"-","pump5_catagory":"-","hpl_meter":"","pump3_type":"-","amount3":"-","amount2":"-","area_p2_pic":"BMA\\VDO_DRONE\\SUMP\\BNS011_A2.jpg","gate_type":"8","amount1":"3","area_p5_pic":"","reflex_area":"กรุงเทพเหนือ","pipe_in_bed2":0,"pipe_in_bed3":0,"pipe_in_bed1":3.7,"home_type":"ตู้คอนเทนเนอร์","date_survey":"12 กุมภาพันธ์ 2021","pipe_in_bed4":0,"pump1_type":"ซับเมิร์ส","pump5_volume":0,"owner":"จตุจักร","pump4_type":"-","area_p1_pic":"BMA\\VDO_DRONE\\SUMP\\BNS011_A1.jpg","pump3_volume":0,"pump1_catagory":"ไฟฟ้า","objectid_1":301,"pump2_catagory":"-","sump_bed":"5.8","pipe_in_dimention1":15,"pipe_in_dimention2":0,"pipe_in_dimention3":0,"meter_code":"-","pipe_in_dimention4":0,"pump1_volume":2,"hpl_areap1":"G:\\BMA\\VDO_DRONE\\SUMP\\BNS011_A1.jpg","surveillant_name":"-","hpl_areap3":"G:\\BMA\\VDO_DRONE\\SUMP\\BNS011_A3.jpg","district_id":"1030","hpl_areap2":"G:\\BMA\\VDO_DRONE\\SUMP\\BNS011_A2.jpg","hpl_areap5":"","hpl_areap4":"G:\\BMA\\VDO_DRONE\\SUMP\\BNS011_A4.jpg","objectid":302,"pump_amount":"3"}},{"geometry":{"type":"Point","coordinates":[100.56180563952981,13.8470648901505],"crs":null},"id":302,"type":"Feature","properties":{"utm_x":668790.1807,"pump3_catagory":"-","year":"2564","accessibility":"ถนนวิภาวดีรังสิต (ตอนตัดถนนงามวงศ์วาน) หน้าตึกVi Plaza","pump5_type":"-","sump_type":"บ่อสูบน้ำ","utm_y":1531363.229,"area_p1_y":100.561886,"area_p1_x":13.846891,"area_p3_y":100.561886,"sump_length":12.5,"area_p3_x":13.846891,"hpl_mdb":"G:\\BMA\\VDO_DRONE\\SUMP\\BNS015_MD.jpg","home_pic":"BMA\\VDO_DRONE\\SUMP\\BNS015_HO.jpg","sump_depth":6.2,"pump2_volume":2,"pump4_volume":0,"meter":900,"surveillant_mobile":"-","telephone":"-","mdb":800,"hpl_trans":"G:\\BMA\\VDO_DRONE\\SUMP\\BNS015_TR.jpg","volume":457.25,"subdistrict_id":"103001","hpl_home":"G:\\BMA\\VDO_DRONE\\SUMP\\BNS015_HO.jpg","sump_area":"กรุงเทพเหนือ","sump_width":5.9,"fd_prevent_code":"03","area_p3_pic":"BMA\\VDO_DRONE\\SUMP\\BNS015_A3.jpg","district_t":"จตุจักร","pump4_catagory":"-","sump_name":"บ่อสูบน้ำถนนวิภาวดี ตอนตัดถนนงามวงศ์วาน (ใบไม้ร่าเริง)","mea_tel":"0-2986-1111 , 0-2986-0000 , 0-2792-5211","area_p4_pic":"BMA\\VDO_DRONE\\SUMP\\BNS015_A4.jpg","transformer":500,"mea":"เขตบางเขน","trans_pic":"BMA\\VDO_DRONE\\SUMP\\BNS015_TR.jpg","pump2_type":"ซับเมิร์ส","mdb_pic":"BMA\\VDO_DRONE\\SUMP\\BNS015_MD.jpg","area_p4_y":100.561886,"meter_pic":"BMA\\VDO_DRONE\\SUMP\\BNS015_ME.jpg","area_p2_x":13.846891,"sump_code":"BN.S.015","area_p4_x":13.846891,"amount5":"-","area_p2_y":100.561886,"amount4":"-","pump5_catagory":"-","hpl_meter":"G:\\BMA\\VDO_DRONE\\SUMP\\BNS015_ME.jpg","pump3_type":"-","amount3":"-","amount2":"1","area_p2_pic":"BMA\\VDO_DRONE\\SUMP\\BNS015_A2.jpg","gate_type":"8","amount1":"2","area_p5_pic":"BMA\\VDO_DRONE\\SUMP\\BNS015_A5.jpg","reflex_area":"กรุงเทพเหนือ","pipe_in_bed2":0,"pipe_in_bed3":0,"pipe_in_bed1":6,"home_type":"ตู้คอนเทนเนอร์","date_survey":"12 กุมภาพันธ์ 2021","pipe_in_bed4":0,"pump1_type":"ซับเมิร์ส","pump5_volume":0,"owner":"จตุจักร","pump4_type":"-","area_p1_pic":"BMA\\VDO_DRONE\\SUMP\\BNS015_A1.jpg","pump3_volume":0,"pump1_catagory":"ไฟฟ้า","objectid_1":302,"pump2_catagory":"ไฟฟ้า","sump_bed":"6.2","pipe_in_dimention1":1.5,"pipe_in_dimention2":0,"pipe_in_dimention3":0,"meter_code":"MEA-TOU-9184039","pipe_in_dimention4":0,"pump1_volume":1,"hpl_areap1":"G:\\BMA\\VDO_DRONE\\SUMP\\BNS015_A1.jpg","surveillant_name":"-","hpl_areap3":"G:\\BMA\\VDO_DRONE\\SUMP\\BNS015_A3.jpg","district_id":"1030","hpl_areap2":"G:\\BMA\\VDO_DRONE\\SUMP\\BNS015_A2.jpg","hpl_areap5":"G:\\BMA\\VDO_DRONE\\SUMP\\BNS015_A5.jpg","hpl_areap4":"G:\\BMA\\VDO_DRONE\\SUMP\\BNS015_A4.jpg","objectid":303,"pump_amount":"3"}},{"geometry":{"type":"Point","coordinates":[100.5620579150439,13.847639064068094],"crs":null},"id":303,"type":"Feature","properties":{"utm_x":668817.0365,"pump3_catagory":"-","year":"2564","accessibility":"ถนนวิภาวดีรังสิตที่จะเข้าถนนงามวงศ์วาน ตอนหน้าม.เกษตรฯ","pump5_type":"-","sump_type":"บ่อสูบน้ำ","utm_y":1531426.928,"area_p1_y":100.562006,"area_p1_x":13.847649,"area_p3_y":100.562006,"sump_length":4,"area_p3_x":13.847649,"hpl_mdb":"G:\\BMA\\VDO_DRONE\\SUMP\\BNS050_MD.jpg","home_pic":"","sump_depth":4,"pump2_volume":0,"pump4_volume":0,"meter":1000,"surveillant_mobile":"-","telephone":"-","mdb":630,"hpl_trans":"G:\\BMA\\VDO_DRONE\\SUMP\\BNS050_TR.jpg","volume":54.4,"subdistrict_id":"103001","hpl_home":"","sump_area":"กรุงเทพเหนือ","sump_width":3.4,"fd_prevent_code":"03","area_p3_pic":"BMA\\VDO_DRONE\\SUMP\\BNS050_A3.jpg","district_t":"จตุจักร","pump4_catagory":"-","sump_name":"บ่อสูบน้ำถนนงามวงศ์วานตอนหน้าม.เกษตรฯ","mea_tel":"0-2986-1111 , 0-2986-0000 , 0-2792-5211","area_p4_pic":"BMA\\VDO_DRONE\\SUMP\\BNS050_A4.jpg","transformer":300,"mea":"เขตบางเขน","trans_pic":"BMA\\VDO_DRONE\\SUMP\\BNS050_TR.jpg","pump2_type":"-","mdb_pic":"BMA\\VDO_DRONE\\SUMP\\BNS050_MD.jpg","area_p4_y":100.562006,"meter_pic":"BMA\\VDO_DRONE\\SUMP\\BNS050_ME.jpg","area_p2_x":13.847649,"sump_code":"BN.S.050","area_p4_x":13.847649,"amount5":"-","area_p2_y":100.562006,"amount4":"-","pump5_catagory":"-","hpl_meter":"G:\\BMA\\VDO_DRONE\\SUMP\\BNS050_ME.jpg","pump3_type":"-","amount3":"-","amount2":"-","area_p2_pic":"BMA\\VDO_DRONE\\SUMP\\BNS050_A2.jpg","gate_type":"8","amount1":"1","area_p5_pic":"BMA\\VDO_DRONE\\SUMP\\BNS050_A5.jpg","reflex_area":"กรุงเทพเหนือ","pipe_in_bed2":0,"pipe_in_bed3":0,"pipe_in_bed1":4,"home_type":"ไม่มี","date_survey":"17 กุมภาพันธ์ 2021","pipe_in_bed4":0,"pump1_type":"ซับเมิร์ส","pump5_volume":0,"owner":"จตุจักร","pump4_type":"-","area_p1_pic":"BMA\\VDO_DRONE\\SUMP\\BNS050_A1.jpg","pump3_volume":0,"pump1_catagory":"ไฟฟ้า","objectid_1":303,"pump2_catagory":"-","sump_bed":"4","pipe_in_dimention1":1.2,"pipe_in_dimention2":0,"pipe_in_dimention3":0,"meter_code":"MEA-TOU-9304839","pipe_in_dimention4":0,"pump1_volume":1,"hpl_areap1":"G:\\BMA\\VDO_DRONE\\SUMP\\BNS050_A1.jpg","surveillant_name":"-","hpl_areap3":"G:\\BMA\\VDO_DRONE\\SUMP\\BNS050_A3.jpg","district_id":"1030","hpl_areap2":"G:\\BMA\\VDO_DRONE\\SUMP\\BNS050_A2.jpg","hpl_areap5":"G:\\BMA\\VDO_DRONE\\SUMP\\BNS050_A5.jpg","hpl_areap4":"G:\\BMA\\VDO_DRONE\\SUMP\\BNS050_A4.jpg","objectid":304,"pump_amount":"1"}},{"geometry":{"type":"Point","coordinates":[100.54375493365653,13.848982328162531],"crs":null},"id":304,"type":"Feature","properties":{"utm_x":666837.5817,"pump3_catagory":"-","year":"2564","accessibility":"หน้าซอยเทศบาลรังสรรค์เหนือ14 ข้างคลอง หน้ารร.เพชรรัชต์","pump5_type":"-","sump_type":"บ่อสูบน้ำ","utm_y":1531562.695,"area_p1_y":100.544019,"area_p1_x":13.848932,"area_p3_y":100.544019,"sump_length":7.4,"area_p3_x":13.848932,"hpl_mdb":"G:\\BMA\\VDO_DRONE\\SUMP\\BNS012_MD.jpg","home_pic":"BMA\\VDO_DRONE\\SUMP\\BNS012_HO.jpg","sump_depth":3.65,"pump2_volume":1,"pump4_volume":0,"meter":400,"surveillant_mobile":"-","telephone":"-","mdb":400,"hpl_trans":"G:\\BMA\\VDO_DRONE\\SUMP\\BNS012_TR.jpg","volume":81.03,"subdistrict_id":"103001","hpl_home":"G:\\BMA\\VDO_DRONE\\SUMP\\BNS012_HO.jpg","sump_area":"กรุงเทพเหนือ","sump_width":3,"fd_prevent_code":"03","area_p3_pic":"BMA\\VDO_DRONE\\SUMP\\BNS012_A3.jpg","district_t":"จตุจักร","pump4_catagory":"-","sump_name":"บ่อสูบน้ำถนนเทศบาลรังสรรเหนือ ตอนลงคลองบางเขน(เพชรรัชต์)","mea_tel":"0-2902-5211 , 0-2580-7480 , 0-2588-4521","area_p4_pic":"BMA\\VDO_DRONE\\SUMP\\BNS012_A4.jpg","transformer":500,"mea":"เขตนนทบุรี","trans_pic":"BMA\\VDO_DRONE\\SUMP\\BNS012_TR.jpg","pump2_type":"ซับเมิร์ส","mdb_pic":"BMA\\VDO_DRONE\\SUMP\\BNS012_MD.jpg","area_p4_y":100.544019,"meter_pic":"BMA\\VDO_DRONE\\SUMP\\BNS012_ME.jpg","area_p2_x":13.848932,"sump_code":"BN.S.012","area_p4_x":13.848932,"amount5":"-","area_p2_y":100.544019,"amount4":"-","pump5_catagory":"-","hpl_meter":"G:\\BMA\\VDO_DRONE\\SUMP\\BNS012_ME.jpg","pump3_type":"-","amount3":"-","amount2":"1","area_p2_pic":"BMA\\VDO_DRONE\\SUMP\\BNS012_A2.jpg","gate_type":"8","amount1":"1","area_p5_pic":"","reflex_area":"กรุงเทพเหนือ","pipe_in_bed2":0,"pipe_in_bed3":0,"pipe_in_bed1":2.9,"home_type":"ตู้คอนเทนเนอร์","date_survey":"12 กุมภาพันธ์ 2021","pipe_in_bed4":0,"pump1_type":"ซับเมิร์ส","pump5_volume":0,"owner":"จตุจักร","pump4_type":"-","area_p1_pic":"BMA\\VDO_DRONE\\SUMP\\BNS012_A1.jpg","pump3_volume":0,"pump1_catagory":"ไฟฟ้า","objectid_1":304,"pump2_catagory":"ไฟฟ้า","sump_bed":"3.65","pipe_in_dimention1":1.2,"pipe_in_dimention2":0,"pipe_in_dimention3":0,"meter_code":"MEA-TOU-9065449","pipe_in_dimention4":0,"pump1_volume":0.5,"hpl_areap1":"G:\\BMA\\VDO_DRONE\\SUMP\\BNS012_A1.jpg","surveillant_name":"-","hpl_areap3":"G:\\BMA\\VDO_DRONE\\SUMP\\BNS012_A3.jpg","district_id":"1030","hpl_areap2":"G:\\BMA\\VDO_DRONE\\SUMP\\BNS012_A2.jpg","hpl_areap5":"","hpl_areap4":"G:\\BMA\\VDO_DRONE\\SUMP\\BNS012_A4.jpg","objectid":305,"pump_amount":"2"}},{"geometry":{"type":"Point","coordinates":[100.55200899966182,13.852932996592338],"crs":null},"id":305,"type":"Feature","properties":{"utm_x":667726.979,"pump3_catagory":"-","year":"2564","accessibility":"ถนนงามวงศ์วาน หน้าซอยงามวงศ์วาน49","pump5_type":"-","sump_type":"บ่อสูบน้ำ","utm_y":1532005.528,"area_p1_y":100.551946,"area_p1_x":13.852848,"area_p3_y":100.551946,"sump_length":8.1,"area_p3_x":13.852848,"hpl_mdb":"G:\\BMA\\VDO_DRONE\\SUMP\\BNS014_MD.jpg","home_pic":"BMA\\VDO_DRONE\\SUMP\\BNS014_HO.jpg","sump_depth":4.1,"pump2_volume":1,"pump4_volume":0,"meter":400,"surveillant_mobile":"-","telephone":"-","mdb":500,"hpl_trans":"G:\\BMA\\VDO_DRONE\\SUMP\\BNS014_TR.jpg","volume":116.24,"subdistrict_id":"104101","hpl_home":"G:\\BMA\\VDO_DRONE\\SUMP\\BNS014_HO.jpg","sump_area":"กรุงเทพเหนือ","sump_width":3.5,"fd_prevent_code":"02","area_p3_pic":"BMA\\VDO_DRONE\\SUMP\\BNS014_A3.jpg","district_t":"หลักสี่","pump4_catagory":"-","sump_name":"บ่อสูบน้ำถนนงามวงศ์วาน ลงคลองบางเขน (ปากซอยชินเขต 2)","mea_tel":"0-2986-1111 , 0-2986-0000 , 0-2792-5211","area_p4_pic":"BMA\\VDO_DRONE\\SUMP\\BNS014_A4.jpg","transformer":300,"mea":"เขตบางเขน","trans_pic":"BMA\\VDO_DRONE\\SUMP\\BNS014_TR.jpg","pump2_type":"ซับเมิร์ส","mdb_pic":"BMA\\VDO_DRONE\\SUMP\\BNS014_MD.jpg","area_p4_y":100.551946,"meter_pic":"BMA\\VDO_DRONE\\SUMP\\BNS014_ME.jpg","area_p2_x":13.852848,"sump_code":"BN.S.014","area_p4_x":13.852848,"amount5":"-","area_p2_y":100.551946,"amount4":"-","pump5_catagory":"-","hpl_meter":"G:\\BMA\\VDO_DRONE\\SUMP\\BNS014_ME.jpg","pump3_type":"-","amount3":"-","amount2":"2","area_p2_pic":"BMA\\VDO_DRONE\\SUMP\\BNS014_A2.jpg","gate_type":"8","amount1":"1","area_p5_pic":"BMA\\VDO_DRONE\\SUMP\\BNS014_A5.jpg","reflex_area":"กรุงเทพเหนือ","pipe_in_bed2":0,"pipe_in_bed3":0,"pipe_in_bed1":3.1,"home_type":"ตู้คอนเทนเนอร์","date_survey":"12 กุมภาพันธ์ 2021","pipe_in_bed4":0,"pump1_type":"ซับเมิร์ส","pump5_volume":0,"owner":"หลักสี่","pump4_type":"-","area_p1_pic":"BMA\\VDO_DRONE\\SUMP\\BNS014_A1.jpg","pump3_volume":0,"pump1_catagory":"ไฟฟ้า","objectid_1":305,"pump2_catagory":"ไฟฟ้า","sump_bed":"4.1","pipe_in_dimention1":1.2,"pipe_in_dimention2":0,"pipe_in_dimention3":0,"meter_code":"MEA-TOU-9152395","pipe_in_dimention4":0,"pump1_volume":0.5,"hpl_areap1":"G:\\BMA\\VDO_DRONE\\SUMP\\BNS014_A1.jpg","surveillant_name":"-","hpl_areap3":"G:\\BMA\\VDO_DRONE\\SUMP\\BNS014_A3.jpg","district_id":"1041","hpl_areap2":"G:\\BMA\\VDO_DRONE\\SUMP\\BNS014_A2.jpg","hpl_areap5":"G:\\BMA\\VDO_DRONE\\SUMP\\BNS014_A5.jpg","hpl_areap4":"G:\\BMA\\VDO_DRONE\\SUMP\\BNS014_A4.jpg","objectid":306,"pump_amount":"3"}},{"geometry":{"type":"Point","coordinates":[100.54553458362065,13.855966385776137],"crs":null},"id":306,"type":"Feature","properties":{"utm_x":667024.9634,"pump3_catagory":"-","year":"2564","accessibility":"หน้าซอยงามวงศ์วาน26 ริมคลองประปา","pump5_type":"-","sump_type":"บ่อสูบน้ำ","utm_y":1532336.58,"area_p1_y":100.545224,"area_p1_x":13.855904,"area_p3_y":100.545563,"sump_length":3.6,"area_p3_x":13.856009,"hpl_mdb":"G:\\BMA\\VDO_DRONE\\SUMP\\BNS096_MD.jpg","home_pic":"BMA\\VDO_DRONE\\SUMP\\BNS096_HO.jpg","sump_depth":4,"pump2_volume":1,"pump4_volume":0,"meter":0,"surveillant_mobile":"-","telephone":"-","mdb":0,"hpl_trans":"G:\\BMA\\VDO_DRONE\\SUMP\\BNS096_TR.jpg","volume":99.36,"subdistrict_id":"104101","hpl_home":"G:\\BMA\\VDO_DRONE\\SUMP\\BNS096_HO.jpg","sump_area":"กรุงเทพเหนือ","sump_width":6.9,"fd_prevent_code":"02","area_p3_pic":"BMA\\VDO_DRONE\\SUMP\\BNS096_A3.jpg","district_t":"หลักสี่","pump4_catagory":"-","sump_name":"บ่อสูบน้ำพงษ์เพชร (บ่อใหม่)","mea_tel":"0-2902-5211 , 0-2580-7480 , 0-2588-4521","area_p4_pic":"BMA\\VDO_DRONE\\SUMP\\BNS096_A4.jpg","transformer":0,"mea":"เขตนนทบุรี","trans_pic":"BMA\\VDO_DRONE\\SUMP\\BNS096_TR.jpg","pump2_type":"ซับเมิร์ส","mdb_pic":"BMA\\VDO_DRONE\\SUMP\\BNS096_MD.jpg","area_p4_y":100.545563,"meter_pic":"BMA\\VDO_DRONE\\SUMP\\BNS096_ME.jpg","area_p2_x":13.856009,"sump_code":"BN.S.096","area_p4_x":13.856009,"amount5":"-","area_p2_y":100.545563,"amount4":"-","pump5_catagory":"-","hpl_meter":"G:\\BMA\\VDO_DRONE\\SUMP\\BNS096_ME.jpg","pump3_type":"-","amount3":"-","amount2":"2","area_p2_pic":"BMA\\VDO_DRONE\\SUMP\\BNS096_A2.jpg","gate_type":"8","amount1":"2","area_p5_pic":"BMA\\VDO_DRONE\\SUMP\\BNS096_A5.jpg","reflex_area":"กรุงเทพเหนือ","pipe_in_bed2":0,"pipe_in_bed3":0,"pipe_in_bed1":4,"home_type":"ตู้คอนเทนเนอร์","date_survey":"5 มิถุนายน 2021","pipe_in_bed4":0,"pump1_type":"ซับเมิร์ส","pump5_volume":0,"owner":"หลักสี่","pump4_type":"-","area_p1_pic":"BMA\\VDO_DRONE\\SUMP\\BNS096_A1.jpg","pump3_volume":0,"pump1_catagory":"ไฟฟ้า","objectid_1":306,"pump2_catagory":"ไฟฟ้า","sump_bed":"4","pipe_in_dimention1":1.2,"pipe_in_dimention2":0,"pipe_in_dimention3":0,"meter_code":"-","pipe_in_dimention4":0,"pump1_volume":0.5,"hpl_areap1":"G:\\BMA\\VDO_DRONE\\SUMP\\BNS096_A1.jpg","surveillant_name":"-","hpl_areap3":"G:\\BMA\\VDO_DRONE\\SUMP\\BNS096_A3.jpg","district_id":"1041","hpl_areap2":"G:\\BMA\\VDO_DRONE\\SUMP\\BNS096_A2.jpg","hpl_areap5":"G:\\BMA\\VDO_DRONE\\SUMP\\BNS096_A5.jpg","hpl_areap4":"G:\\BMA\\VDO_DRONE\\SUMP\\BNS096_A4.jpg","objectid":307,"pump_amount":"4"}},{"geometry":{"type":"Point","coordinates":[100.58655466072146,13.858011481166692],"crs":null},"id":307,"type":"Feature","properties":{"utm_x":671457.4738,"pump3_catagory":"-","year":"2564","accessibility":"ถนนพหลโยธิน ตอนคลองบางบัวฝั่งม.ศรีปทุม","pump5_type":"-","sump_type":"บ่อสูบน้ำ","utm_y":1532591.863,"area_p1_y":100.586092,"area_p1_x":13.857378,"area_p3_y":100.586092,"sump_length":4.3,"area_p3_x":13.857378,"hpl_mdb":"G:\\BMA\\VDO_DRONE\\SUMP\\BNS029_MD.jpg","home_pic":"BMA\\VDO_DRONE\\SUMP\\BNS029_HO.jpg","sump_depth":3.3,"pump2_volume":1,"pump4_volume":0,"meter":200,"surveillant_mobile":"-","telephone":"-","mdb":500,"hpl_trans":"","volume":49.67,"subdistrict_id":"103001","hpl_home":"G:\\BMA\\VDO_DRONE\\SUMP\\BNS029_HO.jpg","sump_area":"กรุงเทพเหนือ","sump_width":3.5,"fd_prevent_code":"03","area_p3_pic":"BMA\\VDO_DRONE\\SUMP\\BNS029_A3.jpg","district_t":"จตุจักร","pump4_catagory":"-","sump_name":"บ่อสูบน้ำถนนพหลโยธิน ตอนคลองบางบัว ฝั่งตะวันออก","mea_tel":"0-2986-1111 , 0-2986-0000 , 0-2792-5211","area_p4_pic":"BMA\\VDO_DRONE\\SUMP\\BNS029_A4.jpg","transformer":0,"mea":"เขตบางเขน","trans_pic":"","pump2_type":"ซับเมิร์ส","mdb_pic":"BMA\\VDO_DRONE\\SUMP\\BNS029_MD.jpg","area_p4_y":100.586092,"meter_pic":"BMA\\VDO_DRONE\\SUMP\\BNS029_ME.jpg","area_p2_x":13.857378,"sump_code":"BN.S.029","area_p4_x":13.857378,"amount5":"-","area_p2_y":100.586092,"amount4":"-","pump5_catagory":"-","hpl_meter":"G:\\BMA\\VDO_DRONE\\SUMP\\BNS029_ME.jpg","pump3_type":"-","amount3":"-","amount2":"2","area_p2_pic":"BMA\\VDO_DRONE\\SUMP\\BNS029_A2.jpg","gate_type":"8","amount1":"1","area_p5_pic":"BMA\\VDO_DRONE\\SUMP\\BNS029_A5.jpg","reflex_area":"กรุงเทพเหนือ","pipe_in_bed2":0,"pipe_in_bed3":0,"pipe_in_bed1":2.4,"home_type":"บ้านพัก","date_survey":"16 กุมภาพันธ์ 2021","pipe_in_bed4":0,"pump1_type":"หอยโข่ง","pump5_volume":0,"owner":"จตุจักร","pump4_type":"-","area_p1_pic":"BMA\\VDO_DRONE\\SUMP\\BNS029_A1.jpg","pump3_volume":0,"pump1_catagory":"ไฟฟ้า","objectid_1":307,"pump2_catagory":"ไฟฟ้า","sump_bed":"3.3","pipe_in_dimention1":1.2,"pipe_in_dimention2":0,"pipe_in_dimention3":0,"meter_code":"MEA-TOU-052399","pipe_in_dimention4":0,"pump1_volume":0.4,"hpl_areap1":"G:\\BMA\\VDO_DRONE\\SUMP\\BNS029_A1.jpg","surveillant_name":"-","hpl_areap3":"G:\\BMA\\VDO_DRONE\\SUMP\\BNS029_A3.jpg","district_id":"1030","hpl_areap2":"G:\\BMA\\VDO_DRONE\\SUMP\\BNS029_A2.jpg","hpl_areap5":"G:\\BMA\\VDO_DRONE\\SUMP\\BNS029_A5.jpg","hpl_areap4":"G:\\BMA\\VDO_DRONE\\SUMP\\BNS029_A4.jpg","objectid":308,"pump_amount":"3"}},{"geometry":{"type":"Point","coordinates":[100.58641513222265,13.858431370924793],"crs":null},"id":308,"type":"Feature","properties":{"utm_x":671442.0835,"pump3_catagory":"-","year":"2564","accessibility":"ถนนพหลโยธิน ตอนคลองบางบัว ฝั่งตรงข้ามม.ศรีปทุม","pump5_type":"-","sump_type":"บ่อสูบน้ำ","utm_y":1532638.216,"area_p1_y":100.585851,"area_p1_x":13.857746,"area_p3_y":100.585851,"sump_length":7,"area_p3_x":13.857746,"hpl_mdb":"G:\\BMA\\VDO_DRONE\\SUMP\\BNS030_MD.jpg","home_pic":"","sump_depth":3,"pump2_volume":1,"pump4_volume":0,"meter":200,"surveillant_mobile":"-","telephone":"-","mdb":320,"hpl_trans":"G:\\BMA\\VDO_DRONE\\SUMP\\BNS030_TR.jpg","volume":73.5,"subdistrict_id":"103001","hpl_home":"","sump_area":"กรุงเทพเหนือ","sump_width":3.5,"fd_prevent_code":"03","area_p3_pic":"BMA\\VDO_DRONE\\SUMP\\BNS030_A3.jpg","district_t":"จตุจักร","pump4_catagory":"-","sump_name":"บ่อสูบน้ำถนนพหลโยธิน ตอนคลองบางบัว ฝั่งตะวันตก","mea_tel":"0-2986-1111 , 0-2986-0000 , 0-2792-5211","area_p4_pic":"BMA\\VDO_DRONE\\SUMP\\BNS030_A4.jpg","transformer":500,"mea":"เขตบางเขน","trans_pic":"BMA\\VDO_DRONE\\SUMP\\BNS030_TR.jpg","pump2_type":"ซับเมิร์ส","mdb_pic":"BMA\\VDO_DRONE\\SUMP\\BNS030_MD.jpg","area_p4_y":100.585851,"meter_pic":"BMA\\VDO_DRONE\\SUMP\\BNS030_ME.jpg","area_p2_x":13.857746,"sump_code":"BN.S.030","area_p4_x":13.857746,"amount5":"-","area_p2_y":100.585851,"amount4":"-","pump5_catagory":"-","hpl_meter":"G:\\BMA\\VDO_DRONE\\SUMP\\BNS030_ME.jpg","pump3_type":"-","amount3":"-","amount2":"2","area_p2_pic":"BMA\\VDO_DRONE\\SUMP\\BNS030_A2.jpg","gate_type":"8","amount1":"1","area_p5_pic":"BMA\\VDO_DRONE\\SUMP\\BNS030_A5.jpg","reflex_area":"กรุงเทพเหนือ","pipe_in_bed2":0,"pipe_in_bed3":0,"pipe_in_bed1":2.4,"home_type":"ไม่มี","date_survey":"16 กุมภาพันธ์ 2021","pipe_in_bed4":0,"pump1_type":"หอยโข่ง","pump5_volume":0,"owner":"จตุจักร","pump4_type":"-","area_p1_pic":"BMA\\VDO_DRONE\\SUMP\\BNS030_A1.jpg","pump3_volume":0,"pump1_catagory":"ไฟฟ้า","objectid_1":308,"pump2_catagory":"ไฟฟ้า","sump_bed":"3","pipe_in_dimention1":1.2,"pipe_in_dimention2":0,"pipe_in_dimention3":0,"meter_code":"MEA-TOU-033895","pipe_in_dimention4":0,"pump1_volume":0.4,"hpl_areap1":"G:\\BMA\\VDO_DRONE\\SUMP\\BNS030_A1.jpg","surveillant_name":"-","hpl_areap3":"G:\\BMA\\VDO_DRONE\\SUMP\\BNS030_A3.jpg","district_id":"1030","hpl_areap2":"G:\\BMA\\VDO_DRONE\\SUMP\\BNS030_A2.jpg","hpl_areap5":"G:\\BMA\\VDO_DRONE\\SUMP\\BNS030_A5.jpg","hpl_areap4":"G:\\BMA\\VDO_DRONE\\SUMP\\BNS030_A4.jpg","objectid":309,"pump_amount":"3"}},{"geometry":{"type":"Point","coordinates":[100.56090101799147,13.860425605351567],"crs":null},"id":309,"type":"Feature","properties":{"utm_x":668682.749,"pump3_catagory":"-","year":"2564","accessibility":"ซอยงามวงศ์วาน47แยก10(ซอยชินเขต1) สุดซอยตอนลงคลองลาดโตนด","pump5_type":"-","sump_type":"บ่อสูบน้ำ","utm_y":1532840.691,"area_p1_y":100.560786,"area_p1_x":13.86056,"area_p3_y":100.560786,"sump_length":11,"area_p3_x":13.86056,"hpl_mdb":"G:\\BMA\\VDO_DRONE\\SUMP\\BNS013_MD.jpg","home_pic":"BMA\\VDO_DRONE\\SUMP\\BNS013_HO.jpg","sump_depth":5,"pump2_volume":1,"pump4_volume":0,"meter":400,"surveillant_mobile":"-","telephone":"-","mdb":500,"hpl_trans":"G:\\BMA\\VDO_DRONE\\SUMP\\BNS013_TR.jpg","volume":385,"subdistrict_id":"104101","hpl_home":"G:\\BMA\\VDO_DRONE\\SUMP\\BNS013_HO.jpg","sump_area":"กรุงเทพเหนือ","sump_width":7,"fd_prevent_code":"02","area_p3_pic":"BMA\\VDO_DRONE\\SUMP\\BNS013_A3.jpg","district_t":"หลักสี่","pump4_catagory":"-","sump_name":"บ่อสูบน้ำน้ำซอยชินเขต 2 ตอนลงคลองลาดโตนด","mea_tel":"0-2902-5211 , 0-2580-7480 , 0-2588-4521","area_p4_pic":"BMA\\VDO_DRONE\\SUMP\\BNS013_A4.jpg","transformer":300,"mea":"เขตนนทบุรี","trans_pic":"BMA\\VDO_DRONE\\SUMP\\BNS013_TR.jpg","pump2_type":"ซับเมิร์ส","mdb_pic":"BMA\\VDO_DRONE\\SUMP\\BNS013_MD.jpg","area_p4_y":100.560786,"meter_pic":"BMA\\VDO_DRONE\\SUMP\\BNS013_ME.jpg","area_p2_x":13.86056,"sump_code":"BN.S.013","area_p4_x":13.86056,"amount5":"-","area_p2_y":100.560786,"amount4":"-","pump5_catagory":"-","hpl_meter":"G:\\BMA\\VDO_DRONE\\SUMP\\BNS013_ME.jpg","pump3_type":"-","amount3":"-","amount2":"3","area_p2_pic":"BMA\\VDO_DRONE\\SUMP\\BNS013_A2.jpg","gate_type":"8","amount1":"1","area_p5_pic":"BMA\\VDO_DRONE\\SUMP\\BNS013_A5.jpg","reflex_area":"กรุงเทพเหนือ","pipe_in_bed2":0,"pipe_in_bed3":0,"pipe_in_bed1":3.3,"home_type":"ตู้คอนเทนเนอร์","date_survey":"12 กุมภาพันธ์ 2021","pipe_in_bed4":0,"pump1_type":"ซับเมิร์ส","pump5_volume":0,"owner":"หลักสี่","pump4_type":"-","area_p1_pic":"BMA\\VDO_DRONE\\SUMP\\BNS013_A1.jpg","pump3_volume":0,"pump1_catagory":"ไฟฟ้า","objectid_1":309,"pump2_catagory":"ไฟฟ้า","sump_bed":"5","pipe_in_dimention1":1.5,"pipe_in_dimention2":0,"pipe_in_dimention3":0,"meter_code":"MEA-TOU-9152393","pipe_in_dimention4":0,"pump1_volume":5,"hpl_areap1":"G:\\BMA\\VDO_DRONE\\SUMP\\BNS013_A1.jpg","surveillant_name":"-","hpl_areap3":"G:\\BMA\\VDO_DRONE\\SUMP\\BNS013_A3.jpg","district_id":"1041","hpl_areap2":"G:\\BMA\\VDO_DRONE\\SUMP\\BNS013_A2.jpg","hpl_areap5":"G:\\BMA\\VDO_DRONE\\SUMP\\BNS013_A5.jpg","hpl_areap4":"G:\\BMA\\VDO_DRONE\\SUMP\\BNS013_A4.jpg","objectid":310,"pump_amount":"4"}},{"geometry":{"type":"Point","coordinates":[100.55864416799812,13.875095918426393],"crs":null},"id":310,"type":"Feature","properties":{"utm_x":668428.2183,"pump3_catagory":"-","year":"2564","accessibility":"ซอย ประชาชื่น 12 แยก 1-2-15 (ถนนท่าทราย) สุดซอย","pump5_type":"-","sump_type":"บ่อสูบน้ำ","utm_y":1534462.081,"area_p1_y":100.55867,"area_p1_x":13.875064,"area_p3_y":100.55867,"sump_length":8,"area_p3_x":13.875064,"hpl_mdb":"G:\\BMA\\VDO_DRONE\\SUMP\\BNS025_MD.jpg","home_pic":"BMA\\VDO_DRONE\\SUMP\\BNS025_HO.jpg","sump_depth":5,"pump2_volume":1,"pump4_volume":0,"meter":1000,"surveillant_mobile":"-","telephone":"-","mdb":320,"hpl_trans":"G:\\BMA\\VDO_DRONE\\SUMP\\BNS025_TR.jpg","volume":80,"subdistrict_id":"104101","hpl_home":"G:\\BMA\\VDO_DRONE\\SUMP\\BNS025_HO.jpg","sump_area":"กรุงเทพเหนือ","sump_width":2,"fd_prevent_code":"02","area_p3_pic":"BMA\\VDO_DRONE\\SUMP\\BNS025_A3.jpg","district_t":"หลักสี่","pump4_catagory":"-","sump_name":"บ่อสูบน้ำท่าทราย","mea_tel":"0-2902-5211 , 0-2580-7480 , 0-2588-4521","area_p4_pic":"BMA\\VDO_DRONE\\SUMP\\BNS025_A4.jpg","transformer":500,"mea":"เขตนนทบุรี","trans_pic":"BMA\\VDO_DRONE\\SUMP\\BNS025_TR.jpg","pump2_type":"ซับเมิร์ส","mdb_pic":"BMA\\VDO_DRONE\\SUMP\\BNS025_MD.jpg","area_p4_y":100.55867,"meter_pic":"BMA\\VDO_DRONE\\SUMP\\BNS025_ME.jpg","area_p2_x":13.875064,"sump_code":"BN.S.025","area_p4_x":13.875064,"amount5":"-","area_p2_y":100.55867,"amount4":"-","pump5_catagory":"-","hpl_meter":"G:\\BMA\\VDO_DRONE\\SUMP\\BNS025_ME.jpg","pump3_type":"-","amount3":"-","amount2":"2","area_p2_pic":"BMA\\VDO_DRONE\\SUMP\\BNS025_A2.jpg","gate_type":"4","amount1":"1","area_p5_pic":"BMA\\VDO_DRONE\\SUMP\\BNS025_A5.jpg","reflex_area":"กรุงเทพเหนือ","pipe_in_bed2":0,"pipe_in_bed3":0,"pipe_in_bed1":2.6,"home_type":"บ้านพัก","date_survey":"16 กุมภาพันธ์ 2021","pipe_in_bed4":0,"pump1_type":"ซับเมิร์ส","pump5_volume":0,"owner":"หลักสี่","pump4_type":"-","area_p1_pic":"BMA\\VDO_DRONE\\SUMP\\BNS025_A1.jpg","pump3_volume":0,"pump1_catagory":"ไฟฟ้า","objectid_1":310,"pump2_catagory":"ไฟฟ้า","sump_bed":"5","pipe_in_dimention1":1.2,"pipe_in_dimention2":0,"pipe_in_dimention3":0,"meter_code":"MEA-TOU-9102432","pipe_in_dimention4":0,"pump1_volume":0.5,"hpl_areap1":"G:\\BMA\\VDO_DRONE\\SUMP\\BNS025_A1.jpg","surveillant_name":"-","hpl_areap3":"G:\\BMA\\VDO_DRONE\\SUMP\\BNS025_A3.jpg","district_id":"1041","hpl_areap2":"G:\\BMA\\VDO_DRONE\\SUMP\\BNS025_A2.jpg","hpl_areap5":"G:\\BMA\\VDO_DRONE\\SUMP\\BNS025_A5.jpg","hpl_areap4":"G:\\BMA\\VDO_DRONE\\SUMP\\BNS025_A4.jpg","objectid":311,"pump_amount":"3"}},{"geometry":{"type":"Point","coordinates":[100.57655208788991,13.879602868017702],"crs":null},"id":311,"type":"Feature","properties":{"utm_x":670360.5024,"pump3_catagory":"ไฟฟ้า","year":"2564","accessibility":"ถนนแจ้งวัฒนะซอย 5 ติดคลองเปรมประชา ใกล้ประตูเข้าไปรษณีย์","pump5_type":"-","sump_type":"บ่อสูบน้ำ","utm_y":1534973.393,"area_p1_y":100.576838,"area_p1_x":13.879326,"area_p3_y":100.576838,"sump_length":11,"area_p3_x":13.879326,"hpl_mdb":"G:\\BMA\\VDO_DRONE\\SUMP\\BNS016_MD.jpg","home_pic":"BMA\\VDO_DRONE\\SUMP\\BNS016_HO.jpg","sump_depth":3.4,"pump2_volume":1,"pump4_volume":0,"meter":690,"surveillant_mobile":"-","telephone":"-","mdb":630,"hpl_trans":"G:\\BMA\\VDO_DRONE\\SUMP\\BNS016_TR.jpg","volume":250.58,"subdistrict_id":"104101","hpl_home":"G:\\BMA\\VDO_DRONE\\SUMP\\BNS016_HO.jpg","sump_area":"กรุงเทพเหนือ","sump_width":6.7,"fd_prevent_code":"02","area_p3_pic":"BMA\\VDO_DRONE\\SUMP\\BNS016_A3.jpg","district_t":"หลักสี่","pump4_catagory":"-","sump_name":"บ่อสูบน้ำแจ้งวัฒนะซอย 5","mea_tel":"0-2902-5211 , 0-2580-7480 , 0-2588-4521","area_p4_pic":"BMA\\VDO_DRONE\\SUMP\\BNS016_A4.jpg","transformer":500,"mea":"เขตนนทบุรี","trans_pic":"BMA\\VDO_DRONE\\SUMP\\BNS016_TR.jpg","pump2_type":"ซับเมิร์ส","mdb_pic":"BMA\\VDO_DRONE\\SUMP\\BNS016_MD.jpg","area_p4_y":100.576838,"meter_pic":"BMA\\VDO_DRONE\\SUMP\\BNS016_ME.jpg","area_p2_x":13.879326,"sump_code":"BN.S.016","area_p4_x":13.879326,"amount5":"-","area_p2_y":100.576838,"amount4":"-","pump5_catagory":"-","hpl_meter":"G:\\BMA\\VDO_DRONE\\SUMP\\BNS016_ME.jpg","pump3_type":"ซับเมิร์ส","amount3":"1","amount2":"2","area_p2_pic":"BMA\\VDO_DRONE\\SUMP\\BNS016_A2.jpg","gate_type":"8","amount1":"1","area_p5_pic":"BMA\\VDO_DRONE\\SUMP\\BNS016_A5.jpg","reflex_area":"กรุงเทพเหนือ","pipe_in_bed2":0,"pipe_in_bed3":0,"pipe_in_bed1":3.4,"home_type":"ตู้คอนเทนเนอร์","date_survey":"15 กุมภาพันธ์ 2021","pipe_in_bed4":0,"pump1_type":"ซับเมิร์ส","pump5_volume":0,"owner":"หลักสี่","pump4_type":"-","area_p1_pic":"BMA\\VDO_DRONE\\SUMP\\BNS016_A1.jpg","pump3_volume":2,"pump1_catagory":"ไฟฟ้า","objectid_1":311,"pump2_catagory":"ไฟฟ้า","sump_bed":"3.4","pipe_in_dimention1":1.5,"pipe_in_dimention2":0,"pipe_in_dimention3":0,"meter_code":"MEA-6798204","pipe_in_dimention4":0,"pump1_volume":0.5,"hpl_areap1":"G:\\BMA\\VDO_DRONE\\SUMP\\BNS016_A1.jpg","surveillant_name":"-","hpl_areap3":"G:\\BMA\\VDO_DRONE\\SUMP\\BNS016_A3.jpg","district_id":"1041","hpl_areap2":"G:\\BMA\\VDO_DRONE\\SUMP\\BNS016_A2.jpg","hpl_areap5":"G:\\BMA\\VDO_DRONE\\SUMP\\BNS016_A5.jpg","hpl_areap4":"G:\\BMA\\VDO_DRONE\\SUMP\\BNS016_A4.jpg","objectid":312,"pump_amount":"4"}},{"geometry":{"type":"Point","coordinates":[100.56501345721195,13.911995911860268],"crs":null},"id":316,"type":"Feature","properties":{"utm_x":669089.8591,"pump3_catagory":"-","year":"2564","accessibility":"ถนนแจ้งวัฒนะ14(ถนนพิงคนคร) ซอยตรงข้ามอู่ซ่อมมอไซต์ สุดซอย","pump5_type":"-","sump_type":"บ่อสูบน้ำ","utm_y":1538548.859,"area_p1_y":100.564948,"area_p1_x":13.9119,"area_p3_y":100.564948,"sump_length":12,"area_p3_x":13.9119,"hpl_mdb":"G:\\BMA\\VDO_DRONE\\SUMP\\BNS020_MD.jpg","home_pic":"BMA\\VDO_DRONE\\SUMP\\BNS020_HO.jpg","sump_depth":5,"pump2_volume":0,"pump4_volume":0,"meter":400,"surveillant_mobile":"-","telephone":"-","mdb":400,"hpl_trans":"G:\\BMA\\VDO_DRONE\\SUMP\\BNS020_TR.jpg","volume":270,"subdistrict_id":"103604","hpl_home":"G:\\BMA\\VDO_DRONE\\SUMP\\BNS020_HO.jpg","sump_area":"กรุงเทพเหนือ","sump_width":4.5,"fd_prevent_code":"02","area_p3_pic":"BMA\\VDO_DRONE\\SUMP\\BNS020_A3.jpg","district_t":"ดอนเมือง","pump4_catagory":"-","sump_name":"บ่อสูบน้ำคลองบางพูด 2 ตอนลงคลองตาอูฐ","mea_tel":"0-2986-1111 , 0-2986-0000 , 0-2792-5211","area_p4_pic":"BMA\\VDO_DRONE\\SUMP\\BNS020_A4.jpg","transformer":400,"mea":"เขตบางเขน","trans_pic":"BMA\\VDO_DRONE\\SUMP\\BNS020_TR.jpg","pump2_type":"-","mdb_pic":"BMA\\VDO_DRONE\\SUMP\\BNS020_MD.jpg","area_p4_y":100.564948,"meter_pic":"BMA\\VDO_DRONE\\SUMP\\BNS020_ME.jpg","area_p2_x":13.9119,"sump_code":"BN.S.020","area_p4_x":13.9119,"amount5":"-","area_p2_y":100.564948,"amount4":"-","pump5_catagory":"-","hpl_meter":"G:\\BMA\\VDO_DRONE\\SUMP\\BNS020_ME.jpg","pump3_type":"-","amount3":"-","amount2":"-","area_p2_pic":"BMA\\VDO_DRONE\\SUMP\\BNS020_A2.jpg","gate_type":"1","amount1":"-","area_p5_pic":"BMA\\VDO_DRONE\\SUMP\\BNS020_A5.jpg","reflex_area":"กรุงเทพเหนือ","pipe_in_bed2":0,"pipe_in_bed3":0,"pipe_in_bed1":5,"home_type":"ตู้คอนเทนเนอร์","date_survey":"15 กุมภาพันธ์ 2021","pipe_in_bed4":0,"pump1_type":"-","pump5_volume":0,"owner":"ดอนเมือง","pump4_type":"-","area_p1_pic":"BMA\\VDO_DRONE\\SUMP\\BNS020_A1.jpg","pump3_volume":0,"pump1_catagory":"-","objectid_1":316,"pump2_catagory":"-","sump_bed":"5","pipe_in_dimention1":1.5,"pipe_in_dimention2":0,"pipe_in_dimention3":0,"meter_code":"MEA-TOU-9157666","pipe_in_dimention4":0,"pump1_volume":0,"hpl_areap1":"G:\\BMA\\VDO_DRONE\\SUMP\\BNS020_A1.jpg","surveillant_name":"-","hpl_areap3":"G:\\BMA\\VDO_DRONE\\SUMP\\BNS020_A3.jpg","district_id":"1036","hpl_areap2":"G:\\BMA\\VDO_DRONE\\SUMP\\BNS020_A2.jpg","hpl_areap5":"G:\\BMA\\VDO_DRONE\\SUMP\\BNS020_A5.jpg","hpl_areap4":"G:\\BMA\\VDO_DRONE\\SUMP\\BNS020_A4.jpg","objectid":317,"pump_amount":"1"}},{"geometry":{"type":"Point","coordinates":[100.56264059195964,13.88166467878448],"crs":null},"id":312,"type":"Feature","properties":{"utm_x":668855.4149,"pump3_catagory":"ไฟฟ้า","year":"2564","accessibility":"หลังอาคารรัฐประศาสนภักดี (อาคาร B) ศูนย์ราชการฯแจ้งวัฒนะ","pump5_type":"-","sump_type":"บ่อสูบน้ำ","utm_y":1535191.609,"area_p1_y":100.562563,"area_p1_x":13.881696,"area_p3_y":100.562563,"sump_length":11.7,"area_p3_x":13.881696,"hpl_mdb":"G:\\BMA\\VDO_DRONE\\SUMP\\BNS017_MD.jpg","home_pic":"BMA\\VDO_DRONE\\SUMP\\BNS017_HO.jpg","sump_depth":2.1,"pump2_volume":1,"pump4_volume":0,"meter":0,"surveillant_mobile":"-","telephone":"-","mdb":1600,"hpl_trans":"G:\\BMA\\VDO_DRONE\\SUMP\\BNS017_TR.jpg","volume":90.91,"subdistrict_id":"104101","hpl_home":"G:\\BMA\\VDO_DRONE\\SUMP\\BNS017_HO.jpg","sump_area":"กรุงเทพเหนือ","sump_width":3.7,"fd_prevent_code":"02","area_p3_pic":"BMA\\VDO_DRONE\\SUMP\\BNS017_A3.jpg","district_t":"หลักสี่","pump4_catagory":"-","sump_name":"บ่อสูบน้ำแยกคลองบางตลาดตอนศูนย์ราชการแจ้งวัฒนะ","mea_tel":"-","area_p4_pic":"BMA\\VDO_DRONE\\SUMP\\BNS017_A4.jpg","transformer":1000,"mea":"-","trans_pic":"BMA\\VDO_DRONE\\SUMP\\BNS017_TR.jpg","pump2_type":"ซับเมิร์ส","mdb_pic":"BMA\\VDO_DRONE\\SUMP\\BNS017_MD.jpg","area_p4_y":100.562563,"meter_pic":"","area_p2_x":13.881696,"sump_code":"BN.S.017","area_p4_x":13.881696,"amount5":"-","area_p2_y":100.562563,"amount4":"-","pump5_catagory":"-","hpl_meter":"","pump3_type":"ซับเมิร์ส","amount3":"1","amount2":"4","area_p2_pic":"BMA\\VDO_DRONE\\SUMP\\BNS017_A2.jpg","gate_type":"8","amount1":"1","area_p5_pic":"BMA\\VDO_DRONE\\SUMP\\BNS017_A5.jpg","reflex_area":"กรุงเทพเหนือ","pipe_in_bed2":0,"pipe_in_bed3":0,"pipe_in_bed1":2.1,"home_type":"ตู้คอนเทนเนอร์","date_survey":"15 กุมภาพันธ์ 2021","pipe_in_bed4":0,"pump1_type":"หอยโข่ง","pump5_volume":0,"owner":"หลักสี่","pump4_type":"-","area_p1_pic":"BMA\\VDO_DRONE\\SUMP\\BNS017_A1.jpg","pump3_volume":1,"pump1_catagory":"ไฟฟ้า","objectid_1":312,"pump2_catagory":"ไฟฟ้า","sump_bed":"2.1","pipe_in_dimention1":1.5,"pipe_in_dimention2":0,"pipe_in_dimention3":0,"meter_code":"-","pipe_in_dimention4":0,"pump1_volume":0.3,"hpl_areap1":"G:\\BMA\\VDO_DRONE\\SUMP\\BNS017_A1.jpg","surveillant_name":"-","hpl_areap3":"G:\\BMA\\VDO_DRONE\\SUMP\\BNS017_A3.jpg","district_id":"1041","hpl_areap2":"G:\\BMA\\VDO_DRONE\\SUMP\\BNS017_A2.jpg","hpl_areap5":"G:\\BMA\\VDO_DRONE\\SUMP\\BNS017_A5.jpg","hpl_areap4":"G:\\BMA\\VDO_DRONE\\SUMP\\BNS017_A4.jpg","objectid":313,"pump_amount":"6"}},{"geometry":{"type":"Point","coordinates":[100.59724969131798,13.886131046216292],"crs":null},"id":313,"type":"Feature","properties":{"utm_x":672592.7437,"pump3_catagory":"ไฟฟ้า","year":"2564","accessibility":"พหลโยธิน63 แยก2-1 คลองรางอ้อรางแก้ว","pump5_type":"-","sump_type":"บ่อสูบน้ำ","utm_y":1535710.487,"area_p1_y":100.597614,"area_p1_x":13.886116,"area_p3_y":100.597614,"sump_length":27,"area_p3_x":13.886116,"hpl_mdb":"G:\\BMA\\VDO_DRONE\\SUMP\\BNS026_MD.jpg","home_pic":"BMA\\VDO_DRONE\\SUMP\\BNS026_HO.jpg","sump_depth":4,"pump2_volume":0.5,"pump4_volume":2,"meter":1000,"surveillant_mobile":"-","telephone":"-","mdb":1000,"hpl_trans":"G:\\BMA\\VDO_DRONE\\SUMP\\BNS026_TR.jpg","volume":432,"subdistrict_id":"100502","hpl_home":"G:\\BMA\\VDO_DRONE\\SUMP\\BNS026_HO.jpg","sump_area":"กรุงเทพเหนือ","sump_width":4,"fd_prevent_code":"02","area_p3_pic":"BMA\\VDO_DRONE\\SUMP\\BNS026_A3.jpg","district_t":"บางเขน","pump4_catagory":"ไฟฟ้า","sump_name":"บ่อสูบน้ำพหลโยธิน 63 คลองรางอ้อรางแก้ว","mea_tel":"0-2986-1111 , 0-2986-0000 , 0-2792-5211","area_p4_pic":"BMA\\VDO_DRONE\\SUMP\\BNS026_A4.jpg","transformer":500,"mea":"เขตบางเขน","trans_pic":"BMA\\VDO_DRONE\\SUMP\\BNS026_TR.jpg","pump2_type":"ซับเมิร์ส","mdb_pic":"BMA\\VDO_DRONE\\SUMP\\BNS026_MD.jpg","area_p4_y":100.597614,"meter_pic":"BMA\\VDO_DRONE\\SUMP\\BNS026_ME.jpg","area_p2_x":13.886116,"sump_code":"BN.S.026","area_p4_x":13.886116,"amount5":"-","area_p2_y":100.597614,"amount4":"1","pump5_catagory":"-","hpl_meter":"G:\\BMA\\VDO_DRONE\\SUMP\\BNS026_ME.jpg","pump3_type":"ซับเมิร์ส","amount3":"1","amount2":"2","area_p2_pic":"BMA\\VDO_DRONE\\SUMP\\BNS026_A2.jpg","gate_type":"2","amount1":"1","area_p5_pic":"BMA\\VDO_DRONE\\SUMP\\BNS026_A5.jpg","reflex_area":"กรุงเทพเหนือ","pipe_in_bed2":0,"pipe_in_bed3":0,"pipe_in_bed1":3,"home_type":"ตู้คอนเทนเนอร์","date_survey":"16 กุมภาพันธ์ 2021","pipe_in_bed4":0,"pump1_type":"หอยโข่ง","pump5_volume":0,"owner":"บางเขน","pump4_type":"ซับเมิร์ส","area_p1_pic":"BMA\\VDO_DRONE\\SUMP\\BNS026_A1.jpg","pump3_volume":1,"pump1_catagory":"ไฟฟ้า","objectid_1":313,"pump2_catagory":"ไฟฟ้า","sump_bed":"4","pipe_in_dimention1":1.2,"pipe_in_dimention2":0,"pipe_in_dimention3":0,"meter_code":"MEA-TOU-9184377","pipe_in_dimention4":0,"pump1_volume":0.3,"hpl_areap1":"G:\\BMA\\VDO_DRONE\\SUMP\\BNS026_A1.jpg","surveillant_name":"-","hpl_areap3":"G:\\BMA\\VDO_DRONE\\SUMP\\BNS026_A3.jpg","district_id":"1005","hpl_areap2":"G:\\BMA\\VDO_DRONE\\SUMP\\BNS026_A2.jpg","hpl_areap5":"G:\\BMA\\VDO_DRONE\\SUMP\\BNS026_A5.jpg","hpl_areap4":"G:\\BMA\\VDO_DRONE\\SUMP\\BNS026_A4.jpg","objectid":314,"pump_amount":"5"}},{"geometry":{"type":"Point","coordinates":[100.56386682431676,13.89218471585263],"crs":null},"id":314,"type":"Feature","properties":{"utm_x":668980.322,"pump3_catagory":"-","year":"2564","accessibility":"ถนนแจ้งวัฒนะหน้าบ้าน ตรงข้ามซอยแจ้งวัฒนะ 11","pump5_type":"-","sump_type":"บ่อสูบน้ำ","utm_y":1536356.316,"area_p1_y":100.563867,"area_p1_x":13.8922,"area_p3_y":100.563867,"sump_length":7.7,"area_p3_x":13.8922,"hpl_mdb":"G:\\BMA\\VDO_DRONE\\SUMP\\BNS018_MD.jpg","home_pic":"BMA\\VDO_DRONE\\SUMP\\BNS018_HO.jpg","sump_depth":4.3,"pump2_volume":0,"pump4_volume":0,"meter":400,"surveillant_mobile":"-","telephone":"-","mdb":500,"hpl_trans":"G:\\BMA\\VDO_DRONE\\SUMP\\BNS018_TR.jpg","volume":66.22,"subdistrict_id":"104101","hpl_home":"G:\\BMA\\VDO_DRONE\\SUMP\\BNS018_HO.jpg","sump_area":"กรุงเทพเหนือ","sump_width":2,"fd_prevent_code":"02","area_p3_pic":"BMA\\VDO_DRONE\\SUMP\\BNS018_A3.jpg","district_t":"หลักสี่","pump4_catagory":"-","sump_name":"บ่อสูบน้ำแจ้งวัฒนะ 14","mea_tel":"0-2902-5211 , 0-2580-7480 , 0-2588-4521","area_p4_pic":"BMA\\VDO_DRONE\\SUMP\\BNS018_A4.jpg","transformer":225,"mea":"เขตนนทบุรี","trans_pic":"BMA\\VDO_DRONE\\SUMP\\BNS018_TR.jpg","pump2_type":"-","mdb_pic":"BMA\\VDO_DRONE\\SUMP\\BNS018_MD.jpg","area_p4_y":100.563867,"meter_pic":"BMA\\VDO_DRONE\\SUMP\\BNS018_ME.jpg","area_p2_x":13.8922,"sump_code":"BN.S.018","area_p4_x":13.8922,"amount5":"-","area_p2_y":100.563867,"amount4":"-","pump5_catagory":"-","hpl_meter":"G:\\BMA\\VDO_DRONE\\SUMP\\BNS018_ME.jpg","pump3_type":"-","amount3":"-","amount2":"-","area_p2_pic":"BMA\\VDO_DRONE\\SUMP\\BNS018_A2.jpg","gate_type":"8","amount1":"3","area_p5_pic":"BMA\\VDO_DRONE\\SUMP\\BNS018_A5.jpg","reflex_area":"กรุงเทพเหนือ","pipe_in_bed2":0,"pipe_in_bed3":0,"pipe_in_bed1":4.3,"home_type":"ตู้คอนเทนเนอร์","date_survey":"15 กุมภาพันธ์ 2021","pipe_in_bed4":0,"pump1_type":"ซับเมิร์ส","pump5_volume":0,"owner":"หลักสี่","pump4_type":"-","area_p1_pic":"BMA\\VDO_DRONE\\SUMP\\BNS018_A1.jpg","pump3_volume":0,"pump1_catagory":"ไฟฟ้า","objectid_1":314,"pump2_catagory":"-","sump_bed":"4.3","pipe_in_dimention1":1.5,"pipe_in_dimention2":0,"pipe_in_dimention3":0,"meter_code":"MEA-TOU-9157033","pipe_in_dimention4":0,"pump1_volume":1,"hpl_areap1":"G:\\BMA\\VDO_DRONE\\SUMP\\BNS018_A1.jpg","surveillant_name":"-","hpl_areap3":"G:\\BMA\\VDO_DRONE\\SUMP\\BNS018_A3.jpg","district_id":"1041","hpl_areap2":"G:\\BMA\\VDO_DRONE\\SUMP\\BNS018_A2.jpg","hpl_areap5":"G:\\BMA\\VDO_DRONE\\SUMP\\BNS018_A5.jpg","hpl_areap4":"G:\\BMA\\VDO_DRONE\\SUMP\\BNS018_A4.jpg","objectid":315,"pump_amount":"3"}},{"geometry":{"type":"Point","coordinates":[100.5649254436204,13.91185194203945],"crs":null},"id":315,"type":"Feature","properties":{"utm_x":669080.4523,"pump3_catagory":"ไฟฟ้า","year":"2564","accessibility":"ถนนแจ้งวัฒนะ14(ถนนพิงคนคร) ใกล้หมู่บ้านโกลเด้น ทาวน์ คลองบางพูด","pump5_type":"-","sump_type":"บ่อสูบน้ำ","utm_y":1538532.869,"area_p1_y":100.564886,"area_p1_x":13.911855,"area_p3_y":100.564886,"sump_length":8,"area_p3_x":13.911855,"hpl_mdb":"G:\\BMA\\VDO_DRONE\\SUMP\\BNS019_MD.jpg","home_pic":"BMA\\VDO_DRONE\\SUMP\\BNS019_HO.jpg","sump_depth":3.7,"pump2_volume":1,"pump4_volume":0,"meter":660,"surveillant_mobile":"-","telephone":"-","mdb":400,"hpl_trans":"G:\\BMA\\VDO_DRONE\\SUMP\\BNS019_TR.jpg","volume":94.72,"subdistrict_id":"104101","hpl_home":"G:\\BMA\\VDO_DRONE\\SUMP\\BNS019_HO.jpg","sump_area":"กรุงเทพเหนือ","sump_width":3.2,"fd_prevent_code":"02","area_p3_pic":"BMA\\VDO_DRONE\\SUMP\\BNS019_A3.jpg","district_t":"หลักสี่","pump4_catagory":"-","sump_name":"บ่อสูบน้ำคลองบางพูด","mea_tel":"0-2986-1111 , 0-2986-0000 , 0-2792-5211","area_p4_pic":"BMA\\VDO_DRONE\\SUMP\\BNS019_A4.jpg","transformer":300,"mea":"เขตบางเขน","trans_pic":"BMA\\VDO_DRONE\\SUMP\\BNS019_TR.jpg","pump2_type":"ซับเมิร์ส","mdb_pic":"BMA\\VDO_DRONE\\SUMP\\BNS019_MD.jpg","area_p4_y":100.564886,"meter_pic":"BMA\\VDO_DRONE\\SUMP\\BNS019_ME.jpg","area_p2_x":13.911855,"sump_code":"BN.S.019","area_p4_x":13.911855,"amount5":"-","area_p2_y":100.564886,"amount4":"-","pump5_catagory":"-","hpl_meter":"G:\\BMA\\VDO_DRONE\\SUMP\\BNS019_ME.jpg","pump3_type":"ซับเมิร์ส","amount3":"1","amount2":"1","area_p2_pic":"BMA\\VDO_DRONE\\SUMP\\BNS019_A2.jpg","gate_type":"4","amount1":"1","area_p5_pic":"BMA\\VDO_DRONE\\SUMP\\BNS019_A5.jpg","reflex_area":"กรุงเทพเหนือ","pipe_in_bed2":0,"pipe_in_bed3":0,"pipe_in_bed1":3.7,"home_type":"ตู้คอนเทนเนอร์","date_survey":"15 กุมภาพันธ์ 2021","pipe_in_bed4":0,"pump1_type":"หอยโข่ง","pump5_volume":0,"owner":"หลักสี่","pump4_type":"-","area_p1_pic":"BMA\\VDO_DRONE\\SUMP\\BNS019_A1.jpg","pump3_volume":1,"pump1_catagory":"ไฟฟ้า","objectid_1":315,"pump2_catagory":"ไฟฟ้า","sump_bed":"3.7","pipe_in_dimention1":1.5,"pipe_in_dimention2":0,"pipe_in_dimention3":0,"meter_code":"MEA-1966619","pipe_in_dimention4":0,"pump1_volume":0.2,"hpl_areap1":"G:\\BMA\\VDO_DRONE\\SUMP\\BNS019_A1.jpg","surveillant_name":"-","hpl_areap3":"G:\\BMA\\VDO_DRONE\\SUMP\\BNS019_A3.jpg","district_id":"1041","hpl_areap2":"G:\\BMA\\VDO_DRONE\\SUMP\\BNS019_A2.jpg","hpl_areap5":"G:\\BMA\\VDO_DRONE\\SUMP\\BNS019_A5.jpg","hpl_areap4":"G:\\BMA\\VDO_DRONE\\SUMP\\BNS019_A4.jpg","objectid":316,"pump_amount":"3"}},{"geometry":{"type":"Point","coordinates":[100.59546482895477,13.912734639820643],"crs":null},"id":317,"type":"Feature","properties":{"utm_x":672380.141,"pump3_catagory":"-","year":"2564","accessibility":"ถนนเชิดวุฒากาศ ในซอยเชิดวุฒากาศ3 บริเวณสวนหย่อมเฉลิมพระเกียรติ 84 ","pump5_type":"-","sump_type":"บ่อสูบน้ำ","utm_y":1538652.414,"area_p1_y":100.595319,"area_p1_x":13.912775,"area_p3_y":100.595319,"sump_length":9,"area_p3_x":13.912775,"hpl_mdb":"G:\\BMA\\VDO_DRONE\\SUMP\\BNS049_MD.jpg","home_pic":"BMA\\VDO_DRONE\\SUMP\\BNS049_HO.jpg","sump_depth":4.5,"pump2_volume":2,"pump4_volume":0,"meter":1000,"surveillant_mobile":"-","telephone":"-","mdb":1000,"hpl_trans":"G:\\BMA\\VDO_DRONE\\SUMP\\BNS049_TR.jpg","volume":182.25,"subdistrict_id":"103604","hpl_home":"G:\\BMA\\VDO_DRONE\\SUMP\\BNS049_HO.jpg","sump_area":"กรุงเทพเหนือ","sump_width":4.5,"fd_prevent_code":"01","area_p3_pic":"BMA\\VDO_DRONE\\SUMP\\BNS049_A3.jpg","district_t":"ดอนเมือง","pump4_catagory":"-","sump_name":"บ่อสูบน้ำเชิดวุฒากาศ ซอย3","mea_tel":"-","area_p4_pic":"BMA\\VDO_DRONE\\SUMP\\BNS049_A4.jpg","transformer":630,"mea":"-","trans_pic":"BMA\\VDO_DRONE\\SUMP\\BNS049_TR.jpg","pump2_type":"ซับเมิร์ส","mdb_pic":"BMA\\VDO_DRONE\\SUMP\\BNS049_MD.jpg","area_p4_y":100.595319,"meter_pic":"BMA\\VDO_DRONE\\SUMP\\BNS049_ME.jpg","area_p2_x":13.912775,"sump_code":"BN.S.049","area_p4_x":13.912775,"amount5":"-","area_p2_y":100.595319,"amount4":"-","pump5_catagory":"-","hpl_meter":"G:\\BMA\\VDO_DRONE\\SUMP\\BNS049_ME.jpg","pump3_type":"-","amount3":"-","amount2":"1","area_p2_pic":"BMA\\VDO_DRONE\\SUMP\\BNS049_A2.jpg","gate_type":"8","amount1":"2","area_p5_pic":"BMA\\VDO_DRONE\\SUMP\\BNS049_A5.jpg","reflex_area":"กรุงเทพเหนือ","pipe_in_bed2":0,"pipe_in_bed3":0,"pipe_in_bed1":4.5,"home_type":"ตู้คอนเทนเนอร์","date_survey":"17 กุมภาพันธ์ 2021","pipe_in_bed4":0,"pump1_type":"ซับเมิร์ส","pump5_volume":0,"owner":"ดอนเมือง","pump4_type":"-","area_p1_pic":"BMA\\VDO_DRONE\\SUMP\\BNS049_A1.jpg","pump3_volume":0,"pump1_catagory":"ไฟฟ้า","objectid_1":317,"pump2_catagory":"ไฟฟ้า","sump_bed":"4.5","pipe_in_dimention1":1.5,"pipe_in_dimention2":0,"pipe_in_dimention3":0,"meter_code":"MEA-TOU-9084486","pipe_in_dimention4":0,"pump1_volume":1,"hpl_areap1":"G:\\BMA\\VDO_DRONE\\SUMP\\BNS049_A1.jpg","surveillant_name":"-","hpl_areap3":"G:\\BMA\\VDO_DRONE\\SUMP\\BNS049_A3.jpg","district_id":"1036","hpl_areap2":"G:\\BMA\\VDO_DRONE\\SUMP\\BNS049_A2.jpg","hpl_areap5":"G:\\BMA\\VDO_DRONE\\SUMP\\BNS049_A5.jpg","hpl_areap4":"G:\\BMA\\VDO_DRONE\\SUMP\\BNS049_A4.jpg","objectid":318,"pump_amount":"3"}},{"geometry":{"type":"Point","coordinates":[100.59761300000916,13.923927004705508],"crs":null},"id":318,"type":"Feature","properties":{"utm_x":672603.984,"pump3_catagory":"ไฟฟ้า","year":"2564","accessibility":"ถนนสรงประภา หน้าปากซอยซอยสรงประภา1","pump5_type":"-","sump_type":"บ่อสูบน้ำ","utm_y":1539892.21,"area_p1_y":100.597955,"area_p1_x":13.924126,"area_p3_y":100.597955,"sump_length":15.5,"area_p3_x":13.924126,"hpl_mdb":"G:\\BMA\\VDO_DRONE\\SUMP\\BNS097_MD.jpg","home_pic":"BMA\\VDO_DRONE\\SUMP\\BNS097_HO.jpg","sump_depth":5,"pump2_volume":0.5,"pump4_volume":0,"meter":1000,"surveillant_mobile":"-","telephone":"-","mdb":1250,"hpl_trans":"G:\\BMA\\VDO_DRONE\\SUMP\\BNS097_TR.jpg","volume":372,"subdistrict_id":"103604","hpl_home":"G:\\BMA\\VDO_DRONE\\SUMP\\BNS097_HO.jpg","sump_area":"กรุงเทพเหนือ","sump_width":4.8,"fd_prevent_code":"02","area_p3_pic":"BMA\\VDO_DRONE\\SUMP\\BNS097_A3.jpg","district_t":"ดอนเมือง","pump4_catagory":"-","sump_name":"บ่อสูบน้ำคูนายกิมสายสาม สรงประภา 1","mea_tel":"0-2902-5211 , 0-2580-7480 , 0-2588-4521","area_p4_pic":"BMA\\VDO_DRONE\\SUMP\\BNS097_A4.jpg","transformer":500,"mea":"เขตนนทบุรี","trans_pic":"BMA\\VDO_DRONE\\SUMP\\BNS097_TR.jpg","pump2_type":"ซับเมิร์ส","mdb_pic":"BMA\\VDO_DRONE\\SUMP\\BNS097_MD.jpg","area_p4_y":100.597955,"meter_pic":"BMA\\VDO_DRONE\\SUMP\\BNS097_ME.jpg","area_p2_x":13.924126,"sump_code":"BN.S.097","area_p4_x":13.924126,"amount5":"-","area_p2_y":100.597955,"amount4":"-","pump5_catagory":"-","hpl_meter":"G:\\BMA\\VDO_DRONE\\SUMP\\BNS097_ME.jpg","pump3_type":"หอยโข่ง","amount3":"1","amount2":"2","area_p2_pic":"BMA\\VDO_DRONE\\SUMP\\BNS097_A2.jpg","gate_type":"9","amount1":"1","area_p5_pic":"BMA\\VDO_DRONE\\SUMP\\BNS097_A5.jpg","reflex_area":"กรุงเทพเหนือ","pipe_in_bed2":0,"pipe_in_bed3":0,"pipe_in_bed1":5,"home_type":"ตู้คอนเทนเนอร์","date_survey":"5 มิถุนายน 2021","pipe_in_bed4":0,"pump1_type":"ซับเมิร์ส","pump5_volume":0,"owner":"ดอนเมือง","pump4_type":"-","area_p1_pic":"BMA\\VDO_DRONE\\SUMP\\BNS097_A1.jpg","pump3_volume":0.2,"pump1_catagory":"ไฟฟ้า","objectid_1":318,"pump2_catagory":"ไฟฟ้า","sump_bed":"5","pipe_in_dimention1":1.2,"pipe_in_dimention2":0,"pipe_in_dimention3":0,"meter_code":"MEA-140005962","pipe_in_dimention4":0,"pump1_volume":1,"hpl_areap1":"G:\\BMA\\VDO_DRONE\\SUMP\\BNS097_A1.jpg","surveillant_name":"-","hpl_areap3":"G:\\BMA\\VDO_DRONE\\SUMP\\BNS097_A3.jpg","district_id":"1036","hpl_areap2":"G:\\BMA\\VDO_DRONE\\SUMP\\BNS097_A2.jpg","hpl_areap5":"G:\\BMA\\VDO_DRONE\\SUMP\\BNS097_A5.jpg","hpl_areap4":"G:\\BMA\\VDO_DRONE\\SUMP\\BNS097_A4.jpg","objectid":319,"pump_amount":"4"}},{"geometry":{"type":"Point","coordinates":[100.5694139121578,13.932125697386578],"crs":null},"id":319,"type":"Feature","properties":{"utm_x":669550.7258,"pump3_catagory":"-","year":"2564","accessibility":"ถนนสรงประภา ตอนคูนายกิมสาย3 ตรงข้ามปั๊มปตท","pump5_type":"-","sump_type":"บ่อสูบน้ำ","utm_y":1540778.971,"area_p1_y":100.569343,"area_p1_x":13.932121,"area_p3_y":100.569343,"sump_length":9,"area_p3_x":13.932121,"hpl_mdb":"G:\\BMA\\VDO_DRONE\\SUMP\\BNS021_MD.jpg","home_pic":"BMA\\VDO_DRONE\\SUMP\\BNS021_HO.jpg","sump_depth":5,"pump2_volume":0,"pump4_volume":0,"meter":400,"surveillant_mobile":"-","telephone":"-","mdb":630,"hpl_trans":"G:\\BMA\\VDO_DRONE\\SUMP\\BNS021_TR.jpg","volume":292.5,"subdistrict_id":"103604","hpl_home":"G:\\BMA\\VDO_DRONE\\SUMP\\BNS021_HO.jpg","sump_area":"กรุงเทพเหนือ","sump_width":6.5,"fd_prevent_code":"02","area_p3_pic":"BMA\\VDO_DRONE\\SUMP\\BNS021_A3.jpg","district_t":"ดอนเมือง","pump4_catagory":"-","sump_name":"บ่อสูบน้ำลำรางสีกัน ตอนคูนายกิมสาย3","mea_tel":"0-2986-1111 , 0-2986-0000 , 0-2792-5211","area_p4_pic":"BMA\\VDO_DRONE\\SUMP\\BNS021_A4.jpg","transformer":500,"mea":"เขตบางเขน","trans_pic":"BMA\\VDO_DRONE\\SUMP\\BNS021_TR.jpg","pump2_type":"-","mdb_pic":"BMA\\VDO_DRONE\\SUMP\\BNS021_MD.jpg","area_p4_y":100.569343,"meter_pic":"BMA\\VDO_DRONE\\SUMP\\BNS021_ME.jpg","area_p2_x":13.932121,"sump_code":"BN.S.021","area_p4_x":13.932121,"amount5":"-","area_p2_y":100.569343,"amount4":"-","pump5_catagory":"-","hpl_meter":"G:\\BMA\\VDO_DRONE\\SUMP\\BNS021_ME.jpg","pump3_type":"-","amount3":"-","amount2":"-","area_p2_pic":"BMA\\VDO_DRONE\\SUMP\\BNS021_A2.jpg","gate_type":"2","amount1":"3","area_p5_pic":"BMA\\VDO_DRONE\\SUMP\\BNS021_A5.jpg","reflex_area":"กรุงเทพเหนือ","pipe_in_bed2":0,"pipe_in_bed3":0,"pipe_in_bed1":5,"home_type":"ตู้คอนเทนเนอร์","date_survey":"15 กุมภาพันธ์ 2021","pipe_in_bed4":0,"pump1_type":"ซับเมิร์ส","pump5_volume":0,"owner":"ดอนเมือง","pump4_type":"-","area_p1_pic":"BMA\\VDO_DRONE\\SUMP\\BNS021_A1.jpg","pump3_volume":0,"pump1_catagory":"ไฟฟ้า","objectid_1":319,"pump2_catagory":"-","sump_bed":"5","pipe_in_dimention1":1.5,"pipe_in_dimention2":0,"pipe_in_dimention3":0,"meter_code":"MEA-TOU-9157579","pipe_in_dimention4":0,"pump1_volume":1,"hpl_areap1":"G:\\BMA\\VDO_DRONE\\SUMP\\BNS021_A1.jpg","surveillant_name":"-","hpl_areap3":"G:\\BMA\\VDO_DRONE\\SUMP\\BNS021_A3.jpg","district_id":"1036","hpl_areap2":"G:\\BMA\\VDO_DRONE\\SUMP\\BNS021_A2.jpg","hpl_areap5":"G:\\BMA\\VDO_DRONE\\SUMP\\BNS021_A5.jpg","hpl_areap4":"G:\\BMA\\VDO_DRONE\\SUMP\\BNS021_A4.jpg","objectid":320,"pump_amount":"3"}},{"geometry":{"type":"Point","coordinates":[100.63932997393667,13.937245668449615],"crs":null},"id":320,"type":"Feature","properties":{"utm_x":677101.9589,"pump3_catagory":"-","year":"2564","accessibility":"ซอยพหลโยธิน 58 ข้างโรงขนมจีน","pump5_type":"-","sump_type":"บ่อสูบน้ำ","utm_y":1541396.368,"area_p1_y":100.639233,"area_p1_x":13.937119,"area_p3_y":100.639233,"sump_length":11,"area_p3_x":13.937119,"hpl_mdb":"G:\\BMA\\VDO_DRONE\\SUMP\\BNS024_MD.jpg","home_pic":"BMA\\VDO_DRONE\\SUMP\\BNS024_HO.jpg","sump_depth":4.5,"pump2_volume":2,"pump4_volume":0,"meter":1000,"surveillant_mobile":"-","telephone":"-","mdb":1250,"hpl_trans":"G:\\BMA\\VDO_DRONE\\SUMP\\BNS024_TR.jpg","volume":420.75,"subdistrict_id":"104201","hpl_home":"G:\\BMA\\VDO_DRONE\\SUMP\\BNS024_HO.jpg","sump_area":"กรุงเทพเหนือ","sump_width":8.5,"fd_prevent_code":"01","area_p3_pic":"BMA\\VDO_DRONE\\SUMP\\BNS024_A3.jpg","district_t":"สายไหม","pump4_catagory":"-","sump_name":"บ่อสูบน้ำพหลโยธิน 58 โรงขนมจีน","mea_tel":"0-2986-1111 , 0-2986-0000 , 0-2792-5211","area_p4_pic":"BMA\\VDO_DRONE\\SUMP\\BNS024_A4.jpg","transformer":800,"mea":"เขตบางเขน","trans_pic":"BMA\\VDO_DRONE\\SUMP\\BNS024_TR.jpg","pump2_type":"ซับเมิร์ส","mdb_pic":"BMA\\VDO_DRONE\\SUMP\\BNS024_MD.jpg","area_p4_y":100.639233,"meter_pic":"BMA\\VDO_DRONE\\SUMP\\BNS024_ME.jpg","area_p2_x":13.937119,"sump_code":"BN.S.024","area_p4_x":13.937119,"amount5":"-","area_p2_y":100.639233,"amount4":"-","pump5_catagory":"-","hpl_meter":"G:\\BMA\\VDO_DRONE\\SUMP\\BNS024_ME.jpg","pump3_type":"-","amount3":"-","amount2":"4","area_p2_pic":"BMA\\VDO_DRONE\\SUMP\\BNS024_A2.jpg","gate_type":"4","amount1":"1","area_p5_pic":"BMA\\VDO_DRONE\\SUMP\\BNS024_A5.jpg","reflex_area":"กรุงเทพเหนือ","pipe_in_bed2":0,"pipe_in_bed3":0,"pipe_in_bed1":4.5,"home_type":"ตู้คอนเทนเนอร์","date_survey":"15 กุมภาพันธ์ 2021","pipe_in_bed4":0,"pump1_type":"หอยโข่ง","pump5_volume":0,"owner":"สายไหม","pump4_type":"-","area_p1_pic":"BMA\\VDO_DRONE\\SUMP\\BNS024_A1.jpg","pump3_volume":0,"pump1_catagory":"ไฟฟ้า","objectid_1":320,"pump2_catagory":"ไฟฟ้า","sump_bed":"4.5","pipe_in_dimention1":1.5,"pipe_in_dimention2":0,"pipe_in_dimention3":0,"meter_code":"MEA-TOU-9103139","pipe_in_dimention4":0,"pump1_volume":0.2,"hpl_areap1":"G:\\BMA\\VDO_DRONE\\SUMP\\BNS024_A1.jpg","surveillant_name":"-","hpl_areap3":"G:\\BMA\\VDO_DRONE\\SUMP\\BNS024_A3.jpg","district_id":"1042","hpl_areap2":"G:\\BMA\\VDO_DRONE\\SUMP\\BNS024_A2.jpg","hpl_areap5":"G:\\BMA\\VDO_DRONE\\SUMP\\BNS024_A5.jpg","hpl_areap4":"G:\\BMA\\VDO_DRONE\\SUMP\\BNS024_A4.jpg","objectid":321,"pump_amount":"5"}},{"geometry":{"type":"Point","coordinates":[100.62656986390093,13.93772069169299],"crs":null},"id":321,"type":"Feature","properties":{"utm_x":675722.7538,"pump3_catagory":"-","year":"2564","accessibility":"ซอยพหลโยธิน 58 แยก1 (แอนแนกซ์) สุดซอย","pump5_type":"-","sump_type":"บ่อสูบน้ำ","utm_y":1541439.454,"area_p1_y":100.626434,"area_p1_x":13.937783,"area_p3_y":100.626434,"sump_length":9,"area_p3_x":13.937783,"hpl_mdb":"G:\\BMA\\VDO_DRONE\\SUMP\\BNS023_MD.jpg","home_pic":"BMA\\VDO_DRONE\\SUMP\\BNS023_HO.jpg","sump_depth":5,"pump2_volume":2,"pump4_volume":0,"meter":1000,"surveillant_mobile":"-","telephone":"-","mdb":800,"hpl_trans":"G:\\BMA\\VDO_DRONE\\SUMP\\BNS023_TR.jpg","volume":225,"subdistrict_id":"104201","hpl_home":"G:\\BMA\\VDO_DRONE\\SUMP\\BNS023_HO.jpg","sump_area":"กรุงเทพเหนือ","sump_width":5,"fd_prevent_code":"01","area_p3_pic":"BMA\\VDO_DRONE\\SUMP\\BNS023_A3.jpg","district_t":"สายไหม","pump4_catagory":"-","sump_name":"บ่อสูบน้ำซอยพหลโยธิน 58 แยก1 (แอนแนกซ์)","mea_tel":"0-2986-1111 , 0-2986-0000 , 0-2792-5211","area_p4_pic":"BMA\\VDO_DRONE\\SUMP\\BNS023_A4.jpg","transformer":500,"mea":"เขตบางเขน","trans_pic":"BMA\\VDO_DRONE\\SUMP\\BNS023_TR.jpg","pump2_type":"ซับเมิร์ส","mdb_pic":"BMA\\VDO_DRONE\\SUMP\\BNS023_MD.jpg","area_p4_y":100.626434,"meter_pic":"BMA\\VDO_DRONE\\SUMP\\BNS023_ME.jpg","area_p2_x":13.937783,"sump_code":"BN.S.023","area_p4_x":13.937783,"amount5":"-","area_p2_y":100.626434,"amount4":"-","pump5_catagory":"-","hpl_meter":"G:\\BMA\\VDO_DRONE\\SUMP\\BNS023_ME.jpg","pump3_type":"-","amount3":"-","amount2":"1","area_p2_pic":"BMA\\VDO_DRONE\\SUMP\\BNS023_A2.jpg","gate_type":"8","amount1":"2","area_p5_pic":"BMA\\VDO_DRONE\\SUMP\\BNS023_A5.jpg","reflex_area":"กรุงเทพเหนือ","pipe_in_bed2":0,"pipe_in_bed3":0,"pipe_in_bed1":3.2,"home_type":"ตู้คอนเทนเนอร์","date_survey":"15 กุมภาพันธ์ 2021","pipe_in_bed4":0,"pump1_type":"ซับเมิร์ส","pump5_volume":0,"owner":"สายไหม","pump4_type":"-","area_p1_pic":"BMA\\VDO_DRONE\\SUMP\\BNS023_A1.jpg","pump3_volume":0,"pump1_catagory":"ไฟฟ้า","objectid_1":321,"pump2_catagory":"ไฟฟ้า","sump_bed":"5","pipe_in_dimention1":1.5,"pipe_in_dimention2":0,"pipe_in_dimention3":0,"meter_code":"MEA-TOU-9102508","pipe_in_dimention4":0,"pump1_volume":1,"hpl_areap1":"G:\\BMA\\VDO_DRONE\\SUMP\\BNS023_A1.jpg","surveillant_name":"-","hpl_areap3":"G:\\BMA\\VDO_DRONE\\SUMP\\BNS023_A3.jpg","district_id":"1042","hpl_areap2":"G:\\BMA\\VDO_DRONE\\SUMP\\BNS023_A2.jpg","hpl_areap5":"G:\\BMA\\VDO_DRONE\\SUMP\\BNS023_A5.jpg","hpl_areap4":"G:\\BMA\\VDO_DRONE\\SUMP\\BNS023_A4.jpg","objectid":322,"pump_amount":"3"}},{"geometry":{"type":"Point","coordinates":[100.61672235567787,13.94788611340527],"crs":null},"id":322,"type":"Feature","properties":{"utm_x":674651.0002,"pump3_catagory":"-","year":"2564","accessibility":"ถนนวิภาวดีรังสิต หน้าซอยวิภาวดี 45 (คลองลาดเป็ด)","pump5_type":"-","sump_type":"บ่อสูบน้ำ","utm_y":1542556.836,"area_p1_y":100.616773,"area_p1_x":13.948024,"area_p3_y":100.616773,"sump_length":12,"area_p3_x":13.948024,"hpl_mdb":"G:\\BMA\\VDO_DRONE\\SUMP\\BNS022_MD.jpg","home_pic":"BMA\\VDO_DRONE\\SUMP\\BNS022_HO.jpg","sump_depth":5,"pump2_volume":1,"pump4_volume":0,"meter":1000,"surveillant_mobile":"-","telephone":"-","mdb":630,"hpl_trans":"G:\\BMA\\VDO_DRONE\\SUMP\\BNS022_TR.jpg","volume":252,"subdistrict_id":"103605","hpl_home":"G:\\BMA\\VDO_DRONE\\SUMP\\BNS022_HO.jpg","sump_area":"กรุงเทพเหนือ","sump_width":4.2,"fd_prevent_code":"01","area_p3_pic":"BMA\\VDO_DRONE\\SUMP\\BNS022_A3.jpg","district_t":"ดอนเมือง","pump4_catagory":"-","sump_name":"บ่อสูบน้ำซอยวิภาวดี 45 (คลองลาดเป็ด)","mea_tel":"0-2986-1111 , 0-2986-0000 , 0-2792-5211","area_p4_pic":"BMA\\VDO_DRONE\\SUMP\\BNS022_A4.jpg","transformer":630,"mea":"เขตบางเขน","trans_pic":"BMA\\VDO_DRONE\\SUMP\\BNS022_TR.jpg","pump2_type":"ซับเมิร์ส","mdb_pic":"BMA\\VDO_DRONE\\SUMP\\BNS022_MD.jpg","area_p4_y":100.616773,"meter_pic":"BMA\\VDO_DRONE\\SUMP\\BNS022_ME.jpg","area_p2_x":13.948024,"sump_code":"BN.S.022","area_p4_x":13.948024,"amount5":"-","area_p2_y":100.616773,"amount4":"-","pump5_catagory":"-","hpl_meter":"G:\\BMA\\VDO_DRONE\\SUMP\\BNS022_ME.jpg","pump3_type":"-","amount3":"-","amount2":"1","area_p2_pic":"BMA\\VDO_DRONE\\SUMP\\BNS022_A2.jpg","gate_type":"2","amount1":"2","area_p5_pic":"BMA\\VDO_DRONE\\SUMP\\BNS022_A5.jpg","reflex_area":"กรุงเทพเหนือ","pipe_in_bed2":0,"pipe_in_bed3":0,"pipe_in_bed1":5,"home_type":"ตู้คอนเทนเนอร์","date_survey":"15 กุมภาพันธ์ 2021","pipe_in_bed4":0,"pump1_type":"ซับเมิร์ส","pump5_volume":0,"owner":"ดอนเมือง","pump4_type":"-","area_p1_pic":"BMA\\VDO_DRONE\\SUMP\\BNS022_A1.jpg","pump3_volume":0,"pump1_catagory":"ไฟฟ้า","objectid_1":322,"pump2_catagory":"ไฟฟ้า","sump_bed":"5","pipe_in_dimention1":1.5,"pipe_in_dimention2":0,"pipe_in_dimention3":0,"meter_code":"MEA-TOU-9158044","pipe_in_dimention4":0,"pump1_volume":0.5,"hpl_areap1":"G:\\BMA\\VDO_DRONE\\SUMP\\BNS022_A1.jpg","surveillant_name":"-","hpl_areap3":"G:\\BMA\\VDO_DRONE\\SUMP\\BNS022_A3.jpg","district_id":"1036","hpl_areap2":"G:\\BMA\\VDO_DRONE\\SUMP\\BNS022_A2.jpg","hpl_areap5":"G:\\BMA\\VDO_DRONE\\SUMP\\BNS022_A5.jpg","hpl_areap4":"G:\\BMA\\VDO_DRONE\\SUMP\\BNS022_A4.jpg","objectid":323,"pump_amount":"3"}},{"geometry":{"type":"Point","coordinates":[100.74297900041418,13.81885199737577],"crs":null},"id":323,"type":"Feature","properties":{"utm_x":688398.0799,"pump3_catagory":"-","year":"2564","accessibility":"บริวเณวัดด้านติดถนนสุวินทวงศ์","pump5_type":"-","sump_type":"บ่อสูบน้ำ","utm_y":1528376.998,"area_p1_y":100.743055,"area_p1_x":13.818762,"area_p3_y":100.742975,"sump_length":10.2,"area_p3_x":13.818764,"hpl_mdb":"","home_pic":"","sump_depth":5.6,"pump2_volume":2,"pump4_volume":0,"meter":400,"surveillant_mobile":"-","telephone":"-","mdb":1000,"hpl_trans":"","volume":294.17,"subdistrict_id":"101001","hpl_home":"","sump_area":"กรุงเทพตะวันออก","sump_width":5.15,"fd_prevent_code":"20","area_p3_pic":"BMA\\VDO_DRONE\\SUMP\\BES001_A3.jpg","district_t":"มีนบุรี","pump4_catagory":"-","sump_name":"บ่อสูบน้ำวัดแสนสุข","mea_tel":"0-2907-5200 , 0-2543-8405, 0-2919-5004","area_p4_pic":"BMA\\VDO_DRONE\\SUMP\\BES001_A4.jpg","transformer":500,"mea":"เขตมีนบุรี","trans_pic":"","pump2_type":"ซับเมิร์ส","mdb_pic":"","area_p4_y":100.742981,"meter_pic":"","area_p2_x":13.818757,"sump_code":"BE.S.001","area_p4_x":13.81878,"amount5":"-","area_p2_y":100.742987,"amount4":"-","pump5_catagory":"-","hpl_meter":"","pump3_type":"-","amount3":"-","amount2":"1","area_p2_pic":"BMA\\VDO_DRONE\\SUMP\\BES001_A2.jpg","gate_type":"8","amount1":"2","area_p5_pic":"","reflex_area":"กรุงเทพตะวันออก","pipe_in_bed2":0,"pipe_in_bed3":0,"pipe_in_bed1":2.9,"home_type":"ตู้พักอาศัยขนาดกลาง","date_survey":"18 กุมภาพันธ์ 2021","pipe_in_bed4":0,"pump1_type":"ซับเมิร์ส","pump5_volume":0,"owner":"มีนบุรี","pump4_type":"-","area_p1_pic":"BMA\\VDO_DRONE\\SUMP\\BES001_A1.jpg","pump3_volume":0,"pump1_catagory":"ไฟฟ้า","objectid_1":323,"pump2_catagory":"ไฟฟ้า","sump_bed":"5.6","pipe_in_dimention1":1.2,"pipe_in_dimention2":0,"pipe_in_dimention3":0,"meter_code":"MEA-TOU-9160049","pipe_in_dimention4":0,"pump1_volume":1,"hpl_areap1":"G:\\BMA\\VDO_DRONE\\SUMP\\BES001_A1.jpg","surveillant_name":"-","hpl_areap3":"G:\\BMA\\VDO_DRONE\\SUMP\\BES001_A3.jpg","district_id":"1010","hpl_areap2":"G:\\BMA\\VDO_DRONE\\SUMP\\BES001_A2.jpg","hpl_areap5":"","hpl_areap4":"G:\\BMA\\VDO_DRONE\\SUMP\\BES001_A4.jpg","objectid":324,"pump_amount":"3"}}],"type":"FeatureCollection","properties":{"exceededTransferLimit":false}}