{"features":[{"geometry":{"type":"Point","coordinates":[100.40653999987013,13.749249999808768],"crs":null},"id":1,"type":"Feature","properties":{"wl_in":null,"water_count":1,"code":"WL.BCN.01","district":"บางแค","latitude":13.74925,"name":"ค.บางเชือกหนัง ถ.กาญจนาฯ ","wl_out01":null,"wl_out02":null,"river":"คลองบางเชือกหนัง","objectid":1,"longitude":100.40654}},{"geometry":{"type":"Point","coordinates":[100.39161999989383,13.751729999678197],"crs":null},"id":2,"type":"Feature","properties":{"wl_in":null,"water_count":1,"code":"WL.BCN.03","district":"บางแค","latitude":13.75173,"name":"ค.บางเชือกหนัง ถ.พุทธฯสาย 2 ","wl_out01":null,"wl_out02":null,"river":"คลองบางเชือกหนัง","objectid":2,"longitude":100.39162}},{"geometry":{"type":"Point","coordinates":[100.44174000008643,13.718679999770691],"crs":null},"id":3,"type":"Feature","properties":{"wl_in":null,"water_count":1,"code":"WL.BJK.03","district":"ภาษีเจริญ","latitude":13.71868,"name":"ค.บางจาก-ค.บางหว้า ","wl_out01":null,"wl_out02":null,"river":"คลองบางจาก","objectid":3,"longitude":100.44174}},{"geometry":{"type":"Point","coordinates":[100.39595999998329,13.714839999726793],"crs":null},"id":4,"type":"Feature","properties":{"wl_in":null,"water_count":1,"code":"WL.BJK.04","district":"บางแค","latitude":13.71484,"name":"ค.บางจาก ถ.พุทธฯสาย 2 ","wl_out01":null,"wl_out02":null,"river":"คลองบางจาก","objectid":4,"longitude":100.39596}},{"geometry":{"type":"Point","coordinates":[100.52207000012756,13.833739999596817],"crs":null},"id":5,"type":"Feature","properties":{"wl_in":null,"water_count":1,"code":"WL.BKA.02","district":"บางซื่อ","latitude":13.83374,"name":"ค.บางเขน ถ.กรุงเทพ-นนท์","wl_out01":null,"wl_out02":null,"river":"คลองบางเขน","objectid":5,"longitude":100.52207}},{"geometry":{"type":"Point","coordinates":[100.5426800000804,13.849330000140785],"crs":null},"id":6,"type":"Feature","properties":{"wl_in":null,"water_count":1,"code":"WL.BKA.03","district":"บางซื่อ","latitude":13.84933,"name":"ค.บางเขน ถ.ประชาชื่น","wl_out01":null,"wl_out02":null,"river":"คลองบางเขน","objectid":6,"longitude":100.54268}},{"geometry":{"type":"Point","coordinates":[100.56672999959909,13.85571999977964],"crs":null},"id":7,"type":"Feature","properties":{"wl_in":null,"water_count":1,"code":"WL.BKA.04","district":"หลักสี่","latitude":13.85572,"name":"ค.บางเขน ถ.วิภาวดีฯ","wl_out01":null,"wl_out02":null,"river":"คลองบางเขน","objectid":7,"longitude":100.56673}},{"geometry":{"type":"Point","coordinates":[100.45337000028474,13.759730000289796],"crs":null},"id":8,"type":"Feature","properties":{"wl_in":null,"water_count":1,"code":"WL.BPM.01","district":"ตลิ่งชัน","latitude":13.75973,"name":"ค.บางพรม-ค.ชักพระ","wl_out01":null,"wl_out02":null,"river":"คลองบางพรม","objectid":8,"longitude":100.45337}},{"geometry":{"type":"Point","coordinates":[100.43334000029002,13.75706999979965],"crs":null},"id":9,"type":"Feature","properties":{"wl_in":null,"water_count":1,"code":"WL.BPM.02","district":"ตลิ่งชัน","latitude":13.75707,"name":"ค.บางพรม ถ.ฉิมพลี","wl_out01":null,"wl_out02":null,"river":"คลองบางพรม","objectid":9,"longitude":100.43334}},{"geometry":{"type":"Point","coordinates":[100.39624000036574,13.762640000364811],"crs":null},"id":10,"type":"Feature","properties":{"wl_in":null,"water_count":1,"code":"WL.BPM.03","district":"ทวีวัฒนา","latitude":13.76264,"name":"ค.บางพรม ถ.กาญจนาฯ","wl_out01":null,"wl_out02":null,"river":"คลองบางพรม","objectid":10,"longitude":100.39624}},{"geometry":{"type":"Point","coordinates":[100.36401000026035,13.768660000292282],"crs":null},"id":11,"type":"Feature","properties":{"wl_in":null,"water_count":1,"code":"WL.BPM.04","district":"ทวีวัฒนา","latitude":13.76866,"name":"ค.บางพรม ถ.พุทธฯสาย 3","wl_out01":null,"wl_out02":null,"river":"คลองบางพรม","objectid":11,"longitude":100.36401}},{"geometry":{"type":"Point","coordinates":[100.5322600000271,13.798149999730995],"crs":null},"id":12,"type":"Feature","properties":{"wl_in":null,"water_count":1,"code":"WL.BSU.02","district":"บางซื่อ","latitude":13.79815,"name":"ค.เปรมฯ ถ.พระราม 5","wl_out01":null,"wl_out02":null,"river":"คลองบางซื่อ","objectid":12,"longitude":100.53226}},{"geometry":{"type":"Point","coordinates":[100.55035000013085,13.796189999568531],"crs":null},"id":13,"type":"Feature","properties":{"wl_in":null,"water_count":1,"code":"WL.BSU.04","district":"จตุจักร","latitude":13.79619,"name":"ค.บางซื่อ ถ.พหลฯ","wl_out01":null,"wl_out02":null,"river":"คลองบางซื่อ","objectid":13,"longitude":100.55035}},{"geometry":{"type":"Point","coordinates":[100.5615700002503,13.79485999992728],"crs":null},"id":14,"type":"Feature","properties":{"wl_in":null,"water_count":1,"code":"WL.BSU.05","district":"จตุจักร","latitude":13.79486,"name":"ค.บางซื่อ ถ.วิภาวดีฯ","wl_out01":null,"wl_out02":null,"river":"คลองบางซื่อ","objectid":14,"longitude":100.56157}},{"geometry":{"type":"Point","coordinates":[100.57421999972448,13.796240000240246],"crs":null},"id":15,"type":"Feature","properties":{"wl_in":null,"water_count":1,"code":"WL.BSU.06","district":"ห้วยขวาง","latitude":13.79624,"name":"ค.บางซื่อ ถ.รัชดาฯ","wl_out01":null,"wl_out02":null,"river":"คลองบางซื่อ","objectid":15,"longitude":100.57422}},{"geometry":{"type":"Point","coordinates":[100.45901000003252,13.738229999850395],"crs":null},"id":16,"type":"Feature","properties":{"wl_in":null,"water_count":1,"code":"WL.BWK.01","district":"ภาษีเจริญ","latitude":13.73823,"name":"ค.บางแวก-ค.บางกอกใหญ่","wl_out01":null,"wl_out02":null,"river":"คลองบางแวก","objectid":16,"longitude":100.45901}},{"geometry":{"type":"Point","coordinates":[100.43282999975378,13.733450000262499],"crs":null},"id":17,"type":"Feature","properties":{"wl_in":null,"water_count":1,"code":"WL.BWK.02","district":"ภาษีเจริญ","latitude":13.73345,"name":"ค.บางแวก ถ.พุทธฯฑลสาย 1","wl_out01":null,"wl_out02":null,"river":"คลองบางแวก","objectid":17,"longitude":100.43283}},{"geometry":{"type":"Point","coordinates":[100.36425999960731,13.726189999629895],"crs":null},"id":18,"type":"Feature","properties":{"wl_in":null,"water_count":1,"code":"WL.BWK.03","district":"หนองแขม","latitude":13.72619,"name":"ค.บางแวก-ค.ทวีวัฒนา","wl_out01":null,"wl_out02":null,"river":"คลองบางแวก","objectid":18,"longitude":100.36426}},{"geometry":{"type":"Point","coordinates":[100.6345499999081,13.922939999585429],"crs":null},"id":19,"type":"Feature","properties":{"wl_in":null,"water_count":2,"code":"WL.SST.01","district":"สายไหม","latitude":13.92294,"name":"ปตร.คลองสองสายใต้","wl_out01":null,"wl_out02":null,"river":"คลองสองสายใต้","objectid":19,"longitude":100.63455}},{"geometry":{"type":"Point","coordinates":[100.6873099996004,13.921279999625137],"crs":null},"id":20,"type":"Feature","properties":{"wl_in":null,"water_count":2,"code":"WL.PSR.01","district":"สายไหม","latitude":13.92128,"name":"ปตร.คลองพระยาสุเรนทร์","wl_out01":null,"wl_out02":null,"river":"คลองพระยาสุเรนทร์","objectid":20,"longitude":100.68731}},{"geometry":{"type":"Point","coordinates":[100.72931000037912,13.859560000092547],"crs":null},"id":21,"type":"Feature","properties":{"wl_in":null,"water_count":2,"code":"WL.SWA.01","district":"คลองสามวา","latitude":13.85956,"name":"ปตร.คลองสามวา ","wl_out01":null,"wl_out02":null,"river":"คลองสามวา","objectid":21,"longitude":100.72931}},{"geometry":{"type":"Point","coordinates":[100.58655999957726,13.858060000358542],"crs":null},"id":22,"type":"Feature","properties":{"wl_in":null,"water_count":1,"code":"WL.BBU.01","district":"บางเขน","latitude":13.85806,"name":"ค.บางบัว","wl_out01":null,"wl_out02":null,"river":"คลองบางบัว","objectid":22,"longitude":100.58656}},{"geometry":{"type":"Point","coordinates":[100.58673000035488,13.899749999909066],"crs":null},"id":23,"type":"Feature","properties":{"wl_in":null,"water_count":2,"code":"WL.TUT.01","district":"หลักสี่","latitude":13.89975,"name":"ส.คลองตาอูฐ","wl_out01":null,"wl_out02":null,"river":"คลองตาอูฐ","objectid":23,"longitude":100.58673}},{"geometry":{"type":"Point","coordinates":[100.66134000028225,13.836300000336966],"crs":null},"id":24,"type":"Feature","properties":{"wl_in":null,"water_count":1,"code":"WL.LCL.01","district":"คันนายาว","latitude":13.8363,"name":"ค.ลำชะล่า ถ.นวมินทร์","wl_out01":null,"wl_out02":null,"river":"คลองลำชะล่า","objectid":24,"longitude":100.66134}},{"geometry":{"type":"Point","coordinates":[100.74738000039135,13.82094000005026],"crs":null},"id":25,"type":"Feature","properties":{"wl_in":null,"water_count":2,"code":"WL.SSB.10","district":"มีนบุรี","latitude":13.82094,"name":"ปตร.คลองแสนแสบ-ถ.ประชาร่วมใจ","wl_out01":null,"wl_out02":null,"river":"คลองแสนแสบ","objectid":25,"longitude":100.74738}},{"geometry":{"type":"Point","coordinates":[100.51066000003728,13.817219999656976],"crs":null},"id":26,"type":"Feature","properties":{"wl_in":null,"water_count":2,"code":"WL.BKA.01","district":"บางซื่อ","latitude":13.81722,"name":"ส.คลองบางเขนใหม่","wl_out01":null,"wl_out02":null,"river":"คลองบางเขนใหม่","objectid":26,"longitude":100.51066}},{"geometry":{"type":"Point","coordinates":[100.74475000003912,13.799550000109788],"crs":null},"id":27,"type":"Feature","properties":{"wl_in":null,"water_count":2,"code":"WL.BKG.01","district":"มีนบุรี","latitude":13.79955,"name":"ปตร.คลองบึงขวาง","wl_out01":null,"wl_out02":null,"river":"คลองบึงขวาง","objectid":27,"longitude":100.74475}},{"geometry":{"type":"Point","coordinates":[100.51840000040791,13.800089999717903],"crs":null},"id":28,"type":"Feature","properties":{"wl_in":null,"water_count":2,"code":"WL.BSU.01","district":"ดุสิต","latitude":13.80009,"name":"ส.คลองบางซื่อ","wl_out01":null,"wl_out02":null,"river":"คลองบางซื่อ","objectid":28,"longitude":100.5184}},{"geometry":{"type":"Point","coordinates":[100.70458000044482,13.797199999892475],"crs":null},"id":29,"type":"Feature","properties":{"wl_in":null,"water_count":2,"code":"WL.SSB.09","district":"คันนายาว","latitude":13.7972,"name":"ปตร.คลองแสนแสบ-บางชัน","wl_out01":null,"wl_out02":null,"river":"คลองแสนแสบ","objectid":29,"longitude":100.70458}},{"geometry":{"type":"Point","coordinates":[100.58956999987112,13.794459999739699],"crs":null},"id":30,"type":"Feature","properties":{"wl_in":null,"water_count":2,"code":"WL.LPW.01","district":"วังทองหลาง","latitude":13.79446,"name":"ปตร.คลองลาดพร้าว","wl_out01":null,"wl_out02":null,"river":"คลองลาดพร้าว","objectid":30,"longitude":100.58957}},{"geometry":{"type":"Point","coordinates":[100.50837000034196,13.784840000003777],"crs":null},"id":31,"type":"Feature","properties":{"wl_in":null,"water_count":2,"code":"WL.SSN.01","district":"ดุสิต","latitude":13.78484,"name":"ส.สามเสน","wl_out01":null,"wl_out02":null,"river":"คลองสามเสน","objectid":31,"longitude":100.50837}},{"geometry":{"type":"Point","coordinates":[100.61521000037472,13.761720000206116],"crs":null},"id":32,"type":"Feature","properties":{"wl_in":null,"water_count":1,"code":"WL.CKS.01","district":"วังทองหลาง","latitude":13.76172,"name":"ส.คลองเจ้าคุณสิงห์","wl_out01":null,"wl_out02":null,"river":"คลองเจ้าคุณสิงห์","objectid":32,"longitude":100.61521}},{"geometry":{"type":"Point","coordinates":[100.5011299995635,13.771700000310906],"crs":null},"id":33,"type":"Feature","properties":{"wl_in":null,"water_count":2,"code":"WL.KKS.01","district":"พระนคร","latitude":13.7717,"name":"ส.เทเวศร์","wl_out01":null,"wl_out02":null,"river":"คลองผดุงกรุงเกษม","objectid":33,"longitude":100.50113}},{"geometry":{"type":"Point","coordinates":[100.5346200000426,13.769000000053406],"crs":null},"id":34,"type":"Feature","properties":{"wl_in":null,"water_count":1,"code":"WL.SSN.05","district":"ราชเทวี","latitude":13.769,"name":"ค.สามเสน-รพ.พระมงกุฎฯ","wl_out01":null,"wl_out02":null,"river":"คลองสามเสน","objectid":34,"longitude":100.53462}},{"geometry":{"type":"Point","coordinates":[100.64790999993507,13.76509000000142],"crs":null},"id":35,"type":"Feature","properties":{"wl_in":null,"water_count":1,"code":"WL.SSB.07","district":"บางกะปิ","latitude":13.76509,"name":"ค.แสนแสบ-สนข.บางกะปิ","wl_out01":null,"wl_out02":null,"river":"คลองแสนแสบ","objectid":35,"longitude":100.64791}},{"geometry":{"type":"Point","coordinates":[100.59904000007043,13.748509999854301],"crs":null},"id":36,"type":"Feature","properties":{"wl_in":null,"water_count":2,"code":"WL.SSN.08","district":"ห้วยขวาง","latitude":13.74851,"name":"ส.สามเสน-ค.แสนแสบ","wl_out01":null,"wl_out02":null,"river":"คลองสามเสน","objectid":36,"longitude":100.59904}},{"geometry":{"type":"Point","coordinates":[100.59641999976391,13.741259999788562],"crs":null},"id":37,"type":"Feature","properties":{"wl_in":null,"water_count":2,"code":"WL.SSB.04","district":"วัฒนา","latitude":13.74126,"name":"ส.แสนแสบ-คลองตัน","wl_out01":null,"wl_out02":null,"river":"คลองแสนแสบ","objectid":37,"longitude":100.59642}},{"geometry":{"type":"Point","coordinates":[100.51409999960313,13.730349999669905],"crs":null},"id":38,"type":"Feature","properties":{"wl_in":null,"water_count":2,"code":"WL.KKS.04","district":"บางรัก","latitude":13.73035,"name":"ส.กรุงเกษม","wl_out01":null,"wl_out02":null,"river":"คลองผดุงกรุงเกษม","objectid":38,"longitude":100.5141}},{"geometry":{"type":"Point","coordinates":[100.74987000010324,13.724109999867604],"crs":null},"id":39,"type":"Feature","properties":{"wl_in":null,"water_count":2,"code":"WL.PWT.04","district":"ลาดกระบัง","latitude":13.72411,"name":"ปตร.คลองประเวศฯ-ลาดกระบัง","wl_out01":null,"wl_out02":null,"river":"คลองประเวศบุรีรมย์","objectid":39,"longitude":100.74987}},{"geometry":{"type":"Point","coordinates":[100.68956000001108,13.723959999566167],"crs":null},"id":40,"type":"Feature","properties":{"wl_in":null,"water_count":2,"code":"WL.PWT.03","district":"ประเวศ","latitude":13.72396,"name":"ปตร.คลองประเวศฯ-วัดกระทุ่มฯ","wl_out01":null,"wl_out02":null,"river":"คลองประเวศบุรีรมย์","objectid":40,"longitude":100.68956}},{"geometry":{"type":"Point","coordinates":[100.51499000008097,13.718609999709322],"crs":null},"id":41,"type":"Feature","properties":{"wl_in":null,"water_count":3,"code":"WL.STR.01","district":"บางรัก","latitude":13.71861,"name":"ส.สาทร","wl_out01":null,"wl_out02":null,"river":"คลองสาทร","objectid":41,"longitude":100.51499}},{"geometry":{"type":"Point","coordinates":[100.64116999964716,13.715369999955916],"crs":null},"id":42,"type":"Feature","properties":{"wl_in":null,"water_count":1,"code":"WL.PWT.02","district":"สวนหลวง","latitude":13.71537,"name":"ค.ประเวศฯ-วัดขจรฯ","wl_out01":null,"wl_out02":null,"river":"คลองประเวศบุรีรมย์","objectid":42,"longitude":100.64117}},{"geometry":{"type":"Point","coordinates":[100.59502999969386,13.709010000284001],"crs":null},"id":43,"type":"Feature","properties":{"wl_in":null,"water_count":2,"code":"WL.PKN.01","district":"คลองเตย","latitude":13.70901,"name":"ส.พระโขนง","wl_out01":null,"wl_out02":null,"river":"คลองพระโขนง","objectid":43,"longitude":100.59503}},{"geometry":{"type":"Point","coordinates":[100.58778999981375,13.70635000027627],"crs":null},"id":44,"type":"Feature","properties":{"wl_in":null,"water_count":2,"code":"WL.KTY.01","district":"คลองเตย","latitude":13.70635,"name":"ส.คลองเตย","wl_out01":null,"wl_out02":null,"river":"คลองเตย","objectid":44,"longitude":100.58779}},{"geometry":{"type":"Point","coordinates":[100.5898000000249,13.692199999906311],"crs":null},"id":45,"type":"Feature","properties":{"wl_in":null,"water_count":2,"code":"WL.KJK.01","district":"พระโขนง","latitude":13.6922,"name":"ส.คลองเจ็ก","wl_out01":null,"wl_out02":null,"river":"คลองเจ็ก","objectid":45,"longitude":100.5898}},{"geometry":{"type":"Point","coordinates":[100.51676000009262,13.686869999799628],"crs":null},"id":46,"type":"Feature","properties":{"wl_in":null,"water_count":2,"code":"WL.WSI.01","district":"บางคอแหลม","latitude":13.68687,"name":"ส.คลองวัดไทร","wl_out01":null,"wl_out02":null,"river":"คลองวัดไทร","objectid":46,"longitude":100.51676}},{"geometry":{"type":"Point","coordinates":[100.59225999959952,13.682059999699314],"crs":null},"id":47,"type":"Feature","properties":{"wl_in":null,"water_count":2,"code":"WL.BOA.01","district":"พระโขนง","latitude":13.68206,"name":"ส.บางอ้อ","wl_out01":null,"wl_out02":null,"river":"คลองบางอ้อ","objectid":47,"longitude":100.59226}},{"geometry":{"type":"Point","coordinates":[100.58774999963076,13.674820000090431],"crs":null},"id":48,"type":"Feature","properties":{"wl_in":null,"water_count":2,"code":"WL.BNA.01","district":"บางนา","latitude":13.67482,"name":"ส.บางนา","wl_out01":null,"wl_out02":null,"river":"คลองบางนา","objectid":48,"longitude":100.58775}},{"geometry":{"type":"Point","coordinates":[100.63925999989343,13.661020000422278],"crs":null},"id":49,"type":"Feature","properties":{"wl_in":null,"water_count":1,"code":"WL.BNA.03","district":"บางนา","latitude":13.66102,"name":"ค.บางนา ถ.ศรีนครินทร์","wl_out01":null,"wl_out02":null,"river":"คลองบางนา","objectid":49,"longitude":100.63926}},{"geometry":{"type":"Point","coordinates":[100.59522999971043,13.648549999897162],"crs":null},"id":50,"type":"Feature","properties":{"wl_in":null,"water_count":2,"code":"WL.SRG.01","district":"อำเภอเมืองสมุทรปราการ","latitude":13.64855,"name":"ส.คลองสำโรง","wl_out01":null,"wl_out02":null,"river":"คลองสำโรง","objectid":50,"longitude":100.59523}},{"geometry":{"type":"Point","coordinates":[100.87209999956727,13.855369999660486],"crs":null},"id":51,"type":"Feature","properties":{"wl_in":null,"water_count":2,"code":"WL.SSB.12","district":"หนองจอก","latitude":13.85537,"name":"ส.คลองแสนแสบ หนองจอก","wl_out01":null,"wl_out02":null,"river":"คลองแสนแสบ","objectid":51,"longitude":100.8721}},{"geometry":{"type":"Point","coordinates":[100.54852999989049,13.695199999790976],"crs":null},"id":52,"type":"Feature","properties":{"wl_in":null,"water_count":2,"code":"WL.CNS.01","district":"ยานนาวา","latitude":13.6952,"name":"ส.คลองช่องนนทรี","wl_out01":null,"wl_out02":null,"river":"คลองช่องนนทรี","objectid":52,"longitude":100.54853}},{"geometry":{"type":"Point","coordinates":[100.59082000019907,13.689130000038556],"crs":null},"id":53,"type":"Feature","properties":{"wl_in":null,"water_count":2,"code":"WL.BJK.01","district":"พระโขนง","latitude":13.68913,"name":"ส.บางจาก","wl_out01":null,"wl_out02":null,"river":"คลองบางจาก","objectid":53,"longitude":100.59082}},{"geometry":{"type":"Point","coordinates":[100.5401600002313,13.670679999873446],"crs":null},"id":54,"type":"Feature","properties":{"wl_in":null,"water_count":2,"code":"WL.KDN.01","district":"ยานนาวา","latitude":13.67068,"name":"ปตร.คลองวัดด่าน","wl_out01":null,"wl_out02":null,"river":"คลองวัดด่าน","objectid":54,"longitude":100.54016}},{"geometry":{"type":"Point","coordinates":[100.55709999956619,13.830209999642666],"crs":null},"id":55,"type":"Feature","properties":{"wl_in":null,"water_count":1,"code":"WL.VPV.01","district":"จตุจักร","latitude":13.83021,"name":"ส.รัชดา-วิภาวดี","wl_out01":null,"wl_out02":null,"river":"คูน้ำวิภาวดี","objectid":55,"longitude":100.5571}},{"geometry":{"type":"Point","coordinates":[100.53614999985474,13.74795000022098],"crs":null},"id":56,"type":"Feature","properties":{"wl_in":null,"water_count":2,"code":"WL.ORC.01","district":"ปทุมวัน","latitude":13.74795,"name":"ส.คลองอรชร","wl_out01":null,"wl_out02":null,"river":"คลองอรชร","objectid":56,"longitude":100.53615}},{"geometry":{"type":"Point","coordinates":[100.7923699995758,13.920550000128467],"crs":null},"id":57,"type":"Feature","properties":{"wl_in":null,"water_count":1,"code":"WL.KKO.01","district":"หนองจอก","latitude":13.92055,"name":"ค.เก้า-วัดศรีสุขฯ","wl_out01":null,"wl_out02":null,"river":"คลองเก้า","objectid":57,"longitude":100.79237}},{"geometry":{"type":"Point","coordinates":[100.86247999958012,13.913589999903536],"crs":null},"id":58,"type":"Feature","properties":{"wl_in":null,"water_count":1,"code":"WL.SSG.01","district":"หนองจอก","latitude":13.91359,"name":"ค.สิบสอง-ถ.ประชาสำราญ","wl_out01":null,"wl_out02":null,"river":"คลองสิบสอง","objectid":58,"longitude":100.86248}},{"geometry":{"type":"Point","coordinates":[100.86778999961506,13.858740000205751],"crs":null},"id":59,"type":"Feature","properties":{"wl_in":null,"water_count":2,"code":"WL.SSM.01","district":"หนองจอก","latitude":13.85874,"name":"ปตร.คลองสิบสาม","wl_out01":null,"wl_out02":null,"river":"คลองสิบสาม","objectid":59,"longitude":100.86779}},{"geometry":{"type":"Point","coordinates":[100.80343999990745,13.851410000204185],"crs":null},"id":60,"type":"Feature","properties":{"wl_in":null,"water_count":1,"code":"WL.SSB.11","district":"หนองจอก","latitude":13.85141,"name":"ค.แสนแสบ-วัดทรัพย์ฯ","wl_out01":null,"wl_out02":null,"river":"คลองแสนแสบ","objectid":60,"longitude":100.80344}},{"geometry":{"type":"Point","coordinates":[100.9374200001187,13.813029999839664],"crs":null},"id":61,"type":"Feature","properties":{"wl_in":null,"water_count":2,"code":"WL.LPG.02","district":"หนองจอก","latitude":13.81303,"name":"ปตร.คลองหลวงแพ่ง","wl_out01":null,"wl_out02":null,"river":"คลองหลวงแพ่ง","objectid":61,"longitude":100.93742}},{"geometry":{"type":"Point","coordinates":[100.78818000017247,13.800689999658038],"crs":null},"id":62,"type":"Feature","properties":{"wl_in":null,"water_count":1,"code":"WL.BYI.01","district":"มีนบุรี","latitude":13.80069,"name":"ค.บึงใหญ่-วัดทองสัมฤทธิ์","wl_out01":null,"wl_out02":null,"river":"คลองบึงใหญ่","objectid":62,"longitude":100.78818}},{"geometry":{"type":"Point","coordinates":[100.8352399998425,13.79205000030547],"crs":null},"id":63,"type":"Feature","properties":{"wl_in":null,"water_count":1,"code":"WL.LPC.01","district":"หนองจอก","latitude":13.79205,"name":"ค.ลำผักชี รร.ลำผักชี","wl_out01":null,"wl_out02":null,"river":"คลองลำผักชี","objectid":63,"longitude":100.83524}},{"geometry":{"type":"Point","coordinates":[100.78398999987084,13.723959999566167],"crs":null},"id":64,"type":"Feature","properties":{"wl_in":null,"water_count":1,"code":"WL.PWT.05","district":"ลาดกระบัง","latitude":13.72396,"name":"ค.ประเวศฯ-รพ.ลาดกระบัง","wl_out01":null,"wl_out02":null,"river":"คลองประเวศบุรีรมย์","objectid":64,"longitude":100.78399}},{"geometry":{"type":"Point","coordinates":[100.85094999983926,13.70101999979161],"crs":null},"id":65,"type":"Feature","properties":{"wl_in":null,"water_count":1,"code":"WL.PWT.06","district":"ลาดกระบัง","latitude":13.70102,"name":"ค.ประเวศฯ-ถ.ร่วมพัฒนา","wl_out01":null,"wl_out02":null,"river":"คลองประเวศบุรีรมย์","objectid":65,"longitude":100.85095}},{"geometry":{"type":"Point","coordinates":[100.65350000035248,13.694790000170793],"crs":null},"id":66,"type":"Feature","properties":{"wl_in":null,"water_count":2,"code":"WL.NBN.01","district":"ประเวศ","latitude":13.69479,"name":"ส.บึงหนองบอน","wl_out01":null,"wl_out02":null,"river":"คลองหนองบอน","objectid":66,"longitude":100.6535}},{"geometry":{"type":"Point","coordinates":[100.53594999983821,13.804630000262389],"crs":null},"id":67,"type":"Feature","properties":{"wl_in":null,"water_count":1,"code":"WL.KPM.01","district":"บางซื่อ","latitude":13.80463,"name":"ค.เปรมฯ-อุโมงค์","wl_out01":null,"wl_out02":null,"river":"คลองเปรมประชากร","objectid":67,"longitude":100.53595}},{"geometry":{"type":"Point","coordinates":[100.56090999992622,13.850690000108607],"crs":null},"id":68,"type":"Feature","properties":{"wl_in":null,"water_count":1,"code":"WL.KPM.03","district":"จตุจักร","latitude":13.85069,"name":"ค.เปรมฯ-วัดเทวฯ","wl_out01":null,"wl_out02":null,"river":"คลองเปรมประชากร","objectid":68,"longitude":100.56091}},{"geometry":{"type":"Point","coordinates":[100.60579000040413,13.943359999714566],"crs":null},"id":69,"type":"Feature","properties":{"wl_in":null,"water_count":1,"code":"WL.KPM.06","district":"ดอนเมือง","latitude":13.94336,"name":"ค.เปรมประชากร-ค.บ้านใหม่","wl_out01":null,"wl_out02":null,"river":"คลองเปรมประชากร","objectid":69,"longitude":100.60579}},{"geometry":{"type":"Point","coordinates":[100.59645999994687,13.759539999574846],"crs":null},"id":70,"type":"Feature","properties":{"wl_in":null,"water_count":1,"code":"WL.LPW.05","district":"ห้วยขวาง","latitude":13.75954,"name":"ค.ลาดพร้าว ถ.ประดิษฐ์มนูธรรม","wl_out01":null,"wl_out02":null,"river":"คลองลาดพร้าว","objectid":70,"longitude":100.59646}},{"geometry":{"type":"Point","coordinates":[100.58821999998403,13.802930000278847],"crs":null},"id":71,"type":"Feature","properties":{"wl_in":null,"water_count":1,"code":"WL.LPW.02","district":"จตุจักร","latitude":13.80293,"name":"ค.ลาดพร้าว-วัดลาดพร้าว","wl_out01":null,"wl_out02":null,"river":"คลองลาดพร้าว","objectid":71,"longitude":100.58822}},{"geometry":{"type":"Point","coordinates":[100.58973999975044,13.832239999847989],"crs":null},"id":72,"type":"Feature","properties":{"wl_in":null,"water_count":1,"code":"WL.LPW.03","district":"ลาดพร้าว","latitude":13.83224,"name":"ค.ลาดพร้าว-เสนานิคม","wl_out01":null,"wl_out02":null,"river":"คลองลาดพร้าว","objectid":72,"longitude":100.58974}},{"geometry":{"type":"Point","coordinates":[100.45451000010951,13.79841000022473],"crs":null},"id":73,"type":"Feature","properties":{"wl_in":null,"water_count":1,"code":"WL.MSW.01","district":"ตลิ่งชัน","latitude":13.79841,"name":"ค.มหาสวัสดิ์-สวนแดน 2","wl_out01":null,"wl_out02":null,"river":"คลองมหาสวัสดิ์","objectid":73,"longitude":100.45451}},{"geometry":{"type":"Point","coordinates":[100.39431999966796,13.801870000010428],"crs":null},"id":74,"type":"Feature","properties":{"wl_in":null,"water_count":1,"code":"WL.MSW.03","district":"ทวีวัฒนา","latitude":13.80187,"name":"ค.มหาสวัสดิ์-ถ.พุทธฯสาย 2","wl_out01":null,"wl_out02":null,"river":"คลองมหาสวัสดิ์","objectid":74,"longitude":100.39432}},{"geometry":{"type":"Point","coordinates":[100.57494000032302,13.80104000000085],"crs":null},"id":75,"type":"Feature","properties":{"wl_in":null,"water_count":1,"code":"WL.NKW.01","district":"จตุจักร","latitude":13.80104,"name":"ค.น้ำแก้ว-รัชดาฯ","wl_out01":null,"wl_out02":null,"river":"คลองน้ำแก้ว","objectid":75,"longitude":100.57494}},{"geometry":{"type":"Point","coordinates":[100.49465999961231,13.74218000007322],"crs":null},"id":76,"type":"Feature","properties":{"wl_in":null,"water_count":1,"code":"WL.PKG.01","district":"พระนคร","latitude":13.74218,"name":"ส.ปากคลองตลาด","wl_out01":null,"wl_out02":null,"river":"แม่น้ำเจ้าพระยา","objectid":76,"longitude":100.49466}},{"geometry":{"type":"Point","coordinates":[100.41782000026409,13.52834000013792],"crs":null},"id":77,"type":"Feature","properties":{"wl_in":null,"water_count":1,"code":"WL.PLK.01","district":"บางขุนเทียน","latitude":13.52834,"name":"ค.พิทยาฯ-รร.พิทยาลงกรณ์","wl_out01":null,"wl_out02":null,"river":"คลองพิทยาลงกรณ์","objectid":77,"longitude":100.41782}},{"geometry":{"type":"Point","coordinates":[100.42989999982586,13.668850000008407],"crs":null},"id":78,"type":"Feature","properties":{"wl_in":null,"water_count":1,"code":"WL.RMT.02","district":"บางขุนเทียน","latitude":13.66885,"name":"ค.ราชมนตรี-พระราม 2","wl_out01":null,"wl_out02":null,"river":"คลองพระยาราชมนตรี","objectid":78,"longitude":100.4299}},{"geometry":{"type":"Point","coordinates":[100.65425000018992,13.51295000029734],"crs":null},"id":79,"type":"Feature","properties":{"wl_in":null,"water_count":1,"code":"WL.BPU.01","district":"อำเภอเมืองสมุทรปราการ","latitude":13.51295,"name":"บางปู","wl_out01":null,"wl_out02":null,"river":"สถานตากอากาศบางปู","objectid":79,"longitude":100.65425}},{"geometry":{"type":"Point","coordinates":[100.52120999978693,13.777719999905308],"crs":null},"id":80,"type":"Feature","properties":{"wl_in":null,"water_count":1,"code":"WL.SSN.02","district":"ดุสิต","latitude":13.77772,"name":"ค.สามเสน ถ.พระราม 5","wl_out01":null,"wl_out02":null,"river":"คลองสามเสน","objectid":80,"longitude":100.52121}},{"geometry":{"type":"Point","coordinates":[100.53960000036466,13.76550999963083],"crs":null},"id":81,"type":"Feature","properties":{"wl_in":null,"water_count":1,"code":"WL.SSN.04","district":"ราชเทวี","latitude":13.76551,"name":"ค.สามเสน-ถ.พหลฯ","wl_out01":null,"wl_out02":null,"river":"คลองสามเสน","objectid":81,"longitude":100.5396}},{"geometry":{"type":"Point","coordinates":[100.55259999964318,13.756039999955458],"crs":null},"id":82,"type":"Feature","properties":{"wl_in":null,"water_count":1,"code":"WL.SSN.06","district":"ดินแดง","latitude":13.75604,"name":"ค.สามเสน-ดินแดง","wl_out01":null,"wl_out02":null,"river":"คลองสามเสน","objectid":82,"longitude":100.5526}},{"geometry":{"type":"Point","coordinates":[100.5926799997241,13.75037999989663],"crs":null},"id":83,"type":"Feature","properties":{"wl_in":null,"water_count":1,"code":"WL.SSN.09","district":"ห้วยขวาง","latitude":13.75038,"name":"ค.สามเสน-ถ.เอกมัย","wl_out01":null,"wl_out02":null,"river":"คลองสามเสน","objectid":83,"longitude":100.59268}},{"geometry":{"type":"Point","coordinates":[100.51722000040016,13.752870000431331],"crs":null},"id":84,"type":"Feature","properties":{"wl_in":null,"water_count":1,"code":"WL.SSB.01","district":"ป้อมปราบศัตรูพ่าย","latitude":13.75287,"name":"ค.แสนแสบ-โบ๊เบ๊","wl_out01":null,"wl_out02":null,"river":"คลองแสนแสบ","objectid":84,"longitude":100.51722}},{"geometry":{"type":"Point","coordinates":[100.56303999978799,13.747829999626722],"crs":null},"id":85,"type":"Feature","properties":{"wl_in":null,"water_count":1,"code":"WL.SSB.03","district":"ราชเทวี","latitude":13.74783,"name":"ค.แสนแสบ-อโศก","wl_out01":null,"wl_out02":null,"river":"คลองแสนแสบ","objectid":85,"longitude":100.56304}},{"geometry":{"type":"Point","coordinates":[100.6043600001511,13.737760000068148],"crs":null},"id":86,"type":"Feature","properties":{"wl_in":null,"water_count":1,"code":"WL.KLT.01","district":"สวนหลวง","latitude":13.73776,"name":"ค.ตัน-ทางด่วน","wl_out01":null,"wl_out02":null,"river":"คลองตัน","objectid":86,"longitude":100.60436}},{"geometry":{"type":"Point","coordinates":[100.61531999997958,13.761269999702357],"crs":null},"id":87,"type":"Feature","properties":{"wl_in":null,"water_count":1,"code":"WL.SSB.06","district":"บางกะปิ","latitude":13.76127,"name":"ค.แสนแสบ-เจ้าคุณสิงห์","wl_out01":null,"wl_out02":null,"river":"คลองแสนแสบ","objectid":87,"longitude":100.61532}},{"geometry":{"type":"Point","coordinates":[100.67387000010582,13.780499999775847],"crs":null},"id":88,"type":"Feature","properties":{"wl_in":null,"water_count":1,"code":"WL.SSB.08","district":"บึงกุ่ม","latitude":13.7805,"name":"ค.แสนแสบ-เสรีไทย 24","wl_out01":null,"wl_out02":null,"river":"คลองแสนแสบ","objectid":88,"longitude":100.67387}},{"geometry":{"type":"Point","coordinates":[100.32976999994382,13.800419999832334],"crs":null},"id":89,"type":"Feature","properties":{"wl_in":null,"water_count":2,"code":"WL.TWW.01","district":"ทวีวัฒนา","latitude":13.80042,"name":"ปตร.คลองทวีวัฒนา","wl_out01":null,"wl_out02":null,"river":"คลองทวีวัฒนา","objectid":89,"longitude":100.32977}},{"geometry":{"type":"Point","coordinates":[100.41598999997797,13.799929999996639],"crs":null},"id":90,"type":"Feature","properties":{"wl_in":null,"water_count":2,"code":"WL.KBU.01","district":"ตลิ่งชัน","latitude":13.79993,"name":"ปตร.คลองบัว ทางรถไฟ","wl_out01":null,"wl_out02":null,"river":"คลองบัว","objectid":90,"longitude":100.41599}},{"geometry":{"type":"Point","coordinates":[100.46431000002173,13.778900000331932],"crs":null},"id":91,"type":"Feature","properties":{"wl_in":null,"water_count":2,"code":"WL.CPA.01","district":"ตลิ่งชัน","latitude":13.7789,"name":"ส.คลองชักพระ","wl_out01":null,"wl_out02":null,"river":"คลองชักพระ","objectid":91,"longitude":100.46431}},{"geometry":{"type":"Point","coordinates":[100.48488999983734,13.747029999910788],"crs":null},"id":92,"type":"Feature","properties":{"wl_in":null,"water_count":2,"code":"WL.KMN.01","district":"บางกอกน้อย","latitude":13.74703,"name":"ส.คลองมอญ","wl_out01":null,"wl_out02":null,"river":"คลองมอญ","objectid":92,"longitude":100.48489}},{"geometry":{"type":"Point","coordinates":[100.42747000038844,13.742190000075423],"crs":null},"id":93,"type":"Feature","properties":{"wl_in":null,"water_count":1,"code":"WL.BCN.02","district":"ภาษีเจริญ","latitude":13.74219,"name":"ค.บางเชือกหนัง-ถ.พุทธมณฑลสาย 1","wl_out01":null,"wl_out02":null,"river":"คลองบางเชือกหนัง","objectid":93,"longitude":100.42747}},{"geometry":{"type":"Point","coordinates":[100.4899200003881,13.740199999951834],"crs":null},"id":94,"type":"Feature","properties":{"wl_in":null,"water_count":2,"code":"WL.BKY.01","district":"ธนบุรี","latitude":13.7402,"name":"ส.คลองบางกอกใหญ่","wl_out01":null,"wl_out02":null,"river":"คลองบางกอกใหญ่","objectid":94,"longitude":100.48992}},{"geometry":{"type":"Point","coordinates":[100.46868000024841,13.722209999726761],"crs":null},"id":95,"type":"Feature","properties":{"wl_in":null,"water_count":2,"code":"WL.PSC.01","district":"ภาษีเจริญ","latitude":13.72221,"name":"ส.คลองภาษีเจริญ","wl_out01":null,"wl_out02":null,"river":"คลองภาษีเจริญ","objectid":95,"longitude":100.46868}},{"geometry":{"type":"Point","coordinates":[100.42614999974029,13.708179999935197],"crs":null},"id":96,"type":"Feature","properties":{"wl_in":null,"water_count":1,"code":"WL.PSC.03","district":"ภาษีเจริญ","latitude":13.70818,"name":"ค.ราชมนตรี-ภาษีเจริญ","wl_out01":null,"wl_out02":null,"river":"คลองภาษีเจริญ","objectid":96,"longitude":100.42615}},{"geometry":{"type":"Point","coordinates":[100.49646999980692,13.706710000090842],"crs":null},"id":97,"type":"Feature","properties":{"wl_in":null,"water_count":2,"code":"WL.SRE.01","district":"ธนบุรี","latitude":13.70671,"name":"ส.คลองสำเหร่","wl_out01":null,"wl_out02":null,"river":"คลองสำเหร่","objectid":97,"longitude":100.49647}},{"geometry":{"type":"Point","coordinates":[100.46485999984262,13.700989999756226],"crs":null},"id":98,"type":"Feature","properties":{"wl_in":null,"water_count":1,"code":"WL.SNC.02","district":"จอมทอง","latitude":13.70099,"name":"ค.สนามชัย-บางขุนเทียน","wl_out01":null,"wl_out02":null,"river":"คลองสนามชัย","objectid":98,"longitude":100.46486}},{"geometry":{"type":"Point","coordinates":[100.4875899996115,13.694860000348163],"crs":null},"id":99,"type":"Feature","properties":{"wl_in":null,"water_count":2,"code":"WL.DKN.01","district":"ราษฎร์บูรณะ","latitude":13.69486,"name":"ส.ดาวคะนอง","wl_out01":null,"wl_out02":null,"river":"คลองดาวคะนอง","objectid":99,"longitude":100.48759}},{"geometry":{"type":"Point","coordinates":[100.38106000009843,13.691629999886997],"crs":null},"id":100,"type":"Feature","properties":{"wl_in":null,"water_count":1,"code":"WL.TWW.05","district":"บางแค","latitude":13.69163,"name":"ค.ทวีวัฒนา-ภาษีฯ","wl_out01":null,"wl_out02":null,"river":"คลองทวีวัฒนา","objectid":100,"longitude":100.38106}},{"geometry":{"type":"Point","coordinates":[100.44606000008442,13.673089999879908],"crs":null},"id":101,"type":"Feature","properties":{"wl_in":null,"water_count":2,"code":"WL.SBT.01","district":"บางขุนเทียน","latitude":13.67309,"name":"ส.คลองสี่บาท","wl_out01":null,"wl_out02":null,"river":"คลองสี่บาท","objectid":101,"longitude":100.44606}},{"geometry":{"type":"Point","coordinates":[100.52111000022781,13.676340000331358],"crs":null},"id":102,"type":"Feature","properties":{"wl_in":null,"water_count":2,"code":"WL.JRN.01","district":"ราษฎร์บูรณะ","latitude":13.67634,"name":"ส.คลองแจงร้อน","wl_out01":null,"wl_out02":null,"river":"คลองแจงร้อน","objectid":102,"longitude":100.52111}},{"geometry":{"type":"Point","coordinates":[100.50202000004136,13.63487000012969],"crs":null},"id":103,"type":"Feature","properties":{"wl_in":null,"water_count":2,"code":"WL.RJK.01","district":"ทุ่งครุ","latitude":13.63487,"name":"ปตร.คลองรางจาก-ประชาอุทิศ","wl_out01":null,"wl_out02":null,"river":"คลองรางจาก","objectid":103,"longitude":100.50202}},{"geometry":{"type":"Point","coordinates":[100.41311000027878,13.606950000171286],"crs":null},"id":104,"type":"Feature","properties":{"wl_in":null,"water_count":2,"code":"WL.LPN.01","district":"บางขุนเทียน","latitude":13.60695,"name":"ส.คลองเลนเปน","wl_out01":null,"wl_out02":null,"river":"คลองเลนเปน","objectid":104,"longitude":100.41311}},{"geometry":{"type":"Point","coordinates":[100.39460000005045,13.60383999988513],"crs":null},"id":105,"type":"Feature","properties":{"wl_in":null,"water_count":2,"code":"WL.RHN.01","district":"บางขุนเทียน","latitude":13.60384,"name":"ส.คลองระหาญ","wl_out01":null,"wl_out02":null,"river":"คลองระหาญ","objectid":105,"longitude":100.3946}},{"geometry":{"type":"Point","coordinates":[100.4391399998714,13.628169999730881],"crs":null},"id":106,"type":"Feature","properties":{"wl_in":null,"water_count":2,"code":"WL.RMT.01","district":"บางขุนเทียน","latitude":13.62817,"name":"ส.คลองพระยาราชมนตรี","wl_out01":null,"wl_out02":null,"river":"คลองพระยาราชมนตรี","objectid":106,"longitude":100.43914}},{"geometry":{"type":"Point","coordinates":[100.49743999975239,13.706820000142319],"crs":null},"id":107,"type":"Feature","properties":{"wl_in":null,"water_count":2,"code":"WL.BSK.01","district":"คลองสาน","latitude":13.70682,"name":"ส.คลองบางไส้ไก่","wl_out01":null,"wl_out02":null,"river":"คลองบางไส้ไก่","objectid":107,"longitude":100.49744}},{"geometry":{"type":"Point","coordinates":[100.3707799997872,13.80250999989286],"crs":null},"id":108,"type":"Feature","properties":{"wl_in":null,"water_count":2,"code":"WL.SBR.01","district":"ทวีวัฒนา","latitude":13.80251,"name":"ปตร.คลองขุนศรีฯ-ค.มหาสวัสดิ์","wl_out01":null,"wl_out02":null,"river":"คลองขุนศรีบุรีรักษ์","objectid":108,"longitude":100.37078}},{"geometry":{"type":"Point","coordinates":[100.4595499998077,13.743579999720753],"crs":null},"id":109,"type":"Feature","properties":{"wl_in":null,"water_count":1,"code":"WL.BKY.02","district":"ภาษีเจริญ","latitude":13.74358,"name":"ค.บางเชือกหนัง-วัดปากน้ำฝั่งใต้","wl_out01":null,"wl_out02":null,"river":"คลองบางเชือกหนัง","objectid":109,"longitude":100.45955}},{"geometry":{"type":"Point","coordinates":[100.35340000023626,13.750629999797113],"crs":null},"id":110,"type":"Feature","properties":{"wl_in":null,"water_count":1,"code":"WL.TWW.04","district":"ทวีวัฒนา","latitude":13.75063,"name":"ค.ทวีฯ-บางเชือกหนัง","wl_out01":null,"wl_out02":null,"river":"คลองทวีวัฒนา","objectid":110,"longitude":100.3534}},{"geometry":{"type":"Point","coordinates":[100.35047000030832,13.681379999870042],"crs":null},"id":111,"type":"Feature","properties":{"wl_in":null,"water_count":1,"code":"WL.PSC.04","district":"หนองแขม","latitude":13.68138,"name":"ค.ภาษีเจริญ-ค.มหาศร","wl_out01":null,"wl_out02":null,"river":"คลองภาษีเจริญ","objectid":111,"longitude":100.35047}},{"geometry":{"type":"Point","coordinates":[100.3794399998746,13.642490000044289],"crs":null},"id":112,"type":"Feature","properties":{"wl_in":null,"water_count":1,"code":"WL.BBN.03","district":"บางบอน","latitude":13.64249,"name":"ค.บางบอน-ค.สะแกงาม","wl_out01":null,"wl_out02":null,"river":"คลองบางบอน","objectid":112,"longitude":100.37944}},{"geometry":{"type":"Point","coordinates":[100.447650000171,13.638059999665856],"crs":null},"id":113,"type":"Feature","properties":{"wl_in":null,"water_count":2,"code":"WL.SNC.01","district":"บางขุนเทียน","latitude":13.63806,"name":"ส.คลองสนามชัย","wl_out01":null,"wl_out02":null,"river":"คลองสนามชัย","objectid":113,"longitude":100.44765}},{"geometry":{"type":"Point","coordinates":[100.61087000028527,13.89973999969365],"crs":null},"id":114,"type":"Feature","properties":{"wl_in":null,"water_count":1,"code":"WL.KSG.01","district":"บางเขน","latitude":13.89974,"name":"จุดวัดคลองสอง ตอนถนนพหลโยธิน","wl_out01":null,"wl_out02":null,"river":"คลองสอง","objectid":114,"longitude":100.61087}},{"geometry":{"type":"Point","coordinates":[100.5682300001723,13.763239999657044],"crs":null},"id":115,"type":"Feature","properties":{"wl_in":null,"water_count":1,"code":"WL.YSN.02","district":"ห้วยขวาง","latitude":13.76324,"name":"ค.คลองยายสุ่น ถ.รัชดาภิเษก","wl_out01":null,"wl_out02":null,"river":"คลองยายสุ่น","objectid":115,"longitude":100.56823}},{"geometry":{"type":"Point","coordinates":[100.5935600001562,13.76873999997261],"crs":null},"id":116,"type":"Feature","properties":{"wl_in":null,"water_count":1,"code":"WL.LPW.04","district":"วังทองหลาง","latitude":13.76874,"name":"ค.ลาดพร้าว ถ.ประชาอุทิศ","wl_out01":null,"wl_out02":null,"river":"คลองลาดพร้าว","objectid":116,"longitude":100.59356}},{"geometry":{"type":"Point","coordinates":[100.54935000004812,13.829930000270075],"crs":null},"id":117,"type":"Feature","properties":{"wl_in":null,"water_count":1,"code":"WL.KPM.02","district":"จตุจักร","latitude":13.82993,"name":"ค.เปรมประชากร ถ.รัชดาภิเษก","wl_out01":null,"wl_out02":null,"river":"คลองเปรมประชากร","objectid":117,"longitude":100.54935}},{"geometry":{"type":"Point","coordinates":[100.57423999981596,13.8754600001981],"crs":null},"id":118,"type":"Feature","properties":{"wl_in":null,"water_count":1,"code":"WL.KPM.04","district":"หลักสี่","latitude":13.87546,"name":"ค.เปรมประชากร-ค.บางตลาด","wl_out01":null,"wl_out02":null,"river":"คลองเปรมประชากร","objectid":118,"longitude":100.57424}},{"geometry":{"type":"Point","coordinates":[100.60050999960811,13.923159999599365],"crs":null},"id":119,"type":"Feature","properties":{"wl_in":null,"water_count":1,"code":"WL.KPM.05","district":"ดอนเมือง","latitude":13.92316,"name":"ค.เปรมประชากร ถ.สรงประภา","wl_out01":null,"wl_out02":null,"river":"คลองเปรมประชากร","objectid":119,"longitude":100.60051}},{"geometry":{"type":"Point","coordinates":[100.53881000034421,13.797590000367691],"crs":null},"id":120,"type":"Feature","properties":{"wl_in":null,"water_count":1,"code":"WL.BSU.03","district":"จตุจักร","latitude":13.79759,"name":"ค.บางซื่อ ถ.พระราม 6","wl_out01":null,"wl_out02":null,"river":"คลองบางซื่อ","objectid":120,"longitude":100.53881}},{"geometry":{"type":"Point","coordinates":[100.52999999957069,13.772839999723537],"crs":null},"id":121,"type":"Feature","properties":{"wl_in":null,"water_count":1,"code":"WL.SSN.03","district":"พญาไท","latitude":13.77284,"name":"ค.สามเสน ถ.พระราม 6","wl_out01":null,"wl_out02":null,"river":"คลองสามเสน","objectid":121,"longitude":100.53}},{"geometry":{"type":"Point","coordinates":[100.56504999999915,13.75512000002327],"crs":null},"id":122,"type":"Feature","properties":{"wl_in":null,"water_count":1,"code":"WL.SSN.07","district":"ห้วยขวาง","latitude":13.75512,"name":"ค.สามเสน ถ.อโศก","wl_out01":null,"wl_out02":null,"river":"คลองสามเสน","objectid":122,"longitude":100.56505}},{"geometry":{"type":"Point","coordinates":[100.55819000006059,13.875789999796122],"crs":null},"id":123,"type":"Feature","properties":{"wl_in":null,"water_count":1,"code":"WL.BTL.01","district":"หลักสี่","latitude":13.87579,"name":"ค.บางตลาด-ท่าทราย","wl_out01":null,"wl_out02":null,"river":"คลองบางตลาด","objectid":123,"longitude":100.55819}},{"geometry":{"type":"Point","coordinates":[100.67828999966291,13.850770000423212],"crs":null},"id":124,"type":"Feature","properties":{"wl_in":null,"water_count":1,"code":"WL.PSR.04","district":"คลองสามวา","latitude":13.85077,"name":"ปตร.พระยาสุเรนทร์ ตอนคู้บอน","wl_out01":null,"wl_out02":null,"river":"คลองพระยาสุเรนทร์","objectid":124,"longitude":100.67829}},{"geometry":{"type":"Point","coordinates":[100.6861399996384,13.87621000042892],"crs":null},"id":125,"type":"Feature","properties":{"wl_in":null,"water_count":1,"code":"WL.PSR.03","district":"คลองสามวา","latitude":13.87621,"name":"ค.พระยาสุเรนทร์ ถ.จตุโชติ","wl_out01":null,"wl_out02":null,"river":"คลองพระยาสุเรนทร์","objectid":125,"longitude":100.68614}},{"geometry":{"type":"Point","coordinates":[100.69048999977356,13.90120999969141],"crs":null},"id":126,"type":"Feature","properties":{"wl_in":null,"water_count":1,"code":"WL.PSR.02","district":"คลองสามวา","latitude":13.90121,"name":"ค.พระยาสุเรนทร์ ถ.หนองระแหง","wl_out01":null,"wl_out02":null,"river":"คลองพระยาสุเรนทร์","objectid":126,"longitude":100.69049}},{"geometry":{"type":"Point","coordinates":[100.68803000019894,13.836980000173261],"crs":null},"id":127,"type":"Feature","properties":{"wl_in":null,"water_count":1,"code":"WL.PSR.05","district":"คลองสามวา","latitude":13.83698,"name":"ค.พระยาสุเรนทร์ ปัญญาอินทรา","wl_out01":null,"wl_out02":null,"river":"คลองพระยาสุเรนทร์","objectid":127,"longitude":100.68803}},{"geometry":{"type":"Point","coordinates":[100.70164999961858,13.802739999803265],"crs":null},"id":128,"type":"Feature","properties":{"wl_in":null,"water_count":1,"code":"WL.PSR.06","district":"มีนบุรี","latitude":13.80274,"name":"ค.พระยาสุเรนทร์ บางชัน","wl_out01":null,"wl_out02":null,"river":"คลองพระยาสุเรนทร์","objectid":128,"longitude":100.70165}},{"geometry":{"type":"Point","coordinates":[100.7306700003119,13.808170000365163],"crs":null},"id":129,"type":"Feature","properties":{"wl_in":null,"water_count":1,"code":"WL.STN.01","district":"มีนบุรี","latitude":13.80817,"name":"ค.สองต้นนุ่น ถ.รามคำแหง ","wl_out01":null,"wl_out02":null,"river":"คลองสองต้นนุ่น","objectid":129,"longitude":100.73067}},{"geometry":{"type":"Point","coordinates":[100.73882999990879,13.77709999974776],"crs":null},"id":130,"type":"Feature","properties":{"wl_in":null,"water_count":1,"code":"WL.STN.02","district":"ลาดกระบัง","latitude":13.7771,"name":"ค.สองต้นน่น ซ.ร่มเกล้า 20","wl_out01":null,"wl_out02":null,"river":"คลองสองต้นนุ่น","objectid":130,"longitude":100.73883}},{"geometry":{"type":"Point","coordinates":[100.73898999974239,13.729749999888352],"crs":null},"id":131,"type":"Feature","properties":{"wl_in":null,"water_count":1,"code":"WL.STN.03","district":"ลาดกระบัง","latitude":13.72975,"name":"ค.สองต้นนุ่น ถ.มอเตอร์เวย์","wl_out01":null,"wl_out02":null,"river":"คลองสองต้นนุ่น","objectid":131,"longitude":100.73899}},{"geometry":{"type":"Point","coordinates":[100.86679000043067,13.853659999969045],"crs":null},"id":132,"type":"Feature","properties":{"wl_in":null,"water_count":1,"code":"WL.LPT.01","district":"หนองจอก","latitude":13.85366,"name":"ค.ลำปลาทิว ถ.สังฆสันติสุข","wl_out01":null,"wl_out02":null,"river":"คลองลำปลาทิว","objectid":132,"longitude":100.86679}},{"geometry":{"type":"Point","coordinates":[100.85012999968161,13.817470000422238],"crs":null},"id":133,"type":"Feature","properties":{"wl_in":null,"water_count":1,"code":"WL.LPT.04","district":"หนองจอก","latitude":13.81747,"name":"ค.ลำปลาทิว ซ.เชื่อมสัมพันธ์ 25","wl_out01":null,"wl_out02":null,"river":"คลองลำปลาทิว","objectid":133,"longitude":100.85013}},{"geometry":{"type":"Point","coordinates":[100.81298000042695,13.770049999787147],"crs":null},"id":134,"type":"Feature","properties":{"wl_in":null,"water_count":1,"code":"WL.LPT.02","district":"ลาดกระบัง","latitude":13.77005,"name":"ค.ลำปลาทิว ซ.ฉลองกรุง 54","wl_out01":null,"wl_out02":null,"river":"คลองลำปลาทิว","objectid":134,"longitude":100.81298}},{"geometry":{"type":"Point","coordinates":[100.79473999963705,13.740680000142707],"crs":null},"id":135,"type":"Feature","properties":{"wl_in":null,"water_count":1,"code":"WL.LPT.03","district":"ลาดกระบัง","latitude":13.74068,"name":"ค.ลำปลาทิว ซ.ฉลองกรุง 8","wl_out01":null,"wl_out02":null,"river":"คลองลำปลาทิว","objectid":135,"longitude":100.79474}},{"geometry":{"type":"Point","coordinates":[100.63295999982154,13.752800000108762],"crs":null},"id":136,"type":"Feature","properties":{"wl_in":null,"water_count":1,"code":"WL.KJG.01","district":"บางกะปิ","latitude":13.7528,"name":"ค.จิก ถ.หัวหมาก","wl_out01":null,"wl_out02":null,"river":"คลองจิก","objectid":136,"longitude":100.63296}},{"geometry":{"type":"Point","coordinates":[100.61167000035142,13.736700000107009],"crs":null},"id":137,"type":"Feature","properties":{"wl_in":null,"water_count":1,"code":"WL.BPA.01","district":"สวนหลวง","latitude":13.7367,"name":"ค.บ้านป่า ถ.พัฒนาการ","wl_out01":null,"wl_out02":null,"river":"คลองบ้านป่า","objectid":137,"longitude":100.61167}},{"geometry":{"type":"Point","coordinates":[100.61168000039717,13.743810000034502],"crs":null},"id":138,"type":"Feature","properties":{"wl_in":null,"water_count":1,"code":"WL.KJA.01","district":"บางกะปิ","latitude":13.74381,"name":"ค.กะจะ ถ.พระราม 9 ","wl_out01":null,"wl_out02":null,"river":"คลองกะจะ","objectid":138,"longitude":100.61168}},{"geometry":{"type":"Point","coordinates":[100.63387000039086,13.749529999983558],"crs":null},"id":139,"type":"Feature","properties":{"wl_in":null,"water_count":1,"code":"WL.KJA.02","district":"บางกะปิ","latitude":13.74953,"name":"ค.กะจะ ถ.พระราม 9 ซ.57","wl_out01":null,"wl_out02":null,"river":"คลองกะจะ","objectid":139,"longitude":100.63387}},{"geometry":{"type":"Point","coordinates":[100.61341000022584,13.78408000020392],"crs":null},"id":140,"type":"Feature","properties":{"wl_in":null,"water_count":1,"code":"WL.CKS.02","district":"วังทองหลาง","latitude":13.78408,"name":"ค.เจ้าคุณสิงห์ ถ.ลาดพร้าว","wl_out01":null,"wl_out02":null,"river":"คลองเจ้าคุณสิงห์","objectid":140,"longitude":100.61341}},{"geometry":{"type":"Point","coordinates":[100.51662000035054,13.791540000196026],"crs":null},"id":141,"type":"Feature","properties":{"wl_in":null,"water_count":1,"code":"WL.BKB.01","district":"ดุสิต","latitude":13.79154,"name":"ค.บางกระบือ ถ.สามเสน","wl_out01":null,"wl_out02":null,"river":"คลองบางกระบือ","objectid":141,"longitude":100.51662}},{"geometry":{"type":"Point","coordinates":[100.60056999988258,13.846560000426628],"crs":null},"id":142,"type":"Feature","properties":{"wl_in":null,"water_count":1,"code":"WL.LPI.01","district":"บางเขน","latitude":13.84656,"name":"ค.หลุมไผ่ ซ.ลาดปลาเค้า 63","wl_out01":null,"wl_out02":null,"river":"คลองหลุมไผ่","objectid":142,"longitude":100.60057}},{"geometry":{"type":"Point","coordinates":[100.6217999999765,13.84703000009323],"crs":null},"id":143,"type":"Feature","properties":{"wl_in":null,"water_count":1,"code":"WL.LPI.02","district":"ลาดพร้าว","latitude":13.84703,"name":"ค.หลุมไผ่ ถ.ประเสริฐมนูกิจ29","wl_out01":null,"wl_out02":null,"river":"คลองหลุมไผ่","objectid":143,"longitude":100.6218}},{"geometry":{"type":"Point","coordinates":[100.57521999980717,13.738269999658385],"crs":null},"id":144,"type":"Feature","properties":{"wl_in":null,"water_count":1,"code":"WL.PSI.01","district":"วัฒนา","latitude":13.73827,"name":"ค.พร้อมศรี 2 ถ.สุขุมวิท 49/13","wl_out01":null,"wl_out02":null,"river":"คลองพร้อมศรี2","objectid":144,"longitude":100.57522}},{"geometry":{"type":"Point","coordinates":[100.53601000011263,13.755100000250142],"crs":null},"id":145,"type":"Feature","properties":{"wl_in":null,"water_count":1,"code":"WL.IDE.01","district":"ราชเทวี","latitude":13.7551,"name":"บ่อสูบน้ำอินโดนีเซีย","wl_out01":null,"wl_out02":null,"river":"บ่อสูบน้ำอินโดนีเซีย","objectid":145,"longitude":100.53601}},{"geometry":{"type":"Point","coordinates":[100.54288000009693,13.763079999996247],"crs":null},"id":146,"type":"Feature","properties":{"wl_in":null,"water_count":1,"code":"WL.SPP.01","district":"พญาไท","latitude":13.76308,"name":"บ่อสูบน้ำสะพานพรหม","wl_out01":null,"wl_out02":null,"river":"บ่อสูบน้ำสะพานพรหม","objectid":146,"longitude":100.54288}},{"geometry":{"type":"Point","coordinates":[100.58021000017499,13.772109999813804],"crs":null},"id":147,"type":"Feature","properties":{"wl_in":null,"water_count":1,"code":"WL.CBJ.01","district":"ห้วยขวาง","latitude":13.77211,"name":"ค.ชวดบางจาก ถ.ประชาอุทิศ","wl_out01":null,"wl_out02":null,"river":"คลองชวดบางจาก","objectid":147,"longitude":100.58021}},{"geometry":{"type":"Point","coordinates":[100.60201000018132,13.884709999792157],"crs":null},"id":148,"type":"Feature","properties":{"wl_in":null,"water_count":1,"code":"WL.LOA.01","district":"บางเขน","latitude":13.88471,"name":"ค.รางอ้อ-รางแก้ว ถ.พหลโยธิน","wl_out01":null,"wl_out02":null,"river":"คลองลางอ้อ-ลางแก้ว","objectid":148,"longitude":100.60201}},{"geometry":{"type":"Point","coordinates":[100.64345000019505,13.767249999907229],"crs":null},"id":149,"type":"Feature","properties":{"wl_in":null,"water_count":1,"code":"WL.TNG.01","district":"บางกะปิ","latitude":13.76725,"name":"ค.ตาหนัง ถ.ลาดพร้าว","wl_out01":null,"wl_out02":null,"river":"คลองตาหนัง","objectid":149,"longitude":100.64345}},{"geometry":{"type":"Point","coordinates":[100.62170000041742,13.709179999867398],"crs":null},"id":150,"type":"Feature","properties":{"wl_in":null,"water_count":1,"code":"WL.BLY.01","district":"พระโขนง","latitude":13.70918,"name":"ค.บ้านหลาย ถ.สุขุมวิท 77","wl_out01":null,"wl_out02":null,"river":"คลองบ้านหลาย","objectid":150,"longitude":100.6217}},{"geometry":{"type":"Point","coordinates":[100.63336999990034,13.66748999977782],"crs":null},"id":151,"type":"Feature","properties":{"wl_in":null,"water_count":1,"code":"WL.LSM.01","district":"บางนา","latitude":13.66749,"name":"ค.หลอด 3 บางนา ตราด","wl_out01":null,"wl_out02":null,"river":"คลองหลอด 3","objectid":151,"longitude":100.63337}},{"geometry":{"type":"Point","coordinates":[100.60679999963425,13.800279999735078],"crs":null},"id":152,"type":"Feature","properties":{"wl_in":null,"water_count":1,"code":"WL.SKT.01","district":"ลาดพร้าว","latitude":13.80028,"name":"ค.ทรงกระเทียม ถ.นาคนิวาส","wl_out01":null,"wl_out02":null,"river":"คลองทรงกระเทียม","objectid":152,"longitude":100.6068}},{"geometry":{"type":"Point","coordinates":[100.62285000028791,13.80002999972623],"crs":null},"id":153,"type":"Feature","properties":{"wl_in":null,"water_count":1,"code":"WL.SKT.02","district":"บางกะปิ","latitude":13.80003,"name":"ค.ทรงกระเทียม ปตร.คลองทรงกระเทียม","wl_out01":null,"wl_out02":null,"river":"คลองทรงกระเทียม","objectid":153,"longitude":100.62285}},{"geometry":{"type":"Point","coordinates":[100.6600499997713,13.824199999947925],"crs":null},"id":154,"type":"Feature","properties":{"wl_in":null,"water_count":1,"code":"WL.LCL.02","district":"คันนายาว","latitude":13.8242,"name":"ค.ลำชะล่า ซ.นวมินทร์ 86","wl_out01":null,"wl_out02":null,"river":"คลองลำชะล่า","objectid":154,"longitude":100.66005}},{"geometry":{"type":"Point","coordinates":[100.57205999972548,13.778140000400146],"crs":null},"id":155,"type":"Feature","properties":{"wl_in":null,"water_count":1,"code":"WL.HKG.01","district":"ดินแดง","latitude":13.77814,"name":"ค.ห้วยขวาง ถ.ประชาสงเคราะห์","wl_out01":null,"wl_out02":null,"river":"คลองห้วยขวาง","objectid":155,"longitude":100.57206}},{"geometry":{"type":"Point","coordinates":[100.57673999957358,13.767549999940067],"crs":null},"id":156,"type":"Feature","properties":{"wl_in":null,"water_count":1,"code":"WL.HKG.02","district":"ห้วยขวาง","latitude":13.76755,"name":"ค.ห้วยขวาง ถ.เทียมร่วมมิตร","wl_out01":null,"wl_out02":null,"river":"คลองห้วยขวาง","objectid":156,"longitude":100.57674}},{"geometry":{"type":"Point","coordinates":[100.59302000038102,13.768839999970792],"crs":null},"id":157,"type":"Feature","properties":{"wl_in":null,"water_count":1,"code":"WL.CTC.01","district":"ห้วยขวาง","latitude":13.76884,"name":"ค.ชวดตาเชียง ส.คลองชวดตาเชียง","wl_out01":null,"wl_out02":null,"river":"คลองชวดตาเชียง","objectid":157,"longitude":100.59302}},{"geometry":{"type":"Point","coordinates":[100.58564999990622,13.9271999998743],"crs":null},"id":158,"type":"Feature","properties":{"wl_in":null,"water_count":1,"code":"WL.NK3.01","district":"ดอนเมือง","latitude":13.9272,"name":"ค.คูนายกิมสาย 3  ถ.ประชาอุทิศ","wl_out01":null,"wl_out02":null,"river":"คูนายกิมสาย 3","objectid":158,"longitude":100.58565}},{"geometry":{"type":"Point","coordinates":[100.56558999977432,13.911589999820912],"crs":null},"id":159,"type":"Feature","properties":{"wl_in":null,"water_count":1,"code":"WL.TUT.02","district":"ดอนเมือง","latitude":13.91159,"name":"ค.ตาอูฐ ซ.แจ้งวัฒนะ 14","wl_out01":null,"wl_out02":null,"river":"คลองตาอูฐ","objectid":159,"longitude":100.56559}},{"geometry":{"type":"Point","coordinates":[100.58458000040164,13.802779999916268],"crs":null},"id":160,"type":"Feature","properties":{"wl_in":null,"water_count":1,"code":"WL.NKW.02","district":"ห้วยขวาง","latitude":13.80278,"name":"ค.น้ำแก้ว ซ.ลาดพร้าว 41","wl_out01":null,"wl_out02":null,"river":"คลองน้ำแก้ว","objectid":160,"longitude":100.58458}},{"geometry":{"type":"Point","coordinates":[100.64665999960711,13.68353000004766],"crs":null},"id":161,"type":"Feature","properties":{"wl_in":null,"water_count":1,"code":"WL.TCG.01","district":"ประเวศ","latitude":13.68353,"name":"ค.ตาช้าง ถ.ศรีนครินทร์","wl_out01":null,"wl_out02":null,"river":"คลองตาช้าง","objectid":161,"longitude":100.64666}},{"geometry":{"type":"Point","coordinates":[100.63070000026345,13.709099999924751],"crs":null},"id":162,"type":"Feature","properties":{"wl_in":null,"water_count":1,"code":"WL.KKD.01","district":"สวนหลวง","latitude":13.7091,"name":"ค.เคล็ด ถ.สุขุมวิท 77","wl_out01":null,"wl_out02":null,"river":"คลองเคล็ด","objectid":162,"longitude":100.6307}},{"geometry":{"type":"Point","coordinates":[100.63808999993142,13.688859999893028],"crs":null},"id":163,"type":"Feature","properties":{"wl_in":null,"water_count":1,"code":"WL.KKD.02","district":"พระโขนง","latitude":13.68886,"name":"ค.เคล็ด ถ.สุภาพงษ์ 1","wl_out01":null,"wl_out02":null,"river":"คลองเคล็ด","objectid":163,"longitude":100.63809}},{"geometry":{"type":"Point","coordinates":[100.64389999955851,13.67123000006896],"crs":null},"id":164,"type":"Feature","properties":{"wl_in":null,"water_count":1,"code":"WL.KKD.03","district":"ประเวศ","latitude":13.67123,"name":"ค.เคล็ด ถ.ศรีนครินทร์ ","wl_out01":null,"wl_out02":null,"river":"คลองเคล็ด","objectid":164,"longitude":100.6439}},{"geometry":{"type":"Point","coordinates":[100.64388000036534,13.70346000032119],"crs":null},"id":165,"type":"Feature","properties":{"wl_in":null,"water_count":1,"code":"WL.KSK.01","district":"สวนหลวง","latitude":13.70346,"name":"ค.ขุนสกล ซ.ศรีนครินทร์ 36","wl_out01":null,"wl_out02":null,"river":"คลองขุนสกล","objectid":165,"longitude":100.64388}},{"geometry":{"type":"Point","coordinates":[100.60307999968592,13.710750000317356],"crs":null},"id":166,"type":"Feature","properties":{"wl_in":null,"water_count":1,"code":"WL.BNJ.01","district":"พระโขนง","latitude":13.71075,"name":"ค.บางนางจีน ส.สูบน้ำบางนางจีน","wl_out01":null,"wl_out02":null,"river":"คลองบางนางจีน","objectid":166,"longitude":100.60308}},{"geometry":{"type":"Point","coordinates":[100.60891000030283,13.700599999820266],"crs":null},"id":167,"type":"Feature","properties":{"wl_in":null,"water_count":1,"code":"WL.BNJ.03","district":"พระโขนง","latitude":13.7006,"name":"ค.บางนางจีน ซ.สุขุมวิท 93","wl_out01":null,"wl_out02":null,"river":"คลองบางนางจีน","objectid":167,"longitude":100.60891}},{"geometry":{"type":"Point","coordinates":[100.62499000019542,13.737219999600317],"crs":null},"id":168,"type":"Feature","properties":{"wl_in":null,"water_count":1,"code":"WL.KLA.01","district":"สวนหลวง","latitude":13.73722,"name":"ค.ลาว ถ.พัฒนาการ","wl_out01":null,"wl_out02":null,"river":"คลองลาว","objectid":168,"longitude":100.62499}},{"geometry":{"type":"Point","coordinates":[100.54583000011633,13.748460000315424],"crs":null},"id":169,"type":"Feature","properties":{"wl_in":null,"water_count":1,"code":"WL.SSB.02","district":"ปทุมวัน","latitude":13.74846,"name":"ค.แสนแสบ ซ.สมคิด","wl_out01":null,"wl_out02":null,"river":"คลองแสนแสบ","objectid":169,"longitude":100.54583}},{"geometry":{"type":"Point","coordinates":[100.6055500002046,13.752280000298303],"crs":null},"id":170,"type":"Feature","properties":{"wl_in":null,"water_count":1,"code":"WL.SSB.05","district":"บางกะปิ","latitude":13.75228,"name":"ค.แสนแสบ รามคำแหง 9","wl_out01":null,"wl_out02":null,"river":"คลองแสนแสบ","objectid":170,"longitude":100.60555}},{"geometry":{"type":"Point","coordinates":[100.911639999873,13.791700000435837],"crs":null},"id":171,"type":"Feature","properties":{"wl_in":null,"water_count":1,"code":"WL.LPG.01","district":"หนองจอก","latitude":13.7917,"name":"ค.หลวงแพ่ง รร.ผลลีรุ่งเรือง","wl_out01":null,"wl_out02":null,"river":"คลองหลวงแพ่ง","objectid":171,"longitude":100.91164}},{"geometry":{"type":"Point","coordinates":[100.88956000038247,13.75489000034773],"crs":null},"id":172,"type":"Feature","properties":{"wl_in":null,"water_count":1,"code":"WL.LPG.03","district":"หนองจอก","latitude":13.75489,"name":"ค.หลวงแพ่ง วัดลำต้อยติ่ง","wl_out01":null,"wl_out02":null,"river":"คลองหลวงแพ่ง","objectid":172,"longitude":100.88956}},{"geometry":{"type":"Point","coordinates":[100.65075000034965,13.70382000020034],"crs":null},"id":173,"type":"Feature","properties":{"wl_in":null,"water_count":1,"code":"WL.KNB.01","district":"สวนหลวง","latitude":13.70382,"name":"ค.หนองบอน อ่อนนุช 66 ซ.13","wl_out01":null,"wl_out02":null,"river":"คลองหนองบอน","objectid":173,"longitude":100.65075}},{"geometry":{"type":"Point","coordinates":[100.66294999956202,13.678000000295416],"crs":null},"id":174,"type":"Feature","properties":{"wl_in":null,"water_count":1,"code":"WL.KNB.02","district":"ประเวศ","latitude":13.678,"name":"ค.หนองบอน ถ.เฉลิมพระเกียรติรัชกาลที่ 9","wl_out01":null,"wl_out02":null,"river":"คลองหนองบอน","objectid":174,"longitude":100.66295}},{"geometry":{"type":"Point","coordinates":[100.70760999993186,13.79549000038089],"crs":null},"id":175,"type":"Feature","properties":{"wl_in":null,"water_count":1,"code":"WL.LBK.01","district":"มีนบุรี","latitude":13.79549,"name":"ค.ลาดบัวขาว ถ.รามคำแหง","wl_out01":null,"wl_out02":null,"river":"คลองลาดบัวขาว","objectid":175,"longitude":100.70761}},{"geometry":{"type":"Point","coordinates":[100.71494000022369,13.769909999804252],"crs":null},"id":176,"type":"Feature","properties":{"wl_in":null,"water_count":1,"code":"WL.LBK.02","district":"สะพานสูง","latitude":13.76991,"name":"ค.ลาดบัวขาว ถ.เคหะร่มเกล้า","wl_out01":null,"wl_out02":null,"river":"คลองลาดบัวขาว","objectid":176,"longitude":100.71494}},{"geometry":{"type":"Point","coordinates":[100.7029099999923,13.749740000331197],"crs":null},"id":177,"type":"Feature","properties":{"wl_in":null,"water_count":1,"code":"WL.LBK.03","district":"สะพานสูง","latitude":13.74974,"name":"ค.ลาดบัวขาว ซ.กาญจนาภิเษก 24","wl_out01":null,"wl_out02":null,"river":"คลองลาดบัวขาว","objectid":177,"longitude":100.70291}},{"geometry":{"type":"Point","coordinates":[100.56696999979859,13.796759999960567],"crs":null},"id":178,"type":"Feature","properties":{"wl_in":null,"water_count":1,"code":"WL.PYW.01","district":"จตุจักร","latitude":13.79676,"name":"ค.พญาเวิก ปตร.คลองพญาเวิก","wl_out01":null,"wl_out02":null,"river":"คลองพญาเวิก","objectid":178,"longitude":100.56697}},{"geometry":{"type":"Point","coordinates":[100.56277000034954,13.884569999856309],"crs":null},"id":179,"type":"Feature","properties":{"wl_in":null,"water_count":1,"code":"WL.RKC.01","district":"หลักสี่","latitude":13.88457,"name":"ค.ข้างศูนย์ราชการ","wl_out01":null,"wl_out02":null,"river":"คลองข้างศูนย์ราชการ","objectid":179,"longitude":100.56277}},{"geometry":{"type":"Point","coordinates":[100.53037000036484,13.760740000306296],"crs":null},"id":180,"type":"Feature","properties":{"wl_in":null,"water_count":1,"code":"WL.MID.01","district":"ราชเทวี","latitude":13.76074,"name":"คูน้ำกรมสารวัตรทหาร","wl_out01":null,"wl_out02":null,"river":"คูน้ำกรมสารวัตรทหาร","objectid":180,"longitude":100.53037}},{"geometry":{"type":"Point","coordinates":[100.58037000000854,13.740189999864672],"crs":null},"id":181,"type":"Feature","properties":{"wl_in":null,"water_count":1,"code":"WL.TSK.01","district":"วัฒนา","latitude":13.74019,"name":"คูน้ำต่อศักดิ์ ซ.ทองหล่อ 25","wl_out01":null,"wl_out02":null,"river":"คูน้ำต่อศักดิ์","objectid":181,"longitude":100.58037}},{"geometry":{"type":"Point","coordinates":[100.56774999977327,13.742300000071646],"crs":null},"id":182,"type":"Feature","properties":{"wl_in":null,"water_count":1,"code":"WL.SWU.01","district":"วัฒนา","latitude":13.7423,"name":"คูน้ำ มศว.","wl_out01":null,"wl_out02":null,"river":"คูน้ำ มศว.","objectid":182,"longitude":100.56775}},{"geometry":{"type":"Point","coordinates":[100.39141999987729,13.703390000086697],"crs":null},"id":183,"type":"Feature","properties":{"wl_in":null,"water_count":1,"code":"WL.RSK.01","district":"บางแค","latitude":13.70339,"name":"ค.ราษฎร์สามัคคี ถ.เพชรเกษม 63","wl_out01":null,"wl_out02":null,"river":"คลองราษฎร์สามัคคี","objectid":183,"longitude":100.39142}},{"geometry":{"type":"Point","coordinates":[100.58112999989174,13.755020000267967],"crs":null},"id":184,"type":"Feature","properties":{"wl_in":null,"water_count":1,"code":"WL.CYI.02","district":"ห้วยขวาง","latitude":13.75502,"name":"ค.ชวดใหญ่ ถ.พระราม 9","wl_out01":null,"wl_out02":null,"river":"คลองชวดใหญ่","objectid":184,"longitude":100.58113}},{"geometry":{"type":"Point","coordinates":[100.58648000010962,13.762169999844295],"crs":null},"id":185,"type":"Feature","properties":{"wl_in":null,"water_count":1,"code":"WL.CYI.01","district":"ห้วยขวาง","latitude":13.76217,"name":"ค.ชวดใหญ่ ถ.พระราม 9 ซ.13","wl_out01":null,"wl_out02":null,"river":"คลองชวดใหญ่","objectid":185,"longitude":100.58648}},{"geometry":{"type":"Point","coordinates":[100.63938000044233,13.7683200000368],"crs":null},"id":186,"type":"Feature","properties":{"wl_in":null,"water_count":1,"code":"WL.YPN.02","district":"บางกะปิ","latitude":13.76832,"name":"ค.ยายเผื่อน ถ.ลาดพร้าว","wl_out01":null,"wl_out02":null,"river":"คลองยายเผื่อน","objectid":186,"longitude":100.63938}},{"geometry":{"type":"Point","coordinates":[100.64013000027977,13.778679999802351],"crs":null},"id":187,"type":"Feature","properties":{"wl_in":null,"water_count":1,"code":"WL.YPN.01","district":"บางกะปิ","latitude":13.77868,"name":"ค.ยายเผื่อน แฮปปี้แลนด์","wl_out01":null,"wl_out02":null,"river":"คลองยายเผื่อน","objectid":187,"longitude":100.64013}},{"geometry":{"type":"Point","coordinates":[100.62222000010108,13.67098999984004],"crs":null},"id":188,"type":"Feature","properties":{"wl_in":null,"water_count":1,"code":"WL.LSG.01","district":"บางนา","latitude":13.67099,"name":"ค.หลอด 2 ถ.บางนา ตราด","wl_out01":null,"wl_out02":null,"river":"คลองหลอด 2","objectid":188,"longitude":100.62222}},{"geometry":{"type":"Point","coordinates":[100.64107000008804,13.733089999577956],"crs":null},"id":189,"type":"Feature","properties":{"wl_in":null,"water_count":1,"code":"WL.HMK.01","district":"สวนหลวง","latitude":13.73309,"name":"ค.หัวหมาก ถ.ศรีนครินทร์","wl_out01":null,"wl_out02":null,"river":"คลองหัวหมาก","objectid":189,"longitude":100.64107}},{"geometry":{"type":"Point","coordinates":[100.64899000038372,13.806499999625798],"crs":null},"id":190,"type":"Feature","properties":{"wl_in":null,"water_count":1,"code":"WL.BTY.01","district":"บึงกุ่ม","latitude":13.8065,"name":"ค.บางเตย ถ.นวมินทร์ 66/3","wl_out01":null,"wl_out02":null,"river":"คลองบางเตย","objectid":190,"longitude":100.64899}},{"geometry":{"type":"Point","coordinates":[100.67942000034024,13.715990000352006],"crs":null},"id":191,"type":"Feature","properties":{"wl_in":null,"water_count":1,"code":"WL.SLL.01","district":"ประเวศ","latitude":13.71599,"name":"ค.ศาลาลอย ถ.อ่อนนุช 61","wl_out01":null,"wl_out02":null,"river":"คลองศาลาลอย","objectid":191,"longitude":100.67942}},{"geometry":{"type":"Point","coordinates":[100.60757999960893,13.78677999982616],"crs":null},"id":192,"type":"Feature","properties":{"wl_in":null,"water_count":1,"code":"WL.WTK.01","district":"วังทองหลาง","latitude":13.78678,"name":"ค.วัดตึก ถ.ลาดพร้าว","wl_out01":null,"wl_out02":null,"river":"คลองวัดตึก","objectid":192,"longitude":100.60758}},{"geometry":{"type":"Point","coordinates":[100.5665399996283,13.778950000344114],"crs":null},"id":193,"type":"Feature","properties":{"wl_in":null,"water_count":1,"code":"WL.NSG.01","district":"ดินแดง","latitude":13.77895,"name":"ค.นาซอง ถ.ประชาสุข","wl_out01":null,"wl_out02":null,"river":"คลองนาซอง","objectid":193,"longitude":100.56654}},{"geometry":{"type":"Point","coordinates":[100.55617999984943,13.759569999973525],"crs":null},"id":194,"type":"Feature","properties":{"wl_in":null,"water_count":1,"code":"WL.FTM.01","district":"ดินแดง","latitude":13.75957,"name":"ค.โบสถ์แม่พระ ถ.ดินแดง","wl_out01":null,"wl_out02":null,"river":"คลองโบสถ์แม่พระ","objectid":194,"longitude":100.55618}},{"geometry":{"type":"Point","coordinates":[100.52866999977509,13.805040000389464],"crs":null},"id":195,"type":"Feature","properties":{"wl_in":null,"water_count":1,"code":"WL.KTK.03","district":"บางซื่อ","latitude":13.80504,"name":"ค.ขรัวตาแก่น ซ.สะพานขวา","wl_out01":null,"wl_out02":null,"river":"คลองขรัวตาแก่น","objectid":195,"longitude":100.52867}},{"geometry":{"type":"Point","coordinates":[100.61107000030182,13.684429999932863],"crs":null},"id":196,"type":"Feature","properties":{"wl_in":null,"water_count":1,"code":"WL.BNJ.04","district":"พระโขนง","latitude":13.68443,"name":"ค.บางนางจีน ถ.สุขุมวิท 101/1","wl_out01":null,"wl_out02":null,"river":"คลองบางนางจีน","objectid":196,"longitude":100.61107}},{"geometry":{"type":"Point","coordinates":[100.60745999995832,13.682019999917776],"crs":null},"id":197,"type":"Feature","properties":{"wl_in":null,"water_count":1,"code":"WL.BNJ.02","district":"บางนา","latitude":13.68202,"name":"ค.บางนางจีน ซ.สุขุมวิท 66/1","wl_out01":null,"wl_out02":null,"river":"คลองบางนางจีน","objectid":197,"longitude":100.60746}},{"geometry":{"type":"Point","coordinates":[100.60441000037981,13.685589999905504],"crs":null},"id":198,"type":"Feature","properties":{"wl_in":null,"water_count":1,"code":"WL.BOA.02","district":"พระโขนง","latitude":13.68559,"name":"ค.บางอ้อ ซ.สุขุมวิท 64","wl_out01":null,"wl_out02":null,"river":"คลองบางอ้อ","objectid":198,"longitude":100.60441}},{"geometry":{"type":"Point","coordinates":[100.60240000016866,13.697340000040027],"crs":null},"id":199,"type":"Feature","properties":{"wl_in":null,"water_count":1,"code":"WL.KJK.02","district":"พระโขนง","latitude":13.69734,"name":"ค.เจ็ก ถ.สุขุมวิท 60/1","wl_out01":null,"wl_out02":null,"river":"คลองเจ็ก","objectid":199,"longitude":100.6024}},{"geometry":{"type":"Point","coordinates":[100.75394999990168,13.77538000015522],"crs":null},"id":200,"type":"Feature","properties":{"wl_in":null,"water_count":1,"code":"WL.KSM.01","district":"ลาดกระบัง","latitude":13.77538,"name":"ค.สาม ร่มเกล้า 17","wl_out01":null,"wl_out02":null,"river":"คลองสาม","objectid":200,"longitude":100.75395}},{"geometry":{"type":"Point","coordinates":[100.75409999968949,13.730199999868464],"crs":null},"id":201,"type":"Feature","properties":{"wl_in":null,"water_count":1,"code":"WL.KSM.02","district":"ลาดกระบัง","latitude":13.7302,"name":"ค.สาม มอเตอร์เวย์","wl_out01":null,"wl_out02":null,"river":"คลองสาม","objectid":201,"longitude":100.7541}},{"geometry":{"type":"Point","coordinates":[100.76890000001524,13.753629999594377],"crs":null},"id":202,"type":"Feature","properties":{"wl_in":null,"water_count":1,"code":"WL.KSI.02","district":"ลาดกระบัง","latitude":13.75363,"name":"ค.สี่ ถ.เจ้าคุณทหาร","wl_out01":null,"wl_out02":null,"river":"คลองสี่","objectid":202,"longitude":100.7689}},{"geometry":{"type":"Point","coordinates":[100.76524000034136,13.813830000377822],"crs":null},"id":203,"type":"Feature","properties":{"wl_in":null,"water_count":1,"code":"WL.KSI.01","district":"มีนบุรี","latitude":13.81383,"name":"ค.สี่ ถ.สุวินทวงศ์","wl_out01":null,"wl_out02":null,"river":"คลองสี่","objectid":203,"longitude":100.76524}},{"geometry":{"type":"Point","coordinates":[100.75192999964477,13.722939999860255],"crs":null},"id":204,"type":"Feature","properties":{"wl_in":null,"water_count":1,"code":"WL.LKB.01","district":"ลาดกระบัง","latitude":13.72294,"name":"ค.ลาดกระบัง ซ.ลาดกระบัง 54/6","wl_out01":null,"wl_out02":null,"river":"คลองลาดกระบัง","objectid":204,"longitude":100.75193}},{"geometry":{"type":"Point","coordinates":[100.70890999959023,13.742469999964193],"crs":null},"id":205,"type":"Feature","properties":{"wl_in":null,"water_count":1,"code":"WL.TPK.03","district":"ลาดกระบัง","latitude":13.74247,"name":"ค.ตาพุก ค.ทับช้างบน","wl_out01":null,"wl_out02":null,"river":"คลองตาพุก","objectid":205,"longitude":100.70891}},{"geometry":{"type":"Point","coordinates":[100.70918999997272,13.721930000077093],"crs":null},"id":206,"type":"Feature","properties":{"wl_in":null,"water_count":1,"code":"WL.TPK.02","district":"ประเวศ","latitude":13.72193,"name":"ค.ตาพุก ถ.ลาดกระบัง","wl_out01":null,"wl_out02":null,"river":"คลองตาพุก","objectid":206,"longitude":100.70919}},{"geometry":{"type":"Point","coordinates":[100.58470000005225,13.890410000360898],"crs":null},"id":207,"type":"Feature","properties":{"wl_in":null,"water_count":1,"code":"WL.WLS.01","district":"หลักสี่","latitude":13.89041,"name":"ค.วัดหลักสี่ ถ.วิภาวดีรังสิต","wl_out01":null,"wl_out02":null,"river":"คลองวัดหลักสี่","objectid":207,"longitude":100.5847}},{"geometry":{"type":"Point","coordinates":[100.62816000032284,13.776089999725675],"crs":null},"id":208,"type":"Feature","properties":{"wl_in":null,"water_count":1,"code":"WL.KJN.01","district":"วังทองหลาง","latitude":13.77609,"name":"ค.จั่น ถ.ลาดพร้าว","wl_out01":null,"wl_out02":null,"river":"คลองจั่น","objectid":208,"longitude":100.62816}},{"geometry":{"type":"Point","coordinates":[100.6226000000427,13.805469999620504],"crs":null},"id":209,"type":"Feature","properties":{"wl_in":null,"water_count":1,"code":"WL.KJN.02","district":"บางกะปิ","latitude":13.80547,"name":"ค.จั่น ถ.โยธินพัฒนา","wl_out01":null,"wl_out02":null,"river":"คลองจั่น","objectid":209,"longitude":100.6226}},{"geometry":{"type":"Point","coordinates":[100.60896999967896,13.823060000249502],"crs":null},"id":210,"type":"Feature","properties":{"wl_in":null,"water_count":1,"code":"WL.SNO.01","district":"ลาดพร้าว","latitude":13.82306,"name":"ค.เสือน้อย ถ.สุคนธสวัสดิ์","wl_out01":null,"wl_out02":null,"river":"คลองเสือน้อย","objectid":210,"longitude":100.60897}},{"geometry":{"type":"Point","coordinates":[100.56001000030095,13.855090000057634],"crs":null},"id":211,"type":"Feature","properties":{"wl_in":null,"water_count":1,"code":"WL.TTN.01","district":"หลักสี่","latitude":13.85509,"name":"ค.ลาดโตนด ปตร.คลองลาดโตนด","wl_out01":null,"wl_out02":null,"river":"คลองลาดโตนด","objectid":211,"longitude":100.56001}},{"geometry":{"type":"Point","coordinates":[100.62172999965631,13.773229999876397],"crs":null},"id":212,"type":"Feature","properties":{"wl_in":null,"water_count":1,"code":"WL.KJT.01","district":"วังทองหลาง","latitude":13.77323,"name":"ค.จิต ซ.ลาดพร้าว 122","wl_out01":null,"wl_out02":null,"river":"คลองจิต","objectid":212,"longitude":100.62173}},{"geometry":{"type":"Point","coordinates":[100.59755999958868,13.762059999586107],"crs":null},"id":213,"type":"Feature","properties":{"wl_in":null,"water_count":1,"code":"WL.PPA.02","district":"วังทองหลาง","latitude":13.76206,"name":"ค.พลับพลา ศูนย์แพทย์พัฒนา","wl_out01":null,"wl_out02":null,"river":"คลองพลับพลา","objectid":213,"longitude":100.59756}},{"geometry":{"type":"Point","coordinates":[100.37053000044028,13.786509999611118],"crs":null},"id":214,"type":"Feature","properties":{"wl_in":null,"water_count":1,"code":"WL.SBR.02","district":"ทวีวัฒนา","latitude":13.78651,"name":"ค.บางขุนศรีบุรีรักษ์ ถ.บรมราชชนนี","wl_out01":null,"wl_out02":null,"river":"คลองขุนศรีบุรีรักษ์","objectid":214,"longitude":100.37053}},{"geometry":{"type":"Point","coordinates":[100.43401999980726,13.627149999693923],"crs":null},"id":215,"type":"Feature","properties":{"wl_in":null,"water_count":1,"code":"WL.SKG.01","district":"บางขุนเทียน","latitude":13.62715,"name":"ค.สะแกงาม ถ.กาญจนาภิเษก","wl_out01":null,"wl_out02":null,"river":"คลองสะแกงาม","objectid":215,"longitude":100.43402}},{"geometry":{"type":"Point","coordinates":[100.48166000033376,13.788760000005677],"crs":null},"id":216,"type":"Feature","properties":{"wl_in":null,"water_count":1,"code":"WL.BBR.02","district":"บางพลัด","latitude":13.78876,"name":"ค.บางบำหรุ ถ.สิรินธร","wl_out01":null,"wl_out02":null,"river":"คลองบางบำหรุ","objectid":216,"longitude":100.48166}},{"geometry":{"type":"Point","coordinates":[100.47591000008279,13.779269999645097],"crs":null},"id":217,"type":"Feature","properties":{"wl_in":null,"water_count":1,"code":"WL.BBR.01","district":"บางกอกน้อย","latitude":13.77927,"name":"ค.บางบำหรุ ถ.บรมราชชนนี","wl_out01":null,"wl_out02":null,"river":"คลองบางบำหรุ","objectid":217,"longitude":100.47591}},{"geometry":{"type":"Point","coordinates":[100.38154999964489,13.797440000060748],"crs":null},"id":218,"type":"Feature","properties":{"wl_in":null,"water_count":1,"code":"WL.KKY.01","district":"ทวีวัฒนา","latitude":13.79744,"name":"ค.ควาย ถ.ศาลาธรรมสพน์","wl_out01":null,"wl_out02":null,"river":"คลองควาย","objectid":218,"longitude":100.38155}},{"geometry":{"type":"Point","coordinates":[100.38353999976457,13.78592999961226],"crs":null},"id":219,"type":"Feature","properties":{"wl_in":null,"water_count":1,"code":"WL.KKY.02","district":"ทวีวัฒนา","latitude":13.78593,"name":"ค.ควาย ถ.บรมราชชนนี","wl_out01":null,"wl_out02":null,"river":"คลองควาย","objectid":219,"longitude":100.38354}},{"geometry":{"type":"Point","coordinates":[100.40662000023609,13.667310000044758],"crs":null},"id":220,"type":"Feature","properties":{"wl_in":null,"water_count":1,"code":"WL.BPN.02","district":"บางบอน","latitude":13.66731,"name":"ค.บางพราน ถ.บางบอน 2","wl_out01":null,"wl_out02":null,"river":"คลองบางพราน","objectid":220,"longitude":100.40662}},{"geometry":{"type":"Point","coordinates":[100.42554999969066,13.677819999866017],"crs":null},"id":221,"type":"Feature","properties":{"wl_in":null,"water_count":1,"code":"WL.BPN.01","district":"บางบอน","latitude":13.67782,"name":"ค.บางพราน ถ.บางบอน 1","wl_out01":null,"wl_out02":null,"river":"คลองบางพราน","objectid":221,"longitude":100.42555}},{"geometry":{"type":"Point","coordinates":[100.44488000007665,13.798149999730995],"crs":null},"id":222,"type":"Feature","properties":{"wl_in":null,"water_count":1,"code":"WL.SCO.01","district":"ตลิ่งชัน","latitude":13.79815,"name":"ค.ศาลเจ้า ถ.สวนผัก","wl_out01":null,"wl_out02":null,"river":"คลองศาลเจ้า","objectid":222,"longitude":100.44488}},{"geometry":{"type":"Point","coordinates":[100.55997000011796,13.841619999712234],"crs":null},"id":223,"type":"Feature","properties":{"wl_in":null,"water_count":1,"code":"WL.LYW.02","district":"จตุจักร","latitude":13.84162,"name":"ค.ลาดยาว ถ.วิภาวดีรังสิต 44","wl_out01":null,"wl_out02":null,"river":"คลองลาดยาว","objectid":223,"longitude":100.55997}},{"geometry":{"type":"Point","coordinates":[100.56228999995055,13.830419999823338],"crs":null},"id":224,"type":"Feature","properties":{"wl_in":null,"water_count":1,"code":"WL.LYW.01","district":"จตุจักร","latitude":13.83042,"name":"ค.ลาดยาว ถ.รัชดาภิเษก","wl_out01":null,"wl_out02":null,"river":"คลองลาดยาว","objectid":224,"longitude":100.56229}},{"geometry":{"type":"Point","coordinates":[100.53762000029073,13.70724000034116],"crs":null},"id":225,"type":"Feature","properties":{"wl_in":null,"water_count":1,"code":"WL.CNS.03","district":"สาทร","latitude":13.70724,"name":"ค.ช่องนนทรี ถ.จันทน์","wl_out01":null,"wl_out02":null,"river":"คลองช่องนนทรี","objectid":225,"longitude":100.53762}},{"geometry":{"type":"Point","coordinates":[100.53123999985289,13.71978999957403],"crs":null},"id":226,"type":"Feature","properties":{"wl_in":null,"water_count":1,"code":"WL.CNS.04","district":"สาทร","latitude":13.71979,"name":"ค.ช่องนนทรี ถ.สาทรใต้","wl_out01":null,"wl_out02":null,"river":"คลองช่องนนทรี","objectid":226,"longitude":100.53124}},{"geometry":{"type":"Point","coordinates":[100.52735000002524,13.727600000282395],"crs":null},"id":227,"type":"Feature","properties":{"wl_in":null,"water_count":1,"code":"WL.CNS.02","district":"บางรัก","latitude":13.7276,"name":"ค.ช่องนนทรี ถ.นราธิวาสราชนครินทร์","wl_out01":null,"wl_out02":null,"river":"คลองช่องนนทรี","objectid":227,"longitude":100.52735}},{"geometry":{"type":"Point","coordinates":[100.54401999992172,13.725920000190513],"crs":null},"id":228,"type":"Feature","properties":{"wl_in":null,"water_count":1,"code":"WL.STR.02","district":"สาทร","latitude":13.72592,"name":"ค.สาทร ถ.พระรามที่ 4","wl_out01":null,"wl_out02":null,"river":"คลองสาทร","objectid":228,"longitude":100.54402}},{"geometry":{"type":"Point","coordinates":[100.58876999980497,13.740479999600941],"crs":null},"id":229,"type":"Feature","properties":{"wl_in":null,"water_count":1,"code":"WL.KPG.01","district":"วัฒนา","latitude":13.74048,"name":"ค.เป้ง ซ.เอกมัย 23","wl_out01":null,"wl_out02":null,"river":"คลองเป้ง","objectid":229,"longitude":100.58877}},{"geometry":{"type":"Point","coordinates":[100.5955800004131,13.716929999827954],"crs":null},"id":230,"type":"Feature","properties":{"wl_in":null,"water_count":1,"code":"WL.BMK.01","district":"วัฒนา","latitude":13.71693,"name":"ค.บางมะเขือ ถ.สุขุมวิท 71","wl_out01":null,"wl_out02":null,"river":"คลองบางมะเขือ","objectid":230,"longitude":100.59558}},{"geometry":{"type":"Point","coordinates":[100.56054000003037,13.742330000061639],"crs":null},"id":231,"type":"Feature","properties":{"wl_in":null,"water_count":1,"code":"WL.WTN.02","district":"วัฒนา","latitude":13.74233,"name":"คูน้ำวัฒนา รร.วัฒนาวิทยาลัย","wl_out01":null,"wl_out02":null,"river":"คูน้ำวัฒนา","objectid":231,"longitude":100.56054}},{"geometry":{"type":"Point","coordinates":[100.51212000042753,13.760989999611265],"crs":null},"id":232,"type":"Feature","properties":{"wl_in":null,"water_count":1,"code":"WL.KKS.02","district":"ดุสิต","latitude":13.76099,"name":"ค.ผดุงกรุงเกษม ทำเนียบรัฐบาล","wl_out01":null,"wl_out02":null,"river":"คลองผดุงกรุงเกษม","objectid":232,"longitude":100.51212}},{"geometry":{"type":"Point","coordinates":[100.51582000028436,13.741259999788562],"crs":null},"id":233,"type":"Feature","properties":{"wl_in":null,"water_count":1,"code":"WL.KKS.03","district":"ปทุมวัน","latitude":13.74126,"name":"ค.ผดุงกรุงเกษม หัวลำโพง","wl_out01":null,"wl_out02":null,"river":"คลองผดุงกรุงเกษม","objectid":233,"longitude":100.51582}},{"geometry":{"type":"Point","coordinates":[100.49554000004441,13.75512000002327],"crs":null},"id":234,"type":"Feature","properties":{"wl_in":null,"water_count":1,"code":"WL.KLD.02","district":"พระนคร","latitude":13.75512,"name":"ค.หลอด ถ.ราชดำเนินใน","wl_out01":null,"wl_out02":null,"river":"คลองหลอด","objectid":234,"longitude":100.49554}},{"geometry":{"type":"Point","coordinates":[100.49491999990329,13.742609999783086],"crs":null},"id":235,"type":"Feature","properties":{"wl_in":null,"water_count":1,"code":"WL.KLD.01","district":"พระนคร","latitude":13.74261,"name":"ค.หลอด ส.ปากคลองตลาด","wl_out01":null,"wl_out02":null,"river":"คลองหลอด","objectid":235,"longitude":100.49492}},{"geometry":{"type":"Point","coordinates":[100.50563000038484,13.756549999877326],"crs":null},"id":236,"type":"Feature","properties":{"wl_in":null,"water_count":1,"code":"WL.BLP.02","district":"พระนคร","latitude":13.75655,"name":"ค.บางลำพู สะพานผ่านฟ้า","wl_out01":null,"wl_out02":null,"river":"คลองบางลำพู","objectid":236,"longitude":100.50563}},{"geometry":{"type":"Point","coordinates":[100.60535000018804,13.669479999591827],"crs":null},"id":237,"type":"Feature","properties":{"wl_in":null,"water_count":1,"code":"WL.BNA.02","district":"บางนา","latitude":13.66948,"name":"ค.บางนา ถ.สุขุมวิท","wl_out01":null,"wl_out02":null,"river":"คลองบางนา","objectid":237,"longitude":100.60535}},{"geometry":{"type":"Point","coordinates":[100.61059999994853,13.715559999829026],"crs":null},"id":238,"type":"Feature","properties":{"wl_in":null,"water_count":1,"code":"WL.PWT.01","district":"สวนหลวง","latitude":13.71556,"name":"ค.ประเวศ ซ.อ่อนนุช 17","wl_out01":null,"wl_out02":null,"river":"คลองพระโขนง","objectid":238,"longitude":100.6106}},{"geometry":{"type":"Point","coordinates":[100.35270999977496,13.788839999783391],"crs":null},"id":239,"type":"Feature","properties":{"wl_in":null,"water_count":1,"code":"WL.KSO.01","district":"ทวีวัฒนา","latitude":13.78884,"name":"ค.ซอย ถ.บรมราชชนนี","wl_out01":null,"wl_out02":null,"river":"คลองซอย","objectid":239,"longitude":100.35271}},{"geometry":{"type":"Point","coordinates":[100.34873999958137,13.800140000426143],"crs":null},"id":240,"type":"Feature","properties":{"wl_in":null,"water_count":1,"code":"WL.KSO.02","district":"ทวีวัฒนา","latitude":13.80014,"name":"ค.ซอย ถ.ศาลาธรรมสพน์","wl_out01":null,"wl_out02":null,"river":"คลองซอย","objectid":240,"longitude":100.34874}},{"geometry":{"type":"Point","coordinates":[100.33518000043615,13.788380000251061],"crs":null},"id":241,"type":"Feature","properties":{"wl_in":null,"water_count":1,"code":"WL.TWW.02","district":"ทวีวัฒนา","latitude":13.78838,"name":"ค.ทวีวัฒนา ถ.บรมราชชนนี","wl_out01":null,"wl_out02":null,"river":"คลองทวีวัฒนา","objectid":241,"longitude":100.33518}},{"geometry":{"type":"Point","coordinates":[100.37368999962364,13.707689999845577],"crs":null},"id":242,"type":"Feature","properties":{"wl_in":null,"water_count":1,"code":"WL.TWW.03","district":"บางแค","latitude":13.70769,"name":"ค.ทวีวัฒนา ถ.เพชรเกษม","wl_out01":null,"wl_out02":null,"river":"คลองทวีวัฒนา","objectid":242,"longitude":100.37369}},{"geometry":{"type":"Point","coordinates":[100.4055099996502,13.657859999932574],"crs":null},"id":243,"type":"Feature","properties":{"wl_in":null,"water_count":1,"code":"WL.BBN.02","district":"บางบอน","latitude":13.65786,"name":"ค.บางบอน ถ.กาญจนาภิเษก","wl_out01":null,"wl_out02":null,"river":"คลองบางบอน","objectid":243,"longitude":100.40551}},{"geometry":{"type":"Point","coordinates":[100.42712999973152,13.670550000385472],"crs":null},"id":244,"type":"Feature","properties":{"wl_in":null,"water_count":1,"code":"WL.BBN.01","district":"บางบอน","latitude":13.67055,"name":"ค.บางบอน ถ.บางขุนเทียน","wl_out01":null,"wl_out02":null,"river":"คลองบางบอน","objectid":244,"longitude":100.42713}},{"geometry":{"type":"Point","coordinates":[100.49361000019921,13.767410000205308],"crs":null},"id":245,"type":"Feature","properties":{"wl_in":null,"water_count":1,"code":"WL.BYK.02","district":"บางพลัด","latitude":13.76741,"name":"ค.บางยี่ขัน ส.คลองบางยี่ขัน","wl_out01":null,"wl_out02":null,"river":"คลองบางยี่ขัน","objectid":245,"longitude":100.49361}},{"geometry":{"type":"Point","coordinates":[100.48370999982957,13.775710000297627],"crs":null},"id":246,"type":"Feature","properties":{"wl_in":null,"water_count":1,"code":"WL.BYK.01","district":"บางพลัด","latitude":13.77571,"name":"ค.บางยี่ขัน ถ.จรัญสนิทวงศ์","wl_out01":null,"wl_out02":null,"river":"คลองบางยี่ขัน","objectid":246,"longitude":100.48371}},{"geometry":{"type":"Point","coordinates":[100.42681000006436,13.779700000114913],"crs":null},"id":247,"type":"Feature","properties":{"wl_in":null,"water_count":1,"code":"WL.KBU.02","district":"ตลิ่งชัน","latitude":13.7797,"name":"ค.บัว ถ.พุทธมณฑลสาย 1","wl_out01":null,"wl_out02":null,"river":"คลองบัว","objectid":247,"longitude":100.42681}},{"geometry":{"type":"Point","coordinates":[100.46199000018918,13.790630000072369],"crs":null},"id":248,"type":"Feature","properties":{"wl_in":null,"water_count":1,"code":"WL.SDN.01","district":"ตลิ่งชัน","latitude":13.79063,"name":"ค.สวนแดน ถ.ชัยพฤกษ์","wl_out01":null,"wl_out02":null,"river":"คลองสวนแดน","objectid":248,"longitude":100.46199}},{"geometry":{"type":"Point","coordinates":[100.44432000021,13.78276999964531],"crs":null},"id":249,"type":"Feature","properties":{"wl_in":null,"water_count":1,"code":"WL.KJU.01","district":"ตลิ่งชัน","latitude":13.78277,"name":"ค.ขุนจันทร์ ถ.ฉิมพลี","wl_out01":null,"wl_out02":null,"river":"คลองขุนจันทร์","objectid":249,"longitude":100.44432}},{"geometry":{"type":"Point","coordinates":[100.43888999962614,13.711669999839572],"crs":null},"id":250,"type":"Feature","properties":{"wl_in":null,"water_count":1,"code":"WL.PSC.02","district":"ภาษีเจริญ","latitude":13.71167,"name":"ค.ภาษีเจริญ วัดรางบัว","wl_out01":null,"wl_out02":null,"river":"คลองภาษีเจริญ","objectid":250,"longitude":100.43889}},{"geometry":{"type":"Point","coordinates":[100.3351200001617,13.803599999848178],"crs":null},"id":251,"type":"Feature","properties":{"wl_in":null,"water_count":1,"code":"WL.MSW.02","district":"ทวีวัฒนา","latitude":13.8036,"name":"ค.มหาสวัสดิ์ วัดปุรณาวาส","wl_out01":null,"wl_out02":null,"river":"คลองมหาสวัสดิ์","objectid":251,"longitude":100.33512}},{"geometry":{"type":"Point","coordinates":[100.41648000042274,13.715750000421068],"crs":null},"id":252,"type":"Feature","properties":{"wl_in":null,"water_count":1,"code":"WL.BJK.02","district":"บางแค","latitude":13.71575,"name":"ค.บางจาก ซ.เพชรเกษม 68","wl_out01":null,"wl_out02":null,"river":"คลองบางจาก","objectid":252,"longitude":100.41648}},{"geometry":{"type":"Point","coordinates":[100.42614999974029,13.686580000174652],"crs":null},"id":253,"type":"Feature","properties":{"wl_in":null,"water_count":1,"code":"WL.BKL.01","district":"บางบอน","latitude":13.68658,"name":"ค.บางโคลัด ถ.บางบอน 1","wl_out01":null,"wl_out02":null,"river":"คลองบางโคลัด","objectid":253,"longitude":100.42615}},{"geometry":{"type":"Point","coordinates":[100.43219000041951,13.712530000383286],"crs":null},"id":254,"type":"Feature","properties":{"wl_in":null,"water_count":1,"code":"WL.YPE.01","district":"ภาษีเจริญ","latitude":13.71253,"name":"ค.ยายเพียร ถ.เพชรเกษม","wl_out01":null,"wl_out02":null,"river":"คลองยายเพียร","objectid":254,"longitude":100.43219}},{"geometry":{"type":"Point","coordinates":[100.46423999970153,13.784220000421769],"crs":null},"id":255,"type":"Feature","properties":{"wl_in":null,"water_count":1,"code":"WL.WKT.01","district":"ตลิ่งชัน","latitude":13.78422,"name":"ค.วัดไก่เตี้ย ส.คลองวัดไก่เตี้ย","wl_out01":null,"wl_out02":null,"river":"คลองวัดไก่เตี้ย","objectid":255,"longitude":100.46424}},{"geometry":{"type":"Point","coordinates":[100.64935000023384,13.659399999666713],"crs":null},"id":256,"type":"Feature","properties":{"wl_in":null,"water_count":1,"code":"WL.BNA.04","district":"บางนา","latitude":13.6594,"name":"ค.บางนา ซ.บางนา-ตราด 56","wl_out01":null,"wl_out02":null,"river":"คลองบางนา","objectid":256,"longitude":100.64935}},{"geometry":{"type":"Point","coordinates":[100.59243000037714,13.76309999995985],"crs":null},"id":257,"type":"Feature","properties":{"wl_in":null,"water_count":1,"code":"WL.CYI.03","district":"ห้วยขวาง","latitude":13.7631,"name":"ค.ชวดใหญ่ คลองลาดพร้าว","wl_out01":null,"wl_out02":null,"river":"คลองชวดใหญ่","objectid":257,"longitude":100.59243}},{"geometry":{"type":"Point","coordinates":[100.58655000042984,13.79875000029896],"crs":null},"id":258,"type":"Feature","properties":{"wl_in":null,"water_count":1,"code":"WL.BSU.07","district":"ห้วยขวาง","latitude":13.79875,"name":"ค.บางซื่อ ถ.ลาดพร้าว","wl_out01":null,"wl_out02":null,"river":"คลองบางซื่อ","objectid":258,"longitude":100.58655}},{"geometry":{"type":"Point","coordinates":[100.58090999978373,13.753830000249904],"crs":null},"id":259,"type":"Feature","properties":{"wl_in":null,"water_count":1,"code":"WL.SSN.10","district":"ห้วยขวาง","latitude":13.75383,"name":"ค.สามเสน คลองชวดใหญ่","wl_out01":null,"wl_out02":null,"river":"คลองสามเสน","objectid":259,"longitude":100.58091}},{"geometry":{"type":"Point","coordinates":[100.60232999984846,13.684949999965644],"crs":null},"id":260,"type":"Feature","properties":{"wl_in":null,"water_count":1,"code":"WL.BON.01","district":"พระโขนง","latitude":13.68495,"name":"ค.บางอ้อน้อย ซ.สุขุมวิท 64","wl_out01":null,"wl_out02":null,"river":"คลองบางอ้อน้อย","objectid":260,"longitude":100.60233}},{"geometry":{"type":"Point","coordinates":[100.60305000044701,13.680759999828126],"crs":null},"id":261,"type":"Feature","properties":{"wl_in":null,"water_count":1,"code":"WL.BOA.03","district":"พระโขนง","latitude":13.68076,"name":"ค.บางอ้อใหญ่ ซ.สุขุมวิท 66/1","wl_out01":null,"wl_out02":null,"river":"คลองบางอ้อ","objectid":261,"longitude":100.60305}},{"geometry":{"type":"Point","coordinates":[100.7024100004001,13.715789999699354],"crs":null},"id":262,"type":"Feature","properties":{"wl_in":null,"water_count":1,"code":"WL.JKK.01","district":"ประเวศ","latitude":13.71579,"name":"ค.จระเข้ขบ-ถ.สุขาภิบาล2 ซ.2","wl_out01":null,"wl_out02":null,"river":"คลองจระเข้ขบ","objectid":262,"longitude":100.70241}},{"geometry":{"type":"Point","coordinates":[100.69899000002741,13.680350000353359],"crs":null},"id":263,"type":"Feature","properties":{"wl_in":null,"water_count":1,"code":"WL.PNM.01","district":"ประเวศ","latitude":13.68035,"name":"ค.ปากน้ำ ถ.คู่ขนานกาญจนาภิเษก","wl_out01":null,"wl_out02":null,"river":"คลองปากน้ำ","objectid":263,"longitude":100.69899}},{"geometry":{"type":"Point","coordinates":[100.63895000027203,13.93728999977934],"crs":null},"id":264,"type":"Feature","properties":{"wl_in":null,"water_count":1,"code":"WL.ANX.01","district":"สายไหม","latitude":13.93729,"name":"คูน้ำแอนเนกซ์ ","wl_out01":null,"wl_out02":null,"river":"บ่อสูบน้ำพหลโยธิน 58","objectid":264,"longitude":100.63895}},{"geometry":{"type":"Point","coordinates":[100.62847999998999,13.858260000417651],"crs":null},"id":265,"type":"Feature","properties":{"wl_in":null,"water_count":1,"code":"WL.KCD.01","district":"บางเขน","latitude":13.85826,"name":"ค.กระเฉด(โรงควบคุมคุณภาพน้ำรามอินทรา)","wl_out01":null,"wl_out02":null,"river":"คลองกระเฉด","objectid":265,"longitude":100.62848}},{"geometry":{"type":"Point","coordinates":[100.50538000013958,13.753789999608928],"crs":null},"id":266,"type":"Feature","properties":{"wl_in":null,"water_count":1,"code":"WL.OAG.01","district":"พระนคร","latitude":13.75379,"name":"ค.โอ่งอ่าง ปตร.วัดเทพธิดาราม ","wl_out01":null,"wl_out02":null,"river":"คลองโอ่งอ่าง","objectid":266,"longitude":100.50538}},{"geometry":{"type":"Point","coordinates":[100.6055900003876,13.939289999767478],"crs":null},"id":267,"type":"Feature","properties":{"wl_in":null,"water_count":1,"code":"WL.NK1.01","district":"ดอนเมือง","latitude":13.93929,"name":"คูนายกิมสาย 1-ถ.เลียบคูนายกิมสาย 1","wl_out01":null,"wl_out02":null,"river":"คูนายกิมสาย 1","objectid":267,"longitude":100.60559}},{"geometry":{"type":"Point","coordinates":[100.61589999993771,13.70696000029204],"crs":null},"id":268,"type":"Feature","properties":{"wl_in":null,"water_count":1,"code":"WL.SOL.01","district":"สวนหลวง","latitude":13.70696,"name":"ค.สวนอ้อย-ถ.อ่อนนุช ซอย 28","wl_out01":null,"wl_out02":null,"river":"คลองสวนอ้อย","objectid":268,"longitude":100.6159}},{"geometry":{"type":"Point","coordinates":[100.62285000028791,13.69985999999792],"crs":null},"id":269,"type":"Feature","properties":{"wl_in":null,"water_count":1,"code":"WL.BLY.02","district":"พระโขนง","latitude":13.69986,"name":"ค.บ้านหลาย-ซ.พึ่งมี 48","wl_out01":null,"wl_out02":null,"river":"คลองบ้านหลาย","objectid":269,"longitude":100.62285}},{"geometry":{"type":"Point","coordinates":[100.62618000024892,13.718580000175333],"crs":null},"id":270,"type":"Feature","properties":{"wl_in":null,"water_count":1,"code":"WL.HMK.03","district":"สวนหลวง","latitude":13.71858,"name":"ค.หัวหมาก-ซ.พัฒนาการ 32","wl_out01":null,"wl_out02":null,"river":"คลองหัวหมาก","objectid":270,"longitude":100.62618}},{"geometry":{"type":"Point","coordinates":[100.6480999999059,13.784720000016126],"crs":null},"id":271,"type":"Feature","properties":{"wl_in":null,"water_count":1,"code":"WL.LPP.01","district":"บึงกุ่ม","latitude":13.78472,"name":"บึงรับน้ำลำพังพวย-ถ.นวมินทร์","wl_out01":null,"wl_out02":null,"river":"บึงรับน้ำลำพังพวย","objectid":271,"longitude":100.6481}},{"geometry":{"type":"Point","coordinates":[100.55908999968587,13.821589999998507],"crs":null},"id":272,"type":"Feature","properties":{"wl_in":null,"water_count":1,"code":"WL.VPD.03","district":"จตุจักร","latitude":13.82159,"name":"คูน้ำวิภาวดี-ซ.วิภาวดีรังสิต 28","wl_out01":null,"wl_out02":null,"river":"คูน้ำวิภาวดี","objectid":272,"longitude":100.55909}},{"geometry":{"type":"Point","coordinates":[100.55925999956519,13.95064000031295],"crs":null},"id":273,"type":"Feature","properties":{"wl_in":null,"water_count":1,"code":"WL.BAM.01","district":"อำเภอปากเกร็ดนนทบุรี","latitude":13.95064,"name":"ค.บ้านใหม่-ซ.พระแม่การุณย์ 27","wl_out01":null,"wl_out02":null,"river":"คลองบ้านใหม่","objectid":273,"longitude":100.55926}},{"geometry":{"type":"Point","coordinates":[100.55081000043839,13.769959999994736],"crs":null},"id":274,"type":"Feature","properties":{"wl_in":null,"water_count":1,"code":"WL.VPD.02","district":"พญาไท","latitude":13.76996,"name":"คูน้ำวิภาวดี-กรมดุริยางค์ทหารบก","wl_out01":null,"wl_out02":null,"river":"คูน้ำวิภาวดี","objectid":274,"longitude":100.55081}},{"geometry":{"type":"Point","coordinates":[100.60767000002063,13.939249999641103],"crs":null},"id":275,"type":"Feature","properties":{"wl_in":null,"water_count":1,"code":"WL.NCH.02","district":"ดอนเมือง","latitude":13.93925,"name":"คูน้ำนายใช้-ค.เปรมประชากร","wl_out01":null,"wl_out02":null,"river":"คูน้ำนายใช้","objectid":275,"longitude":100.60767}},{"geometry":{"type":"Point","coordinates":[100.6286499998693,13.839899999860288],"crs":null},"id":276,"type":"Feature","properties":{"wl_in":null,"water_count":1,"code":"WL.MFS.01","district":"ลาดพร้าว","latitude":13.8399,"name":"บึงรับน้ำหมู่บ้านแฟรนต์ชิพ-ปตร.คลองออหลาว","wl_out01":null,"wl_out02":null,"river":"บึงหมู่บ้านเฟรนต์ชิพ","objectid":276,"longitude":100.62865}},{"geometry":{"type":"Point","coordinates":[100.68944000036049,13.66424000030196],"crs":null},"id":277,"type":"Feature","properties":{"wl_in":null,"water_count":1,"code":"WL.AJP.01","district":"ประเวศ","latitude":13.66424,"name":"ค.อาจารย์พร-ปตร.คลองอาจารย์พร","wl_out01":null,"wl_out02":null,"river":"คลองอาจารย์พร","objectid":277,"longitude":100.68944}},{"geometry":{"type":"Point","coordinates":[100.65679000013053,13.76438000017988],"crs":null},"id":278,"type":"Feature","properties":{"wl_in":null,"water_count":1,"code":"WL.HMK.02","district":"บางกะปิ","latitude":13.76438,"name":"ค.หัวหมาก-ซ.รามคาแหง 68","wl_out01":null,"wl_out02":null,"river":"คลองหัวหมาก","objectid":278,"longitude":100.65679}},{"geometry":{"type":"Point","coordinates":[100.67492000041723,13.700149999828525],"crs":null},"id":279,"type":"Feature","properties":{"wl_in":null,"water_count":1,"code":"WL.MKT.01","district":"ประเวศ","latitude":13.70015,"name":"ค.มะขามเทศ-ถ.พัฒนาการ","wl_out01":null,"wl_out02":null,"river":"คลองมะขามเทศ","objectid":279,"longitude":100.67492}},{"geometry":{"type":"Point","coordinates":[100.46283999958574,13.732319999676065],"crs":null},"id":280,"type":"Feature","properties":{"wl_in":null,"water_count":1,"code":"WL.CPA.02","district":"ภาษีเจริญ","latitude":13.73232,"name":"ค.ชักพระ วัดคูหาสวรรค์","wl_out01":null,"wl_out02":null,"river":"คลองชักพระ","objectid":280,"longitude":100.46284}},{"geometry":{"type":"Point","coordinates":[100.45005000036949,13.62023999991406],"crs":null},"id":281,"type":"Feature","properties":{"wl_in":null,"water_count":1,"code":"WL.WHK.01","district":"บางขุนเทียน","latitude":13.62024,"name":"ค.วัดหัวกระบือ-วัดหัวกระบือ","wl_out01":null,"wl_out02":null,"river":"คลองวัดหัวกระบือ","objectid":281,"longitude":100.45005}},{"geometry":{"type":"Point","coordinates":[100.54238999965219,13.821900000046169],"crs":null},"id":282,"type":"Feature","properties":{"wl_in":null,"water_count":1,"code":"WL.PST.01","district":"จตุจักร","latitude":13.8219,"name":"บึงรับน้ำปูนซีเมนต์ไทย ส.บึงบางซื่อ","wl_out01":null,"wl_out02":null,"river":"บึงรับน้ำปูนซีเมนต์ไทย","objectid":282,"longitude":100.54239}},{"geometry":{"type":"Point","coordinates":[100.66176000040683,13.784280000115528],"crs":null},"id":283,"type":"Feature","properties":{"wl_in":null,"water_count":1,"code":"WL.BKT.01","district":"บึงกุ่ม","latitude":13.78428,"name":"บึงรับน้ำบึงกุ่มบางเตย ส.คลองบางเตยล่าง","wl_out01":null,"wl_out02":null,"river":"บึงรับน้ำบึงกุ่มบางเตย","objectid":283,"longitude":100.66176}},{"geometry":{"type":"Point","coordinates":[100.67784000029943,13.7667600002765],"crs":null},"id":284,"type":"Feature","properties":{"wl_in":null,"water_count":1,"code":"WL.SMK.01","district":"สะพานสูง","latitude":13.76676,"name":"บึงรับน้ำหมู่บ้านสัมมากร ส.บึงที่ 2 คลองบ้านม้า 2","wl_out01":null,"wl_out02":null,"river":"บึงรับน้ำหมู่บ้านสัมมากร","objectid":284,"longitude":100.67784}},{"geometry":{"type":"Point","coordinates":[100.66429000030165,13.724170000135846],"crs":null},"id":285,"type":"Feature","properties":{"wl_in":null,"water_count":1,"code":"WL.MTG.01","district":"ประเวศ","latitude":13.72417,"name":"บึงรับน้ำ ม.เมืองทองการ์เด้น ปตร. , แก้มลิง ม.เมืองทองการ์เด้น","wl_out01":null,"wl_out02":null,"river":"บึงรับน้ำหมู่บ้านเมืองทองการ์เด้น","objectid":285,"longitude":100.66429}},{"geometry":{"type":"Point","coordinates":[100.6148200003874,13.77092000035665],"crs":null},"id":286,"type":"Feature","properties":{"wl_in":null,"water_count":1,"code":"WL.CKS.03","district":"วังทองหลาง","latitude":13.77092,"name":"ค.เจ้าคุณสิงห์-ถ.อินทราภรณ์","wl_out01":null,"wl_out02":null,"river":"คลองเจ้าคุณสิงห์","objectid":286,"longitude":100.61482}},{"geometry":{"type":"Point","coordinates":[100.38578000012949,13.649310000400812],"crs":null},"id":287,"type":"Feature","properties":{"wl_in":null,"water_count":1,"code":"WL.MCM.01","district":"บางบอน","latitude":13.64931,"name":"ค.หมื่นแช่ม-ถ.เอกชัย","wl_out01":null,"wl_out02":null,"river":"คลองหมื่นแช่ม","objectid":287,"longitude":100.38578}},{"geometry":{"type":"Point","coordinates":[100.66569000041743,13.772810000154614],"crs":null},"id":288,"type":"Feature","properties":{"wl_in":null,"water_count":1,"code":"WL.BMA.02","district":"บางกะปิ","latitude":13.77281,"name":"ค.บ้านม้า-ถ.รามคำแหง","wl_out01":null,"wl_out02":null,"river":"คลองบ้านม้า","objectid":288,"longitude":100.66569}},{"geometry":{"type":"Point","coordinates":[100.66786999960961,13.670090000076984],"crs":null},"id":289,"type":"Feature","properties":{"wl_in":null,"water_count":1,"code":"WL.PLP.01","district":"ประเวศ","latitude":13.67009,"name":"ค.ปลัดเปรียง-ถ.เฉลิมพระเกียรติร.9 ซ.14","wl_out01":null,"wl_out02":null,"river":"คลองปลัดเปรียง","objectid":289,"longitude":100.66787}},{"geometry":{"type":"Point","coordinates":[100.39489999962613,13.782739999606402],"crs":null},"id":290,"type":"Feature","properties":{"wl_in":null,"water_count":1,"code":"WL.BNS.01","district":"ทวีวัฒนา","latitude":13.78274,"name":"ค.บ้านไทร-ถ.พุทธมณฑลสาย 2","wl_out01":null,"wl_out02":null,"river":"คลองบ้านไทร","objectid":290,"longitude":100.3949}},{"geometry":{"type":"Point","coordinates":[100.44685000010482,13.666159999668404],"crs":null},"id":291,"type":"Feature","properties":{"wl_in":null,"water_count":1,"code":"WL.SNC.03","district":"บางขุนเทียน","latitude":13.66616,"name":"ค.สนามชัย-วัดเลา","wl_out01":null,"wl_out02":null,"river":"คลองสนามชัย","objectid":291,"longitude":100.44685}},{"geometry":{"type":"Point","coordinates":[100.42779000005558,13.687850000221262],"crs":null},"id":292,"type":"Feature","properties":{"wl_in":null,"water_count":1,"code":"WL.RMT.03","district":"บางแค","latitude":13.68785,"name":"ค.พระยาราชมนตรี-ถ.กัลปพฤกษ์","wl_out01":null,"wl_out02":null,"river":"คลองพระยาราชมนตรี","objectid":292,"longitude":100.42779}},{"geometry":{"type":"Point","coordinates":[100.55784000025623,13.782520000075758],"crs":null},"id":293,"type":"Feature","properties":{"wl_in":null,"water_count":1,"code":"WL.VPD.01","district":"พญาไท","latitude":13.78252,"name":"คูน้ำวิภาวดี-สนามกีฬา ทบ.","wl_out01":null,"wl_out02":null,"river":"คูน้ำวิภาวดี","objectid":293,"longitude":100.55784}},{"geometry":{"type":"Point","coordinates":[100.33789000025604,13.677529999563633],"crs":null},"id":294,"type":"Feature","properties":{"wl_in":null,"water_count":1,"code":"WL.PSC.05","district":"หนองแขม","latitude":13.67753,"name":"ค.ภาษีเจริญ-วัดหนองแขม","wl_out01":null,"wl_out02":null,"river":"คลองภาษีเจริญ","objectid":294,"longitude":100.33789}},{"geometry":{"type":"Point","coordinates":[100.49014999964355,13.688679999914745],"crs":null},"id":295,"type":"Feature","properties":{"wl_in":null,"water_count":1,"code":"WL.BPK.01","district":"ราษฎร์บูรณะ","latitude":13.68868,"name":"ค.บางปะแก้ว-ถ.ราษฎร์บูรณะ","wl_out01":null,"wl_out02":null,"river":"คลองบางปะแก้ว","objectid":295,"longitude":100.49015}},{"geometry":{"type":"Point","coordinates":[100.47839999979466,13.706449999843729],"crs":null},"id":296,"type":"Feature","properties":{"wl_in":null,"water_count":1,"code":"WL.WSV.01","district":"ธนบุรี","latitude":13.70645,"name":"ค.วัดสุทธาวาส-ซ.เทอดไท 33","wl_out01":null,"wl_out02":null,"river":"คลองสุทธาวาส","objectid":296,"longitude":100.4784}},{"geometry":{"type":"Point","coordinates":[100.63958999960629,13.68033000031814],"crs":null},"id":297,"type":"Feature","properties":{"wl_in":null,"water_count":1,"code":"WL.KKD.04","district":"พระโขนง","latitude":13.68033,"name":"ค.เคล็ด-ซ.เปรมฤทัย 20","wl_out01":null,"wl_out02":null,"river":"คลองเคล็ด","objectid":297,"longitude":100.63959}}],"type":"FeatureCollection","properties":{"exceededTransferLimit":false}}